seed,deletion_rate,method,timestamp,query_count,threshold,pool_score_count,pool_span_blocks,selected_half_life,coverage,mean_size,median_size,p90_size,extra_delay_blocks
17,0,static,292,730,14.88379383,11270,22,,0.8835616438,3438.8,1730.5,7128,0
17,0,rolling,292,730,14.94489861,1000,3,,0.8863013699,3455.908219,1845.5,7128,0
17,0,static,292,730,14.88379383,11270,22,,0.8835616438,3438.8,1730.5,7128,1
17,0,rolling,292,730,14.94489861,1000,3,,0.8863013699,3455.908219,1845.5,7128,1
17,0,static,292,730,14.88379383,11270,22,,0.8835616438,3438.8,1730.5,7128,3
17,0,rolling,292,730,14.94489861,1000,3,,0.8863013699,3455.908219,1845.5,7128,3
17,0,static,292,730,14.88379383,11270,22,,0.8835616438,3438.8,1730.5,7128,7
17,0,rolling,292,730,14.94489861,1000,3,,0.8863013699,3455.908219,1845.5,7128,7
17,0,static,293,658,14.88379383,12000,23,,0.9164133739,3622.474164,4290,7128,0
17,0,rolling,293,658,15.21575308,1000,2,,0.9209726444,3731.153495,4828.5,7128,0
17,0,static,293,658,14.88379383,11270,23,,0.9164133739,3622.474164,4290,7128,1
17,0,rolling,293,658,14.94489861,1000,4,,0.9179331307,3639.047112,4412,7128,1
17,0,static,293,658,14.88379383,11270,23,,0.9164133739,3622.474164,4290,7128,3
17,0,rolling,293,658,14.94489861,1000,4,,0.9179331307,3639.047112,4412,7128,3
17,0,static,293,658,14.88379383,11270,23,,0.9164133739,3622.474164,4290,7128,7
17,0,rolling,293,658,14.94489861,1000,4,,0.9179331307,3639.047112,4412,7128,7
17,0,static,294,618,14.88379383,12658,24,,0.8446601942,3417.985437,1522,7128,0
17,0,rolling,294,618,15.27624702,1000,2,,0.857605178,3544.414239,2904,7128,0
17,0,static,294,618,14.88379383,12000,24,,0.8446601942,3417.985437,1522,7128,1
17,0,rolling,294,618,15.21575308,1000,3,,0.855987055,3522.220065,2200,7128,1
17,0,static,294,618,14.88379383,11270,24,,0.8446601942,3417.985437,1522,7128,3
17,0,rolling,294,618,14.94489861,1000,5,,0.8446601942,3437.449838,1592,7128,3
17,0,static,294,618,14.88379383,11270,24,,0.8446601942,3417.985437,1522,7128,7
17,0,rolling,294,618,14.94489861,1000,5,,0.8446601942,3437.449838,1592,7128,7
17,0,static,295,666,14.88379383,13276,25,,0.8858858859,3323.768769,1422,7128,0
17,0,rolling,295,666,16.07439041,1000,2,,0.9114114114,3790.058559,4484,7128,0
17,0,static,295,666,14.88379383,12658,25,,0.8858858859,3323.768769,1422,7128,1
17,0,rolling,295,666,15.27624702,1000,3,,0.8903903904,3484.151652,1892.5,7128,1
17,0,static,295,666,14.88379383,11270,25,,0.8858858859,3323.768769,1422,7128,3
17,0,rolling,295,666,14.94489861,1000,6,,0.8888888889,3345.563063,1453,7128,3
17,0,static,295,666,14.88379383,11270,25,,0.8858858859,3323.768769,1422,7128,7
17,0,rolling,295,666,14.94489861,1000,6,,0.8888888889,3345.563063,1453,7128,7
17,0,static,296,516,14.88379383,13942,26,,0.8410852713,3292.841085,1293.5,7128,0
17,0,rolling,296,516,16.17732906,1000,2,,0.8662790698,3723.532946,4641.5,7128,0
17,0,static,296,516,14.88379383,13276,26,,0.8410852713,3292.841085,1293.5,7128,1
17,0,rolling,296,516,16.07439041,1000,3,,0.8662790698,3688.081395,4447,7128,1
17,0,static,296,516,14.88379383,12000,26,,0.8410852713,3292.841085,1293.5,7128,3
17,0,rolling,296,516,15.21575308,1000,5,,0.8488372093,3402.195736,1629,7128,3
17,0,static,296,516,14.88379383,11270,26,,0.8410852713,3292.841085,1293.5,7128,7
17,0,rolling,296,516,14.94489861,1000,7,,0.8449612403,3309.391473,1334,7128,7
17,0,static,297,292,14.88379383,14458,27,,0.8287671233,2715.373288,474,7128,0
17,0,rolling,297,292,16.52709749,1000,2,,0.8767123288,3215.25,1230,7128,0
17,0,static,297,292,14.88379383,13942,27,,0.8287671233,2715.373288,474,7128,1
17,0,rolling,297,292,16.17732906,1000,3,,0.8732876712,3130.219178,909,7128,1
17,0,static,297,292,14.88379383,12658,27,,0.8287671233,2715.373288,474,7128,3
17,0,rolling,297,292,15.27624702,1000,5,,0.8390410959,2851.482877,566.5,7128,3
17,0,static,297,292,14.88379383,11270,27,,0.8287671233,2715.373288,474,7128,7
17,0,rolling,297,292,14.94489861,1000,8,,0.8287671233,2738.339041,487.5,7128,7
17,0,static,298,252,14.88379383,14750,28,,0.8611111111,2891.281746,635.5,7128,0
17,0,rolling,298,252,17.46262169,1000,3,,0.9404761905,3767.376984,4760,7128,0
17,0,static,298,252,14.88379383,14458,28,,0.8611111111,2891.281746,635.5,7128,1
17,0,rolling,298,252,16.52709749,1000,3,,0.9126984127,3496.444444,1791.5,7128,1
17,0,static,298,252,14.88379383,13276,28,,0.8611111111,2891.281746,635.5,7128,3
17,0,rolling,298,252,16.07439041,1000,5,,0.9007936508,3356.388889,1262.5,7128,3
17,0,static,298,252,14.88379383,11270,28,,0.8611111111,2891.281746,635.5,7128,7
17,0,rolling,298,252,14.94489861,1000,9,,0.8611111111,2909.777778,661.5,7128,7
17,0,static,299,702,14.88379383,15002,29,,0.8646723647,3159.254986,949.5,7128,0
17,0,rolling,299,702,16.71952009,1000,3,,0.8945868946,3718.659544,4939.5,7128,0
17,0,static,299,702,14.88379383,14750,29,,0.8646723647,3159.254986,949.5,7128,1
17,0,rolling,299,702,17.46262169,1000,4,,0.9017094017,3909.719373,6216,7128,1
17,0,static,299,702,14.88379383,13942,29,,0.8646723647,3159.254986,949.5,7128,3
17,0,rolling,299,702,16.17732906,1000,5,,0.8874643875,3567.915954,3928,7128,3
17,0,static,299,702,14.88379383,11270,29,,0.8646723647,3159.254986,949.5,7128,7
17,0,rolling,299,702,14.94489861,1000,10,,0.8646723647,3180.656695,976,7128,7
17,0,static,300,664,14.88379383,15704,30,,0.8539156627,3239.135542,1098,7128,0
17,0,rolling,300,664,16.71952009,1000,3,,0.8915662651,3812.518072,4717.5,7128,0
17,0,static,300,664,14.88379383,15002,30,,0.8539156627,3239.135542,1098,7128,1
17,0,rolling,300,664,16.71952009,1000,4,,0.8915662651,3812.518072,4717.5,7128,1
17,0,static,300,664,14.88379383,14458,30,,0.8539156627,3239.135542,1098,7128,3
17,0,rolling,300,664,16.52709749,1000,5,,0.890060241,3748.816265,4368,7128,3
17,0,static,300,664,14.88379383,12000,30,,0.8539156627,3239.135542,1098,7128,7
17,0,rolling,300,664,15.21575308,1000,9,,0.8674698795,3332.896084,1315,7128,7
17,0,static,301,616,14.88379383,16368,31,,0.8733766234,3525.556818,2039,7128,0
17,0,rolling,301,616,17.78324986,1000,2,,0.9172077922,4306.438312,7035.5,7128,0
17,0,static,301,616,14.88379383,15704,31,,0.8733766234,3525.556818,2039,7128,1
17,0,rolling,301,616,16.71952009,1000,4,,0.9025974026,4041.238636,6552,7128,1
17,0,static,301,616,14.88379383,14750,31,,0.8733766234,3525.556818,2039,7128,3
17,0,rolling,301,616,17.46262169,1000,6,,0.9107142857,4227.222403,6956,7128,3
17,0,static,301,616,14.88379383,12658,31,,0.8733766234,3525.556818,2039,7128,7
17,0,rolling,301,616,15.27624702,1000,9,,0.8798701299,3654.258117,4151.5,7128,7
17,0,static,302,570,14.88379383,16984,32,,0.8456140351,3074.280702,905,7128,0
17,0,rolling,302,570,17.00041509,1000,2,,0.8789473684,3682.270175,4176.5,7128,0
17,0,static,302,570,14.88379383,16368,32,,0.8456140351,3074.280702,905,7128,1
17,0,rolling,302,570,17.78324986,1000,3,,0.8877192982,3868.896491,5461,7128,1
17,0,static,302,570,14.88379383,15002,32,,0.8456140351,3074.280702,905,7128,3
17,0,rolling,302,570,16.71952009,1000,6,,0.8701754386,3610.663158,3830,7128,3
17,0,static,302,570,14.88379383,13276,32,,0.8456140351,3074.280702,905,7128,7
17,0,rolling,302,570,16.07439041,1000,9,,0.8596491228,3451.666667,1721,7128,7
17,0,static,303,542,14.88379383,17554,33,,0.8782287823,3177.479705,1198,7128,0
17,0,rolling,303,542,17.99513578,1000,2,,0.9169741697,4114.859779,6645,7128,0
17,0,static,303,542,14.88379383,16984,33,,0.8782287823,3177.479705,1198,7128,1
17,0,rolling,303,542,17.00041509,1000,3,,0.9003690037,3849.51476,5494.5,7128,1
17,0,static,303,542,14.88379383,15704,33,,0.8782287823,3177.479705,1198,7128,3
17,0,rolling,303,542,16.71952009,1000,6,,0.8948339483,3767.241697,4931.5,7128,3
17,0,static,303,542,14.88379383,13942,33,,0.8782287823,3177.479705,1198,7128,7
17,0,rolling,303,542,16.17732906,1000,9,,0.889298893,3609.638376,4021.5,7128,7
17,0,static,304,328,14.88379383,18096,34,,0.8567073171,2864.253049,657.5,7128,0
17,0,rolling,304,328,16.8095347,1000,2,,0.875,3446.737805,1935,7128,0
17,0,static,304,328,14.88379383,17554,34,,0.8567073171,2864.253049,657.5,7128,1
17,0,rolling,304,328,17.99513578,1000,3,,0.887195122,3779.658537,4897.5,7128,1
17,0,static,304,328,14.88379383,16368,34,,0.8567073171,2864.253049,657.5,7128,3
17,0,rolling,304,328,17.78324986,1000,5,,0.8841463415,3724.378049,4618,7128,3
17,0,static,304,328,14.88379383,14458,34,,0.8567073171,2864.253049,657.5,7128,7
17,0,rolling,304,328,16.52709749,1000,9,,0.875,3360.707317,1718,7128,7
17,0,static,305,328,14.88379383,18424,35,,0.868902439,2617.993902,626.5,7128,0
17,0,rolling,305,328,17.95536423,1000,3,,0.9298780488,3744.676829,4959.5,7128,0
17,0,static,305,328,14.88379383,18096,35,,0.868902439,2617.993902,626.5,7128,1
17,0,rolling,305,328,16.8095347,1000,3,,0.9024390244,3388.368902,1984.5,7128,1
17,0,static,305,328,14.88379383,16984,35,,0.868902439,2617.993902,626.5,7128,3
17,0,rolling,305,328,17.00041509,1000,5,,0.9146341463,3455.554878,2743,7128,3
17,0,static,305,328,14.88379383,14750,35,,0.868902439,2617.993902,626.5,7128,7
17,0,rolling,305,328,17.46262169,1000,10,,0.9268292683,3607.128049,4223,7128,7
17,0,static,306,582,14.88379383,18752,36,,0.8573883162,3002.790378,615,7128,0
17,0,rolling,306,582,17.18708611,1000,3,,0.8934707904,3601.572165,3610,7128,0
17,0,static,306,582,14.88379383,18424,36,,0.8573883162,3002.790378,615,7128,1
17,0,rolling,306,582,17.95536423,1000,4,,0.9003436426,3771.61512,4780.5,7128,1
17,0,static,306,582,14.88379383,17554,36,,0.8573883162,3002.790378,615,7128,3
17,0,rolling,306,582,17.99513578,1000,5,,0.9003436426,3779.458763,4853,7128,3
17,0,static,306,582,14.88379383,15002,36,,0.8573883162,3002.790378,615,7128,7
17,0,rolling,306,582,16.71952009,1000,10,,0.8900343643,3490.575601,1900.5,7128,7
17,0,static,307,588,14.88379383,19334,37,,0.8554421769,3129.464286,979,7128,0
17,0,rolling,307,588,17.34167004,1000,3,,0.8945578231,3885.569728,5737,7128,0
17,0,static,307,588,14.88379383,18752,37,,0.8554421769,3129.464286,979,7128,1
17,0,rolling,307,588,17.18708611,1000,4,,0.8945578231,3844.72619,5529,7128,1
17,0,static,307,588,14.88379383,18096,37,,0.8554421769,3129.464286,979,7128,3
17,0,rolling,307,588,16.8095347,1000,5,,0.8928571429,3725.482993,4831.5,7128,3
17,0,static,307,588,14.88379383,15704,37,,0.8554421769,3129.464286,979,7128,7
17,0,rolling,307,588,16.71952009,1000,10,,0.8928571429,3702.423469,4670.5,7128,7
17,0,static,308,562,14.88379383,19922,38,,0.8558718861,3186.637011,760.5,7128,0
17,0,rolling,308,562,17.65591836,1000,2,,0.8896797153,3876.619217,5825,7128,0
17,0,static,308,562,14.88379383,19334,38,,0.8558718861,3186.637011,760.5,7128,1
17,0,rolling,308,562,17.34167004,1000,4,,0.8879003559,3789.169039,5341.5,7128,1
17,0,static,308,562,14.88379383,18424,38,,0.8558718861,3186.637011,760.5,7128,3
17,0,rolling,308,562,17.95536423,1000,6,,0.8932384342,3943.254448,6196,7128,3
17,0,static,308,562,14.88379383,16368,38,,0.8558718861,3186.637011,760.5,7128,7
17,0,rolling,308,562,17.78324986,1000,9,,0.8914590747,3910.521352,5962.5,7128,7
17,0,static,309,626,14.88379383,20484,39,,0.8498402556,3258.803514,1157,7128,0
17,0,rolling,309,626,18.1419684,1000,2,,0.9073482428,4099.653355,6722.5,7128,0
17,0,static,309,626,14.88379383,19922,39,,0.8498402556,3258.803514,1157,7128,1
17,0,rolling,309,626,17.65591836,1000,3,,0.9041533546,4002.624601,6365,7128,1
17,0,static,309,626,14.88379383,18752,39,,0.8498402556,3258.803514,1157,7128,3
17,0,rolling,309,626,17.18708611,1000,6,,0.892971246,3896.341853,5769,7128,3
17,0,static,309,626,14.88379383,16984,39,,0.8498402556,3258.803514,1157,7128,7
17,0,rolling,309,626,17.00041509,1000,9,,0.892971246,3852.466454,5546,7128,7
17,0,static,310,620,14.88379383,21110,40,,0.8725806452,2570.264516,359,7128,0
17,0,rolling,310,620,17.70560127,1000,2,,0.9274193548,3490.183871,1984.5,7128,0
17,0,static,310,620,14.88379383,20484,40,,0.8725806452,2570.264516,359,7128,1
17,0,rolling,310,620,18.1419684,1000,3,,0.9419354839,3605.667742,4072,7128,1
17,0,static,310,620,14.88379383,19334,40,,0.8725806452,2570.264516,359,7128,3
17,0,rolling,310,620,17.34167004,1000,6,,0.9225806452,3395,1660,7128,3
17,0,static,310,620,14.88379383,17554,40,,0.8725806452,2570.264516,359,7128,7
17,0,rolling,310,620,17.99513578,1000,9,,0.935483871,3572.237097,3633,7128,7
17,0,static,311,438,14.88379383,21730,41,,0.8561643836,2261.034247,195.5,7128,0
17,0,rolling,311,438,16.87587738,1000,2,,0.901826484,2807.383562,516,7128,0
17,0,static,311,438,14.88379383,21110,41,,0.8561643836,2261.034247,195.5,7128,1
17,0,rolling,311,438,17.70560127,1000,3,,0.9200913242,3035.178082,732,7128,1
17,0,static,311,438,14.88379383,19922,41,,0.8561643836,2261.034247,195.5,7128,3
17,0,rolling,311,438,17.65591836,1000,5,,0.9200913242,3023.349315,716.5,7128,3
17,0,static,311,438,14.88379383,18096,41,,0.8561643836,2261.034247,195.5,7128,7
17,0,rolling,311,438,16.8095347,1000,9,,0.899543379,2793.739726,500.5,7128,7
17,0,static,312,460,14.88379383,22168,42,,0.8260869565,2116.504348,176.5,7128,0
17,0,rolling,312,460,16.40095425,1000,2,,0.8673913043,2580.363043,345,7128,0
17,0,static,312,460,14.88379383,21730,42,,0.8260869565,2116.504348,176.5,7128,1
17,0,rolling,312,460,16.87587738,1000,3,,0.8826086957,2745.413043,412,7128,1
17,0,static,312,460,14.88379383,20484,42,,0.8260869565,2116.504348,176.5,7128,3
17,0,rolling,312,460,18.1419684,1000,5,,0.902173913,3186.247826,726.5,7128,3
17,0,static,312,460,14.88379383,18424,42,,0.8260869565,2116.504348,176.5,7128,7
17,0,rolling,312,460,17.95536423,1000,10,,0.9,3125.045652,662,7128,7
17,0,static,313,794,14.88379383,22628,43,,0.8476070529,2354.982368,190.5,7128,0
17,0,rolling,313,794,17.4004364,1000,3,,0.8967254408,3049.808564,648,7128,0
17,0,static,313,794,14.88379383,22168,43,,0.8476070529,2354.982368,190.5,7128,1
17,0,rolling,313,794,16.40095425,1000,3,,0.8765743073,2757.764484,394,7128,1
17,0,static,313,794,14.88379383,21110,43,,0.8476070529,2354.982368,190.5,7128,3
17,0,rolling,313,794,17.70560127,1000,5,,0.9055415617,3137.109572,744,7128,3
17,0,static,313,794,14.88379383,18752,43,,0.8476070529,2354.982368,190.5,7128,7
17,0,rolling,313,794,17.18708611,1000,10,,0.8942065491,2990.453401,569.5,7128,7
17,0,static,314,678,14.88379383,23422,44,,0.8569321534,2610.240413,310.5,7128,0
17,0,rolling,314,678,17.77472782,1000,2,,0.8997050147,3436.085546,2038.5,7128,0
17,0,static,314,678,14.88379383,22628,44,,0.8569321534,2610.240413,310.5,7128,1
17,0,rolling,314,678,17.4004364,1000,4,,0.8923303835,3324.033923,1396.5,7128,1
17,0,static,314,678,14.88379383,21730,44,,0.8569321534,2610.240413,310.5,7128,3
17,0,rolling,314,678,16.87587738,1000,5,,0.883480826,3180.228614,893,7128,3
17,0,static,314,678,14.88379383,19334,44,,0.8569321534,2610.240413,310.5,7128,7
17,0,rolling,314,678,17.34167004,1000,10,,0.8923303835,3303.775811,1343.5,7128,7
17,0,static,315,774,14.88379383,24100,45,,0.8410852713,2536.711886,372,7128,0
17,0,rolling,315,774,18.27017021,1000,2,,0.8914728682,3581.959948,3873.5,7128,0
17,0,static,315,774,14.88379383,23422,45,,0.8410852713,2536.711886,372,7128,1
17,0,rolling,315,774,17.77472782,1000,3,,0.8863049096,3458.900517,1958,7128,1
17,0,static,315,774,14.88379383,22168,45,,0.8410852713,2536.711886,372,7128,3
17,0,rolling,315,774,16.40095425,1000,5,,0.8708010336,3044.931525,938,7128,3
17,0,static,315,774,14.88379383,19922,45,,0.8410852713,2536.711886,372,7128,7
17,0,rolling,315,774,17.65591836,1000,9,,0.8863049096,3420.598191,1850.5,7128,7
17,0,static,316,758,14.88379383,24874,46,,0.8522427441,2739.186016,786,7128,0
17,0,rolling,316,758,19.05775833,1000,2,,0.9182058047,4165.57124,6255.5,7128,0
17,0,static,316,758,14.88379383,24100,46,,0.8522427441,2739.186016,786,7128,1
17,0,rolling,316,758,18.27017021,1000,3,,0.9129287599,3960.118734,5486,7128,1
17,0,static,316,758,14.88379383,22628,46,,0.8522427441,2739.186016,786,7128,3
17,0,rolling,316,758,17.4004364,1000,6,,0.9036939314,3662.936675,4142,7128,3
17,0,static,316,758,14.88379383,20484,46,,0.8522427441,2739.186016,786,7128,7
17,0,rolling,316,758,18.1419684,1000,9,,0.9116094987,3917.328496,5319,7128,7
17,0,static,317,630,14.88379383,25632,47,,0.8380952381,2205.734921,178.5,7128,0
17,0,rolling,317,630,17.81591392,1000,2,,0.8873015873,3131.17619,983.5,7128,0
17,0,static,317,630,14.88379383,24874,47,,0.8380952381,2205.734921,178.5,7128,1
17,0,rolling,317,630,19.05775833,1000,3,,0.9031746032,3485.287302,1928.5,7128,1
17,0,static,317,630,14.88379383,23422,47,,0.8380952381,2205.734921,178.5,7128,3
17,0,rolling,317,630,17.77472782,1000,5,,0.8873015873,3118.195238,969,7128,3
17,0,static,317,630,14.88379383,21110,47,,0.8380952381,2205.734921,178.5,7128,7
17,0,rolling,317,630,17.70560127,1000,9,,0.8857142857,3099.365079,945.5,7128,7
17,0,static,318,342,14.88379383,26262,48,,0.8362573099,2292.160819,146,7128,0
17,0,rolling,318,342,19.09903145,1000,2,,0.9152046784,3348.853801,1274.5,7128,0
17,0,static,318,342,14.88379383,25632,48,,0.8362573099,2292.160819,146,7128,1
17,0,rolling,318,342,17.81591392,1000,3,,0.9005847953,2984.333333,602.5,7128,1
17,0,static,318,342,14.88379383,24100,48,,0.8362573099,2292.160819,146,7128,3
17,0,rolling,318,342,18.27017021,1000,5,,0.9005847953,3146.859649,743.5,7128,3
17,0,static,318,342,14.88379383,21730,48,,0.8362573099,2292.160819,146,7128,7
17,0,rolling,318,342,16.87587738,1000,9,,0.8771929825,2734.55848,364.5,7128,7
17,0,static,319,324,14.88379383,26604,49,,0.8641975309,2401.58642,310,7128,0
17,0,rolling,319,324,18.77629185,1000,3,,0.9197530864,3548.537037,2450.5,7128,0
17,0,static,319,324,14.88379383,26262,49,,0.8641975309,2401.58642,310,7128,1
17,0,rolling,319,324,19.09903145,1000,3,,0.9228395062,3638.441358,4248.5,7128,1
17,0,static,319,324,14.88379383,24874,49,,0.8641975309,2401.58642,310,7128,3
17,0,rolling,319,324,19.05775833,1000,5,,0.9228395062,3626.691358,4160.5,7128,3
17,0,static,319,324,14.88379383,22168,49,,0.8641975309,2401.58642,310,7128,7
17,0,rolling,319,324,16.40095425,1000,9,,0.8919753086,2809.873457,645,7128,7
17,0,static,320,736,14.88379383,26928,50,,0.8288043478,2931.368207,550,7128,0
17,0,rolling,320,736,18.65745962,1000,3,,0.8967391304,3938.427989,6346.5,7128,0
17,0,static,320,736,14.88379383,26604,50,,0.8288043478,2931.368207,550,7128,1
17,0,rolling,320,736,18.77629185,1000,4,,0.8994565217,3969.240489,6477.5,7128,1
17,0,static,320,736,14.88379383,25632,50,,0.8288043478,2931.368207,550,7128,3
17,0,rolling,320,736,17.81591392,1000,5,,0.8804347826,3749.03125,5170,7128,3
17,0,static,320,736,14.88379383,22628,50,,0.8288043478,2931.368207,550,7128,7
17,0,rolling,320,736,17.4004364,1000,10,,0.8777173913,3640.192935,4412.5,7128,7
17,0,static,321,680,14.88379383,27664,51,,0.8514705882,2767.129412,564,7128,0
17,0,rolling,321,680,18.42174265,1000,2,,0.9220588235,3936.738235,5900.5,7128,0
17,0,static,321,680,14.88379383,26928,51,,0.8514705882,2767.129412,564,7128,1
17,0,rolling,321,680,18.65745962,1000,4,,0.9220588235,4008.961765,6184.5,7128,1
17,0,static,321,680,14.88379383,26262,51,,0.8514705882,2767.129412,564,7128,3
17,0,rolling,321,680,19.09903145,1000,5,,0.9235294118,4124.720588,6631,7128,3
17,0,static,321,680,14.88379383,23422,51,,0.8514705882,2767.129412,564,7128,7
17,0,rolling,321,680,17.77472782,1000,9,,0.9176470588,3732.194118,4720,7128,7
17,0,static,322,668,14.88379383,28344,52,,0.8443113772,2926.333832,626.5,7128,0
17,0,rolling,322,668,18.3113308,1000,2,,0.9221556886,3970.371257,5976,7128,0
17,0,static,322,668,14.88379383,27664,52,,0.8443113772,2926.333832,626.5,7128,1
17,0,rolling,322,668,18.42174265,1000,3,,0.9221556886,4002.124251,6095,7128,1
17,0,static,322,668,14.88379383,26604,52,,0.8443113772,2926.333832,626.5,7128,3
17,0,rolling,322,668,18.77629185,1000,6,,0.9281437126,4091.068862,6422.5,7128,3
17,0,static,322,668,14.88379383,24100,52,,0.8443113772,2926.333832,626.5,7128,7
17,0,rolling,322,668,18.27017021,1000,9,,0.9221556886,3956.508982,5932,7128,7
17,0,static,323,668,14.88379383,29012,53,,0.8173652695,2727.217066,664.5,7128,0
17,0,rolling,323,668,17.26950002,1000,2,,0.875748503,3573.005988,3986,7128,0
17,0,static,323,668,14.88379383,28344,53,,0.8173652695,2727.217066,664.5,7128,1
17,0,rolling,323,668,18.3113308,1000,3,,0.8922155689,3843.866766,5335.5,7128,1
17,0,static,323,668,14.88379383,26928,53,,0.8173652695,2727.217066,664.5,7128,3
17,0,rolling,323,668,18.65745962,1000,6,,0.9071856287,3932.968563,5777,7128,3
17,0,static,323,668,14.88379383,24874,53,,0.8173652695,2727.217066,664.5,7128,7
17,0,rolling,323,668,19.05775833,1000,9,,0.9131736527,4027.821856,6162,7128,7
17,0,static,324,796,14.88379383,29680,54,,0.7977386935,2557.997487,304.5,7128,0
17,0,rolling,324,796,18.56366777,1000,2,,0.8894472362,3485.875628,1942,7128,0
17,0,static,324,796,14.88379383,29012,54,,0.7977386935,2557.997487,304.5,7128,1
17,0,rolling,324,796,17.26950002,1000,3,,0.8592964824,3172.777638,1014,7128,1
17,0,static,324,796,14.88379383,27664,54,,0.7977386935,2557.997487,304.5,7128,3
17,0,rolling,324,796,18.42174265,1000,5,,0.8881909548,3448.93593,1831.5,7128,3
17,0,static,324,796,14.88379383,25632,54,,0.7977386935,2557.997487,304.5,7128,7
17,0,rolling,324,796,17.81591392,1000,9,,0.8768844221,3299.16206,1346,7128,7
17,0,static,325,398,14.88379383,30476,55,,0.7688442211,2533.251256,168,7128,0
17,0,rolling,325,398,18.85798836,1000,2,,0.8969849246,3427.550251,1483,7128,0
17,0,static,325,398,14.88379383,29680,55,,0.7688442211,2533.251256,168,7128,1
17,0,rolling,325,398,18.56366777,1000,3,,0.891959799,3362.253769,1221.5,7128,1
17,0,static,325,398,14.88379383,28344,55,,0.7688442211,2533.251256,168,7128,3
17,0,rolling,325,398,18.3113308,1000,5,,0.8844221106,3309.515075,1040,7128,3
17,0,static,325,398,14.88379383,26262,55,,0.7688442211,2533.251256,168,7128,7
17,0,rolling,325,398,19.09903145,1000,9,,0.9020100503,3487.61809,1760.5,7128,7
17,0,static,326,422,14.88379383,30874,56,,0.7701421801,1929.654028,105,7128,0
17,0,rolling,326,422,18.47715044,1000,2,,0.8767772512,2734.817536,346,7128,0
17,0,static,326,422,14.88379383,30476,56,,0.7701421801,1929.654028,105,7128,1
17,0,rolling,326,422,18.85798836,1000,3,,0.8886255924,2823.919431,393.5,7128,1
17,0,static,326,422,14.88379383,29012,56,,0.7701421801,1929.654028,105,7128,3
17,0,rolling,326,422,17.26950002,1000,5,,0.8293838863,2448.327014,238,7128,3
17,0,static,326,422,14.88379383,26604,56,,0.7701421801,1929.654028,105,7128,7
17,0,rolling,326,422,18.77629185,1000,10,,0.8886255924,2806.78673,380.5,7128,7
17,0,static,327,738,14.88379383,31296,57,,0.8021680217,2524.928184,293.5,7128,0
17,0,rolling,327,738,19.39013481,1000,3,,0.9078590786,3673.224932,4321.5,7128,0
17,0,static,327,738,14.88379383,30874,57,,0.8021680217,2524.928184,293.5,7128,1
17,0,rolling,327,738,18.47715044,1000,3,,0.8943089431,3418.265583,1787.5,7128,1
17,0,static,327,738,14.88379383,29680,57,,0.8021680217,2524.928184,293.5,7128,3
17,0,rolling,327,738,18.56366777,1000,5,,0.8970189702,3447.945799,1849.5,7128,3
17,0,static,327,738,14.88379383,26928,57,,0.8021680217,2524.928184,293.5,7128,7
17,0,rolling,327,738,18.65745962,1000,10,,0.8997289973,3478.03794,1990,7128,7
17,0,static,328,600,14.88379383,32034,58,,0.8183333333,2588.966667,389,7128,0
17,0,rolling,328,600,18.77626848,1000,2,,0.8933333333,3826.738333,5582.5,7128,0
17,0,static,328,600,14.88379383,31296,58,,0.8183333333,2588.966667,389,7128,1
17,0,rolling,328,600,19.39013481,1000,4,,0.9,3987.456667,6346,7128,1
17,0,static,328,600,14.88379383,30476,58,,0.8183333333,2588.966667,389,7128,3
17,0,rolling,328,600,18.85798836,1000,5,,0.8933333333,3847.025,5677.5,7128,3
17,0,static,328,600,14.88379383,27664,58,,0.8183333333,2588.966667,389,7128,7
17,0,rolling,328,600,18.42174265,1000,9,,0.8916666667,3714.605,4870.5,7128,7
17,0,static,329,684,14.88379383,32634,59,,0.831871345,2690.596491,432,7128,0
17,0,rolling,329,684,20.07390404,1000,2,,0.9210526316,4251.571637,6826.5,7128,0
17,0,static,329,684,14.88379383,32034,59,,0.831871345,2690.596491,432,7128,1
17,0,rolling,329,684,18.77626848,1000,3,,0.9093567251,3861.880117,5454,7128,1
17,0,static,329,684,14.88379383,30874,59,,0.831871345,2690.596491,432,7128,3
17,0,rolling,329,684,18.47715044,1000,5,,0.9049707602,3772.773392,4950.5,7128,3
17,0,static,329,684,14.88379383,28344,59,,0.831871345,2690.596491,432,7128,7
17,0,rolling,329,684,18.3113308,1000,9,,0.9005847953,3729.001462,4595,7128,7
17,0,static,330,640,14.88379383,33318,60,,0.8296875,2539.404687,386.5,7128,0
17,0,rolling,330,640,18.4741168,1000,2,,0.9125,3663.63125,4602,7128,0
17,0,static,330,640,14.88379383,32634,60,,0.8296875,2539.404687,386.5,7128,1
17,0,rolling,330,640,20.07390404,1000,3,,0.9265625,4159.126562,6567,7128,1
17,0,static,330,640,14.88379383,31296,60,,0.8296875,2539.404687,386.5,7128,3
17,0,rolling,330,640,19.39013481,1000,6,,0.925,3943.234375,5967,7128,3
17,0,static,330,640,14.88379383,29012,60,,0.8296875,2539.404687,386.5,7128,7
17,0,rolling,330,640,17.26950002,1000,9,,0.8859375,3289.31875,1539.5,7128,7
17,0,static,331,506,14.88379383,33958,61,,0.837944664,2670.353755,290,7128,0
17,0,rolling,331,506,18.19311142,1000,2,,0.9051383399,3682.711462,4461.5,7128,0
17,0,static,331,506,14.88379383,33318,61,,0.837944664,2670.353755,290,7128,1
17,0,rolling,331,506,18.4741168,1000,3,,0.9110671937,3767.507905,4903,7128,1
17,0,static,331,506,14.88379383,32034,61,,0.837944664,2670.353755,290,7128,3
17,0,rolling,331,506,18.77626848,1000,5,,0.918972332,3855.233202,5506,7128,3
17,0,static,331,506,14.88379383,29680,61,,0.837944664,2670.353755,290,7128,7
17,0,rolling,331,506,18.56366777,1000,9,,0.9110671937,3791.268775,5044,7128,7
17,0,static,332,318,14.88379383,34464,62,,0.8427672956,2538.18239,252.5,7128,0
17,0,rolling,332,318,17.76044473,1000,2,,0.9213836478,3277.235849,1010.5,7128,0
17,0,static,332,318,14.88379383,33958,62,,0.8427672956,2538.18239,252.5,7128,1
17,0,rolling,332,318,18.19311142,1000,3,,0.927672956,3375.896226,1242,7128,1
17,0,static,332,318,14.88379383,32634,62,,0.8427672956,2538.18239,252.5,7128,3
17,0,rolling,332,318,20.07390404,1000,5,,0.9371069182,3798.342767,5508,7128,3
17,0,static,332,318,14.88379383,30476,62,,0.8427672956,2538.18239,252.5,7128,7
17,0,rolling,332,318,18.85798836,1000,9,,0.9339622642,3513.644654,2049,7128,7
17,0,static,333,342,14.88379383,34782,63,,0.8187134503,2481.236842,253,7128,0
17,0,rolling,333,342,17.38910007,1000,3,,0.8625730994,3134.309942,1047,7128,0
17,0,static,333,342,14.88379383,34464,63,,0.8187134503,2481.236842,253,7128,1
17,0,rolling,333,342,17.76044473,1000,3,,0.8684210526,3260.230994,1332.5,7128,1
17,0,static,333,342,14.88379383,33318,63,,0.8187134503,2481.236842,253,7128,3
17,0,rolling,333,342,18.4741168,1000,5,,0.8801169591,3475.839181,2004.5,7128,3
17,0,static,333,342,14.88379383,30874,63,,0.8187134503,2481.236842,253,7128,7
17,0,rolling,333,342,18.47715044,1000,9,,0.8801169591,3476.622807,2007,7128,7
17,0,static,334,700,14.88379383,35124,64,,0.84,2524.99,303,7128,0
17,0,rolling,334,700,17.80807018,1000,3,,0.8957142857,3423.921429,1926,7128,0
17,0,static,334,700,14.88379383,34782,64,,0.84,2524.99,303,7128,1
17,0,rolling,334,700,17.38910007,1000,4,,0.8914285714,3292.197143,1484.5,7128,1
17,0,static,334,700,14.88379383,33958,64,,0.84,2524.99,303,7128,3
17,0,rolling,334,700,18.19311142,1000,5,,0.9014285714,3535.345714,3493.5,7128,3
17,0,static,334,700,14.88379383,31296,64,,0.84,2524.99,303,7128,7
17,0,rolling,334,700,19.39013481,1000,10,,0.92,3845.071429,5697,7128,7
17,0,static,335,656,14.88379383,35824,65,,0.824695122,2572.167683,327,7128,0
17,0,rolling,335,656,18.69903874,1000,2,,0.8948170732,3627.73628,4135.5,7128,0
17,0,static,335,656,14.88379383,35124,65,,0.824695122,2572.167683,327,7128,1
17,0,rolling,335,656,17.80807018,1000,4,,0.8841463415,3422.410061,1667,7128,1
17,0,static,335,656,14.88379383,34464,65,,0.824695122,2572.167683,327,7128,3
17,0,rolling,335,656,17.76044473,1000,5,,0.8841463415,3410.182927,1616,7128,3
17,0,static,335,656,14.88379383,32034,65,,0.824695122,2572.167683,327,7128,7
17,0,rolling,335,656,18.77626848,1000,9,,0.8948170732,3644.582317,4226,7128,7
17,0,static,336,632,14.88379383,36480,66,,0.7958860759,2574.681962,301.5,7128,0
17,0,rolling,336,632,19.39777493,1000,2,,0.8955696203,3725.566456,4282,7128,0
17,0,static,336,632,14.88379383,35824,66,,0.7958860759,2574.681962,301.5,7128,1
17,0,rolling,336,632,18.69903874,1000,3,,0.8844936709,3577.43038,2087,7128,1
17,0,static,336,632,14.88379383,34782,66,,0.7958860759,2574.681962,301.5,7128,3
17,0,rolling,336,632,17.38910007,1000,6,,0.8575949367,3316.196203,1026,7128,3
17,0,static,336,632,14.88379383,32634,66,,0.7958860759,2574.681962,301.5,7128,7
17,0,rolling,336,632,20.07390404,1000,9,,0.9066455696,3880.625,5371.5,7128,7
17,0,static,337,552,14.88379383,37112,67,,0.8242753623,2469.802536,291.5,7128,0
17,0,rolling,337,552,19.49459094,1000,2,,0.9076086957,3724.311594,4854.5,7128,0
17,0,static,337,552,14.88379383,36480,67,,0.8242753623,2469.802536,291.5,7128,1
17,0,rolling,337,552,19.39777493,1000,3,,0.9076086957,3699.177536,4722.5,7128,1
17,0,static,337,552,14.88379383,35124,67,,0.8242753623,2469.802536,291.5,7128,3
17,0,rolling,337,552,17.80807018,1000,6,,0.902173913,3315.356884,1245,7128,3
17,0,static,337,552,14.88379383,33318,67,,0.8242753623,2469.802536,291.5,7128,7
17,0,rolling,337,552,18.4741168,1000,9,,0.902173913,3478.007246,1895.5,7128,7
17,0,static,338,496,14.88379383,37664,68,,0.7983870968,2522.917339,307,7128,0
17,0,rolling,338,496,19.77782154,1000,2,,0.9112903226,3858.054435,5428,7128,0
17,0,static,338,496,14.88379383,37112,68,,0.7983870968,2522.917339,307,7128,1
17,0,rolling,338,496,19.49459094,1000,3,,0.9052419355,3787.457661,5026,7128,1
17,0,static,338,496,14.88379383,35824,68,,0.7983870968,2522.917339,307,7128,3
17,0,rolling,338,496,18.69903874,1000,5,,0.8911290323,3606.280242,4206.5,7128,3
17,0,static,338,496,14.88379383,33958,68,,0.7983870968,2522.917339,307,7128,7
17,0,rolling,338,496,18.19311142,1000,9,,0.8850806452,3493.510081,2094,7128,7
17,0,static,339,328,14.88379383,38160,69,,0.8262195122,1944.307927,194,7128,0
17,0,rolling,339,328,18.59902287,1000,2,,0.8993902439,3078.89939,1107,7128,0
17,0,static,339,328,14.88379383,37664,69,,0.8262195122,1944.307927,194,7128,1
17,0,rolling,339,328,19.77782154,1000,3,,0.9207317073,3482.881098,2193.5,7128,1
17,0,static,339,328,14.88379383,36480,69,,0.8262195122,1944.307927,194,7128,3
17,0,rolling,339,328,19.39777493,1000,5,,0.9146341463,3356.695122,1717.5,7128,3
17,0,static,339,328,14.88379383,34464,69,,0.8262195122,1944.307927,194,7128,7
17,0,rolling,339,328,17.76044473,1000,9,,0.8780487805,2821.993902,793.5,7128,7
17,0,static,340,328,14.88379383,38488,70,,0.8048780488,2291.52439,163.5,7128,0
17,0,rolling,340,328,19.30199236,1000,3,,0.9085365854,3495.509146,1945.5,7128,0
17,0,static,340,328,14.88379383,38160,70,,0.8048780488,2291.52439,163.5,7128,1
17,0,rolling,340,328,18.59902287,1000,3,,0.9024390244,3264.307927,1332,7128,1
17,0,static,340,328,14.88379383,37112,70,,0.8048780488,2291.52439,163.5,7128,3
17,0,rolling,340,328,19.49459094,1000,5,,0.9115853659,3548.792683,2313.5,7128,3
17,0,static,340,328,14.88379383,34782,70,,0.8048780488,2291.52439,163.5,7128,7
17,0,rolling,340,328,17.38910007,1000,10,,0.8719512195,2902.22561,675,7128,7
17,0,static,341,576,14.88379383,38816,71,,0.8142361111,2510.987847,306.5,7128,0
17,0,rolling,341,576,18.97982454,1000,3,,0.8888888889,3638.114583,4338.5,7128,0
17,0,static,341,576,14.88379383,38488,71,,0.8142361111,2510.987847,306.5,7128,1
17,0,rolling,341,576,19.30199236,1000,4,,0.8993055556,3712.157986,4737,7128,1
17,0,static,341,576,14.88379383,37664,71,,0.8142361111,2510.987847,306.5,7128,3
17,0,rolling,341,576,19.77782154,1000,5,,0.90625,3814.277778,5437.5,7128,3
17,0,static,341,576,14.88379383,35124,71,,0.8142361111,2510.987847,306.5,7128,7
17,0,rolling,341,576,17.80807018,1000,10,,0.8680555556,3350.864583,1652,7128,7
17,0,static,342,636,14.88379383,39392,72,,0.8317610063,2500.504717,245,7128,0
17,0,rolling,342,636,19.18696982,1000,3,,0.8977987421,3601.974843,4027,7128,0
17,0,static,342,636,14.88379383,38816,72,,0.8317610063,2500.504717,245,7128,1
17,0,rolling,342,636,18.97982454,1000,4,,0.8946540881,3539.36478,2433.5,7128,1
17,0,static,342,636,14.88379383,38160,72,,0.8317610063,2500.504717,245,7128,3
17,0,rolling,342,636,18.59902287,1000,5,,0.8899371069,3434.13522,1725,7128,3
17,0,static,342,636,14.88379383,35824,72,,0.8317610063,2500.504717,245,7128,7
17,0,rolling,342,636,18.69903874,1000,9,,0.893081761,3461.078616,1810.5,7128,7
17,0,static,343,642,14.88379383,40028,73,,0.8130841121,2789.88162,590,7128,0
17,0,rolling,343,642,20.34692907,1000,2,,0.8971962617,4403.133956,6967.5,7128,0
17,0,static,343,642,14.88379383,39392,73,,0.8130841121,2789.88162,590,7128,1
17,0,rolling,343,642,19.18696982,1000,4,,0.8707165109,4116.342679,6421.5,7128,1
17,0,static,343,642,14.88379383,38488,73,,0.8130841121,2789.88162,590,7128,3
17,0,rolling,343,642,19.30199236,1000,6,,0.8738317757,4147.538941,6520.5,7128,3
17,0,static,343,642,14.88379383,36480,73,,0.8130841121,2789.88162,590,7128,7
17,0,rolling,343,642,19.39777493,1000,9,,0.8785046729,4176.459502,6593,7128,7
17,0,static,344,650,14.88379383,40670,74,,0.7907692308,2484.272308,186.5,7128,0
17,0,rolling,344,650,20.06521654,1000,2,,0.8753846154,3702.224615,4410.5,7128,0
17,0,static,344,650,14.88379383,40028,74,,0.7907692308,2484.272308,186.5,7128,1
17,0,rolling,344,650,20.34692907,1000,3,,0.8784615385,3779.381538,4830,7128,1
17,0,static,344,650,14.88379383,38816,74,,0.7907692308,2484.272308,186.5,7128,3
17,0,rolling,344,650,18.97982454,1000,6,,0.8630769231,3442.921538,1543.5,7128,3
17,0,static,344,650,14.88379383,37112,74,,0.7907692308,2484.272308,186.5,7128,7
17,0,rolling,344,650,19.49459094,1000,9,,0.8661538462,3566.435385,2294.5,7128,7
17,0,static,345,586,14.88379383,41320,75,,0.8412969283,2923.680887,458,7128,0
17,0,rolling,345,586,21.98911762,1000,2,,0.9146757679,4466.44198,7120,7128,0
17,0,static,345,586,14.88379383,40670,75,,0.8412969283,2923.680887,458,7128,1
17,0,rolling,345,586,20.06521654,1000,3,,0.8890784983,4059.935154,6885,7128,1
17,0,static,345,586,14.88379383,39392,75,,0.8412969283,2923.680887,458,7128,3
17,0,rolling,345,586,19.18696982,1000,6,,0.8873720137,3902.122867,6269.5,7128,3
17,0,static,345,586,14.88379383,37664,75,,0.8412969283,2923.680887,458,7128,7
17,0,rolling,345,586,19.77782154,1000,9,,0.8890784983,4007.658703,6744.5,7128,7
17,0,static,346,224,14.88379383,41906,76,,0.8169642857,1717.767857,98.5,7128,0
17,0,rolling,346,224,21.27283764,1000,2,,0.8973214286,3074.174107,986.5,7128,0
17,0,static,346,224,14.88379383,41320,76,,0.8169642857,1717.767857,98.5,7128,1
17,0,rolling,346,224,21.98911762,1000,3,,0.90625,3244.785714,1409,7128,1
17,0,static,346,224,14.88379383,40028,76,,0.8169642857,1717.767857,98.5,7128,3
17,0,rolling,346,224,20.34692907,1000,5,,0.8839285714,2823.008929,712,7128,3
17,0,static,346,224,14.88379383,38160,76,,0.8169642857,1717.767857,98.5,7128,7
17,0,rolling,346,224,18.59902287,1000,9,,0.8794642857,2393.933036,365,7128,7
17,0,static,347,306,14.88379383,42130,77,,0.8202614379,1940.562092,68,7128,0
17,0,rolling,347,306,20.90618801,1000,3,,0.9183006536,3127.568627,674,7128,0
17,0,static,347,306,14.88379383,41906,77,,0.8202614379,1940.562092,68,7128,1
17,0,rolling,347,306,21.27283764,1000,3,,0.9215686275,3190.326797,743.5,7128,1
17,0,static,347,306,14.88379383,40670,77,,0.8202614379,1940.562092,68,7128,3
17,0,rolling,347,306,20.06521654,1000,5,,0.9117647059,2936.333333,473.5,7128,3
17,0,static,347,306,14.88379383,38488,77,,0.8202614379,1940.562092,68,7128,7
17,0,rolling,347,306,19.30199236,1000,10,,0.9052287582,2736.689542,343.5,7128,7
17,0,static,348,714,14.88379383,42436,78,,0.81232493,2405.488796,172.5,7128,0
17,0,rolling,348,714,20.48925805,1000,3,,0.9047619048,3723.560224,4455,7128,0
17,0,static,348,714,14.88379383,42130,78,,0.81232493,2405.488796,172.5,7128,1
17,0,rolling,348,714,20.90618801,1000,4,,0.9089635854,3818.915966,4972.5,7128,1
17,0,static,348,714,14.88379383,41320,78,,0.81232493,2405.488796,172.5,7128,3
17,0,rolling,348,714,21.98911762,1000,5,,0.9257703081,4056.336134,6344,7128,3
17,0,static,348,714,14.88379383,38816,78,,0.81232493,2405.488796,172.5,7128,7
17,0,rolling,348,714,18.97982454,1000,10,,0.8879551821,3356.708683,1391,7128,7
17,0,static,349,600,14.88379383,43150,79,,0.77,2312.733333,169,7128,0
17,0,rolling,349,600,20.00189304,1000,2,,0.8616666667,3480.938333,2030.5,7128,0
17,0,static,349,600,14.88379383,42436,79,,0.77,2312.733333,169,7128,1
17,0,rolling,349,600,20.48925805,1000,4,,0.8716666667,3585.345,4091.5,7128,1
17,0,static,349,600,14.88379383,41906,79,,0.77,2312.733333,169,7128,3
17,0,rolling,349,600,21.27283764,1000,5,,0.8883333333,3743.073333,5140.5,7128,3
17,0,static,349,600,14.88379383,39392,79,,0.77,2312.733333,169,7128,7
17,0,rolling,349,600,19.18696982,1000,10,,0.85,3285.723333,1430,7128,7
17,0,static,350,656,14.88379383,43750,80,,0.7774390244,1982.166159,121.5,7128,0
17,0,rolling,350,656,22.03433466,1000,2,,0.9161585366,3557.027439,3791,7128,0
17,0,static,350,656,14.88379383,43150,80,,0.7774390244,1982.166159,121.5,7128,1
17,0,rolling,350,656,20.00189304,1000,3,,0.875,3045.454268,1036.5,7128,1
17,0,static,350,656,14.88379383,42130,80,,0.7774390244,1982.166159,121.5,7128,3
17,0,rolling,350,656,20.90618801,1000,6,,0.9024390244,3270.573171,1514,7128,3
17,0,static,350,656,14.88379383,40028,80,,0.7774390244,1982.166159,121.5,7128,7
17,0,rolling,350,656,20.34692907,1000,9,,0.8917682927,3131.797256,1198,7128,7
17,0,static,351,522,14.88379383,44406,81,,0.7528735632,1992.128352,101.5,7128,0
17,0,rolling,351,522,21.24725342,1000,2,,0.8869731801,3335.613027,1500,7128,0
17,0,static,351,522,14.88379383,43750,81,,0.7528735632,1992.128352,101.5,7128,1
17,0,rolling,351,522,22.03433466,1000,3,,0.8946360153,3507.404215,2097,7128,1
17,0,static,351,522,14.88379383,42436,81,,0.7528735632,1992.128352,101.5,7128,3
17,0,rolling,351,522,20.48925805,1000,6,,0.8716475096,3187.01341,1094,7128,3
17,0,static,351,522,14.88379383,40670,81,,0.7528735632,1992.128352,101.5,7128,7
17,0,rolling,351,522,20.06521654,1000,9,,0.8659003831,3107.616858,904.5,7128,7
17,0,static,352,462,14.88379383,44928,82,,0.7424242424,2007.385281,156,7128,0
17,0,rolling,352,462,21.71980987,1000,2,,0.8874458874,3723.255411,4964,7128,0
17,0,static,352,462,14.88379383,44406,82,,0.7424242424,2007.385281,156,7128,1
17,0,rolling,352,462,21.24725342,1000,3,,0.8852813853,3616.699134,4309,7128,1
17,0,static,352,462,14.88379383,43150,82,,0.7424242424,2007.385281,156,7128,3
17,0,rolling,352,462,20.00189304,1000,5,,0.8571428571,3317.878788,1764.5,7128,3
17,0,static,352,462,14.88379383,41320,82,,0.7424242424,2007.385281,156,7128,7
17,0,rolling,352,462,21.98911762,1000,9,,0.8939393939,3777.270563,5483,7128,7
17,0,static,353,242,14.88379383,45390,83,,0.7107438017,1971.884298,81.5,7128,0
17,0,rolling,353,242,22.92491913,1000,3,,0.8760330579,3583.061983,1418,7128,0
17,0,static,353,242,14.88379383,44928,83,,0.7107438017,1971.884298,81.5,7128,1
17,0,rolling,353,242,21.71980987,1000,3,,0.8553719008,3412.979339,815.5,7128,1
17,0,static,353,242,14.88379383,43750,83,,0.7107438017,1971.884298,81.5,7128,3
17,0,rolling,353,242,22.03433466,1000,5,,0.8595041322,3459.355372,928,7128,3
17,0,static,353,242,14.88379383,41906,83,,0.7107438017,1971.884298,81.5,7128,7
17,0,rolling,353,242,21.27283764,1000,9,,0.8512396694,3335.128099,711,7128,7
17,0,static,354,238,14.88379383,45632,84,,0.7731092437,2114.348739,130,7128,0
17,0,rolling,354,238,23.086088,1000,3,,0.9075630252,4086.920168,6018.5,7128,0
17,0,static,354,238,14.88379383,45390,84,,0.7731092437,2114.348739,130,7128,1
17,0,rolling,354,238,22.92491913,1000,4,,0.9075630252,4044.344538,5884,7128,1
17,0,static,354,238,14.88379383,44406,84,,0.7731092437,2114.348739,130,7128,3
17,0,rolling,354,238,21.24725342,1000,5,,0.8823529412,3681.928571,4050.5,7128,3
17,0,static,354,238,14.88379383,42130,84,,0.7731092437,2114.348739,130,7128,7
17,0,rolling,354,238,20.90618801,1000,10,,0.8781512605,3599.785714,2940,7128,7
17,0,static,355,578,14.88379383,45870,85,,0.7214532872,2365.043253,142,7128,0
17,0,rolling,355,578,23.41303396,1000,4,,0.8996539792,4185.394464,6825.5,7128,0
17,0,static,355,578,14.88379383,45632,85,,0.7214532872,2365.043253,142,7128,1
17,0,rolling,355,578,23.086088,1000,4,,0.892733564,4120.245675,6710.5,7128,1
17,0,static,355,578,14.88379383,44928,85,,0.7214532872,2365.043253,142,7128,3
17,0,rolling,355,578,21.71980987,1000,5,,0.8633217993,3832.486159,5333.5,7128,3
17,0,static,355,578,14.88379383,42436,85,,0.7214532872,2365.043253,142,7128,7
17,0,rolling,355,578,20.48925805,1000,10,,0.8373702422,3544.693772,2536,7128,7
17,0,static,356,548,14.88379383,46448,86,,0.7664233577,2361.330292,136,7128,0
17,0,rolling,356,548,23.46904063,1000,3,,0.8996350365,4077.341241,6516.5,7128,0
17,0,static,356,548,14.88379383,45870,86,,0.7664233577,2361.330292,136,7128,1
17,0,rolling,356,548,23.41303396,1000,5,,0.897810219,4066.934307,6487.5,7128,1
17,0,static,356,548,14.88379383,45390,86,,0.7664233577,2361.330292,136,7128,3
17,0,rolling,356,548,22.92491913,1000,6,,0.8905109489,3976.173358,6146.5,7128,3
17,0,static,356,548,14.88379383,43150,86,,0.7664233577,2361.330292,136,7128,7
17,0,rolling,356,548,20.00189304,1000,9,,0.852189781,3322.078467,1391.5,7128,7
17,0,static,357,406,14.88379383,46996,87,,0.7586206897,1571.034483,110,7128,0
17,0,rolling,357,406,23.53157616,1000,2,,0.9162561576,3904.504926,5720,7128,0
17,0,static,357,406,14.88379383,46448,87,,0.7586206897,1571.034483,110,7128,1
17,0,rolling,357,406,23.46904063,1000,4,,0.9162561576,3893.394089,5643,7128,1
17,0,static,357,406,14.88379383,45632,87,,0.7586206897,1571.034483,110,7128,3
17,0,rolling,357,406,23.086088,1000,6,,0.9137931034,3821.842365,5130.5,7128,3
17,0,static,357,406,14.88379383,43750,87,,0.7586206897,1571.034483,110,7128,7
17,0,rolling,357,406,22.03433466,1000,9,,0.9088669951,3524.953202,2890,7128,7
17,0,static,358,300,14.88379383,47402,88,,0.7966666667,1596.613333,89,7128,0
17,0,rolling,358,300,23.04834747,1000,3,,0.8966666667,3366.243333,1636,7128,0
17,0,static,358,300,14.88379383,46996,88,,0.7966666667,1596.613333,89,7128,1
17,0,rolling,358,300,23.53157616,1000,3,,0.9133333333,3489.863333,2085.5,7128,1
17,0,static,358,300,14.88379383,45870,88,,0.7966666667,1596.613333,89,7128,3
17,0,rolling,358,300,23.41303396,1000,7,,0.9133333333,3461.743333,2009.5,7128,3
17,0,static,358,300,14.88379383,44406,88,,0.7966666667,1596.613333,89,7128,7
17,0,rolling,358,300,21.24725342,1000,9,,0.8866666667,2946.656667,770.5,7128,7
17,0,static,359,330,14.88379383,47702,89,,0.8181818182,2635.848485,348.5,7128,0
17,0,rolling,359,330,23.05772831,1000,3,,0.9606060606,4571.675758,7122,7128,0
17,0,static,359,330,14.88379383,47402,89,,0.8181818182,2635.848485,348.5,7128,1
17,0,rolling,359,330,23.04834747,1000,4,,0.9606060606,4570.478788,7121.5,7128,1
17,0,static,359,330,14.88379383,46448,89,,0.8181818182,2635.848485,348.5,7128,3
17,0,rolling,359,330,23.46904063,1000,6,,0.9606060606,4628.348485,7126,7128,3
17,0,static,359,330,14.88379383,44928,89,,0.8181818182,2635.848485,348.5,7128,7
17,0,rolling,359,330,21.71980987,1000,9,,0.9454545455,4369.021212,7095,7128,7
17,0,static,360,228,14.88379383,48032,90,,0.7850877193,1816.837719,90.5,7128,0
17,0,rolling,360,228,20.31118393,1000,3,,0.899122807,2964.276316,723,7128,0
17,0,static,360,228,14.88379383,47702,90,,0.7850877193,1816.837719,90.5,7128,1
17,0,rolling,360,228,23.05772831,1000,4,,0.9342105263,3704.54386,4323,7128,1
17,0,static,360,228,14.88379383,46996,90,,0.7850877193,1816.837719,90.5,7128,3
17,0,rolling,360,228,23.53157616,1000,5,,0.9429824561,3822.539474,4980.5,7128,3
17,0,static,360,228,14.88379383,45390,90,,0.7850877193,1816.837719,90.5,7128,7
17,0,rolling,360,228,22.92491913,1000,10,,0.9342105263,3669.614035,4214,7128,7
17,0,static,361,246,14.88379383,48260,91,,0.7764227642,1720.813008,60,7128,0
17,0,rolling,361,246,21.33926868,1000,4,,0.8943089431,3118.422764,715.5,7128,0
17,0,static,361,246,14.88379383,48032,91,,0.7764227642,1720.813008,60,7128,1
17,0,rolling,361,246,20.31118393,1000,4,,0.8902439024,2836.630081,473.5,7128,1
17,0,static,361,246,14.88379383,47402,91,,0.7764227642,1720.813008,60,7128,3
17,0,rolling,361,246,23.04834747,1000,6,,0.9105691057,3429.182927,1267.5,7128,3
17,0,static,361,246,14.88379383,45632,91,,0.7764227642,1720.813008,60,7128,7
17,0,rolling,361,246,23.086088,1000,10,,0.9105691057,3436.150407,1300,7128,7
17,0,static,362,620,14.88379383,48506,92,,0.7661290323,1628.601613,67,7128,0
17,0,rolling,362,620,20.01840973,1000,4,,0.8548387097,2698.41129,296,7128,0
17,0,static,362,620,14.88379383,48260,92,,0.7661290323,1628.601613,67,7128,1
17,0,rolling,362,620,21.33926868,1000,5,,0.8741935484,3001.264516,601.5,7128,1
17,0,static,362,620,14.88379383,47702,92,,0.7661290323,1628.601613,67,7128,3
17,0,rolling,362,620,23.05772831,1000,6,,0.8919354839,3388.190323,1910,7128,3
17,0,static,362,620,14.88379383,45870,92,,0.7661290323,1628.601613,67,7128,7
17,0,rolling,362,620,23.41303396,1000,11,,0.8919354839,3456.904839,2185.5,7128,7
17,0,static,363,386,14.88379383,49126,93,,0.8056994819,1861.419689,64.5,7128,0
17,0,rolling,363,386,22.88402939,1000,3,,0.9170984456,3403.334197,1757.5,7128,0
17,0,static,363,386,14.88379383,48506,93,,0.8056994819,1861.419689,64.5,7128,1
17,0,rolling,363,386,20.01840973,1000,5,,0.878238342,2809.406736,438.5,7128,1
17,0,static,363,386,14.88379383,48032,93,,0.8056994819,1861.419689,64.5,7128,3
17,0,rolling,363,386,20.31118393,1000,6,,0.8834196891,2879.062176,492.5,7128,3
17,0,static,363,386,14.88379383,46448,93,,0.8056994819,1861.419689,64.5,7128,7
17,0,rolling,363,386,23.46904063,1000,10,,0.9222797927,3531.639896,3547,7128,7
17,0,static,364,354,14.88379383,49512,94,,0.7711864407,1620.542373,71.5,7128,0
17,0,rolling,364,354,22.58382225,1000,2,,0.8926553672,3499.274011,1734,7128,0
17,0,static,364,354,14.88379383,49126,94,,0.7711864407,1620.542373,71.5,7128,1
17,0,rolling,364,354,22.88402939,1000,4,,0.895480226,3563.254237,2125,7128,1
17,0,static,364,354,14.88379383,48260,94,,0.7711864407,1620.542373,71.5,7128,3
17,0,rolling,364,354,21.33926868,1000,7,,0.8728813559,3204.983051,973.5,7128,3
17,0,static,364,354,14.88379383,46996,94,,0.7711864407,1620.542373,71.5,7128,7
17,0,rolling,364,354,23.53157616,1000,9,,0.9096045198,3710.700565,4391.5,7128,7
17,0.1,static,292,730,14.4408226,11270,22,,0.8849315068,3441.160274,1905,7128,0
17,0.1,rolling,292,730,14.4408226,1000,3,,0.8849315068,3441.160274,1905,7128,0
17,0.1,static,292,730,14.4408226,11270,22,,0.8849315068,3441.160274,1905,7128,1
17,0.1,rolling,292,730,14.4408226,1000,3,,0.8849315068,3441.160274,1905,7128,1
17,0.1,static,292,730,14.4408226,11270,22,,0.8849315068,3441.160274,1905,7128,3
17,0.1,rolling,292,730,14.4408226,1000,3,,0.8849315068,3441.160274,1905,7128,3
17,0.1,static,292,730,14.4408226,11270,22,,0.8849315068,3441.160274,1905,7128,7
17,0.1,rolling,292,730,14.4408226,1000,3,,0.8849315068,3441.160274,1905,7128,7
17,0.1,static,293,658,14.4408226,12000,23,,0.8981762918,3531.75076,2317.5,7128,0
17,0.1,rolling,293,658,14.7183075,1000,2,,0.9012158055,3625.106383,4060.5,7128,0
17,0.1,static,293,658,14.4408226,11270,23,,0.8981762918,3531.75076,2317.5,7128,1
17,0.1,rolling,293,658,14.4408226,1000,4,,0.8981762918,3531.75076,2317.5,7128,1
17,0.1,static,293,658,14.4408226,11270,23,,0.8981762918,3531.75076,2317.5,7128,3
17,0.1,rolling,293,658,14.4408226,1000,4,,0.8981762918,3531.75076,2317.5,7128,3
17,0.1,static,293,658,14.4408226,11270,23,,0.8981762918,3531.75076,2317.5,7128,7
17,0.1,rolling,293,658,14.4408226,1000,4,,0.8981762918,3531.75076,2317.5,7128,7
17,0.1,static,294,618,14.4408226,12658,24,,0.8462783172,3326.090615,1451,7128,0
17,0.1,rolling,294,618,15.3276968,1000,2,,0.8737864078,3640.309061,4437,7128,0
17,0.1,static,294,618,14.4408226,12000,24,,0.8462783172,3326.090615,1451,7128,1
17,0.1,rolling,294,618,14.7183075,1000,3,,0.8624595469,3431.045307,1880,7128,1
17,0.1,static,294,618,14.4408226,11270,24,,0.8462783172,3326.090615,1451,7128,3
17,0.1,rolling,294,618,14.4408226,1000,5,,0.8462783172,3326.090615,1451,7128,3
17,0.1,static,294,618,14.4408226,11270,24,,0.8462783172,3326.090615,1451,7128,7
17,0.1,rolling,294,618,14.4408226,1000,5,,0.8462783172,3326.090615,1451,7128,7
17,0.1,static,295,666,14.4408226,13276,25,,0.8858858859,3282.064565,1271.5,7128,0
17,0.1,rolling,295,666,16.16079974,1000,2,,0.9204204204,3964.292793,5547,7128,0
17,0.1,static,295,666,14.4408226,12658,25,,0.8858858859,3282.064565,1271.5,7128,1
17,0.1,rolling,295,666,15.3276968,1000,3,,0.9054054054,3634.361862,3883,7128,1
17,0.1,static,295,666,14.4408226,11270,25,,0.8858858859,3282.064565,1271.5,7128,3
17,0.1,rolling,295,666,14.4408226,1000,6,,0.8858858859,3282.064565,1271.5,7128,3
17,0.1,static,295,666,14.4408226,11270,25,,0.8858858859,3282.064565,1271.5,7128,7
17,0.1,rolling,295,666,14.4408226,1000,6,,0.8858858859,3282.064565,1271.5,7128,7
17,0.1,static,296,516,14.4408226,13942,26,,0.8333333333,3199.709302,1000,7128,0
17,0.1,rolling,296,516,16.17019701,1000,2,,0.8585271318,3802.676357,4938.5,7128,0
17,0.1,static,296,516,14.4408226,13276,26,,0.8333333333,3199.709302,1000,7128,1
17,0.1,rolling,296,516,16.16079974,1000,3,,0.8585271318,3798.953488,4924.5,7128,1
17,0.1,static,296,516,14.4408226,12000,26,,0.8333333333,3199.709302,1000,7128,3
17,0.1,rolling,296,516,14.7183075,1000,5,,0.8391472868,3298.658915,1287.5,7128,3
17,0.1,static,296,516,14.4408226,11270,26,,0.8333333333,3199.709302,1000,7128,7
17,0.1,rolling,296,516,14.4408226,1000,7,,0.8333333333,3199.709302,1000,7128,7
17,0.1,static,297,292,14.4408226,14458,27,,0.8321917808,2663.010274,383,7128,0
17,0.1,rolling,297,292,16.55836678,1000,2,,0.8801369863,3307.708904,1121,7128,0
17,0.1,static,297,292,14.4408226,13942,27,,0.8321917808,2663.010274,383,7128,1
17,0.1,rolling,297,292,16.17019701,1000,3,,0.8698630137,3209.023973,889.5,7128,1
17,0.1,static,297,292,14.4408226,12658,27,,0.8321917808,2663.010274,383,7128,3
17,0.1,rolling,297,292,15.3276968,1000,5,,0.8561643836,2984.349315,590.5,7128,3
17,0.1,static,297,292,14.4408226,11270,27,,0.8321917808,2663.010274,383,7128,7
17,0.1,rolling,297,292,14.4408226,1000,8,,0.8321917808,2663.010274,383,7128,7
17,0.1,static,298,252,14.4408226,14750,28,,0.8531746032,2791.793651,492,7128,0
17,0.1,rolling,298,252,17.15593863,1000,3,,0.9444444444,3753.47619,4447.5,7128,0
17,0.1,static,298,252,14.4408226,14458,28,,0.8531746032,2791.793651,492,7128,1
17,0.1,rolling,298,252,16.55836678,1000,3,,0.9166666667,3574.702381,1920.5,7128,1
17,0.1,static,298,252,14.4408226,13276,28,,0.8531746032,2791.793651,492,7128,3
17,0.1,rolling,298,252,16.16079974,1000,5,,0.8928571429,3464.710317,1406.5,7128,3
17,0.1,static,298,252,14.4408226,11270,28,,0.8531746032,2791.793651,492,7128,7
17,0.1,rolling,298,252,14.4408226,1000,9,,0.8531746032,2791.793651,492,7128,7
17,0.1,static,299,702,14.4408226,15002,29,,0.8660968661,3088.779202,802.5,7128,0
17,0.1,rolling,299,702,16.86619774,1000,3,,0.9116809117,3871.679487,5923,7128,0
17,0.1,static,299,702,14.4408226,14750,29,,0.8660968661,3088.779202,802.5,7128,1
17,0.1,rolling,299,702,17.15593863,1000,4,,0.915954416,3953.675214,6248,7128,1
17,0.1,static,299,702,14.4408226,13942,29,,0.8660968661,3088.779202,802.5,7128,3
17,0.1,rolling,299,702,16.17019701,1000,5,,0.8988603989,3670.824786,4776.5,7128,3
17,0.1,static,299,702,14.4408226,11270,29,,0.8660968661,3088.779202,802.5,7128,7
17,0.1,rolling,299,702,14.4408226,1000,10,,0.8660968661,3088.779202,802.5,7128,7
17,0.1,static,300,664,14.4408226,15704,30,,0.8629518072,3218.14006,940,7128,0
17,0.1,rolling,300,664,16.28437996,1000,3,,0.8975903614,3853.433735,5733,7128,0
17,0.1,static,300,664,14.4408226,15002,30,,0.8629518072,3218.14006,940,7128,1
17,0.1,rolling,300,664,16.86619774,1000,4,,0.9126506024,4025.246988,6432.5,7128,1
17,0.1,static,300,664,14.4408226,14458,30,,0.8629518072,3218.14006,940,7128,3
17,0.1,rolling,300,664,16.55836678,1000,5,,0.9081325301,3932.355422,6109.5,7128,3
17,0.1,static,300,664,14.4408226,12000,30,,0.8629518072,3218.14006,940,7128,7
17,0.1,rolling,300,664,14.7183075,1000,9,,0.8704819277,3325.713855,1172,7128,7
17,0.1,static,301,616,14.4408226,16368,31,,0.862012987,3524.961039,3683,7128,0
17,0.1,rolling,301,616,16.36221313,1000,2,,0.9025974026,4072.180195,6596,7128,0
17,0.1,static,301,616,14.4408226,15704,31,,0.862012987,3524.961039,3683,7128,1
17,0.1,rolling,301,616,16.28437996,1000,4,,0.9025974026,4056.25,6545.5,7128,1
17,0.1,static,301,616,14.4408226,14750,31,,0.862012987,3524.961039,3683,7128,3
17,0.1,rolling,301,616,17.15593863,1000,6,,0.9188311688,4248.524351,6970.5,7128,3
17,0.1,static,301,616,14.4408226,12658,31,,0.862012987,3524.961039,3683,7128,7
17,0.1,rolling,301,616,15.3276968,1000,9,,0.8831168831,3807.845779,5403.5,7128,7
17,0.1,static,302,570,14.4408226,16984,32,,0.8421052632,3017.694737,631.5,7128,0
17,0.1,rolling,302,570,16.31706047,1000,2,,0.8771929825,3609.450877,3518.5,7128,0
17,0.1,static,302,570,14.4408226,16368,32,,0.8421052632,3017.694737,631.5,7128,1
17,0.1,rolling,302,570,16.36221313,1000,3,,0.8771929825,3622.242105,3657.5,7128,1
17,0.1,static,302,570,14.4408226,15002,32,,0.8421052632,3017.694737,631.5,7128,3
17,0.1,rolling,302,570,16.86619774,1000,6,,0.8877192982,3782.536842,4704,7128,3
17,0.1,static,302,570,14.4408226,13276,32,,0.8421052632,3017.694737,631.5,7128,7
17,0.1,rolling,302,570,16.16079974,1000,9,,0.8719298246,3552.322807,2065.5,7128,7
17,0.1,static,303,542,14.4408226,17554,33,,0.8782287823,3140.066421,1039,7128,0
17,0.1,rolling,303,542,17.11175156,1000,2,,0.905904059,4028.944649,6318,7128,0
17,0.1,static,303,542,14.4408226,16984,33,,0.8782287823,3140.066421,1039,7128,1
17,0.1,rolling,303,542,16.31706047,1000,3,,0.9003690037,3801.361624,4919,7128,1
17,0.1,static,303,542,14.4408226,15704,33,,0.8782287823,3140.066421,1039,7128,3
17,0.1,rolling,303,542,16.28437996,1000,6,,0.9003690037,3791.435424,4857,7128,3
17,0.1,static,303,542,14.4408226,13942,33,,0.8782287823,3140.066421,1039,7128,7
17,0.1,rolling,303,542,16.17019701,1000,9,,0.9003690037,3759.767528,4619,7128,7
17,0.1,static,304,328,14.4408226,18096,34,,0.8506097561,2852.012195,654.5,7128,0
17,0.1,rolling,304,328,16.2979691,1000,2,,0.8841463415,3505.484756,3469.5,7128,0
17,0.1,static,304,328,14.4408226,17554,34,,0.8506097561,2852.012195,654.5,7128,1
17,0.1,rolling,304,328,17.11175156,1000,3,,0.8932926829,3763.307927,5101,7128,1
17,0.1,static,304,328,14.4408226,16368,34,,0.8506097561,2852.012195,654.5,7128,3
17,0.1,rolling,304,328,16.36221313,1000,5,,0.8841463415,3527.960366,3571.5,7128,3
17,0.1,static,304,328,14.4408226,14458,34,,0.8506097561,2852.012195,654.5,7128,7
17,0.1,rolling,304,328,16.55836678,1000,9,,0.887195122,3585.597561,3880.5,7128,7
17,0.1,static,305,328,14.4408226,18424,35,,0.8658536585,2591.567073,558.5,7128,0
17,0.1,rolling,305,328,17.12116277,1000,3,,0.9298780488,3696.908537,4910.5,7128,0
17,0.1,static,305,328,14.4408226,18096,35,,0.8658536585,2591.567073,558.5,7128,1
17,0.1,rolling,305,328,16.2979691,1000,3,,0.8993902439,3390.463415,2000,7128,1
17,0.1,static,305,328,14.4408226,16984,35,,0.8658536585,2591.567073,558.5,7128,3
17,0.1,rolling,305,328,16.31706047,1000,5,,0.8993902439,3398.591463,2107,7128,3
17,0.1,static,305,328,14.4408226,14750,35,,0.8658536585,2591.567073,558.5,7128,7
17,0.1,rolling,305,328,17.15593863,1000,10,,0.9298780488,3707.128049,4976.5,7128,7
17,0.1,static,306,582,14.4408226,18752,36,,0.8625429553,2905.632302,477,7128,0
17,0.1,rolling,306,582,16.71402872,1000,3,,0.9003436426,3578.726804,3360.5,7128,0
17,0.1,static,306,582,14.4408226,18424,36,,0.8625429553,2905.632302,477,7128,1
17,0.1,rolling,306,582,17.12116277,1000,4,,0.9072164948,3691.027491,4432.5,7128,1
17,0.1,static,306,582,14.4408226,17554,36,,0.8625429553,2905.632302,477,7128,3
17,0.1,rolling,306,582,17.11175156,1000,5,,0.9072164948,3688.553265,4411.5,7128,3
17,0.1,static,306,582,14.4408226,15002,36,,0.8625429553,2905.632302,477,7128,7
17,0.1,rolling,306,582,16.86619774,1000,10,,0.9054982818,3627.457045,3962.5,7128,7
17,0.1,static,307,588,14.4408226,19334,37,,0.8520408163,3076.542517,869.5,7128,0
17,0.1,rolling,307,588,16.71402872,1000,3,,0.8945578231,3848.129252,5349.5,7128,0
17,0.1,static,307,588,14.4408226,18752,37,,0.8520408163,3076.542517,869.5,7128,1
17,0.1,rolling,307,588,16.71402872,1000,4,,0.8945578231,3848.129252,5349.5,7128,1
17,0.1,static,307,588,14.4408226,18096,37,,0.8520408163,3076.542517,869.5,7128,3
17,0.1,rolling,307,588,16.2979691,1000,5,,0.8911564626,3716.217687,4367.5,7128,3
17,0.1,static,307,588,14.4408226,15704,37,,0.8520408163,3076.542517,869.5,7128,7
17,0.1,rolling,307,588,16.28437996,1000,10,,0.8911564626,3711.532313,4323,7128,7
17,0.1,static,308,562,14.4408226,19922,38,,0.8558718861,3115.336299,733,7128,0
17,0.1,rolling,308,562,16.85083342,1000,2,,0.8914590747,3786.131673,5209,7128,0
17,0.1,static,308,562,14.4408226,19334,38,,0.8558718861,3115.336299,733,7128,1
17,0.1,rolling,308,562,16.71402872,1000,4,,0.8896797153,3750.97331,4984,7128,1
17,0.1,static,308,562,14.4408226,18424,38,,0.8558718861,3115.336299,733,7128,3
17,0.1,rolling,308,562,17.12116277,1000,6,,0.8932384342,3848.859431,5699,7128,3
17,0.1,static,308,562,14.4408226,16368,38,,0.8558718861,3115.336299,733,7128,7
17,0.1,rolling,308,562,16.36221313,1000,9,,0.8861209964,3661.935943,4245.5,7128,7
17,0.1,static,309,626,14.4408226,20484,39,,0.8498402556,3118.761981,980,7128,0
17,0.1,rolling,309,626,16.95534229,1000,2,,0.8993610224,3935.442492,5770.5,7128,0
17,0.1,static,309,626,14.4408226,19922,39,,0.8498402556,3118.761981,980,7128,1
17,0.1,rolling,309,626,16.85083342,1000,3,,0.8961661342,3905.730032,5588.5,7128,1
17,0.1,static,309,626,14.4408226,18752,39,,0.8498402556,3118.761981,980,7128,3
17,0.1,rolling,309,626,16.71402872,1000,6,,0.892971246,3858.947284,5357.5,7128,3
17,0.1,static,309,626,14.4408226,16984,39,,0.8498402556,3118.761981,980,7128,7
17,0.1,rolling,309,626,16.31706047,1000,9,,0.8913738019,3729.367412,4813.5,7128,7
17,0.1,static,310,620,14.4408226,21110,40,,0.8693548387,2489.787097,322,7128,0
17,0.1,rolling,310,620,17.25325377,1000,2,,0.9322580645,3454.198387,1968,7128,0
17,0.1,static,310,620,14.4408226,20484,40,,0.8693548387,2489.787097,322,7128,1
17,0.1,rolling,310,620,16.95534229,1000,3,,0.9258064516,3353.76129,1564,7128,1
17,0.1,static,310,620,14.4408226,19334,40,,0.8693548387,2489.787097,322,7128,3
17,0.1,rolling,310,620,16.71402872,1000,6,,0.9193548387,3260.535484,1225,7128,3
17,0.1,static,310,620,14.4408226,17554,40,,0.8693548387,2489.787097,322,7128,7
17,0.1,rolling,310,620,17.11175156,1000,9,,0.9306451613,3406.854839,1809,7128,7
17,0.1,static,311,438,14.4408226,21730,41,,0.8607305936,2159.773973,197,7128,0
17,0.1,rolling,311,438,16.32073498,1000,2,,0.899543379,2741.091324,442,7128,0
17,0.1,static,311,438,14.4408226,21110,41,,0.8607305936,2159.773973,197,7128,1
17,0.1,rolling,311,438,17.25325377,1000,3,,0.9155251142,2982.655251,757,7128,1
17,0.1,static,311,438,14.4408226,19922,41,,0.8607305936,2159.773973,197,7128,3
17,0.1,rolling,311,438,16.85083342,1000,5,,0.9132420091,2887.892694,588.5,7128,3
17,0.1,static,311,438,14.4408226,18096,41,,0.8607305936,2159.773973,197,7128,7
17,0.1,rolling,311,438,16.2979691,1000,9,,0.897260274,2732.694064,435,7128,7
17,0.1,static,312,460,14.4408226,22168,42,,0.847826087,2116.330435,186,7128,0
17,0.1,rolling,312,460,16.15764952,1000,2,,0.8760869565,2597.921739,357,7128,0
17,0.1,static,312,460,14.4408226,21730,42,,0.847826087,2116.330435,186,7128,1
17,0.1,rolling,312,460,16.32073498,1000,3,,0.8804347826,2644.173913,380,7128,1
17,0.1,static,312,460,14.4408226,20484,42,,0.847826087,2116.330435,186,7128,3
17,0.1,rolling,312,460,16.95534229,1000,5,,0.8934782609,2841.802174,555,7128,3
17,0.1,static,312,460,14.4408226,18424,42,,0.847826087,2116.330435,186,7128,7
17,0.1,rolling,312,460,17.12116277,1000,10,,0.897826087,2904.154348,601.5,7128,7
17,0.1,static,313,794,14.4408226,22628,43,,0.8413098237,2310.549118,191,7128,0
17,0.1,rolling,313,794,16.57589436,1000,3,,0.8904282116,2928.09068,648.5,7128,0
17,0.1,static,313,794,14.4408226,22168,43,,0.8413098237,2310.549118,191,7128,1
17,0.1,rolling,313,794,16.15764952,1000,3,,0.8853904282,2782.333753,499,7128,1
17,0.1,static,313,794,14.4408226,21110,43,,0.8413098237,2310.549118,191,7128,3
17,0.1,rolling,313,794,17.25325377,1000,5,,0.8979848866,3134.729219,914,7128,3
17,0.1,static,313,794,14.4408226,18752,43,,0.8413098237,2310.549118,191,7128,7
17,0.1,rolling,313,794,16.71402872,1000,10,,0.8942065491,2973.542821,702.5,7128,7
17,0.1,static,314,678,14.4408226,23422,44,,0.8466076696,2489.048673,286.5,7128,0
17,0.1,rolling,314,678,17.51942062,1000,2,,0.9100294985,3490.775811,2144,7128,0
17,0.1,static,314,678,14.4408226,22628,44,,0.8466076696,2489.048673,286.5,7128,1
17,0.1,rolling,314,678,16.57589436,1000,4,,0.8938053097,3205.303835,1235.5,7128,1
17,0.1,static,314,678,14.4408226,21730,44,,0.8466076696,2489.048673,286.5,7128,3
17,0.1,rolling,314,678,16.32073498,1000,5,,0.8864306785,3116.013274,1044,7128,3
17,0.1,static,314,678,14.4408226,19334,44,,0.8466076696,2489.048673,286.5,7128,7
17,0.1,rolling,314,678,16.71402872,1000,10,,0.895280236,3255.880531,1341,7128,7
17,0.1,static,315,774,14.4408226,24100,45,,0.830749354,2456.242894,270,7128,0
17,0.1,rolling,315,774,17.56672668,1000,2,,0.8927648579,3491.29199,2067.5,7128,0
17,0.1,static,315,774,14.4408226,23422,45,,0.830749354,2456.242894,270,7128,1
17,0.1,rolling,315,774,17.51942062,1000,3,,0.8901808786,3476.903101,1962,7128,1
17,0.1,static,315,774,14.4408226,22168,45,,0.830749354,2456.242894,270,7128,3
17,0.1,rolling,315,774,16.15764952,1000,5,,0.8643410853,3023.895349,791.5,7128,3
17,0.1,static,315,774,14.4408226,19922,45,,0.830749354,2456.242894,270,7128,7
17,0.1,rolling,315,774,16.85083342,1000,9,,0.8811369509,3257.484496,1376.5,7128,7
17,0.1,static,316,758,14.4408226,24874,46,,0.8416886544,2675.414248,595,7128,0
17,0.1,rolling,316,758,18.77263451,1000,2,,0.9208443272,4200.379947,6522.5,7128,0
17,0.1,static,316,758,14.4408226,24100,46,,0.8416886544,2675.414248,595,7128,1
17,0.1,rolling,316,758,17.56672668,1000,3,,0.8984168865,3839.737467,5304,7128,1
17,0.1,static,316,758,14.4408226,22628,46,,0.8416886544,2675.414248,595,7128,3
17,0.1,rolling,316,758,16.57589436,1000,6,,0.8839050132,3505.635884,3074,7128,3
17,0.1,static,316,758,14.4408226,20484,46,,0.8416886544,2675.414248,595,7128,7
17,0.1,rolling,316,758,16.95534229,1000,9,,0.8918205805,3630.324538,4355,7128,7
17,0.1,static,317,630,14.4408226,25632,47,,0.8365079365,2205.273016,192,7128,0
17,0.1,rolling,317,630,17.70601463,1000,2,,0.8904761905,3236.333333,1201.5,7128,0
17,0.1,static,317,630,14.4408226,24874,47,,0.8365079365,2205.273016,192,7128,1
17,0.1,rolling,317,630,18.77263451,1000,3,,0.9174603175,3550.280952,3141,7128,1
17,0.1,static,317,630,14.4408226,23422,47,,0.8365079365,2205.273016,192,7128,3
17,0.1,rolling,317,630,17.51942062,1000,5,,0.8888888889,3174.071429,1080,7128,3
17,0.1,static,317,630,14.4408226,21110,47,,0.8365079365,2205.273016,192,7128,7
17,0.1,rolling,317,630,17.25325377,1000,9,,0.8873015873,3078.952381,955,7128,7
17,0.1,static,318,342,14.4408226,26262,48,,0.8362573099,2292.932749,167,7128,0
17,0.1,rolling,318,342,18.17348266,1000,2,,0.9093567251,3240.845029,887,7128,0
17,0.1,static,318,342,14.4408226,25632,48,,0.8362573099,2292.932749,167,7128,1
17,0.1,rolling,318,342,17.70601463,1000,3,,0.9035087719,3134.391813,692,7128,1
17,0.1,static,318,342,14.4408226,24100,48,,0.8362573099,2292.932749,167,7128,3
17,0.1,rolling,318,342,17.56672668,1000,5,,0.8976608187,3098.362573,646,7128,3
17,0.1,static,318,342,14.4408226,21730,48,,0.8362573099,2292.932749,167,7128,7
17,0.1,rolling,318,342,16.32073498,1000,9,,0.8684210526,2752.669591,327,7128,7
17,0.1,static,319,324,14.4408226,26604,49,,0.8549382716,2357.790123,244.5,7128,0
17,0.1,rolling,319,324,17.96243191,1000,3,,0.9197530864,3449.015432,1451.5,7128,0
17,0.1,static,319,324,14.4408226,26262,49,,0.8549382716,2357.790123,244.5,7128,1
17,0.1,rolling,319,324,18.17348266,1000,3,,0.9228395062,3505.188272,1609.5,7128,1
17,0.1,static,319,324,14.4408226,24874,49,,0.8549382716,2357.790123,244.5,7128,3
17,0.1,rolling,319,324,18.77263451,1000,5,,0.9290123457,3661.416667,3633.5,7128,3
17,0.1,static,319,324,14.4408226,22168,49,,0.8549382716,2357.790123,244.5,7128,7
17,0.1,rolling,319,324,16.15764952,1000,9,,0.8950617284,2871.820988,645,7128,7
17,0.1,static,320,736,14.4408226,26928,50,,0.8315217391,2938.366848,431,7128,0
17,0.1,rolling,320,736,17.85149765,1000,3,,0.8953804348,3812.605978,5604,7128,0
17,0.1,static,320,736,14.4408226,26604,50,,0.8315217391,2938.366848,431,7128,1
17,0.1,rolling,320,736,17.96243191,1000,4,,0.8980978261,3841.23913,5772.5,7128,1
17,0.1,static,320,736,14.4408226,25632,50,,0.8315217391,2938.366848,431,7128,3
17,0.1,rolling,320,736,17.70601463,1000,5,,0.8926630435,3780.197011,5324.5,7128,3
17,0.1,static,320,736,14.4408226,22628,50,,0.8315217391,2938.366848,431,7128,7
17,0.1,rolling,320,736,16.57589436,1000,10,,0.8682065217,3527.554348,1989.5,7128,7
17,0.1,static,321,680,14.4408226,27664,51,,0.8426470588,2624.147059,440.5,7128,0
17,0.1,rolling,321,680,17.69613409,1000,2,,0.9073529412,3803.055882,5201.5,7128,0
17,0.1,static,321,680,14.4408226,26928,51,,0.8426470588,2624.147059,440.5,7128,1
17,0.1,rolling,321,680,17.85149765,1000,4,,0.9073529412,3846.058824,5444.5,7128,1
17,0.1,static,321,680,14.4408226,26262,51,,0.8426470588,2624.147059,440.5,7128,3
17,0.1,rolling,321,680,18.17348266,1000,5,,0.9132352941,3942.589706,5961,7128,3
17,0.1,static,321,680,14.4408226,23422,51,,0.8426470588,2624.147059,440.5,7128,7
17,0.1,rolling,321,680,17.51942062,1000,9,,0.9029411765,3746.027941,4912.5,7128,7
17,0.1,static,322,668,14.4408226,28344,52,,0.8517964072,2846.952096,551.5,7128,0
17,0.1,rolling,322,668,18.28432655,1000,2,,0.9176646707,4018.098802,6322.5,7128,0
17,0.1,static,322,668,14.4408226,27664,52,,0.8517964072,2846.952096,551.5,7128,1
17,0.1,rolling,322,668,17.69613409,1000,3,,0.9101796407,3855.723054,5508.5,7128,1
17,0.1,static,322,668,14.4408226,26604,52,,0.8517964072,2846.952096,551.5,7128,3
17,0.1,rolling,322,668,17.96243191,1000,6,,0.9131736527,3927.832335,5958.5,7128,3
17,0.1,static,322,668,14.4408226,24100,52,,0.8517964072,2846.952096,551.5,7128,7
17,0.1,rolling,322,668,17.56672668,1000,9,,0.9101796407,3816.453593,5245,7128,7
17,0.1,static,323,668,14.4408226,29012,53,,0.8008982036,2578.862275,459.5,7128,0
17,0.1,rolling,323,668,17.52625656,1000,2,,0.872754491,3717.805389,4423,7128,0
17,0.1,static,323,668,14.4408226,28344,53,,0.8008982036,2578.862275,459.5,7128,1
17,0.1,rolling,323,668,18.28432655,1000,3,,0.8937125749,3945.161677,5656,7128,1
17,0.1,static,323,668,14.4408226,26928,53,,0.8008982036,2578.862275,459.5,7128,3
17,0.1,rolling,323,668,17.85149765,1000,6,,0.8832335329,3824.122754,5009.5,7128,3
17,0.1,static,323,668,14.4408226,24874,53,,0.8008982036,2578.862275,459.5,7128,7
17,0.1,rolling,323,668,18.77263451,1000,9,,0.9041916168,4083.997006,6262,7128,7
17,0.1,static,324,796,14.4408226,29680,54,,0.8027638191,2472.878141,244,7128,0
17,0.1,rolling,324,796,18.51265746,1000,2,,0.8944723618,3635.438442,4110,7128,0
17,0.1,static,324,796,14.4408226,29012,54,,0.8027638191,2472.878141,244,7128,1
17,0.1,rolling,324,796,17.52625656,1000,3,,0.8731155779,3375.261307,1610,7128,1
17,0.1,static,324,796,14.4408226,27664,54,,0.8027638191,2472.878141,244,7128,3
17,0.1,rolling,324,796,17.69613409,1000,5,,0.8756281407,3422.296482,1710,7128,3
17,0.1,static,324,796,14.4408226,25632,54,,0.8027638191,2472.878141,244,7128,7
17,0.1,rolling,324,796,17.70601463,1000,9,,0.8756281407,3425.968593,1717.5,7128,7
17,0.1,static,325,398,14.4408226,30476,55,,0.7587939698,2505.811558,202.5,7128,0
17,0.1,rolling,325,398,18.53627872,1000,2,,0.8768844221,3517.954774,1279.5,7128,0
17,0.1,static,325,398,14.4408226,29680,55,,0.7587939698,2505.811558,202.5,7128,1
17,0.1,rolling,325,398,18.51265746,1000,3,,0.8768844221,3514.560302,1263.5,7128,1
17,0.1,static,325,398,14.4408226,28344,55,,0.7587939698,2505.811558,202.5,7128,3
17,0.1,rolling,325,398,18.28432655,1000,5,,0.8743718593,3481.012563,1075.5,7128,3
17,0.1,static,325,398,14.4408226,26262,55,,0.7587939698,2505.811558,202.5,7128,7
17,0.1,rolling,325,398,18.17348266,1000,9,,0.8743718593,3462.914573,994,7128,7
17,0.1,static,326,422,14.4408226,30874,56,,0.7748815166,1851.466825,117,7128,0
17,0.1,rolling,326,422,18.54301834,1000,2,,0.8909952607,2878.172986,419,7128,0
17,0.1,static,326,422,14.4408226,30476,56,,0.7748815166,1851.466825,117,7128,1
17,0.1,rolling,326,422,18.53627872,1000,3,,0.8909952607,2876.744076,419,7128,1
17,0.1,static,326,422,14.4408226,29012,56,,0.7748815166,1851.466825,117,7128,3
17,0.1,rolling,326,422,17.52625656,1000,5,,0.8696682464,2609.57346,269,7128,3
17,0.1,static,326,422,14.4408226,26604,56,,0.7748815166,1851.466825,117,7128,7
17,0.1,rolling,326,422,17.96243191,1000,10,,0.8767772512,2739.547393,322.5,7128,7
17,0.1,static,327,738,14.4408226,31296,57,,0.7845528455,2482.424119,221,7128,0
17,0.1,rolling,327,738,18.98443985,1000,3,,0.8983739837,3661.096206,4209,7128,0
17,0.1,static,327,738,14.4408226,30874,57,,0.7845528455,2482.424119,221,7128,1
17,0.1,rolling,327,738,18.54301834,1000,3,,0.891598916,3531.888889,2280.5,7128,1
17,0.1,static,327,738,14.4408226,29680,57,,0.7845528455,2482.424119,221,7128,3
17,0.1,rolling,327,738,18.51265746,1000,5,,0.891598916,3522.556911,2065.5,7128,3
17,0.1,static,327,738,14.4408226,26928,57,,0.7845528455,2482.424119,221,7128,7
17,0.1,rolling,327,738,17.85149765,1000,10,,0.8739837398,3319.915989,1505,7128,7
17,0.1,static,328,600,14.4408226,32034,58,,0.8133333333,2554.005,323.5,7128,0
17,0.1,rolling,328,600,19.01109169,1000,2,,0.905,3934.616667,5851,7128,0
17,0.1,static,328,600,14.4408226,31296,58,,0.8133333333,2554.005,323.5,7128,1
17,0.1,rolling,328,600,18.98443985,1000,4,,0.905,3927.993333,5800,7128,1
17,0.1,static,328,600,14.4408226,30476,58,,0.8133333333,2554.005,323.5,7128,3
17,0.1,rolling,328,600,18.53627872,1000,5,,0.8983333333,3805.831667,4876,7128,3
17,0.1,static,328,600,14.4408226,27664,58,,0.8133333333,2554.005,323.5,7128,7
17,0.1,rolling,328,600,17.69613409,1000,9,,0.8883333333,3523.658333,2447.5,7128,7
17,0.1,static,329,684,14.4408226,32634,59,,0.8201754386,2658.004386,338.5,7128,0
17,0.1,rolling,329,684,19.21783471,1000,2,,0.9269005848,4061.451754,6283.5,7128,0
17,0.1,static,329,684,14.4408226,32034,59,,0.8201754386,2658.004386,338.5,7128,1
17,0.1,rolling,329,684,19.01109169,1000,3,,0.9225146199,3996.426901,6067,7128,1
17,0.1,static,329,684,14.4408226,30874,59,,0.8201754386,2658.004386,338.5,7128,3
17,0.1,rolling,329,684,18.54301834,1000,5,,0.9137426901,3874.673977,5402,7128,3
17,0.1,static,329,684,14.4408226,28344,59,,0.8201754386,2658.004386,338.5,7128,7
17,0.1,rolling,329,684,18.28432655,1000,9,,0.9108187135,3812.608187,4960.5,7128,7
17,0.1,static,330,640,14.4408226,33318,60,,0.8203125,2416.551562,257,7128,0
17,0.1,rolling,330,640,17.94411945,1000,2,,0.9,3490.879687,1973,7128,0
17,0.1,static,330,640,14.4408226,32634,60,,0.8203125,2416.551562,257,7128,1
17,0.1,rolling,330,640,19.21783471,1000,3,,0.928125,3901.94375,5140,7128,1
17,0.1,static,330,640,14.4408226,31296,60,,0.8203125,2416.551562,257,7128,3
17,0.1,rolling,330,640,18.98443985,1000,6,,0.925,3828.84375,4655.5,7128,3
17,0.1,static,330,640,14.4408226,29012,60,,0.8203125,2416.551562,257,7128,7
17,0.1,rolling,330,640,17.52625656,1000,9,,0.8890625,3358.35625,1530,7128,7
17,0.1,static,331,506,14.4408226,33958,61,,0.847826087,2591.166008,282.5,7128,0
17,0.1,rolling,331,506,18.04842091,1000,2,,0.9031620553,3740.956522,4775.5,7128,0
17,0.1,static,331,506,14.4408226,33318,61,,0.847826087,2591.166008,282.5,7128,1
17,0.1,rolling,331,506,17.94411945,1000,3,,0.9031620553,3706.079051,4462,7128,1
17,0.1,static,331,506,14.4408226,32034,61,,0.847826087,2591.166008,282.5,7128,3
17,0.1,rolling,331,506,19.01109169,1000,5,,0.9209486166,4030.407115,6162,7128,3
17,0.1,static,331,506,14.4408226,29680,61,,0.847826087,2591.166008,282.5,7128,7
17,0.1,rolling,331,506,18.51265746,1000,9,,0.9071146245,3877.434783,5595,7128,7
17,0.1,static,332,318,14.4408226,34464,62,,0.8396226415,2543.672956,232.5,7128,0
17,0.1,rolling,332,318,17.6882844,1000,2,,0.9182389937,3338.977987,1150,7128,0
17,0.1,static,332,318,14.4408226,33958,62,,0.8396226415,2543.672956,232.5,7128,1
17,0.1,rolling,332,318,18.04842091,1000,3,,0.9182389937,3435.254717,1403.5,7128,1
17,0.1,static,332,318,14.4408226,32634,62,,0.8396226415,2543.672956,232.5,7128,3
17,0.1,rolling,332,318,19.21783471,1000,5,,0.9308176101,3720.959119,4699.5,7128,3
17,0.1,static,332,318,14.4408226,30476,62,,0.8396226415,2543.672956,232.5,7128,7
17,0.1,rolling,332,318,18.53627872,1000,9,,0.9213836478,3534.481132,1914,7128,7
17,0.1,static,333,342,14.4408226,34782,63,,0.8099415205,2442.885965,247.5,7128,0
17,0.1,rolling,333,342,17.34235573,1000,3,,0.8567251462,3183.169591,1072,7128,0
17,0.1,static,333,342,14.4408226,34464,63,,0.8099415205,2442.885965,247.5,7128,1
17,0.1,rolling,333,342,17.6882844,1000,3,,0.8567251462,3281.938596,1323,7128,1
17,0.1,static,333,342,14.4408226,33318,63,,0.8099415205,2442.885965,247.5,7128,3
17,0.1,rolling,333,342,17.94411945,1000,5,,0.8625730994,3360.690058,1695.5,7128,3
17,0.1,static,333,342,14.4408226,30874,63,,0.8099415205,2442.885965,247.5,7128,7
17,0.1,rolling,333,342,18.54301834,1000,9,,0.8742690058,3553.865497,3987.5,7128,7
17,0.1,static,334,700,14.4408226,35124,64,,0.8385714286,2405.754286,247.5,7128,0
17,0.1,rolling,334,700,18.00545022,1000,3,,0.9114285714,3534.12,3260.5,7128,0
17,0.1,static,334,700,14.4408226,34782,64,,0.8385714286,2405.754286,247.5,7128,1
17,0.1,rolling,334,700,17.34235573,1000,4,,0.9057142857,3316.245714,1494,7128,1
17,0.1,static,334,700,14.4408226,33958,64,,0.8385714286,2405.754286,247.5,7128,3
17,0.1,rolling,334,700,18.04842091,1000,5,,0.9114285714,3549.745714,3620.5,7128,3
17,0.1,static,334,700,14.4408226,31296,64,,0.8385714286,2405.754286,247.5,7128,7
17,0.1,rolling,334,700,18.98443985,1000,10,,0.9214285714,3864.558571,5273.5,7128,7
17,0.1,static,335,656,14.4408226,35824,65,,0.8216463415,2482.452744,265.5,7128,0
17,0.1,rolling,335,656,18.28925228,1000,2,,0.8948170732,3577.231707,3494,7128,0
17,0.1,static,335,656,14.4408226,35124,65,,0.8216463415,2482.452744,265.5,7128,1
17,0.1,rolling,335,656,18.00545022,1000,4,,0.8917682927,3511.102134,1854.5,7128,1
17,0.1,static,335,656,14.4408226,34464,65,,0.8216463415,2482.452744,265.5,7128,3
17,0.1,rolling,335,656,17.6882844,1000,5,,0.8917682927,3428.618902,1490.5,7128,3
17,0.1,static,335,656,14.4408226,32034,65,,0.8216463415,2482.452744,265.5,7128,7
17,0.1,rolling,335,656,19.01109169,1000,9,,0.8978658537,3750.856707,4845,7128,7
17,0.1,static,336,632,14.4408226,36480,66,,0.7658227848,2507.553797,231.5,7128,0
17,0.1,rolling,336,632,19.38177502,1000,2,,0.8987341772,3790.726266,5070.5,7128,0
17,0.1,static,336,632,14.4408226,35824,66,,0.7658227848,2507.553797,231.5,7128,1
17,0.1,rolling,336,632,18.28925228,1000,3,,0.8860759494,3538.417722,1887.5,7128,1
17,0.1,static,336,632,14.4408226,34782,66,,0.7658227848,2507.553797,231.5,7128,3
17,0.1,rolling,336,632,17.34235573,1000,6,,0.8639240506,3323.852848,1127,7128,3
17,0.1,static,336,632,14.4408226,32634,66,,0.7658227848,2507.553797,231.5,7128,7
17,0.1,rolling,336,632,19.21783471,1000,9,,0.8955696203,3754.460443,4788.5,7128,7
17,0.1,static,337,552,14.4408226,37112,67,,0.8242753623,2401.099638,247,7128,0
17,0.1,rolling,337,552,19.4916687,1000,2,,0.9130434783,3822.469203,5211.5,7128,0
17,0.1,static,337,552,14.4408226,36480,67,,0.8242753623,2401.099638,247,7128,1
17,0.1,rolling,337,552,19.38177502,1000,3,,0.9130434783,3794.666667,4982.5,7128,1
17,0.1,static,337,552,14.4408226,35124,67,,0.8242753623,2401.099638,247,7128,3
17,0.1,rolling,337,552,18.00545022,1000,6,,0.893115942,3443.961957,1802.5,7128,3
17,0.1,static,337,552,14.4408226,33318,67,,0.8242753623,2401.099638,247,7128,7
17,0.1,rolling,337,552,17.94411945,1000,9,,0.893115942,3423.78442,1683.5,7128,7
17,0.1,static,338,496,14.4408226,37664,68,,0.8044354839,2412.897177,270.5,7128,0
17,0.1,rolling,338,496,19.4916687,1000,2,,0.9092741935,3886.606855,5408,7128,0
17,0.1,static,338,496,14.4408226,37112,68,,0.8044354839,2412.897177,270.5,7128,1
17,0.1,rolling,338,496,19.4916687,1000,3,,0.9092741935,3886.606855,5408,7128,1
17,0.1,static,338,496,14.4408226,35824,68,,0.8044354839,2412.897177,270.5,7128,3
17,0.1,rolling,338,496,18.28925228,1000,5,,0.8991935484,3558.467742,2204,7128,3
17,0.1,static,338,496,14.4408226,33958,68,,0.8044354839,2412.897177,270.5,7128,7
17,0.1,rolling,338,496,18.04842091,1000,9,,0.8971774194,3503.528226,1831,7128,7
17,0.1,static,339,328,14.4408226,38160,69,,0.7957317073,1861.432927,157,7127.3,0
17,0.1,rolling,339,328,18.3269968,1000,2,,0.8658536585,3097.042683,1253,7128,0
17,0.1,static,339,328,14.4408226,37664,69,,0.7957317073,1861.432927,157,7127.3,1
17,0.1,rolling,339,328,19.4916687,1000,3,,0.9024390244,3545.615854,3621,7128,1
17,0.1,static,339,328,14.4408226,36480,69,,0.7957317073,1861.432927,157,7127.3,3
17,0.1,rolling,339,328,19.38177502,1000,5,,0.8963414634,3499.179878,2342.5,7128,3
17,0.1,static,339,328,14.4408226,34464,69,,0.7957317073,1861.432927,157,7127.3,7
17,0.1,rolling,339,328,17.6882844,1000,9,,0.8658536585,2863.463415,838.5,7128,7
17,0.1,static,340,328,14.4408226,38488,70,,0.7865853659,2348.088415,183.5,7128,0
17,0.1,rolling,340,328,19.13522339,1000,3,,0.9237804878,3606.878049,3751.5,7128,0
17,0.1,static,340,328,14.4408226,38160,70,,0.7865853659,2348.088415,183.5,7128,1
17,0.1,rolling,340,328,18.3269968,1000,3,,0.8993902439,3361.143293,1487.5,7128,1
17,0.1,static,340,328,14.4408226,37112,70,,0.7865853659,2348.088415,183.5,7128,3
17,0.1,rolling,340,328,19.4916687,1000,5,,0.9298780488,3724.570122,4529.5,7128,3
17,0.1,static,340,328,14.4408226,34782,70,,0.7865853659,2348.088415,183.5,7128,7
17,0.1,rolling,340,328,17.34235573,1000,10,,0.8719512195,3076.128049,837.5,7128,7
17,0.1,static,341,576,14.4408226,38816,71,,0.8072916667,2458.076389,264.5,7128,0
17,0.1,rolling,341,576,19.00929761,1000,3,,0.8993055556,3755.131944,4468.5,7128,0
17,0.1,static,341,576,14.4408226,38488,71,,0.8072916667,2458.076389,264.5,7128,1
17,0.1,rolling,341,576,19.13522339,1000,4,,0.8993055556,3791.416667,4633,7128,1
17,0.1,static,341,576,14.4408226,37664,71,,0.8072916667,2458.076389,264.5,7128,3
17,0.1,rolling,341,576,19.4916687,1000,5,,0.9045138889,3889.815972,5071,7128,3
17,0.1,static,341,576,14.4408226,35124,71,,0.8072916667,2458.076389,264.5,7128,7
17,0.1,rolling,341,576,18.00545022,1000,10,,0.8819444444,3507.90625,1840,7128,7
17,0.1,static,342,636,14.4408226,39392,72,,0.8128930818,2460.218553,220.5,7128,0
17,0.1,rolling,342,636,18.76415443,1000,3,,0.8946540881,3573.553459,2211.5,7128,0
17,0.1,static,342,636,14.4408226,38816,72,,0.8128930818,2460.218553,220.5,7128,1
17,0.1,rolling,342,636,19.00929761,1000,4,,0.9025157233,3655.253145,3903.5,7128,1
17,0.1,static,342,636,14.4408226,38160,72,,0.8128930818,2460.218553,220.5,7128,3
17,0.1,rolling,342,636,18.3269968,1000,5,,0.8836477987,3448.305031,1662.5,7128,3
17,0.1,static,342,636,14.4408226,35824,72,,0.8128930818,2460.218553,220.5,7128,7
17,0.1,rolling,342,636,18.28925228,1000,9,,0.8836477987,3437.668239,1630,7128,7
17,0.1,static,343,642,14.4408226,40028,73,,0.7990654206,2650.299065,472.5,7128,0
17,0.1,rolling,343,642,19.43621635,1000,2,,0.8816199377,4349.373832,6708,7128,0
17,0.1,static,343,642,14.4408226,39392,73,,0.7990654206,2650.299065,472.5,7128,1
17,0.1,rolling,343,642,18.76415443,1000,4,,0.8722741433,4126.546729,6091,7128,1
17,0.1,static,343,642,14.4408226,38488,73,,0.7990654206,2650.299065,472.5,7128,3
17,0.1,rolling,343,642,19.13522339,1000,6,,0.8800623053,4260.604361,6453,7128,3
17,0.1,static,343,642,14.4408226,36480,73,,0.7990654206,2650.299065,472.5,7128,7
17,0.1,rolling,343,642,19.38177502,1000,9,,0.8816199377,4331.540498,6668,7128,7
17,0.1,static,344,650,14.4408226,40670,74,,0.78,2416.436923,154.5,7128,0
17,0.1,rolling,344,650,19.91492486,1000,2,,0.8815384615,3768.370769,4938.5,7128,0
17,0.1,static,344,650,14.4408226,40028,74,,0.78,2416.436923,154.5,7128,1
17,0.1,rolling,344,650,19.43621635,1000,3,,0.8769230769,3645.866154,4105,7128,1
17,0.1,static,344,650,14.4408226,38816,74,,0.78,2416.436923,154.5,7128,3
17,0.1,rolling,344,650,19.00929761,1000,6,,0.8692307692,3533.578462,2309,7128,3
17,0.1,static,344,650,14.4408226,37112,74,,0.78,2416.436923,154.5,7128,7
17,0.1,rolling,344,650,19.4916687,1000,9,,0.8769230769,3661.453846,4192.5,7128,7
17,0.1,static,345,586,14.4408226,41320,75,,0.8259385666,2897.114334,414.5,7128,0
17,0.1,rolling,345,586,21.41195202,1000,2,,0.9129692833,4453.662116,7062.5,7128,0
17,0.1,static,345,586,14.4408226,40670,75,,0.8259385666,2897.114334,414.5,7128,1
17,0.1,rolling,345,586,19.91492486,1000,3,,0.9044368601,4120.107509,6765,7128,1
17,0.1,static,345,586,14.4408226,39392,75,,0.8259385666,2897.114334,414.5,7128,3
17,0.1,rolling,345,586,18.76415443,1000,6,,0.8890784983,3877.674061,5850,7128,3
17,0.1,static,345,586,14.4408226,37664,75,,0.8259385666,2897.114334,414.5,7128,7
17,0.1,rolling,345,586,19.4916687,1000,9,,0.8924914676,4030.129693,6554,7128,7
17,0.1,static,346,224,14.4408226,41906,76,,0.8214285714,1663.316964,93,7128,0
17,0.1,rolling,346,224,19.91481733,1000,2,,0.8839285714,2874.544643,816,7128,0
17,0.1,static,346,224,14.4408226,41320,76,,0.8214285714,1663.316964,93,7128,1
17,0.1,rolling,346,224,21.41195202,1000,3,,0.90625,3290,1598,7128,1
17,0.1,static,346,224,14.4408226,40028,76,,0.8214285714,1663.316964,93,7128,3
17,0.1,rolling,346,224,19.43621635,1000,5,,0.875,2768.428571,686.5,7128,3
17,0.1,static,346,224,14.4408226,38160,76,,0.8214285714,1663.316964,93,7128,7
17,0.1,rolling,346,224,18.3269968,1000,9,,0.8705357143,2514.370536,429,7128,7
17,0.1,static,347,306,14.4408226,42130,77,,0.8267973856,1817.173203,76,7128,0
17,0.1,rolling,347,306,20.17048836,1000,3,,0.908496732,3084.895425,705,7128,0
17,0.1,static,347,306,14.4408226,41906,77,,0.8267973856,1817.173203,76,7128,1
17,0.1,rolling,347,306,19.91481733,1000,3,,0.908496732,3029.823529,641,7128,1
17,0.1,static,347,306,14.4408226,40670,77,,0.8267973856,1817.173203,76,7128,3
17,0.1,rolling,347,306,19.91492486,1000,5,,0.908496732,3029.833333,641,7128,3
17,0.1,static,347,306,14.4408226,38488,77,,0.8267973856,1817.173203,76,7128,7
17,0.1,rolling,347,306,19.13522339,1000,10,,0.8986928105,2841.941176,507.5,7128,7
17,0.1,static,348,714,14.4408226,42436,78,,0.8039215686,2337.617647,178,7128,0
17,0.1,rolling,348,714,19.81257877,1000,3,,0.9047619048,3713.747899,4791,7128,0
17,0.1,static,348,714,14.4408226,42130,78,,0.8039215686,2337.617647,178,7128,1
17,0.1,rolling,348,714,20.17048836,1000,4,,0.9089635854,3804.102241,5437.5,7128,1
17,0.1,static,348,714,14.4408226,41320,78,,0.8039215686,2337.617647,178,7128,3
17,0.1,rolling,348,714,21.41195202,1000,5,,0.9299719888,4068.191877,6553,7128,3
17,0.1,static,348,714,14.4408226,38816,78,,0.8039215686,2337.617647,178,7128,7
17,0.1,rolling,348,714,19.00929761,1000,10,,0.8907563025,3511.929972,2136,7128,7
17,0.1,static,349,600,14.4408226,43150,79,,0.7633333333,2236.498333,146.5,7128,0
17,0.1,rolling,349,600,19.44257212,1000,2,,0.85,3428.23,1819,7128,0
17,0.1,static,349,600,14.4408226,42436,79,,0.7633333333,2236.498333,146.5,7128,1
17,0.1,rolling,349,600,19.81257877,1000,4,,0.8583333333,3519.978333,2932.5,7128,1
17,0.1,static,349,600,14.4408226,41906,79,,0.7633333333,2236.498333,146.5,7128,3
17,0.1,rolling,349,600,19.91481733,1000,5,,0.8616666667,3546.776667,3650,7128,3
17,0.1,static,349,600,14.4408226,39392,79,,0.7633333333,2236.498333,146.5,7128,7
17,0.1,rolling,349,600,18.76415443,1000,10,,0.8366666667,3251.256667,1308,7128,7
17,0.1,static,350,656,14.4408226,43750,80,,0.7698170732,1922.039634,109.5,7128,0
17,0.1,rolling,350,656,21.8536346,1000,2,,0.9085365854,3636.460366,4124,7128,0
17,0.1,static,350,656,14.4408226,43150,80,,0.7698170732,1922.039634,109.5,7128,1
17,0.1,rolling,350,656,19.44257212,1000,3,,0.8719512195,3044.894817,834,7128,1
17,0.1,static,350,656,14.4408226,42130,80,,0.7698170732,1922.039634,109.5,7128,3
17,0.1,rolling,350,656,20.17048836,1000,6,,0.8841463415,3205.129573,1195.5,7128,3
17,0.1,static,350,656,14.4408226,40028,80,,0.7698170732,1922.039634,109.5,7128,7
17,0.1,rolling,350,656,19.43621635,1000,9,,0.8704268293,3043.210366,831.5,7128,7
17,0.1,static,351,522,14.4408226,44406,81,,0.7586206897,1946.126437,80.5,7128,0
17,0.1,rolling,351,522,21.67502213,1000,2,,0.8754789272,3509.659004,1905.5,7128,0
17,0.1,static,351,522,14.4408226,43750,81,,0.7586206897,1946.126437,80.5,7128,1
17,0.1,rolling,351,522,21.8536346,1000,3,,0.8831417625,3552.505747,2446,7128,1
17,0.1,static,351,522,14.4408226,42436,81,,0.7586206897,1946.126437,80.5,7128,3
17,0.1,rolling,351,522,19.81257877,1000,6,,0.8582375479,3091.885057,777.5,7128,3
17,0.1,static,351,522,14.4408226,40670,81,,0.7586206897,1946.126437,80.5,7128,7
17,0.1,rolling,351,522,19.91492486,1000,9,,0.8620689655,3115.172414,808,7128,7
17,0.1,static,352,462,14.4408226,44928,82,,0.7121212121,1942.768398,113.5,7128,0
17,0.1,rolling,352,462,22.48165321,1000,2,,0.9047619048,3962.341991,5989,7128,0
17,0.1,static,352,462,14.4408226,44406,82,,0.7121212121,1942.768398,113.5,7128,1
17,0.1,rolling,352,462,21.67502213,1000,3,,0.8874458874,3778.209957,5170,7128,1
17,0.1,static,352,462,14.4408226,43150,82,,0.7121212121,1942.768398,113.5,7128,3
17,0.1,rolling,352,462,19.44257212,1000,5,,0.8571428571,3188.125541,1137.5,7128,3
17,0.1,static,352,462,14.4408226,41320,82,,0.7121212121,1942.768398,113.5,7128,7
17,0.1,rolling,352,462,21.41195202,1000,9,,0.8831168831,3716.703463,4835.5,7128,7
17,0.1,static,353,242,14.4408226,45390,83,,0.7024793388,1794.123967,94.5,7128,0
17,0.1,rolling,353,242,22.69754791,1000,3,,0.8801652893,3728.53719,4906.5,7128,0
17,0.1,static,353,242,14.4408226,44928,83,,0.7024793388,1794.123967,94.5,7128,1
17,0.1,rolling,353,242,22.48165321,1000,3,,0.8801652893,3679.938017,4677.5,7128,1
17,0.1,static,353,242,14.4408226,43750,83,,0.7024793388,1794.123967,94.5,7128,3
17,0.1,rolling,353,242,21.8536346,1000,5,,0.8801652893,3579.876033,4041.5,7128,3
17,0.1,static,353,242,14.4408226,41906,83,,0.7024793388,1794.123967,94.5,7128,7
17,0.1,rolling,353,242,19.91481733,1000,9,,0.8512396694,3185.442149,880,7128,7
17,0.1,static,354,238,14.4408226,45632,84,,0.7226890756,2083.546218,137.5,7128,0
17,0.1,rolling,354,238,22.88516271,1000,3,,0.9033613445,4150.659664,6437,7128,0
17,0.1,static,354,238,14.4408226,45390,84,,0.7226890756,2083.546218,137.5,7128,1
17,0.1,rolling,354,238,22.69754791,1000,4,,0.9033613445,4102.588235,6268.5,7128,1
17,0.1,static,354,238,14.4408226,44406,84,,0.7226890756,2083.546218,137.5,7128,3
17,0.1,rolling,354,238,21.67502213,1000,5,,0.8907563025,3886.865546,5094.5,7128,3
17,0.1,static,354,238,14.4408226,42130,84,,0.7226890756,2083.546218,137.5,7128,7
17,0.1,rolling,354,238,20.17048836,1000,10,,0.8613445378,3485.378151,1979.5,7128,7
17,0.1,static,355,578,14.4408226,45870,85,,0.7128027682,2266.525952,119,7128,0
17,0.1,rolling,355,578,23.04936886,1000,4,,0.8875432526,4240.051903,6788,7128,0
17,0.1,static,355,578,14.4408226,45632,85,,0.7128027682,2266.525952,119,7128,1
17,0.1,rolling,355,578,22.88516271,1000,4,,0.8875432526,4200.704152,6731.5,7128,1
17,0.1,static,355,578,14.4408226,44928,85,,0.7128027682,2266.525952,119,7128,3
17,0.1,rolling,355,578,22.48165321,1000,5,,0.8771626298,4127.057093,6554.5,7128,3
17,0.1,static,355,578,14.4408226,42436,85,,0.7128027682,2266.525952,119,7128,7
17,0.1,rolling,355,578,19.81257877,1000,10,,0.8373702422,3532.446367,2066,7128,7
17,0.1,static,356,548,14.4408226,46448,86,,0.7408759124,2227.173358,120,7128,0
17,0.1,rolling,356,548,23.43413365,1000,3,,0.9051094891,4105.708029,6799,7128,0
17,0.1,static,356,548,14.4408226,45870,86,,0.7408759124,2227.173358,120,7128,1
17,0.1,rolling,356,548,23.04936886,1000,5,,0.901459854,4014.759124,6651,7128,1
17,0.1,static,356,548,14.4408226,45390,86,,0.7408759124,2227.173358,120,7128,3
17,0.1,rolling,356,548,22.69754791,1000,6,,0.8923357664,3949.385036,6398,7128,3
17,0.1,static,356,548,14.4408226,43150,86,,0.7408759124,2227.173358,120,7128,7
17,0.1,rolling,356,548,19.44257212,1000,9,,0.8430656934,3288.472628,950.5,7128,7
17,0.1,static,357,406,14.4408226,46996,87,,0.7807881773,1538.76601,108,7128,0
17,0.1,rolling,357,406,23.49215508,1000,2,,0.9187192118,4005.418719,6131,7128,0
17,0.1,static,357,406,14.4408226,46448,87,,0.7807881773,1538.76601,108,7128,1
17,0.1,rolling,357,406,23.43413365,1000,4,,0.9187192118,3993.874384,6082,7128,1
17,0.1,static,357,406,14.4408226,45632,87,,0.7807881773,1538.76601,108,7128,3
17,0.1,rolling,357,406,22.88516271,1000,6,,0.9113300493,3843.054187,5541.5,7128,3
17,0.1,static,357,406,14.4408226,43750,87,,0.7807881773,1538.76601,108,7128,7
17,0.1,rolling,357,406,21.8536346,1000,9,,0.9088669951,3631.463054,4181.5,7128,7
17,0.1,static,358,300,14.4408226,47402,88,,0.8066666667,1558.476667,67.5,7128,0
17,0.1,rolling,358,300,22.93526649,1000,3,,0.9133333333,3469.65,1713.5,7128,0
17,0.1,static,358,300,14.4408226,46996,88,,0.8066666667,1558.476667,67.5,7128,1
17,0.1,rolling,358,300,23.49215508,1000,3,,0.9266666667,3620.333333,3677.5,7128,1
17,0.1,static,358,300,14.4408226,45870,88,,0.8066666667,1558.476667,67.5,7128,3
17,0.1,rolling,358,300,23.04936886,1000,7,,0.9133333333,3492.05,1826.5,7128,3
17,0.1,static,358,300,14.4408226,44406,88,,0.8066666667,1558.476667,67.5,7128,7
17,0.1,rolling,358,300,21.67502213,1000,9,,0.9,3161.823333,1033,7128,7
17,0.1,static,359,330,14.4408226,47702,89,,0.8212121212,2523.963636,318,7128,0
17,0.1,rolling,359,330,22.52033615,1000,3,,0.9606060606,4551.212121,7116.5,7128,0
17,0.1,static,359,330,14.4408226,47402,89,,0.8212121212,2523.963636,318,7128,1
17,0.1,rolling,359,330,22.93526649,1000,4,,0.9606060606,4619.948485,7122.5,7128,1
17,0.1,static,359,330,14.4408226,46448,89,,0.8212121212,2523.963636,318,7128,3
17,0.1,rolling,359,330,23.43413365,1000,6,,0.9606060606,4702.99697,7125,7128,3
17,0.1,static,359,330,14.4408226,44928,89,,0.8212121212,2523.963636,318,7128,7
17,0.1,rolling,359,330,22.48165321,1000,9,,0.9606060606,4543.687879,7116.5,7128,7
17,0.1,static,360,228,14.4408226,48032,90,,0.7456140351,1685.828947,82.5,7128,0
17,0.1,rolling,360,228,19.21228799,1000,3,,0.8903508772,2815.048246,531,7128,0
17,0.1,static,360,228,14.4408226,47702,90,,0.7456140351,1685.828947,82.5,7128,1
17,0.1,rolling,360,228,22.52033615,1000,4,,0.9254385965,3671.991228,4084,7128,1
17,0.1,static,360,228,14.4408226,46996,90,,0.7456140351,1685.828947,82.5,7128,3
17,0.1,rolling,360,228,23.49215508,1000,5,,0.9385964912,3964.035088,5450,7128,3
17,0.1,static,360,228,14.4408226,45390,90,,0.7456140351,1685.828947,82.5,7128,7
17,0.1,rolling,360,228,22.69754791,1000,10,,0.9254385965,3736.666667,4293,7128,7
17,0.1,static,361,246,14.4408226,48260,91,,0.7601626016,1654.073171,55,7128,0
17,0.1,rolling,361,246,20.07513607,1000,4,,0.8739837398,2912.963415,552,7128,0
17,0.1,static,361,246,14.4408226,48032,91,,0.7601626016,1654.073171,55,7128,1
17,0.1,rolling,361,246,19.21228799,1000,4,,0.8617886179,2685.825203,411,7128,1
17,0.1,static,361,246,14.4408226,47402,91,,0.7601626016,1654.073171,55,7128,3
17,0.1,rolling,361,246,22.93526649,1000,6,,0.9308943089,3474.361789,1518,7128,3
17,0.1,static,361,246,14.4408226,45632,91,,0.7601626016,1654.073171,55,7128,7
17,0.1,rolling,361,246,22.88516271,1000,10,,0.9308943089,3468.191057,1495,7128,7
17,0.1,static,362,620,14.4408226,48506,92,,0.7564516129,1576.491935,61,7128,0
17,0.1,rolling,362,620,19.46426964,1000,4,,0.8403225806,2611.616129,288,7128,0
17,0.1,static,362,620,14.4408226,48260,92,,0.7564516129,1576.491935,61,7128,1
17,0.1,rolling,362,620,20.07513607,1000,5,,0.8564516129,2773.833871,388,7128,1
17,0.1,static,362,620,14.4408226,47702,92,,0.7564516129,1576.491935,61,7128,3
17,0.1,rolling,362,620,22.52033615,1000,6,,0.8919354839,3367.024194,1233.5,7128,3
17,0.1,static,362,620,14.4408226,45870,92,,0.7564516129,1576.491935,61,7128,7
17,0.1,rolling,362,620,23.04936886,1000,11,,0.8951612903,3468.943548,1610,7128,7
17,0.1,static,363,386,14.4408226,49126,93,,0.7875647668,1805.474093,55,7128,0
17,0.1,rolling,363,386,22.31639314,1000,3,,0.9196891192,3329.108808,1524,7128,0
17,0.1,static,363,386,14.4408226,48506,93,,0.7875647668,1805.474093,55,7128,1
17,0.1,rolling,363,386,19.46426964,1000,5,,0.8652849741,2752.831606,296,7128,1
17,0.1,static,363,386,14.4408226,48032,93,,0.7875647668,1805.474093,55,7128,3
17,0.1,rolling,363,386,19.21228799,1000,6,,0.8652849741,2700.339378,265,7128,3
17,0.1,static,363,386,14.4408226,46448,93,,0.7875647668,1805.474093,55,7128,7
17,0.1,rolling,363,386,23.43413365,1000,10,,0.9248704663,3586.588083,3970,7128,7
17,0.1,static,364,354,14.4408226,49512,94,,0.7457627119,1554.440678,63.5,7128,0
17,0.1,rolling,364,354,22.09161568,1000,2,,0.8898305085,3501.929379,2176,7128,0
17,0.1,static,364,354,14.4408226,49126,94,,0.7457627119,1554.440678,63.5,7128,1
17,0.1,rolling,364,354,22.31639314,1000,4,,0.906779661,3562.677966,3667.5,7128,1
17,0.1,static,364,354,14.4408226,48260,94,,0.7457627119,1554.440678,63.5,7128,3
17,0.1,rolling,364,354,20.07513607,1000,7,,0.8559322034,2968.454802,653,7128,3
17,0.1,static,364,354,14.4408226,46996,94,,0.7457627119,1554.440678,63.5,7128,7
17,0.1,rolling,364,354,23.49215508,1000,9,,0.9124293785,3787.624294,5225,7128,7
17,0.2,static,292,730,14.28878152,11270,22,,0.8698630137,3463.806849,1659,7128,0
17,0.2,rolling,292,730,14.42218304,1000,3,,0.8726027397,3501.447945,1780.5,7128,0
17,0.2,static,292,730,14.28878152,11270,22,,0.8698630137,3463.806849,1659,7128,1
17,0.2,rolling,292,730,14.42218304,1000,3,,0.8726027397,3501.447945,1780.5,7128,1
17,0.2,static,292,730,14.28878152,11270,22,,0.8698630137,3463.806849,1659,7128,3
17,0.2,rolling,292,730,14.42218304,1000,3,,0.8726027397,3501.447945,1780.5,7128,3
17,0.2,static,292,730,14.28878152,11270,22,,0.8698630137,3463.806849,1659,7128,7
17,0.2,rolling,292,730,14.42218304,1000,3,,0.8726027397,3501.447945,1780.5,7128,7
17,0.2,static,293,658,14.28878152,12000,23,,0.914893617,3545.557751,1976,7128,0
17,0.2,rolling,293,658,14.9232325,1000,2,,0.9240121581,3764.468085,4583,7128,0
17,0.2,static,293,658,14.28878152,11270,23,,0.914893617,3545.557751,1976,7128,1
17,0.2,rolling,293,658,14.42218304,1000,4,,0.9224924012,3587.209726,2247,7128,1
17,0.2,static,293,658,14.28878152,11270,23,,0.914893617,3545.557751,1976,7128,3
17,0.2,rolling,293,658,14.42218304,1000,4,,0.9224924012,3587.209726,2247,7128,3
17,0.2,static,293,658,14.28878152,11270,23,,0.914893617,3545.557751,1976,7128,7
17,0.2,rolling,293,658,14.42218304,1000,4,,0.9224924012,3587.209726,2247,7128,7
17,0.2,static,294,618,14.28878152,12658,24,,0.8495145631,3329.200647,1375,7128,0
17,0.2,rolling,294,618,14.92362431,1000,2,,0.8608414239,3545.237864,2138,7128,0
17,0.2,static,294,618,14.28878152,12000,24,,0.8495145631,3329.200647,1375,7128,1
17,0.2,rolling,294,618,14.9232325,1000,3,,0.8608414239,3545.11165,2137,7128,1
17,0.2,static,294,618,14.28878152,11270,24,,0.8495145631,3329.200647,1375,7128,3
17,0.2,rolling,294,618,14.42218304,1000,5,,0.8511326861,3372.088997,1487,7128,3
17,0.2,static,294,618,14.28878152,11270,24,,0.8495145631,3329.200647,1375,7128,7
17,0.2,rolling,294,618,14.42218304,1000,5,,0.8511326861,3372.088997,1487,7128,7
17,0.2,static,295,666,14.28878152,13276,25,,0.8828828829,3312.857357,1395,7128,0
17,0.2,rolling,295,666,15.86718941,1000,2,,0.9159159159,3956.594595,5325.5,7128,0
17,0.2,static,295,666,14.28878152,12658,25,,0.8828828829,3312.857357,1395,7128,1
17,0.2,rolling,295,666,14.92362431,1000,3,,0.8993993994,3559.509009,2194,7128,1
17,0.2,static,295,666,14.28878152,11270,25,,0.8828828829,3312.857357,1395,7128,3
17,0.2,rolling,295,666,14.42218304,1000,6,,0.8873873874,3361.509009,1492,7128,3
17,0.2,static,295,666,14.28878152,11270,25,,0.8828828829,3312.857357,1395,7128,7
17,0.2,rolling,295,666,14.42218304,1000,6,,0.8873873874,3361.509009,1492,7128,7
17,0.2,static,296,516,14.28878152,13942,26,,0.8430232558,3369.666667,1669.5,7128,0
17,0.2,rolling,296,516,15.99952297,1000,2,,0.8798449612,3960.125969,5912.5,7128,0
17,0.2,static,296,516,14.28878152,13276,26,,0.8430232558,3369.666667,1669.5,7128,1
17,0.2,rolling,296,516,15.86718941,1000,3,,0.8720930233,3924.906977,5680,7128,1
17,0.2,static,296,516,14.28878152,12000,26,,0.8430232558,3369.666667,1669.5,7128,3
17,0.2,rolling,296,516,14.9232325,1000,5,,0.8449612403,3597.99031,3982.5,7128,3
17,0.2,static,296,516,14.28878152,11270,26,,0.8430232558,3369.666667,1669.5,7128,7
17,0.2,rolling,296,516,14.42218304,1000,7,,0.8430232558,3416.761628,1895,7128,7
17,0.2,static,297,292,14.28878152,14458,27,,0.8356164384,2686.962329,356,7128,0
17,0.2,rolling,297,292,16.0117408,1000,2,,0.8664383562,3288.976027,1280,7128,0
17,0.2,static,297,292,14.28878152,13942,27,,0.8356164384,2686.962329,356,7128,1
17,0.2,rolling,297,292,15.99952297,1000,3,,0.8664383562,3285.589041,1261.5,7128,1
17,0.2,static,297,292,14.28878152,12658,27,,0.8356164384,2686.962329,356,7128,3
17,0.2,rolling,297,292,14.92362431,1000,5,,0.845890411,2914.613014,555,7128,3
17,0.2,static,297,292,14.28878152,11270,27,,0.8356164384,2686.962329,356,7128,7
17,0.2,rolling,297,292,14.42218304,1000,8,,0.8390410959,2739.89726,386.5,7128,7
17,0.2,static,298,252,14.28878152,14750,28,,0.869047619,2868.789683,604,7128,0
17,0.2,rolling,298,252,17.09329543,1000,3,,0.9484126984,3941.769841,5902,7128,0
17,0.2,static,298,252,14.28878152,14458,28,,0.869047619,2868.789683,604,7128,1
17,0.2,rolling,298,252,16.0117408,1000,3,,0.9285714286,3596.511905,3211,7128,1
17,0.2,static,298,252,14.28878152,13276,28,,0.869047619,2868.789683,604,7128,3
17,0.2,rolling,298,252,15.86718941,1000,5,,0.9285714286,3557,3049,7128,3
17,0.2,static,298,252,14.28878152,11270,28,,0.869047619,2868.789683,604,7128,7
17,0.2,rolling,298,252,14.42218304,1000,9,,0.869047619,2931.353175,684.5,7128,7
17,0.2,static,299,702,14.28878152,15002,29,,0.8675213675,3179.678063,1119,7128,0
17,0.2,rolling,299,702,16.24278927,1000,3,,0.8974358974,3809.807692,5621.5,7128,0
17,0.2,static,299,702,14.28878152,14750,29,,0.8675213675,3179.678063,1119,7128,1
17,0.2,rolling,299,702,17.09329543,1000,4,,0.905982906,4032.81339,6591.5,7128,1
17,0.2,static,299,702,14.28878152,13942,29,,0.8675213675,3179.678063,1119,7128,3
17,0.2,rolling,299,702,15.99952297,1000,5,,0.8888888889,3747.437322,5296,7128,3
17,0.2,static,299,702,14.28878152,11270,29,,0.8675213675,3179.678063,1119,7128,7
17,0.2,rolling,299,702,14.42218304,1000,10,,0.8689458689,3226.418803,1211,7128,7
17,0.2,static,300,664,14.28878152,15704,30,,0.8704819277,3291.683735,1249.5,7128,0
17,0.2,rolling,300,664,16.15083599,1000,3,,0.9036144578,3939.001506,5921,7128,0
17,0.2,static,300,664,14.28878152,15002,30,,0.8704819277,3291.683735,1249.5,7128,1
17,0.2,rolling,300,664,16.24278927,1000,4,,0.906626506,3969.798193,6086.5,7128,1
17,0.2,static,300,664,14.28878152,14458,30,,0.8704819277,3291.683735,1249.5,7128,3
17,0.2,rolling,300,664,16.0117408,1000,5,,0.9021084337,3893.379518,5668.5,7128,3
17,0.2,static,300,664,14.28878152,12000,30,,0.8704819277,3291.683735,1249.5,7128,7
17,0.2,rolling,300,664,14.9232325,1000,9,,0.8870481928,3512.98494,2257,7128,7
17,0.2,static,301,616,14.28878152,16368,31,,0.8717532468,3554.709416,3963.5,7128,0
17,0.2,rolling,301,616,16.56240796,1000,2,,0.913961039,4196.818182,6868.5,7128,0
17,0.2,static,301,616,14.28878152,15704,31,,0.8717532468,3554.709416,3963.5,7128,1
17,0.2,rolling,301,616,16.15083599,1000,4,,0.9042207792,4085.420455,6715,7128,1
17,0.2,static,301,616,14.28878152,14750,31,,0.8717532468,3554.709416,3963.5,7128,3
17,0.2,rolling,301,616,17.09329543,1000,6,,0.9220779221,4313.584416,7035,7128,3
17,0.2,static,301,616,14.28878152,12658,31,,0.8717532468,3554.709416,3963.5,7128,7
17,0.2,rolling,301,616,14.92362431,1000,9,,0.8863636364,3752.766234,5281.5,7128,7
17,0.2,static,302,570,14.28878152,16984,32,,0.8473684211,3109.149123,780,7128,0
17,0.2,rolling,302,570,16.07564378,1000,2,,0.8754385965,3632.819298,3994,7128,0
17,0.2,static,302,570,14.28878152,16368,32,,0.8473684211,3109.149123,780,7128,1
17,0.2,rolling,302,570,16.56240796,1000,3,,0.8877192982,3781.605263,4845,7128,1
17,0.2,static,302,570,14.28878152,15002,32,,0.8473684211,3109.149123,780,7128,3
17,0.2,rolling,302,570,16.24278927,1000,6,,0.8789473684,3675.582456,4272,7128,3
17,0.2,static,302,570,14.28878152,13276,32,,0.8473684211,3109.149123,780,7128,7
17,0.2,rolling,302,570,15.86718941,1000,9,,0.8684210526,3570.231579,2418,7128,7
17,0.2,static,303,542,14.28878152,17554,33,,0.86900369,3265.501845,1127.5,7128,0
17,0.2,rolling,303,542,17.07124424,1000,2,,0.9095940959,4103.448339,6573,7128,0
17,0.2,static,303,542,14.28878152,16984,33,,0.86900369,3265.501845,1127.5,7128,1
17,0.2,rolling,303,542,16.07564378,1000,3,,0.8856088561,3802.5,5277,7128,1
17,0.2,static,303,542,14.28878152,15704,33,,0.86900369,3265.501845,1127.5,7128,3
17,0.2,rolling,303,542,16.15083599,1000,6,,0.8874538745,3828.339483,5395,7128,3
17,0.2,static,303,542,14.28878152,13942,33,,0.86900369,3265.501845,1127.5,7128,7
17,0.2,rolling,303,542,15.99952297,1000,9,,0.8856088561,3781.199262,5128,7128,7
17,0.2,static,304,328,14.28878152,18096,34,,0.8567073171,2936.963415,651.5,7128,0
17,0.2,rolling,304,328,16.38938475,1000,2,,0.875,3596.353659,3687.5,7128,0
17,0.2,static,304,328,14.28878152,17554,34,,0.8567073171,2936.963415,651.5,7128,1
17,0.2,rolling,304,328,17.07124424,1000,3,,0.8932926829,3795.567073,5023.5,7128,1
17,0.2,static,304,328,14.28878152,16368,34,,0.8567073171,2936.963415,651.5,7128,3
17,0.2,rolling,304,328,16.56240796,1000,5,,0.887195122,3648.820122,4097,7128,3
17,0.2,static,304,328,14.28878152,14458,34,,0.8567073171,2936.963415,651.5,7128,7
17,0.2,rolling,304,328,16.0117408,1000,9,,0.875,3491.42378,1774,7128,7
17,0.2,static,305,328,14.28878152,18424,35,,0.875,2697.521341,459,7128,0
17,0.2,rolling,305,328,17.09840631,1000,3,,0.9390243902,3793.060976,5422.5,7128,0
17,0.2,static,305,328,14.28878152,18096,35,,0.875,2697.521341,459,7128,1
17,0.2,rolling,305,328,16.38938475,1000,3,,0.9176829268,3540.844512,4020.5,7128,1
17,0.2,static,305,328,14.28878152,16984,35,,0.875,2697.521341,459,7128,3
17,0.2,rolling,305,328,16.07564378,1000,5,,0.9146341463,3434.213415,2221.5,7128,3
17,0.2,static,305,328,14.28878152,14750,35,,0.875,2697.521341,459,7128,7
17,0.2,rolling,305,328,17.09329543,1000,10,,0.9390243902,3791.146341,5408.5,7128,7
17,0.2,static,306,582,14.28878152,18752,36,,0.8642611684,2968.914089,570.5,7128,0
17,0.2,rolling,306,582,16.54932737,1000,3,,0.8865979381,3618.914089,3527,7128,0
17,0.2,static,306,582,14.28878152,18424,36,,0.8642611684,2968.914089,570.5,7128,1
17,0.2,rolling,306,582,17.09840631,1000,4,,0.9003436426,3802.410653,5120,7128,1
17,0.2,static,306,582,14.28878152,17554,36,,0.8642611684,2968.914089,570.5,7128,3
17,0.2,rolling,306,582,17.07124424,1000,5,,0.9003436426,3793.180412,5037.5,7128,3
17,0.2,static,306,582,14.28878152,15002,36,,0.8642611684,2968.914089,570.5,7128,7
17,0.2,rolling,306,582,16.24278927,1000,10,,0.881443299,3539.221649,2088,7128,7
17,0.2,static,307,588,14.28878152,19334,37,,0.8520408163,3148.239796,1030.5,7128,0
17,0.2,rolling,307,588,16.70671797,1000,3,,0.8962585034,3908.508503,6305.5,7128,0
17,0.2,static,307,588,14.28878152,18752,37,,0.8520408163,3148.239796,1030.5,7128,1
17,0.2,rolling,307,588,16.54932737,1000,4,,0.8962585034,3858.636054,6004,7128,1
17,0.2,static,307,588,14.28878152,18096,37,,0.8520408163,3148.239796,1030.5,7128,3
17,0.2,rolling,307,588,16.38938475,1000,5,,0.8945578231,3820.035714,5709,7128,3
17,0.2,static,307,588,14.28878152,15704,37,,0.8520408163,3148.239796,1030.5,7128,7
17,0.2,rolling,307,588,16.15083599,1000,10,,0.8894557823,3758.418367,5362.5,7128,7
17,0.2,static,308,562,14.28878152,19922,38,,0.8612099644,3250.802491,914.5,7128,0
17,0.2,rolling,308,562,16.82828712,1000,2,,0.8914590747,3896.419929,6003.5,7128,0
17,0.2,static,308,562,14.28878152,19334,38,,0.8612099644,3250.802491,914.5,7128,1
17,0.2,rolling,308,562,16.70671797,1000,4,,0.8879003559,3865.797153,5828,7128,1
17,0.2,static,308,562,14.28878152,18424,38,,0.8612099644,3250.802491,914.5,7128,3
17,0.2,rolling,308,562,17.09840631,1000,6,,0.8950177936,3961.439502,6244.5,7128,3
17,0.2,static,308,562,14.28878152,16368,38,,0.8612099644,3250.802491,914.5,7128,7
17,0.2,rolling,308,562,16.56240796,1000,9,,0.884341637,3838.679715,5657.5,7128,7
17,0.2,static,309,626,14.28878152,20484,39,,0.8434504792,3280.202875,1152,7128,0
17,0.2,rolling,309,626,17.07365823,1000,2,,0.9009584665,4046.880192,6518.5,7128,0
17,0.2,static,309,626,14.28878152,19922,39,,0.8434504792,3280.202875,1152,7128,1
17,0.2,rolling,309,626,16.82828712,1000,3,,0.8961661342,3987.159744,6264,7128,1
17,0.2,static,309,626,14.28878152,18752,39,,0.8434504792,3280.202875,1152,7128,3
17,0.2,rolling,309,626,16.54932737,1000,6,,0.892971246,3920.132588,5748.5,7128,3
17,0.2,static,309,626,14.28878152,16984,39,,0.8434504792,3280.202875,1152,7128,7
17,0.2,rolling,309,626,16.07564378,1000,9,,0.8865814696,3801.065495,5030,7128,7
17,0.2,static,310,620,14.28878152,21110,40,,0.8661290323,2548.23871,276,7128,0
17,0.2,rolling,310,620,17.18890667,1000,2,,0.935483871,3472.941935,2156,7128,0
17,0.2,static,310,620,14.28878152,20484,40,,0.8661290323,2548.23871,276,7128,1
17,0.2,rolling,310,620,17.07365823,1000,3,,0.9338709677,3436.022581,1855,7128,1
17,0.2,static,310,620,14.28878152,19334,40,,0.8661290323,2548.23871,276,7128,3
17,0.2,rolling,310,620,16.70671797,1000,6,,0.9258064516,3319.385484,1462.5,7128,3
17,0.2,static,310,620,14.28878152,17554,40,,0.8661290323,2548.23871,276,7128,7
17,0.2,rolling,310,620,17.07124424,1000,9,,0.9338709677,3435.222581,1852,7128,7
17,0.2,static,311,438,14.28878152,21730,41,,0.8630136986,2273.420091,180,7128,0
17,0.2,rolling,311,438,16.35102129,1000,2,,0.901826484,2829.477169,482.5,7128,0
17,0.2,static,311,438,14.28878152,21110,41,,0.8630136986,2273.420091,180,7128,1
17,0.2,rolling,311,438,17.18890667,1000,3,,0.9132420091,3048.769406,712,7128,1
17,0.2,static,311,438,14.28878152,19922,41,,0.8630136986,2273.420091,180,7128,3
17,0.2,rolling,311,438,16.82828712,1000,5,,0.904109589,2963.285388,590,7128,3
17,0.2,static,311,438,14.28878152,18096,41,,0.8630136986,2273.420091,180,7128,7
17,0.2,rolling,311,438,16.38938475,1000,9,,0.901826484,2841.40411,492,7128,7
17,0.2,static,312,460,14.28878152,22168,42,,0.8413043478,2157.008696,183.5,7128,0
17,0.2,rolling,312,460,15.87267876,1000,2,,0.8695652174,2716.534783,359,7128,0
17,0.2,static,312,460,14.28878152,21730,42,,0.8413043478,2157.008696,183.5,7128,1
17,0.2,rolling,312,460,16.35102129,1000,3,,0.8739130435,2865.363043,454,7128,1
17,0.2,static,312,460,14.28878152,20484,42,,0.8413043478,2157.008696,183.5,7128,3
17,0.2,rolling,312,460,17.07365823,1000,5,,0.8956521739,3092.202174,614.5,7128,3
17,0.2,static,312,460,14.28878152,18424,42,,0.8413043478,2157.008696,183.5,7128,7
17,0.2,rolling,312,460,17.09840631,1000,10,,0.8956521739,3100.426087,625.5,7128,7
17,0.2,static,313,794,14.28878152,22628,43,,0.8450881612,2348.027708,200.5,7128,0
17,0.2,rolling,313,794,16.81462479,1000,3,,0.9042821159,3098.089421,777.5,7128,0
17,0.2,static,313,794,14.28878152,22168,43,,0.8450881612,2348.027708,200.5,7128,1
17,0.2,rolling,313,794,15.87267876,1000,3,,0.8841309824,2825.079345,427.5,7128,1
17,0.2,static,313,794,14.28878152,21110,43,,0.8450881612,2348.027708,200.5,7128,3
17,0.2,rolling,313,794,17.18890667,1000,5,,0.9068010076,3200.619647,966.5,7128,3
17,0.2,static,313,794,14.28878152,18752,43,,0.8450881612,2348.027708,200.5,7128,7
17,0.2,rolling,313,794,16.54932737,1000,10,,0.8967254408,3022.777078,660.5,7128,7
17,0.2,static,314,678,14.28878152,23422,44,,0.8495575221,2601.202065,330,7128,0
17,0.2,rolling,314,678,17.15543127,1000,2,,0.9056047198,3493.752212,1901.5,7128,0
17,0.2,static,314,678,14.28878152,22628,44,,0.8495575221,2601.202065,330,7128,1
17,0.2,rolling,314,678,16.81462479,1000,4,,0.8997050147,3404.787611,1537,7128,1
17,0.2,static,314,678,14.28878152,21730,44,,0.8495575221,2601.202065,330,7128,3
17,0.2,rolling,314,678,16.35102129,1000,5,,0.889380531,3262.628319,1213.5,7128,3
17,0.2,static,314,678,14.28878152,19334,44,,0.8495575221,2601.202065,330,7128,7
17,0.2,rolling,314,678,16.70671797,1000,10,,0.8982300885,3368.454277,1474,7128,7
17,0.2,static,315,774,14.28878152,24100,45,,0.8281653747,2551.731266,331,7128,0
17,0.2,rolling,315,774,17.37816095,1000,2,,0.8927648579,3540.054264,1955.5,7128,0
17,0.2,static,315,774,14.28878152,23422,45,,0.8281653747,2551.731266,331,7128,1
17,0.2,rolling,315,774,17.15543127,1000,3,,0.8888888889,3487.409561,1718,7128,1
17,0.2,static,315,774,14.28878152,22168,45,,0.8281653747,2551.731266,331,7128,3
17,0.2,rolling,315,774,15.87267876,1000,5,,0.8656330749,3136.050388,881,7128,3
17,0.2,static,315,774,14.28878152,19922,45,,0.8281653747,2551.731266,331,7128,7
17,0.2,rolling,315,774,16.82828712,1000,9,,0.8837209302,3398.904393,1486,7128,7
17,0.2,static,316,758,14.28878152,24874,46,,0.8548812665,2660.328496,510,7128,0
17,0.2,rolling,316,758,18.35450745,1000,2,,0.9182058047,4166.510554,6350,7128,0
17,0.2,static,316,758,14.28878152,24100,46,,0.8548812665,2660.328496,510,7128,1
17,0.2,rolling,316,758,17.37816095,1000,3,,0.8997361478,3795.259894,5238.5,7128,1
17,0.2,static,316,758,14.28878152,22628,46,,0.8548812665,2660.328496,510,7128,3
17,0.2,rolling,316,758,16.81462479,1000,6,,0.8944591029,3615.76781,4181,7128,3
17,0.2,static,316,758,14.28878152,20484,46,,0.8548812665,2660.328496,510,7128,7
17,0.2,rolling,316,758,17.07365823,1000,9,,0.8944591029,3696.671504,4760,7128,7
17,0.2,static,317,630,14.28878152,25632,47,,0.8444444444,2226.144444,199.5,7128,0
17,0.2,rolling,317,630,17.50053596,1000,2,,0.8936507937,3241.368254,1133,7128,0
17,0.2,static,317,630,14.28878152,24874,47,,0.8444444444,2226.144444,199.5,7128,1
17,0.2,rolling,317,630,18.35450745,1000,3,,0.9174603175,3500.987302,2344.5,7128,1
17,0.2,static,317,630,14.28878152,23422,47,,0.8444444444,2226.144444,199.5,7128,3
17,0.2,rolling,317,630,17.15543127,1000,5,,0.8888888889,3148.62381,970,7128,3
17,0.2,static,317,630,14.28878152,21110,47,,0.8444444444,2226.144444,199.5,7128,7
17,0.2,rolling,317,630,17.18890667,1000,9,,0.8888888889,3157,980,7128,7
17,0.2,static,318,342,14.28878152,26262,48,,0.8304093567,2292.961988,168,7128,0
17,0.2,rolling,318,342,17.82950974,1000,2,,0.9035087719,3245.815789,1127.5,7128,0
17,0.2,static,318,342,14.28878152,25632,48,,0.8304093567,2292.961988,168,7128,1
17,0.2,rolling,318,342,17.50053596,1000,3,,0.8947368421,3172.327485,901,7128,1
17,0.2,static,318,342,14.28878152,24100,48,,0.8304093567,2292.961988,168,7128,3
17,0.2,rolling,318,342,17.37816095,1000,5,,0.8947368421,3145.926901,834.5,7128,3
17,0.2,static,318,342,14.28878152,21730,48,,0.8304093567,2292.961988,168,7128,7
17,0.2,rolling,318,342,16.35102129,1000,9,,0.8713450292,2863.766082,482.5,7128,7
17,0.2,static,319,324,14.28878152,26604,49,,0.8487654321,2396.444444,329.5,7128,0
17,0.2,rolling,319,324,17.75165272,1000,3,,0.9043209877,3554.166667,2251.5,7128,0
17,0.2,static,319,324,14.28878152,26262,49,,0.8487654321,2396.444444,329.5,7128,1
17,0.2,rolling,319,324,17.82950974,1000,3,,0.9043209877,3572.487654,2403,7128,1
17,0.2,static,319,324,14.28878152,24874,49,,0.8487654321,2396.444444,329.5,7128,3
17,0.2,rolling,319,324,18.35450745,1000,5,,0.9166666667,3710.873457,4467,7128,3
17,0.2,static,319,324,14.28878152,22168,49,,0.8487654321,2396.444444,329.5,7128,7
17,0.2,rolling,319,324,15.87267876,1000,9,,0.8765432099,3000.947531,781,7128,7
17,0.2,static,320,736,14.28878152,26928,50,,0.8369565217,2951.6875,452,7128,0
17,0.2,rolling,320,736,17.85423708,1000,3,,0.8980978261,3934.422554,6142.5,7128,0
17,0.2,static,320,736,14.28878152,26604,50,,0.8369565217,2951.6875,452,7128,1
17,0.2,rolling,320,736,17.75165272,1000,4,,0.8967391304,3906.04212,5981.5,7128,1
17,0.2,static,320,736,14.28878152,25632,50,,0.8369565217,2951.6875,452,7128,3
17,0.2,rolling,320,736,17.50053596,1000,5,,0.8913043478,3846.460598,5603.5,7128,3
17,0.2,static,320,736,14.28878152,22628,50,,0.8369565217,2951.6875,452,7128,7
17,0.2,rolling,320,736,16.81462479,1000,10,,0.8817934783,3665.169837,4397,7128,7
17,0.2,static,321,680,14.28878152,27664,51,,0.8441176471,2727.464706,532.5,7128,0
17,0.2,rolling,321,680,17.85423708,1000,2,,0.9117647059,3990.176471,5835,7128,0
17,0.2,static,321,680,14.28878152,26928,51,,0.8441176471,2727.464706,532.5,7128,1
17,0.2,rolling,321,680,17.85423708,1000,4,,0.9117647059,3990.176471,5835,7128,1
17,0.2,static,321,680,14.28878152,26262,51,,0.8441176471,2727.464706,532.5,7128,3
17,0.2,rolling,321,680,17.82950974,1000,5,,0.9117647059,3983.285294,5809.5,7128,3
17,0.2,static,321,680,14.28878152,23422,51,,0.8441176471,2727.464706,532.5,7128,7
17,0.2,rolling,321,680,17.15543127,1000,9,,0.9029411765,3737.135294,4993.5,7128,7
17,0.2,static,322,668,14.28878152,28344,52,,0.8517964072,2896.607784,634,7128,0
17,0.2,rolling,322,668,18.23426151,1000,2,,0.9266467066,4108.26497,6593,7128,0
17,0.2,static,322,668,14.28878152,27664,52,,0.8517964072,2896.607784,634,7128,1
17,0.2,rolling,322,668,17.85423708,1000,3,,0.9146706587,4007.640719,6324,7128,1
17,0.2,static,322,668,14.28878152,26604,52,,0.8517964072,2896.607784,634,7128,3
17,0.2,rolling,322,668,17.75165272,1000,6,,0.9146706587,3984.214072,6236,7128,3
17,0.2,static,322,668,14.28878152,24100,52,,0.8517964072,2896.607784,634,7128,7
17,0.2,rolling,322,668,17.37816095,1000,9,,0.9101796407,3877.480539,5812,7128,7
17,0.2,static,323,668,14.28878152,29012,53,,0.8143712575,2639.601796,606,7128,0
17,0.2,rolling,323,668,16.92999077,1000,2,,0.878742515,3641.654192,4491.5,7128,0
17,0.2,static,323,668,14.28878152,28344,53,,0.8143712575,2639.601796,606,7128,1
17,0.2,rolling,323,668,18.23426151,1000,3,,0.8997005988,4007.007485,6249,7128,1
17,0.2,static,323,668,14.28878152,26928,53,,0.8143712575,2639.601796,606,7128,3
17,0.2,rolling,323,668,17.85423708,1000,6,,0.8982035928,3910.092814,5834,7128,3
17,0.2,static,323,668,14.28878152,24874,53,,0.8143712575,2639.601796,606,7128,7
17,0.2,rolling,323,668,18.35450745,1000,9,,0.9071856287,4035.67515,6339.5,7128,7
17,0.2,static,324,796,14.28878152,29680,54,,0.7927135678,2477.464824,283.5,7128,0
17,0.2,rolling,324,796,18.16915751,1000,2,,0.8881909548,3606.084171,4002.5,7128,0
17,0.2,static,324,796,14.28878152,29012,54,,0.7927135678,2477.464824,283.5,7128,1
17,0.2,rolling,324,796,16.92999077,1000,3,,0.864321608,3260.748744,1297.5,7128,1
17,0.2,static,324,796,14.28878152,27664,54,,0.7927135678,2477.464824,283.5,7128,3
17,0.2,rolling,324,796,17.85423708,1000,5,,0.8844221106,3518.253769,2165.5,7128,3
17,0.2,static,324,796,14.28878152,25632,54,,0.7927135678,2477.464824,283.5,7128,7
17,0.2,rolling,324,796,17.50053596,1000,9,,0.8768844221,3415.155779,1729,7128,7
17,0.2,static,325,398,14.28878152,30476,55,,0.7713567839,2642.615578,196,7128,0
17,0.2,rolling,325,398,18.44327164,1000,2,,0.8793969849,3596.982412,3747,7128,0
17,0.2,static,325,398,14.28878152,29680,55,,0.7713567839,2642.615578,196,7128,1
17,0.2,rolling,325,398,18.16915751,1000,3,,0.8693467337,3535.344221,1998,7128,1
17,0.2,static,325,398,14.28878152,28344,55,,0.7713567839,2642.615578,196,7128,3
17,0.2,rolling,325,398,18.23426151,1000,5,,0.8718592965,3546.919598,2071,7128,3
17,0.2,static,325,398,14.28878152,26262,55,,0.7713567839,2642.615578,196,7128,7
17,0.2,rolling,325,398,17.82950974,1000,9,,0.8567839196,3464.565327,1700.5,7128,7
17,0.2,static,326,422,14.28878152,30874,56,,0.7630331754,1910.054502,105,7128,0
17,0.2,rolling,326,422,18.54450226,1000,2,,0.8720379147,2962.50237,562,7128,0
17,0.2,static,326,422,14.28878152,30476,56,,0.7630331754,1910.054502,105,7128,1
17,0.2,rolling,326,422,18.44327164,1000,3,,0.8672985782,2938.706161,542,7128,1
17,0.2,static,326,422,14.28878152,29012,56,,0.7630331754,1910.054502,105,7128,3
17,0.2,rolling,326,422,16.92999077,1000,5,,0.8341232227,2493.703791,270,7128,3
17,0.2,static,326,422,14.28878152,26604,56,,0.7630331754,1910.054502,105,7128,7
17,0.2,rolling,326,422,17.75165272,1000,10,,0.8483412322,2748.066351,384,7128,7
17,0.2,static,327,738,14.28878152,31296,57,,0.7994579946,2506.711382,245,7128,0
17,0.2,rolling,327,738,19.44695282,1000,3,,0.9092140921,3878.131436,5583.5,7128,0
17,0.2,static,327,738,14.28878152,30874,57,,0.7994579946,2506.711382,245,7128,1
17,0.2,rolling,327,738,18.54450226,1000,3,,0.8997289973,3666.45935,4272,7128,1
17,0.2,static,327,738,14.28878152,29680,57,,0.7994579946,2506.711382,245,7128,3
17,0.2,rolling,327,738,18.16915751,1000,5,,0.8902439024,3547.196477,3497,7128,3
17,0.2,static,327,738,14.28878152,26928,57,,0.7994579946,2506.711382,245,7128,7
17,0.2,rolling,327,738,17.85423708,1000,10,,0.8848238482,3449.650407,1883,7128,7
17,0.2,static,328,600,14.28878152,32034,58,,0.8066666667,2556.051667,374,7128,0
17,0.2,rolling,328,600,19.02866626,1000,2,,0.9,4061.375,6416.5,7128,0
17,0.2,static,328,600,14.28878152,31296,58,,0.8066666667,2556.051667,374,7128,1
17,0.2,rolling,328,600,19.44695282,1000,4,,0.91,4163.971667,6715.5,7128,1
17,0.2,static,328,600,14.28878152,30476,58,,0.8066666667,2556.051667,374,7128,3
17,0.2,rolling,328,600,18.44327164,1000,5,,0.895,3912.788333,5871,7128,3
17,0.2,static,328,600,14.28878152,27664,58,,0.8066666667,2556.051667,374,7128,7
17,0.2,rolling,328,600,17.85423708,1000,9,,0.8816666667,3753.676667,4980.5,7128,7
17,0.2,static,329,684,14.28878152,32634,59,,0.8347953216,2822.05848,380.5,7128,0
17,0.2,rolling,329,684,19.38062775,1000,2,,0.9166666667,4202.656433,6773,7128,0
17,0.2,static,329,684,14.28878152,32034,59,,0.8347953216,2822.05848,380.5,7128,1
17,0.2,rolling,329,684,19.02866626,1000,3,,0.9093567251,4123.785088,6545,7128,1
17,0.2,static,329,684,14.28878152,30874,59,,0.8347953216,2822.05848,380.5,7128,3
17,0.2,rolling,329,684,18.54450226,1000,5,,0.899122807,4008.103801,5958,7128,3
17,0.2,static,329,684,14.28878152,28344,59,,0.8347953216,2822.05848,380.5,7128,7
17,0.2,rolling,329,684,18.23426151,1000,9,,0.8947368421,3926.745614,5400,7128,7
17,0.2,static,330,640,14.28878152,33318,60,,0.8015625,2512.10625,373,7128,0
17,0.2,rolling,330,640,18.74193296,1000,2,,0.9203125,3936.90625,5780,7128,0
17,0.2,static,330,640,14.28878152,32634,60,,0.8015625,2512.10625,373,7128,1
17,0.2,rolling,330,640,19.38062775,1000,3,,0.925,4133.476562,6377,7128,1
17,0.2,static,330,640,14.28878152,31296,60,,0.8015625,2512.10625,373,7128,3
17,0.2,rolling,330,640,19.44695282,1000,6,,0.925,4149.609375,6430,7128,3
17,0.2,static,330,640,14.28878152,29012,60,,0.8015625,2512.10625,373,7128,7
17,0.2,rolling,330,640,16.92999077,1000,9,,0.884375,3386.19375,1784,7128,7
17,0.2,static,331,506,14.28878152,33958,61,,0.8438735178,2601.543478,290,7128,0
17,0.2,rolling,331,506,17.99681854,1000,2,,0.9071146245,3778.474308,4908,7128,0
17,0.2,static,331,506,14.28878152,33318,61,,0.8438735178,2601.543478,290,7128,1
17,0.2,rolling,331,506,18.74193296,1000,3,,0.9249011858,4033.58498,6014.5,7128,1
17,0.2,static,331,506,14.28878152,32034,61,,0.8438735178,2601.543478,290,7128,3
17,0.2,rolling,331,506,19.02866626,1000,5,,0.9249011858,4137.839921,6312,7128,3
17,0.2,static,331,506,14.28878152,29680,61,,0.8438735178,2601.543478,290,7128,7
17,0.2,rolling,331,506,18.16915751,1000,9,,0.9169960474,3837.750988,5198,7128,7
17,0.2,static,332,318,14.28878152,34464,62,,0.8427672956,2563.748428,277,7128,0
17,0.2,rolling,332,318,17.66370606,1000,2,,0.8993710692,3419.314465,1619.5,7128,0
17,0.2,static,332,318,14.28878152,33958,62,,0.8427672956,2563.748428,277,7128,1
17,0.2,rolling,332,318,17.99681854,1000,3,,0.9056603774,3503.977987,1900.5,7128,1
17,0.2,static,332,318,14.28878152,32634,62,,0.8427672956,2563.748428,277,7128,3
17,0.2,rolling,332,318,19.38062775,1000,5,,0.9182389937,3883.072327,5502,7128,3
17,0.2,static,332,318,14.28878152,30476,62,,0.8427672956,2563.748428,277,7128,7
17,0.2,rolling,332,318,18.44327164,1000,9,,0.9119496855,3632.672956,3914,7128,7
17,0.2,static,333,342,14.28878152,34782,63,,0.8011695906,2543.339181,284.5,7128,0
17,0.2,rolling,333,342,17.64433712,1000,3,,0.8801169591,3405.552632,1569.5,7128,0
17,0.2,static,333,342,14.28878152,34464,63,,0.8011695906,2543.339181,284.5,7128,1
17,0.2,rolling,333,342,17.66370606,1000,3,,0.8801169591,3409.72807,1583.5,7128,1
17,0.2,static,333,342,14.28878152,33318,63,,0.8011695906,2543.339181,284.5,7128,3
17,0.2,rolling,333,342,18.74193296,1000,5,,0.8976608187,3720.877193,4818,7128,3
17,0.2,static,333,342,14.28878152,30874,63,,0.8011695906,2543.339181,284.5,7128,7
17,0.2,rolling,333,342,18.54450226,1000,9,,0.8947368421,3672.505848,4383,7128,7
17,0.2,static,334,700,14.28878152,35124,64,,0.8357142857,2492.11,289.5,7128,0
17,0.2,rolling,334,700,17.86148298,1000,3,,0.9057142857,3639.227143,4264,7128,0
17,0.2,static,334,700,14.28878152,34782,64,,0.8357142857,2492.11,289.5,7128,1
17,0.2,rolling,334,700,17.64433712,1000,4,,0.9042857143,3572.392857,3939,7128,1
17,0.2,static,334,700,14.28878152,33958,64,,0.8357142857,2492.11,289.5,7128,3
17,0.2,rolling,334,700,17.99681854,1000,5,,0.9057142857,3673.391429,4449.5,7128,3
17,0.2,static,334,700,14.28878152,31296,64,,0.8357142857,2492.11,289.5,7128,7
17,0.2,rolling,334,700,19.44695282,1000,10,,0.93,4073.894286,6550,7128,7
17,0.2,static,335,656,14.28878152,35824,65,,0.8155487805,2548.838415,308.5,7128,0
17,0.2,rolling,335,656,18.08505154,1000,2,,0.8856707317,3650.597561,3991,7128,0
17,0.2,static,335,656,14.28878152,35124,65,,0.8155487805,2548.838415,308.5,7128,1
17,0.2,rolling,335,656,17.86148298,1000,4,,0.8841463415,3594.603659,3518.5,7128,1
17,0.2,static,335,656,14.28878152,34464,65,,0.8155487805,2548.838415,308.5,7128,3
17,0.2,rolling,335,656,17.66370606,1000,5,,0.881097561,3539.660061,1988.5,7128,3
17,0.2,static,335,656,14.28878152,32034,65,,0.8155487805,2548.838415,308.5,7128,7
17,0.2,rolling,335,656,19.02866626,1000,9,,0.9039634146,3901.536585,5399,7128,7
17,0.2,static,336,632,14.28878152,36480,66,,0.7626582278,2519.045886,314,7128,0
17,0.2,rolling,336,632,19.24543327,1000,2,,0.9050632911,3908.675633,5861,7128,0
17,0.2,static,336,632,14.28878152,35824,66,,0.7626582278,2519.045886,314,7128,1
17,0.2,rolling,336,632,18.08505154,1000,3,,0.8860759494,3622.433544,4211.5,7128,1
17,0.2,static,336,632,14.28878152,34782,66,,0.7626582278,2519.045886,314,7128,3
17,0.2,rolling,336,632,17.64433712,1000,6,,0.8734177215,3515.935127,2127.5,7128,3
17,0.2,static,336,632,14.28878152,32634,66,,0.7626582278,2519.045886,314,7128,7
17,0.2,rolling,336,632,19.38062775,1000,9,,0.9066455696,3937.186709,6045.5,7128,7
17,0.2,static,337,552,14.28878152,37112,67,,0.8152173913,2450.155797,308.5,7128,0
17,0.2,rolling,337,552,18.92903328,1000,2,,0.9076086957,3814.144928,5263.5,7128,0
17,0.2,static,337,552,14.28878152,36480,67,,0.8152173913,2450.155797,308.5,7128,1
17,0.2,rolling,337,552,19.24543327,1000,3,,0.9112318841,3887.911232,5674,7128,1
17,0.2,static,337,552,14.28878152,35124,67,,0.8152173913,2450.155797,308.5,7128,3
17,0.2,rolling,337,552,17.86148298,1000,6,,0.893115942,3544.836957,3779,7128,3
17,0.2,static,337,552,14.28878152,33318,67,,0.8152173913,2450.155797,308.5,7128,7
17,0.2,rolling,337,552,18.74193296,1000,9,,0.9076086957,3766.233696,4963.5,7128,7
17,0.2,static,338,496,14.28878152,37664,68,,0.7983870968,2495.510081,308,7128,0
17,0.2,rolling,338,496,19.20096064,1000,2,,0.9032258065,3903.189516,5614.5,7128,0
17,0.2,static,338,496,14.28878152,37112,68,,0.7983870968,2495.510081,308,7128,1
17,0.2,rolling,338,496,18.92903328,1000,3,,0.8991935484,3827.266129,5266,7128,1
17,0.2,static,338,496,14.28878152,35824,68,,0.7983870968,2495.510081,308,7128,3
17,0.2,rolling,338,496,18.08505154,1000,5,,0.8911290323,3586.510081,3980.5,7128,3
17,0.2,static,338,496,14.28878152,33958,68,,0.7983870968,2495.510081,308,7128,7
17,0.2,rolling,338,496,17.99681854,1000,9,,0.8870967742,3563.064516,3858.5,7128,7
17,0.2,static,339,328,14.28878152,38160,69,,0.8201219512,1939.841463,171,7128,0
17,0.2,rolling,339,328,18.27181339,1000,2,,0.887195122,3269.823171,1356,7128,0
17,0.2,static,339,328,14.28878152,37664,69,,0.8201219512,1939.841463,171,7128,1
17,0.2,rolling,339,328,19.20096064,1000,3,,0.9054878049,3599.512195,3957,7128,1
17,0.2,static,339,328,14.28878152,36480,69,,0.8201219512,1939.841463,171,7128,3
17,0.2,rolling,339,328,19.24543327,1000,5,,0.9054878049,3616.935976,4022,7128,3
17,0.2,static,339,328,14.28878152,34464,69,,0.8201219512,1939.841463,171,7128,7
17,0.2,rolling,339,328,17.66370606,1000,9,,0.8780487805,3054.969512,948.5,7128,7
17,0.2,static,340,328,14.28878152,38488,70,,0.7896341463,2435.387195,225.5,7128,0
17,0.2,rolling,340,328,18.77663779,1000,3,,0.9146341463,3663.155488,4008.5,7128,0
17,0.2,static,340,328,14.28878152,38160,70,,0.7896341463,2435.387195,225.5,7128,1
17,0.2,rolling,340,328,18.27181339,1000,3,,0.9054878049,3491.067073,2024,7128,1
17,0.2,static,340,328,14.28878152,37112,70,,0.7896341463,2435.387195,225.5,7128,3
17,0.2,rolling,340,328,18.92903328,1000,5,,0.9176829268,3705.405488,4202,7128,3
17,0.2,static,340,328,14.28878152,34782,70,,0.7896341463,2435.387195,225.5,7128,7
17,0.2,rolling,340,328,17.64433712,1000,10,,0.8932926829,3329.10061,1437.5,7128,7
17,0.2,static,341,576,14.28878152,38816,71,,0.8055555556,2606.237847,364.5,7128,0
17,0.2,rolling,341,576,18.4649086,1000,3,,0.8923611111,3752.498264,4835.5,7128,0
17,0.2,static,341,576,14.28878152,38488,71,,0.8055555556,2606.237847,364.5,7128,1
17,0.2,rolling,341,576,18.77663779,1000,4,,0.8975694444,3820.185764,5310.5,7128,1
17,0.2,static,341,576,14.28878152,37664,71,,0.8055555556,2606.237847,364.5,7128,3
17,0.2,rolling,341,576,19.20096064,1000,5,,0.90625,3908.234375,5786,7128,3
17,0.2,static,341,576,14.28878152,35124,71,,0.8055555556,2606.237847,364.5,7128,7
17,0.2,rolling,341,576,17.86148298,1000,10,,0.8819444444,3616.597222,4033,7128,7
17,0.2,static,342,636,14.28878152,39392,72,,0.8050314465,2510.106918,224,7128,0
17,0.2,rolling,342,636,18.55322266,1000,3,,0.893081761,3609.237421,3995,7128,0
17,0.2,static,342,636,14.28878152,38816,72,,0.8050314465,2510.106918,224,7128,1
17,0.2,rolling,342,636,18.4649086,1000,4,,0.891509434,3588.003145,3880,7128,1
17,0.2,static,342,636,14.28878152,38160,72,,0.8050314465,2510.106918,224,7128,3
17,0.2,rolling,342,636,18.27181339,1000,5,,0.8867924528,3530.968553,2647,7128,3
17,0.2,static,342,636,14.28878152,35824,72,,0.8050314465,2510.106918,224,7128,7
17,0.2,rolling,342,636,18.08505154,1000,9,,0.8836477987,3476.460692,1980.5,7128,7
17,0.2,static,343,642,14.28878152,40028,73,,0.7819314642,2830.063863,486.5,7128,0
17,0.2,rolling,343,642,19.94005537,1000,2,,0.8862928349,4570.869159,6988.5,7128,0
17,0.2,static,343,642,14.28878152,39392,73,,0.7819314642,2830.063863,486.5,7128,1
17,0.2,rolling,343,642,18.55322266,1000,4,,0.8691588785,4205.718069,6375,7128,1
17,0.2,static,343,642,14.28878152,38488,73,,0.7819314642,2830.063863,486.5,7128,3
17,0.2,rolling,343,642,18.77663779,1000,6,,0.8738317757,4266.950156,6537,7128,3
17,0.2,static,343,642,14.28878152,36480,73,,0.7819314642,2830.063863,486.5,7128,7
17,0.2,rolling,343,642,19.24543327,1000,9,,0.8785046729,4381.233645,6782,7128,7
17,0.2,static,344,650,14.28878152,40670,74,,0.7769230769,2452.295385,170.5,7128,0
17,0.2,rolling,344,650,20.99544811,1000,2,,0.9030769231,4129.924615,6684.5,7128,0
17,0.2,static,344,650,14.28878152,40028,74,,0.7769230769,2452.295385,170.5,7128,1
17,0.2,rolling,344,650,19.94005537,1000,3,,0.8892307692,3871.749231,5669,7128,1
17,0.2,static,344,650,14.28878152,38816,74,,0.7769230769,2452.295385,170.5,7128,3
17,0.2,rolling,344,650,18.4649086,1000,6,,0.8707692308,3505.830769,1916,7128,3
17,0.2,static,344,650,14.28878152,37112,74,,0.7769230769,2452.295385,170.5,7128,7
17,0.2,rolling,344,650,18.92903328,1000,9,,0.8769230769,3619.309231,3802.5,7128,7
17,0.2,static,345,586,14.28878152,41320,75,,0.8293515358,2923.409556,506,7128,0
17,0.2,rolling,345,586,21.02112961,1000,2,,0.9078498294,4478.078498,7110.5,7128,0
17,0.2,static,345,586,14.28878152,40670,75,,0.8293515358,2923.409556,506,7128,1
17,0.2,rolling,345,586,20.99544811,1000,3,,0.9078498294,4474.197952,7109.5,7128,1
17,0.2,static,345,586,14.28878152,39392,75,,0.8293515358,2923.409556,506,7128,3
17,0.2,rolling,345,586,18.55322266,1000,6,,0.8907849829,3979.211604,6403.5,7128,3
17,0.2,static,345,586,14.28878152,37664,75,,0.8293515358,2923.409556,506,7128,7
17,0.2,rolling,345,586,19.20096064,1000,9,,0.8941979522,4113.598976,6776,7128,7
17,0.2,static,346,224,14.28878152,41906,76,,0.8035714286,1727.482143,98,7128,0
17,0.2,rolling,346,224,20.53433514,1000,2,,0.9151785714,3238.669643,1176,7128,0
17,0.2,static,346,224,14.28878152,41320,76,,0.8035714286,1727.482143,98,7128,1
17,0.2,rolling,346,224,21.02112961,1000,3,,0.9196428571,3383.191964,1500.5,7128,1
17,0.2,static,346,224,14.28878152,40028,76,,0.8035714286,1727.482143,98,7128,3
17,0.2,rolling,346,224,19.94005537,1000,5,,0.9107142857,3080.066964,891,7128,3
17,0.2,static,346,224,14.28878152,38160,76,,0.8035714286,1727.482143,98,7128,7
17,0.2,rolling,346,224,18.27181339,1000,9,,0.8660714286,2657.111607,464,7128,7
17,0.2,static,347,306,14.28878152,42130,77,,0.8039215686,1967.189542,85,7128,0
17,0.2,rolling,347,306,19.9246664,1000,3,,0.9117647059,3136.888889,584,7128,0
17,0.2,static,347,306,14.28878152,41906,77,,0.8039215686,1967.189542,85,7128,1
17,0.2,rolling,347,306,20.53433514,1000,3,,0.9183006536,3268.261438,839.5,7128,1
17,0.2,static,347,306,14.28878152,40670,77,,0.8039215686,1967.189542,85,7128,3
17,0.2,rolling,347,306,20.99544811,1000,5,,0.9183006536,3355.366013,975.5,7128,3
17,0.2,static,347,306,14.28878152,38488,77,,0.8039215686,1967.189542,85,7128,7
17,0.2,rolling,347,306,18.77663779,1000,10,,0.8954248366,2902.833333,376,7128,7
17,0.2,static,348,714,14.28878152,42436,78,,0.7927170868,2422.336134,202.5,7128,0
17,0.2,rolling,348,714,19.31042671,1000,3,,0.8977591036,3688.80112,4388.5,7128,0
17,0.2,static,348,714,14.28878152,42130,78,,0.7927170868,2422.336134,202.5,7128,1
17,0.2,rolling,348,714,19.9246664,1000,4,,0.9103641457,3832.191877,5194,7128,1
17,0.2,static,348,714,14.28878152,41320,78,,0.7927170868,2422.336134,202.5,7128,3
17,0.2,rolling,348,714,21.02112961,1000,5,,0.9271708683,4068.296919,6341,7128,3
17,0.2,static,348,714,14.28878152,38816,78,,0.7927170868,2422.336134,202.5,7128,7
17,0.2,rolling,348,714,18.4649086,1000,10,,0.8837535014,3480.543417,1940,7128,7
17,0.2,static,349,600,14.28878152,43150,79,,0.775,2344.1,155.5,7128,0
17,0.2,rolling,349,600,19.24793625,1000,2,,0.8533333333,3480.936667,1832.5,7128,0
17,0.2,static,349,600,14.28878152,42436,79,,0.775,2344.1,155.5,7128,1
17,0.2,rolling,349,600,19.31042671,1000,4,,0.8533333333,3494.005,1881,7128,1
17,0.2,static,349,600,14.28878152,41906,79,,0.775,2344.1,155.5,7128,3
17,0.2,rolling,349,600,20.53433514,1000,5,,0.87,3790.63,5124,7128,3
17,0.2,static,349,600,14.28878152,39392,79,,0.775,2344.1,155.5,7128,7
17,0.2,rolling,349,600,18.55322266,1000,10,,0.8433333333,3316.098333,1307,7128,7
17,0.2,static,350,656,14.28878152,43750,80,,0.7652439024,1945.117378,116,7128,0
17,0.2,rolling,350,656,21.47898674,1000,2,,0.9024390244,3596.782012,4125.5,7128,0
17,0.2,static,350,656,14.28878152,43150,80,,0.7652439024,1945.117378,116,7128,1
17,0.2,rolling,350,656,19.24793625,1000,3,,0.8643292683,3051.692073,959,7128,1
17,0.2,static,350,656,14.28878152,42130,80,,0.7652439024,1945.117378,116,7128,3
17,0.2,rolling,350,656,19.9246664,1000,6,,0.8765243902,3235.228659,1328.5,7128,3
17,0.2,static,350,656,14.28878152,40028,80,,0.7652439024,1945.117378,116,7128,7
17,0.2,rolling,350,656,19.94005537,1000,9,,0.8780487805,3238.291159,1339,7128,7
17,0.2,static,351,522,14.28878152,44406,81,,0.7471264368,1981.436782,83.5,7128,0
17,0.2,rolling,351,522,21.61467075,1000,2,,0.8754789272,3607.875479,4045,7128,0
17,0.2,static,351,522,14.28878152,43750,81,,0.7471264368,1981.436782,83.5,7128,1
17,0.2,rolling,351,522,21.47898674,1000,3,,0.8754789272,3570.534483,3762,7128,1
17,0.2,static,351,522,14.28878152,42436,81,,0.7471264368,1981.436782,83.5,7128,3
17,0.2,rolling,351,522,19.31042671,1000,6,,0.8505747126,3059.189655,713,7128,3
17,0.2,static,351,522,14.28878152,40670,81,,0.7471264368,1981.436782,83.5,7128,7
17,0.2,rolling,351,522,20.99544811,1000,9,,0.8735632184,3442.475096,1890.5,7128,7
17,0.2,static,352,462,14.28878152,44928,82,,0.7316017316,1961.564935,121,7128,0
17,0.2,rolling,352,462,22.15691879,1000,2,,0.8982683983,3978.991342,6120,7128,0
17,0.2,static,352,462,14.28878152,44406,82,,0.7316017316,1961.564935,121,7128,1
17,0.2,rolling,352,462,21.61467075,1000,3,,0.8917748918,3860.997835,5719,7128,1
17,0.2,static,352,462,14.28878152,43150,82,,0.7316017316,1961.564935,121,7128,3
17,0.2,rolling,352,462,19.24793625,1000,5,,0.8506493506,3224.69697,1193,7128,3
17,0.2,static,352,462,14.28878152,41320,82,,0.7316017316,1961.564935,121,7128,7
17,0.2,rolling,352,462,21.02112961,1000,9,,0.8852813853,3715.880952,4956.5,7128,7
17,0.2,static,353,242,14.28878152,45390,83,,0.6983471074,2013.855372,93,7128,0
17,0.2,rolling,353,242,22.84156895,1000,3,,0.9008264463,3793.03719,4285,7128,0
17,0.2,static,353,242,14.28878152,44928,83,,0.6983471074,2013.855372,93,7128,1
17,0.2,rolling,353,242,22.15691879,1000,3,,0.8884297521,3604.264463,2048,7128,1
17,0.2,static,353,242,14.28878152,43750,83,,0.6983471074,2013.855372,93,7128,3
17,0.2,rolling,353,242,21.47898674,1000,5,,0.8801652893,3492.247934,1576,7128,3
17,0.2,static,353,242,14.28878152,41906,83,,0.6983471074,2013.855372,93,7128,7
17,0.2,rolling,353,242,20.53433514,1000,9,,0.8801652893,3333.305785,1022.5,7128,7
17,0.2,static,354,238,14.28878152,45632,84,,0.718487395,2178.89916,114,7128,0
17,0.2,rolling,354,238,22.84156895,1000,3,,0.9075630252,4224.226891,6411.5,7128,0
17,0.2,static,354,238,14.28878152,45390,84,,0.718487395,2178.89916,114,7128,1
17,0.2,rolling,354,238,22.84156895,1000,4,,0.9075630252,4224.226891,6411.5,7128,1
17,0.2,static,354,238,14.28878152,44406,84,,0.718487395,2178.89916,114,7128,3
17,0.2,rolling,354,238,21.61467075,1000,5,,0.8907563025,3954.105042,5579,7128,3
17,0.2,static,354,238,14.28878152,42130,84,,0.718487395,2178.89916,114,7128,7
17,0.2,rolling,354,238,19.9246664,1000,10,,0.8781512605,3551.537815,3035.5,7128,7
17,0.2,static,355,578,14.28878152,45870,85,,0.714532872,2316.467128,146.5,7128,0
17,0.2,rolling,355,578,23.3586036,1000,4,,0.8910034602,4400.534602,6987.5,7128,0
17,0.2,static,355,578,14.28878152,45632,85,,0.714532872,2316.467128,146.5,7128,1
17,0.2,rolling,355,578,22.84156895,1000,4,,0.8875432526,4310.882353,6878.5,7128,1
17,0.2,static,355,578,14.28878152,44928,85,,0.714532872,2316.467128,146.5,7128,3
17,0.2,rolling,355,578,22.15691879,1000,5,,0.8823529412,4187.83391,6615,7128,3
17,0.2,static,355,578,14.28878152,42436,85,,0.714532872,2316.467128,146.5,7128,7
17,0.2,rolling,355,578,19.31042671,1000,10,,0.8425605536,3525.064014,1800.5,7128,7
17,0.2,static,356,548,14.28878152,46448,86,,0.7354014599,2308.667883,120.5,7128,0
17,0.2,rolling,356,548,23.3714323,1000,3,,0.9051094891,4217.956204,6857,7128,0
17,0.2,static,356,548,14.28878152,45870,86,,0.7354014599,2308.667883,120.5,7128,1
17,0.2,rolling,356,548,23.3586036,1000,5,,0.9051094891,4215.19708,6855,7128,1
17,0.2,static,356,548,14.28878152,45390,86,,0.7354014599,2308.667883,120.5,7128,3
17,0.2,rolling,356,548,22.84156895,1000,6,,0.897810219,4115.905109,6609.5,7128,3
17,0.2,static,356,548,14.28878152,43150,86,,0.7354014599,2308.667883,120.5,7128,7
17,0.2,rolling,356,548,19.24793625,1000,9,,0.8558394161,3396.071168,1223,7128,7
17,0.2,static,357,406,14.28878152,46996,87,,0.7610837438,1610.455665,98,7128,0
17,0.2,rolling,357,406,23.43138885,1000,2,,0.9236453202,4093.071429,6169.5,7128,0
17,0.2,static,357,406,14.28878152,46448,87,,0.7610837438,1610.455665,98,7128,1
17,0.2,rolling,357,406,23.3714323,1000,4,,0.9236453202,4079.458128,6127.5,7128,1
17,0.2,static,357,406,14.28878152,45632,87,,0.7610837438,1610.455665,98,7128,3
17,0.2,rolling,357,406,22.84156895,1000,6,,0.921182266,3955.650246,5679,7128,3
17,0.2,static,357,406,14.28878152,43750,87,,0.7610837438,1610.455665,98,7128,7
17,0.2,rolling,357,406,21.47898674,1000,9,,0.9113300493,3607.061576,3867,7128,7
17,0.2,static,358,300,14.28878152,47402,88,,0.79,1547.636667,77.5,7128,0
17,0.2,rolling,358,300,21.81972885,1000,3,,0.9,3290.496667,1527,7128,0
17,0.2,static,358,300,14.28878152,46996,88,,0.79,1547.636667,77.5,7128,1
17,0.2,rolling,358,300,23.43138885,1000,3,,0.9233333333,3725.21,4701.5,7128,1
17,0.2,static,358,300,14.28878152,45870,88,,0.79,1547.636667,77.5,7128,3
17,0.2,rolling,358,300,23.3586036,1000,7,,0.92,3709.846667,4602,7128,3
17,0.2,static,358,300,14.28878152,44406,88,,0.79,1547.636667,77.5,7128,7
17,0.2,rolling,358,300,21.61467075,1000,9,,0.8966666667,3226.24,1226,7128,7
17,0.2,static,359,330,14.28878152,47702,89,,0.8363636364,2676.936364,342.5,7128,0
17,0.2,rolling,359,330,21.68429326,1000,3,,0.9575757576,4518.618182,7110.5,7128,0
17,0.2,static,359,330,14.28878152,47402,89,,0.8363636364,2676.936364,342.5,7128,1
17,0.2,rolling,359,330,21.81972885,1000,4,,0.9575757576,4536.990909,7114,7128,1
17,0.2,static,359,330,14.28878152,46448,89,,0.8363636364,2676.936364,342.5,7128,3
17,0.2,rolling,359,330,23.3714323,1000,6,,0.9636363636,4817.224242,7127,7128,3
17,0.2,static,359,330,14.28878152,44928,89,,0.8363636364,2676.936364,342.5,7128,7
17,0.2,rolling,359,330,22.15691879,1000,9,,0.9606060606,4607.812121,7121,7128,7
17,0.2,static,360,228,14.28878152,48032,90,,0.75,1856.995614,79,7128,0
17,0.2,rolling,360,228,18.83168697,1000,3,,0.8947368421,2789.688596,596.5,7128,0
17,0.2,static,360,228,14.28878152,47702,90,,0.75,1856.995614,79,7128,1
17,0.2,rolling,360,228,21.68429326,1000,4,,0.9298245614,3621.982456,3964.5,7128,1
17,0.2,static,360,228,14.28878152,46996,90,,0.75,1856.995614,79,7128,3
17,0.2,rolling,360,228,23.43138885,1000,5,,0.9342105263,4129.162281,6252.5,7128,3
17,0.2,static,360,228,14.28878152,45390,90,,0.75,1856.995614,79,7128,7
17,0.2,rolling,360,228,22.84156895,1000,10,,0.9298245614,3969.127193,5660.5,7128,7
17,0.2,static,361,246,14.28878152,48260,91,,0.7601626016,1757.471545,59,7128,0
17,0.2,rolling,361,246,19.4953208,1000,4,,0.8780487805,2859.882114,527,7128,0
17,0.2,static,361,246,14.28878152,48032,91,,0.7601626016,1757.471545,59,7128,1
17,0.2,rolling,361,246,18.83168697,1000,4,,0.8780487805,2691.373984,443,7128,1
17,0.2,static,361,246,14.28878152,47402,91,,0.7601626016,1757.471545,59,7128,3
17,0.2,rolling,361,246,21.81972885,1000,6,,0.918699187,3388.686992,1313,7128,3
17,0.2,static,361,246,14.28878152,45632,91,,0.7601626016,1757.471545,59,7128,7
17,0.2,rolling,361,246,22.84156895,1000,10,,0.9227642276,3619.813008,4013,7128,7
17,0.2,static,362,620,14.28878152,48506,92,,0.7387096774,1640.75,67,7128,0
17,0.2,rolling,362,620,18.90998101,1000,4,,0.8370967742,2623.120968,346,7128,0
17,0.2,static,362,620,14.28878152,48260,92,,0.7387096774,1640.75,67,7128,1
17,0.2,rolling,362,620,19.4953208,1000,5,,0.8435483871,2795.603226,458,7128,1
17,0.2,static,362,620,14.28878152,47702,92,,0.7387096774,1640.75,67,7128,3
17,0.2,rolling,362,620,21.68429326,1000,6,,0.8709677419,3342.840323,1502.5,7128,3
17,0.2,static,362,620,14.28878152,45870,92,,0.7387096774,1640.75,67,7128,7
17,0.2,rolling,362,620,23.3586036,1000,11,,0.8790322581,3678.06129,4685,7128,7
17,0.2,static,363,386,14.28878152,49126,93,,0.7979274611,1841.611399,66,7128,0
17,0.2,rolling,363,386,23.76343727,1000,3,,0.9248704663,3880.997409,5596.5,7128,0
17,0.2,static,363,386,14.28878152,48506,93,,0.7979274611,1841.611399,66,7128,1
17,0.2,rolling,363,386,18.90998101,1000,5,,0.8756476684,2736.870466,402.5,7128,1
17,0.2,static,363,386,14.28878152,48032,93,,0.7979274611,1841.611399,66,7128,3
17,0.2,rolling,363,386,18.83168697,1000,6,,0.8730569948,2721.862694,386,7128,3
17,0.2,static,363,386,14.28878152,46448,93,,0.7979274611,1841.611399,66,7128,7
17,0.2,rolling,363,386,23.3714323,1000,10,,0.9248704663,3794.953368,5242,7128,7
17,0.2,static,364,354,14.28878152,49512,94,,0.7485875706,1700.502825,69.5,7128,0
17,0.2,rolling,364,354,23.76768684,1000,2,,0.918079096,4021.694915,5844.5,7128,0
17,0.2,static,364,354,14.28878152,49126,94,,0.7485875706,1700.502825,69.5,7128,1
17,0.2,rolling,364,354,23.76343727,1000,4,,0.918079096,4020.971751,5842,7128,1
17,0.2,static,364,354,14.28878152,48260,94,,0.7485875706,1700.502825,69.5,7128,3
17,0.2,rolling,364,354,19.4953208,1000,7,,0.8446327684,3034.305085,660.5,7128,3
17,0.2,static,364,354,14.28878152,46996,94,,0.7485875706,1700.502825,69.5,7128,7
17,0.2,rolling,364,354,23.43138885,1000,9,,0.9096045198,3961.09322,5554,7128,7
17,0.3,static,292,730,14.24727869,11270,22,,0.8863013699,3591.631507,3835.5,7128,0
17,0.3,rolling,292,730,14.07808496,1000,3,,0.8849315068,3527.941096,2256.5,7128,0
17,0.3,static,292,730,14.24727869,11270,22,,0.8863013699,3591.631507,3835.5,7128,1
17,0.3,rolling,292,730,14.07808496,1000,3,,0.8849315068,3527.941096,2256.5,7128,1
17,0.3,static,292,730,14.24727869,11270,22,,0.8863013699,3591.631507,3835.5,7128,3
17,0.3,rolling,292,730,14.07808496,1000,3,,0.8849315068,3527.941096,2256.5,7128,3
17,0.3,static,292,730,14.24727869,11270,22,,0.8863013699,3591.631507,3835.5,7128,7
17,0.3,rolling,292,730,14.07808496,1000,3,,0.8849315068,3527.941096,2256.5,7128,7
17,0.3,static,293,658,14.24727869,12000,23,,0.8981762918,3739.638298,4603,7128,0
17,0.3,rolling,293,658,14.35615206,1000,2,,0.9027355623,3776.145897,4791,7128,0
17,0.3,static,293,658,14.24727869,11270,23,,0.8981762918,3739.638298,4603,7128,1
17,0.3,rolling,293,658,14.07808496,1000,4,,0.8951367781,3679.428571,4326,7128,1
17,0.3,static,293,658,14.24727869,11270,23,,0.8981762918,3739.638298,4603,7128,3
17,0.3,rolling,293,658,14.07808496,1000,4,,0.8951367781,3679.428571,4326,7128,3
17,0.3,static,293,658,14.24727869,11270,23,,0.8981762918,3739.638298,4603,7128,7
17,0.3,rolling,293,658,14.07808496,1000,4,,0.8951367781,3679.428571,4326,7128,7
17,0.3,static,294,618,14.24727869,12658,24,,0.855987055,3469.747573,2018.5,7128,0
17,0.3,rolling,294,618,14.94443274,1000,2,,0.8705501618,3731.18123,4773.5,7128,0
17,0.3,static,294,618,14.24727869,12000,24,,0.855987055,3469.747573,2018.5,7128,1
17,0.3,rolling,294,618,14.35615206,1000,3,,0.855987055,3505.718447,2176,7128,1
17,0.3,static,294,618,14.24727869,11270,24,,0.855987055,3469.747573,2018.5,7128,3
17,0.3,rolling,294,618,14.07808496,1000,5,,0.8511326861,3398.067961,1731.5,7128,3
17,0.3,static,294,618,14.24727869,11270,24,,0.855987055,3469.747573,2018.5,7128,7
17,0.3,rolling,294,618,14.07808496,1000,5,,0.8511326861,3398.067961,1731.5,7128,7
17,0.3,static,295,666,14.24727869,13276,25,,0.8693693694,3410.40991,1819.5,7128,0
17,0.3,rolling,295,666,16.15933299,1000,2,,0.9114114114,4200.732733,6283,7128,0
17,0.3,static,295,666,14.24727869,12658,25,,0.8693693694,3410.40991,1819.5,7128,1
17,0.3,rolling,295,666,14.94443274,1000,3,,0.8888888889,3706.516517,4253.5,7128,1
17,0.3,static,295,666,14.24727869,11270,25,,0.8693693694,3410.40991,1819.5,7128,3
17,0.3,rolling,295,666,14.07808496,1000,6,,0.8663663664,3338.234234,1597,7128,3
17,0.3,static,295,666,14.24727869,11270,25,,0.8693693694,3410.40991,1819.5,7128,7
17,0.3,rolling,295,666,14.07808496,1000,6,,0.8663663664,3338.234234,1597,7128,7
17,0.3,static,296,516,14.24727869,13942,26,,0.8333333333,3445.604651,1855.5,7128,0
17,0.3,rolling,296,516,16.23587894,1000,2,,0.8759689922,4092.777132,6659.5,7128,0
17,0.3,static,296,516,14.24727869,13276,26,,0.8333333333,3445.604651,1855.5,7128,1
17,0.3,rolling,296,516,16.15933299,1000,3,,0.8740310078,4071.532946,6614,7128,1
17,0.3,static,296,516,14.24727869,12000,26,,0.8333333333,3445.604651,1855.5,7128,3
17,0.3,rolling,296,516,14.35615206,1000,5,,0.8352713178,3485.246124,2130,7128,3
17,0.3,static,296,516,14.24727869,11270,26,,0.8333333333,3445.604651,1855.5,7128,7
17,0.3,rolling,296,516,14.07808496,1000,7,,0.8294573643,3374.784884,1503,7128,7
17,0.3,static,297,292,14.24727869,14458,27,,0.8253424658,2850.599315,514,7128,0
17,0.3,rolling,297,292,16.61833143,1000,2,,0.8561643836,3645.171233,4161.5,7128,0
17,0.3,static,297,292,14.24727869,13942,27,,0.8253424658,2850.599315,514,7128,1
17,0.3,rolling,297,292,16.23587894,1000,3,,0.852739726,3528.044521,2073,7128,1
17,0.3,static,297,292,14.24727869,12658,27,,0.8253424658,2850.599315,514,7128,3
17,0.3,rolling,297,292,14.94443274,1000,5,,0.8253424658,3097.10274,931,7128,3
17,0.3,static,297,292,14.24727869,11270,27,,0.8253424658,2850.599315,514,7128,7
17,0.3,rolling,297,292,14.07808496,1000,8,,0.8219178082,2791.438356,482,7128,7
17,0.3,static,298,252,14.24727869,14750,28,,0.8531746032,2965.670635,770,7128,0
17,0.3,rolling,298,252,18.01814079,1000,3,,0.9444444444,4430.321429,6744,7128,0
17,0.3,static,298,252,14.24727869,14458,28,,0.8531746032,2965.670635,770,7128,1
17,0.3,rolling,298,252,16.61833143,1000,3,,0.9246031746,3922.003968,5224.5,7128,1
17,0.3,static,298,252,14.24727869,13276,28,,0.8531746032,2965.670635,770,7128,3
17,0.3,rolling,298,252,16.15933299,1000,5,,0.9007936508,3732.801587,4443.5,7128,3
17,0.3,static,298,252,14.24727869,11270,28,,0.8531746032,2965.670635,770,7128,7
17,0.3,rolling,298,252,14.07808496,1000,9,,0.8492063492,2901.011905,674.5,7128,7
17,0.3,static,299,702,14.24727869,15002,29,,0.8646723647,3286.276353,1256,7128,0
17,0.3,rolling,299,702,17.18140078,1000,3,,0.9031339031,4157.068376,6870.5,7128,0
17,0.3,static,299,702,14.24727869,14750,29,,0.8646723647,3286.276353,1256,7128,1
17,0.3,rolling,299,702,18.01814079,1000,4,,0.9245014245,4364.628205,7070.5,7128,1
17,0.3,static,299,702,14.24727869,13942,29,,0.8646723647,3286.276353,1256,7128,3
17,0.3,rolling,299,702,16.23587894,1000,5,,0.8945868946,3906.109687,6212,7128,3
17,0.3,static,299,702,14.24727869,11270,29,,0.8646723647,3286.276353,1256,7128,7
17,0.3,rolling,299,702,14.07808496,1000,10,,0.8603988604,3230.276353,1104.5,7128,7
17,0.3,static,300,664,14.24727869,15704,30,,0.8719879518,3429.84488,1920.5,7128,0
17,0.3,rolling,300,664,16.52508545,1000,3,,0.9036144578,4094.48494,6760,7128,0
17,0.3,static,300,664,14.24727869,15002,30,,0.8719879518,3429.84488,1920.5,7128,1
17,0.3,rolling,300,664,17.18140078,1000,4,,0.9141566265,4277.230422,7009,7128,1
17,0.3,static,300,664,14.24727869,14458,30,,0.8719879518,3429.84488,1920.5,7128,3
17,0.3,rolling,300,664,16.61833143,1000,5,,0.9051204819,4118.61747,6800,7128,3
17,0.3,static,300,664,14.24727869,12000,30,,0.8719879518,3429.84488,1920.5,7128,7
17,0.3,rolling,300,664,14.35615206,1000,9,,0.8734939759,3474.814759,2287,7128,7
17,0.3,static,301,616,14.24727869,16368,31,,0.8782467532,3663.274351,4497,7128,0
17,0.3,rolling,301,616,16.97725046,1000,2,,0.9253246753,4408.24513,7063.5,7128,0
17,0.3,static,301,616,14.24727869,15704,31,,0.8782467532,3663.274351,4497,7128,1
17,0.3,rolling,301,616,16.52508545,1000,4,,0.9107142857,4300.920455,6941.5,7128,1
17,0.3,static,301,616,14.24727869,14750,31,,0.8782467532,3663.274351,4497,7128,3
17,0.3,rolling,301,616,18.01814079,1000,6,,0.9415584416,4635.524351,7121.5,7128,3
17,0.3,static,301,616,14.24727869,12658,31,,0.8782467532,3663.274351,4497,7128,7
17,0.3,rolling,301,616,14.94443274,1000,9,,0.8863636364,3889.952922,5697.5,7128,7
17,0.3,static,302,570,14.24727869,16984,32,,0.8368421053,3265.701754,1296,7128,0
17,0.3,rolling,302,570,16.15073799,1000,2,,0.8824561404,3786.6,5590,7128,0
17,0.3,static,302,570,14.24727869,16368,32,,0.8368421053,3265.701754,1296,7128,1
17,0.3,rolling,302,570,16.97725046,1000,3,,0.8912280702,3974.77193,6491,7128,1
17,0.3,static,302,570,14.24727869,15002,32,,0.8368421053,3265.701754,1296,7128,3
17,0.3,rolling,302,570,17.18140078,1000,6,,0.8929824561,4025.968421,6647,7128,3
17,0.3,static,302,570,14.24727869,13276,32,,0.8368421053,3265.701754,1296,7128,7
17,0.3,rolling,302,570,16.15933299,1000,9,,0.8824561404,3788.8,5605.5,7128,7
17,0.3,static,303,542,14.24727869,17554,33,,0.86900369,3378.935424,1554,7128,0
17,0.3,rolling,303,542,16.90478611,1000,2,,0.9169741697,4159.193727,6771,7128,0
17,0.3,static,303,542,14.24727869,16984,33,,0.86900369,3378.935424,1554,7128,1
17,0.3,rolling,303,542,16.15073799,1000,3,,0.9022140221,3983.732472,6236.5,7128,1
17,0.3,static,303,542,14.24727869,15704,33,,0.86900369,3378.935424,1554,7128,3
17,0.3,rolling,303,542,16.52508545,1000,6,,0.9095940959,4065.699262,6508.5,7128,3
17,0.3,static,303,542,14.24727869,13942,33,,0.86900369,3378.935424,1554,7128,7
17,0.3,rolling,303,542,16.23587894,1000,9,,0.9022140221,4002.787823,6308,7128,7
17,0.3,static,304,328,14.24727869,18096,34,,0.8567073171,2974.954268,647,7128,0
17,0.3,rolling,304,328,16.05802917,1000,2,,0.8780487805,3568.804878,3843.5,7128,0
17,0.3,static,304,328,14.24727869,17554,34,,0.8567073171,2974.954268,647,7128,1
17,0.3,rolling,304,328,16.90478611,1000,3,,0.881097561,3766.103659,5356,7128,1
17,0.3,static,304,328,14.24727869,16368,34,,0.8567073171,2974.954268,647,7128,3
17,0.3,rolling,304,328,16.97725046,1000,5,,0.881097561,3783.768293,5465.5,7128,3
17,0.3,static,304,328,14.24727869,14458,34,,0.8567073171,2974.954268,647,7128,7
17,0.3,rolling,304,328,16.61833143,1000,9,,0.881097561,3699.765244,4962,7128,7
17,0.3,static,305,328,14.24727869,18424,35,,0.8658536585,3022.158537,863,7128,0
17,0.3,rolling,305,328,16.93003917,1000,3,,0.9268292683,3852.259146,6025,7128,0
17,0.3,static,305,328,14.24727869,18096,35,,0.8658536585,3022.158537,863,7128,1
17,0.3,rolling,305,328,16.05802917,1000,3,,0.9054878049,3637.689024,4839.5,7128,1
17,0.3,static,305,328,14.24727869,16984,35,,0.8658536585,3022.158537,863,7128,3
17,0.3,rolling,305,328,16.15073799,1000,5,,0.9115853659,3663.292683,4986.5,7128,3
17,0.3,static,305,328,14.24727869,14750,35,,0.8658536585,3022.158537,863,7128,7
17,0.3,rolling,305,328,18.01814079,1000,10,,0.9390243902,4149.689024,6879.5,7128,7
17,0.3,static,306,582,14.24727869,18752,36,,0.8573883162,3087.065292,1043,7128,0
17,0.3,rolling,306,582,16.3922596,1000,3,,0.8883161512,3772.886598,5428.5,7128,0
17,0.3,static,306,582,14.24727869,18424,36,,0.8573883162,3087.065292,1043,7128,1
17,0.3,rolling,306,582,16.93003917,1000,4,,0.8969072165,3902.805842,6173,7128,1
17,0.3,static,306,582,14.24727869,17554,36,,0.8573883162,3087.065292,1043,7128,3
17,0.3,rolling,306,582,16.90478611,1000,5,,0.8969072165,3896.391753,6149,7128,3
17,0.3,static,306,582,14.24727869,15002,36,,0.8573883162,3087.065292,1043,7128,7
17,0.3,rolling,306,582,17.18140078,1000,10,,0.9003436426,3962.195876,6369.5,7128,7
17,0.3,static,307,588,14.24727869,19334,37,,0.8537414966,3307.136054,1492,7128,0
17,0.3,rolling,307,588,16.77090359,1000,3,,0.8945578231,4078.265306,6657.5,7128,0
17,0.3,static,307,588,14.24727869,18752,37,,0.8537414966,3307.136054,1492,7128,1
17,0.3,rolling,307,588,16.3922596,1000,4,,0.8894557823,3983.107143,6421.5,7128,1
17,0.3,static,307,588,14.24727869,18096,37,,0.8537414966,3307.136054,1492,7128,3
17,0.3,rolling,307,588,16.05802917,1000,5,,0.8843537415,3894.17517,6100.5,7128,3
17,0.3,static,307,588,14.24727869,15704,37,,0.8537414966,3307.136054,1492,7128,7
17,0.3,rolling,307,588,16.52508545,1000,10,,0.8928571429,4016.743197,6529,7128,7
17,0.3,static,308,562,14.24727869,19922,38,,0.8523131673,3354.532028,1227,7128,0
17,0.3,rolling,308,562,17.15991831,1000,2,,0.8932384342,4086.007117,6896.5,7128,0
17,0.3,static,308,562,14.24727869,19334,38,,0.8523131673,3354.532028,1227,7128,1
17,0.3,rolling,308,562,16.77090359,1000,4,,0.8914590747,4009.345196,6689,7128,1
17,0.3,static,308,562,14.24727869,18424,38,,0.8523131673,3354.532028,1227,7128,3
17,0.3,rolling,308,562,16.93003917,1000,6,,0.8932384342,4036.699288,6776,7128,3
17,0.3,static,308,562,14.24727869,16368,38,,0.8523131673,3354.532028,1227,7128,7
17,0.3,rolling,308,562,16.97725046,1000,9,,0.8932384342,4046.69395,6809.5,7128,7
17,0.3,static,309,626,14.24727869,20484,39,,0.8594249201,3353.329073,1456,7128,0
17,0.3,rolling,309,626,17.94423738,1000,2,,0.9057507987,4334.782748,7048,7128,0
17,0.3,static,309,626,14.24727869,19922,39,,0.8594249201,3353.329073,1456,7128,1
17,0.3,rolling,309,626,17.15991831,1000,3,,0.8961661342,4135.258786,6845.5,7128,1
17,0.3,static,309,626,14.24727869,18752,39,,0.8594249201,3353.329073,1456,7128,3
17,0.3,rolling,309,626,16.3922596,1000,6,,0.8833865815,3957.853035,6362,7128,3
17,0.3,static,309,626,14.24727869,16984,39,,0.8594249201,3353.329073,1456,7128,7
17,0.3,rolling,309,626,16.15073799,1000,9,,0.8817891374,3898.019169,6087,7128,7
17,0.3,static,310,620,14.24727869,21110,40,,0.8629032258,2669.233871,437,7128,0
17,0.3,rolling,310,620,18.05944175,1000,2,,0.9483870968,3796.65,5740.5,7128,0
17,0.3,static,310,620,14.24727869,20484,40,,0.8629032258,2669.233871,437,7128,1
17,0.3,rolling,310,620,17.94423738,1000,3,,0.9483870968,3770.990323,5545.5,7128,1
17,0.3,static,310,620,14.24727869,19334,40,,0.8629032258,2669.233871,437,7128,3
17,0.3,rolling,310,620,16.77090359,1000,6,,0.9241935484,3458.196774,1911.5,7128,3
17,0.3,static,310,620,14.24727869,17554,40,,0.8629032258,2669.233871,437,7128,7
17,0.3,rolling,310,620,16.90478611,1000,9,,0.9258064516,3488.101613,2067,7128,7
17,0.3,static,311,438,14.24727869,21730,41,,0.8607305936,2380.949772,208,7128,0
17,0.3,rolling,311,438,16.61185837,1000,2,,0.9178082192,3038,691,7128,0
17,0.3,static,311,438,14.24727869,21110,41,,0.8607305936,2380.949772,208,7128,1
17,0.3,rolling,311,438,18.05944175,1000,3,,0.9429223744,3398.03653,1535,7128,1
17,0.3,static,311,438,14.24727869,19922,41,,0.8607305936,2380.949772,208,7128,3
17,0.3,rolling,311,438,17.15991831,1000,5,,0.9292237443,3157.504566,974,7128,3
17,0.3,static,311,438,14.24727869,18096,41,,0.8607305936,2380.949772,208,7128,7
17,0.3,rolling,311,438,16.05802917,1000,9,,0.9063926941,2895.399543,520,7128,7
17,0.3,static,312,460,14.24727869,22168,42,,0.8369565217,2295.923913,197,7128,0
17,0.3,rolling,312,460,15.64228275,1000,2,,0.8652173913,2746.032609,388.5,7128,0
17,0.3,static,312,460,14.24727869,21730,42,,0.8369565217,2295.923913,197,7128,1
17,0.3,rolling,312,460,16.61185837,1000,3,,0.8782608696,3041.667391,779.5,7128,1
17,0.3,static,312,460,14.24727869,20484,42,,0.8369565217,2295.923913,197,7128,3
17,0.3,rolling,312,460,17.94423738,1000,5,,0.9130434783,3397.293478,1544.5,7128,3
17,0.3,static,312,460,14.24727869,18424,42,,0.8369565217,2295.923913,197,7128,7
17,0.3,rolling,312,460,16.93003917,1000,10,,0.9,3143.16087,930.5,7128,7
17,0.3,static,313,794,14.24727869,22628,43,,0.8463476071,2522.925693,209.5,7128,0
17,0.3,rolling,313,794,16.65672302,1000,3,,0.8967254408,3175.147355,764,7128,0
17,0.3,static,313,794,14.24727869,22168,43,,0.8463476071,2522.925693,209.5,7128,1
17,0.3,rolling,313,794,15.64228275,1000,3,,0.8765743073,2934.348866,422,7128,1
17,0.3,static,313,794,14.24727869,21110,43,,0.8463476071,2522.925693,209.5,7128,3
17,0.3,rolling,313,794,18.05944175,1000,5,,0.919395466,3501.812343,1928.5,7128,3
17,0.3,static,313,794,14.24727869,18752,43,,0.8463476071,2522.925693,209.5,7128,7
17,0.3,rolling,313,794,16.3922596,1000,10,,0.8904282116,3116.506297,658,7128,7
17,0.3,static,314,678,14.24727869,23422,44,,0.8510324484,2712.237463,399,7128,0
17,0.3,rolling,314,678,17.28801489,1000,2,,0.9041297935,3610.325959,4336,7128,0
17,0.3,static,314,678,14.24727869,22628,44,,0.8510324484,2712.237463,399,7128,1
17,0.3,rolling,314,678,16.65672302,1000,4,,0.8967551622,3458.09882,2061,7128,1
17,0.3,static,314,678,14.24727869,21730,44,,0.8510324484,2712.237463,399,7128,3
17,0.3,rolling,314,678,16.61185837,1000,5,,0.895280236,3448.199115,2016.5,7128,3
17,0.3,static,314,678,14.24727869,19334,44,,0.8510324484,2712.237463,399,7128,7
17,0.3,rolling,314,678,16.77090359,1000,10,,0.8982300885,3489,2189.5,7128,7
17,0.3,static,315,774,14.24727869,24100,45,,0.8320413437,2698.992248,421.5,7128,0
17,0.3,rolling,315,774,17.46122932,1000,2,,0.8927648579,3661.152455,4320.5,7128,0
17,0.3,static,315,774,14.24727869,23422,45,,0.8320413437,2698.992248,421.5,7128,1
17,0.3,rolling,315,774,17.28801489,1000,3,,0.8914728682,3613.406977,3996,7128,1
17,0.3,static,315,774,14.24727869,22168,45,,0.8320413437,2698.992248,421.5,7128,3
17,0.3,rolling,315,774,15.64228275,1000,5,,0.8656330749,3147.237726,1099.5,7128,3
17,0.3,static,315,774,14.24727869,19922,45,,0.8320413437,2698.992248,421.5,7128,7
17,0.3,rolling,315,774,17.15991831,1000,9,,0.8901808786,3583.651163,3834.5,7128,7
17,0.3,static,316,758,14.24727869,24874,46,,0.8390501319,2828.675462,802.5,7128,0
17,0.3,rolling,316,758,18.57574081,1000,2,,0.9248021108,4284.608179,6874.5,7128,0
17,0.3,static,316,758,14.24727869,24100,46,,0.8390501319,2828.675462,802.5,7128,1
17,0.3,rolling,316,758,17.46122932,1000,3,,0.907651715,3987.634565,6170,7128,1
17,0.3,static,316,758,14.24727869,22628,46,,0.8390501319,2828.675462,802.5,7128,3
17,0.3,rolling,316,758,16.65672302,1000,6,,0.8931398417,3755.577836,5033.5,7128,3
17,0.3,static,316,758,14.24727869,20484,46,,0.8390501319,2828.675462,802.5,7128,7
17,0.3,rolling,316,758,17.94423738,1000,9,,0.9182058047,4109.308707,6521,7128,7
17,0.3,static,317,630,14.24727869,25632,47,,0.8365079365,2428.761905,256.5,7128,0
17,0.3,rolling,317,630,17.35401487,1000,2,,0.8968253968,3429.426984,1666,7128,0
17,0.3,static,317,630,14.24727869,24874,47,,0.8365079365,2428.761905,256.5,7128,1
17,0.3,rolling,317,630,18.57574081,1000,3,,0.9111111111,3721.296825,4954.5,7128,1
17,0.3,static,317,630,14.24727869,23422,47,,0.8365079365,2428.761905,256.5,7128,3
17,0.3,rolling,317,630,17.28801489,1000,5,,0.8968253968,3414.255556,1585,7128,3
17,0.3,static,317,630,14.24727869,21110,47,,0.8365079365,2428.761905,256.5,7128,7
17,0.3,rolling,317,630,18.05944175,1000,9,,0.9063492063,3599.669841,3991.5,7128,7
17,0.3,static,318,342,14.24727869,26262,48,,0.8274853801,2410.578947,176,7128,0
17,0.3,rolling,318,342,17.78363371,1000,2,,0.8976608187,3295.725146,1057.5,7128,0
17,0.3,static,318,342,14.24727869,25632,48,,0.8274853801,2410.578947,176,7128,1
17,0.3,rolling,318,342,17.35401487,1000,3,,0.8918128655,3202.157895,893,7128,1
17,0.3,static,318,342,14.24727869,24100,48,,0.8274853801,2410.578947,176,7128,3
17,0.3,rolling,318,342,17.46122932,1000,5,,0.8918128655,3230.30117,934,7128,3
17,0.3,static,318,342,14.24727869,21730,48,,0.8274853801,2410.578947,176,7128,7
17,0.3,rolling,318,342,16.61185837,1000,9,,0.8771929825,3032,624,7128,7
17,0.3,static,319,324,14.24727869,26604,49,,0.8425925926,2501.595679,347,7128,0
17,0.3,rolling,319,324,17.876333,1000,3,,0.9228395062,3616.537037,3797.5,7128,0
17,0.3,static,319,324,14.24727869,26262,49,,0.8425925926,2501.595679,347,7128,1
17,0.3,rolling,319,324,17.78363371,1000,3,,0.9228395062,3582.268519,2417,7128,1
17,0.3,static,319,324,14.24727869,24874,49,,0.8425925926,2501.595679,347,7128,3
17,0.3,rolling,319,324,18.57574081,1000,5,,0.9290123457,3799.472222,4941,7128,3
17,0.3,static,319,324,14.24727869,22168,49,,0.8425925926,2501.595679,347,7128,7
17,0.3,rolling,319,324,15.64228275,1000,9,,0.8858024691,2909.021605,765,7128,7
17,0.3,static,320,736,14.24727869,26928,50,,0.8301630435,3096.460598,699,7128,0
17,0.3,rolling,320,736,17.78363371,1000,3,,0.8899456522,4095.858696,6505.5,7128,0
17,0.3,static,320,736,14.24727869,26604,50,,0.8301630435,3096.460598,699,7128,1
17,0.3,rolling,320,736,17.876333,1000,4,,0.8899456522,4120.983696,6589,7128,1
17,0.3,static,320,736,14.24727869,25632,50,,0.8301630435,3096.460598,699,7128,3
17,0.3,rolling,320,736,17.35401487,1000,5,,0.8777173913,3974.122283,5991,7128,3
17,0.3,static,320,736,14.24727869,22628,50,,0.8301630435,3096.460598,699,7128,7
17,0.3,rolling,320,736,16.65672302,1000,10,,0.8682065217,3775.213315,4987.5,7128,7
17,0.3,static,321,680,14.24727869,27664,51,,0.8485294118,2953.148529,656.5,7128,0
17,0.3,rolling,321,680,17.95881629,1000,2,,0.9102941176,4165.789706,6682,7128,0
17,0.3,static,321,680,14.24727869,26928,51,,0.8485294118,2953.148529,656.5,7128,1
17,0.3,rolling,321,680,17.78363371,1000,4,,0.9073529412,4127.355882,6576,7128,1
17,0.3,static,321,680,14.24727869,26262,51,,0.8485294118,2953.148529,656.5,7128,3
17,0.3,rolling,321,680,17.78363371,1000,5,,0.9073529412,4127.355882,6576,7128,3
17,0.3,static,321,680,14.24727869,23422,51,,0.8485294118,2953.148529,656.5,7128,7
17,0.3,rolling,321,680,17.28801489,1000,9,,0.8985294118,3978.035294,6051.5,7128,7
17,0.3,static,322,668,14.24727869,28344,52,,0.8532934132,3086.543413,1006,7128,0
17,0.3,rolling,322,668,18.50392342,1000,2,,0.9161676647,4320.504491,6913,7128,0
17,0.3,static,322,668,14.24727869,27664,52,,0.8532934132,3086.543413,1006,7128,1
17,0.3,rolling,322,668,17.95881629,1000,3,,0.9071856287,4205.214072,6694.5,7128,1
17,0.3,static,322,668,14.24727869,26604,52,,0.8532934132,3086.543413,1006,7128,3
17,0.3,rolling,322,668,17.876333,1000,6,,0.9071856287,4186.477545,6651.5,7128,3
17,0.3,static,322,668,14.24727869,24100,52,,0.8532934132,3086.543413,1006,7128,7
17,0.3,rolling,322,668,17.46122932,1000,9,,0.9041916168,4063.209581,6360.5,7128,7
17,0.3,static,323,668,14.24727869,29012,53,,0.8203592814,2861.70509,744,7128,0
17,0.3,rolling,323,668,17.54225206,1000,2,,0.8922155689,3989.850299,6141,7128,0
17,0.3,static,323,668,14.24727869,28344,53,,0.8203592814,2861.70509,744,7128,1
17,0.3,rolling,323,668,18.50392342,1000,3,,0.9101796407,4237.565868,6766,7128,1
17,0.3,static,323,668,14.24727869,26928,53,,0.8203592814,2861.70509,744,7128,3
17,0.3,rolling,323,668,17.78363371,1000,6,,0.8937125749,4053.275449,6361.5,7128,3
17,0.3,static,323,668,14.24727869,24874,53,,0.8203592814,2861.70509,744,7128,7
17,0.3,rolling,323,668,18.57574081,1000,9,,0.9101796407,4253.064371,6804,7128,7
17,0.3,static,324,796,14.24727869,29680,54,,0.8065326633,2642.714824,313.5,7128,0
17,0.3,rolling,324,796,18.38637865,1000,2,,0.898241206,3731.247487,4605,7128,0
17,0.3,static,324,796,14.24727869,29012,54,,0.8065326633,2642.714824,313.5,7128,1
17,0.3,rolling,324,796,17.54225206,1000,3,,0.885678392,3517.890704,2132,7128,1
17,0.3,static,324,796,14.24727869,27664,54,,0.8065326633,2642.714824,313.5,7128,3
17,0.3,rolling,324,796,17.95881629,1000,5,,0.8894472362,3627.278894,4045.5,7128,3
17,0.3,static,324,796,14.24727869,25632,54,,0.8065326633,2642.714824,313.5,7128,7
17,0.3,rolling,324,796,17.35401487,1000,9,,0.8768844221,3478.45603,1928,7128,7
17,0.3,static,325,398,14.24727869,30476,55,,0.7914572864,2757.057789,254.5,7128,0
17,0.3,rolling,325,398,18.29393196,1000,2,,0.8768844221,3618.721106,3979.5,7128,0
17,0.3,static,325,398,14.24727869,29680,55,,0.7914572864,2757.057789,254.5,7128,1
17,0.3,rolling,325,398,18.38637865,1000,3,,0.8819095477,3637.158291,4269,7128,1
17,0.3,static,325,398,14.24727869,28344,55,,0.7914572864,2757.057789,254.5,7128,3
17,0.3,rolling,325,398,18.50392342,1000,5,,0.8819095477,3665.889447,4409,7128,3
17,0.3,static,325,398,14.24727869,26262,55,,0.7914572864,2757.057789,254.5,7128,7
17,0.3,rolling,325,398,17.78363371,1000,9,,0.8618090452,3501.675879,1766,7128,7
17,0.3,static,326,422,14.24727869,30874,56,,0.7535545024,2072.507109,99.5,7128,0
17,0.3,rolling,326,422,18.46331978,1000,2,,0.8601895735,2986.957346,531,7128,0
17,0.3,static,326,422,14.24727869,30476,56,,0.7535545024,2072.507109,99.5,7128,1
17,0.3,rolling,326,422,18.29393196,1000,3,,0.8530805687,2944.78436,500.5,7128,1
17,0.3,static,326,422,14.24727869,29012,56,,0.7535545024,2072.507109,99.5,7128,3
17,0.3,rolling,326,422,17.54225206,1000,5,,0.8293838863,2737.189573,367,7128,3
17,0.3,static,326,422,14.24727869,26604,56,,0.7535545024,2072.507109,99.5,7128,7
17,0.3,rolling,326,422,17.876333,1000,10,,0.8388625592,2835.680095,437,7128,7
17,0.3,static,327,738,14.24727869,31296,57,,0.7913279133,2633.817073,273,7128,0
17,0.3,rolling,327,738,19.44442081,1000,3,,0.9024390244,3973.188347,6103.5,7128,0
17,0.3,static,327,738,14.24727869,30874,57,,0.7913279133,2633.817073,273,7128,1
17,0.3,rolling,327,738,18.46331978,1000,3,,0.8861788618,3736.375339,4921.5,7128,1
17,0.3,static,327,738,14.24727869,29680,57,,0.7913279133,2633.817073,273,7128,3
17,0.3,rolling,327,738,18.38637865,1000,5,,0.8848238482,3717.757453,4796,7128,3
17,0.3,static,327,738,14.24727869,26928,57,,0.7913279133,2633.817073,273,7128,7
17,0.3,rolling,327,738,17.78363371,1000,10,,0.8753387534,3565.265583,3783,7128,7
17,0.3,static,328,600,14.24727869,32034,58,,0.835,2683.186667,528.5,7128,0
17,0.3,rolling,328,600,19.67168617,1000,2,,0.9183333333,4368.33,6905,7128,0
17,0.3,static,328,600,14.24727869,31296,58,,0.835,2683.186667,528.5,7128,1
17,0.3,rolling,328,600,19.44442081,1000,4,,0.9133333333,4313.01,6834,7128,1
17,0.3,static,328,600,14.24727869,30476,58,,0.835,2683.186667,528.5,7128,3
17,0.3,rolling,328,600,18.29393196,1000,5,,0.89,4014.616667,6176,7128,3
17,0.3,static,328,600,14.24727869,27664,58,,0.835,2683.186667,528.5,7128,7
17,0.3,rolling,328,600,17.95881629,1000,9,,0.8866666667,3928.796667,5839,7128,7
17,0.3,static,329,684,14.24727869,32634,59,,0.8187134503,3011.25731,549,7128,0
17,0.3,rolling,329,684,19.3715775,1000,2,,0.9152046784,4334.532164,6979,7128,0
17,0.3,static,329,684,14.24727869,32034,59,,0.8187134503,3011.25731,549,7128,1
17,0.3,rolling,329,684,19.67168617,1000,3,,0.9210526316,4409.156433,7035,7128,1
17,0.3,static,329,684,14.24727869,30874,59,,0.8187134503,3011.25731,549,7128,3
17,0.3,rolling,329,684,18.46331978,1000,5,,0.9049707602,4099.418129,6378,7128,3
17,0.3,static,329,684,14.24727869,28344,59,,0.8187134503,3011.25731,549,7128,7
17,0.3,rolling,329,684,18.50392342,1000,9,,0.9049707602,4108.748538,6413.5,7128,7
17,0.3,static,330,640,14.24727869,33318,60,,0.8109375,2608.085938,434,7128,0
17,0.3,rolling,330,640,18.52409291,1000,2,,0.903125,4035.129687,6226,7128,0
17,0.3,static,330,640,14.24727869,32634,60,,0.8109375,2608.085938,434,7128,1
17,0.3,rolling,330,640,19.3715775,1000,3,,0.9125,4248.867188,6778.5,7128,1
17,0.3,static,330,640,14.24727869,31296,60,,0.8109375,2608.085938,434,7128,3
17,0.3,rolling,330,640,19.44442081,1000,6,,0.9140625,4263.373438,6807,7128,3
17,0.3,static,330,640,14.24727869,29012,60,,0.8109375,2608.085938,434,7128,7
17,0.3,rolling,330,640,17.54225206,1000,9,,0.88125,3713.41875,4472.5,7128,7
17,0.3,static,331,506,14.24727869,33958,61,,0.847826087,2789.126482,413,7128,0
17,0.3,rolling,331,506,18.5258708,1000,2,,0.9150197628,4131.630435,6467.5,7128,0
17,0.3,static,331,506,14.24727869,33318,61,,0.847826087,2789.126482,413,7128,1
17,0.3,rolling,331,506,18.52409291,1000,3,,0.9150197628,4130.833992,6465.5,7128,1
17,0.3,static,331,506,14.24727869,32034,61,,0.847826087,2789.126482,413,7128,3
17,0.3,rolling,331,506,19.67168617,1000,5,,0.9308300395,4439.033597,7047.5,7128,3
17,0.3,static,331,506,14.24727869,29680,61,,0.847826087,2789.126482,413,7128,7
17,0.3,rolling,331,506,18.38637865,1000,9,,0.9110671937,4083.162055,6344.5,7128,7
17,0.3,static,332,318,14.24727869,34464,62,,0.8427672956,2644.163522,315.5,7128,0
17,0.3,rolling,332,318,18.20265388,1000,2,,0.9088050314,3712.949686,4635.5,7128,0
17,0.3,static,332,318,14.24727869,33958,62,,0.8427672956,2644.163522,315.5,7128,1
17,0.3,rolling,332,318,18.5258708,1000,3,,0.9213836478,3794.748428,5299.5,7128,1
17,0.3,static,332,318,14.24727869,32634,62,,0.8427672956,2644.163522,315.5,7128,3
17,0.3,rolling,332,318,19.3715775,1000,5,,0.927672956,3998.578616,6405.5,7128,3
17,0.3,static,332,318,14.24727869,30476,62,,0.8427672956,2644.163522,315.5,7128,7
17,0.3,rolling,332,318,18.29393196,1000,9,,0.9088050314,3739.248428,4821.5,7128,7
17,0.3,static,333,342,14.24727869,34782,63,,0.8216374269,2578.359649,265,7128,0
17,0.3,rolling,333,342,17.47470474,1000,3,,0.8771929825,3472.049708,2144,7128,0
17,0.3,static,333,342,14.24727869,34464,63,,0.8216374269,2578.359649,265,7128,1
17,0.3,rolling,333,342,18.20265388,1000,3,,0.8830409357,3681.24269,4545.5,7128,1
17,0.3,static,333,342,14.24727869,33318,63,,0.8216374269,2578.359649,265,7128,3
17,0.3,rolling,333,342,18.52409291,1000,5,,0.8830409357,3772.093567,5073,7128,3
17,0.3,static,333,342,14.24727869,30874,63,,0.8216374269,2578.359649,265,7128,7
17,0.3,rolling,333,342,18.46331978,1000,9,,0.8830409357,3756.383041,4991,7128,7
17,0.3,static,334,700,14.24727869,35124,64,,0.8342857143,2647.89,459,7128,0
17,0.3,rolling,334,700,18.27018395,1000,3,,0.9128571429,3922.264286,6232,7128,0
17,0.3,static,334,700,14.24727869,34782,64,,0.8342857143,2647.89,459,7128,1
17,0.3,rolling,334,700,17.47470474,1000,4,,0.9014285714,3722.865714,5220,7128,1
17,0.3,static,334,700,14.24727869,33958,64,,0.8342857143,2647.89,459,7128,3
17,0.3,rolling,334,700,18.5258708,1000,5,,0.9157142857,3981.94,6471.5,7128,3
17,0.3,static,334,700,14.24727869,31296,64,,0.8342857143,2647.89,459,7128,7
17,0.3,rolling,334,700,19.44442081,1000,10,,0.92,4165.842857,6944,7128,7
17,0.3,static,335,656,14.24727869,35824,65,,0.8140243902,2687.254573,451.5,7128,0
17,0.3,rolling,335,656,17.91650772,1000,2,,0.8917682927,3812.342988,5207,7128,0
17,0.3,static,335,656,14.24727869,35124,65,,0.8140243902,2687.254573,451.5,7128,1
17,0.3,rolling,335,656,18.27018395,1000,4,,0.8978658537,3909.887195,5810,7128,1
17,0.3,static,335,656,14.24727869,34464,65,,0.8140243902,2687.254573,451.5,7128,3
17,0.3,rolling,335,656,18.20265388,1000,5,,0.8963414634,3891.053354,5720.5,7128,3
17,0.3,static,335,656,14.24727869,32034,65,,0.8140243902,2687.254573,451.5,7128,7
17,0.3,rolling,335,656,19.67168617,1000,9,,0.9146341463,4246.818598,6746.5,7128,7
17,0.3,static,336,632,14.24727869,36480,66,,0.7784810127,2681.656646,349.5,7128,0
17,0.3,rolling,336,632,19.26619148,1000,2,,0.8971518987,3999.348101,6421,7128,0
17,0.3,static,336,632,14.24727869,35824,66,,0.7784810127,2681.656646,349.5,7128,1
17,0.3,rolling,336,632,17.91650772,1000,3,,0.8829113924,3670.389241,4489.5,7128,1
17,0.3,static,336,632,14.24727869,34782,66,,0.7784810127,2681.656646,349.5,7128,3
17,0.3,rolling,336,632,17.47470474,1000,6,,0.8686708861,3561.248418,2132.5,7128,3
17,0.3,static,336,632,14.24727869,32634,66,,0.7784810127,2681.656646,349.5,7128,7
17,0.3,rolling,336,632,19.3715775,1000,9,,0.8971518987,4021.447785,6495.5,7128,7
17,0.3,static,337,552,14.24727869,37112,67,,0.8115942029,2607.036232,413,7128,0
17,0.3,rolling,337,552,19.63627648,1000,2,,0.9166666667,4061.358696,6451,7128,0
17,0.3,static,337,552,14.24727869,36480,67,,0.8115942029,2607.036232,413,7128,1
17,0.3,rolling,337,552,19.26619148,1000,3,,0.9148550725,3973.523551,6141,7128,1
17,0.3,static,337,552,14.24727869,35124,67,,0.8115942029,2607.036232,413,7128,3
17,0.3,rolling,337,552,18.27018395,1000,6,,0.9039855072,3739.775362,5001,7128,3
17,0.3,static,337,552,14.24727869,33318,67,,0.8115942029,2607.036232,413,7128,7
17,0.3,rolling,337,552,18.52409291,1000,9,,0.9076086957,3798.282609,5322.5,7128,7
17,0.3,static,338,496,14.24727869,37664,68,,0.8064516129,2659.645161,370.5,7128,0
17,0.3,rolling,338,496,19.53138065,1000,2,,0.9092741935,4065.354839,6407.5,7128,0
17,0.3,static,338,496,14.24727869,37112,68,,0.8064516129,2659.645161,370.5,7128,1
17,0.3,rolling,338,496,19.63627648,1000,3,,0.9092741935,4086.477823,6465.5,7128,1
17,0.3,static,338,496,14.24727869,35824,68,,0.8064516129,2659.645161,370.5,7128,3
17,0.3,rolling,338,496,17.91650772,1000,5,,0.8911290323,3685.602823,4481,7128,3
17,0.3,static,338,496,14.24727869,33958,68,,0.8064516129,2659.645161,370.5,7128,7
17,0.3,rolling,338,496,18.5258708,1000,9,,0.9032258065,3818.530242,5542,7128,7
17,0.3,static,339,328,14.24727869,38160,69,,0.8201219512,2080.814024,246.5,7128,0
17,0.3,rolling,339,328,18.15079117,1000,2,,0.887195122,3482.359756,2140,7128,0
17,0.3,static,339,328,14.24727869,37664,69,,0.8201219512,2080.814024,246.5,7128,1
17,0.3,rolling,339,328,19.53138065,1000,3,,0.9176829268,4037.893293,5640.5,7128,1
17,0.3,static,339,328,14.24727869,36480,69,,0.8201219512,2080.814024,246.5,7128,3
17,0.3,rolling,339,328,19.26619148,1000,5,,0.9115853659,3945.25,5220.5,7128,3
17,0.3,static,339,328,14.24727869,34464,69,,0.8201219512,2080.814024,246.5,7128,7
17,0.3,rolling,339,328,18.20265388,1000,9,,0.8902439024,3503.481707,2231,7128,7
17,0.3,static,340,328,14.24727869,38488,70,,0.7926829268,2503.79878,227.5,7128,0
17,0.3,rolling,340,328,18.53455544,1000,3,,0.8993902439,3733.234756,4348.5,7128,0
17,0.3,static,340,328,14.24727869,38160,70,,0.7926829268,2503.79878,227.5,7128,1
17,0.3,rolling,340,328,18.15079117,1000,3,,0.8932926829,3633.509146,3693.5,7128,1
17,0.3,static,340,328,14.24727869,37112,70,,0.7926829268,2503.79878,227.5,7128,3
17,0.3,rolling,340,328,19.63627648,1000,5,,0.9268292683,4094.539634,6362.5,7128,3
17,0.3,static,340,328,14.24727869,34782,70,,0.7926829268,2503.79878,227.5,7128,7
17,0.3,rolling,340,328,17.47470474,1000,10,,0.881097561,3438.323171,1647,7128,7
17,0.3,static,341,576,14.24727869,38816,71,,0.8055555556,2682.348958,372,7128,0
17,0.3,rolling,341,576,18.60094118,1000,3,,0.8871527778,3818.229167,5400,7128,0
17,0.3,static,341,576,14.24727869,38488,71,,0.8055555556,2682.348958,372,7128,1
17,0.3,rolling,341,576,18.53455544,1000,4,,0.8854166667,3804.071181,5330,7128,1
17,0.3,static,341,576,14.24727869,37664,71,,0.8055555556,2682.348958,372,7128,3
17,0.3,rolling,341,576,19.53138065,1000,5,,0.90625,4045.951389,6308,7128,3
17,0.3,static,341,576,14.24727869,35124,71,,0.8055555556,2682.348958,372,7128,7
17,0.3,rolling,341,576,18.27018395,1000,10,,0.8802083333,3747.079861,4986,7128,7
17,0.3,static,342,636,14.24727869,39392,72,,0.822327044,2613.256289,260,7128,0
17,0.3,rolling,342,636,18.78857136,1000,3,,0.8946540881,3809.809748,5362.5,7128,0
17,0.3,static,342,636,14.24727869,38816,72,,0.822327044,2613.256289,260,7128,1
17,0.3,rolling,342,636,18.60094118,1000,4,,0.893081761,3756.235849,5139.5,7128,1
17,0.3,static,342,636,14.24727869,38160,72,,0.822327044,2613.256289,260,7128,3
17,0.3,rolling,342,636,18.15079117,1000,5,,0.8883647799,3655.77044,4426.5,7128,3
17,0.3,static,342,636,14.24727869,35824,72,,0.822327044,2613.256289,260,7128,7
17,0.3,rolling,342,636,17.91650772,1000,9,,0.8883647799,3595.246855,4029.5,7128,7
17,0.3,static,343,642,14.24727869,40028,73,,0.7943925234,2981.137072,757.5,7128,0
17,0.3,rolling,343,642,19.90123558,1000,2,,0.8940809969,4651.746106,7114,7128,0
17,0.3,static,343,642,14.24727869,39392,73,,0.7943925234,2981.137072,757.5,7128,1
17,0.3,rolling,343,642,18.78857136,1000,4,,0.8847352025,4400.582555,6994.5,7128,1
17,0.3,static,343,642,14.24727869,38488,73,,0.7943925234,2981.137072,757.5,7128,3
17,0.3,rolling,343,642,18.53455544,1000,6,,0.8816199377,4350.309969,6902.5,7128,3
17,0.3,static,343,642,14.24727869,36480,73,,0.7943925234,2981.137072,757.5,7128,7
17,0.3,rolling,343,642,19.26619148,1000,9,,0.8862928349,4507.219626,7080,7128,7
17,0.3,static,344,650,14.24727869,40670,74,,0.7876923077,2620.067692,204,7128,0
17,0.3,rolling,344,650,20.20228386,1000,2,,0.8861538462,4104.66,6449,7128,0
17,0.3,static,344,650,14.24727869,40028,74,,0.7876923077,2620.067692,204,7128,1
17,0.3,rolling,344,650,19.90123558,1000,3,,0.8846153846,4026.390769,6192.5,7128,1
17,0.3,static,344,650,14.24727869,38816,74,,0.7876923077,2620.067692,204,7128,3
17,0.3,rolling,344,650,18.60094118,1000,6,,0.8707692308,3648.233846,4177,7128,3
17,0.3,static,344,650,14.24727869,37112,74,,0.7876923077,2620.067692,204,7128,7
17,0.3,rolling,344,650,19.63627648,1000,9,,0.8830769231,3939.907692,5876,7128,7
17,0.3,static,345,586,14.24727869,41320,75,,0.8276450512,3098.221843,683.5,7128,0
17,0.3,rolling,345,586,21.33209419,1000,2,,0.9163822526,4571,7124,7128,0
17,0.3,static,345,586,14.24727869,40670,75,,0.8276450512,3098.221843,683.5,7128,1
17,0.3,rolling,345,586,20.20228386,1000,3,,0.9027303754,4378.300341,7096,7128,1
17,0.3,static,345,586,14.24727869,39392,75,,0.8276450512,3098.221843,683.5,7128,3
17,0.3,rolling,345,586,18.78857136,1000,6,,0.885665529,4094.605802,6806,7128,3
17,0.3,static,345,586,14.24727869,37664,75,,0.8276450512,3098.221843,683.5,7128,7
17,0.3,rolling,345,586,19.53138065,1000,9,,0.8941979522,4253.769625,7029.5,7128,7
17,0.3,static,346,224,14.24727869,41906,76,,0.8035714286,1872.683036,95.5,7128,0
17,0.3,rolling,346,224,20.39263916,1000,2,,0.8794642857,3277.674107,1409.5,7128,0
17,0.3,static,346,224,14.24727869,41320,76,,0.8035714286,1872.683036,95.5,7128,1
17,0.3,rolling,346,224,21.33209419,1000,3,,0.9151785714,3526.598214,2176.5,7128,1
17,0.3,static,346,224,14.24727869,40028,76,,0.8035714286,1872.683036,95.5,7128,3
17,0.3,rolling,346,224,19.90123558,1000,5,,0.875,3142.964286,1155,7128,3
17,0.3,static,346,224,14.24727869,38160,76,,0.8035714286,1872.683036,95.5,7128,7
17,0.3,rolling,346,224,18.15079117,1000,9,,0.8660714286,2720.223214,505,7128,7
17,0.3,static,347,306,14.24727869,42130,77,,0.8235294118,2085.163399,68.5,7128,0
17,0.3,rolling,347,306,20.404998,1000,3,,0.9019607843,3289.418301,781.5,7128,0
17,0.3,static,347,306,14.24727869,41906,77,,0.8235294118,2085.163399,68.5,7128,1
17,0.3,rolling,347,306,20.39263916,1000,3,,0.9019607843,3287.856209,778.5,7128,1
17,0.3,static,347,306,14.24727869,40670,77,,0.8235294118,2085.163399,68.5,7128,3
17,0.3,rolling,347,306,20.20228386,1000,5,,0.9019607843,3256.663399,724,7128,3
17,0.3,static,347,306,14.24727869,38488,77,,0.8235294118,2085.163399,68.5,7128,7
17,0.3,rolling,347,306,18.53455544,1000,10,,0.8758169935,2900.428105,334.5,7128,7
17,0.3,static,348,714,14.24727869,42436,78,,0.8095238095,2498.296919,243,7128,0
17,0.3,rolling,348,714,20.40413761,1000,3,,0.9075630252,4011.051821,6296.5,7128,0
17,0.3,static,348,714,14.24727869,42130,78,,0.8095238095,2498.296919,243,7128,1
17,0.3,rolling,348,714,20.404998,1000,4,,0.9075630252,4011.281513,6297,7128,1
17,0.3,static,348,714,14.24727869,41320,78,,0.8095238095,2498.296919,243,7128,3
17,0.3,rolling,348,714,21.33209419,1000,5,,0.9243697479,4191.642857,6825.5,7128,3
17,0.3,static,348,714,14.24727869,38816,78,,0.8095238095,2498.296919,243,7128,7
17,0.3,rolling,348,714,18.60094118,1000,10,,0.8795518207,3634.491597,4351,7128,7
17,0.3,static,349,600,14.24727869,43150,79,,0.775,2418.033333,177,7128,0
17,0.3,rolling,349,600,19.72099972,1000,2,,0.8583333333,3683.171667,4665,7128,0
17,0.3,static,349,600,14.24727869,42436,79,,0.775,2418.033333,177,7128,1
17,0.3,rolling,349,600,20.40413761,1000,4,,0.87,3840.983333,5700,7128,1
17,0.3,static,349,600,14.24727869,41906,79,,0.775,2418.033333,177,7128,3
17,0.3,rolling,349,600,20.39263916,1000,5,,0.8683333333,3838.44,5691.5,7128,3
17,0.3,static,349,600,14.24727869,39392,79,,0.775,2418.033333,177,7128,7
17,0.3,rolling,349,600,18.78857136,1000,10,,0.8383333333,3450.73,1761.5,7128,7
17,0.3,static,350,656,14.24727869,43750,80,,0.7743902439,2079.6875,109.5,7128,0
17,0.3,rolling,350,656,21.55521107,1000,2,,0.9024390244,3739.79878,4673,7128,0
17,0.3,static,350,656,14.24727869,43150,80,,0.7743902439,2079.6875,109.5,7128,1
17,0.3,rolling,350,656,19.72099972,1000,3,,0.8795731707,3329.884146,1420.5,7128,1
17,0.3,static,350,656,14.24727869,42130,80,,0.7743902439,2079.6875,109.5,7128,3
17,0.3,rolling,350,656,20.404998,1000,6,,0.8841463415,3481.278963,1897,7128,3
17,0.3,static,350,656,14.24727869,40028,80,,0.7743902439,2079.6875,109.5,7128,7
17,0.3,rolling,350,656,19.90123558,1000,9,,0.881097561,3369.614329,1530.5,7128,7
17,0.3,static,351,522,14.24727869,44406,81,,0.7662835249,2116.570881,96,7128,0
17,0.3,rolling,351,522,21.68955803,1000,2,,0.8888888889,3752.358238,4890.5,7128,0
17,0.3,static,351,522,14.24727869,43750,81,,0.7662835249,2116.570881,96,7128,1
17,0.3,rolling,351,522,21.55521107,1000,3,,0.8812260536,3718.090038,4728,7128,1
17,0.3,static,351,522,14.24727869,42436,81,,0.7662835249,2116.570881,96,7128,3
17,0.3,rolling,351,522,20.40413761,1000,6,,0.8639846743,3451.266284,1838,7128,3
17,0.3,static,351,522,14.24727869,40670,81,,0.7662835249,2116.570881,96,7128,7
17,0.3,rolling,351,522,20.20228386,1000,9,,0.8582375479,3405.164751,1683.5,7128,7
17,0.3,static,352,462,14.24727869,44928,82,,0.7337662338,2133.794372,146,7128,0
17,0.3,rolling,352,462,22.14887047,1000,2,,0.8961038961,4056.896104,6538,7128,0
17,0.3,static,352,462,14.24727869,44406,82,,0.7337662338,2133.794372,146,7128,1
17,0.3,rolling,352,462,21.68955803,1000,3,,0.8831168831,3962.863636,6249.5,7128,1
17,0.3,static,352,462,14.24727869,43150,82,,0.7337662338,2133.794372,146,7128,3
17,0.3,rolling,352,462,19.72099972,1000,5,,0.8614718615,3541.608225,2499.5,7128,3
17,0.3,static,352,462,14.24727869,41320,82,,0.7337662338,2133.794372,146,7128,7
17,0.3,rolling,352,462,21.33209419,1000,9,,0.8744588745,3868.285714,5975.5,7128,7
17,0.3,static,353,242,14.24727869,45390,83,,0.7272727273,2073.18595,86,7128,0
17,0.3,rolling,353,242,22.98078563,1000,3,,0.8925619835,3906.450413,5923.5,7128,0
17,0.3,static,353,242,14.24727869,44928,83,,0.7272727273,2073.18595,86,7128,1
17,0.3,rolling,353,242,22.14887047,1000,3,,0.8842975207,3760.119835,5114.5,7128,1
17,0.3,static,353,242,14.24727869,43750,83,,0.7272727273,2073.18595,86,7128,3
17,0.3,rolling,353,242,21.55521107,1000,5,,0.8760330579,3620.946281,4427,7128,3
17,0.3,static,353,242,14.24727869,41906,83,,0.7272727273,2073.18595,86,7128,7
17,0.3,rolling,353,242,20.39263916,1000,9,,0.8595041322,3404.528926,1987,7128,7
17,0.3,static,354,238,14.24727869,45632,84,,0.7478991597,2356.42437,155.5,7128,0
17,0.3,rolling,354,238,23.20243073,1000,3,,0.9159663866,4398.537815,7025.5,7128,0
17,0.3,static,354,238,14.24727869,45390,84,,0.7478991597,2356.42437,155.5,7128,1
17,0.3,rolling,354,238,22.98078563,1000,4,,0.9075630252,4365.991597,6993.5,7128,1
17,0.3,static,354,238,14.24727869,44406,84,,0.7478991597,2356.42437,155.5,7128,3
17,0.3,rolling,354,238,21.68955803,1000,5,,0.8949579832,4135.693277,6588.5,7128,3
17,0.3,static,354,238,14.24727869,42130,84,,0.7478991597,2356.42437,155.5,7128,7
17,0.3,rolling,354,238,20.404998,1000,10,,0.8697478992,3851.39916,5794.5,7128,7
17,0.3,static,355,578,14.24727869,45870,85,,0.714532872,2453.346021,199,7128,0
17,0.3,rolling,355,578,23.33509454,1000,4,,0.892733564,4452.096886,7108,7128,0
17,0.3,static,355,578,14.24727869,45632,85,,0.714532872,2453.346021,199,7128,1
17,0.3,rolling,355,578,23.20243073,1000,4,,0.892733564,4428.475779,7104.5,7128,1
17,0.3,static,355,578,14.24727869,44928,85,,0.714532872,2453.346021,199,7128,3
17,0.3,rolling,355,578,22.14887047,1000,5,,0.875432526,4284.429066,6989,7128,3
17,0.3,static,355,578,14.24727869,42436,85,,0.714532872,2453.346021,199,7128,7
17,0.3,rolling,355,578,20.40413761,1000,10,,0.8512110727,3960.653979,6261,7128,7
17,0.3,static,356,548,14.24727869,46448,86,,0.7427007299,2385.470803,140,7128,0
17,0.3,rolling,356,548,23.72979474,1000,3,,0.9142335766,4423.85219,7056.5,7128,0
17,0.3,static,356,548,14.24727869,45870,86,,0.7427007299,2385.470803,140,7128,1
17,0.3,rolling,356,548,23.33509454,1000,5,,0.9105839416,4348.096715,7006.5,7128,1
17,0.3,static,356,548,14.24727869,45390,86,,0.7427007299,2385.470803,140,7128,3
17,0.3,rolling,356,548,22.98078563,1000,6,,0.9051094891,4285.609489,6905.5,7128,3
17,0.3,static,356,548,14.24727869,43150,86,,0.7427007299,2385.470803,140,7128,7
17,0.3,rolling,356,548,19.72099972,1000,9,,0.848540146,3542.653285,1832.5,7128,7
17,0.3,static,357,406,14.24727869,46996,87,,0.7881773399,1760.268473,120.5,7128,0
17,0.3,rolling,357,406,23.57890257,1000,2,,0.9162561576,4214.078818,6625.5,7128,0
17,0.3,static,357,406,14.24727869,46448,87,,0.7881773399,1760.268473,120.5,7128,1
17,0.3,rolling,357,406,23.72979474,1000,4,,0.921182266,4242.842365,6681,7128,1
17,0.3,static,357,406,14.24727869,45632,87,,0.7881773399,1760.268473,120.5,7128,3
17,0.3,rolling,357,406,23.20243073,1000,6,,0.9162561576,4130.536946,6437,7128,3
17,0.3,static,357,406,14.24727869,43750,87,,0.7881773399,1760.268473,120.5,7128,7
17,0.3,rolling,357,406,21.55521107,1000,9,,0.9064039409,3763.559113,4694.5,7128,7
17,0.3,static,358,300,14.24727869,47402,88,,0.7933333333,1674.04,84,7128,0
17,0.3,rolling,358,300,22.61874771,1000,3,,0.9266666667,3652.593333,4541,7128,0
17,0.3,static,358,300,14.24727869,46996,88,,0.7933333333,1674.04,84,7128,1
17,0.3,rolling,358,300,23.57890257,1000,3,,0.9266666667,3832.316667,5787,7128,1
17,0.3,static,358,300,14.24727869,45870,88,,0.7933333333,1674.04,84,7128,3
17,0.3,rolling,358,300,23.33509454,1000,7,,0.9266666667,3787.213333,5516,7128,3
17,0.3,static,358,300,14.24727869,44406,88,,0.7933333333,1674.04,84,7128,7
17,0.3,rolling,358,300,21.68955803,1000,9,,0.9066666667,3401.483333,1892,7128,7
17,0.3,static,359,330,14.24727869,47702,89,,0.8515151515,2831.766667,510.5,7128,0
17,0.3,rolling,359,330,22.01172256,1000,3,,0.9606060606,4748.136364,7126.5,7128,0
17,0.3,static,359,330,14.24727869,47402,89,,0.8515151515,2831.766667,510.5,7128,1
17,0.3,rolling,359,330,22.61874771,1000,4,,0.9636363636,4854.427273,7128,7128,1
17,0.3,static,359,330,14.24727869,46448,89,,0.8515151515,2831.766667,510.5,7128,3
17,0.3,rolling,359,330,23.72979474,1000,6,,0.9666666667,5018.7,7128,7128,3
17,0.3,static,359,330,14.24727869,44928,89,,0.8515151515,2831.766667,510.5,7128,7
17,0.3,rolling,359,330,22.14887047,1000,9,,0.9636363636,4773.112121,7127,7128,7
17,0.3,static,360,228,14.24727869,48032,90,,0.7894736842,1978.328947,80.5,7128,0
17,0.3,rolling,360,228,19.30106831,1000,3,,0.9078947368,3199.210526,1341.5,7128,0
17,0.3,static,360,228,14.24727869,47702,90,,0.7894736842,1978.328947,80.5,7128,1
17,0.3,rolling,360,228,22.01172256,1000,4,,0.9298245614,3950.526316,5812,7128,1
17,0.3,static,360,228,14.24727869,46996,90,,0.7894736842,1978.328947,80.5,7128,3
17,0.3,rolling,360,228,23.57890257,1000,5,,0.9385964912,4309.587719,6850,7128,3
17,0.3,static,360,228,14.24727869,45390,90,,0.7894736842,1978.328947,80.5,7128,7
17,0.3,rolling,360,228,22.98078563,1000,10,,0.9342105263,4181.385965,6612,7128,7
17,0.3,static,361,246,14.24727869,48260,91,,0.7398373984,1874.382114,71,7128,0
17,0.3,rolling,361,246,20.28008842,1000,4,,0.8739837398,3221.51626,1123.5,7128,0
17,0.3,static,361,246,14.24727869,48032,91,,0.7398373984,1874.382114,71,7128,1
17,0.3,rolling,361,246,19.30106831,1000,4,,0.8536585366,2986.691057,705,7128,1
17,0.3,static,361,246,14.24727869,47402,91,,0.7398373984,1874.382114,71,7128,3
17,0.3,rolling,361,246,22.61874771,1000,6,,0.9105691057,3644.894309,4234,7128,3
17,0.3,static,361,246,14.24727869,45632,91,,0.7398373984,1874.382114,71,7128,7
17,0.3,rolling,361,246,23.20243073,1000,10,,0.9146341463,3770.654472,4986.5,7128,7
17,0.3,static,362,620,14.24727869,48506,92,,0.75,1756.283871,70.5,7128,0
17,0.3,rolling,362,620,19.73870182,1000,4,,0.8451612903,3041.303226,711,7128,0
17,0.3,static,362,620,14.24727869,48260,92,,0.75,1756.283871,70.5,7128,1
17,0.3,rolling,362,620,20.28008842,1000,5,,0.8483870968,3168.809677,850,7128,1
17,0.3,static,362,620,14.24727869,47702,92,,0.75,1756.283871,70.5,7128,3
17,0.3,rolling,362,620,22.01172256,1000,6,,0.8725806452,3506.772581,2348,7128,3
17,0.3,static,362,620,14.24727869,45870,92,,0.75,1756.283871,70.5,7128,7
17,0.3,rolling,362,620,23.33509454,1000,11,,0.8919354839,3750.38871,5447.5,7128,7
17,0.3,static,363,386,14.24727869,49126,93,,0.792746114,1924.069948,66,7128,0
17,0.3,rolling,363,386,23.11327958,1000,3,,0.9196891192,3798.435233,5595.5,7128,0
17,0.3,static,363,386,14.24727869,48506,93,,0.792746114,1924.069948,66,7128,1
17,0.3,rolling,363,386,19.73870182,1000,5,,0.8652849741,3086.404145,777.5,7128,1
17,0.3,static,363,386,14.24727869,48032,93,,0.792746114,1924.069948,66,7128,3
17,0.3,rolling,363,386,19.30106831,1000,6,,0.8601036269,2997.272021,585.5,7128,3
17,0.3,static,363,386,14.24727869,46448,93,,0.792746114,1924.069948,66,7128,7
17,0.3,rolling,363,386,23.72979474,1000,10,,0.9196891192,3892.42228,6039,7128,7
17,0.3,static,364,354,14.24727869,49512,94,,0.7514124294,1870.881356,70.5,7128,0
17,0.3,rolling,364,354,23.15527153,1000,2,,0.9039548023,4048.550847,5794.5,7128,0
17,0.3,static,364,354,14.24727869,49126,94,,0.7514124294,1870.881356,70.5,7128,1
17,0.3,rolling,364,354,23.11327958,1000,4,,0.9039548023,4037.101695,5742,7128,1
17,0.3,static,364,354,14.24727869,48260,94,,0.7514124294,1870.881356,70.5,7128,3
17,0.3,rolling,364,354,20.28008842,1000,7,,0.8644067797,3349.759887,1469,7128,3
17,0.3,static,364,354,14.24727869,46996,94,,0.7514124294,1870.881356,70.5,7128,7
17,0.3,rolling,364,354,23.57890257,1000,9,,0.9096045198,4147.870056,6270,7128,7
29,0,static,292,730,15.06269741,11270,22,,0.897260274,3449.653425,1690,7128,0
29,0,rolling,292,730,15.03301668,1000,3,,0.897260274,3440.791781,1651,7128,0
29,0,static,292,730,15.06269741,11270,22,,0.897260274,3449.653425,1690,7128,1
29,0,rolling,292,730,15.03301668,1000,3,,0.897260274,3440.791781,1651,7128,1
29,0,static,292,730,15.06269741,11270,22,,0.897260274,3449.653425,1690,7128,3
29,0,rolling,292,730,15.03301668,1000,3,,0.897260274,3440.791781,1651,7128,3
29,0,static,292,730,15.06269741,11270,22,,0.897260274,3449.653425,1690,7128,7
29,0,rolling,292,730,15.03301668,1000,3,,0.897260274,3440.791781,1651,7128,7
29,0,static,293,658,15.06269741,12000,23,,0.8996960486,3683.305471,4190,7128,0
29,0,rolling,293,658,14.8787365,1000,2,,0.8996960486,3620,3740.5,7128,0
29,0,static,293,658,15.06269741,11270,23,,0.8996960486,3683.305471,4190,7128,1
29,0,rolling,293,658,15.03301668,1000,4,,0.8996960486,3671.025836,4123,7128,1
29,0,static,293,658,15.06269741,11270,23,,0.8996960486,3683.305471,4190,7128,3
29,0,rolling,293,658,15.03301668,1000,4,,0.8996960486,3671.025836,4123,7128,3
29,0,static,293,658,15.06269741,11270,23,,0.8996960486,3683.305471,4190,7128,7
29,0,rolling,293,658,15.03301668,1000,4,,0.8996960486,3671.025836,4123,7128,7
29,0,static,294,618,15.06269741,12658,24,,0.8365695793,3303.682848,1313.5,7128,0
29,0,rolling,294,618,15.99287271,1000,2,,0.8673139159,3625.881877,3858,7128,0
29,0,static,294,618,15.06269741,12000,24,,0.8365695793,3303.682848,1313.5,7128,1
29,0,rolling,294,618,14.8787365,1000,3,,0.8333333333,3240.834951,1150.5,7128,1
29,0,static,294,618,15.06269741,11270,24,,0.8365695793,3303.682848,1313.5,7128,3
29,0,rolling,294,618,15.03301668,1000,5,,0.8365695793,3294.728155,1285,7128,3
29,0,static,294,618,15.06269741,11270,24,,0.8365695793,3303.682848,1313.5,7128,7
29,0,rolling,294,618,15.03301668,1000,5,,0.8365695793,3294.728155,1285,7128,7
29,0,static,295,666,15.06269741,13276,25,,0.8723723724,3363.328829,1593,7128,0
29,0,rolling,295,666,16.89047432,1000,2,,0.9129129129,4128.84985,6108,7128,0
29,0,static,295,666,15.06269741,12658,25,,0.8723723724,3363.328829,1593,7128,1
29,0,rolling,295,666,15.99287271,1000,3,,0.8948948949,3766.223724,4408,7128,1
29,0,static,295,666,15.06269741,11270,25,,0.8723723724,3363.328829,1593,7128,3
29,0,rolling,295,666,15.03301668,1000,6,,0.8723723724,3353.016517,1561,7128,3
29,0,static,295,666,15.06269741,11270,25,,0.8723723724,3363.328829,1593,7128,7
29,0,rolling,295,666,15.03301668,1000,6,,0.8723723724,3353.016517,1561,7128,7
29,0,static,296,516,15.06269741,13942,26,,0.8527131783,3382.393411,1429,7128,0
29,0,rolling,296,516,16.8333168,1000,2,,0.8875968992,3959.945736,5989,7128,0
29,0,static,296,516,15.06269741,13276,26,,0.8527131783,3382.393411,1429,7128,1
29,0,rolling,296,516,16.89047432,1000,3,,0.8914728682,3975.184109,6069,7128,1
29,0,static,296,516,15.06269741,12000,26,,0.8527131783,3382.393411,1429,7128,3
29,0,rolling,296,516,14.8787365,1000,5,,0.8488372093,3321.831395,1244,7128,3
29,0,static,296,516,15.06269741,11270,26,,0.8527131783,3382.393411,1429,7128,7
29,0,rolling,296,516,15.03301668,1000,7,,0.8527131783,3372.914729,1393.5,7128,7
29,0,static,297,292,15.06269741,14458,27,,0.8356164384,2876.318493,355.5,7128,0
29,0,rolling,297,292,16.92027664,1000,2,,0.8767123288,3296.510274,930,7128,0
29,0,static,297,292,15.06269741,13942,27,,0.8356164384,2876.318493,355.5,7128,1
29,0,rolling,297,292,16.8333168,1000,3,,0.8732876712,3279.910959,855,7128,1
29,0,static,297,292,15.06269741,12658,27,,0.8356164384,2876.318493,355.5,7128,3
29,0,rolling,297,292,15.99287271,1000,5,,0.852739726,3099.414384,539,7128,3
29,0,static,297,292,15.06269741,11270,27,,0.8356164384,2876.318493,355.5,7128,7
29,0,rolling,297,292,15.03301668,1000,8,,0.8356164384,2866.243151,350.5,7128,7
29,0,static,298,252,15.06269741,14750,28,,0.869047619,3068.678571,655,7128,0
29,0,rolling,298,252,17.7265811,1000,3,,0.9166666667,3861.924603,4804.5,7128,0
29,0,static,298,252,15.06269741,14458,28,,0.869047619,3068.678571,655,7128,1
29,0,rolling,298,252,16.92027664,1000,3,,0.9087301587,3601.214286,1847.5,7128,1
29,0,static,298,252,15.06269741,13276,28,,0.869047619,3068.678571,655,7128,3
29,0,rolling,298,252,16.89047432,1000,5,,0.9087301587,3594.460317,1809,7128,3
29,0,static,298,252,15.06269741,11270,28,,0.869047619,3068.678571,655,7128,7
29,0,rolling,298,252,15.03301668,1000,9,,0.869047619,3060.424603,647,7128,7
29,0,static,299,702,15.06269741,15002,29,,0.858974359,3190.136752,1032,7128,0
29,0,rolling,299,702,17.23262978,1000,3,,0.8945868946,3838.948718,5610.5,7128,0
29,0,static,299,702,15.06269741,14750,29,,0.858974359,3190.136752,1032,7128,1
29,0,rolling,299,702,17.7265811,1000,4,,0.9002849003,3965.168091,6257,7128,1
29,0,static,299,702,15.06269741,13942,29,,0.858974359,3190.136752,1032,7128,3
29,0,rolling,299,702,16.8333168,1000,5,,0.8931623932,3735.846154,4970,7128,3
29,0,static,299,702,15.06269741,11270,29,,0.858974359,3190.136752,1032,7128,7
29,0,rolling,299,702,15.03301668,1000,10,,0.8575498575,3180.132479,1006,7128,7
29,0,static,300,664,15.06269741,15704,30,,0.8659638554,3320.686747,1255.5,7128,0
29,0,rolling,300,664,17.40438825,1000,3,,0.9036144578,4057.501506,6302.5,7128,0
29,0,static,300,664,15.06269741,15002,30,,0.8659638554,3320.686747,1255.5,7128,1
29,0,rolling,300,664,17.23262978,1000,4,,0.9006024096,4015.787651,6164,7128,1
29,0,static,300,664,15.06269741,14458,30,,0.8659638554,3320.686747,1255.5,7128,3
29,0,rolling,300,664,16.92027664,1000,5,,0.8975903614,3927.814759,5693,7128,3
29,0,static,300,664,15.06269741,12000,30,,0.8659638554,3320.686747,1255.5,7128,7
29,0,rolling,300,664,14.8787365,1000,9,,0.859939759,3259.338855,1147,7128,7
29,0,static,301,616,15.06269741,16368,31,,0.8912337662,3536.37987,2070,7128,0
29,0,rolling,301,616,17.92373872,1000,2,,0.9269480519,4413.136364,7045,7128,0
29,0,static,301,616,15.06269741,15704,31,,0.8912337662,3536.37987,2070,7128,1
29,0,rolling,301,616,17.40438825,1000,4,,0.9188311688,4241.607143,6891,7128,1
29,0,static,301,616,15.06269741,14750,31,,0.8912337662,3536.37987,2070,7128,3
29,0,rolling,301,616,17.7265811,1000,6,,0.9253246753,4355.566558,6991.5,7128,3
29,0,static,301,616,15.06269741,12658,31,,0.8912337662,3536.37987,2070,7128,7
29,0,rolling,301,616,15.99287271,1000,9,,0.9058441558,3807.925325,5230,7128,7
29,0,static,302,570,15.06269741,16984,32,,0.8421052632,3113.766667,818.5,7128,0
29,0,rolling,302,570,16.27601242,1000,2,,0.8719298246,3446.701754,1771.5,7128,0
29,0,static,302,570,15.06269741,16368,32,,0.8421052632,3113.766667,818.5,7128,1
29,0,rolling,302,570,17.92373872,1000,3,,0.9052631579,3872.361404,5644.5,7128,1
29,0,static,302,570,15.06269741,15002,32,,0.8421052632,3113.766667,818.5,7128,3
29,0,rolling,302,570,17.23262978,1000,6,,0.9,3698.377193,4582.5,7128,3
29,0,static,302,570,15.06269741,13276,32,,0.8421052632,3113.766667,818.5,7128,7
29,0,rolling,302,570,16.89047432,1000,9,,0.8912280702,3615.498246,4054.5,7128,7
29,0,static,303,542,15.06269741,17554,33,,0.8579335793,3231.153137,1025,7128,0
29,0,rolling,303,542,17.01872134,1000,2,,0.8911439114,3810,5574.5,7128,0
29,0,static,303,542,15.06269741,16984,33,,0.8579335793,3231.153137,1025,7128,1
29,0,rolling,303,542,16.27601242,1000,3,,0.8856088561,3603.662362,4354.5,7128,1
29,0,static,303,542,15.06269741,15704,33,,0.8579335793,3231.153137,1025,7128,3
29,0,rolling,303,542,17.40438825,1000,6,,0.8966789668,3908.413284,6117,7128,3
29,0,static,303,542,15.06269741,13942,33,,0.8579335793,3231.153137,1025,7128,7
29,0,rolling,303,542,16.8333168,1000,9,,0.8911439114,3762.46679,5296.5,7128,7
29,0,static,304,328,15.06269741,18096,34,,0.8384146341,2900.213415,564.5,7128,0
29,0,rolling,304,328,16.90860963,1000,2,,0.8780487805,3433.411585,1399,7128,0
29,0,static,304,328,15.06269741,17554,34,,0.8384146341,2900.213415,564.5,7128,1
29,0,rolling,304,328,17.01872134,1000,3,,0.8841463415,3459.884146,1514,7128,1
29,0,static,304,328,15.06269741,16368,34,,0.8384146341,2900.213415,564.5,7128,3
29,0,rolling,304,328,17.92373872,1000,5,,0.8902439024,3682.22561,4550.5,7128,3
29,0,static,304,328,15.06269741,14458,34,,0.8384146341,2900.213415,564.5,7128,7
29,0,rolling,304,328,16.92027664,1000,9,,0.8780487805,3436.481707,1410,7128,7
29,0,static,305,328,15.06269741,18424,35,,0.8780487805,2739.021341,560,7128,0
29,0,rolling,305,328,17.98923775,1000,3,,0.9237804878,3698.439024,4755,7128,0
29,0,static,305,328,15.06269741,18096,35,,0.8780487805,2739.021341,560,7128,1
29,0,rolling,305,328,16.90860963,1000,3,,0.9146341463,3436.338415,1733,7128,1
29,0,static,305,328,15.06269741,16984,35,,0.8780487805,2739.021341,560,7128,3
29,0,rolling,305,328,16.27601242,1000,5,,0.8993902439,3206.158537,1352,7128,3
29,0,static,305,328,15.06269741,14750,35,,0.8780487805,2739.021341,560,7128,7
29,0,rolling,305,328,17.7265811,1000,10,,0.9237804878,3636.890244,4303,7128,7
29,0,static,306,582,15.06269741,18752,36,,0.852233677,3019.298969,520,7128,0
29,0,rolling,306,582,17.29793215,1000,3,,0.8986254296,3601.721649,3996,7128,0
29,0,static,306,582,15.06269741,18424,36,,0.852233677,3019.298969,520,7128,1
29,0,rolling,306,582,17.98923775,1000,4,,0.9054982818,3740.986254,4917.5,7128,1
29,0,static,306,582,15.06269741,17554,36,,0.852233677,3019.298969,520,7128,3
29,0,rolling,306,582,17.01872134,1000,5,,0.8917525773,3534.745704,2754,7128,3
29,0,static,306,582,15.06269741,15002,36,,0.852233677,3019.298969,520,7128,7
29,0,rolling,306,582,17.23262978,1000,10,,0.8986254296,3587.278351,3935,7128,7
29,0,static,307,588,15.06269741,19334,37,,0.8486394558,3211.47449,1080,7128,0
29,0,rolling,307,588,17.09696102,1000,3,,0.8928571429,3816.807823,5108,7128,0
29,0,static,307,588,15.06269741,18752,37,,0.8486394558,3211.47449,1080,7128,1
29,0,rolling,307,588,17.29793215,1000,4,,0.8996598639,3879.083333,5409.5,7128,1
29,0,static,307,588,15.06269741,18096,37,,0.8486394558,3211.47449,1080,7128,3
29,0,rolling,307,588,16.90860963,1000,5,,0.8928571429,3754.818027,4846,7128,3
29,0,static,307,588,15.06269741,15704,37,,0.8486394558,3211.47449,1080,7128,7
29,0,rolling,307,588,17.40438825,1000,10,,0.8996598639,3905.865646,5538.5,7128,7
29,0,static,308,562,15.06269741,19922,38,,0.8505338078,3247.823843,786.5,7128,0
29,0,rolling,308,562,17.59035572,1000,2,,0.884341637,3880.487544,6348.5,7128,0
29,0,static,308,562,15.06269741,19334,38,,0.8505338078,3247.823843,786.5,7128,1
29,0,rolling,308,562,17.09696102,1000,4,,0.8754448399,3777.129893,5615.5,7128,1
29,0,static,308,562,15.06269741,18424,38,,0.8505338078,3247.823843,786.5,7128,3
29,0,rolling,308,562,17.98923775,1000,6,,0.8896797153,3958.55694,6642.5,7128,3
29,0,static,308,562,15.06269741,16368,38,,0.8505338078,3247.823843,786.5,7128,7
29,0,rolling,308,562,17.92373872,1000,9,,0.8896797153,3944.654804,6600.5,7128,7
29,0,static,309,626,15.06269741,20484,39,,0.8498402556,3348.597444,1466,7128,0
29,0,rolling,309,626,18.38959193,1000,2,,0.8993610224,4223.135783,6859,7128,0
29,0,static,309,626,15.06269741,19922,39,,0.8498402556,3348.597444,1466,7128,1
29,0,rolling,309,626,17.59035572,1000,3,,0.8897763578,4008.551118,6425.5,7128,1
29,0,static,309,626,15.06269741,18752,39,,0.8498402556,3348.597444,1466,7128,3
29,0,rolling,309,626,17.29793215,1000,6,,0.8897763578,3943.961661,6043.5,7128,3
29,0,static,309,626,15.06269741,16984,39,,0.8498402556,3348.597444,1466,7128,7
29,0,rolling,309,626,16.27601242,1000,9,,0.875399361,3690.600639,4294.5,7128,7
29,0,static,310,620,15.06269741,21110,40,,0.8870967742,2621.346774,349,7128,0
29,0,rolling,310,620,18.83565521,1000,2,,0.9338709677,3725.51129,4344.5,7128,0
29,0,static,310,620,15.06269741,20484,40,,0.8870967742,2621.346774,349,7128,1
29,0,rolling,310,620,18.38959193,1000,3,,0.9241935484,3628.233871,3815,7128,1
29,0,static,310,620,15.06269741,19334,40,,0.8870967742,2621.346774,349,7128,3
29,0,rolling,310,620,17.09696102,1000,6,,0.9193548387,3301.419355,1316,7128,3
29,0,static,310,620,15.06269741,17554,40,,0.8870967742,2621.346774,349,7128,7
29,0,rolling,310,620,17.01872134,1000,9,,0.9177419355,3268.120968,1280,7128,7
29,0,static,311,438,15.06269741,21730,41,,0.8607305936,2366.034247,243,7128,0
29,0,rolling,311,438,16.86660385,1000,2,,0.9086757991,2868.086758,557,7128,0
29,0,static,311,438,15.06269741,21110,41,,0.8607305936,2366.034247,243,7128,1
29,0,rolling,311,438,18.83565521,1000,3,,0.9292237443,3337.56621,1280,7128,1
29,0,static,311,438,15.06269741,19922,41,,0.8607305936,2366.034247,243,7128,3
29,0,rolling,311,438,17.59035572,1000,5,,0.9109589041,3063.388128,741,7128,3
29,0,static,311,438,15.06269741,18096,41,,0.8607305936,2366.034247,243,7128,7
29,0,rolling,311,438,16.90860963,1000,9,,0.9086757991,2880.015982,563,7128,7
29,0,static,312,460,15.06269741,22168,42,,0.8152173913,2231.36087,237,7128,0
29,0,rolling,312,460,16.46350765,1000,2,,0.8586956522,2653.993478,382,7128,0
29,0,static,312,460,15.06269741,21730,42,,0.8152173913,2231.36087,237,7128,1
29,0,rolling,312,460,16.86660385,1000,3,,0.8717391304,2813.513043,484,7128,1
29,0,static,312,460,15.06269741,20484,42,,0.8152173913,2231.36087,237,7128,3
29,0,rolling,312,460,18.38959193,1000,5,,0.8934782609,3215,947,7128,3
29,0,static,312,460,15.06269741,18424,42,,0.8152173913,2231.36087,237,7128,7
29,0,rolling,312,460,17.98923775,1000,10,,0.8891304348,3120.628261,773,7128,7
29,0,static,313,794,15.06269741,22628,43,,0.8324937028,2412.604534,237,7128,0
29,0,rolling,313,794,17.7905724,1000,3,,0.8929471033,3186.947103,827.5,7128,0
29,0,static,313,794,15.06269741,22168,43,,0.8324937028,2412.604534,237,7128,1
29,0,rolling,313,794,16.46350765,1000,3,,0.8702770781,2799.735516,407,7128,1
29,0,static,313,794,15.06269741,21110,43,,0.8324937028,2412.604534,237,7128,3
29,0,rolling,313,794,18.83565521,1000,5,,0.9130982368,3422.096977,1354.5,7128,3
29,0,static,313,794,15.06269741,18752,43,,0.8324937028,2412.604534,237,7128,7
29,0,rolling,313,794,17.29793215,1000,10,,0.8879093199,3049.278338,647,7128,7
29,0,static,314,678,15.06269741,23422,44,,0.8510324484,2678.460177,371.5,7128,0
29,0,rolling,314,678,18.49311447,1000,2,,0.9174041298,3675.930678,4582.5,7128,0
29,0,static,314,678,15.06269741,22628,44,,0.8510324484,2678.460177,371.5,7128,1
29,0,rolling,314,678,17.7905724,1000,4,,0.9041297935,3504.486726,1983,7128,1
29,0,static,314,678,15.06269741,21730,44,,0.8510324484,2678.460177,371.5,7128,3
29,0,rolling,314,678,16.86660385,1000,5,,0.889380531,3248.70354,1018.5,7128,3
29,0,static,314,678,15.06269741,19334,44,,0.8510324484,2678.460177,371.5,7128,7
29,0,rolling,314,678,17.09696102,1000,10,,0.8967551622,3312.879056,1200,7128,7
29,0,static,315,774,15.06269741,24100,45,,0.842377261,2623.03876,380.5,7128,0
29,0,rolling,315,774,18.2245388,1000,2,,0.8953488372,3583.178295,4000,7128,0
29,0,static,315,774,15.06269741,23422,45,,0.842377261,2623.03876,380.5,7128,1
29,0,rolling,315,774,18.49311447,1000,3,,0.8992248062,3643.72093,4341.5,7128,1
29,0,static,315,774,15.06269741,22168,45,,0.842377261,2623.03876,380.5,7128,3
29,0,rolling,315,774,16.46350765,1000,5,,0.8708010336,3073.369509,882,7128,3
29,0,static,315,774,15.06269741,19922,45,,0.842377261,2623.03876,380.5,7128,7
29,0,rolling,315,774,17.59035572,1000,9,,0.8914728682,3403.737726,1688,7128,7
29,0,static,316,758,15.06269741,24874,46,,0.8588390501,2782.192612,756.5,7128,0
29,0,rolling,316,758,19.48420715,1000,2,,0.919525066,4236.544855,6651,7128,0
29,0,static,316,758,15.06269741,24100,46,,0.8588390501,2782.192612,756.5,7128,1
29,0,rolling,316,758,18.2245388,1000,3,,0.9063324538,3920.990765,5204,7128,1
29,0,static,316,758,15.06269741,22628,46,,0.8588390501,2782.192612,756.5,7128,3
29,0,rolling,316,758,17.7905724,1000,6,,0.8997361478,3779.902375,4563,7128,3
29,0,static,316,758,15.06269741,20484,46,,0.8588390501,2782.192612,756.5,7128,7
29,0,rolling,316,758,18.38959193,1000,9,,0.9063324538,3960.299472,5458,7128,7
29,0,static,317,630,15.06269741,25632,47,,0.8253968254,2376.074603,288.5,7128,0
29,0,rolling,317,630,18.1093874,1000,2,,0.8904761905,3309.160317,1419.5,7128,0
29,0,static,317,630,15.06269741,24874,47,,0.8253968254,2376.074603,288.5,7128,1
29,0,rolling,317,630,19.48420715,1000,3,,0.9206349206,3684.449206,4184,7128,1
29,0,static,317,630,15.06269741,23422,47,,0.8253968254,2376.074603,288.5,7128,3
29,0,rolling,317,630,18.49311447,1000,5,,0.8968253968,3412.701587,1742,7128,3
29,0,static,317,630,15.06269741,21110,47,,0.8253968254,2376.074603,288.5,7128,7
29,0,rolling,317,630,18.83565521,1000,9,,0.9063492063,3496.077778,2159,7128,7
29,0,static,318,342,15.06269741,26262,48,,0.8421052632,2351.482456,219,7128,0
29,0,rolling,318,342,18.87277031,1000,2,,0.9239766082,3397.555556,1725.5,7128,0
29,0,static,318,342,15.06269741,25632,48,,0.8421052632,2351.482456,219,7128,1
29,0,rolling,318,342,18.1093874,1000,3,,0.9152046784,3160.587719,885.5,7128,1
29,0,static,318,342,15.06269741,24100,48,,0.8421052632,2351.482456,219,7128,3
29,0,rolling,318,342,18.2245388,1000,5,,0.9210526316,3194.836257,940.5,7128,3
29,0,static,318,342,15.06269741,21730,48,,0.8421052632,2351.482456,219,7128,7
29,0,rolling,318,342,16.86660385,1000,9,,0.8801169591,2798.248538,486.5,7128,7
29,0,static,319,324,15.06269741,26604,49,,0.8518518519,2445.54321,320,7128,0
29,0,rolling,319,324,18.24533176,1000,3,,0.9135802469,3360.929012,1573,7128,0
29,0,static,319,324,15.06269741,26262,49,,0.8518518519,2445.54321,320,7128,1
29,0,rolling,319,324,18.87277031,1000,3,,0.9166666667,3529.030864,2082,7128,1
29,0,static,319,324,15.06269741,24874,49,,0.8518518519,2445.54321,320,7128,3
29,0,rolling,319,324,19.48420715,1000,5,,0.9228395062,3694.907407,4114,7128,3
29,0,static,319,324,15.06269741,22168,49,,0.8518518519,2445.54321,320,7128,7
29,0,rolling,319,324,16.46350765,1000,9,,0.8827160494,2859.277778,619,7128,7
29,0,static,320,736,15.06269741,26928,50,,0.8369565217,2947.997283,560,7128,0
29,0,rolling,320,736,18.13870811,1000,3,,0.8777173913,3792.96875,4804.5,7128,0
29,0,static,320,736,15.06269741,26604,50,,0.8369565217,2947.997283,560,7128,1
29,0,rolling,320,736,18.24533176,1000,4,,0.8777173913,3821.205163,4959.5,7128,1
29,0,static,320,736,15.06269741,25632,50,,0.8369565217,2947.997283,560,7128,3
29,0,rolling,320,736,18.1093874,1000,5,,0.8777173913,3783.414402,4770,7128,3
29,0,static,320,736,15.06269741,22628,50,,0.8369565217,2947.997283,560,7128,7
29,0,rolling,320,736,17.7905724,1000,10,,0.8736413043,3690.163043,4166,7128,7
29,0,static,321,680,15.06269741,27664,51,,0.8558823529,2823.886765,483.5,7128,0
29,0,rolling,321,680,19.10052395,1000,2,,0.9161764706,4077.75,6486.5,7128,0
29,0,static,321,680,15.06269741,26928,51,,0.8558823529,2823.886765,483.5,7128,1
29,0,rolling,321,680,18.13870811,1000,4,,0.9044117647,3797.098529,5043.5,7128,1
29,0,static,321,680,15.06269741,26262,51,,0.8558823529,2823.886765,483.5,7128,3
29,0,rolling,321,680,18.87277031,1000,5,,0.9147058824,4018.598529,6288.5,7128,3
29,0,static,321,680,15.06269741,23422,51,,0.8558823529,2823.886765,483.5,7128,7
29,0,rolling,321,680,18.49311447,1000,9,,0.9088235294,3911.629412,5738.5,7128,7
29,0,static,322,668,15.06269741,28344,52,,0.8517964072,2987.480539,661.5,7128,0
29,0,rolling,322,668,19.31597871,1000,2,,0.9326347305,4242.708084,6725,7128,0
29,0,static,322,668,15.06269741,27664,52,,0.8517964072,2987.480539,661.5,7128,1
29,0,rolling,322,668,19.10052395,1000,3,,0.9326347305,4183.595808,6619,7128,1
29,0,static,322,668,15.06269741,26604,52,,0.8517964072,2987.480539,661.5,7128,3
29,0,rolling,322,668,18.24533176,1000,6,,0.9221556886,3932.944611,5604.5,7128,3
29,0,static,322,668,15.06269741,24100,52,,0.8517964072,2987.480539,661.5,7128,7
29,0,rolling,322,668,18.2245388,1000,9,,0.9221556886,3927.889222,5576,7128,7
29,0,static,323,668,15.06269741,29012,53,,0.8458083832,2780.884731,770,7128,0
29,0,rolling,323,668,17.64072418,1000,2,,0.8982035928,3685.438623,4256,7128,0
29,0,static,323,668,15.06269741,28344,53,,0.8458083832,2780.884731,770,7128,1
29,0,rolling,323,668,19.31597871,1000,3,,0.9221556886,4144.889222,6490.5,7128,1
29,0,static,323,668,15.06269741,26928,53,,0.8458083832,2780.884731,770,7128,3
29,0,rolling,323,668,18.13870811,1000,6,,0.9071856287,3839.291916,5018.5,7128,3
29,0,static,323,668,15.06269741,24874,53,,0.8458083832,2780.884731,770,7128,7
29,0,rolling,323,668,19.48420715,1000,9,,0.9251497006,4181.229042,6600,7128,7
29,0,static,324,796,15.06269741,29680,54,,0.8015075377,2615.394472,318,7128,0
29,0,rolling,324,796,17.86784554,1000,2,,0.8756281407,3372.067839,1729,7128,0
29,0,static,324,796,15.06269741,29012,54,,0.8015075377,2615.394472,318,7128,1
29,0,rolling,324,796,17.64072418,1000,3,,0.8693467337,3307.973618,1538,7128,1
29,0,static,324,796,15.06269741,27664,54,,0.8015075377,2615.394472,318,7128,3
29,0,rolling,324,796,19.10052395,1000,5,,0.8969849246,3675.199749,4286.5,7128,3
29,0,static,324,796,15.06269741,25632,54,,0.8015075377,2615.394472,318,7128,7
29,0,rolling,324,796,18.1093874,1000,9,,0.8831658291,3432.73995,1908.5,7128,7
29,0,static,325,398,15.06269741,30476,55,,0.7713567839,2566.256281,254,7128,0
29,0,rolling,325,398,18.52776814,1000,2,,0.8668341709,3419.479899,1851.5,7128,0
29,0,static,325,398,15.06269741,29680,55,,0.7713567839,2566.256281,254,7128,1
29,0,rolling,325,398,17.86784554,1000,3,,0.8542713568,3238.168342,1095,7128,1
29,0,static,325,398,15.06269741,28344,55,,0.7713567839,2566.256281,254,7128,3
29,0,rolling,325,398,19.31597871,1000,5,,0.8819095477,3602.567839,3723.5,7128,3
29,0,static,325,398,15.06269741,26262,55,,0.7713567839,2566.256281,254,7128,7
29,0,rolling,325,398,18.87277031,1000,9,,0.8743718593,3507.278894,2217.5,7128,7
29,0,static,326,422,15.06269741,30874,56,,0.7701421801,1937.061611,94,7128,0
29,0,rolling,326,422,19.40538311,1000,2,,0.8767772512,2900.438389,505.5,7128,0
29,0,static,326,422,15.06269741,30476,56,,0.7701421801,1937.061611,94,7128,1
29,0,rolling,326,422,18.52776814,1000,3,,0.8601895735,2672.670616,353,7128,1
29,0,static,326,422,15.06269741,29012,56,,0.7701421801,1937.061611,94,7128,3
29,0,rolling,326,422,17.64072418,1000,5,,0.8341232227,2472.632701,236,7128,3
29,0,static,326,422,15.06269741,26604,56,,0.7701421801,1937.061611,94,7128,7
29,0,rolling,326,422,18.24533176,1000,10,,0.8483412322,2596.983412,298.5,7128,7
29,0,static,327,738,15.06269741,31296,57,,0.8075880759,2562.617886,313.5,7128,0
29,0,rolling,327,738,20.20668602,1000,3,,0.9078590786,3879.184282,5511,7128,0
29,0,static,327,738,15.06269741,30874,57,,0.8075880759,2562.617886,313.5,7128,1
29,0,rolling,327,738,19.40538311,1000,3,,0.8983739837,3691.551491,4334,7128,1
29,0,static,327,738,15.06269741,29680,57,,0.8075880759,2562.617886,313.5,7128,3
29,0,rolling,327,738,17.86784554,1000,5,,0.8658536585,3266.48103,1417,7128,3
29,0,static,327,738,15.06269741,26928,57,,0.8075880759,2562.617886,313.5,7128,7
29,0,rolling,327,738,18.13870811,1000,10,,0.8766937669,3338.712737,1605.5,7128,7
29,0,static,328,600,15.06269741,32034,58,,0.8266666667,2636.22,395,7128,0
29,0,rolling,328,600,20.24185538,1000,2,,0.9266666667,4182.255,6625,7128,0
29,0,static,328,600,15.06269741,31296,58,,0.8266666667,2636.22,395,7128,1
29,0,rolling,328,600,20.20668602,1000,4,,0.9266666667,4172.505,6604,7128,1
29,0,static,328,600,15.06269741,30476,58,,0.8266666667,2636.22,395,7128,3
29,0,rolling,328,600,18.52776814,1000,5,,0.9,3686.76,4391.5,7128,3
29,0,static,328,600,15.06269741,27664,58,,0.8266666667,2636.22,395,7128,7
29,0,rolling,328,600,19.10052395,1000,9,,0.91,3873.92,5439.5,7128,7
29,0,static,329,684,15.06269741,32634,59,,0.8187134503,2740.589181,371,7128,0
29,0,rolling,329,684,19.49835181,1000,2,,0.9225146199,4047.79386,6172.5,7128,0
29,0,static,329,684,15.06269741,32034,59,,0.8187134503,2740.589181,371,7128,1
29,0,rolling,329,684,20.24185538,1000,3,,0.9312865497,4249.94883,6787.5,7128,1
29,0,static,329,684,15.06269741,30874,59,,0.8187134503,2740.589181,371,7128,3
29,0,rolling,329,684,19.40538311,1000,5,,0.9225146199,4010.261696,6050.5,7128,3
29,0,static,329,684,15.06269741,28344,59,,0.8187134503,2740.589181,371,7128,7
29,0,rolling,329,684,19.31597871,1000,9,,0.9210526316,3978.44152,5920.5,7128,7
29,0,static,330,640,15.06269741,33318,60,,0.8203125,2581.309375,376,7128,0
29,0,rolling,330,640,18.54461956,1000,2,,0.9234375,3611.060937,3047.5,7128,0
29,0,static,330,640,15.06269741,32634,60,,0.8203125,2581.309375,376,7128,1
29,0,rolling,330,640,19.49835181,1000,3,,0.928125,3921.01875,5364.5,7128,1
29,0,static,330,640,15.06269741,31296,60,,0.8203125,2581.309375,376,7128,3
29,0,rolling,330,640,20.20668602,1000,6,,0.9328125,4117.601562,6229.5,7128,3
29,0,static,330,640,15.06269741,29012,60,,0.8203125,2581.309375,376,7128,7
29,0,rolling,330,640,17.64072418,1000,9,,0.8921875,3344.548438,1518,7128,7
29,0,static,331,506,15.06269741,33958,61,,0.8458498024,2691.857708,258.5,7128,0
29,0,rolling,331,506,17.9184494,1000,2,,0.8932806324,3480.474308,2236,7128,0
29,0,static,331,506,15.06269741,33318,61,,0.8458498024,2691.857708,258.5,7128,1
29,0,rolling,331,506,18.54461956,1000,3,,0.9110671937,3679.462451,4526.5,7128,1
29,0,static,331,506,15.06269741,32034,61,,0.8458498024,2691.857708,258.5,7128,3
29,0,rolling,331,506,20.24185538,1000,5,,0.9268774704,4176.029644,6686,7128,3
29,0,static,331,506,15.06269741,29680,61,,0.8458498024,2691.857708,258.5,7128,7
29,0,rolling,331,506,17.86784554,1000,9,,0.8932806324,3461.695652,2140,7128,7
29,0,static,332,318,15.06269741,34464,62,,0.8396226415,2513.959119,263.5,7128,0
29,0,rolling,332,318,17.83051109,1000,2,,0.8899371069,3255.556604,1101.5,7128,0
29,0,static,332,318,15.06269741,33958,62,,0.8396226415,2513.959119,263.5,7128,1
29,0,rolling,332,318,17.9184494,1000,3,,0.8899371069,3276.062893,1151.5,7128,1
29,0,static,332,318,15.06269741,32634,62,,0.8396226415,2513.959119,263.5,7128,3
29,0,rolling,332,318,19.49835181,1000,5,,0.9182389937,3662.081761,4137.5,7128,3
29,0,static,332,318,15.06269741,30476,62,,0.8396226415,2513.959119,263.5,7128,7
29,0,rolling,332,318,18.52776814,1000,9,,0.9025157233,3429.028302,1580.5,7128,7
29,0,static,333,342,15.06269741,34782,63,,0.8274853801,2590.818713,246.5,7128,0
29,0,rolling,333,342,18.01071167,1000,3,,0.8830409357,3368.570175,1103,7128,0
29,0,static,333,342,15.06269741,34464,63,,0.8274853801,2590.818713,246.5,7128,1
29,0,rolling,333,342,17.83051109,1000,3,,0.8830409357,3324.935673,939,7128,1
29,0,static,333,342,15.06269741,33318,63,,0.8274853801,2590.818713,246.5,7128,3
29,0,rolling,333,342,18.54461956,1000,5,,0.8888888889,3488.637427,1851.5,7128,3
29,0,static,333,342,15.06269741,30874,63,,0.8274853801,2590.818713,246.5,7128,7
29,0,rolling,333,342,19.40538311,1000,9,,0.9005847953,3715.672515,4816,7128,7
29,0,static,334,700,15.06269741,35124,64,,0.8371428571,2539.244286,345,7128,0
29,0,rolling,334,700,18.14150592,1000,3,,0.9,3466.815714,2283.5,7128,0
29,0,static,334,700,15.06269741,34782,64,,0.8371428571,2539.244286,345,7128,1
29,0,rolling,334,700,18.01071167,1000,4,,0.8942857143,3412.437143,2039.5,7128,1
29,0,static,334,700,15.06269741,33958,64,,0.8371428571,2539.244286,345,7128,3
29,0,rolling,334,700,17.9184494,1000,5,,0.8942857143,3382.285714,1928,7128,3
29,0,static,334,700,15.06269741,31296,64,,0.8371428571,2539.244286,345,7128,7
29,0,rolling,334,700,20.20668602,1000,10,,0.9242857143,4042.738571,6213.5,7128,7
29,0,static,335,656,15.06269741,35824,65,,0.8216463415,2574.623476,287.5,7128,0
29,0,rolling,335,656,18.30394578,1000,2,,0.8841463415,3491.88872,1830.5,7128,0
29,0,static,335,656,15.06269741,35124,65,,0.8216463415,2574.623476,287.5,7128,1
29,0,rolling,335,656,18.14150592,1000,4,,0.8765243902,3455.208841,1642.5,7128,1
29,0,static,335,656,15.06269741,34464,65,,0.8216463415,2574.623476,287.5,7128,3
29,0,rolling,335,656,17.83051109,1000,5,,0.8719512195,3376.019817,1333,7128,3
29,0,static,335,656,15.06269741,32034,65,,0.8216463415,2574.623476,287.5,7128,7
29,0,rolling,335,656,20.24185538,1000,9,,0.9146341463,3953.230183,5796.5,7128,7
29,0,static,336,632,15.06269741,36480,66,,0.7863924051,2548.72943,367,7128,0
29,0,rolling,336,632,19.54573137,1000,2,,0.8987341772,3797.026899,5478,7128,0
29,0,static,336,632,15.06269741,35824,66,,0.7863924051,2548.72943,367,7128,1
29,0,rolling,336,632,18.30394578,1000,3,,0.875,3509.542722,2202.5,7128,1
29,0,static,336,632,15.06269741,34782,66,,0.7863924051,2548.72943,367,7128,3
29,0,rolling,336,632,18.01071167,1000,6,,0.8623417722,3428.235759,1895,7128,3
29,0,static,336,632,15.06269741,32634,66,,0.7863924051,2548.72943,367,7128,7
29,0,rolling,336,632,19.49835181,1000,9,,0.8987341772,3785.408228,5363,7128,7
29,0,static,337,552,15.06269741,37112,67,,0.8188405797,2486.802536,277.5,7128,0
29,0,rolling,337,552,19.64600134,1000,2,,0.9148550725,3678.931159,3962,7128,0
29,0,static,337,552,15.06269741,36480,67,,0.8188405797,2486.802536,277.5,7128,1
29,0,rolling,337,552,19.54573137,1000,3,,0.9130434783,3649.208333,3851.5,7128,1
29,0,static,337,552,15.06269741,35124,67,,0.8188405797,2486.802536,277.5,7128,3
29,0,rolling,337,552,18.14150592,1000,6,,0.8804347826,3325.251812,1338.5,7128,3
29,0,static,337,552,15.06269741,33318,67,,0.8188405797,2486.802536,277.5,7128,7
29,0,rolling,337,552,18.54461956,1000,9,,0.8949275362,3424.57971,1609,7128,7
29,0,static,338,496,15.06269741,37664,68,,0.7943548387,2537.693548,284,7128,0
29,0,rolling,338,496,19.65637052,1000,2,,0.8971774194,3743.822581,4622.5,7128,0
29,0,static,338,496,15.06269741,37112,68,,0.7943548387,2537.693548,284,7128,1
29,0,rolling,338,496,19.64600134,1000,3,,0.8971774194,3741.469758,4607,7128,1
29,0,static,338,496,15.06269741,35824,68,,0.7943548387,2537.693548,284,7128,3
29,0,rolling,338,496,18.30394578,1000,5,,0.875,3390.153226,1770.5,7128,3
29,0,static,338,496,15.06269741,33958,68,,0.7943548387,2537.693548,284,7128,7
29,0,rolling,338,496,17.9184494,1000,9,,0.8689516129,3299.71371,1377.5,7128,7
29,0,static,339,328,15.06269741,38160,69,,0.8109756098,2053.564024,190,7128,0
29,0,rolling,339,328,19.08408642,1000,2,,0.9024390244,3348.573171,1619,7128,0
29,0,static,339,328,15.06269741,37664,69,,0.8109756098,2053.564024,190,7128,1
29,0,rolling,339,328,19.65637052,1000,3,,0.9115853659,3538,2245.5,7128,1
29,0,static,339,328,15.06269741,36480,69,,0.8109756098,2053.564024,190,7128,3
29,0,rolling,339,328,19.54573137,1000,5,,0.9085365854,3504.411585,1979.5,7128,3
29,0,static,339,328,15.06269741,34464,69,,0.8109756098,2053.564024,190,7128,7
29,0,rolling,339,328,17.83051109,1000,9,,0.8567073171,2921.04878,911,7128,7
29,0,static,340,328,15.06269741,38488,70,,0.8018292683,2474.259146,214.5,7128,0
29,0,rolling,340,328,19.47762871,1000,3,,0.8963414634,3595.189024,3654.5,7128,0
29,0,static,340,328,15.06269741,38160,70,,0.8018292683,2474.259146,214.5,7128,1
29,0,rolling,340,328,19.08408642,1000,3,,0.8841463415,3461.588415,1729.5,7128,1
29,0,static,340,328,15.06269741,37112,70,,0.8018292683,2474.259146,214.5,7128,3
29,0,rolling,340,328,19.64600134,1000,5,,0.8993902439,3656.10061,4168,7128,3
29,0,static,340,328,15.06269741,34782,70,,0.8018292683,2474.259146,214.5,7128,7
29,0,rolling,340,328,18.01071167,1000,10,,0.8567073171,3138.204268,904,7128,7
29,0,static,341,576,15.06269741,38816,71,,0.828125,2468.977431,334.5,7128,0
29,0,rolling,341,576,19.58599281,1000,3,,0.8940972222,3769.614583,5247.5,7128,0
29,0,static,341,576,15.06269741,38488,71,,0.828125,2468.977431,334.5,7128,1
29,0,rolling,341,576,19.47762871,1000,4,,0.8940972222,3748.730903,5126.5,7128,1
29,0,static,341,576,15.06269741,37664,71,,0.828125,2468.977431,334.5,7128,3
29,0,rolling,341,576,19.65637052,1000,5,,0.8940972222,3784.182292,5339,7128,3
29,0,static,341,576,15.06269741,35124,71,,0.828125,2468.977431,334.5,7128,7
29,0,rolling,341,576,18.14150592,1000,10,,0.875,3436.296875,1898,7128,7
29,0,static,342,636,15.06269741,39392,72,,0.8238993711,2514.465409,254.5,7128,0
29,0,rolling,342,636,19.8156704,1000,3,,0.8867924528,3686.212264,4340.5,7128,0
29,0,static,342,636,15.06269741,38816,72,,0.8238993711,2514.465409,254.5,7128,1
29,0,rolling,342,636,19.58599281,1000,4,,0.8789308176,3625.507862,4040,7128,1
29,0,static,342,636,15.06269741,38160,72,,0.8238993711,2514.465409,254.5,7128,3
29,0,rolling,342,636,19.08408642,1000,5,,0.8742138365,3499.586478,2063,7128,3
29,0,static,342,636,15.06269741,35824,72,,0.8238993711,2514.465409,254.5,7128,7
29,0,rolling,342,636,18.30394578,1000,9,,0.8694968553,3291.559748,1267.5,7128,7
29,0,static,343,642,15.06269741,40028,73,,0.7990654206,2844.509346,596,7128,0
29,0,rolling,343,642,20.74883652,1000,2,,0.8925233645,4494.101246,7063,7128,0
29,0,static,343,642,15.06269741,39392,73,,0.7990654206,2844.509346,596,7128,1
29,0,rolling,343,642,19.8156704,1000,4,,0.8847352025,4286.141745,6787.5,7128,1
29,0,static,343,642,15.06269741,38488,73,,0.7990654206,2844.509346,596,7128,3
29,0,rolling,343,642,19.47762871,1000,6,,0.8753894081,4204.436137,6619,7128,3
29,0,static,343,642,15.06269741,36480,73,,0.7990654206,2844.509346,596,7128,7
29,0,rolling,343,642,19.54573137,1000,9,,0.8769470405,4220.422118,6658,7128,7
29,0,static,344,650,15.06269741,40670,74,,0.7892307692,2565.921538,204.5,7128,0
29,0,rolling,344,650,20.92653894,1000,2,,0.88,3924.587692,5872.5,7128,0
29,0,static,344,650,15.06269741,40028,74,,0.7892307692,2565.921538,204.5,7128,1
29,0,rolling,344,650,20.74883652,1000,3,,0.8784615385,3886.233846,5673,7128,1
29,0,static,344,650,15.06269741,38816,74,,0.7892307692,2565.921538,204.5,7128,3
29,0,rolling,344,650,19.58599281,1000,6,,0.8676923077,3608.844615,3965,7128,3
29,0,static,344,650,15.06269741,37112,74,,0.7892307692,2565.921538,204.5,7128,7
29,0,rolling,344,650,19.64600134,1000,9,,0.8692307692,3626.043077,4064,7128,7
29,0,static,345,586,15.06269741,41320,75,,0.837883959,3021.141638,603,7128,0
29,0,rolling,345,586,22.87825871,1000,2,,0.9351535836,4612.967577,7127,7128,0
29,0,static,345,586,15.06269741,40670,75,,0.837883959,3021.141638,603,7128,1
29,0,rolling,345,586,20.92653894,1000,3,,0.9163822526,4301.981229,7059,7128,1
29,0,static,345,586,15.06269741,39392,75,,0.837883959,3021.141638,603,7128,3
29,0,rolling,345,586,19.8156704,1000,6,,0.9010238908,4067.52901,6769,7128,3
29,0,static,345,586,15.06269741,37664,75,,0.837883959,3021.141638,603,7128,7
29,0,rolling,345,586,19.65637052,1000,9,,0.8993174061,4038.382253,6691.5,7128,7
29,0,static,346,224,15.06269741,41906,76,,0.8080357143,1877.696429,118,7128,0
29,0,rolling,346,224,20.80144787,1000,2,,0.9196428571,3072.955357,1149.5,7128,0
29,0,static,346,224,15.06269741,41320,76,,0.8080357143,1877.696429,118,7128,1
29,0,rolling,346,224,22.87825871,1000,3,,0.9375,3704.053571,3960,7128,1
29,0,static,346,224,15.06269741,40028,76,,0.8080357143,1877.696429,118,7128,3
29,0,rolling,346,224,20.74883652,1000,5,,0.9196428571,3057.401786,1127.5,7128,3
29,0,static,346,224,15.06269741,38160,76,,0.8080357143,1877.696429,118,7128,7
29,0,rolling,346,224,19.08408642,1000,9,,0.9017857143,2676.241071,515,7128,7
29,0,static,347,306,15.06269741,42130,77,,0.8464052288,1989.545752,84.5,7128,0
29,0,rolling,347,306,19.83515835,1000,3,,0.8986928105,2892.267974,459.5,7128,0
29,0,static,347,306,15.06269741,41906,77,,0.8464052288,1989.545752,84.5,7128,1
29,0,rolling,347,306,20.80144787,1000,3,,0.908496732,3072.598039,671,7128,1
29,0,static,347,306,15.06269741,40670,77,,0.8464052288,1989.545752,84.5,7128,3
29,0,rolling,347,306,20.92653894,1000,5,,0.908496732,3098.620915,697.5,7128,3
29,0,static,347,306,15.06269741,38488,77,,0.8464052288,1989.545752,84.5,7128,7
29,0,rolling,347,306,19.47762871,1000,10,,0.8986928105,2832.245098,387,7128,7
29,0,static,348,714,15.06269741,42436,78,,0.8151260504,2448.422969,162,7128,0
29,0,rolling,348,714,19.72148418,1000,3,,0.8893557423,3455.067227,1674,7128,0
29,0,static,348,714,15.06269741,42130,78,,0.8151260504,2448.422969,162,7128,1
29,0,rolling,348,714,19.83515835,1000,4,,0.8893557423,3487.878151,1780,7128,1
29,0,static,348,714,15.06269741,41320,78,,0.8151260504,2448.422969,162,7128,3
29,0,rolling,348,714,22.87825871,1000,5,,0.9341736695,4171.64986,6741,7128,3
29,0,static,348,714,15.06269741,38816,78,,0.8151260504,2448.422969,162,7128,7
29,0,rolling,348,714,19.58599281,1000,10,,0.8851540616,3428.271709,1532.5,7128,7
29,0,static,349,600,15.06269741,43150,79,,0.76,2382.73,164,7128,0
29,0,rolling,349,600,20.35027003,1000,2,,0.8683333333,3473.736667,2191,7128,0
29,0,static,349,600,15.06269741,42436,79,,0.76,2382.73,164,7128,1
29,0,rolling,349,600,19.72148418,1000,4,,0.8583333333,3310.106667,1631.5,7128,1
29,0,static,349,600,15.06269741,41906,79,,0.76,2382.73,164,7128,3
29,0,rolling,349,600,20.80144787,1000,5,,0.8766666667,3596.461667,4019.5,7128,3
29,0,static,349,600,15.06269741,39392,79,,0.76,2382.73,164,7128,7
29,0,rolling,349,600,19.8156704,1000,10,,0.86,3333.426667,1710,7128,7
29,0,static,350,656,15.06269741,43750,80,,0.7743902439,2033.48628,123,7128,0
29,0,rolling,350,656,22.30468082,1000,2,,0.9131097561,3525.480183,1906,7128,0
29,0,static,350,656,15.06269741,43150,80,,0.7743902439,2033.48628,123,7128,1
29,0,rolling,350,656,20.35027003,1000,3,,0.881097561,3126.385671,852.5,7128,1
29,0,static,350,656,15.06269741,42130,80,,0.7743902439,2033.48628,123,7128,3
29,0,rolling,350,656,19.83515835,1000,6,,0.8780487805,3002.167683,722.5,7128,3
29,0,static,350,656,15.06269741,40028,80,,0.7743902439,2033.48628,123,7128,7
29,0,rolling,350,656,20.74883652,1000,9,,0.8887195122,3222.501524,1037,7128,7
29,0,static,351,522,15.06269741,44406,81,,0.7681992337,2083.766284,98,7128,0
29,0,rolling,351,522,21.78022861,1000,2,,0.8850574713,3393.605364,1363,7128,0
29,0,static,351,522,15.06269741,43750,81,,0.7681992337,2083.766284,98,7128,1
29,0,rolling,351,522,22.30468082,1000,3,,0.8888888889,3491.283525,1724.5,7128,1
29,0,static,351,522,15.06269741,42436,81,,0.7681992337,2083.766284,98,7128,3
29,0,rolling,351,522,19.72148418,1000,6,,0.8524904215,2999.706897,620,7128,3
29,0,static,351,522,15.06269741,40670,81,,0.7681992337,2083.766284,98,7128,7
29,0,rolling,351,522,20.92653894,1000,9,,0.8697318008,3223.95977,941.5,7128,7
29,0,static,352,462,15.06269741,44928,82,,0.7445887446,2013.12987,135.5,7128,0
29,0,rolling,352,462,22.41043377,1000,2,,0.9025974026,3769.787879,5195.5,7128,0
29,0,static,352,462,15.06269741,44406,82,,0.7445887446,2013.12987,135.5,7128,1
29,0,rolling,352,462,21.78022861,1000,3,,0.9004329004,3646.954545,4458,7128,1
29,0,static,352,462,15.06269741,43150,82,,0.7445887446,2013.12987,135.5,7128,3
29,0,rolling,352,462,20.35027003,1000,5,,0.8787878788,3305.906926,1715,7128,3
29,0,static,352,462,15.06269741,41320,82,,0.7445887446,2013.12987,135.5,7128,7
29,0,rolling,352,462,22.87825871,1000,9,,0.9069264069,3867.242424,5653,7128,7
29,0,static,353,242,15.06269741,45390,83,,0.7024793388,1915.07438,114.5,7128,0
29,0,rolling,353,242,22.79162836,1000,3,,0.8719008264,3614.090909,3562.5,7128,0
29,0,static,353,242,15.06269741,44928,83,,0.7024793388,1915.07438,114.5,7128,1
29,0,rolling,353,242,22.41043377,1000,3,,0.8636363636,3536.619835,1929,7128,1
29,0,static,353,242,15.06269741,43750,83,,0.7024793388,1915.07438,114.5,7128,3
29,0,rolling,353,242,22.30468082,1000,5,,0.8636363636,3521.582645,1842,7128,3
29,0,static,353,242,15.06269741,41906,83,,0.7024793388,1915.07438,114.5,7128,7
29,0,rolling,353,242,20.80144787,1000,9,,0.8429752066,3274.367769,1091.5,7128,7
29,0,static,354,238,15.06269741,45632,84,,0.756302521,2290.642857,188.5,7128,0
29,0,rolling,354,238,23.22916698,1000,3,,0.9243697479,4201.294118,6554.5,7128,0
29,0,static,354,238,15.06269741,45390,84,,0.756302521,2290.642857,188.5,7128,1
29,0,rolling,354,238,22.79162836,1000,4,,0.8949579832,4095.584034,6315,7128,1
29,0,static,354,238,15.06269741,44406,84,,0.756302521,2290.642857,188.5,7128,3
29,0,rolling,354,238,21.78022861,1000,5,,0.8781512605,3877.029412,5236,7128,3
29,0,static,354,238,15.06269741,42130,84,,0.756302521,2290.642857,188.5,7128,7
29,0,rolling,354,238,19.83515835,1000,10,,0.8487394958,3427.621849,1625,7128,7
29,0,static,355,578,15.06269741,45870,85,,0.714532872,2422.551903,214.5,7128,0
29,0,rolling,355,578,23.44548643,1000,4,,0.8944636678,4257.114187,6974.5,7128,0
29,0,static,355,578,15.06269741,45632,85,,0.714532872,2422.551903,214.5,7128,1
29,0,rolling,355,578,23.22916698,1000,4,,0.8910034602,4205.5,6927.5,7128,1
29,0,static,355,578,15.06269741,44928,85,,0.714532872,2422.551903,214.5,7128,3
29,0,rolling,355,578,22.41043377,1000,5,,0.8737024221,4039.906574,6601,7128,3
29,0,static,355,578,15.06269741,42436,85,,0.714532872,2422.551903,214.5,7128,7
29,0,rolling,355,578,19.72148418,1000,10,,0.8339100346,3522.273356,1986.5,7128,7
29,0,static,356,548,15.06269741,46448,86,,0.7554744526,2404.729927,155.5,7128,0
29,0,rolling,356,548,23.58685112,1000,3,,0.901459854,4091.55292,6544.5,7128,0
29,0,static,356,548,15.06269741,45870,86,,0.7554744526,2404.729927,155.5,7128,1
29,0,rolling,356,548,23.44548643,1000,5,,0.897810219,4066.702555,6455,7128,1
29,0,static,356,548,15.06269741,45390,86,,0.7554744526,2404.729927,155.5,7128,3
29,0,rolling,356,548,22.79162836,1000,6,,0.8905109489,3929.346715,5963.5,7128,3
29,0,static,356,548,15.06269741,43150,86,,0.7554744526,2404.729927,155.5,7128,7
29,0,rolling,356,548,20.35027003,1000,9,,0.8594890511,3456.239051,1380,7128,7
29,0,static,357,406,15.06269741,46996,87,,0.7807881773,1550.79064,119,7128,0
29,0,rolling,357,406,23.73778164,1000,2,,0.9285714286,3859.815271,5351.5,7128,0
29,0,static,357,406,15.06269741,46448,87,,0.7807881773,1550.79064,119,7128,1
29,0,rolling,357,406,23.58685112,1000,4,,0.9285714286,3817.628079,5163.5,7128,1
29,0,static,357,406,15.06269741,45632,87,,0.7807881773,1550.79064,119,7128,3
29,0,rolling,357,406,23.22916698,1000,6,,0.9236453202,3751.041872,4691.5,7128,3
29,0,static,357,406,15.06269741,43750,87,,0.7807881773,1550.79064,119,7128,7
29,0,rolling,357,406,22.30468082,1000,9,,0.9113300493,3542.527094,2222.5,7128,7
29,0,static,358,300,15.06269741,47402,88,,0.7633333333,1669.466667,62,7128,0
29,0,rolling,358,300,22.71373558,1000,3,,0.8866666667,3160.486667,946.5,7128,0
29,0,static,358,300,15.06269741,46996,88,,0.7633333333,1669.466667,62,7128,1
29,0,rolling,358,300,23.73778164,1000,3,,0.9033333333,3347.49,1333,7128,1
29,0,static,358,300,15.06269741,45870,88,,0.7633333333,1669.466667,62,7128,3
29,0,rolling,358,300,23.44548643,1000,7,,0.9,3280.58,1173.5,7128,3
29,0,static,358,300,15.06269741,44406,88,,0.7633333333,1669.466667,62,7128,7
29,0,rolling,358,300,21.78022861,1000,9,,0.8833333333,3000.133333,694.5,7128,7
29,0,static,359,330,15.06269741,47702,89,,0.8363636364,2689.121212,408,7128,0
29,0,rolling,359,330,22.80165768,1000,3,,0.9545454545,4480.690909,7118.5,7128,0
29,0,static,359,330,15.06269741,47402,89,,0.8363636364,2689.121212,408,7128,1
29,0,rolling,359,330,22.71373558,1000,4,,0.9545454545,4468.836364,7116.5,7128,1
29,0,static,359,330,15.06269741,46448,89,,0.8363636364,2689.121212,408,7128,3
29,0,rolling,359,330,23.58685112,1000,6,,0.9545454545,4592.333333,7126,7128,3
29,0,static,359,330,15.06269741,44928,89,,0.8363636364,2689.121212,408,7128,7
29,0,rolling,359,330,22.41043377,1000,9,,0.9545454545,4431.521212,7106.5,7128,7
29,0,static,360,228,15.06269741,48032,90,,0.7543859649,1791.820175,118,7128,0
29,0,rolling,360,228,20.70828614,1000,3,,0.8684210526,3166.675439,1305,7128,0
29,0,static,360,228,15.06269741,47702,90,,0.7543859649,1791.820175,118,7128,1
29,0,rolling,360,228,22.80165768,1000,4,,0.9122807018,3746.22807,4659.5,7128,1
29,0,static,360,228,15.06269741,46996,90,,0.7543859649,1791.820175,118,7128,3
29,0,rolling,360,228,23.73778164,1000,5,,0.9254385965,3929.885965,5637,7128,3
29,0,static,360,228,15.06269741,45390,90,,0.7543859649,1791.820175,118,7128,7
29,0,rolling,360,228,22.79162836,1000,10,,0.9122807018,3744.214912,4650.5,7128,7
29,0,static,361,246,15.06269741,48260,91,,0.756097561,1723.223577,79,7128,0
29,0,rolling,361,246,21.74612045,1000,4,,0.8739837398,3138.894309,1059,7128,0
29,0,static,361,246,15.06269741,48032,91,,0.756097561,1723.223577,79,7128,1
29,0,rolling,361,246,20.70828614,1000,4,,0.8617886179,2897.861789,758,7128,1
29,0,static,361,246,15.06269741,47402,91,,0.756097561,1723.223577,79,7128,3
29,0,rolling,361,246,22.71373558,1000,6,,0.8861788618,3334.686992,1507.5,7128,3
29,0,static,361,246,15.06269741,45632,91,,0.756097561,1723.223577,79,7128,7
29,0,rolling,361,246,23.22916698,1000,10,,0.8983739837,3428.995935,1862,7128,7
29,0,static,362,620,15.06269741,48506,92,,0.7419354839,1653.874194,69.5,7128,0
29,0,rolling,362,620,21.10765409,1000,4,,0.8403225806,2929.159677,501,7128,0
29,0,static,362,620,15.06269741,48260,92,,0.7419354839,1653.874194,69.5,7128,1
29,0,rolling,362,620,21.74612045,1000,5,,0.8564516129,3077.701613,741,7128,1
29,0,static,362,620,15.06269741,47702,92,,0.7419354839,1653.874194,69.5,7128,3
29,0,rolling,362,620,22.80165768,1000,6,,0.8709677419,3283.240323,1333,7128,3
29,0,static,362,620,15.06269741,45870,92,,0.7419354839,1653.874194,69.5,7128,7
29,0,rolling,362,620,23.44548643,1000,11,,0.8790322581,3420.245161,1737,7128,7
29,0,static,363,386,15.06269741,49126,93,,0.7953367876,1882.80829,70.5,7128,0
29,0,rolling,363,386,24.66178066,1000,3,,0.9274611399,3782.204663,5405,7128,0
29,0,static,363,386,15.06269741,48506,93,,0.7953367876,1882.80829,70.5,7128,1
29,0,rolling,363,386,21.10765409,1000,5,,0.8886010363,3039.028497,676,7128,1
29,0,static,363,386,15.06269741,48032,93,,0.7953367876,1882.80829,70.5,7128,3
29,0,rolling,363,386,20.70828614,1000,6,,0.8834196891,2945.173575,516.5,7128,3
29,0,static,363,386,15.06269741,46448,93,,0.7953367876,1882.80829,70.5,7128,7
29,0,rolling,363,386,23.58685112,1000,10,,0.9196891192,3582.901554,3768,7128,7
29,0,static,364,354,15.06269741,49512,94,,0.7655367232,1704.601695,79,7128,0
29,0,rolling,364,354,23.95046198,1000,2,,0.918079096,3856.943503,4870.5,7128,0
29,0,static,364,354,15.06269741,49126,94,,0.7655367232,1704.601695,79,7128,1
29,0,rolling,364,354,24.66178066,1000,4,,0.9237288136,4022.426554,5699,7128,1
29,0,static,364,354,15.06269741,48260,94,,0.7655367232,1704.601695,79,7128,3
29,0,rolling,364,354,21.74612045,1000,7,,0.8898305085,3269.799435,1332,7128,3
29,0,static,364,354,15.06269741,46996,94,,0.7655367232,1704.601695,79,7128,7
29,0,rolling,364,354,23.73778164,1000,9,,0.9152542373,3808.129944,4468,7128,7
29,0.1,static,292,730,14.83292723,11270,22,,0.8794520548,3479.515068,1992.5,7128,0
29,0.1,rolling,292,730,14.6586256,1000,3,,0.8767123288,3414.971233,1674.5,7128,0
29,0.1,static,292,730,14.83292723,11270,22,,0.8794520548,3479.515068,1992.5,7128,1
29,0.1,rolling,292,730,14.6586256,1000,3,,0.8767123288,3414.971233,1674.5,7128,1
29,0.1,static,292,730,14.83292723,11270,22,,0.8794520548,3479.515068,1992.5,7128,3
29,0.1,rolling,292,730,14.6586256,1000,3,,0.8767123288,3414.971233,1674.5,7128,3
29,0.1,static,292,730,14.83292723,11270,22,,0.8794520548,3479.515068,1992.5,7128,7
29,0.1,rolling,292,730,14.6586256,1000,3,,0.8767123288,3414.971233,1674.5,7128,7
29,0.1,static,293,658,14.83292723,12000,23,,0.9088145897,3693.905775,4403,7128,0
29,0.1,rolling,293,658,15.08099318,1000,2,,0.9103343465,3763.223404,5218,7128,0
29,0.1,static,293,658,14.83292723,11270,23,,0.9088145897,3693.905775,4403,7128,1
29,0.1,rolling,293,658,14.6586256,1000,4,,0.9072948328,3629.446809,4058.5,7128,1
29,0.1,static,293,658,14.83292723,11270,23,,0.9088145897,3693.905775,4403,7128,3
29,0.1,rolling,293,658,14.6586256,1000,4,,0.9072948328,3629.446809,4058.5,7128,3
29,0.1,static,293,658,14.83292723,11270,23,,0.9088145897,3693.905775,4403,7128,7
29,0.1,rolling,293,658,14.6586256,1000,4,,0.9072948328,3629.446809,4058.5,7128,7
29,0.1,static,294,618,14.83292723,12658,24,,0.854368932,3312.5,1104,7128,0
29,0.1,rolling,294,618,15.84965828,1000,2,,0.8786407767,3646.31068,3699,7128,0
29,0.1,static,294,618,14.83292723,12000,24,,0.854368932,3312.5,1104,7128,1
29,0.1,rolling,294,618,15.08099318,1000,3,,0.8608414239,3397.687702,1318.5,7128,1
29,0.1,static,294,618,14.83292723,11270,24,,0.854368932,3312.5,1104,7128,3
29,0.1,rolling,294,618,14.6586256,1000,5,,0.8495145631,3252.441748,945.5,7128,3
29,0.1,static,294,618,14.83292723,11270,24,,0.854368932,3312.5,1104,7128,7
29,0.1,rolling,294,618,14.6586256,1000,5,,0.8495145631,3252.441748,945.5,7128,7
29,0.1,static,295,666,14.83292723,13276,25,,0.8783783784,3314.012012,1368,7128,0
29,0.1,rolling,295,666,16.30876402,1000,2,,0.9069069069,3965.534535,5291,7128,0
29,0.1,static,295,666,14.83292723,12658,25,,0.8783783784,3314.012012,1368,7128,1
29,0.1,rolling,295,666,15.84965828,1000,3,,0.9009009009,3731.71021,4410.5,7128,1
29,0.1,static,295,666,14.83292723,11270,25,,0.8783783784,3314.012012,1368,7128,3
29,0.1,rolling,295,666,14.6586256,1000,6,,0.8723723724,3245.588589,1198.5,7128,3
29,0.1,static,295,666,14.83292723,11270,25,,0.8783783784,3314.012012,1368,7128,7
29,0.1,rolling,295,666,14.6586256,1000,6,,0.8723723724,3245.588589,1198.5,7128,7
29,0.1,static,296,516,14.83292723,13942,26,,0.8740310078,3435.662791,1877.5,7128,0
29,0.1,rolling,296,516,16.43309593,1000,2,,0.8992248062,3943.594961,5795,7128,0
29,0.1,static,296,516,14.83292723,13276,26,,0.8740310078,3435.662791,1877.5,7128,1
29,0.1,rolling,296,516,16.30876402,1000,3,,0.8972868217,3909.827519,5666,7128,1
29,0.1,static,296,516,14.83292723,12000,26,,0.8740310078,3435.662791,1877.5,7128,3
29,0.1,rolling,296,516,15.08099318,1000,5,,0.8759689922,3509.45155,2192.5,7128,3
29,0.1,static,296,516,14.83292723,11270,26,,0.8740310078,3435.662791,1877.5,7128,7
29,0.1,rolling,296,516,14.6586256,1000,7,,0.8701550388,3372.600775,1679.5,7128,7
29,0.1,static,297,292,14.83292723,14458,27,,0.8561643836,2842.626712,421,7128,0
29,0.1,rolling,297,292,16.35983086,1000,2,,0.8767123288,3302.335616,1041.5,7128,0
29,0.1,static,297,292,14.83292723,13942,27,,0.8561643836,2842.626712,421,7128,1
29,0.1,rolling,297,292,16.43309593,1000,3,,0.8767123288,3323.575342,1106.5,7128,1
29,0.1,static,297,292,14.83292723,12658,27,,0.8561643836,2842.626712,421,7128,3
29,0.1,rolling,297,292,15.84965828,1000,5,,0.8698630137,3128.267123,699.5,7128,3
29,0.1,static,297,292,14.83292723,11270,27,,0.8561643836,2842.626712,421,7128,7
29,0.1,rolling,297,292,14.6586256,1000,8,,0.8424657534,2782.386986,370.5,7128,7
29,0.1,static,298,252,14.83292723,14750,28,,0.8650793651,2984.206349,557,7128,0
29,0.1,rolling,298,252,17.00476742,1000,3,,0.9246031746,3746.583333,5149.5,7128,0
29,0.1,static,298,252,14.83292723,14458,28,,0.8650793651,2984.206349,557,7128,1
29,0.1,rolling,298,252,16.35983086,1000,3,,0.9047619048,3542.84127,4073,7128,1
29,0.1,static,298,252,14.83292723,13276,28,,0.8650793651,2984.206349,557,7128,3
29,0.1,rolling,298,252,16.30876402,1000,5,,0.9007936508,3524.511905,3981,7128,3
29,0.1,static,298,252,14.83292723,11270,28,,0.8650793651,2984.206349,557,7128,7
29,0.1,rolling,298,252,14.6586256,1000,9,,0.8571428571,2914.051587,474,7128,7
29,0.1,static,299,702,14.83292723,15002,29,,0.8675213675,3154.209402,970.5,7128,0
29,0.1,rolling,299,702,16.46826553,1000,3,,0.9031339031,3711.119658,4376.5,7128,0
29,0.1,static,299,702,14.83292723,14750,29,,0.8675213675,3154.209402,970.5,7128,1
29,0.1,rolling,299,702,17.00476742,1000,4,,0.9102564103,3884.458689,5335,7128,1
29,0.1,static,299,702,14.83292723,13942,29,,0.8675213675,3154.209402,970.5,7128,3
29,0.1,rolling,299,702,16.43309593,1000,5,,0.9031339031,3695.589744,4333.5,7128,3
29,0.1,static,299,702,14.83292723,11270,29,,0.8675213675,3154.209402,970.5,7128,7
29,0.1,rolling,299,702,14.6586256,1000,10,,0.8646723647,3085.55698,851,7128,7
29,0.1,static,300,664,14.83292723,15704,30,,0.8584337349,3277.301205,1268,7128,0
29,0.1,rolling,300,664,16.41718024,1000,3,,0.8975903614,3853.165663,5573,7128,0
29,0.1,static,300,664,14.83292723,15002,30,,0.8584337349,3277.301205,1268,7128,1
29,0.1,rolling,300,664,16.46826553,1000,4,,0.8975903614,3868.462349,5662,7128,1
29,0.1,static,300,664,14.83292723,14458,30,,0.8584337349,3277.301205,1268,7128,3
29,0.1,rolling,300,664,16.35983086,1000,5,,0.8975903614,3834.311747,5460,7128,3
29,0.1,static,300,664,14.83292723,12000,30,,0.8584337349,3277.301205,1268,7128,7
29,0.1,rolling,300,664,15.08099318,1000,9,,0.8689759036,3365.701807,1460,7128,7
29,0.1,static,301,616,14.83292723,16368,31,,0.8831168831,3531.983766,1883.5,7128,0
29,0.1,rolling,301,616,17.09144214,1000,2,,0.9123376623,4251.961039,6766.5,7128,0
29,0.1,static,301,616,14.83292723,15704,31,,0.8831168831,3531.983766,1883.5,7128,1
29,0.1,rolling,301,616,16.41718024,1000,4,,0.9025974026,4050.040584,6121.5,7128,1
29,0.1,static,301,616,14.83292723,14750,31,,0.8831168831,3531.983766,1883.5,7128,3
29,0.1,rolling,301,616,17.00476742,1000,6,,0.9090909091,4225.387987,6676,7128,3
29,0.1,static,301,616,14.83292723,12658,31,,0.8831168831,3531.983766,1883.5,7128,7
29,0.1,rolling,301,616,15.84965828,1000,9,,0.8993506494,3861.13474,5211,7128,7
29,0.1,static,302,570,14.83292723,16984,32,,0.8421052632,3033.64386,617.5,7128,0
29,0.1,rolling,302,570,16.42878246,1000,2,,0.8824561404,3492.585965,1610,7128,0
29,0.1,static,302,570,14.83292723,16368,32,,0.8421052632,3033.64386,617.5,7128,1
29,0.1,rolling,302,570,17.09144214,1000,3,,0.8947368421,3674.119298,4019.5,7128,1
29,0.1,static,302,570,14.83292723,15002,32,,0.8421052632,3033.64386,617.5,7128,3
29,0.1,rolling,302,570,16.46826553,1000,6,,0.8824561404,3505.140351,1657.5,7128,3
29,0.1,static,302,570,14.83292723,13276,32,,0.8421052632,3033.64386,617.5,7128,7
29,0.1,rolling,302,570,16.30876402,1000,9,,0.8771929825,3464.619298,1479.5,7128,7
29,0.1,static,303,542,14.83292723,17554,33,,0.8726937269,3151.293358,943,7128,0
29,0.1,rolling,303,542,17.18021488,1000,2,,0.9132841328,3923.662362,5840.5,7128,0
29,0.1,static,303,542,14.83292723,16984,33,,0.8726937269,3151.293358,943,7128,1
29,0.1,rolling,303,542,16.42878246,1000,3,,0.8948339483,3696.546125,4233.5,7128,1
29,0.1,static,303,542,14.83292723,15704,33,,0.8726937269,3151.293358,943,7128,3
29,0.1,rolling,303,542,16.41718024,1000,6,,0.8948339483,3693.238007,4199,7128,3
29,0.1,static,303,542,14.83292723,13942,33,,0.8726937269,3151.293358,943,7128,7
29,0.1,rolling,303,542,16.43309593,1000,9,,0.8948339483,3697.883764,4247,7128,7
29,0.1,static,304,328,14.83292723,18096,34,,0.8323170732,2918.942073,759,7128,0
29,0.1,rolling,304,328,16.46820162,1000,2,,0.881097561,3494.807927,2866.5,7128,0
29,0.1,static,304,328,14.83292723,17554,34,,0.8323170732,2918.942073,759,7128,1
29,0.1,rolling,304,328,17.18021488,1000,3,,0.8902439024,3731.378049,4745,7128,1
29,0.1,static,304,328,14.83292723,16368,34,,0.8323170732,2918.942073,759,7128,3
29,0.1,rolling,304,328,17.09144214,1000,5,,0.887195122,3703.92378,4619,7128,3
29,0.1,static,304,328,14.83292723,14458,34,,0.8323170732,2918.942073,759,7128,7
29,0.1,rolling,304,328,16.35983086,1000,9,,0.881097561,3459.009146,1974,7128,7
29,0.1,static,305,328,14.83292723,18424,35,,0.887195122,2783.045732,578,7128,0
29,0.1,rolling,305,328,17.13795567,1000,3,,0.9451219512,3640.02439,4075,7128,0
29,0.1,static,305,328,14.83292723,18096,35,,0.887195122,2783.045732,578,7128,1
29,0.1,rolling,305,328,16.46820162,1000,3,,0.9359756098,3399.676829,1943,7128,1
29,0.1,static,305,328,14.83292723,16984,35,,0.887195122,2783.045732,578,7128,3
29,0.1,rolling,305,328,16.42878246,1000,5,,0.9359756098,3387.917683,1905,7128,3
29,0.1,static,305,328,14.83292723,14750,35,,0.887195122,2783.045732,578,7128,7
29,0.1,rolling,305,328,17.00476742,1000,10,,0.9451219512,3590.371951,3909,7128,7
29,0.1,static,306,582,14.83292723,18752,36,,0.8642611684,2995.553265,597,7128,0
29,0.1,rolling,306,582,16.3758707,1000,3,,0.8917525773,3446.579038,1780.5,7128,0
29,0.1,static,306,582,14.83292723,18424,36,,0.8642611684,2995.553265,597,7128,1
29,0.1,rolling,306,582,17.13795567,1000,4,,0.9054982818,3665.065292,4186.5,7128,1
29,0.1,static,306,582,14.83292723,17554,36,,0.8642611684,2995.553265,597,7128,3
29,0.1,rolling,306,582,17.18021488,1000,5,,0.9072164948,3682.520619,4254,7128,3
29,0.1,static,306,582,14.83292723,15002,36,,0.8642611684,2995.553265,597,7128,7
29,0.1,rolling,306,582,16.46826553,1000,10,,0.8951890034,3471.54811,1891,7128,7
29,0.1,static,307,588,14.83292723,19334,37,,0.8503401361,3159.030612,960.5,7128,0
29,0.1,rolling,307,588,16.22207737,1000,3,,0.8945578231,3653,4366,7128,0
29,0.1,static,307,588,14.83292723,18752,37,,0.8503401361,3159.030612,960.5,7128,1
29,0.1,rolling,307,588,16.3758707,1000,4,,0.8996598639,3702.887755,4859.5,7128,1
29,0.1,static,307,588,14.83292723,18096,37,,0.8503401361,3159.030612,960.5,7128,3
29,0.1,rolling,307,588,16.46820162,1000,5,,0.9030612245,3737.115646,5015.5,7128,3
29,0.1,static,307,588,14.83292723,15704,37,,0.8503401361,3159.030612,960.5,7128,7
29,0.1,rolling,307,588,16.41718024,1000,10,,0.9030612245,3721.187075,4932.5,7128,7
29,0.1,static,308,562,14.83292723,19922,38,,0.8434163701,3182.654804,798.5,7128,0
29,0.1,rolling,308,562,16.61140156,1000,2,,0.8879003559,3698.386121,5166.5,7128,0
29,0.1,static,308,562,14.83292723,19334,38,,0.8434163701,3182.654804,798.5,7128,1
29,0.1,rolling,308,562,16.22207737,1000,4,,0.8790035587,3594.384342,4061,7128,1
29,0.1,static,308,562,14.83292723,18424,38,,0.8434163701,3182.654804,798.5,7128,3
29,0.1,rolling,308,562,17.13795567,1000,6,,0.8932384342,3826.489324,5904,7128,3
29,0.1,static,308,562,14.83292723,16368,38,,0.8434163701,3182.654804,798.5,7128,7
29,0.1,rolling,308,562,17.09144214,1000,9,,0.8932384342,3814.939502,5852.5,7128,7
29,0.1,static,309,626,14.83292723,20484,39,,0.857827476,3285.886581,1039,7128,0
29,0.1,rolling,309,626,16.86135483,1000,2,,0.8961661342,3846.396166,5609,7128,0
29,0.1,static,309,626,14.83292723,19922,39,,0.857827476,3285.886581,1039,7128,1
29,0.1,rolling,309,626,16.61140156,1000,3,,0.892971246,3787.841853,5114,7128,1
29,0.1,static,309,626,14.83292723,18752,39,,0.857827476,3285.886581,1039,7128,3
29,0.1,rolling,309,626,16.3758707,1000,6,,0.8881789137,3721.193291,4587,7128,3
29,0.1,static,309,626,14.83292723,16984,39,,0.857827476,3285.886581,1039,7128,7
29,0.1,rolling,309,626,16.42878246,1000,9,,0.8897763578,3735.115016,4697,7128,7
29,0.1,static,310,620,14.83292723,21110,40,,0.8919354839,2583.727419,325,7128,0
29,0.1,rolling,310,620,17.55547088,1000,2,,0.9290322581,3487.177419,2817,7128,0
29,0.1,static,310,620,14.83292723,20484,40,,0.8919354839,2583.727419,325,7128,1
29,0.1,rolling,310,620,16.86135483,1000,3,,0.914516129,3260.112903,1374.5,7128,1
29,0.1,static,310,620,14.83292723,19334,40,,0.8919354839,2583.727419,325,7128,3
29,0.1,rolling,310,620,16.22207737,1000,6,,0.9080645161,3043.164516,767,7128,3
29,0.1,static,310,620,14.83292723,17554,40,,0.8919354839,2583.727419,325,7128,7
29,0.1,rolling,310,620,17.18021488,1000,9,,0.9225806452,3375.758065,1703.5,7128,7
29,0.1,static,311,438,14.83292723,21730,41,,0.8538812785,2324.136986,225.5,7128,0
29,0.1,rolling,311,438,16.56112206,1000,2,,0.897260274,2872.415525,432,7128,0
29,0.1,static,311,438,14.83292723,21110,41,,0.8538812785,2324.136986,225.5,7128,1
29,0.1,rolling,311,438,17.55547088,1000,3,,0.9063926941,3118.461187,668.5,7128,1
29,0.1,static,311,438,14.83292723,19922,41,,0.8538812785,2324.136986,225.5,7128,3
29,0.1,rolling,311,438,16.61140156,1000,5,,0.897260274,2884.182648,441.5,7128,3
29,0.1,static,311,438,14.83292723,18096,41,,0.8538812785,2324.136986,225.5,7128,7
29,0.1,rolling,311,438,16.46820162,1000,9,,0.8949771689,2847.767123,409,7128,7
29,0.1,static,312,460,14.83292723,22168,42,,0.8152173913,2106.523913,218,7128,0
29,0.1,rolling,312,460,16.27792835,1000,2,,0.8717391304,2653.369565,405.5,7128,0
29,0.1,static,312,460,14.83292723,21730,42,,0.8152173913,2106.523913,218,7128,1
29,0.1,rolling,312,460,16.56112206,1000,3,,0.8760869565,2765.032609,460,7128,1
29,0.1,static,312,460,14.83292723,20484,42,,0.8152173913,2106.523913,218,7128,3
29,0.1,rolling,312,460,16.86135483,1000,5,,0.8826086957,2849.380435,559.5,7128,3
29,0.1,static,312,460,14.83292723,18424,42,,0.8152173913,2106.523913,218,7128,7
29,0.1,rolling,312,460,17.13795567,1000,10,,0.8869565217,2947.345652,644.5,7128,7
29,0.1,static,313,794,14.83292723,22628,43,,0.8450881612,2397.22796,224.5,7128,0
29,0.1,rolling,313,794,17.34531307,1000,3,,0.8979848866,3136.314861,913,7128,0
29,0.1,static,313,794,14.83292723,22168,43,,0.8450881612,2397.22796,224.5,7128,1
29,0.1,rolling,313,794,16.27792835,1000,3,,0.8828715365,2785.40806,450.5,7128,1
29,0.1,static,313,794,14.83292723,21110,43,,0.8450881612,2397.22796,224.5,7128,3
29,0.1,rolling,313,794,17.55547088,1000,5,,0.90302267,3200.649874,1024,7128,3
29,0.1,static,313,794,14.83292723,18752,43,,0.8450881612,2397.22796,224.5,7128,7
29,0.1,rolling,313,794,16.3758707,1000,10,,0.8866498741,2814.690176,490,7128,7
29,0.1,static,314,678,14.83292723,23422,44,,0.8539823009,2692.446903,381.5,7128,0
29,0.1,rolling,314,678,17.70479202,1000,2,,0.9144542773,3608.228614,3940.5,7128,0
29,0.1,static,314,678,14.83292723,22628,44,,0.8539823009,2692.446903,381.5,7128,1
29,0.1,rolling,314,678,17.34531307,1000,4,,0.9056047198,3515.227139,2269,7128,1
29,0.1,static,314,678,14.83292723,21730,44,,0.8539823009,2692.446903,381.5,7128,3
29,0.1,rolling,314,678,16.56112206,1000,5,,0.895280236,3280.893805,1303.5,7128,3
29,0.1,static,314,678,14.83292723,19334,44,,0.8539823009,2692.446903,381.5,7128,7
29,0.1,rolling,314,678,16.22207737,1000,10,,0.8879056047,3166.053097,945,7128,7
29,0.1,static,315,774,14.83292723,24100,45,,0.8488372093,2537.602067,367.5,7128,0
29,0.1,rolling,315,774,17.7292881,1000,2,,0.8888888889,3515.307494,3721,7128,0
29,0.1,static,315,774,14.83292723,23422,45,,0.8488372093,2537.602067,367.5,7128,1
29,0.1,rolling,315,774,17.70479202,1000,3,,0.8875968992,3507.994832,3698,7128,1
29,0.1,static,315,774,14.83292723,22168,45,,0.8488372093,2537.602067,367.5,7128,3
29,0.1,rolling,315,774,16.27792835,1000,5,,0.8720930233,3043.891473,846.5,7128,3
29,0.1,static,315,774,14.83292723,19922,45,,0.8488372093,2537.602067,367.5,7128,7
29,0.1,rolling,315,774,16.61140156,1000,9,,0.8733850129,3149.959948,1120,7128,7
29,0.1,static,316,758,14.83292723,24874,46,,0.8482849604,2656.816623,686,7128,0
29,0.1,rolling,316,758,18.98976159,1000,2,,0.9300791557,4175.912929,6454,7128,0
29,0.1,static,316,758,14.83292723,24100,46,,0.8482849604,2656.816623,686,7128,1
29,0.1,rolling,316,758,17.7292881,1000,3,,0.9142480211,3823.914248,4857,7128,1
29,0.1,static,316,758,14.83292723,22628,46,,0.8482849604,2656.816623,686,7128,3
29,0.1,rolling,316,758,17.34531307,1000,6,,0.9102902375,3685.931398,4291,7128,3
29,0.1,static,316,758,14.83292723,20484,46,,0.8482849604,2656.816623,686,7128,7
29,0.1,rolling,316,758,16.86135483,1000,9,,0.9036939314,3482.976253,2264.5,7128,7
29,0.1,static,317,630,14.83292723,25632,47,,0.826984127,2322.763492,209.5,7128,0
29,0.1,rolling,317,630,17.29703045,1000,2,,0.8857142857,3125.971429,746,7128,0
29,0.1,static,317,630,14.83292723,24874,47,,0.826984127,2322.763492,209.5,7128,1
29,0.1,rolling,317,630,18.98976159,1000,3,,0.9079365079,3550.868254,1729,7128,1
29,0.1,static,317,630,14.83292723,23422,47,,0.826984127,2322.763492,209.5,7128,3
29,0.1,rolling,317,630,17.70479202,1000,5,,0.8936507937,3256.312698,949.5,7128,3
29,0.1,static,317,630,14.83292723,21110,47,,0.826984127,2322.763492,209.5,7128,7
29,0.1,rolling,317,630,17.55547088,1000,9,,0.8888888889,3209.771429,875.5,7128,7
29,0.1,static,318,342,14.83292723,26262,48,,0.8216374269,2337.184211,178.5,7128,0
29,0.1,rolling,318,342,18.0144189,1000,2,,0.9093567251,3245.640351,1010.5,7128,0
29,0.1,static,318,342,14.83292723,25632,48,,0.8216374269,2337.184211,178.5,7128,1
29,0.1,rolling,318,342,17.29703045,1000,3,,0.9005847953,3015.307018,642.5,7128,1
29,0.1,static,318,342,14.83292723,24100,48,,0.8216374269,2337.184211,178.5,7128,3
29,0.1,rolling,318,342,17.7292881,1000,5,,0.9064327485,3148.833333,831,7128,3
29,0.1,static,318,342,14.83292723,21730,48,,0.8216374269,2337.184211,178.5,7128,7
29,0.1,rolling,318,342,16.56112206,1000,9,,0.8888888889,2788.576023,452.5,7128,7
29,0.1,static,319,324,14.83292723,26604,49,,0.8487654321,2398.373457,292.5,7128,0
29,0.1,rolling,319,324,17.94970304,1000,3,,0.9166666667,3315.209877,1635.5,7128,0
29,0.1,static,319,324,14.83292723,26262,49,,0.8487654321,2398.373457,292.5,7128,1
29,0.1,rolling,319,324,18.0144189,1000,3,,0.9166666667,3336.209877,1702,7128,1
29,0.1,static,319,324,14.83292723,24874,49,,0.8487654321,2398.373457,292.5,7128,3
29,0.1,rolling,319,324,18.98976159,1000,5,,0.9444444444,3658.521605,4327.5,7128,3
29,0.1,static,319,324,14.83292723,22168,49,,0.8487654321,2398.373457,292.5,7128,7
29,0.1,rolling,319,324,16.27792835,1000,9,,0.8827160494,2817.697531,588.5,7128,7
29,0.1,static,320,736,14.83292723,26928,50,,0.8383152174,2864.544837,474,7128,0
29,0.1,rolling,320,736,17.69925418,1000,3,,0.8872282609,3685.160326,4843,7128,0
29,0.1,static,320,736,14.83292723,26604,50,,0.8383152174,2864.544837,474,7128,1
29,0.1,rolling,320,736,17.94970304,1000,4,,0.8899456522,3743.789402,5265,7128,1
29,0.1,static,320,736,14.83292723,25632,50,,0.8383152174,2864.544837,474,7128,3
29,0.1,rolling,320,736,17.29703045,1000,5,,0.8817934783,3596.28125,4174.5,7128,3
29,0.1,static,320,736,14.83292723,22628,50,,0.8383152174,2864.544837,474,7128,7
29,0.1,rolling,320,736,17.34531307,1000,10,,0.8817934783,3607.611413,4259,7128,7
29,0.1,static,321,680,14.83292723,27664,51,,0.8411764706,2681.063235,465.5,7128,0
29,0.1,rolling,321,680,18.18120193,1000,2,,0.9117647059,3867.855882,5426,7128,0
29,0.1,static,321,680,14.83292723,26928,51,,0.8411764706,2681.063235,465.5,7128,1
29,0.1,rolling,321,680,17.69925418,1000,4,,0.9029411765,3702.336765,4603,7128,1
29,0.1,static,321,680,14.83292723,26262,51,,0.8411764706,2681.063235,465.5,7128,3
29,0.1,rolling,321,680,18.0144189,1000,5,,0.9073529412,3812.526471,5204,7128,3
29,0.1,static,321,680,14.83292723,23422,51,,0.8411764706,2681.063235,465.5,7128,7
29,0.1,rolling,321,680,17.70479202,1000,9,,0.9029411765,3704.129412,4610.5,7128,7
29,0.1,static,322,668,14.83292723,28344,52,,0.8488023952,2937.702096,638.5,7128,0
29,0.1,rolling,322,668,18.53220367,1000,2,,0.9191616766,4071.121257,6213,7128,0
29,0.1,static,322,668,14.83292723,27664,52,,0.8488023952,2937.702096,638.5,7128,1
29,0.1,rolling,322,668,18.18120193,1000,3,,0.9146706587,3960.446108,5525.5,7128,1
29,0.1,static,322,668,14.83292723,26604,52,,0.8488023952,2937.702096,638.5,7128,3
29,0.1,rolling,322,668,17.94970304,1000,6,,0.9116766467,3885.898204,5104,7128,3
29,0.1,static,322,668,14.83292723,24100,52,,0.8488023952,2937.702096,638.5,7128,7
29,0.1,rolling,322,668,17.7292881,1000,9,,0.9101796407,3824.058383,4783,7128,7
29,0.1,static,323,668,14.83292723,29012,53,,0.8293413174,2669.290419,619.5,7128,0
29,0.1,rolling,323,668,17.61232662,1000,2,,0.9026946108,3722.546407,4295,7128,0
29,0.1,static,323,668,14.83292723,28344,53,,0.8293413174,2669.290419,619.5,7128,1
29,0.1,rolling,323,668,18.53220367,1000,3,,0.9131736527,4021.682635,5724,7128,1
29,0.1,static,323,668,14.83292723,26928,53,,0.8293413174,2669.290419,619.5,7128,3
29,0.1,rolling,323,668,17.69925418,1000,6,,0.9026946108,3753.672156,4468.5,7128,3
29,0.1,static,323,668,14.83292723,24874,53,,0.8293413174,2669.290419,619.5,7128,7
29,0.1,rolling,323,668,18.98976159,1000,9,,0.9146706587,4134.712575,6216.5,7128,7
29,0.1,static,324,796,14.83292723,29680,54,,0.8065326633,2535.511307,287,7128,0
29,0.1,rolling,324,796,17.95433807,1000,2,,0.8944723618,3402.134422,1738.5,7128,0
29,0.1,static,324,796,14.83292723,29012,54,,0.8065326633,2535.511307,287,7128,1
29,0.1,rolling,324,796,17.61232662,1000,3,,0.8869346734,3304.074121,1353.5,7128,1
29,0.1,static,324,796,14.83292723,27664,54,,0.8065326633,2535.511307,287,7128,3
29,0.1,rolling,324,796,18.18120193,1000,5,,0.8969849246,3465.59799,2021.5,7128,3
29,0.1,static,324,796,14.83292723,25632,54,,0.8065326633,2535.511307,287,7128,7
29,0.1,rolling,324,796,17.29703045,1000,9,,0.8768844221,3217.899497,1111,7128,7
29,0.1,static,325,398,14.83292723,30476,55,,0.7587939698,2566.545226,209,7128,0
29,0.1,rolling,325,398,17.69312572,1000,2,,0.8693467337,3182.71608,827.5,7128,0
29,0.1,static,325,398,14.83292723,29680,55,,0.7587939698,2566.545226,209,7128,1
29,0.1,rolling,325,398,17.95433807,1000,3,,0.8743718593,3235.80402,969.5,7128,1
29,0.1,static,325,398,14.83292723,28344,55,,0.7587939698,2566.545226,209,7128,3
29,0.1,rolling,325,398,18.53220367,1000,5,,0.8793969849,3381.964824,1244,7128,3
29,0.1,static,325,398,14.83292723,26262,55,,0.7587939698,2566.545226,209,7128,7
29,0.1,rolling,325,398,18.0144189,1000,9,,0.8743718593,3251.344221,996,7128,7
29,0.1,static,326,422,14.83292723,30874,56,,0.7677725118,1942.350711,89,7128,0
29,0.1,rolling,326,422,18.42230177,1000,2,,0.8625592417,2728.706161,391,7128,0
29,0.1,static,326,422,14.83292723,30476,56,,0.7677725118,1942.350711,89,7128,1
29,0.1,rolling,326,422,17.69312572,1000,3,,0.855450237,2543.845972,304,7128,1
29,0.1,static,326,422,14.83292723,29012,56,,0.7677725118,1942.350711,89,7128,3
29,0.1,rolling,326,422,17.61232662,1000,5,,0.8530805687,2527.511848,293.5,7128,3
29,0.1,static,326,422,14.83292723,26604,56,,0.7677725118,1942.350711,89,7128,7
29,0.1,rolling,326,422,17.94970304,1000,10,,0.8625592417,2596.959716,332.5,7128,7
29,0.1,static,327,738,14.83292723,31296,57,,0.7940379404,2555.539295,292,7128,0
29,0.1,rolling,327,738,19.62324286,1000,3,,0.9024390244,3866.004065,5874,7128,0
29,0.1,static,327,738,14.83292723,30874,57,,0.7940379404,2555.539295,292,7128,1
29,0.1,rolling,327,738,18.42230177,1000,3,,0.8875338753,3552.936314,4103.5,7128,1
29,0.1,static,327,738,14.83292723,29680,57,,0.7940379404,2555.539295,292,7128,3
29,0.1,rolling,327,738,17.95433807,1000,5,,0.8848238482,3405.523035,1929,7128,3
29,0.1,static,327,738,14.83292723,26928,57,,0.7940379404,2555.539295,292,7128,7
29,0.1,rolling,327,738,17.69925418,1000,10,,0.8780487805,3330.107046,1603,7128,7
29,0.1,static,328,600,14.83292723,32034,58,,0.8033333333,2600.745,359.5,7128,0
29,0.1,rolling,328,600,19.63343358,1000,2,,0.9066666667,4073.005,6314,7128,0
29,0.1,static,328,600,14.83292723,31296,58,,0.8033333333,2600.745,359.5,7128,1
29,0.1,rolling,328,600,19.62324286,1000,4,,0.9066666667,4070.265,6309,7128,1
29,0.1,static,328,600,14.83292723,30476,58,,0.8033333333,2600.745,359.5,7128,3
29,0.1,rolling,328,600,17.69312572,1000,5,,0.8683333333,3465.463333,1739,7128,3
29,0.1,static,328,600,14.83292723,27664,58,,0.8033333333,2600.745,359.5,7128,7
29,0.1,rolling,328,600,18.18120193,1000,9,,0.875,3615.9,4050,7128,7
29,0.1,static,329,684,14.83292723,32634,59,,0.8230994152,2705.315789,345,7128,0
29,0.1,rolling,329,684,19.82005787,1000,2,,0.9254385965,4169.861111,6479.5,7128,0
29,0.1,static,329,684,14.83292723,32034,59,,0.8230994152,2705.315789,345,7128,1
29,0.1,rolling,329,684,19.63343358,1000,3,,0.9210526316,4119.733918,6335,7128,1
29,0.1,static,329,684,14.83292723,30874,59,,0.8230994152,2705.315789,345,7128,3
29,0.1,rolling,329,684,18.42230177,1000,5,,0.9078947368,3761.700292,4784,7128,3
29,0.1,static,329,684,14.83292723,28344,59,,0.8230994152,2705.315789,345,7128,7
29,0.1,rolling,329,684,18.53220367,1000,9,,0.9093567251,3799.173977,4945,7128,7
29,0.1,static,330,640,14.83292723,33318,60,,0.8140625,2515.221875,353,7128,0
29,0.1,rolling,330,640,18.89787292,1000,2,,0.925,3899.121875,5283.5,7128,0
29,0.1,static,330,640,14.83292723,32634,60,,0.8140625,2515.221875,353,7128,1
29,0.1,rolling,330,640,19.82005787,1000,3,,0.9390625,4191.865625,6416,7128,1
29,0.1,static,330,640,14.83292723,31296,60,,0.8140625,2515.221875,353,7128,3
29,0.1,rolling,330,640,19.62324286,1000,6,,0.9359375,4140.359375,6236.5,7128,3
29,0.1,static,330,640,14.83292723,29012,60,,0.8140625,2515.221875,353,7128,7
29,0.1,rolling,330,640,17.61232662,1000,9,,0.909375,3431.55625,1663.5,7128,7
29,0.1,static,331,506,14.83292723,33958,61,,0.837944664,2644.167984,291,7128,0
29,0.1,rolling,331,506,17.5749321,1000,2,,0.8972332016,3442.254941,1353.5,7128,0
29,0.1,static,331,506,14.83292723,33318,61,,0.837944664,2644.167984,291,7128,1
29,0.1,rolling,331,506,18.89787292,1000,3,,0.9150197628,3846.752964,4874.5,7128,1
29,0.1,static,331,506,14.83292723,32034,61,,0.837944664,2644.167984,291,7128,3
29,0.1,rolling,331,506,19.63343358,1000,5,,0.9209486166,4101.420949,6122.5,7128,3
29,0.1,static,331,506,14.83292723,29680,61,,0.837944664,2644.167984,291,7128,7
29,0.1,rolling,331,506,17.95433807,1000,9,,0.9031620553,3543.683794,1664.5,7128,7
29,0.1,static,332,318,14.83292723,34464,62,,0.8176100629,2517.798742,253.5,7128,0
29,0.1,rolling,332,318,17.34790039,1000,2,,0.893081761,3140.490566,896.5,7128,0
29,0.1,static,332,318,14.83292723,33958,62,,0.8176100629,2517.798742,253.5,7128,1
29,0.1,rolling,332,318,17.5749321,1000,3,,0.8962264151,3202.345912,1036.5,7128,1
29,0.1,static,332,318,14.83292723,32634,62,,0.8176100629,2517.798742,253.5,7128,3
29,0.1,rolling,332,318,19.82005787,1000,5,,0.927672956,3856.742138,5545.5,7128,3
29,0.1,static,332,318,14.83292723,30476,62,,0.8176100629,2517.798742,253.5,7128,7
29,0.1,rolling,332,318,17.69312572,1000,9,,0.8962264151,3238.179245,1095.5,7128,7
29,0.1,static,333,342,14.83292723,34782,63,,0.8011695906,2554.523392,254.5,7128,0
29,0.1,rolling,333,342,17.38923836,1000,3,,0.8684210526,3234.187135,975.5,7128,0
29,0.1,static,333,342,14.83292723,34464,63,,0.8011695906,2554.523392,254.5,7128,1
29,0.1,rolling,333,342,17.34790039,1000,3,,0.8684210526,3223.938596,957.5,7128,1
29,0.1,static,333,342,14.83292723,33318,63,,0.8011695906,2554.523392,254.5,7128,3
29,0.1,rolling,333,342,18.89787292,1000,5,,0.8947368421,3585.961988,3778,7128,3
29,0.1,static,333,342,14.83292723,30874,63,,0.8011695906,2554.523392,254.5,7128,7
29,0.1,rolling,333,342,18.42230177,1000,9,,0.8918128655,3484.438596,1981,7128,7
29,0.1,static,334,700,14.83292723,35124,64,,0.8385714286,2469.781429,321,7128,0
29,0.1,rolling,334,700,18.10497616,1000,3,,0.9028571429,3546.068571,3825,7128,0
29,0.1,static,334,700,14.83292723,34782,64,,0.8385714286,2469.781429,321,7128,1
29,0.1,rolling,334,700,17.38923836,1000,4,,0.8928571429,3306.852857,1635.5,7128,1
29,0.1,static,334,700,14.83292723,33958,64,,0.8385714286,2469.781429,321,7128,3
29,0.1,rolling,334,700,17.5749321,1000,5,,0.8942857143,3374.404286,1819,7128,3
29,0.1,static,334,700,14.83292723,31296,64,,0.8385714286,2469.781429,321,7128,7
29,0.1,rolling,334,700,19.62324286,1000,10,,0.9228571429,3960.742857,6100,7128,7
29,0.1,static,335,656,14.83292723,35824,65,,0.8277439024,2552.722561,338.5,7128,0
29,0.1,rolling,335,656,18.34412098,1000,2,,0.887195122,3574.137195,3843.5,7128,0
29,0.1,static,335,656,14.83292723,35124,65,,0.8277439024,2552.722561,338.5,7128,1
29,0.1,rolling,335,656,18.10497616,1000,4,,0.8841463415,3506.257622,2192.5,7128,1
29,0.1,static,335,656,14.83292723,34464,65,,0.8277439024,2552.722561,338.5,7128,3
29,0.1,rolling,335,656,17.34790039,1000,5,,0.881097561,3272.297256,1311.5,7128,3
29,0.1,static,335,656,14.83292723,32034,65,,0.8277439024,2552.722561,338.5,7128,7
29,0.1,rolling,335,656,19.63343358,1000,9,,0.9176829268,3959.599085,5838,7128,7
29,0.1,static,336,632,14.83292723,36480,66,,0.7800632911,2493.318038,324.5,7128,0
29,0.1,rolling,336,632,19.13067627,1000,2,,0.8908227848,3737.033228,4468,7128,0
29,0.1,static,336,632,14.83292723,35824,66,,0.7800632911,2493.318038,324.5,7128,1
29,0.1,rolling,336,632,18.34412098,1000,3,,0.875,3497.85443,2046,7128,1
29,0.1,static,336,632,14.83292723,34782,66,,0.7800632911,2493.318038,324.5,7128,3
29,0.1,rolling,336,632,17.38923836,1000,6,,0.8575949367,3240.030063,1237,7128,3
29,0.1,static,336,632,14.83292723,32634,66,,0.7800632911,2493.318038,324.5,7128,7
29,0.1,rolling,336,632,19.82005787,1000,9,,0.9050632911,3927.322785,5594,7128,7
29,0.1,static,337,552,14.83292723,37112,67,,0.8170289855,2471.697464,203.5,7128,0
29,0.1,rolling,337,552,19.59536982,1000,2,,0.9039855072,3696.336957,4653,7128,0
29,0.1,static,337,552,14.83292723,36480,67,,0.8170289855,2471.697464,203.5,7128,1
29,0.1,rolling,337,552,19.13067627,1000,3,,0.8967391304,3586.552536,3986.5,7128,1
29,0.1,static,337,552,14.83292723,35124,67,,0.8170289855,2471.697464,203.5,7128,3
29,0.1,rolling,337,552,18.10497616,1000,6,,0.8786231884,3327.923913,1264,7128,3
29,0.1,static,337,552,14.83292723,33318,67,,0.8170289855,2471.697464,203.5,7128,7
29,0.1,rolling,337,552,18.89787292,1000,9,,0.8949275362,3534.365942,2255,7128,7
29,0.1,static,338,496,14.83292723,37664,68,,0.7963709677,2465.643145,290,7128,0
29,0.1,rolling,338,496,19.81841755,1000,2,,0.9092741935,3922.16129,5185.5,7128,0
29,0.1,static,338,496,14.83292723,37112,68,,0.7963709677,2465.643145,290,7128,1
29,0.1,rolling,338,496,19.59536982,1000,3,,0.9092741935,3849.324597,4815.5,7128,1
29,0.1,static,338,496,14.83292723,35824,68,,0.7963709677,2465.643145,290,7128,3
29,0.1,rolling,338,496,18.34412098,1000,5,,0.8830645161,3475.084677,1695,7128,3
29,0.1,static,338,496,14.83292723,33958,68,,0.7963709677,2465.643145,290,7128,7
29,0.1,rolling,338,496,17.5749321,1000,9,,0.8709677419,3274.570565,1111,7128,7
29,0.1,static,339,328,14.83292723,38160,69,,0.8170731707,1888.259146,153,7127.3,0
29,0.1,rolling,339,328,18.94481677,1000,2,,0.9054878049,3300.051829,1749.5,7128,0
29,0.1,static,339,328,14.83292723,37664,69,,0.8170731707,1888.259146,153,7127.3,1
29,0.1,rolling,339,328,19.81841755,1000,3,,0.9268292683,3660.554878,3991.5,7128,1
29,0.1,static,339,328,14.83292723,36480,69,,0.8170731707,1888.259146,153,7127.3,3
29,0.1,rolling,339,328,19.13067627,1000,5,,0.9085365854,3388.987805,1881.5,7128,3
29,0.1,static,339,328,14.83292723,34464,69,,0.8170731707,1888.259146,153,7127.3,7
29,0.1,rolling,339,328,17.34790039,1000,9,,0.8597560976,2657.948171,716.5,7128,7
29,0.1,static,340,328,14.83292723,38488,70,,0.7896341463,2400.246951,192,7128,0
29,0.1,rolling,340,328,18.9263134,1000,3,,0.8902439024,3480.512195,1841.5,7128,0
29,0.1,static,340,328,14.83292723,38160,70,,0.7896341463,2400.246951,192,7128,1
29,0.1,rolling,340,328,18.94481677,1000,3,,0.8902439024,3484.795732,1859,7128,1
29,0.1,static,340,328,14.83292723,37112,70,,0.7896341463,2400.246951,192,7128,3
29,0.1,rolling,340,328,19.59536982,1000,5,,0.8963414634,3691.640244,4158,7128,3
29,0.1,static,340,328,14.83292723,34782,70,,0.7896341463,2400.246951,192,7128,7
29,0.1,rolling,340,328,17.38923836,1000,10,,0.862804878,3047.881098,757,7128,7
29,0.1,static,341,576,14.83292723,38816,71,,0.8194444444,2358.355903,288,7128,0
29,0.1,rolling,341,576,19.14335155,1000,3,,0.8975694444,3718.239583,4544,7128,0
29,0.1,static,341,576,14.83292723,38488,71,,0.8194444444,2358.355903,288,7128,1
29,0.1,rolling,341,576,18.9263134,1000,4,,0.8923611111,3664.795139,4252.5,7128,1
29,0.1,static,341,576,14.83292723,37664,71,,0.8194444444,2358.355903,288,7128,3
29,0.1,rolling,341,576,19.81841755,1000,5,,0.9079861111,3860.192708,5561.5,7128,3
29,0.1,static,341,576,14.83292723,35124,71,,0.8194444444,2358.355903,288,7128,7
29,0.1,rolling,341,576,18.10497616,1000,10,,0.8819444444,3478.704861,1658.5,7128,7
29,0.1,static,342,636,14.83292723,39392,72,,0.8081761006,2435.919811,221.5,7128,0
29,0.1,rolling,342,636,19.3082304,1000,3,,0.8867924528,3577.643082,3668,7128,0
29,0.1,static,342,636,14.83292723,38816,72,,0.8081761006,2435.919811,221.5,7128,1
29,0.1,rolling,342,636,19.14335155,1000,4,,0.8852201258,3529.147799,2294,7128,1
29,0.1,static,342,636,14.83292723,38160,72,,0.8081761006,2435.919811,221.5,7128,3
29,0.1,rolling,342,636,18.94481677,1000,5,,0.8820754717,3462.515723,1863,7128,3
29,0.1,static,342,636,14.83292723,35824,72,,0.8081761006,2435.919811,221.5,7128,7
29,0.1,rolling,342,636,18.34412098,1000,9,,0.8742138365,3301.433962,1301,7128,7
29,0.1,static,343,642,14.83292723,40028,73,,0.7959501558,2813.808411,504,7128,0
29,0.1,rolling,343,642,20.39088368,1000,2,,0.9003115265,4508.200935,6992,7128,0
29,0.1,static,343,642,14.83292723,39392,73,,0.7959501558,2813.808411,504,7128,1
29,0.1,rolling,343,642,19.3082304,1000,4,,0.8831775701,4213.91433,6629.5,7128,1
29,0.1,static,343,642,14.83292723,38488,73,,0.7959501558,2813.808411,504,7128,3
29,0.1,rolling,343,642,18.9263134,1000,6,,0.8753894081,4107.582555,6302.5,7128,3
29,0.1,static,343,642,14.83292723,36480,73,,0.7959501558,2813.808411,504,7128,7
29,0.1,rolling,343,642,19.13067627,1000,9,,0.8769470405,4169.185358,6468.5,7128,7
29,0.1,static,344,650,14.83292723,40670,74,,0.7892307692,2499.946154,174,7128,0
29,0.1,rolling,344,650,20.19785547,1000,2,,0.8815384615,3819.915385,5023.5,7128,0
29,0.1,static,344,650,14.83292723,40028,74,,0.7892307692,2499.946154,174,7128,1
29,0.1,rolling,344,650,20.39088368,1000,3,,0.8846153846,3864.681538,5376.5,7128,1
29,0.1,static,344,650,14.83292723,38816,74,,0.7892307692,2499.946154,174,7128,3
29,0.1,rolling,344,650,19.14335155,1000,6,,0.8646153846,3519.275385,1983,7128,3
29,0.1,static,344,650,14.83292723,37112,74,,0.7892307692,2499.946154,174,7128,7
29,0.1,rolling,344,650,19.59536982,1000,9,,0.8723076923,3652.089231,3956,7128,7
29,0.1,static,345,586,14.83292723,41320,75,,0.8156996587,2931.12116,428,7128,0
29,0.1,rolling,345,586,21.38486862,1000,2,,0.9215017065,4433.363481,7095,7128,0
29,0.1,static,345,586,14.83292723,40670,75,,0.8156996587,2931.12116,428,7128,1
29,0.1,rolling,345,586,20.19785547,1000,3,,0.9078498294,4171.035836,6824.5,7128,1
29,0.1,static,345,586,14.83292723,39392,75,,0.8156996587,2931.12116,428,7128,3
29,0.1,rolling,345,586,19.3082304,1000,6,,0.8959044369,3973.030717,6129,7128,3
29,0.1,static,345,586,14.83292723,37664,75,,0.8156996587,2931.12116,428,7128,7
29,0.1,rolling,345,586,19.81841755,1000,9,,0.9027303754,4095.43686,6604,7128,7
29,0.1,static,346,224,14.83292723,41906,76,,0.7991071429,1784.78125,105.5,7128,0
29,0.1,rolling,346,224,20.35369635,1000,2,,0.90625,3020.825893,862.5,7128,0
29,0.1,static,346,224,14.83292723,41320,76,,0.7991071429,1784.78125,105.5,7128,1
29,0.1,rolling,346,224,21.38486862,1000,3,,0.9151785714,3292.473214,1432,7128,1
29,0.1,static,346,224,14.83292723,40028,76,,0.7991071429,1784.78125,105.5,7128,3
29,0.1,rolling,346,224,20.39088368,1000,5,,0.90625,3028.580357,875.5,7128,3
29,0.1,static,346,224,14.83292723,38160,76,,0.7991071429,1784.78125,105.5,7128,7
29,0.1,rolling,346,224,18.94481677,1000,9,,0.8928571429,2664.558036,451.5,7128,7
29,0.1,static,347,306,14.83292723,42130,77,,0.8300653595,1906.46732,104.5,7128,0
29,0.1,rolling,347,306,19.92079544,1000,3,,0.9150326797,3036.915033,661,7128,0
29,0.1,static,347,306,14.83292723,41906,77,,0.8300653595,1906.46732,104.5,7128,1
29,0.1,rolling,347,306,20.35369635,1000,3,,0.9150326797,3120.372549,832,7128,1
29,0.1,static,347,306,14.83292723,40670,77,,0.8300653595,1906.46732,104.5,7128,3
29,0.1,rolling,347,306,20.19785547,1000,5,,0.9150326797,3091.248366,775.5,7128,3
29,0.1,static,347,306,14.83292723,38488,77,,0.8300653595,1906.46732,104.5,7128,7
29,0.1,rolling,347,306,18.9263134,1000,10,,0.908496732,2818.69281,389,7128,7
29,0.1,static,348,714,14.83292723,42436,78,,0.8053221289,2437.161064,193.5,7128,0
29,0.1,rolling,348,714,19.3563318,1000,3,,0.893557423,3455.008403,2017.5,7128,0
29,0.1,static,348,714,14.83292723,42130,78,,0.8053221289,2437.161064,193.5,7128,1
29,0.1,rolling,348,714,19.92079544,1000,4,,0.9047619048,3641.197479,4046,7128,1
29,0.1,static,348,714,14.83292723,41320,78,,0.8053221289,2437.161064,193.5,7128,3
29,0.1,rolling,348,714,21.38486862,1000,5,,0.9201680672,3991.544818,6077,7128,3
29,0.1,static,348,714,14.83292723,38816,78,,0.8053221289,2437.161064,193.5,7128,7
29,0.1,rolling,348,714,19.14335155,1000,10,,0.8921568627,3401.894958,1768.5,7128,7
29,0.1,static,349,600,14.83292723,43150,79,,0.7716666667,2317.993333,160,7128,0
29,0.1,rolling,349,600,19.61287045,1000,2,,0.8583333333,3331.633333,1698,7128,0
29,0.1,static,349,600,14.83292723,42436,79,,0.7716666667,2317.993333,160,7128,1
29,0.1,rolling,349,600,19.3563318,1000,4,,0.855,3245.186667,1523,7128,1
29,0.1,static,349,600,14.83292723,41906,79,,0.7716666667,2317.993333,160,7128,3
29,0.1,rolling,349,600,20.35369635,1000,5,,0.87,3555.706667,3802.5,7128,3
29,0.1,static,349,600,14.83292723,39392,79,,0.7716666667,2317.993333,160,7128,7
29,0.1,rolling,349,600,19.3082304,1000,10,,0.8533333333,3227.61,1481,7128,7
29,0.1,static,350,656,14.83292723,43750,80,,0.7759146341,1917.018293,124.5,7128,0
29,0.1,rolling,350,656,21.57999039,1000,2,,0.9115853659,3529.439024,2676,7128,0
29,0.1,static,350,656,14.83292723,43150,80,,0.7759146341,1917.018293,124.5,7128,1
29,0.1,rolling,350,656,19.61287045,1000,3,,0.881097561,3035.792683,900,7128,1
29,0.1,static,350,656,14.83292723,42130,80,,0.7759146341,1917.018293,124.5,7128,3
29,0.1,rolling,350,656,19.92079544,1000,6,,0.8856707317,3114.375,997,7128,3
29,0.1,static,350,656,14.83292723,40028,80,,0.7759146341,1917.018293,124.5,7128,7
29,0.1,rolling,350,656,20.39088368,1000,9,,0.8917682927,3254.707317,1218.5,7128,7
29,0.1,static,351,522,14.83292723,44406,81,,0.7720306513,1977.724138,94.5,7128,0
29,0.1,rolling,351,522,21.27553248,1000,2,,0.867816092,3399.283525,1427,7128,0
29,0.1,static,351,522,14.83292723,43750,81,,0.7720306513,1977.724138,94.5,7128,1
29,0.1,rolling,351,522,21.57999039,1000,3,,0.877394636,3463.477011,1674,7128,1
29,0.1,static,351,522,14.83292723,42436,81,,0.7720306513,1977.724138,94.5,7128,3
29,0.1,rolling,351,522,19.3563318,1000,6,,0.8429118774,2960.224138,571,7128,3
29,0.1,static,351,522,14.83292723,40670,81,,0.7720306513,1977.724138,94.5,7128,7
29,0.1,rolling,351,522,20.19785547,1000,9,,0.8524904215,3166.641762,858,7128,7
29,0.1,static,352,462,14.83292723,44928,82,,0.7359307359,1974.831169,132.5,7128,0
29,0.1,rolling,352,462,22.07932663,1000,2,,0.9069264069,3767.835498,5199.5,7128,0
29,0.1,static,352,462,14.83292723,44406,82,,0.7359307359,1974.831169,132.5,7128,1
29,0.1,rolling,352,462,21.27553248,1000,3,,0.9004329004,3602.448052,4028,7128,1
29,0.1,static,352,462,14.83292723,43150,82,,0.7359307359,1974.831169,132.5,7128,3
29,0.1,rolling,352,462,19.61287045,1000,5,,0.8658008658,3195.727273,1250.5,7128,3
29,0.1,static,352,462,14.83292723,41320,82,,0.7359307359,1974.831169,132.5,7128,7
29,0.1,rolling,352,462,21.38486862,1000,9,,0.9025974026,3626.021645,4164,7128,7
29,0.1,static,353,242,14.83292723,45390,83,,0.7148760331,1840.483471,113,7128,0
29,0.1,rolling,353,242,22.64703369,1000,3,,0.8884297521,3725.987603,4651,7128,0
29,0.1,static,353,242,14.83292723,44928,83,,0.7148760331,1840.483471,113,7128,1
29,0.1,rolling,353,242,22.07932663,1000,3,,0.8801652893,3599.871901,3062,7128,1
29,0.1,static,353,242,14.83292723,43750,83,,0.7148760331,1840.483471,113,7128,3
29,0.1,rolling,353,242,21.57999039,1000,5,,0.867768595,3498.483471,1810,7128,3
29,0.1,static,353,242,14.83292723,41906,83,,0.7148760331,1840.483471,113,7128,7
29,0.1,rolling,353,242,20.35369635,1000,9,,0.8429752066,3290.280992,885,7128,7
29,0.1,static,354,238,14.83292723,45632,84,,0.7521008403,2200.197479,130.5,7128,0
29,0.1,rolling,354,238,22.86717415,1000,3,,0.9159663866,4242.130252,6745.5,7128,0
29,0.1,static,354,238,14.83292723,45390,84,,0.7521008403,2200.197479,130.5,7128,1
29,0.1,rolling,354,238,22.64703369,1000,4,,0.9033613445,4198.273109,6650.5,7128,1
29,0.1,static,354,238,14.83292723,44406,84,,0.7521008403,2200.197479,130.5,7128,3
29,0.1,rolling,354,238,21.27553248,1000,5,,0.8823529412,3931.205882,5559.5,7128,3
29,0.1,static,354,238,14.83292723,42130,84,,0.7521008403,2200.197479,130.5,7128,7
29,0.1,rolling,354,238,19.92079544,1000,10,,0.8655462185,3596.415966,3896,7128,7
29,0.1,static,355,578,14.83292723,45870,85,,0.7058823529,2324.17128,179,7128,0
29,0.1,rolling,355,578,23.23420763,1000,4,,0.9031141869,4298.801038,6893,7128,0
29,0.1,static,355,578,14.83292723,45632,85,,0.7058823529,2324.17128,179,7128,1
29,0.1,rolling,355,578,22.86717415,1000,4,,0.9031141869,4231.441176,6753,7128,1
29,0.1,static,355,578,14.83292723,44928,85,,0.7058823529,2324.17128,179,7128,3
29,0.1,rolling,355,578,22.07932663,1000,5,,0.892733564,4065.243945,6237,7128,3
29,0.1,static,355,578,14.83292723,42436,85,,0.7058823529,2324.17128,179,7128,7
29,0.1,rolling,355,578,19.3563318,1000,10,,0.8183391003,3442.249135,1667,7128,7
29,0.1,static,356,548,14.83292723,46448,86,,0.7445255474,2329.120438,161.5,7128,0
29,0.1,rolling,356,548,22.76505122,1000,3,,0.9032846715,4019.521898,6594.5,7128,0
29,0.1,static,356,548,14.83292723,45870,86,,0.7445255474,2329.120438,161.5,7128,1
29,0.1,rolling,356,548,23.23420763,1000,5,,0.9087591241,4131.843066,6841,7128,1
29,0.1,static,356,548,14.83292723,45390,86,,0.7445255474,2329.120438,161.5,7128,3
29,0.1,rolling,356,548,22.64703369,1000,6,,0.901459854,3996.605839,6485,7128,3
29,0.1,static,356,548,14.83292723,43150,86,,0.7445255474,2329.120438,161.5,7128,7
29,0.1,rolling,356,548,19.61287045,1000,9,,0.8503649635,3343.357664,1337,7128,7
29,0.1,static,357,406,14.83292723,46996,87,,0.7684729064,1557.26601,114.5,7128,0
29,0.1,rolling,357,406,22.6550293,1000,2,,0.9310344828,3702.426108,4926.5,7128,0
29,0.1,static,357,406,14.83292723,46448,87,,0.7684729064,1557.26601,114.5,7128,1
29,0.1,rolling,357,406,22.76505122,1000,4,,0.9310344828,3725.697044,5109,7128,1
29,0.1,static,357,406,14.83292723,45632,87,,0.7684729064,1557.26601,114.5,7128,3
29,0.1,rolling,357,406,22.86717415,1000,6,,0.9310344828,3747.364532,5263.5,7128,3
29,0.1,static,357,406,14.83292723,43750,87,,0.7684729064,1557.26601,114.5,7128,7
29,0.1,rolling,357,406,21.57999039,1000,9,,0.9113300493,3490.29064,3349,7128,7
29,0.1,static,358,300,14.83292723,47402,88,,0.76,1636.663333,81,7128,0
29,0.1,rolling,358,300,21.91377831,1000,3,,0.8966666667,3077.6,677.5,7128,0
29,0.1,static,358,300,14.83292723,46996,88,,0.76,1636.663333,81,7128,1
29,0.1,rolling,358,300,22.6550293,1000,3,,0.9,3232.803333,1122,7128,1
29,0.1,static,358,300,14.83292723,45870,88,,0.76,1636.663333,81,7128,3
29,0.1,rolling,358,300,23.23420763,1000,7,,0.9033333333,3363.886667,1734.5,7128,3
29,0.1,static,358,300,14.83292723,44406,88,,0.76,1636.663333,81,7128,7
29,0.1,rolling,358,300,21.27553248,1000,9,,0.8833333333,2944.933333,535,7128,7
29,0.1,static,359,330,14.83292723,47702,89,,0.8363636364,2697.909091,388.5,7128,0
29,0.1,rolling,359,330,21.67819643,1000,3,,0.9484848485,4444.833333,7072,7128,0
29,0.1,static,359,330,14.83292723,47402,89,,0.8363636364,2697.909091,388.5,7128,1
29,0.1,rolling,359,330,21.91377831,1000,4,,0.9515151515,4481.384848,7089,7128,1
29,0.1,static,359,330,14.83292723,46448,89,,0.8363636364,2697.909091,388.5,7128,3
29,0.1,rolling,359,330,22.76505122,1000,6,,0.9545454545,4629.481818,7117.5,7128,3
29,0.1,static,359,330,14.83292723,44928,89,,0.8363636364,2697.909091,388.5,7128,7
29,0.1,rolling,359,330,22.07932663,1000,9,,0.9515151515,4509.184848,7096,7128,7
29,0.1,static,360,228,14.83292723,48032,90,,0.7543859649,1784.179825,96.5,7128,0
29,0.1,rolling,360,228,19.68205589,1000,3,,0.8728070175,2957.399123,664.5,7128,0
29,0.1,static,360,228,14.83292723,47702,90,,0.7543859649,1784.179825,96.5,7128,1
29,0.1,rolling,360,228,21.67819643,1000,4,,0.9122807018,3496.157895,3619.5,7128,1
29,0.1,static,360,228,14.83292723,46996,90,,0.7543859649,1784.179825,96.5,7128,3
29,0.1,rolling,360,228,22.6550293,1000,5,,0.9298245614,3728.859649,4691,7128,3
29,0.1,static,360,228,14.83292723,45390,90,,0.7543859649,1784.179825,96.5,7128,7
29,0.1,rolling,360,228,22.64703369,1000,10,,0.9298245614,3727.004386,4679,7128,7
29,0.1,static,361,246,14.83292723,48260,91,,0.7601626016,1700.353659,62.5,7128,0
29,0.1,rolling,361,246,21.31058407,1000,4,,0.8861788618,3059.626016,823,7128,0
29,0.1,static,361,246,14.83292723,48032,91,,0.7601626016,1700.353659,62.5,7128,1
29,0.1,rolling,361,246,19.68205589,1000,4,,0.8617886179,2672.711382,334,7128,1
29,0.1,static,361,246,14.83292723,47402,91,,0.7601626016,1700.353659,62.5,7128,3
29,0.1,rolling,361,246,21.91377831,1000,6,,0.8902439024,3195.727642,1275.5,7128,3
29,0.1,static,361,246,14.83292723,45632,91,,0.7601626016,1700.353659,62.5,7128,7
29,0.1,rolling,361,246,22.86717415,1000,10,,0.9024390244,3434.792683,1745,7128,7
29,0.1,static,362,620,14.83292723,48506,92,,0.7483870968,1598.077419,70,7128,0
29,0.1,rolling,362,620,20.34046936,1000,4,,0.8483870968,2790.533871,364,7128,0
29,0.1,static,362,620,14.83292723,48260,92,,0.7483870968,1598.077419,70,7128,1
29,0.1,rolling,362,620,21.31058407,1000,5,,0.8693548387,3038.145161,676,7128,1
29,0.1,static,362,620,14.83292723,47702,92,,0.7483870968,1598.077419,70,7128,3
29,0.1,rolling,362,620,21.67819643,1000,6,,0.8774193548,3132.683871,887.5,7128,3
29,0.1,static,362,620,14.83292723,45870,92,,0.7483870968,1598.077419,70,7128,7
29,0.1,rolling,362,620,23.23420763,1000,11,,0.8951612903,3497.51129,1911,7128,7
29,0.1,static,363,386,14.83292723,49126,93,,0.8082901554,1828.590674,73,7128,0
29,0.1,rolling,363,386,23.17403412,1000,3,,0.9248704663,3571.551813,3966,7128,0
29,0.1,static,363,386,14.83292723,48506,93,,0.8082901554,1828.590674,73,7128,1
29,0.1,rolling,363,386,20.34046936,1000,5,,0.8911917098,2904.375648,547,7128,1
29,0.1,static,363,386,14.83292723,48032,93,,0.8082901554,1828.590674,73,7128,3
29,0.1,rolling,363,386,19.68205589,1000,6,,0.8834196891,2765.997409,396,7128,3
29,0.1,static,363,386,14.83292723,46448,93,,0.8082901554,1828.590674,73,7128,7
29,0.1,rolling,363,386,22.76505122,1000,10,,0.9222797927,3475.310881,2178.5,7128,7
29,0.1,static,364,354,14.83292723,49512,94,,0.7542372881,1605.689266,78,7128,0
29,0.1,rolling,364,354,22.62521553,1000,2,,0.8983050847,3574.372881,3070.5,7128,0
29,0.1,static,364,354,14.83292723,49126,94,,0.7542372881,1605.689266,78,7128,1
29,0.1,rolling,364,354,23.17403412,1000,4,,0.906779661,3716.033898,4330.5,7128,1
29,0.1,static,364,354,14.83292723,48260,94,,0.7542372881,1605.689266,78,7128,3
29,0.1,rolling,364,354,21.31058407,1000,7,,0.884180791,3263.29661,1194,7128,3
29,0.1,static,364,354,14.83292723,46996,94,,0.7542372881,1605.689266,78,7128,7
29,0.1,rolling,364,354,22.6550293,1000,9,,0.8983050847,3581.305085,3262.5,7128,7
29,0.2,static,292,730,14.67058563,11270,22,,0.8876712329,3640.915068,4479,7128,0
29,0.2,rolling,292,730,14.24217987,1000,3,,0.8863013699,3513.424658,2348.5,7128,0
29,0.2,static,292,730,14.67058563,11270,22,,0.8876712329,3640.915068,4479,7128,1
29,0.2,rolling,292,730,14.24217987,1000,3,,0.8863013699,3513.424658,2348.5,7128,1
29,0.2,static,292,730,14.67058563,11270,22,,0.8876712329,3640.915068,4479,7128,3
29,0.2,rolling,292,730,14.24217987,1000,3,,0.8863013699,3513.424658,2348.5,7128,3
29,0.2,static,292,730,14.67058563,11270,22,,0.8876712329,3640.915068,4479,7128,7
29,0.2,rolling,292,730,14.24217987,1000,3,,0.8863013699,3513.424658,2348.5,7128,7
29,0.2,static,293,658,14.67058563,12000,23,,0.8981762918,3868.539514,5587,7128,0
29,0.2,rolling,293,658,14.5790143,1000,2,,0.8951367781,3841.057751,5439,7128,0
29,0.2,static,293,658,14.67058563,11270,23,,0.8981762918,3868.539514,5587,7128,1
29,0.2,rolling,293,658,14.24217987,1000,4,,0.8920972644,3734.317629,4851,7128,1
29,0.2,static,293,658,14.67058563,11270,23,,0.8981762918,3868.539514,5587,7128,3
29,0.2,rolling,293,658,14.24217987,1000,4,,0.8920972644,3734.317629,4851,7128,3
29,0.2,static,293,658,14.67058563,11270,23,,0.8981762918,3868.539514,5587,7128,7
29,0.2,rolling,293,658,14.24217987,1000,4,,0.8920972644,3734.317629,4851,7128,7
29,0.2,static,294,618,14.67058563,12658,24,,0.8349514563,3447.210356,1465.5,7128,0
29,0.2,rolling,294,618,15.65586281,1000,2,,0.8754045307,3760.771845,4775.5,7128,0
29,0.2,static,294,618,14.67058563,12000,24,,0.8349514563,3447.210356,1465.5,7128,1
29,0.2,rolling,294,618,14.5790143,1000,3,,0.8349514563,3412.152104,1393,7128,1
29,0.2,static,294,618,14.67058563,11270,24,,0.8349514563,3447.210356,1465.5,7128,3
29,0.2,rolling,294,618,14.24217987,1000,5,,0.8220064725,3321.63754,1109.5,7128,3
29,0.2,static,294,618,14.67058563,11270,24,,0.8349514563,3447.210356,1465.5,7128,7
29,0.2,rolling,294,618,14.24217987,1000,5,,0.8220064725,3321.63754,1109.5,7128,7
29,0.2,static,295,666,14.67058563,13276,25,,0.8783783784,3573.918919,2382.5,7128,0
29,0.2,rolling,295,666,16.57697487,1000,2,,0.9114114114,4318.252252,6772,7128,0
29,0.2,static,295,666,14.67058563,12658,25,,0.8783783784,3573.918919,2382.5,7128,1
29,0.2,rolling,295,666,15.65586281,1000,3,,0.8978978979,3961.71021,5871.5,7128,1
29,0.2,static,295,666,14.67058563,11270,25,,0.8783783784,3573.918919,2382.5,7128,3
29,0.2,rolling,295,666,14.24217987,1000,6,,0.8693693694,3409.315315,1778.5,7128,3
29,0.2,static,295,666,14.67058563,11270,25,,0.8783783784,3573.918919,2382.5,7128,7
29,0.2,rolling,295,666,14.24217987,1000,6,,0.8693693694,3409.315315,1778.5,7128,7
29,0.2,static,296,516,14.67058563,13942,26,,0.8565891473,3623.379845,4398.5,7128,0
29,0.2,rolling,296,516,16.59823976,1000,2,,0.8953488372,4156.292636,6780,7128,0
29,0.2,static,296,516,14.67058563,13276,26,,0.8565891473,3623.379845,4398.5,7128,1
29,0.2,rolling,296,516,16.57697487,1000,3,,0.8934108527,4150.610465,6769,7128,1
29,0.2,static,296,516,14.67058563,12000,26,,0.8565891473,3623.379845,4398.5,7128,3
29,0.2,rolling,296,516,14.5790143,1000,5,,0.8565891473,3598.321705,4195,7128,3
29,0.2,static,296,516,14.67058563,11270,26,,0.8565891473,3623.379845,4398.5,7128,7
29,0.2,rolling,296,516,14.24217987,1000,7,,0.8391472868,3479.377907,2160,7128,7
29,0.2,static,297,292,14.67058563,14458,27,,0.8356164384,2949.318493,532,7128,0
29,0.2,rolling,297,292,16.59823976,1000,2,,0.8698630137,3492.414384,1612.5,7128,0
29,0.2,static,297,292,14.67058563,13942,27,,0.8356164384,2949.318493,532,7128,1
29,0.2,rolling,297,292,16.59823976,1000,3,,0.8698630137,3492.414384,1612.5,7128,1
29,0.2,static,297,292,14.67058563,12658,27,,0.8356164384,2949.318493,532,7128,3
29,0.2,rolling,297,292,15.65586281,1000,5,,0.845890411,3204.623288,1064,7128,3
29,0.2,static,297,292,14.67058563,11270,27,,0.8356164384,2949.318493,532,7128,7
29,0.2,rolling,297,292,14.24217987,1000,8,,0.8253424658,2795.934932,363,7128,7
29,0.2,static,298,252,14.67058563,14750,28,,0.8650793651,2968.678571,640,7128,0
29,0.2,rolling,298,252,17.83734727,1000,3,,0.9285714286,4160.809524,6754,7128,0
29,0.2,static,298,252,14.67058563,14458,28,,0.8650793651,2968.678571,640,7128,1
29,0.2,rolling,298,252,16.59823976,1000,3,,0.9087301587,3782.821429,5047,7128,1
29,0.2,static,298,252,14.67058563,13276,28,,0.8650793651,2968.678571,640,7128,3
29,0.2,rolling,298,252,16.57697487,1000,5,,0.9087301587,3775.960317,4989,7128,3
29,0.2,static,298,252,14.67058563,11270,28,,0.8650793651,2968.678571,640,7128,7
29,0.2,rolling,298,252,14.24217987,1000,9,,0.8452380952,2835.884921,473,7128,7
29,0.2,static,299,702,14.67058563,15002,29,,0.8504273504,3309.933048,1400.5,7128,0
29,0.2,rolling,299,702,16.94033718,1000,3,,0.8931623932,3944.790598,6139,7128,0
29,0.2,static,299,702,14.67058563,14750,29,,0.8504273504,3309.933048,1400.5,7128,1
29,0.2,rolling,299,702,17.83734727,1000,4,,0.9102564103,4197.710826,6784,7128,1
29,0.2,static,299,702,14.67058563,13942,29,,0.8504273504,3309.933048,1400.5,7128,3
29,0.2,rolling,299,702,16.59823976,1000,5,,0.8874643875,3854.844729,5655.5,7128,3
29,0.2,static,299,702,14.67058563,11270,29,,0.8504273504,3309.933048,1400.5,7128,7
29,0.2,rolling,299,702,14.24217987,1000,10,,0.839031339,3152.029915,1012.5,7128,7
29,0.2,static,300,664,14.67058563,15704,30,,0.859939759,3432.165663,1549,7128,0
29,0.2,rolling,300,664,17.08553982,1000,3,,0.9036144578,4112.962349,6569,7128,0
29,0.2,static,300,664,14.67058563,15002,30,,0.859939759,3432.165663,1549,7128,1
29,0.2,rolling,300,664,16.94033718,1000,4,,0.9021084337,4077.253012,6479.5,7128,1
29,0.2,static,300,664,14.67058563,14458,30,,0.859939759,3432.165663,1549,7128,3
29,0.2,rolling,300,664,16.59823976,1000,5,,0.8945783133,3969.805723,6216,7128,3
29,0.2,static,300,664,14.67058563,12000,30,,0.859939759,3432.165663,1549,7128,7
29,0.2,rolling,300,664,14.5790143,1000,9,,0.8584337349,3405.525602,1459.5,7128,7
29,0.2,static,301,616,14.67058563,16368,31,,0.8733766234,3686.274351,4390,7128,0
29,0.2,rolling,301,616,17.73204207,1000,2,,0.9237012987,4572.099026,7110.5,7128,0
29,0.2,static,301,616,14.67058563,15704,31,,0.8733766234,3686.274351,4390,7128,1
29,0.2,rolling,301,616,17.08553982,1000,4,,0.9188311688,4399.756494,7055,7128,1
29,0.2,static,301,616,14.67058563,14750,31,,0.8733766234,3686.274351,4390,7128,3
29,0.2,rolling,301,616,17.83734727,1000,6,,0.9237012987,4593.758117,7114,7128,3
29,0.2,static,301,616,14.67058563,12658,31,,0.8733766234,3686.274351,4390,7128,7
29,0.2,rolling,301,616,15.65586281,1000,9,,0.8977272727,4005.818182,6280.5,7128,7
29,0.2,static,302,570,14.67058563,16984,32,,0.8456140351,3232.822807,1066.5,7128,0
29,0.2,rolling,302,570,16.32877278,1000,2,,0.8859649123,3684.522807,4428,7128,0
29,0.2,static,302,570,14.67058563,16368,32,,0.8456140351,3232.822807,1066.5,7128,1
29,0.2,rolling,302,570,17.73204207,1000,3,,0.898245614,4022.003509,6643.5,7128,1
29,0.2,static,302,570,14.67058563,15002,32,,0.8456140351,3232.822807,1066.5,7128,3
29,0.2,rolling,302,570,16.94033718,1000,6,,0.8912280702,3841.247368,5703,7128,3
29,0.2,static,302,570,14.67058563,13276,32,,0.8456140351,3232.822807,1066.5,7128,7
29,0.2,rolling,302,570,16.57697487,1000,9,,0.8894736842,3746.468421,4827,7128,7
29,0.2,static,303,542,14.67058563,17554,33,,0.852398524,3391.527675,1840.5,7128,0
29,0.2,rolling,303,542,17.16060448,1000,2,,0.9077490775,4077.649446,6667.5,7128,0
29,0.2,static,303,542,14.67058563,16984,33,,0.852398524,3391.527675,1840.5,7128,1
29,0.2,rolling,303,542,16.32877278,1000,3,,0.8966789668,3871.546125,5968.5,7128,1
29,0.2,static,303,542,14.67058563,15704,33,,0.852398524,3391.527675,1840.5,7128,3
29,0.2,rolling,303,542,17.08553982,1000,6,,0.9077490775,4059.440959,6611,7128,3
29,0.2,static,303,542,14.67058563,13942,33,,0.852398524,3391.527675,1840.5,7128,7
29,0.2,rolling,303,542,16.59823976,1000,9,,0.9003690037,3927.134686,6250.5,7128,7
29,0.2,static,304,328,14.67058563,18096,34,,0.8353658537,3012.042683,646.5,7128,0
29,0.2,rolling,304,328,16.26912117,1000,2,,0.8719512195,3484.72561,1714,7128,0
29,0.2,static,304,328,14.67058563,17554,34,,0.8353658537,3012.042683,646.5,7128,1
29,0.2,rolling,304,328,17.16060448,1000,3,,0.887195122,3713.902439,4309,7128,1
29,0.2,static,304,328,14.67058563,16368,34,,0.8353658537,3012.042683,646.5,7128,3
29,0.2,rolling,304,328,17.73204207,1000,5,,0.8963414634,3842.338415,5316,7128,3
29,0.2,static,304,328,14.67058563,14458,34,,0.8353658537,3012.042683,646.5,7128,7
29,0.2,rolling,304,328,16.59823976,1000,9,,0.8780487805,3562.496951,2150,7128,7
29,0.2,static,305,328,14.67058563,18424,35,,0.8658536585,2934.905488,746,7128,0
29,0.2,rolling,305,328,17.66345531,1000,3,,0.9298780488,3824.210366,5558.5,7128,0
29,0.2,static,305,328,14.67058563,18096,35,,0.8658536585,2934.905488,746,7128,1
29,0.2,rolling,305,328,16.26912117,1000,3,,0.9176829268,3481.484756,2147,7128,1
29,0.2,static,305,328,14.67058563,16984,35,,0.8658536585,2934.905488,746,7128,3
29,0.2,rolling,305,328,16.32877278,1000,5,,0.9176829268,3495.823171,2202,7128,3
29,0.2,static,305,328,14.67058563,14750,35,,0.8658536585,2934.905488,746,7128,7
29,0.2,rolling,305,328,17.83734727,1000,10,,0.9298780488,3858.972561,5805,7128,7
29,0.2,static,306,582,14.67058563,18752,36,,0.8556701031,3103.5189,640,7128,0
29,0.2,rolling,306,582,16.69694901,1000,3,,0.8934707904,3644.756014,4177,7128,0
29,0.2,static,306,582,14.67058563,18424,36,,0.8556701031,3103.5189,640,7128,1
29,0.2,rolling,306,582,17.66345531,1000,4,,0.9054982818,3862.487973,6368,7128,1
29,0.2,static,306,582,14.67058563,17554,36,,0.8556701031,3103.5189,640,7128,3
29,0.2,rolling,306,582,17.16060448,1000,5,,0.9003436426,3755.273196,5656.5,7128,3
29,0.2,static,306,582,14.67058563,15002,36,,0.8556701031,3103.5189,640,7128,7
29,0.2,rolling,306,582,16.94033718,1000,10,,0.8969072165,3695.371134,5088.5,7128,7
29,0.2,static,307,588,14.67058563,19334,37,,0.8537414966,3308.25,1504.5,7128,0
29,0.2,rolling,307,588,16.7467289,1000,3,,0.9030612245,3958.545918,6038.5,7128,0
29,0.2,static,307,588,14.67058563,18752,37,,0.8537414966,3308.25,1504.5,7128,1
29,0.2,rolling,307,588,16.69694901,1000,4,,0.9030612245,3945.081633,5978.5,7128,1
29,0.2,static,307,588,14.67058563,18096,37,,0.8537414966,3308.25,1504.5,7128,3
29,0.2,rolling,307,588,16.26912117,1000,5,,0.8945578231,3812.663265,5287.5,7128,3
29,0.2,static,307,588,14.67058563,15704,37,,0.8537414966,3308.25,1504.5,7128,7
29,0.2,rolling,307,588,17.08553982,1000,10,,0.9047619048,4075.161565,6369,7128,7
29,0.2,static,308,562,14.67058563,19922,38,,0.8416370107,3316.225979,1243,7128,0
29,0.2,rolling,308,562,17.02888393,1000,2,,0.8914590747,3960.27758,6408.5,7128,0
29,0.2,static,308,562,14.67058563,19334,38,,0.8416370107,3316.225979,1243,7128,1
29,0.2,rolling,308,562,16.7467289,1000,4,,0.8772241993,3875.300712,6144,7128,1
29,0.2,static,308,562,14.67058563,18424,38,,0.8416370107,3316.225979,1243,7128,3
29,0.2,rolling,308,562,17.66345531,1000,6,,0.8985765125,4110.950178,6858,7128,3
29,0.2,static,308,562,14.67058563,16368,38,,0.8416370107,3316.225979,1243,7128,7
29,0.2,rolling,308,562,17.73204207,1000,9,,0.8985765125,4126.172598,6885.5,7128,7
29,0.2,static,309,626,14.67058563,20484,39,,0.8594249201,3449.175719,2047.5,7128,0
29,0.2,rolling,309,626,17.21894956,1000,2,,0.8961661342,4122.265176,6788,7128,0
29,0.2,static,309,626,14.67058563,19922,39,,0.8594249201,3449.175719,2047.5,7128,1
29,0.2,rolling,309,626,17.02888393,1000,3,,0.8961661342,4074.691693,6657,7128,1
29,0.2,static,309,626,14.67058563,18752,39,,0.8594249201,3449.175719,2047.5,7128,3
29,0.2,rolling,309,626,16.69694901,1000,6,,0.8865814696,3984.370607,6389,7128,3
29,0.2,static,309,626,14.67058563,16984,39,,0.8594249201,3449.175719,2047.5,7128,7
29,0.2,rolling,309,626,16.32877278,1000,9,,0.8817891374,3907.238019,5977,7128,7
29,0.2,static,310,620,14.67058563,21110,40,,0.885483871,2753.875806,494.5,7128,0
29,0.2,rolling,310,620,18.21462941,1000,2,,0.9403225806,3796.029032,5887.5,7128,0
29,0.2,static,310,620,14.67058563,20484,40,,0.885483871,2753.875806,494.5,7128,1
29,0.2,rolling,310,620,17.21894956,1000,3,,0.9177419355,3575.048387,4411.5,7128,1
29,0.2,static,310,620,14.67058563,19334,40,,0.885483871,2753.875806,494.5,7128,3
29,0.2,rolling,310,620,16.7467289,1000,6,,0.9129032258,3431.098387,2140,7128,3
29,0.2,static,310,620,14.67058563,17554,40,,0.885483871,2753.875806,494.5,7128,7
29,0.2,rolling,310,620,17.16060448,1000,9,,0.9177419355,3560.7,4260.5,7128,7
29,0.2,static,311,438,14.67058563,21730,41,,0.8561643836,2551.278539,322.5,7128,0
29,0.2,rolling,311,438,16.92171049,1000,2,,0.8926940639,3152.447489,1053,7128,0
29,0.2,static,311,438,14.67058563,21110,41,,0.8561643836,2551.278539,322.5,7128,1
29,0.2,rolling,311,438,18.21462941,1000,3,,0.9178082192,3476.630137,1883,7128,1
29,0.2,static,311,438,14.67058563,19922,41,,0.8561643836,2551.278539,322.5,7128,3
29,0.2,rolling,311,438,17.02888393,1000,5,,0.897260274,3180.666667,1110,7128,3
29,0.2,static,311,438,14.67058563,18096,41,,0.8561643836,2551.278539,322.5,7128,7
29,0.2,rolling,311,438,16.26912117,1000,9,,0.8835616438,2988.426941,741.5,7128,7
29,0.2,static,312,460,14.67058563,22168,42,,0.8217391304,2448.558696,236.5,7128,0
29,0.2,rolling,312,460,16.31933355,1000,2,,0.852173913,2979.582609,529,7128,0
29,0.2,static,312,460,14.67058563,21730,42,,0.8217391304,2448.558696,236.5,7128,1
29,0.2,rolling,312,460,16.92171049,1000,3,,0.8673913043,3115.565217,748.5,7128,1
29,0.2,static,312,460,14.67058563,20484,42,,0.8217391304,2448.558696,236.5,7128,3
29,0.2,rolling,312,460,17.21894956,1000,5,,0.8739130435,3183.147826,930.5,7128,3
29,0.2,static,312,460,14.67058563,18424,42,,0.8217391304,2448.558696,236.5,7128,7
29,0.2,rolling,312,460,17.66345531,1000,10,,0.8826086957,3271.386957,1166.5,7128,7
29,0.2,static,313,794,14.67058563,22628,43,,0.8350125945,2544.289673,245,7128,0
29,0.2,rolling,313,794,17.85619545,1000,3,,0.9080604534,3414.178841,1476.5,7128,0
29,0.2,static,313,794,14.67058563,22168,43,,0.8350125945,2544.289673,245,7128,1
29,0.2,rolling,313,794,16.31933355,1000,3,,0.8753148615,3014.580605,621,7128,1
29,0.2,static,313,794,14.67058563,21110,43,,0.8350125945,2544.289673,245,7128,3
29,0.2,rolling,313,794,18.21462941,1000,5,,0.9118387909,3490.586902,1867.5,7128,3
29,0.2,static,313,794,14.67058563,18752,43,,0.8350125945,2544.289673,245,7128,7
29,0.2,rolling,313,794,16.69694901,1000,10,,0.8828715365,3125.741814,753.5,7128,7
29,0.2,static,314,678,14.67058563,23422,44,,0.8525073746,2898.848083,455.5,7128,0
29,0.2,rolling,314,678,18.11542511,1000,2,,0.9085545723,3772.264012,5535.5,7128,0
29,0.2,static,314,678,14.67058563,22628,44,,0.8525073746,2898.848083,455.5,7128,1
29,0.2,rolling,314,678,17.85619545,1000,4,,0.9085545723,3716.90708,5183.5,7128,1
29,0.2,static,314,678,14.67058563,21730,44,,0.8525073746,2898.848083,455.5,7128,3
29,0.2,rolling,314,678,16.92171049,1000,5,,0.8967551622,3502.710914,1936,7128,3
29,0.2,static,314,678,14.67058563,19334,44,,0.8525073746,2898.848083,455.5,7128,7
29,0.2,rolling,314,678,16.7467289,1000,10,,0.8923303835,3456.666667,1807,7128,7
29,0.2,static,315,774,14.67058563,24100,45,,0.8436692506,2794.624031,484.5,7128,0
29,0.2,rolling,315,774,17.91622543,1000,2,,0.9018087855,3681.886305,4795,7128,0
29,0.2,static,315,774,14.67058563,23422,45,,0.8436692506,2794.624031,484.5,7128,1
29,0.2,rolling,315,774,18.11542511,1000,3,,0.9018087855,3730.330749,5089.5,7128,1
29,0.2,static,315,774,14.67058563,22168,45,,0.8436692506,2794.624031,484.5,7128,3
29,0.2,rolling,315,774,16.31933355,1000,5,,0.8798449612,3294.403101,1291.5,7128,3
29,0.2,static,315,774,14.67058563,19922,45,,0.8436692506,2794.624031,484.5,7128,7
29,0.2,rolling,315,774,17.02888393,1000,9,,0.8940568475,3471.945736,2046,7128,7
29,0.2,static,316,758,14.67058563,24874,46,,0.8575197889,2992.394459,1054.5,7128,0
29,0.2,rolling,316,758,18.65730572,1000,2,,0.9234828496,4252.218997,6823.5,7128,0
29,0.2,static,316,758,14.67058563,24100,46,,0.8575197889,2992.394459,1054.5,7128,1
29,0.2,rolling,316,758,17.91622543,1000,3,,0.9129287599,4073.825858,6425,7128,1
29,0.2,static,316,758,14.67058563,22628,46,,0.8575197889,2992.394459,1054.5,7128,3
29,0.2,rolling,316,758,17.85619545,1000,6,,0.9116094987,4059.658311,6377,7128,3
29,0.2,static,316,758,14.67058563,20484,46,,0.8575197889,2992.394459,1054.5,7128,7
29,0.2,rolling,316,758,17.21894956,1000,9,,0.9063324538,3874.869393,5690,7128,7
29,0.2,static,317,630,14.67058563,25632,47,,0.8285714286,2557.395238,281,7128,0
29,0.2,rolling,317,630,17.03832483,1000,2,,0.8793650794,3264.295238,1032,7128,0
29,0.2,static,317,630,14.67058563,24874,47,,0.8285714286,2557.395238,281,7128,1
29,0.2,rolling,317,630,18.65730572,1000,3,,0.9095238095,3644.977778,2508,7128,1
29,0.2,static,317,630,14.67058563,23422,47,,0.8285714286,2557.395238,281,7128,3
29,0.2,rolling,317,630,18.11542511,1000,5,,0.8984126984,3521.122222,1846,7128,3
29,0.2,static,317,630,14.67058563,21110,47,,0.8285714286,2557.395238,281,7128,7
29,0.2,rolling,317,630,18.21462941,1000,9,,0.9,3545.24127,1931.5,7128,7
29,0.2,static,318,342,14.67058563,26262,48,,0.8479532164,2501.918129,237.5,7128,0
29,0.2,rolling,318,342,18.46615028,1000,2,,0.918128655,3469.374269,1893.5,7128,0
29,0.2,static,318,342,14.67058563,25632,48,,0.8479532164,2501.918129,237.5,7128,1
29,0.2,rolling,318,342,17.03832483,1000,3,,0.9152046784,3111.114035,684,7128,1
29,0.2,static,318,342,14.67058563,24100,48,,0.8479532164,2501.918129,237.5,7128,3
29,0.2,rolling,318,342,17.91622543,1000,5,,0.918128655,3314.695906,1268,7128,3
29,0.2,static,318,342,14.67058563,21730,48,,0.8479532164,2501.918129,237.5,7128,7
29,0.2,rolling,318,342,16.92171049,1000,9,,0.9093567251,3086.54386,655,7128,7
29,0.2,static,319,324,14.67058563,26604,49,,0.8611111111,2604.237654,387.5,7128,0
29,0.2,rolling,319,324,17.65471768,1000,3,,0.9166666667,3460.882716,1681.5,7128,0
29,0.2,static,319,324,14.67058563,26262,49,,0.8611111111,2604.237654,387.5,7128,1
29,0.2,rolling,319,324,18.46615028,1000,3,,0.9259259259,3670.70679,2466.5,7128,1
29,0.2,static,319,324,14.67058563,24874,49,,0.8611111111,2604.237654,387.5,7128,3
29,0.2,rolling,319,324,18.65730572,1000,5,,0.9259259259,3720.132716,3548.5,7128,3
29,0.2,static,319,324,14.67058563,22168,49,,0.8611111111,2604.237654,387.5,7128,7
29,0.2,rolling,319,324,16.31933355,1000,9,,0.8827160494,3047.42284,938.5,7128,7
29,0.2,static,320,736,14.67058563,26928,50,,0.8369565217,3127.127717,854,7128,0
29,0.2,rolling,320,736,17.57670259,1000,3,,0.8872282609,3910.32337,6064,7128,0
29,0.2,static,320,736,14.67058563,26604,50,,0.8369565217,3127.127717,854,7128,1
29,0.2,rolling,320,736,17.65471768,1000,4,,0.8885869565,3927.244565,6154,7128,1
29,0.2,static,320,736,14.67058563,25632,50,,0.8369565217,3127.127717,854,7128,3
29,0.2,rolling,320,736,17.03832483,1000,5,,0.879076087,3776.362772,5266.5,7128,3
29,0.2,static,320,736,14.67058563,22628,50,,0.8369565217,3127.127717,854,7128,7
29,0.2,rolling,320,736,17.85619545,1000,10,,0.8926630435,3968.902174,6367.5,7128,7
29,0.2,static,321,680,14.67058563,27664,51,,0.8544117647,2976.777941,761,7128,0
29,0.2,rolling,321,680,18.07698703,1000,2,,0.9176470588,4051.116176,6275,7128,0
29,0.2,static,321,680,14.67058563,26928,51,,0.8544117647,2976.777941,761,7128,1
29,0.2,rolling,321,680,17.57670259,1000,4,,0.9102941176,3911.913235,5720,7128,1
29,0.2,static,321,680,14.67058563,26262,51,,0.8544117647,2976.777941,761,7128,3
29,0.2,rolling,321,680,18.46615028,1000,5,,0.9205882353,4152.963235,6577,7128,3
29,0.2,static,321,680,14.67058563,23422,51,,0.8544117647,2976.777941,761,7128,7
29,0.2,rolling,321,680,18.11542511,1000,9,,0.9176470588,4063.483824,6305.5,7128,7
29,0.2,static,322,668,14.67058563,28344,52,,0.8637724551,3081.761976,992,7128,0
29,0.2,rolling,322,668,18.64223862,1000,2,,0.9236526946,4287.670659,6826,7128,0
29,0.2,static,322,668,14.67058563,27664,52,,0.8637724551,3081.761976,992,7128,1
29,0.2,rolling,322,668,18.07698703,1000,3,,0.9206586826,4156.372754,6520.5,7128,1
29,0.2,static,322,668,14.67058563,26604,52,,0.8637724551,3081.761976,992,7128,3
29,0.2,rolling,322,668,17.65471768,1000,6,,0.9146706587,4022.943114,6176,7128,3
29,0.2,static,322,668,14.67058563,24100,52,,0.8637724551,3081.761976,992,7128,7
29,0.2,rolling,322,668,17.91622543,1000,9,,0.9176646707,4103.197605,6393,7128,7
29,0.2,static,323,668,14.67058563,29012,53,,0.8488023952,2991.333832,940.5,7128,0
29,0.2,rolling,323,668,17.29123688,1000,2,,0.8937125749,3844.57485,5021.5,7128,0
29,0.2,static,323,668,14.67058563,28344,53,,0.8488023952,2991.333832,940.5,7128,1
29,0.2,rolling,323,668,18.64223862,1000,3,,0.9146706587,4208.550898,6567.5,7128,1
29,0.2,static,323,668,14.67058563,26928,53,,0.8488023952,2991.333832,940.5,7128,3
29,0.2,rolling,323,668,17.57670259,1000,6,,0.8982035928,3927.116766,5458,7128,3
29,0.2,static,323,668,14.67058563,24874,53,,0.8488023952,2991.333832,940.5,7128,7
29,0.2,rolling,323,668,18.65730572,1000,9,,0.9146706587,4212.968563,6577.5,7128,7
29,0.2,static,324,796,14.67058563,29680,54,,0.8216080402,2780.551508,415.5,7128,0
29,0.2,rolling,324,796,18.0072834,1000,2,,0.891959799,3658.005025,4772,7128,0
29,0.2,static,324,796,14.67058563,29012,54,,0.8216080402,2780.551508,415.5,7128,1
29,0.2,rolling,324,796,17.29123688,1000,3,,0.8768844221,3485.223618,2245.5,7128,1
29,0.2,static,324,796,14.67058563,27664,54,,0.8216080402,2780.551508,415.5,7128,3
29,0.2,rolling,324,796,18.07698703,1000,5,,0.8932160804,3671.05402,4852,7128,3
29,0.2,static,324,796,14.67058563,25632,54,,0.8216080402,2780.551508,415.5,7128,7
29,0.2,rolling,324,796,17.03832483,1000,9,,0.8768844221,3412.915829,1929.5,7128,7
29,0.2,static,325,398,14.67058563,30476,55,,0.7788944724,2759.71608,325.5,7128,0
29,0.2,rolling,325,398,18.27487707,1000,2,,0.8693467337,3596.505025,4477,7128,0
29,0.2,static,325,398,14.67058563,29680,55,,0.7788944724,2759.71608,325.5,7128,1
29,0.2,rolling,325,398,18.0072834,1000,3,,0.8492462312,3545.839196,4162.5,7128,1
29,0.2,static,325,398,14.67058563,28344,55,,0.7788944724,2759.71608,325.5,7128,3
29,0.2,rolling,325,398,18.64223862,1000,5,,0.8768844221,3650.846734,5098.5,7128,3
29,0.2,static,325,398,14.67058563,26262,55,,0.7788944724,2759.71608,325.5,7128,7
29,0.2,rolling,325,398,18.46615028,1000,9,,0.8743718593,3625.532663,4741.5,7128,7
29,0.2,static,326,422,14.67058563,30874,56,,0.7796208531,2021.464455,96.5,7128,0
29,0.2,rolling,326,422,18.45326066,1000,2,,0.8672985782,2921.514218,495.5,7128,0
29,0.2,static,326,422,14.67058563,30476,56,,0.7796208531,2021.464455,96.5,7128,1
29,0.2,rolling,326,422,18.27487707,1000,3,,0.855450237,2882.061611,430,7128,1
29,0.2,static,326,422,14.67058563,29012,56,,0.7796208531,2021.464455,96.5,7128,3
29,0.2,rolling,326,422,17.29123688,1000,5,,0.827014218,2647.957346,250.5,7128,3
29,0.2,static,326,422,14.67058563,26604,56,,0.7796208531,2021.464455,96.5,7128,7
29,0.2,rolling,326,422,17.65471768,1000,10,,0.8341232227,2743.841232,298,7128,7
29,0.2,static,327,738,14.67058563,31296,57,,0.8197831978,2705.424119,431,7128,0
29,0.2,rolling,327,738,20.25591755,1000,3,,0.9200542005,4184.607046,6682.5,7128,0
29,0.2,static,327,738,14.67058563,30874,57,,0.8197831978,2705.424119,431,7128,1
29,0.2,rolling,327,738,18.45326066,1000,3,,0.8943089431,3779.261518,4968,7128,1
29,0.2,static,327,738,14.67058563,29680,57,,0.8197831978,2705.424119,431,7128,3
29,0.2,rolling,327,738,18.0072834,1000,5,,0.8929539295,3643.189702,4140,7128,3
29,0.2,static,327,738,14.67058563,26928,57,,0.8197831978,2705.424119,431,7128,7
29,0.2,rolling,327,738,17.57670259,1000,10,,0.8821138211,3522.314363,2260.5,7128,7
29,0.2,static,328,600,14.67058563,32034,58,,0.8233333333,2761.628333,551,7128,0
29,0.2,rolling,328,600,18.97992516,1000,2,,0.9033333333,4091.586667,6292.5,7128,0
29,0.2,static,328,600,14.67058563,31296,58,,0.8233333333,2761.628333,551,7128,1
29,0.2,rolling,328,600,20.25591755,1000,4,,0.9216666667,4405.56,6979,7128,1
29,0.2,static,328,600,14.67058563,30476,58,,0.8233333333,2761.628333,551,7128,3
29,0.2,rolling,328,600,18.27487707,1000,5,,0.8916666667,3895.526667,5377,7128,3
29,0.2,static,328,600,14.67058563,27664,58,,0.8233333333,2761.628333,551,7128,7
29,0.2,rolling,328,600,18.07698703,1000,9,,0.8916666667,3828.346667,5040,7128,7
29,0.2,static,329,684,14.67058563,32634,59,,0.8157894737,2914.497076,533,7128,0
29,0.2,rolling,329,684,19.57675171,1000,2,,0.9312865497,4249.47807,6880,7128,0
29,0.2,static,329,684,14.67058563,32034,59,,0.8157894737,2914.497076,533,7128,1
29,0.2,rolling,329,684,18.97992516,1000,3,,0.9239766082,4110.951754,6503,7128,1
29,0.2,static,329,684,14.67058563,30874,59,,0.8157894737,2914.497076,533,7128,3
29,0.2,rolling,329,684,18.45326066,1000,5,,0.9122807018,3967.339181,5958,7128,3
29,0.2,static,329,684,14.67058563,28344,59,,0.8157894737,2914.497076,533,7128,7
29,0.2,rolling,329,684,18.64223862,1000,9,,0.9195906433,4021.796784,6225.5,7128,7
29,0.2,static,330,640,14.67058563,33318,60,,0.8140625,2706.678125,445,7128,0
29,0.2,rolling,330,640,18.23473978,1000,2,,0.9203125,3807.254687,4958,7128,0
29,0.2,static,330,640,14.67058563,32634,60,,0.8140625,2706.678125,445,7128,1
29,0.2,rolling,330,640,19.57675171,1000,3,,0.9359375,4268.746875,6556,7128,1
29,0.2,static,330,640,14.67058563,31296,60,,0.8140625,2706.678125,445,7128,3
29,0.2,rolling,330,640,20.25591755,1000,6,,0.940625,4465.846875,6896.5,7128,3
29,0.2,static,330,640,14.67058563,29012,60,,0.8140625,2706.678125,445,7128,7
29,0.2,rolling,330,640,17.29123688,1000,9,,0.9015625,3521.885938,2000,7128,7
29,0.2,static,331,506,14.67058563,33958,61,,0.8399209486,2853.472332,404.5,7128,0
29,0.2,rolling,331,506,17.89523888,1000,2,,0.9130434783,3741.411067,4623,7128,0
29,0.2,static,331,506,14.67058563,33318,61,,0.8399209486,2853.472332,404.5,7128,1
29,0.2,rolling,331,506,18.23473978,1000,3,,0.9169960474,3852.310277,5307.5,7128,1
29,0.2,static,331,506,14.67058563,32034,61,,0.8399209486,2853.472332,404.5,7128,3
29,0.2,rolling,331,506,18.97992516,1000,5,,0.9288537549,4089.37747,6318.5,7128,3
29,0.2,static,331,506,14.67058563,29680,61,,0.8399209486,2853.472332,404.5,7128,7
29,0.2,rolling,331,506,18.0072834,1000,9,,0.9150197628,3777.181818,4884,7128,7
29,0.2,static,332,318,14.67058563,34464,62,,0.8364779874,2642.358491,302,7128,0
29,0.2,rolling,332,318,17.06348455,1000,2,,0.893081761,3269.31761,986.5,7128,0
29,0.2,static,332,318,14.67058563,33958,62,,0.8364779874,2642.358491,302,7128,1
29,0.2,rolling,332,318,17.89523888,1000,3,,0.9025157233,3466.283019,1924,7128,1
29,0.2,static,332,318,14.67058563,32634,62,,0.8364779874,2642.358491,302,7128,3
29,0.2,rolling,332,318,19.57675171,1000,5,,0.9213836478,3912.823899,5816.5,7128,3
29,0.2,static,332,318,14.67058563,30476,62,,0.8364779874,2642.358491,302,7128,7
29,0.2,rolling,332,318,18.27487707,1000,9,,0.9119496855,3562.267296,2626.5,7128,7
29,0.2,static,333,342,14.67058563,34782,63,,0.8216374269,2639.388889,265.5,7128,0
29,0.2,rolling,333,342,17.33260441,1000,3,,0.8742690058,3362.172515,1591,7128,0
29,0.2,static,333,342,14.67058563,34464,63,,0.8216374269,2639.388889,265.5,7128,1
29,0.2,rolling,333,342,17.06348455,1000,3,,0.8742690058,3275.549708,1335.5,7128,1
29,0.2,static,333,342,14.67058563,33318,63,,0.8216374269,2639.388889,265.5,7128,3
29,0.2,rolling,333,342,18.23473978,1000,5,,0.8859649123,3614.48538,3311,7128,3
29,0.2,static,333,342,14.67058563,30874,63,,0.8216374269,2639.388889,265.5,7128,7
29,0.2,rolling,333,342,18.45326066,1000,9,,0.8888888889,3667.119883,4222,7128,7
29,0.2,static,334,700,14.67058563,35124,64,,0.8428571429,2731.18,464,7128,0
29,0.2,rolling,334,700,17.73474598,1000,3,,0.9,3615.668571,4447,7128,0
29,0.2,static,334,700,14.67058563,34782,64,,0.8428571429,2731.18,464,7128,1
29,0.2,rolling,334,700,17.33260441,1000,4,,0.8928571429,3495.694286,2522,7128,1
29,0.2,static,334,700,14.67058563,33958,64,,0.8428571429,2731.18,464,7128,3
29,0.2,rolling,334,700,17.89523888,1000,5,,0.9057142857,3665.441429,4764,7128,3
29,0.2,static,334,700,14.67058563,31296,64,,0.8428571429,2731.18,464,7128,7
29,0.2,rolling,334,700,20.25591755,1000,10,,0.9328571429,4251.074286,6890,7128,7
29,0.2,static,335,656,14.67058563,35824,65,,0.8292682927,2739.472561,522.5,7128,0
29,0.2,rolling,335,656,17.9736681,1000,2,,0.8917682927,3728.554878,4952.5,7128,0
29,0.2,static,335,656,14.67058563,35124,65,,0.8292682927,2739.472561,522.5,7128,1
29,0.2,rolling,335,656,17.73474598,1000,4,,0.887195122,3666.833841,4620.5,7128,1
29,0.2,static,335,656,14.67058563,34464,65,,0.8292682927,2739.472561,522.5,7128,3
29,0.2,rolling,335,656,17.06348455,1000,5,,0.8765243902,3466.63872,2288,7128,3
29,0.2,static,335,656,14.67058563,32034,65,,0.8292682927,2739.472561,522.5,7128,7
29,0.2,rolling,335,656,18.97992516,1000,9,,0.9115853659,3960.158537,6099,7128,7
29,0.2,static,336,632,14.67058563,36480,66,,0.7832278481,2765.938291,478.5,7128,0
29,0.2,rolling,336,632,18.87942886,1000,2,,0.8924050633,3878.515823,5623.5,7128,0
29,0.2,static,336,632,14.67058563,35824,66,,0.7832278481,2765.938291,478.5,7128,1
29,0.2,rolling,336,632,17.9736681,1000,3,,0.8702531646,3658.52057,4339,7128,1
29,0.2,static,336,632,14.67058563,34782,66,,0.7832278481,2765.938291,478.5,7128,3
29,0.2,rolling,336,632,17.33260441,1000,6,,0.8591772152,3493.098101,2128.5,7128,3
29,0.2,static,336,632,14.67058563,32634,66,,0.7832278481,2765.938291,478.5,7128,7
29,0.2,rolling,336,632,19.57675171,1000,9,,0.8987341772,4046.370253,6349,7128,7
29,0.2,static,337,552,14.67058563,37112,67,,0.8152173913,2671.271739,321.5,7128,0
29,0.2,rolling,337,552,19.57240951,1000,2,,0.9003623188,3881.748188,5339,7128,0
29,0.2,static,337,552,14.67058563,36480,67,,0.8152173913,2671.271739,321.5,7128,1
29,0.2,rolling,337,552,18.87942886,1000,3,,0.893115942,3699.442029,4428,7128,1
29,0.2,static,337,552,14.67058563,35124,67,,0.8152173913,2671.271739,321.5,7128,3
29,0.2,rolling,337,552,17.73474598,1000,6,,0.884057971,3420.369565,1699,7128,3
29,0.2,static,337,552,14.67058563,33318,67,,0.8152173913,2671.271739,321.5,7128,7
29,0.2,rolling,337,552,18.23473978,1000,9,,0.8894927536,3544.188406,2177,7128,7
29,0.2,static,338,496,14.67058563,37664,68,,0.8064516129,2732.709677,433,7128,0
29,0.2,rolling,338,496,19.9578619,1000,2,,0.9153225806,4178.254032,6519.5,7128,0
29,0.2,static,338,496,14.67058563,37112,68,,0.8064516129,2732.709677,433,7128,1
29,0.2,rolling,338,496,19.57240951,1000,3,,0.9092741935,4078.709677,6312.5,7128,1
29,0.2,static,338,496,14.67058563,35824,68,,0.8064516129,2732.709677,433,7128,3
29,0.2,rolling,338,496,17.9736681,1000,5,,0.8911290323,3640.356855,3704.5,7128,3
29,0.2,static,338,496,14.67058563,33958,68,,0.8064516129,2732.709677,433,7128,7
29,0.2,rolling,338,496,17.89523888,1000,9,,0.8891129032,3614.917339,2652,7128,7
29,0.2,static,339,328,14.67058563,38160,69,,0.8018292683,2293.121951,240.5,7128,0
29,0.2,rolling,339,328,19.04840446,1000,2,,0.8993902439,3645.978659,3310.5,7128,0
29,0.2,static,339,328,14.67058563,37664,69,,0.8018292683,2293.121951,240.5,7128,1
29,0.2,rolling,339,328,19.9578619,1000,3,,0.9268292683,3918.902439,5372.5,7128,1
29,0.2,static,339,328,14.67058563,36480,69,,0.8018292683,2293.121951,240.5,7128,3
29,0.2,rolling,339,328,18.87942886,1000,5,,0.8902439024,3600.902439,2556,7128,3
29,0.2,static,339,328,14.67058563,34464,69,,0.8018292683,2293.121951,240.5,7128,7
29,0.2,rolling,339,328,17.06348455,1000,9,,0.8353658537,3022.146341,981,7128,7
29,0.2,static,340,328,14.67058563,38488,70,,0.8292682927,2516.02439,250,7128,0
29,0.2,rolling,340,328,19.04840446,1000,3,,0.9054878049,3805.585366,5142,7128,0
29,0.2,static,340,328,14.67058563,38160,70,,0.8292682927,2516.02439,250,7128,1
29,0.2,rolling,340,328,19.04840446,1000,3,,0.9054878049,3805.585366,5142,7128,1
29,0.2,static,340,328,14.67058563,37112,70,,0.8292682927,2516.02439,250,7128,3
29,0.2,rolling,340,328,19.57240951,1000,5,,0.9176829268,3963.042683,5859.5,7128,3
29,0.2,static,340,328,14.67058563,34782,70,,0.8292682927,2516.02439,250,7128,7
29,0.2,rolling,340,328,17.33260441,1000,10,,0.8719512195,3243.131098,1342.5,7128,7
29,0.2,static,341,576,14.67058563,38816,71,,0.8315972222,2597.192708,469.5,7128,0
29,0.2,rolling,341,576,18.99173355,1000,3,,0.8836805556,3874.958333,6139.5,7128,0
29,0.2,static,341,576,14.67058563,38488,71,,0.8315972222,2597.192708,469.5,7128,1
29,0.2,rolling,341,576,19.04840446,1000,4,,0.8836805556,3884.883681,6198,7128,1
29,0.2,static,341,576,14.67058563,37664,71,,0.8315972222,2597.192708,469.5,7128,3
29,0.2,rolling,341,576,19.9578619,1000,5,,0.9027777778,4078.640625,6687,7128,3
29,0.2,static,341,576,14.67058563,35124,71,,0.8315972222,2597.192708,469.5,7128,7
29,0.2,rolling,341,576,17.73474598,1000,10,,0.8663194444,3598.282986,4133.5,7128,7
29,0.2,static,342,636,14.67058563,39392,72,,0.8144654088,2611.106918,325.5,7128,0
29,0.2,rolling,342,636,19.31341171,1000,3,,0.8883647799,3758.41195,4468.5,7128,0
29,0.2,static,342,636,14.67058563,38816,72,,0.8144654088,2611.106918,325.5,7128,1
29,0.2,rolling,342,636,18.99173355,1000,4,,0.8805031447,3688.685535,4042,7128,1
29,0.2,static,342,636,14.67058563,38160,72,,0.8144654088,2611.106918,325.5,7128,3
29,0.2,rolling,342,636,19.04840446,1000,5,,0.8820754717,3702.207547,4111,7128,3
29,0.2,static,342,636,14.67058563,35824,72,,0.8144654088,2611.106918,325.5,7128,7
29,0.2,rolling,342,636,17.9736681,1000,9,,0.8663522013,3424.042453,1680.5,7128,7
29,0.2,static,343,642,14.67058563,40028,73,,0.8068535826,3038.573209,835,7128,0
29,0.2,rolling,343,642,20.37864685,1000,2,,0.8909657321,4620.954829,7110.5,7128,0
29,0.2,static,343,642,14.67058563,39392,73,,0.8068535826,3038.573209,835,7128,1
29,0.2,rolling,343,642,19.31341171,1000,4,,0.8800623053,4399.728972,6981,7128,1
29,0.2,static,343,642,14.67058563,38488,73,,0.8068535826,3038.573209,835,7128,3
29,0.2,rolling,343,642,19.04840446,1000,6,,0.8738317757,4330.133956,6897,7128,3
29,0.2,static,343,642,14.67058563,36480,73,,0.8068535826,3038.573209,835,7128,7
29,0.2,rolling,343,642,18.87942886,1000,9,,0.8722741433,4282.420561,6827.5,7128,7
29,0.2,static,344,650,14.67058563,40670,74,,0.7876923077,2715.392308,242.5,7128,0
29,0.2,rolling,344,650,20.64124775,1000,2,,0.8861538462,4079.863077,6602.5,7128,0
29,0.2,static,344,650,14.67058563,40028,74,,0.7876923077,2715.392308,242.5,7128,1
29,0.2,rolling,344,650,20.37864685,1000,3,,0.8830769231,4022.523077,6489.5,7128,1
29,0.2,static,344,650,14.67058563,38816,74,,0.7876923077,2715.392308,242.5,7128,3
29,0.2,rolling,344,650,18.99173355,1000,6,,0.8692307692,3696.266154,4824.5,7128,3
29,0.2,static,344,650,14.67058563,37112,74,,0.7876923077,2715.392308,242.5,7128,7
29,0.2,rolling,344,650,19.57240951,1000,9,,0.8753846154,3814.067692,5729,7128,7
29,0.2,static,345,586,14.67058563,41320,75,,0.8395904437,3195.412969,965.5,7128,0
29,0.2,rolling,345,586,21.54627991,1000,2,,0.9351535836,4571.235495,7127,7128,0
29,0.2,static,345,586,14.67058563,40670,75,,0.8395904437,3195.412969,965.5,7128,1
29,0.2,rolling,345,586,20.64124775,1000,3,,0.9129692833,4427.1843,7119.5,7128,1
29,0.2,static,345,586,14.67058563,39392,75,,0.8395904437,3195.412969,965.5,7128,3
29,0.2,rolling,345,586,19.31341171,1000,6,,0.9010238908,4156.156997,7015.5,7128,3
29,0.2,static,345,586,14.67058563,37664,75,,0.8395904437,3195.412969,965.5,7128,7
29,0.2,rolling,345,586,19.9578619,1000,9,,0.9061433447,4288.795222,7091.5,7128,7
29,0.2,static,346,224,14.67058563,41906,76,,0.8125,1956.299107,95,7128,0
29,0.2,rolling,346,224,20.43744946,1000,2,,0.9151785714,3226.3125,1044.5,7128,0
29,0.2,static,346,224,14.67058563,41320,76,,0.8125,1956.299107,95,7128,1
29,0.2,rolling,346,224,21.54627991,1000,3,,0.9285714286,3467.852679,1742,7128,1
29,0.2,static,346,224,14.67058563,40028,76,,0.8125,1956.299107,95,7128,3
29,0.2,rolling,346,224,20.37864685,1000,5,,0.9151785714,3211.660714,1008,7128,3
29,0.2,static,346,224,14.67058563,38160,76,,0.8125,1956.299107,95,7128,7
29,0.2,rolling,346,224,19.04840446,1000,9,,0.9107142857,2865.116071,566.5,7128,7
29,0.2,static,347,306,14.67058563,42130,77,,0.839869281,2102.705882,92.5,7128,0
29,0.2,rolling,347,306,19.07560062,1000,3,,0.8954248366,2981.627451,436.5,7128,0
29,0.2,static,347,306,14.67058563,41906,77,,0.839869281,2102.705882,92.5,7128,1
29,0.2,rolling,347,306,20.43744946,1000,3,,0.9183006536,3218.101307,734,7128,1
29,0.2,static,347,306,14.67058563,40670,77,,0.839869281,2102.705882,92.5,7128,3
29,0.2,rolling,347,306,20.64124775,1000,5,,0.9215686275,3249.264706,786.5,7128,3
29,0.2,static,347,306,14.67058563,38488,77,,0.839869281,2102.705882,92.5,7128,7
29,0.2,rolling,347,306,19.04840446,1000,10,,0.8954248366,2976.875817,433,7128,7
29,0.2,static,348,714,14.67058563,42436,78,,0.81232493,2598.259104,249,7128,0
29,0.2,rolling,348,714,19.07560062,1000,3,,0.8823529412,3642.040616,4090,7128,0
29,0.2,static,348,714,14.67058563,42130,78,,0.81232493,2598.259104,249,7128,1
29,0.2,rolling,348,714,19.07560062,1000,4,,0.8823529412,3642.040616,4090,7128,1
29,0.2,static,348,714,14.67058563,41320,78,,0.81232493,2598.259104,249,7128,3
29,0.2,rolling,348,714,21.54627991,1000,5,,0.9117647059,4157.756303,6909,7128,3
29,0.2,static,348,714,14.67058563,38816,78,,0.81232493,2598.259104,249,7128,7
29,0.2,rolling,348,714,18.99173355,1000,10,,0.880952381,3622.487395,3905.5,7128,7
29,0.2,static,349,600,14.67058563,43150,79,,0.7866666667,2527.48,202,7128,0
29,0.2,rolling,349,600,19.91174555,1000,2,,0.8683333333,3661.296667,4769,7128,0
29,0.2,static,349,600,14.67058563,42436,79,,0.7866666667,2527.48,202,7128,1
29,0.2,rolling,349,600,19.07560062,1000,4,,0.8583333333,3483,2076.5,7128,1
29,0.2,static,349,600,14.67058563,41906,79,,0.7866666667,2527.48,202,7128,3
29,0.2,rolling,349,600,20.43744946,1000,5,,0.8716666667,3786.13,5494,7128,3
29,0.2,static,349,600,14.67058563,39392,79,,0.7866666667,2527.48,202,7128,7
29,0.2,rolling,349,600,19.31341171,1000,10,,0.8616666667,3535.526667,2272,7128,7
29,0.2,static,350,656,14.67058563,43750,80,,0.7728658537,2167.25,136.5,7128,0
29,0.2,rolling,350,656,22.14869833,1000,2,,0.9237804878,3811.120427,5197,7128,0
29,0.2,static,350,656,14.67058563,43150,80,,0.7728658537,2167.25,136.5,7128,1
29,0.2,rolling,350,656,19.91174555,1000,3,,0.8963414634,3320.027439,1595,7128,1
29,0.2,static,350,656,14.67058563,42130,80,,0.7728658537,2167.25,136.5,7128,3
29,0.2,rolling,350,656,19.07560062,1000,6,,0.8765243902,3131.318598,1141.5,7128,3
29,0.2,static,350,656,14.67058563,40028,80,,0.7728658537,2167.25,136.5,7128,7
29,0.2,rolling,350,656,20.37864685,1000,9,,0.9039634146,3430.852134,1925,7128,7
29,0.2,static,351,522,14.67058563,44406,81,,0.7662835249,2200.881226,113.5,7128,0
29,0.2,rolling,351,522,20.74869013,1000,2,,0.8735632184,3487.885057,2091.5,7128,0
29,0.2,static,351,522,14.67058563,43750,81,,0.7662835249,2200.881226,113.5,7128,1
29,0.2,rolling,351,522,22.14869833,1000,3,,0.8965517241,3770.544061,5165,7128,1
29,0.2,static,351,522,14.67058563,42436,81,,0.7662835249,2200.881226,113.5,7128,3
29,0.2,rolling,351,522,19.07560062,1000,6,,0.837164751,3087.377395,809,7128,3
29,0.2,static,351,522,14.67058563,40670,81,,0.7662835249,2200.881226,113.5,7128,7
29,0.2,rolling,351,522,20.64124775,1000,9,,0.8716475096,3465.022989,2005.5,7128,7
29,0.2,static,352,462,14.67058563,44928,82,,0.7532467532,2210.097403,137,7128,0
29,0.2,rolling,352,462,21.66875076,1000,2,,0.9004329004,3819.857143,5061.5,7128,0
29,0.2,static,352,462,14.67058563,44406,82,,0.7532467532,2210.097403,137,7128,1
29,0.2,rolling,352,462,20.74869013,1000,3,,0.8852813853,3593.528139,2583,7128,1
29,0.2,static,352,462,14.67058563,43150,82,,0.7532467532,2210.097403,137,7128,3
29,0.2,rolling,352,462,19.91174555,1000,5,,0.880952381,3413.683983,1631,7128,3
29,0.2,static,352,462,14.67058563,41320,82,,0.7532467532,2210.097403,137,7128,7
29,0.2,rolling,352,462,21.54627991,1000,9,,0.8982683983,3790.818182,4881.5,7128,7
29,0.2,static,353,242,14.67058563,45390,83,,0.7396694215,2116.619835,136,7128,0
29,0.2,rolling,353,242,22.48117256,1000,3,,0.8966942149,3924.545455,6152,7128,0
29,0.2,static,353,242,14.67058563,44928,83,,0.7396694215,2116.619835,136,7128,1
29,0.2,rolling,353,242,21.66875076,1000,3,,0.8925619835,3782.061983,5521,7128,1
29,0.2,static,353,242,14.67058563,43750,83,,0.7396694215,2116.619835,136,7128,3
29,0.2,rolling,353,242,22.14869833,1000,5,,0.8966942149,3866.35124,5935,7128,3
29,0.2,static,353,242,14.67058563,41906,83,,0.7396694215,2116.619835,136,7128,7
29,0.2,rolling,353,242,20.43744946,1000,9,,0.8636363636,3529.863636,2467,7128,7
29,0.2,static,354,238,14.67058563,45632,84,,0.7731092437,2393.735294,284,7128,0
29,0.2,rolling,354,238,22.30427265,1000,3,,0.9285714286,4290.222689,6655.5,7128,0
29,0.2,static,354,238,14.67058563,45390,84,,0.7731092437,2393.735294,284,7128,1
29,0.2,rolling,354,238,22.48117256,1000,4,,0.9327731092,4322.764706,6738,7128,1
29,0.2,static,354,238,14.67058563,44406,84,,0.7731092437,2393.735294,284,7128,3
29,0.2,rolling,354,238,20.74869013,1000,5,,0.8949579832,3964.558824,5564,7128,3
29,0.2,static,354,238,14.67058563,42130,84,,0.7731092437,2393.735294,284,7128,7
29,0.2,rolling,354,238,19.07560062,1000,10,,0.8529411765,3553.121849,2135,7128,7
29,0.2,static,355,578,14.67058563,45870,85,,0.7110726644,2582.6609,253,7128,0
29,0.2,rolling,355,578,22.39728889,1000,4,,0.8719723183,4255.195502,7037.5,7128,0
29,0.2,static,355,578,14.67058563,45632,85,,0.7110726644,2582.6609,253,7128,1
29,0.2,rolling,355,578,22.30427265,1000,4,,0.8719723183,4238.726644,7015,7128,1
29,0.2,static,355,578,14.67058563,44928,85,,0.7110726644,2582.6609,253,7128,3
29,0.2,rolling,355,578,21.66875076,1000,5,,0.8667820069,4115.532872,6874.5,7128,3
29,0.2,static,355,578,14.67058563,42436,85,,0.7110726644,2582.6609,253,7128,7
29,0.2,rolling,355,578,19.07560062,1000,10,,0.8356401384,3593.66609,3582,7128,7
29,0.2,static,356,548,14.67058563,46448,86,,0.7554744526,2525.156934,207,7128,0
29,0.2,rolling,356,548,23.32108378,1000,3,,0.901459854,4299.543796,6991.5,7128,0
29,0.2,static,356,548,14.67058563,45870,86,,0.7554744526,2525.156934,207,7128,1
29,0.2,rolling,356,548,22.39728889,1000,5,,0.8886861314,4088.383212,6656,7128,1
29,0.2,static,356,548,14.67058563,45390,86,,0.7554744526,2525.156934,207,7128,3
29,0.2,rolling,356,548,22.48117256,1000,6,,0.8886861314,4107.55292,6691.5,7128,3
29,0.2,static,356,548,14.67058563,43150,86,,0.7554744526,2525.156934,207,7128,7
29,0.2,rolling,356,548,19.91174555,1000,9,,0.8594890511,3604.186131,3935,7128,7
29,0.2,static,357,406,14.67058563,46996,87,,0.7955665025,1695.039409,126,7128,0
29,0.2,rolling,357,406,23.75983858,1000,2,,0.9285714286,4099.522167,6871,7128,0
29,0.2,static,357,406,14.67058563,46448,87,,0.7955665025,1695.039409,126,7128,1
29,0.2,rolling,357,406,23.32108378,1000,4,,0.9236453202,4030.736453,6656,7128,1
29,0.2,static,357,406,14.67058563,45632,87,,0.7955665025,1695.039409,126,7128,3
29,0.2,rolling,357,406,22.30427265,1000,6,,0.921182266,3853.519704,5784,7128,3
29,0.2,static,357,406,14.67058563,43750,87,,0.7955665025,1695.039409,126,7128,7
29,0.2,rolling,357,406,22.14869833,1000,9,,0.921182266,3829.187192,5610,7128,7
29,0.2,static,358,300,14.67058563,47402,88,,0.76,1774.5,72,7128,0
29,0.2,rolling,358,300,22.51110637,1000,3,,0.8866666667,3417.973333,1542.5,7128,0
29,0.2,static,358,300,14.67058563,46996,88,,0.76,1774.5,72,7128,1
29,0.2,rolling,358,300,23.75983858,1000,3,,0.8966666667,3705.35,2873.5,7128,1
29,0.2,static,358,300,14.67058563,45870,88,,0.76,1774.5,72,7128,3
29,0.2,rolling,358,300,22.39728889,1000,7,,0.8866666667,3395.64,1472.5,7128,3
29,0.2,static,358,300,14.67058563,44406,88,,0.76,1774.5,72,7128,7
29,0.2,rolling,358,300,20.74869013,1000,9,,0.8633333333,3027.93,799,7128,7
29,0.2,static,359,330,14.67058563,47702,89,,0.8515151515,3004.845455,837,7128,0
29,0.2,rolling,359,330,22.79466712,1000,3,,0.9484848485,4789.327273,7128,7128,0
29,0.2,static,359,330,14.67058563,47402,89,,0.8515151515,3004.845455,837,7128,1
29,0.2,rolling,359,330,22.51110637,1000,4,,0.9484848485,4744.851515,7127.5,7128,1
29,0.2,static,359,330,14.67058563,46448,89,,0.8515151515,3004.845455,837,7128,3
29,0.2,rolling,359,330,23.32108378,1000,6,,0.9484848485,4872.663636,7128,7128,3
29,0.2,static,359,330,14.67058563,44928,89,,0.8515151515,3004.845455,837,7128,7
29,0.2,rolling,359,330,21.66875076,1000,9,,0.9454545455,4599.281818,7125,7128,7
29,0.2,static,360,228,14.67058563,48032,90,,0.75,2138.785088,145.5,7128,0
29,0.2,rolling,360,228,19.63973677,1000,3,,0.8771929825,3365.596491,1601.5,7128,0
29,0.2,static,360,228,14.67058563,47702,90,,0.75,2138.785088,145.5,7128,1
29,0.2,rolling,360,228,22.79466712,1000,4,,0.9166666667,4097.315789,5988.5,7128,1
29,0.2,static,360,228,14.67058563,46996,90,,0.75,2138.785088,145.5,7128,3
29,0.2,rolling,360,228,23.75983858,1000,5,,0.9210526316,4298.644737,6751,7128,3
29,0.2,static,360,228,14.67058563,45390,90,,0.75,2138.785088,145.5,7128,7
29,0.2,rolling,360,228,22.48117256,1000,10,,0.9122807018,4011.614035,5752,7128,7
29,0.2,static,361,246,14.67058563,48260,91,,0.7642276423,1953.804878,74,7128,0
29,0.2,rolling,361,246,21.3773303,1000,4,,0.8780487805,3295.134146,1316.5,7128,0
29,0.2,static,361,246,14.67058563,48032,91,,0.7642276423,1953.804878,74,7128,1
29,0.2,rolling,361,246,19.63973677,1000,4,,0.8577235772,2976.756098,654,7128,1
29,0.2,static,361,246,14.67058563,47402,91,,0.7642276423,1953.804878,74,7128,3
29,0.2,rolling,361,246,22.51110637,1000,6,,0.8983739837,3495.764228,2196,7128,3
29,0.2,static,361,246,14.67058563,45632,91,,0.7642276423,1953.804878,74,7128,7
29,0.2,rolling,361,246,22.30427265,1000,10,,0.8983739837,3463.081301,2013.5,7128,7
29,0.2,static,362,620,14.67058563,48506,92,,0.7403225806,1751.366129,73.5,7128,0
29,0.2,rolling,362,620,21.12963295,1000,4,,0.8548387097,3245.258065,1223.5,7128,0
29,0.2,static,362,620,14.67058563,48260,92,,0.7403225806,1751.366129,73.5,7128,1
29,0.2,rolling,362,620,21.3773303,1000,5,,0.8612903226,3297.196774,1461.5,7128,1
29,0.2,static,362,620,14.67058563,47702,92,,0.7403225806,1751.366129,73.5,7128,3
29,0.2,rolling,362,620,22.79466712,1000,6,,0.8758064516,3599.672581,4114.5,7128,3
29,0.2,static,362,620,14.67058563,45870,92,,0.7403225806,1751.366129,73.5,7128,7
29,0.2,rolling,362,620,22.39728889,1000,11,,0.8709677419,3516.274194,2421,7128,7
29,0.2,static,363,386,14.67058563,49126,93,,0.8186528497,1917.365285,80,7128,0
29,0.2,rolling,363,386,24.25655413,1000,3,,0.9196891192,3915.341969,6394.5,7128,0
29,0.2,static,363,386,14.67058563,48506,93,,0.8186528497,1917.365285,80,7128,1
29,0.2,rolling,363,386,21.12963295,1000,5,,0.8989637306,3324.797927,1350.5,7128,1
29,0.2,static,363,386,14.67058563,48032,93,,0.8186528497,1917.365285,80,7128,3
29,0.2,rolling,363,386,19.63973677,1000,6,,0.8730569948,3006.564767,602,7128,3
29,0.2,static,363,386,14.67058563,46448,93,,0.8186528497,1917.365285,80,7128,7
29,0.2,rolling,363,386,23.32108378,1000,10,,0.9170984456,3778.062176,5461,7128,7
29,0.2,static,364,354,14.67058563,49512,94,,0.7881355932,1780.49435,97.5,7128,0
29,0.2,rolling,364,354,24.249156,1000,2,,0.9209039548,4179.008475,6630.5,7128,0
29,0.2,static,364,354,14.67058563,49126,94,,0.7881355932,1780.49435,97.5,7128,1
29,0.2,rolling,364,354,24.25655413,1000,4,,0.9209039548,4180.285311,6633.5,7128,1
29,0.2,static,364,354,14.67058563,48260,94,,0.7881355932,1780.49435,97.5,7128,3
29,0.2,rolling,364,354,21.3773303,1000,7,,0.9039548023,3533.70904,2312.5,7128,3
29,0.2,static,364,354,14.67058563,46996,94,,0.7881355932,1780.49435,97.5,7128,7
29,0.2,rolling,364,354,23.75983858,1000,9,,0.9209039548,4093.915254,6284,7128,7
29,0.3,static,292,730,12.62260509,11270,22,,0.8849315068,3623.983562,3314.5,7128,0
29,0.3,rolling,292,730,12.39958906,1000,3,,0.8794520548,3554.127397,2961.5,7128,0
29,0.3,static,292,730,12.62260509,11270,22,,0.8849315068,3623.983562,3314.5,7128,1
29,0.3,rolling,292,730,12.39958906,1000,3,,0.8794520548,3554.127397,2961.5,7128,1
29,0.3,static,292,730,12.62260509,11270,22,,0.8849315068,3623.983562,3314.5,7128,3
29,0.3,rolling,292,730,12.39958906,1000,3,,0.8794520548,3554.127397,2961.5,7128,3
29,0.3,static,292,730,12.62260509,11270,22,,0.8849315068,3623.983562,3314.5,7128,7
29,0.3,rolling,292,730,12.39958906,1000,3,,0.8794520548,3554.127397,2961.5,7128,7
29,0.3,static,293,658,12.62260509,12000,23,,0.9103343465,3862.670213,6053.5,7128,0
29,0.3,rolling,293,658,12.68957758,1000,2,,0.9133738602,3883.180851,6143.5,7128,0
29,0.3,static,293,658,12.62260509,11270,23,,0.9103343465,3862.670213,6053.5,7128,1
29,0.3,rolling,293,658,12.39958906,1000,4,,0.9072948328,3796.823708,5678.5,7128,1
29,0.3,static,293,658,12.62260509,11270,23,,0.9103343465,3862.670213,6053.5,7128,3
29,0.3,rolling,293,658,12.39958906,1000,4,,0.9072948328,3796.823708,5678.5,7128,3
29,0.3,static,293,658,12.62260509,11270,23,,0.9103343465,3862.670213,6053.5,7128,7
29,0.3,rolling,293,658,12.39958906,1000,4,,0.9072948328,3796.823708,5678.5,7128,7
29,0.3,static,294,618,12.62260509,12658,24,,0.8462783172,3576.944984,2244.5,7128,0
29,0.3,rolling,294,618,13.11388397,1000,2,,0.8624595469,3698.705502,3262.5,7128,0
29,0.3,static,294,618,12.62260509,12000,24,,0.8462783172,3576.944984,2244.5,7128,1
29,0.3,rolling,294,618,12.68957758,1000,3,,0.8495145631,3592.799353,2383,7128,1
29,0.3,static,294,618,12.62260509,11270,24,,0.8462783172,3576.944984,2244.5,7128,3
29,0.3,rolling,294,618,12.39958906,1000,5,,0.8446601942,3521.690939,1943.5,7128,3
29,0.3,static,294,618,12.62260509,11270,24,,0.8462783172,3576.944984,2244.5,7128,7
29,0.3,rolling,294,618,12.39958906,1000,5,,0.8446601942,3521.690939,1943.5,7128,7
29,0.3,static,295,666,12.62260509,13276,25,,0.8723723724,3562.825826,2323,7128,0
29,0.3,rolling,295,666,14.15599537,1000,2,,0.9009009009,4145.477477,6238.5,7128,0
29,0.3,static,295,666,12.62260509,12658,25,,0.8723723724,3562.825826,2323,7128,1
29,0.3,rolling,295,666,13.11388397,1000,3,,0.8828828829,3736.548048,3136.5,7128,1
29,0.3,static,295,666,12.62260509,11270,25,,0.8723723724,3562.825826,2323,7128,3
29,0.3,rolling,295,666,12.39958906,1000,6,,0.8723723724,3482.971471,2043.5,7128,3
29,0.3,static,295,666,12.62260509,11270,25,,0.8723723724,3562.825826,2323,7128,7
29,0.3,rolling,295,666,12.39958906,1000,6,,0.8723723724,3482.971471,2043.5,7128,7
29,0.3,static,296,516,12.62260509,13942,26,,0.8410852713,3656.643411,3384,7128,0
29,0.3,rolling,296,516,14.69972169,1000,2,,0.8992248062,4237.131783,6959,7128,0
29,0.3,static,296,516,12.62260509,13276,26,,0.8410852713,3656.643411,3384,7128,1
29,0.3,rolling,296,516,14.15599537,1000,3,,0.8875968992,4067.79845,6672,7128,1
29,0.3,static,296,516,12.62260509,12000,26,,0.8410852713,3656.643411,3384,7128,3
29,0.3,rolling,296,516,12.68957758,1000,5,,0.8430232558,3675.901163,3493,7128,3
29,0.3,static,296,516,12.62260509,11270,26,,0.8410852713,3656.643411,3384,7128,7
29,0.3,rolling,296,516,12.39958906,1000,7,,0.8391472868,3584.598837,2988,7128,7
29,0.3,static,297,292,12.62260509,14458,27,,0.8253424658,3023.880137,804.5,7128,0
29,0.3,rolling,297,292,14.79753214,1000,2,,0.8664383562,3680.109589,3109.5,7128,0
29,0.3,static,297,292,12.62260509,13942,27,,0.8253424658,3023.880137,804.5,7128,1
29,0.3,rolling,297,292,14.69972169,1000,3,,0.8664383562,3650.678082,2882.5,7128,1
29,0.3,static,297,292,12.62260509,12658,27,,0.8253424658,3023.880137,804.5,7128,3
29,0.3,rolling,297,292,13.11388397,1000,5,,0.8424657534,3157.592466,1072,7128,3
29,0.3,static,297,292,12.62260509,11270,27,,0.8253424658,3023.880137,804.5,7128,7
29,0.3,rolling,297,292,12.39958906,1000,8,,0.8184931507,2945.349315,689,7128,7
29,0.3,static,298,252,12.62260509,14750,28,,0.873015873,3168.238095,915.5,7128,0
29,0.3,rolling,298,252,15.25138661,1000,3,,0.9285714286,4020.170635,6580.5,7128,0
29,0.3,static,298,252,12.62260509,14458,28,,0.873015873,3168.238095,915.5,7128,1
29,0.3,rolling,298,252,14.79753214,1000,3,,0.9166666667,3892.793651,5886,7128,1
29,0.3,static,298,252,12.62260509,13276,28,,0.873015873,3168.238095,915.5,7128,3
29,0.3,rolling,298,252,14.15599537,1000,5,,0.9126984127,3717.281746,3603.5,7128,3
29,0.3,static,298,252,12.62260509,11270,28,,0.873015873,3168.238095,915.5,7128,7
29,0.3,rolling,298,252,12.39958906,1000,9,,0.8650793651,3075.785714,760.5,7128,7
29,0.3,static,299,702,12.62260509,15002,29,,0.8675213675,3332.059829,1609,7128,0
29,0.3,rolling,299,702,14.86123085,1000,3,,0.9088319088,4022.690883,6514,7128,0
29,0.3,static,299,702,12.62260509,14750,29,,0.8675213675,3332.059829,1609,7128,1
29,0.3,rolling,299,702,15.25138661,1000,4,,0.9145299145,4129.098291,6822,7128,1
29,0.3,static,299,702,12.62260509,13942,29,,0.8675213675,3332.059829,1609,7128,3
29,0.3,rolling,299,702,14.69972169,1000,5,,0.905982906,3977.102564,6365,7128,3
29,0.3,static,299,702,12.62260509,11270,29,,0.8675213675,3332.059829,1609,7128,7
29,0.3,rolling,299,702,12.39958906,1000,10,,0.8618233618,3250.907407,1221,7128,7
29,0.3,static,300,664,12.62260509,15704,30,,0.859939759,3527.396084,2443.5,7128,0
29,0.3,rolling,300,664,14.36136818,1000,3,,0.8975903614,3999.179217,6496,7128,0
29,0.3,static,300,664,12.62260509,15002,30,,0.859939759,3527.396084,2443.5,7128,1
29,0.3,rolling,300,664,14.86123085,1000,4,,0.906626506,4131.248494,6865.5,7128,1
29,0.3,static,300,664,12.62260509,14458,30,,0.859939759,3527.396084,2443.5,7128,3
29,0.3,rolling,300,664,14.79753214,1000,5,,0.906626506,4113.430723,6828.5,7128,3
29,0.3,static,300,664,12.62260509,12000,30,,0.859939759,3527.396084,2443.5,7128,7
29,0.3,rolling,300,664,12.68957758,1000,9,,0.8614457831,3550.206325,2517.5,7128,7
29,0.3,static,301,616,12.62260509,16368,31,,0.8798701299,3774.647727,4336.5,7128,0
29,0.3,rolling,301,616,15.09849739,1000,2,,0.9237012987,4513.123377,7124,7128,0
29,0.3,static,301,616,12.62260509,15704,31,,0.8798701299,3774.647727,4336.5,7128,1
29,0.3,rolling,301,616,14.36136818,1000,4,,0.913961039,4310.568182,7083,7128,1
29,0.3,static,301,616,12.62260509,14750,31,,0.8798701299,3774.647727,4336.5,7128,3
29,0.3,rolling,301,616,15.25138661,1000,6,,0.9269480519,4555.355519,7126,7128,3
29,0.3,static,301,616,12.62260509,12658,31,,0.8798701299,3774.647727,4336.5,7128,7
29,0.3,rolling,301,616,13.11388397,1000,9,,0.8944805195,3942.37987,6081,7128,7
29,0.3,static,302,570,12.62260509,16984,32,,0.8596491228,3362.940351,1592.5,7128,0
29,0.3,rolling,302,570,13.98894691,1000,2,,0.8789473684,3747.803509,5119,7128,0
29,0.3,static,302,570,12.62260509,16368,32,,0.8596491228,3362.940351,1592.5,7128,1
29,0.3,rolling,302,570,15.09849739,1000,3,,0.9,4025.914035,6520.5,7128,1
29,0.3,static,302,570,12.62260509,15002,32,,0.8596491228,3362.940351,1592.5,7128,3
29,0.3,rolling,302,570,14.86123085,1000,6,,0.8964912281,3971.561404,6268.5,7128,3
29,0.3,static,302,570,12.62260509,13276,32,,0.8596491228,3362.940351,1592.5,7128,7
29,0.3,rolling,302,570,14.15599537,1000,9,,0.8807017544,3789.950877,5568.5,7128,7
29,0.3,static,303,542,12.62260509,17554,33,,0.8708487085,3457.590406,2202.5,7128,0
29,0.3,rolling,303,542,14.82483768,1000,2,,0.9040590406,4058.97786,6723,7128,0
29,0.3,static,303,542,12.62260509,16984,33,,0.8708487085,3457.590406,2202.5,7128,1
29,0.3,rolling,303,542,13.98894691,1000,3,,0.889298893,3844.278598,6049.5,7128,1
29,0.3,static,303,542,12.62260509,15704,33,,0.8708487085,3457.590406,2202.5,7128,3
29,0.3,rolling,303,542,14.36136818,1000,6,,0.9003690037,3945.164207,6414.5,7128,3
29,0.3,static,303,542,12.62260509,13942,33,,0.8708487085,3457.590406,2202.5,7128,7
29,0.3,rolling,303,542,14.69972169,1000,9,,0.9022140221,4030.435424,6635.5,7128,7
29,0.3,static,304,328,12.62260509,18096,34,,0.8292682927,2940,643,7128,0
29,0.3,rolling,304,328,14.26792049,1000,2,,0.8780487805,3428.567073,1843.5,7128,0
29,0.3,static,304,328,12.62260509,17554,34,,0.8292682927,2940,643,7128,1
29,0.3,rolling,304,328,14.82483768,1000,3,,0.887195122,3584.036585,2494.5,7128,1
29,0.3,static,304,328,12.62260509,16368,34,,0.8292682927,2940,643,7128,3
29,0.3,rolling,304,328,15.09849739,1000,5,,0.8963414634,3659,2843,7128,3
29,0.3,static,304,328,12.62260509,14458,34,,0.8292682927,2940,643,7128,7
29,0.3,rolling,304,328,14.79753214,1000,9,,0.887195122,3576.408537,2461,7128,7
29,0.3,static,305,328,12.62260509,18424,35,,0.8536585366,2994.432927,868,7128,0
29,0.3,rolling,305,328,15.43101048,1000,3,,0.9268292683,3801.521341,5122,7128,0
29,0.3,static,305,328,12.62260509,18096,35,,0.8536585366,2994.432927,868,7128,1
29,0.3,rolling,305,328,14.26792049,1000,3,,0.8963414634,3501.594512,1843,7128,1
29,0.3,static,305,328,12.62260509,16984,35,,0.8536585366,2994.432927,868,7128,3
29,0.3,rolling,305,328,13.98894691,1000,5,,0.8932926829,3438.926829,1633,7128,3
29,0.3,static,305,328,12.62260509,14750,35,,0.8536585366,2994.432927,868,7128,7
29,0.3,rolling,305,328,15.25138661,1000,10,,0.9207317073,3759.085366,4283,7128,7
29,0.3,static,306,582,12.62260509,18752,36,,0.85395189,3190.972509,817,7128,0
29,0.3,rolling,306,582,14.97026157,1000,3,,0.8934707904,3804.041237,5337,7128,0
29,0.3,static,306,582,12.62260509,18424,36,,0.85395189,3190.972509,817,7128,1
29,0.3,rolling,306,582,15.43101048,1000,4,,0.9037800687,3924.410653,6176.5,7128,1
29,0.3,static,306,582,12.62260509,17554,36,,0.85395189,3190.972509,817,7128,3
29,0.3,rolling,306,582,14.82483768,1000,5,,0.8934707904,3765.554983,4760.5,7128,3
29,0.3,static,306,582,12.62260509,15002,36,,0.85395189,3190.972509,817,7128,7
29,0.3,rolling,306,582,14.86123085,1000,10,,0.8934707904,3775.912371,4967.5,7128,7
29,0.3,static,307,588,12.62260509,19334,37,,0.8469387755,3415.248299,1879.5,7128,0
29,0.3,rolling,307,588,15.05560112,1000,3,,0.9047619048,4177.680272,6904.5,7128,0
29,0.3,static,307,588,12.62260509,18752,37,,0.8469387755,3415.248299,1879.5,7128,1
29,0.3,rolling,307,588,14.97026157,1000,4,,0.9047619048,4156.494898,6828,7128,1
29,0.3,static,307,588,12.62260509,18096,37,,0.8469387755,3415.248299,1879.5,7128,3
29,0.3,rolling,307,588,14.26792049,1000,5,,0.8945578231,3960.608844,6021.5,7128,3
29,0.3,static,307,588,12.62260509,15704,37,,0.8469387755,3415.248299,1879.5,7128,7
29,0.3,rolling,307,588,14.36136818,1000,10,,0.8979591837,3992.355442,6128.5,7128,7
29,0.3,static,308,562,12.62260509,19922,38,,0.8434163701,3437.588968,1940,7128,0
29,0.3,rolling,308,562,14.80263519,1000,2,,0.8932384342,4011.711744,6937.5,7128,0
29,0.3,static,308,562,12.62260509,19334,38,,0.8434163701,3437.588968,1940,7128,1
29,0.3,rolling,308,562,15.05560112,1000,4,,0.8950177936,4074.992883,7023,7128,1
29,0.3,static,308,562,12.62260509,18424,38,,0.8434163701,3437.588968,1940,7128,3
29,0.3,rolling,308,562,15.43101048,1000,6,,0.8985765125,4159.905694,7085,7128,3
29,0.3,static,308,562,12.62260509,16368,38,,0.8434163701,3437.588968,1940,7128,7
29,0.3,rolling,308,562,15.09849739,1000,9,,0.8950177936,4084.33274,7038,7128,7
29,0.3,static,309,626,12.62260509,20484,39,,0.8482428115,3433.054313,2213,7128,0
29,0.3,rolling,309,626,15.21896076,1000,2,,0.8993610224,4168.456869,6884,7128,0
29,0.3,static,309,626,12.62260509,19922,39,,0.8482428115,3433.054313,2213,7128,1
29,0.3,rolling,309,626,14.80263519,1000,3,,0.8961661342,4061.239617,6630,7128,1
29,0.3,static,309,626,12.62260509,18752,39,,0.8482428115,3433.054313,2213,7128,3
29,0.3,rolling,309,626,14.97026157,1000,6,,0.8977635783,4102.605431,6724.5,7128,3
29,0.3,static,309,626,12.62260509,16984,39,,0.8482428115,3433.054313,2213,7128,7
29,0.3,rolling,309,626,13.98894691,1000,9,,0.8849840256,3846.549521,5998.5,7128,7
29,0.3,static,310,620,12.62260509,21110,40,,0.8822580645,2841.053226,561,7128,0
29,0.3,rolling,310,620,15.47052431,1000,2,,0.9258064516,3692.719355,3453.5,7128,0
29,0.3,static,310,620,12.62260509,20484,40,,0.8822580645,2841.053226,561,7128,1
29,0.3,rolling,310,620,15.21896076,1000,3,,0.9241935484,3625.535484,3110,7128,1
29,0.3,static,310,620,12.62260509,19334,40,,0.8822580645,2841.053226,561,7128,3
29,0.3,rolling,310,620,15.05560112,1000,6,,0.9241935484,3574.785484,2839.5,7128,3
29,0.3,static,310,620,12.62260509,17554,40,,0.8822580645,2841.053226,561,7128,7
29,0.3,rolling,310,620,14.82483768,1000,9,,0.9209677419,3508.056452,2450,7128,7
29,0.3,static,311,438,12.62260509,21730,41,,0.8607305936,2534.47032,338,7128,0
29,0.3,rolling,311,438,14.6106348,1000,2,,0.904109589,3110.924658,1002.5,7128,0
29,0.3,static,311,438,12.62260509,21110,41,,0.8607305936,2534.47032,338,7128,1
29,0.3,rolling,311,438,15.47052431,1000,3,,0.9223744292,3316.623288,1487,7128,1
29,0.3,static,311,438,12.62260509,19922,41,,0.8607305936,2534.47032,338,7128,3
29,0.3,rolling,311,438,14.80263519,1000,5,,0.9086757991,3158.568493,1105,7128,3
29,0.3,static,311,438,12.62260509,18096,41,,0.8607305936,2534.47032,338,7128,7
29,0.3,rolling,311,438,14.26792049,1000,9,,0.899543379,3030.860731,837,7128,7
29,0.3,static,312,460,12.62260509,22168,42,,0.8434782609,2468.358696,264.5,7128,0
29,0.3,rolling,312,460,13.86386919,1000,2,,0.8608695652,2862.056522,515.5,7128,0
29,0.3,static,312,460,12.62260509,21730,42,,0.8434782609,2468.358696,264.5,7128,1
29,0.3,rolling,312,460,14.6106348,1000,3,,0.8695652174,3070.83913,737,7128,1
29,0.3,static,312,460,12.62260509,20484,42,,0.8434782609,2468.358696,264.5,7128,3
29,0.3,rolling,312,460,15.21896076,1000,5,,0.8826086957,3243.558696,1068.5,7128,3
29,0.3,static,312,460,12.62260509,18424,42,,0.8434782609,2468.358696,264.5,7128,7
29,0.3,rolling,312,460,15.43101048,1000,10,,0.8891304348,3288.091304,1247.5,7128,7
29,0.3,static,313,794,12.62260509,22628,43,,0.8312342569,2576.535264,264,7128,0
29,0.3,rolling,313,794,15.24604225,1000,3,,0.8942065491,3315.735516,1449,7128,0
29,0.3,static,313,794,12.62260509,22168,43,,0.8312342569,2576.535264,264,7128,1
29,0.3,rolling,313,794,13.86386919,1000,3,,0.8652392947,2921.778338,555.5,7128,1
29,0.3,static,313,794,12.62260509,21110,43,,0.8312342569,2576.535264,264,7128,3
29,0.3,rolling,313,794,15.47052431,1000,5,,0.9005037783,3382.06927,1610,7128,3
29,0.3,static,313,794,12.62260509,18752,43,,0.8312342569,2576.535264,264,7128,7
29,0.3,rolling,313,794,14.97026157,1000,10,,0.8866498741,3237.806045,1234.5,7128,7
29,0.3,static,314,678,12.62260509,23422,44,,0.8569321534,2937.712389,477,7128,0
29,0.3,rolling,314,678,15.89002466,1000,2,,0.9277286136,3796.218289,5080.5,7128,0
29,0.3,static,314,678,12.62260509,22628,44,,0.8569321534,2937.712389,477,7128,1
29,0.3,rolling,314,678,15.24604225,1000,4,,0.9085545723,3610.056047,2867.5,7128,1
29,0.3,static,314,678,12.62260509,21730,44,,0.8569321534,2937.712389,477,7128,3
29,0.3,rolling,314,678,14.6106348,1000,5,,0.8923303835,3445.786136,2007,7128,3
29,0.3,static,314,678,12.62260509,19334,44,,0.8569321534,2937.712389,477,7128,7
29,0.3,rolling,314,678,15.05560112,1000,10,,0.9056047198,3559.0059,2565,7128,7
29,0.3,static,315,774,12.62260509,24100,45,,0.8514211886,2917.614987,493.5,7128,0
29,0.3,rolling,315,774,15.60042822,1000,2,,0.9082687339,3692.027132,3610.5,7128,0
29,0.3,static,315,774,12.62260509,23422,45,,0.8514211886,2917.614987,493.5,7128,1
29,0.3,rolling,315,774,15.89002466,1000,3,,0.9121447028,3760.741602,4662,7128,1
29,0.3,static,315,774,12.62260509,22168,45,,0.8514211886,2917.614987,493.5,7128,3
29,0.3,rolling,315,774,13.86386919,1000,5,,0.8811369509,3246.001292,1061,7128,3
29,0.3,static,315,774,12.62260509,19922,45,,0.8514211886,2917.614987,493.5,7128,7
29,0.3,rolling,315,774,14.80263519,1000,9,,0.8940568475,3499.51292,2301.5,7128,7
29,0.3,static,316,758,12.62260509,24874,46,,0.8562005277,3045.211082,1082,7128,0
29,0.3,rolling,316,758,15.78683949,1000,2,,0.9208443272,4086.236148,6345,7128,0
29,0.3,static,316,758,12.62260509,24100,46,,0.8562005277,3045.211082,1082,7128,1
29,0.3,rolling,316,758,15.60042822,1000,3,,0.9208443272,4028.170185,6114,7128,1
29,0.3,static,316,758,12.62260509,22628,46,,0.8562005277,3045.211082,1082,7128,3
29,0.3,rolling,316,758,15.24604225,1000,6,,0.9155672823,3918.777045,5727.5,7128,3
29,0.3,static,316,758,12.62260509,20484,46,,0.8562005277,3045.211082,1082,7128,7
29,0.3,rolling,316,758,15.21896076,1000,9,,0.9142480211,3910.73219,5678.5,7128,7
29,0.3,static,317,630,12.62260509,25632,47,,0.8380952381,2605.365079,304.5,7128,0
29,0.3,rolling,317,630,14.51970851,1000,2,,0.8841269841,3166.71746,1053.5,7128,0
29,0.3,static,317,630,12.62260509,24874,47,,0.8380952381,2605.365079,304.5,7128,1
29,0.3,rolling,317,630,15.78683949,1000,3,,0.8984126984,3565.528571,2644.5,7128,1
29,0.3,static,317,630,12.62260509,23422,47,,0.8380952381,2605.365079,304.5,7128,3
29,0.3,rolling,317,630,15.89002466,1000,5,,0.9,3602.266667,2818.5,7128,3
29,0.3,static,317,630,12.62260509,21110,47,,0.8380952381,2605.365079,304.5,7128,7
29,0.3,rolling,317,630,15.47052431,1000,9,,0.8968253968,3452.338095,2215,7128,7
29,0.3,static,318,342,12.62260509,26262,48,,0.850877193,2548.187135,318.5,7128,0
29,0.3,rolling,318,342,16.07294989,1000,2,,0.9210526316,3468.599415,1869,7128,0
29,0.3,static,318,342,12.62260509,25632,48,,0.850877193,2548.187135,318.5,7128,1
29,0.3,rolling,318,342,14.51970851,1000,3,,0.9035087719,3049.619883,963.5,7128,1
29,0.3,static,318,342,12.62260509,24100,48,,0.850877193,2548.187135,318.5,7128,3
29,0.3,rolling,318,342,15.60042822,1000,5,,0.9152046784,3340.719298,1541,7128,3
29,0.3,static,318,342,12.62260509,21730,48,,0.850877193,2548.187135,318.5,7128,7
29,0.3,rolling,318,342,14.6106348,1000,9,,0.9064327485,3071.71345,1003,7128,7
29,0.3,static,319,324,12.62260509,26604,49,,0.8549382716,2666.524691,462.5,7128,0
29,0.3,rolling,319,324,15.46469605,1000,3,,0.9135802469,3489.305556,2242,7128,0
29,0.3,static,319,324,12.62260509,26262,49,,0.8549382716,2666.524691,462.5,7128,1
29,0.3,rolling,319,324,16.07294989,1000,3,,0.9166666667,3666.194444,2943,7128,1
29,0.3,static,319,324,12.62260509,24874,49,,0.8549382716,2666.524691,462.5,7128,3
29,0.3,rolling,319,324,15.78683949,1000,5,,0.9135802469,3584.083333,2599,7128,3
29,0.3,static,319,324,12.62260509,22168,49,,0.8549382716,2666.524691,462.5,7128,7
29,0.3,rolling,319,324,13.86386919,1000,9,,0.8858024691,2975.817901,987,7128,7
29,0.3,static,320,736,12.62260509,26928,50,,0.8423913043,3240.60462,1104,7128,0
29,0.3,rolling,320,736,15.45514727,1000,3,,0.8940217391,4065.618207,6626,7128,0
29,0.3,static,320,736,12.62260509,26604,50,,0.8423913043,3240.60462,1104,7128,1
29,0.3,rolling,320,736,15.46469605,1000,4,,0.8940217391,4068.146739,6635,7128,1
29,0.3,static,320,736,12.62260509,25632,50,,0.8423913043,3240.60462,1104,7128,3
29,0.3,rolling,320,736,14.51970851,1000,5,,0.8763586957,3792.78125,4873.5,7128,3
29,0.3,static,320,736,12.62260509,22628,50,,0.8423913043,3240.60462,1104,7128,7
29,0.3,rolling,320,736,15.24604225,1000,10,,0.8899456522,4002.554348,6431.5,7128,7
29,0.3,static,321,680,12.62260509,27664,51,,0.8588235294,3100.502941,1029,7128,0
29,0.3,rolling,321,680,15.54428053,1000,2,,0.9102941176,4037.966176,6343.5,7128,0
29,0.3,static,321,680,12.62260509,26928,51,,0.8588235294,3100.502941,1029,7128,1
29,0.3,rolling,321,680,15.45514727,1000,4,,0.9073529412,4011.361765,6265.5,7128,1
29,0.3,static,321,680,12.62260509,26262,51,,0.8588235294,3100.502941,1029,7128,3
29,0.3,rolling,321,680,16.07294989,1000,5,,0.9235294118,4209.711765,6786.5,7128,3
29,0.3,static,321,680,12.62260509,23422,51,,0.8588235294,3100.502941,1029,7128,7
29,0.3,rolling,321,680,15.89002466,1000,9,,0.9147058824,4140.463235,6643,7128,7
29,0.3,static,322,668,12.62260509,28344,52,,0.8577844311,3290.817365,1530,7128,0
29,0.3,rolling,322,668,15.92139173,1000,2,,0.9311377246,4291.261976,7005.5,7128,0
29,0.3,static,322,668,12.62260509,27664,52,,0.8577844311,3290.817365,1530,7128,1
29,0.3,rolling,322,668,15.54428053,1000,3,,0.9221556886,4182.002994,6847.5,7128,1
29,0.3,static,322,668,12.62260509,26604,52,,0.8577844311,3290.817365,1530,7128,3
29,0.3,rolling,322,668,15.46469605,1000,6,,0.9221556886,4156.252994,6793,7128,3
29,0.3,static,322,668,12.62260509,24100,52,,0.8577844311,3290.817365,1530,7128,7
29,0.3,rolling,322,668,15.60042822,1000,9,,0.9221556886,4199.986527,6874,7128,7
29,0.3,static,323,668,12.62260509,29012,53,,0.8473053892,3066.474551,1221.5,7128,0
29,0.3,rolling,323,668,15.01025672,1000,2,,0.8967065868,3931.58982,5648.5,7128,0
29,0.3,static,323,668,12.62260509,28344,53,,0.8473053892,3066.474551,1221.5,7128,1
29,0.3,rolling,323,668,15.92139173,1000,3,,0.9206586826,4204.149701,6665,7128,1
29,0.3,static,323,668,12.62260509,26928,53,,0.8473053892,3066.474551,1221.5,7128,3
29,0.3,rolling,323,668,15.45514727,1000,6,,0.9101796407,4067.522455,6236,7128,3
29,0.3,static,323,668,12.62260509,24874,53,,0.8473053892,3066.474551,1221.5,7128,7
29,0.3,rolling,323,668,15.78683949,1000,9,,0.9176646707,4166.610778,6575.5,7128,7
29,0.3,static,324,796,12.62260509,29680,54,,0.8278894472,2894.606784,532,7128,0
29,0.3,rolling,324,796,15.27995014,1000,2,,0.8881909548,3589.540201,2486,7128,0
29,0.3,static,324,796,12.62260509,29012,54,,0.8278894472,2894.606784,532,7128,1
29,0.3,rolling,324,796,15.01025672,1000,3,,0.8819095477,3536.986181,2179.5,7128,1
29,0.3,static,324,796,12.62260509,27664,54,,0.8278894472,2894.606784,532,7128,3
29,0.3,rolling,324,796,15.54428053,1000,5,,0.8969849246,3653.515075,2773,7128,3
29,0.3,static,324,796,12.62260509,25632,54,,0.8278894472,2894.606784,532,7128,7
29,0.3,rolling,324,796,14.51970851,1000,9,,0.8706030151,3428.984925,1749,7128,7
29,0.3,static,325,398,12.62260509,30476,55,,0.8040201005,2974.160804,442,7128,0
29,0.3,rolling,325,398,15.54268217,1000,2,,0.8618090452,3575.492462,1717.5,7128,0
29,0.3,static,325,398,12.62260509,29680,55,,0.8040201005,2974.160804,442,7128,1
29,0.3,rolling,325,398,15.27995014,1000,3,,0.8492462312,3542.221106,1476.5,7128,1
29,0.3,static,325,398,12.62260509,28344,55,,0.8040201005,2974.160804,442,7128,3
29,0.3,rolling,325,398,15.92139173,1000,5,,0.8793969849,3628.035176,2148,7128,3
29,0.3,static,325,398,12.62260509,26262,55,,0.8040201005,2974.160804,442,7128,7
29,0.3,rolling,325,398,16.07294989,1000,9,,0.8844221106,3654.5,2301,7128,7
29,0.3,static,326,422,12.62260509,30874,56,,0.7772511848,2203.689573,86.5,7128,0
29,0.3,rolling,326,422,15.82028484,1000,2,,0.8530805687,2828.109005,491,7128,0
29,0.3,static,326,422,12.62260509,30476,56,,0.7772511848,2203.689573,86.5,7128,1
29,0.3,rolling,326,422,15.54268217,1000,3,,0.8388625592,2773,406,7128,1
29,0.3,static,326,422,12.62260509,29012,56,,0.7772511848,2203.689573,86.5,7128,3
29,0.3,rolling,326,422,15.01025672,1000,5,,0.8293838863,2684.336493,248.5,7128,3
29,0.3,static,326,422,12.62260509,26604,56,,0.7772511848,2203.689573,86.5,7128,7
29,0.3,rolling,326,422,15.46469605,1000,10,,0.8388625592,2759.36019,376.5,7128,7
29,0.3,static,327,738,12.62260509,31296,57,,0.8211382114,2877.093496,592.5,7128,0
29,0.3,rolling,327,738,17.41586876,1000,3,,0.9092140921,4130.523035,6779,7128,0
29,0.3,static,327,738,12.62260509,30874,57,,0.8211382114,2877.093496,592.5,7128,1
29,0.3,rolling,327,738,15.82028484,1000,3,,0.891598916,3738.594851,3751,7128,1
29,0.3,static,327,738,12.62260509,29680,57,,0.8211382114,2877.093496,592.5,7128,3
29,0.3,rolling,327,738,15.27995014,1000,5,,0.8861788618,3596.792683,2846.5,7128,3
29,0.3,static,327,738,12.62260509,26928,57,,0.8211382114,2877.093496,592.5,7128,7
29,0.3,rolling,327,738,15.45514727,1000,10,,0.8861788618,3650.222222,3180,7128,7
29,0.3,static,328,600,12.62260509,32034,58,,0.8483333333,2856.475,771,7128,0
29,0.3,rolling,328,600,17.38812077,1000,2,,0.9233333333,4371.763333,6980.5,7128,0
29,0.3,static,328,600,12.62260509,31296,58,,0.8483333333,2856.475,771,7128,1
29,0.3,rolling,328,600,17.41586876,1000,4,,0.9233333333,4378.338333,6989.5,7128,1
29,0.3,static,328,600,12.62260509,30476,58,,0.8483333333,2856.475,771,7128,3
29,0.3,rolling,328,600,15.54268217,1000,5,,0.8866666667,3844.176667,5513,7128,3
29,0.3,static,328,600,12.62260509,27664,58,,0.8483333333,2856.475,771,7128,7
29,0.3,rolling,328,600,15.54428053,1000,9,,0.8866666667,3844.666667,5514,7128,7
29,0.3,static,329,684,12.62260509,32634,59,,0.831871345,3045.69883,791.5,7128,0
29,0.3,rolling,329,684,16.90379906,1000,2,,0.9269005848,4255.633041,6989,7128,0
29,0.3,static,329,684,12.62260509,32034,59,,0.831871345,3045.69883,791.5,7128,1
29,0.3,rolling,329,684,17.38812077,1000,3,,0.9312865497,4380.868421,7079.5,7128,1
29,0.3,static,329,684,12.62260509,30874,59,,0.831871345,3045.69883,791.5,7128,3
29,0.3,rolling,329,684,15.82028484,1000,5,,0.9078947368,3959.314327,6355,7128,3
29,0.3,static,329,684,12.62260509,28344,59,,0.831871345,3045.69883,791.5,7128,7
29,0.3,rolling,329,684,15.92139173,1000,9,,0.9122807018,3984.845029,6445,7128,7
29,0.3,static,330,640,12.62260509,33318,60,,0.8484375,2769.354688,642,7128,0
29,0.3,rolling,330,640,15.90562248,1000,2,,0.9109375,3908.496875,4915.5,7128,0
29,0.3,static,330,640,12.62260509,32634,60,,0.8484375,2769.354688,642,7128,1
29,0.3,rolling,330,640,16.90379906,1000,3,,0.9265625,4292.00625,6588.5,7128,1
29,0.3,static,330,640,12.62260509,31296,60,,0.8484375,2769.354688,642,7128,3
29,0.3,rolling,330,640,17.41586876,1000,6,,0.9328125,4450.707812,6933.5,7128,3
29,0.3,static,330,640,12.62260509,29012,60,,0.8484375,2769.354688,642,7128,7
29,0.3,rolling,330,640,15.01025672,1000,9,,0.8984375,3577.009375,2601,7128,7
29,0.3,static,331,506,12.62260509,33958,61,,0.8656126482,2996.173913,779.5,7128,0
29,0.3,rolling,331,506,15.64199734,1000,2,,0.918972332,3984.766798,6222.5,7128,0
29,0.3,static,331,506,12.62260509,33318,61,,0.8656126482,2996.173913,779.5,7128,1
29,0.3,rolling,331,506,15.90562248,1000,3,,0.9268774704,4066.63834,6500.5,7128,1
29,0.3,static,331,506,12.62260509,32034,61,,0.8656126482,2996.173913,779.5,7128,3
29,0.3,rolling,331,506,17.38812077,1000,5,,0.9446640316,4500.893281,7109,7128,3
29,0.3,static,331,506,12.62260509,29680,61,,0.8656126482,2996.173913,779.5,7128,7
29,0.3,rolling,331,506,15.27995014,1000,9,,0.9169960474,3874.960474,5804,7128,7
29,0.3,static,332,318,12.62260509,34464,62,,0.8553459119,2746.556604,393.5,7128,0
29,0.3,rolling,332,318,14.3872757,1000,2,,0.8993710692,3256.487421,1168,7128,0
29,0.3,static,332,318,12.62260509,33958,62,,0.8553459119,2746.556604,393.5,7128,1
29,0.3,rolling,332,318,15.64199734,1000,3,,0.9025157233,3600.220126,2924,7128,1
29,0.3,static,332,318,12.62260509,32634,62,,0.8553459119,2746.556604,393.5,7128,3
29,0.3,rolling,332,318,16.90379906,1000,5,,0.9182389937,3959.232704,6153,7128,3
29,0.3,static,332,318,12.62260509,30476,62,,0.8553459119,2746.556604,393.5,7128,7
29,0.3,rolling,332,318,15.54268217,1000,9,,0.9025157233,3572.993711,2781,7128,7
29,0.3,static,333,342,12.62260509,34782,63,,0.8362573099,2780.614035,377,7128,0
29,0.3,rolling,333,342,14.76011407,1000,3,,0.8830409357,3333.298246,1645,7128,0
29,0.3,static,333,342,12.62260509,34464,63,,0.8362573099,2780.614035,377,7128,1
29,0.3,rolling,333,342,14.3872757,1000,3,,0.8830409357,3226.245614,1114.5,7128,1
29,0.3,static,333,342,12.62260509,33318,63,,0.8362573099,2780.614035,377,7128,3
29,0.3,rolling,333,342,15.90562248,1000,5,,0.8918128655,3724.207602,3791.5,7128,3
29,0.3,static,333,342,12.62260509,30874,63,,0.8362573099,2780.614035,377,7128,7
29,0.3,rolling,333,342,15.82028484,1000,9,,0.8918128655,3702.312865,3660,7128,7
29,0.3,static,334,700,12.62260509,35124,64,,0.85,2832.271429,666,7128,0
29,0.3,rolling,334,700,14.87469363,1000,3,,0.9014285714,3526.398571,2462.5,7128,0
29,0.3,static,334,700,12.62260509,34782,64,,0.85,2832.271429,666,7128,1
29,0.3,rolling,334,700,14.76011407,1000,4,,0.9014285714,3495.498571,2330,7128,1
29,0.3,static,334,700,12.62260509,33958,64,,0.85,2832.271429,666,7128,3
29,0.3,rolling,334,700,15.64199734,1000,5,,0.9171428571,3734.374286,3461.5,7128,3
29,0.3,static,334,700,12.62260509,31296,64,,0.85,2832.271429,666,7128,7
29,0.3,rolling,334,700,17.41586876,1000,10,,0.9357142857,4258.952857,6821.5,7128,7
29,0.3,static,335,656,12.62260509,35824,65,,0.8338414634,2941.676829,808,7128,0
29,0.3,rolling,335,656,15.11819506,1000,2,,0.8887195122,3663.155488,3194,7128,0
29,0.3,static,335,656,12.62260509,35124,65,,0.8338414634,2941.676829,808,7128,1
29,0.3,rolling,335,656,14.87469363,1000,4,,0.8841463415,3593.762195,2901,7128,1
29,0.3,static,335,656,12.62260509,34464,65,,0.8338414634,2941.676829,808,7128,3
29,0.3,rolling,335,656,14.3872757,1000,5,,0.8795731707,3449.589939,2088.5,7128,3
29,0.3,static,335,656,12.62260509,32034,65,,0.8338414634,2941.676829,808,7128,7
29,0.3,rolling,335,656,17.38812077,1000,9,,0.9268292683,4258.771341,6809.5,7128,7
29,0.3,static,336,632,12.62260509,36480,66,,0.8022151899,2996.015823,818,7128,0
29,0.3,rolling,336,632,16.44562149,1000,2,,0.8939873418,4028.139241,6366.5,7128,0
29,0.3,static,336,632,12.62260509,35824,66,,0.8022151899,2996.015823,818,7128,1
29,0.3,rolling,336,632,15.11819506,1000,3,,0.8686708861,3691.939873,3239,7128,1
29,0.3,static,336,632,12.62260509,34782,66,,0.8022151899,2996.015823,818,7128,3
29,0.3,rolling,336,632,14.76011407,1000,6,,0.8623417722,3593.636076,2742.5,7128,3
29,0.3,static,336,632,12.62260509,32634,66,,0.8022151899,2996.015823,818,7128,7
29,0.3,rolling,336,632,16.90379906,1000,9,,0.9066455696,4133.977848,6692.5,7128,7
29,0.3,static,337,552,12.62260509,37112,67,,0.8333333333,2836.425725,647,7128,0
29,0.3,rolling,337,552,16.75742412,1000,2,,0.9057971014,3891.128623,5846,7128,0
29,0.3,static,337,552,12.62260509,36480,67,,0.8333333333,2836.425725,647,7128,1
29,0.3,rolling,337,552,16.44562149,1000,3,,0.9057971014,3797.807971,5276.5,7128,1
29,0.3,static,337,552,12.62260509,35124,67,,0.8333333333,2836.425725,647,7128,3
29,0.3,rolling,337,552,14.87469363,1000,6,,0.8876811594,3369.844203,2197,7128,3
29,0.3,static,337,552,12.62260509,33318,67,,0.8333333333,2836.425725,647,7128,7
29,0.3,rolling,337,552,15.90562248,1000,9,,0.9003623188,3637.043478,3425,7128,7
29,0.3,static,338,496,12.62260509,37664,68,,0.814516129,2917.445565,703.5,7128,0
29,0.3,rolling,338,496,16.78034258,1000,2,,0.9153225806,4055.592742,6137,7128,0
29,0.3,static,338,496,12.62260509,37112,68,,0.814516129,2917.445565,703.5,7128,1
29,0.3,rolling,338,496,16.75742412,1000,3,,0.9153225806,4049.145161,6121.5,7128,1
29,0.3,static,338,496,12.62260509,35824,68,,0.814516129,2917.445565,703.5,7128,3
29,0.3,rolling,338,496,15.11819506,1000,5,,0.8911290323,3624.306452,2559.5,7128,3
29,0.3,static,338,496,12.62260509,33958,68,,0.814516129,2917.445565,703.5,7128,7
29,0.3,rolling,338,496,15.64199734,1000,9,,0.8991935484,3741.923387,3190.5,7128,7
29,0.3,static,339,328,12.62260509,38160,69,,0.8262195122,2539.646341,432,7128,0
29,0.3,rolling,339,328,15.47376537,1000,2,,0.8841463415,3470.152439,2243.5,7128,0
29,0.3,static,339,328,12.62260509,37664,69,,0.8262195122,2539.646341,432,7128,1
29,0.3,rolling,339,328,16.78034258,1000,3,,0.9115853659,3849.804878,4651.5,7128,1
29,0.3,static,339,328,12.62260509,36480,69,,0.8262195122,2539.646341,432,7128,3
29,0.3,rolling,339,328,16.44562149,1000,5,,0.8993902439,3758.057927,3478,7128,3
29,0.3,static,339,328,12.62260509,34464,69,,0.8262195122,2539.646341,432,7128,7
29,0.3,rolling,339,328,14.3872757,1000,9,,0.8567073171,3133.85061,1180,7128,7
29,0.3,static,340,328,12.62260509,38488,70,,0.8262195122,2669.539634,394,7128,0
29,0.3,rolling,340,328,16.15198231,1000,3,,0.9176829268,3804.615854,5385,7128,0
29,0.3,static,340,328,12.62260509,38160,70,,0.8262195122,2669.539634,394,7128,1
29,0.3,rolling,340,328,15.47376537,1000,3,,0.9146341463,3563.125,2985,7128,1
29,0.3,static,340,328,12.62260509,37112,70,,0.8262195122,2669.539634,394,7128,3
29,0.3,rolling,340,328,16.75742412,1000,5,,0.9237804878,3981.167683,6348.5,7128,3
29,0.3,static,340,328,12.62260509,34782,70,,0.8262195122,2669.539634,394,7128,7
29,0.3,rolling,340,328,14.76011407,1000,10,,0.8932926829,3309.984756,1887.5,7128,7
29,0.3,static,341,576,12.62260509,38816,71,,0.8298611111,2929.776042,646.5,7128,0
29,0.3,rolling,341,576,15.80691433,1000,3,,0.8802083333,3799.918403,5287,7128,0
29,0.3,static,341,576,12.62260509,38488,71,,0.8298611111,2929.776042,646.5,7128,1
29,0.3,rolling,341,576,16.15198231,1000,4,,0.8819444444,3884.611111,5809,7128,1
29,0.3,static,341,576,12.62260509,37664,71,,0.8298611111,2929.776042,646.5,7128,3
29,0.3,rolling,341,576,16.78034258,1000,5,,0.8958333333,4032.194444,6429,7128,3
29,0.3,static,341,576,12.62260509,35124,71,,0.8298611111,2929.776042,646.5,7128,7
29,0.3,rolling,341,576,14.87469363,1000,10,,0.8645833333,3559.222222,2613,7128,7
29,0.3,static,342,636,12.62260509,39392,72,,0.8270440252,2790.254717,459,7128,0
29,0.3,rolling,342,636,16.48942924,1000,3,,0.8883647799,3817.253145,5049,7128,0
29,0.3,static,342,636,12.62260509,38816,72,,0.8270440252,2790.254717,459,7128,1
29,0.3,rolling,342,636,15.80691433,1000,4,,0.8773584906,3629.036164,3066,7128,1
29,0.3,static,342,636,12.62260509,38160,72,,0.8270440252,2790.254717,459,7128,3
29,0.3,rolling,342,636,15.47376537,1000,5,,0.8726415094,3538.286164,2547,7128,3
29,0.3,static,342,636,12.62260509,35824,72,,0.8270440252,2790.254717,459,7128,7
29,0.3,rolling,342,636,15.11819506,1000,9,,0.8694968553,3438.349057,2033,7128,7
29,0.3,static,343,642,12.62260509,40028,73,,0.8099688474,3224.735202,1429,7128,0
29,0.3,rolling,343,642,17.94095135,1000,2,,0.9065420561,4679.957944,7127,7128,0
29,0.3,static,343,642,12.62260509,39392,73,,0.8099688474,3224.735202,1429,7128,1
29,0.3,rolling,343,642,16.48942924,1000,4,,0.8847352025,4361.661994,7056,7128,1
29,0.3,static,343,642,12.62260509,38488,73,,0.8099688474,3224.735202,1429,7128,3
29,0.3,rolling,343,642,16.15198231,1000,6,,0.8785046729,4280.403427,6961,7128,3
29,0.3,static,343,642,12.62260509,36480,73,,0.8099688474,3224.735202,1429,7128,7
29,0.3,rolling,343,642,16.44562149,1000,9,,0.8847352025,4350.84891,7046,7128,7
29,0.3,static,344,650,12.62260509,40670,74,,0.7984615385,2901.516923,357.5,7128,0
29,0.3,rolling,344,650,17.72641778,1000,2,,0.8953846154,4068.841538,6797.5,7128,0
29,0.3,static,344,650,12.62260509,40028,74,,0.7984615385,2901.516923,357.5,7128,1
29,0.3,rolling,344,650,17.94095135,1000,3,,0.8984615385,4113.969231,6891,7128,1
29,0.3,static,344,650,12.62260509,38816,74,,0.7984615385,2901.516923,357.5,7128,3
29,0.3,rolling,344,650,15.80691433,1000,6,,0.86,3633.644615,3093.5,7128,3
29,0.3,static,344,650,12.62260509,37112,74,,0.7984615385,2901.516923,357.5,7128,7
29,0.3,rolling,344,650,16.75742412,1000,9,,0.8784615385,3856.183077,6047,7128,7
29,0.3,static,345,586,12.62260509,41320,75,,0.8395904437,3314.110922,2038.5,7128,0
29,0.3,rolling,345,586,18.28480178,1000,2,,0.9215017065,4548.982935,7128,7128,0
29,0.3,static,345,586,12.62260509,40670,75,,0.8395904437,3314.110922,2038.5,7128,1
29,0.3,rolling,345,586,17.72641778,1000,3,,0.9163822526,4455.798635,7127,7128,1
29,0.3,static,345,586,12.62260509,39392,75,,0.8395904437,3314.110922,2038.5,7128,3
29,0.3,rolling,345,586,16.48942924,1000,6,,0.8993174061,4185.551195,7113.5,7128,3
29,0.3,static,345,586,12.62260509,37664,75,,0.8395904437,3314.110922,2038.5,7128,7
29,0.3,rolling,345,586,16.78034258,1000,9,,0.9027303754,4252.769625,7120,7128,7
29,0.3,static,346,224,12.62260509,41906,76,,0.8303571429,2171.116071,140.5,7128,0
29,0.3,rolling,346,224,17.33433962,1000,2,,0.90625,3284.111607,1161,7128,0
29,0.3,static,346,224,12.62260509,41320,76,,0.8303571429,2171.116071,140.5,7128,1
29,0.3,rolling,346,224,18.28480178,1000,3,,0.9196428571,3506.65625,1789,7128,1
29,0.3,static,346,224,12.62260509,40028,76,,0.8303571429,2171.116071,140.5,7128,3
29,0.3,rolling,346,224,17.94095135,1000,5,,0.9196428571,3427.629464,1555,7128,3
29,0.3,static,346,224,12.62260509,38160,76,,0.8303571429,2171.116071,140.5,7128,7
29,0.3,rolling,346,224,15.47376537,1000,9,,0.8973214286,2788.227679,565,7128,7
29,0.3,static,347,306,12.62260509,42130,77,,0.8300653595,2244.781046,90.5,7128,0
29,0.3,rolling,347,306,16.59593487,1000,3,,0.8986928105,3115.522876,625.5,7128,0
29,0.3,static,347,306,12.62260509,41906,77,,0.8300653595,2244.781046,90.5,7128,1
29,0.3,rolling,347,306,17.33433962,1000,3,,0.9019607843,3238.218954,821,7128,1
29,0.3,static,347,306,12.62260509,40670,77,,0.8300653595,2244.781046,90.5,7128,3
29,0.3,rolling,347,306,17.72641778,1000,5,,0.908496732,3294.810458,931,7128,3
29,0.3,static,347,306,12.62260509,38488,77,,0.8300653595,2244.781046,90.5,7128,7
29,0.3,rolling,347,306,16.15198231,1000,10,,0.8954248366,3009.745098,543,7128,7
29,0.3,static,348,714,12.62260509,42436,78,,0.8263305322,2675.712885,306.5,7128,0
29,0.3,rolling,348,714,16.59593487,1000,3,,0.8977591036,3728.173669,3458.5,7128,0
29,0.3,static,348,714,12.62260509,42130,78,,0.8263305322,2675.712885,306.5,7128,1
29,0.3,rolling,348,714,16.59593487,1000,4,,0.8977591036,3728.173669,3458.5,7128,1
29,0.3,static,348,714,12.62260509,41320,78,,0.8263305322,2675.712885,306.5,7128,3
29,0.3,rolling,348,714,18.28480178,1000,5,,0.9159663866,4119.602241,6709.5,7128,3
29,0.3,static,348,714,12.62260509,38816,78,,0.8263305322,2675.712885,306.5,7128,7
29,0.3,rolling,348,714,15.80691433,1000,10,,0.8879551821,3542.948179,2493,7128,7
29,0.3,static,349,600,12.62260509,43150,79,,0.7916666667,2611.276667,323.5,7128,0
29,0.3,rolling,349,600,16.88043046,1000,2,,0.8716666667,3719.563333,3731.5,7128,0
29,0.3,static,349,600,12.62260509,42436,79,,0.7916666667,2611.276667,323.5,7128,1
29,0.3,rolling,349,600,16.59593487,1000,4,,0.8666666667,3648.936667,3113.5,7128,1
29,0.3,static,349,600,12.62260509,41906,79,,0.7916666667,2611.276667,323.5,7128,3
29,0.3,rolling,349,600,17.33433962,1000,5,,0.8833333333,3844.496667,5577.5,7128,3
29,0.3,static,349,600,12.62260509,39392,79,,0.7916666667,2611.276667,323.5,7128,7
29,0.3,rolling,349,600,16.48942924,1000,10,,0.8666666667,3625.106667,2976,7128,7
29,0.3,static,350,656,12.62260509,43750,80,,0.8018292683,2293.847561,177,7128,0
29,0.3,rolling,350,656,18.38350677,1000,2,,0.9268292683,3709.792683,3287.5,7128,0
29,0.3,static,350,656,12.62260509,43150,80,,0.8018292683,2293.847561,177,7128,1
29,0.3,rolling,350,656,16.88043046,1000,3,,0.9100609756,3353.820122,1581.5,7128,1
29,0.3,static,350,656,12.62260509,42130,80,,0.8018292683,2293.847561,177,7128,3
29,0.3,rolling,350,656,16.59593487,1000,6,,0.9009146341,3277.117378,1383,7128,3
29,0.3,static,350,656,12.62260509,40028,80,,0.8018292683,2293.847561,177,7128,7
29,0.3,rolling,350,656,17.94095135,1000,9,,0.9222560976,3608.253049,2566,7128,7
29,0.3,static,351,522,12.62260509,44406,81,,0.7624521073,2318.256705,148.5,7128,0
29,0.3,rolling,351,522,17.05625498,1000,2,,0.8639846743,3391.258621,1832.5,7128,0
29,0.3,static,351,522,12.62260509,43750,81,,0.7624521073,2318.256705,148.5,7128,1
29,0.3,rolling,351,522,18.38350677,1000,3,,0.8850574713,3714.775862,5561.5,7128,1
29,0.3,static,351,522,12.62260509,42436,81,,0.7624521073,2318.256705,148.5,7128,3
29,0.3,rolling,351,522,16.59593487,1000,6,,0.8505747126,3271.810345,1246,7128,3
29,0.3,static,351,522,12.62260509,40670,81,,0.7624521073,2318.256705,148.5,7128,7
29,0.3,rolling,351,522,17.72641778,1000,9,,0.8735632184,3564.369732,2991,7128,7
29,0.3,static,352,462,12.62260509,44928,82,,0.7640692641,2393.17316,227.5,7128,0
29,0.3,rolling,352,462,18.29547596,1000,2,,0.8917748918,3775.069264,4293,7128,0
29,0.3,static,352,462,12.62260509,44406,82,,0.7640692641,2393.17316,227.5,7128,1
29,0.3,rolling,352,462,17.05625498,1000,3,,0.8701298701,3452.880952,2361.5,7128,1
29,0.3,static,352,462,12.62260509,43150,82,,0.7640692641,2393.17316,227.5,7128,3
29,0.3,rolling,352,462,16.88043046,1000,5,,0.8658008658,3404.244589,2156.5,7128,3
29,0.3,static,352,462,12.62260509,41320,82,,0.7640692641,2393.17316,227.5,7128,7
29,0.3,rolling,352,462,18.28480178,1000,9,,0.8896103896,3772.209957,4237,7128,7
29,0.3,static,353,242,12.62260509,45390,83,,0.7355371901,2243.520661,166,7128,0
29,0.3,rolling,353,242,19.34597731,1000,3,,0.8842975207,3908.92562,6389.5,7128,0
29,0.3,static,353,242,12.62260509,44928,83,,0.7355371901,2243.520661,166,7128,1
29,0.3,rolling,353,242,18.29547596,1000,3,,0.8636363636,3700.809917,4736,7128,1
29,0.3,static,353,242,12.62260509,43750,83,,0.7355371901,2243.520661,166,7128,3
29,0.3,rolling,353,242,18.38350677,1000,5,,0.8636363636,3717.768595,5179.5,7128,3
29,0.3,static,353,242,12.62260509,41906,83,,0.7355371901,2243.520661,166,7128,7
29,0.3,rolling,353,242,17.33433962,1000,9,,0.8595041322,3488.884298,2761,7128,7
29,0.3,static,354,238,12.62260509,45632,84,,0.7773109244,2622.033613,398.5,7128,0
29,0.3,rolling,354,238,19.34597731,1000,3,,0.9243697479,4349.768908,7054.5,7128,0
29,0.3,static,354,238,12.62260509,45390,84,,0.7773109244,2622.033613,398.5,7128,1
29,0.3,rolling,354,238,19.34597731,1000,4,,0.9243697479,4349.768908,7054.5,7128,1
29,0.3,static,354,238,12.62260509,44406,84,,0.7773109244,2622.033613,398.5,7128,3
29,0.3,rolling,354,238,17.05625498,1000,5,,0.8697478992,3885.214286,5532,7128,3
29,0.3,static,354,238,12.62260509,42130,84,,0.7773109244,2622.033613,398.5,7128,7
29,0.3,rolling,354,238,16.59593487,1000,10,,0.8571428571,3743.815126,3706,7128,7
29,0.3,static,355,578,12.62260509,45870,85,,0.7283737024,2694.972318,332,7128,0
29,0.3,rolling,355,578,19.38669634,1000,4,,0.8806228374,4324.262976,7061,7128,0
29,0.3,static,355,578,12.62260509,45632,85,,0.7283737024,2694.972318,332,7128,1
29,0.3,rolling,355,578,19.34597731,1000,4,,0.8806228374,4317.029412,7053.5,7128,1
29,0.3,static,355,578,12.62260509,44928,85,,0.7283737024,2694.972318,332,7128,3
29,0.3,rolling,355,578,18.29547596,1000,5,,0.8546712803,4112.899654,6694.5,7128,3
29,0.3,static,355,578,12.62260509,42436,85,,0.7283737024,2694.972318,332,7128,7
29,0.3,rolling,355,578,16.59593487,1000,10,,0.8269896194,3721.211073,3913,7128,7
29,0.3,static,356,548,12.62260509,46448,86,,0.75,2573.532847,238.5,7128,0
29,0.3,rolling,356,548,20.13802338,1000,3,,0.9069343066,4346.782847,7055,7128,0
29,0.3,static,356,548,12.62260509,45870,86,,0.75,2573.532847,238.5,7128,1
29,0.3,rolling,356,548,19.38669634,1000,5,,0.8959854015,4168.733577,6856.5,7128,1
29,0.3,static,356,548,12.62260509,45390,86,,0.75,2573.532847,238.5,7128,3
29,0.3,rolling,356,548,19.34597731,1000,6,,0.8959854015,4159.826642,6832.5,7128,3
29,0.3,static,356,548,12.62260509,43150,86,,0.75,2573.532847,238.5,7128,7
29,0.3,rolling,356,548,16.88043046,1000,9,,0.8613138686,3606.419708,3018,7128,7
29,0.3,static,357,406,12.62260509,46996,87,,0.8054187192,1824.046798,152,7128,0
29,0.3,rolling,357,406,20.35896111,1000,2,,0.9310344828,4079.243842,6696.5,7128,0
29,0.3,static,357,406,12.62260509,46448,87,,0.8054187192,1824.046798,152,7128,1
29,0.3,rolling,357,406,20.13802338,1000,4,,0.9285714286,4033.972906,6549.5,7128,1
29,0.3,static,357,406,12.62260509,45632,87,,0.8054187192,1824.046798,152,7128,3
29,0.3,rolling,357,406,19.34597731,1000,6,,0.9261083744,3872.029557,5676,7128,3
29,0.3,static,357,406,12.62260509,43750,87,,0.8054187192,1824.046798,152,7128,7
29,0.3,rolling,357,406,18.38350677,1000,9,,0.9187192118,3641.655172,2613.5,7128,7
29,0.3,static,358,300,12.62260509,47402,88,,0.7866666667,1880.396667,73,7128,0
29,0.3,rolling,358,300,18.85776615,1000,3,,0.87,3317.87,1521,7128,0
29,0.3,static,358,300,12.62260509,46996,88,,0.7866666667,1880.396667,73,7128,1
29,0.3,rolling,358,300,20.35896111,1000,3,,0.9033333333,3660.993333,2659,7128,1
29,0.3,static,358,300,12.62260509,45870,88,,0.7866666667,1880.396667,73,7128,3
29,0.3,rolling,358,300,19.38669634,1000,7,,0.8933333333,3433.46,1850.5,7128,3
29,0.3,static,358,300,12.62260509,44406,88,,0.7866666667,1880.396667,73,7128,7
29,0.3,rolling,358,300,17.05625498,1000,9,,0.8533333333,2918.286667,559.5,7128,7
29,0.3,static,359,330,12.62260509,47702,89,,0.8545454545,3389.30303,1294.5,7128,0
29,0.3,rolling,359,330,19.34410167,1000,3,,0.9484848485,4784.79697,7128,7128,0
29,0.3,static,359,330,12.62260509,47402,89,,0.8545454545,3389.30303,1294.5,7128,1
29,0.3,rolling,359,330,18.85776615,1000,4,,0.9454545455,4699.172727,7128,7128,1
29,0.3,static,359,330,12.62260509,46448,89,,0.8545454545,3389.30303,1294.5,7128,3
29,0.3,rolling,359,330,20.13802338,1000,6,,0.9575757576,4916.284848,7128,7128,3
29,0.3,static,359,330,12.62260509,44928,89,,0.8545454545,3389.30303,1294.5,7128,7
29,0.3,rolling,359,330,18.29547596,1000,9,,0.9454545455,4597.048485,7128,7128,7
29,0.3,static,360,228,12.62260509,48032,90,,0.7587719298,2404.635965,261.5,7128,0
29,0.3,rolling,360,228,17.01741803,1000,3,,0.8552631579,3532.899123,2252.5,7128,0
29,0.3,static,360,228,12.62260509,47702,90,,0.7587719298,2404.635965,261.5,7128,1
29,0.3,rolling,360,228,19.34410167,1000,4,,0.9122807018,4099.785088,6330.5,7128,1
29,0.3,static,360,228,12.62260509,46996,90,,0.7587719298,2404.635965,261.5,7128,3
29,0.3,rolling,360,228,20.35896111,1000,5,,0.9298245614,4320.070175,6810.5,7128,3
29,0.3,static,360,228,12.62260509,45390,90,,0.7587719298,2404.635965,261.5,7128,7
29,0.3,rolling,360,228,19.34597731,1000,10,,0.9122807018,4100.201754,6332.5,7128,7
29,0.3,static,361,246,12.62260509,48260,91,,0.7601626016,2116.613821,99.5,7128,0
29,0.3,rolling,361,246,19.0204668,1000,4,,0.906504065,3501.898374,2009,7128,0
29,0.3,static,361,246,12.62260509,48032,91,,0.7601626016,2116.613821,99.5,7128,1
29,0.3,rolling,361,246,17.01741803,1000,4,,0.8536585366,3075.662602,653,7128,1
29,0.3,static,361,246,12.62260509,47402,91,,0.7601626016,2116.613821,99.5,7128,3
29,0.3,rolling,361,246,18.85776615,1000,6,,0.906504065,3465.857724,1799.5,7128,3
29,0.3,static,361,246,12.62260509,45632,91,,0.7601626016,2116.613821,99.5,7128,7
29,0.3,rolling,361,246,19.34597731,1000,10,,0.9105691057,3581.800813,2670.5,7128,7
29,0.3,static,362,620,12.62260509,48506,92,,0.7387096774,1938.727419,70.5,7128,0
29,0.3,rolling,362,620,18.09812737,1000,4,,0.8564516129,3277.951613,1126,7128,0
29,0.3,static,362,620,12.62260509,48260,92,,0.7387096774,1938.727419,70.5,7128,1
29,0.3,rolling,362,620,19.0204668,1000,5,,0.8677419355,3483.229032,1875.5,7128,1
29,0.3,static,362,620,12.62260509,47702,92,,0.7387096774,1938.727419,70.5,7128,3
29,0.3,rolling,362,620,19.34410167,1000,6,,0.8709677419,3539.898387,2327.5,7128,3
29,0.3,static,362,620,12.62260509,45870,92,,0.7387096774,1938.727419,70.5,7128,7
29,0.3,rolling,362,620,19.38669634,1000,11,,0.8709677419,3547.408065,2405,7128,7
29,0.3,static,363,386,12.62260509,49126,93,,0.8056994819,2095.051813,90,7128,0
29,0.3,rolling,363,386,20.2579174,1000,3,,0.9300518135,3846.673575,5892.5,7128,0
29,0.3,static,363,386,12.62260509,48506,93,,0.8056994819,2095.051813,90,7128,1
29,0.3,rolling,363,386,18.09812737,1000,5,,0.8989637306,3434.11658,1840.5,7128,1
29,0.3,static,363,386,12.62260509,48032,93,,0.8056994819,2095.051813,90,7128,3
29,0.3,rolling,363,386,17.01741803,1000,6,,0.878238342,3205.878238,1245.5,7128,3
29,0.3,static,363,386,12.62260509,46448,93,,0.8056994819,2095.051813,90,7128,7
29,0.3,rolling,363,386,20.13802338,1000,10,,0.9300518135,3822.585492,5777.5,7128,7
29,0.3,static,364,354,12.62260509,49512,94,,0.8079096045,2139.223164,184,7128,0
29,0.3,rolling,364,354,19.99497795,1000,2,,0.9265536723,4196.19774,6548,7128,0
29,0.3,static,364,354,12.62260509,49126,94,,0.8079096045,2139.223164,184,7128,1
29,0.3,rolling,364,354,20.2579174,1000,4,,0.9265536723,4248.042373,6738,7128,1
29,0.3,static,364,354,12.62260509,48260,94,,0.8079096045,2139.223164,184,7128,3
29,0.3,rolling,364,354,19.0204668,1000,7,,0.9039548023,3985.539548,5830.5,7128,3
29,0.3,static,364,354,12.62260509,46996,94,,0.8079096045,2139.223164,184,7128,7
29,0.3,rolling,364,354,20.35896111,1000,9,,0.9265536723,4267.943503,6783.5,7128,7
43,0,static,292,730,12.82156682,11270,22,,0.8767123288,2921.493151,624,7128,0
43,0,rolling,292,730,13.28475975,1000,3,,0.8849315068,3108.986301,918,7128,0
43,0,static,292,730,12.82156682,11270,22,,0.8767123288,2921.493151,624,7128,1
43,0,rolling,292,730,13.28475975,1000,3,,0.8849315068,3108.986301,918,7128,1
43,0,static,292,730,12.82156682,11270,22,,0.8767123288,2921.493151,624,7128,3
43,0,rolling,292,730,13.28475975,1000,3,,0.8849315068,3108.986301,918,7128,3
43,0,static,292,730,12.82156682,11270,22,,0.8767123288,2921.493151,624,7128,7
43,0,rolling,292,730,13.28475975,1000,3,,0.8849315068,3108.986301,918,7128,7
43,0,static,293,658,12.82156682,12000,23,,0.8617021277,3104.490881,843.5,7128,0
43,0,rolling,293,658,13.43286133,1000,2,,0.8814589666,3399.139818,1616,7128,0
43,0,static,293,658,12.82156682,11270,23,,0.8617021277,3104.490881,843.5,7128,1
43,0,rolling,293,658,13.28475975,1000,4,,0.8784194529,3330.50304,1418.5,7128,1
43,0,static,293,658,12.82156682,11270,23,,0.8617021277,3104.490881,843.5,7128,3
43,0,rolling,293,658,13.28475975,1000,4,,0.8784194529,3330.50304,1418.5,7128,3
43,0,static,293,658,12.82156682,11270,23,,0.8617021277,3104.490881,843.5,7128,7
43,0,rolling,293,658,13.28475975,1000,4,,0.8784194529,3330.50304,1418.5,7128,7
43,0,static,294,618,12.82156682,12658,24,,0.8656957929,2770.804207,399.5,7128,0
43,0,rolling,294,618,14.5086937,1000,2,,0.9158576052,3501.347896,2046,7128,0
43,0,static,294,618,12.82156682,12000,24,,0.8656957929,2770.804207,399.5,7128,1
43,0,rolling,294,618,13.43286133,1000,3,,0.8867313916,3010.36246,709,7128,1
43,0,static,294,618,12.82156682,11270,24,,0.8656957929,2770.804207,399.5,7128,3
43,0,rolling,294,618,13.28475975,1000,5,,0.8851132686,2953.702265,596.5,7128,3
43,0,static,294,618,12.82156682,11270,24,,0.8656957929,2770.804207,399.5,7128,7
43,0,rolling,294,618,13.28475975,1000,5,,0.8851132686,2953.702265,596.5,7128,7
43,0,static,295,666,12.82156682,13276,25,,0.8693693694,2702.312312,521,7128,0
43,0,rolling,295,666,13.95588708,1000,2,,0.9129129129,3270.62012,1373.5,7128,0
43,0,static,295,666,12.82156682,12658,25,,0.8693693694,2702.312312,521,7128,1
43,0,rolling,295,666,14.5086937,1000,3,,0.9279279279,3562.527027,2299,7128,1
43,0,static,295,666,12.82156682,11270,25,,0.8693693694,2702.312312,521,7128,3
43,0,rolling,295,666,13.28475975,1000,6,,0.8813813814,2911.888889,778.5,7128,3
43,0,static,295,666,12.82156682,11270,25,,0.8693693694,2702.312312,521,7128,7
43,0,rolling,295,666,13.28475975,1000,6,,0.8813813814,2911.888889,778.5,7128,7
43,0,static,296,516,12.82156682,13942,26,,0.8701550388,2672.998062,459,7128,0
43,0,rolling,296,516,13.71299791,1000,2,,0.8837209302,3060.426357,911,7128,0
43,0,static,296,516,12.82156682,13276,26,,0.8701550388,2672.998062,459,7128,1
43,0,rolling,296,516,13.95588708,1000,3,,0.8875968992,3164.839147,1142,7128,1
43,0,static,296,516,12.82156682,12000,26,,0.8701550388,2672.998062,459,7128,3
43,0,rolling,296,516,13.43286133,1000,5,,0.8798449612,2934.5,726,7128,3
43,0,static,296,516,12.82156682,11270,26,,0.8701550388,2672.998062,459,7128,7
43,0,rolling,296,516,13.28475975,1000,7,,0.8759689922,2872.742248,649,7128,7
43,0,static,297,292,12.82156682,14458,27,,0.8356164384,2223.907534,272.5,7128,0
43,0,rolling,297,292,14.0042429,1000,2,,0.8630136986,2655.421233,543,7128,0
43,0,static,297,292,12.82156682,13942,27,,0.8356164384,2223.907534,272.5,7128,1
43,0,rolling,297,292,13.71299791,1000,3,,0.8630136986,2565.030822,458,7128,1
43,0,static,297,292,12.82156682,12658,27,,0.8356164384,2223.907534,272.5,7128,3
43,0,rolling,297,292,14.5086937,1000,5,,0.8904109589,2852.917808,738,7128,3
43,0,static,297,292,12.82156682,11270,27,,0.8356164384,2223.907534,272.5,7128,7
43,0,rolling,297,292,13.28475975,1000,8,,0.8493150685,2407.349315,367.5,7128,7
43,0,static,298,252,12.82156682,14750,28,,0.8373015873,2429.623016,308.5,7128,0
43,0,rolling,298,252,14.40402937,1000,3,,0.880952381,3116.412698,964,7128,0
43,0,static,298,252,12.82156682,14458,28,,0.8373015873,2429.623016,308.5,7128,1
43,0,rolling,298,252,14.0042429,1000,3,,0.8650793651,2917.543651,657.5,7128,1
43,0,static,298,252,12.82156682,13276,28,,0.8373015873,2429.623016,308.5,7128,3
43,0,rolling,298,252,13.95588708,1000,5,,0.8650793651,2887.615079,626,7128,3
43,0,static,298,252,12.82156682,11270,28,,0.8373015873,2429.623016,308.5,7128,7
43,0,rolling,298,252,13.28475975,1000,9,,0.8412698413,2598.825397,397.5,7128,7
43,0,static,299,702,12.82156682,15002,29,,0.8689458689,2427.488604,353,7128,0
43,0,rolling,299,702,14.61631393,1000,3,,0.9145299145,3319.361823,1520.5,7128,0
43,0,static,299,702,12.82156682,14750,29,,0.8689458689,2427.488604,353,7128,1
43,0,rolling,299,702,14.40402937,1000,4,,0.9074074074,3227.031339,1217,7128,1
43,0,static,299,702,12.82156682,13942,29,,0.8689458689,2427.488604,353,7128,3
43,0,rolling,299,702,13.71299791,1000,5,,0.8846153846,2874.495726,642.5,7128,3
43,0,static,299,702,12.82156682,11270,29,,0.8689458689,2427.488604,353,7128,7
43,0,rolling,299,702,13.28475975,1000,10,,0.8789173789,2658.950142,495,7128,7
43,0,static,300,664,12.82156682,15704,30,,0.8388554217,2667.843373,364.5,7128,0
43,0,rolling,300,664,14.42318749,1000,3,,0.8885542169,3360.701807,1587,7128,0
43,0,static,300,664,12.82156682,15002,30,,0.8388554217,2667.843373,364.5,7128,1
43,0,rolling,300,664,14.61631393,1000,4,,0.8930722892,3456.174699,1947.5,7128,1
43,0,static,300,664,12.82156682,14458,30,,0.8388554217,2667.843373,364.5,7128,3
43,0,rolling,300,664,14.0042429,1000,5,,0.8704819277,3162.575301,1078.5,7128,3
43,0,static,300,664,12.82156682,12000,30,,0.8388554217,2667.843373,364.5,7128,7
43,0,rolling,300,664,13.43286133,1000,9,,0.8644578313,2923.712349,641,7128,7
43,0,static,301,616,12.82156682,16368,31,,0.8668831169,2950.840909,653.5,7128,0
43,0,rolling,301,616,14.62212956,1000,2,,0.9058441558,3725.022727,5008.5,7128,0
43,0,static,301,616,12.82156682,15704,31,,0.8668831169,2950.840909,653.5,7128,1
43,0,rolling,301,616,14.42318749,1000,4,,0.8993506494,3653.063312,4658.5,7128,1
43,0,static,301,616,12.82156682,14750,31,,0.8668831169,2950.840909,653.5,7128,3
43,0,rolling,301,616,14.40402937,1000,6,,0.8993506494,3645.599026,4613,7128,3
43,0,static,301,616,12.82156682,12658,31,,0.8668831169,2950.840909,653.5,7128,7
43,0,rolling,301,616,14.5086937,1000,9,,0.9042207792,3685.272727,4816.5,7128,7
43,0,static,302,570,12.82156682,16984,32,,0.8561403509,2542.545614,328.5,7128,0
43,0,rolling,302,570,14.50830173,1000,2,,0.8824561404,3233.214035,1246,7128,0
43,0,static,302,570,12.82156682,16368,32,,0.8561403509,2542.545614,328.5,7128,1
43,0,rolling,302,570,14.62212956,1000,3,,0.8859649123,3271.810526,1363,7128,1
43,0,static,302,570,12.82156682,15002,32,,0.8561403509,2542.545614,328.5,7128,3
43,0,rolling,302,570,14.61631393,1000,6,,0.8859649123,3269.654386,1355,7128,3
43,0,static,302,570,12.82156682,13276,32,,0.8561403509,2542.545614,328.5,7128,7
43,0,rolling,302,570,13.95588708,1000,9,,0.8754385965,2995.412281,809,7128,7
43,0,static,303,542,12.82156682,17554,33,,0.8726937269,2608.023985,383,7128,0
43,0,rolling,303,542,15.19628334,1000,2,,0.9243542435,3614.322878,4209.5,7128,0
43,0,static,303,542,12.82156682,16984,33,,0.8726937269,2608.023985,383,7128,1
43,0,rolling,303,542,14.50830173,1000,3,,0.905904059,3299.236162,1576.5,7128,1
43,0,static,303,542,12.82156682,15704,33,,0.8726937269,2608.023985,383,7128,3
43,0,rolling,303,542,14.42318749,1000,6,,0.9040590406,3262.719557,1472,7128,3
43,0,static,303,542,12.82156682,13942,33,,0.8726937269,2608.023985,383,7128,7
43,0,rolling,303,542,13.71299791,1000,9,,0.8874538745,2959.226937,788,7128,7
43,0,static,304,328,12.82156682,18096,34,,0.8170731707,2288.353659,293,7128,0
43,0,rolling,304,328,14.62875599,1000,2,,0.881097561,3121.942073,813.5,7128,0
43,0,static,304,328,12.82156682,17554,34,,0.8170731707,2288.353659,293,7128,1
43,0,rolling,304,328,15.19628334,1000,3,,0.8963414634,3354.832317,1493,7128,1
43,0,static,304,328,12.82156682,16368,34,,0.8170731707,2288.353659,293,7128,3
43,0,rolling,304,328,14.62212956,1000,5,,0.881097561,3118.990854,812,7128,3
43,0,static,304,328,12.82156682,14458,34,,0.8170731707,2288.353659,293,7128,7
43,0,rolling,304,328,14.0042429,1000,9,,0.8658536585,2854.807927,570,7128,7
43,0,static,305,328,12.82156682,18424,35,,0.8719512195,2198.030488,248.5,7128,0
43,0,rolling,305,328,14.67572713,1000,3,,0.9359756098,3050.271341,891,7128,0
43,0,static,305,328,12.82156682,18096,35,,0.8719512195,2198.030488,248.5,7128,1
43,0,rolling,305,328,14.62875599,1000,3,,0.9298780488,3028.868902,858,7128,1
43,0,static,305,328,12.82156682,16984,35,,0.8719512195,2198.030488,248.5,7128,3
43,0,rolling,305,328,14.50830173,1000,5,,0.9237804878,2966.417683,759.5,7128,3
43,0,static,305,328,12.82156682,14750,35,,0.8719512195,2198.030488,248.5,7128,7
43,0,rolling,305,328,14.40402937,1000,10,,0.9176829268,2896.411585,697.5,7128,7
43,0,static,306,582,12.82156682,18752,36,,0.8625429553,2451.054983,263,7128,0
43,0,rolling,306,582,14.41815567,1000,3,,0.8969072165,3027.919244,894,7128,0
43,0,static,306,582,12.82156682,18424,36,,0.8625429553,2451.054983,263,7128,1
43,0,rolling,306,582,14.67572713,1000,4,,0.8986254296,3138.87457,1099.5,7128,1
43,0,static,306,582,12.82156682,17554,36,,0.8625429553,2451.054983,263,7128,3
43,0,rolling,306,582,15.19628334,1000,5,,0.9072164948,3371.733677,1729,7128,3
43,0,static,306,582,12.82156682,15002,36,,0.8625429553,2451.054983,263,7128,7
43,0,rolling,306,582,14.61631393,1000,10,,0.8986254296,3110.56701,1061,7128,7
43,0,static,307,588,12.82156682,19334,37,,0.8537414966,2531.920068,305.5,7128,0
43,0,rolling,307,588,14.29666805,1000,3,,0.880952381,3142.457483,1017.5,7128,0
43,0,static,307,588,12.82156682,18752,37,,0.8537414966,2531.920068,305.5,7128,1
43,0,rolling,307,588,14.41815567,1000,4,,0.887755102,3192.738095,1126.5,7128,1
43,0,static,307,588,12.82156682,18096,37,,0.8537414966,2531.920068,305.5,7128,3
43,0,rolling,307,588,14.62875599,1000,5,,0.8945578231,3292.923469,1350.5,7128,3
43,0,static,307,588,12.82156682,15704,37,,0.8537414966,2531.920068,305.5,7128,7
43,0,rolling,307,588,14.42318749,1000,10,,0.887755102,3195.236395,1131,7128,7
43,0,static,308,562,12.82156682,19922,38,,0.8487544484,2639.368327,283,7128,0
43,0,rolling,308,562,14.85969417,1000,2,,0.8790035587,3362.928826,1482.5,7128,0
43,0,static,308,562,12.82156682,19334,38,,0.8487544484,2639.368327,283,7128,1
43,0,rolling,308,562,14.29666805,1000,4,,0.8736654804,3152.530249,945.5,7128,1
43,0,static,308,562,12.82156682,18424,38,,0.8487544484,2639.368327,283,7128,3
43,0,rolling,308,562,14.67572713,1000,6,,0.8790035587,3287.370107,1265.5,7128,3
43,0,static,308,562,12.82156682,16368,38,,0.8487544484,2639.368327,283,7128,7
43,0,rolling,308,562,14.62212956,1000,9,,0.8790035587,3263.976868,1194.5,7128,7
43,0,static,309,626,12.82156682,20484,39,,0.8226837061,2627.773163,312.5,7128,0
43,0,rolling,309,626,15.24742758,1000,2,,0.8801916933,3582.699681,2196,7128,0
43,0,static,309,626,12.82156682,19922,39,,0.8226837061,2627.773163,312.5,7128,1
43,0,rolling,309,626,14.85969417,1000,3,,0.8642172524,3437.039936,1547,7128,1
43,0,static,309,626,12.82156682,18752,39,,0.8226837061,2627.773163,312.5,7128,3
43,0,rolling,309,626,14.41815567,1000,6,,0.8562300319,3266.13738,1015,7128,3
43,0,static,309,626,12.82156682,16984,39,,0.8226837061,2627.773163,312.5,7128,7
43,0,rolling,309,626,14.50830173,1000,9,,0.857827476,3303.551118,1134,7128,7
43,0,static,310,620,12.82156682,21110,40,,0.864516129,2004.362903,202,7128,0
43,0,rolling,310,620,15.85629904,1000,2,,0.9370967742,3181.041935,1076.5,7128,0
43,0,static,310,620,12.82156682,20484,40,,0.864516129,2004.362903,202,7128,1
43,0,rolling,310,620,15.24742758,1000,3,,0.9209677419,2937.740323,679,7128,1
43,0,static,310,620,12.82156682,19334,40,,0.864516129,2004.362903,202,7128,3
43,0,rolling,310,620,14.29666805,1000,6,,0.9080645161,2582.416129,411,7128,3
43,0,static,310,620,12.82156682,17554,40,,0.864516129,2004.362903,202,7128,7
43,0,rolling,310,620,15.19628334,1000,9,,0.9193548387,2917.530645,666.5,7128,7
43,0,static,311,438,12.82156682,21730,41,,0.8630136986,1807.413242,182,7128,0
43,0,rolling,311,438,15.22981095,1000,2,,0.899543379,2570.239726,499.5,7128,0
43,0,static,311,438,12.82156682,21110,41,,0.8630136986,1807.413242,182,7128,1
43,0,rolling,311,438,15.85629904,1000,3,,0.9155251142,2820.543379,734.5,7128,1
43,0,static,311,438,12.82156682,19922,41,,0.8630136986,1807.413242,182,7128,3
43,0,rolling,311,438,14.85969417,1000,5,,0.8949771689,2433.554795,407,7128,3
43,0,static,311,438,12.82156682,18096,41,,0.8630136986,1807.413242,182,7128,7
43,0,rolling,311,438,14.62875599,1000,9,,0.8949771689,2362.333333,369,7128,7
43,0,static,312,460,12.82156682,22168,42,,0.8652173913,1644.71087,182,7128,0
43,0,rolling,312,460,14.37404847,1000,2,,0.897826087,2203.667391,377,7128,0
43,0,static,312,460,12.82156682,21730,42,,0.8652173913,1644.71087,182,7128,1
43,0,rolling,312,460,15.22981095,1000,3,,0.9217391304,2644.623913,547,7128,1
43,0,static,312,460,12.82156682,20484,42,,0.8652173913,1644.71087,182,7128,3
43,0,rolling,312,460,15.24742758,1000,5,,0.9217391304,2653.154348,552,7128,3
43,0,static,312,460,12.82156682,18424,42,,0.8652173913,1644.71087,182,7128,7
43,0,rolling,312,460,14.67572713,1000,10,,0.9086956522,2382.582609,438.5,7128,7
43,0,static,313,794,12.82156682,22628,43,,0.8564231738,1924.739295,182,7128,0
43,0,rolling,313,794,14.56778145,1000,3,,0.8979848866,2496.603275,413.5,7128,0
43,0,static,313,794,12.82156682,22168,43,,0.8564231738,1924.739295,182,7128,1
43,0,rolling,313,794,14.37404847,1000,3,,0.8942065491,2416.008816,382,7128,1
43,0,static,313,794,12.82156682,21110,43,,0.8564231738,1924.739295,182,7128,3
43,0,rolling,313,794,15.85629904,1000,5,,0.9219143577,3004.673804,796,7128,3
43,0,static,313,794,12.82156682,18752,43,,0.8564231738,1924.739295,182,7128,7
43,0,rolling,313,794,14.41815567,1000,10,,0.895465995,2433.745592,385,7128,7
43,0,static,314,678,12.82156682,23422,44,,0.8407079646,2048.135693,176.5,7128,0
43,0,rolling,314,678,14.5803405,1000,2,,0.8746312684,2667.023599,420.5,7128,0
43,0,static,314,678,12.82156682,22628,44,,0.8407079646,2048.135693,176.5,7128,1
43,0,rolling,314,678,14.56778145,1000,4,,0.8746312684,2662.969027,417.5,7128,1
43,0,static,314,678,12.82156682,21730,44,,0.8407079646,2048.135693,176.5,7128,3
43,0,rolling,314,678,15.22981095,1000,5,,0.8967551622,2890.772861,598,7128,3
43,0,static,314,678,12.82156682,19334,44,,0.8407079646,2048.135693,176.5,7128,7
43,0,rolling,314,678,14.29666805,1000,10,,0.8731563422,2556.803835,363,7128,7
43,0,static,315,774,12.82156682,24100,45,,0.834625323,1982.170543,191,7128,0
43,0,rolling,315,774,15.39856434,1000,2,,0.8966408269,2973.403101,826,7128,0
43,0,static,315,774,12.82156682,23422,45,,0.834625323,1982.170543,191,7128,1
43,0,rolling,315,774,14.5803405,1000,3,,0.8850129199,2620.19509,483.5,7128,1
43,0,static,315,774,12.82156682,22168,45,,0.834625323,1982.170543,191,7128,3
43,0,rolling,315,774,14.37404847,1000,5,,0.8785529716,2541.067183,434.5,7128,3
43,0,static,315,774,12.82156682,19922,45,,0.834625323,1982.170543,191,7128,7
43,0,rolling,315,774,14.85969417,1000,9,,0.8863049096,2748.475452,580,7128,7
43,0,static,316,758,12.82156682,24874,46,,0.8364116095,2013.146438,210.5,7128,0
43,0,rolling,316,758,16.05404758,1000,2,,0.926121372,3397.191293,2110,7128,0
43,0,static,316,758,12.82156682,24100,46,,0.8364116095,2013.146438,210.5,7128,1
43,0,rolling,316,758,15.39856434,1000,3,,0.9116094987,3042.146438,1285,7128,1
43,0,static,316,758,12.82156682,22628,46,,0.8364116095,2013.146438,210.5,7128,3
43,0,rolling,316,758,14.56778145,1000,6,,0.8957783641,2686.955145,667.5,7128,3
43,0,static,316,758,12.82156682,20484,46,,0.8364116095,2013.146438,210.5,7128,7
43,0,rolling,316,758,15.24742758,1000,9,,0.9089709763,2970.573879,1109.5,7128,7
43,0,static,317,630,12.82156682,25632,47,,0.8095238095,1759.503175,139.5,7128,0
43,0,rolling,317,630,15.16119957,1000,2,,0.8920634921,2500.098413,457,7128,0
43,0,static,317,630,12.82156682,24874,47,,0.8095238095,1759.503175,139.5,7128,1
43,0,rolling,317,630,16.05404758,1000,3,,0.9111111111,2842.361905,825,7128,1
43,0,static,317,630,12.82156682,23422,47,,0.8095238095,1759.503175,139.5,7128,3
43,0,rolling,317,630,14.5803405,1000,5,,0.8634920635,2311.198413,343.5,7128,3
43,0,static,317,630,12.82156682,21110,47,,0.8095238095,1759.503175,139.5,7128,7
43,0,rolling,317,630,15.85629904,1000,9,,0.9031746032,2767.414286,701,7128,7
43,0,static,318,342,12.82156682,26262,48,,0.8070175439,1791.476608,131,7128,0
43,0,rolling,318,342,15.25763726,1000,2,,0.8859649123,2546.342105,389,7128,0
43,0,static,318,342,12.82156682,25632,48,,0.8070175439,1791.476608,131,7128,1
43,0,rolling,318,342,15.16119957,1000,3,,0.8859649123,2518.342105,365,7128,1
43,0,static,318,342,12.82156682,24100,48,,0.8070175439,1791.476608,131,7128,3
43,0,rolling,318,342,15.39856434,1000,5,,0.8918128655,2584.190058,426,7128,3
43,0,static,318,342,12.82156682,21730,48,,0.8070175439,1791.476608,131,7128,7
43,0,rolling,318,342,15.22981095,1000,9,,0.8859649123,2538.80117,382,7128,7
43,0,static,319,324,12.82156682,26604,49,,0.8364197531,1974.496914,133,7128,0
43,0,rolling,319,324,15.68521625,1000,3,,0.9228395062,2761.290123,668.5,7128,0
43,0,static,319,324,12.82156682,26262,49,,0.8364197531,1974.496914,133,7128,1
43,0,rolling,319,324,15.25763726,1000,3,,0.9135802469,2601.641975,481,7128,1
43,0,static,319,324,12.82156682,24874,49,,0.8364197531,1974.496914,133,7128,3
43,0,rolling,319,324,16.05404758,1000,5,,0.9290123457,2909.074074,856,7128,3
43,0,static,319,324,12.82156682,22168,49,,0.8364197531,1974.496914,133,7128,7
43,0,rolling,319,324,14.37404847,1000,9,,0.8765432099,2302.648148,281,7128,7
43,0,static,320,736,12.82156682,26928,50,,0.8057065217,2296.876359,189,7128,0
43,0,rolling,320,736,15.4726612,1000,3,,0.8845108696,3224.701087,1072.5,7128,0
43,0,static,320,736,12.82156682,26604,50,,0.8057065217,2296.876359,189,7128,1
43,0,rolling,320,736,15.68521625,1000,4,,0.8858695652,3299.557065,1244.5,7128,1
43,0,static,320,736,12.82156682,25632,50,,0.8057065217,2296.876359,189,7128,3
43,0,rolling,320,736,15.16119957,1000,5,,0.8777173913,3108.998641,821.5,7128,3
43,0,static,320,736,12.82156682,22628,50,,0.8057065217,2296.876359,189,7128,7
43,0,rolling,320,736,14.56778145,1000,10,,0.8573369565,2906.69837,539,7128,7
43,0,static,321,680,12.82156682,27664,51,,0.8073529412,2050.351471,169,7128,0
43,0,rolling,321,680,15.70384145,1000,2,,0.8941176471,3097.697059,1158,7128,0
43,0,static,321,680,12.82156682,26928,51,,0.8073529412,2050.351471,169,7128,1
43,0,rolling,321,680,15.4726612,1000,4,,0.8911764706,2992.75,944,7128,1
43,0,static,321,680,12.82156682,26262,51,,0.8073529412,2050.351471,169,7128,3
43,0,rolling,321,680,15.25763726,1000,5,,0.8808823529,2887.263235,779,7128,3
43,0,static,321,680,12.82156682,23422,51,,0.8073529412,2050.351471,169,7128,7
43,0,rolling,321,680,14.5803405,1000,9,,0.8588235294,2597.055882,500.5,7128,7
43,0,static,322,668,12.82156682,28344,52,,0.8083832335,2274.980539,186,7128,0
43,0,rolling,322,668,16.25162609,1000,2,,0.9206586826,3530.982036,2273,7128,0
43,0,static,322,668,12.82156682,27664,52,,0.8083832335,2274.980539,186,7128,1
43,0,rolling,322,668,15.70384145,1000,3,,0.9026946108,3285.257485,1339,7128,1
43,0,static,322,668,12.82156682,26604,52,,0.8083832335,2274.980539,186,7128,3
43,0,rolling,322,668,15.68521625,1000,6,,0.9011976048,3277.128743,1321.5,7128,3
43,0,static,322,668,12.82156682,24100,52,,0.8083832335,2274.980539,186,7128,7
43,0,rolling,322,668,15.39856434,1000,9,,0.8922155689,3144.55988,1047.5,7128,7
43,0,static,323,668,12.82156682,29012,53,,0.7754491018,1913.523952,186.5,7128,0
43,0,rolling,323,668,15.85826111,1000,2,,0.877245509,3205.625749,1315,7128,0
43,0,static,323,668,12.82156682,28344,53,,0.7754491018,1913.523952,186.5,7128,1
43,0,rolling,323,668,16.25162609,1000,3,,0.8907185629,3388.501497,1723.5,7128,1
43,0,static,323,668,12.82156682,26928,53,,0.7754491018,1913.523952,186.5,7128,3
43,0,rolling,323,668,15.4726612,1000,6,,0.8637724551,3043.041916,1004.5,7128,3
43,0,static,323,668,12.82156682,24874,53,,0.7754491018,1913.523952,186.5,7128,7
43,0,rolling,323,668,16.05404758,1000,9,,0.8832335329,3300.965569,1519.5,7128,7
43,0,static,324,796,12.82156682,29680,54,,0.7864321608,1948.072864,147,7128,0
43,0,rolling,324,796,16.4412092,1000,2,,0.8831658291,3186.757538,1091.5,7128,0
43,0,static,324,796,12.82156682,29012,54,,0.7864321608,1948.072864,147,7128,1
43,0,rolling,324,796,15.85826111,1000,3,,0.8706030151,2956.072864,739.5,7128,1
43,0,static,324,796,12.82156682,27664,54,,0.7864321608,1948.072864,147,7128,3
43,0,rolling,324,796,15.70384145,1000,5,,0.864321608,2893.204774,661,7128,3
43,0,static,324,796,12.82156682,25632,54,,0.7864321608,1948.072864,147,7128,7
43,0,rolling,324,796,15.16119957,1000,9,,0.8479899497,2686.06407,459,7128,7
43,0,static,325,398,12.82156682,30476,55,,0.7462311558,2090.072864,112.5,7128,0
43,0,rolling,325,398,17.08714294,1000,2,,0.8693467337,3166.067839,954.5,7128,0
43,0,static,325,398,12.82156682,29680,55,,0.7462311558,2090.072864,112.5,7128,1
43,0,rolling,325,398,16.4412092,1000,3,,0.8492462312,2970.829146,577.5,7128,1
43,0,static,325,398,12.82156682,28344,55,,0.7462311558,2090.072864,112.5,7128,3
43,0,rolling,325,398,16.25162609,1000,5,,0.8492462312,2909.761307,511,7128,3
43,0,static,325,398,12.82156682,26262,55,,0.7462311558,2090.072864,112.5,7128,7
43,0,rolling,325,398,15.25763726,1000,9,,0.8140703518,2618.668342,311.5,7128,7
43,0,static,326,422,12.82156682,30874,56,,0.8127962085,1468.267773,91,7118.5,0
43,0,rolling,326,422,17.67976773,1000,2,,0.9004739336,2850.540284,594,7128,0
43,0,static,326,422,12.82156682,30476,56,,0.8127962085,1468.267773,91,7118.5,1
43,0,rolling,326,422,17.08714294,1000,3,,0.8909952607,2658.817536,449.5,7128,1
43,0,static,326,422,12.82156682,29012,56,,0.8127962085,1468.267773,91,7118.5,3
43,0,rolling,326,422,15.85826111,1000,5,,0.8625592417,2257.417062,252,7128,3
43,0,static,326,422,12.82156682,26604,56,,0.8127962085,1468.267773,91,7118.5,7
43,0,rolling,326,422,15.68521625,1000,10,,0.8625592417,2199.324645,239,7128,7
43,0,static,327,738,12.82156682,31296,57,,0.7926829268,1985.743902,137.5,7128,0
43,0,rolling,327,738,17.81946911,1000,3,,0.9119241192,3654.060976,4177,7128,0
43,0,static,327,738,12.82156682,30874,57,,0.7926829268,1985.743902,137.5,7128,1
43,0,rolling,327,738,17.67976773,1000,3,,0.9105691057,3604.04065,2640,7128,1
43,0,static,327,738,12.82156682,29680,57,,0.7926829268,1985.743902,137.5,7128,3
43,0,rolling,327,738,16.4412092,1000,5,,0.8834688347,3120.98374,1011,7128,3
43,0,static,327,738,12.82156682,26928,57,,0.7926829268,1985.743902,137.5,7128,7
43,0,rolling,327,738,15.4726612,1000,10,,0.8577235772,2805.924119,493,7128,7
43,0,static,328,600,12.82156682,32034,58,,0.775,2009.305,153.5,7128,0
43,0,rolling,328,600,17.38096824,1000,2,,0.9066666667,3725.716667,4462.5,7128,0
43,0,static,328,600,12.82156682,31296,58,,0.775,2009.305,153.5,7128,1
43,0,rolling,328,600,17.81946911,1000,4,,0.9116666667,3883.496667,5300,7128,1
43,0,static,328,600,12.82156682,30476,58,,0.775,2009.305,153.5,7128,3
43,0,rolling,328,600,17.08714294,1000,5,,0.9033333333,3620.036667,2439,7128,3
43,0,static,328,600,12.82156682,27664,58,,0.775,2009.305,153.5,7128,7
43,0,rolling,328,600,15.70384145,1000,9,,0.8666666667,3134.786667,955,7128,7
43,0,static,329,684,12.82156682,32634,59,,0.7909356725,2095.608187,170,7128,0
43,0,rolling,329,684,17.32622719,1000,2,,0.9342105263,3737.016082,4515,7128,0
43,0,static,329,684,12.82156682,32034,59,,0.7909356725,2095.608187,170,7128,1
43,0,rolling,329,684,17.38096824,1000,3,,0.9371345029,3756.324561,4627,7128,1
43,0,static,329,684,12.82156682,30874,59,,0.7909356725,2095.608187,170,7128,3
43,0,rolling,329,684,17.67976773,1000,5,,0.9429824561,3876.530702,5138,7128,3
43,0,static,329,684,12.82156682,28344,59,,0.7909356725,2095.608187,170,7128,7
43,0,rolling,329,684,16.25162609,1000,9,,0.9108187135,3316.067251,1458.5,7128,7
43,0,static,330,640,12.82156682,33318,60,,0.784375,1968.646875,151,7128,0
43,0,rolling,330,640,16.08044034,1000,2,,0.8859375,3122.132812,1055.5,7128,0
43,0,static,330,640,12.82156682,32634,60,,0.784375,1968.646875,151,7128,1
43,0,rolling,330,640,17.32622719,1000,3,,0.925,3642.442187,4276.5,7128,1
43,0,static,330,640,12.82156682,31296,60,,0.784375,1968.646875,151,7128,3
43,0,rolling,330,640,17.81946911,1000,6,,0.93125,3820.85,5164,7128,3
43,0,static,330,640,12.82156682,29012,60,,0.784375,1968.646875,151,7128,7
43,0,rolling,330,640,15.85826111,1000,9,,0.8828125,3038.571875,914,7128,7
43,0,static,331,506,12.82156682,33958,61,,0.8280632411,2037.009881,150,7128,0
43,0,rolling,331,506,16.47670078,1000,2,,0.9110671937,3318.913043,1618,7128,0
43,0,static,331,506,12.82156682,33318,61,,0.8280632411,2037.009881,150,7128,1
43,0,rolling,331,506,16.08044034,1000,3,,0.9090909091,3152.62253,1152,7128,1
43,0,static,331,506,12.82156682,32034,61,,0.8280632411,2037.009881,150,7128,3
43,0,rolling,331,506,17.38096824,1000,5,,0.918972332,3718.310277,4433.5,7128,3
43,0,static,331,506,12.82156682,29680,61,,0.8280632411,2037.009881,150,7128,7
43,0,rolling,331,506,16.4412092,1000,9,,0.9110671937,3304.899209,1566,7128,7
43,0,static,332,318,12.82156682,34464,62,,0.8113207547,2072.676101,129.5,7128,0
43,0,rolling,332,318,16.43947649,1000,2,,0.893081761,3063.842767,570.5,7128,0
43,0,static,332,318,12.82156682,33958,62,,0.8113207547,2072.676101,129.5,7128,1
43,0,rolling,332,318,16.47670078,1000,3,,0.8962264151,3072.040881,580.5,7128,1
43,0,static,332,318,12.82156682,32634,62,,0.8113207547,2072.676101,129.5,7128,3
43,0,rolling,332,318,17.32622719,1000,5,,0.9088050314,3303.955975,1291,7128,3
43,0,static,332,318,12.82156682,30476,62,,0.8113207547,2072.676101,129.5,7128,7
43,0,rolling,332,318,17.08714294,1000,9,,0.9088050314,3233.858491,1046.5,7128,7
43,0,static,333,342,12.82156682,34782,63,,0.7251461988,1961.654971,123,7128,0
43,0,rolling,333,342,16.00991732,1000,3,,0.8391812865,2816.578947,427.5,7128,0
43,0,static,333,342,12.82156682,34464,63,,0.7251461988,1961.654971,123,7128,1
43,0,rolling,333,342,16.43947649,1000,3,,0.850877193,2957.134503,570,7128,1
43,0,static,333,342,12.82156682,33318,63,,0.7251461988,1961.654971,123,7128,3
43,0,rolling,333,342,16.08044034,1000,5,,0.8391812865,2838.421053,440.5,7128,3
43,0,static,333,342,12.82156682,30874,63,,0.7251461988,1961.654971,123,7128,7
43,0,rolling,333,342,17.67976773,1000,9,,0.8742690058,3324.394737,1436,7128,7
43,0,static,334,700,12.82156682,35124,64,,0.7814285714,1831.325714,131.5,7128,0
43,0,rolling,334,700,17.38920009,1000,3,,0.9157142857,3463.767143,2191.5,7128,0
43,0,static,334,700,12.82156682,34782,64,,0.7814285714,1831.325714,131.5,7128,1
43,0,rolling,334,700,16.00991732,1000,4,,0.88,2888.902857,698,7128,1
43,0,static,334,700,12.82156682,33958,64,,0.7814285714,1831.325714,131.5,7128,3
43,0,rolling,334,700,16.47670078,1000,5,,0.8928571429,3077.828571,1024,7128,3
43,0,static,334,700,12.82156682,31296,64,,0.7814285714,1831.325714,131.5,7128,7
43,0,rolling,334,700,17.81946911,1000,10,,0.9214285714,3635.162857,4340,7128,7
43,0,static,335,656,12.82156682,35824,65,,0.7942073171,1916.507622,127,7128,0
43,0,rolling,335,656,17.41037369,1000,2,,0.9054878049,3519.670732,2352,7128,0
43,0,static,335,656,12.82156682,35124,65,,0.7942073171,1916.507622,127,7128,1
43,0,rolling,335,656,17.38920009,1000,4,,0.9054878049,3512.028963,2311.5,7128,1
43,0,static,335,656,12.82156682,34464,65,,0.7942073171,1916.507622,127,7128,3
43,0,rolling,335,656,16.43947649,1000,5,,0.8841463415,3119.6875,1089,7128,3
43,0,static,335,656,12.82156682,32034,65,,0.7942073171,1916.507622,127,7128,7
43,0,rolling,335,656,17.38096824,1000,9,,0.9054878049,3508.978659,2302.5,7128,7
43,0,static,336,632,12.82156682,36480,66,,0.7674050633,1932.313291,127.5,7128,0
43,0,rolling,336,632,17.37759769,1000,2,,0.8971518987,3435.727848,1990,7128,0
43,0,static,336,632,12.82156682,35824,66,,0.7674050633,1932.313291,127.5,7128,1
43,0,rolling,336,632,17.41037369,1000,3,,0.8971518987,3451.053797,2046,7128,1
43,0,static,336,632,12.82156682,34782,66,,0.7674050633,1932.313291,127.5,7128,3
43,0,rolling,336,632,16.00991732,1000,6,,0.8544303797,2888.969937,736.5,7128,3
43,0,static,336,632,12.82156682,32634,66,,0.7674050633,1932.313291,127.5,7128,7
43,0,rolling,336,632,17.32622719,1000,9,,0.8939873418,3411.971519,1901.5,7128,7
43,0,static,337,552,12.82156682,37112,67,,0.7554347826,1709.184783,104,7128,0
43,0,rolling,337,552,17.46207809,1000,2,,0.9094202899,3308.735507,1444,7128,0
43,0,static,337,552,12.82156682,36480,67,,0.7554347826,1709.184783,104,7128,1
43,0,rolling,337,552,17.37759769,1000,3,,0.9076086957,3275.969203,1371,7128,1
43,0,static,337,552,12.82156682,35124,67,,0.7554347826,1709.184783,104,7128,3
43,0,rolling,337,552,17.38920009,1000,6,,0.9076086957,3280.458333,1381,7128,3
43,0,static,337,552,12.82156682,33318,67,,0.7554347826,1709.184783,104,7128,7
43,0,rolling,337,552,16.08044034,1000,9,,0.865942029,2748.418478,540.5,7128,7
43,0,static,338,496,12.82156682,37664,68,,0.7721774194,1915.09879,127,7128,0
43,0,rolling,338,496,17.42774224,1000,2,,0.8911290323,3390.28629,1737,7128,0
43,0,static,338,496,12.82156682,37112,68,,0.7721774194,1915.09879,127,7128,1
43,0,rolling,338,496,17.46207809,1000,3,,0.8911290323,3401.520161,1774.5,7128,1
43,0,static,338,496,12.82156682,35824,68,,0.7721774194,1915.09879,127,7128,3
43,0,rolling,338,496,17.41037369,1000,5,,0.8870967742,3384.493952,1719.5,7128,3
43,0,static,338,496,12.82156682,33958,68,,0.7721774194,1915.09879,127,7128,7
43,0,rolling,338,496,16.47670078,1000,9,,0.872983871,3021.304435,926.5,7128,7
43,0,static,339,328,12.82156682,38160,69,,0.8018292683,1403.753049,98,7040.2,0
43,0,rolling,339,328,17.41378117,1000,2,,0.8902439024,2976.570122,1043,7128,0
43,0,static,339,328,12.82156682,37664,69,,0.8018292683,1403.753049,98,7040.2,1
43,0,rolling,339,328,17.42774224,1000,3,,0.8902439024,2981.612805,1055,7128,1
43,0,static,339,328,12.82156682,36480,69,,0.8018292683,1403.753049,98,7040.2,3
43,0,rolling,339,328,17.37759769,1000,5,,0.8902439024,2964.42378,1012,7128,3
43,0,static,339,328,12.82156682,34464,69,,0.8018292683,1403.753049,98,7040.2,7
43,0,rolling,339,328,16.43947649,1000,9,,0.887195122,2658.667683,485.5,7128,7
43,0,static,340,328,12.82156682,38488,70,,0.7682926829,1895.594512,124,7128,0
43,0,rolling,340,328,17.98474717,1000,3,,0.9176829268,3409.295732,1574,7128,0
43,0,static,340,328,12.82156682,38160,70,,0.7682926829,1895.594512,124,7128,1
43,0,rolling,340,328,17.41378117,1000,3,,0.9024390244,3199.820122,1103,7128,1
43,0,static,340,328,12.82156682,37112,70,,0.7682926829,1895.594512,124,7128,3
43,0,rolling,340,328,17.46207809,1000,5,,0.9115853659,3214.20122,1128,7128,3
43,0,static,340,328,12.82156682,34782,70,,0.7682926829,1895.594512,124,7128,7
43,0,rolling,340,328,16.00991732,1000,10,,0.8536585366,2787.253049,417.5,7128,7
43,0,static,341,576,12.82156682,38816,71,,0.7829861111,1880.364583,121,7128,0
43,0,rolling,341,576,17.7517786,1000,3,,0.9027777778,3435.258681,1879,7128,0
43,0,static,341,576,12.82156682,38488,71,,0.7829861111,1880.364583,121,7128,1
43,0,rolling,341,576,17.98474717,1000,4,,0.9079861111,3516.421875,2164,7128,1
43,0,static,341,576,12.82156682,37664,71,,0.7829861111,1880.364583,121,7128,3
43,0,rolling,341,576,17.42774224,1000,5,,0.8993055556,3341.774306,1396.5,7128,3
43,0,static,341,576,12.82156682,35124,71,,0.7829861111,1880.364583,121,7128,7
43,0,rolling,341,576,17.38920009,1000,10,,0.8993055556,3330.010417,1355.5,7128,7
43,0,static,342,636,12.82156682,39392,72,,0.7987421384,1968.779874,112,7128,0
43,0,rolling,342,636,17.37835312,1000,3,,0.9009433962,3203.001572,1214.5,7128,0
43,0,static,342,636,12.82156682,38816,72,,0.7987421384,1968.779874,112,7128,1
43,0,rolling,342,636,17.7517786,1000,4,,0.9088050314,3326.545597,1424,7128,1
43,0,static,342,636,12.82156682,38160,72,,0.7987421384,1968.779874,112,7128,3
43,0,rolling,342,636,17.41378117,1000,5,,0.9009433962,3213.408805,1237,7128,3
43,0,static,342,636,12.82156682,35824,72,,0.7987421384,1968.779874,112,7128,7
43,0,rolling,342,636,17.41037369,1000,9,,0.9009433962,3212.311321,1236,7128,7
43,0,static,343,642,12.82156682,40028,73,,0.7352024922,2171.006231,156,7128,0
43,0,rolling,343,642,17.6502533,1000,2,,0.8785046729,3828.819315,5601,7128,0
43,0,static,343,642,12.82156682,39392,73,,0.7352024922,2171.006231,156,7128,1
43,0,rolling,343,642,17.37835312,1000,4,,0.8691588785,3732.841121,5137,7128,1
43,0,static,343,642,12.82156682,38488,73,,0.7352024922,2171.006231,156,7128,3
43,0,rolling,343,642,17.98474717,1000,6,,0.8956386293,3938.104361,6084.5,7128,3
43,0,static,343,642,12.82156682,36480,73,,0.7352024922,2171.006231,156,7128,7
43,0,rolling,343,642,17.37759769,1000,9,,0.8691588785,3732.5919,5136.5,7128,7
43,0,static,344,650,12.82156682,40670,74,,0.7661538462,1972.092308,108,7128,0
43,0,rolling,344,650,18.14641464,1000,2,,0.8846153846,3506.086154,1993,7128,0
43,0,static,344,650,12.82156682,40028,74,,0.7661538462,1972.092308,108,7128,1
43,0,rolling,344,650,17.6502533,1000,3,,0.8769230769,3349.581538,1300,7128,1
43,0,static,344,650,12.82156682,38816,74,,0.7661538462,1972.092308,108,7128,3
43,0,rolling,344,650,17.7517786,1000,6,,0.88,3379.718462,1414,7128,3
43,0,static,344,650,12.82156682,37112,74,,0.7661538462,1972.092308,108,7128,7
43,0,rolling,344,650,17.46207809,1000,9,,0.8723076923,3294.772308,1160.5,7128,7
43,0,static,345,586,12.82156682,41320,75,,0.8037542662,2302.440273,144,7128,0
43,0,rolling,345,586,18.85023856,1000,2,,0.9146757679,4009.641638,6284.5,7128,0
43,0,static,345,586,12.82156682,40670,75,,0.8037542662,2302.440273,144,7128,1
43,0,rolling,345,586,18.14641464,1000,3,,0.909556314,3834.255973,5468.5,7128,1
43,0,static,345,586,12.82156682,39392,75,,0.8037542662,2302.440273,144,7128,3
43,0,rolling,345,586,17.37835312,1000,6,,0.8959044369,3623.677474,4414,7128,3
43,0,static,345,586,12.82156682,37664,75,,0.8037542662,2302.440273,144,7128,7
43,0,rolling,345,586,17.42774224,1000,9,,0.8959044369,3639.629693,4485,7128,7
43,0,static,346,224,12.82156682,41906,76,,0.7678571429,1327.441964,72.5,7128,0
43,0,rolling,346,224,18.04806805,1000,2,,0.9107142857,2592.5,447,7128,0
43,0,static,346,224,12.82156682,41320,76,,0.7678571429,1327.441964,72.5,7128,1
43,0,rolling,346,224,18.85023856,1000,3,,0.9151785714,2804.977679,663.5,7128,1
43,0,static,346,224,12.82156682,40028,76,,0.7678571429,1327.441964,72.5,7128,3
43,0,rolling,346,224,17.6502533,1000,5,,0.9017857143,2481.491071,392.5,7128,3
43,0,static,346,224,12.82156682,38160,76,,0.7678571429,1327.441964,72.5,7128,7
43,0,rolling,346,224,17.41378117,1000,9,,0.9017857143,2419.330357,363.5,7128,7
43,0,static,347,306,12.82156682,42130,77,,0.8366013072,1478.934641,65,7125.5,0
43,0,rolling,347,306,17.74265146,1000,3,,0.908496732,2539.617647,336,7128,0
43,0,static,347,306,12.82156682,41906,77,,0.8366013072,1478.934641,65,7125.5,1
43,0,rolling,347,306,18.04806805,1000,3,,0.908496732,2649.20915,397,7128,1
43,0,static,347,306,12.82156682,40670,77,,0.8366013072,1478.934641,65,7125.5,3
43,0,rolling,347,306,18.14641464,1000,5,,0.9117647059,2674.30719,412.5,7128,3
43,0,static,347,306,12.82156682,38488,77,,0.8366013072,1478.934641,65,7125.5,7
43,0,rolling,347,306,17.98474717,1000,10,,0.908496732,2632.767974,387,7128,7
43,0,static,348,714,12.82156682,42436,78,,0.8053221289,1880.089636,104,7128,0
43,0,rolling,348,714,17.69570606,1000,3,,0.906162465,3222.726891,1215.5,7128,0
43,0,static,348,714,12.82156682,42130,78,,0.8053221289,1880.089636,104,7128,1
43,0,rolling,348,714,17.74265146,1000,4,,0.9103641457,3239.872549,1245.5,7128,1
43,0,static,348,714,12.82156682,41320,78,,0.8053221289,1880.089636,104,7128,3
43,0,rolling,348,714,18.85023856,1000,5,,0.9243697479,3591.147059,2983,7128,3
43,0,static,348,714,12.82156682,38816,78,,0.8053221289,1880.089636,104,7128,7
43,0,rolling,348,714,17.7517786,1000,10,,0.9103641457,3243.056022,1253,7128,7
43,0,static,349,600,12.82156682,43150,79,,0.7366666667,1696.335,83,7128,0
43,0,rolling,349,600,17.16855478,1000,2,,0.8466666667,2751.498333,506,7128,0
43,0,static,349,600,12.82156682,42436,79,,0.7366666667,1696.335,83,7128,1
43,0,rolling,349,600,17.69570606,1000,4,,0.8483333333,2913.116667,724.5,7128,1
43,0,static,349,600,12.82156682,41906,79,,0.7366666667,1696.335,83,7128,3
43,0,rolling,349,600,18.04806805,1000,5,,0.86,3029.328333,960,7128,3
43,0,static,349,600,12.82156682,39392,79,,0.7366666667,1696.335,83,7128,7
43,0,rolling,349,600,17.37835312,1000,10,,0.8466666667,2816.2,571.5,7128,7
43,0,static,350,656,12.82156682,43750,80,,0.7179878049,1378.41311,71.5,7127.5,0
43,0,rolling,350,656,19.52814865,1000,2,,0.8948170732,3119.515244,1009,7128,0
43,0,static,350,656,12.82156682,43150,80,,0.7179878049,1378.41311,71.5,7127.5,1
43,0,rolling,350,656,17.16855478,1000,3,,0.8445121951,2431.330793,336,7128,1
43,0,static,350,656,12.82156682,42130,80,,0.7179878049,1378.41311,71.5,7127.5,3
43,0,rolling,350,656,17.74265146,1000,6,,0.8582317073,2589.734756,422,7128,3
43,0,static,350,656,12.82156682,40028,80,,0.7179878049,1378.41311,71.5,7127.5,7
43,0,rolling,350,656,17.6502533,1000,9,,0.8582317073,2566.439024,408,7128,7
43,0,static,351,522,12.82156682,44406,81,,0.7318007663,1512.586207,67,7128,0
43,0,rolling,351,522,20.24399853,1000,2,,0.8754789272,3424.12069,1739.5,7128,0
43,0,static,351,522,12.82156682,43750,81,,0.7318007663,1512.586207,67,7128,1
43,0,rolling,351,522,19.52814865,1000,3,,0.8620689655,3164.293103,1163,7128,1
43,0,static,351,522,12.82156682,42436,81,,0.7318007663,1512.586207,67,7128,3
43,0,rolling,351,522,17.69570606,1000,6,,0.8352490421,2529.542146,403,7128,3
43,0,static,351,522,12.82156682,40670,81,,0.7318007663,1512.586207,67,7128,7
43,0,rolling,351,522,18.14641464,1000,9,,0.8448275862,2664.285441,531,7128,7
43,0,static,352,462,12.82156682,44928,82,,0.7251082251,1543.614719,77.5,7128,0
43,0,rolling,352,462,20.77940273,1000,2,,0.9199134199,3644.525974,2706.5,7128,0
43,0,static,352,462,12.82156682,44406,82,,0.7251082251,1543.614719,77.5,7128,1
43,0,rolling,352,462,20.24399853,1000,3,,0.9047619048,3474.963203,1934,7128,1
43,0,static,352,462,12.82156682,43150,82,,0.7251082251,1543.614719,77.5,7128,3
43,0,rolling,352,462,17.16855478,1000,5,,0.8484848485,2451.536797,360.5,7128,3
43,0,static,352,462,12.82156682,41320,82,,0.7251082251,1543.614719,77.5,7128,7
43,0,rolling,352,462,18.85023856,1000,9,,0.8874458874,3030.318182,845,7128,7
43,0,static,353,242,12.82156682,45390,83,,0.6900826446,1364.595041,71.5,7105,0
43,0,rolling,353,242,20.71610212,1000,3,,0.8719008264,3559.57438,2326.5,7128,0
43,0,static,353,242,12.82156682,44928,83,,0.6900826446,1364.595041,71.5,7105,1
43,0,rolling,353,242,20.77940273,1000,3,,0.8719008264,3582.033058,2628.5,7128,1
43,0,static,353,242,12.82156682,43750,83,,0.6900826446,1364.595041,71.5,7105,3
43,0,rolling,353,242,19.52814865,1000,5,,0.8595041322,3201.805785,1161,7128,3
43,0,static,353,242,12.82156682,41906,83,,0.6900826446,1364.595041,71.5,7105,7
43,0,rolling,353,242,18.04806805,1000,9,,0.8223140496,2750.797521,468.5,7128,7
43,0,static,354,238,12.82156682,45632,84,,0.6974789916,1679.567227,69.5,7128,0
43,0,rolling,354,238,20.84510708,1000,3,,0.8991596639,3797.268908,4637.5,7128,0
43,0,static,354,238,12.82156682,45390,84,,0.6974789916,1679.567227,69.5,7128,1
43,0,rolling,354,238,20.71610212,1000,4,,0.8991596639,3761.617647,4416,7128,1
43,0,static,354,238,12.82156682,44406,84,,0.6974789916,1679.567227,69.5,7128,3
43,0,rolling,354,238,20.24399853,1000,5,,0.8949579832,3597.794118,2321.5,7128,3
43,0,static,354,238,12.82156682,42130,84,,0.6974789916,1679.567227,69.5,7128,7
43,0,rolling,354,238,17.74265146,1000,10,,0.8151260504,2907.201681,508,7128,7
43,0,static,355,578,12.82156682,45870,85,,0.6903114187,1775.678201,89,7128,0
43,0,rolling,355,578,20.99882436,1000,4,,0.901384083,4045.384083,6009.5,7128,0
43,0,static,355,578,12.82156682,45632,85,,0.6903114187,1775.678201,89,7128,1
43,0,rolling,355,578,20.84510708,1000,4,,0.8996539792,3998.579585,5861.5,7128,1
43,0,static,355,578,12.82156682,44928,85,,0.6903114187,1775.678201,89,7128,3
43,0,rolling,355,578,20.77940273,1000,5,,0.8996539792,3981.446367,5780,7128,3
43,0,static,355,578,12.82156682,42436,85,,0.6903114187,1775.678201,89,7128,7
43,0,rolling,355,578,17.69570606,1000,10,,0.8339100346,3047.742215,796.5,7128,7
43,0,static,356,548,12.82156682,46448,86,,0.7299270073,1875.921533,93.5,7128,0
43,0,rolling,356,548,21.27048206,1000,3,,0.9105839416,3988.155109,5642.5,7128,0
43,0,static,356,548,12.82156682,45870,86,,0.7299270073,1875.921533,93.5,7128,1
43,0,rolling,356,548,20.99882436,1000,5,,0.9051094891,3911.527372,5244.5,7128,1
43,0,static,356,548,12.82156682,45390,86,,0.7299270073,1875.921533,93.5,7128,3
43,0,rolling,356,548,20.71610212,1000,6,,0.8996350365,3819.031022,4860.5,7128,3
43,0,static,356,548,12.82156682,43150,86,,0.7299270073,1875.921533,93.5,7128,7
43,0,rolling,356,548,17.16855478,1000,9,,0.8448905109,2879.383212,418.5,7128,7
43,0,static,357,406,12.82156682,46996,87,,0.7413793103,1151.315271,66,7065,0
43,0,rolling,357,406,20.72033882,1000,2,,0.9113300493,3303.857143,1562.5,7128,0
43,0,static,357,406,12.82156682,46448,87,,0.7413793103,1151.315271,66,7065,1
43,0,rolling,357,406,21.27048206,1000,4,,0.9187192118,3502.036946,2321,7128,1
43,0,static,357,406,12.82156682,45632,87,,0.7413793103,1151.315271,66,7065,3
43,0,rolling,357,406,20.84510708,1000,6,,0.9137931034,3343.817734,1710,7128,3
43,0,static,357,406,12.82156682,43750,87,,0.7413793103,1151.315271,66,7065,7
43,0,rolling,357,406,19.52814865,1000,9,,0.8891625616,2866.480296,669,7128,7
43,0,static,358,300,12.82156682,47402,88,,0.77,1288.906667,64,7128,0
43,0,rolling,358,300,20.21060859,1000,3,,0.91,2869.486667,596.5,7128,0
43,0,static,358,300,12.82156682,46996,88,,0.77,1288.906667,64,7128,1
43,0,rolling,358,300,20.72033882,1000,3,,0.9133333333,3010.94,785,7128,1
43,0,static,358,300,12.82156682,45870,88,,0.77,1288.906667,64,7128,3
43,0,rolling,358,300,20.99882436,1000,7,,0.9166666667,3079.966667,881,7128,3
43,0,static,358,300,12.82156682,44406,88,,0.77,1288.906667,64,7128,7
43,0,rolling,358,300,20.24399853,1000,9,,0.9133333333,2879.916667,605,7128,7
43,0,static,359,330,12.82156682,47702,89,,0.8181818182,2062.324242,111.5,7128,0
43,0,rolling,359,330,19.9138931,1000,3,,0.9333333333,4088.678788,6291.5,7128,0
43,0,static,359,330,12.82156682,47402,89,,0.8181818182,2062.324242,111.5,7128,1
43,0,rolling,359,330,20.21060859,1000,4,,0.9363636364,4171.712121,6577.5,7128,1
43,0,static,359,330,12.82156682,46448,89,,0.8181818182,2062.324242,111.5,7128,3
43,0,rolling,359,330,21.27048206,1000,6,,0.9393939394,4466.930303,6967,7128,3
43,0,static,359,330,12.82156682,44928,89,,0.8181818182,2062.324242,111.5,7128,7
43,0,rolling,359,330,20.77940273,1000,9,,0.9393939394,4332.751515,6868,7128,7
43,0,static,360,228,12.82156682,48032,90,,0.7368421053,1377.473684,48,7120.3,0
43,0,rolling,360,228,18.90044785,1000,3,,0.8815789474,2723.710526,502,7128,0
43,0,static,360,228,12.82156682,47702,90,,0.7368421053,1377.473684,48,7120.3,1
43,0,rolling,360,228,19.9138931,1000,4,,0.9078947368,2995.890351,1091.5,7128,1
43,0,static,360,228,12.82156682,46996,90,,0.7368421053,1377.473684,48,7120.3,3
43,0,rolling,360,228,20.72033882,1000,5,,0.9298245614,3267.285088,1667.5,7128,3
43,0,static,360,228,12.82156682,45390,90,,0.7368421053,1377.473684,48,7120.3,7
43,0,rolling,360,228,20.71610212,1000,10,,0.9298245614,3265.578947,1665,7128,7
43,0,static,361,246,12.82156682,48260,91,,0.7357723577,1239.211382,52.5,7125.5,0
43,0,rolling,361,246,19.44130796,1000,4,,0.8943089431,2808.97561,589.5,7128,0
43,0,static,361,246,12.82156682,48032,91,,0.7357723577,1239.211382,52.5,7125.5,1
43,0,rolling,361,246,18.90044785,1000,4,,0.8821138211,2631.186992,469,7128,1
43,0,static,361,246,12.82156682,47402,91,,0.7357723577,1239.211382,52.5,7125.5,3
43,0,rolling,361,246,20.21060859,1000,6,,0.9146341463,3044.044715,821.5,7128,3
43,0,static,361,246,12.82156682,45632,91,,0.7357723577,1239.211382,52.5,7125.5,7
43,0,rolling,361,246,20.84510708,1000,10,,0.9146341463,3201.46748,1100,7128,7
43,0,static,362,620,12.82156682,48506,92,,0.7983870968,1256.140323,63,7127,0
43,0,rolling,362,620,19.25792217,1000,4,,0.9274193548,2668.027419,400.5,7128,0
43,0,static,362,620,12.82156682,48260,92,,0.7983870968,1256.140323,63,7127,1
43,0,rolling,362,620,19.44130796,1000,5,,0.935483871,2727.022581,430,7128,1
43,0,static,362,620,12.82156682,47702,92,,0.7983870968,1256.140323,63,7127,3
43,0,rolling,362,620,19.9138931,1000,6,,0.9403225806,2877.314516,499,7128,3
43,0,static,362,620,12.82156682,45870,92,,0.7983870968,1256.140323,63,7127,7
43,0,rolling,362,620,20.99882436,1000,11,,0.9548387097,3211.304839,956.5,7128,7
43,0,static,363,386,12.82156682,49126,93,,0.8005181347,1408.160622,53,7128,0
43,0,rolling,363,386,18.33294678,1000,3,,0.8937823834,2518.792746,301,7128,0
43,0,static,363,386,12.82156682,48506,93,,0.8005181347,1408.160622,53,7128,1
43,0,rolling,363,386,19.25792217,1000,5,,0.8989637306,2793.898964,454,7128,1
43,0,static,363,386,12.82156682,48032,93,,0.8005181347,1408.160622,53,7128,3
43,0,rolling,363,386,18.90044785,1000,6,,0.896373057,2681.481865,366.5,7128,3
43,0,static,363,386,12.82156682,46448,93,,0.8005181347,1408.160622,53,7128,7
43,0,rolling,363,386,21.27048206,1000,10,,0.9170984456,3338.958549,1454.5,7128,7
43,0,static,364,354,12.82156682,49512,94,,0.7316384181,1335.449153,56,7127,0
43,0,rolling,364,354,18.03484917,1000,2,,0.8276836158,2379.09887,362.5,7128,0
43,0,static,364,354,12.82156682,49126,94,,0.7316384181,1335.449153,56,7127,1
43,0,rolling,364,354,18.33294678,1000,4,,0.8446327684,2494.827684,440.5,7128,1
43,0,static,364,354,12.82156682,48260,94,,0.7316384181,1335.449153,56,7127,3
43,0,rolling,364,354,19.44130796,1000,7,,0.8672316384,2897.443503,759,7128,3
43,0,static,364,354,12.82156682,46996,94,,0.7316384181,1335.449153,56,7127,7
43,0,rolling,364,354,20.72033882,1000,9,,0.884180791,3312.217514,1583,7128,7
43,0.1,static,292,730,14.53429127,11270,22,,0.8726027397,3361.865753,1434.5,7128,0
43,0.1,rolling,292,730,14.42627597,1000,3,,0.8712328767,3327.2,1323.5,7128,0
43,0.1,static,292,730,14.53429127,11270,22,,0.8726027397,3361.865753,1434.5,7128,1
43,0.1,rolling,292,730,14.42627597,1000,3,,0.8712328767,3327.2,1323.5,7128,1
43,0.1,static,292,730,14.53429127,11270,22,,0.8726027397,3361.865753,1434.5,7128,3
43,0.1,rolling,292,730,14.42627597,1000,3,,0.8712328767,3327.2,1323.5,7128,3
43,0.1,static,292,730,14.53429127,11270,22,,0.8726027397,3361.865753,1434.5,7128,7
43,0.1,rolling,292,730,14.42627597,1000,3,,0.8712328767,3327.2,1323.5,7128,7
43,0.1,static,293,658,14.53429127,12000,23,,0.8829787234,3456.276596,1904,7128,0
43,0.1,rolling,293,658,15.58583623,1000,2,,0.9012158055,3831.235562,5327,7128,0
43,0.1,static,293,658,14.53429127,11270,23,,0.8829787234,3456.276596,1904,7128,1
43,0.1,rolling,293,658,14.42627597,1000,4,,0.8799392097,3414.509119,1726,7128,1
43,0.1,static,293,658,14.53429127,11270,23,,0.8829787234,3456.276596,1904,7128,3
43,0.1,rolling,293,658,14.42627597,1000,4,,0.8799392097,3414.509119,1726,7128,3
43,0.1,static,293,658,14.53429127,11270,23,,0.8829787234,3456.276596,1904,7128,7
43,0.1,rolling,293,658,14.42627597,1000,4,,0.8799392097,3414.509119,1726,7128,7
43,0.1,static,294,618,14.53429127,12658,24,,0.855987055,3211.491909,933,7128,0
43,0.1,rolling,294,618,16.39313316,1000,2,,0.8964401294,3844.385113,5543,7128,0
43,0.1,static,294,618,14.53429127,12000,24,,0.855987055,3211.491909,933,7128,1
43,0.1,rolling,294,618,15.58583623,1000,3,,0.8867313916,3588.131068,3711,7128,1
43,0.1,static,294,618,14.53429127,11270,24,,0.855987055,3211.491909,933,7128,3
43,0.1,rolling,294,618,14.42627597,1000,5,,0.855987055,3178.5,872,7128,3
43,0.1,static,294,618,14.53429127,11270,24,,0.855987055,3211.491909,933,7128,7
43,0.1,rolling,294,618,14.42627597,1000,5,,0.855987055,3178.5,872,7128,7
43,0.1,static,295,666,14.53429127,13276,25,,0.8798798799,3240.764264,1485,7128,0
43,0.1,rolling,295,666,16.38045883,1000,2,,0.9159159159,3969.788288,5927.5,7128,0
43,0.1,static,295,666,14.53429127,12658,25,,0.8798798799,3240.764264,1485,7128,1
43,0.1,rolling,295,666,16.39313316,1000,3,,0.9159159159,3974.106607,5947,7128,1
43,0.1,static,295,666,14.53429127,11270,25,,0.8798798799,3240.764264,1485,7128,3
43,0.1,rolling,295,666,14.42627597,1000,6,,0.8738738739,3198.042042,1373,7128,3
43,0.1,static,295,666,14.53429127,11270,25,,0.8798798799,3240.764264,1485,7128,7
43,0.1,rolling,295,666,14.42627597,1000,6,,0.8738738739,3198.042042,1373,7128,7
43,0.1,static,296,516,14.53429127,13942,26,,0.8449612403,3171.965116,1106.5,7128,0
43,0.1,rolling,296,516,15.89391041,1000,2,,0.8798449612,3665.831395,4078.5,7128,0
43,0.1,static,296,516,14.53429127,13276,26,,0.8449612403,3171.965116,1106.5,7128,1
43,0.1,rolling,296,516,16.38045883,1000,3,,0.8817829457,3839.833333,5080.5,7128,1
43,0.1,static,296,516,14.53429127,12000,26,,0.8449612403,3171.965116,1106.5,7128,3
43,0.1,rolling,296,516,15.58583623,1000,5,,0.8779069767,3566.926357,3622,7128,3
43,0.1,static,296,516,14.53429127,11270,26,,0.8449612403,3171.965116,1106.5,7128,7
43,0.1,rolling,296,516,14.42627597,1000,7,,0.8410852713,3124.633721,1052.5,7128,7
43,0.1,static,297,292,14.53429127,14458,27,,0.8082191781,2525.777397,268,7128,0
43,0.1,rolling,297,292,16.63353729,1000,2,,0.8595890411,3185.246575,1140,7128,0
43,0.1,static,297,292,14.53429127,13942,27,,0.8082191781,2525.777397,268,7128,1
43,0.1,rolling,297,292,15.89391041,1000,3,,0.8493150685,2925.061644,617,7128,1
43,0.1,static,297,292,14.53429127,12658,27,,0.8082191781,2525.777397,268,7128,3
43,0.1,rolling,297,292,16.39313316,1000,5,,0.8595890411,3098.89726,999,7128,3
43,0.1,static,297,292,14.53429127,11270,27,,0.8082191781,2525.777397,268,7128,7
43,0.1,rolling,297,292,14.42627597,1000,8,,0.8047945205,2502.280822,248,7128,7
43,0.1,static,298,252,14.53429127,14750,28,,0.8531746032,2717.845238,334.5,7128,0
43,0.1,rolling,298,252,17.56831741,1000,3,,0.9206349206,3790.321429,5025.5,7128,0
43,0.1,static,298,252,14.53429127,14458,28,,0.8531746032,2717.845238,334.5,7128,1
43,0.1,rolling,298,252,16.63353729,1000,3,,0.9087301587,3487.301587,1791,7128,1
43,0.1,static,298,252,14.53429127,13276,28,,0.8531746032,2717.845238,334.5,7128,3
43,0.1,rolling,298,252,16.38045883,1000,5,,0.9007936508,3401.480159,1440.5,7128,3
43,0.1,static,298,252,14.53429127,11270,28,,0.8531746032,2717.845238,334.5,7128,7
43,0.1,rolling,298,252,14.42627597,1000,9,,0.8531746032,2694.011905,306,7128,7
43,0.1,static,299,702,14.53429127,15002,29,,0.8547008547,2937.935897,605,7128,0
43,0.1,rolling,299,702,17.12351453,1000,3,,0.9145299145,3830.904558,5514,7128,0
43,0.1,static,299,702,14.53429127,14750,29,,0.8547008547,2937.935897,605,7128,1
43,0.1,rolling,299,702,17.56831741,1000,4,,0.9173789174,3945.001425,6141,7128,1
43,0.1,static,299,702,14.53429127,13942,29,,0.8547008547,2937.935897,605,7128,3
43,0.1,rolling,299,702,15.89391041,1000,5,,0.8874643875,3435.257835,1647,7128,3
43,0.1,static,299,702,14.53429127,11270,29,,0.8547008547,2937.935897,605,7128,7
43,0.1,rolling,299,702,14.42627597,1000,10,,0.8547008547,2896.472934,560,7128,7
43,0.1,static,300,664,14.53429127,15704,30,,0.8448795181,3112.600904,974.5,7128,0
43,0.1,rolling,300,664,16.55826473,1000,3,,0.8930722892,3921.960843,5886.5,7128,0
43,0.1,static,300,664,14.53429127,15002,30,,0.8448795181,3112.600904,974.5,7128,1
43,0.1,rolling,300,664,17.12351453,1000,4,,0.9021084337,4122.540663,6479.5,7128,1
43,0.1,static,300,664,14.53429127,14458,30,,0.8448795181,3112.600904,974.5,7128,3
43,0.1,rolling,300,664,16.63353729,1000,5,,0.8945783133,3944.731928,5974.5,7128,3
43,0.1,static,300,664,14.53429127,12000,30,,0.8448795181,3112.600904,974.5,7128,7
43,0.1,rolling,300,664,15.58583623,1000,9,,0.8765060241,3552.950301,2427,7128,7
43,0.1,static,301,616,14.53429127,16368,31,,0.875,3469.402597,2008,7128,0
43,0.1,rolling,301,616,17.09044468,1000,2,,0.9090909091,4251.38961,6881.5,7128,0
43,0.1,static,301,616,14.53429127,15704,31,,0.875,3469.402597,2008,7128,1
43,0.1,rolling,301,616,16.55826473,1000,4,,0.8993506494,4098.970779,6670.5,7128,1
43,0.1,static,301,616,14.53429127,14750,31,,0.875,3469.402597,2008,7128,3
43,0.1,rolling,301,616,17.56831741,1000,6,,0.9220779221,4372.446429,7009.5,7128,3
43,0.1,static,301,616,14.53429127,12658,31,,0.875,3469.402597,2008,7128,7
43,0.1,rolling,301,616,16.39313316,1000,9,,0.8993506494,4048.344156,6582.5,7128,7
43,0.1,static,302,570,14.53429127,16984,32,,0.8403508772,2988.152632,717.5,7128,0
43,0.1,rolling,302,570,16.66109085,1000,2,,0.8771929825,3644.038596,4315,7128,0
43,0.1,static,302,570,14.53429127,16368,32,,0.8403508772,2988.152632,717.5,7128,1
43,0.1,rolling,302,570,17.09044468,1000,3,,0.8877192982,3781.066667,5166,7128,1
43,0.1,static,302,570,14.53429127,15002,32,,0.8403508772,2988.152632,717.5,7128,3
43,0.1,rolling,302,570,17.12351453,1000,6,,0.8912280702,3789.726316,5214.5,7128,3
43,0.1,static,302,570,14.53429127,13276,32,,0.8403508772,2988.152632,717.5,7128,7
43,0.1,rolling,302,570,16.38045883,1000,9,,0.8754385965,3564.131579,3646.5,7128,7
43,0.1,static,303,542,14.53429127,17554,33,,0.8708487085,3060.293358,986,7128,0
43,0.1,rolling,303,542,17.46658182,1000,2,,0.9132841328,4036.188192,6324.5,7128,0
43,0.1,static,303,542,14.53429127,16984,33,,0.8708487085,3060.293358,986,7128,1
43,0.1,rolling,303,542,16.66109085,1000,3,,0.9003690037,3820.874539,5297,7128,1
43,0.1,static,303,542,14.53429127,15704,33,,0.8708487085,3060.293358,986,7128,3
43,0.1,rolling,303,542,16.55826473,1000,6,,0.9003690037,3791.391144,5146,7128,3
43,0.1,static,303,542,14.53429127,13942,33,,0.8708487085,3060.293358,986,7128,7
43,0.1,rolling,303,542,15.89391041,1000,9,,0.8856088561,3580.376384,4077,7128,7
43,0.1,static,304,328,14.53429127,18096,34,,0.8109756098,2821.323171,440.5,7128,0
43,0.1,rolling,304,328,16.69535828,1000,2,,0.868902439,3447.911585,1773,7128,0
43,0.1,static,304,328,14.53429127,17554,34,,0.8109756098,2821.323171,440.5,7128,1
43,0.1,rolling,304,328,17.46658182,1000,3,,0.9024390244,3704.259146,4245,7128,1
43,0.1,static,304,328,14.53429127,16368,34,,0.8109756098,2821.323171,440.5,7128,3
43,0.1,rolling,304,328,17.09044468,1000,5,,0.8902439024,3581.932927,3688,7128,3
43,0.1,static,304,328,14.53429127,14458,34,,0.8109756098,2821.323171,440.5,7128,7
43,0.1,rolling,304,328,16.63353729,1000,9,,0.868902439,3426.810976,1687,7128,7
43,0.1,static,305,328,14.53429127,18424,35,,0.8719512195,2625.618902,382.5,7128,0
43,0.1,rolling,305,328,17.1748085,1000,3,,0.9268292683,3525.32622,1804,7128,0
43,0.1,static,305,328,14.53429127,18096,35,,0.8719512195,2625.618902,382.5,7128,1
43,0.1,rolling,305,328,16.69535828,1000,3,,0.9146341463,3407.432927,1425.5,7128,1
43,0.1,static,305,328,14.53429127,16984,35,,0.8719512195,2625.618902,382.5,7128,3
43,0.1,rolling,305,328,16.66109085,1000,5,,0.9115853659,3399.033537,1397.5,7128,3
43,0.1,static,305,328,14.53429127,14750,35,,0.8719512195,2625.618902,382.5,7128,7
43,0.1,rolling,305,328,17.56831741,1000,10,,0.9359756098,3645.890244,3325,7128,7
43,0.1,static,306,582,14.53429127,18752,36,,0.8487972509,2876.353952,467,7128,0
43,0.1,rolling,306,582,16.72493281,1000,3,,0.8848797251,3574.695876,3894,7128,0
43,0.1,static,306,582,14.53429127,18424,36,,0.8487972509,2876.353952,467,7128,1
43,0.1,rolling,306,582,17.1748085,1000,4,,0.8969072165,3689.75945,4808,7128,1
43,0.1,static,306,582,14.53429127,17554,36,,0.8487972509,2876.353952,467,7128,3
43,0.1,rolling,306,582,17.46658182,1000,5,,0.9003436426,3763.699313,5292,7128,3
43,0.1,static,306,582,14.53429127,15002,36,,0.8487972509,2876.353952,467,7128,7
43,0.1,rolling,306,582,17.12351453,1000,10,,0.8934707904,3675.659794,4727,7128,7
43,0.1,static,307,588,14.53429127,19334,37,,0.8418367347,2970.646259,732,7128,0
43,0.1,rolling,307,588,17.02120495,1000,3,,0.8962585034,3906.086735,5867,7128,0
43,0.1,static,307,588,14.53429127,18752,37,,0.8418367347,2970.646259,732,7128,1
43,0.1,rolling,307,588,16.72493281,1000,4,,0.8928571429,3816.795918,5108.5,7128,1
43,0.1,static,307,588,14.53429127,18096,37,,0.8418367347,2970.646259,732,7128,3
43,0.1,rolling,307,588,16.69535828,1000,5,,0.8928571429,3805.909864,5036,7128,3
43,0.1,static,307,588,14.53429127,15704,37,,0.8418367347,2970.646259,732,7128,7
43,0.1,rolling,307,588,16.55826473,1000,10,,0.8928571429,3760.87585,4757,7128,7
43,0.1,static,308,562,14.53429127,19922,38,,0.8487544484,3108.099644,629,7128,0
43,0.1,rolling,308,562,17.30580044,1000,2,,0.9021352313,3849.005338,5735.5,7128,0
43,0.1,static,308,562,14.53429127,19334,38,,0.8487544484,3108.099644,629,7128,1
43,0.1,rolling,308,562,17.02120495,1000,4,,0.8985765125,3769.393238,5228,7128,1
43,0.1,static,308,562,14.53429127,18424,38,,0.8487544484,3108.099644,629,7128,3
43,0.1,rolling,308,562,17.1748085,1000,6,,0.9021352313,3810.039146,5479,7128,3
43,0.1,static,308,562,14.53429127,16368,38,,0.8487544484,3108.099644,629,7128,7
43,0.1,rolling,308,562,17.09044468,1000,9,,0.8985765125,3787.142349,5331,7128,7
43,0.1,static,309,626,14.53429127,20484,39,,0.8466453674,3156.186901,1113.5,7128,0
43,0.1,rolling,309,626,17.13682407,1000,2,,0.9009584665,4004.573482,6265,7128,0
43,0.1,static,309,626,14.53429127,19922,39,,0.8466453674,3156.186901,1113.5,7128,1
43,0.1,rolling,309,626,17.30580044,1000,3,,0.9025559105,4051.624601,6447.5,7128,1
43,0.1,static,309,626,14.53429127,18752,39,,0.8466453674,3156.186901,1113.5,7128,3
43,0.1,rolling,309,626,16.72493281,1000,6,,0.8977635783,3896.322684,5783,7128,3
43,0.1,static,309,626,14.53429127,16984,39,,0.8466453674,3156.186901,1113.5,7128,7
43,0.1,rolling,309,626,16.66109085,1000,9,,0.8977635783,3878.624601,5711,7128,7
43,0.1,static,310,620,14.53429127,21110,40,,0.885483871,2471.669355,287.5,7128,0
43,0.1,rolling,310,620,17.05252448,1000,2,,0.9387096774,3342.245161,1360.5,7128,0
43,0.1,static,310,620,14.53429127,20484,40,,0.885483871,2471.669355,287.5,7128,1
43,0.1,rolling,310,620,17.13682407,1000,3,,0.9403225806,3364.496774,1453,7128,1
43,0.1,static,310,620,14.53429127,19334,40,,0.885483871,2471.669355,287.5,7128,3
43,0.1,rolling,310,620,17.02120495,1000,6,,0.9387096774,3333.482258,1333,7128,3
43,0.1,static,310,620,14.53429127,17554,40,,0.885483871,2471.669355,287.5,7128,7
43,0.1,rolling,310,620,17.46658182,1000,9,,0.9435483871,3470.087097,1904.5,7128,7
43,0.1,static,311,438,14.53429127,21730,41,,0.8721461187,2310.840183,203,7128,0
43,0.1,rolling,311,438,16.14074898,1000,2,,0.899543379,2718.372146,414.5,7128,0
43,0.1,static,311,438,14.53429127,21110,41,,0.8721461187,2310.840183,203,7128,1
43,0.1,rolling,311,438,17.05252448,1000,3,,0.9063926941,2951.543379,610.5,7128,1
43,0.1,static,311,438,14.53429127,19922,41,,0.8721461187,2310.840183,203,7128,3
43,0.1,rolling,311,438,17.30580044,1000,5,,0.9109589041,3008.993151,670.5,7128,3
43,0.1,static,311,438,14.53429127,18096,41,,0.8721461187,2310.840183,203,7128,7
43,0.1,rolling,311,438,16.69535828,1000,9,,0.901826484,2846.497717,533,7128,7
43,0.1,static,312,460,14.53429127,22168,42,,0.8369565217,2113.028261,181,7128,0
43,0.1,rolling,312,460,15.4958964,1000,2,,0.8608695652,2454.917391,277,7128,0
43,0.1,static,312,460,14.53429127,21730,42,,0.8369565217,2113.028261,181,7128,1
43,0.1,rolling,312,460,16.14074898,1000,3,,0.8891304348,2661.6,381.5,7128,1
43,0.1,static,312,460,14.53429127,20484,42,,0.8369565217,2113.028261,181,7128,3
43,0.1,rolling,312,460,17.13682407,1000,5,,0.9043478261,2955.891304,564,7128,3
43,0.1,static,312,460,14.53429127,18424,42,,0.8369565217,2113.028261,181,7128,7
43,0.1,rolling,312,460,17.1748085,1000,10,,0.9043478261,2964.18913,573,7128,7
43,0.1,static,313,794,14.53429127,22628,43,,0.8425692695,2322.643577,178,7128,0
43,0.1,rolling,313,794,16.76895523,1000,3,,0.8828715365,2956.06801,518,7128,0
43,0.1,static,313,794,14.53429127,22168,43,,0.8425692695,2322.643577,178,7128,1
43,0.1,rolling,313,794,15.4958964,1000,3,,0.8614609572,2610.469773,266,7128,1
43,0.1,static,313,794,14.53429127,21110,43,,0.8425692695,2322.643577,178,7128,3
43,0.1,rolling,313,794,17.05252448,1000,5,,0.8942065491,3036.61461,604,7128,3
43,0.1,static,313,794,14.53429127,18752,43,,0.8425692695,2322.643577,178,7128,7
43,0.1,rolling,313,794,16.72493281,1000,10,,0.8828715365,2945.625945,503.5,7128,7
43,0.1,static,314,678,14.53429127,23422,44,,0.8584070796,2513.650442,248.5,7128,0
43,0.1,rolling,314,678,17.2132957,1000,2,,0.9056047198,3362.323009,1412.5,7128,0
43,0.1,static,314,678,14.53429127,22628,44,,0.8584070796,2513.650442,248.5,7128,1
43,0.1,rolling,314,678,16.76895523,1000,4,,0.901179941,3231.613569,961.5,7128,1
43,0.1,static,314,678,14.53429127,21730,44,,0.8584070796,2513.650442,248.5,7128,3
43,0.1,rolling,314,678,16.14074898,1000,5,,0.8908554572,3024.169617,590.5,7128,3
43,0.1,static,314,678,14.53429127,19334,44,,0.8584070796,2513.650442,248.5,7128,7
43,0.1,rolling,314,678,17.02120495,1000,10,,0.9041297935,3303.309735,1247.5,7128,7
43,0.1,static,315,774,14.53429127,24100,45,,0.8320413437,2431.847545,271.5,7128,0
43,0.1,rolling,315,774,17.59359741,1000,2,,0.8979328165,3460.444444,1864.5,7128,0
43,0.1,static,315,774,14.53429127,23422,45,,0.8320413437,2431.847545,271.5,7128,1
43,0.1,rolling,315,774,17.2132957,1000,3,,0.8914728682,3347.192506,1436,7128,1
43,0.1,static,315,774,14.53429127,22168,45,,0.8320413437,2431.847545,271.5,7128,3
43,0.1,rolling,315,774,15.4958964,1000,5,,0.8630490956,2750.979328,546,7128,3
43,0.1,static,315,774,14.53429127,19922,45,,0.8320413437,2431.847545,271.5,7128,7
43,0.1,rolling,315,774,17.30580044,1000,9,,0.8927648579,3378.445736,1501.5,7128,7
43,0.1,static,316,758,14.53429127,24874,46,,0.8430079156,2544.226913,440,7128,0
43,0.1,rolling,316,758,18.14138317,1000,2,,0.9221635884,3870.71372,5157,7128,0
43,0.1,static,316,758,14.53429127,24100,46,,0.8430079156,2544.226913,440,7128,1
43,0.1,rolling,316,758,17.59359741,1000,3,,0.9129287599,3678.845646,4204,7128,1
43,0.1,static,316,758,14.53429127,22628,46,,0.8430079156,2544.226913,440,7128,3
43,0.1,rolling,316,758,16.76895523,1000,6,,0.9050131926,3366.238786,1684.5,7128,3
43,0.1,static,316,758,14.53429127,20484,46,,0.8430079156,2544.226913,440,7128,7
43,0.1,rolling,316,758,17.13682407,1000,9,,0.9102902375,3503.436675,3051,7128,7
43,0.1,static,317,630,14.53429127,25632,47,,0.8285714286,2174.134921,167,7128,0
43,0.1,rolling,317,630,16.79366589,1000,2,,0.8777777778,2876.74127,675,7128,0
43,0.1,static,317,630,14.53429127,24874,47,,0.8285714286,2174.134921,167,7128,1
43,0.1,rolling,317,630,18.14138317,1000,3,,0.8984126984,3315.546032,1466,7128,1
43,0.1,static,317,630,14.53429127,23422,47,,0.8285714286,2174.134921,167,7128,3
43,0.1,rolling,317,630,17.2132957,1000,5,,0.880952381,3011.384127,840,7128,3
43,0.1,static,317,630,14.53429127,21110,47,,0.8285714286,2174.134921,167,7128,7
43,0.1,rolling,317,630,17.05252448,1000,9,,0.880952381,2954.520635,759,7128,7
43,0.1,static,318,342,14.53429127,26262,48,,0.8099415205,2178.622807,152.5,7128,0
43,0.1,rolling,318,342,18.04165459,1000,2,,0.9064327485,3144.976608,773,7128,0
43,0.1,static,318,342,14.53429127,25632,48,,0.8099415205,2178.622807,152.5,7128,1
43,0.1,rolling,318,342,16.79366589,1000,3,,0.8801169591,2808.421053,387,7128,1
43,0.1,static,318,342,14.53429127,24100,48,,0.8099415205,2178.622807,152.5,7128,3
43,0.1,rolling,318,342,17.59359741,1000,5,,0.9035087719,3033.078947,602.5,7128,3
43,0.1,static,318,342,14.53429127,21730,48,,0.8099415205,2178.622807,152.5,7128,7
43,0.1,rolling,318,342,16.14074898,1000,9,,0.8596491228,2604.04386,270,7128,7
43,0.1,static,319,324,14.53429127,26604,49,,0.8611111111,2272.024691,220.5,7128,0
43,0.1,rolling,319,324,18.12113094,1000,3,,0.9320987654,3345.907407,1231,7128,0
43,0.1,static,319,324,14.53429127,26262,49,,0.8611111111,2272.024691,220.5,7128,1
43,0.1,rolling,319,324,18.04165459,1000,3,,0.9320987654,3325.549383,1190,7128,1
43,0.1,static,319,324,14.53429127,24874,49,,0.8611111111,2272.024691,220.5,7128,3
43,0.1,rolling,319,324,18.14138317,1000,5,,0.9320987654,3351.432099,1243,7128,3
43,0.1,static,319,324,14.53429127,22168,49,,0.8611111111,2272.024691,220.5,7128,7
43,0.1,rolling,319,324,15.4958964,1000,9,,0.8950617284,2528.12963,339,7128,7
43,0.1,static,320,736,14.53429127,26928,50,,0.8206521739,2821.119565,440.5,7128,0
43,0.1,rolling,320,736,17.46167183,1000,3,,0.8926630435,3685.66712,4696,7128,0
43,0.1,static,320,736,14.53429127,26604,50,,0.8206521739,2821.119565,440.5,7128,1
43,0.1,rolling,320,736,18.12113094,1000,4,,0.8994565217,3870.930707,5763.5,7128,1
43,0.1,static,320,736,14.53429127,25632,50,,0.8206521739,2821.119565,440.5,7128,3
43,0.1,rolling,320,736,16.79366589,1000,5,,0.8804347826,3500.577446,2067,7128,3
43,0.1,static,320,736,14.53429127,22628,50,,0.8206521739,2821.119565,440.5,7128,7
43,0.1,rolling,320,736,16.76895523,1000,10,,0.8804347826,3492.888587,2040,7128,7
43,0.1,static,321,680,14.53429127,27664,51,,0.8397058824,2588.480882,409.5,7128,0
43,0.1,rolling,321,680,17.38571167,1000,2,,0.8955882353,3607.945588,4262.5,7128,0
43,0.1,static,321,680,14.53429127,26928,51,,0.8397058824,2588.480882,409.5,7128,1
43,0.1,rolling,321,680,17.46167183,1000,4,,0.8985294118,3633.522059,4467.5,7128,1
43,0.1,static,321,680,14.53429127,26262,51,,0.8397058824,2588.480882,409.5,7128,3
43,0.1,rolling,321,680,18.04165459,1000,5,,0.9058823529,3809.902941,5545,7128,3
43,0.1,static,321,680,14.53429127,23422,51,,0.8397058824,2588.480882,409.5,7128,7
43,0.1,rolling,321,680,17.2132957,1000,9,,0.8926470588,3551.848529,4030.5,7128,7
43,0.1,static,322,668,14.53429127,28344,52,,0.8547904192,2801.086826,423.5,7128,0
43,0.1,rolling,322,668,18.77204943,1000,2,,0.9266467066,4084.841317,6369,7128,0
43,0.1,static,322,668,14.53429127,27664,52,,0.8547904192,2801.086826,423.5,7128,1
43,0.1,rolling,322,668,17.38571167,1000,3,,0.9041916168,3639.154192,3986,7128,1
43,0.1,static,322,668,14.53429127,26604,52,,0.8547904192,2801.086826,423.5,7128,3
43,0.1,rolling,322,668,18.12113094,1000,6,,0.9146706587,3879.293413,5414,7128,3
43,0.1,static,322,668,14.53429127,24100,52,,0.8547904192,2801.086826,423.5,7128,7
43,0.1,rolling,322,668,17.59359741,1000,9,,0.9086826347,3697.583832,4379.5,7128,7
43,0.1,static,323,668,14.53429127,29012,53,,0.8008982036,2523.646707,449.5,7128,0
43,0.1,rolling,323,668,17.52933693,1000,2,,0.8847305389,3665.52994,4335,7128,0
43,0.1,static,323,668,14.53429127,28344,53,,0.8008982036,2523.646707,449.5,7128,1
43,0.1,rolling,323,668,18.77204943,1000,3,,0.9101796407,4053.161677,6076,7128,1
43,0.1,static,323,668,14.53429127,26928,53,,0.8008982036,2523.646707,449.5,7128,3
43,0.1,rolling,323,668,17.46167183,1000,6,,0.8847305389,3647.476048,4243.5,7128,3
43,0.1,static,323,668,14.53429127,24874,53,,0.8008982036,2523.646707,449.5,7128,7
43,0.1,rolling,323,668,18.14138317,1000,9,,0.8982035928,3869.423653,5310,7128,7
43,0.1,static,324,796,14.53429127,29680,54,,0.7914572864,2427.526382,278.5,7128,0
43,0.1,rolling,324,796,18.23946762,1000,2,,0.8957286432,3535.046482,2102,7128,0
43,0.1,static,324,796,14.53429127,29012,54,,0.7914572864,2427.526382,278.5,7128,1
43,0.1,rolling,324,796,17.52933693,1000,3,,0.8781407035,3353.013819,1363.5,7128,1
43,0.1,static,324,796,14.53429127,27664,54,,0.7914572864,2427.526382,278.5,7128,3
43,0.1,rolling,324,796,17.38571167,1000,5,,0.8781407035,3315.110553,1261,7128,3
43,0.1,static,324,796,14.53429127,25632,54,,0.7914572864,2427.526382,278.5,7128,7
43,0.1,rolling,324,796,16.79366589,1000,9,,0.8567839196,3138.692211,854.5,7128,7
43,0.1,static,325,398,14.53429127,30476,55,,0.7638190955,2524.633166,192.5,7128,0
43,0.1,rolling,325,398,18.29325104,1000,2,,0.8793969849,3387.663317,1150.5,7128,0
43,0.1,static,325,398,14.53429127,29680,55,,0.7638190955,2524.633166,192.5,7128,1
43,0.1,rolling,325,398,18.23946762,1000,3,,0.8793969849,3374.560302,1110,7128,1
43,0.1,static,325,398,14.53429127,28344,55,,0.7638190955,2524.633166,192.5,7128,3
43,0.1,rolling,325,398,18.77204943,1000,5,,0.8969849246,3501.286432,1645,7128,3
43,0.1,static,325,398,14.53429127,26262,55,,0.7638190955,2524.633166,192.5,7128,7
43,0.1,rolling,325,398,18.04165459,1000,9,,0.8793969849,3330.113065,997.5,7128,7
43,0.1,static,326,422,14.53429127,30874,56,,0.7748815166,1865.637441,95,7128,0
43,0.1,rolling,326,422,18.37225723,1000,2,,0.8909952607,2796.988152,407.5,7128,0
43,0.1,static,326,422,14.53429127,30476,56,,0.7748815166,1865.637441,95,7128,1
43,0.1,rolling,326,422,18.29325104,1000,3,,0.8909952607,2768.310427,398.5,7128,1
43,0.1,static,326,422,14.53429127,29012,56,,0.7748815166,1865.637441,95,7128,3
43,0.1,rolling,326,422,17.52933693,1000,5,,0.8672985782,2567.938389,294.5,7128,3
43,0.1,static,326,422,14.53429127,26604,56,,0.7748815166,1865.637441,95,7128,7
43,0.1,rolling,326,422,18.12113094,1000,10,,0.8862559242,2719.734597,356.5,7128,7
43,0.1,static,327,738,14.53429127,31296,57,,0.7913279133,2457.262873,262,7128,0
43,0.1,rolling,327,738,18.84080434,1000,3,,0.8902439024,3635.283198,4214.5,7128,0
43,0.1,static,327,738,14.53429127,30874,57,,0.7913279133,2457.262873,262,7128,1
43,0.1,rolling,327,738,18.37225723,1000,3,,0.8821138211,3503.031165,2167.5,7128,1
43,0.1,static,327,738,14.53429127,29680,57,,0.7913279133,2457.262873,262,7128,3
43,0.1,rolling,327,738,18.23946762,1000,5,,0.8821138211,3453.586721,2006,7128,3
43,0.1,static,327,738,14.53429127,26928,57,,0.7913279133,2457.262873,262,7128,7
43,0.1,rolling,327,738,17.46167183,1000,10,,0.8685636856,3242.890244,1219,7128,7
43,0.1,static,328,600,14.53429127,32034,58,,0.8216666667,2552.408333,316.5,7128,0
43,0.1,rolling,328,600,19.56769848,1000,2,,0.93,4038.495,6393,7128,0
43,0.1,static,328,600,14.53429127,31296,58,,0.8216666667,2552.408333,316.5,7128,1
43,0.1,rolling,328,600,18.84080434,1000,4,,0.92,3850.32,5608,7128,1
43,0.1,static,328,600,14.53429127,30476,58,,0.8216666667,2552.408333,316.5,7128,3
43,0.1,rolling,328,600,18.29325104,1000,5,,0.91,3703.241667,4694.5,7128,3
43,0.1,static,328,600,14.53429127,27664,58,,0.8216666667,2552.408333,316.5,7128,7
43,0.1,rolling,328,600,17.38571167,1000,9,,0.8933333333,3448.42,1848,7128,7
43,0.1,static,329,684,14.53429127,32634,59,,0.8289473684,2578.932749,324,7128,0
43,0.1,rolling,329,684,18.74610519,1000,2,,0.9137426901,3976.141813,5604,7128,0
43,0.1,static,329,684,14.53429127,32034,59,,0.8289473684,2578.932749,324,7128,1
43,0.1,rolling,329,684,19.56769848,1000,3,,0.9254385965,4228.030702,6552,7128,1
43,0.1,static,329,684,14.53429127,30874,59,,0.8289473684,2578.932749,324,7128,3
43,0.1,rolling,329,684,18.37225723,1000,5,,0.9078947368,3842.349415,5009.5,7128,3
43,0.1,static,329,684,14.53429127,28344,59,,0.8289473684,2578.932749,324,7128,7
43,0.1,rolling,329,684,18.77204943,1000,9,,0.9152046784,3984.630117,5639,7128,7
43,0.1,static,330,640,14.53429127,33318,60,,0.821875,2473.503125,294,7128,0
43,0.1,rolling,330,640,17.54276848,1000,2,,0.9046875,3415.589063,1483.5,7128,0
43,0.1,static,330,640,14.53429127,32634,60,,0.821875,2473.503125,294,7128,1
43,0.1,rolling,330,640,18.74610519,1000,3,,0.9203125,3805.557813,4411,7128,1
43,0.1,static,330,640,14.53429127,31296,60,,0.821875,2473.503125,294,7128,3
43,0.1,rolling,330,640,18.84080434,1000,6,,0.9203125,3836.9875,4518,7128,3
43,0.1,static,330,640,14.53429127,29012,60,,0.821875,2473.503125,294,7128,7
43,0.1,rolling,330,640,17.52933693,1000,9,,0.9046875,3411.025,1475.5,7128,7
43,0.1,static,331,506,14.53429127,33958,61,,0.8438735178,2624.903162,272.5,7128,0
43,0.1,rolling,331,506,17.55550766,1000,2,,0.9031620553,3513.901186,2270,7128,0
43,0.1,static,331,506,14.53429127,33318,61,,0.8438735178,2624.903162,272.5,7128,1
43,0.1,rolling,331,506,17.54276848,1000,3,,0.9031620553,3509.754941,2192,7128,1
43,0.1,static,331,506,14.53429127,32034,61,,0.8438735178,2624.903162,272.5,7128,3
43,0.1,rolling,331,506,19.56769848,1000,5,,0.9268774704,4153.780632,6570.5,7128,3
43,0.1,static,331,506,14.53429127,29680,61,,0.8438735178,2624.903162,272.5,7128,7
43,0.1,rolling,331,506,18.23946762,1000,9,,0.9130434783,3759.369565,4759.5,7128,7
43,0.1,static,332,318,14.53429127,34464,62,,0.8176100629,2446.028302,173.5,7128,0
43,0.1,rolling,332,318,17.52143669,1000,2,,0.9088050314,3168.515723,730,7128,0
43,0.1,static,332,318,14.53429127,33958,62,,0.8176100629,2446.028302,173.5,7128,1
43,0.1,rolling,332,318,17.55550766,1000,3,,0.9088050314,3175.336478,740,7128,1
43,0.1,static,332,318,14.53429127,32634,62,,0.8176100629,2446.028302,173.5,7128,3
43,0.1,rolling,332,318,18.74610519,1000,5,,0.9213836478,3444.704403,1548.5,7128,3
43,0.1,static,332,318,14.53429127,30476,62,,0.8176100629,2446.028302,173.5,7128,7
43,0.1,rolling,332,318,18.29325104,1000,9,,0.9182389937,3343.487421,1104,7128,7
43,0.1,static,333,342,14.53429127,34782,63,,0.7748538012,2370.277778,249.5,7128,0
43,0.1,rolling,333,342,17.43626091,1000,3,,0.8742690058,3151.002924,899.5,7128,0
43,0.1,static,333,342,14.53429127,34464,63,,0.7748538012,2370.277778,249.5,7128,1
43,0.1,rolling,333,342,17.52143669,1000,3,,0.8742690058,3176.19883,950,7128,1
43,0.1,static,333,342,14.53429127,33318,63,,0.7748538012,2370.277778,249.5,7128,3
43,0.1,rolling,333,342,17.54276848,1000,5,,0.8742690058,3180.923977,960,7128,3
43,0.1,static,333,342,14.53429127,30874,63,,0.7748538012,2370.277778,249.5,7128,7
43,0.1,rolling,333,342,18.37225723,1000,9,,0.8771929825,3422.166667,1878.5,7128,7
43,0.1,static,334,700,14.53429127,35124,64,,0.83,2307.485714,269,7128,0
43,0.1,rolling,334,700,18.12200475,1000,3,,0.8957142857,3514.394286,2166,7128,0
43,0.1,static,334,700,14.53429127,34782,64,,0.83,2307.485714,269,7128,1
43,0.1,rolling,334,700,17.43626091,1000,4,,0.8842857143,3277.305714,1435,7128,1
43,0.1,static,334,700,14.53429127,33958,64,,0.83,2307.485714,269,7128,3
43,0.1,rolling,334,700,17.55550766,1000,5,,0.8857142857,3315.785714,1517.5,7128,3
43,0.1,static,334,700,14.53429127,31296,64,,0.83,2307.485714,269,7128,7
43,0.1,rolling,334,700,18.84080434,1000,10,,0.9057142857,3760.408571,4735.5,7128,7
43,0.1,static,335,656,14.53429127,35824,65,,0.8155487805,2429.655488,263,7128,0
43,0.1,rolling,335,656,18.93113661,1000,2,,0.8932926829,3706.301829,4480,7128,0
43,0.1,static,335,656,14.53429127,35124,65,,0.8155487805,2429.655488,263,7128,1
43,0.1,rolling,335,656,18.12200475,1000,4,,0.8887195122,3481.960366,1860,7128,1
43,0.1,static,335,656,14.53429127,34464,65,,0.8155487805,2429.655488,263,7128,3
43,0.1,rolling,335,656,17.52143669,1000,5,,0.8704268293,3308.882622,1266.5,7128,3
43,0.1,static,335,656,14.53429127,32034,65,,0.8155487805,2429.655488,263,7128,7
43,0.1,rolling,335,656,19.56769848,1000,9,,0.9039634146,3883.737805,5544,7128,7
43,0.1,static,336,632,14.53429127,36480,66,,0.7990506329,2373.416139,297,7128,0
43,0.1,rolling,336,632,19.99336052,1000,2,,0.9113924051,4029.053797,6211,7128,0
43,0.1,static,336,632,14.53429127,35824,66,,0.7990506329,2373.416139,297,7128,1
43,0.1,rolling,336,632,18.93113661,1000,3,,0.9003164557,3764.547468,4810.5,7128,1
43,0.1,static,336,632,14.53429127,34782,66,,0.7990506329,2373.416139,297,7128,3
43,0.1,rolling,336,632,17.43626091,1000,6,,0.8591772152,3291.026899,1463.5,7128,3
43,0.1,static,336,632,14.53429127,32634,66,,0.7990506329,2373.416139,297,7128,7
43,0.1,rolling,336,632,18.74610519,1000,9,,0.8987341772,3714.821203,4481,7128,7
43,0.1,static,337,552,14.53429127,37112,67,,0.8007246377,2233.141304,211,7128,0
43,0.1,rolling,337,552,19.18804455,1000,2,,0.902173913,3563.335145,2163,7128,0
43,0.1,static,337,552,14.53429127,36480,67,,0.8007246377,2233.141304,211,7128,1
43,0.1,rolling,337,552,19.99336052,1000,3,,0.9148550725,3760.248188,4672,7128,1
43,0.1,static,337,552,14.53429127,35124,67,,0.8007246377,2233.141304,211,7128,3
43,0.1,rolling,337,552,18.12200475,1000,6,,0.8894927536,3297.554348,1202.5,7128,3
43,0.1,static,337,552,14.53429127,33318,67,,0.8007246377,2233.141304,211,7128,7
43,0.1,rolling,337,552,17.54276848,1000,9,,0.884057971,3134.48913,859,7128,7
43,0.1,static,338,496,14.53429127,37664,68,,0.8084677419,2338.247984,205,7128,0
43,0.1,rolling,338,496,19.48708344,1000,2,,0.9153225806,3737.671371,4936.5,7128,0
43,0.1,static,338,496,14.53429127,37112,68,,0.8084677419,2338.247984,205,7128,1
43,0.1,rolling,338,496,19.18804455,1000,3,,0.9092741935,3679.171371,4449,7128,1
43,0.1,static,338,496,14.53429127,35824,68,,0.8084677419,2338.247984,205,7128,3
43,0.1,rolling,338,496,18.93113661,1000,5,,0.9032258065,3624.252016,3919,7128,3
43,0.1,static,338,496,14.53429127,33958,68,,0.8084677419,2338.247984,205,7128,7
43,0.1,rolling,338,496,17.55550766,1000,9,,0.8810483871,3251.532258,1252,7128,7
43,0.1,static,339,328,14.53429127,38160,69,,0.8048780488,1801.515244,132,7126,0
43,0.1,rolling,339,328,18.68805218,1000,2,,0.8963414634,3257.89939,1204.5,7128,0
43,0.1,static,339,328,14.53429127,37664,69,,0.8048780488,1801.515244,132,7126,1
43,0.1,rolling,339,328,19.48708344,1000,3,,0.9085365854,3497.908537,1997,7128,1
43,0.1,static,339,328,14.53429127,36480,69,,0.8048780488,1801.515244,132,7126,3
43,0.1,rolling,339,328,19.99336052,1000,5,,0.9085365854,3670.853659,4166,7128,3
43,0.1,static,339,328,14.53429127,34464,69,,0.8048780488,1801.515244,132,7126,7
43,0.1,rolling,339,328,17.52143669,1000,9,,0.8719512195,2867.310976,636,7128,7
43,0.1,static,340,328,14.53429127,38488,70,,0.7926829268,2271.603659,195.5,7128,0
43,0.1,rolling,340,328,18.96119118,1000,3,,0.9207317073,3608.689024,4262,7128,0
43,0.1,static,340,328,14.53429127,38160,70,,0.7926829268,2271.603659,195.5,7128,1
43,0.1,rolling,340,328,18.68805218,1000,3,,0.9115853659,3515.993902,3051,7128,1
43,0.1,static,340,328,14.53429127,37112,70,,0.7926829268,2271.603659,195.5,7128,3
43,0.1,rolling,340,328,19.18804455,1000,5,,0.9207317073,3678.509146,4649.5,7128,3
43,0.1,static,340,328,14.53429127,34782,70,,0.7926829268,2271.603659,195.5,7128,7
43,0.1,rolling,340,328,17.43626091,1000,10,,0.8841463415,3102.390244,1004,7128,7
43,0.1,static,341,576,14.53429127,38816,71,,0.8038194444,2267.586806,229,7128,0
43,0.1,rolling,341,576,18.52028596,1000,3,,0.8802083333,3503.484375,2054,7128,0
43,0.1,static,341,576,14.53429127,38488,71,,0.8038194444,2267.586806,229,7128,1
43,0.1,rolling,341,576,18.96119118,1000,4,,0.8888888889,3604.913194,4027,7128,1
43,0.1,static,341,576,14.53429127,37664,71,,0.8038194444,2267.586806,229,7128,3
43,0.1,rolling,341,576,19.48708344,1000,5,,0.8958333333,3717.222222,4843,7128,3
43,0.1,static,341,576,14.53429127,35124,71,,0.8038194444,2267.586806,229,7128,7
43,0.1,rolling,341,576,18.12200475,1000,10,,0.875,3409.859375,1649.5,7128,7
43,0.1,static,342,636,14.53429127,39392,72,,0.8176100629,2409.323899,190.5,7128,0
43,0.1,rolling,342,636,18.83239746,1000,3,,0.8993710692,3447.621069,1704.5,7128,0
43,0.1,static,342,636,14.53429127,38816,72,,0.8176100629,2409.323899,190.5,7128,1
43,0.1,rolling,342,636,18.52028596,1000,4,,0.8899371069,3364.764151,1395,7128,1
43,0.1,static,342,636,14.53429127,38160,72,,0.8176100629,2409.323899,190.5,7128,3
43,0.1,rolling,342,636,18.68805218,1000,5,,0.891509434,3407.916667,1503,7128,3
43,0.1,static,342,636,14.53429127,35824,72,,0.8176100629,2409.323899,190.5,7128,7
43,0.1,rolling,342,636,18.93113661,1000,9,,0.8993710692,3480.47327,1819,7128,7
43,0.1,static,343,642,14.53429127,40028,73,,0.7866043614,2726.143302,435.5,7128,0
43,0.1,rolling,343,642,20.09165356,1000,2,,0.8894080997,4362.538941,6905,7128,0
43,0.1,static,343,642,14.53429127,39392,73,,0.7866043614,2726.143302,435.5,7128,1
43,0.1,rolling,343,642,18.83239746,1000,4,,0.8816199377,4034.149533,6225.5,7128,1
43,0.1,static,343,642,14.53429127,38488,73,,0.7866043614,2726.143302,435.5,7128,3
43,0.1,rolling,343,642,18.96119118,1000,6,,0.8816199377,4066.457944,6350.5,7128,3
43,0.1,static,343,642,14.53429127,36480,73,,0.7866043614,2726.143302,435.5,7128,7
43,0.1,rolling,343,642,19.99336052,1000,9,,0.8878504673,4337.395639,6873,7128,7
43,0.1,static,344,650,14.53429127,40670,74,,0.8030769231,2376.238462,164,7128,0
43,0.1,rolling,344,650,20.58497977,1000,2,,0.8907692308,3914.547692,5980,7128,0
43,0.1,static,344,650,14.53429127,40028,74,,0.8030769231,2376.238462,164,7128,1
43,0.1,rolling,344,650,20.09165356,1000,3,,0.8815384615,3794.470769,5063.5,7128,1
43,0.1,static,344,650,14.53429127,38816,74,,0.8030769231,2376.238462,164,7128,3
43,0.1,rolling,344,650,18.52028596,1000,6,,0.86,3381.609231,1294.5,7128,3
43,0.1,static,344,650,14.53429127,37112,74,,0.8030769231,2376.238462,164,7128,7
43,0.1,rolling,344,650,19.18804455,1000,9,,0.8661538462,3547.050769,2169.5,7128,7
43,0.1,static,345,586,14.53429127,41320,75,,0.8208191126,2929.105802,407.5,7128,0
43,0.1,rolling,345,586,21.6960144,1000,2,,0.9283276451,4479.991468,7108.5,7128,0
43,0.1,static,345,586,14.53429127,40670,75,,0.8208191126,2929.105802,407.5,7128,1
43,0.1,rolling,345,586,20.58497977,1000,3,,0.9112627986,4256.822526,7015.5,7128,1
43,0.1,static,345,586,14.53429127,39392,75,,0.8208191126,2929.105802,407.5,7128,3
43,0.1,rolling,345,586,18.83239746,1000,6,,0.8890784983,3910.679181,6099.5,7128,3
43,0.1,static,345,586,14.53429127,37664,75,,0.8208191126,2929.105802,407.5,7128,7
43,0.1,rolling,345,586,19.48708344,1000,9,,0.8959044369,4049.399317,6642.5,7128,7
43,0.1,static,346,224,14.53429127,41906,76,,0.8035714286,1702.366071,101,7128,0
43,0.1,rolling,346,224,20.16776466,1000,2,,0.9151785714,2960.839286,840,7128,0
43,0.1,static,346,224,14.53429127,41320,76,,0.8035714286,1702.366071,101,7128,1
43,0.1,rolling,346,224,21.6960144,1000,3,,0.9330357143,3374.080357,1674,7128,1
43,0.1,static,346,224,14.53429127,40028,76,,0.8035714286,1702.366071,101,7128,3
43,0.1,rolling,346,224,20.09165356,1000,5,,0.9151785714,2935.075893,806.5,7128,3
43,0.1,static,346,224,14.53429127,38160,76,,0.8035714286,1702.366071,101,7128,7
43,0.1,rolling,346,224,18.68805218,1000,9,,0.8883928571,2573.508929,431,7128,7
43,0.1,static,347,306,14.53429127,42130,77,,0.8235294118,1794.457516,65,7128,0
43,0.1,rolling,347,306,19.68712425,1000,3,,0.908496732,2921.124183,497.5,7128,0
43,0.1,static,347,306,14.53429127,41906,77,,0.8235294118,1794.457516,65,7128,1
43,0.1,rolling,347,306,20.16776466,1000,3,,0.9117647059,3020.947712,657,7128,1
43,0.1,static,347,306,14.53429127,40670,77,,0.8235294118,1794.457516,65,7128,3
43,0.1,rolling,347,306,20.58497977,1000,5,,0.9183006536,3133.552288,807.5,7128,3
43,0.1,static,347,306,14.53429127,38488,77,,0.8235294118,1794.457516,65,7128,7
43,0.1,rolling,347,306,18.96119118,1000,10,,0.8921568627,2753.879085,369.5,7128,7
43,0.1,static,348,714,14.53429127,42436,78,,0.7983193277,2290.840336,139,7128,0
43,0.1,rolling,348,714,19.49085045,1000,3,,0.8949579832,3459.879552,1890,7128,0
43,0.1,static,348,714,14.53429127,42130,78,,0.7983193277,2290.840336,139,7128,1
43,0.1,rolling,348,714,19.68712425,1000,4,,0.8977591036,3513.717087,2139,7128,1
43,0.1,static,348,714,14.53429127,41320,78,,0.7983193277,2290.840336,139,7128,3
43,0.1,rolling,348,714,21.6960144,1000,5,,0.9271708683,3999.669468,6219.5,7128,3
43,0.1,static,348,714,14.53429127,38816,78,,0.7983193277,2290.840336,139,7128,7
43,0.1,rolling,348,714,18.52028596,1000,10,,0.8739495798,3198.714286,1031,7128,7
43,0.1,static,349,600,14.53429127,43150,79,,0.7583333333,2175.211667,124,7128,0
43,0.1,rolling,349,600,19.57357514,1000,2,,0.845,3265.87,1086,7128,0
43,0.1,static,349,600,14.53429127,42436,79,,0.7583333333,2175.211667,124,7128,1
43,0.1,rolling,349,600,19.49085045,1000,4,,0.845,3246.906667,1049.5,7128,1
43,0.1,static,349,600,14.53429127,41906,79,,0.7583333333,2175.211667,124,7128,3
43,0.1,rolling,349,600,20.16776466,1000,5,,0.8566666667,3412.333333,1433,7128,3
43,0.1,static,349,600,14.53429127,39392,79,,0.7583333333,2175.211667,124,7128,7
43,0.1,rolling,349,600,18.83239746,1000,10,,0.8316666667,3059.228333,748,7128,7
43,0.1,static,350,656,14.53429127,43750,80,,0.7652439024,1822.426829,108,7128,0
43,0.1,rolling,350,656,21.76520157,1000,2,,0.9115853659,3511.783537,1781,7128,0
43,0.1,static,350,656,14.53429127,43150,80,,0.7652439024,1822.426829,108,7128,1
43,0.1,rolling,350,656,19.57357514,1000,3,,0.8765243902,3004.495427,673.5,7128,1
43,0.1,static,350,656,14.53429127,42130,80,,0.7652439024,1822.426829,108,7128,3
43,0.1,rolling,350,656,19.68712425,1000,6,,0.8765243902,3036.38872,708.5,7128,3
43,0.1,static,350,656,14.53429127,40028,80,,0.7652439024,1822.426829,108,7128,7
43,0.1,rolling,350,656,20.09165356,1000,9,,0.8841463415,3131.835366,861,7128,7
43,0.1,static,351,522,14.53429127,44406,81,,0.7567049808,1829.664751,79,7128,0
43,0.1,rolling,351,522,21.51871753,1000,2,,0.8754789272,3379.342912,1207,7128,0
43,0.1,static,351,522,14.53429127,43750,81,,0.7567049808,1829.664751,79,7128,1
43,0.1,rolling,351,522,21.76520157,1000,3,,0.8793103448,3430.036398,1334.5,7128,1
43,0.1,static,351,522,14.53429127,42436,81,,0.7567049808,1829.664751,79,7128,3
43,0.1,rolling,351,522,19.49085045,1000,6,,0.8390804598,2977.440613,487,7128,3
43,0.1,static,351,522,14.53429127,40670,81,,0.7567049808,1829.664751,79,7128,7
43,0.1,rolling,351,522,20.58497977,1000,9,,0.8582375479,3193.118774,769,7128,7
43,0.1,static,352,462,14.53429127,44928,82,,0.7272727273,1905.435065,117,7128,0
43,0.1,rolling,352,462,22.18577695,1000,2,,0.9047619048,3813.575758,5020,7128,0
43,0.1,static,352,462,14.53429127,44406,82,,0.7272727273,1905.435065,117,7128,1
43,0.1,rolling,352,462,21.51871753,1000,3,,0.8939393939,3659.642857,4196,7128,1
43,0.1,static,352,462,14.53429127,43150,82,,0.7272727273,1905.435065,117,7128,3
43,0.1,rolling,352,462,19.57357514,1000,5,,0.8636363636,3128.941558,1139,7128,3
43,0.1,static,352,462,14.53429127,41320,82,,0.7272727273,1905.435065,117,7128,7
43,0.1,rolling,352,462,21.6960144,1000,9,,0.8982683983,3702.634199,4432.5,7128,7
43,0.1,static,353,242,14.53429127,45390,83,,0.7231404959,1781.834711,94,7128,0
43,0.1,rolling,353,242,22.99866658,1000,3,,0.8760330579,3713.053719,4745,7128,0
43,0.1,static,353,242,14.53429127,44928,83,,0.7231404959,1781.834711,94,7128,1
43,0.1,rolling,353,242,22.18577695,1000,3,,0.8719008264,3603.896694,3948,7128,1
43,0.1,static,353,242,14.53429127,43750,83,,0.7231404959,1781.834711,94,7128,3
43,0.1,rolling,353,242,21.76520157,1000,5,,0.8636363636,3529.347107,2185,7128,3
43,0.1,static,353,242,14.53429127,41906,83,,0.7231404959,1781.834711,94,7128,7
43,0.1,rolling,353,242,20.16776466,1000,9,,0.8512396694,3222.049587,1061.5,7128,7
43,0.1,static,354,238,14.53429127,45632,84,,0.7394957983,2105.798319,114,7128,0
43,0.1,rolling,354,238,23.1697998,1000,3,,0.9201680672,4214.920168,6460,7128,0
43,0.1,static,354,238,14.53429127,45390,84,,0.7394957983,2105.798319,114,7128,1
43,0.1,rolling,354,238,22.99866658,1000,4,,0.9201680672,4180.058824,6356,7128,1
43,0.1,static,354,238,14.53429127,44406,84,,0.7394957983,2105.798319,114,7128,3
43,0.1,rolling,354,238,21.51871753,1000,5,,0.9033613445,3821.571429,4974.5,7128,3
43,0.1,static,354,238,14.53429127,42130,84,,0.7394957983,2105.798319,114,7128,7
43,0.1,rolling,354,238,19.68712425,1000,10,,0.8655462185,3372.731092,1480,7128,7
43,0.1,static,355,578,14.53429127,45870,85,,0.7058823529,2222.00692,134.5,7128,0
43,0.1,rolling,355,578,23.30146408,1000,4,,0.9100346021,4310.017301,6932.5,7128,0
43,0.1,static,355,578,14.53429127,45632,85,,0.7058823529,2222.00692,134.5,7128,1
43,0.1,rolling,355,578,23.1697998,1000,4,,0.9083044983,4289.411765,6904,7128,1
43,0.1,static,355,578,14.53429127,44928,85,,0.7058823529,2222.00692,134.5,7128,3
43,0.1,rolling,355,578,22.18577695,1000,5,,0.8944636678,4090.653979,6429,7128,3
43,0.1,static,355,578,14.53429127,42436,85,,0.7058823529,2222.00692,134.5,7128,7
43,0.1,rolling,355,578,19.49085045,1000,10,,0.8200692042,3392.581315,1369.5,7128,7
43,0.1,static,356,548,14.53429127,46448,86,,0.7481751825,2272.364964,126,7128,0
43,0.1,rolling,356,548,22.76634502,1000,3,,0.8959854015,4001.686131,6262,7128,0
43,0.1,static,356,548,14.53429127,45870,86,,0.7481751825,2272.364964,126,7128,1
43,0.1,rolling,356,548,23.30146408,1000,5,,0.9069343066,4116.660584,6701.5,7128,1
43,0.1,static,356,548,14.53429127,45390,86,,0.7481751825,2272.364964,126,7128,3
43,0.1,rolling,356,548,22.99866658,1000,6,,0.8996350365,4048.063869,6515.5,7128,3
43,0.1,static,356,548,14.53429127,43150,86,,0.7481751825,2272.364964,126,7128,7
43,0.1,rolling,356,548,19.57357514,1000,9,,0.8357664234,3314.501825,1216,7128,7
43,0.1,static,357,406,14.53429127,46996,87,,0.7684729064,1510.172414,110,7128,0
43,0.1,rolling,357,406,22.81996727,1000,2,,0.9187192118,3840.231527,5774,7128,0
43,0.1,static,357,406,14.53429127,46448,87,,0.7684729064,1510.172414,110,7128,1
43,0.1,rolling,357,406,22.76634502,1000,4,,0.9187192118,3830.20936,5710.5,7128,1
43,0.1,static,357,406,14.53429127,45632,87,,0.7684729064,1510.172414,110,7128,3
43,0.1,rolling,357,406,23.1697998,1000,6,,0.9236453202,3912.869458,6092.5,7128,3
43,0.1,static,357,406,14.53429127,43750,87,,0.7684729064,1510.172414,110,7128,7
43,0.1,rolling,357,406,21.76520157,1000,9,,0.9113300493,3604.224138,4467.5,7128,7
43,0.1,static,358,300,14.53429127,47402,88,,0.78,1507.286667,73,7128,0
43,0.1,rolling,358,300,22.38737106,1000,3,,0.9033333333,3339.076667,995,7128,0
43,0.1,static,358,300,14.53429127,46996,88,,0.78,1507.286667,73,7128,1
43,0.1,rolling,358,300,22.81996727,1000,3,,0.9133333333,3420.41,1389.5,7128,1
43,0.1,static,358,300,14.53429127,45870,88,,0.78,1507.286667,73,7128,3
43,0.1,rolling,358,300,23.30146408,1000,7,,0.9166666667,3513.283333,1965,7128,3
43,0.1,static,358,300,14.53429127,44406,88,,0.78,1507.286667,73,7128,7
43,0.1,rolling,358,300,21.51871753,1000,9,,0.8933333333,3105.36,784,7128,7
43,0.1,static,359,330,14.53429127,47702,89,,0.8181818182,2543.466667,241,7128,0
43,0.1,rolling,359,330,21.96531382,1000,3,,0.9575757576,4447.445455,7037,7128,0
43,0.1,static,359,330,14.53429127,47402,89,,0.8181818182,2543.466667,241,7128,1
43,0.1,rolling,359,330,22.38737106,1000,4,,0.9575757576,4509.230303,7081,7128,1
43,0.1,static,359,330,14.53429127,46448,89,,0.8181818182,2543.466667,241,7128,3
43,0.1,rolling,359,330,22.76634502,1000,6,,0.9575757576,4581.787879,7101.5,7128,3
43,0.1,static,359,330,14.53429127,44928,89,,0.8181818182,2543.466667,241,7128,7
43,0.1,rolling,359,330,22.18577695,1000,9,,0.9575757576,4478.966667,7062.5,7128,7
43,0.1,static,360,228,14.53429127,48032,90,,0.7631578947,1673.421053,71.5,7128,0
43,0.1,rolling,360,228,20.13492203,1000,3,,0.8903508772,2884.350877,670.5,7128,0
43,0.1,static,360,228,14.53429127,47702,90,,0.7631578947,1673.421053,71.5,7128,1
43,0.1,rolling,360,228,21.96531382,1000,4,,0.9166666667,3355.991228,1544,7128,1
43,0.1,static,360,228,14.53429127,46996,90,,0.7631578947,1673.421053,71.5,7128,3
43,0.1,rolling,360,228,22.81996727,1000,5,,0.9210526316,3571.412281,2364.5,7128,3
43,0.1,static,360,228,14.53429127,45390,90,,0.7631578947,1673.421053,71.5,7128,7
43,0.1,rolling,360,228,22.99866658,1000,10,,0.9254385965,3632.719298,3697.5,7128,7
43,0.1,static,361,246,14.53429127,48260,91,,0.7967479675,1549.317073,43,7128,0
43,0.1,rolling,361,246,20.85737187,1000,4,,0.8739837398,3011.768293,545,7128,0
43,0.1,static,361,246,14.53429127,48032,91,,0.7967479675,1549.317073,43,7128,1
43,0.1,rolling,361,246,20.13492203,1000,4,,0.8699186992,2839.479675,422.5,7128,1
43,0.1,static,361,246,14.53429127,47402,91,,0.7967479675,1549.317073,43,7128,3
43,0.1,rolling,361,246,22.38737106,1000,6,,0.918699187,3289.235772,950.5,7128,3
43,0.1,static,361,246,14.53429127,45632,91,,0.7967479675,1549.317073,43,7128,7
43,0.1,rolling,361,246,23.1697998,1000,10,,0.9227642276,3393.646341,1282,7128,7
43,0.1,static,362,620,14.53429127,48506,92,,0.7612903226,1563.779032,69,7128,0
43,0.1,rolling,362,620,20.56725277,1000,4,,0.8629032258,2908.05,603.5,7128,0
43,0.1,static,362,620,14.53429127,48260,92,,0.7612903226,1563.779032,69,7128,1
43,0.1,rolling,362,620,20.85737187,1000,5,,0.8693548387,2989.172581,706,7128,1
43,0.1,static,362,620,14.53429127,47702,92,,0.7612903226,1563.779032,69,7128,3
43,0.1,rolling,362,620,21.96531382,1000,6,,0.8806451613,3263.416129,1164,7128,3
43,0.1,static,362,620,14.53429127,45870,92,,0.7612903226,1563.779032,69,7128,7
43,0.1,rolling,362,620,23.30146408,1000,11,,0.8935483871,3541.182258,2144,7128,7
43,0.1,static,363,386,14.53429127,49126,93,,0.8056994819,1789.69171,69.5,7128,0
43,0.1,rolling,363,386,22.51695967,1000,3,,0.9093264249,3423.873057,1929.5,7128,0
43,0.1,static,363,386,14.53429127,48506,93,,0.8056994819,1789.69171,69.5,7128,1
43,0.1,rolling,363,386,20.56725277,1000,5,,0.8860103627,2964.287565,512,7128,1
43,0.1,static,363,386,14.53429127,48032,93,,0.8056994819,1789.69171,69.5,7128,3
43,0.1,rolling,363,386,20.13492203,1000,6,,0.878238342,2867.284974,457.5,7128,3
43,0.1,static,363,386,14.53429127,46448,93,,0.8056994819,1789.69171,69.5,7128,7
43,0.1,rolling,363,386,22.76634502,1000,10,,0.9093264249,3482.88342,2412.5,7128,7
43,0.1,static,364,354,14.53429127,49512,94,,0.7570621469,1535.711864,65,7128,0
43,0.1,rolling,364,354,23.06127381,1000,2,,0.8870056497,3688.062147,4417.5,7128,0
43,0.1,static,364,354,14.53429127,49126,94,,0.7570621469,1535.711864,65,7128,1
43,0.1,rolling,364,354,22.51695967,1000,4,,0.8757062147,3534.166667,3809,7128,1
43,0.1,static,364,354,14.53429127,48260,94,,0.7570621469,1535.711864,65,7128,3
43,0.1,rolling,364,354,20.85737187,1000,7,,0.8615819209,3008.09887,1026,7128,3
43,0.1,static,364,354,14.53429127,46996,94,,0.7570621469,1535.711864,65,7128,7
43,0.1,rolling,364,354,22.81996727,1000,9,,0.8813559322,3609.240113,4101,7128,7
43,0.2,static,292,730,13.85771561,11270,22,,0.8835616438,3315.534247,1220.5,7128,0
43,0.2,rolling,292,730,14.20146656,1000,3,,0.8890410959,3426.169863,1551,7128,0
43,0.2,static,292,730,13.85771561,11270,22,,0.8835616438,3315.534247,1220.5,7128,1
43,0.2,rolling,292,730,14.20146656,1000,3,,0.8890410959,3426.169863,1551,7128,1
43,0.2,static,292,730,13.85771561,11270,22,,0.8835616438,3315.534247,1220.5,7128,3
43,0.2,rolling,292,730,14.20146656,1000,3,,0.8890410959,3426.169863,1551,7128,3
43,0.2,static,292,730,13.85771561,11270,22,,0.8835616438,3315.534247,1220.5,7128,7
43,0.2,rolling,292,730,14.20146656,1000,3,,0.8890410959,3426.169863,1551,7128,7
43,0.2,static,293,658,13.85771561,12000,23,,0.8814589666,3426.047112,1735.5,7128,0
43,0.2,rolling,293,658,14.38245916,1000,2,,0.8936170213,3620.261398,3998.5,7128,0
43,0.2,static,293,658,13.85771561,11270,23,,0.8814589666,3426.047112,1735.5,7128,1
43,0.2,rolling,293,658,14.20146656,1000,4,,0.8905775076,3554.87234,3594,7128,1
43,0.2,static,293,658,13.85771561,11270,23,,0.8814589666,3426.047112,1735.5,7128,3
43,0.2,rolling,293,658,14.20146656,1000,4,,0.8905775076,3554.87234,3594,7128,3
43,0.2,static,293,658,13.85771561,11270,23,,0.8814589666,3426.047112,1735.5,7128,7
43,0.2,rolling,293,658,14.20146656,1000,4,,0.8905775076,3554.87234,3594,7128,7
43,0.2,static,294,618,13.85771561,12658,24,,0.8624595469,3184.930421,859.5,7128,0
43,0.2,rolling,294,618,15.41441366,1000,2,,0.9061488673,3743.029126,4781.5,7128,0
43,0.2,static,294,618,13.85771561,12000,24,,0.8624595469,3184.930421,859.5,7128,1
43,0.2,rolling,294,618,14.38245916,1000,3,,0.8802588997,3377.228155,1418,7128,1
43,0.2,static,294,618,13.85771561,11270,24,,0.8624595469,3184.930421,859.5,7128,3
43,0.2,rolling,294,618,14.20146656,1000,5,,0.8737864078,3313.462783,1211.5,7128,3
43,0.2,static,294,618,13.85771561,11270,24,,0.8624595469,3184.930421,859.5,7128,7
43,0.2,rolling,294,618,14.20146656,1000,5,,0.8737864078,3313.462783,1211.5,7128,7
43,0.2,static,295,666,13.85771561,13276,25,,0.8753753754,3109.477477,957.5,7128,0
43,0.2,rolling,295,666,15.0612371,1000,2,,0.8948948949,3613.265766,3742,7128,0
43,0.2,static,295,666,13.85771561,12658,25,,0.8753753754,3109.477477,957.5,7128,1
43,0.2,rolling,295,666,15.41441366,1000,3,,0.9009009009,3774.441441,4497.5,7128,1
43,0.2,static,295,666,13.85771561,11270,25,,0.8753753754,3109.477477,957.5,7128,3
43,0.2,rolling,295,666,14.20146656,1000,6,,0.8798798799,3251.327327,1276.5,7128,3
43,0.2,static,295,666,13.85771561,11270,25,,0.8753753754,3109.477477,957.5,7128,7
43,0.2,rolling,295,666,14.20146656,1000,6,,0.8798798799,3251.327327,1276.5,7128,7
43,0.2,static,296,516,13.85771561,13942,26,,0.8565891473,3157.267442,1040,7128,0
43,0.2,rolling,296,516,15.42516947,1000,2,,0.8856589147,3750.823643,4711,7128,0
43,0.2,static,296,516,13.85771561,13276,26,,0.8565891473,3157.267442,1040,7128,1
43,0.2,rolling,296,516,15.0612371,1000,3,,0.8798449612,3629.666667,4076,7128,1
43,0.2,static,296,516,13.85771561,12000,26,,0.8565891473,3157.267442,1040,7128,3
43,0.2,rolling,296,516,14.38245916,1000,5,,0.8643410853,3364.094961,1493.5,7128,3
43,0.2,static,296,516,13.85771561,11270,26,,0.8565891473,3157.267442,1040,7128,7
43,0.2,rolling,296,516,14.20146656,1000,7,,0.8643410853,3282.160853,1302,7128,7
43,0.2,static,297,292,13.85771561,14458,27,,0.8082191781,2520.15411,336,7128,0
43,0.2,rolling,297,292,15.63017777,1000,2,,0.8287671233,3054.613014,807.5,7128,0
43,0.2,static,297,292,13.85771561,13942,27,,0.8082191781,2520.15411,336,7128,1
43,0.2,rolling,297,292,15.42516947,1000,3,,0.8219178082,2992.708904,732,7128,1
43,0.2,static,297,292,13.85771561,12658,27,,0.8082191781,2520.15411,336,7128,3
43,0.2,rolling,297,292,15.41441366,1000,5,,0.8219178082,2989.068493,725,7128,3
43,0.2,static,297,292,13.85771561,11270,27,,0.8082191781,2520.15411,336,7128,7
43,0.2,rolling,297,292,14.20146656,1000,8,,0.8116438356,2618.910959,397,7128,7
43,0.2,static,298,252,13.85771561,14750,28,,0.8452380952,2741.246032,385.5,7128,0
43,0.2,rolling,298,252,16.78708458,1000,3,,0.9087301587,3738.674603,4014.5,7128,0
43,0.2,static,298,252,13.85771561,14458,28,,0.8452380952,2741.246032,385.5,7128,1
43,0.2,rolling,298,252,15.63017777,1000,3,,0.8849206349,3319.484127,1136.5,7128,1
43,0.2,static,298,252,13.85771561,13276,28,,0.8452380952,2741.246032,385.5,7128,3
43,0.2,rolling,298,252,15.0612371,1000,5,,0.869047619,3101.376984,738,7128,3
43,0.2,static,298,252,13.85771561,11270,28,,0.8452380952,2741.246032,385.5,7128,7
43,0.2,rolling,298,252,14.20146656,1000,9,,0.8571428571,2853.503968,470.5,7128,7
43,0.2,static,299,702,13.85771561,15002,29,,0.8475783476,2809.878917,468,7128,0
43,0.2,rolling,299,702,16.56894684,1000,3,,0.9031339031,3857.504274,5111.5,7128,0
43,0.2,static,299,702,13.85771561,14750,29,,0.8475783476,2809.878917,468,7128,1
43,0.2,rolling,299,702,16.78708458,1000,4,,0.9088319088,3935.933048,5573,7128,1
43,0.2,static,299,702,13.85771561,13942,29,,0.8475783476,2809.878917,468,7128,3
43,0.2,rolling,299,702,15.42516947,1000,5,,0.8874643875,3437.410256,1690.5,7128,3
43,0.2,static,299,702,13.85771561,11270,29,,0.8475783476,2809.878917,468,7128,7
43,0.2,rolling,299,702,14.20146656,1000,10,,0.8618233618,2940.176638,613,7128,7
43,0.2,static,300,664,13.85771561,15704,30,,0.8478915663,2979.539157,774.5,7128,0
43,0.2,rolling,300,664,16.56765127,1000,3,,0.9006024096,4100.371988,6351.5,7128,0
43,0.2,static,300,664,13.85771561,15002,30,,0.8478915663,2979.539157,774.5,7128,1
43,0.2,rolling,300,664,16.56894684,1000,4,,0.9006024096,4100.876506,6353,7128,1
43,0.2,static,300,664,13.85771561,14458,30,,0.8478915663,2979.539157,774.5,7128,3
43,0.2,rolling,300,664,15.63017777,1000,5,,0.8765060241,3751.71988,5024,7128,3
43,0.2,static,300,664,13.85771561,12000,30,,0.8478915663,2979.539157,774.5,7128,7
43,0.2,rolling,300,664,14.38245916,1000,9,,0.8584337349,3203.496988,1211,7128,7
43,0.2,static,301,616,13.85771561,16368,31,,0.875,3451.142857,1941,7128,0
43,0.2,rolling,301,616,16.84066963,1000,2,,0.9204545455,4402.824675,7020,7128,0
43,0.2,static,301,616,13.85771561,15704,31,,0.875,3451.142857,1941,7128,1
43,0.2,rolling,301,616,16.56765127,1000,4,,0.913961039,4323.75974,6960.5,7128,1
43,0.2,static,301,616,13.85771561,14750,31,,0.875,3451.142857,1941,7128,3
43,0.2,rolling,301,616,16.78708458,1000,6,,0.9188311688,4391.443182,7008.5,7128,3
43,0.2,static,301,616,13.85771561,12658,31,,0.875,3451.142857,1941,7128,7
43,0.2,rolling,301,616,15.41441366,1000,9,,0.8993506494,4016.574675,6153.5,7128,7
43,0.2,static,302,570,13.85771561,16984,32,,0.8245614035,2870.124561,612,7128,0
43,0.2,rolling,302,570,16.0325737,1000,2,,0.8807017544,3621.282456,4370,7128,0
43,0.2,static,302,570,13.85771561,16368,32,,0.8245614035,2870.124561,612,7128,1
43,0.2,rolling,302,570,16.84066963,1000,3,,0.8947368421,3846.542105,5684.5,7128,1
43,0.2,static,302,570,13.85771561,15002,32,,0.8245614035,2870.124561,612,7128,3
43,0.2,rolling,302,570,16.56894684,1000,6,,0.8912280702,3774.550877,5261,7128,3
43,0.2,static,302,570,13.85771561,13276,32,,0.8245614035,2870.124561,612,7128,7
43,0.2,rolling,302,570,15.0612371,1000,9,,0.8684210526,3318.847368,1288.5,7128,7
43,0.2,static,303,542,13.85771561,17554,33,,0.8616236162,2992.407749,717,7128,0
43,0.2,rolling,303,542,16.81705141,1000,2,,0.9188191882,4064.48524,6300,7128,0
43,0.2,static,303,542,13.85771561,16984,33,,0.8616236162,2992.407749,717,7128,1
43,0.2,rolling,303,542,16.0325737,1000,3,,0.8985239852,3783.854244,5052.5,7128,1
43,0.2,static,303,542,13.85771561,15704,33,,0.8616236162,2992.407749,717,7128,3
43,0.2,rolling,303,542,16.56765127,1000,6,,0.9151291513,3980.345018,6033.5,7128,3
43,0.2,static,303,542,13.85771561,13942,33,,0.8616236162,2992.407749,717,7128,7
43,0.2,rolling,303,542,15.42516947,1000,9,,0.8874538745,3575.392989,3826.5,7128,7
43,0.2,static,304,328,13.85771561,18096,34,,0.8140243902,2733.134146,430.5,7128,0
43,0.2,rolling,304,328,16.11461997,1000,2,,0.8932926829,3492.039634,1878.5,7128,0
43,0.2,static,304,328,13.85771561,17554,34,,0.8140243902,2733.134146,430.5,7128,1
43,0.2,rolling,304,328,16.81705141,1000,3,,0.9085365854,3752.405488,4413,7128,1
43,0.2,static,304,328,13.85771561,16368,34,,0.8140243902,2733.134146,430.5,7128,3
43,0.2,rolling,304,328,16.84066963,1000,5,,0.9085365854,3760.670732,4451,7128,3
43,0.2,static,304,328,13.85771561,14458,34,,0.8140243902,2733.134146,430.5,7128,7
43,0.2,rolling,304,328,15.63017777,1000,9,,0.8536585366,3327.198171,1383,7128,7
43,0.2,static,305,328,13.85771561,18424,35,,0.8475609756,2478.926829,317.5,7128,0
43,0.2,rolling,305,328,16.26629078,1000,3,,0.9085365854,3481.643293,1763,7128,0
43,0.2,static,305,328,13.85771561,18096,35,,0.8475609756,2478.926829,317.5,7128,1
43,0.2,rolling,305,328,16.11461997,1000,3,,0.9024390244,3438.990854,1522,7128,1
43,0.2,static,305,328,13.85771561,16984,35,,0.8475609756,2478.926829,317.5,7128,3
43,0.2,rolling,305,328,16.0325737,1000,5,,0.9024390244,3411.07622,1429,7128,3
43,0.2,static,305,328,13.85771561,14750,35,,0.8475609756,2478.926829,317.5,7128,7
43,0.2,rolling,305,328,16.78708458,1000,10,,0.9329268293,3659.609756,3733,7128,7
43,0.2,static,306,582,13.85771561,18752,36,,0.8453608247,2796.147766,480.5,7128,0
43,0.2,rolling,306,582,16.12155724,1000,3,,0.8986254296,3572.314433,2171,7128,0
43,0.2,static,306,582,13.85771561,18424,36,,0.8453608247,2796.147766,480.5,7128,1
43,0.2,rolling,306,582,16.26629078,1000,4,,0.9037800687,3612.898625,3802.5,7128,1
43,0.2,static,306,582,13.85771561,17554,36,,0.8453608247,2796.147766,480.5,7128,3
43,0.2,rolling,306,582,16.81705141,1000,5,,0.9089347079,3769.402062,4752,7128,3
43,0.2,static,306,582,13.85771561,15002,36,,0.8453608247,2796.147766,480.5,7128,7
43,0.2,rolling,306,582,16.56894684,1000,10,,0.9089347079,3694.262887,4366,7128,7
43,0.2,static,307,588,13.85771561,19334,37,,0.8503401361,2854.066327,607,7128,0
43,0.2,rolling,307,588,16.17748737,1000,3,,0.8962585034,3794.831633,5254,7128,0
43,0.2,static,307,588,13.85771561,18752,37,,0.8503401361,2854.066327,607,7128,1
43,0.2,rolling,307,588,16.12155724,1000,4,,0.8945578231,3776.37415,5148.5,7128,1
43,0.2,static,307,588,13.85771561,18096,37,,0.8503401361,2854.066327,607,7128,3
43,0.2,rolling,307,588,16.11461997,1000,5,,0.8945578231,3774.372449,5136,7128,3
43,0.2,static,307,588,13.85771561,15704,37,,0.8503401361,2854.066327,607,7128,7
43,0.2,rolling,307,588,16.56765127,1000,10,,0.8979591837,3935.122449,5893,7128,7
43,0.2,static,308,562,13.85771561,19922,38,,0.8398576512,3019.218861,526,7128,0
43,0.2,rolling,308,562,16.350811,1000,2,,0.8950177936,3769.516014,5303,7128,0
43,0.2,static,308,562,13.85771561,19334,38,,0.8398576512,3019.218861,526,7128,1
43,0.2,rolling,308,562,16.17748737,1000,4,,0.8861209964,3715.685053,4951.5,7128,1
43,0.2,static,308,562,13.85771561,18424,38,,0.8398576512,3019.218861,526,7128,3
43,0.2,rolling,308,562,16.26629078,1000,6,,0.8914590747,3745.97153,5158,7128,3
43,0.2,static,308,562,13.85771561,16368,38,,0.8398576512,3019.218861,526,7128,7
43,0.2,rolling,308,562,16.84066963,1000,9,,0.9056939502,3910.439502,6155,7128,7
43,0.2,static,309,626,13.85771561,20484,39,,0.8162939297,2992.86262,671,7128,0
43,0.2,rolling,309,626,16.59896374,1000,2,,0.8801916933,3983.330671,6061,7128,0
43,0.2,static,309,626,13.85771561,19922,39,,0.8162939297,2992.86262,671,7128,1
43,0.2,rolling,309,626,16.350811,1000,3,,0.8785942492,3907.85623,5709.5,7128,1
43,0.2,static,309,626,13.85771561,18752,39,,0.8162939297,2992.86262,671,7128,3
43,0.2,rolling,309,626,16.12155724,1000,6,,0.8690095847,3837.835463,5342,7128,3
43,0.2,static,309,626,13.85771561,16984,39,,0.8162939297,2992.86262,671,7128,7
43,0.2,rolling,309,626,16.0325737,1000,9,,0.8658146965,3808.423323,5157.5,7128,7
43,0.2,static,310,620,13.85771561,21110,40,,0.8725806452,2411.793548,307,7128,0
43,0.2,rolling,310,620,17.24059868,1000,2,,0.9370967742,3544.779032,2183,7128,0
43,0.2,static,310,620,13.85771561,20484,40,,0.8725806452,2411.793548,307,7128,1
43,0.2,rolling,310,620,16.59896374,1000,3,,0.9274193548,3339.987097,1365.5,7128,1
43,0.2,static,310,620,13.85771561,19334,40,,0.8725806452,2411.793548,307,7128,3
43,0.2,rolling,310,620,16.17748737,1000,6,,0.9241935484,3195.864516,1071.5,7128,3
43,0.2,static,310,620,13.85771561,17554,40,,0.8725806452,2411.793548,307,7128,7
43,0.2,rolling,310,620,16.81705141,1000,9,,0.9290322581,3413.191935,1654,7128,7
43,0.2,static,311,438,13.85771561,21730,41,,0.8493150685,2208.703196,204,7128,0
43,0.2,rolling,311,438,16.23295784,1000,2,,0.9086757991,2880.906393,575,7128,0
43,0.2,static,311,438,13.85771561,21110,41,,0.8493150685,2208.703196,204,7128,1
43,0.2,rolling,311,438,17.24059868,1000,3,,0.9292237443,3170.018265,973,7128,1
43,0.2,static,311,438,13.85771561,19922,41,,0.8493150685,2208.703196,204,7128,3
43,0.2,rolling,311,438,16.350811,1000,5,,0.9155251142,2916.641553,618.5,7128,3
43,0.2,static,311,438,13.85771561,18096,41,,0.8493150685,2208.703196,204,7128,7
43,0.2,rolling,311,438,16.11461997,1000,9,,0.9063926941,2852.109589,545,7128,7
43,0.2,static,312,460,13.85771561,22168,42,,0.8304347826,2132.367391,188.5,7128,0
43,0.2,rolling,312,460,14.92128348,1000,2,,0.8630434783,2514.56087,297,7128,0
43,0.2,static,312,460,13.85771561,21730,42,,0.8304347826,2132.367391,188.5,7128,1
43,0.2,rolling,312,460,16.23295784,1000,3,,0.9173913043,2892.706522,567.5,7128,1
43,0.2,static,312,460,13.85771561,20484,42,,0.8304347826,2132.367391,188.5,7128,3
43,0.2,rolling,312,460,16.59896374,1000,5,,0.9304347826,2995.932609,684,7128,3
43,0.2,static,312,460,13.85771561,18424,42,,0.8304347826,2132.367391,188.5,7128,7
43,0.2,rolling,312,460,16.26629078,1000,10,,0.9195652174,2903.769565,579,7128,7
43,0.2,static,313,794,13.85771561,22628,43,,0.8413098237,2302.254408,180,7128,0
43,0.2,rolling,313,794,15.86980724,1000,3,,0.8879093199,2869.219144,465.5,7128,0
43,0.2,static,313,794,13.85771561,22168,43,,0.8413098237,2302.254408,180,7128,1
43,0.2,rolling,313,794,14.92128348,1000,3,,0.8664987406,2617.060453,280,7128,1
43,0.2,static,313,794,13.85771561,21110,43,,0.8413098237,2302.254408,180,7128,3
43,0.2,rolling,313,794,17.24059868,1000,5,,0.9093198992,3277.647355,962,7128,3
43,0.2,static,313,794,13.85771561,18752,43,,0.8413098237,2302.254408,180,7128,7
43,0.2,rolling,313,794,16.12155724,1000,10,,0.8916876574,2943.870277,541,7128,7
43,0.2,static,314,678,13.85771561,23422,44,,0.8333333333,2506.836283,257,7128,0
43,0.2,rolling,314,678,16.30764103,1000,2,,0.8982300885,3292.40413,1142,7128,0
43,0.2,static,314,678,13.85771561,22628,44,,0.8333333333,2506.836283,257,7128,1
43,0.2,rolling,314,678,15.86980724,1000,4,,0.8908554572,3159.371681,807.5,7128,1
43,0.2,static,314,678,13.85771561,21730,44,,0.8333333333,2506.836283,257,7128,3
43,0.2,rolling,314,678,16.23295784,1000,5,,0.8967551622,3271.057522,1059,7128,3
43,0.2,static,314,678,13.85771561,19334,44,,0.8333333333,2506.836283,257,7128,7
43,0.2,rolling,314,678,16.17748737,1000,10,,0.8967551622,3255.048673,1007.5,7128,7
43,0.2,static,315,774,13.85771561,24100,45,,0.8333333333,2371.24677,263.5,7128,0
43,0.2,rolling,315,774,16.57042217,1000,2,,0.8979328165,3302.975452,1447.5,7128,0
43,0.2,static,315,774,13.85771561,23422,45,,0.8333333333,2371.24677,263.5,7128,1
43,0.2,rolling,315,774,16.30764103,1000,3,,0.8953488372,3206.940568,1247.5,7128,1
43,0.2,static,315,774,13.85771561,22168,45,,0.8333333333,2371.24677,263.5,7128,3
43,0.2,rolling,315,774,14.92128348,1000,5,,0.8630490956,2732.05168,478.5,7128,3
43,0.2,static,315,774,13.85771561,19922,45,,0.8333333333,2371.24677,263.5,7128,7
43,0.2,rolling,315,774,16.350811,1000,9,,0.8953488372,3221.155039,1275.5,7128,7
43,0.2,static,316,758,13.85771561,24874,46,,0.8482849604,2435.013193,376,7128,0
43,0.2,rolling,316,758,17.27146626,1000,2,,0.9116094987,3782.156992,5032.5,7128,0
43,0.2,static,316,758,13.85771561,24100,46,,0.8482849604,2435.013193,376,7128,1
43,0.2,rolling,316,758,16.57042217,1000,3,,0.9050131926,3524.939314,3128.5,7128,1
43,0.2,static,316,758,13.85771561,22628,46,,0.8482849604,2435.013193,376,7128,3
43,0.2,rolling,316,758,15.86980724,1000,6,,0.8918205805,3245.668865,1400.5,7128,3
43,0.2,static,316,758,13.85771561,20484,46,,0.8482849604,2435.013193,376,7128,7
43,0.2,rolling,316,758,16.59896374,1000,9,,0.9063324538,3535.515831,3436,7128,7
43,0.2,static,317,630,13.85771561,25632,47,,0.8142857143,2055.387302,183,7128,0
43,0.2,rolling,317,630,16.37126279,1000,2,,0.873015873,2922.509524,763,7128,0
43,0.2,static,317,630,13.85771561,24874,47,,0.8142857143,2055.387302,183,7128,1
43,0.2,rolling,317,630,17.27146626,1000,3,,0.8888888889,3261.680952,1422,7128,1
43,0.2,static,317,630,13.85771561,23422,47,,0.8142857143,2055.387302,183,7128,3
43,0.2,rolling,317,630,16.30764103,1000,5,,0.8714285714,2895.663492,739.5,7128,3
43,0.2,static,317,630,13.85771561,21110,47,,0.8142857143,2055.387302,183,7128,7
43,0.2,rolling,317,630,17.24059868,1000,9,,0.8888888889,3251.203175,1399,7128,7
43,0.2,static,318,342,13.85771561,26262,48,,0.8157894737,2161.356725,163.5,7128,0
43,0.2,rolling,318,342,17.82514191,1000,2,,0.918128655,3342.30117,1025.5,7128,0
43,0.2,static,318,342,13.85771561,25632,48,,0.8157894737,2161.356725,163.5,7128,1
43,0.2,rolling,318,342,16.37126279,1000,3,,0.8918128655,2922.125731,422.5,7128,1
43,0.2,static,318,342,13.85771561,24100,48,,0.8157894737,2161.356725,163.5,7128,3
43,0.2,rolling,318,342,16.57042217,1000,5,,0.8976608187,2987.339181,473.5,7128,3
43,0.2,static,318,342,13.85771561,21730,48,,0.8157894737,2161.356725,163.5,7128,7
43,0.2,rolling,318,342,16.23295784,1000,9,,0.8918128655,2887.657895,385.5,7128,7
43,0.2,static,319,324,13.85771561,26604,49,,0.8425925926,2170.75,206.5,7128,0
43,0.2,rolling,319,324,17.66929841,1000,3,,0.9290123457,3457.197531,1779.5,7128,0
43,0.2,static,319,324,13.85771561,26262,49,,0.8425925926,2170.75,206.5,7128,1
43,0.2,rolling,319,324,17.82514191,1000,3,,0.9320987654,3498.521605,2015.5,7128,1
43,0.2,static,319,324,13.85771561,24874,49,,0.8425925926,2170.75,206.5,7128,3
43,0.2,rolling,319,324,17.27146626,1000,5,,0.9259259259,3313.907407,1291.5,7128,3
43,0.2,static,319,324,13.85771561,22168,49,,0.8425925926,2170.75,206.5,7128,7
43,0.2,rolling,319,324,14.92128348,1000,9,,0.8796296296,2503.601852,326,7128,7
43,0.2,static,320,736,13.85771561,26928,50,,0.8152173913,2783.282609,346,7128,0
43,0.2,rolling,320,736,17.16292095,1000,3,,0.8940217391,3731.554348,4685.5,7128,0
43,0.2,static,320,736,13.85771561,26604,50,,0.8152173913,2783.282609,346,7128,1
43,0.2,rolling,320,736,17.66929841,1000,4,,0.9008152174,3878.898098,5576,7128,1
43,0.2,static,320,736,13.85771561,25632,50,,0.8152173913,2783.282609,346,7128,3
43,0.2,rolling,320,736,16.37126279,1000,5,,0.8817934783,3454.847826,1855,7128,3
43,0.2,static,320,736,13.85771561,22628,50,,0.8152173913,2783.282609,346,7128,7
43,0.2,rolling,320,736,15.86980724,1000,10,,0.8695652174,3310.282609,1246.5,7128,7
43,0.2,static,321,680,13.85771561,27664,51,,0.8397058824,2476.204412,317,7128,0
43,0.2,rolling,321,680,17.04965973,1000,2,,0.8970588235,3687.591176,4681.5,7128,0
43,0.2,static,321,680,13.85771561,26928,51,,0.8397058824,2476.204412,317,7128,1
43,0.2,rolling,321,680,17.16292095,1000,4,,0.9,3728.310294,4849,7128,1
43,0.2,static,321,680,13.85771561,26262,51,,0.8397058824,2476.204412,317,7128,3
43,0.2,rolling,321,680,17.82514191,1000,5,,0.9132352941,3932.198529,5915,7128,3
43,0.2,static,321,680,13.85771561,23422,51,,0.8397058824,2476.204412,317,7128,7
43,0.2,rolling,321,680,16.30764103,1000,9,,0.8897058824,3420.201471,1984.5,7128,7
43,0.2,static,322,668,13.85771561,28344,52,,0.8413173653,2655.615269,318.5,7128,0
43,0.2,rolling,322,668,18.10510731,1000,2,,0.9341317365,4100.826347,6112,7128,0
43,0.2,static,322,668,13.85771561,27664,52,,0.8413173653,2655.615269,318.5,7128,1
43,0.2,rolling,322,668,17.04965973,1000,3,,0.9161676647,3683.88024,4314,7128,1
43,0.2,static,322,668,13.85771561,26604,52,,0.8413173653,2655.615269,318.5,7128,3
43,0.2,rolling,322,668,17.66929841,1000,6,,0.9281437126,3918.023952,5495,7128,3
43,0.2,static,322,668,13.85771561,24100,52,,0.8413173653,2655.615269,318.5,7128,7
43,0.2,rolling,322,668,16.57042217,1000,9,,0.9026946108,3504.058383,2066,7128,7
43,0.2,static,323,668,13.85771561,29012,53,,0.7754491018,2393.013473,324.5,7128,0
43,0.2,rolling,323,668,16.89392908,1000,2,,0.8862275449,3544.368263,2718,7128,0
43,0.2,static,323,668,13.85771561,28344,53,,0.7754491018,2393.013473,324.5,7128,1
43,0.2,rolling,323,668,18.10510731,1000,3,,0.9086826347,3972.709581,5527,7128,1
43,0.2,static,323,668,13.85771561,26928,53,,0.7754491018,2393.013473,324.5,7128,3
43,0.2,rolling,323,668,17.16292095,1000,6,,0.8862275449,3655.738024,4092,7128,3
43,0.2,static,323,668,13.85771561,24874,53,,0.7754491018,2393.013473,324.5,7128,7
43,0.2,rolling,323,668,17.27146626,1000,9,,0.8922155689,3694.642216,4290,7128,7
43,0.2,static,324,796,13.85771561,29680,54,,0.7939698492,2341.41206,232,7128,0
43,0.2,rolling,324,796,17.60551953,1000,2,,0.8894472362,3482.777638,1820,7128,0
43,0.2,static,324,796,13.85771561,29012,54,,0.7939698492,2341.41206,232,7128,1
43,0.2,rolling,324,796,16.89392908,1000,3,,0.8756281407,3291.845477,1181,7128,1
43,0.2,static,324,796,13.85771561,27664,54,,0.7939698492,2341.41206,232,7128,3
43,0.2,rolling,324,796,17.04965973,1000,5,,0.8768844221,3337.379397,1329.5,7128,3
43,0.2,static,324,796,13.85771561,25632,54,,0.7939698492,2341.41206,232,7128,7
43,0.2,rolling,324,796,16.37126279,1000,9,,0.8630653266,3125.977387,880.5,7128,7
43,0.2,static,325,398,13.85771561,30476,55,,0.7537688442,2357.459799,200,7128,0
43,0.2,rolling,325,398,17.93173528,1000,2,,0.8894472362,3448.427136,1712.5,7128,0
43,0.2,static,325,398,13.85771561,29680,55,,0.7537688442,2357.459799,200,7128,1
43,0.2,rolling,325,398,17.60551953,1000,3,,0.8793969849,3349.68593,1415.5,7128,1
43,0.2,static,325,398,13.85771561,28344,55,,0.7537688442,2357.459799,200,7128,3
43,0.2,rolling,325,398,18.10510731,1000,5,,0.8994974874,3503.615578,1932,7128,3
43,0.2,static,325,398,13.85771561,26262,55,,0.7537688442,2357.459799,200,7128,7
43,0.2,rolling,325,398,17.82514191,1000,9,,0.8844221106,3415.59799,1582.5,7128,7
43,0.2,static,326,422,13.85771561,30874,56,,0.7654028436,1815.741706,97.5,7128,0
43,0.2,rolling,326,422,17.91460991,1000,2,,0.8886255924,2819.177725,415.5,7128,0
43,0.2,static,326,422,13.85771561,30476,56,,0.7654028436,1815.741706,97.5,7128,1
43,0.2,rolling,326,422,17.93173528,1000,3,,0.8886255924,2822.770142,418.5,7128,1
43,0.2,static,326,422,13.85771561,29012,56,,0.7654028436,1815.741706,97.5,7128,3
43,0.2,rolling,326,422,16.89392908,1000,5,,0.8578199052,2553.938389,271,7128,3
43,0.2,static,326,422,13.85771561,26604,56,,0.7654028436,1815.741706,97.5,7128,7
43,0.2,rolling,326,422,17.66929841,1000,10,,0.8838862559,2762.272512,365.5,7128,7
43,0.2,static,327,738,13.85771561,31296,57,,0.7737127371,2449.46748,237.5,7128,0
43,0.2,rolling,327,738,18.10136223,1000,3,,0.8970189702,3646.073171,4303,7128,0
43,0.2,static,327,738,13.85771561,30874,57,,0.7737127371,2449.46748,237.5,7128,1
43,0.2,rolling,327,738,17.91460991,1000,3,,0.8956639566,3589.594851,3931,7128,1
43,0.2,static,327,738,13.85771561,29680,57,,0.7737127371,2449.46748,237.5,7128,3
43,0.2,rolling,327,738,17.60551953,1000,5,,0.8943089431,3497.144986,2026.5,7128,3
43,0.2,static,327,738,13.85771561,26928,57,,0.7737127371,2449.46748,237.5,7128,7
43,0.2,rolling,327,738,17.16292095,1000,10,,0.8821138211,3363.394309,1497.5,7128,7
43,0.2,static,328,600,13.85771561,32034,58,,0.7916666667,2459.111667,261.5,7128,0
43,0.2,rolling,328,600,18.36926746,1000,2,,0.9183333333,3898.803333,5415.5,7128,0
43,0.2,static,328,600,13.85771561,31296,58,,0.7916666667,2459.111667,261.5,7128,1
43,0.2,rolling,328,600,18.10136223,1000,4,,0.9116666667,3802.976667,5015,7128,1
43,0.2,static,328,600,13.85771561,30476,58,,0.7916666667,2459.111667,261.5,7128,3
43,0.2,rolling,328,600,17.93173528,1000,5,,0.9083333333,3750.675,4737.5,7128,3
43,0.2,static,328,600,13.85771561,27664,58,,0.7916666667,2459.111667,261.5,7128,7
43,0.2,rolling,328,600,17.04965973,1000,9,,0.895,3478.305,1860.5,7128,7
43,0.2,static,329,684,13.85771561,32634,59,,0.8084795322,2538.273392,248,7128,0
43,0.2,rolling,329,684,18.15238285,1000,2,,0.9064327485,3861.80117,4975,7128,0
43,0.2,static,329,684,13.85771561,32034,59,,0.8084795322,2538.273392,248,7128,1
43,0.2,rolling,329,684,18.36926746,1000,3,,0.9166666667,3946.527778,5458.5,7128,1
43,0.2,static,329,684,13.85771561,30874,59,,0.8084795322,2538.273392,248,7128,3
43,0.2,rolling,329,684,17.91460991,1000,5,,0.9020467836,3771.321637,4437.5,7128,3
43,0.2,static,329,684,13.85771561,28344,59,,0.8084795322,2538.273392,248,7128,7
43,0.2,rolling,329,684,18.10510731,1000,9,,0.9064327485,3842.606725,4887.5,7128,7
43,0.2,static,330,640,13.85771561,33318,60,,0.8109375,2332.75,231,7128,0
43,0.2,rolling,330,640,17.89543271,1000,2,,0.9171875,3714.498437,4481.5,7128,0
43,0.2,static,330,640,13.85771561,32634,60,,0.8109375,2332.75,231,7128,1
43,0.2,rolling,330,640,18.15238285,1000,3,,0.925,3802.479688,4919.5,7128,1
43,0.2,static,330,640,13.85771561,31296,60,,0.8109375,2332.75,231,7128,3
43,0.2,rolling,330,640,18.10136223,1000,6,,0.9234375,3785.820312,4829,7128,3
43,0.2,static,330,640,13.85771561,29012,60,,0.8109375,2332.75,231,7128,7
43,0.2,rolling,330,640,16.89392908,1000,9,,0.9015625,3309.410937,1502,7128,7
43,0.2,static,331,506,13.85771561,33958,61,,0.8458498024,2542.156126,228,7128,0
43,0.2,rolling,331,506,17.05518937,1000,2,,0.9130434783,3457.160079,1827.5,7128,0
43,0.2,static,331,506,13.85771561,33318,61,,0.8458498024,2542.156126,228,7128,1
43,0.2,rolling,331,506,17.89543271,1000,3,,0.9229249012,3811.088933,4734,7128,1
43,0.2,static,331,506,13.85771561,32034,61,,0.8458498024,2542.156126,228,7128,3
43,0.2,rolling,331,506,18.36926746,1000,5,,0.9249011858,3986.87747,5708.5,7128,3
43,0.2,static,331,506,13.85771561,29680,61,,0.8458498024,2542.156126,228,7128,7
43,0.2,rolling,331,506,17.60551953,1000,9,,0.9209486166,3695.814229,4224.5,7128,7
43,0.2,static,332,318,13.85771561,34464,62,,0.820754717,2406.748428,196.5,7128,0
43,0.2,rolling,332,318,16.73760915,1000,2,,0.8993710692,3156.389937,703.5,7128,0
43,0.2,static,332,318,13.85771561,33958,62,,0.820754717,2406.748428,196.5,7128,1
43,0.2,rolling,332,318,17.05518937,1000,3,,0.9088050314,3221.672956,828.5,7128,1
43,0.2,static,332,318,13.85771561,32634,62,,0.820754717,2406.748428,196.5,7128,3
43,0.2,rolling,332,318,18.15238285,1000,5,,0.9245283019,3480.792453,1723,7128,3
43,0.2,static,332,318,13.85771561,30476,62,,0.820754717,2406.748428,196.5,7128,7
43,0.2,rolling,332,318,17.93173528,1000,9,,0.9245283019,3421.226415,1463.5,7128,7
43,0.2,static,333,342,13.85771561,34782,63,,0.7807017544,2337.459064,158,7128,0
43,0.2,rolling,333,342,16.77239037,1000,3,,0.8567251462,3086.011696,669.5,7128,0
43,0.2,static,333,342,13.85771561,34464,63,,0.7807017544,2337.459064,158,7128,1
43,0.2,rolling,333,342,16.73760915,1000,3,,0.8538011696,3072.953216,647,7128,1
43,0.2,static,333,342,13.85771561,33318,63,,0.7807017544,2337.459064,158,7128,3
43,0.2,rolling,333,342,17.89543271,1000,5,,0.8888888889,3418.190058,1759.5,7128,3
43,0.2,static,333,342,13.85771561,30874,63,,0.7807017544,2337.459064,158,7128,7
43,0.2,rolling,333,342,17.91460991,1000,9,,0.8888888889,3425.438596,1779.5,7128,7
43,0.2,static,334,700,13.85771561,35124,64,,0.81,2236.678571,211,7128,0
43,0.2,rolling,334,700,17.27651548,1000,3,,0.8942857143,3418.314286,1725.5,7128,0
43,0.2,static,334,700,13.85771561,34782,64,,0.81,2236.678571,211,7128,1
43,0.2,rolling,334,700,16.77239037,1000,4,,0.8885714286,3256.325714,1258,7128,1
43,0.2,static,334,700,13.85771561,33958,64,,0.81,2236.678571,211,7128,3
43,0.2,rolling,334,700,17.05518937,1000,5,,0.8914285714,3346.272857,1529.5,7128,3
43,0.2,static,334,700,13.85771561,31296,64,,0.81,2236.678571,211,7128,7
43,0.2,rolling,334,700,18.10136223,1000,10,,0.9085714286,3681.917143,4458.5,7128,7
43,0.2,static,335,656,13.85771561,35824,65,,0.7911585366,2314.150915,217,7128,0
43,0.2,rolling,335,656,18.09552872,1000,2,,0.9039634146,3671.821646,4184.5,7128,0
43,0.2,static,335,656,13.85771561,35124,65,,0.7911585366,2314.150915,217,7128,1
43,0.2,rolling,335,656,17.27651548,1000,4,,0.8902439024,3436.870427,1551.5,7128,1
43,0.2,static,335,656,13.85771561,34464,65,,0.7911585366,2314.150915,217,7128,3
43,0.2,rolling,335,656,16.73760915,1000,5,,0.881097561,3275.818598,1079,7128,3
43,0.2,static,335,656,13.85771561,32034,65,,0.7911585366,2314.150915,217,7128,7
43,0.2,rolling,335,656,18.36926746,1000,9,,0.9070121951,3770.147866,4736.5,7128,7
43,0.2,static,336,632,13.85771561,36480,66,,0.7753164557,2279.446203,213.5,7128,0
43,0.2,rolling,336,632,18.09824324,1000,2,,0.8876582278,3611.954114,4142,7128,0
43,0.2,static,336,632,13.85771561,35824,66,,0.7753164557,2279.446203,213.5,7128,1
43,0.2,rolling,336,632,18.09552872,1000,3,,0.8876582278,3611.098101,4137,7128,1
43,0.2,static,336,632,13.85771561,34782,66,,0.7753164557,2279.446203,213.5,7128,3
43,0.2,rolling,336,632,16.77239037,1000,6,,0.8544303797,3192.268987,1171,7128,3
43,0.2,static,336,632,13.85771561,32634,66,,0.7753164557,2279.446203,213.5,7128,7
43,0.2,rolling,336,632,18.15238285,1000,9,,0.8924050633,3626.012658,4238,7128,7
43,0.2,static,337,552,13.85771561,37112,67,,0.7880434783,2129.916667,174,7128,0
43,0.2,rolling,337,552,18.32406893,1000,2,,0.893115942,3547.556159,2092.5,7128,0
43,0.2,static,337,552,13.85771561,36480,67,,0.7880434783,2129.916667,174,7128,1
43,0.2,rolling,337,552,18.09824324,1000,3,,0.8913043478,3486.115942,1777.5,7128,1
43,0.2,static,337,552,13.85771561,35124,67,,0.7880434783,2129.916667,174,7128,3
43,0.2,rolling,337,552,17.27651548,1000,6,,0.8804347826,3256.565217,1005,7128,3
43,0.2,static,337,552,13.85771561,33318,67,,0.7880434783,2129.916667,174,7128,7
43,0.2,rolling,337,552,17.89543271,1000,9,,0.8913043478,3429.630435,1583.5,7128,7
43,0.2,static,338,496,13.85771561,37664,68,,0.7943548387,2266.913306,172,7128,0
43,0.2,rolling,338,496,19.16379309,1000,2,,0.9112903226,3816.179435,5300,7128,0
43,0.2,static,338,496,13.85771561,37112,68,,0.7943548387,2266.913306,172,7128,1
43,0.2,rolling,338,496,18.32406893,1000,3,,0.9032258065,3622.100806,4110,7128,1
43,0.2,static,338,496,13.85771561,35824,68,,0.7943548387,2266.913306,172,7128,3
43,0.2,rolling,338,496,18.09552872,1000,5,,0.8971774194,3547.985887,2278,7128,3
43,0.2,static,338,496,13.85771561,33958,68,,0.7943548387,2266.913306,172,7128,7
43,0.2,rolling,338,496,17.05518937,1000,9,,0.877016129,3254.864919,1105,7128,7
43,0.2,static,339,328,13.85771561,38160,69,,0.7835365854,1735.396341,150,7127,0
43,0.2,rolling,339,328,18.1806469,1000,2,,0.881097561,3396.240854,1951.5,7128,0
43,0.2,static,339,328,13.85771561,37664,69,,0.7835365854,1735.396341,150,7127,1
43,0.2,rolling,339,328,19.16379309,1000,3,,0.8902439024,3746.314024,4521,7128,1
43,0.2,static,339,328,13.85771561,36480,69,,0.7835365854,1735.396341,150,7127,3
43,0.2,rolling,339,328,18.09824324,1000,5,,0.881097561,3367.896341,1861.5,7128,3
43,0.2,static,339,328,13.85771561,34464,69,,0.7835365854,1735.396341,150,7127,7
43,0.2,rolling,339,328,16.73760915,1000,9,,0.8475609756,2790.07622,745.5,7128,7
43,0.2,static,340,328,13.85771561,38488,70,,0.7896341463,2301.152439,177.5,7128,0
43,0.2,rolling,340,328,18.92094135,1000,3,,0.9237804878,3777.853659,4865,7128,0
43,0.2,static,340,328,13.85771561,38160,70,,0.7896341463,2301.152439,177.5,7128,1
43,0.2,rolling,340,328,18.1806469,1000,3,,0.9085365854,3528.60061,2079,7128,1
43,0.2,static,340,328,13.85771561,37112,70,,0.7896341463,2301.152439,177.5,7128,3
43,0.2,rolling,340,328,18.32406893,1000,5,,0.9176829268,3577.978659,3612.5,7128,3
43,0.2,static,340,328,13.85771561,34782,70,,0.7896341463,2301.152439,177.5,7128,7
43,0.2,rolling,340,328,16.77239037,1000,10,,0.8780487805,3083.210366,804.5,7128,7
43,0.2,static,341,576,13.85771561,38816,71,,0.8020833333,2263.029514,164.5,7128,0
43,0.2,rolling,341,576,18.34889746,1000,3,,0.8940972222,3557.578125,3391.5,7128,0
43,0.2,static,341,576,13.85771561,38488,71,,0.8020833333,2263.029514,164.5,7128,1
43,0.2,rolling,341,576,18.92094135,1000,4,,0.8975694444,3731.736111,4510.5,7128,1
43,0.2,static,341,576,13.85771561,37664,71,,0.8020833333,2263.029514,164.5,7128,3
43,0.2,rolling,341,576,19.16379309,1000,5,,0.9010416667,3799.206597,4924.5,7128,3
43,0.2,static,341,576,13.85771561,35124,71,,0.8020833333,2263.029514,164.5,7128,7
43,0.2,rolling,341,576,17.27651548,1000,10,,0.875,3266.364583,1101,7128,7
43,0.2,static,342,636,13.85771561,39392,72,,0.8018867925,2343.650943,174.5,7128,0
43,0.2,rolling,342,636,18.24482489,1000,3,,0.893081761,3485.169811,1863,7128,0
43,0.2,static,342,636,13.85771561,38816,72,,0.8018867925,2343.650943,174.5,7128,1
43,0.2,rolling,342,636,18.34889746,1000,4,,0.8946540881,3513.77673,1967.5,7128,1
43,0.2,static,342,636,13.85771561,38160,72,,0.8018867925,2343.650943,174.5,7128,3
43,0.2,rolling,342,636,18.1806469,1000,5,,0.891509434,3469.794025,1779,7128,3
43,0.2,static,342,636,13.85771561,35824,72,,0.8018867925,2343.650943,174.5,7128,7
43,0.2,rolling,342,636,18.09552872,1000,9,,0.8899371069,3449.819182,1632,7128,7
43,0.2,static,343,642,13.85771561,40028,73,,0.761682243,2527.875389,322,7128,0
43,0.2,rolling,343,642,19.53162766,1000,2,,0.8909657321,4346.439252,6925.5,7128,0
43,0.2,static,343,642,13.85771561,39392,73,,0.761682243,2527.875389,322,7128,1
43,0.2,rolling,343,642,18.24482489,1000,4,,0.8785046729,4006.253894,6120.5,7128,1
43,0.2,static,343,642,13.85771561,38488,73,,0.761682243,2527.875389,322,7128,3
43,0.2,rolling,343,642,18.92094135,1000,6,,0.8831775701,4201.816199,6660,7128,3
43,0.2,static,343,642,13.85771561,36480,73,,0.761682243,2527.875389,322,7128,7
43,0.2,rolling,343,642,18.09824324,1000,9,,0.8769470405,3966.457944,5985,7128,7
43,0.2,static,344,650,13.85771561,40670,74,,0.7830769231,2349.718462,138.5,7128,0
43,0.2,rolling,344,650,19.94075537,1000,2,,0.8923076923,3996.527692,6103,7128,0
43,0.2,static,344,650,13.85771561,40028,74,,0.7830769231,2349.718462,138.5,7128,1
43,0.2,rolling,344,650,19.53162766,1000,3,,0.8861538462,3889.290769,5650,7128,1
43,0.2,static,344,650,13.85771561,38816,74,,0.7830769231,2349.718462,138.5,7128,3
43,0.2,rolling,344,650,18.34889746,1000,6,,0.8692307692,3545.295385,2148,7128,3
43,0.2,static,344,650,13.85771561,37112,74,,0.7830769231,2349.718462,138.5,7128,7
43,0.2,rolling,344,650,18.32406893,1000,9,,0.8692307692,3535.361538,2107,7128,7
43,0.2,static,345,586,13.85771561,41320,75,,0.8293515358,2827.83959,305.5,7128,0
43,0.2,rolling,345,586,20.74673474,1000,2,,0.9163822526,4419.901024,7067.5,7128,0
43,0.2,static,345,586,13.85771561,40670,75,,0.8293515358,2827.83959,305.5,7128,1
43,0.2,rolling,345,586,19.94075537,1000,3,,0.909556314,4258.201365,6957.5,7128,1
43,0.2,static,345,586,13.85771561,39392,75,,0.8293515358,2827.83959,305.5,7128,3
43,0.2,rolling,345,586,18.24482489,1000,6,,0.8959044369,3885.397611,5954,7128,3
43,0.2,static,345,586,13.85771561,37664,75,,0.8293515358,2827.83959,305.5,7128,7
43,0.2,rolling,345,586,19.16379309,1000,9,,0.9010238908,4123.648464,6645.5,7128,7
43,0.2,static,346,224,13.85771561,41906,76,,0.7901785714,1623.276786,83.5,7128,0
43,0.2,rolling,346,224,19.63261223,1000,2,,0.9017857143,2998.334821,766,7128,0
43,0.2,static,346,224,13.85771561,41320,76,,0.7901785714,1623.276786,83.5,7128,1
43,0.2,rolling,346,224,20.74673474,1000,3,,0.90625,3295.522321,1325.5,7128,1
43,0.2,static,346,224,13.85771561,40028,76,,0.7901785714,1623.276786,83.5,7128,3
43,0.2,rolling,346,224,19.53162766,1000,5,,0.8973214286,2979.397321,725,7128,3
43,0.2,static,346,224,13.85771561,38160,76,,0.7901785714,1623.276786,83.5,7128,7
43,0.2,rolling,346,224,18.1806469,1000,9,,0.8794642857,2646.794643,415.5,7128,7
43,0.2,static,347,306,13.85771561,42130,77,,0.8071895425,1749.22549,59.5,7128,0
43,0.2,rolling,347,306,19.00510043,1000,3,,0.8986928105,2909.875817,457.5,7128,0
43,0.2,static,347,306,13.85771561,41906,77,,0.8071895425,1749.22549,59.5,7128,1
43,0.2,rolling,347,306,19.63261223,1000,3,,0.9019607843,3031.728758,624.5,7128,1
43,0.2,static,347,306,13.85771561,40670,77,,0.8071895425,1749.22549,59.5,7128,3
43,0.2,rolling,347,306,19.94075537,1000,5,,0.908496732,3092.879085,703,7128,3
43,0.2,static,347,306,13.85771561,38488,77,,0.8071895425,1749.22549,59.5,7128,7
43,0.2,rolling,347,306,18.92094135,1000,10,,0.8986928105,2890.379085,442,7128,7
43,0.2,static,348,714,13.85771561,42436,78,,0.8067226891,2277.459384,117.5,7128,0
43,0.2,rolling,348,714,19.2903738,1000,3,,0.9005602241,3566.260504,2951,7128,0
43,0.2,static,348,714,13.85771561,42130,78,,0.8067226891,2277.459384,117.5,7128,1
43,0.2,rolling,348,714,19.00510043,1000,4,,0.8963585434,3472.753501,1901,7128,1
43,0.2,static,348,714,13.85771561,41320,78,,0.8067226891,2277.459384,117.5,7128,3
43,0.2,rolling,348,714,20.74673474,1000,5,,0.9159663866,4003.485994,5971,7128,3
43,0.2,static,348,714,13.85771561,38816,78,,0.8067226891,2277.459384,117.5,7128,7
43,0.2,rolling,348,714,18.34889746,1000,10,,0.8921568627,3286.690476,1238,7128,7
43,0.2,static,349,600,13.85771561,43150,79,,0.7516666667,2068.298333,110,7128,0
43,0.2,rolling,349,600,19.39138412,1000,2,,0.865,3359.048333,1366.5,7128,0
43,0.2,static,349,600,13.85771561,42436,79,,0.7516666667,2068.298333,110,7128,1
43,0.2,rolling,349,600,19.2903738,1000,4,,0.865,3334.336667,1287.5,7128,1
43,0.2,static,349,600,13.85771561,41906,79,,0.7516666667,2068.298333,110,7128,3
43,0.2,rolling,349,600,19.63261223,1000,5,,0.8733333333,3420.021667,1607.5,7128,3
43,0.2,static,349,600,13.85771561,39392,79,,0.7516666667,2068.298333,110,7128,7
43,0.2,rolling,349,600,18.24482489,1000,10,,0.85,3035.226667,743,7128,7
43,0.2,static,350,656,13.85771561,43750,80,,0.7240853659,1759.519817,84.5,7128,0
43,0.2,rolling,350,656,21.21018982,1000,2,,0.9100609756,3454.153963,1766,7128,0
43,0.2,static,350,656,13.85771561,43150,80,,0.7240853659,1759.519817,84.5,7128,1
43,0.2,rolling,350,656,19.39138412,1000,3,,0.8673780488,2988.306402,720,7128,1
43,0.2,static,350,656,13.85771561,42130,80,,0.7240853659,1759.519817,84.5,7128,3
43,0.2,rolling,350,656,19.00510043,1000,6,,0.8658536585,2905.115854,590,7128,3
43,0.2,static,350,656,13.85771561,40028,80,,0.7240853659,1759.519817,84.5,7128,7
43,0.2,rolling,350,656,19.53162766,1000,9,,0.8719512195,3019.875,754,7128,7
43,0.2,static,351,522,13.85771561,44406,81,,0.7509578544,1784.842912,79.5,7128,0
43,0.2,rolling,351,522,20.98788834,1000,2,,0.8793103448,3459.482759,2067.5,7128,0
43,0.2,static,351,522,13.85771561,43750,81,,0.7509578544,1784.842912,79.5,7128,1
43,0.2,rolling,351,522,21.21018982,1000,3,,0.8831417625,3508.488506,2405,7128,1
43,0.2,static,351,522,13.85771561,42436,81,,0.7509578544,1784.842912,79.5,7128,3
43,0.2,rolling,351,522,19.2903738,1000,6,,0.8563218391,2999.164751,702.5,7128,3
43,0.2,static,351,522,13.85771561,40670,81,,0.7509578544,1784.842912,79.5,7128,7
43,0.2,rolling,351,522,19.94075537,1000,9,,0.8639846743,3160.404215,1046,7128,7
43,0.2,static,352,462,13.85771561,44928,82,,0.7121212121,1838.679654,90,7128,0
43,0.2,rolling,352,462,21.70612931,1000,2,,0.9090909091,3819.727273,5491.5,7128,0
43,0.2,static,352,462,13.85771561,44406,82,,0.7121212121,1838.679654,90,7128,1
43,0.2,rolling,352,462,20.98788834,1000,3,,0.8961038961,3640.125541,4181,7128,1
43,0.2,static,352,462,13.85771561,43150,82,,0.7121212121,1838.679654,90,7128,3
43,0.2,rolling,352,462,19.39138412,1000,5,,0.8722943723,3203.655844,1074,7128,3
43,0.2,static,352,462,13.85771561,41320,82,,0.7121212121,1838.679654,90,7128,7
43,0.2,rolling,352,462,20.74673474,1000,9,,0.8939393939,3568.255411,3813.5,7128,7
43,0.2,static,353,242,13.85771561,45390,83,,0.7190082645,1691.078512,97.5,7128,0
43,0.2,rolling,353,242,22.08429718,1000,3,,0.8842975207,3726.772727,4872,7128,0
43,0.2,static,353,242,13.85771561,44928,83,,0.7190082645,1691.078512,97.5,7128,1
43,0.2,rolling,353,242,21.70612931,1000,3,,0.8719008264,3671.450413,4406,7128,1
43,0.2,static,353,242,13.85771561,43750,83,,0.7190082645,1691.078512,97.5,7128,3
43,0.2,rolling,353,242,21.21018982,1000,5,,0.8553719008,3577.173554,3874,7128,3
43,0.2,static,353,242,13.85771561,41906,83,,0.7190082645,1691.078512,97.5,7128,7
43,0.2,rolling,353,242,19.63261223,1000,9,,0.8429752066,3197.103306,1091,7128,7
43,0.2,static,354,238,13.85771561,45632,84,,0.7142857143,2089.785714,118,7128,0
43,0.2,rolling,354,238,22.10802105,1000,3,,0.9117647059,4125.079832,6298,7128,0
43,0.2,static,354,238,13.85771561,45390,84,,0.7142857143,2089.785714,118,7128,1
43,0.2,rolling,354,238,22.08429718,1000,4,,0.9117647059,4120.378151,6279,7128,1
43,0.2,static,354,238,13.85771561,44406,84,,0.7142857143,2089.785714,118,7128,3
43,0.2,rolling,354,238,20.98788834,1000,5,,0.8907563025,3866.252101,5001,7128,3
43,0.2,static,354,238,13.85771561,42130,84,,0.7142857143,2089.785714,118,7128,7
43,0.2,rolling,354,238,19.00510043,1000,10,,0.8529411765,3267.142857,1387,7128,7
43,0.2,static,355,578,13.85771561,45870,85,,0.6989619377,2123.00519,114,7128,0
43,0.2,rolling,355,578,22.21568298,1000,4,,0.8979238754,4223.67301,6600,7128,0
43,0.2,static,355,578,13.85771561,45632,85,,0.6989619377,2123.00519,114,7128,1
43,0.2,rolling,355,578,22.10802105,1000,4,,0.8979238754,4192.645329,6537,7128,1
43,0.2,static,355,578,13.85771561,44928,85,,0.6989619377,2123.00519,114,7128,3
43,0.2,rolling,355,578,21.70612931,1000,5,,0.8875432526,4092.128028,6202,7128,3
43,0.2,static,355,578,13.85771561,42436,85,,0.6989619377,2123.00519,114,7128,7
43,0.2,rolling,355,578,19.2903738,1000,10,,0.8408304498,3426.846021,1517,7128,7
43,0.2,static,356,548,13.85771561,46448,86,,0.7354014599,2174.976277,99,7128,0
43,0.2,rolling,356,548,22.32987309,1000,3,,0.9051094891,4084.751825,6226.5,7128,0
43,0.2,static,356,548,13.85771561,45870,86,,0.7354014599,2174.976277,99,7128,1
43,0.2,rolling,356,548,22.21568298,1000,5,,0.9051094891,4059.178832,6142.5,7128,1
43,0.2,static,356,548,13.85771561,45390,86,,0.7354014599,2174.976277,99,7128,3
43,0.2,rolling,356,548,22.08429718,1000,6,,0.901459854,4031.968978,6041,7128,3
43,0.2,static,356,548,13.85771561,43150,86,,0.7354014599,2174.976277,99,7128,7
43,0.2,rolling,356,548,19.39138412,1000,9,,0.8503649635,3402.979927,1252,7128,7
43,0.2,static,357,406,13.85771561,46996,87,,0.7512315271,1474.918719,79.5,7126.5,0
43,0.2,rolling,357,406,22.09435463,1000,2,,0.9261083744,3742.401478,4563,7128,0
43,0.2,static,357,406,13.85771561,46448,87,,0.7512315271,1474.918719,79.5,7126.5,1
43,0.2,rolling,357,406,22.32987309,1000,4,,0.9285714286,3810.064039,4898.5,7128,1
43,0.2,static,357,406,13.85771561,45632,87,,0.7512315271,1474.918719,79.5,7126.5,3
43,0.2,rolling,357,406,22.10802105,1000,6,,0.9261083744,3746.817734,4580,7128,3
43,0.2,static,357,406,13.85771561,43750,87,,0.7512315271,1474.918719,79.5,7126.5,7
43,0.2,rolling,357,406,21.21018982,1000,9,,0.9162561576,3460.068966,2735.5,7128,7
43,0.2,static,358,300,13.85771561,47402,88,,0.76,1449.693333,64.5,7128,0
43,0.2,rolling,358,300,21.28653908,1000,3,,0.9166666667,3277.233333,1239,7128,0
43,0.2,static,358,300,13.85771561,46996,88,,0.76,1449.693333,64.5,7128,1
43,0.2,rolling,358,300,22.09435463,1000,3,,0.9233333333,3474.99,2084.5,7128,1
43,0.2,static,358,300,13.85771561,45870,88,,0.76,1449.693333,64.5,7128,3
43,0.2,rolling,358,300,22.21568298,1000,7,,0.9233333333,3503.54,2229.5,7128,3
43,0.2,static,358,300,13.85771561,44406,88,,0.76,1449.693333,64.5,7128,7
43,0.2,rolling,358,300,20.98788834,1000,9,,0.9066666667,3195.136667,1098.5,7128,7
43,0.2,static,359,330,13.85771561,47702,89,,0.8090909091,2461.133333,230.5,7128,0
43,0.2,rolling,359,330,20.96767092,1000,3,,0.9454545455,4359.69697,6991.5,7128,0
43,0.2,static,359,330,13.85771561,47402,89,,0.8090909091,2461.133333,230.5,7128,1
43,0.2,rolling,359,330,21.28653908,1000,4,,0.9515151515,4414.366667,7033,7128,1
43,0.2,static,359,330,13.85771561,46448,89,,0.8090909091,2461.133333,230.5,7128,3
43,0.2,rolling,359,330,22.32987309,1000,6,,0.9606060606,4625.363636,7106.5,7128,3
43,0.2,static,359,330,13.85771561,44928,89,,0.8090909091,2461.133333,230.5,7128,7
43,0.2,rolling,359,330,21.70612931,1000,9,,0.9575757576,4491.645455,7074.5,7128,7
43,0.2,static,360,228,13.85771561,48032,90,,0.7587719298,1662.149123,63.5,7128,0
43,0.2,rolling,360,228,20.23367691,1000,3,,0.8815789474,3099.798246,1004,7128,0
43,0.2,static,360,228,13.85771561,47702,90,,0.7587719298,1662.149123,63.5,7128,1
43,0.2,rolling,360,228,20.96767092,1000,4,,0.9078947368,3311.815789,1557.5,7128,1
43,0.2,static,360,228,13.85771561,46996,90,,0.7587719298,1662.149123,63.5,7128,3
43,0.2,rolling,360,228,22.09435463,1000,5,,0.9166666667,3672.381579,4428,7128,3
43,0.2,static,360,228,13.85771561,45390,90,,0.7587719298,1662.149123,63.5,7128,7
43,0.2,rolling,360,228,22.08429718,1000,10,,0.9166666667,3670.087719,4413.5,7128,7
43,0.2,static,361,246,13.85771561,48260,91,,0.7682926829,1585.756098,41,7128,0
43,0.2,rolling,361,246,20.69908166,1000,4,,0.8902439024,3046.321138,693.5,7128,0
43,0.2,static,361,246,13.85771561,48032,91,,0.7682926829,1585.756098,41,7128,1
43,0.2,rolling,361,246,20.23367691,1000,4,,0.8902439024,2948.98374,544.5,7128,1
43,0.2,static,361,246,13.85771561,47402,91,,0.7682926829,1585.756098,41,7128,3
43,0.2,rolling,361,246,21.28653908,1000,6,,0.9024390244,3163.719512,885,7128,3
43,0.2,static,361,246,13.85771561,45632,91,,0.7682926829,1585.756098,41,7128,7
43,0.2,rolling,361,246,22.10802105,1000,10,,0.918699187,3338.817073,1172,7128,7
43,0.2,static,362,620,13.85771561,48506,92,,0.7693548387,1487.983871,58,7128,0
43,0.2,rolling,362,620,20.35088587,1000,4,,0.8774193548,3007.446774,635,7128,0
43,0.2,static,362,620,13.85771561,48260,92,,0.7693548387,1487.983871,58,7128,1
43,0.2,rolling,362,620,20.69908166,1000,5,,0.8838709677,3118.730645,790.5,7128,1
43,0.2,static,362,620,13.85771561,47702,92,,0.7693548387,1487.983871,58,7128,3
43,0.2,rolling,362,620,20.96767092,1000,6,,0.885483871,3196.914516,919.5,7128,3
43,0.2,static,362,620,13.85771561,45870,92,,0.7693548387,1487.983871,58,7128,7
43,0.2,rolling,362,620,22.21568298,1000,11,,0.9032258065,3482.85,2099,7128,7
43,0.2,static,363,386,13.85771561,49126,93,,0.810880829,1671.632124,59.5,7128,0
43,0.2,rolling,363,386,21.48827744,1000,3,,0.9041450777,3337.971503,1564,7128,0
43,0.2,static,363,386,13.85771561,48506,93,,0.810880829,1671.632124,59.5,7128,1
43,0.2,rolling,363,386,20.35088587,1000,5,,0.8886010363,3051.443005,777,7128,1
43,0.2,static,363,386,13.85771561,48032,93,,0.810880829,1671.632124,59.5,7128,3
43,0.2,rolling,363,386,20.23367691,1000,6,,0.8886010363,3028.108808,716.5,7128,3
43,0.2,static,363,386,13.85771561,46448,93,,0.810880829,1671.632124,59.5,7128,7
43,0.2,rolling,363,386,22.32987309,1000,10,,0.914507772,3559.906736,3922.5,7128,7
43,0.2,static,364,354,13.85771561,49512,94,,0.7344632768,1542.649718,54.5,7128,0
43,0.2,rolling,364,354,21.57303619,1000,2,,0.8728813559,3449.172316,1889.5,7128,0
43,0.2,static,364,354,13.85771561,49126,94,,0.7344632768,1542.649718,54.5,7128,1
43,0.2,rolling,364,354,21.48827744,1000,4,,0.8728813559,3430.915254,1776.5,7128,1
43,0.2,static,364,354,13.85771561,48260,94,,0.7344632768,1542.649718,54.5,7128,3
43,0.2,rolling,364,354,20.69908166,1000,7,,0.8672316384,3219.189266,1149.5,7128,3
43,0.2,static,364,354,13.85771561,46996,94,,0.7344632768,1542.649718,54.5,7128,7
43,0.2,rolling,364,354,22.09435463,1000,9,,0.8813559322,3604.20339,3814,7128,7
43,0.3,static,292,730,13.70929861,11270,22,,0.8753424658,3496.965753,1923,7128,0
43,0.3,rolling,292,730,14.21214437,1000,3,,0.8835616438,3636.427397,2981,7128,0
43,0.3,static,292,730,13.70929861,11270,22,,0.8753424658,3496.965753,1923,7128,1
43,0.3,rolling,292,730,14.21214437,1000,3,,0.8835616438,3636.427397,2981,7128,1
43,0.3,static,292,730,13.70929861,11270,22,,0.8753424658,3496.965753,1923,7128,3
43,0.3,rolling,292,730,14.21214437,1000,3,,0.8835616438,3636.427397,2981,7128,3
43,0.3,static,292,730,13.70929861,11270,22,,0.8753424658,3496.965753,1923,7128,7
43,0.3,rolling,292,730,14.21214437,1000,3,,0.8835616438,3636.427397,2981,7128,7
43,0.3,static,293,658,13.70929861,12000,23,,0.8905775076,3664.515198,4110.5,7128,0
43,0.3,rolling,293,658,14.5901382,1000,2,,0.9164133739,3950.317629,6099.5,7128,0
43,0.3,static,293,658,13.70929861,11270,23,,0.8905775076,3664.515198,4110.5,7128,1
43,0.3,rolling,293,658,14.21214437,1000,4,,0.9027355623,3838.727964,5496,7128,1
43,0.3,static,293,658,13.70929861,11270,23,,0.8905775076,3664.515198,4110.5,7128,3
43,0.3,rolling,293,658,14.21214437,1000,4,,0.9027355623,3838.727964,5496,7128,3
43,0.3,static,293,658,13.70929861,11270,23,,0.8905775076,3664.515198,4110.5,7128,7
43,0.3,rolling,293,658,14.21214437,1000,4,,0.9027355623,3838.727964,5496,7128,7
43,0.3,static,294,618,13.70929861,12658,24,,0.857605178,3403.794498,1474,7128,0
43,0.3,rolling,294,618,14.65557194,1000,2,,0.8932038835,3673.341424,3423.5,7128,0
43,0.3,static,294,618,13.70929861,12000,24,,0.857605178,3403.794498,1474,7128,1
43,0.3,rolling,294,618,14.5901382,1000,3,,0.8915857605,3652.915858,2905,7128,1
43,0.3,static,294,618,13.70929861,11270,24,,0.857605178,3403.794498,1474,7128,3
43,0.3,rolling,294,618,14.21214437,1000,5,,0.8786407767,3552.490291,2209.5,7128,3
43,0.3,static,294,618,13.70929861,11270,24,,0.857605178,3403.794498,1474,7128,7
43,0.3,rolling,294,618,14.21214437,1000,5,,0.8786407767,3552.490291,2209.5,7128,7
43,0.3,static,295,666,13.70929861,13276,25,,0.8783783784,3344.65015,1336.5,7128,0
43,0.3,rolling,295,666,14.71495485,1000,2,,0.9024024024,3690.292793,3645,7128,0
43,0.3,static,295,666,13.70929861,12658,25,,0.8783783784,3344.65015,1336.5,7128,1
43,0.3,rolling,295,666,14.65557194,1000,3,,0.8993993994,3669.468468,3004,7128,1
43,0.3,static,295,666,13.70929861,11270,25,,0.8783783784,3344.65015,1336.5,7128,3
43,0.3,rolling,295,666,14.21214437,1000,6,,0.8888888889,3517.274775,2046.5,7128,3
43,0.3,static,295,666,13.70929861,11270,25,,0.8783783784,3344.65015,1336.5,7128,7
43,0.3,rolling,295,666,14.21214437,1000,6,,0.8888888889,3517.274775,2046.5,7128,7
43,0.3,static,296,516,13.70929861,13942,26,,0.8468992248,3347.032946,1625,7128,0
43,0.3,rolling,296,516,14.75432301,1000,2,,0.8643410853,3722.916667,4841.5,7128,0
43,0.3,static,296,516,13.70929861,13276,26,,0.8468992248,3347.032946,1625,7128,1
43,0.3,rolling,296,516,14.71495485,1000,3,,0.8643410853,3709.641473,4695,7128,1
43,0.3,static,296,516,13.70929861,12000,26,,0.8468992248,3347.032946,1625,7128,3
43,0.3,rolling,296,516,14.5901382,1000,5,,0.8624031008,3662.374031,4314.5,7128,3
43,0.3,static,296,516,13.70929861,11270,26,,0.8468992248,3347.032946,1625,7128,7
43,0.3,rolling,296,516,14.21214437,1000,7,,0.8565891473,3541.982558,2395,7128,7
43,0.3,static,297,292,13.70929861,14458,27,,0.8150684932,2851.229452,361.5,7128,0
43,0.3,rolling,297,292,15.17496669,1000,2,,0.8424657534,3245.263699,926.5,7128,0
43,0.3,static,297,292,13.70929861,13942,27,,0.8150684932,2851.229452,361.5,7128,1
43,0.3,rolling,297,292,14.75432301,1000,3,,0.8356164384,3160.068493,622,7128,1
43,0.3,static,297,292,13.70929861,12658,27,,0.8150684932,2851.229452,361.5,7128,3
43,0.3,rolling,297,292,14.65557194,1000,5,,0.8356164384,3135.414384,595,7128,3
43,0.3,static,297,292,13.70929861,11270,27,,0.8150684932,2851.229452,361.5,7128,7
43,0.3,rolling,297,292,14.21214437,1000,8,,0.8287671233,3028.229452,484,7128,7
43,0.3,static,298,252,13.70929861,14750,28,,0.8452380952,2906.186508,568.5,7128,0
43,0.3,rolling,298,252,16.42684251,1000,3,,0.9007936508,3751.361111,4792,7128,0
43,0.3,static,298,252,13.70929861,14458,28,,0.8452380952,2906.186508,568.5,7128,1
43,0.3,rolling,298,252,15.17496669,1000,3,,0.880952381,3345.214286,1346.5,7128,1
43,0.3,static,298,252,13.70929861,13276,28,,0.8452380952,2906.186508,568.5,7128,3
43,0.3,rolling,298,252,14.71495485,1000,5,,0.876984127,3228.329365,984.5,7128,3
43,0.3,static,298,252,13.70929861,11270,28,,0.8452380952,2906.186508,568.5,7128,7
43,0.3,rolling,298,252,14.21214437,1000,9,,0.8611111111,3059.59127,787,7128,7
43,0.3,static,299,702,13.70929861,15002,29,,0.858974359,3080.088319,750,7128,0
43,0.3,rolling,299,702,16.42168427,1000,3,,0.905982906,3953.803419,6087,7128,0
43,0.3,static,299,702,13.70929861,14750,29,,0.858974359,3080.088319,750,7128,1
43,0.3,rolling,299,702,16.42684251,1000,4,,0.905982906,3955.492877,6090,7128,1
43,0.3,static,299,702,13.70929861,13942,29,,0.858974359,3080.088319,750,7128,3
43,0.3,rolling,299,702,14.75432301,1000,5,,0.8774928775,3446.183761,1492,7128,3
43,0.3,static,299,702,13.70929861,11270,29,,0.858974359,3080.088319,750,7128,7
43,0.3,rolling,299,702,14.21214437,1000,10,,0.8689458689,3258.039886,1040,7128,7
43,0.3,static,300,664,13.70929861,15704,30,,0.8478915663,3343.966867,1306.5,7128,0
43,0.3,rolling,300,664,16.40343499,1000,3,,0.9156626506,4124.487952,6765,7128,0
43,0.3,static,300,664,13.70929861,15002,30,,0.8478915663,3343.966867,1306.5,7128,1
43,0.3,rolling,300,664,16.42168427,1000,4,,0.9156626506,4128.64759,6778,7128,1
43,0.3,static,300,664,13.70929861,14458,30,,0.8478915663,3343.966867,1306.5,7128,3
43,0.3,rolling,300,664,15.17496669,1000,5,,0.8885542169,3819.509036,5431,7128,3
43,0.3,static,300,664,13.70929861,12000,30,,0.8478915663,3343.966867,1306.5,7128,7
43,0.3,rolling,300,664,14.5901382,1000,9,,0.8734939759,3648.814759,4063,7128,7
43,0.3,static,301,616,13.70929861,16368,31,,0.8847402597,3699.003247,4739.5,7128,0
43,0.3,rolling,301,616,15.97094345,1000,2,,0.9269480519,4333.743506,7089,7128,0
43,0.3,static,301,616,13.70929861,15704,31,,0.8847402597,3699.003247,4739.5,7128,1
43,0.3,rolling,301,616,16.40343499,1000,4,,0.9318181818,4418.819805,7108,7128,1
43,0.3,static,301,616,13.70929861,14750,31,,0.8847402597,3699.003247,4739.5,7128,3
43,0.3,rolling,301,616,16.42684251,1000,6,,0.9318181818,4423.49026,7108.5,7128,3
43,0.3,static,301,616,13.70929861,12658,31,,0.8847402597,3699.003247,4739.5,7128,7
43,0.3,rolling,301,616,14.65557194,1000,9,,0.8961038961,3990.425325,6493,7128,7
43,0.3,static,302,570,13.70929861,16984,32,,0.8368421053,3132.217544,829,7128,0
43,0.3,rolling,302,570,15.1570015,1000,2,,0.8701754386,3568.535088,2660.5,7128,0
43,0.3,static,302,570,13.70929861,16368,32,,0.8368421053,3132.217544,829,7128,1
43,0.3,rolling,302,570,15.97094345,1000,3,,0.8964912281,3818.666667,5579,7128,1
43,0.3,static,302,570,13.70929861,15002,32,,0.8368421053,3132.217544,829,7128,3
43,0.3,rolling,302,570,16.42168427,1000,6,,0.9087719298,3929.238596,6181.5,7128,3
43,0.3,static,302,570,13.70929861,13276,32,,0.8368421053,3132.217544,829,7128,7
43,0.3,rolling,302,570,14.71495485,1000,9,,0.850877193,3431.192982,2008,7128,7
43,0.3,static,303,542,13.70929861,17554,33,,0.8597785978,3328.863469,1496,7128,0
43,0.3,rolling,303,542,15.72744656,1000,2,,0.9040590406,3958.494465,6000.5,7128,0
43,0.3,static,303,542,13.70929861,16984,33,,0.8597785978,3328.863469,1496,7128,1
43,0.3,rolling,303,542,15.1570015,1000,3,,0.8874538745,3780.260148,5149,7128,1
43,0.3,static,303,542,13.70929861,15704,33,,0.8597785978,3328.863469,1496,7128,3
43,0.3,rolling,303,542,16.40343499,1000,6,,0.9114391144,4123.800738,6650,7128,3
43,0.3,static,303,542,13.70929861,13942,33,,0.8597785978,3328.863469,1496,7128,7
43,0.3,rolling,303,542,14.75432301,1000,9,,0.8763837638,3662.846863,3935.5,7128,7
43,0.3,static,304,328,13.70929861,18096,34,,0.8292682927,2911.844512,432,7128,0
43,0.3,rolling,304,328,15.66194421,1000,2,,0.875,3391.466463,1450,7128,0
43,0.3,static,304,328,13.70929861,17554,34,,0.8292682927,2911.844512,432,7128,1
43,0.3,rolling,304,328,15.72744656,1000,3,,0.875,3410.759146,1493.5,7128,1
43,0.3,static,304,328,13.70929861,16368,34,,0.8292682927,2911.844512,432,7128,3
43,0.3,rolling,304,328,15.97094345,1000,5,,0.875,3474.603659,1646.5,7128,3
43,0.3,static,304,328,13.70929861,14458,34,,0.8292682927,2911.844512,432,7128,7
43,0.3,rolling,304,328,15.17496669,1000,9,,0.8567073171,3280.243902,1113,7128,7
43,0.3,static,305,328,13.70929861,18424,35,,0.8536585366,2842.704268,557.5,7128,0
43,0.3,rolling,305,328,16.60009098,1000,3,,0.9207317073,3801.884146,5218.5,7128,0
43,0.3,static,305,328,13.70929861,18096,35,,0.8536585366,2842.704268,557.5,7128,1
43,0.3,rolling,305,328,15.66194421,1000,3,,0.9054878049,3508.893293,2019.5,7128,1
43,0.3,static,305,328,13.70929861,16984,35,,0.8536585366,2842.704268,557.5,7128,3
43,0.3,rolling,305,328,15.1570015,1000,5,,0.8963414634,3364.603659,1418.5,7128,3
43,0.3,static,305,328,13.70929861,14750,35,,0.8536585366,2842.704268,557.5,7128,7
43,0.3,rolling,305,328,16.42684251,1000,10,,0.9146341463,3745.853659,4752,7128,7
43,0.3,static,306,582,13.70929861,18752,36,,0.8487972509,3077.919244,719.5,7128,0
43,0.3,rolling,306,582,16.56313515,1000,3,,0.910652921,3857.517182,5786,7128,0
43,0.3,static,306,582,13.70929861,18424,36,,0.8487972509,3077.919244,719.5,7128,1
43,0.3,rolling,306,582,16.60009098,1000,4,,0.910652921,3866.085911,5826.5,7128,1
43,0.3,static,306,582,13.70929861,17554,36,,0.8487972509,3077.919244,719.5,7128,3
43,0.3,rolling,306,582,15.72744656,1000,5,,0.8969072165,3659.589347,3919.5,7128,3
43,0.3,static,306,582,13.70929861,15002,36,,0.8487972509,3077.919244,719.5,7128,7
43,0.3,rolling,306,582,16.42168427,1000,10,,0.9089347079,3829.730241,5614,7128,7
43,0.3,static,307,588,13.70929861,19334,37,,0.8265306122,3235.462585,1106,7128,0
43,0.3,rolling,307,588,15.86862183,1000,3,,0.887755102,3938.935374,6138,7128,0
43,0.3,static,307,588,13.70929861,18752,37,,0.8265306122,3235.462585,1106,7128,1
43,0.3,rolling,307,588,16.56313515,1000,4,,0.8979591837,4123.954082,6715,7128,1
43,0.3,static,307,588,13.70929861,18096,37,,0.8265306122,3235.462585,1106,7128,3
43,0.3,rolling,307,588,15.66194421,1000,5,,0.8843537415,3879.47619,5782,7128,3
43,0.3,static,307,588,13.70929861,15704,37,,0.8265306122,3235.462585,1106,7128,7
43,0.3,rolling,307,588,16.40343499,1000,10,,0.8945578231,4087.370748,6576,7128,7
43,0.3,static,308,562,13.70929861,19922,38,,0.8380782918,3232.451957,969,7128,0
43,0.3,rolling,308,562,16.33783007,1000,2,,0.884341637,3937.1121,6416.5,7128,0
43,0.3,static,308,562,13.70929861,19334,38,,0.8380782918,3232.451957,969,7128,1
43,0.3,rolling,308,562,15.86862183,1000,4,,0.871886121,3834.348754,5963,7128,1
43,0.3,static,308,562,13.70929861,18424,38,,0.8380782918,3232.451957,969,7128,3
43,0.3,rolling,308,562,16.60009098,1000,6,,0.8896797153,3998.843416,6614.5,7128,3
43,0.3,static,308,562,13.70929861,16368,38,,0.8380782918,3232.451957,969,7128,7
43,0.3,rolling,308,562,15.97094345,1000,9,,0.8772241993,3857.120996,6087,7128,7
43,0.3,static,309,626,13.70929861,20484,39,,0.838658147,3353.509585,1672.5,7128,0
43,0.3,rolling,309,626,17.15601349,1000,2,,0.9121405751,4256.805112,7068,7128,0
43,0.3,static,309,626,13.70929861,19922,39,,0.838658147,3353.509585,1672.5,7128,1
43,0.3,rolling,309,626,16.33783007,1000,3,,0.9009584665,4046.821086,6706,7128,1
43,0.3,static,309,626,13.70929861,18752,39,,0.838658147,3353.509585,1672.5,7128,3
43,0.3,rolling,309,626,16.56313515,1000,6,,0.9041533546,4098.386581,6868.5,7128,3
43,0.3,static,309,626,13.70929861,16984,39,,0.838658147,3353.509585,1672.5,7128,7
43,0.3,rolling,309,626,15.1570015,1000,9,,0.8865814696,3784.482428,5409,7128,7
43,0.3,static,310,620,13.70929861,21110,40,,0.8887096774,2644.819355,348.5,7128,0
43,0.3,rolling,310,620,16.7119365,1000,2,,0.9467741935,3592.606452,3221.5,7128,0
43,0.3,static,310,620,13.70929861,20484,40,,0.8887096774,2644.819355,348.5,7128,1
43,0.3,rolling,310,620,17.15601349,1000,3,,0.9467741935,3710.909677,4811,7128,1
43,0.3,static,310,620,13.70929861,19334,40,,0.8887096774,2644.819355,348.5,7128,3
43,0.3,rolling,310,620,15.86862183,1000,6,,0.9403225806,3335.682258,1721.5,7128,3
43,0.3,static,310,620,13.70929861,17554,40,,0.8887096774,2644.819355,348.5,7128,7
43,0.3,rolling,310,620,15.72744656,1000,9,,0.9387096774,3293.579032,1617,7128,7
43,0.3,static,311,438,13.70929861,21730,41,,0.8584474886,2500.328767,206,7128,0
43,0.3,rolling,311,438,14.90232658,1000,2,,0.8904109589,2807.611872,397,7128,0
43,0.3,static,311,438,13.70929861,21110,41,,0.8584474886,2500.328767,206,7128,1
43,0.3,rolling,311,438,16.7119365,1000,3,,0.9178082192,3189.751142,1069.5,7128,1
43,0.3,static,311,438,13.70929861,19922,41,,0.8584474886,2500.328767,206,7128,3
43,0.3,rolling,311,438,16.33783007,1000,5,,0.9178082192,3110.031963,824.5,7128,3
43,0.3,static,311,438,13.70929861,18096,41,,0.8584474886,2500.328767,206,7128,7
43,0.3,rolling,311,438,15.66194421,1000,9,,0.899543379,2973.196347,580,7128,7
43,0.3,static,312,460,13.70929861,22168,42,,0.8326086957,2326.686957,239,7128,0
43,0.3,rolling,312,460,14.43383503,1000,2,,0.8434782609,2574.643478,343,7128,0
43,0.3,static,312,460,13.70929861,21730,42,,0.8326086957,2326.686957,239,7128,1
43,0.3,rolling,312,460,14.90232658,1000,3,,0.852173913,2723.471739,433,7128,1
43,0.3,static,312,460,13.70929861,20484,42,,0.8326086957,2326.686957,239,7128,3
43,0.3,rolling,312,460,17.15601349,1000,5,,0.8913043478,3306.23913,1334.5,7128,3
43,0.3,static,312,460,13.70929861,18424,42,,0.8326086957,2326.686957,239,7128,7
43,0.3,rolling,312,460,16.60009098,1000,10,,0.8804347826,3190.745652,973,7128,7
43,0.3,static,313,794,13.70929861,22628,43,,0.8438287154,2464.68136,207,7128,0
43,0.3,rolling,313,794,16.26181352,1000,3,,0.8942065491,3156.09194,833.5,7128,0
43,0.3,static,313,794,13.70929861,22168,43,,0.8438287154,2464.68136,207,7128,1
43,0.3,rolling,313,794,14.43383503,1000,3,,0.8564231738,2667.319899,317.5,7128,1
43,0.3,static,313,794,13.70929861,21110,43,,0.8438287154,2464.68136,207,7128,3
43,0.3,rolling,313,794,16.7119365,1000,5,,0.9017632242,3260.651134,1111,7128,3
43,0.3,static,313,794,13.70929861,18752,43,,0.8438287154,2464.68136,207,7128,7
43,0.3,rolling,313,794,16.56313515,1000,10,,0.9017632242,3228.596977,1016,7128,7
43,0.3,static,314,678,13.70929861,23422,44,,0.8495575221,2729.755162,341,7128,0
43,0.3,rolling,314,678,17.47610986,1000,2,,0.9247787611,3755.39528,5084.5,7128,0
43,0.3,static,314,678,13.70929861,22628,44,,0.8495575221,2729.755162,341,7128,1
43,0.3,rolling,314,678,16.26181352,1000,4,,0.9056047198,3500.538348,2065,7128,1
43,0.3,static,314,678,13.70929861,21730,44,,0.8495575221,2729.755162,341,7128,3
43,0.3,rolling,314,678,14.90232658,1000,5,,0.8790560472,3130.663717,805.5,7128,3
43,0.3,static,314,678,13.70929861,19334,44,,0.8495575221,2729.755162,341,7128,7
43,0.3,rolling,314,678,15.86862183,1000,10,,0.895280236,3391.5,1572,7128,7
43,0.3,static,315,774,13.70929861,24100,45,,0.8449612403,2675.873385,451,7128,0
43,0.3,rolling,315,774,16.44863963,1000,2,,0.8953488372,3539.416021,2177.5,7128,0
43,0.3,static,315,774,13.70929861,23422,45,,0.8449612403,2675.873385,451,7128,1
43,0.3,rolling,315,774,17.47610986,1000,3,,0.9108527132,3775.611111,4907.5,7128,1
43,0.3,static,315,774,13.70929861,22168,45,,0.8449612403,2675.873385,451,7128,3
43,0.3,rolling,315,774,14.43383503,1000,5,,0.8552971576,2937.20801,702.5,7128,3
43,0.3,static,315,774,13.70929861,19922,45,,0.8449612403,2675.873385,451,7128,7
43,0.3,rolling,315,774,16.33783007,1000,9,,0.8901808786,3508.218346,2061,7128,7
43,0.3,static,316,758,13.70929861,24874,46,,0.8680738786,2811.932718,637.5,7128,0
43,0.3,rolling,316,758,16.78804111,1000,2,,0.9182058047,3876.649077,5317,7128,0
43,0.3,static,316,758,13.70929861,24100,46,,0.8680738786,2811.932718,637.5,7128,1
43,0.3,rolling,316,758,16.44863963,1000,3,,0.9102902375,3757.890501,4874,7128,1
43,0.3,static,316,758,13.70929861,22628,46,,0.8680738786,2811.932718,637.5,7128,3
43,0.3,rolling,316,758,16.26181352,1000,6,,0.9089709763,3705.48285,4668,7128,3
43,0.3,static,316,758,13.70929861,20484,46,,0.8680738786,2811.932718,637.5,7128,7
43,0.3,rolling,316,758,17.15601349,1000,9,,0.9208443272,3985.868074,5716,7128,7
43,0.3,static,317,630,13.70929861,25632,47,,0.8412698413,2411.825397,289,7128,0
43,0.3,rolling,317,630,16.18977547,1000,2,,0.8920634921,3234.519048,1111.5,7128,0
43,0.3,static,317,630,13.70929861,24874,47,,0.8412698413,2411.825397,289,7128,1
43,0.3,rolling,317,630,16.78804111,1000,3,,0.9047619048,3390.02381,1589.5,7128,1
43,0.3,static,317,630,13.70929861,23422,47,,0.8412698413,2411.825397,289,7128,3
43,0.3,rolling,317,630,17.47610986,1000,5,,0.9095238095,3557.074603,2263,7128,3
43,0.3,static,317,630,13.70929861,21110,47,,0.8412698413,2411.825397,289,7128,7
43,0.3,rolling,317,630,16.7119365,1000,9,,0.9031746032,3372.004762,1529,7128,7
43,0.3,static,318,342,13.70929861,26262,48,,0.8391812865,2392.733918,183.5,7128,0
43,0.3,rolling,318,342,16.49068713,1000,2,,0.8947368421,3142.640351,666,7128,0
43,0.3,static,318,342,13.70929861,25632,48,,0.8391812865,2392.733918,183.5,7128,1
43,0.3,rolling,318,342,16.18977547,1000,3,,0.8947368421,3063.675439,596,7128,1
43,0.3,static,318,342,13.70929861,24100,48,,0.8391812865,2392.733918,183.5,7128,3
43,0.3,rolling,318,342,16.44863963,1000,5,,0.8947368421,3132.210526,652.5,7128,3
43,0.3,static,318,342,13.70929861,21730,48,,0.8391812865,2392.733918,183.5,7128,7
43,0.3,rolling,318,342,14.90232658,1000,9,,0.8742690058,2720.017544,329,7128,7
43,0.3,static,319,324,13.70929861,26604,49,,0.8641975309,2498.79321,299.5,7128,0
43,0.3,rolling,319,324,16.79433489,1000,3,,0.9320987654,3409.049383,1361,7128,0
43,0.3,static,319,324,13.70929861,26262,49,,0.8641975309,2498.79321,299.5,7128,1
43,0.3,rolling,319,324,16.49068713,1000,3,,0.9197530864,3340.182099,1222,7128,1
43,0.3,static,319,324,13.70929861,24874,49,,0.8641975309,2498.79321,299.5,7128,3
43,0.3,rolling,319,324,16.78804111,1000,5,,0.9320987654,3407.746914,1357.5,7128,3
43,0.3,static,319,324,13.70929861,22168,49,,0.8641975309,2498.79321,299.5,7128,7
43,0.3,rolling,319,324,14.43383503,1000,9,,0.8765432099,2712.438272,439,7128,7
43,0.3,static,320,736,13.70929861,26928,50,,0.8328804348,2993.684783,464.5,7128,0
43,0.3,rolling,320,736,16.50273371,1000,3,,0.8831521739,3724.766304,4631,7128,0
43,0.3,static,320,736,13.70929861,26604,50,,0.8328804348,2993.684783,464.5,7128,1
43,0.3,rolling,320,736,16.79433489,1000,4,,0.8899456522,3798.756793,5143.5,7128,1
43,0.3,static,320,736,13.70929861,25632,50,,0.8328804348,2993.684783,464.5,7128,3
43,0.3,rolling,320,736,16.18977547,1000,5,,0.8763586957,3632.543478,2661,7128,3
43,0.3,static,320,736,13.70929861,22628,50,,0.8328804348,2993.684783,464.5,7128,7
43,0.3,rolling,320,736,16.26181352,1000,10,,0.879076087,3652.966033,2876,7128,7
43,0.3,static,321,680,13.70929861,27664,51,,0.8617647059,2825.447059,616.5,7128,0
43,0.3,rolling,321,680,16.62096858,1000,2,,0.9029411765,3843.030882,5357,7128,0
43,0.3,static,321,680,13.70929861,26928,51,,0.8617647059,2825.447059,616.5,7128,1
43,0.3,rolling,321,680,16.50273371,1000,4,,0.9,3801.098529,5196.5,7128,1
43,0.3,static,321,680,13.70929861,26262,51,,0.8617647059,2825.447059,616.5,7128,3
43,0.3,rolling,321,680,16.49068713,1000,5,,0.9,3796.697059,5171.5,7128,3
43,0.3,static,321,680,13.70929861,23422,51,,0.8617647059,2825.447059,616.5,7128,7
43,0.3,rolling,321,680,17.47610986,1000,9,,0.9132352941,4059.297059,6467.5,7128,7
43,0.3,static,322,668,13.70929861,28344,52,,0.8682634731,2982.654192,576,7128,0
43,0.3,rolling,322,668,18.05628633,1000,2,,0.9371257485,4222.16018,6658.5,7128,0
43,0.3,static,322,668,13.70929861,27664,52,,0.8682634731,2982.654192,576,7128,1
43,0.3,rolling,322,668,16.62096858,1000,3,,0.9221556886,3826.863772,5284.5,7128,1
43,0.3,static,322,668,13.70929861,26604,52,,0.8682634731,2982.654192,576,7128,3
43,0.3,rolling,322,668,16.79433489,1000,6,,0.9266467066,3866.181138,5610,7128,3
43,0.3,static,322,668,13.70929861,24100,52,,0.8682634731,2982.654192,576,7128,7
43,0.3,rolling,322,668,16.44863963,1000,9,,0.9191616766,3779.242515,4976.5,7128,7
43,0.3,static,323,668,13.70929861,29012,53,,0.8323353293,2829.522455,672,7128,0
43,0.3,rolling,323,668,16.02282763,1000,2,,0.875748503,3614.23503,2644.5,7128,0
43,0.3,static,323,668,13.70929861,28344,53,,0.8323353293,2829.522455,672,7128,1
43,0.3,rolling,323,668,18.05628633,1000,3,,0.9161676647,4230.526946,6598,7128,1
43,0.3,static,323,668,13.70929861,26928,53,,0.8323353293,2829.522455,672,7128,3
43,0.3,rolling,323,668,16.50273371,1000,6,,0.8832335329,3765.109281,4661.5,7128,3
43,0.3,static,323,668,13.70929861,24874,53,,0.8323353293,2829.522455,672,7128,7
43,0.3,rolling,323,668,16.78804111,1000,9,,0.8877245509,3861.75,5112.5,7128,7
43,0.3,static,324,796,13.70929861,29680,54,,0.8203517588,2754.825377,316.5,7128,0
43,0.3,rolling,324,796,17.03794193,1000,2,,0.8881909548,3552.54397,2196,7128,0
43,0.3,static,324,796,13.70929861,29012,54,,0.8203517588,2754.825377,316.5,7128,1
43,0.3,rolling,324,796,16.02282763,1000,3,,0.8680904523,3321.236181,1030,7128,1
43,0.3,static,324,796,13.70929861,27664,54,,0.8203517588,2754.825377,316.5,7128,3
43,0.3,rolling,324,796,16.62096858,1000,5,,0.8756281407,3464.665829,1639.5,7128,3
43,0.3,static,324,796,13.70929861,25632,54,,0.8203517588,2754.825377,316.5,7128,7
43,0.3,rolling,324,796,16.18977547,1000,9,,0.8693467337,3365.163317,1166,7128,7
43,0.3,static,325,398,13.70929861,30476,55,,0.7889447236,2761.158291,233,7128,0
43,0.3,rolling,325,398,17.43944502,1000,2,,0.8894472362,3581.869347,2542,7128,0
43,0.3,static,325,398,13.70929861,29680,55,,0.7889447236,2761.158291,233,7128,1
43,0.3,rolling,325,398,17.03794193,1000,3,,0.8844221106,3507.555276,2105,7128,1
43,0.3,static,325,398,13.70929861,28344,55,,0.7889447236,2761.158291,233,7128,3
43,0.3,rolling,325,398,18.05628633,1000,5,,0.8944723618,3709.326633,4725.5,7128,3
43,0.3,static,325,398,13.70929861,26262,55,,0.7889447236,2761.158291,233,7128,7
43,0.3,rolling,325,398,16.49068713,1000,9,,0.864321608,3424.954774,1412.5,7128,7
43,0.3,static,326,422,13.70929861,30874,56,,0.7606635071,2090.838863,114.5,7128,0
43,0.3,rolling,326,422,17.23325729,1000,2,,0.855450237,2874.93128,520,7128,0
43,0.3,static,326,422,13.70929861,30476,56,,0.7606635071,2090.838863,114.5,7128,1
43,0.3,rolling,326,422,17.43944502,1000,3,,0.8601895735,2911.616114,575,7128,1
43,0.3,static,326,422,13.70929861,29012,56,,0.7606635071,2090.838863,114.5,7128,3
43,0.3,rolling,326,422,16.02282763,1000,5,,0.817535545,2670.587678,300.5,7128,3
43,0.3,static,326,422,13.70929861,26604,56,,0.7606635071,2090.838863,114.5,7128,7
43,0.3,rolling,326,422,16.79433489,1000,10,,0.8388625592,2802.447867,422.5,7128,7
43,0.3,static,327,738,13.70929861,31296,57,,0.8008130081,2716.334688,358.5,7128,0
43,0.3,rolling,327,738,18.98566532,1000,3,,0.9078590786,4072.113821,6578,7128,0
43,0.3,static,327,738,13.70929861,30874,57,,0.8008130081,2716.334688,358.5,7128,1
43,0.3,rolling,327,738,17.23325729,1000,3,,0.8834688347,3630.361789,3102,7128,1
43,0.3,static,327,738,13.70929861,29680,57,,0.8008130081,2716.334688,358.5,7128,3
43,0.3,rolling,327,738,17.03794193,1000,5,,0.8739837398,3580.365854,2550.5,7128,3
43,0.3,static,327,738,13.70929861,26928,57,,0.8008130081,2716.334688,358.5,7128,7
43,0.3,rolling,327,738,16.50273371,1000,10,,0.8590785908,3445.192412,1822.5,7128,7
43,0.3,static,328,600,13.70929861,32034,58,,0.825,2784.681667,447,7128,0
43,0.3,rolling,328,600,19.08084953,1000,2,,0.9283333333,4316.28,6925.5,7128,0
43,0.3,static,328,600,13.70929861,31296,58,,0.825,2784.681667,447,7128,1
43,0.3,rolling,328,600,18.98566532,1000,4,,0.9283333333,4289.788333,6898.5,7128,1
43,0.3,static,328,600,13.70929861,30476,58,,0.825,2784.681667,447,7128,3
43,0.3,rolling,328,600,17.43944502,1000,5,,0.9166666667,3916.981667,5831,7128,3
43,0.3,static,328,600,13.70929861,27664,58,,0.825,2784.681667,447,7128,7
43,0.3,rolling,328,600,16.62096858,1000,9,,0.9,3679.958333,4225,7128,7
43,0.3,static,329,684,13.70929861,32634,59,,0.8274853801,2725.013158,413,7128,0
43,0.3,rolling,329,684,17.47854614,1000,2,,0.9166666667,3949.165205,5919,7128,0
43,0.3,static,329,684,13.70929861,32034,59,,0.8274853801,2725.013158,413,7128,1
43,0.3,rolling,329,684,19.08084953,1000,3,,0.932748538,4373.904971,7015,7128,1
43,0.3,static,329,684,13.70929861,30874,59,,0.8274853801,2725.013158,413,7128,3
43,0.3,rolling,329,684,17.23325729,1000,5,,0.9122807018,3878.106725,5584,7128,3
43,0.3,static,329,684,13.70929861,28344,59,,0.8274853801,2725.013158,413,7128,7
43,0.3,rolling,329,684,18.05628633,1000,9,,0.9225146199,4099.108187,6518.5,7128,7
43,0.3,static,330,640,13.70929861,33318,60,,0.8265625,2656.059375,467,7128,0
43,0.3,rolling,330,640,16.74381018,1000,2,,0.9078125,3595.840625,2339,7128,0
43,0.3,static,330,640,13.70929861,32634,60,,0.8265625,2656.059375,467,7128,1
43,0.3,rolling,330,640,17.47854614,1000,3,,0.921875,3829.25,4851,7128,1
43,0.3,static,330,640,13.70929861,31296,60,,0.8265625,2656.059375,467,7128,3
43,0.3,rolling,330,640,18.98566532,1000,6,,0.946875,4280.2,6680.5,7128,3
43,0.3,static,330,640,13.70929861,29012,60,,0.8265625,2656.059375,467,7128,7
43,0.3,rolling,330,640,16.02282763,1000,9,,0.8984375,3395.884375,1739,7128,7
43,0.3,static,331,506,13.70929861,33958,61,,0.8616600791,2775.681818,456,7128,0
43,0.3,rolling,331,506,16.62974262,1000,2,,0.9169960474,3718.096838,4610.5,7128,0
43,0.3,static,331,506,13.70929861,33318,61,,0.8616600791,2775.681818,456,7128,1
43,0.3,rolling,331,506,16.74381018,1000,3,,0.9169960474,3762.478261,4781.5,7128,1
43,0.3,static,331,506,13.70929861,32034,61,,0.8616600791,2775.681818,456,7128,3
43,0.3,rolling,331,506,19.08084953,1000,5,,0.9367588933,4432.887352,7082,7128,3
43,0.3,static,331,506,13.70929861,29680,61,,0.8616600791,2775.681818,456,7128,7
43,0.3,rolling,331,506,17.03794193,1000,9,,0.918972332,3871.747036,5335,7128,7
43,0.3,static,332,318,13.70929861,34464,62,,0.8616352201,2687.261006,205,7128,0
43,0.3,rolling,332,318,15.96204376,1000,2,,0.9056603774,3214.367925,692,7128,0
43,0.3,static,332,318,13.70929861,33958,62,,0.8616352201,2687.261006,205,7128,1
43,0.3,rolling,332,318,16.62974262,1000,3,,0.9088050314,3357.987421,988,7128,1
43,0.3,static,332,318,13.70929861,32634,62,,0.8616352201,2687.261006,205,7128,3
43,0.3,rolling,332,318,17.47854614,1000,5,,0.9245283019,3547.767296,2190,7128,3
43,0.3,static,332,318,13.70929861,30476,62,,0.8616352201,2687.261006,205,7128,7
43,0.3,rolling,332,318,17.43944502,1000,9,,0.9245283019,3538.389937,2124,7128,7
43,0.3,static,333,342,13.70929861,34782,63,,0.8011695906,2603.061404,250.5,7128,0
43,0.3,rolling,333,342,15.81030059,1000,3,,0.8625730994,3118.239766,649.5,7128,0
43,0.3,static,333,342,13.70929861,34464,63,,0.8011695906,2603.061404,250.5,7128,1
43,0.3,rolling,333,342,15.96204376,1000,3,,0.865497076,3162.935673,701,7128,1
43,0.3,static,333,342,13.70929861,33318,63,,0.8011695906,2603.061404,250.5,7128,3
43,0.3,rolling,333,342,16.74381018,1000,5,,0.8742690058,3361.342105,1254,7128,3
43,0.3,static,333,342,13.70929861,30874,63,,0.8011695906,2603.061404,250.5,7128,7
43,0.3,rolling,333,342,17.23325729,1000,9,,0.8801169591,3475.850877,1739.5,7128,7
43,0.3,static,334,700,13.70929861,35124,64,,0.84,2684.915714,356,7128,0
43,0.3,rolling,334,700,16.68103409,1000,3,,0.8914285714,3544.292857,2284,7128,0
43,0.3,static,334,700,13.70929861,34782,64,,0.84,2684.915714,356,7128,1
43,0.3,rolling,334,700,15.81030059,1000,4,,0.8828571429,3279.868571,1220.5,7128,1
43,0.3,static,334,700,13.70929861,33958,64,,0.84,2684.915714,356,7128,3
43,0.3,rolling,334,700,16.62974262,1000,5,,0.8914285714,3526.172857,2214.5,7128,3
43,0.3,static,334,700,13.70929861,31296,64,,0.84,2684.915714,356,7128,7
43,0.3,rolling,334,700,18.98566532,1000,10,,0.9257142857,4143.468571,6691,7128,7
43,0.3,static,335,656,13.70929861,35824,65,,0.8155487805,2733.573171,405.5,7128,0
43,0.3,rolling,335,656,17.23679844,1000,2,,0.8993902439,3722.879573,4795.5,7128,0
43,0.3,static,335,656,13.70929861,35124,65,,0.8155487805,2733.573171,405.5,7128,1
43,0.3,rolling,335,656,16.68103409,1000,4,,0.8948170732,3578.722561,2562,7128,1
43,0.3,static,335,656,13.70929861,34464,65,,0.8155487805,2733.573171,405.5,7128,3
43,0.3,rolling,335,656,15.96204376,1000,5,,0.8719512195,3382.634146,1639.5,7128,3
43,0.3,static,335,656,13.70929861,32034,65,,0.8155487805,2733.573171,405.5,7128,7
43,0.3,rolling,335,656,19.08084953,1000,9,,0.9161585366,4114.435976,6798,7128,7
43,0.3,static,336,632,13.70929861,36480,66,,0.7911392405,2626.189873,334.5,7128,0
43,0.3,rolling,336,632,17.82260895,1000,2,,0.8939873418,3775.583861,5065,7128,0
43,0.3,static,336,632,13.70929861,35824,66,,0.7911392405,2626.189873,334.5,7128,1
43,0.3,rolling,336,632,17.23679844,1000,3,,0.8813291139,3620.735759,2559,7128,1
43,0.3,static,336,632,13.70929861,34782,66,,0.7911392405,2626.189873,334.5,7128,3
43,0.3,rolling,336,632,15.81030059,1000,6,,0.8544303797,3257.094937,1109,7128,3
43,0.3,static,336,632,13.70929861,32634,66,,0.7911392405,2626.189873,334.5,7128,7
43,0.3,rolling,336,632,17.47854614,1000,9,,0.8860759494,3679.642405,3943,7128,7
43,0.3,static,337,552,13.70929861,37112,67,,0.7971014493,2480.976449,231,7128,0
43,0.3,rolling,337,552,18.15419197,1000,2,,0.9148550725,3703.768116,4388,7128,0
43,0.3,static,337,552,13.70929861,36480,67,,0.7971014493,2480.976449,231,7128,1
43,0.3,rolling,337,552,17.82260895,1000,3,,0.9057971014,3633.289855,2466,7128,1
43,0.3,static,337,552,13.70929861,35124,67,,0.7971014493,2480.976449,231,7128,3
43,0.3,rolling,337,552,16.68103409,1000,6,,0.8822463768,3364.648551,1201,7128,3
43,0.3,static,337,552,13.70929861,33318,67,,0.7971014493,2480.976449,231,7128,7
43,0.3,rolling,337,552,16.74381018,1000,9,,0.884057971,3379.588768,1251.5,7128,7
43,0.3,static,338,496,13.70929861,37664,68,,0.8024193548,2574.336694,251,7128,0
43,0.3,rolling,338,496,17.99222136,1000,2,,0.9032258065,3737.175403,4944,7128,0
43,0.3,static,338,496,13.70929861,37112,68,,0.8024193548,2574.336694,251,7128,1
43,0.3,rolling,338,496,18.15419197,1000,3,,0.9052419355,3771.235887,5114,7128,1
43,0.3,static,338,496,13.70929861,35824,68,,0.8024193548,2574.336694,251,7128,3
43,0.3,rolling,338,496,17.23679844,1000,5,,0.8891129032,3575.270161,2605.5,7128,3
43,0.3,static,338,496,13.70929861,33958,68,,0.8024193548,2574.336694,251,7128,7
43,0.3,rolling,338,496,16.62974262,1000,9,,0.875,3418.225806,1791,7128,7
43,0.3,static,339,328,13.70929861,38160,69,,0.8353658537,2204.496951,250,7128,0
43,0.3,rolling,339,328,17.39471306,1000,2,,0.8902439024,3528.57622,2367,7128,0
43,0.3,static,339,328,13.70929861,37664,69,,0.8353658537,2204.496951,250,7128,1
43,0.3,rolling,339,328,17.99222136,1000,3,,0.8932926829,3674.942073,4281,7128,1
43,0.3,static,339,328,13.70929861,36480,69,,0.8353658537,2204.496951,250,7128,3
43,0.3,rolling,339,328,17.82260895,1000,5,,0.8902439024,3635.356707,3612,7128,3
43,0.3,static,339,328,13.70929861,34464,69,,0.8353658537,2204.496951,250,7128,7
43,0.3,rolling,339,328,15.96204376,1000,9,,0.8506097561,3041.051829,1068.5,7128,7
43,0.3,static,340,328,13.70929861,38488,70,,0.8231707317,2546.176829,270,7128,0
43,0.3,rolling,340,328,17.98783875,1000,3,,0.9176829268,3815.384146,5473,7128,0
43,0.3,static,340,328,13.70929861,38160,70,,0.8231707317,2546.176829,270,7128,1
43,0.3,rolling,340,328,17.39471306,1000,3,,0.9115853659,3670.612805,4803,7128,1
43,0.3,static,340,328,13.70929861,37112,70,,0.8231707317,2546.176829,270,7128,3
43,0.3,rolling,340,328,18.15419197,1000,5,,0.9207317073,3851.387195,5694,7128,3
43,0.3,static,340,328,13.70929861,34782,70,,0.8231707317,2546.176829,270,7128,7
43,0.3,rolling,340,328,15.81030059,1000,10,,0.875,3163.707317,1169,7128,7
43,0.3,static,341,576,13.70929861,38816,71,,0.8090277778,2671.713542,319,7128,0
43,0.3,rolling,341,576,17.71279766,1000,3,,0.8819444444,3744.248264,5019,7128,0
43,0.3,static,341,576,13.70929861,38488,71,,0.8090277778,2671.713542,319,7128,1
43,0.3,rolling,341,576,17.98783875,1000,4,,0.8854166667,3812.802083,5362,7128,1
43,0.3,static,341,576,13.70929861,37664,71,,0.8090277778,2671.713542,319,7128,3
43,0.3,rolling,341,576,17.99222136,1000,5,,0.8854166667,3814.041667,5371.5,7128,3
43,0.3,static,341,576,13.70929861,35124,71,,0.8090277778,2671.713542,319,7128,7
43,0.3,rolling,341,576,16.68103409,1000,10,,0.8628472222,3488.793403,1937.5,7128,7
43,0.3,static,342,636,13.70929861,39392,72,,0.8128930818,2626.402516,257,7128,0
43,0.3,rolling,342,636,18.20848751,1000,3,,0.9119496855,3753.621069,4856,7128,0
43,0.3,static,342,636,13.70929861,38816,72,,0.8128930818,2626.402516,257,7128,1
43,0.3,rolling,342,636,17.71279766,1000,4,,0.9072327044,3623.036164,2577.5,7128,1
43,0.3,static,342,636,13.70929861,38160,72,,0.8128930818,2626.402516,257,7128,3
43,0.3,rolling,342,636,17.39471306,1000,5,,0.9009433962,3537.968553,2235,7128,3
43,0.3,static,342,636,13.70929861,35824,72,,0.8128930818,2626.402516,257,7128,7
43,0.3,rolling,342,636,17.23679844,1000,9,,0.8899371069,3493.806604,2091,7128,7
43,0.3,static,343,642,13.70929861,40028,73,,0.8099688474,2953.690031,718,7128,0
43,0.3,rolling,343,642,18.65234721,1000,2,,0.8909657321,4399.646417,7014.5,7128,0
43,0.3,static,343,642,13.70929861,39392,73,,0.8099688474,2953.690031,718,7128,1
43,0.3,rolling,343,642,18.20848751,1000,4,,0.8894080997,4296.633956,6873,7128,1
43,0.3,static,343,642,13.70929861,38488,73,,0.8099688474,2953.690031,718,7128,3
43,0.3,rolling,343,642,17.98783875,1000,6,,0.8878504673,4242.127726,6777,7128,3
43,0.3,static,343,642,13.70929861,36480,73,,0.8099688474,2953.690031,718,7128,7
43,0.3,rolling,343,642,17.82260895,1000,9,,0.8862928349,4194.411215,6702,7128,7
43,0.3,static,344,650,13.70929861,40670,74,,0.7876923077,2654.82,241,7128,0
43,0.3,rolling,344,650,18.75536931,1000,2,,0.8938461538,3930.624615,6144,7128,0
43,0.3,static,344,650,13.70929861,40028,74,,0.7876923077,2654.82,241,7128,1
43,0.3,rolling,344,650,18.65234721,1000,3,,0.8938461538,3908.081538,6016,7128,1
43,0.3,static,344,650,13.70929861,38816,74,,0.7876923077,2654.82,241,7128,3
43,0.3,rolling,344,650,17.71279766,1000,6,,0.8769230769,3701.816923,4834.5,7128,3
43,0.3,static,344,650,13.70929861,37112,74,,0.7876923077,2654.82,241,7128,7
43,0.3,rolling,344,650,18.15419197,1000,9,,0.88,3798.398462,5412,7128,7
43,0.3,static,345,586,13.70929861,41320,75,,0.8481228669,3118.583618,781,7128,0
43,0.3,rolling,345,586,19.76626968,1000,2,,0.9112627986,4437.295222,7116.5,7128,0
43,0.3,static,345,586,13.70929861,40670,75,,0.8481228669,3118.583618,781,7128,1
43,0.3,rolling,345,586,18.75536931,1000,3,,0.8941979522,4263.182594,7036,7128,1
43,0.3,static,345,586,13.70929861,39392,75,,0.8481228669,3118.583618,781,7128,3
43,0.3,rolling,345,586,18.20848751,1000,6,,0.8924914676,4169.06314,6923,7128,3
43,0.3,static,345,586,13.70929861,37664,75,,0.8481228669,3118.583618,781,7128,7
43,0.3,rolling,345,586,17.99222136,1000,9,,0.8924914676,4113.551195,6853,7128,7
43,0.3,static,346,224,13.70929861,41906,76,,0.8125,1923.227679,130,7128,0
43,0.3,rolling,346,224,19.19882584,1000,2,,0.8928571429,3259.566964,1222,7128,0
43,0.3,static,346,224,13.70929861,41320,76,,0.8125,1923.227679,130,7128,1
43,0.3,rolling,346,224,19.76626968,1000,3,,0.9017857143,3375.09375,1526,7128,1
43,0.3,static,346,224,13.70929861,40028,76,,0.8125,1923.227679,130,7128,3
43,0.3,rolling,346,224,18.65234721,1000,5,,0.8883928571,3171.321429,981.5,7128,3
43,0.3,static,346,224,13.70929861,38160,76,,0.8125,1923.227679,130,7128,7
43,0.3,rolling,346,224,17.39471306,1000,9,,0.8839285714,2870.022321,622,7128,7
43,0.3,static,347,306,13.70929861,42130,77,,0.8169934641,1993.611111,63,7128,0
43,0.3,rolling,347,306,19.04422146,1000,3,,0.9248366013,3080.147059,853,7128,0
43,0.3,static,347,306,13.70929861,41906,77,,0.8169934641,1993.611111,63,7128,1
43,0.3,rolling,347,306,19.19882584,1000,3,,0.9248366013,3104.872549,916,7128,1
43,0.3,static,347,306,13.70929861,40670,77,,0.8169934641,1993.611111,63,7128,3
43,0.3,rolling,347,306,18.75536931,1000,5,,0.9183006536,3031.173203,735.5,7128,3
43,0.3,static,347,306,13.70929861,38488,77,,0.8169934641,1993.611111,63,7128,7
43,0.3,rolling,347,306,17.98783875,1000,10,,0.9117647059,2841.330065,517,7128,7
43,0.3,static,348,714,13.70929861,42436,78,,0.8151260504,2488.271709,161,7128,0
43,0.3,rolling,348,714,18.75649309,1000,3,,0.9019607843,3662.357143,4495,7128,0
43,0.3,static,348,714,13.70929861,42130,78,,0.8151260504,2488.271709,161,7128,1
43,0.3,rolling,348,714,19.04422146,1000,4,,0.906162465,3711.120448,4874,7128,1
43,0.3,static,348,714,13.70929861,41320,78,,0.8151260504,2488.271709,161,7128,3
43,0.3,rolling,348,714,19.76626968,1000,5,,0.9145658263,3866.351541,5752,7128,3
43,0.3,static,348,714,13.70929861,38816,78,,0.8151260504,2488.271709,161,7128,7
43,0.3,rolling,348,714,17.71279766,1000,10,,0.8879551821,3435.266106,1743,7128,7
43,0.3,static,349,600,13.70929861,43150,79,,0.7766666667,2363.238333,150.5,7128,0
43,0.3,rolling,349,600,18.55890131,1000,2,,0.865,3479.478333,1973.5,7128,0
43,0.3,static,349,600,13.70929861,42436,79,,0.7766666667,2363.238333,150.5,7128,1
43,0.3,rolling,349,600,18.75649309,1000,4,,0.8683333333,3532.641667,2227,7128,1
43,0.3,static,349,600,13.70929861,41906,79,,0.7766666667,2363.238333,150.5,7128,3
43,0.3,rolling,349,600,19.19882584,1000,5,,0.8766666667,3627.88,2889,7128,3
43,0.3,static,349,600,13.70929861,39392,79,,0.7766666667,2363.238333,150.5,7128,7
43,0.3,rolling,349,600,18.20848751,1000,10,,0.86,3385.321667,1625.5,7128,7
43,0.3,static,350,656,13.70929861,43750,80,,0.7728658537,2041.417683,130,7128,0
43,0.3,rolling,350,656,20.80507159,1000,2,,0.9009146341,3680.621951,2877.5,7128,0
43,0.3,static,350,656,13.70929861,43150,80,,0.7728658537,2041.417683,130,7128,1
43,0.3,rolling,350,656,18.55890131,1000,3,,0.881097561,3185.29878,898,7128,1
43,0.3,static,350,656,13.70929861,42130,80,,0.7728658537,2041.417683,130,7128,3
43,0.3,rolling,350,656,19.04422146,1000,6,,0.8887195122,3305.658537,1125.5,7128,3
43,0.3,static,350,656,13.70929861,40028,80,,0.7728658537,2041.417683,130,7128,7
43,0.3,rolling,350,656,18.65234721,1000,9,,0.8841463415,3207.172256,937.5,7128,7
43,0.3,static,351,522,13.70929861,44406,81,,0.7567049808,2042.911877,109.5,7128,0
43,0.3,rolling,351,522,20.84620309,1000,2,,0.8946360153,3639.52682,2728.5,7128,0
43,0.3,static,351,522,13.70929861,43750,81,,0.7567049808,2042.911877,109.5,7128,1
43,0.3,rolling,351,522,20.80507159,1000,3,,0.8946360153,3631.471264,2548.5,7128,1
43,0.3,static,351,522,13.70929861,42436,81,,0.7567049808,2042.911877,109.5,7128,3
43,0.3,rolling,351,522,18.75649309,1000,6,,0.8486590038,3204.385057,959,7128,3
43,0.3,static,351,522,13.70929861,40670,81,,0.7567049808,2042.911877,109.5,7128,7
43,0.3,rolling,351,522,18.75536931,1000,9,,0.8486590038,3204.172414,959,7128,7
43,0.3,static,352,462,13.70929861,44928,82,,0.7467532468,2142.554113,125,7128,0
43,0.3,rolling,352,462,21.14752102,1000,2,,0.8939393939,3962.294372,6377.5,7128,0
43,0.3,static,352,462,13.70929861,44406,82,,0.7467532468,2142.554113,125,7128,1
43,0.3,rolling,352,462,20.84620309,1000,3,,0.8917748918,3907.277056,6168,7128,1
43,0.3,static,352,462,13.70929861,43150,82,,0.7467532468,2142.554113,125,7128,3
43,0.3,rolling,352,462,18.55890131,1000,5,,0.8636363636,3369.467532,1408,7128,3
43,0.3,static,352,462,13.70929861,41320,82,,0.7467532468,2142.554113,125,7128,7
43,0.3,rolling,352,462,19.76626968,1000,9,,0.880952381,3684.253247,4669.5,7128,7
43,0.3,static,353,242,13.70929861,45390,83,,0.7066115702,1960.801653,99,7128,0
43,0.3,rolling,353,242,21.76093674,1000,3,,0.8719008264,3723.871901,5233.5,7128,0
43,0.3,static,353,242,13.70929861,44928,83,,0.7066115702,1960.801653,99,7128,1
43,0.3,rolling,353,242,21.14752102,1000,3,,0.8636363636,3614.231405,3748,7128,1
43,0.3,static,353,242,13.70929861,43750,83,,0.7066115702,1960.801653,99,7128,3
43,0.3,rolling,353,242,20.80507159,1000,5,,0.8553719008,3539.876033,2006.5,7128,3
43,0.3,static,353,242,13.70929861,41906,83,,0.7066115702,1960.801653,99,7128,7
43,0.3,rolling,353,242,19.19882584,1000,9,,0.8223140496,3278.710744,1068,7128,7
43,0.3,static,354,238,13.70929861,45632,84,,0.7478991597,2231.731092,164,7128,0
43,0.3,rolling,354,238,22.14340401,1000,3,,0.9453781513,4350.193277,6848.5,7128,0
43,0.3,static,354,238,13.70929861,45390,84,,0.7478991597,2231.731092,164,7128,1
43,0.3,rolling,354,238,21.76093674,1000,4,,0.9327731092,4286.701681,6715.5,7128,1
43,0.3,static,354,238,13.70929861,44406,84,,0.7478991597,2231.731092,164,7128,3
43,0.3,rolling,354,238,20.84620309,1000,5,,0.9075630252,4095.222689,6294.5,7128,3
43,0.3,static,354,238,13.70929861,42130,84,,0.7478991597,2231.731092,164,7128,7
43,0.3,rolling,354,238,19.04422146,1000,10,,0.8571428571,3689.218487,4677,7128,7
43,0.3,static,355,578,13.70929861,45870,85,,0.7041522491,2427.816609,200,7128,0
43,0.3,rolling,355,578,22.01797485,1000,4,,0.8910034602,4430.318339,7070,7128,0
43,0.3,static,355,578,13.70929861,45632,85,,0.7041522491,2427.816609,200,7128,1
43,0.3,rolling,355,578,22.14340401,1000,4,,0.8979238754,4451.024221,7080,7128,1
43,0.3,static,355,578,13.70929861,44928,85,,0.7041522491,2427.816609,200,7128,3
43,0.3,rolling,355,578,21.14752102,1000,5,,0.884083045,4280.861592,6867,7128,3
43,0.3,static,355,578,13.70929861,42436,85,,0.7041522491,2427.816609,200,7128,7
43,0.3,rolling,355,578,18.75649309,1000,10,,0.8356401384,3673.892734,4654.5,7128,7
43,0.3,static,356,548,13.70929861,46448,86,,0.7427007299,2433.372263,137.5,7128,0
43,0.3,rolling,356,548,22.0193615,1000,3,,0.9142335766,4188.687956,6821,7128,0
43,0.3,static,356,548,13.70929861,45870,86,,0.7427007299,2433.372263,137.5,7128,1
43,0.3,rolling,356,548,22.01797485,1000,5,,0.9142335766,4188.412409,6820.5,7128,1
43,0.3,static,356,548,13.70929861,45390,86,,0.7427007299,2433.372263,137.5,7128,3
43,0.3,rolling,356,548,21.76093674,1000,6,,0.9142335766,4134.215328,6724,7128,3
43,0.3,static,356,548,13.70929861,43150,86,,0.7427007299,2433.372263,137.5,7128,7
43,0.3,rolling,356,548,18.55890131,1000,9,,0.8576642336,3440.472628,1433.5,7128,7
43,0.3,static,357,406,13.70929861,46996,87,,0.7684729064,1664.187192,104,7128,0
43,0.3,rolling,357,406,21.27979946,1000,2,,0.9187192118,3784.857143,4960,7128,0
43,0.3,static,357,406,13.70929861,46448,87,,0.7684729064,1664.187192,104,7128,1
43,0.3,rolling,357,406,22.0193615,1000,4,,0.9285714286,3954.768473,5779.5,7128,1
43,0.3,static,357,406,13.70929861,45632,87,,0.7684729064,1664.187192,104,7128,3
43,0.3,rolling,357,406,22.14340401,1000,6,,0.9285714286,3987.950739,5879.5,7128,3
43,0.3,static,357,406,13.70929861,43750,87,,0.7684729064,1664.187192,104,7128,7
43,0.3,rolling,357,406,20.80507159,1000,9,,0.9162561576,3654.007389,3856,7128,7
43,0.3,static,358,300,13.70929861,47402,88,,0.76,1594.87,75.5,7128,0
43,0.3,rolling,358,300,20.31892896,1000,3,,0.91,3206.313333,885.5,7128,0
43,0.3,static,358,300,13.70929861,46996,88,,0.76,1594.87,75.5,7128,1
43,0.3,rolling,358,300,21.27979946,1000,3,,0.9166666667,3420.33,1399.5,7128,1
43,0.3,static,358,300,13.70929861,45870,88,,0.76,1594.87,75.5,7128,3
43,0.3,rolling,358,300,22.01797485,1000,7,,0.9333333333,3557.283333,2006,7128,3
43,0.3,static,358,300,13.70929861,44406,88,,0.76,1594.87,75.5,7128,7
43,0.3,rolling,358,300,20.84620309,1000,9,,0.9133333333,3316.553333,1124,7128,7
43,0.3,static,359,330,13.70929861,47702,89,,0.8393939394,2853.145455,464.5,7128,0
43,0.3,rolling,359,330,19.93258572,1000,3,,0.9393939394,4340.718182,7074.5,7128,0
43,0.3,static,359,330,13.70929861,47402,89,,0.8393939394,2853.145455,464.5,7128,1
43,0.3,rolling,359,330,20.31892896,1000,4,,0.9424242424,4409.448485,7100,7128,1
43,0.3,static,359,330,13.70929861,46448,89,,0.8393939394,2853.145455,464.5,7128,3
43,0.3,rolling,359,330,22.0193615,1000,6,,0.9696969697,4721.175758,7127,7128,3
43,0.3,static,359,330,13.70929861,44928,89,,0.8393939394,2853.145455,464.5,7128,7
43,0.3,rolling,359,330,21.14752102,1000,9,,0.9545454545,4564.115152,7121,7128,7
43,0.3,static,360,228,13.70929861,48032,90,,0.7938596491,1908.649123,78.5,7128,0
43,0.3,rolling,360,228,18.50429535,1000,3,,0.8771929825,3118.52193,905,7128,0
43,0.3,static,360,228,13.70929861,47702,90,,0.7938596491,1908.649123,78.5,7128,1
43,0.3,rolling,360,228,19.93258572,1000,4,,0.8947368421,3458.890351,2021.5,7128,1
43,0.3,static,360,228,13.70929861,46996,90,,0.7938596491,1908.649123,78.5,7128,3
43,0.3,rolling,360,228,21.27979946,1000,5,,0.9078947368,3772.442982,4755.5,7128,3
43,0.3,static,360,228,13.70929861,45390,90,,0.7938596491,1908.649123,78.5,7128,7
43,0.3,rolling,360,228,21.76093674,1000,10,,0.9210526316,3867.649123,5337,7128,7
43,0.3,static,361,246,13.70929861,48260,91,,0.7845528455,1888.231707,64.5,7128,0
43,0.3,rolling,361,246,19.30922604,1000,4,,0.8699186992,3100.207317,699.5,7128,0
43,0.3,static,361,246,13.70929861,48032,91,,0.7845528455,1888.231707,64.5,7128,1
43,0.3,rolling,361,246,18.50429535,1000,4,,0.8658536585,2903.150407,541,7128,1
43,0.3,static,361,246,13.70929861,47402,91,,0.7845528455,1888.231707,64.5,7128,3
43,0.3,rolling,361,246,20.31892896,1000,6,,0.8739837398,3324.223577,1007.5,7128,3
43,0.3,static,361,246,13.70929861,45632,91,,0.7845528455,1888.231707,64.5,7128,7
43,0.3,rolling,361,246,22.14340401,1000,10,,0.8983739837,3649.48374,2153,7128,7
43,0.3,static,362,620,13.70929861,48506,92,,0.764516129,1770.440323,74,7128,0
43,0.3,rolling,362,620,19.14232862,1000,4,,0.8580645161,2997.896774,630.5,7128,0
43,0.3,static,362,620,13.70929861,48260,92,,0.764516129,1770.440323,74,7128,1
43,0.3,rolling,362,620,19.30922604,1000,5,,0.8612903226,3032.185484,692,7128,1
43,0.3,static,362,620,13.70929861,47702,92,,0.764516129,1770.440323,74,7128,3
43,0.3,rolling,362,620,19.93258572,1000,6,,0.8693548387,3191.959677,905,7128,3
43,0.3,static,362,620,13.70929861,45870,92,,0.764516129,1770.440323,74,7128,7
43,0.3,rolling,362,620,22.01797485,1000,11,,0.8919354839,3623.841935,2550,7128,7
43,0.3,static,363,386,13.70929861,49126,93,,0.7953367876,1956.5,71,7128,0
43,0.3,rolling,363,386,22.46539879,1000,3,,0.9170984456,3795.329016,5213,7128,0
43,0.3,static,363,386,13.70929861,48506,93,,0.7953367876,1956.5,71,7128,1
43,0.3,rolling,363,386,19.14232862,1000,5,,0.8834196891,3098.904145,691,7128,1
43,0.3,static,363,386,13.70929861,48032,93,,0.7953367876,1956.5,71,7128,3
43,0.3,rolling,363,386,18.50429535,1000,6,,0.8756476684,2952.772021,500,7128,3
43,0.3,static,363,386,13.70929861,46448,93,,0.7953367876,1956.5,71,7128,7
43,0.3,rolling,363,386,22.0193615,1000,10,,0.914507772,3706.761658,4536,7128,7
43,0.3,static,364,354,13.70929861,49512,94,,0.7655367232,1790.536723,82,7128,0
43,0.3,rolling,364,354,21.94202423,1000,2,,0.9039548023,3908.556497,6143,7128,0
43,0.3,static,364,354,13.70929861,49126,94,,0.7655367232,1790.536723,82,7128,1
43,0.3,rolling,364,354,22.46539879,1000,4,,0.918079096,3988.621469,6437,7128,1
43,0.3,static,364,354,13.70929861,48260,94,,0.7655367232,1790.536723,82,7128,3
43,0.3,rolling,364,354,19.30922604,1000,7,,0.8531073446,3313.915254,1819.5,7128,3
43,0.3,static,364,354,13.70929861,46996,94,,0.7655367232,1790.536723,82,7128,7
43,0.3,rolling,364,354,21.27979946,1000,9,,0.8926553672,3791.161017,5581.5,7128,7
59,0,static,292,730,14.49814749,11270,22,,0.8589041096,3238.773973,1005,7128,0
59,0,rolling,292,730,14.84237766,1000,3,,0.8726027397,3353.868493,1344,7128,0
59,0,static,292,730,14.49814749,11270,22,,0.8589041096,3238.773973,1005,7128,1
59,0,rolling,292,730,14.84237766,1000,3,,0.8726027397,3353.868493,1344,7128,1
59,0,static,292,730,14.49814749,11270,22,,0.8589041096,3238.773973,1005,7128,3
59,0,rolling,292,730,14.84237766,1000,3,,0.8726027397,3353.868493,1344,7128,3
59,0,static,292,730,14.49814749,11270,22,,0.8589041096,3238.773973,1005,7128,7
59,0,rolling,292,730,14.84237766,1000,3,,0.8726027397,3353.868493,1344,7128,7
59,0,static,293,658,14.49814749,12000,23,,0.9072948328,3479.895137,1933.5,7128,0
59,0,rolling,293,658,15.63547552,1000,2,,0.9209726444,3868.427052,5299,7128,0
59,0,static,293,658,14.49814749,11270,23,,0.9072948328,3479.895137,1933.5,7128,1
59,0,rolling,293,658,14.84237766,1000,4,,0.9133738602,3603.381459,3729,7128,1
59,0,static,293,658,14.49814749,11270,23,,0.9072948328,3479.895137,1933.5,7128,3
59,0,rolling,293,658,14.84237766,1000,4,,0.9133738602,3603.381459,3729,7128,3
59,0,static,293,658,14.49814749,11270,23,,0.9072948328,3479.895137,1933.5,7128,7
59,0,rolling,293,658,14.84237766,1000,4,,0.9133738602,3603.381459,3729,7128,7
59,0,static,294,618,14.49814749,12658,24,,0.8446601942,3158.631068,967,7128,0
59,0,rolling,294,618,15.57862884,1000,2,,0.8851132686,3577.029126,3937,7128,0
59,0,static,294,618,14.49814749,12000,24,,0.8446601942,3158.631068,967,7128,1
59,0,rolling,294,618,15.63547552,1000,3,,0.8867313916,3597.38835,4034.5,7128,1
59,0,static,294,618,14.49814749,11270,24,,0.8446601942,3158.631068,967,7128,3
59,0,rolling,294,618,14.84237766,1000,5,,0.855987055,3289.511327,1194.5,7128,3
59,0,static,294,618,14.49814749,11270,24,,0.8446601942,3158.631068,967,7128,7
59,0,rolling,294,618,14.84237766,1000,5,,0.855987055,3289.511327,1194.5,7128,7
59,0,static,295,666,14.49814749,13276,25,,0.8783783784,3116.611111,925,7128,0
59,0,rolling,295,666,15.95683169,1000,2,,0.9054054054,3716.253754,4233.5,7128,0
59,0,static,295,666,14.49814749,12658,25,,0.8783783784,3116.611111,925,7128,1
59,0,rolling,295,666,15.57862884,1000,3,,0.9009009009,3557.387387,2236,7128,1
59,0,static,295,666,14.49814749,11270,25,,0.8783783784,3116.611111,925,7128,3
59,0,rolling,295,666,14.84237766,1000,6,,0.8843843844,3256.783784,1146.5,7128,3
59,0,static,295,666,14.49814749,11270,25,,0.8783783784,3116.611111,925,7128,7
59,0,rolling,295,666,14.84237766,1000,6,,0.8843843844,3256.783784,1146.5,7128,7
59,0,static,296,516,14.49814749,13942,26,,0.8662790698,3210.738372,1037.5,7128,0
59,0,rolling,296,516,16.31424209,1000,2,,0.9089147287,3876.077519,5325,7128,0
59,0,static,296,516,14.49814749,13276,26,,0.8662790698,3210.738372,1037.5,7128,1
59,0,rolling,296,516,15.95683169,1000,3,,0.9011627907,3750.554264,4686,7128,1
59,0,static,296,516,14.49814749,12000,26,,0.8662790698,3210.738372,1037.5,7128,3
59,0,rolling,296,516,15.63547552,1000,5,,0.8934108527,3628.736434,4155,7128,3
59,0,static,296,516,14.49814749,11270,26,,0.8662790698,3210.738372,1037.5,7128,7
59,0,rolling,296,516,14.84237766,1000,7,,0.8759689922,3329.507752,1516,7128,7
59,0,static,297,292,14.49814749,14458,27,,0.852739726,2417.599315,389,7128,0
59,0,rolling,297,292,15.72414851,1000,2,,0.8869863014,2913.619863,775,7128,0
59,0,static,297,292,14.49814749,13942,27,,0.852739726,2417.599315,389,7128,1
59,0,rolling,297,292,16.31424209,1000,3,,0.8904109589,3157.119863,1100.5,7128,1
59,0,static,297,292,14.49814749,12658,27,,0.852739726,2417.599315,389,7128,3
59,0,rolling,297,292,15.57862884,1000,5,,0.8767123288,2838.650685,734,7128,3
59,0,static,297,292,14.49814749,11270,27,,0.852739726,2417.599315,389,7128,7
59,0,rolling,297,292,14.84237766,1000,8,,0.8664383562,2550.712329,502.5,7128,7
59,0,static,298,252,14.49814749,14750,28,,0.8452380952,2689.662698,446.5,7128,0
59,0,rolling,298,252,16.59628394,1000,3,,0.9126984127,3568.968254,2475.5,7128,0
59,0,static,298,252,14.49814749,14458,28,,0.8452380952,2689.662698,446.5,7128,1
59,0,rolling,298,252,15.72414851,1000,3,,0.8888888889,3208.583333,988,7128,1
59,0,static,298,252,14.49814749,13276,28,,0.8452380952,2689.662698,446.5,7128,3
59,0,rolling,298,252,15.95683169,1000,5,,0.9047619048,3344.876984,1272.5,7128,3
59,0,static,298,252,14.49814749,11270,28,,0.8452380952,2689.662698,446.5,7128,7
59,0,rolling,298,252,14.84237766,1000,9,,0.8650793651,2828.615079,537.5,7128,7
59,0,static,299,702,14.49814749,15002,29,,0.8717948718,2968.552707,708,7128,0
59,0,rolling,299,702,15.9967401,1000,3,,0.8931623932,3516.997151,1953,7128,0
59,0,static,299,702,14.49814749,14750,29,,0.8717948718,2968.552707,708,7128,1
59,0,rolling,299,702,16.59628394,1000,4,,0.9031339031,3716.888889,4303,7128,1
59,0,static,299,702,14.49814749,13942,29,,0.8717948718,2968.552707,708,7128,3
59,0,rolling,299,702,16.31424209,1000,5,,0.9002849003,3623.904558,3862.5,7128,3
59,0,static,299,702,14.49814749,11270,29,,0.8717948718,2968.552707,708,7128,7
59,0,rolling,299,702,14.84237766,1000,10,,0.8746438746,3099.868946,878.5,7128,7
59,0,static,300,664,14.49814749,15704,30,,0.8614457831,3042.254518,688.5,7128,0
59,0,rolling,300,664,16.35258913,1000,3,,0.906626506,3745.274096,4675,7128,0
59,0,static,300,664,14.49814749,15002,30,,0.8614457831,3042.254518,688.5,7128,1
59,0,rolling,300,664,15.9967401,1000,4,,0.8960843373,3607.064759,3696.5,7128,1
59,0,static,300,664,14.49814749,14458,30,,0.8614457831,3042.254518,688.5,7128,3
59,0,rolling,300,664,15.72414851,1000,5,,0.8870481928,3494.685241,1805.5,7128,3
59,0,static,300,664,14.49814749,12000,30,,0.8614457831,3042.254518,688.5,7128,7
59,0,rolling,300,664,15.63547552,1000,9,,0.8870481928,3461.02259,1709.5,7128,7
59,0,static,301,616,14.49814749,16368,31,,0.8766233766,3452.373377,2341,7128,0
59,0,rolling,301,616,16.66322803,1000,2,,0.9220779221,4103.126623,6634,7128,0
59,0,static,301,616,14.49814749,15704,31,,0.8766233766,3452.373377,2341,7128,1
59,0,rolling,301,616,16.35258913,1000,4,,0.9188311688,4021.571429,6365.5,7128,1
59,0,static,301,616,14.49814749,14750,31,,0.8766233766,3452.373377,2341,7128,3
59,0,rolling,301,616,16.59628394,1000,6,,0.9220779221,4083.704545,6579,7128,3
59,0,static,301,616,14.49814749,12658,31,,0.8766233766,3452.373377,2341,7128,7
59,0,rolling,301,616,15.57862884,1000,9,,0.9025974026,3805.181818,5295.5,7128,7
59,0,static,302,570,14.49814749,16984,32,,0.8421052632,2917.370175,575,7128,0
59,0,rolling,302,570,15.82273245,1000,2,,0.8859649123,3304.515789,1254,7128,0
59,0,static,302,570,14.49814749,16368,32,,0.8421052632,2917.370175,575,7128,1
59,0,rolling,302,570,16.66322803,1000,3,,0.901754386,3592.773684,2677.5,7128,1
59,0,static,302,570,14.49814749,15002,32,,0.8421052632,2917.370175,575,7128,3
59,0,rolling,302,570,15.9967401,1000,6,,0.8894736842,3358.040351,1405.5,7128,3
59,0,static,302,570,14.49814749,13276,32,,0.8421052632,2917.370175,575,7128,7
59,0,rolling,302,570,15.95683169,1000,9,,0.8894736842,3346.107018,1371.5,7128,7
59,0,static,303,542,14.49814749,17554,33,,0.8837638376,2991.226937,828.5,7128,0
59,0,rolling,303,542,16.12570095,1000,2,,0.9040590406,3556.027675,3700,7128,0
59,0,static,303,542,14.49814749,16984,33,,0.8837638376,2991.226937,828.5,7128,1
59,0,rolling,303,542,15.82273245,1000,3,,0.9003690037,3449.634686,1942,7128,1
59,0,static,303,542,14.49814749,15704,33,,0.8837638376,2991.226937,828.5,7128,3
59,0,rolling,303,542,16.35258913,1000,6,,0.9114391144,3638.156827,3994.5,7128,3
59,0,static,303,542,14.49814749,13942,33,,0.8837638376,2991.226937,828.5,7128,7
59,0,rolling,303,542,16.31424209,1000,9,,0.9095940959,3625.865314,3928.5,7128,7
59,0,static,304,328,14.49814749,18096,34,,0.8292682927,2747.42378,348.5,7128,0
59,0,rolling,304,328,15.55522418,1000,2,,0.8475609756,3039.54878,723,7128,0
59,0,static,304,328,14.49814749,17554,34,,0.8292682927,2747.42378,348.5,7128,1
59,0,rolling,304,328,16.12570095,1000,3,,0.868902439,3200.47561,1068,7128,1
59,0,static,304,328,14.49814749,16368,34,,0.8292682927,2747.42378,348.5,7128,3
59,0,rolling,304,328,16.66322803,1000,5,,0.875,3364.378049,1556,7128,3
59,0,static,304,328,14.49814749,14458,34,,0.8292682927,2747.42378,348.5,7128,7
59,0,rolling,304,328,15.72414851,1000,9,,0.8536585366,3087.454268,794,7128,7
59,0,static,305,328,14.49814749,18424,35,,0.8780487805,2488.847561,405.5,7128,0
59,0,rolling,305,328,16.80150071,1000,3,,0.9298780488,3409.22561,1645,7128,0
59,0,static,305,328,14.49814749,18096,35,,0.8780487805,2488.847561,405.5,7128,1
59,0,rolling,305,328,15.55522418,1000,3,,0.8963414634,2981.817073,803.5,7128,1
59,0,static,305,328,14.49814749,16984,35,,0.8780487805,2488.847561,405.5,7128,3
59,0,rolling,305,328,15.82273245,1000,5,,0.8993902439,3090.323171,1003,7128,3
59,0,static,305,328,14.49814749,14750,35,,0.8780487805,2488.847561,405.5,7128,7
59,0,rolling,305,328,16.59628394,1000,10,,0.9146341463,3354.051829,1507.5,7128,7
59,0,static,306,582,14.49814749,18752,36,,0.8591065292,2730.082474,384,7128,0
59,0,rolling,306,582,16.32420635,1000,3,,0.8934707904,3307.62543,1210.5,7128,0
59,0,static,306,582,14.49814749,18424,36,,0.8591065292,2730.082474,384,7128,1
59,0,rolling,306,582,16.80150071,1000,4,,0.8951890034,3450.348797,1590.5,7128,1
59,0,static,306,582,14.49814749,17554,36,,0.8591065292,2730.082474,384,7128,3
59,0,rolling,306,582,16.12570095,1000,5,,0.8934707904,3250.02921,1048,7128,3
59,0,static,306,582,14.49814749,15002,36,,0.8591065292,2730.082474,384,7128,7
59,0,rolling,306,582,15.9967401,1000,10,,0.8883161512,3216.512027,907,7128,7
59,0,static,307,588,14.49814749,19334,37,,0.8452380952,2896.981293,611,7128,0
59,0,rolling,307,588,16.67482066,1000,3,,0.8911564626,3655.651361,3977,7128,0
59,0,static,307,588,14.49814749,18752,37,,0.8452380952,2896.981293,611,7128,1
59,0,rolling,307,588,16.32420635,1000,4,,0.8860544218,3531.078231,2136.5,7128,1
59,0,static,307,588,14.49814749,18096,37,,0.8452380952,2896.981293,611,7128,3
59,0,rolling,307,588,15.55522418,1000,5,,0.8724489796,3270.629252,1186.5,7128,3
59,0,static,307,588,14.49814749,15704,37,,0.8452380952,2896.981293,611,7128,7
59,0,rolling,307,588,16.35258913,1000,10,,0.8860544218,3540.741497,2168,7128,7
59,0,static,308,562,14.49814749,19922,38,,0.8612099644,3054.524911,552.5,7128,0
59,0,rolling,308,562,16.9900507,1000,2,,0.8985765125,3710.699288,4774,7128,0
59,0,static,308,562,14.49814749,19334,38,,0.8612099644,3054.524911,552.5,7128,1
59,0,rolling,308,562,16.67482066,1000,4,,0.8950177936,3641.142349,3971.5,7128,1
59,0,static,308,562,14.49814749,18424,38,,0.8612099644,3054.524911,552.5,7128,3
59,0,rolling,308,562,16.80150071,1000,6,,0.8985765125,3669.784698,4287,7128,3
59,0,static,308,562,14.49814749,16368,38,,0.8612099644,3054.524911,552.5,7128,7
59,0,rolling,308,562,16.66322803,1000,9,,0.8950177936,3636.930605,3955,7128,7
59,0,static,309,626,14.49814749,20484,39,,0.8354632588,3015.043131,686,7128,0
59,0,rolling,309,626,17.12229824,1000,2,,0.9009584665,3874.792332,5531.5,7128,0
59,0,static,309,626,14.49814749,19922,39,,0.8354632588,3015.043131,686,7128,1
59,0,rolling,309,626,16.9900507,1000,3,,0.8961661342,3835.087859,5320.5,7128,1
59,0,static,309,626,14.49814749,18752,39,,0.8354632588,3015.043131,686,7128,3
59,0,rolling,309,626,16.32420635,1000,6,,0.8865814696,3620.648562,3967,7128,3
59,0,static,309,626,14.49814749,16984,39,,0.8354632588,3015.043131,686,7128,7
59,0,rolling,309,626,15.82273245,1000,9,,0.875399361,3454.284345,1785,7128,7
59,0,static,310,620,14.49814749,21110,40,,0.8806451613,2337.9,293,7128,0
59,0,rolling,310,620,17.14876008,1000,2,,0.9338709677,3286.71129,1399,7128,0
59,0,static,310,620,14.49814749,20484,40,,0.8806451613,2337.9,293,7128,1
59,0,rolling,310,620,17.12229824,1000,3,,0.9338709677,3276.05,1372,7128,1
59,0,static,310,620,14.49814749,19334,40,,0.8806451613,2337.9,293,7128,3
59,0,rolling,310,620,16.67482066,1000,6,,0.9290322581,3097.353226,1019,7128,3
59,0,static,310,620,14.49814749,17554,40,,0.8806451613,2337.9,293,7128,7
59,0,rolling,310,620,16.12570095,1000,9,,0.9161290323,2886.164516,736.5,7128,7
59,0,static,311,438,14.49814749,21730,41,,0.8538812785,2089.952055,237.5,7128,0
59,0,rolling,311,438,16.00805688,1000,2,,0.8926940639,2609.803653,444,7128,0
59,0,static,311,438,14.49814749,21110,41,,0.8538812785,2089.952055,237.5,7128,1
59,0,rolling,311,438,17.14876008,1000,3,,0.901826484,2931.908676,660.5,7128,1
59,0,static,311,438,14.49814749,19922,41,,0.8538812785,2089.952055,237.5,7128,3
59,0,rolling,311,438,16.9900507,1000,5,,0.901826484,2887.484018,622,7128,3
59,0,static,311,438,14.49814749,18096,41,,0.8538812785,2089.952055,237.5,7128,7
59,0,rolling,311,438,15.55522418,1000,9,,0.8881278539,2468.018265,372,7128,7
59,0,static,312,460,14.49814749,22168,42,,0.8326086957,2075.83913,223,7128,0
59,0,rolling,312,460,15.42429733,1000,2,,0.8586956522,2429.936957,366,7128,0
59,0,static,312,460,14.49814749,21730,42,,0.8326086957,2075.83913,223,7128,1
59,0,rolling,312,460,16.00805688,1000,3,,0.8695652174,2625.75,432,7128,1
59,0,static,312,460,14.49814749,20484,42,,0.8326086957,2075.83913,223,7128,3
59,0,rolling,312,460,17.12229824,1000,5,,0.897826087,2986.404348,634,7128,3
59,0,static,312,460,14.49814749,18424,42,,0.8326086957,2075.83913,223,7128,7
59,0,rolling,312,460,16.80150071,1000,10,,0.8956521739,2894.191304,566,7128,7
59,0,static,313,794,14.49814749,22628,43,,0.8337531486,2259.001259,229.5,7128,0
59,0,rolling,313,794,16.95094931,1000,3,,0.8891687657,2998.086902,691.5,7128,0
59,0,static,313,794,14.49814749,22168,43,,0.8337531486,2259.001259,229.5,7128,1
59,0,rolling,313,794,15.42429733,1000,3,,0.8576826196,2552.144836,351.5,7128,1
59,0,static,313,794,14.49814749,21110,43,,0.8337531486,2259.001259,229.5,7128,3
59,0,rolling,313,794,17.14876008,1000,5,,0.8942065491,3059.782116,761,7128,3
59,0,static,313,794,14.49814749,18752,43,,0.8337531486,2259.001259,229.5,7128,7
59,0,rolling,313,794,16.32420635,1000,10,,0.8778337531,2817.896725,508.5,7128,7
59,0,static,314,678,14.49814749,23422,44,,0.8421828909,2401.896755,270,7128,0
59,0,rolling,314,678,17.59503412,1000,2,,0.9056047198,3452.570796,1771.5,7128,0
59,0,static,314,678,14.49814749,22628,44,,0.8421828909,2401.896755,270,7128,1
59,0,rolling,314,678,16.95094931,1000,4,,0.901179941,3258.330383,1221,7128,1
59,0,static,314,678,14.49814749,21730,44,,0.8421828909,2401.896755,270,7128,3
59,0,rolling,314,678,16.00805688,1000,5,,0.8820058997,2921.467552,589.5,7128,3
59,0,static,314,678,14.49814749,19334,44,,0.8421828909,2401.896755,270,7128,7
59,0,rolling,314,678,16.67482066,1000,10,,0.8938053097,3159.022124,978,7128,7
59,0,static,315,774,14.49814749,24100,45,,0.8514211886,2298.476744,268,7128,0
59,0,rolling,315,774,17.74859428,1000,2,,0.9018087855,3450.302326,1856.5,7128,0
59,0,static,315,774,14.49814749,23422,45,,0.8514211886,2298.476744,268,7128,1
59,0,rolling,315,774,17.59503412,1000,3,,0.9018087855,3410.213178,1717.5,7128,1
59,0,static,315,774,14.49814749,22168,45,,0.8514211886,2298.476744,268,7128,3
59,0,rolling,315,774,15.42429733,1000,5,,0.8708010336,2634.223514,501,7128,3
59,0,static,315,774,14.49814749,19922,45,,0.8514211886,2298.476744,268,7128,7
59,0,rolling,315,774,16.9900507,1000,9,,0.8966408269,3196.381137,1225.5,7128,7
59,0,static,316,758,14.49814749,24874,46,,0.8548812665,2477.931398,459,7128,0
59,0,rolling,316,758,18.78865147,1000,2,,0.9366754617,4098.935356,6056.5,7128,0
59,0,static,316,758,14.49814749,24100,46,,0.8548812665,2477.931398,459,7128,1
59,0,rolling,316,758,17.74859428,1000,3,,0.9248021108,3722.150396,4551,7128,1
59,0,static,316,758,14.49814749,22628,46,,0.8548812665,2477.931398,459,7128,3
59,0,rolling,316,758,16.95094931,1000,6,,0.9155672823,3375.391821,1832,7128,3
59,0,static,316,758,14.49814749,20484,46,,0.8548812665,2477.931398,459,7128,7
59,0,rolling,316,758,17.12229824,1000,9,,0.9168865435,3452.411609,2139,7128,7
59,0,static,317,630,14.49814749,25632,47,,0.826984127,2093.326984,239.5,7128,0
59,0,rolling,317,630,16.52362442,1000,2,,0.8746031746,2735.985714,550,7128,0
59,0,static,317,630,14.49814749,24874,47,,0.826984127,2093.326984,239.5,7128,1
59,0,rolling,317,630,18.78865147,1000,3,,0.9095238095,3527.815873,3769.5,7128,1
59,0,static,317,630,14.49814749,23422,47,,0.826984127,2093.326984,239.5,7128,3
59,0,rolling,317,630,17.59503412,1000,5,,0.8984126984,3134.404762,1115,7128,3
59,0,static,317,630,14.49814749,21110,47,,0.826984127,2093.326984,239.5,7128,7
59,0,rolling,317,630,17.14876008,1000,9,,0.8952380952,2986.6,833.5,7128,7
59,0,static,318,342,14.49814749,26262,48,,0.783625731,2091.122807,187,7128,0
59,0,rolling,318,342,17.85542202,1000,2,,0.9064327485,3070.30117,781.5,7128,0
59,0,static,318,342,14.49814749,25632,48,,0.783625731,2091.122807,187,7128,1
59,0,rolling,318,342,16.52362442,1000,3,,0.8684210526,2668.236842,438,7128,1
59,0,static,318,342,14.49814749,24100,48,,0.783625731,2091.122807,187,7128,3
59,0,rolling,318,342,17.74859428,1000,5,,0.9035087719,3040.245614,744,7128,3
59,0,static,318,342,14.49814749,21730,48,,0.783625731,2091.122807,187,7128,7
59,0,rolling,318,342,16.00805688,1000,9,,0.8479532164,2544.719298,373,7128,7
59,0,static,319,324,14.49814749,26604,49,,0.8425925926,2147.20679,239,7128,0
59,0,rolling,319,324,17.81780338,1000,3,,0.9320987654,3310.848765,1408,7128,0
59,0,static,319,324,14.49814749,26262,49,,0.8425925926,2147.20679,239,7128,1
59,0,rolling,319,324,17.85542202,1000,3,,0.9320987654,3325.679012,1440,7128,1
59,0,static,319,324,14.49814749,24874,49,,0.8425925926,2147.20679,239,7128,3
59,0,rolling,319,324,18.78865147,1000,5,,0.9413580247,3639.768519,3773.5,7128,3
59,0,static,319,324,14.49814749,22168,49,,0.8425925926,2147.20679,239,7128,7
59,0,rolling,319,324,15.42429733,1000,9,,0.8672839506,2488.533951,390.5,7128,7
59,0,static,320,736,14.49814749,26928,50,,0.8301630435,2733.745924,334,7128,0
59,0,rolling,320,736,17.59321606,1000,3,,0.8994565217,3627.347826,3801.5,7128,0
59,0,static,320,736,14.49814749,26604,50,,0.8301630435,2733.745924,334,7128,1
59,0,rolling,320,736,17.81780338,1000,4,,0.9035326087,3688.585598,4200,7128,1
59,0,static,320,736,14.49814749,25632,50,,0.8301630435,2733.745924,334,7128,3
59,0,rolling,320,736,16.52362442,1000,5,,0.8845108696,3322.065217,1328.5,7128,3
59,0,static,320,736,14.49814749,22628,50,,0.8301630435,2733.745924,334,7128,7
59,0,rolling,320,736,16.95094931,1000,10,,0.8899456522,3447.442935,1692.5,7128,7
59,0,static,321,680,14.49814749,27664,51,,0.8558823529,2519.019118,285.5,7128,0
59,0,rolling,321,680,17.14765739,1000,2,,0.9029411765,3415.532353,1671,7128,0
59,0,static,321,680,14.49814749,26928,51,,0.8558823529,2519.019118,285.5,7128,1
59,0,rolling,321,680,17.59321606,1000,4,,0.9073529412,3575.164706,3588.5,7128,1
59,0,static,321,680,14.49814749,26262,51,,0.8558823529,2519.019118,285.5,7128,3
59,0,rolling,321,680,17.85542202,1000,5,,0.9073529412,3656.676471,4038,7128,3
59,0,static,321,680,14.49814749,23422,51,,0.8558823529,2519.019118,285.5,7128,7
59,0,rolling,321,680,17.59503412,1000,9,,0.9073529412,3575.744118,3591,7128,7
59,0,static,322,668,14.49814749,28344,52,,0.8532934132,2661.808383,377,7128,0
59,0,rolling,322,668,18.14680576,1000,2,,0.9266467066,3883.314371,5581,7128,0
59,0,static,322,668,14.49814749,27664,52,,0.8532934132,2661.808383,377,7128,1
59,0,rolling,322,668,17.14765739,1000,3,,0.9056886228,3557.625749,3689,7128,1
59,0,static,322,668,14.49814749,26604,52,,0.8532934132,2661.808383,377,7128,3
59,0,rolling,322,668,17.81780338,1000,6,,0.9251497006,3780.787425,5037,7128,3
59,0,static,322,668,14.49814749,24100,52,,0.8532934132,2661.808383,377,7128,7
59,0,rolling,322,668,17.74859428,1000,9,,0.9236526946,3755.218563,4925.5,7128,7
59,0,static,323,668,14.49814749,29012,53,,0.8203592814,2461.956587,379,7128,0
59,0,rolling,323,668,17.02589607,1000,2,,0.8847305389,3367.312874,1652.5,7128,0
59,0,static,323,668,14.49814749,28344,53,,0.8203592814,2461.956587,379,7128,1
59,0,rolling,323,668,18.14680576,1000,3,,0.9176646707,3769.818862,4451.5,7128,1
59,0,static,323,668,14.49814749,26928,53,,0.8203592814,2461.956587,379,7128,3
59,0,rolling,323,668,17.59321606,1000,6,,0.9071856287,3574.729042,3131,7128,3
59,0,static,323,668,14.49814749,24874,53,,0.8203592814,2461.956587,379,7128,7
59,0,rolling,323,668,18.78865147,1000,9,,0.9206586826,3970.616766,5347.5,7128,7
59,0,static,324,796,14.49814749,29680,54,,0.7914572864,2294.238693,239,7128,0
59,0,rolling,324,796,17.36526096,1000,2,,0.8756281407,3201.95603,911,7128,0
59,0,static,324,796,14.49814749,29012,54,,0.7914572864,2294.238693,239,7128,1
59,0,rolling,324,796,17.02589607,1000,3,,0.8743718593,3090.012563,778,7128,1
59,0,static,324,796,14.49814749,27664,54,,0.7914572864,2294.238693,239,7128,3
59,0,rolling,324,796,17.14765739,1000,5,,0.8756281407,3126.680905,822,7128,3
59,0,static,324,796,14.49814749,25632,54,,0.7914572864,2294.238693,239,7128,7
59,0,rolling,324,796,16.52362442,1000,9,,0.8668341709,2948.699749,613,7128,7
59,0,static,325,398,14.49814749,30476,55,,0.7713567839,2337.771357,175,7128,0
59,0,rolling,325,398,18.22236443,1000,2,,0.8793969849,3235.816583,875,7128,0
59,0,static,325,398,14.49814749,29680,55,,0.7713567839,2337.771357,175,7128,1
59,0,rolling,325,398,17.36526096,1000,3,,0.8718592965,3051.261307,612,7128,1
59,0,static,325,398,14.49814749,28344,55,,0.7713567839,2337.771357,175,7128,3
59,0,rolling,325,398,18.14680576,1000,5,,0.8793969849,3222.452261,843.5,7128,3
59,0,static,325,398,14.49814749,26262,55,,0.7713567839,2337.771357,175,7128,7
59,0,rolling,325,398,17.85542202,1000,9,,0.8743718593,3161.917085,731,7128,7
59,0,static,326,422,14.49814749,30874,56,,0.7914691943,1787.736967,88,7128,0
59,0,rolling,326,422,18.59259701,1000,2,,0.8886255924,2696.753555,438,7128,0
59,0,static,326,422,14.49814749,30476,56,,0.7914691943,1787.736967,88,7128,1
59,0,rolling,326,422,18.22236443,1000,3,,0.8862559242,2614.244076,357.5,7128,1
59,0,static,326,422,14.49814749,29012,56,,0.7914691943,1787.736967,88,7128,3
59,0,rolling,326,422,17.02589607,1000,5,,0.8507109005,2331.251185,235,7128,3
59,0,static,326,422,14.49814749,26604,56,,0.7914691943,1787.736967,88,7128,7
59,0,rolling,326,422,17.81780338,1000,10,,0.8720379147,2517.296209,317,7128,7
59,0,static,327,738,14.49814749,31296,57,,0.7940379404,2382.222222,221,7128,0
59,0,rolling,327,738,19.14528894,1000,3,,0.906504065,3624.612466,3819.5,7128,0
59,0,static,327,738,14.49814749,30874,57,,0.7940379404,2382.222222,221,7128,1
59,0,rolling,327,738,18.59259701,1000,3,,0.9024390244,3466.663957,1804.5,7128,1
59,0,static,327,738,14.49814749,29680,57,,0.7940379404,2382.222222,221,7128,3
59,0,rolling,327,738,17.36526096,1000,5,,0.8766937669,3144.504065,823.5,7128,3
59,0,static,327,738,14.49814749,26928,57,,0.7940379404,2382.222222,221,7128,7
59,0,rolling,327,738,17.59321606,1000,10,,0.8807588076,3203.069106,998.5,7128,7
59,0,static,328,600,14.49814749,32034,58,,0.8116666667,2443.19,275,7128,0
59,0,rolling,328,600,18.75699615,1000,2,,0.92,3757.821667,4539.5,7128,0
59,0,static,328,600,14.49814749,31296,58,,0.8116666667,2443.19,275,7128,1
59,0,rolling,328,600,19.14528894,1000,4,,0.9283333333,3856.45,5511.5,7128,1
59,0,static,328,600,14.49814749,30476,58,,0.8116666667,2443.19,275,7128,3
59,0,rolling,328,600,18.22236443,1000,5,,0.9116666667,3605.943333,2892.5,7128,3
59,0,static,328,600,14.49814749,27664,58,,0.8116666667,2443.19,275,7128,7
59,0,rolling,328,600,17.14765739,1000,9,,0.895,3315.973333,1090.5,7128,7
59,0,static,329,684,14.49814749,32634,59,,0.7997076023,2514.921053,249,7128,0
59,0,rolling,329,684,18.52680766,1000,2,,0.9078947368,3733.755848,4638.5,7128,0
59,0,static,329,684,14.49814749,32034,59,,0.7997076023,2514.921053,249,7128,1
59,0,rolling,329,684,18.75699615,1000,3,,0.9122807018,3813.98538,4984.5,7128,1
59,0,static,329,684,14.49814749,30874,59,,0.7997076023,2514.921053,249,7128,3
59,0,rolling,329,684,18.59259701,1000,5,,0.9078947368,3756.288012,4744,7128,3
59,0,static,329,684,14.49814749,28344,59,,0.7997076023,2514.921053,249,7128,7
59,0,rolling,329,684,18.14680576,1000,9,,0.8976608187,3618.353801,4009,7128,7
59,0,static,330,640,14.49814749,33318,60,,0.8265625,2325.951562,238.5,7128,0
59,0,rolling,330,640,18.11911941,1000,2,,0.9125,3515.865625,1889.5,7128,0
59,0,static,330,640,14.49814749,32634,60,,0.8265625,2325.951562,238.5,7128,1
59,0,rolling,330,640,18.52680766,1000,3,,0.9234375,3649.078125,3889,7128,1
59,0,static,330,640,14.49814749,31296,60,,0.8265625,2325.951562,238.5,7128,3
59,0,rolling,330,640,19.14528894,1000,6,,0.9296875,3844.814063,5051,7128,3
59,0,static,330,640,14.49814749,29012,60,,0.8265625,2325.951562,238.5,7128,7
59,0,rolling,330,640,17.02589607,1000,9,,0.890625,3137.617188,1048.5,7128,7
59,0,static,331,506,14.49814749,33958,61,,0.847826087,2520.171937,245.5,7128,0
59,0,rolling,331,506,17.85261059,1000,2,,0.9110671937,3542.766798,1657,7128,0
59,0,static,331,506,14.49814749,33318,61,,0.847826087,2520.171937,245.5,7128,1
59,0,rolling,331,506,18.11911941,1000,3,,0.9150197628,3620.116601,2255.5,7128,1
59,0,static,331,506,14.49814749,32034,61,,0.847826087,2520.171937,245.5,7128,3
59,0,rolling,331,506,18.75699615,1000,5,,0.9229249012,3826.252964,4665.5,7128,3
59,0,static,331,506,14.49814749,29680,61,,0.847826087,2520.171937,245.5,7128,7
59,0,rolling,331,506,17.36526096,1000,9,,0.8972332016,3414.893281,1287.5,7128,7
59,0,static,332,318,14.49814749,34464,62,,0.8364779874,2369.116352,196.5,7128,0
59,0,rolling,332,318,17.5840435,1000,2,,0.8962264151,3174.226415,624,7128,0
59,0,static,332,318,14.49814749,33958,62,,0.8364779874,2369.116352,196.5,7128,1
59,0,rolling,332,318,17.85261059,1000,3,,0.8962264151,3253.072327,786.5,7128,1
59,0,static,332,318,14.49814749,32634,62,,0.8364779874,2369.116352,196.5,7128,3
59,0,rolling,332,318,18.52680766,1000,5,,0.9088050314,3394.738994,1123,7128,3
59,0,static,332,318,14.49814749,30476,62,,0.8364779874,2369.116352,196.5,7128,7
59,0,rolling,332,318,18.22236443,1000,9,,0.9025157233,3331.311321,966.5,7128,7
59,0,static,333,342,14.49814749,34782,63,,0.798245614,2394.28655,202.5,7128,0
59,0,rolling,333,342,17.64881146,1000,3,,0.8830409357,3098.435673,797,7128,0
59,0,static,333,342,14.49814749,34464,63,,0.798245614,2394.28655,202.5,7128,1
59,0,rolling,333,342,17.5840435,1000,3,,0.8801169591,3078.078947,763,7128,1
59,0,static,333,342,14.49814749,33318,63,,0.798245614,2394.28655,202.5,7128,3
59,0,rolling,333,342,18.11911941,1000,5,,0.8918128655,3214.570175,1056.5,7128,3
59,0,static,333,342,14.49814749,30874,63,,0.798245614,2394.28655,202.5,7128,7
59,0,rolling,333,342,18.59259701,1000,9,,0.9064327485,3345.277778,1472.5,7128,7
59,0,static,334,700,14.49814749,35124,64,,0.8342857143,2279.072857,210,7128,0
59,0,rolling,334,700,17.74789774,1000,3,,0.8971428571,3299.421429,1514.5,7128,0
59,0,static,334,700,14.49814749,34782,64,,0.8342857143,2279.072857,210,7128,1
59,0,rolling,334,700,17.64881146,1000,4,,0.8971428571,3264.718571,1429,7128,1
59,0,static,334,700,14.49814749,33958,64,,0.8342857143,2279.072857,210,7128,3
59,0,rolling,334,700,17.85261059,1000,5,,0.9,3337.804286,1656,7128,3
59,0,static,334,700,14.49814749,31296,64,,0.8342857143,2279.072857,210,7128,7
59,0,rolling,334,700,19.14528894,1000,10,,0.9128571429,3787.448571,5152.5,7128,7
59,0,static,335,656,14.49814749,35824,65,,0.8170731707,2325.916159,206,7128,0
59,0,rolling,335,656,18.16077518,1000,2,,0.8887195122,3378.75,1544,7128,0
59,0,static,335,656,14.49814749,35124,65,,0.8170731707,2325.916159,206,7128,1
59,0,rolling,335,656,17.74789774,1000,4,,0.8841463415,3260.932927,1242.5,7128,1
59,0,static,335,656,14.49814749,34464,65,,0.8170731707,2325.916159,206,7128,3
59,0,rolling,335,656,17.5840435,1000,5,,0.881097561,3214.385671,1133,7128,3
59,0,static,335,656,14.49814749,32034,65,,0.8170731707,2325.916159,206,7128,7
59,0,rolling,335,656,18.75699615,1000,9,,0.8993902439,3565.484756,3063.5,7128,7
59,0,static,336,632,14.49814749,36480,66,,0.7911392405,2258.050633,264,7128,0
59,0,rolling,336,632,18.95746714,1000,2,,0.8971518987,3658.161392,4298,7128,0
59,0,static,336,632,14.49814749,35824,66,,0.7911392405,2258.050633,264,7128,1
59,0,rolling,336,632,18.16077518,1000,3,,0.878164557,3425.596519,1826,7128,1
59,0,static,336,632,14.49814749,34782,66,,0.7911392405,2258.050633,264,7128,3
59,0,rolling,336,632,17.64881146,1000,6,,0.8655063291,3263.414557,1313.5,7128,3
59,0,static,336,632,14.49814749,32634,66,,0.7911392405,2258.050633,264,7128,7
59,0,rolling,336,632,18.52680766,1000,9,,0.8829113924,3542.643987,3561,7128,7
59,0,static,337,552,14.49814749,37112,67,,0.8115942029,2250.121377,216,7128,0
59,0,rolling,337,552,19.18881035,1000,2,,0.9039855072,3523.608696,2162.5,7128,0
59,0,static,337,552,14.49814749,36480,67,,0.8115942029,2250.121377,216,7128,1
59,0,rolling,337,552,18.95746714,1000,3,,0.9039855072,3454.978261,1768,7128,1
59,0,static,337,552,14.49814749,35124,67,,0.8115942029,2250.121377,216,7128,3
59,0,rolling,337,552,17.74789774,1000,6,,0.8876811594,3146.423913,1007,7128,3
59,0,static,337,552,14.49814749,33318,67,,0.8115942029,2250.121377,216,7128,7
59,0,rolling,337,552,18.11911941,1000,9,,0.8913043478,3237.572464,1190.5,7128,7
59,0,static,338,496,14.49814749,37664,68,,0.7963709677,2241.6875,196.5,7128,0
59,0,rolling,338,496,19.43563628,1000,2,,0.9112903226,3729.518145,4229.5,7128,0
59,0,static,338,496,14.49814749,37112,68,,0.7963709677,2241.6875,196.5,7128,1
59,0,rolling,338,496,19.18881035,1000,3,,0.9052419355,3657.177419,3908,7128,1
59,0,static,338,496,14.49814749,35824,68,,0.7963709677,2241.6875,196.5,7128,3
59,0,rolling,338,496,18.16077518,1000,5,,0.8850806452,3358.153226,1387,7128,3
59,0,static,338,496,14.49814749,33958,68,,0.7963709677,2241.6875,196.5,7128,7
59,0,rolling,338,496,17.85261059,1000,9,,0.8810483871,3259.77621,1181.5,7128,7
59,0,static,339,328,14.49814749,38160,69,,0.7957317073,1842.405488,155,7127.3,0
59,0,rolling,339,328,18.72210693,1000,2,,0.9054878049,3007.335366,1132.5,7128,0
59,0,static,339,328,14.49814749,37664,69,,0.7957317073,1842.405488,155,7127.3,1
59,0,rolling,339,328,19.43563628,1000,3,,0.9115853659,3277.987805,1611,7128,1
59,0,static,339,328,14.49814749,36480,69,,0.7957317073,1842.405488,155,7127.3,3
59,0,rolling,339,328,18.95746714,1000,5,,0.9054878049,3087.75,1278,7128,3
59,0,static,339,328,14.49814749,34464,69,,0.7957317073,1842.405488,155,7127.3,7
59,0,rolling,339,328,17.5840435,1000,9,,0.8780487805,2633.051829,543.5,7128,7
59,0,static,340,328,14.49814749,38488,70,,0.7835365854,2261.667683,148.5,7128,0
59,0,rolling,340,328,18.92822599,1000,3,,0.8963414634,3371.359756,1313.5,7128,0
59,0,static,340,328,14.49814749,38160,70,,0.7835365854,2261.667683,148.5,7128,1
59,0,rolling,340,328,18.72210693,1000,3,,0.8963414634,3327.280488,1111.5,7128,1
59,0,static,340,328,14.49814749,37112,70,,0.7835365854,2261.667683,148.5,7128,3
59,0,rolling,340,328,19.18881035,1000,5,,0.8963414634,3454.344512,1635.5,7128,3
59,0,static,340,328,14.49814749,34782,70,,0.7835365854,2261.667683,148.5,7128,7
59,0,rolling,340,328,17.64881146,1000,10,,0.8780487805,3053.134146,594.5,7128,7
59,0,static,341,576,14.49814749,38816,71,,0.8246527778,2251.527778,179,7128,0
59,0,rolling,341,576,18.65834999,1000,3,,0.8819444444,3446.789931,1751.5,7128,0
59,0,static,341,576,14.49814749,38488,71,,0.8246527778,2251.527778,179,7128,1
59,0,rolling,341,576,18.92822599,1000,4,,0.890625,3525.03125,2310,7128,1
59,0,static,341,576,14.49814749,37664,71,,0.8246527778,2251.527778,179,7128,3
59,0,rolling,341,576,19.43563628,1000,5,,0.8940972222,3657.447917,4246,7128,3
59,0,static,341,576,14.49814749,35124,71,,0.8246527778,2251.527778,179,7128,7
59,0,rolling,341,576,17.74789774,1000,10,,0.875,3180.965278,1068.5,7128,7
59,0,static,342,636,14.49814749,39392,72,,0.8191823899,2359.871069,197,7128,0
59,0,rolling,342,636,19.43259076,1000,3,,0.8962264151,3621.15566,3932.5,7128,0
59,0,static,342,636,14.49814749,38816,72,,0.8191823899,2359.871069,197,7128,1
59,0,rolling,342,636,18.65834999,1000,4,,0.893081761,3404.433962,1536.5,7128,1
59,0,static,342,636,14.49814749,38160,72,,0.8191823899,2359.871069,197,7128,3
59,0,rolling,342,636,18.72210693,1000,5,,0.8946540881,3422.485849,1603,7128,3
59,0,static,342,636,14.49814749,35824,72,,0.8191823899,2359.871069,197,7128,7
59,0,rolling,342,636,18.16077518,1000,9,,0.8852201258,3281.105346,1095.5,7128,7
59,0,static,343,642,14.49814749,40028,73,,0.7710280374,2633.707165,393,7128,0
59,0,rolling,343,642,20.53830671,1000,2,,0.8894080997,4431.060748,6930.5,7128,0
59,0,static,343,642,14.49814749,39392,73,,0.7710280374,2633.707165,393,7128,1
59,0,rolling,343,642,19.43259076,1000,4,,0.8738317757,4127.149533,6425,7128,1
59,0,static,343,642,14.49814749,38488,73,,0.7710280374,2633.707165,393,7128,3
59,0,rolling,343,642,18.92822599,1000,6,,0.8629283489,3979.207165,5983,7128,3
59,0,static,343,642,14.49814749,36480,73,,0.7710280374,2633.707165,393,7128,7
59,0,rolling,343,642,18.95746714,1000,9,,0.8629283489,3988.496885,6011,7128,7
59,0,static,344,650,14.49814749,40670,74,,0.7753846154,2303.844615,129.5,7128,0
59,0,rolling,344,650,20.69060898,1000,2,,0.8938461538,3855.88,5155,7128,0
59,0,static,344,650,14.49814749,40028,74,,0.7753846154,2303.844615,129.5,7128,1
59,0,rolling,344,650,20.53830671,1000,3,,0.8923076923,3815.36,4907.5,7128,1
59,0,static,344,650,14.49814749,38816,74,,0.7753846154,2303.844615,129.5,7128,3
59,0,rolling,344,650,18.65834999,1000,6,,0.8707692308,3276.363077,1199.5,7128,3
59,0,static,344,650,14.49814749,37112,74,,0.7753846154,2303.844615,129.5,7128,7
59,0,rolling,344,650,19.18881035,1000,9,,0.88,3407.206154,1640,7128,7
59,0,static,345,586,14.49814749,41320,75,,0.8344709898,2735.134812,326.5,7128,0
59,0,rolling,345,586,21.38215232,1000,2,,0.9249146758,4358.841297,6962,7128,0
59,0,static,345,586,14.49814749,40670,75,,0.8344709898,2735.134812,326.5,7128,1
59,0,rolling,345,586,20.69060898,1000,3,,0.9180887372,4204.83959,6739.5,7128,1
59,0,static,345,586,14.49814749,39392,75,,0.8344709898,2735.134812,326.5,7128,3
59,0,rolling,345,586,19.43259076,1000,6,,0.9061433447,3905.482935,5875,7128,3
59,0,static,345,586,14.49814749,37664,75,,0.8344709898,2735.134812,326.5,7128,7
59,0,rolling,345,586,19.43563628,1000,9,,0.9078498294,3906.146758,5879,7128,7
59,0,static,346,224,14.49814749,41906,76,,0.7991071429,1545.535714,100,7128,0
59,0,rolling,346,224,19.9884007,1000,2,,0.8794642857,2689.5,904.5,7128,0
59,0,static,346,224,14.49814749,41320,76,,0.7991071429,1545.535714,100,7128,1
59,0,rolling,346,224,21.38215232,1000,3,,0.90625,3178.258929,1499,7128,1
59,0,static,346,224,14.49814749,40028,76,,0.7991071429,1545.535714,100,7128,3
59,0,rolling,346,224,20.53830671,1000,5,,0.8928571429,2909.598214,1099,7128,3
59,0,static,346,224,14.49814749,38160,76,,0.7991071429,1545.535714,100,7128,7
59,0,rolling,346,224,18.72210693,1000,9,,0.8571428571,2391.535714,503,7128,7
59,0,static,347,306,14.49814749,42130,77,,0.839869281,1738.732026,75,7128,0
59,0,rolling,347,306,19.42960584,1000,3,,0.931372549,2795.238562,450,7128,0
59,0,static,347,306,14.49814749,41906,77,,0.839869281,1738.732026,75,7128,1
59,0,rolling,347,306,19.9884007,1000,3,,0.9379084967,2890.584967,599.5,7128,1
59,0,static,347,306,14.49814749,40670,77,,0.839869281,1738.732026,75,7128,3
59,0,rolling,347,306,20.69060898,1000,5,,0.9411764706,3039.69281,816.5,7128,3
59,0,static,347,306,14.49814749,38488,77,,0.839869281,1738.732026,75,7128,7
59,0,rolling,347,306,18.92822599,1000,10,,0.9150326797,2697.277778,355,7128,7
59,0,static,348,714,14.49814749,42436,78,,0.799719888,2216.019608,138.5,7128,0
59,0,rolling,348,714,18.97921467,1000,3,,0.8865546218,3240.882353,1130.5,7128,0
59,0,static,348,714,14.49814749,42130,78,,0.799719888,2216.019608,138.5,7128,1
59,0,rolling,348,714,19.42960584,1000,4,,0.8921568627,3382.107843,1436.5,7128,1
59,0,static,348,714,14.49814749,41320,78,,0.799719888,2216.019608,138.5,7128,3
59,0,rolling,348,714,21.38215232,1000,5,,0.9271708683,3903.410364,5601.5,7128,3
59,0,static,348,714,14.49814749,38816,78,,0.799719888,2216.019608,138.5,7128,7
59,0,rolling,348,714,18.65834999,1000,10,,0.880952381,3152.760504,914.5,7128,7
59,0,static,349,600,14.49814749,43150,79,,0.7583333333,2030.453333,114.5,7128,0
59,0,rolling,349,600,19.21385384,1000,2,,0.845,3085.258333,952,7128,0
59,0,static,349,600,14.49814749,42436,79,,0.7583333333,2030.453333,114.5,7128,1
59,0,rolling,349,600,18.97921467,1000,4,,0.84,3024.695,857,7128,1
59,0,static,349,600,14.49814749,41906,79,,0.7583333333,2030.453333,114.5,7128,3
59,0,rolling,349,600,19.9884007,1000,5,,0.8616666667,3310.738333,1459,7128,3
59,0,static,349,600,14.49814749,39392,79,,0.7583333333,2030.453333,114.5,7128,7
59,0,rolling,349,600,19.43259076,1000,10,,0.845,3146.263333,1052,7128,7
59,0,static,350,656,14.49814749,43750,80,,0.7515243902,1746.091463,92.5,7128,0
59,0,rolling,350,656,21.69722724,1000,2,,0.8993902439,3365.865854,1481,7128,0
59,0,static,350,656,14.49814749,43150,80,,0.7515243902,1746.091463,92.5,7128,1
59,0,rolling,350,656,19.21385384,1000,3,,0.8506097561,2799.432927,469.5,7128,1
59,0,static,350,656,14.49814749,42130,80,,0.7515243902,1746.091463,92.5,7128,3
59,0,rolling,350,656,19.42960584,1000,6,,0.8536585366,2839.783537,528,7128,3
59,0,static,350,656,14.49814749,40028,80,,0.7515243902,1746.091463,92.5,7128,7
59,0,rolling,350,656,20.53830671,1000,9,,0.8826219512,3066.873476,878,7128,7
59,0,static,351,522,14.49814749,44406,81,,0.754789272,1870.245211,79,7128,0
59,0,rolling,351,522,21.76467705,1000,2,,0.8850574713,3373.591954,1229,7128,0
59,0,static,351,522,14.49814749,43750,81,,0.754789272,1870.245211,79,7128,1
59,0,rolling,351,522,21.69722724,1000,3,,0.8812260536,3361.837165,1190,7128,1
59,0,static,351,522,14.49814749,42436,81,,0.754789272,1870.245211,79,7128,3
59,0,rolling,351,522,18.97921467,1000,6,,0.8314176245,2767.43295,347.5,7128,3
59,0,static,351,522,14.49814749,40670,81,,0.754789272,1870.245211,79,7128,7
59,0,rolling,351,522,20.69060898,1000,9,,0.8639846743,3150.913793,716,7128,7
59,0,static,352,462,14.49814749,44928,82,,0.7316017316,1792.850649,112,7128,0
59,0,rolling,352,462,22.1620034,1000,2,,0.9069264069,3743.333333,4730,7128,0
59,0,static,352,462,14.49814749,44406,82,,0.7316017316,1792.850649,112,7128,1
59,0,rolling,352,462,21.76467705,1000,3,,0.8982683983,3657.396104,4096.5,7128,1
59,0,static,352,462,14.49814749,43150,82,,0.7316017316,1792.850649,112,7128,3
59,0,rolling,352,462,19.21385384,1000,5,,0.8484848485,2977.876623,738,7128,3
59,0,static,352,462,14.49814749,41320,82,,0.7316017316,1792.850649,112,7128,7
59,0,rolling,352,462,21.38215232,1000,9,,0.8896103896,3556.38961,2654.5,7128,7
59,0,static,353,242,14.49814749,45390,83,,0.7190082645,1678.72314,90,7127.9,0
59,0,rolling,353,242,22.335706,1000,3,,0.8636363636,3520.268595,1515,7128,0
59,0,static,353,242,14.49814749,44928,83,,0.7190082645,1678.72314,90,7127.9,1
59,0,rolling,353,242,22.1620034,1000,3,,0.8595041322,3490.03719,1412,7128,1
59,0,static,353,242,14.49814749,43750,83,,0.7190082645,1678.72314,90,7127.9,3
59,0,rolling,353,242,21.69722724,1000,5,,0.8429752066,3420.14876,1152.5,7128,3
59,0,static,353,242,14.49814749,41906,83,,0.7190082645,1678.72314,90,7127.9,7
59,0,rolling,353,242,19.9884007,1000,9,,0.8223140496,3100.479339,577,7128,7
59,0,static,354,238,14.49814749,45632,84,,0.731092437,2009.369748,126,7128,0
59,0,rolling,354,238,22.59696519,1000,3,,0.8907563025,4059.676471,6033.5,7128,0
59,0,static,354,238,14.49814749,45390,84,,0.731092437,2009.369748,126,7128,1
59,0,rolling,354,238,22.335706,1000,4,,0.8865546218,3997.970588,5820,7128,1
59,0,static,354,238,14.49814749,44406,84,,0.731092437,2009.369748,126,7128,3
59,0,rolling,354,238,21.76467705,1000,5,,0.8865546218,3872.441176,5334,7128,3
59,0,static,354,238,14.49814749,42130,84,,0.731092437,2009.369748,126,7128,7
59,0,rolling,354,238,19.42960584,1000,10,,0.8529411765,3236.298319,1428.5,7128,7
59,0,static,355,578,14.49814749,45870,85,,0.7041522491,2107.785467,138,7128,0
59,0,rolling,355,578,23.53944206,1000,4,,0.901384083,4304.282007,6742,7128,0
59,0,static,355,578,14.49814749,45632,85,,0.7041522491,2107.785467,138,7128,1
59,0,rolling,355,578,22.59696519,1000,4,,0.8806228374,4095.859862,6211,7128,1
59,0,static,355,578,14.49814749,44928,85,,0.7041522491,2107.785467,138,7128,3
59,0,rolling,355,578,22.1620034,1000,5,,0.8702422145,3987.211073,5796.5,7128,3
59,0,static,355,578,14.49814749,42436,85,,0.7041522491,2107.785467,138,7128,7
59,0,rolling,355,578,18.97921467,1000,10,,0.8235294118,3178.200692,885.5,7128,7
59,0,static,356,548,14.49814749,46448,86,,0.7390510949,2101.890511,122.5,7128,0
59,0,rolling,356,548,23.85264063,1000,3,,0.9215328467,4269.319343,6512,7128,0
59,0,static,356,548,14.49814749,45870,86,,0.7390510949,2101.890511,122.5,7128,1
59,0,rolling,356,548,23.53944206,1000,5,,0.9178832117,4193.266423,6248.5,7128,1
59,0,static,356,548,14.49814749,45390,86,,0.7390510949,2101.890511,122.5,7128,3
59,0,rolling,356,548,22.335706,1000,6,,0.8996350365,3874.620438,4983.5,7128,3
59,0,static,356,548,14.49814749,43150,86,,0.7390510949,2101.890511,122.5,7128,7
59,0,rolling,356,548,19.21385384,1000,9,,0.848540146,3109.908759,889.5,7128,7
59,0,static,357,406,14.49814749,46996,87,,0.7487684729,1425.800493,82.5,7126.5,0
59,0,rolling,357,406,22.8403616,1000,2,,0.9310344828,3623.70936,3920,7128,0
59,0,static,357,406,14.49814749,46448,87,,0.7487684729,1425.800493,82.5,7126.5,1
59,0,rolling,357,406,23.85264063,1000,4,,0.9359605911,3876.497537,5291.5,7128,1
59,0,static,357,406,14.49814749,45632,87,,0.7487684729,1425.800493,82.5,7126.5,3
59,0,rolling,357,406,22.59696519,1000,6,,0.9310344828,3560.066502,3547,7128,3
59,0,static,357,406,14.49814749,43750,87,,0.7487684729,1425.800493,82.5,7126.5,7
59,0,rolling,357,406,21.69722724,1000,9,,0.9088669951,3275.179803,1422.5,7128,7
59,0,static,358,300,14.49814749,47402,88,,0.7533333333,1535.81,68.5,7128,0
59,0,rolling,358,300,22.0409584,1000,3,,0.8833333333,3025.273333,801,7128,0
59,0,static,358,300,14.49814749,46996,88,,0.7533333333,1535.81,68.5,7128,1
59,0,rolling,358,300,22.8403616,1000,3,,0.89,3206.886667,1206,7128,1
59,0,static,358,300,14.49814749,45870,88,,0.7533333333,1535.81,68.5,7128,3
59,0,rolling,358,300,23.53944206,1000,7,,0.9,3385.126667,1600,7128,3
59,0,static,358,300,14.49814749,44406,88,,0.7533333333,1535.81,68.5,7128,7
59,0,rolling,358,300,21.76467705,1000,9,,0.88,2954.786667,680,7128,7
59,0,static,359,330,14.49814749,47702,89,,0.8363636364,2497.827273,240,7128,0
59,0,rolling,359,330,22.07195526,1000,3,,0.9545454545,4457.366667,7067.5,7128,0
59,0,static,359,330,14.49814749,47402,89,,0.8363636364,2497.827273,240,7128,1
59,0,rolling,359,330,22.0409584,1000,4,,0.9545454545,4452.266667,7064.5,7128,1
59,0,static,359,330,14.49814749,46448,89,,0.8363636364,2497.827273,240,7128,3
59,0,rolling,359,330,23.85264063,1000,6,,0.9575757576,4737.936364,7122.5,7128,3
59,0,static,359,330,14.49814749,44928,89,,0.8363636364,2497.827273,240,7128,7
59,0,rolling,359,330,22.1620034,1000,9,,0.9545454545,4474.451515,7073.5,7128,7
59,0,static,360,228,14.49814749,48032,90,,0.7719298246,1604.899123,78,7128,0
59,0,rolling,360,228,20.2830869,1000,3,,0.899122807,2959.513158,699.5,7128,0
59,0,static,360,228,14.49814749,47702,90,,0.7719298246,1604.899123,78,7128,1
59,0,rolling,360,228,22.07195526,1000,4,,0.9122807018,3403.232456,1498,7128,1
59,0,static,360,228,14.49814749,46996,90,,0.7719298246,1604.899123,78,7128,3
59,0,rolling,360,228,22.8403616,1000,5,,0.9298245614,3601.442982,2994,7128,3
59,0,static,360,228,14.49814749,45390,90,,0.7719298246,1604.899123,78,7128,7
59,0,rolling,360,228,22.335706,1000,10,,0.9210526316,3477.280702,1670,7128,7
59,0,static,361,246,14.49814749,48260,91,,0.7479674797,1515.308943,46,7128,0
59,0,rolling,361,246,21.17475605,1000,4,,0.8861788618,2845.268293,616,7128,0
59,0,static,361,246,14.49814749,48032,91,,0.7479674797,1515.308943,46,7128,1
59,0,rolling,361,246,20.2830869,1000,4,,0.8739837398,2644.101626,423,7128,1
59,0,static,361,246,14.49814749,47402,91,,0.7479674797,1515.308943,46,7128,3
59,0,rolling,361,246,22.0409584,1000,6,,0.8983739837,3098.601626,849,7128,3
59,0,static,361,246,14.49814749,45632,91,,0.7479674797,1515.308943,46,7128,7
59,0,rolling,361,246,22.59696519,1000,10,,0.8983739837,3212.154472,1001,7128,7
59,0,static,362,620,14.49814749,48506,92,,0.7580645161,1515.396774,62.5,7128,0
59,0,rolling,362,620,20.19353676,1000,4,,0.8612903226,2642.966129,419.5,7128,0
59,0,static,362,620,14.49814749,48260,92,,0.7580645161,1515.396774,62.5,7128,1
59,0,rolling,362,620,21.17475605,1000,5,,0.8725806452,2912.314516,620.5,7128,1
59,0,static,362,620,14.49814749,47702,92,,0.7580645161,1515.396774,62.5,7128,3
59,0,rolling,362,620,22.07195526,1000,6,,0.8806451613,3151.093548,893,7128,3
59,0,static,362,620,14.49814749,45870,92,,0.7580645161,1515.396774,62.5,7128,7
59,0,rolling,362,620,23.53944206,1000,11,,0.8983870968,3488.201613,1832.5,7128,7
59,0,static,363,386,14.49814749,49126,93,,0.7875647668,1727.642487,65,7128,0
59,0,rolling,363,386,22.75927734,1000,3,,0.9196891192,3409.124352,1800,7128,0
59,0,static,363,386,14.49814749,48506,93,,0.7875647668,1727.642487,65,7128,1
59,0,rolling,363,386,20.19353676,1000,5,,0.8678756477,2782.702073,450.5,7128,1
59,0,static,363,386,14.49814749,48032,93,,0.7875647668,1727.642487,65,7128,3
59,0,rolling,363,386,20.2830869,1000,6,,0.8730569948,2804.23057,473.5,7128,3
59,0,static,363,386,14.49814749,46448,93,,0.7875647668,1727.642487,65,7128,7
59,0,rolling,363,386,23.85264063,1000,10,,0.9300518135,3701.849741,4585,7128,7
59,0,static,364,354,14.49814749,49512,94,,0.7429378531,1517.79096,62,7128,0
59,0,rolling,364,354,22.52404447,1000,2,,0.9039548023,3397.40113,1909.5,7128,0
59,0,static,364,354,14.49814749,49126,94,,0.7429378531,1517.79096,62,7128,1
59,0,rolling,364,354,22.75927734,1000,4,,0.9039548023,3465.40113,2135,7128,1
59,0,static,364,354,14.49814749,48260,94,,0.7429378531,1517.79096,62,7128,3
59,0,rolling,364,354,21.17475605,1000,7,,0.8785310734,3004.542373,883.5,7128,3
59,0,static,364,354,14.49814749,46996,94,,0.7429378531,1517.79096,62,7128,7
59,0,rolling,364,354,22.8403616,1000,9,,0.9039548023,3488.053672,2402,7128,7
59,0.1,static,292,730,13.89756203,11270,22,,0.8547945205,3148.646575,904,7128,0
59,0.1,rolling,292,730,14.59203924,1000,3,,0.8739726027,3411.367123,1535,7128,0
59,0.1,static,292,730,13.89756203,11270,22,,0.8547945205,3148.646575,904,7128,1
59,0.1,rolling,292,730,14.59203924,1000,3,,0.8739726027,3411.367123,1535,7128,1
59,0.1,static,292,730,13.89756203,11270,22,,0.8547945205,3148.646575,904,7128,3
59,0.1,rolling,292,730,14.59203924,1000,3,,0.8739726027,3411.367123,1535,7128,3
59,0.1,static,292,730,13.89756203,11270,22,,0.8547945205,3148.646575,904,7128,7
59,0.1,rolling,292,730,14.59203924,1000,3,,0.8739726027,3411.367123,1535,7128,7
59,0.1,static,293,658,13.89756203,12000,23,,0.9012158055,3400.606383,1629.5,7128,0
59,0.1,rolling,293,658,15.36805248,1000,2,,0.9285714286,3909.93465,5630,7128,0
59,0.1,static,293,658,13.89756203,11270,23,,0.9012158055,3400.606383,1629.5,7128,1
59,0.1,rolling,293,658,14.59203924,1000,4,,0.9194528875,3649.348024,4171.5,7128,1
59,0.1,static,293,658,13.89756203,11270,23,,0.9012158055,3400.606383,1629.5,7128,3
59,0.1,rolling,293,658,14.59203924,1000,4,,0.9194528875,3649.348024,4171.5,7128,3
59,0.1,static,293,658,13.89756203,11270,23,,0.9012158055,3400.606383,1629.5,7128,7
59,0.1,rolling,293,658,14.59203924,1000,4,,0.9194528875,3649.348024,4171.5,7128,7
59,0.1,static,294,618,13.89756203,12658,24,,0.859223301,3132.514563,740.5,7128,0
59,0.1,rolling,294,618,15.01759458,1000,2,,0.8948220065,3528.263754,1764.5,7128,0
59,0.1,static,294,618,13.89756203,12000,24,,0.859223301,3132.514563,740.5,7128,1
59,0.1,rolling,294,618,15.36805248,1000,3,,0.9061488673,3627.532362,3088,7128,1
59,0.1,static,294,618,13.89756203,11270,24,,0.859223301,3132.514563,740.5,7128,3
59,0.1,rolling,294,618,14.59203924,1000,5,,0.8834951456,3403.962783,1228,7128,3
59,0.1,static,294,618,13.89756203,11270,24,,0.859223301,3132.514563,740.5,7128,7
59,0.1,rolling,294,618,14.59203924,1000,5,,0.8834951456,3403.962783,1228,7128,7
59,0.1,static,295,666,13.89756203,13276,25,,0.8528528529,2988.504505,849,7128,0
59,0.1,rolling,295,666,14.88711405,1000,2,,0.8858858859,3434.114114,1780.5,7128,0
59,0.1,static,295,666,13.89756203,12658,25,,0.8528528529,2988.504505,849,7128,1
59,0.1,rolling,295,666,15.01759458,1000,3,,0.8933933934,3485.381381,1959.5,7128,1
59,0.1,static,295,666,13.89756203,11270,25,,0.8528528529,2988.504505,849,7128,3
59,0.1,rolling,295,666,14.59203924,1000,6,,0.8753753754,3302.103604,1436,7128,3
59,0.1,static,295,666,13.89756203,11270,25,,0.8528528529,2988.504505,849,7128,7
59,0.1,rolling,295,666,14.59203924,1000,6,,0.8753753754,3302.103604,1436,7128,7
59,0.1,static,296,516,13.89756203,13942,26,,0.8488372093,3043.885659,801.5,7128,0
59,0.1,rolling,296,516,15.36314297,1000,2,,0.8992248062,3608.784884,2229.5,7128,0
59,0.1,static,296,516,13.89756203,13276,26,,0.8488372093,3043.885659,801.5,7128,1
59,0.1,rolling,296,516,14.88711405,1000,3,,0.8817829457,3451.255814,1644,7128,1
59,0.1,static,296,516,13.89756203,12000,26,,0.8488372093,3043.885659,801.5,7128,3
59,0.1,rolling,296,516,15.36805248,1000,5,,0.8992248062,3610.244186,2235.5,7128,3
59,0.1,static,296,516,13.89756203,11270,26,,0.8488372093,3043.885659,801.5,7128,7
59,0.1,rolling,296,516,14.59203924,1000,7,,0.8759689922,3336.116279,1334.5,7128,7
59,0.1,static,297,292,13.89756203,14458,27,,0.845890411,2433.825342,402.5,7128,0
59,0.1,rolling,297,292,15.27452087,1000,2,,0.8835616438,2911.763699,782,7128,0
59,0.1,static,297,292,13.89756203,13942,27,,0.845890411,2433.825342,402.5,7128,1
59,0.1,rolling,297,292,15.36314297,1000,3,,0.8904109589,2953.263699,812,7128,1
59,0.1,static,297,292,13.89756203,12658,27,,0.845890411,2433.825342,402.5,7128,3
59,0.1,rolling,297,292,15.01759458,1000,5,,0.8767123288,2835.164384,701.5,7128,3
59,0.1,static,297,292,13.89756203,11270,27,,0.845890411,2433.825342,402.5,7128,7
59,0.1,rolling,297,292,14.59203924,1000,8,,0.8664383562,2669.613014,554,7128,7
59,0.1,static,298,252,13.89756203,14750,28,,0.880952381,2770.59127,440,7128,0
59,0.1,rolling,298,252,15.7186985,1000,3,,0.9206349206,3529.845238,3331,7128,0
59,0.1,static,298,252,13.89756203,14458,28,,0.880952381,2770.59127,440,7128,1
59,0.1,rolling,298,252,15.27452087,1000,3,,0.9047619048,3348.170635,1453.5,7128,1
59,0.1,static,298,252,13.89756203,13276,28,,0.880952381,2770.59127,440,7128,3
59,0.1,rolling,298,252,14.88711405,1000,5,,0.8928571429,3190.02381,877.5,7128,3
59,0.1,static,298,252,13.89756203,11270,28,,0.880952381,2770.59127,440,7128,7
59,0.1,rolling,298,252,14.59203924,1000,9,,0.8849206349,3051.194444,680,7128,7
59,0.1,static,299,702,13.89756203,15002,29,,0.8760683761,2895.139601,608.5,7128,0
59,0.1,rolling,299,702,15.30970955,1000,3,,0.9031339031,3437.360399,1474.5,7128,0
59,0.1,static,299,702,13.89756203,14750,29,,0.8760683761,2895.139601,608.5,7128,1
59,0.1,rolling,299,702,15.7186985,1000,4,,0.9074074074,3555.648148,1998,7128,1
59,0.1,static,299,702,13.89756203,13942,29,,0.8760683761,2895.139601,608.5,7128,3
59,0.1,rolling,299,702,15.36314297,1000,5,,0.9031339031,3452.230769,1534.5,7128,3
59,0.1,static,299,702,13.89756203,11270,29,,0.8760683761,2895.139601,608.5,7128,7
59,0.1,rolling,299,702,14.59203924,1000,10,,0.8945868946,3177.24359,941,7128,7
59,0.1,static,300,664,13.89756203,15704,30,,0.8343373494,2876.938253,578,7128,0
59,0.1,rolling,300,664,15.24629319,1000,3,,0.8975903614,3421.283133,1655.5,7128,0
59,0.1,static,300,664,13.89756203,15002,30,,0.8343373494,2876.938253,578,7128,1
59,0.1,rolling,300,664,15.30970955,1000,4,,0.9006024096,3445.856928,1738,7128,1
59,0.1,static,300,664,13.89756203,14458,30,,0.8343373494,2876.938253,578,7128,3
59,0.1,rolling,300,664,15.27452087,1000,5,,0.9006024096,3431.590361,1690.5,7128,3
59,0.1,static,300,664,13.89756203,12000,30,,0.8343373494,2876.938253,578,7128,7
59,0.1,rolling,300,664,15.36805248,1000,9,,0.9006024096,3468.615964,1837.5,7128,7
59,0.1,static,301,616,13.89756203,16368,31,,0.8717532468,3315.480519,1485.5,7128,0
59,0.1,rolling,301,616,15.48924613,1000,2,,0.9107142857,3871.688312,5564,7128,0
59,0.1,static,301,616,13.89756203,15704,31,,0.8717532468,3315.480519,1485.5,7128,1
59,0.1,rolling,301,616,15.24629319,1000,4,,0.9074675325,3801.25,5109,7128,1
59,0.1,static,301,616,13.89756203,14750,31,,0.8717532468,3315.480519,1485.5,7128,3
59,0.1,rolling,301,616,15.7186985,1000,6,,0.9155844156,3941.11039,6025.5,7128,3
59,0.1,static,301,616,13.89756203,12658,31,,0.8717532468,3315.480519,1485.5,7128,7
59,0.1,rolling,301,616,15.01759458,1000,9,,0.9042207792,3725.474026,4689.5,7128,7
59,0.1,static,302,570,13.89756203,16984,32,,0.8333333333,2837.114035,424,7128,0
59,0.1,rolling,302,570,15.26981311,1000,2,,0.8666666667,3240.101754,932.5,7128,0
59,0.1,static,302,570,13.89756203,16368,32,,0.8333333333,2837.114035,424,7128,1
59,0.1,rolling,302,570,15.48924613,1000,3,,0.8701754386,3321.636842,1108,7128,1
59,0.1,static,302,570,13.89756203,15002,32,,0.8333333333,2837.114035,424,7128,3
59,0.1,rolling,302,570,15.30970955,1000,6,,0.8666666667,3250.666667,959,7128,3
59,0.1,static,302,570,13.89756203,13276,32,,0.8333333333,2837.114035,424,7128,7
59,0.1,rolling,302,570,14.88711405,1000,9,,0.8631578947,3114.635088,736.5,7128,7
59,0.1,static,303,542,13.89756203,17554,33,,0.8782287823,2889.916974,682,7128,0
59,0.1,rolling,303,542,16.33044744,1000,2,,0.9188191882,3808.46679,4876,7128,0
59,0.1,static,303,542,13.89756203,16984,33,,0.8782287823,2889.916974,682,7128,1
59,0.1,rolling,303,542,15.26981311,1000,3,,0.9040590406,3430.878229,1706,7128,1
59,0.1,static,303,542,13.89756203,15704,33,,0.8782287823,2889.916974,682,7128,3
59,0.1,rolling,303,542,15.24629319,1000,6,,0.9040590406,3423.695572,1681.5,7128,3
59,0.1,static,303,542,13.89756203,13942,33,,0.8782287823,2889.916974,682,7128,7
59,0.1,rolling,303,542,15.36314297,1000,9,,0.9077490775,3462.48155,1814.5,7128,7
59,0.1,static,304,328,13.89756203,18096,34,,0.8262195122,2674.003049,551.5,7128,0
59,0.1,rolling,304,328,15.59586421,1000,2,,0.875,3376.5,1605.5,7128,0
59,0.1,static,304,328,13.89756203,17554,34,,0.8262195122,2674.003049,551.5,7128,1
59,0.1,rolling,304,328,16.33044744,1000,3,,0.881097561,3658.70122,4094.5,7128,1
59,0.1,static,304,328,13.89756203,16368,34,,0.8262195122,2674.003049,551.5,7128,3
59,0.1,rolling,304,328,15.48924613,1000,5,,0.875,3334.621951,1495,7128,3
59,0.1,static,304,328,13.89756203,14458,34,,0.8262195122,2674.003049,551.5,7128,7
59,0.1,rolling,304,328,15.27452087,1000,9,,0.868902439,3249.579268,1319,7128,7
59,0.1,static,305,328,13.89756203,18424,35,,0.8780487805,2370.862805,359.5,7128,0
59,0.1,rolling,305,328,16.23630185,1000,3,,0.9359756098,3303.164634,1396.5,7128,0
59,0.1,static,305,328,13.89756203,18096,35,,0.8780487805,2370.862805,359.5,7128,1
59,0.1,rolling,305,328,15.59586421,1000,3,,0.9237804878,3053.960366,952,7128,1
59,0.1,static,305,328,13.89756203,16984,35,,0.8780487805,2370.862805,359.5,7128,3
59,0.1,rolling,305,328,15.26981311,1000,5,,0.9176829268,2924.204268,789.5,7128,3
59,0.1,static,305,328,13.89756203,14750,35,,0.8780487805,2370.862805,359.5,7128,7
59,0.1,rolling,305,328,15.7186985,1000,10,,0.9268292683,3098.414634,1013,7128,7
59,0.1,static,306,582,13.89756203,18752,36,,0.85395189,2670.486254,385.5,7128,0
59,0.1,rolling,306,582,15.35815483,1000,3,,0.8986254296,3168.02921,1128,7128,0
59,0.1,static,306,582,13.89756203,18424,36,,0.85395189,2670.486254,385.5,7128,1
59,0.1,rolling,306,582,16.23630185,1000,4,,0.910652921,3463.749141,2077,7128,1
59,0.1,static,306,582,13.89756203,17554,36,,0.85395189,2670.486254,385.5,7128,3
59,0.1,rolling,306,582,16.33044744,1000,5,,0.910652921,3503.151203,2252,7128,3
59,0.1,static,306,582,13.89756203,15002,36,,0.85395189,2670.486254,385.5,7128,7
59,0.1,rolling,306,582,15.30970955,1000,10,,0.8951890034,3150.838488,1083,7128,7
59,0.1,static,307,588,13.89756203,19334,37,,0.8486394558,2861.986395,470,7128,0
59,0.1,rolling,307,588,15.3121748,1000,3,,0.8945578231,3363.942177,1355,7128,0
59,0.1,static,307,588,13.89756203,18752,37,,0.8486394558,2861.986395,470,7128,1
59,0.1,rolling,307,588,15.35815483,1000,4,,0.8962585034,3379.035714,1399,7128,1
59,0.1,static,307,588,13.89756203,18096,37,,0.8486394558,2861.986395,470,7128,3
59,0.1,rolling,307,588,15.59586421,1000,5,,0.8996598639,3470.263605,1725.5,7128,3
59,0.1,static,307,588,13.89756203,15704,37,,0.8486394558,2861.986395,470,7128,7
59,0.1,rolling,307,588,15.24629319,1000,10,,0.8928571429,3338.19898,1281.5,7128,7
59,0.1,static,308,562,13.89756203,19922,38,,0.8540925267,3009.13879,480,7128,0
59,0.1,rolling,308,562,15.57859612,1000,2,,0.8879003559,3484.418149,1544,7128,0
59,0.1,static,308,562,13.89756203,19334,38,,0.8540925267,3009.13879,480,7128,1
59,0.1,rolling,308,562,15.3121748,1000,4,,0.8807829181,3404.578292,1278.5,7128,1
59,0.1,static,308,562,13.89756203,18424,38,,0.8540925267,3009.13879,480,7128,3
59,0.1,rolling,308,562,16.23630185,1000,6,,0.8950177936,3681.241993,4007,7128,3
59,0.1,static,308,562,13.89756203,16368,38,,0.8540925267,3009.13879,480,7128,7
59,0.1,rolling,308,562,15.48924613,1000,9,,0.884341637,3455.144128,1446.5,7128,7
59,0.1,static,309,626,13.89756203,20484,39,,0.8322683706,2893.111821,482.5,7128,0
59,0.1,rolling,309,626,15.80666637,1000,2,,0.8769968051,3550.651757,2139,7128,0
59,0.1,static,309,626,13.89756203,19922,39,,0.8322683706,2893.111821,482.5,7128,1
59,0.1,rolling,309,626,15.57859612,1000,3,,0.8738019169,3459.255591,1831,7128,1
59,0.1,static,309,626,13.89756203,18752,39,,0.8322683706,2893.111821,482.5,7128,3
59,0.1,rolling,309,626,15.35815483,1000,6,,0.8658146965,3377.353035,1540,7128,3
59,0.1,static,309,626,13.89756203,16984,39,,0.8322683706,2893.111821,482.5,7128,7
59,0.1,rolling,309,626,15.26981311,1000,9,,0.8626198083,3345.138978,1448,7128,7
59,0.1,static,310,620,13.89756203,21110,40,,0.9096774194,2352.15,316.5,7128,0
59,0.1,rolling,310,620,16.75771978,1000,2,,0.9564516129,3317.243548,1350,7128,0
59,0.1,static,310,620,13.89756203,20484,40,,0.9096774194,2352.15,316.5,7128,1
59,0.1,rolling,310,620,15.80666637,1000,3,,0.9483870968,2955.304839,747,7128,1
59,0.1,static,310,620,13.89756203,19334,40,,0.9096774194,2352.15,316.5,7128,3
59,0.1,rolling,310,620,15.3121748,1000,6,,0.9403225806,2786.829032,569.5,7128,3
59,0.1,static,310,620,13.89756203,17554,40,,0.9096774194,2352.15,316.5,7128,7
59,0.1,rolling,310,620,16.33044744,1000,9,,0.9532258065,3152.177419,1034.5,7128,7
59,0.1,static,311,438,13.89756203,21730,41,,0.8675799087,2048.299087,224,7128,0
59,0.1,rolling,311,438,14.81453705,1000,2,,0.8789954338,2289.947489,356.5,7128,0
59,0.1,static,311,438,13.89756203,21110,41,,0.8675799087,2048.299087,224,7128,1
59,0.1,rolling,311,438,16.75771978,1000,3,,0.9200913242,2909.200913,765,7128,1
59,0.1,static,311,438,13.89756203,19922,41,,0.8675799087,2048.299087,224,7128,3
59,0.1,rolling,311,438,15.57859612,1000,5,,0.901826484,2527.593607,491.5,7128,3
59,0.1,static,311,438,13.89756203,18096,41,,0.8675799087,2048.299087,224,7128,7
59,0.1,rolling,311,438,15.59586421,1000,9,,0.901826484,2533.926941,494,7128,7
59,0.1,static,312,460,13.89756203,22168,42,,0.852173913,1977.567391,218.5,7128,0
59,0.1,rolling,312,460,14.26710624,1000,2,,0.8565217391,2114.776087,258.5,7128,0
59,0.1,static,312,460,13.89756203,21730,42,,0.852173913,1977.567391,218.5,7128,1
59,0.1,rolling,312,460,14.81453705,1000,3,,0.8695652174,2326.321739,360,7128,1
59,0.1,static,312,460,13.89756203,20484,42,,0.852173913,1977.567391,218.5,7128,3
59,0.1,rolling,312,460,15.80666637,1000,5,,0.8847826087,2698.786957,549.5,7128,3
59,0.1,static,312,460,13.89756203,18424,42,,0.852173913,1977.567391,218.5,7128,7
59,0.1,rolling,312,460,16.23630185,1000,10,,0.897826087,2845.723913,668,7128,7
59,0.1,static,313,794,13.89756203,22628,43,,0.8425692695,2186.61461,198,7128,0
59,0.1,rolling,313,794,15.66491199,1000,3,,0.8853904282,2706.493703,505,7128,0
59,0.1,static,313,794,13.89756203,22168,43,,0.8425692695,2186.61461,198,7128,1
59,0.1,rolling,313,794,14.26710624,1000,3,,0.8589420655,2293.838791,235.5,7128,1
59,0.1,static,313,794,13.89756203,21110,43,,0.8425692695,2186.61461,198,7128,3
59,0.1,rolling,313,794,16.75771978,1000,5,,0.9055415617,3064.79471,848,7128,3
59,0.1,static,313,794,13.89756203,18752,43,,0.8425692695,2186.61461,198,7128,7
59,0.1,rolling,313,794,15.35815483,1000,10,,0.879093199,2612.520151,445,7128,7
59,0.1,static,314,678,13.89756203,23422,44,,0.8643067847,2370.610619,253.5,7128,0
59,0.1,rolling,314,678,16.60529709,1000,2,,0.912979351,3262.123894,1053,7128,0
59,0.1,static,314,678,13.89756203,22628,44,,0.8643067847,2370.610619,253.5,7128,1
59,0.1,rolling,314,678,15.66491199,1000,4,,0.8938053097,2972.545723,623,7128,1
59,0.1,static,314,678,13.89756203,21730,44,,0.8643067847,2370.610619,253.5,7128,3
59,0.1,rolling,314,678,14.81453705,1000,5,,0.8805309735,2688.668142,396,7128,3
59,0.1,static,314,678,13.89756203,19334,44,,0.8643067847,2370.610619,253.5,7128,7
59,0.1,rolling,314,678,15.3121748,1000,10,,0.8864306785,2858.097345,502,7128,7
59,0.1,static,315,774,13.89756203,24100,45,,0.8514211886,2211.953488,237,7128,0
59,0.1,rolling,315,774,16.24150085,1000,2,,0.8940568475,3033.839793,856,7128,0
59,0.1,static,315,774,13.89756203,23422,45,,0.8514211886,2211.953488,237,7128,1
59,0.1,rolling,315,774,16.60529709,1000,3,,0.9043927649,3172.282946,1054.5,7128,1
59,0.1,static,315,774,13.89756203,22168,45,,0.8514211886,2211.953488,237,7128,3
59,0.1,rolling,315,774,14.26710624,1000,5,,0.857881137,2323.847545,286,7128,3
59,0.1,static,315,774,13.89756203,19922,45,,0.8514211886,2211.953488,237,7128,7
59,0.1,rolling,315,774,15.57859612,1000,9,,0.8837209302,2809.177003,619.5,7128,7
59,0.1,static,316,758,13.89756203,24874,46,,0.8522427441,2363.441953,335,7128,0
59,0.1,rolling,316,758,17.23495309,1000,2,,0.9221635884,3636.617414,4198.5,7128,0
59,0.1,static,316,758,13.89756203,24100,46,,0.8522427441,2363.441953,335,7128,1
59,0.1,rolling,316,758,16.24150085,1000,3,,0.907651715,3253.096306,1456.5,7128,1
59,0.1,static,316,758,13.89756203,22628,46,,0.8522427441,2363.441953,335,7128,3
59,0.1,rolling,316,758,15.66491199,1000,6,,0.9023746702,2994.940633,942,7128,3
59,0.1,static,316,758,13.89756203,20484,46,,0.8522427441,2363.441953,335,7128,7
59,0.1,rolling,316,758,15.80666637,1000,9,,0.9050131926,3056.402375,1050,7128,7
59,0.1,static,317,630,13.89756203,25632,47,,0.8333333333,2012.690476,213,7128,0
59,0.1,rolling,317,630,16.07640945,1000,2,,0.8777777778,2750.147619,652.5,7128,0
59,0.1,static,317,630,13.89756203,24874,47,,0.8333333333,2012.690476,213,7128,1
59,0.1,rolling,317,630,17.23495309,1000,3,,0.9095238095,3171.933333,1297.5,7128,1
59,0.1,static,317,630,13.89756203,23422,47,,0.8333333333,2012.690476,213,7128,3
59,0.1,rolling,317,630,16.60529709,1000,5,,0.8968253968,2949.190476,863,7128,3
59,0.1,static,317,630,13.89756203,21110,47,,0.8333333333,2012.690476,213,7128,7
59,0.1,rolling,317,630,16.75771978,1000,9,,0.9,3005.430159,971,7128,7
59,0.1,static,318,342,13.89756203,26262,48,,0.8274853801,2016.099415,173,7128,0
59,0.1,rolling,318,342,16.71690941,1000,2,,0.8947368421,2810.891813,647.5,7128,0
59,0.1,static,318,342,13.89756203,25632,48,,0.8274853801,2016.099415,173,7128,1
59,0.1,rolling,318,342,16.07640945,1000,3,,0.8859649123,2633.950292,504.5,7128,1
59,0.1,static,318,342,13.89756203,24100,48,,0.8274853801,2016.099415,173,7128,3
59,0.1,rolling,318,342,16.24150085,1000,5,,0.8888888889,2674.804094,531,7128,3
59,0.1,static,318,342,13.89756203,21730,48,,0.8274853801,2016.099415,173,7128,7
59,0.1,rolling,318,342,14.81453705,1000,9,,0.850877193,2279.01462,267,7128,7
59,0.1,static,319,324,13.89756203,26604,49,,0.8302469136,2119.805556,251.5,7128,0
59,0.1,rolling,319,324,16.8501513,1000,3,,0.9197530864,3205.160494,1308.5,7128,0
59,0.1,static,319,324,13.89756203,26262,49,,0.8302469136,2119.805556,251.5,7128,1
59,0.1,rolling,319,324,16.71690941,1000,3,,0.9166666667,3144.666667,1151,7128,1
59,0.1,static,319,324,13.89756203,24874,49,,0.8302469136,2119.805556,251.5,7128,3
59,0.1,rolling,319,324,17.23495309,1000,5,,0.9259259259,3364.533951,1752,7128,3
59,0.1,static,319,324,13.89756203,22168,49,,0.8302469136,2119.805556,251.5,7128,7
59,0.1,rolling,319,324,14.26710624,1000,9,,0.8333333333,2223.533951,312,7128,7
59,0.1,static,320,736,13.89756203,26928,50,,0.8355978261,2617.504076,280,7128,0
59,0.1,rolling,320,736,16.79641294,1000,3,,0.9035326087,3497.235054,2083,7128,0
59,0.1,static,320,736,13.89756203,26604,50,,0.8355978261,2617.504076,280,7128,1
59,0.1,rolling,320,736,16.8501513,1000,4,,0.9035326087,3518.012228,2179,7128,1
59,0.1,static,320,736,13.89756203,25632,50,,0.8355978261,2617.504076,280,7128,3
59,0.1,rolling,320,736,16.07640945,1000,5,,0.8899456522,3244.880435,1205.5,7128,3
59,0.1,static,320,736,13.89756203,22628,50,,0.8355978261,2617.504076,280,7128,7
59,0.1,rolling,320,736,15.66491199,1000,10,,0.8831521739,3139.501359,852,7128,7
59,0.1,static,321,680,13.89756203,27664,51,,0.8382352941,2417.197059,275,7128,0
59,0.1,rolling,321,680,16.41865134,1000,2,,0.8867647059,3331.364706,1401,7128,0
59,0.1,static,321,680,13.89756203,26928,51,,0.8382352941,2417.197059,275,7128,1
59,0.1,rolling,321,680,16.79641294,1000,4,,0.8955882353,3464.808824,1839,7128,1
59,0.1,static,321,680,13.89756203,26262,51,,0.8382352941,2417.197059,275,7128,3
59,0.1,rolling,321,680,16.71690941,1000,5,,0.8941176471,3441.111765,1733.5,7128,3
59,0.1,static,321,680,13.89756203,23422,51,,0.8382352941,2417.197059,275,7128,7
59,0.1,rolling,321,680,16.60529709,1000,9,,0.8897058824,3403.454412,1581.5,7128,7
59,0.1,static,322,668,13.89756203,28344,52,,0.8473053892,2585.245509,283.5,7128,0
59,0.1,rolling,322,668,17.82049322,1000,2,,0.9296407186,3864.761976,5491.5,7128,0
59,0.1,static,322,668,13.89756203,27664,52,,0.8473053892,2585.245509,283.5,7128,1
59,0.1,rolling,322,668,16.41865134,1000,3,,0.9086826347,3393.29491,1498.5,7128,1
59,0.1,static,322,668,13.89756203,26604,52,,0.8473053892,2585.245509,283.5,7128,3
59,0.1,rolling,322,668,16.8501513,1000,6,,0.9131736527,3543.462575,2062,7128,3
59,0.1,static,322,668,13.89756203,24100,52,,0.8473053892,2585.245509,283.5,7128,7
59,0.1,rolling,322,668,16.24150085,1000,9,,0.9086826347,3339.687126,1270,7128,7
59,0.1,static,323,668,13.89756203,29012,53,,0.7934131737,2305.640719,270,7128,0
59,0.1,rolling,323,668,16.6461544,1000,2,,0.8877245509,3293.182635,1331,7128,0
59,0.1,static,323,668,13.89756203,28344,53,,0.7934131737,2305.640719,270,7128,1
59,0.1,rolling,323,668,17.82049322,1000,3,,0.9101796407,3729.356287,4024,7128,1
59,0.1,static,323,668,13.89756203,26928,53,,0.7934131737,2305.640719,270,7128,3
59,0.1,rolling,323,668,16.79641294,1000,6,,0.8907185629,3350.312874,1483,7128,3
59,0.1,static,323,668,13.89756203,24874,53,,0.7934131737,2305.640719,270,7128,7
59,0.1,rolling,323,668,17.23495309,1000,9,,0.9011976048,3515.184132,1861.5,7128,7
59,0.1,static,324,796,13.89756203,29680,54,,0.7927135678,2173.629397,229.5,7128,0
59,0.1,rolling,324,796,17.03198016,1000,2,,0.8693467337,3207.971106,1112,7128,0
59,0.1,static,324,796,13.89756203,29012,54,,0.7927135678,2173.629397,229.5,7128,1
59,0.1,rolling,324,796,16.6461544,1000,3,,0.8618090452,3094.364322,908.5,7128,1
59,0.1,static,324,796,13.89756203,27664,54,,0.7927135678,2173.629397,229.5,7128,3
59,0.1,rolling,324,796,16.41865134,1000,5,,0.858040201,3027.003769,816.5,7128,3
59,0.1,static,324,796,13.89756203,25632,54,,0.7927135678,2173.629397,229.5,7128,7
59,0.1,rolling,324,796,16.07640945,1000,9,,0.8542713568,2910.584171,673,7128,7
59,0.1,static,325,398,13.89756203,30476,55,,0.7512562814,2274.077889,168,7128,0
59,0.1,rolling,325,398,17.85042,1000,2,,0.8718592965,3262.801508,832,7128,0
59,0.1,static,325,398,13.89756203,29680,55,,0.7512562814,2274.077889,168,7128,1
59,0.1,rolling,325,398,17.03198016,1000,3,,0.8467336683,3078.746231,590.5,7128,1
59,0.1,static,325,398,13.89756203,28344,55,,0.7512562814,2274.077889,168,7128,3
59,0.1,rolling,325,398,17.82049322,1000,5,,0.8718592965,3257.449749,822,7128,3
59,0.1,static,325,398,13.89756203,26262,55,,0.7512562814,2274.077889,168,7128,7
59,0.1,rolling,325,398,16.71690941,1000,9,,0.8366834171,3012.665829,518,7128,7
59,0.1,static,326,422,13.89756203,30874,56,,0.7867298578,1763.353081,93,7128,0
59,0.1,rolling,326,422,18.4648838,1000,2,,0.8981042654,2761.739336,546.5,7128,0
59,0.1,static,326,422,13.89756203,30476,56,,0.7867298578,1763.353081,93,7128,1
59,0.1,rolling,326,422,17.85042,1000,3,,0.8886255924,2605.409953,418.5,7128,1
59,0.1,static,326,422,13.89756203,29012,56,,0.7867298578,1763.353081,93,7128,3
59,0.1,rolling,326,422,16.6461544,1000,5,,0.8744075829,2316.796209,249,7128,3
59,0.1,static,326,422,13.89756203,26604,56,,0.7867298578,1763.353081,93,7128,7
59,0.1,rolling,326,422,16.8501513,1000,10,,0.8815165877,2356.578199,289,7128,7
59,0.1,static,327,738,13.89756203,31296,57,,0.7940379404,2288.383469,190,7128,0
59,0.1,rolling,327,738,18.94376594,1000,3,,0.9037940379,3653.792683,3788,7128,0
59,0.1,static,327,738,13.89756203,30874,57,,0.7940379404,2288.383469,190,7128,1
59,0.1,rolling,327,738,18.4648838,1000,3,,0.8956639566,3517.157182,1877,7128,1
59,0.1,static,327,738,13.89756203,29680,57,,0.7940379404,2288.383469,190,7128,3
59,0.1,rolling,327,738,17.03198016,1000,5,,0.879403794,3106.689702,776,7128,3
59,0.1,static,327,738,13.89756203,26928,57,,0.7940379404,2288.383469,190,7128,7
59,0.1,rolling,327,738,16.79641294,1000,10,,0.8766937669,3049.216802,692.5,7128,7
59,0.1,static,328,600,13.89756203,32034,58,,0.8183333333,2456.876667,240,7128,0
59,0.1,rolling,328,600,18.81702614,1000,2,,0.9416666667,3910.036667,5753,7128,0
59,0.1,static,328,600,13.89756203,31296,58,,0.8183333333,2456.876667,240,7128,1
59,0.1,rolling,328,600,18.94376594,1000,4,,0.9466666667,3952.883333,5893,7128,1
59,0.1,static,328,600,13.89756203,30476,58,,0.8183333333,2456.876667,240,7128,3
59,0.1,rolling,328,600,17.85042,1000,5,,0.9216666667,3624.701667,3956,7128,3
59,0.1,static,328,600,13.89756203,27664,58,,0.8183333333,2456.876667,240,7128,7
59,0.1,rolling,328,600,16.41865134,1000,9,,0.8966666667,3156.818333,900,7128,7
59,0.1,static,329,684,13.89756203,32634,59,,0.8070175439,2423.185673,218,7128,0
59,0.1,rolling,329,684,17.67699289,1000,2,,0.9137426901,3617.118421,3392.5,7128,0
59,0.1,static,329,684,13.89756203,32034,59,,0.8070175439,2423.185673,218,7128,1
59,0.1,rolling,329,684,18.81702614,1000,3,,0.9312865497,3963.622807,6007,7128,1
59,0.1,static,329,684,13.89756203,30874,59,,0.8070175439,2423.185673,218,7128,3
59,0.1,rolling,329,684,18.4648838,1000,5,,0.9269005848,3862.200292,5297,7128,3
59,0.1,static,329,684,13.89756203,28344,59,,0.8070175439,2423.185673,218,7128,7
59,0.1,rolling,329,684,17.82049322,1000,9,,0.918128655,3659.583333,3978.5,7128,7
59,0.1,static,330,640,13.89756203,33318,60,,0.8234375,2271.584375,213,7128,0
59,0.1,rolling,330,640,16.81513977,1000,2,,0.9015625,3188.192187,970,7128,0
59,0.1,static,330,640,13.89756203,32634,60,,0.8234375,2271.584375,213,7128,1
59,0.1,rolling,330,640,17.67699289,1000,3,,0.925,3476.242188,1777.5,7128,1
59,0.1,static,330,640,13.89756203,31296,60,,0.8234375,2271.584375,213,7128,3
59,0.1,rolling,330,640,18.94376594,1000,6,,0.9390625,3874.559375,5295,7128,3
59,0.1,static,330,640,13.89756203,29012,60,,0.8234375,2271.584375,213,7128,7
59,0.1,rolling,330,640,16.6461544,1000,9,,0.9,3136.871875,893,7128,7
59,0.1,static,331,506,13.89756203,33958,61,,0.837944664,2383.104743,207,7128,0
59,0.1,rolling,331,506,16.81878448,1000,2,,0.9090909091,3292.505929,1067,7128,0
59,0.1,static,331,506,13.89756203,33318,61,,0.837944664,2383.104743,207,7128,1
59,0.1,rolling,331,506,16.81513977,1000,3,,0.9090909091,3291.249012,1064,7128,1
59,0.1,static,331,506,13.89756203,32034,61,,0.837944664,2383.104743,207,7128,3
59,0.1,rolling,331,506,18.81702614,1000,5,,0.9486166008,3979.231225,5597.5,7128,3
59,0.1,static,331,506,13.89756203,29680,61,,0.837944664,2383.104743,207,7128,7
59,0.1,rolling,331,506,17.03198016,1000,9,,0.9130434783,3367.847826,1214.5,7128,7
59,0.1,static,332,318,13.89756203,34464,62,,0.820754717,2389.012579,184.5,7128,0
59,0.1,rolling,332,318,16.5071373,1000,2,,0.9056603774,3007.132075,535.5,7128,0
59,0.1,static,332,318,13.89756203,33958,62,,0.820754717,2389.012579,184.5,7128,1
59,0.1,rolling,332,318,16.81878448,1000,3,,0.9150943396,3068.393082,608.5,7128,1
59,0.1,static,332,318,13.89756203,32634,62,,0.820754717,2389.012579,184.5,7128,3
59,0.1,rolling,332,318,17.67699289,1000,5,,0.9308176101,3275.386792,924,7128,3
59,0.1,static,332,318,13.89756203,30476,62,,0.820754717,2389.012579,184.5,7128,7
59,0.1,rolling,332,318,17.85042,1000,9,,0.9308176101,3318.45283,1001,7128,7
59,0.1,static,333,342,13.89756203,34782,63,,0.7865497076,2314.137427,199.5,7128,0
59,0.1,rolling,333,342,16.5071373,1000,3,,0.8625730994,2998.894737,619.5,7128,0
59,0.1,static,333,342,13.89756203,34464,63,,0.7865497076,2314.137427,199.5,7128,1
59,0.1,rolling,333,342,16.5071373,1000,3,,0.8625730994,2998.894737,619.5,7128,1
59,0.1,static,333,342,13.89756203,33318,63,,0.7865497076,2314.137427,199.5,7128,3
59,0.1,rolling,333,342,16.81513977,1000,5,,0.8742690058,3085.230994,723,7128,3
59,0.1,static,333,342,13.89756203,30874,63,,0.7865497076,2314.137427,199.5,7128,7
59,0.1,rolling,333,342,18.4648838,1000,9,,0.9064327485,3482.385965,2008.5,7128,7
59,0.1,static,334,700,13.89756203,35124,64,,0.8328571429,2200.391429,173.5,7128,0
59,0.1,rolling,334,700,16.59063148,1000,3,,0.8928571429,3058.534286,747,7128,0
59,0.1,static,334,700,13.89756203,34782,64,,0.8328571429,2200.391429,173.5,7128,1
59,0.1,rolling,334,700,16.5071373,1000,4,,0.89,3034.797143,700.5,7128,1
59,0.1,static,334,700,13.89756203,33958,64,,0.8328571429,2200.391429,173.5,7128,3
59,0.1,rolling,334,700,16.81878448,1000,5,,0.8942857143,3117.692857,900,7128,3
59,0.1,static,334,700,13.89756203,31296,64,,0.8328571429,2200.391429,173.5,7128,7
59,0.1,rolling,334,700,18.94376594,1000,10,,0.9285714286,3818.734286,5311,7128,7
59,0.1,static,335,656,13.89756203,35824,65,,0.8094512195,2284.169207,209,7128,0
59,0.1,rolling,335,656,17.55049407,1000,2,,0.8917682927,3399.237805,1483,7128,0
59,0.1,static,335,656,13.89756203,35124,65,,0.8094512195,2284.169207,209,7128,1
59,0.1,rolling,335,656,16.59063148,1000,4,,0.8826219512,3134.762195,783,7128,1
59,0.1,static,335,656,13.89756203,34464,65,,0.8094512195,2284.169207,209,7128,3
59,0.1,rolling,335,656,16.5071373,1000,5,,0.8780487805,3111.998476,757,7128,3
59,0.1,static,335,656,13.89756203,32034,65,,0.8094512195,2284.169207,209,7128,7
59,0.1,rolling,335,656,18.81702614,1000,9,,0.9131097561,3762.830793,5046.5,7128,7
59,0.1,static,336,632,13.89756203,36480,66,,0.7737341772,2189.045886,191,7128,0
59,0.1,rolling,336,632,18.00842667,1000,2,,0.8892405063,3518.425633,2922,7128,0
59,0.1,static,336,632,13.89756203,35824,66,,0.7737341772,2189.045886,191,7128,1
59,0.1,rolling,336,632,17.55049407,1000,3,,0.8829113924,3371.558544,1502.5,7128,1
59,0.1,static,336,632,13.89756203,34782,66,,0.7737341772,2189.045886,191,7128,3
59,0.1,rolling,336,632,16.5071373,1000,6,,0.8528481013,3017.780063,670,7128,3
59,0.1,static,336,632,13.89756203,32634,66,,0.7737341772,2189.045886,191,7128,7
59,0.1,rolling,336,632,17.67699289,1000,9,,0.8844936709,3408.164557,1659.5,7128,7
59,0.1,static,337,552,13.89756203,37112,67,,0.8242753623,2176.106884,184.5,7128,0
59,0.1,rolling,337,552,18.31785822,1000,2,,0.9057971014,3473.79529,1879,7128,0
59,0.1,static,337,552,13.89756203,36480,67,,0.8242753623,2176.106884,184.5,7128,1
59,0.1,rolling,337,552,18.00842667,1000,3,,0.902173913,3380.012681,1483,7128,1
59,0.1,static,337,552,13.89756203,35124,67,,0.8242753623,2176.106884,184.5,7128,3
59,0.1,rolling,337,552,16.59063148,1000,6,,0.8713768116,3012.686594,601.5,7128,3
59,0.1,static,337,552,13.89756203,33318,67,,0.8242753623,2176.106884,184.5,7128,7
59,0.1,rolling,337,552,16.81513977,1000,9,,0.8786231884,3065.831522,661.5,7128,7
59,0.1,static,338,496,13.89756203,37664,68,,0.8004032258,2187.205645,166.5,7128,0
59,0.1,rolling,338,496,18.47898579,1000,2,,0.9032258065,3553.471774,2228,7128,0
59,0.1,static,338,496,13.89756203,37112,68,,0.8004032258,2187.205645,166.5,7128,1
59,0.1,rolling,338,496,18.31785822,1000,3,,0.8991935484,3501.600806,2024,7128,1
59,0.1,static,338,496,13.89756203,35824,68,,0.8004032258,2187.205645,166.5,7128,3
59,0.1,rolling,338,496,17.55049407,1000,5,,0.8951612903,3250.032258,1165,7128,3
59,0.1,static,338,496,13.89756203,33958,68,,0.8004032258,2187.205645,166.5,7128,7
59,0.1,rolling,338,496,16.81878448,1000,9,,0.8790322581,3012.41129,726.5,7128,7
59,0.1,static,339,328,13.89756203,38160,69,,0.7743902439,1761.25,115,7123.3,0
59,0.1,rolling,339,328,17.88632202,1000,2,,0.8963414634,2895.405488,773,7128,0
59,0.1,static,339,328,13.89756203,37664,69,,0.7743902439,1761.25,115,7123.3,1
59,0.1,rolling,339,328,18.47898579,1000,3,,0.9054878049,3122.935976,1057,7128,1
59,0.1,static,339,328,13.89756203,36480,69,,0.7743902439,1761.25,115,7123.3,3
59,0.1,rolling,339,328,18.00842667,1000,5,,0.9024390244,2943.841463,823.5,7128,3
59,0.1,static,339,328,13.89756203,34464,69,,0.7743902439,1761.25,115,7123.3,7
59,0.1,rolling,339,328,16.5071373,1000,9,,0.868902439,2410.439024,371.5,7128,7
59,0.1,static,340,328,13.89756203,38488,70,,0.7713414634,2214.884146,131.5,7128,0
59,0.1,rolling,340,328,18.59896469,1000,3,,0.9176829268,3400.021341,1635.5,7128,0
59,0.1,static,340,328,13.89756203,38160,70,,0.7713414634,2214.884146,131.5,7128,1
59,0.1,rolling,340,328,17.88632202,1000,3,,0.9115853659,3205.271341,775,7128,1
59,0.1,static,340,328,13.89756203,37112,70,,0.7713414634,2214.884146,131.5,7128,3
59,0.1,rolling,340,328,18.31785822,1000,5,,0.9176829268,3322.579268,1144,7128,3
59,0.1,static,340,328,13.89756203,34782,70,,0.7713414634,2214.884146,131.5,7128,7
59,0.1,rolling,340,328,16.5071373,1000,10,,0.8567073171,2891.920732,373.5,7128,7
59,0.1,static,341,576,13.89756203,38816,71,,0.8090277778,2112.838542,157,7128,0
59,0.1,rolling,341,576,17.8448925,1000,3,,0.8854166667,3354.907986,1443,7128,0
59,0.1,static,341,576,13.89756203,38488,71,,0.8090277778,2112.838542,157,7128,1
59,0.1,rolling,341,576,18.59896469,1000,4,,0.8940972222,3581.864583,3753,7128,1
59,0.1,static,341,576,13.89756203,37664,71,,0.8090277778,2112.838542,157,7128,3
59,0.1,rolling,341,576,18.47898579,1000,5,,0.890625,3539.871528,2420,7128,3
59,0.1,static,341,576,13.89756203,35124,71,,0.8090277778,2112.838542,157,7128,7
59,0.1,rolling,341,576,16.59063148,1000,10,,0.8663194444,2975.815972,627,7128,7
59,0.1,static,342,636,13.89756203,39392,72,,0.822327044,2256.316038,160.5,7128,0
59,0.1,rolling,342,636,18.00095797,1000,3,,0.891509434,3363.616352,1099,7128,0
59,0.1,static,342,636,13.89756203,38816,72,,0.822327044,2256.316038,160.5,7128,1
59,0.1,rolling,342,636,17.8448925,1000,4,,0.891509434,3330.454403,1021.5,7128,1
59,0.1,static,342,636,13.89756203,38160,72,,0.822327044,2256.316038,160.5,7128,3
59,0.1,rolling,342,636,17.88632202,1000,5,,0.891509434,3339.253145,1040.5,7128,3
59,0.1,static,342,636,13.89756203,35824,72,,0.822327044,2256.316038,160.5,7128,7
59,0.1,rolling,342,636,17.55049407,1000,9,,0.8899371069,3253.048742,900.5,7128,7
59,0.1,static,343,642,13.89756203,40028,73,,0.7757009346,2654.813084,304,7128,0
59,0.1,rolling,343,642,19.2590133,1000,2,,0.8956386293,4229.158879,6703.5,7128,0
59,0.1,static,343,642,13.89756203,39392,73,,0.7757009346,2654.813084,304,7128,1
59,0.1,rolling,343,642,18.00095797,1000,4,,0.8769470405,3894.242991,5457.5,7128,1
59,0.1,static,343,642,13.89756203,38488,73,,0.7757009346,2654.813084,304,7128,3
59,0.1,rolling,343,642,18.59896469,1000,6,,0.8878504673,4057.492212,6161,7128,3
59,0.1,static,343,642,13.89756203,36480,73,,0.7757009346,2654.813084,304,7128,7
59,0.1,rolling,343,642,18.00842667,1000,9,,0.8769470405,3896.336449,5467,7128,7
59,0.1,static,344,650,13.89756203,40670,74,,0.7815384615,2244.493846,117,7128,0
59,0.1,rolling,344,650,19.30897284,1000,2,,0.8753846154,3601.667692,2936.5,7128,0
59,0.1,static,344,650,13.89756203,40028,74,,0.7815384615,2244.493846,117,7128,1
59,0.1,rolling,344,650,19.2590133,1000,3,,0.8753846154,3586.704615,2360,7128,1
59,0.1,static,344,650,13.89756203,38816,74,,0.7815384615,2244.493846,117,7128,3
59,0.1,rolling,344,650,17.8448925,1000,6,,0.8630769231,3191.949231,915.5,7128,3
59,0.1,static,344,650,13.89756203,37112,74,,0.7815384615,2244.493846,117,7128,7
59,0.1,rolling,344,650,18.31785822,1000,9,,0.8676923077,3328.066154,1174.5,7128,7
59,0.1,static,345,586,13.89756203,41320,75,,0.8208191126,2655.530717,251,7128,0
59,0.1,rolling,345,586,20.75421095,1000,2,,0.9197952218,4329.784983,7026,7128,0
59,0.1,static,345,586,13.89756203,40670,75,,0.8208191126,2655.530717,251,7128,1
59,0.1,rolling,345,586,19.30897284,1000,3,,0.9078498294,3981.614334,6340,7128,1
59,0.1,static,345,586,13.89756203,39392,75,,0.8208191126,2655.530717,251,7128,3
59,0.1,rolling,345,586,18.00095797,1000,6,,0.8924914676,3671.307167,4428,7128,3
59,0.1,static,345,586,13.89756203,37664,75,,0.8208191126,2655.530717,251,7128,7
59,0.1,rolling,345,586,18.47898579,1000,9,,0.8959044369,3792.069966,5216,7128,7
59,0.1,static,346,224,13.89756203,41906,76,,0.7678571429,1541.763393,96,7128,0
59,0.1,rolling,346,224,19.75596774,1000,2,,0.8794642857,3010.870536,994,7128,0
59,0.1,static,346,224,13.89756203,41320,76,,0.7678571429,1541.763393,96,7128,1
59,0.1,rolling,346,224,20.75421095,1000,3,,0.8839285714,3341.366071,1471.5,7128,1
59,0.1,static,346,224,13.89756203,40028,76,,0.7678571429,1541.763393,96,7128,3
59,0.1,rolling,346,224,19.2590133,1000,5,,0.8794642857,2823.65625,819,7128,3
59,0.1,static,346,224,13.89756203,38160,76,,0.7678571429,1541.763393,96,7128,7
59,0.1,rolling,346,224,17.88632202,1000,9,,0.8571428571,2392.875,490.5,7128,7
59,0.1,static,347,306,13.89756203,42130,77,,0.8464052288,1707.960784,88,7128,0
59,0.1,rolling,347,306,19.51819706,1000,3,,0.9281045752,2934.565359,592,7128,0
59,0.1,static,347,306,13.89756203,41906,77,,0.8464052288,1707.960784,88,7128,1
59,0.1,rolling,347,306,19.75596774,1000,3,,0.9281045752,2983.77451,637,7128,1
59,0.1,static,347,306,13.89756203,40670,77,,0.8464052288,1707.960784,88,7128,3
59,0.1,rolling,347,306,19.30897284,1000,5,,0.9248366013,2894.375817,542.5,7128,3
59,0.1,static,347,306,13.89756203,38488,77,,0.8464052288,1707.960784,88,7128,7
59,0.1,rolling,347,306,18.59896469,1000,10,,0.9215686275,2739.866013,417.5,7128,7
59,0.1,static,348,714,13.89756203,42436,78,,0.8011204482,2174.054622,128,7128,0
59,0.1,rolling,348,714,18.59933197,1000,3,,0.8823529412,3335.577031,1249,7128,0
59,0.1,static,348,714,13.89756203,42130,78,,0.8011204482,2174.054622,128,7128,1
59,0.1,rolling,348,714,19.51819706,1000,4,,0.8977591036,3574.253501,3599,7128,1
59,0.1,static,348,714,13.89756203,41320,78,,0.8011204482,2174.054622,128,7128,3
59,0.1,rolling,348,714,20.75421095,1000,5,,0.9201680672,3877.676471,5700,7128,3
59,0.1,static,348,714,13.89756203,38816,78,,0.8011204482,2174.054622,128,7128,7
59,0.1,rolling,348,714,17.8448925,1000,10,,0.8781512605,3129.22549,753.5,7128,7
59,0.1,static,349,600,13.89756203,43150,79,,0.7516666667,1861.593333,106,7128,0
59,0.1,rolling,349,600,18.94152451,1000,2,,0.8566666667,3165.586667,1014,7128,0
59,0.1,static,349,600,13.89756203,42436,79,,0.7516666667,1861.593333,106,7128,1
59,0.1,rolling,349,600,18.59933197,1000,4,,0.8516666667,3076.83,805.5,7128,1
59,0.1,static,349,600,13.89756203,41906,79,,0.7516666667,1861.593333,106,7128,3
59,0.1,rolling,349,600,19.75596774,1000,5,,0.8816666667,3391.641667,1683.5,7128,3
59,0.1,static,349,600,13.89756203,39392,79,,0.7516666667,1861.593333,106,7128,7
59,0.1,rolling,349,600,18.00095797,1000,10,,0.845,2919.485,586.5,7128,7
59,0.1,static,350,656,13.89756203,43750,80,,0.7591463415,1672.103659,93,7128,0
59,0.1,rolling,350,656,20.97827721,1000,2,,0.9085365854,3313.355183,1148,7128,0
59,0.1,static,350,656,13.89756203,43150,80,,0.7591463415,1672.103659,93,7128,1
59,0.1,rolling,350,656,18.94152451,1000,3,,0.8780487805,2840.14939,490.5,7128,1
59,0.1,static,350,656,13.89756203,42130,80,,0.7591463415,1672.103659,93,7128,3
59,0.1,rolling,350,656,19.51819706,1000,6,,0.887195122,2965.347561,627,7128,3
59,0.1,static,350,656,13.89756203,40028,80,,0.7591463415,1672.103659,93,7128,7
59,0.1,rolling,350,656,19.2590133,1000,9,,0.8826219512,2913.990854,548.5,7128,7
59,0.1,static,351,522,13.89756203,44406,81,,0.7605363985,1777.917625,74,7128,0
59,0.1,rolling,351,522,20.26864584,1000,2,,0.8869731801,3174.030651,830,7128,0
59,0.1,static,351,522,13.89756203,43750,81,,0.7605363985,1777.917625,74,7128,1
59,0.1,rolling,351,522,20.97827721,1000,3,,0.898467433,3349.137931,1118.5,7128,1
59,0.1,static,351,522,13.89756203,42436,81,,0.7605363985,1777.917625,74,7128,3
59,0.1,rolling,351,522,18.59933197,1000,6,,0.8486590038,2752.051724,402.5,7128,3
59,0.1,static,351,522,13.89756203,40670,81,,0.7605363985,1777.917625,74,7128,7
59,0.1,rolling,351,522,19.30897284,1000,9,,0.8754789272,2945.994253,541.5,7128,7
59,0.1,static,352,462,13.89756203,44928,82,,0.7294372294,1726.835498,103,7128,0
59,0.1,rolling,352,462,20.66434383,1000,2,,0.9069264069,3434.603896,1720,7128,0
59,0.1,static,352,462,13.89756203,44406,82,,0.7294372294,1726.835498,103,7128,1
59,0.1,rolling,352,462,20.26864584,1000,3,,0.8982683983,3331.125541,1316.5,7128,1
59,0.1,static,352,462,13.89756203,43150,82,,0.7294372294,1726.835498,103,7128,3
59,0.1,rolling,352,462,18.94152451,1000,5,,0.8658008658,2972.651515,668,7128,3
59,0.1,static,352,462,13.89756203,41320,82,,0.7294372294,1726.835498,103,7128,7
59,0.1,rolling,352,462,20.75421095,1000,9,,0.9090909091,3459.322511,1832.5,7128,7
59,0.1,static,353,242,13.89756203,45390,83,,0.6776859504,1494.946281,85.5,7126,0
59,0.1,rolling,353,242,20.93917757,1000,3,,0.8595041322,3394.789256,1036.5,7128,0
59,0.1,static,353,242,13.89756203,44928,83,,0.6776859504,1494.946281,85.5,7126,1
59,0.1,rolling,353,242,20.66434383,1000,3,,0.8595041322,3343.380165,925.5,7128,1
59,0.1,static,353,242,13.89756203,43750,83,,0.6776859504,1494.946281,85.5,7126,3
59,0.1,rolling,353,242,20.97827721,1000,5,,0.8595041322,3400.297521,1052.5,7128,3
59,0.1,static,353,242,13.89756203,41906,83,,0.6776859504,1494.946281,85.5,7126,7
59,0.1,rolling,353,242,19.75596774,1000,9,,0.8429752066,3176.07438,654.5,7128,7
59,0.1,static,354,238,13.89756203,45632,84,,0.718487395,1966.184874,110,7128,0
59,0.1,rolling,354,238,21.36299753,1000,3,,0.9033613445,3980.878151,5867.5,7128,0
59,0.1,static,354,238,13.89756203,45390,84,,0.718487395,1966.184874,110,7128,1
59,0.1,rolling,354,238,20.93917757,1000,4,,0.8991596639,3874.722689,5399.5,7128,1
59,0.1,static,354,238,13.89756203,44406,84,,0.718487395,1966.184874,110,7128,3
59,0.1,rolling,354,238,20.26864584,1000,5,,0.8991596639,3700.752101,4492.5,7128,3
59,0.1,static,354,238,13.89756203,42130,84,,0.718487395,1966.184874,110,7128,7
59,0.1,rolling,354,238,19.51819706,1000,10,,0.8739495798,3457.785714,1973.5,7128,7
59,0.1,static,355,578,13.89756203,45870,85,,0.6955017301,2052.285467,115,7128,0
59,0.1,rolling,355,578,21.71254921,1000,4,,0.8979238754,3946.34083,5427.5,7128,0
59,0.1,static,355,578,13.89756203,45632,85,,0.6955017301,2052.285467,115,7128,1
59,0.1,rolling,355,578,21.36299753,1000,4,,0.8875432526,3860.036332,4965,7128,1
59,0.1,static,355,578,13.89756203,44928,85,,0.6955017301,2052.285467,115,7128,3
59,0.1,rolling,355,578,20.66434383,1000,5,,0.8719723183,3663.82526,3986,7128,3
59,0.1,static,355,578,13.89756203,42436,85,,0.6955017301,2052.285467,115,7128,7
59,0.1,rolling,355,578,18.59933197,1000,10,,0.830449827,3142.093426,764,7128,7
59,0.1,static,356,548,13.89756203,46448,86,,0.7372262774,1982.733577,99,7128,0
59,0.1,rolling,356,548,22.05893707,1000,3,,0.9069343066,3908.569343,5716.5,7128,0
59,0.1,static,356,548,13.89756203,45870,86,,0.7372262774,1982.733577,99,7128,1
59,0.1,rolling,356,548,21.71254921,1000,5,,0.8996350365,3834.417883,5323.5,7128,1
59,0.1,static,356,548,13.89756203,45390,86,,0.7372262774,1982.733577,99,7128,3
59,0.1,rolling,356,548,20.93917757,1000,6,,0.8850364964,3657.914234,4303.5,7128,3
59,0.1,static,356,548,13.89756203,43150,86,,0.7372262774,1982.733577,99,7128,7
59,0.1,rolling,356,548,18.94152451,1000,9,,0.852189781,3183.224453,803.5,7128,7
59,0.1,static,357,406,13.89756203,46996,87,,0.7610837438,1435.91133,75.5,7127,0
59,0.1,rolling,357,406,21.9197408,1000,2,,0.9310344828,3534.100985,2654,7128,0
59,0.1,static,357,406,13.89756203,46448,87,,0.7610837438,1435.91133,75.5,7127,1
59,0.1,rolling,357,406,22.05893707,1000,4,,0.9310344828,3578.172414,3752,7128,1
59,0.1,static,357,406,13.89756203,45632,87,,0.7610837438,1435.91133,75.5,7127,3
59,0.1,rolling,357,406,21.36299753,1000,6,,0.9261083744,3364.455665,1645.5,7128,3
59,0.1,static,357,406,13.89756203,43750,87,,0.7610837438,1435.91133,75.5,7127,7
59,0.1,rolling,357,406,20.97827721,1000,9,,0.921182266,3245.024631,1333,7128,7
59,0.1,static,358,300,13.89756203,47402,88,,0.7633333333,1473.773333,64,7128,0
59,0.1,rolling,358,300,21.02301407,1000,3,,0.8733333333,2849.653333,649,7128,0
59,0.1,static,358,300,13.89756203,46996,88,,0.7633333333,1473.773333,64,7128,1
59,0.1,rolling,358,300,21.9197408,1000,3,,0.88,3081.796667,844,7128,1
59,0.1,static,358,300,13.89756203,45870,88,,0.7633333333,1473.773333,64,7128,3
59,0.1,rolling,358,300,21.71254921,1000,7,,0.88,3029.413333,807,7128,3
59,0.1,static,358,300,13.89756203,44406,88,,0.7633333333,1473.773333,64,7128,7
59,0.1,rolling,358,300,20.26864584,1000,9,,0.8666666667,2672.943333,520.5,7128,7
59,0.1,static,359,330,13.89756203,47702,89,,0.8242424242,2350.454545,263.5,7128,0
59,0.1,rolling,359,330,21.31577956,1000,3,,0.9424242424,4435.233333,7073.5,7128,0
59,0.1,static,359,330,13.89756203,47402,89,,0.8242424242,2350.454545,263.5,7128,1
59,0.1,rolling,359,330,21.02301407,1000,4,,0.9424242424,4391.827273,7041,7128,1
59,0.1,static,359,330,13.89756203,46448,89,,0.8242424242,2350.454545,263.5,7128,3
59,0.1,rolling,359,330,22.05893707,1000,6,,0.9484848485,4554.369697,7106.5,7128,3
59,0.1,static,359,330,13.89756203,44928,89,,0.8242424242,2350.454545,263.5,7128,7
59,0.1,rolling,359,330,20.66434383,1000,9,,0.9424242424,4338.19697,6999.5,7128,7
59,0.1,static,360,228,13.89756203,48032,90,,0.7850877193,1651.442982,55,7128,0
59,0.1,rolling,360,228,19.27394702,1000,3,,0.8771929825,2810.745614,455,7128,0
59,0.1,static,360,228,13.89756203,47702,90,,0.7850877193,1651.442982,55,7128,1
59,0.1,rolling,360,228,21.31577956,1000,4,,0.9166666667,3267.881579,899.5,7128,1
59,0.1,static,360,228,13.89756203,46996,90,,0.7850877193,1651.442982,55,7128,3
59,0.1,rolling,360,228,21.9197408,1000,5,,0.9298245614,3396.785088,1278,7128,3
59,0.1,static,360,228,13.89756203,45390,90,,0.7850877193,1651.442982,55,7128,7
59,0.1,rolling,360,228,20.93917757,1000,10,,0.9166666667,3196.710526,777,7128,7
59,0.1,static,361,246,13.89756203,48260,91,,0.7479674797,1427.304878,46.5,7128,0
59,0.1,rolling,361,246,20.53579283,1000,4,,0.8861788618,2849.829268,530,7128,0
59,0.1,static,361,246,13.89756203,48032,91,,0.7479674797,1427.304878,46.5,7128,1
59,0.1,rolling,361,246,19.27394702,1000,4,,0.8658536585,2629.646341,334.5,7128,1
59,0.1,static,361,246,13.89756203,47402,91,,0.7479674797,1427.304878,46.5,7128,3
59,0.1,rolling,361,246,21.02301407,1000,6,,0.8902439024,2940.861789,693.5,7128,3
59,0.1,static,361,246,13.89756203,45632,91,,0.7479674797,1427.304878,46.5,7128,7
59,0.1,rolling,361,246,21.36299753,1000,10,,0.8943089431,3017.821138,788,7128,7
59,0.1,static,362,620,13.89756203,48506,92,,0.7677419355,1470.395161,58,7128,0
59,0.1,rolling,362,620,20.00832272,1000,4,,0.8870967742,2745.146774,435,7128,0
59,0.1,static,362,620,13.89756203,48260,92,,0.7677419355,1470.395161,58,7128,1
59,0.1,rolling,362,620,20.53579283,1000,5,,0.8983870968,2889.353226,507,7128,1
59,0.1,static,362,620,13.89756203,47702,92,,0.7677419355,1470.395161,58,7128,3
59,0.1,rolling,362,620,21.31577956,1000,6,,0.9096774194,3099.545161,701.5,7128,3
59,0.1,static,362,620,13.89756203,45870,92,,0.7677419355,1470.395161,58,7128,7
59,0.1,rolling,362,620,21.71254921,1000,11,,0.9209677419,3202.4,884,7128,7
59,0.1,static,363,386,13.89756203,49126,93,,0.7953367876,1644.642487,63,7128,0
59,0.1,rolling,363,386,20.86858749,1000,3,,0.9170984456,3113.119171,886,7128,0
59,0.1,static,363,386,13.89756203,48506,93,,0.7953367876,1644.642487,63,7128,1
59,0.1,rolling,363,386,20.00832272,1000,5,,0.9015544041,2919.088083,520,7128,1
59,0.1,static,363,386,13.89756203,48032,93,,0.7953367876,1644.642487,63,7128,3
59,0.1,rolling,363,386,19.27394702,1000,6,,0.8808290155,2774.831606,389,7128,3
59,0.1,static,363,386,13.89756203,46448,93,,0.7953367876,1644.642487,63,7128,7
59,0.1,rolling,363,386,22.05893707,1000,10,,0.932642487,3409.585492,1770,7128,7
59,0.1,static,364,354,13.89756203,49512,94,,0.7344632768,1478.929379,55.5,7128,0
59,0.1,rolling,364,354,20.25716972,1000,2,,0.895480226,2971.785311,736.5,7128,0
59,0.1,static,364,354,13.89756203,49126,94,,0.7344632768,1478.929379,55.5,7128,1
59,0.1,rolling,364,354,20.86858749,1000,4,,0.906779661,3125.471751,1042,7128,1
59,0.1,static,364,354,13.89756203,48260,94,,0.7344632768,1478.929379,55.5,7128,3
59,0.1,rolling,364,354,20.53579283,1000,7,,0.9039548023,3046.491525,901.5,7128,3
59,0.1,static,364,354,13.89756203,46996,94,,0.7344632768,1478.929379,55.5,7128,7
59,0.1,rolling,364,354,21.9197408,1000,9,,0.918079096,3408.776836,1872.5,7128,7
59,0.2,static,292,730,14.33351898,11270,22,,0.8575342466,3373.269863,1286,7128,0
59,0.2,rolling,292,730,14.8434236,1000,3,,0.8739726027,3527.952055,1799,7128,0
59,0.2,static,292,730,14.33351898,11270,22,,0.8575342466,3373.269863,1286,7128,1
59,0.2,rolling,292,730,14.8434236,1000,3,,0.8739726027,3527.952055,1799,7128,1
59,0.2,static,292,730,14.33351898,11270,22,,0.8575342466,3373.269863,1286,7128,3
59,0.2,rolling,292,730,14.8434236,1000,3,,0.8739726027,3527.952055,1799,7128,3
59,0.2,static,292,730,14.33351898,11270,22,,0.8575342466,3373.269863,1286,7128,7
59,0.2,rolling,292,730,14.8434236,1000,3,,0.8739726027,3527.952055,1799,7128,7
59,0.2,static,293,658,14.33351898,12000,23,,0.905775076,3599.120061,3859,7128,0
59,0.2,rolling,293,658,15.433465,1000,2,,0.9361702128,3968.899696,5965.5,7128,0
59,0.2,static,293,658,14.33351898,11270,23,,0.905775076,3599.120061,3859,7128,1
59,0.2,rolling,293,658,14.8434236,1000,4,,0.914893617,3775.917933,4875,7128,1
59,0.2,static,293,658,14.33351898,11270,23,,0.905775076,3599.120061,3859,7128,3
59,0.2,rolling,293,658,14.8434236,1000,4,,0.914893617,3775.917933,4875,7128,3
59,0.2,static,293,658,14.33351898,11270,23,,0.905775076,3599.120061,3859,7128,7
59,0.2,rolling,293,658,14.8434236,1000,4,,0.914893617,3775.917933,4875,7128,7
59,0.2,static,294,618,14.33351898,12658,24,,0.8462783172,3318.639159,1267,7128,0
59,0.2,rolling,294,618,15.26059771,1000,2,,0.8705501618,3647.548544,4084,7128,0
59,0.2,static,294,618,14.33351898,12000,24,,0.8462783172,3318.639159,1267,7128,1
59,0.2,rolling,294,618,15.433465,1000,3,,0.8786407767,3700.724919,4421,7128,1
59,0.2,static,294,618,14.33351898,11270,24,,0.8462783172,3318.639159,1267,7128,3
59,0.2,rolling,294,618,14.8434236,1000,5,,0.857605178,3488.087379,1897,7128,3
59,0.2,static,294,618,14.33351898,11270,24,,0.8462783172,3318.639159,1267,7128,7
59,0.2,rolling,294,618,14.8434236,1000,5,,0.857605178,3488.087379,1897,7128,7
59,0.2,static,295,666,14.33351898,13276,25,,0.8693693694,3255.052553,1219,7128,0
59,0.2,rolling,295,666,15.53870392,1000,2,,0.9009009009,3728.885886,4527.5,7128,0
59,0.2,static,295,666,14.33351898,12658,25,,0.8693693694,3255.052553,1219,7128,1
59,0.2,rolling,295,666,15.26059771,1000,3,,0.8903903904,3626.286787,3961,7128,1
59,0.2,static,295,666,14.33351898,11270,25,,0.8693693694,3255.052553,1219,7128,3
59,0.2,rolling,295,666,14.8434236,1000,6,,0.8813813814,3454.89039,1901,7128,3
59,0.2,static,295,666,14.33351898,11270,25,,0.8693693694,3255.052553,1219,7128,7
59,0.2,rolling,295,666,14.8434236,1000,6,,0.8813813814,3454.89039,1901,7128,7
59,0.2,static,296,516,14.33351898,13942,26,,0.8643410853,3380.996124,1402,7128,0
59,0.2,rolling,296,516,15.86602211,1000,2,,0.8972868217,3904.965116,5679,7128,0
59,0.2,static,296,516,14.33351898,13276,26,,0.8643410853,3380.996124,1402,7128,1
59,0.2,rolling,296,516,15.53870392,1000,3,,0.8934108527,3798.28876,5003,7128,1
59,0.2,static,296,516,14.33351898,12000,26,,0.8643410853,3380.996124,1402,7128,3
59,0.2,rolling,296,516,15.433465,1000,5,,0.8895348837,3751.124031,4792.5,7128,3
59,0.2,static,296,516,14.33351898,11270,26,,0.8643410853,3380.996124,1402,7128,7
59,0.2,rolling,296,516,14.8434236,1000,7,,0.8798449612,3549.410853,2218.5,7128,7
59,0.2,static,297,292,14.33351898,14458,27,,0.8390410959,2538.582192,472.5,7128,0
59,0.2,rolling,297,292,15.78829646,1000,2,,0.8801369863,3146.270548,989,7128,0
59,0.2,static,297,292,14.33351898,13942,27,,0.8390410959,2538.582192,472.5,7128,1
59,0.2,rolling,297,292,15.86602211,1000,3,,0.8835616438,3181.938356,1010.5,7128,1
59,0.2,static,297,292,14.33351898,12658,27,,0.8390410959,2538.582192,472.5,7128,3
59,0.2,rolling,297,292,15.26059771,1000,5,,0.8698630137,2906.445205,816,7128,3
59,0.2,static,297,292,14.33351898,11270,27,,0.8390410959,2538.582192,472.5,7128,7
59,0.2,rolling,297,292,14.8434236,1000,8,,0.8561643836,2727.835616,610,7128,7
59,0.2,static,298,252,14.33351898,14750,28,,0.876984127,2915.623016,590,7128,0
59,0.2,rolling,298,252,16.58842373,1000,3,,0.9365079365,3765.563492,4836.5,7128,0
59,0.2,static,298,252,14.33351898,14458,28,,0.876984127,2915.623016,590,7128,1
59,0.2,rolling,298,252,15.78829646,1000,3,,0.9007936508,3482.285714,1661.5,7128,1
59,0.2,static,298,252,14.33351898,13276,28,,0.876984127,2915.623016,590,7128,3
59,0.2,rolling,298,252,15.53870392,1000,5,,0.8968253968,3395.178571,1382.5,7128,3
59,0.2,static,298,252,14.33351898,11270,28,,0.876984127,2915.623016,590,7128,7
59,0.2,rolling,298,252,14.8434236,1000,9,,0.8928571429,3103.115079,835,7128,7
59,0.2,static,299,702,14.33351898,15002,29,,0.858974359,3088.229345,793.5,7128,0
59,0.2,rolling,299,702,15.96604633,1000,3,,0.8945868946,3674.192308,4364.5,7128,0
59,0.2,static,299,702,14.33351898,14750,29,,0.858974359,3088.229345,793.5,7128,1
59,0.2,rolling,299,702,16.58842373,1000,4,,0.9031339031,3862.737892,5527,7128,1
59,0.2,static,299,702,14.33351898,13942,29,,0.858974359,3088.229345,793.5,7128,3
59,0.2,rolling,299,702,15.86602211,1000,5,,0.8945868946,3643.096866,4168.5,7128,3
59,0.2,static,299,702,14.33351898,11270,29,,0.858974359,3088.229345,793.5,7128,7
59,0.2,rolling,299,702,14.8434236,1000,10,,0.8717948718,3268.961538,1324,7128,7
59,0.2,static,300,664,14.33351898,15704,30,,0.8554216867,3195.576807,933.5,7128,0
59,0.2,rolling,300,664,16.20965105,1000,3,,0.9051204819,3883.953313,5779,7128,0
59,0.2,static,300,664,14.33351898,15002,30,,0.8554216867,3195.576807,933.5,7128,1
59,0.2,rolling,300,664,15.96604633,1000,4,,0.9021084337,3797.552711,5209,7128,1
59,0.2,static,300,664,14.33351898,14458,30,,0.8554216867,3195.576807,933.5,7128,3
59,0.2,rolling,300,664,15.78829646,1000,5,,0.8945783133,3734.900602,4671.5,7128,3
59,0.2,static,300,664,14.33351898,12000,30,,0.8554216867,3195.576807,933.5,7128,7
59,0.2,rolling,300,664,15.433465,1000,9,,0.8870481928,3604.829819,3873,7128,7
59,0.2,static,301,616,14.33351898,16368,31,,0.8701298701,3555.160714,3715,7128,0
59,0.2,rolling,301,616,16.43043567,1000,2,,0.9188311688,4170.261364,6740.5,7128,0
59,0.2,static,301,616,14.33351898,15704,31,,0.8701298701,3555.160714,3715,7128,1
59,0.2,rolling,301,616,16.20965105,1000,4,,0.913961039,4110.189935,6628,7128,1
59,0.2,static,301,616,14.33351898,14750,31,,0.8701298701,3555.160714,3715,7128,3
59,0.2,rolling,301,616,16.58842373,1000,6,,0.9237012987,4214.470779,6816.5,7128,3
59,0.2,static,301,616,14.33351898,12658,31,,0.8701298701,3555.160714,3715,7128,7
59,0.2,rolling,301,616,15.26059771,1000,9,,0.8912337662,3850.564935,5461.5,7128,7
59,0.2,static,302,570,14.33351898,16984,32,,0.8456140351,3017.77193,610.5,7128,0
59,0.2,rolling,302,570,15.90456954,1000,2,,0.8842105263,3522.510526,1729,7128,0
59,0.2,static,302,570,14.33351898,16368,32,,0.8456140351,3017.77193,610.5,7128,1
59,0.2,rolling,302,570,16.43043567,1000,3,,0.8964912281,3677.494737,3910,7128,1
59,0.2,static,302,570,14.33351898,15002,32,,0.8456140351,3017.77193,610.5,7128,3
59,0.2,rolling,302,570,15.96604633,1000,6,,0.8842105263,3540.370175,1816,7128,3
59,0.2,static,302,570,14.33351898,13276,32,,0.8456140351,3017.77193,610.5,7128,7
59,0.2,rolling,302,570,15.53870392,1000,9,,0.8736842105,3421.180702,1315,7128,7
59,0.2,static,303,542,14.33351898,17554,33,,0.8708487085,3119.704797,875.5,7128,0
59,0.2,rolling,303,542,16.3572607,1000,2,,0.9169741697,3782.49262,5282.5,7128,0
59,0.2,static,303,542,14.33351898,16984,33,,0.8708487085,3119.704797,875.5,7128,1
59,0.2,rolling,303,542,15.90456954,1000,3,,0.9077490775,3661.282288,4311,7128,1
59,0.2,static,303,542,14.33351898,15704,33,,0.8708487085,3119.704797,875.5,7128,3
59,0.2,rolling,303,542,16.20965105,1000,6,,0.9151291513,3747.538745,4993,7128,3
59,0.2,static,303,542,14.33351898,13942,33,,0.8708487085,3119.704797,875.5,7128,7
59,0.2,rolling,303,542,15.86602211,1000,9,,0.9077490775,3649.535055,4209,7128,7
59,0.2,static,304,328,14.33351898,18096,34,,0.8140243902,2832.033537,565.5,7128,0
59,0.2,rolling,304,328,15.71781445,1000,2,,0.8384146341,3284.957317,1229.5,7128,0
59,0.2,static,304,328,14.33351898,17554,34,,0.8140243902,2832.033537,565.5,7128,1
59,0.2,rolling,304,328,16.3572607,1000,3,,0.8567073171,3506.612805,1849.5,7128,1
59,0.2,static,304,328,14.33351898,16368,34,,0.8140243902,2832.033537,565.5,7128,3
59,0.2,rolling,304,328,16.43043567,1000,5,,0.8567073171,3526.387195,1978.5,7128,3
59,0.2,static,304,328,14.33351898,14458,34,,0.8140243902,2832.033537,565.5,7128,7
59,0.2,rolling,304,328,15.78829646,1000,9,,0.8414634146,3305.384146,1285.5,7128,7
59,0.2,static,305,328,14.33351898,18424,35,,0.8841463415,2655.018293,558.5,7128,0
59,0.2,rolling,305,328,16.64535809,1000,3,,0.9176829268,3579.728659,3886.5,7128,0
59,0.2,static,305,328,14.33351898,18096,35,,0.8841463415,2655.018293,558.5,7128,1
59,0.2,rolling,305,328,15.71781445,1000,3,,0.9054878049,3255.253049,1298.5,7128,1
59,0.2,static,305,328,14.33351898,16984,35,,0.8841463415,2655.018293,558.5,7128,3
59,0.2,rolling,305,328,15.90456954,1000,5,,0.9115853659,3320.460366,1432,7128,3
59,0.2,static,305,328,14.33351898,14750,35,,0.8841463415,2655.018293,558.5,7128,7
59,0.2,rolling,305,328,16.58842373,1000,10,,0.9176829268,3560.560976,3697.5,7128,7
59,0.2,static,306,582,14.33351898,18752,36,,0.8573883162,2859.223368,457.5,7128,0
59,0.2,rolling,306,582,16.52992378,1000,3,,0.9054982818,3527.331615,1801.5,7128,0
59,0.2,static,306,582,14.33351898,18424,36,,0.8573883162,2859.223368,457.5,7128,1
59,0.2,rolling,306,582,16.64535809,1000,4,,0.9089347079,3555.142612,2042,7128,1
59,0.2,static,306,582,14.33351898,17554,36,,0.8573883162,2859.223368,457.5,7128,3
59,0.2,rolling,306,582,16.3572607,1000,5,,0.9003436426,3481.166667,1544.5,7128,3
59,0.2,static,306,582,14.33351898,15002,36,,0.8573883162,2859.223368,457.5,7128,7
59,0.2,rolling,306,582,15.96604633,1000,10,,0.8934707904,3362.661512,1176,7128,7
59,0.2,static,307,588,14.33351898,19334,37,,0.8367346939,3042.82483,722,7128,0
59,0.2,rolling,307,588,16.43423271,1000,3,,0.8962585034,3770.29932,5121,7128,0
59,0.2,static,307,588,14.33351898,18752,37,,0.8367346939,3042.82483,722,7128,1
59,0.2,rolling,307,588,16.52992378,1000,4,,0.8979591837,3798.935374,5252,7128,1
59,0.2,static,307,588,14.33351898,18096,37,,0.8367346939,3042.82483,722,7128,3
59,0.2,rolling,307,588,15.71781445,1000,5,,0.880952381,3527.637755,2216,7128,3
59,0.2,static,307,588,14.33351898,15704,37,,0.8367346939,3042.82483,722,7128,7
59,0.2,rolling,307,588,16.20965105,1000,10,,0.887755102,3697.238095,4673,7128,7
59,0.2,static,308,562,14.33351898,19922,38,,0.8487544484,3162.119217,658,7128,0
59,0.2,rolling,308,562,16.49343145,1000,2,,0.8950177936,3736.377224,4673.5,7128,0
59,0.2,static,308,562,14.33351898,19334,38,,0.8487544484,3162.119217,658,7128,1
59,0.2,rolling,308,562,16.43423271,1000,4,,0.8950177936,3714.919929,4548.5,7128,1
59,0.2,static,308,562,14.33351898,18424,38,,0.8487544484,3162.119217,658,7128,3
59,0.2,rolling,308,562,16.64535809,1000,6,,0.896797153,3771.674377,4942,7128,3
59,0.2,static,308,562,14.33351898,16368,38,,0.8487544484,3162.119217,658,7128,7
59,0.2,rolling,308,562,16.43043567,1000,9,,0.8950177936,3713.790036,4540,7128,7
59,0.2,static,309,626,14.33351898,20484,39,,0.8322683706,3135.702875,740,7128,0
59,0.2,rolling,309,626,16.80958152,1000,2,,0.8833865815,3911.934505,5620,7128,0
59,0.2,static,309,626,14.33351898,19922,39,,0.8322683706,3135.702875,740,7128,1
59,0.2,rolling,309,626,16.49343145,1000,3,,0.8817891374,3823.138978,4951,7128,1
59,0.2,static,309,626,14.33351898,18752,39,,0.8322683706,3135.702875,740,7128,3
59,0.2,rolling,309,626,16.52992378,1000,6,,0.8817891374,3834.533546,5032.5,7128,3
59,0.2,static,309,626,14.33351898,16984,39,,0.8322683706,3135.702875,740,7128,7
59,0.2,rolling,309,626,15.90456954,1000,9,,0.8738019169,3646.246006,3715.5,7128,7
59,0.2,static,310,620,14.33351898,21110,40,,0.8903225806,2516.764516,369,7128,0
59,0.2,rolling,310,620,17.38958502,1000,2,,0.9451612903,3519.798387,2161,7128,0
59,0.2,static,310,620,14.33351898,20484,40,,0.8903225806,2516.764516,369,7128,1
59,0.2,rolling,310,620,16.80958152,1000,3,,0.935483871,3316.835484,1533,7128,1
59,0.2,static,310,620,14.33351898,19334,40,,0.8903225806,2516.764516,369,7128,3
59,0.2,rolling,310,620,16.43423271,1000,6,,0.9306451613,3185.864516,1235,7128,3
59,0.2,static,310,620,14.33351898,17554,40,,0.8903225806,2516.764516,369,7128,7
59,0.2,rolling,310,620,16.3572607,1000,9,,0.9306451613,3165.140323,1168,7128,7
59,0.2,static,311,438,14.33351898,21730,41,,0.8584474886,2265.267123,305,7128,0
59,0.2,rolling,311,438,15.83829856,1000,2,,0.8904109589,2668.075342,595.5,7128,0
59,0.2,static,311,438,14.33351898,21110,41,,0.8584474886,2265.267123,305,7128,1
59,0.2,rolling,311,438,17.38958502,1000,3,,0.9132420091,3124.200913,1326.5,7128,1
59,0.2,static,311,438,14.33351898,19922,41,,0.8584474886,2265.267123,305,7128,3
59,0.2,rolling,311,438,16.49343145,1000,5,,0.901826484,2853.06621,849.5,7128,3
59,0.2,static,311,438,14.33351898,18096,41,,0.8584474886,2265.267123,305,7128,7
59,0.2,rolling,311,438,15.71781445,1000,9,,0.8904109589,2636.965753,577,7128,7
59,0.2,static,312,460,14.33351898,22168,42,,0.8130434783,2233.05,296,7128,0
59,0.2,rolling,312,460,15.32211018,1000,2,,0.85,2611.21087,488,7128,0
59,0.2,static,312,460,14.33351898,21730,42,,0.8130434783,2233.05,296,7128,1
59,0.2,rolling,312,460,15.83829856,1000,3,,0.8630434783,2779.35,586,7128,1
59,0.2,static,312,460,14.33351898,20484,42,,0.8130434783,2233.05,296,7128,3
59,0.2,rolling,312,460,16.80958152,1000,5,,0.8913043478,3062.930435,883,7128,3
59,0.2,static,312,460,14.33351898,18424,42,,0.8130434783,2233.05,296,7128,7
59,0.2,rolling,312,460,16.64535809,1000,10,,0.8891304348,3012.578261,804.5,7128,7
59,0.2,static,313,794,14.33351898,22628,43,,0.8249370277,2378.486146,239,7128,0
59,0.2,rolling,313,794,16.79749572,1000,3,,0.8816120907,3077.347607,807.5,7128,0
59,0.2,static,313,794,14.33351898,22168,43,,0.8249370277,2378.486146,239,7128,1
59,0.2,rolling,313,794,15.32211018,1000,3,,0.8501259446,2650.47733,390,7128,1
59,0.2,static,313,794,14.33351898,21110,43,,0.8249370277,2378.486146,239,7128,3
59,0.2,rolling,313,794,17.38958502,1000,5,,0.8967254408,3243.639798,1099,7128,3
59,0.2,static,313,794,14.33351898,18752,43,,0.8249370277,2378.486146,239,7128,7
59,0.2,rolling,313,794,16.52992378,1000,10,,0.8778337531,3003.596977,719.5,7128,7
59,0.2,static,314,678,14.33351898,23422,44,,0.8510324484,2560.842183,341.5,7128,0
59,0.2,rolling,314,678,17.72544193,1000,2,,0.9144542773,3638.007375,4218,7128,0
59,0.2,static,314,678,14.33351898,22628,44,,0.8510324484,2560.842183,341.5,7128,1
59,0.2,rolling,314,678,16.79749572,1000,4,,0.907079646,3363.971976,1262,7128,1
59,0.2,static,314,678,14.33351898,21730,44,,0.8510324484,2560.842183,341.5,7128,3
59,0.2,rolling,314,678,15.83829856,1000,5,,0.8864306785,3067.964602,654.5,7128,3
59,0.2,static,314,678,14.33351898,19334,44,,0.8510324484,2560.842183,341.5,7128,7
59,0.2,rolling,314,678,16.43423271,1000,10,,0.9041297935,3258.039823,996.5,7128,7
59,0.2,static,315,774,14.33351898,24100,45,,0.854005168,2482.611111,336,7128,0
59,0.2,rolling,315,774,17.28991127,1000,2,,0.8992248062,3526.531008,3785,7128,0
59,0.2,static,315,774,14.33351898,23422,45,,0.854005168,2482.611111,336,7128,1
59,0.2,rolling,315,774,17.72544193,1000,3,,0.9031007752,3680.117571,4502.5,7128,1
59,0.2,static,315,774,14.33351898,22168,45,,0.854005168,2482.611111,336,7128,3
59,0.2,rolling,315,774,15.32211018,1000,5,,0.8720930233,2811.410853,561,7128,3
59,0.2,static,315,774,14.33351898,19922,45,,0.854005168,2482.611111,336,7128,7
59,0.2,rolling,315,774,16.49343145,1000,9,,0.8914728682,3230.819121,1372,7128,7
59,0.2,static,316,758,14.33351898,24874,46,,0.8588390501,2620.688654,564,7128,0
59,0.2,rolling,316,758,18.46389771,1000,2,,0.9248021108,4157.858839,6195.5,7128,0
59,0.2,static,316,758,14.33351898,24100,46,,0.8588390501,2620.688654,564,7128,1
59,0.2,rolling,316,758,17.28991127,1000,3,,0.9102902375,3762.853562,4494,7128,1
59,0.2,static,316,758,14.33351898,22628,46,,0.8588390501,2620.688654,564,7128,3
59,0.2,rolling,316,758,16.79749572,1000,6,,0.9063324538,3550.514512,3800,7128,3
59,0.2,static,316,758,14.33351898,20484,46,,0.8588390501,2620.688654,564,7128,7
59,0.2,rolling,316,758,16.80958152,1000,9,,0.907651715,3556.197889,3821.5,7128,7
59,0.2,static,317,630,14.33351898,25632,47,,0.8365079365,2214.74127,265,7128,0
59,0.2,rolling,317,630,16.41849923,1000,2,,0.8857142857,2926.157143,756.5,7128,0
59,0.2,static,317,630,14.33351898,24874,47,,0.8365079365,2214.74127,265,7128,1
59,0.2,rolling,317,630,18.46389771,1000,3,,0.9142857143,3584.738095,3987.5,7128,1
59,0.2,static,317,630,14.33351898,23422,47,,0.8365079365,2214.74127,265,7128,3
59,0.2,rolling,317,630,17.72544193,1000,5,,0.9095238095,3366.47619,1659.5,7128,3
59,0.2,static,317,630,14.33351898,21110,47,,0.8365079365,2214.74127,265,7128,7
59,0.2,rolling,317,630,17.38958502,1000,9,,0.9079365079,3262.407937,1272,7128,7
59,0.2,static,318,342,14.33351898,26262,48,,0.8070175439,2259.625731,169.5,7128,0
59,0.2,rolling,318,342,17.02605939,1000,2,,0.9035087719,3003.678363,851,7128,0
59,0.2,static,318,342,14.33351898,25632,48,,0.8070175439,2259.625731,169.5,7128,1
59,0.2,rolling,318,342,16.41849923,1000,3,,0.8830409357,2830.131579,645,7128,1
59,0.2,static,318,342,14.33351898,24100,48,,0.8070175439,2259.625731,169.5,7128,3
59,0.2,rolling,318,342,17.28991127,1000,5,,0.9064327485,3084.704678,932,7128,3
59,0.2,static,318,342,14.33351898,21730,48,,0.8070175439,2259.625731,169.5,7128,7
59,0.2,rolling,318,342,15.83829856,1000,9,,0.8567251462,2658.494152,454,7128,7
59,0.2,static,319,324,14.33351898,26604,49,,0.8302469136,2285.225309,311,7128,0
59,0.2,rolling,319,324,16.95942307,1000,3,,0.8919753086,3230.552469,1202,7128,0
59,0.2,static,319,324,14.33351898,26262,49,,0.8302469136,2285.225309,311,7128,1
59,0.2,rolling,319,324,17.02605939,1000,3,,0.8950617284,3261.376543,1243,7128,1
59,0.2,static,319,324,14.33351898,24874,49,,0.8302469136,2285.225309,311,7128,3
59,0.2,rolling,319,324,18.46389771,1000,5,,0.9259259259,3690.015432,4290.5,7128,3
59,0.2,static,319,324,14.33351898,22168,49,,0.8302469136,2285.225309,311,7128,7
59,0.2,rolling,319,324,15.32211018,1000,9,,0.8425925926,2582.966049,515,7128,7
59,0.2,static,320,736,14.33351898,26928,50,,0.8247282609,2869.80163,400.5,7128,0
59,0.2,rolling,320,736,17.11890793,1000,3,,0.8899456522,3676.730978,4173,7128,0
59,0.2,static,320,736,14.33351898,26604,50,,0.8247282609,2869.80163,400.5,7128,1
59,0.2,rolling,320,736,16.95942307,1000,4,,0.8885869565,3626.088315,3963,7128,1
59,0.2,static,320,736,14.33351898,25632,50,,0.8247282609,2869.80163,400.5,7128,3
59,0.2,rolling,320,736,16.41849923,1000,5,,0.8763586957,3466.691576,1705.5,7128,3
59,0.2,static,320,736,14.33351898,22628,50,,0.8247282609,2869.80163,400.5,7128,7
59,0.2,rolling,320,736,16.79749572,1000,10,,0.8845108696,3580.125,3246,7128,7
59,0.2,static,321,680,14.33351898,27664,51,,0.8455882353,2713.492647,388.5,7128,0
59,0.2,rolling,321,680,17.37299162,1000,2,,0.8955882353,3704.682353,4515,7128,0
59,0.2,static,321,680,14.33351898,26928,51,,0.8455882353,2713.492647,388.5,7128,1
59,0.2,rolling,321,680,17.11890793,1000,4,,0.8941176471,3623.630882,3933,7128,1
59,0.2,static,321,680,14.33351898,26262,51,,0.8455882353,2713.492647,388.5,7128,3
59,0.2,rolling,321,680,17.02605939,1000,5,,0.8911764706,3594.682353,3773,7128,3
59,0.2,static,321,680,14.33351898,23422,51,,0.8455882353,2713.492647,388.5,7128,7
59,0.2,rolling,321,680,17.72544193,1000,9,,0.9044117647,3813.386765,5111,7128,7
59,0.2,static,322,668,14.33351898,28344,52,,0.8562874251,2804.437126,497.5,7128,0
59,0.2,rolling,322,668,18.14936876,1000,2,,0.9161676647,4066.035928,6223,7128,0
59,0.2,static,322,668,14.33351898,27664,52,,0.8562874251,2804.437126,497.5,7128,1
59,0.2,rolling,322,668,17.37299162,1000,3,,0.9116766467,3845.501497,5458,7128,1
59,0.2,static,322,668,14.33351898,26604,52,,0.8562874251,2804.437126,497.5,7128,3
59,0.2,rolling,322,668,16.95942307,1000,6,,0.9056886228,3718.745509,4847.5,7128,3
59,0.2,static,322,668,14.33351898,24100,52,,0.8562874251,2804.437126,497.5,7128,7
59,0.2,rolling,322,668,17.28991127,1000,9,,0.9116766467,3822.702096,5351.5,7128,7
59,0.2,static,323,668,14.33351898,29012,53,,0.8218562874,2604.595808,423.5,7128,0
59,0.2,rolling,323,668,17.21508995,1000,2,,0.8937125749,3606.678144,3888,7128,0
59,0.2,static,323,668,14.33351898,28344,53,,0.8218562874,2604.595808,423.5,7128,1
59,0.2,rolling,323,668,18.14936876,1000,3,,0.9101796407,3908.308383,5389,7128,1
59,0.2,static,323,668,14.33351898,26928,53,,0.8218562874,2604.595808,423.5,7128,3
59,0.2,rolling,323,668,17.11890793,1000,6,,0.8907185629,3565.049401,3631.5,7128,3
59,0.2,static,323,668,14.33351898,24874,53,,0.8218562874,2604.595808,423.5,7128,7
59,0.2,rolling,323,668,18.46389771,1000,9,,0.9131736527,4007.405689,5796,7128,7
59,0.2,static,324,796,14.33351898,29680,54,,0.7801507538,2391.819095,261,7128,0
59,0.2,rolling,324,796,17.3590374,1000,2,,0.864321608,3330.895729,1103.5,7128,0
59,0.2,static,324,796,14.33351898,29012,54,,0.7801507538,2391.819095,261,7128,1
59,0.2,rolling,324,796,17.21508995,1000,3,,0.8630653266,3278.026382,1036,7128,1
59,0.2,static,324,796,14.33351898,27664,54,,0.7801507538,2391.819095,261,7128,3
59,0.2,rolling,324,796,17.37299162,1000,5,,0.864321608,3334.536432,1112.5,7128,3
59,0.2,static,324,796,14.33351898,25632,54,,0.7801507538,2391.819095,261,7128,7
59,0.2,rolling,324,796,16.41849923,1000,9,,0.8479899497,3026.929648,674.5,7128,7
59,0.2,static,325,398,14.33351898,30476,55,,0.7487437186,2459.949749,221,7128,0
59,0.2,rolling,325,398,18.7666769,1000,2,,0.8743718593,3532.5,1923.5,7128,0
59,0.2,static,325,398,14.33351898,29680,55,,0.7487437186,2459.949749,221,7128,1
59,0.2,rolling,325,398,17.3590374,1000,3,,0.8316582915,3167.399497,934,7128,1
59,0.2,static,325,398,14.33351898,28344,55,,0.7487437186,2459.949749,221,7128,3
59,0.2,rolling,325,398,18.14936876,1000,5,,0.8492462312,3381.040201,1379.5,7128,3
59,0.2,static,325,398,14.33351898,26262,55,,0.7487437186,2459.949749,221,7128,7
59,0.2,rolling,325,398,17.02605939,1000,9,,0.8190954774,3073.693467,790,7128,7
59,0.2,static,326,422,14.33351898,30874,56,,0.7677725118,1901.981043,83.5,7128,0
59,0.2,rolling,326,422,18.98939323,1000,2,,0.8862559242,2902.151659,661.5,7128,0
59,0.2,static,326,422,14.33351898,30476,56,,0.7677725118,1901.981043,83.5,7128,1
59,0.2,rolling,326,422,18.7666769,1000,3,,0.8838862559,2860.00237,585.5,7128,1
59,0.2,static,326,422,14.33351898,29012,56,,0.7677725118,1901.981043,83.5,7128,3
59,0.2,rolling,326,422,17.21508995,1000,5,,0.836492891,2505.92654,265,7128,3
59,0.2,static,326,422,14.33351898,26604,56,,0.7677725118,1901.981043,83.5,7128,7
59,0.2,rolling,326,422,16.95942307,1000,10,,0.8317535545,2438.319905,244,7128,7
59,0.2,static,327,738,14.33351898,31296,57,,0.8048780488,2497.195122,240.5,7128,0
59,0.2,rolling,327,738,19.6757679,1000,3,,0.9078590786,3910.952575,5706.5,7128,0
59,0.2,static,327,738,14.33351898,30874,57,,0.8048780488,2497.195122,240.5,7128,1
59,0.2,rolling,327,738,18.98939323,1000,3,,0.8997289973,3729.169377,4606.5,7128,1
59,0.2,static,327,738,14.33351898,29680,57,,0.8048780488,2497.195122,240.5,7128,3
59,0.2,rolling,327,738,17.3590374,1000,5,,0.8699186992,3298.361789,1078,7128,3
59,0.2,static,327,738,14.33351898,26928,57,,0.8048780488,2497.195122,240.5,7128,7
59,0.2,rolling,327,738,17.11890793,1000,10,,0.8672086721,3227.163957,901,7128,7
59,0.2,static,328,600,14.33351898,32034,58,,0.8183333333,2604.761667,328.5,7128,0
59,0.2,rolling,328,600,19.37107563,1000,2,,0.9266666667,4065.615,6420,7128,0
59,0.2,static,328,600,14.33351898,31296,58,,0.8183333333,2604.761667,328.5,7128,1
59,0.2,rolling,328,600,19.6757679,1000,4,,0.9266666667,4144.301667,6587,7128,1
59,0.2,static,328,600,14.33351898,30476,58,,0.8183333333,2604.761667,328.5,7128,3
59,0.2,rolling,328,600,18.7666769,1000,5,,0.9183333333,3918.171667,5765,7128,3
59,0.2,static,328,600,14.33351898,27664,58,,0.8183333333,2604.761667,328.5,7128,7
59,0.2,rolling,328,600,17.37299162,1000,9,,0.9033333333,3558.275,3505,7128,7
59,0.2,static,329,684,14.33351898,32634,59,,0.7953216374,2644.340643,301,7128,0
59,0.2,rolling,329,684,18.66192055,1000,2,,0.9195906433,3958.292398,5873,7128,0
59,0.2,static,329,684,14.33351898,32034,59,,0.7953216374,2644.340643,301,7128,1
59,0.2,rolling,329,684,19.37107563,1000,3,,0.9283625731,4148.137427,6572.5,7128,1
59,0.2,static,329,684,14.33351898,30874,59,,0.7953216374,2644.340643,301,7128,3
59,0.2,rolling,329,684,18.98939323,1000,5,,0.9225146199,4047.00731,6311.5,7128,3
59,0.2,static,329,684,14.33351898,28344,59,,0.7953216374,2644.340643,301,7128,7
59,0.2,rolling,329,684,18.14936876,1000,9,,0.9108187135,3817.821637,5120.5,7128,7
59,0.2,static,330,640,14.33351898,33318,60,,0.80625,2494.7,287.5,7128,0
59,0.2,rolling,330,640,17.64603543,1000,2,,0.9078125,3527.328125,2290,7128,0
59,0.2,static,330,640,14.33351898,32634,60,,0.80625,2494.7,287.5,7128,1
59,0.2,rolling,330,640,18.66192055,1000,3,,0.9265625,3835.778125,5174,7128,1
59,0.2,static,330,640,14.33351898,31296,60,,0.80625,2494.7,287.5,7128,3
59,0.2,rolling,330,640,19.6757679,1000,6,,0.934375,4147.05,6477.5,7128,3
59,0.2,static,330,640,14.33351898,29012,60,,0.80625,2494.7,287.5,7128,7
59,0.2,rolling,330,640,17.21508995,1000,9,,0.9,3373.960938,1582,7128,7
59,0.2,static,331,506,14.33351898,33958,61,,0.8320158103,2610.007905,252,7128,0
59,0.2,rolling,331,506,17.60978711,1000,2,,0.895256917,3629.150198,4210.5,7128,0
59,0.2,static,331,506,14.33351898,33318,61,,0.8320158103,2610.007905,252,7128,1
59,0.2,rolling,331,506,17.64603543,1000,3,,0.895256917,3637.907115,4279.5,7128,1
59,0.2,static,331,506,14.33351898,32034,61,,0.8320158103,2610.007905,252,7128,3
59,0.2,rolling,331,506,19.37107563,1000,5,,0.9209486166,4164.12253,6649,7128,3
59,0.2,static,331,506,14.33351898,29680,61,,0.8320158103,2610.007905,252,7128,7
59,0.2,rolling,331,506,17.3590374,1000,9,,0.8932806324,3555.65415,2436,7128,7
59,0.2,static,332,318,14.33351898,34464,62,,0.8333333333,2541.238994,223,7128,0
59,0.2,rolling,332,318,17.60978711,1000,2,,0.9025157233,3331.477987,1050.5,7128,0
59,0.2,static,332,318,14.33351898,33958,62,,0.8333333333,2541.238994,223,7128,1
59,0.2,rolling,332,318,17.60978711,1000,3,,0.9025157233,3331.477987,1050.5,7128,1
59,0.2,static,332,318,14.33351898,32634,62,,0.8333333333,2541.238994,223,7128,3
59,0.2,rolling,332,318,18.66192055,1000,5,,0.9213836478,3594.226415,3831.5,7128,3
59,0.2,static,332,318,14.33351898,30476,62,,0.8333333333,2541.238994,223,7128,7
59,0.2,rolling,332,318,18.7666769,1000,9,,0.9213836478,3622.506289,3986,7128,7
59,0.2,static,333,342,14.33351898,34782,63,,0.8040935673,2503.111111,203,7128,0
59,0.2,rolling,333,342,17.67157769,1000,3,,0.8742690058,3271.827485,873.5,7128,0
59,0.2,static,333,342,14.33351898,34464,63,,0.8040935673,2503.111111,203,7128,1
59,0.2,rolling,333,342,17.60978711,1000,3,,0.8742690058,3253.388889,855.5,7128,1
59,0.2,static,333,342,14.33351898,33318,63,,0.8040935673,2503.111111,203,7128,3
59,0.2,rolling,333,342,17.64603543,1000,5,,0.8742690058,3264.660819,864.5,7128,3
59,0.2,static,333,342,14.33351898,30874,63,,0.8040935673,2503.111111,203,7128,7
59,0.2,rolling,333,342,18.98939323,1000,9,,0.8947368421,3576.453216,1878.5,7128,7
59,0.2,static,334,700,14.33351898,35124,64,,0.8371428571,2455.172857,217.5,7128,0
59,0.2,rolling,334,700,17.85391998,1000,3,,0.9028571429,3469.314286,1807,7128,0
59,0.2,static,334,700,14.33351898,34782,64,,0.8371428571,2455.172857,217.5,7128,1
59,0.2,rolling,334,700,17.67157769,1000,4,,0.9014285714,3419.488571,1592,7128,1
59,0.2,static,334,700,14.33351898,33958,64,,0.8371428571,2455.172857,217.5,7128,3
59,0.2,rolling,334,700,17.60978711,1000,5,,0.9,3399.511429,1530,7128,3
59,0.2,static,334,700,14.33351898,31296,64,,0.8371428571,2455.172857,217.5,7128,7
59,0.2,rolling,334,700,19.6757679,1000,10,,0.93,4082.792857,6026,7128,7
59,0.2,static,335,656,14.33351898,35824,65,,0.8216463415,2520.123476,292.5,7128,0
59,0.2,rolling,335,656,18.11070633,1000,2,,0.8948170732,3608.503049,3971,7128,0
59,0.2,static,335,656,14.33351898,35124,65,,0.8216463415,2520.123476,292.5,7128,1
59,0.2,rolling,335,656,17.85391998,1000,4,,0.8887195122,3534.690549,2167,7128,1
59,0.2,static,335,656,14.33351898,34464,65,,0.8216463415,2520.123476,292.5,7128,3
59,0.2,rolling,335,656,17.60978711,1000,5,,0.887195122,3481.890244,1838,7128,3
59,0.2,static,335,656,14.33351898,32034,65,,0.8216463415,2520.123476,292.5,7128,7
59,0.2,rolling,335,656,19.37107563,1000,9,,0.9100609756,3912.067073,5975,7128,7
59,0.2,static,336,632,14.33351898,36480,66,,0.7705696203,2345.226266,247,7128,0
59,0.2,rolling,336,632,18.94953203,1000,2,,0.8844936709,3818.968354,5131.5,7128,0
59,0.2,static,336,632,14.33351898,35824,66,,0.7705696203,2345.226266,247,7128,1
59,0.2,rolling,336,632,18.11070633,1000,3,,0.8670886076,3526.102848,2843,7128,1
59,0.2,static,336,632,14.33351898,34782,66,,0.7705696203,2345.226266,247,7128,3
59,0.2,rolling,336,632,17.67157769,1000,6,,0.8591772152,3368.186709,1710.5,7128,3
59,0.2,static,336,632,14.33351898,32634,66,,0.7705696203,2345.226266,247,7128,7
59,0.2,rolling,336,632,18.66192055,1000,9,,0.8813291139,3729.862342,4699.5,7128,7
59,0.2,static,337,552,14.33351898,37112,67,,0.8043478261,2435.936594,234,7128,0
59,0.2,rolling,337,552,19.42327583,1000,2,,0.9094202899,3770.164855,5009,7128,0
59,0.2,static,337,552,14.33351898,36480,67,,0.8043478261,2435.936594,234,7128,1
59,0.2,rolling,337,552,18.94953203,1000,3,,0.9057971014,3677.548913,4414.5,7128,1
59,0.2,static,337,552,14.33351898,35124,67,,0.8043478261,2435.936594,234,7128,3
59,0.2,rolling,337,552,17.85391998,1000,6,,0.8894927536,3442.722826,1369,7128,3
59,0.2,static,337,552,14.33351898,33318,67,,0.8043478261,2435.936594,234,7128,7
59,0.2,rolling,337,552,17.64603543,1000,9,,0.8822463768,3404.092391,1200,7128,7
59,0.2,static,338,496,14.33351898,37664,68,,0.7943548387,2404.582661,228.5,7128,0
59,0.2,rolling,338,496,19.42384291,1000,2,,0.9012096774,3895.40121,5708.5,7128,0
59,0.2,static,338,496,14.33351898,37112,68,,0.7943548387,2404.582661,228.5,7128,1
59,0.2,rolling,338,496,19.42327583,1000,3,,0.9012096774,3895.243952,5706.5,7128,1
59,0.2,static,338,496,14.33351898,35824,68,,0.7943548387,2404.582661,228.5,7128,3
59,0.2,rolling,338,496,18.11070633,1000,5,,0.8790322581,3556.514113,2987.5,7128,3
59,0.2,static,338,496,14.33351898,33958,68,,0.7943548387,2404.582661,228.5,7128,7
59,0.2,rolling,338,496,17.60978711,1000,9,,0.872983871,3403.27621,1739,7128,7
59,0.2,static,339,328,14.33351898,38160,69,,0.7682926829,1919.390244,159.5,7128,0
59,0.2,rolling,339,328,18.61374605,1000,2,,0.8963414634,3189.009146,1148.5,7128,0
59,0.2,static,339,328,14.33351898,37664,69,,0.7682926829,1919.390244,159.5,7128,1
59,0.2,rolling,339,328,19.42384291,1000,3,,0.9207317073,3474.814024,1750.5,7128,1
59,0.2,static,339,328,14.33351898,36480,69,,0.7682926829,1919.390244,159.5,7128,3
59,0.2,rolling,339,328,18.94953203,1000,5,,0.9054878049,3311.213415,1380,7128,3
59,0.2,static,339,328,14.33351898,34464,69,,0.7682926829,1919.390244,159.5,7128,7
59,0.2,rolling,339,328,17.60978711,1000,9,,0.8841463415,2860.448171,707,7128,7
59,0.2,static,340,328,14.33351898,38488,70,,0.7682926829,2372.234756,175,7128,0
59,0.2,rolling,340,328,19.01550075,1000,3,,0.8993902439,3623.612805,2875,7128,0
59,0.2,static,340,328,14.33351898,38160,70,,0.7682926829,2372.234756,175,7128,1
59,0.2,rolling,340,328,18.61374605,1000,3,,0.887195122,3521.777439,1723,7128,1
59,0.2,static,340,328,14.33351898,37112,70,,0.7682926829,2372.234756,175,7128,3
59,0.2,rolling,340,328,19.42327583,1000,5,,0.9146341463,3726.338415,4196,7128,3
59,0.2,static,340,328,14.33351898,34782,70,,0.7682926829,2372.234756,175,7128,7
59,0.2,rolling,340,328,17.67157769,1000,10,,0.8597560976,3255.679878,947,7128,7
59,0.2,static,341,576,14.33351898,38816,71,,0.8125,2406.75,221,7128,0
59,0.2,rolling,341,576,18.95128886,1000,3,,0.8871527778,3727.911458,4753.5,7128,0
59,0.2,static,341,576,14.33351898,38488,71,,0.8125,2406.75,221,7128,1
59,0.2,rolling,341,576,19.01550075,1000,4,,0.8871527778,3740.737847,4867,7128,1
59,0.2,static,341,576,14.33351898,37664,71,,0.8125,2406.75,221,7128,3
59,0.2,rolling,341,576,19.42384291,1000,5,,0.9010416667,3850.555556,5551,7128,3
59,0.2,static,341,576,14.33351898,35124,71,,0.8125,2406.75,221,7128,7
59,0.2,rolling,341,576,17.85391998,1000,10,,0.8680555556,3456.340278,1786.5,7128,7
59,0.2,static,342,636,14.33351898,39392,72,,0.8018867925,2414.943396,218,7128,0
59,0.2,rolling,342,636,19.13803303,1000,3,,0.8946540881,3728.814465,4346,7128,0
59,0.2,static,342,636,14.33351898,38816,72,,0.8018867925,2414.943396,218,7128,1
59,0.2,rolling,342,636,18.95128886,1000,4,,0.893081761,3672.050314,4080.5,7128,1
59,0.2,static,342,636,14.33351898,38160,72,,0.8018867925,2414.943396,218,7128,3
59,0.2,rolling,342,636,18.61374605,1000,5,,0.891509434,3571.710692,2160,7128,3
59,0.2,static,342,636,14.33351898,35824,72,,0.8018867925,2414.943396,218,7128,7
59,0.2,rolling,342,636,18.11070633,1000,9,,0.8726415094,3430.133648,1600.5,7128,7
59,0.2,static,343,642,14.33351898,40028,73,,0.7647975078,2841.431464,492,7128,0
59,0.2,rolling,343,642,19.97239876,1000,2,,0.8894080997,4403.062305,6999,7128,0
59,0.2,static,343,642,14.33351898,39392,73,,0.7647975078,2841.431464,492,7128,1
59,0.2,rolling,343,642,19.13803303,1000,4,,0.8738317757,4194.484424,6739.5,7128,1
59,0.2,static,343,642,14.33351898,38488,73,,0.7647975078,2841.431464,492,7128,3
59,0.2,rolling,343,642,19.01550075,1000,6,,0.8707165109,4161.392523,6666.5,7128,3
59,0.2,static,343,642,14.33351898,36480,73,,0.7647975078,2841.431464,492,7128,7
59,0.2,rolling,343,642,18.94953203,1000,9,,0.8707165109,4143.582555,6618,7128,7
59,0.2,static,344,650,14.33351898,40670,74,,0.7707692308,2462.629231,173.5,7128,0
59,0.2,rolling,344,650,20.31816763,1000,2,,0.88,3964.527692,6133,7128,0
59,0.2,static,344,650,14.33351898,40028,74,,0.7707692308,2462.629231,173.5,7128,1
59,0.2,rolling,344,650,19.97239876,1000,3,,0.8753846154,3875.718462,5791,7128,1
59,0.2,static,344,650,14.33351898,38816,74,,0.7707692308,2462.629231,173.5,7128,3
59,0.2,rolling,344,650,18.95128886,1000,6,,0.8661538462,3635.086154,4528.5,7128,3
59,0.2,static,344,650,14.33351898,37112,74,,0.7707692308,2462.629231,173.5,7128,7
59,0.2,rolling,344,650,19.42327583,1000,9,,0.8707692308,3742.458462,5140,7128,7
59,0.2,static,345,586,14.33351898,41320,75,,0.8293515358,2914.225256,472,7128,0
59,0.2,rolling,345,586,21.55541325,1000,2,,0.9232081911,4544.16041,7115.5,7128,0
59,0.2,static,345,586,14.33351898,40670,75,,0.8293515358,2914.225256,472,7128,1
59,0.2,rolling,345,586,20.31816763,1000,3,,0.9129692833,4293.967577,7043,7128,1
59,0.2,static,345,586,14.33351898,39392,75,,0.8293515358,2914.225256,472,7128,3
59,0.2,rolling,345,586,19.13803303,1000,6,,0.9010238908,4078.276451,6698,7128,3
59,0.2,static,345,586,14.33351898,37664,75,,0.8293515358,2914.225256,472,7128,7
59,0.2,rolling,345,586,19.42384291,1000,9,,0.9027303754,4135.656997,6835.5,7128,7
59,0.2,static,346,224,14.33351898,41906,76,,0.7678571429,1757.959821,90,7128,0
59,0.2,rolling,346,224,20.11134607,1000,2,,0.8883928571,3075.839286,974,7128,0
59,0.2,static,346,224,14.33351898,41320,76,,0.7678571429,1757.959821,90,7128,1
59,0.2,rolling,346,224,21.55541325,1000,3,,0.90625,3449.84375,1623,7128,1
59,0.2,static,346,224,14.33351898,40028,76,,0.7678571429,1757.959821,90,7128,3
59,0.2,rolling,346,224,19.97239876,1000,5,,0.8839285714,3047.004464,905,7128,3
59,0.2,static,346,224,14.33351898,38160,76,,0.7678571429,1757.959821,90,7128,7
59,0.2,rolling,346,224,18.61374605,1000,9,,0.8705357143,2672.263393,555.5,7128,7
59,0.2,static,347,306,14.33351898,42130,77,,0.839869281,1873.395425,78,7128,0
59,0.2,rolling,347,306,20.06085968,1000,3,,0.9248366013,3035.633987,701.5,7128,0
59,0.2,static,347,306,14.33351898,41906,77,,0.839869281,1873.395425,78,7128,1
59,0.2,rolling,347,306,20.11134607,1000,3,,0.9248366013,3042.908497,711.5,7128,1
59,0.2,static,347,306,14.33351898,40670,77,,0.839869281,1873.395425,78,7128,3
59,0.2,rolling,347,306,20.31816763,1000,5,,0.9248366013,3082.630719,757.5,7128,3
59,0.2,static,347,306,14.33351898,38488,77,,0.839869281,1873.395425,78,7128,7
59,0.2,rolling,347,306,19.01550075,1000,10,,0.9019607843,2835.009804,469.5,7128,7
59,0.2,static,348,714,14.33351898,42436,78,,0.7829131653,2341.703081,148,7128,0
59,0.2,rolling,348,714,19.17855358,1000,3,,0.8753501401,3465.844538,1735.5,7128,0
59,0.2,static,348,714,14.33351898,42130,78,,0.7829131653,2341.703081,148,7128,1
59,0.2,rolling,348,714,20.06085968,1000,4,,0.8907563025,3686.256303,4358,7128,1
59,0.2,static,348,714,14.33351898,41320,78,,0.7829131653,2341.703081,148,7128,3
59,0.2,rolling,348,714,21.55541325,1000,5,,0.9145658263,4068.379552,6255,7128,3
59,0.2,static,348,714,14.33351898,38816,78,,0.7829131653,2341.703081,148,7128,7
59,0.2,rolling,348,714,18.95128886,1000,10,,0.8725490196,3410.662465,1510,7128,7
59,0.2,static,349,600,14.33351898,43150,79,,0.7733333333,2082.346667,124.5,7128,0
59,0.2,rolling,349,600,19.91645527,1000,2,,0.865,3445.388333,1971.5,7128,0
59,0.2,static,349,600,14.33351898,42436,79,,0.7733333333,2082.346667,124.5,7128,1
59,0.2,rolling,349,600,19.17855358,1000,4,,0.8566666667,3245.165,1199.5,7128,1
59,0.2,static,349,600,14.33351898,41906,79,,0.7733333333,2082.346667,124.5,7128,3
59,0.2,rolling,349,600,20.11134607,1000,5,,0.8716666667,3507.31,2255.5,7128,3
59,0.2,static,349,600,14.33351898,39392,79,,0.7733333333,2082.346667,124.5,7128,7
59,0.2,rolling,349,600,19.13803303,1000,10,,0.855,3236.826667,1171,7128,7
59,0.2,static,350,656,14.33351898,43750,80,,0.7606707317,1861.719512,105,7128,0
59,0.2,rolling,350,656,21.9695425,1000,2,,0.9146341463,3590.658537,3715.5,7128,0
59,0.2,static,350,656,14.33351898,43150,80,,0.7606707317,1861.719512,105,7128,1
59,0.2,rolling,350,656,19.91645527,1000,3,,0.8780487805,3077.460366,916.5,7128,1
59,0.2,static,350,656,14.33351898,42130,80,,0.7606707317,1861.719512,105,7128,3
59,0.2,rolling,350,656,20.06085968,1000,6,,0.8795731707,3110.550305,974.5,7128,3
59,0.2,static,350,656,14.33351898,40028,80,,0.7606707317,1861.719512,105,7128,7
59,0.2,rolling,350,656,19.97239876,1000,9,,0.8795731707,3089.748476,952,7128,7
59,0.2,static,351,522,14.33351898,44406,81,,0.7701149425,1943.049808,88,7128,0
59,0.2,rolling,351,522,21.09267902,1000,2,,0.8812260536,3383.936782,1259.5,7128,0
59,0.2,static,351,522,14.33351898,43750,81,,0.7701149425,1943.049808,88,7128,1
59,0.2,rolling,351,522,21.9695425,1000,3,,0.9042145594,3577.639847,2928.5,7128,1
59,0.2,static,351,522,14.33351898,42436,81,,0.7701149425,1943.049808,88,7128,3
59,0.2,rolling,351,522,19.17855358,1000,6,,0.8448275862,2952.823755,493,7128,3
59,0.2,static,351,522,14.33351898,40670,81,,0.7701149425,1943.049808,88,7128,7
59,0.2,rolling,351,522,20.31816763,1000,9,,0.867816092,3213.254789,820.5,7128,7
59,0.2,static,352,462,14.33351898,44928,82,,0.7359307359,1950.664502,110,7128,0
59,0.2,rolling,352,462,21.4813292,1000,2,,0.9004329004,3776.822511,5224.5,7128,0
59,0.2,static,352,462,14.33351898,44406,82,,0.7359307359,1950.664502,110,7128,1
59,0.2,rolling,352,462,21.09267902,1000,3,,0.8896103896,3671.835498,4834.5,7128,1
59,0.2,static,352,462,14.33351898,43150,82,,0.7359307359,1950.664502,110,7128,3
59,0.2,rolling,352,462,19.91645527,1000,5,,0.8614718615,3391.313853,1885,7128,3
59,0.2,static,352,462,14.33351898,41320,82,,0.7359307359,1950.664502,110,7128,7
59,0.2,rolling,352,462,21.55541325,1000,9,,0.9004329004,3799.792208,5289.5,7128,7
59,0.2,static,353,242,14.33351898,45390,83,,0.6900826446,1787.115702,109.5,7128,0
59,0.2,rolling,353,242,21.82526517,1000,3,,0.867768595,3642.756198,4187.5,7128,0
59,0.2,static,353,242,14.33351898,44928,83,,0.6900826446,1787.115702,109.5,7128,1
59,0.2,rolling,353,242,21.4813292,1000,3,,0.867768595,3589.714876,3149,7128,1
59,0.2,static,353,242,14.33351898,43750,83,,0.6900826446,1787.115702,109.5,7128,3
59,0.2,rolling,353,242,21.9695425,1000,5,,0.8801652893,3671.004132,4329,7128,3
59,0.2,static,353,242,14.33351898,41906,83,,0.6900826446,1787.115702,109.5,7128,7
59,0.2,rolling,353,242,20.11134607,1000,9,,0.8388429752,3356.77686,1217.5,7128,7
59,0.2,static,354,238,14.33351898,45632,84,,0.718487395,2236.222689,141,7128,0
59,0.2,rolling,354,238,22.20458508,1000,3,,0.8991596639,4221.256303,6452,7128,0
59,0.2,static,354,238,14.33351898,45390,84,,0.718487395,2236.222689,141,7128,1
59,0.2,rolling,354,238,21.82526517,1000,4,,0.8949579832,4117.92437,6219,7128,1
59,0.2,static,354,238,14.33351898,44406,84,,0.718487395,2236.222689,141,7128,3
59,0.2,rolling,354,238,21.09267902,1000,5,,0.8865546218,3927.44958,5241,7128,3
59,0.2,static,354,238,14.33351898,42130,84,,0.718487395,2236.222689,141,7128,7
59,0.2,rolling,354,238,20.06085968,1000,10,,0.8571428571,3627.109244,3934,7128,7
59,0.2,static,355,578,14.33351898,45870,85,,0.6903114187,2235.904844,132,7128,0
59,0.2,rolling,355,578,22.7656498,1000,4,,0.8979238754,4236.610727,6568,7128,0
59,0.2,static,355,578,14.33351898,45632,85,,0.6903114187,2235.904844,132,7128,1
59,0.2,rolling,355,578,22.20458508,1000,4,,0.8910034602,4091.15917,6312,7128,1
59,0.2,static,355,578,14.33351898,44928,85,,0.6903114187,2235.904844,132,7128,3
59,0.2,rolling,355,578,21.4813292,1000,5,,0.8737024221,3907.456747,5520,7128,3
59,0.2,static,355,578,14.33351898,42436,85,,0.6903114187,2235.904844,132,7128,7
59,0.2,rolling,355,578,19.17855358,1000,10,,0.8287197232,3356.053633,1231.5,7128,7
59,0.2,static,356,548,14.33351898,46448,86,,0.7317518248,2201.005474,140,7128,0
59,0.2,rolling,356,548,22.80119026,1000,3,,0.9069343066,4180.534672,6534,7128,0
59,0.2,static,356,548,14.33351898,45870,86,,0.7317518248,2201.005474,140,7128,1
59,0.2,rolling,356,548,22.7656498,1000,5,,0.9069343066,4172.868613,6505.5,7128,1
59,0.2,static,356,548,14.33351898,45390,86,,0.7317518248,2201.005474,140,7128,3
59,0.2,rolling,356,548,21.82526517,1000,6,,0.897810219,3944.067518,5478.5,7128,3
59,0.2,static,356,548,14.33351898,43150,86,,0.7317518248,2201.005474,140,7128,7
59,0.2,rolling,356,548,19.91645527,1000,9,,0.8649635036,3499.29562,1757,7128,7
59,0.2,static,357,406,14.33351898,46996,87,,0.7463054187,1567.03202,88,7128,0
59,0.2,rolling,357,406,22.83583021,1000,2,,0.9261083744,3715.305419,4179.5,7128,0
59,0.2,static,357,406,14.33351898,46448,87,,0.7463054187,1567.03202,88,7128,1
59,0.2,rolling,357,406,22.80119026,1000,4,,0.9261083744,3709.229064,4134,7128,1
59,0.2,static,357,406,14.33351898,45632,87,,0.7463054187,1567.03202,88,7128,3
59,0.2,rolling,357,406,22.20458508,1000,6,,0.9187192118,3587.347291,2106.5,7128,3
59,0.2,static,357,406,14.33351898,43750,87,,0.7463054187,1567.03202,88,7128,7
59,0.2,rolling,357,406,21.9695425,1000,9,,0.9162561576,3531.874384,1780.5,7128,7
59,0.2,static,358,300,14.33351898,47402,88,,0.75,1496.433333,65,7128,0
59,0.2,rolling,358,300,21.66165113,1000,3,,0.9,3017.473333,859.5,7128,0
59,0.2,static,358,300,14.33351898,46996,88,,0.75,1496.433333,65,7128,1
59,0.2,rolling,358,300,22.83583021,1000,3,,0.9066666667,3315.256667,1255.5,7128,1
59,0.2,static,358,300,14.33351898,45870,88,,0.75,1496.433333,65,7128,3
59,0.2,rolling,358,300,22.7656498,1000,7,,0.9066666667,3295.806667,1233,7128,3
59,0.2,static,358,300,14.33351898,44406,88,,0.75,1496.433333,65,7128,7
59,0.2,rolling,358,300,21.09267902,1000,9,,0.8866666667,2903.793333,667,7128,7
59,0.2,static,359,330,14.33351898,47702,89,,0.8212121212,2604.390909,353,7128,0
59,0.2,rolling,359,330,21.66165113,1000,3,,0.9515151515,4459.148485,7105,7128,0
59,0.2,static,359,330,14.33351898,47402,89,,0.8212121212,2604.390909,353,7128,1
59,0.2,rolling,359,330,21.66165113,1000,4,,0.9515151515,4459.148485,7105,7128,1
59,0.2,static,359,330,14.33351898,46448,89,,0.8212121212,2604.390909,353,7128,3
59,0.2,rolling,359,330,22.80119026,1000,6,,0.9545454545,4677.275758,7123.5,7128,3
59,0.2,static,359,330,14.33351898,44928,89,,0.8212121212,2604.390909,353,7128,7
59,0.2,rolling,359,330,21.4813292,1000,9,,0.9515151515,4417.890909,7098.5,7128,7
59,0.2,static,360,228,14.33351898,48032,90,,0.7850877193,1803.785088,98,7128,0
59,0.2,rolling,360,228,19.74633408,1000,3,,0.8859649123,3000.333333,863,7128,0
59,0.2,static,360,228,14.33351898,47702,90,,0.7850877193,1803.785088,98,7128,1
59,0.2,rolling,360,228,21.66165113,1000,4,,0.9298245614,3484.008772,2035.5,7128,1
59,0.2,static,360,228,14.33351898,46996,90,,0.7850877193,1803.785088,98,7128,3
59,0.2,rolling,360,228,22.83583021,1000,5,,0.9385964912,3877.894737,4843.5,7128,3
59,0.2,static,360,228,14.33351898,45390,90,,0.7850877193,1803.785088,98,7128,7
59,0.2,rolling,360,228,21.82526517,1000,10,,0.9298245614,3531.95614,2170,7128,7
59,0.2,static,361,246,14.33351898,48260,91,,0.7357723577,1533.873984,49,7128,0
59,0.2,rolling,361,246,20.60541427,1000,4,,0.8861788618,2977.780488,596,7128,0
59,0.2,static,361,246,14.33351898,48032,91,,0.7357723577,1533.873984,49,7128,1
59,0.2,rolling,361,246,19.74633408,1000,4,,0.8699186992,2804.126016,421.5,7128,1
59,0.2,static,361,246,14.33351898,47402,91,,0.7357723577,1533.873984,49,7128,3
59,0.2,rolling,361,246,21.66165113,1000,6,,0.8943089431,3181.361789,1022.5,7128,3
59,0.2,static,361,246,14.33351898,45632,91,,0.7357723577,1533.873984,49,7128,7
59,0.2,rolling,361,246,22.20458508,1000,10,,0.8983739837,3290.699187,1467,7128,7
59,0.2,static,362,620,14.33351898,48506,92,,0.7483870968,1612.208065,58,7128,0
59,0.2,rolling,362,620,19.98746967,1000,4,,0.8516129032,2834.472581,522,7128,0
59,0.2,static,362,620,14.33351898,48260,92,,0.7483870968,1612.208065,58,7128,1
59,0.2,rolling,362,620,20.60541427,1000,5,,0.8564516129,2999.198387,658,7128,1
59,0.2,static,362,620,14.33351898,47702,92,,0.7483870968,1612.208065,58,7128,3
59,0.2,rolling,362,620,21.66165113,1000,6,,0.8790322581,3264.745161,1073.5,7128,3
59,0.2,static,362,620,14.33351898,45870,92,,0.7483870968,1612.208065,58,7128,7
59,0.2,rolling,362,620,22.7656498,1000,11,,0.8935483871,3480.53871,1735.5,7128,7
59,0.2,static,363,386,14.33351898,49126,93,,0.792746114,1828.362694,59.5,7128,0
59,0.2,rolling,363,386,22.70999718,1000,3,,0.914507772,3572.984456,3943,7128,0
59,0.2,static,363,386,14.33351898,48506,93,,0.792746114,1828.362694,59.5,7128,1
59,0.2,rolling,363,386,19.98746967,1000,5,,0.8808290155,2963.930052,610,7128,1
59,0.2,static,363,386,14.33351898,48032,93,,0.792746114,1828.362694,59.5,7128,3
59,0.2,rolling,363,386,19.74633408,1000,6,,0.8756476684,2911.507772,553.5,7128,3
59,0.2,static,363,386,14.33351898,46448,93,,0.792746114,1828.362694,59.5,7128,7
59,0.2,rolling,363,386,22.80119026,1000,10,,0.9170984456,3590.580311,4120,7128,7
59,0.2,static,364,354,14.33351898,49512,94,,0.7457627119,1581.276836,73.5,7128,0
59,0.2,rolling,364,354,22.65601921,1000,2,,0.8870056497,3667.355932,4792,7128,0
59,0.2,static,364,354,14.33351898,49126,94,,0.7457627119,1581.276836,73.5,7128,1
59,0.2,rolling,364,354,22.70999718,1000,4,,0.8898305085,3680.627119,4840.5,7128,1
59,0.2,static,364,354,14.33351898,48260,94,,0.7457627119,1581.276836,73.5,7128,3
59,0.2,rolling,364,354,20.60541427,1000,7,,0.8785310734,3169.223164,1088.5,7128,3
59,0.2,static,364,354,14.33351898,46996,94,,0.7457627119,1581.276836,73.5,7128,7
59,0.2,rolling,364,354,22.83583021,1000,9,,0.8926553672,3703.378531,4961.5,7128,7
59,0.3,static,292,730,14.34985628,11270,22,,0.8684931507,3522.234247,2115.5,7128,0
59,0.3,rolling,292,730,14.90464926,1000,3,,0.8780821918,3690.869863,4497.5,7128,0
59,0.3,static,292,730,14.34985628,11270,22,,0.8684931507,3522.234247,2115.5,7128,1
59,0.3,rolling,292,730,14.90464926,1000,3,,0.8780821918,3690.869863,4497.5,7128,1
59,0.3,static,292,730,14.34985628,11270,22,,0.8684931507,3522.234247,2115.5,7128,3
59,0.3,rolling,292,730,14.90464926,1000,3,,0.8780821918,3690.869863,4497.5,7128,3
59,0.3,static,292,730,14.34985628,11270,22,,0.8684931507,3522.234247,2115.5,7128,7
59,0.3,rolling,292,730,14.90464926,1000,3,,0.8780821918,3690.869863,4497.5,7128,7
59,0.3,static,293,658,14.34985628,12000,23,,0.8996960486,3689.475684,4407.5,7128,0
59,0.3,rolling,293,658,15.68234515,1000,2,,0.9285714286,4114.091185,6677,7128,0
59,0.3,static,293,658,14.34985628,11270,23,,0.8996960486,3689.475684,4407.5,7128,1
59,0.3,rolling,293,658,14.90464926,1000,4,,0.9088145897,3881.655015,5750,7128,1
59,0.3,static,293,658,14.34985628,11270,23,,0.8996960486,3689.475684,4407.5,7128,3
59,0.3,rolling,293,658,14.90464926,1000,4,,0.9088145897,3881.655015,5750,7128,3
59,0.3,static,293,658,14.34985628,11270,23,,0.8996960486,3689.475684,4407.5,7128,7
59,0.3,rolling,293,658,14.90464926,1000,4,,0.9088145897,3881.655015,5750,7128,7
59,0.3,static,294,618,14.34985628,12658,24,,0.8462783172,3467.035599,1962.5,7128,0
59,0.3,rolling,294,618,15.50398493,1000,2,,0.8818770227,3790.097087,5422,7128,0
59,0.3,static,294,618,14.34985628,12000,24,,0.8462783172,3467.035599,1962.5,7128,1
59,0.3,rolling,294,618,15.68234515,1000,3,,0.8883495146,3833.242718,5697.5,7128,1
59,0.3,static,294,618,14.34985628,11270,24,,0.8462783172,3467.035599,1962.5,7128,3
59,0.3,rolling,294,618,14.90464926,1000,5,,0.854368932,3622.967638,4284,7128,3
59,0.3,static,294,618,14.34985628,11270,24,,0.8462783172,3467.035599,1962.5,7128,7
59,0.3,rolling,294,618,14.90464926,1000,5,,0.854368932,3622.967638,4284,7128,7
59,0.3,static,295,666,14.34985628,13276,25,,0.8798798799,3451.981982,1778,7128,0
59,0.3,rolling,295,666,15.8996973,1000,2,,0.9039039039,3979.542042,6026,7128,0
59,0.3,static,295,666,14.34985628,12658,25,,0.8798798799,3451.981982,1778,7128,1
59,0.3,rolling,295,666,15.50398493,1000,3,,0.8948948949,3857.713213,5427.5,7128,1
59,0.3,static,295,666,14.34985628,11270,25,,0.8798798799,3451.981982,1778,7128,3
59,0.3,rolling,295,666,14.90464926,1000,6,,0.8813813814,3652.723724,4032,7128,3
59,0.3,static,295,666,14.34985628,11270,25,,0.8798798799,3451.981982,1778,7128,7
59,0.3,rolling,295,666,14.90464926,1000,6,,0.8813813814,3652.723724,4032,7128,7
59,0.3,static,296,516,14.34985628,13942,26,,0.8604651163,3585.984496,3205.5,7128,0
59,0.3,rolling,296,516,16.2227186,1000,2,,0.8914728682,4137.496124,6848.5,7128,0
59,0.3,static,296,516,14.34985628,13276,26,,0.8604651163,3585.984496,3205.5,7128,1
59,0.3,rolling,296,516,15.8996973,1000,3,,0.8856589147,4055.629845,6690,7128,1
59,0.3,static,296,516,14.34985628,12000,26,,0.8604651163,3585.984496,3205.5,7128,3
59,0.3,rolling,296,516,15.68234515,1000,5,,0.8817829457,4002.608527,6537.5,7128,3
59,0.3,static,296,516,14.34985628,11270,26,,0.8604651163,3585.984496,3205.5,7128,7
59,0.3,rolling,296,516,14.90464926,1000,7,,0.8720930233,3782.228682,5171,7128,7
59,0.3,static,297,292,14.34985628,14458,27,,0.8287671233,2852.136986,469,7128,0
59,0.3,rolling,297,292,16.20170212,1000,2,,0.852739726,3412.523973,1676.5,7128,0
59,0.3,static,297,292,14.34985628,13942,27,,0.8287671233,2852.136986,469,7128,1
59,0.3,rolling,297,292,16.2227186,1000,3,,0.852739726,3419.732877,1693.5,7128,1
59,0.3,static,297,292,14.34985628,12658,27,,0.8287671233,2852.136986,469,7128,3
59,0.3,rolling,297,292,15.50398493,1000,5,,0.8356164384,3227.541096,1089,7128,3
59,0.3,static,297,292,14.34985628,11270,27,,0.8287671233,2852.136986,469,7128,7
59,0.3,rolling,297,292,14.90464926,1000,8,,0.8321917808,3036.287671,676.5,7128,7
59,0.3,static,298,252,14.34985628,14750,28,,0.8492063492,3066.988095,698,7128,0
59,0.3,rolling,298,252,17.38274193,1000,3,,0.9285714286,3969.115079,6271,7128,0
59,0.3,static,298,252,14.34985628,14458,28,,0.8492063492,3066.988095,698,7128,1
59,0.3,rolling,298,252,16.20170212,1000,3,,0.9047619048,3673.22619,4269,7128,1
59,0.3,static,298,252,14.34985628,13276,28,,0.8492063492,3066.988095,698,7128,3
59,0.3,rolling,298,252,15.8996973,1000,5,,0.8968253968,3579.27381,1990,7128,3
59,0.3,static,298,252,14.34985628,11270,28,,0.8492063492,3066.988095,698,7128,7
59,0.3,rolling,298,252,14.90464926,1000,9,,0.869047619,3295.738095,1011.5,7128,7
59,0.3,static,299,702,14.34985628,15002,29,,0.8518518519,3255.223647,1305.5,7128,0
59,0.3,rolling,299,702,16.81475186,1000,3,,0.8917378917,3990.698006,6296.5,7128,0
59,0.3,static,299,702,14.34985628,14750,29,,0.8518518519,3255.223647,1305.5,7128,1
59,0.3,rolling,299,702,17.38274193,1000,4,,0.905982906,4138.720798,6746,7128,1
59,0.3,static,299,702,14.34985628,13942,29,,0.8518518519,3255.223647,1305.5,7128,3
59,0.3,rolling,299,702,16.2227186,1000,5,,0.8846153846,3831.606838,5506,7128,3
59,0.3,static,299,702,14.34985628,11270,29,,0.8518518519,3255.223647,1305.5,7128,7
59,0.3,rolling,299,702,14.90464926,1000,10,,0.8646723647,3437.15812,1877.5,7128,7
59,0.3,static,300,664,14.34985628,15704,30,,0.8478915663,3355.070783,1395,7128,0
59,0.3,rolling,300,664,17.07872963,1000,3,,0.9036144578,4182.096386,6908,7128,0
59,0.3,static,300,664,14.34985628,15002,30,,0.8478915663,3355.070783,1395,7128,1
59,0.3,rolling,300,664,16.81475186,1000,4,,0.9021084337,4121.316265,6816,7128,1
59,0.3,static,300,664,14.34985628,14458,30,,0.8478915663,3355.070783,1395,7128,3
59,0.3,rolling,300,664,16.20170212,1000,5,,0.8960843373,3949.343373,6284,7128,3
59,0.3,static,300,664,14.34985628,12000,30,,0.8478915663,3355.070783,1395,7128,7
59,0.3,rolling,300,664,15.68234515,1000,9,,0.8795180723,3790.057229,5337,7128,7
59,0.3,static,301,616,14.34985628,16368,31,,0.8555194805,3685.008117,4542,7128,0
59,0.3,rolling,301,616,17.39311504,1000,2,,0.9269480519,4504.991883,7101,7128,0
59,0.3,static,301,616,14.34985628,15704,31,,0.8555194805,3685.008117,4542,7128,1
59,0.3,rolling,301,616,17.07872963,1000,4,,0.9237012987,4431.521104,7076,7128,1
59,0.3,static,301,616,14.34985628,14750,31,,0.8555194805,3685.008117,4542,7128,3
59,0.3,rolling,301,616,17.38274193,1000,6,,0.9269480519,4502.487013,7100,7128,3
59,0.3,static,301,616,14.34985628,12658,31,,0.8555194805,3685.008117,4542,7128,7
59,0.3,rolling,301,616,15.50398493,1000,9,,0.8896103896,4003.512987,6294,7128,7
59,0.3,static,302,570,14.34985628,16984,32,,0.8350877193,3105.882456,656.5,7128,0
59,0.3,rolling,302,570,16.33293104,1000,2,,0.8754385965,3671.219298,3922.5,7128,0
59,0.3,static,302,570,14.34985628,16368,32,,0.8350877193,3105.882456,656.5,7128,1
59,0.3,rolling,302,570,17.39311504,1000,3,,0.901754386,4009.124561,5950,7128,1
59,0.3,static,302,570,14.34985628,15002,32,,0.8350877193,3105.882456,656.5,7128,3
59,0.3,rolling,302,570,16.81475186,1000,6,,0.8877192982,3825.215789,4901,7128,3
59,0.3,static,302,570,14.34985628,13276,32,,0.8350877193,3105.882456,656.5,7128,7
59,0.3,rolling,302,570,15.8996973,1000,9,,0.8666666667,3550.175439,1825,7128,7
59,0.3,static,303,542,14.34985628,17554,33,,0.8745387454,3263.121771,1290,7128,0
59,0.3,rolling,303,542,16.93809652,1000,2,,0.9095940959,4053.317343,6290,7128,0
59,0.3,static,303,542,14.34985628,16984,33,,0.8745387454,3263.121771,1290,7128,1
59,0.3,rolling,303,542,16.33293104,1000,3,,0.9003690037,3893.773063,5681,7128,1
59,0.3,static,303,542,14.34985628,15704,33,,0.8745387454,3263.121771,1290,7128,3
59,0.3,rolling,303,542,17.07872963,1000,6,,0.9114391144,4091.51107,6378,7128,3
59,0.3,static,303,542,14.34985628,13942,33,,0.8745387454,3263.121771,1290,7128,7
59,0.3,rolling,303,542,16.2227186,1000,9,,0.9003690037,3860.581181,5553.5,7128,7
59,0.3,static,304,328,14.34985628,18096,34,,0.8201219512,2908.707317,494,7128,0
59,0.3,rolling,304,328,16.64164162,1000,2,,0.862804878,3529.045732,1819,7128,0
59,0.3,static,304,328,14.34985628,17554,34,,0.8201219512,2908.707317,494,7128,1
59,0.3,rolling,304,328,16.93809652,1000,3,,0.868902439,3599.966463,2235,7128,1
59,0.3,static,304,328,14.34985628,16368,34,,0.8201219512,2908.707317,494,7128,3
59,0.3,rolling,304,328,17.39311504,1000,5,,0.887195122,3724.323171,4830,7128,3
59,0.3,static,304,328,14.34985628,14458,34,,0.8201219512,2908.707317,494,7128,7
59,0.3,rolling,304,328,16.20170212,1000,9,,0.8567073171,3406.634146,1335,7128,7
59,0.3,static,305,328,14.34985628,18424,35,,0.875,2842.213415,543,7128,0
59,0.3,rolling,305,328,17.36825562,1000,3,,0.9085365854,3819.259146,5374,7128,0
59,0.3,static,305,328,14.34985628,18096,35,,0.875,2842.213415,543,7128,1
59,0.3,rolling,305,328,16.64164162,1000,3,,0.8902439024,3631.402439,3939,7128,1
59,0.3,static,305,328,14.34985628,16984,35,,0.875,2842.213415,543,7128,3
59,0.3,rolling,305,328,16.33293104,1000,5,,0.887195122,3532.384146,2184.5,7128,3
59,0.3,static,305,328,14.34985628,14750,35,,0.875,2842.213415,543,7128,7
59,0.3,rolling,305,328,17.38274193,1000,10,,0.9085365854,3822.17378,5398,7128,7
59,0.3,static,306,582,14.34985628,18752,36,,0.8659793814,3093.637457,633.5,7128,0
59,0.3,rolling,306,582,17.36076736,1000,3,,0.9037800687,3889.161512,5798,7128,0
59,0.3,static,306,582,14.34985628,18424,36,,0.8659793814,3093.637457,633.5,7128,1
59,0.3,rolling,306,582,17.36825562,1000,4,,0.9037800687,3890.718213,5808,7128,1
59,0.3,static,306,582,14.34985628,17554,36,,0.8659793814,3093.637457,633.5,7128,3
59,0.3,rolling,306,582,16.93809652,1000,5,,0.8934707904,3771.969072,4993,7128,3
59,0.3,static,306,582,14.34985628,15002,36,,0.8659793814,3093.637457,633.5,7128,7
59,0.3,rolling,306,582,16.81475186,1000,10,,0.8917525773,3741.493127,4782.5,7128,7
59,0.3,static,307,588,14.34985628,19334,37,,0.8384353741,3226.954082,1101,7128,0
59,0.3,rolling,307,588,17.44543338,1000,3,,0.9013605442,4174.27551,6644.5,7128,0
59,0.3,static,307,588,14.34985628,18752,37,,0.8384353741,3226.954082,1101,7128,1
59,0.3,rolling,307,588,17.36076736,1000,4,,0.9013605442,4144.603741,6592,7128,1
59,0.3,static,307,588,14.34985628,18096,37,,0.8384353741,3226.954082,1101,7128,3
59,0.3,rolling,307,588,16.64164162,1000,5,,0.8928571429,3925.603741,5892,7128,3
59,0.3,static,307,588,14.34985628,15704,37,,0.8384353741,3226.954082,1101,7128,7
59,0.3,rolling,307,588,17.07872963,1000,10,,0.8962585034,4063.017007,6368.5,7128,7
59,0.3,static,308,562,14.34985628,19922,38,,0.8434163701,3262.5,1007.5,7128,0
59,0.3,rolling,308,562,17.12151092,1000,2,,0.8879003559,3956.992883,6464.5,7128,0
59,0.3,static,308,562,14.34985628,19334,38,,0.8434163701,3262.5,1007.5,7128,1
59,0.3,rolling,308,562,17.44543338,1000,4,,0.8896797153,4028.380783,6754,7128,1
59,0.3,static,308,562,14.34985628,18424,38,,0.8434163701,3262.5,1007.5,7128,3
59,0.3,rolling,308,562,17.36825562,1000,6,,0.8896797153,4013.699288,6711,7128,3
59,0.3,static,308,562,14.34985628,16368,38,,0.8434163701,3262.5,1007.5,7128,7
59,0.3,rolling,308,562,17.39311504,1000,9,,0.8896797153,4018.359431,6723.5,7128,7
59,0.3,static,309,626,14.34985628,20484,39,,0.8450479233,3232.372204,1048.5,7128,0
59,0.3,rolling,309,626,18.1240634,1000,2,,0.9009584665,4328.746006,7013,7128,0
59,0.3,static,309,626,14.34985628,19922,39,,0.8450479233,3232.372204,1048.5,7128,1
59,0.3,rolling,309,626,17.12151092,1000,3,,0.8865814696,4070.821086,6563,7128,1
59,0.3,static,309,626,14.34985628,18752,39,,0.8450479233,3232.372204,1048.5,7128,3
59,0.3,rolling,309,626,17.36076736,1000,6,,0.8865814696,4128.193291,6723,7128,3
59,0.3,static,309,626,14.34985628,16984,39,,0.8450479233,3232.372204,1048.5,7128,7
59,0.3,rolling,309,626,16.33293104,1000,9,,0.8769968051,3879.017572,5630.5,7128,7
59,0.3,static,310,620,14.34985628,21110,40,,0.8935483871,2721.453226,396,7128,0
59,0.3,rolling,310,620,18.56742299,1000,2,,0.9564516129,3913.795161,5726,7128,0
59,0.3,static,310,620,14.34985628,20484,40,,0.8935483871,2721.453226,396,7128,1
59,0.3,rolling,310,620,18.1240634,1000,3,,0.9548387097,3806.080645,5168.5,7128,1
59,0.3,static,310,620,14.34985628,19334,40,,0.8935483871,2721.453226,396,7128,3
59,0.3,rolling,310,620,17.44543338,1000,6,,0.9451612903,3624.577419,3975,7128,3
59,0.3,static,310,620,14.34985628,17554,40,,0.8935483871,2721.453226,396,7128,7
59,0.3,rolling,310,620,16.93809652,1000,9,,0.9419354839,3481.087097,1815.5,7128,7
59,0.3,static,311,438,14.34985628,21730,41,,0.8675799087,2378.805936,221,7128,0
59,0.3,rolling,311,438,16.16192913,1000,2,,0.8858447489,2876.600457,440,7128,0
59,0.3,static,311,438,14.34985628,21110,41,,0.8675799087,2378.805936,221,7128,1
59,0.3,rolling,311,438,18.56742299,1000,3,,0.9292237443,3428.23516,1482,7128,1
59,0.3,static,311,438,14.34985628,19922,41,,0.8675799087,2378.805936,221,7128,3
59,0.3,rolling,311,438,17.12151092,1000,5,,0.904109589,3097.833333,642,7128,3
59,0.3,static,311,438,14.34985628,18096,41,,0.8675799087,2378.805936,221,7128,7
59,0.3,rolling,311,438,16.64164162,1000,9,,0.897260274,2982.899543,538,7128,7
59,0.3,static,312,460,14.34985628,22168,42,,0.8130434783,2311.052174,207.5,7128,0
59,0.3,rolling,312,460,15.56528473,1000,2,,0.8347826087,2780.602174,351.5,7128,0
59,0.3,static,312,460,14.34985628,21730,42,,0.8130434783,2311.052174,207.5,7128,1
59,0.3,rolling,312,460,16.16192913,1000,3,,0.852173913,2967.543478,439.5,7128,1
59,0.3,static,312,460,14.34985628,20484,42,,0.8130434783,2311.052174,207.5,7128,3
59,0.3,rolling,312,460,18.1240634,1000,5,,0.897826087,3381.991304,1195,7128,3
59,0.3,static,312,460,14.34985628,18424,42,,0.8130434783,2311.052174,207.5,7128,7
59,0.3,rolling,312,460,17.36825562,1000,10,,0.8847826087,3242.967391,816.5,7128,7
59,0.3,static,313,794,14.34985628,22628,43,,0.8350125945,2532.652393,237.5,7128,0
59,0.3,rolling,313,794,17.36779404,1000,3,,0.895465995,3338.576826,1307,7128,0
59,0.3,static,313,794,14.34985628,22168,43,,0.8350125945,2532.652393,237.5,7128,1
59,0.3,rolling,313,794,15.56528473,1000,3,,0.862720403,2869.642317,423.5,7128,1
59,0.3,static,313,794,14.34985628,21110,43,,0.8350125945,2532.652393,237.5,7128,3
59,0.3,rolling,313,794,18.56742299,1000,5,,0.9130982368,3658.56927,3999.5,7128,3
59,0.3,static,313,794,14.34985628,18752,43,,0.8350125945,2532.652393,237.5,7128,7
59,0.3,rolling,313,794,17.36076736,1000,10,,0.895465995,3336.924433,1306,7128,7
59,0.3,static,314,678,14.34985628,23422,44,,0.8525073746,2736.569322,370,7128,0
59,0.3,rolling,314,678,18.15271759,1000,2,,0.9233038348,3780.780236,5353,7128,0
59,0.3,static,314,678,14.34985628,22628,44,,0.8525073746,2736.569322,370,7128,1
59,0.3,rolling,314,678,17.36779404,1000,4,,0.907079646,3581.507375,2994,7128,1
59,0.3,static,314,678,14.34985628,21730,44,,0.8525073746,2736.569322,370,7128,3
59,0.3,rolling,314,678,16.16192913,1000,5,,0.883480826,3286.190265,1067.5,7128,3
59,0.3,static,314,678,14.34985628,19334,44,,0.8525073746,2736.569322,370,7128,7
59,0.3,rolling,314,678,17.44543338,1000,10,,0.907079646,3599.09882,3794,7128,7
59,0.3,static,315,774,14.34985628,24100,45,,0.8410852713,2645.936693,375.5,7128,0
59,0.3,rolling,315,774,17.69786739,1000,2,,0.9082687339,3671.54522,4449,7128,0
59,0.3,static,315,774,14.34985628,23422,45,,0.8410852713,2645.936693,375.5,7128,1
59,0.3,rolling,315,774,18.15271759,1000,3,,0.9134366925,3782.465116,5272.5,7128,1
59,0.3,static,315,774,14.34985628,22168,45,,0.8410852713,2645.936693,375.5,7128,3
59,0.3,rolling,315,774,15.56528473,1000,5,,0.8669250646,3006.497416,807.5,7128,3
59,0.3,static,315,774,14.34985628,19922,45,,0.8410852713,2645.936693,375.5,7128,7
59,0.3,rolling,315,774,17.12151092,1000,9,,0.9005167959,3513.156331,2350,7128,7
59,0.3,static,316,758,14.34985628,24874,46,,0.8575197889,2775.191293,645,7128,0
59,0.3,rolling,316,758,17.71261406,1000,2,,0.9208443272,3959.573879,5412.5,7128,0
59,0.3,static,316,758,14.34985628,24100,46,,0.8575197889,2775.191293,645,7128,1
59,0.3,rolling,316,758,17.69786739,1000,3,,0.9208443272,3954.769129,5396,7128,1
59,0.3,static,316,758,14.34985628,22628,46,,0.8575197889,2775.191293,645,7128,3
59,0.3,rolling,316,758,17.36779404,1000,6,,0.9155672823,3823.242744,4897,7128,3
59,0.3,static,316,758,14.34985628,20484,46,,0.8575197889,2775.191293,645,7128,7
59,0.3,rolling,316,758,18.1240634,1000,9,,0.9221635884,4093.869393,5971.5,7128,7
59,0.3,static,317,630,14.34985628,25632,47,,0.8428571429,2397.468254,223.5,7128,0
59,0.3,rolling,317,630,16.66097307,1000,2,,0.8746031746,3165.831746,1016.5,7128,0
59,0.3,static,317,630,14.34985628,24874,47,,0.8428571429,2397.468254,223.5,7128,1
59,0.3,rolling,317,630,17.71261406,1000,3,,0.8920634921,3471.665079,2103.5,7128,1
59,0.3,static,317,630,14.34985628,23422,47,,0.8428571429,2397.468254,223.5,7128,3
59,0.3,rolling,317,630,18.15271759,1000,5,,0.8984126984,3601.31746,4278.5,7128,3
59,0.3,static,317,630,14.34985628,21110,47,,0.8428571429,2397.468254,223.5,7128,7
59,0.3,rolling,317,630,18.56742299,1000,9,,0.9063492063,3707.952381,5043.5,7128,7
59,0.3,static,318,342,14.34985628,26262,48,,0.8216374269,2336.964912,169.5,7128,0
59,0.3,rolling,318,342,18.10417175,1000,2,,0.9064327485,3386.55848,1290,7128,0
59,0.3,static,318,342,14.34985628,25632,48,,0.8216374269,2336.964912,169.5,7128,1
59,0.3,rolling,318,342,16.66097307,1000,3,,0.8918128655,3031.573099,568,7128,1
59,0.3,static,318,342,14.34985628,24100,48,,0.8216374269,2336.964912,169.5,7128,3
59,0.3,rolling,318,342,17.69786739,1000,5,,0.9035087719,3290.912281,1009,7128,3
59,0.3,static,318,342,14.34985628,21730,48,,0.8216374269,2336.964912,169.5,7128,7
59,0.3,rolling,318,342,16.16192913,1000,9,,0.8888888889,2853.491228,421.5,7128,7
59,0.3,static,319,324,14.34985628,26604,49,,0.8518518519,2505.574074,388,7128,0
59,0.3,rolling,319,324,18.10417175,1000,3,,0.9074074074,3671.401235,4313,7128,0
59,0.3,static,319,324,14.34985628,26262,49,,0.8518518519,2505.574074,388,7128,1
59,0.3,rolling,319,324,18.10417175,1000,3,,0.9074074074,3671.401235,4313,7128,1
59,0.3,static,319,324,14.34985628,24874,49,,0.8518518519,2505.574074,388,7128,3
59,0.3,rolling,319,324,17.71261406,1000,5,,0.9074074074,3562.009259,2944,7128,3
59,0.3,static,319,324,14.34985628,22168,49,,0.8518518519,2505.574074,388,7128,7
59,0.3,rolling,319,324,15.56528473,1000,9,,0.8796296296,2883.916667,729,7128,7
59,0.3,static,320,736,14.34985628,26928,50,,0.847826087,3039.816576,604.5,7128,0
59,0.3,rolling,320,736,18.20189297,1000,3,,0.9089673913,4083.08288,6560.5,7128,0
59,0.3,static,320,736,14.34985628,26604,50,,0.847826087,3039.816576,604.5,7128,1
59,0.3,rolling,320,736,18.10417175,1000,4,,0.90625,4050.986413,6501,7128,1
59,0.3,static,320,736,14.34985628,25632,50,,0.847826087,3039.816576,604.5,7128,3
59,0.3,rolling,320,736,16.66097307,1000,5,,0.8763586957,3676.047554,4713,7128,3
59,0.3,static,320,736,14.34985628,22628,50,,0.847826087,3039.816576,604.5,7128,7
59,0.3,rolling,320,736,17.36779404,1000,10,,0.8913043478,3867.025815,5749,7128,7
59,0.3,static,321,680,14.34985628,27664,51,,0.8602941176,2924.716176,697,7128,0
59,0.3,rolling,321,680,17.54201889,1000,2,,0.8941176471,3890.742647,5656,7128,0
59,0.3,static,321,680,14.34985628,26928,51,,0.8602941176,2924.716176,697,7128,1
59,0.3,rolling,321,680,18.20189297,1000,4,,0.9058823529,4066.104412,6341.5,7128,1
59,0.3,static,321,680,14.34985628,26262,51,,0.8602941176,2924.716176,697,7128,3
59,0.3,rolling,321,680,18.10417175,1000,5,,0.9058823529,4039.211765,6249,7128,3
59,0.3,static,321,680,14.34985628,23422,51,,0.8602941176,2924.716176,697,7128,7
59,0.3,rolling,321,680,18.15271759,1000,9,,0.9058823529,4053.686765,6304.5,7128,7
59,0.3,static,322,668,14.34985628,28344,52,,0.8577844311,3018.45509,559.5,7128,0
59,0.3,rolling,322,668,19.09695721,1000,2,,0.9416167665,4340.434132,6885.5,7128,0
59,0.3,static,322,668,14.34985628,27664,52,,0.8577844311,3018.45509,559.5,7128,1
59,0.3,rolling,322,668,17.54201889,1000,3,,0.9206586826,3888.116766,5409,7128,1
59,0.3,static,322,668,14.34985628,26604,52,,0.8577844311,3018.45509,559.5,7128,3
59,0.3,rolling,322,668,18.10417175,1000,6,,0.9326347305,4041.561377,6170,7128,3
59,0.3,static,322,668,14.34985628,24100,52,,0.8577844311,3018.45509,559.5,7128,7
59,0.3,rolling,322,668,17.69786739,1000,9,,0.9236526946,3931.363772,5657.5,7128,7
59,0.3,static,323,668,14.34985628,29012,53,,0.8218562874,2787.281437,582.5,7128,0
59,0.3,rolling,323,668,17.12364721,1000,2,,0.8847305389,3674.01497,3971,7128,0
59,0.3,static,323,668,14.34985628,28344,53,,0.8218562874,2787.281437,582.5,7128,1
59,0.3,rolling,323,668,19.09695721,1000,3,,0.9281437126,4288.576347,6545.5,7128,1
59,0.3,static,323,668,14.34985628,26928,53,,0.8218562874,2787.281437,582.5,7128,3
59,0.3,rolling,323,668,18.20189297,1000,6,,0.9131736527,4021.486527,5635,7128,3
59,0.3,static,323,668,14.34985628,24874,53,,0.8218562874,2787.281437,582.5,7128,7
59,0.3,rolling,323,668,17.71261406,1000,9,,0.9026946108,3863.628743,4916,7128,7
59,0.3,static,324,796,14.34985628,29680,54,,0.7952261307,2535.388191,266.5,7128,0
59,0.3,rolling,324,796,17.6546874,1000,2,,0.8781407035,3475.198492,2055.5,7128,0
59,0.3,static,324,796,14.34985628,29012,54,,0.7952261307,2535.388191,266.5,7128,1
59,0.3,rolling,324,796,17.12364721,1000,3,,0.8630653266,3320.927136,1426,7128,1
59,0.3,static,324,796,14.34985628,27664,54,,0.7952261307,2535.388191,266.5,7128,3
59,0.3,rolling,324,796,17.54201889,1000,5,,0.8718592965,3447.753769,1915,7128,3
59,0.3,static,324,796,14.34985628,25632,54,,0.7952261307,2535.388191,266.5,7128,7
59,0.3,rolling,324,796,16.66097307,1000,9,,0.8492462312,3196.496231,1060,7128,7
59,0.3,static,325,398,14.34985628,30476,55,,0.7738693467,2594.728643,182.5,7128,0
59,0.3,rolling,325,398,18.15284157,1000,2,,0.8592964824,3448.211055,1831,7128,0
59,0.3,static,325,398,14.34985628,29680,55,,0.7738693467,2594.728643,182.5,7128,1
59,0.3,rolling,325,398,17.6546874,1000,3,,0.8467336683,3306.263819,1319.5,7128,1
59,0.3,static,325,398,14.34985628,28344,55,,0.7738693467,2594.728643,182.5,7128,3
59,0.3,rolling,325,398,19.09695721,1000,5,,0.8768844221,3711.349246,4790.5,7128,3
59,0.3,static,325,398,14.34985628,26262,55,,0.7738693467,2594.728643,182.5,7128,7
59,0.3,rolling,325,398,18.10417175,1000,9,,0.8567839196,3428.555276,1767,7128,7
59,0.3,static,326,422,14.34985628,30874,56,,0.7606635071,1967.950237,102,7128,0
59,0.3,rolling,326,422,19.03725338,1000,2,,0.86492891,2988.00237,591,7128,0
59,0.3,static,326,422,14.34985628,30476,56,,0.7606635071,1967.950237,102,7128,1
59,0.3,rolling,326,422,18.15284157,1000,3,,0.845971564,2793.874408,407,7128,1
59,0.3,static,326,422,14.34985628,29012,56,,0.7606635071,1967.950237,102,7128,3
59,0.3,rolling,326,422,17.12364721,1000,5,,0.836492891,2582.279621,280,7128,3
59,0.3,static,326,422,14.34985628,26604,56,,0.7606635071,1967.950237,102,7128,7
59,0.3,rolling,326,422,18.10417175,1000,10,,0.845971564,2785.976303,401,7128,7
59,0.3,static,327,738,14.34985628,31296,57,,0.7899728997,2594.395664,270,7128,0
59,0.3,rolling,327,738,20.26640487,1000,3,,0.9078590786,4091.669377,6601,7128,0
59,0.3,static,327,738,14.34985628,30874,57,,0.7899728997,2594.395664,270,7128,1
59,0.3,rolling,327,738,19.03725338,1000,3,,0.9024390244,3838.98916,5530.5,7128,1
59,0.3,static,327,738,14.34985628,29680,57,,0.7899728997,2594.395664,270,7128,3
59,0.3,rolling,327,738,17.6546874,1000,5,,0.8753387534,3500.98374,2000.5,7128,3
59,0.3,static,327,738,14.34985628,26928,57,,0.7899728997,2594.395664,270,7128,7
59,0.3,rolling,327,738,18.20189297,1000,10,,0.8888888889,3635.723577,4140,7128,7
59,0.3,static,328,600,14.34985628,32034,58,,0.84,2715.276667,463,7128,0
59,0.3,rolling,328,600,20.54801989,1000,2,,0.93,4429.953333,7051,7128,0
59,0.3,static,328,600,14.34985628,31296,58,,0.84,2715.276667,463,7128,1
59,0.3,rolling,328,600,20.26640487,1000,4,,0.93,4367.5,7008.5,7128,1
59,0.3,static,328,600,14.34985628,30476,58,,0.84,2715.276667,463,7128,3
59,0.3,rolling,328,600,18.15284157,1000,5,,0.8966666667,3855.335,5524,7128,3
59,0.3,static,328,600,14.34985628,27664,58,,0.84,2715.276667,463,7128,7
59,0.3,rolling,328,600,17.54201889,1000,9,,0.8916666667,3697.88,4632,7128,7
59,0.3,static,329,684,14.34985628,32634,59,,0.8070175439,2795.679825,342,7128,0
59,0.3,rolling,329,684,19.29957938,1000,2,,0.9166666667,4174.087719,6586,7128,0
59,0.3,static,329,684,14.34985628,32034,59,,0.8070175439,2795.679825,342,7128,1
59,0.3,rolling,329,684,20.54801989,1000,3,,0.9400584795,4484.635965,7062,7128,1
59,0.3,static,329,684,14.34985628,30874,59,,0.8070175439,2795.679825,342,7128,3
59,0.3,rolling,329,684,19.03725338,1000,5,,0.9137426901,4097.567251,6349,7128,3
59,0.3,static,329,684,14.34985628,28344,59,,0.8070175439,2795.679825,342,7128,7
59,0.3,rolling,329,684,19.09695721,1000,9,,0.9137426901,4112.394737,6415.5,7128,7
59,0.3,static,330,640,14.34985628,33318,60,,0.8140625,2649.159375,356.5,7128,0
59,0.3,rolling,330,640,18.6818161,1000,2,,0.9125,4004.96875,6015,7128,0
59,0.3,static,330,640,14.34985628,32634,60,,0.8140625,2649.159375,356.5,7128,1
59,0.3,rolling,330,640,19.29957938,1000,3,,0.925,4194.710938,6592,7128,1
59,0.3,static,330,640,14.34985628,31296,60,,0.8140625,2649.159375,356.5,7128,3
59,0.3,rolling,330,640,20.26640487,1000,6,,0.9390625,4447.909375,6977,7128,3
59,0.3,static,330,640,14.34985628,29012,60,,0.8140625,2649.159375,356.5,7128,7
59,0.3,rolling,330,640,17.12364721,1000,9,,0.884375,3518.020312,1988.5,7128,7
59,0.3,static,331,506,14.34985628,33958,61,,0.8537549407,2751.48419,404,7128,0
59,0.3,rolling,331,506,18.31691027,1000,2,,0.9268774704,3997.288538,5951,7128,0
59,0.3,static,331,506,14.34985628,33318,61,,0.8537549407,2751.48419,404,7128,1
59,0.3,rolling,331,506,18.6818161,1000,3,,0.9268774704,4097.523715,6341,7128,1
59,0.3,static,331,506,14.34985628,32034,61,,0.8537549407,2751.48419,404,7128,3
59,0.3,rolling,331,506,20.54801989,1000,5,,0.9446640316,4532.658103,7109.5,7128,3
59,0.3,static,331,506,14.34985628,29680,61,,0.8537549407,2751.48419,404,7128,7
59,0.3,rolling,331,506,17.6546874,1000,9,,0.9169960474,3769.750988,4747.5,7128,7
59,0.3,static,332,318,14.34985628,34464,62,,0.8176100629,2659.449686,309.5,7128,0
59,0.3,rolling,332,318,17.32499981,1000,2,,0.8962264151,3436.647799,1729,7128,0
59,0.3,static,332,318,14.34985628,33958,62,,0.8176100629,2659.449686,309.5,7128,1
59,0.3,rolling,332,318,18.31691027,1000,3,,0.9056603774,3682.349057,4450,7128,1
59,0.3,static,332,318,14.34985628,32634,62,,0.8176100629,2659.449686,309.5,7128,3
59,0.3,rolling,332,318,19.29957938,1000,5,,0.9182389937,3882.943396,6046,7128,3
59,0.3,static,332,318,14.34985628,30476,62,,0.8176100629,2659.449686,309.5,7128,7
59,0.3,rolling,332,318,18.15284157,1000,9,,0.8993710692,3637.899371,4150.5,7128,7
59,0.3,static,333,342,14.34985628,34782,63,,0.7923976608,2613.581871,228.5,7128,0
59,0.3,rolling,333,342,17.22153878,1000,3,,0.8801169591,3345.622807,1362,7128,0
59,0.3,static,333,342,14.34985628,34464,63,,0.7923976608,2613.581871,228.5,7128,1
59,0.3,rolling,333,342,17.32499981,1000,3,,0.8830409357,3367.722222,1476.5,7128,1
59,0.3,static,333,342,14.34985628,33318,63,,0.7923976608,2613.581871,228.5,7128,3
59,0.3,rolling,333,342,18.6818161,1000,5,,0.8947368421,3696.809942,4756.5,7128,3
59,0.3,static,333,342,14.34985628,30874,63,,0.7923976608,2613.581871,228.5,7128,7
59,0.3,rolling,333,342,19.03725338,1000,9,,0.9035087719,3778.216374,5269.5,7128,7
59,0.3,static,334,700,14.34985628,35124,64,,0.8314285714,2617.738571,274.5,7128,0
59,0.3,rolling,334,700,17.40216255,1000,3,,0.8985714286,3539.314286,3284,7128,0
59,0.3,static,334,700,14.34985628,34782,64,,0.8314285714,2617.738571,274.5,7128,1
59,0.3,rolling,334,700,17.22153878,1000,4,,0.8957142857,3479.445714,2074,7128,1
59,0.3,static,334,700,14.34985628,33958,64,,0.8314285714,2617.738571,274.5,7128,3
59,0.3,rolling,334,700,18.31691027,1000,5,,0.9114285714,3796.508571,5475.5,7128,3
59,0.3,static,334,700,14.34985628,31296,64,,0.8314285714,2617.738571,274.5,7128,7
59,0.3,rolling,334,700,20.26640487,1000,10,,0.9314285714,4246.4,6912.5,7128,7
59,0.3,static,335,656,14.34985628,35824,65,,0.8231707317,2719.550305,350,7128,0
59,0.3,rolling,335,656,17.83061564,1000,2,,0.8902439024,3661.644817,4233.5,7128,0
59,0.3,static,335,656,14.34985628,35124,65,,0.8231707317,2719.550305,350,7128,1
59,0.3,rolling,335,656,17.40216255,1000,4,,0.887195122,3575.384146,2166.5,7128,1
59,0.3,static,335,656,14.34985628,34464,65,,0.8231707317,2719.550305,350,7128,3
59,0.3,rolling,335,656,17.32499981,1000,5,,0.887195122,3558.455793,2063.5,7128,3
59,0.3,static,335,656,14.34985628,32034,65,,0.8231707317,2719.550305,350,7128,7
59,0.3,rolling,335,656,20.54801989,1000,9,,0.9207317073,4236.990854,6955.5,7128,7
59,0.3,static,336,632,14.34985628,36480,66,,0.7974683544,2657.19462,336.5,7128,0
59,0.3,rolling,336,632,19.09634113,1000,2,,0.8892405063,3949.349684,5959.5,7128,0
59,0.3,static,336,632,14.34985628,35824,66,,0.7974683544,2657.19462,336.5,7128,1
59,0.3,rolling,336,632,17.83061564,1000,3,,0.8686708861,3655.501582,4156,7128,1
59,0.3,static,336,632,14.34985628,34782,66,,0.7974683544,2657.19462,336.5,7128,3
59,0.3,rolling,336,632,17.22153878,1000,6,,0.8623417722,3474.235759,2004.5,7128,3
59,0.3,static,336,632,14.34985628,32634,66,,0.7974683544,2657.19462,336.5,7128,7
59,0.3,rolling,336,632,19.29957938,1000,9,,0.8955696203,3993.829114,6182,7128,7
59,0.3,static,337,552,14.34985628,37112,67,,0.8134057971,2669.016304,340,7128,0
59,0.3,rolling,337,552,19.4912734,1000,2,,0.9166666667,3894.34058,5964,7128,0
59,0.3,static,337,552,14.34985628,36480,67,,0.8134057971,2669.016304,340,7128,1
59,0.3,rolling,337,552,19.09634113,1000,3,,0.9148550725,3807.289855,5520.5,7128,1
59,0.3,static,337,552,14.34985628,35124,67,,0.8134057971,2669.016304,340,7128,3
59,0.3,rolling,337,552,17.40216255,1000,6,,0.8713768116,3440.278986,1703,7128,3
59,0.3,static,337,552,14.34985628,33318,67,,0.8134057971,2669.016304,340,7128,7
59,0.3,rolling,337,552,18.6818161,1000,9,,0.902173913,3727.476449,4982.5,7128,7
59,0.3,static,338,496,14.34985628,37664,68,,0.7923387097,2622.760081,320.5,7128,0
59,0.3,rolling,338,496,19.20825696,1000,2,,0.9092741935,3990.667339,5837,7128,0
59,0.3,static,338,496,14.34985628,37112,68,,0.7923387097,2622.760081,320.5,7128,1
59,0.3,rolling,338,496,19.4912734,1000,3,,0.9173387097,4072.747984,6118.5,7128,1
59,0.3,static,338,496,14.34985628,35824,68,,0.7923387097,2622.760081,320.5,7128,3
59,0.3,rolling,338,496,17.83061564,1000,5,,0.8608870968,3640.556452,3953,7128,3
59,0.3,static,338,496,14.34985628,33958,68,,0.7923387097,2622.760081,320.5,7128,7
59,0.3,rolling,338,496,18.31691027,1000,9,,0.875,3767.548387,4681,7128,7
59,0.3,static,339,328,14.34985628,38160,69,,0.7865853659,2133.307927,199.5,7128,0
59,0.3,rolling,339,328,18.61041284,1000,2,,0.881097561,3448.112805,2082,7128,0
59,0.3,static,339,328,14.34985628,37664,69,,0.7865853659,2133.307927,199.5,7128,1
59,0.3,rolling,339,328,19.20825696,1000,3,,0.8963414634,3694.737805,4275.5,7128,1
59,0.3,static,339,328,14.34985628,36480,69,,0.7865853659,2133.307927,199.5,7128,3
59,0.3,rolling,339,328,19.09634113,1000,5,,0.8963414634,3647.92378,4051,7128,3
59,0.3,static,339,328,14.34985628,34464,69,,0.7865853659,2133.307927,199.5,7128,7
59,0.3,rolling,339,328,17.32499981,1000,9,,0.8475609756,3007.167683,1029.5,7128,7
59,0.3,static,340,328,14.34985628,38488,70,,0.762195122,2567.051829,183.5,7128,0
59,0.3,rolling,340,328,18.92282486,1000,3,,0.9085365854,3735.551829,4435,7128,0
59,0.3,static,340,328,14.34985628,38160,70,,0.762195122,2567.051829,183.5,7128,1
59,0.3,rolling,340,328,18.61041284,1000,3,,0.9024390244,3630.97561,3191.5,7128,1
59,0.3,static,340,328,14.34985628,37112,70,,0.762195122,2567.051829,183.5,7128,3
59,0.3,rolling,340,328,19.4912734,1000,5,,0.9085365854,3912.353659,5516.5,7128,3
59,0.3,static,340,328,14.34985628,34782,70,,0.762195122,2567.051829,183.5,7128,7
59,0.3,rolling,340,328,17.22153878,1000,10,,0.862804878,3230.664634,1038.5,7128,7
59,0.3,static,341,576,14.34985628,38816,71,,0.8055555556,2630.402778,318.5,7128,0
59,0.3,rolling,341,576,19.00155234,1000,3,,0.8888888889,3897.366319,6119,7128,0
59,0.3,static,341,576,14.34985628,38488,71,,0.8055555556,2630.402778,318.5,7128,1
59,0.3,rolling,341,576,18.92282486,1000,4,,0.8888888889,3880.664931,6007.5,7128,1
59,0.3,static,341,576,14.34985628,37664,71,,0.8055555556,2630.402778,318.5,7128,3
59,0.3,rolling,341,576,19.20825696,1000,5,,0.8923611111,3941.116319,6371.5,7128,3
59,0.3,static,341,576,14.34985628,35124,71,,0.8055555556,2630.402778,318.5,7128,7
59,0.3,rolling,341,576,17.40216255,1000,10,,0.8645833333,3510.288194,2218.5,7128,7
59,0.3,static,342,636,14.34985628,39392,72,,0.8144654088,2674.110063,235,7128,0
59,0.3,rolling,342,636,19.28425753,1000,3,,0.8946540881,3866.443396,5611,7128,0
59,0.3,static,342,636,14.34985628,38816,72,,0.8144654088,2674.110063,235,7128,1
59,0.3,rolling,342,636,19.00155234,1000,4,,0.891509434,3799.680818,5194,7128,1
59,0.3,static,342,636,14.34985628,38160,72,,0.8144654088,2674.110063,235,7128,3
59,0.3,rolling,342,636,18.61041284,1000,5,,0.8820754717,3703.545597,4512.5,7128,3
59,0.3,static,342,636,14.34985628,35824,72,,0.8144654088,2674.110063,235,7128,7
59,0.3,rolling,342,636,17.83061564,1000,9,,0.8757861635,3495.333333,2080.5,7128,7
59,0.3,static,343,642,14.34985628,40028,73,,0.7741433022,2987.811526,758,7128,0
59,0.3,rolling,343,642,20.43082809,1000,2,,0.8925233645,4587.431464,7106,7128,0
59,0.3,static,343,642,14.34985628,39392,73,,0.7741433022,2987.811526,758,7128,1
59,0.3,rolling,343,642,19.28425753,1000,4,,0.8831775701,4345.538941,6985,7128,1
59,0.3,static,343,642,14.34985628,38488,73,,0.7741433022,2987.811526,758,7128,3
59,0.3,rolling,343,642,18.92282486,1000,6,,0.8753894081,4258.573209,6873.5,7128,3
59,0.3,static,343,642,14.34985628,36480,73,,0.7741433022,2987.811526,758,7128,7
59,0.3,rolling,343,642,19.09634113,1000,9,,0.8769470405,4301.132399,6938.5,7128,7
59,0.3,static,344,650,14.34985628,40670,74,,0.76,2604.435385,231,7128,0
59,0.3,rolling,344,650,20.80437422,1000,2,,0.8969230769,4131.089231,6766,7128,0
59,0.3,static,344,650,14.34985628,40028,74,,0.76,2604.435385,231,7128,1
59,0.3,rolling,344,650,20.43082809,1000,3,,0.8907692308,4054.956923,6525,7128,1
59,0.3,static,344,650,14.34985628,38816,74,,0.76,2604.435385,231,7128,3
59,0.3,rolling,344,650,19.00155234,1000,6,,0.8615384615,3753.226154,4776,7128,3
59,0.3,static,344,650,14.34985628,37112,74,,0.76,2604.435385,231,7128,7
59,0.3,rolling,344,650,19.4912734,1000,9,,0.8661538462,3872.12,5595,7128,7
59,0.3,static,345,586,14.34985628,41320,75,,0.8361774744,3058.001706,642,7128,0
59,0.3,rolling,345,586,21.58808708,1000,2,,0.9197952218,4582.645051,7125,7128,0
59,0.3,static,345,586,14.34985628,40670,75,,0.8361774744,3058.001706,642,7128,1
59,0.3,rolling,345,586,20.80437422,1000,3,,0.9112627986,4489.06314,7120,7128,1
59,0.3,static,345,586,14.34985628,39392,75,,0.8361774744,3058.001706,642,7128,3
59,0.3,rolling,345,586,19.28425753,1000,6,,0.9010238908,4249.127986,6960.5,7128,3
59,0.3,static,345,586,14.34985628,37664,75,,0.8361774744,3058.001706,642,7128,7
59,0.3,rolling,345,586,19.20825696,1000,9,,0.9010238908,4231.957338,6939,7128,7
59,0.3,static,346,224,14.34985628,41906,76,,0.7767857143,1855.410714,94.5,7128,0
59,0.3,rolling,346,224,20.11357498,1000,2,,0.8883928571,3200.633929,1118,7128,0
59,0.3,static,346,224,14.34985628,41320,76,,0.7767857143,1855.410714,94.5,7128,1
59,0.3,rolling,346,224,21.58808708,1000,3,,0.9151785714,3532.616071,1827,7128,1
59,0.3,static,346,224,14.34985628,40028,76,,0.7767857143,1855.410714,94.5,7128,3
59,0.3,rolling,346,224,20.43082809,1000,5,,0.8928571429,3262.34375,1284.5,7128,3
59,0.3,static,346,224,14.34985628,38160,76,,0.7767857143,1855.410714,94.5,7128,7
59,0.3,rolling,346,224,18.61041284,1000,9,,0.8705357143,2839.794643,681,7128,7
59,0.3,static,347,306,14.34985628,42130,77,,0.8267973856,2053.336601,73.5,7128,0
59,0.3,rolling,347,306,20.06079006,1000,3,,0.9215686275,3157.977124,657.5,7128,0
59,0.3,static,347,306,14.34985628,41906,77,,0.8267973856,2053.336601,73.5,7128,1
59,0.3,rolling,347,306,20.11357498,1000,3,,0.9215686275,3164.69281,668.5,7128,1
59,0.3,static,347,306,14.34985628,40670,77,,0.8267973856,2053.336601,73.5,7128,3
59,0.3,rolling,347,306,20.80437422,1000,5,,0.9248366013,3260.607843,912.5,7128,3
59,0.3,static,347,306,14.34985628,38488,77,,0.8267973856,2053.336601,73.5,7128,7
59,0.3,rolling,347,306,18.92282486,1000,10,,0.9052287582,2967.084967,426,7128,7
59,0.3,static,348,714,14.34985628,42436,78,,0.7913165266,2439.093838,170,7128,0
59,0.3,rolling,348,714,19.32687211,1000,3,,0.8907563025,3671.682073,4055,7128,0
59,0.3,static,348,714,14.34985628,42130,78,,0.7913165266,2439.093838,170,7128,1
59,0.3,rolling,348,714,20.06079006,1000,4,,0.8977591036,3813.654062,5517.5,7128,1
59,0.3,static,348,714,14.34985628,41320,78,,0.7913165266,2439.093838,170,7128,3
59,0.3,rolling,348,714,21.58808708,1000,5,,0.9201680672,4125.656863,6863,7128,3
59,0.3,static,348,714,14.34985628,38816,78,,0.7913165266,2439.093838,170,7128,7
59,0.3,rolling,348,714,19.00155234,1000,10,,0.8823529412,3598.217087,2300,7128,7
59,0.3,static,349,600,14.34985628,43150,79,,0.7733333333,2290.463333,149,7128,0
59,0.3,rolling,349,600,19.66468716,1000,2,,0.87,3598.301667,3958.5,7128,0
59,0.3,static,349,600,14.34985628,42436,79,,0.7733333333,2290.463333,149,7128,1
59,0.3,rolling,349,600,19.32687211,1000,4,,0.865,3506.561667,2205,7128,1
59,0.3,static,349,600,14.34985628,41906,79,,0.7733333333,2290.463333,149,7128,3
59,0.3,rolling,349,600,20.11357498,1000,5,,0.8766666667,3702.238333,4741.5,7128,3
59,0.3,static,349,600,14.34985628,39392,79,,0.7733333333,2290.463333,149,7128,7
59,0.3,rolling,349,600,19.28425753,1000,10,,0.865,3494.891667,2149,7128,7
59,0.3,static,350,656,14.34985628,43750,80,,0.7728658537,2002.22561,110,7128,0
59,0.3,rolling,350,656,21.7547226,1000,2,,0.9161585366,3612.070122,3055,7128,0
59,0.3,static,350,656,14.34985628,43150,80,,0.7728658537,2002.22561,110,7128,1
59,0.3,rolling,350,656,19.66468716,1000,3,,0.8826219512,3114.660061,881.5,7128,1
59,0.3,static,350,656,14.34985628,42130,80,,0.7728658537,2002.22561,110,7128,3
59,0.3,rolling,350,656,20.06079006,1000,6,,0.887195122,3214.72561,1022.5,7128,3
59,0.3,static,350,656,14.34985628,40028,80,,0.7728658537,2002.22561,110,7128,7
59,0.3,rolling,350,656,20.43082809,1000,9,,0.8963414634,3305.942073,1240.5,7128,7
59,0.3,static,351,522,14.34985628,44406,81,,0.7662835249,2070.02682,86,7128,0
59,0.3,rolling,351,522,21.01861191,1000,2,,0.8888888889,3443.955939,1682.5,7128,0
59,0.3,static,351,522,14.34985628,43750,81,,0.7662835249,2070.02682,86,7128,1
59,0.3,rolling,351,522,21.7547226,1000,3,,0.898467433,3606.511494,2884,7128,1
59,0.3,static,351,522,14.34985628,42436,81,,0.7662835249,2070.02682,86,7128,3
59,0.3,rolling,351,522,19.32687211,1000,6,,0.8544061303,3080.095785,619.5,7128,3
59,0.3,static,351,522,14.34985628,40670,81,,0.7662835249,2070.02682,86,7128,7
59,0.3,rolling,351,522,20.80437422,1000,9,,0.8831417625,3396.963602,1433.5,7128,7
59,0.3,static,352,462,14.34985628,44928,82,,0.7510822511,2078.987013,139,7128,0
59,0.3,rolling,352,462,21.40637887,1000,2,,0.9004329004,3799.78355,5253.5,7128,0
59,0.3,static,352,462,14.34985628,44406,82,,0.7510822511,2078.987013,139,7128,1
59,0.3,rolling,352,462,21.01861191,1000,3,,0.8896103896,3718.383117,4753.5,7128,1
59,0.3,static,352,462,14.34985628,43150,82,,0.7510822511,2078.987013,139,7128,3
59,0.3,rolling,352,462,19.66468716,1000,5,,0.8722943723,3440.036797,1652,7128,3
59,0.3,static,352,462,14.34985628,41320,82,,0.7510822511,2078.987013,139,7128,7
59,0.3,rolling,352,462,21.58808708,1000,9,,0.9004329004,3839.025974,5481,7128,7
59,0.3,static,353,242,14.34985628,45390,83,,0.7148760331,1920.194215,90,7128,0
59,0.3,rolling,353,242,22.01890513,1000,3,,0.867768595,3645.595041,4310,7128,0
59,0.3,static,353,242,14.34985628,44928,83,,0.7148760331,1920.194215,90,7128,1
59,0.3,rolling,353,242,21.40637887,1000,3,,0.8553719008,3560.623967,2302.5,7128,1
59,0.3,static,353,242,14.34985628,43750,83,,0.7148760331,1920.194215,90,7128,3
59,0.3,rolling,353,242,21.7547226,1000,5,,0.8636363636,3613.966942,4031.5,7128,3
59,0.3,static,353,242,14.34985628,41906,83,,0.7148760331,1920.194215,90,7128,7
59,0.3,rolling,353,242,20.11357498,1000,9,,0.826446281,3346.677686,1234.5,7128,7
59,0.3,static,354,238,14.34985628,45632,84,,0.7142857143,2287.033613,144.5,7128,0
59,0.3,rolling,354,238,22.77402449,1000,3,,0.8991596639,4300.205882,6898,7128,0
59,0.3,static,354,238,14.34985628,45390,84,,0.7142857143,2287.033613,144.5,7128,1
59,0.3,rolling,354,238,22.01890513,1000,4,,0.8949579832,4140.726891,6709,7128,1
59,0.3,static,354,238,14.34985628,44406,84,,0.7142857143,2287.033613,144.5,7128,3
59,0.3,rolling,354,238,21.01861191,1000,5,,0.8529411765,3945.865546,6145,7128,3
59,0.3,static,354,238,14.34985628,42130,84,,0.7142857143,2287.033613,144.5,7128,7
59,0.3,rolling,354,238,20.06079006,1000,10,,0.8445378151,3758.798319,5141.5,7128,7
59,0.3,static,355,578,14.34985628,45870,85,,0.7162629758,2374.351211,147.5,7128,0
59,0.3,rolling,355,578,23.31112242,1000,4,,0.9031141869,4402.083045,7069,7128,0
59,0.3,static,355,578,14.34985628,45632,85,,0.7162629758,2374.351211,147.5,7128,1
59,0.3,rolling,355,578,22.77402449,1000,4,,0.8892733564,4307.584775,7009.5,7128,1
59,0.3,static,355,578,14.34985628,44928,85,,0.7162629758,2374.351211,147.5,7128,3
59,0.3,rolling,355,578,21.40637887,1000,5,,0.8633217993,4040.693772,6358.5,7128,3
59,0.3,static,355,578,14.34985628,42436,85,,0.7162629758,2374.351211,147.5,7128,7
59,0.3,rolling,355,578,19.32687211,1000,10,,0.8287197232,3557.782007,1978,7128,7
59,0.3,static,356,548,14.34985628,46448,86,,0.746350365,2338.116788,140.5,7128,0
59,0.3,rolling,356,548,23.13033104,1000,3,,0.9142335766,4324.458029,6727,7128,0
59,0.3,static,356,548,14.34985628,45870,86,,0.746350365,2338.116788,140.5,7128,1
59,0.3,rolling,356,548,23.31112242,1000,5,,0.9160583942,4361.001825,6787,7128,1
59,0.3,static,356,548,14.34985628,45390,86,,0.746350365,2338.116788,140.5,7128,3
59,0.3,rolling,356,548,22.01890513,1000,6,,0.901459854,4080.463504,6124,7128,3
59,0.3,static,356,548,14.34985628,43150,86,,0.746350365,2338.116788,140.5,7128,7
59,0.3,rolling,356,548,19.66468716,1000,9,,0.8558394161,3518.687956,1884.5,7128,7
59,0.3,static,357,406,14.34985628,46996,87,,0.7438423645,1693.475369,93.5,7128,0
59,0.3,rolling,357,406,22.92767467,1000,2,,0.9236453202,3838.416256,5471,7128,0
59,0.3,static,357,406,14.34985628,46448,87,,0.7438423645,1693.475369,93.5,7128,1
59,0.3,rolling,357,406,23.13033104,1000,4,,0.9261083744,3881.44335,5673,7128,1
59,0.3,static,357,406,14.34985628,45632,87,,0.7438423645,1693.475369,93.5,7128,3
59,0.3,rolling,357,406,22.77402449,1000,6,,0.9187192118,3804.568966,5337.5,7128,3
59,0.3,static,357,406,14.34985628,43750,87,,0.7438423645,1693.475369,93.5,7128,7
59,0.3,rolling,357,406,21.7547226,1000,9,,0.9137931034,3585.105911,3915.5,7128,7
59,0.3,static,358,300,14.34985628,47402,88,,0.77,1587.82,58,7128,0
59,0.3,rolling,358,300,21.81877136,1000,3,,0.88,3179.543333,995,7128,0
59,0.3,static,358,300,14.34985628,46996,88,,0.77,1587.82,58,7128,1
59,0.3,rolling,358,300,22.92767467,1000,3,,0.9,3395.446667,1472,7128,1
59,0.3,static,358,300,14.34985628,45870,88,,0.77,1587.82,58,7128,3
59,0.3,rolling,358,300,23.31112242,1000,7,,0.9033333333,3475.136667,1687,7128,3
59,0.3,static,358,300,14.34985628,44406,88,,0.77,1587.82,58,7128,7
59,0.3,rolling,358,300,21.01861191,1000,9,,0.8533333333,3015.996667,718.5,7128,7
59,0.3,static,359,330,14.34985628,47702,89,,0.8272727273,2871.9,478.5,7128,0
59,0.3,rolling,359,330,22.64775801,1000,3,,0.9575757576,4724.315152,7127,7128,0
59,0.3,static,359,330,14.34985628,47402,89,,0.8272727273,2871.9,478.5,7128,1
59,0.3,rolling,359,330,21.81877136,1000,4,,0.9484848485,4623.681818,7125,7128,1
59,0.3,static,359,330,14.34985628,46448,89,,0.8272727273,2871.9,478.5,7128,3
59,0.3,rolling,359,330,23.13033104,1000,6,,0.9575757576,4773.884848,7127,7128,3
59,0.3,static,359,330,14.34985628,44928,89,,0.8272727273,2871.9,478.5,7128,7
59,0.3,rolling,359,330,21.40637887,1000,9,,0.9393939394,4564.6,7122.5,7128,7
59,0.3,static,360,228,14.34985628,48032,90,,0.7894736842,1891.447368,98.5,7128,0
59,0.3,rolling,360,228,20.89724016,1000,3,,0.9078947368,3430.583333,1774,7128,0
59,0.3,static,360,228,14.34985628,47702,90,,0.7894736842,1891.447368,98.5,7128,1
59,0.3,rolling,360,228,22.64775801,1000,4,,0.9254385965,3894.004386,5448.5,7128,1
59,0.3,static,360,228,14.34985628,46996,90,,0.7894736842,1891.447368,98.5,7128,3
59,0.3,rolling,360,228,22.92767467,1000,5,,0.9298245614,3955.631579,5684.5,7128,3
59,0.3,static,360,228,14.34985628,45390,90,,0.7894736842,1891.447368,98.5,7128,7
59,0.3,rolling,360,228,22.01890513,1000,10,,0.9210526316,3722.77193,4639.5,7128,7
59,0.3,static,361,246,14.34985628,48260,91,,0.7520325203,1765.817073,52,7128,0
59,0.3,rolling,361,246,21.69182348,1000,4,,0.8861788618,3286.268293,1112,7128,0
59,0.3,static,361,246,14.34985628,48032,91,,0.7520325203,1765.817073,52,7128,1
59,0.3,rolling,361,246,20.89724016,1000,4,,0.8821138211,3134.357724,831.5,7128,1
59,0.3,static,361,246,14.34985628,47402,91,,0.7520325203,1765.817073,52,7128,3
59,0.3,rolling,361,246,21.81877136,1000,6,,0.8861788618,3317.300813,1159,7128,3
59,0.3,static,361,246,14.34985628,45632,91,,0.7520325203,1765.817073,52,7128,7
59,0.3,rolling,361,246,22.77402449,1000,10,,0.8902439024,3498.207317,1573.5,7128,7
59,0.3,static,362,620,14.34985628,48506,92,,0.7516129032,1733.048387,68.5,7128,0
59,0.3,rolling,362,620,20.20279549,1000,4,,0.8596774194,3017.066129,721,7128,0
59,0.3,static,362,620,14.34985628,48260,92,,0.7516129032,1733.048387,68.5,7128,1
59,0.3,rolling,362,620,21.69182348,1000,5,,0.8758064516,3377.919355,1458,7128,1
59,0.3,static,362,620,14.34985628,47702,92,,0.7516129032,1733.048387,68.5,7128,3
59,0.3,rolling,362,620,22.64775801,1000,6,,0.8870967742,3553.477419,2394,7128,3
59,0.3,static,362,620,14.34985628,45870,92,,0.7516129032,1733.048387,68.5,7128,7
59,0.3,rolling,362,620,23.31112242,1000,11,,0.8919354839,3666.343548,4527,7128,7
59,0.3,static,363,386,14.34985628,49126,93,,0.792746114,1897.593264,72,7128,0
59,0.3,rolling,363,386,23.21135139,1000,3,,0.914507772,3753.738342,5371.5,7128,0
59,0.3,static,363,386,14.34985628,48506,93,,0.792746114,1897.593264,72,7128,1
59,0.3,rolling,363,386,20.20279549,1000,5,,0.8834196891,3137.84456,711.5,7128,1
59,0.3,static,363,386,14.34985628,48032,93,,0.792746114,1897.593264,72,7128,3
59,0.3,rolling,363,386,20.89724016,1000,6,,0.8886010363,3275.015544,1046.5,7128,3
59,0.3,static,363,386,14.34985628,46448,93,,0.792746114,1897.593264,72,7128,7
59,0.3,rolling,363,386,23.13033104,1000,10,,0.914507772,3735.588083,5234.5,7128,7
59,0.3,static,364,354,14.34985628,49512,94,,0.7372881356,1816.666667,76,7128,0
59,0.3,rolling,364,354,23.21135139,1000,2,,0.906779661,3916.155367,5917,7128,0
59,0.3,static,364,354,14.34985628,49126,94,,0.7372881356,1816.666667,76,7128,1
59,0.3,rolling,364,354,23.21135139,1000,4,,0.906779661,3916.155367,5917,7128,1
59,0.3,static,364,354,14.34985628,48260,94,,0.7372881356,1816.666667,76,7128,3
59,0.3,rolling,364,354,21.69182348,1000,7,,0.8926553672,3609.539548,4048.5,7128,3
59,0.3,static,364,354,14.34985628,46996,94,,0.7372881356,1816.666667,76,7128,7
59,0.3,rolling,364,354,22.92767467,1000,9,,0.9039548023,3870.194915,5642,7128,7
71,0,static,292,730,14.53734303,11270,22,,0.8643835616,3305.106849,1168.5,7128,0
71,0,rolling,292,730,15.62716246,1000,3,,0.9,3624.649315,3693,7128,0
71,0,static,292,730,14.53734303,11270,22,,0.8643835616,3305.106849,1168.5,7128,1
71,0,rolling,292,730,15.62716246,1000,3,,0.9,3624.649315,3693,7128,1
71,0,static,292,730,14.53734303,11270,22,,0.8643835616,3305.106849,1168.5,7128,3
71,0,rolling,292,730,15.62716246,1000,3,,0.9,3624.649315,3693,7128,3
71,0,static,292,730,14.53734303,11270,22,,0.8643835616,3305.106849,1168.5,7128,7
71,0,rolling,292,730,15.62716246,1000,3,,0.9,3624.649315,3693,7128,7
71,0,static,293,658,14.53734303,12000,23,,0.8996960486,3483.265957,1832,7128,0
71,0,rolling,293,658,15.47556305,1000,2,,0.9224924012,3837.74772,5203,7128,0
71,0,static,293,658,14.53734303,11270,23,,0.8996960486,3483.265957,1832,7128,1
71,0,rolling,293,658,15.62716246,1000,4,,0.9224924012,3895.718845,5459,7128,1
71,0,static,293,658,14.53734303,11270,23,,0.8996960486,3483.265957,1832,7128,3
71,0,rolling,293,658,15.62716246,1000,4,,0.9224924012,3895.718845,5459,7128,3
71,0,static,293,658,14.53734303,11270,23,,0.8996960486,3483.265957,1832,7128,7
71,0,rolling,293,658,15.62716246,1000,4,,0.9224924012,3895.718845,5459,7128,7
71,0,static,294,618,14.53734303,12658,24,,0.8640776699,3204.140777,799,7128,0
71,0,rolling,294,618,15.46453606,1000,2,,0.8786407767,3481.964401,1719,7128,0
71,0,static,294,618,14.53734303,12000,24,,0.8640776699,3204.140777,799,7128,1
71,0,rolling,294,618,15.47556305,1000,3,,0.8786407767,3484.804207,1726,7128,1
71,0,static,294,618,14.53734303,11270,24,,0.8640776699,3204.140777,799,7128,3
71,0,rolling,294,618,15.62716246,1000,5,,0.8786407767,3532.23301,1879.5,7128,3
71,0,static,294,618,14.53734303,11270,24,,0.8640776699,3204.140777,799,7128,7
71,0,rolling,294,618,15.62716246,1000,5,,0.8786407767,3532.23301,1879.5,7128,7
71,0,static,295,666,14.53734303,13276,25,,0.8753753754,3219.512012,1260,7128,0
71,0,rolling,295,666,16.00429097,1000,2,,0.9114114114,3867.48048,5285.5,7128,0
71,0,static,295,666,14.53734303,12658,25,,0.8753753754,3219.512012,1260,7128,1
71,0,rolling,295,666,15.46453606,1000,3,,0.8963963964,3635.03003,3914,7128,1
71,0,static,295,666,14.53734303,11270,25,,0.8753753754,3219.512012,1260,7128,3
71,0,rolling,295,666,15.62716246,1000,6,,0.9009009009,3707.306306,4316,7128,3
71,0,static,295,666,14.53734303,11270,25,,0.8753753754,3219.512012,1260,7128,7
71,0,rolling,295,666,15.62716246,1000,6,,0.9009009009,3707.306306,4316,7128,7
71,0,static,296,516,14.53734303,13942,26,,0.8527131783,3194.71124,1107.5,7128,0
71,0,rolling,296,516,16.00429097,1000,2,,0.8779069767,3721.484496,4435,7128,0
71,0,static,296,516,14.53734303,13276,26,,0.8527131783,3194.71124,1107.5,7128,1
71,0,rolling,296,516,16.00429097,1000,3,,0.8779069767,3721.484496,4435,7128,1
71,0,static,296,516,14.53734303,12000,26,,0.8527131783,3194.71124,1107.5,7128,3
71,0,rolling,296,516,15.47556305,1000,5,,0.8682170543,3525.765504,2218,7128,3
71,0,static,296,516,14.53734303,11270,26,,0.8527131783,3194.71124,1107.5,7128,7
71,0,rolling,296,516,15.62716246,1000,7,,0.8682170543,3583.757752,3813,7128,7
71,0,static,297,292,14.53734303,14458,27,,0.8390410959,2589.342466,342,7128,0
71,0,rolling,297,292,16.27889252,1000,2,,0.8732876712,3113.226027,840,7128,0
71,0,static,297,292,14.53734303,13942,27,,0.8390410959,2589.342466,342,7128,1
71,0,rolling,297,292,16.00429097,1000,3,,0.8698630137,3027.236301,730.5,7128,1
71,0,static,297,292,14.53734303,12658,27,,0.8390410959,2589.342466,342,7128,3
71,0,rolling,297,292,15.46453606,1000,5,,0.8595890411,2869.510274,525,7128,3
71,0,static,297,292,14.53734303,11270,27,,0.8390410959,2589.342466,342,7128,7
71,0,rolling,297,292,15.62716246,1000,8,,0.8595890411,2909.684932,558,7128,7
71,0,static,298,252,14.53734303,14750,28,,0.8412698413,2663.130952,381,7128,0
71,0,rolling,298,252,17.60132217,1000,3,,0.9285714286,3832.623016,4772,7128,0
71,0,static,298,252,14.53734303,14458,28,,0.8412698413,2663.130952,381,7128,1
71,0,rolling,298,252,16.27889252,1000,3,,0.9206349206,3359.896825,1269,7128,1
71,0,static,298,252,14.53734303,13276,28,,0.8412698413,2663.130952,381,7128,3
71,0,rolling,298,252,16.00429097,1000,5,,0.9047619048,3233.928571,1013,7128,3
71,0,static,298,252,14.53734303,11270,28,,0.8412698413,2663.130952,381,7128,7
71,0,rolling,298,252,15.62716246,1000,9,,0.9007936508,3094.27381,722,7128,7
71,0,static,299,702,14.53734303,15002,29,,0.8660968661,3015.559829,679,7128,0
71,0,rolling,299,702,16.80667257,1000,3,,0.9202279202,3774.123932,5205.5,7128,0
71,0,static,299,702,14.53734303,14750,29,,0.8660968661,3015.559829,679,7128,1
71,0,rolling,299,702,17.60132217,1000,4,,0.9273504274,4006.236467,6255.5,7128,1
71,0,static,299,702,14.53734303,13942,29,,0.8660968661,3015.559829,679,7128,3
71,0,rolling,299,702,16.00429097,1000,5,,0.905982906,3544.964387,3699,7128,3
71,0,static,299,702,14.53734303,11270,29,,0.8660968661,3015.559829,679,7128,7
71,0,rolling,299,702,15.62716246,1000,10,,0.9017094017,3416.421652,1711.5,7128,7
71,0,static,300,664,14.53734303,15704,30,,0.875,3108.509036,750,7128,0
71,0,rolling,300,664,15.59235883,1000,3,,0.8870481928,3490.21988,1921.5,7128,0
71,0,static,300,664,14.53734303,15002,30,,0.875,3108.509036,750,7128,1
71,0,rolling,300,664,16.80667257,1000,4,,0.9171686747,3918.09488,5461,7128,1
71,0,static,300,664,14.53734303,14458,30,,0.875,3108.509036,750,7128,3
71,0,rolling,300,664,16.27889252,1000,5,,0.9081325301,3739.600904,4419.5,7128,3
71,0,static,300,664,14.53734303,12000,30,,0.875,3108.509036,750,7128,7
71,0,rolling,300,664,15.47556305,1000,9,,0.8870481928,3451.801205,1682.5,7128,7
71,0,static,301,616,14.53734303,16368,31,,0.8912337662,3469.003247,2033.5,7128,0
71,0,rolling,301,616,16.11832237,1000,2,,0.913961039,3998.055195,6277.5,7128,0
71,0,static,301,616,14.53734303,15704,31,,0.8912337662,3469.003247,2033.5,7128,1
71,0,rolling,301,616,15.59235883,1000,4,,0.9042207792,3841.899351,5453,7128,1
71,0,static,301,616,14.53734303,14750,31,,0.8912337662,3469.003247,2033.5,7128,3
71,0,rolling,301,616,17.60132217,1000,6,,0.9350649351,4391.021104,7039,7128,3
71,0,static,301,616,14.53734303,12658,31,,0.8912337662,3469.003247,2033.5,7128,7
71,0,rolling,301,616,15.46453606,1000,9,,0.9042207792,3799.503247,5255.5,7128,7
71,0,static,302,570,14.53734303,16984,32,,0.850877193,2844.007018,546,7128,0
71,0,rolling,302,570,15.72020163,1000,2,,0.8719298246,3262.663158,1064,7128,0
71,0,static,302,570,14.53734303,16368,32,,0.850877193,2844.007018,546,7128,1
71,0,rolling,302,570,16.11832237,1000,3,,0.8859649123,3396.5,1357.5,7128,1
71,0,static,302,570,14.53734303,15002,32,,0.850877193,2844.007018,546,7128,3
71,0,rolling,302,570,16.80667257,1000,6,,0.901754386,3590.064912,2419,7128,3
71,0,static,302,570,14.53734303,13276,32,,0.850877193,2844.007018,546,7128,7
71,0,rolling,302,570,16.00429097,1000,9,,0.8824561404,3362.405263,1237.5,7128,7
71,0,static,303,542,14.53734303,17554,33,,0.8837638376,3023.664207,762,7128,0
71,0,rolling,303,542,16.5525353,1000,2,,0.9095940959,3686.147601,4275,7128,0
71,0,static,303,542,14.53734303,16984,33,,0.8837638376,3023.664207,762,7128,1
71,0,rolling,303,542,15.72020163,1000,3,,0.8929889299,3398.728782,1685,7128,1
71,0,static,303,542,14.53734303,15704,33,,0.8837638376,3023.664207,762,7128,3
71,0,rolling,303,542,15.59235883,1000,6,,0.8929889299,3354.103321,1560,7128,3
71,0,static,303,542,14.53734303,13942,33,,0.8837638376,3023.664207,762,7128,7
71,0,rolling,303,542,16.00429097,1000,9,,0.8985239852,3500.51845,2012,7128,7
71,0,static,304,328,14.53734303,18096,34,,0.8323170732,2903.064024,549.5,7128,0
71,0,rolling,304,328,15.99126709,1000,2,,0.862804878,3345.77439,1154,7128,0
71,0,static,304,328,14.53734303,17554,34,,0.8323170732,2903.064024,549.5,7128,1
71,0,rolling,304,328,16.5525353,1000,3,,0.8902439024,3509.92378,1558.5,7128,1
71,0,static,304,328,14.53734303,16368,34,,0.8323170732,2903.064024,549.5,7128,3
71,0,rolling,304,328,16.11832237,1000,5,,0.868902439,3383.344512,1228.5,7128,3
71,0,static,304,328,14.53734303,14458,34,,0.8323170732,2903.064024,549.5,7128,7
71,0,rolling,304,328,16.27889252,1000,9,,0.875,3436.582317,1340,7128,7
71,0,static,305,328,14.53734303,18424,35,,0.9024390244,2508.844512,465,7128,0
71,0,rolling,305,328,16.62176704,1000,3,,0.9359756098,3451.746951,1691,7128,0
71,0,static,305,328,14.53734303,18096,35,,0.9024390244,2508.844512,465,7128,1
71,0,rolling,305,328,15.99126709,1000,3,,0.9176829268,3181.72561,1200.5,7128,1
71,0,static,305,328,14.53734303,16984,35,,0.9024390244,2508.844512,465,7128,3
71,0,rolling,305,328,15.72020163,1000,5,,0.9146341463,3066.762195,973,7128,3
71,0,static,305,328,14.53734303,14750,35,,0.9024390244,2508.844512,465,7128,7
71,0,rolling,305,328,17.60132217,1000,10,,0.9451219512,3722.192073,4314.5,7128,7
71,0,static,306,582,14.53734303,18752,36,,0.8591065292,2867.120275,433,7128,0
71,0,rolling,306,582,16.14123631,1000,3,,0.8883161512,3342.587629,1267,7128,0
71,0,static,306,582,14.53734303,18424,36,,0.8591065292,2867.120275,433,7128,1
71,0,rolling,306,582,16.62176704,1000,4,,0.9054982818,3486.666667,1848.5,7128,1
71,0,static,306,582,14.53734303,17554,36,,0.8591065292,2867.120275,433,7128,3
71,0,rolling,306,582,16.5525353,1000,5,,0.9037800687,3468.482818,1735.5,7128,3
71,0,static,306,582,14.53734303,15002,36,,0.8591065292,2867.120275,433,7128,7
71,0,rolling,306,582,16.80667257,1000,10,,0.910652921,3533.888316,2510.5,7128,7
71,0,static,307,588,14.53734303,19334,37,,0.8537414966,2967.636054,662,7128,0
71,0,rolling,307,588,16.18090594,1000,3,,0.8996598639,3521.141156,1865.5,7128,0
71,0,static,307,588,14.53734303,18752,37,,0.8537414966,2967.636054,662,7128,1
71,0,rolling,307,588,16.14123631,1000,4,,0.8996598639,3507.544218,1819,7128,1
71,0,static,307,588,14.53734303,18096,37,,0.8537414966,2967.636054,662,7128,3
71,0,rolling,307,588,15.99126709,1000,5,,0.8979591837,3458.909864,1668,7128,3
71,0,static,307,588,14.53734303,15704,37,,0.8537414966,2967.636054,662,7128,7
71,0,rolling,307,588,15.59235883,1000,10,,0.8860544218,3339.590136,1292,7128,7
71,0,static,308,562,14.53734303,19922,38,,0.8505338078,3090.430605,573.5,7128,0
71,0,rolling,308,562,16.32189083,1000,2,,0.8790035587,3575.339858,2167,7128,0
71,0,static,308,562,14.53734303,19334,38,,0.8505338078,3090.430605,573.5,7128,1
71,0,rolling,308,562,16.18090594,1000,4,,0.8790035587,3542.603203,1875,7128,1
71,0,static,308,562,14.53734303,18424,38,,0.8505338078,3090.430605,573.5,7128,3
71,0,rolling,308,562,16.62176704,1000,6,,0.8879003559,3669.174377,3907,7128,3
71,0,static,308,562,14.53734303,16368,38,,0.8505338078,3090.430605,573.5,7128,7
71,0,rolling,308,562,16.11832237,1000,9,,0.8772241993,3528.462633,1798,7128,7
71,0,static,309,626,14.53734303,20484,39,,0.8370607029,3040.055911,846,7128,0
71,0,rolling,309,626,16.59270382,1000,2,,0.8961661342,3769.565495,5188,7128,0
71,0,static,309,626,14.53734303,19922,39,,0.8370607029,3040.055911,846,7128,1
71,0,rolling,309,626,16.32189083,1000,3,,0.8913738019,3689.180511,4663.5,7128,1
71,0,static,309,626,14.53734303,18752,39,,0.8370607029,3040.055911,846,7128,3
71,0,rolling,309,626,16.14123631,1000,6,,0.8849840256,3628.477636,4370.5,7128,3
71,0,static,309,626,14.53734303,16984,39,,0.8370607029,3040.055911,846,7128,7
71,0,rolling,309,626,15.72020163,1000,9,,0.8769968051,3486.269968,2033,7128,7
71,0,static,310,620,14.53734303,21110,40,,0.8709677419,2461.408065,358.5,7128,0
71,0,rolling,310,620,16.98172808,1000,2,,0.9193548387,3318.291935,1524,7128,0
71,0,static,310,620,14.53734303,20484,40,,0.8709677419,2461.408065,358.5,7128,1
71,0,rolling,310,620,16.59270382,1000,3,,0.9129032258,3170.580645,1207.5,7128,1
71,0,static,310,620,14.53734303,19334,40,,0.8709677419,2461.408065,358.5,7128,3
71,0,rolling,310,620,16.18090594,1000,6,,0.9048387097,3021.485484,931,7128,3
71,0,static,310,620,14.53734303,17554,40,,0.8709677419,2461.408065,358.5,7128,7
71,0,rolling,310,620,16.5525353,1000,9,,0.9112903226,3156.701613,1163,7128,7
71,0,static,311,438,14.53734303,21730,41,,0.8630136986,2168.159817,267.5,7128,0
71,0,rolling,311,438,16.51687622,1000,2,,0.901826484,2791.552511,527,7128,0
71,0,static,311,438,14.53734303,21110,41,,0.8630136986,2168.159817,267.5,7128,1
71,0,rolling,311,438,16.98172808,1000,3,,0.9063926941,2941.942922,638,7128,1
71,0,static,311,438,14.53734303,19922,41,,0.8630136986,2168.159817,267.5,7128,3
71,0,rolling,311,438,16.32189083,1000,5,,0.901826484,2722.593607,493,7128,3
71,0,static,311,438,14.53734303,18096,41,,0.8630136986,2168.159817,267.5,7128,7
71,0,rolling,311,438,15.99126709,1000,9,,0.897260274,2633.230594,433,7128,7
71,0,static,312,460,14.53734303,22168,42,,0.8413043478,2023.280435,223,7128,0
71,0,rolling,312,460,16.10945988,1000,2,,0.8869565217,2546.519565,443.5,7128,0
71,0,static,312,460,14.53734303,21730,42,,0.8413043478,2023.280435,223,7128,1
71,0,rolling,312,460,16.51687622,1000,3,,0.8934782609,2694.565217,507,7128,1
71,0,static,312,460,14.53734303,20484,42,,0.8413043478,2023.280435,223,7128,3
71,0,rolling,312,460,16.59270382,1000,5,,0.8934782609,2721.180435,525,7128,3
71,0,static,312,460,14.53734303,18424,42,,0.8413043478,2023.280435,223,7128,7
71,0,rolling,312,460,16.62176704,1000,10,,0.8956521739,2732.736957,530,7128,7
71,0,static,313,794,14.53734303,22628,43,,0.8463476071,2205.503778,216,7128,0
71,0,rolling,313,794,16.64731503,1000,3,,0.9005037783,2851.220403,608,7128,0
71,0,static,313,794,14.53734303,22168,43,,0.8463476071,2205.503778,216,7128,1
71,0,rolling,313,794,16.10945988,1000,3,,0.8853904282,2693.290932,452,7128,1
71,0,static,313,794,14.53734303,21110,43,,0.8463476071,2205.503778,216,7128,3
71,0,rolling,313,794,16.98172808,1000,5,,0.9068010076,2950.707809,726,7128,3
71,0,static,313,794,14.53734303,18752,43,,0.8463476071,2205.503778,216,7128,7
71,0,rolling,313,794,16.14123631,1000,10,,0.8853904282,2702.245592,459.5,7128,7
71,0,static,314,678,14.53734303,23422,44,,0.8539823009,2456.946903,307,7128,0
71,0,rolling,314,678,16.81615067,1000,2,,0.8967551622,3202.439528,924,7128,0
71,0,static,314,678,14.53734303,22628,44,,0.8539823009,2456.946903,307,7128,1
71,0,rolling,314,678,16.64731503,1000,4,,0.895280236,3149.331858,854.5,7128,1
71,0,static,314,678,14.53734303,21730,44,,0.8539823009,2456.946903,307,7128,3
71,0,rolling,314,678,16.51687622,1000,5,,0.8923303835,3107.058997,803,7128,3
71,0,static,314,678,14.53734303,19334,44,,0.8539823009,2456.946903,307,7128,7
71,0,rolling,314,678,16.18090594,1000,10,,0.8864306785,2996.327434,693.5,7128,7
71,0,static,315,774,14.53734303,24100,45,,0.8475452196,2416.489664,305,7128,0
71,0,rolling,315,774,17.04178143,1000,2,,0.8863049096,3272.78553,1265,7128,0
71,0,static,315,774,14.53734303,23422,45,,0.8475452196,2416.489664,305,7128,1
71,0,rolling,315,774,16.81615067,1000,3,,0.8850129199,3201.815245,1083.5,7128,1
71,0,static,315,774,14.53734303,22168,45,,0.8475452196,2416.489664,305,7128,3
71,0,rolling,315,774,16.10945988,1000,5,,0.8759689922,2948.286822,735,7128,3
71,0,static,315,774,14.53734303,19922,45,,0.8475452196,2416.489664,305,7128,7
71,0,rolling,315,774,16.32189083,1000,9,,0.8785529716,3026.81137,825.5,7128,7
71,0,static,316,758,14.53734303,24874,46,,0.8509234828,2556.137203,400.5,7128,0
71,0,rolling,316,758,17.83991051,1000,2,,0.9155672823,3705.729551,4435.5,7128,0
71,0,static,316,758,14.53734303,24100,46,,0.8509234828,2556.137203,400.5,7128,1
71,0,rolling,316,758,17.04178143,1000,3,,0.8997361478,3427.759894,1876.5,7128,1
71,0,static,316,758,14.53734303,22628,46,,0.8509234828,2556.137203,400.5,7128,3
71,0,rolling,316,758,16.64731503,1000,6,,0.8944591029,3289.218997,1459,7128,3
71,0,static,316,758,14.53734303,20484,46,,0.8509234828,2556.137203,400.5,7128,7
71,0,rolling,316,758,16.59270382,1000,9,,0.8944591029,3269.658311,1389,7128,7
71,0,static,317,630,14.53734303,25632,47,,0.8285714286,2049.604762,243,7128,0
71,0,rolling,317,630,17.15323925,1000,2,,0.8793650794,2963.344444,876,7128,0
71,0,static,317,630,14.53734303,24874,47,,0.8285714286,2049.604762,243,7128,1
71,0,rolling,317,630,17.83991051,1000,3,,0.8888888889,3202.061905,1361,7128,1
71,0,static,317,630,14.53734303,23422,47,,0.8285714286,2049.604762,243,7128,3
71,0,rolling,317,630,16.81615067,1000,5,,0.8746031746,2840.766667,735.5,7128,3
71,0,static,317,630,14.53734303,21110,47,,0.8285714286,2049.604762,243,7128,7
71,0,rolling,317,630,16.98172808,1000,9,,0.8761904762,2896.266667,794,7128,7
71,0,static,318,342,14.53734303,26262,48,,0.8391812865,2118.195906,198,7128,0
71,0,rolling,318,342,18.17607307,1000,2,,0.918128655,3151.040936,938.5,7128,0
71,0,static,318,342,14.53734303,25632,48,,0.8391812865,2118.195906,198,7128,1
71,0,rolling,318,342,17.15323925,1000,3,,0.8976608187,2861.084795,558.5,7128,1
71,0,static,318,342,14.53734303,24100,48,,0.8391812865,2118.195906,198,7128,3
71,0,rolling,318,342,17.04178143,1000,5,,0.8976608187,2825.783626,523.5,7128,3
71,0,static,318,342,14.53734303,21730,48,,0.8391812865,2118.195906,198,7128,7
71,0,rolling,318,342,16.51687622,1000,9,,0.8859649123,2699.505848,424,7128,7
71,0,static,319,324,14.53734303,26604,49,,0.8734567901,2184.882716,196,7128,0
71,0,rolling,319,324,18.02282381,1000,3,,0.9382716049,3247.719136,1264,7128,0
71,0,static,319,324,14.53734303,26262,49,,0.8734567901,2184.882716,196,7128,1
71,0,rolling,319,324,18.17607307,1000,3,,0.9382716049,3304.891975,1365,7128,1
71,0,static,319,324,14.53734303,24874,49,,0.8734567901,2184.882716,196,7128,3
71,0,rolling,319,324,17.83991051,1000,5,,0.9382716049,3177.466049,1124.5,7128,3
71,0,static,319,324,14.53734303,22168,49,,0.8734567901,2184.882716,196,7128,7
71,0,rolling,319,324,16.10945988,1000,9,,0.8919753086,2615.179012,444.5,7128,7
71,0,static,320,736,14.53734303,26928,50,,0.839673913,2804.286685,328.5,7128,0
71,0,rolling,320,736,17.53723145,1000,3,,0.8980978261,3628.846467,3934,7128,0
71,0,static,320,736,14.53734303,26604,50,,0.839673913,2804.286685,328.5,7128,1
71,0,rolling,320,736,18.02282381,1000,4,,0.9076086957,3777.342391,4954.5,7128,1
71,0,static,320,736,14.53734303,25632,50,,0.839673913,2804.286685,328.5,7128,3
71,0,rolling,320,736,17.15323925,1000,5,,0.8899456522,3521.642663,1901.5,7128,3
71,0,static,320,736,14.53734303,22628,50,,0.839673913,2804.286685,328.5,7128,7
71,0,rolling,320,736,16.64731503,1000,10,,0.879076087,3369.158967,1399,7128,7
71,0,static,321,680,14.53734303,27664,51,,0.8294117647,2518.508824,380.5,7128,0
71,0,rolling,321,680,17.40272367,1000,2,,0.8926470588,3538.111765,1968,7128,0
71,0,static,321,680,14.53734303,26928,51,,0.8294117647,2518.508824,380.5,7128,1
71,0,rolling,321,680,17.53723145,1000,4,,0.8941176471,3583.244118,2187.5,7128,1
71,0,static,321,680,14.53734303,26262,51,,0.8294117647,2518.508824,380.5,7128,3
71,0,rolling,321,680,18.17607307,1000,5,,0.9132352941,3808.054412,4774.5,7128,3
71,0,static,321,680,14.53734303,23422,51,,0.8294117647,2518.508824,380.5,7128,7
71,0,rolling,321,680,16.81615067,1000,9,,0.8838235294,3372.775,1382.5,7128,7
71,0,static,322,668,14.53734303,28344,52,,0.8308383234,2742.35479,374,7128,0
71,0,rolling,322,668,18.12008715,1000,2,,0.9206586826,3903.444611,5312,7128,0
71,0,static,322,668,14.53734303,27664,52,,0.8308383234,2742.35479,374,7128,1
71,0,rolling,322,668,17.40272367,1000,3,,0.9026946108,3648.962575,3939,7128,1
71,0,static,322,668,14.53734303,26604,52,,0.8308383234,2742.35479,374,7128,3
71,0,rolling,322,668,18.02282381,1000,6,,0.9161676647,3875.64521,5137.5,7128,3
71,0,static,322,668,14.53734303,24100,52,,0.8308383234,2742.35479,374,7128,7
71,0,rolling,322,668,17.04178143,1000,9,,0.8982035928,3531.034431,1983,7128,7
71,0,static,323,668,14.53734303,29012,53,,0.7964071856,2465.821856,384,7128,0
71,0,rolling,323,668,17.75425196,1000,2,,0.9071856287,3635.199102,3907.5,7128,0
71,0,static,323,668,14.53734303,28344,53,,0.7964071856,2465.821856,384,7128,1
71,0,rolling,323,668,18.12008715,1000,3,,0.9131736527,3765.516467,4505.5,7128,1
71,0,static,323,668,14.53734303,26928,53,,0.7964071856,2465.821856,384,7128,3
71,0,rolling,323,668,17.53723145,1000,6,,0.9011976048,3542.911677,2519.5,7128,3
71,0,static,323,668,14.53734303,24874,53,,0.7964071856,2465.821856,384,7128,7
71,0,rolling,323,668,17.83991051,1000,9,,0.9071856287,3664.378743,4040,7128,7
71,0,static,324,796,14.53734303,29680,54,,0.8002512563,2345.850503,251.5,7128,0
71,0,rolling,324,796,17.66950357,1000,2,,0.8907035176,3269.555276,1293.5,7128,0
71,0,static,324,796,14.53734303,29012,54,,0.8002512563,2345.850503,251.5,7128,1
71,0,rolling,324,796,17.75425196,1000,3,,0.8932160804,3303.320352,1365.5,7128,1
71,0,static,324,796,14.53734303,27664,54,,0.8002512563,2345.850503,251.5,7128,3
71,0,rolling,324,796,17.40272367,1000,5,,0.885678392,3186.939698,1101.5,7128,3
71,0,static,324,796,14.53734303,25632,54,,0.8002512563,2345.850503,251.5,7128,7
71,0,rolling,324,796,17.15323925,1000,9,,0.8781407035,3113.734925,986.5,7128,7
71,0,static,325,398,14.53734303,30476,55,,0.7763819095,2409.261307,208,7128,0
71,0,rolling,325,398,17.92210668,1000,2,,0.8944723618,3334.271357,1295,7128,0
71,0,static,325,398,14.53734303,29680,55,,0.7763819095,2409.261307,208,7128,1
71,0,rolling,325,398,17.66950357,1000,3,,0.8869346734,3256.246231,1134,7128,1
71,0,static,325,398,14.53734303,28344,55,,0.7763819095,2409.261307,208,7128,3
71,0,rolling,325,398,18.12008715,1000,5,,0.8994974874,3411.525126,1456,7128,3
71,0,static,325,398,14.53734303,26262,55,,0.7763819095,2409.261307,208,7128,7
71,0,rolling,325,398,18.17607307,1000,9,,0.8994974874,3430.396985,1499,7128,7
71,0,static,326,422,14.53734303,30874,56,,0.7748815166,1811.988152,115,7128,0
71,0,rolling,326,422,17.7387805,1000,2,,0.8862559242,2580.663507,384,7128,0
71,0,static,326,422,14.53734303,30476,56,,0.7748815166,1811.988152,115,7128,1
71,0,rolling,326,422,17.92210668,1000,3,,0.8886255924,2624.900474,427,7128,1
71,0,static,326,422,14.53734303,29012,56,,0.7748815166,1811.988152,115,7128,3
71,0,rolling,326,422,17.75425196,1000,5,,0.8862559242,2584.772512,387.5,7128,3
71,0,static,326,422,14.53734303,26604,56,,0.7748815166,1811.988152,115,7128,7
71,0,rolling,326,422,18.02282381,1000,10,,0.8909952607,2649.154028,450,7128,7
71,0,static,327,738,14.53734303,31296,57,,0.7723577236,2404.284553,261,7128,0
71,0,rolling,327,738,18.74226904,1000,3,,0.8956639566,3590.844173,4131,7128,0
71,0,static,327,738,14.53734303,30874,57,,0.7723577236,2404.284553,261,7128,1
71,0,rolling,327,738,17.7387805,1000,3,,0.8780487805,3293.608401,1408.5,7128,1
71,0,static,327,738,14.53734303,29680,57,,0.7723577236,2404.284553,261,7128,3
71,0,rolling,327,738,17.66950357,1000,5,,0.8753387534,3272.042005,1338.5,7128,3
71,0,static,327,738,14.53734303,26928,57,,0.7723577236,2404.284553,261,7128,7
71,0,rolling,327,738,17.53723145,1000,10,,0.8726287263,3236.234417,1232,7128,7
71,0,static,328,600,14.53734303,32034,58,,0.805,2428.806667,262.5,7128,0
71,0,rolling,328,600,19.15486431,1000,2,,0.9233333333,3883.376667,5560.5,7128,0
71,0,static,328,600,14.53734303,31296,58,,0.805,2428.806667,262.5,7128,1
71,0,rolling,328,600,18.74226904,1000,4,,0.92,3759.878333,4806,7128,1
71,0,static,328,600,14.53734303,30476,58,,0.805,2428.806667,262.5,7128,3
71,0,rolling,328,600,17.92210668,1000,5,,0.8983333333,3504.645,2017,7128,3
71,0,static,328,600,14.53734303,27664,58,,0.805,2428.806667,262.5,7128,7
71,0,rolling,328,600,17.40272367,1000,9,,0.8816666667,3346.361667,1408,7128,7
71,0,static,329,684,14.53734303,32634,59,,0.7923976608,2500.25731,275,7128,0
71,0,rolling,329,684,18.52877569,1000,2,,0.9137426901,3799.872807,4919,7128,0
71,0,static,329,684,14.53734303,32034,59,,0.7923976608,2500.25731,275,7128,1
71,0,rolling,329,684,19.15486431,1000,3,,0.9225146199,4015.461988,5837.5,7128,1
71,0,static,329,684,14.53734303,30874,59,,0.7923976608,2500.25731,275,7128,3
71,0,rolling,329,684,17.7387805,1000,5,,0.8888888889,3536.008772,3711,7128,3
71,0,static,329,684,14.53734303,28344,59,,0.7923976608,2500.25731,275,7128,7
71,0,rolling,329,684,18.12008715,1000,9,,0.9020467836,3653.672515,4259,7128,7
71,0,static,330,640,14.53734303,33318,60,,0.8265625,2363.101562,273.5,7128,0
71,0,rolling,330,640,18.01135111,1000,2,,0.921875,3524.409375,2991.5,7128,0
71,0,static,330,640,14.53734303,32634,60,,0.8265625,2363.101562,273.5,7128,1
71,0,rolling,330,640,18.52877569,1000,3,,0.9234375,3691.609375,4544,7128,1
71,0,static,330,640,14.53734303,31296,60,,0.8265625,2363.101562,273.5,7128,3
71,0,rolling,330,640,18.74226904,1000,6,,0.925,3757.328125,4821,7128,3
71,0,static,330,640,14.53734303,29012,60,,0.8265625,2363.101562,273.5,7128,7
71,0,rolling,330,640,17.75425196,1000,9,,0.9203125,3440.459375,1845.5,7128,7
71,0,static,331,506,14.53734303,33958,61,,0.8399209486,2586.715415,346,7128,0
71,0,rolling,331,506,17.18659061,1000,2,,0.8913043478,3382.071146,1434,7128,0
71,0,static,331,506,14.53734303,33318,61,,0.8399209486,2586.715415,346,7128,1
71,0,rolling,331,506,18.01135111,1000,3,,0.9051383399,3663.077075,4212.5,7128,1
71,0,static,331,506,14.53734303,32034,61,,0.8399209486,2586.715415,346,7128,3
71,0,rolling,331,506,19.15486431,1000,5,,0.9249011858,4033.875494,6158.5,7128,3
71,0,static,331,506,14.53734303,29680,61,,0.8399209486,2586.715415,346,7128,7
71,0,rolling,331,506,17.66950357,1000,9,,0.9011857708,3545.646245,2844.5,7128,7
71,0,static,332,318,14.53734303,34464,62,,0.8364779874,2373.518868,176.5,7128,0
71,0,rolling,332,318,17.11232996,1000,2,,0.8836477987,3021.861635,714,7128,0
71,0,static,332,318,14.53734303,33958,62,,0.8364779874,2373.518868,176.5,7128,1
71,0,rolling,332,318,17.18659061,1000,3,,0.8836477987,3044.371069,731.5,7128,1
71,0,static,332,318,14.53734303,32634,62,,0.8364779874,2373.518868,176.5,7128,3
71,0,rolling,332,318,18.52877569,1000,5,,0.9150943396,3407.525157,1310,7128,3
71,0,static,332,318,14.53734303,30476,62,,0.8364779874,2373.518868,176.5,7128,7
71,0,rolling,332,318,17.92210668,1000,9,,0.8993710692,3260.257862,1001,7128,7
71,0,static,333,342,14.53734303,34782,63,,0.7953216374,2398.792398,231,7128,0
71,0,rolling,333,342,17.6307621,1000,3,,0.8771929825,3143.254386,1204,7128,0
71,0,static,333,342,14.53734303,34464,63,,0.7953216374,2398.792398,231,7128,1
71,0,rolling,333,342,17.11232996,1000,3,,0.865497076,2987.929825,879,7128,1
71,0,static,333,342,14.53734303,33318,63,,0.7953216374,2398.792398,231,7128,3
71,0,rolling,333,342,18.01135111,1000,5,,0.8888888889,3267.652047,1442.5,7128,3
71,0,static,333,342,14.53734303,30874,63,,0.7953216374,2398.792398,231,7128,7
71,0,rolling,333,342,17.7387805,1000,9,,0.8771929825,3176.178363,1276.5,7128,7
71,0,static,334,700,14.53734303,35124,64,,0.8385714286,2340.671429,255,7128,0
71,0,rolling,334,700,18.14641809,1000,3,,0.9171428571,3521.822857,3716,7128,0
71,0,static,334,700,14.53734303,34782,64,,0.8385714286,2340.671429,255,7128,1
71,0,rolling,334,700,17.6307621,1000,4,,0.9085714286,3348.185714,1585,7128,1
71,0,static,334,700,14.53734303,33958,64,,0.8385714286,2340.671429,255,7128,3
71,0,rolling,334,700,17.18659061,1000,5,,0.8985714286,3188.164286,1177,7128,3
71,0,static,334,700,14.53734303,31296,64,,0.8385714286,2340.671429,255,7128,7
71,0,rolling,334,700,18.74226904,1000,10,,0.9214285714,3704.261429,4708.5,7128,7
71,0,static,335,656,14.53734303,35824,65,,0.8048780488,2333.966463,229,7128,0
71,0,rolling,335,656,17.82217789,1000,2,,0.8902439024,3322.628049,1322,7128,0
71,0,static,335,656,14.53734303,35124,65,,0.8048780488,2333.966463,229,7128,1
71,0,rolling,335,656,18.14641809,1000,4,,0.9009146341,3406.559451,1549.5,7128,1
71,0,static,335,656,14.53734303,34464,65,,0.8048780488,2333.966463,229,7128,3
71,0,rolling,335,656,17.11232996,1000,5,,0.8780487805,3090.342988,889.5,7128,3
71,0,static,335,656,14.53734303,32034,65,,0.8048780488,2333.966463,229,7128,7
71,0,rolling,335,656,19.15486431,1000,9,,0.9070121951,3672.28811,4273,7128,7
71,0,static,336,632,14.53734303,36480,66,,0.7863924051,2275.093354,235.5,7128,0
71,0,rolling,336,632,18.34403801,1000,2,,0.8844936709,3470.955696,1637,7128,0
71,0,static,336,632,14.53734303,35824,66,,0.7863924051,2275.093354,235.5,7128,1
71,0,rolling,336,632,17.82217789,1000,3,,0.8734177215,3318.955696,1202,7128,1
71,0,static,336,632,14.53734303,34782,66,,0.7863924051,2275.093354,235.5,7128,3
71,0,rolling,336,632,17.6307621,1000,6,,0.8702531646,3259.474684,1063.5,7128,3
71,0,static,336,632,14.53734303,32634,66,,0.7863924051,2275.093354,235.5,7128,7
71,0,rolling,336,632,18.52877569,1000,9,,0.8892405063,3515.917722,1810.5,7128,7
71,0,static,337,552,14.53734303,37112,67,,0.8025362319,2206.641304,199,7128,0
71,0,rolling,337,552,19.01668316,1000,2,,0.9094202899,3514.88587,2069,7128,0
71,0,static,337,552,14.53734303,36480,67,,0.8025362319,2206.641304,199,7128,1
71,0,rolling,337,552,18.34403801,1000,3,,0.902173913,3318.778986,1425.5,7128,1
71,0,static,337,552,14.53734303,35124,67,,0.8025362319,2206.641304,199,7128,3
71,0,rolling,337,552,18.14641809,1000,6,,0.8985507246,3256.443841,1290,7128,3
71,0,static,337,552,14.53734303,33318,67,,0.8025362319,2206.641304,199,7128,7
71,0,rolling,337,552,18.01135111,1000,9,,0.8985507246,3214.51087,1190,7128,7
71,0,static,338,496,14.53734303,37664,68,,0.7782258065,2241.695565,206.5,7128,0
71,0,rolling,338,496,19.14455223,1000,2,,0.8931451613,3664.907258,4067.5,7128,0
71,0,static,338,496,14.53734303,37112,68,,0.7782258065,2241.695565,206.5,7128,1
71,0,rolling,338,496,19.01668316,1000,3,,0.8911290323,3619.794355,3915.5,7128,1
71,0,static,338,496,14.53734303,35824,68,,0.7782258065,2241.695565,206.5,7128,3
71,0,rolling,338,496,17.82217789,1000,5,,0.8669354839,3244.719758,1319.5,7128,3
71,0,static,338,496,14.53734303,33958,68,,0.7782258065,2241.695565,206.5,7128,7
71,0,rolling,338,496,17.18659061,1000,9,,0.8629032258,3040.447581,904.5,7128,7
71,0,static,339,328,14.53734303,38160,69,,0.7957317073,1755.984756,147,7126.3,0
71,0,rolling,339,328,18.89802003,1000,2,,0.887195122,3230.265244,1637,7128,0
71,0,static,339,328,14.53734303,37664,69,,0.7957317073,1755.984756,147,7126.3,1
71,0,rolling,339,328,19.14455223,1000,3,,0.887195122,3338.771341,1875,7128,1
71,0,static,339,328,14.53734303,36480,69,,0.7957317073,1755.984756,147,7126.3,3
71,0,rolling,339,328,18.34403801,1000,5,,0.881097561,3021.362805,1089.5,7128,3
71,0,static,339,328,14.53734303,34464,69,,0.7957317073,1755.984756,147,7126.3,7
71,0,rolling,339,328,17.11232996,1000,9,,0.862804878,2555.908537,543.5,7128,7
71,0,static,340,328,14.53734303,38488,70,,0.7957317073,2277.29878,163,7128,0
71,0,rolling,340,328,19.75276096,1000,3,,0.9176829268,3567.496951,2090,7128,0
71,0,static,340,328,14.53734303,38160,70,,0.7957317073,2277.29878,163,7128,1
71,0,rolling,340,328,18.89802003,1000,3,,0.8993902439,3325.637195,1295,7128,1
71,0,static,340,328,14.53734303,37112,70,,0.7957317073,2277.29878,163,7128,3
71,0,rolling,340,328,19.01668316,1000,5,,0.9024390244,3354.469512,1387,7128,3
71,0,static,340,328,14.53734303,34782,70,,0.7957317073,2277.29878,163,7128,7
71,0,rolling,340,328,17.6307621,1000,10,,0.881097561,3001.957317,550,7128,7
71,0,static,341,576,14.53734303,38816,71,,0.8072916667,2254.973958,184.5,7128,0
71,0,rolling,341,576,19.36190224,1000,3,,0.9184027778,3605.479167,2223,7128,0
71,0,static,341,576,14.53734303,38488,71,,0.8072916667,2254.973958,184.5,7128,1
71,0,rolling,341,576,19.75276096,1000,4,,0.921875,3720.723958,3981,7128,1
71,0,static,341,576,14.53734303,37664,71,,0.8072916667,2254.973958,184.5,7128,3
71,0,rolling,341,576,19.14455223,1000,5,,0.9166666667,3556.833333,1956,7128,3
71,0,static,341,576,14.53734303,35124,71,,0.8072916667,2254.973958,184.5,7128,7
71,0,rolling,341,576,18.14641809,1000,10,,0.8940972222,3316.048611,1232,7128,7
71,0,static,342,636,14.53734303,39392,72,,0.8003144654,2385.143082,194,7128,0
71,0,rolling,342,636,18.60012603,1000,3,,0.8962264151,3322.294025,1201,7128,0
71,0,static,342,636,14.53734303,38816,72,,0.8003144654,2385.143082,194,7128,1
71,0,rolling,342,636,19.36190224,1000,4,,0.9025157233,3513.606918,1867,7128,1
71,0,static,342,636,14.53734303,38160,72,,0.8003144654,2385.143082,194,7128,3
71,0,rolling,342,636,18.89802003,1000,5,,0.8993710692,3396.908805,1439.5,7128,3
71,0,static,342,636,14.53734303,35824,72,,0.8003144654,2385.143082,194,7128,7
71,0,rolling,342,636,17.82217789,1000,9,,0.8757861635,3119.38522,798,7128,7
71,0,static,343,642,14.53734303,40028,73,,0.7663551402,2580.604361,365.5,7128,0
71,0,rolling,343,642,18.81039429,1000,2,,0.8816199377,3943.213396,5539,7128,0
71,0,static,343,642,14.53734303,39392,73,,0.7663551402,2580.604361,365.5,7128,1
71,0,rolling,343,642,18.60012603,1000,4,,0.8785046729,3871.609034,5240,7128,1
71,0,static,343,642,14.53734303,38488,73,,0.7663551402,2580.604361,365.5,7128,3
71,0,rolling,343,642,19.75276096,1000,6,,0.8909657321,4211.752336,6422.5,7128,3
71,0,static,343,642,14.53734303,36480,73,,0.7663551402,2580.604361,365.5,7128,7
71,0,rolling,343,642,18.34403801,1000,9,,0.8707165109,3794.5,4802,7128,7
71,0,static,344,650,14.53734303,40670,74,,0.7646153846,2340.512308,136.5,7128,0
71,0,rolling,344,650,20.34249592,1000,2,,0.8830769231,3742.044615,4433.5,7128,0
71,0,static,344,650,14.53734303,40028,74,,0.7646153846,2340.512308,136.5,7128,1
71,0,rolling,344,650,18.81039429,1000,3,,0.86,3363.515385,1356.5,7128,1
71,0,static,344,650,14.53734303,38816,74,,0.7646153846,2340.512308,136.5,7128,3
71,0,rolling,344,650,19.36190224,1000,6,,0.8646153846,3500.535385,1875,7128,3
71,0,static,344,650,14.53734303,37112,74,,0.7646153846,2340.512308,136.5,7128,7
71,0,rolling,344,650,19.01668316,1000,9,,0.86,3413.415385,1523,7128,7
71,0,static,345,586,14.53734303,41320,75,,0.8259385666,2764.59215,317.5,7128,0
71,0,rolling,345,586,21.09439564,1000,2,,0.9215017065,4317.523891,6964,7128,0
71,0,static,345,586,14.53734303,40670,75,,0.8259385666,2764.59215,317.5,7128,1
71,0,rolling,345,586,20.34249592,1000,3,,0.9163822526,4147.947099,6726,7128,1
71,0,static,345,586,14.53734303,39392,75,,0.8259385666,2764.59215,317.5,7128,3
71,0,rolling,345,586,18.60012603,1000,6,,0.8959044369,3730.622867,4946,7128,3
71,0,static,345,586,14.53734303,37664,75,,0.8259385666,2764.59215,317.5,7128,7
71,0,rolling,345,586,19.14455223,1000,9,,0.8993174061,3866.976109,5814,7128,7
71,0,static,346,224,14.53734303,41906,76,,0.7857142857,1555.638393,92,7128,0
71,0,rolling,346,224,20.09538245,1000,2,,0.9107142857,2853.669643,637,7128,0
71,0,static,346,224,14.53734303,41320,76,,0.7857142857,1555.638393,92,7128,1
71,0,rolling,346,224,21.09439564,1000,3,,0.9196428571,3105.620536,1082,7128,1
71,0,static,346,224,14.53734303,40028,76,,0.7857142857,1555.638393,92,7128,3
71,0,rolling,346,224,18.81039429,1000,5,,0.8928571429,2524.508929,390,7128,3
71,0,static,346,224,14.53734303,38160,76,,0.7857142857,1555.638393,92,7128,7
71,0,rolling,346,224,18.89802003,1000,9,,0.8928571429,2552.727679,407,7128,7
71,0,static,347,306,14.53734303,42130,77,,0.8039215686,1758.232026,66,7128,0
71,0,rolling,347,306,19.46676224,1000,3,,0.8986928105,2737.248366,465.5,7128,0
71,0,static,347,306,14.53734303,41906,77,,0.8039215686,1758.232026,66,7128,1
71,0,rolling,347,306,20.09538245,1000,3,,0.908496732,2892.235294,595,7128,1
71,0,static,347,306,14.53734303,40670,77,,0.8039215686,1758.232026,66,7128,3
71,0,rolling,347,306,20.34249592,1000,5,,0.9183006536,2950.300654,647.5,7128,3
71,0,static,347,306,14.53734303,38488,77,,0.8039215686,1758.232026,66,7128,7
71,0,rolling,347,306,19.75276096,1000,10,,0.9019607843,2799.820261,524.5,7128,7
71,0,static,348,714,14.53734303,42436,78,,0.8011204482,2287.89916,144,7128,0
71,0,rolling,348,714,19.44505072,1000,3,,0.8837535014,3461.177871,1578,7128,0
71,0,static,348,714,14.53734303,42130,78,,0.8011204482,2287.89916,144,7128,1
71,0,rolling,348,714,19.46676224,1000,4,,0.8851540616,3467.112045,1601.5,7128,1
71,0,static,348,714,14.53734303,41320,78,,0.8011204482,2287.89916,144,7128,3
71,0,rolling,348,714,21.09439564,1000,5,,0.9243697479,3855.313725,5320.5,7128,3
71,0,static,348,714,14.53734303,38816,78,,0.8011204482,2287.89916,144,7128,7
71,0,rolling,348,714,19.36190224,1000,10,,0.8823529412,3437.014006,1485,7128,7
71,0,static,349,600,14.53734303,43150,79,,0.755,2106.58,129,7128,0
71,0,rolling,349,600,20.03096533,1000,2,,0.86,3404.196667,1892.5,7128,0
71,0,static,349,600,14.53734303,42436,79,,0.755,2106.58,129,7128,1
71,0,rolling,349,600,19.44505072,1000,4,,0.8516666667,3248.306667,1444.5,7128,1
71,0,static,349,600,14.53734303,41906,79,,0.755,2106.58,129,7128,3
71,0,rolling,349,600,20.09538245,1000,5,,0.86,3425.856667,1968.5,7128,3
71,0,static,349,600,14.53734303,39392,79,,0.755,2106.58,129,7128,7
71,0,rolling,349,600,18.60012603,1000,10,,0.845,3017.535,872.5,7128,7
71,0,static,350,656,14.53734303,43750,80,,0.7393292683,1743.259146,92,7128,0
71,0,rolling,350,656,21.29735351,1000,2,,0.8963414634,3289.917683,1359.5,7128,0
71,0,static,350,656,14.53734303,43150,80,,0.7393292683,1743.259146,92,7128,1
71,0,rolling,350,656,20.03096533,1000,3,,0.8765243902,3009.620427,761,7128,1
71,0,static,350,656,14.53734303,42130,80,,0.7393292683,1743.259146,92,7128,3
71,0,rolling,350,656,19.46676224,1000,6,,0.8704268293,2880.025915,607,7128,3
71,0,static,350,656,14.53734303,40028,80,,0.7393292683,1743.259146,92,7128,7
71,0,rolling,350,656,18.81039429,1000,9,,0.8551829268,2732.13872,437,7128,7
71,0,static,351,522,14.53734303,44406,81,,0.7681992337,1847.885057,92,7128,0
71,0,rolling,351,522,21.78827095,1000,2,,0.8888888889,3467.314176,1964.5,7128,0
71,0,static,351,522,14.53734303,43750,81,,0.7681992337,1847.885057,92,7128,1
71,0,rolling,351,522,21.29735351,1000,3,,0.8850574713,3357.222222,1556,7128,1
71,0,static,351,522,14.53734303,42436,81,,0.7681992337,1847.885057,92,7128,3
71,0,rolling,351,522,19.44505072,1000,6,,0.8524904215,2918.925287,670,7128,3
71,0,static,351,522,14.53734303,40670,81,,0.7681992337,1847.885057,92,7128,7
71,0,rolling,351,522,20.34249592,1000,9,,0.8639846743,3114.465517,1073.5,7128,7
71,0,static,352,462,14.53734303,44928,82,,0.7056277056,1801.45671,97.5,7128,0
71,0,rolling,352,462,22.00234985,1000,2,,0.9134199134,3707.961039,4799,7128,0
71,0,static,352,462,14.53734303,44406,82,,0.7056277056,1801.45671,97.5,7128,1
71,0,rolling,352,462,21.78827095,1000,3,,0.9112554113,3665.577922,4550.5,7128,1
71,0,static,352,462,14.53734303,43150,82,,0.7056277056,1801.45671,97.5,7128,3
71,0,rolling,352,462,20.03096533,1000,5,,0.8917748918,3223.61039,1400,7128,3
71,0,static,352,462,14.53734303,41320,82,,0.7056277056,1801.45671,97.5,7128,7
71,0,rolling,352,462,21.09439564,1000,9,,0.9047619048,3508.199134,3844.5,7128,7
71,0,static,353,242,14.53734303,45390,83,,0.7190082645,1692.483471,89,7128,0
71,0,rolling,353,242,21.91180825,1000,3,,0.8801652893,3547.334711,4010,7128,0
71,0,static,353,242,14.53734303,44928,83,,0.7190082645,1692.483471,89,7128,1
71,0,rolling,353,242,22.00234985,1000,3,,0.8801652893,3567.024793,4118.5,7128,1
71,0,static,353,242,14.53734303,43750,83,,0.7190082645,1692.483471,89,7128,3
71,0,rolling,353,242,21.29735351,1000,5,,0.8760330579,3366.719008,1872,7128,3
71,0,static,353,242,14.53734303,41906,83,,0.7190082645,1692.483471,89,7128,7
71,0,rolling,353,242,20.09538245,1000,9,,0.847107438,3054.669421,923,7128,7
71,0,static,354,238,14.53734303,45632,84,,0.7478991597,1951.063025,134,7128,0
71,0,rolling,354,238,21.95915508,1000,3,,0.9075630252,3868.705882,4913.5,7128,0
71,0,static,354,238,14.53734303,45390,84,,0.7478991597,1951.063025,134,7128,1
71,0,rolling,354,238,21.91180825,1000,4,,0.9075630252,3859.105042,4845.5,7128,1
71,0,static,354,238,14.53734303,44406,84,,0.7478991597,1951.063025,134,7128,3
71,0,rolling,354,238,21.78827095,1000,5,,0.9033613445,3837.542017,4680.5,7128,3
71,0,static,354,238,14.53734303,42130,84,,0.7478991597,1951.063025,134,7128,7
71,0,rolling,354,238,19.46676224,1000,10,,0.8361344538,3282.705882,1126.5,7128,7
71,0,static,355,578,14.53734303,45870,85,,0.6972318339,2150.349481,134,7128,0
71,0,rolling,355,578,22.28039646,1000,4,,0.8892733564,4050.508651,6441,7128,0
71,0,static,355,578,14.53734303,45632,85,,0.6972318339,2150.349481,134,7128,1
71,0,rolling,355,578,21.95915508,1000,4,,0.8788927336,3973.66263,6163.5,7128,1
71,0,static,355,578,14.53734303,44928,85,,0.6972318339,2150.349481,134,7128,3
71,0,rolling,355,578,22.00234985,1000,5,,0.8788927336,3982.00346,6202.5,7128,3
71,0,static,355,578,14.53734303,42436,85,,0.6972318339,2150.349481,134,7128,7
71,0,rolling,355,578,19.44505072,1000,10,,0.8235294118,3272.114187,1417.5,7128,7
71,0,static,356,548,14.53734303,46448,86,,0.7481751825,2186.485401,97,7128,0
71,0,rolling,356,548,23.34067631,1000,3,,0.9087591241,4049.868613,6511,7128,0
71,0,static,356,548,14.53734303,45870,86,,0.7481751825,2186.485401,97,7128,1
71,0,rolling,356,548,22.28039646,1000,5,,0.8996350365,3852.797445,5400.5,7128,1
71,0,static,356,548,14.53734303,45390,86,,0.7481751825,2186.485401,97,7128,3
71,0,rolling,356,548,21.91180825,1000,6,,0.897810219,3778.399635,4983.5,7128,3
71,0,static,356,548,14.53734303,43150,86,,0.7481751825,2186.485401,97,7128,7
71,0,rolling,356,548,20.03096533,1000,9,,0.8613138686,3342.248175,1308,7128,7
71,0,static,357,406,14.53734303,46996,87,,0.7413793103,1435.714286,95,7127,0
71,0,rolling,357,406,22.65844393,1000,2,,0.9162561576,3607.598522,4136.5,7128,0
71,0,static,357,406,14.53734303,46448,87,,0.7413793103,1435.714286,95,7127,1
71,0,rolling,357,406,23.34067631,1000,4,,0.921182266,3769.665025,4863.5,7128,1
71,0,static,357,406,14.53734303,45632,87,,0.7413793103,1435.714286,95,7127,3
71,0,rolling,357,406,21.95915508,1000,6,,0.9088669951,3440.357143,2022,7128,3
71,0,static,357,406,14.53734303,43750,87,,0.7413793103,1435.714286,95,7127,7
71,0,rolling,357,406,21.29735351,1000,9,,0.9064039409,3231.874384,1370,7128,7
71,0,static,358,300,14.53734303,47402,88,,0.76,1508.82,62,7128,0
71,0,rolling,358,300,22.42933559,1000,3,,0.8933333333,3151.073333,913,7128,0
71,0,static,358,300,14.53734303,46996,88,,0.76,1508.82,62,7128,1
71,0,rolling,358,300,22.65844393,1000,3,,0.8966666667,3191.3,1022.5,7128,1
71,0,static,358,300,14.53734303,45870,88,,0.76,1508.82,62,7128,3
71,0,rolling,358,300,22.28039646,1000,7,,0.89,3123.826667,827.5,7128,3
71,0,static,358,300,14.53734303,44406,88,,0.76,1508.82,62,7128,7
71,0,rolling,358,300,21.78827095,1000,9,,0.88,3025.866667,675.5,7128,7
71,0,static,359,330,14.53734303,47702,89,,0.8212121212,2361.712121,245.5,7128,0
71,0,rolling,359,330,22.11205742,1000,3,,0.9515151515,4382.639394,7067,7128,0
71,0,static,359,330,14.53734303,47402,89,,0.8212121212,2361.712121,245.5,7128,1
71,0,rolling,359,330,22.42933559,1000,4,,0.9545454545,4430.315152,7093.5,7128,1
71,0,static,359,330,14.53734303,46448,89,,0.8212121212,2361.712121,245.5,7128,3
71,0,rolling,359,330,23.34067631,1000,6,,0.9606060606,4578.542424,7121,7128,3
71,0,static,359,330,14.53734303,44928,89,,0.8212121212,2361.712121,245.5,7128,7
71,0,rolling,359,330,22.00234985,1000,9,,0.9515151515,4368.906061,7060.5,7128,7
71,0,static,360,228,14.53734303,48032,90,,0.75,1585.964912,60,7128,0
71,0,rolling,360,228,19.74722052,1000,3,,0.8728070175,2797.27193,351.5,7128,0
71,0,static,360,228,14.53734303,47702,90,,0.75,1585.964912,60,7128,1
71,0,rolling,360,228,22.11205742,1000,4,,0.9298245614,3313.815789,1055.5,7128,1
71,0,static,360,228,14.53734303,46996,90,,0.75,1585.964912,60,7128,3
71,0,rolling,360,228,22.65844393,1000,5,,0.9298245614,3432.600877,1534,7128,3
71,0,static,360,228,14.53734303,45390,90,,0.75,1585.964912,60,7128,7
71,0,rolling,360,228,21.91180825,1000,10,,0.9298245614,3264.592105,948.5,7128,7
71,0,static,361,246,14.53734303,48260,91,,0.7804878049,1456.390244,49.5,7128,0
71,0,rolling,361,246,20.83745956,1000,4,,0.8739837398,2798.784553,463,7128,0
71,0,static,361,246,14.53734303,48032,91,,0.7804878049,1456.390244,49.5,7128,1
71,0,rolling,361,246,19.74722052,1000,4,,0.8658536585,2600.739837,293.5,7128,1
71,0,static,361,246,14.53734303,47402,91,,0.7804878049,1456.390244,49.5,7128,3
71,0,rolling,361,246,22.42933559,1000,6,,0.9024390244,3170.813008,834.5,7128,3
71,0,static,361,246,14.53734303,45632,91,,0.7804878049,1456.390244,49.5,7128,7
71,0,rolling,361,246,21.95915508,1000,10,,0.8983739837,3049.837398,710.5,7128,7
71,0,static,362,620,14.53734303,48506,92,,0.7548387097,1513.862903,66,7128,0
71,0,rolling,362,620,19.94706297,1000,4,,0.8709677419,2674.033871,392.5,7128,0
71,0,static,362,620,14.53734303,48260,92,,0.7548387097,1513.862903,66,7128,1
71,0,rolling,362,620,20.83745956,1000,5,,0.8790322581,2919.390323,545.5,7128,1
71,0,static,362,620,14.53734303,47702,92,,0.7548387097,1513.862903,66,7128,3
71,0,rolling,362,620,22.11205742,1000,6,,0.8919354839,3257.893548,1035,7128,3
71,0,static,362,620,14.53734303,45870,92,,0.7548387097,1513.862903,66,7128,7
71,0,rolling,362,620,22.28039646,1000,11,,0.8935483871,3291.320968,1117,7128,7
71,0,static,363,386,14.53734303,49126,93,,0.8186528497,1753.689119,64,7128,0
71,0,rolling,363,386,22.04483032,1000,3,,0.9196891192,3186.878238,969,7128,0
71,0,static,363,386,14.53734303,48506,93,,0.8186528497,1753.689119,64,7128,1
71,0,rolling,363,386,19.94706297,1000,5,,0.8911917098,2743.976684,345.5,7128,1
71,0,static,363,386,14.53734303,48032,93,,0.8186528497,1753.689119,64,7128,3
71,0,rolling,363,386,19.74722052,1000,6,,0.8886010363,2711.227979,319,7128,3
71,0,static,363,386,14.53734303,46448,93,,0.8186528497,1753.689119,64,7128,7
71,0,rolling,363,386,23.34067631,1000,10,,0.9352331606,3505.735751,2399,7128,7
71,0,static,364,354,14.53734303,49512,94,,0.7598870056,1508.533898,62.5,7128,0
71,0,rolling,364,354,21.85021591,1000,2,,0.8983050847,3192.189266,1496,7128,0
71,0,static,364,354,14.53734303,49126,94,,0.7598870056,1508.533898,62.5,7128,1
71,0,rolling,364,354,22.04483032,1000,4,,0.9039548023,3252.60452,1667,7128,1
71,0,static,364,354,14.53734303,48260,94,,0.7598870056,1508.533898,62.5,7128,3
71,0,rolling,364,354,20.83745956,1000,7,,0.8785310734,2962.483051,825.5,7128,3
71,0,static,364,354,14.53734303,46996,94,,0.7598870056,1508.533898,62.5,7128,7
71,0,rolling,364,354,22.65844393,1000,9,,0.9152542373,3491.573446,3096,7128,7
71,0.1,static,292,730,14.50009081,11270,22,,0.8726027397,3349.534247,1279,7128,0
71,0.1,rolling,292,730,15.20742518,1000,3,,0.8821917808,3582.757534,3662.5,7128,0
71,0.1,static,292,730,14.50009081,11270,22,,0.8726027397,3349.534247,1279,7128,1
71,0.1,rolling,292,730,15.20742518,1000,3,,0.8821917808,3582.757534,3662.5,7128,1
71,0.1,static,292,730,14.50009081,11270,22,,0.8726027397,3349.534247,1279,7128,3
71,0.1,rolling,292,730,15.20742518,1000,3,,0.8821917808,3582.757534,3662.5,7128,3
71,0.1,static,292,730,14.50009081,11270,22,,0.8726027397,3349.534247,1279,7128,7
71,0.1,rolling,292,730,15.20742518,1000,3,,0.8821917808,3582.757534,3662.5,7128,7
71,0.1,static,293,658,14.50009081,12000,23,,0.9042553191,3549.382979,3697.5,7128,0
71,0.1,rolling,293,658,15.51292835,1000,2,,0.9209726444,3926.632219,5785,7128,0
71,0.1,static,293,658,14.50009081,11270,23,,0.9042553191,3549.382979,3697.5,7128,1
71,0.1,rolling,293,658,15.20742518,1000,4,,0.9164133739,3816.609422,5214,7128,1
71,0.1,static,293,658,14.50009081,11270,23,,0.9042553191,3549.382979,3697.5,7128,3
71,0.1,rolling,293,658,15.20742518,1000,4,,0.9164133739,3816.609422,5214,7128,3
71,0.1,static,293,658,14.50009081,11270,23,,0.9042553191,3549.382979,3697.5,7128,7
71,0.1,rolling,293,658,15.20742518,1000,4,,0.9164133739,3816.609422,5214,7128,7
71,0.1,static,294,618,14.50009081,12658,24,,0.8495145631,3247.73301,1014,7128,0
71,0.1,rolling,294,618,15.75157547,1000,2,,0.8786407767,3627.016181,3700,7128,0
71,0.1,static,294,618,14.50009081,12000,24,,0.8495145631,3247.73301,1014,7128,1
71,0.1,rolling,294,618,15.51292835,1000,3,,0.8721682848,3543.521036,1964,7128,1
71,0.1,static,294,618,14.50009081,11270,24,,0.8495145631,3247.73301,1014,7128,3
71,0.1,rolling,294,618,15.20742518,1000,5,,0.859223301,3447.461165,1630,7128,3
71,0.1,static,294,618,14.50009081,11270,24,,0.8495145631,3247.73301,1014,7128,7
71,0.1,rolling,294,618,15.20742518,1000,5,,0.859223301,3447.461165,1630,7128,7
71,0.1,static,295,666,14.50009081,13276,25,,0.8663663664,3277.941441,1185.5,7128,0
71,0.1,rolling,295,666,15.913362,1000,2,,0.8978978979,3820.92042,4794,7128,0
71,0.1,static,295,666,14.50009081,12658,25,,0.8663663664,3277.941441,1185.5,7128,1
71,0.1,rolling,295,666,15.75157547,1000,3,,0.8978978979,3758.501502,4476,7128,1
71,0.1,static,295,666,14.50009081,11270,25,,0.8663663664,3277.941441,1185.5,7128,3
71,0.1,rolling,295,666,15.20742518,1000,6,,0.8873873874,3541.03003,2006.5,7128,3
71,0.1,static,295,666,14.50009081,11270,25,,0.8663663664,3277.941441,1185.5,7128,7
71,0.1,rolling,295,666,15.20742518,1000,6,,0.8873873874,3541.03003,2006.5,7128,7
71,0.1,static,296,516,14.50009081,13942,26,,0.8449612403,3231.106589,1134.5,7128,0
71,0.1,rolling,296,516,16.2381506,1000,2,,0.8856589147,3801.391473,5126.5,7128,0
71,0.1,static,296,516,14.50009081,13276,26,,0.8449612403,3231.106589,1134.5,7128,1
71,0.1,rolling,296,516,15.913362,1000,3,,0.8798449612,3698.050388,4397.5,7128,1
71,0.1,static,296,516,14.50009081,12000,26,,0.8449612403,3231.106589,1134.5,7128,3
71,0.1,rolling,296,516,15.51292835,1000,5,,0.8662790698,3564.172481,3736.5,7128,3
71,0.1,static,296,516,14.50009081,11270,26,,0.8449612403,3231.106589,1134.5,7128,7
71,0.1,rolling,296,516,15.20742518,1000,7,,0.8624031008,3458.52907,1905,7128,7
71,0.1,static,297,292,14.50009081,14458,27,,0.8287671233,2617.431507,407.5,7128,0
71,0.1,rolling,297,292,16.45882797,1000,2,,0.8801369863,3239.030822,1254.5,7128,0
71,0.1,static,297,292,14.50009081,13942,27,,0.8287671233,2617.431507,407.5,7128,1
71,0.1,rolling,297,292,16.2381506,1000,3,,0.8801369863,3169.253425,1104,7128,1
71,0.1,static,297,292,14.50009081,12658,27,,0.8287671233,2617.431507,407.5,7128,3
71,0.1,rolling,297,292,15.75157547,1000,5,,0.8698630137,2986.431507,831.5,7128,3
71,0.1,static,297,292,14.50009081,11270,27,,0.8287671233,2617.431507,407.5,7128,7
71,0.1,rolling,297,292,15.20742518,1000,8,,0.8424657534,2825.691781,536.5,7128,7
71,0.1,static,298,252,14.50009081,14750,28,,0.8611111111,2694.416667,414,7128,0
71,0.1,rolling,298,252,17.18883371,1000,3,,0.9285714286,3727.730159,4702,7128,0
71,0.1,static,298,252,14.50009081,14458,28,,0.8611111111,2694.416667,414,7128,1
71,0.1,rolling,298,252,16.45882797,1000,3,,0.9166666667,3470.857143,1663.5,7128,1
71,0.1,static,298,252,14.50009081,13276,28,,0.8611111111,2694.416667,414,7128,3
71,0.1,rolling,298,252,15.913362,1000,5,,0.9047619048,3250.055556,971,7128,3
71,0.1,static,298,252,14.50009081,11270,28,,0.8611111111,2694.416667,414,7128,7
71,0.1,rolling,298,252,15.20742518,1000,9,,0.876984127,2965.234127,664,7128,7
71,0.1,static,299,702,14.50009081,15002,29,,0.8703703704,3039.974359,886,7128,0
71,0.1,rolling,299,702,16.73077595,1000,3,,0.905982906,3812.678063,5061.5,7128,0
71,0.1,static,299,702,14.50009081,14750,29,,0.8703703704,3039.974359,886,7128,1
71,0.1,rolling,299,702,17.18883371,1000,4,,0.9116809117,3939.279202,5836,7128,1
71,0.1,static,299,702,14.50009081,13942,29,,0.8703703704,3039.974359,886,7128,3
71,0.1,rolling,299,702,16.2381506,1000,5,,0.8988603989,3661.494302,4359,7128,3
71,0.1,static,299,702,14.50009081,11270,29,,0.8703703704,3039.974359,886,7128,7
71,0.1,rolling,299,702,15.20742518,1000,10,,0.8831908832,3303.022792,1353,7128,7
71,0.1,static,300,664,14.50009081,15704,30,,0.8629518072,3145.429217,898,7128,0
71,0.1,rolling,300,664,16.20987986,1000,3,,0.906626506,3765.054217,4557,7128,0
71,0.1,static,300,664,14.50009081,15002,30,,0.8629518072,3145.429217,898,7128,1
71,0.1,rolling,300,664,16.73077595,1000,4,,0.9096385542,3956.971386,5620.5,7128,1
71,0.1,static,300,664,14.50009081,14458,30,,0.8629518072,3145.429217,898,7128,3
71,0.1,rolling,300,664,16.45882797,1000,5,,0.9096385542,3866.926205,5079.5,7128,3
71,0.1,static,300,664,14.50009081,12000,30,,0.8629518072,3145.429217,898,7128,7
71,0.1,rolling,300,664,15.51292835,1000,9,,0.8855421687,3509.036145,1905.5,7128,7
71,0.1,static,301,616,14.50009081,16368,31,,0.8782467532,3471.967532,1730,7128,0
71,0.1,rolling,301,616,16.47728777,1000,2,,0.9188311688,4094.936688,6497,7128,0
71,0.1,static,301,616,14.50009081,15704,31,,0.8782467532,3471.967532,1730,7128,1
71,0.1,rolling,301,616,16.20987986,1000,4,,0.913961039,4013.141234,6219.5,7128,1
71,0.1,static,301,616,14.50009081,14750,31,,0.8782467532,3471.967532,1730,7128,3
71,0.1,rolling,301,616,17.18883371,1000,6,,0.9285714286,4300.282468,6909.5,7128,3
71,0.1,static,301,616,14.50009081,12658,31,,0.8782467532,3471.967532,1730,7128,7
71,0.1,rolling,301,616,15.75157547,1000,9,,0.9025974026,3872.702922,5659.5,7128,7
71,0.1,static,302,570,14.50009081,16984,32,,0.849122807,2935.963158,654,7128,0
71,0.1,rolling,302,570,15.89723337,1000,2,,0.8824561404,3384.95614,1523,7128,0
71,0.1,static,302,570,14.50009081,16368,32,,0.849122807,2935.963158,654,7128,1
71,0.1,rolling,302,570,16.47728777,1000,3,,0.8929824561,3565.436842,3680,7128,1
71,0.1,static,302,570,14.50009081,15002,32,,0.849122807,2935.963158,654,7128,3
71,0.1,rolling,302,570,16.73077595,1000,6,,0.8964912281,3628.410526,4047.5,7128,3
71,0.1,static,302,570,14.50009081,13276,32,,0.849122807,2935.963158,654,7128,7
71,0.1,rolling,302,570,15.913362,1000,9,,0.8859649123,3391.278947,1539,7128,7
71,0.1,static,303,542,14.50009081,17554,33,,0.8856088561,3070.201107,882,7128,0
71,0.1,rolling,303,542,16.64603841,1000,2,,0.9188191882,3784.765683,5144,7128,0
71,0.1,static,303,542,14.50009081,16984,33,,0.8856088561,3070.201107,882,7128,1
71,0.1,rolling,303,542,15.89723337,1000,3,,0.9114391144,3554.239852,3024.5,7128,1
71,0.1,static,303,542,14.50009081,15704,33,,0.8856088561,3070.201107,882,7128,3
71,0.1,rolling,303,542,16.20987986,1000,6,,0.9151291513,3656.686347,4288,7128,3
71,0.1,static,303,542,14.50009081,13942,33,,0.8856088561,3070.201107,882,7128,7
71,0.1,rolling,303,542,16.2381506,1000,9,,0.9151291513,3666.250923,4338,7128,7
71,0.1,static,304,328,14.50009081,18096,34,,0.8506097561,2820.27439,519,7128,0
71,0.1,rolling,304,328,15.56360132,1000,2,,0.881097561,3175.92378,1104,7128,0
71,0.1,static,304,328,14.50009081,17554,34,,0.8506097561,2820.27439,519,7128,1
71,0.1,rolling,304,328,16.64603841,1000,3,,0.9054878049,3532.060976,2400,7128,1
71,0.1,static,304,328,14.50009081,16368,34,,0.8506097561,2820.27439,519,7128,3
71,0.1,rolling,304,328,16.47728777,1000,5,,0.9054878049,3480.908537,1913,7128,3
71,0.1,static,304,328,14.50009081,14458,34,,0.8506097561,2820.27439,519,7128,7
71,0.1,rolling,304,328,16.45882797,1000,9,,0.9054878049,3475.439024,1891,7128,7
71,0.1,static,305,328,14.50009081,18424,35,,0.8932926829,2552.615854,497.5,7128,0
71,0.1,rolling,305,328,15.96455574,1000,3,,0.9115853659,3200.804878,1355.5,7128,0
71,0.1,static,305,328,14.50009081,18096,35,,0.8932926829,2552.615854,497.5,7128,1
71,0.1,rolling,305,328,15.56360132,1000,3,,0.9085365854,3029.64939,1051,7128,1
71,0.1,static,305,328,14.50009081,16984,35,,0.8932926829,2552.615854,497.5,7128,3
71,0.1,rolling,305,328,15.89723337,1000,5,,0.9085365854,3173.588415,1272,7128,3
71,0.1,static,305,328,14.50009081,14750,35,,0.8932926829,2552.615854,497.5,7128,7
71,0.1,rolling,305,328,17.18883371,1000,10,,0.9237804878,3641.814024,4270,7128,7
71,0.1,static,306,582,14.50009081,18752,36,,0.8659793814,2946.30756,492.5,7128,0
71,0.1,rolling,306,582,15.8900497,1000,3,,0.8883161512,3350.542955,1215,7128,0
71,0.1,static,306,582,14.50009081,18424,36,,0.8659793814,2946.30756,492.5,7128,1
71,0.1,rolling,306,582,15.96455574,1000,4,,0.8900343643,3371.848797,1264,7128,1
71,0.1,static,306,582,14.50009081,17554,36,,0.8659793814,2946.30756,492.5,7128,3
71,0.1,rolling,306,582,16.64603841,1000,5,,0.9089347079,3537.93299,1937,7128,3
71,0.1,static,306,582,14.50009081,15002,36,,0.8659793814,2946.30756,492.5,7128,7
71,0.1,rolling,306,582,16.73077595,1000,10,,0.9089347079,3560.957045,2080,7128,7
71,0.1,static,307,588,14.50009081,19334,37,,0.8554421769,3021.823129,756,7128,0
71,0.1,rolling,307,588,16.28379154,1000,3,,0.8826530612,3645.585034,3775.5,7128,0
71,0.1,static,307,588,14.50009081,18752,37,,0.8554421769,3021.823129,756,7128,1
71,0.1,rolling,307,588,15.8900497,1000,4,,0.8758503401,3500.568027,1919,7128,1
71,0.1,static,307,588,14.50009081,18096,37,,0.8554421769,3021.823129,756,7128,3
71,0.1,rolling,307,588,15.56360132,1000,5,,0.8707482993,3393.42517,1507.5,7128,3
71,0.1,static,307,588,14.50009081,15704,37,,0.8554421769,3021.823129,756,7128,7
71,0.1,rolling,307,588,16.20987986,1000,10,,0.8826530612,3613.605442,3564,7128,7
71,0.1,static,308,562,14.50009081,19922,38,,0.859430605,3127.809609,621.5,7128,0
71,0.1,rolling,308,562,16.65937781,1000,2,,0.8950177936,3662.115658,4270,7128,0
71,0.1,static,308,562,14.50009081,19334,38,,0.859430605,3127.809609,621.5,7128,1
71,0.1,rolling,308,562,16.28379154,1000,4,,0.8825622776,3560.859431,2825,7128,1
71,0.1,static,308,562,14.50009081,18424,38,,0.859430605,3127.809609,621.5,7128,3
71,0.1,rolling,308,562,15.96455574,1000,6,,0.8790035587,3465.937722,1598,7128,3
71,0.1,static,308,562,14.50009081,16368,38,,0.859430605,3127.809609,621.5,7128,7
71,0.1,rolling,308,562,16.47728777,1000,9,,0.8879003559,3610.766904,3883.5,7128,7
71,0.1,static,309,626,14.50009081,20484,39,,0.8450479233,3116.084665,973,7128,0
71,0.1,rolling,309,626,16.76309919,1000,2,,0.8881789137,3899.576677,5605,7128,0
71,0.1,static,309,626,14.50009081,19922,39,,0.8450479233,3116.084665,973,7128,1
71,0.1,rolling,309,626,16.65937781,1000,3,,0.8849840256,3870.584665,5458,7128,1
71,0.1,static,309,626,14.50009081,18752,39,,0.8450479233,3116.084665,973,7128,3
71,0.1,rolling,309,626,15.8900497,1000,6,,0.8769968051,3604.249201,4012,7128,3
71,0.1,static,309,626,14.50009081,16984,39,,0.8450479233,3116.084665,973,7128,7
71,0.1,rolling,309,626,15.89723337,1000,9,,0.8769968051,3607.300319,4022,7128,7
71,0.1,static,310,620,14.50009081,21110,40,,0.8790322581,2542.159677,404,7128,0
71,0.1,rolling,310,620,17.41735202,1000,2,,0.9241935484,3585.63871,4068,7128,0
71,0.1,static,310,620,14.50009081,20484,40,,0.8790322581,2542.159677,404,7128,1
71,0.1,rolling,310,620,16.76309919,1000,3,,0.9177419355,3375.995161,1653.5,7128,1
71,0.1,static,310,620,14.50009081,19334,40,,0.8790322581,2542.159677,404,7128,3
71,0.1,rolling,310,620,16.28379154,1000,6,,0.9112903226,3186.272581,1248,7128,3
71,0.1,static,310,620,14.50009081,17554,40,,0.8790322581,2542.159677,404,7128,7
71,0.1,rolling,310,620,16.64603841,1000,9,,0.9161290323,3332.801613,1547,7128,7
71,0.1,static,311,438,14.50009081,21730,41,,0.8493150685,2232.513699,257.5,7128,0
71,0.1,rolling,311,438,16.74395561,1000,2,,0.9155251142,2892.3379,584,7128,0
71,0.1,static,311,438,14.50009081,21110,41,,0.8493150685,2232.513699,257.5,7128,1
71,0.1,rolling,311,438,17.41735202,1000,3,,0.9200913242,3060.821918,746,7128,1
71,0.1,static,311,438,14.50009081,19922,41,,0.8493150685,2232.513699,257.5,7128,3
71,0.1,rolling,311,438,16.65937781,1000,5,,0.9132420091,2870.456621,570,7128,3
71,0.1,static,311,438,14.50009081,18096,41,,0.8493150685,2232.513699,257.5,7128,7
71,0.1,rolling,311,438,15.56360132,1000,9,,0.897260274,2571.63242,402.5,7128,7
71,0.1,static,312,460,14.50009081,22168,42,,0.8456521739,1975.858696,301,7128,0
71,0.1,rolling,312,460,15.56498671,1000,2,,0.8782608696,2313.958696,424,7128,0
71,0.1,static,312,460,14.50009081,21730,42,,0.8456521739,1975.858696,301,7128,1
71,0.1,rolling,312,460,16.74395561,1000,3,,0.9065217391,2747.441304,689,7128,1
71,0.1,static,312,460,14.50009081,20484,42,,0.8456521739,1975.858696,301,7128,3
71,0.1,rolling,312,460,16.76309919,1000,5,,0.9065217391,2752.8,698,7128,3
71,0.1,static,312,460,14.50009081,18424,42,,0.8456521739,1975.858696,301,7128,7
71,0.1,rolling,312,460,15.96455574,1000,10,,0.8913043478,2466.021739,478,7128,7
71,0.1,static,313,794,14.50009081,22628,43,,0.8476070529,2258.576826,244,7128,0
71,0.1,rolling,313,794,16.18266571,1000,3,,0.8979848866,2757.357683,492,7128,0
71,0.1,static,313,794,14.50009081,22168,43,,0.8476070529,2258.576826,244,7128,1
71,0.1,rolling,313,794,15.56498671,1000,3,,0.8866498741,2555.754408,407,7128,1
71,0.1,static,313,794,14.50009081,21110,43,,0.8476070529,2258.576826,244,7128,3
71,0.1,rolling,313,794,17.41735202,1000,5,,0.9181360202,3104.837531,977,7128,3
71,0.1,static,313,794,14.50009081,18752,43,,0.8476070529,2258.576826,244,7128,7
71,0.1,rolling,313,794,15.8900497,1000,10,,0.8916876574,2673.915617,437,7128,7
71,0.1,static,314,678,14.50009081,23422,44,,0.8554572271,2429.635693,310.5,7128,0
71,0.1,rolling,314,678,16.54599546,1000,2,,0.8967551622,3151.072271,1020,7128,0
71,0.1,static,314,678,14.50009081,22628,44,,0.8554572271,2429.635693,310.5,7128,1
71,0.1,rolling,314,678,16.18266571,1000,4,,0.8938053097,3019.603245,790,7128,1
71,0.1,static,314,678,14.50009081,21730,44,,0.8554572271,2429.635693,310.5,7128,3
71,0.1,rolling,314,678,16.74395561,1000,5,,0.901179941,3216.044248,1218,7128,3
71,0.1,static,314,678,14.50009081,19334,44,,0.8554572271,2429.635693,310.5,7128,7
71,0.1,rolling,314,678,16.28379154,1000,10,,0.8967551622,3059.79351,828,7128,7
71,0.1,static,315,774,14.50009081,24100,45,,0.8397932817,2426.883721,305,7128,0
71,0.1,rolling,315,774,16.93886757,1000,2,,0.8927648579,3250.790698,1285.5,7128,0
71,0.1,static,315,774,14.50009081,23422,45,,0.8397932817,2426.883721,305,7128,1
71,0.1,rolling,315,774,16.54599546,1000,3,,0.8863049096,3116.062016,1004.5,7128,1
71,0.1,static,315,774,14.50009081,22168,45,,0.8397932817,2426.883721,305,7128,3
71,0.1,rolling,315,774,15.56498671,1000,5,,0.8695090439,2786.773902,586.5,7128,3
71,0.1,static,315,774,14.50009081,19922,45,,0.8397932817,2426.883721,305,7128,7
71,0.1,rolling,315,774,16.65937781,1000,9,,0.8875968992,3147.825581,1077,7128,7
71,0.1,static,316,758,14.50009081,24874,46,,0.8614775726,2539.423483,551,7128,0
71,0.1,rolling,316,758,17.73952484,1000,2,,0.9182058047,3790.672823,4440.5,7128,0
71,0.1,static,316,758,14.50009081,24100,46,,0.8614775726,2539.423483,551,7128,1
71,0.1,rolling,316,758,16.93886757,1000,3,,0.907651715,3456.593668,1986.5,7128,1
71,0.1,static,316,758,14.50009081,22628,46,,0.8614775726,2539.423483,551,7128,3
71,0.1,rolling,316,758,16.18266571,1000,6,,0.8878627968,3177.014512,1336,7128,3
71,0.1,static,316,758,14.50009081,20484,46,,0.8614775726,2539.423483,551,7128,7
71,0.1,rolling,316,758,16.76309919,1000,9,,0.9023746702,3390.936675,1830,7128,7
71,0.1,static,317,630,14.50009081,25632,47,,0.8238095238,2068.634921,263.5,7128,0
71,0.1,rolling,317,630,16.91022468,1000,2,,0.8873015873,2908.506349,747,7128,0
71,0.1,static,317,630,14.50009081,24874,47,,0.8238095238,2068.634921,263.5,7128,1
71,0.1,rolling,317,630,17.73952484,1000,3,,0.8984126984,3201.679365,1212.5,7128,1
71,0.1,static,317,630,14.50009081,23422,47,,0.8238095238,2068.634921,263.5,7128,3
71,0.1,rolling,317,630,16.54599546,1000,5,,0.8761904762,2779.55873,623.5,7128,3
71,0.1,static,317,630,14.50009081,21110,47,,0.8238095238,2068.634921,263.5,7128,7
71,0.1,rolling,317,630,17.41735202,1000,9,,0.8952380952,3095.092063,981.5,7128,7
71,0.1,static,318,342,14.50009081,26262,48,,0.8362573099,2129.011696,175.5,7128,0
71,0.1,rolling,318,342,17.77242565,1000,2,,0.9093567251,3057.578947,843,7128,0
71,0.1,static,318,342,14.50009081,25632,48,,0.8362573099,2129.011696,175.5,7128,1
71,0.1,rolling,318,342,16.91022468,1000,3,,0.8947368421,2760.906433,561.5,7128,1
71,0.1,static,318,342,14.50009081,24100,48,,0.8362573099,2129.011696,175.5,7128,3
71,0.1,rolling,318,342,16.93886757,1000,5,,0.8947368421,2770.260234,573,7128,3
71,0.1,static,318,342,14.50009081,21730,48,,0.8362573099,2129.011696,175.5,7128,7
71,0.1,rolling,318,342,16.74395561,1000,9,,0.8918128655,2711.988304,530,7128,7
71,0.1,static,319,324,14.50009081,26604,49,,0.8641975309,2226.101852,291.5,7128,0
71,0.1,rolling,319,324,17.91275692,1000,3,,0.9351851852,3332.709877,1566.5,7128,0
71,0.1,static,319,324,14.50009081,26262,49,,0.8641975309,2226.101852,291.5,7128,1
71,0.1,rolling,319,324,17.77242565,1000,3,,0.9320987654,3290.558642,1444.5,7128,1
71,0.1,static,319,324,14.50009081,24874,49,,0.8641975309,2226.101852,291.5,7128,3
71,0.1,rolling,319,324,17.73952484,1000,5,,0.9320987654,3274.472222,1413,7128,3
71,0.1,static,319,324,14.50009081,22168,49,,0.8641975309,2226.101852,291.5,7128,7
71,0.1,rolling,319,324,15.56498671,1000,9,,0.8950617284,2559.246914,492,7128,7
71,0.1,static,320,736,14.50009081,26928,50,,0.8355978261,2815.612772,365,7128,0
71,0.1,rolling,320,736,17.22625637,1000,3,,0.8899456522,3574.516304,2372,7128,0
71,0.1,static,320,736,14.50009081,26604,50,,0.8355978261,2815.612772,365,7128,1
71,0.1,rolling,320,736,17.91275692,1000,4,,0.9008152174,3777.785326,4913,7128,1
71,0.1,static,320,736,14.50009081,25632,50,,0.8355978261,2815.612772,365,7128,3
71,0.1,rolling,320,736,16.91022468,1000,5,,0.8858695652,3488.383152,1755.5,7128,3
71,0.1,static,320,736,14.50009081,22628,50,,0.8355978261,2815.612772,365,7128,7
71,0.1,rolling,320,736,16.18266571,1000,10,,0.8722826087,3268.057065,1025,7128,7
71,0.1,static,321,680,14.50009081,27664,51,,0.8367647059,2554.141176,437.5,7128,0
71,0.1,rolling,321,680,17.28582765,1000,2,,0.8970588235,3541.641176,3172,7128,0
71,0.1,static,321,680,14.50009081,26928,51,,0.8367647059,2554.141176,437.5,7128,1
71,0.1,rolling,321,680,17.22625637,1000,4,,0.8941176471,3516.219118,2384,7128,1
71,0.1,static,321,680,14.50009081,26262,51,,0.8367647059,2554.141176,437.5,7128,3
71,0.1,rolling,321,680,17.77242565,1000,5,,0.9102941176,3715.420588,4399.5,7128,3
71,0.1,static,321,680,14.50009081,23422,51,,0.8367647059,2554.141176,437.5,7128,7
71,0.1,rolling,321,680,16.54599546,1000,9,,0.8779411765,3275.602941,1420.5,7128,7
71,0.1,static,322,668,14.50009081,28344,52,,0.8428143713,2788.622754,441.5,7128,0
71,0.1,rolling,322,668,17.85019678,1000,2,,0.9206586826,3793.520958,4655,7128,0
71,0.1,static,322,668,14.50009081,27664,52,,0.8428143713,2788.622754,441.5,7128,1
71,0.1,rolling,322,668,17.28582765,1000,3,,0.9161676647,3609.464072,2927.5,7128,1
71,0.1,static,322,668,14.50009081,26604,52,,0.8428143713,2788.622754,441.5,7128,3
71,0.1,rolling,322,668,17.91275692,1000,6,,0.9206586826,3819.97006,4763,7128,3
71,0.1,static,322,668,14.50009081,24100,52,,0.8428143713,2788.622754,441.5,7128,7
71,0.1,rolling,322,668,16.93886757,1000,9,,0.9131736527,3505.666168,1838.5,7128,7
71,0.1,static,323,668,14.50009081,29012,53,,0.8248502994,2548.064371,430,7128,0
71,0.1,rolling,323,668,17.06242836,1000,2,,0.8862275449,3433.83982,1832,7128,0
71,0.1,static,323,668,14.50009081,28344,53,,0.8248502994,2548.064371,430,7128,1
71,0.1,rolling,323,668,17.85019678,1000,3,,0.9101796407,3710.532934,4392.5,7128,1
71,0.1,static,323,668,14.50009081,26928,53,,0.8248502994,2548.064371,430,7128,3
71,0.1,rolling,323,668,17.22625637,1000,6,,0.8937125749,3489.133234,1997,7128,3
71,0.1,static,323,668,14.50009081,24874,53,,0.8248502994,2548.064371,430,7128,7
71,0.1,rolling,323,668,17.73952484,1000,9,,0.9086826347,3675.107784,4207,7128,7
71,0.1,static,324,796,14.50009081,29680,54,,0.824120603,2386.918342,290,7128,0
71,0.1,rolling,324,796,17.51927519,1000,2,,0.8831658291,3282.302764,1285.5,7128,0
71,0.1,static,324,796,14.50009081,29012,54,,0.824120603,2386.918342,290,7128,1
71,0.1,rolling,324,796,17.06242836,1000,3,,0.8743718593,3151.917085,969,7128,1
71,0.1,static,324,796,14.50009081,27664,54,,0.824120603,2386.918342,290,7128,3
71,0.1,rolling,324,796,17.28582765,1000,5,,0.8819095477,3212.327889,1081.5,7128,3
71,0.1,static,324,796,14.50009081,25632,54,,0.824120603,2386.918342,290,7128,7
71,0.1,rolling,324,796,16.91022468,1000,9,,0.8706030151,3107.116834,913,7128,7
71,0.1,static,325,398,14.50009081,30476,55,,0.7964824121,2450.80402,257,7128,0
71,0.1,rolling,325,398,18.10657406,1000,2,,0.891959799,3354.080402,1401,7128,0
71,0.1,static,325,398,14.50009081,29680,55,,0.7964824121,2450.80402,257,7128,1
71,0.1,rolling,325,398,17.51927519,1000,3,,0.8844221106,3214.30402,987,7128,1
71,0.1,static,325,398,14.50009081,28344,55,,0.7964824121,2450.80402,257,7128,3
71,0.1,rolling,325,398,17.85019678,1000,5,,0.8869346734,3297.78392,1176,7128,3
71,0.1,static,325,398,14.50009081,26262,55,,0.7964824121,2450.80402,257,7128,7
71,0.1,rolling,325,398,17.77242565,1000,9,,0.8869346734,3281.354271,1130.5,7128,7
71,0.1,static,326,422,14.50009081,30874,56,,0.8009478673,1842.535545,108.5,7128,0
71,0.1,rolling,326,422,18.10657406,1000,2,,0.8957345972,2697.158768,369.5,7128,0
71,0.1,static,326,422,14.50009081,30476,56,,0.8009478673,1842.535545,108.5,7128,1
71,0.1,rolling,326,422,18.10657406,1000,3,,0.8957345972,2697.158768,369.5,7128,1
71,0.1,static,326,422,14.50009081,29012,56,,0.8009478673,1842.535545,108.5,7128,3
71,0.1,rolling,326,422,17.06242836,1000,5,,0.8744075829,2428.236967,223.5,7128,3
71,0.1,static,326,422,14.50009081,26604,56,,0.8009478673,1842.535545,108.5,7128,7
71,0.1,rolling,326,422,17.91275692,1000,10,,0.8933649289,2644.772512,336,7128,7
71,0.1,static,327,738,14.50009081,31296,57,,0.8075880759,2429.869919,261,7128,0
71,0.1,rolling,327,738,18.98578453,1000,3,,0.9010840108,3689.99458,4539.5,7128,0
71,0.1,static,327,738,14.50009081,30874,57,,0.8075880759,2429.869919,261,7128,1
71,0.1,rolling,327,738,18.10657406,1000,3,,0.8943089431,3477.743902,2016,7128,1
71,0.1,static,327,738,14.50009081,29680,57,,0.8075880759,2429.869919,261,7128,3
71,0.1,rolling,327,738,17.51927519,1000,5,,0.8726287263,3303.695122,1412.5,7128,3
71,0.1,static,327,738,14.50009081,26928,57,,0.8075880759,2429.869919,261,7128,7
71,0.1,rolling,327,738,17.22625637,1000,10,,0.8672086721,3229.364499,1168.5,7128,7
71,0.1,static,328,600,14.50009081,32034,58,,0.8183333333,2513.033333,344.5,7128,0
71,0.1,rolling,328,600,18.68827438,1000,2,,0.915,3830.628333,4853.5,7128,0
71,0.1,static,328,600,14.50009081,31296,58,,0.8183333333,2513.033333,344.5,7128,1
71,0.1,rolling,328,600,18.98578453,1000,4,,0.92,3921.258333,5227,7128,1
71,0.1,static,328,600,14.50009081,30476,58,,0.8183333333,2513.033333,344.5,7128,3
71,0.1,rolling,328,600,18.10657406,1000,5,,0.91,3626.813333,3449.5,7128,3
71,0.1,static,328,600,14.50009081,27664,58,,0.8183333333,2513.033333,344.5,7128,7
71,0.1,rolling,328,600,17.28582765,1000,9,,0.8933333333,3382.87,1506.5,7128,7
71,0.1,static,329,684,14.50009081,32634,59,,0.8070175439,2579.122807,288,7128,0
71,0.1,rolling,329,684,18.5428772,1000,2,,0.9122807018,3799.109649,4508.5,7128,0
71,0.1,static,329,684,14.50009081,32034,59,,0.8070175439,2579.122807,288,7128,1
71,0.1,rolling,329,684,18.68827438,1000,3,,0.9137426901,3848.040936,4764,7128,1
71,0.1,static,329,684,14.50009081,30874,59,,0.8070175439,2579.122807,288,7128,3
71,0.1,rolling,329,684,18.10657406,1000,5,,0.9035087719,3659.181287,3898.5,7128,3
71,0.1,static,329,684,14.50009081,28344,59,,0.8070175439,2579.122807,288,7128,7
71,0.1,rolling,329,684,17.85019678,1000,9,,0.9020467836,3583.152047,3326.5,7128,7
71,0.1,static,330,640,14.50009081,33318,60,,0.83125,2437.026563,333,7128,0
71,0.1,rolling,330,640,17.84292507,1000,2,,0.9171875,3563.204688,3126.5,7128,0
71,0.1,static,330,640,14.50009081,32634,60,,0.83125,2437.026563,333,7128,1
71,0.1,rolling,330,640,18.5428772,1000,3,,0.9234375,3788.2,5103.5,7128,1
71,0.1,static,330,640,14.50009081,31296,60,,0.83125,2437.026563,333,7128,3
71,0.1,rolling,330,640,18.98578453,1000,6,,0.928125,3928.089063,5642.5,7128,3
71,0.1,static,330,640,14.50009081,29012,60,,0.83125,2437.026563,333,7128,7
71,0.1,rolling,330,640,17.06242836,1000,9,,0.90625,3308.220313,1406,7128,7
71,0.1,static,331,506,14.50009081,33958,61,,0.8636363636,2606.624506,311.5,7128,0
71,0.1,rolling,331,506,17.26258707,1000,2,,0.9011857708,3466.551383,1963,7128,0
71,0.1,static,331,506,14.50009081,33318,61,,0.8636363636,2606.624506,311.5,7128,1
71,0.1,rolling,331,506,17.84292507,1000,3,,0.9130434783,3648.252964,4238,7128,1
71,0.1,static,331,506,14.50009081,32034,61,,0.8636363636,2606.624506,311.5,7128,3
71,0.1,rolling,331,506,18.68827438,1000,5,,0.9229249012,3908.090909,5600,7128,3
71,0.1,static,331,506,14.50009081,29680,61,,0.8636363636,2606.624506,311.5,7128,7
71,0.1,rolling,331,506,17.51927519,1000,9,,0.9071146245,3549.333992,2991,7128,7
71,0.1,static,332,318,14.50009081,34464,62,,0.8238993711,2487.754717,207,7128,0
71,0.1,rolling,332,318,17.14892292,1000,2,,0.8742138365,3103.100629,667,7128,0
71,0.1,static,332,318,14.50009081,33958,62,,0.8238993711,2487.754717,207,7128,1
71,0.1,rolling,332,318,17.26258707,1000,3,,0.8836477987,3130.119497,711.5,7128,1
71,0.1,static,332,318,14.50009081,32634,62,,0.8238993711,2487.754717,207,7128,3
71,0.1,rolling,332,318,18.5428772,1000,5,,0.9088050314,3406.732704,1500,7128,3
71,0.1,static,332,318,14.50009081,30476,62,,0.8238993711,2487.754717,207,7128,7
71,0.1,rolling,332,318,18.10657406,1000,9,,0.8993710692,3314.90566,1095,7128,7
71,0.1,static,333,342,14.50009081,34782,63,,0.8157894737,2426.552632,218.5,7128,0
71,0.1,rolling,333,342,17.43923187,1000,3,,0.8801169591,3085.30117,1032,7128,0
71,0.1,static,333,342,14.50009081,34464,63,,0.8157894737,2426.552632,218.5,7128,1
71,0.1,rolling,333,342,17.14892292,1000,3,,0.8713450292,3000.628655,889,7128,1
71,0.1,static,333,342,14.50009081,33318,63,,0.8157894737,2426.552632,218.5,7128,3
71,0.1,rolling,333,342,17.84292507,1000,5,,0.8859649123,3206.804094,1225.5,7128,3
71,0.1,static,333,342,14.50009081,30874,63,,0.8157894737,2426.552632,218.5,7128,7
71,0.1,rolling,333,342,18.10657406,1000,9,,0.8888888889,3293.517544,1397,7128,7
71,0.1,static,334,700,14.50009081,35124,64,,0.8528571429,2444.572857,298.5,7128,0
71,0.1,rolling,334,700,17.97406483,1000,3,,0.9142857143,3564.614286,3856.5,7128,0
71,0.1,static,334,700,14.50009081,34782,64,,0.8528571429,2444.572857,298.5,7128,1
71,0.1,rolling,334,700,17.43923187,1000,4,,0.9071428571,3396.381429,1726,7128,1
71,0.1,static,334,700,14.50009081,33958,64,,0.8528571429,2444.572857,298.5,7128,3
71,0.1,rolling,334,700,17.26258707,1000,5,,0.9071428571,3341.55,1587.5,7128,3
71,0.1,static,334,700,14.50009081,31296,64,,0.8528571429,2444.572857,298.5,7128,7
71,0.1,rolling,334,700,18.98578453,1000,10,,0.9271428571,3859.374286,5453,7128,7
71,0.1,static,335,656,14.50009081,35824,65,,0.8231707317,2399.769817,246.5,7128,0
71,0.1,rolling,335,656,17.67304325,1000,2,,0.8963414634,3339.083841,1346.5,7128,0
71,0.1,static,335,656,14.50009081,35124,65,,0.8231707317,2399.769817,246.5,7128,1
71,0.1,rolling,335,656,17.97406483,1000,4,,0.9054878049,3422.432927,1639,7128,1
71,0.1,static,335,656,14.50009081,34464,65,,0.8231707317,2399.769817,246.5,7128,3
71,0.1,rolling,335,656,17.14892292,1000,5,,0.8902439024,3170.998476,1003,7128,3
71,0.1,static,335,656,14.50009081,32034,65,,0.8231707317,2399.769817,246.5,7128,7
71,0.1,rolling,335,656,18.68827438,1000,9,,0.9085365854,3627.402439,3835,7128,7
71,0.1,static,336,632,14.50009081,36480,66,,0.7863924051,2317.533228,257.5,7128,0
71,0.1,rolling,336,632,18.17873764,1000,2,,0.8892405063,3445.574367,1793,7128,0
71,0.1,static,336,632,14.50009081,35824,66,,0.7863924051,2317.533228,257.5,7128,1
71,0.1,rolling,336,632,17.67304325,1000,3,,0.8734177215,3274.575949,1367,7128,1
71,0.1,static,336,632,14.50009081,34782,66,,0.7863924051,2317.533228,257.5,7128,3
71,0.1,rolling,336,632,17.43923187,1000,6,,0.8702531646,3195.511076,1214,7128,3
71,0.1,static,336,632,14.50009081,32634,66,,0.7863924051,2317.533228,257.5,7128,7
71,0.1,rolling,336,632,18.5428772,1000,9,,0.8987341772,3561.096519,3380.5,7128,7
71,0.1,static,337,552,14.50009081,37112,67,,0.8043478261,2272.13587,228,7128,0
71,0.1,rolling,337,552,18.85975261,1000,2,,0.8985507246,3518.586957,2107,7128,0
71,0.1,static,337,552,14.50009081,36480,67,,0.8043478261,2272.13587,228,7128,1
71,0.1,rolling,337,552,18.17873764,1000,3,,0.8913043478,3313.682971,1484.5,7128,1
71,0.1,static,337,552,14.50009081,35124,67,,0.8043478261,2272.13587,228,7128,3
71,0.1,rolling,337,552,17.97406483,1000,6,,0.8876811594,3247.521739,1382.5,7128,3
71,0.1,static,337,552,14.50009081,33318,67,,0.8043478261,2272.13587,228,7128,7
71,0.1,rolling,337,552,17.84292507,1000,9,,0.884057971,3209.38587,1310.5,7128,7
71,0.1,static,338,496,14.50009081,37664,68,,0.8024193548,2377.459677,256,7128,0
71,0.1,rolling,338,496,19.22324133,1000,2,,0.8830645161,3748.445565,4897,7128,0
71,0.1,static,338,496,14.50009081,37112,68,,0.8024193548,2377.459677,256,7128,1
71,0.1,rolling,338,496,18.85975261,1000,3,,0.8810483871,3661.040323,4301.5,7128,1
71,0.1,static,338,496,14.50009081,35824,68,,0.8024193548,2377.459677,256,7128,3
71,0.1,rolling,338,496,17.67304325,1000,5,,0.8548387097,3323.913306,1487.5,7128,3
71,0.1,static,338,496,14.50009081,33958,68,,0.8024193548,2377.459677,256,7128,7
71,0.1,rolling,338,496,17.26258707,1000,9,,0.8528225806,3189.1875,1121,7128,7
71,0.1,static,339,328,14.50009081,38160,69,,0.7896341463,1822.804878,167,7128,0
71,0.1,rolling,339,328,19.26263571,1000,2,,0.8902439024,3394.152439,1899.5,7128,0
71,0.1,static,339,328,14.50009081,37664,69,,0.7896341463,1822.804878,167,7128,1
71,0.1,rolling,339,328,19.22324133,1000,3,,0.887195122,3378.603659,1851,7128,1
71,0.1,static,339,328,14.50009081,36480,69,,0.7896341463,1822.804878,167,7128,3
71,0.1,rolling,339,328,18.17873764,1000,5,,0.868902439,2965.692073,997,7128,3
71,0.1,static,339,328,14.50009081,34464,69,,0.7896341463,1822.804878,167,7128,7
71,0.1,rolling,339,328,17.14892292,1000,9,,0.8536585366,2602.155488,540,7128,7
71,0.1,static,340,328,14.50009081,38488,70,,0.7896341463,2358.478659,187.5,7128,0
71,0.1,rolling,340,328,19.89052963,1000,3,,0.9237804878,3719.259146,4066,7128,0
71,0.1,static,340,328,14.50009081,38160,70,,0.7896341463,2358.478659,187.5,7128,1
71,0.1,rolling,340,328,19.26263571,1000,3,,0.9054878049,3529.835366,1926,7128,1
71,0.1,static,340,328,14.50009081,37112,70,,0.7896341463,2358.478659,187.5,7128,3
71,0.1,rolling,340,328,18.85975261,1000,5,,0.8932926829,3431.140244,1453,7128,3
71,0.1,static,340,328,14.50009081,34782,70,,0.7896341463,2358.478659,187.5,7128,7
71,0.1,rolling,340,328,17.43923187,1000,10,,0.8567073171,3031.32622,770,7128,7
71,0.1,static,341,576,14.50009081,38816,71,,0.8246527778,2333.522569,222,7128,0
71,0.1,rolling,341,576,19.53958702,1000,3,,0.9184027778,3774.409722,4682,7128,0
71,0.1,static,341,576,14.50009081,38488,71,,0.8246527778,2333.522569,222,7128,1
71,0.1,rolling,341,576,19.89052963,1000,4,,0.921875,3892.315972,5203.5,7128,1
71,0.1,static,341,576,14.50009081,37664,71,,0.8246527778,2333.522569,222,7128,3
71,0.1,rolling,341,576,19.22324133,1000,5,,0.9114583333,3682.810764,4086,7128,3
71,0.1,static,341,576,14.50009081,35124,71,,0.8246527778,2333.522569,222,7128,7
71,0.1,rolling,341,576,17.97406483,1000,10,,0.8958333333,3319.220486,1334.5,7128,7
71,0.1,static,342,636,14.50009081,39392,72,,0.784591195,2424.100629,224,7128,0
71,0.1,rolling,342,636,18.55060196,1000,3,,0.8805031447,3404.113208,1384,7128,0
71,0.1,static,342,636,14.50009081,38816,72,,0.784591195,2424.100629,224,7128,1
71,0.1,rolling,342,636,19.53958702,1000,4,,0.8993710692,3660.209119,3824,7128,1
71,0.1,static,342,636,14.50009081,38160,72,,0.784591195,2424.100629,224,7128,3
71,0.1,rolling,342,636,19.26263571,1000,5,,0.8962264151,3587.312893,2100.5,7128,3
71,0.1,static,342,636,14.50009081,35824,72,,0.784591195,2424.100629,224,7128,7
71,0.1,rolling,342,636,17.67304325,1000,9,,0.8647798742,3178.185535,865,7128,7
71,0.1,static,343,642,14.50009081,40028,73,,0.7803738318,2676.669782,481,7128,0
71,0.1,rolling,343,642,19.51822521,1000,2,,0.8971962617,4269.5,6723,7128,0
71,0.1,static,343,642,14.50009081,39392,73,,0.7803738318,2676.669782,481,7128,1
71,0.1,rolling,343,642,18.55060196,1000,4,,0.8816199377,4006.274143,6047.5,7128,1
71,0.1,static,343,642,14.50009081,38488,73,,0.7803738318,2676.669782,481,7128,3
71,0.1,rolling,343,642,19.89052963,1000,6,,0.9018691589,4368.682243,6862,7128,3
71,0.1,static,343,642,14.50009081,36480,73,,0.7803738318,2676.669782,481,7128,7
71,0.1,rolling,343,642,18.17873764,1000,9,,0.8769470405,3889.655763,5615.5,7128,7
71,0.1,static,344,650,14.50009081,40670,74,,0.7723076923,2405.369231,148.5,7128,0
71,0.1,rolling,344,650,19.87989593,1000,2,,0.8723076923,3677.672308,3893.5,7128,0
71,0.1,static,344,650,14.50009081,40028,74,,0.7723076923,2405.369231,148.5,7128,1
71,0.1,rolling,344,650,19.51822521,1000,3,,0.8676923077,3582.670769,2174.5,7128,1
71,0.1,static,344,650,14.50009081,38816,74,,0.7723076923,2405.369231,148.5,7128,3
71,0.1,rolling,344,650,19.53958702,1000,6,,0.8676923077,3588.944615,2406,7128,3
71,0.1,static,344,650,14.50009081,37112,74,,0.7723076923,2405.369231,148.5,7128,7
71,0.1,rolling,344,650,18.85975261,1000,9,,0.8646153846,3438.212308,1402,7128,7
71,0.1,static,345,586,14.50009081,41320,75,,0.8259385666,2783.78157,333,7128,0
71,0.1,rolling,345,586,20.8233099,1000,2,,0.9266211604,4281.989761,6951.5,7128,0
71,0.1,static,345,586,14.50009081,40670,75,,0.8259385666,2783.78157,333,7128,1
71,0.1,rolling,345,586,19.87989593,1000,3,,0.9146757679,4055.749147,6627,7128,1
71,0.1,static,345,586,14.50009081,39392,75,,0.8259385666,2783.78157,333,7128,3
71,0.1,rolling,345,586,18.55060196,1000,6,,0.9010238908,3779.482935,5379.5,7128,3
71,0.1,static,345,586,14.50009081,37664,75,,0.8259385666,2783.78157,333,7128,7
71,0.1,rolling,345,586,19.22324133,1000,9,,0.9112627986,3920.486348,6201,7128,7
71,0.1,static,346,224,14.50009081,41906,76,,0.7633928571,1710.982143,96.5,7128,0
71,0.1,rolling,346,224,19.90756035,1000,2,,0.8928571429,2787.495536,660,7128,0
71,0.1,static,346,224,14.50009081,41320,76,,0.7633928571,1710.982143,96.5,7128,1
71,0.1,rolling,346,224,20.8233099,1000,3,,0.9107142857,3092.892857,913,7128,1
71,0.1,static,346,224,14.50009081,40028,76,,0.7633928571,1710.982143,96.5,7128,3
71,0.1,rolling,346,224,19.51822521,1000,5,,0.8883928571,2678.455357,565.5,7128,3
71,0.1,static,346,224,14.50009081,38160,76,,0.7633928571,1710.982143,96.5,7128,7
71,0.1,rolling,346,224,19.26263571,1000,9,,0.8839285714,2622.897321,524,7128,7
71,0.1,static,347,306,14.50009081,42130,77,,0.8104575163,1825.238562,64.5,7128,0
71,0.1,rolling,347,306,19.16760254,1000,3,,0.9117647059,2720.464052,451.5,7128,0
71,0.1,static,347,306,14.50009081,41906,77,,0.8104575163,1825.238562,64.5,7128,1
71,0.1,rolling,347,306,19.90756035,1000,3,,0.9150326797,2888.019608,605,7128,1
71,0.1,static,347,306,14.50009081,40670,77,,0.8104575163,1825.238562,64.5,7128,3
71,0.1,rolling,347,306,19.87989593,1000,5,,0.9150326797,2879.045752,602.5,7128,3
71,0.1,static,347,306,14.50009081,38488,77,,0.8104575163,1825.238562,64.5,7128,7
71,0.1,rolling,347,306,19.89052963,1000,10,,0.9150326797,2882.882353,603,7128,7
71,0.1,static,348,714,14.50009081,42436,78,,0.7969187675,2233.219888,150,7128,0
71,0.1,rolling,348,714,18.93990993,1000,3,,0.8893557423,3340.889356,1382.5,7128,0
71,0.1,static,348,714,14.50009081,42130,78,,0.7969187675,2233.219888,150,7128,1
71,0.1,rolling,348,714,19.16760254,1000,4,,0.893557423,3404.861345,1599.5,7128,1
71,0.1,static,348,714,14.50009081,41320,78,,0.7969187675,2233.219888,150,7128,3
71,0.1,rolling,348,714,20.8233099,1000,5,,0.9075630252,3831.081232,5189.5,7128,3
71,0.1,static,348,714,14.50009081,38816,78,,0.7969187675,2233.219888,150,7128,7
71,0.1,rolling,348,714,19.53958702,1000,10,,0.8963585434,3499.956583,1975,7128,7
71,0.1,static,349,600,14.50009081,43150,79,,0.7533333333,2161.251667,150,7128,0
71,0.1,rolling,349,600,19.32475948,1000,2,,0.86,3293.618333,1376,7128,0
71,0.1,static,349,600,14.50009081,42436,79,,0.7533333333,2161.251667,150,7128,1
71,0.1,rolling,349,600,18.93990993,1000,4,,0.8566666667,3173.871667,1176.5,7128,1
71,0.1,static,349,600,14.50009081,41906,79,,0.7533333333,2161.251667,150,7128,3
71,0.1,rolling,349,600,19.90756035,1000,5,,0.8683333333,3460.693333,1801.5,7128,3
71,0.1,static,349,600,14.50009081,39392,79,,0.7533333333,2161.251667,150,7128,7
71,0.1,rolling,349,600,18.55060196,1000,10,,0.8533333333,3048.316667,967,7128,7
71,0.1,static,350,656,14.50009081,43750,80,,0.7484756098,1851.669207,100,7128,0
71,0.1,rolling,350,656,21.89381313,1000,2,,0.8993902439,3513.545732,1978.5,7128,0
71,0.1,static,350,656,14.50009081,43150,80,,0.7484756098,1851.669207,100,7128,1
71,0.1,rolling,350,656,19.32475948,1000,3,,0.8551829268,2908.577744,607.5,7128,1
71,0.1,static,350,656,14.50009081,42130,80,,0.7484756098,1851.669207,100,7128,3
71,0.1,rolling,350,656,19.16760254,1000,6,,0.8521341463,2875.01372,556.5,7128,3
71,0.1,static,350,656,14.50009081,40028,80,,0.7484756098,1851.669207,100,7128,7
71,0.1,rolling,350,656,19.51822521,1000,9,,0.8597560976,2946.940549,658,7128,7
71,0.1,static,351,522,14.50009081,44406,81,,0.7567049808,1886.818008,88,7128,0
71,0.1,rolling,351,522,21.95542526,1000,2,,0.9042145594,3522.268199,2232.5,7128,0
71,0.1,static,351,522,14.50009081,43750,81,,0.7567049808,1886.818008,88,7128,1
71,0.1,rolling,351,522,21.89381313,1000,3,,0.9042145594,3509.927203,2164,7128,1
71,0.1,static,351,522,14.50009081,42436,81,,0.7567049808,1886.818008,88,7128,3
71,0.1,rolling,351,522,18.93990993,1000,6,,0.8544061303,2874.078544,531,7128,3
71,0.1,static,351,522,14.50009081,40670,81,,0.7567049808,1886.818008,88,7128,7
71,0.1,rolling,351,522,19.87989593,1000,9,,0.8639846743,3062.408046,814,7128,7
71,0.1,static,352,462,14.50009081,44928,82,,0.7186147186,1928.062771,127.5,7128,0
71,0.1,rolling,352,462,21.69766331,1000,2,,0.9090909091,3710.883117,4501.5,7128,0
71,0.1,static,352,462,14.50009081,44406,82,,0.7186147186,1928.062771,127.5,7128,1
71,0.1,rolling,352,462,21.95542526,1000,3,,0.9134199134,3760.829004,4849.5,7128,1
71,0.1,static,352,462,14.50009081,43150,82,,0.7186147186,1928.062771,127.5,7128,3
71,0.1,rolling,352,462,19.32475948,1000,5,,0.8593073593,3114.748918,915.5,7128,3
71,0.1,static,352,462,14.50009081,41320,82,,0.7186147186,1928.062771,127.5,7128,7
71,0.1,rolling,352,462,20.8233099,1000,9,,0.8896103896,3492.367965,2149.5,7128,7
71,0.1,static,353,242,14.50009081,45390,83,,0.7066115702,1776.904959,100.5,7128,0
71,0.1,rolling,353,242,21.59512711,1000,3,,0.8801652893,3560.22314,2486,7128,0
71,0.1,static,353,242,14.50009081,44928,83,,0.7066115702,1776.904959,100.5,7128,1
71,0.1,rolling,353,242,21.69766331,1000,3,,0.8801652893,3588.528926,3674.5,7128,1
71,0.1,static,353,242,14.50009081,43750,83,,0.7066115702,1776.904959,100.5,7128,3
71,0.1,rolling,353,242,21.89381313,1000,5,,0.8801652893,3625.599174,4067.5,7128,3
71,0.1,static,353,242,14.50009081,41906,83,,0.7066115702,1776.904959,100.5,7128,7
71,0.1,rolling,353,242,19.90756035,1000,9,,0.847107438,3201.933884,988,7128,7
71,0.1,static,354,238,14.50009081,45632,84,,0.718487395,2117.92437,138,7128,0
71,0.1,rolling,354,238,21.69766331,1000,3,,0.8781512605,3851.264706,4604.5,7128,0
71,0.1,static,354,238,14.50009081,45390,84,,0.718487395,2117.92437,138,7128,1
71,0.1,rolling,354,238,21.59512711,1000,4,,0.8739495798,3815.554622,4485,7128,1
71,0.1,static,354,238,14.50009081,44406,84,,0.718487395,2117.92437,138,7128,3
71,0.1,rolling,354,238,21.95542526,1000,5,,0.8823529412,3917.87395,4928.5,7128,3
71,0.1,static,354,238,14.50009081,42130,84,,0.718487395,2117.92437,138,7128,7
71,0.1,rolling,354,238,19.16760254,1000,10,,0.8319327731,3227.827731,1098,7128,7
71,0.1,static,355,578,14.50009081,45870,85,,0.7076124567,2242.923875,148,7128,0
71,0.1,rolling,355,578,23.20956564,1000,4,,0.8961937716,4312.607266,6739.5,7128,0
71,0.1,static,355,578,14.50009081,45632,85,,0.7076124567,2242.923875,148,7128,1
71,0.1,rolling,355,578,21.69766331,1000,4,,0.875432526,3952.00519,5644.5,7128,1
71,0.1,static,355,578,14.50009081,44928,85,,0.7076124567,2242.923875,148,7128,3
71,0.1,rolling,355,578,21.69766331,1000,5,,0.875432526,3952.00519,5644.5,7128,3
71,0.1,static,355,578,14.50009081,42436,85,,0.7076124567,2242.923875,148,7128,7
71,0.1,rolling,355,578,18.93990993,1000,10,,0.8096885813,3177.790657,1194,7128,7
71,0.1,static,356,548,14.50009081,46448,86,,0.7408759124,2216.211679,112,7128,0
71,0.1,rolling,356,548,23.40524292,1000,3,,0.9124087591,4118.19708,6417,7128,0
71,0.1,static,356,548,14.50009081,45870,86,,0.7408759124,2216.211679,112,7128,1
71,0.1,rolling,356,548,23.20956564,1000,5,,0.9105839416,4085.729927,6306.5,7128,1
71,0.1,static,356,548,14.50009081,45390,86,,0.7408759124,2216.211679,112,7128,3
71,0.1,rolling,356,548,21.59512711,1000,6,,0.897810219,3763.317518,4616.5,7128,3
71,0.1,static,356,548,14.50009081,43150,86,,0.7408759124,2216.211679,112,7128,7
71,0.1,rolling,356,548,19.32475948,1000,9,,0.8503649635,3207.25,1051.5,7128,7
71,0.1,static,357,406,14.50009081,46996,87,,0.7389162562,1509.342365,93.5,7127,0
71,0.1,rolling,357,406,22.77493107,1000,2,,0.9088669951,3689.5,4506,7128,0
71,0.1,static,357,406,14.50009081,46448,87,,0.7389162562,1509.342365,93.5,7127,1
71,0.1,rolling,357,406,23.40524292,1000,4,,0.9187192118,3824.795567,5453,7128,1
71,0.1,static,357,406,14.50009081,45632,87,,0.7389162562,1509.342365,93.5,7127,3
71,0.1,rolling,357,406,21.69766331,1000,6,,0.9014778325,3419.194581,1884.5,7128,3
71,0.1,static,357,406,14.50009081,43750,87,,0.7389162562,1509.342365,93.5,7127,7
71,0.1,rolling,357,406,21.89381313,1000,9,,0.9039408867,3468.307882,2068,7128,7
71,0.1,static,358,300,14.50009081,47402,88,,0.7566666667,1525.453333,78,7128,0
71,0.1,rolling,358,300,22.04776382,1000,3,,0.9,3222.916667,751.5,7128,0
71,0.1,static,358,300,14.50009081,46996,88,,0.7566666667,1525.453333,78,7128,1
71,0.1,rolling,358,300,22.77493107,1000,3,,0.9033333333,3390.85,994,7128,1
71,0.1,static,358,300,14.50009081,45870,88,,0.7566666667,1525.453333,78,7128,3
71,0.1,rolling,358,300,23.20956564,1000,7,,0.9033333333,3475.513333,1175,7128,3
71,0.1,static,358,300,14.50009081,44406,88,,0.7566666667,1525.453333,78,7128,7
71,0.1,rolling,358,300,21.95542526,1000,9,,0.9,3201.19,730,7128,7
71,0.1,static,359,330,14.50009081,47702,89,,0.8242424242,2475.072727,245.5,7128,0
71,0.1,rolling,359,330,22.26343918,1000,3,,0.9575757576,4420.487879,7079,7128,0
71,0.1,static,359,330,14.50009081,47402,89,,0.8242424242,2475.072727,245.5,7128,1
71,0.1,rolling,359,330,22.04776382,1000,4,,0.9575757576,4381.551515,7063,7128,1
71,0.1,static,359,330,14.50009081,46448,89,,0.8242424242,2475.072727,245.5,7128,3
71,0.1,rolling,359,330,23.40524292,1000,6,,0.9575757576,4611.930303,7119,7128,3
71,0.1,static,359,330,14.50009081,44928,89,,0.8242424242,2475.072727,245.5,7128,7
71,0.1,rolling,359,330,21.69766331,1000,9,,0.9515151515,4314.527273,7025.5,7128,7
71,0.1,static,360,228,14.50009081,48032,90,,0.7543859649,1710.377193,72,7128,0
71,0.1,rolling,360,228,20.54540086,1000,3,,0.8903508772,3024.263158,642,7128,0
71,0.1,static,360,228,14.50009081,47702,90,,0.7543859649,1710.377193,72,7128,1
71,0.1,rolling,360,228,22.26343918,1000,4,,0.9166666667,3372.820175,1639.5,7128,1
71,0.1,static,360,228,14.50009081,46996,90,,0.7543859649,1710.377193,72,7128,3
71,0.1,rolling,360,228,22.77493107,1000,5,,0.9210526316,3514.407895,2008,7128,3
71,0.1,static,360,228,14.50009081,45390,90,,0.7543859649,1710.377193,72,7128,7
71,0.1,rolling,360,228,21.59512711,1000,10,,0.9078947368,3203.754386,1283,7128,7
71,0.1,static,361,246,14.50009081,48260,91,,0.7682926829,1671.089431,55.5,7128,0
71,0.1,rolling,361,246,21.0973568,1000,4,,0.8861788618,2932.630081,622,7128,0
71,0.1,static,361,246,14.50009081,48032,91,,0.7682926829,1671.089431,55.5,7128,1
71,0.1,rolling,361,246,20.54540086,1000,4,,0.8780487805,2817.081301,513.5,7128,1
71,0.1,static,361,246,14.50009081,47402,91,,0.7682926829,1671.089431,55.5,7128,3
71,0.1,rolling,361,246,22.04776382,1000,6,,0.8902439024,3137.735772,983,7128,3
71,0.1,static,361,246,14.50009081,45632,91,,0.7682926829,1671.089431,55.5,7128,7
71,0.1,rolling,361,246,21.69766331,1000,10,,0.8902439024,3045.658537,825,7128,7
71,0.1,static,362,620,14.50009081,48506,92,,0.7580645161,1565.716129,67,7128,0
71,0.1,rolling,362,620,20.55187747,1000,4,,0.8661290323,2803.127419,479.5,7128,0
71,0.1,static,362,620,14.50009081,48260,92,,0.7580645161,1565.716129,67,7128,1
71,0.1,rolling,362,620,21.0973568,1000,5,,0.8758064516,2940.979032,601.5,7128,1
71,0.1,static,362,620,14.50009081,47702,92,,0.7580645161,1565.716129,67,7128,3
71,0.1,rolling,362,620,22.26343918,1000,6,,0.8951612903,3279.027419,1128.5,7128,3
71,0.1,static,362,620,14.50009081,45870,92,,0.7580645161,1565.716129,67,7128,7
71,0.1,rolling,362,620,23.20956564,1000,11,,0.9,3508.940323,2236.5,7128,7
71,0.1,static,363,386,14.50009081,49126,93,,0.7953367876,1828.031088,52,7128,0
71,0.1,rolling,363,386,22.51987195,1000,3,,0.914507772,3311.816062,1384.5,7128,0
71,0.1,static,363,386,14.50009081,48506,93,,0.7953367876,1828.031088,52,7128,1
71,0.1,rolling,363,386,20.55187747,1000,5,,0.8911917098,2906.414508,448.5,7128,1
71,0.1,static,363,386,14.50009081,48032,93,,0.7953367876,1828.031088,52,7128,3
71,0.1,rolling,363,386,20.54540086,1000,6,,0.8911917098,2904.927461,445.5,7128,3
71,0.1,static,363,386,14.50009081,46448,93,,0.7953367876,1828.031088,52,7128,7
71,0.1,rolling,363,386,23.40524292,1000,10,,0.9248704663,3530.028497,2338,7128,7
71,0.1,static,364,354,14.50009081,49512,94,,0.7711864407,1574.570621,62,7128,0
71,0.1,rolling,364,354,22.08966446,1000,2,,0.9011299435,3288.584746,1316.5,7128,0
71,0.1,static,364,354,14.50009081,49126,94,,0.7711864407,1574.570621,62,7128,1
71,0.1,rolling,364,354,22.51987195,1000,4,,0.9039548023,3412.935028,1518,7128,1
71,0.1,static,364,354,14.50009081,48260,94,,0.7711864407,1574.570621,62,7128,3
71,0.1,rolling,364,354,21.0973568,1000,7,,0.8898305085,3047.909605,745,7128,3
71,0.1,static,364,354,14.50009081,46996,94,,0.7711864407,1574.570621,62,7128,7
71,0.1,rolling,364,354,22.77493107,1000,9,,0.9096045198,3486.316384,1830.5,7128,7
71,0.2,static,292,730,14.30264544,11270,22,,0.8698630137,3432.99589,1735,7128,0
71,0.2,rolling,292,730,15.33113217,1000,3,,0.8876712329,3782.552055,5062,7128,0
71,0.2,static,292,730,14.30264544,11270,22,,0.8698630137,3432.99589,1735,7128,1
71,0.2,rolling,292,730,15.33113217,1000,3,,0.8876712329,3782.552055,5062,7128,1
71,0.2,static,292,730,14.30264544,11270,22,,0.8698630137,3432.99589,1735,7128,3
71,0.2,rolling,292,730,15.33113217,1000,3,,0.8876712329,3782.552055,5062,7128,3
71,0.2,static,292,730,14.30264544,11270,22,,0.8698630137,3432.99589,1735,7128,7
71,0.2,rolling,292,730,15.33113217,1000,3,,0.8876712329,3782.552055,5062,7128,7
71,0.2,static,293,658,14.30264544,12000,23,,0.8951367781,3620.262918,4240.5,7128,0
71,0.2,rolling,293,658,15.46912676,1000,2,,0.9255319149,4025.917933,6354,7128,0
71,0.2,static,293,658,14.30264544,11270,23,,0.8951367781,3620.262918,4240.5,7128,1
71,0.2,rolling,293,658,15.33113217,1000,4,,0.9209726444,3974.24772,6190.5,7128,1
71,0.2,static,293,658,14.30264544,11270,23,,0.8951367781,3620.262918,4240.5,7128,3
71,0.2,rolling,293,658,15.33113217,1000,4,,0.9209726444,3974.24772,6190.5,7128,3
71,0.2,static,293,658,14.30264544,11270,23,,0.8951367781,3620.262918,4240.5,7128,7
71,0.2,rolling,293,658,15.33113217,1000,4,,0.9209726444,3974.24772,6190.5,7128,7
71,0.2,static,294,618,14.30264544,12658,24,,0.8511326861,3319.797735,1193.5,7128,0
71,0.2,rolling,294,618,15.45127869,1000,2,,0.8802588997,3678.417476,3999,7128,0
71,0.2,static,294,618,14.30264544,12000,24,,0.8511326861,3319.797735,1193.5,7128,1
71,0.2,rolling,294,618,15.46912676,1000,3,,0.8802588997,3684.11165,4039,7128,1
71,0.2,static,294,618,14.30264544,11270,24,,0.8511326861,3319.797735,1193.5,7128,3
71,0.2,rolling,294,618,15.33113217,1000,5,,0.8770226537,3647.166667,3802,7128,3
71,0.2,static,294,618,14.30264544,11270,24,,0.8511326861,3319.797735,1193.5,7128,7
71,0.2,rolling,294,618,15.33113217,1000,5,,0.8770226537,3647.166667,3802,7128,7
71,0.2,static,295,666,14.30264544,13276,25,,0.8588588589,3274.714715,1223,7128,0
71,0.2,rolling,295,666,15.65320969,1000,2,,0.9144144144,3858.606607,4795.5,7128,0
71,0.2,static,295,666,14.30264544,12658,25,,0.8588588589,3274.714715,1223,7128,1
71,0.2,rolling,295,666,15.45127869,1000,3,,0.8993993994,3765.599099,4420.5,7128,1
71,0.2,static,295,666,14.30264544,11270,25,,0.8588588589,3274.714715,1223,7128,3
71,0.2,rolling,295,666,15.33113217,1000,6,,0.8963963964,3711.358859,4135.5,7128,3
71,0.2,static,295,666,14.30264544,11270,25,,0.8588588589,3274.714715,1223,7128,7
71,0.2,rolling,295,666,15.33113217,1000,6,,0.8963963964,3711.358859,4135.5,7128,7
71,0.2,static,296,516,14.30264544,13942,26,,0.8546511628,3270.627907,1147.5,7128,0
71,0.2,rolling,296,516,15.62293172,1000,2,,0.8895348837,3737.974806,4739,7128,0
71,0.2,static,296,516,14.30264544,13276,26,,0.8546511628,3270.627907,1147.5,7128,1
71,0.2,rolling,296,516,15.65320969,1000,3,,0.8895348837,3745.790698,4811,7128,1
71,0.2,static,296,516,14.30264544,12000,26,,0.8546511628,3270.627907,1147.5,7128,3
71,0.2,rolling,296,516,15.46912676,1000,5,,0.8895348837,3685.872093,4318,7128,3
71,0.2,static,296,516,14.30264544,11270,26,,0.8546511628,3270.627907,1147.5,7128,7
71,0.2,rolling,296,516,15.33113217,1000,7,,0.8895348837,3635.360465,3919.5,7128,7
71,0.2,static,297,292,14.30264544,14458,27,,0.8424657534,2667.674658,422.5,7128,0
71,0.2,rolling,297,292,15.6760121,1000,2,,0.8664383562,3130.041096,1088,7128,0
71,0.2,static,297,292,14.30264544,13942,27,,0.8424657534,2667.674658,422.5,7128,1
71,0.2,rolling,297,292,15.62293172,1000,3,,0.8664383562,3109.976027,1044.5,7128,1
71,0.2,static,297,292,14.30264544,12658,27,,0.8424657534,2667.674658,422.5,7128,3
71,0.2,rolling,297,292,15.45127869,1000,5,,0.8595890411,3037.315068,871,7128,3
71,0.2,static,297,292,14.30264544,11270,27,,0.8424657534,2667.674658,422.5,7128,7
71,0.2,rolling,297,292,15.33113217,1000,8,,0.8595890411,2999.712329,793,7128,7
71,0.2,static,298,252,14.30264544,14750,28,,0.880952381,2787.107143,583,7128,0
71,0.2,rolling,298,252,16.73724747,1000,3,,0.9246031746,3770.888889,4953.5,7128,0
71,0.2,static,298,252,14.30264544,14458,28,,0.880952381,2787.107143,583,7128,1
71,0.2,rolling,298,252,15.6760121,1000,3,,0.9087301587,3359.690476,1470,7128,1
71,0.2,static,298,252,14.30264544,13276,28,,0.880952381,2787.107143,583,7128,3
71,0.2,rolling,298,252,15.65320969,1000,5,,0.9047619048,3346.456349,1438,7128,3
71,0.2,static,298,252,14.30264544,11270,28,,0.880952381,2787.107143,583,7128,7
71,0.2,rolling,298,252,15.33113217,1000,9,,0.9047619048,3224.277778,1148.5,7128,7
71,0.2,static,299,702,14.30264544,15002,29,,0.8746438746,3106.082621,792.5,7128,0
71,0.2,rolling,299,702,16.228302,1000,3,,0.9031339031,3772.143875,4683,7128,0
71,0.2,static,299,702,14.30264544,14750,29,,0.8746438746,3106.082621,792.5,7128,1
71,0.2,rolling,299,702,16.73724747,1000,4,,0.9131054131,3937.972934,5638,7128,1
71,0.2,static,299,702,14.30264544,13942,29,,0.8746438746,3106.082621,792.5,7128,3
71,0.2,rolling,299,702,15.62293172,1000,5,,0.8988603989,3573.975783,3323,7128,3
71,0.2,static,299,702,14.30264544,11270,29,,0.8746438746,3106.082621,792.5,7128,7
71,0.2,rolling,299,702,15.33113217,1000,10,,0.8888888889,3469.982906,1909.5,7128,7
71,0.2,static,300,664,14.30264544,15704,30,,0.8719879518,3168.475904,943.5,7128,0
71,0.2,rolling,300,664,15.66753629,1000,3,,0.8930722892,3703.231928,4381.5,7128,0
71,0.2,static,300,664,14.30264544,15002,30,,0.8719879518,3168.475904,943.5,7128,1
71,0.2,rolling,300,664,16.228302,1000,4,,0.906626506,3903.173193,5500.5,7128,1
71,0.2,static,300,664,14.30264544,14458,30,,0.8719879518,3168.475904,943.5,7128,3
71,0.2,rolling,300,664,15.6760121,1000,5,,0.8930722892,3706.108434,4403,7128,3
71,0.2,static,300,664,14.30264544,12000,30,,0.8719879518,3168.475904,943.5,7128,7
71,0.2,rolling,300,664,15.46912676,1000,9,,0.8915662651,3614.403614,3599,7128,7
71,0.2,static,301,616,14.30264544,16368,31,,0.8766233766,3515.795455,1793,7128,0
71,0.2,rolling,301,616,16.38383675,1000,2,,0.9172077922,4176.925325,6789,7128,0
71,0.2,static,301,616,14.30264544,15704,31,,0.8766233766,3515.795455,1793,7128,1
71,0.2,rolling,301,616,15.66753629,1000,4,,0.900974026,3966.461039,6149,7128,1
71,0.2,static,301,616,14.30264544,14750,31,,0.8766233766,3515.795455,1793,7128,3
71,0.2,rolling,301,616,16.73724747,1000,6,,0.9204545455,4287.728896,6930.5,7128,3
71,0.2,static,301,616,14.30264544,12658,31,,0.8766233766,3515.795455,1793,7128,7
71,0.2,rolling,301,616,15.45127869,1000,9,,0.900974026,3906.047078,5698,7128,7
71,0.2,static,302,570,14.30264544,16984,32,,0.8473684211,2928.989474,650,7128,0
71,0.2,rolling,302,570,15.73335397,1000,2,,0.8859649123,3423.601754,1607,7128,0
71,0.2,static,302,570,14.30264544,16368,32,,0.8473684211,2928.989474,650,7128,1
71,0.2,rolling,302,570,16.38383675,1000,3,,0.8947368421,3631.22807,4020.5,7128,1
71,0.2,static,302,570,14.30264544,15002,32,,0.8473684211,2928.989474,650,7128,3
71,0.2,rolling,302,570,16.228302,1000,6,,0.8929824561,3585.817544,3732,7128,3
71,0.2,static,302,570,14.30264544,13276,32,,0.8473684211,2928.989474,650,7128,7
71,0.2,rolling,302,570,15.65320969,1000,9,,0.8859649123,3398.538596,1509.5,7128,7
71,0.2,static,303,542,14.30264544,17554,33,,0.8819188192,3110.542435,870.5,7128,0
71,0.2,rolling,303,542,16.44021273,1000,2,,0.9206642066,3801.902214,5095,7128,0
71,0.2,static,303,542,14.30264544,16984,33,,0.8819188192,3110.542435,870.5,7128,1
71,0.2,rolling,303,542,15.73335397,1000,3,,0.9132841328,3583.972325,3613.5,7128,1
71,0.2,static,303,542,14.30264544,15704,33,,0.8819188192,3110.542435,870.5,7128,3
71,0.2,rolling,303,542,15.66753629,1000,6,,0.9132841328,3562.184502,2669.5,7128,3
71,0.2,static,303,542,14.30264544,13942,33,,0.8819188192,3110.542435,870.5,7128,7
71,0.2,rolling,303,542,15.62293172,1000,9,,0.9132841328,3544.848708,2081.5,7128,7
71,0.2,static,304,328,14.30264544,18096,34,,0.8536585366,2893.375,603.5,7128,0
71,0.2,rolling,304,328,15.10909152,1000,2,,0.875,3162.902439,938.5,7128,0
71,0.2,static,304,328,14.30264544,17554,34,,0.8536585366,2893.375,603.5,7128,1
71,0.2,rolling,304,328,16.44021273,1000,3,,0.8963414634,3580.064024,2296,7128,1
71,0.2,static,304,328,14.30264544,16368,34,,0.8536585366,2893.375,603.5,7128,3
71,0.2,rolling,304,328,16.38383675,1000,5,,0.8932926829,3561.859756,2106.5,7128,3
71,0.2,static,304,328,14.30264544,14458,34,,0.8536585366,2893.375,603.5,7128,7
71,0.2,rolling,304,328,15.6760121,1000,9,,0.8841463415,3355.402439,1351,7128,7
71,0.2,static,305,328,14.30264544,18424,35,,0.8932926829,2719.469512,465,7128,0
71,0.2,rolling,305,328,15.70790863,1000,3,,0.9207317073,3233.841463,1000.5,7128,0
71,0.2,static,305,328,14.30264544,18096,35,,0.8932926829,2719.469512,465,7128,1
71,0.2,rolling,305,328,15.10909152,1000,3,,0.9115853659,3023.865854,731,7128,1
71,0.2,static,305,328,14.30264544,16984,35,,0.8932926829,2719.469512,465,7128,3
71,0.2,rolling,305,328,15.73335397,1000,5,,0.9207317073,3240.79878,1011.5,7128,3
71,0.2,static,305,328,14.30264544,14750,35,,0.8932926829,2719.469512,465,7128,7
71,0.2,rolling,305,328,16.73724747,1000,10,,0.9481707317,3562.661585,1978.5,7128,7
71,0.2,static,306,582,14.30264544,18752,36,,0.8591065292,3008.544674,520.5,7128,0
71,0.2,rolling,306,582,15.23845124,1000,3,,0.883161512,3277.372852,943.5,7128,0
71,0.2,static,306,582,14.30264544,18424,36,,0.8591065292,3008.544674,520.5,7128,1
71,0.2,rolling,306,582,15.70790863,1000,4,,0.8883161512,3419.285223,1284.5,7128,1
71,0.2,static,306,582,14.30264544,17554,36,,0.8591065292,3008.544674,520.5,7128,3
71,0.2,rolling,306,582,16.44021273,1000,5,,0.9054982818,3621.666667,3789.5,7128,3
71,0.2,static,306,582,14.30264544,15002,36,,0.8591065292,3008.544674,520.5,7128,7
71,0.2,rolling,306,582,16.228302,1000,10,,0.9003436426,3566.752577,2177,7128,7
71,0.2,static,307,588,14.30264544,19334,37,,0.8452380952,3096.867347,842.5,7128,0
71,0.2,rolling,307,588,15.77105427,1000,3,,0.880952381,3600.743197,2124.5,7128,0
71,0.2,static,307,588,14.30264544,18752,37,,0.8452380952,3096.867347,842.5,7128,1
71,0.2,rolling,307,588,15.23845124,1000,4,,0.8741496599,3433.141156,1507.5,7128,1
71,0.2,static,307,588,14.30264544,18096,37,,0.8452380952,3096.867347,842.5,7128,3
71,0.2,rolling,307,588,15.10909152,1000,5,,0.8741496599,3393.70068,1365.5,7128,3
71,0.2,static,307,588,14.30264544,15704,37,,0.8452380952,3096.867347,842.5,7128,7
71,0.2,rolling,307,588,15.66753629,1000,10,,0.880952381,3566.982993,1923,7128,7
71,0.2,static,308,562,14.30264544,19922,38,,0.8505338078,3152.61032,639,7128,0
71,0.2,rolling,308,562,16.42700505,1000,2,,0.8807829181,3705.553381,4324,7128,0
71,0.2,static,308,562,14.30264544,19334,38,,0.8505338078,3152.61032,639,7128,1
71,0.2,rolling,308,562,15.77105427,1000,4,,0.8701067616,3535.793594,1804.5,7128,1
71,0.2,static,308,562,14.30264544,18424,38,,0.8505338078,3152.61032,639,7128,3
71,0.2,rolling,308,562,15.70790863,1000,6,,0.8683274021,3521.437722,1686.5,7128,3
71,0.2,static,308,562,14.30264544,16368,38,,0.8505338078,3152.61032,639,7128,7
71,0.2,rolling,308,562,16.38383675,1000,9,,0.8790035587,3690.688612,4248.5,7128,7
71,0.2,static,309,626,14.30264544,20484,39,,0.8322683706,3080.784345,682,7128,0
71,0.2,rolling,309,626,16.96993446,1000,2,,0.9009584665,3993.571885,5718,7128,0
71,0.2,static,309,626,14.30264544,19922,39,,0.8322683706,3080.784345,682,7128,1
71,0.2,rolling,309,626,16.42700505,1000,3,,0.8945686901,3801.579872,4694.5,7128,1
71,0.2,static,309,626,14.30264544,18752,39,,0.8322683706,3080.784345,682,7128,3
71,0.2,rolling,309,626,15.23845124,1000,6,,0.8658146965,3377.268371,1342,7128,3
71,0.2,static,309,626,14.30264544,16984,39,,0.8322683706,3080.784345,682,7128,7
71,0.2,rolling,309,626,15.73335397,1000,9,,0.8801916933,3544.86262,1934,7128,7
71,0.2,static,310,620,14.30264544,21110,40,,0.8725806452,2502.632258,378,7128,0
71,0.2,rolling,310,620,17.21975613,1000,2,,0.9258064516,3554.562903,3195,7128,0
71,0.2,static,310,620,14.30264544,20484,40,,0.8725806452,2502.632258,378,7128,1
71,0.2,rolling,310,620,16.96993446,1000,3,,0.9241935484,3461.817742,1937,7128,1
71,0.2,static,310,620,14.30264544,19334,40,,0.8725806452,2502.632258,378,7128,3
71,0.2,rolling,310,620,15.77105427,1000,6,,0.8967741935,3054.264516,982,7128,3
71,0.2,static,310,620,14.30264544,17554,40,,0.8725806452,2502.632258,378,7128,7
71,0.2,rolling,310,620,16.44021273,1000,9,,0.9129032258,3283.137097,1398,7128,7
71,0.2,static,311,438,14.30264544,21730,41,,0.8493150685,2202.40411,283,7128,0
71,0.2,rolling,311,438,16.25382614,1000,2,,0.901826484,2814.221461,687.5,7128,0
71,0.2,static,311,438,14.30264544,21110,41,,0.8493150685,2202.40411,283,7128,1
71,0.2,rolling,311,438,17.21975613,1000,3,,0.9223744292,3143.554795,1146,7128,1
71,0.2,static,311,438,14.30264544,19922,41,,0.8493150685,2202.40411,283,7128,3
71,0.2,rolling,311,438,16.42700505,1000,5,,0.9063926941,2870.353881,750.5,7128,3
71,0.2,static,311,438,14.30264544,18096,41,,0.8493150685,2202.40411,283,7128,7
71,0.2,rolling,311,438,15.10909152,1000,9,,0.8767123288,2444.013699,409.5,7128,7
71,0.2,static,312,460,14.30264544,22168,42,,0.8326086957,2027.086957,213.5,7128,0
71,0.2,rolling,312,460,16.00248057,1000,2,,0.8804347826,2638.241304,496,7128,0
71,0.2,static,312,460,14.30264544,21730,42,,0.8326086957,2027.086957,213.5,7128,1
71,0.2,rolling,312,460,16.25382614,1000,3,,0.8869565217,2734.513043,564.5,7128,1
71,0.2,static,312,460,14.30264544,20484,42,,0.8326086957,2027.086957,213.5,7128,3
71,0.2,rolling,312,460,16.96993446,1000,5,,0.9043478261,3005.995652,779.5,7128,3
71,0.2,static,312,460,14.30264544,18424,42,,0.8326086957,2027.086957,213.5,7128,7
71,0.2,rolling,312,460,15.70790863,1000,10,,0.8630434783,2529.46087,430,7128,7
71,0.2,static,313,794,14.30264544,22628,43,,0.8362720403,2245.853904,221,7128,0
71,0.2,rolling,313,794,16.60815334,1000,3,,0.8828715365,2997.54534,715,7128,0
71,0.2,static,313,794,14.30264544,22168,43,,0.8362720403,2245.853904,221,7128,1
71,0.2,rolling,313,794,16.00248057,1000,3,,0.8740554156,2803.774559,515,7128,1
71,0.2,static,313,794,14.30264544,21110,43,,0.8362720403,2245.853904,221,7128,3
71,0.2,rolling,313,794,17.21975613,1000,5,,0.8967254408,3191.921914,1083,7128,3
71,0.2,static,313,794,14.30264544,18752,43,,0.8362720403,2245.853904,221,7128,7
71,0.2,rolling,313,794,15.23845124,1000,10,,0.855163728,2561.829975,346.5,7128,7
71,0.2,static,314,678,14.30264544,23422,44,,0.8539823009,2491.952802,320.5,7128,0
71,0.2,rolling,314,678,17.23049641,1000,2,,0.907079646,3501.970501,1916,7128,0
71,0.2,static,314,678,14.30264544,22628,44,,0.8539823009,2491.952802,320.5,7128,1
71,0.2,rolling,314,678,16.60815334,1000,4,,0.901179941,3302.554572,1413.5,7128,1
71,0.2,static,314,678,14.30264544,21730,44,,0.8539823009,2491.952802,320.5,7128,3
71,0.2,rolling,314,678,16.25382614,1000,5,,0.895280236,3192.084071,1137.5,7128,3
71,0.2,static,314,678,14.30264544,19334,44,,0.8539823009,2491.952802,320.5,7128,7
71,0.2,rolling,314,678,15.77105427,1000,10,,0.889380531,3027.676991,775.5,7128,7
71,0.2,static,315,774,14.30264544,24100,45,,0.834625323,2455.985788,377.5,7128,0
71,0.2,rolling,315,774,17.56285584,1000,2,,0.9069767442,3576.009044,3680,7128,0
71,0.2,static,315,774,14.30264544,23422,45,,0.834625323,2455.985788,377.5,7128,1
71,0.2,rolling,315,774,17.23049641,1000,3,,0.9018087855,3476.239018,1879,7128,1
71,0.2,static,315,774,14.30264544,22168,45,,0.834625323,2455.985788,377.5,7128,3
71,0.2,rolling,315,774,16.00248057,1000,5,,0.8759689922,3048.107235,970,7128,3
71,0.2,static,315,774,14.30264544,19922,45,,0.834625323,2455.985788,377.5,7128,7
71,0.2,rolling,315,774,16.42700505,1000,9,,0.8824289406,3210.978036,1233,7128,7
71,0.2,static,316,758,14.30264544,24874,46,,0.8390501319,2541.790237,475,7128,0
71,0.2,rolling,316,758,17.90756035,1000,2,,0.9248021108,3959.319261,5041.5,7128,0
71,0.2,static,316,758,14.30264544,24100,46,,0.8390501319,2541.790237,475,7128,1
71,0.2,rolling,316,758,17.56285584,1000,3,,0.919525066,3816.959103,4502.5,7128,1
71,0.2,static,316,758,14.30264544,22628,46,,0.8390501319,2541.790237,475,7128,3
71,0.2,rolling,316,758,16.60815334,1000,6,,0.8997361478,3438.844327,1686.5,7128,3
71,0.2,static,316,758,14.30264544,20484,46,,0.8390501319,2541.790237,475,7128,7
71,0.2,rolling,316,758,16.96993446,1000,9,,0.9063324538,3564.868074,2259,7128,7
71,0.2,static,317,630,14.30264544,25632,47,,0.8206349206,2117.226984,213.5,7128,0
71,0.2,rolling,317,630,16.79247424,1000,2,,0.880952381,2911.631746,987.5,7128,0
71,0.2,static,317,630,14.30264544,24874,47,,0.8206349206,2117.226984,213.5,7128,1
71,0.2,rolling,317,630,17.90756035,1000,3,,0.8984126984,3344.31746,1957.5,7128,1
71,0.2,static,317,630,14.30264544,23422,47,,0.8206349206,2117.226984,213.5,7128,3
71,0.2,rolling,317,630,17.23049641,1000,5,,0.8873015873,3091.761905,1307.5,7128,3
71,0.2,static,317,630,14.30264544,21110,47,,0.8206349206,2117.226984,213.5,7128,7
71,0.2,rolling,317,630,17.21975613,1000,9,,0.8873015873,3088.504762,1299,7128,7
71,0.2,static,318,342,14.30264544,26262,48,,0.850877193,2222.716374,182,7128,0
71,0.2,rolling,318,342,17.7832098,1000,2,,0.9152046784,3141.295322,920.5,7128,0
71,0.2,static,318,342,14.30264544,25632,48,,0.850877193,2222.716374,182,7128,1
71,0.2,rolling,318,342,16.79247424,1000,3,,0.9152046784,2872.660819,599.5,7128,1
71,0.2,static,318,342,14.30264544,24100,48,,0.850877193,2222.716374,182,7128,3
71,0.2,rolling,318,342,17.56285584,1000,5,,0.9152046784,3092.959064,842.5,7128,3
71,0.2,static,318,342,14.30264544,21730,48,,0.850877193,2222.716374,182,7128,7
71,0.2,rolling,318,342,16.25382614,1000,9,,0.9035087719,2731.362573,453.5,7128,7
71,0.2,static,319,324,14.30264544,26604,49,,0.8611111111,2335.324074,251.5,7128,0
71,0.2,rolling,319,324,17.8725212,1000,3,,0.9475308642,3422.108025,1926,7128,0
71,0.2,static,319,324,14.30264544,26262,49,,0.8611111111,2335.324074,251.5,7128,1
71,0.2,rolling,319,324,17.7832098,1000,3,,0.9475308642,3392.299383,1823,7128,1
71,0.2,static,319,324,14.30264544,24874,49,,0.8611111111,2335.324074,251.5,7128,3
71,0.2,rolling,319,324,17.90756035,1000,5,,0.9475308642,3434.626543,1967,7128,3
71,0.2,static,319,324,14.30264544,22168,49,,0.8611111111,2335.324074,251.5,7128,7
71,0.2,rolling,319,324,16.00248057,1000,9,,0.9135802469,2823.845679,709.5,7128,7
71,0.2,static,320,736,14.30264544,26928,50,,0.8247282609,2890.683424,377,7128,0
71,0.2,rolling,320,736,16.52912712,1000,3,,0.8858695652,3503.684783,1562.5,7128,0
71,0.2,static,320,736,14.30264544,26604,50,,0.8247282609,2890.683424,377,7128,1
71,0.2,rolling,320,736,17.8725212,1000,4,,0.9144021739,3872.585598,5448,7128,1
71,0.2,static,320,736,14.30264544,25632,50,,0.8247282609,2890.683424,377,7128,3
71,0.2,rolling,320,736,16.79247424,1000,5,,0.8899456522,3570.150815,1870.5,7128,3
71,0.2,static,320,736,14.30264544,22628,50,,0.8247282609,2890.683424,377,7128,7
71,0.2,rolling,320,736,16.60815334,1000,10,,0.8872282609,3526.23913,1639.5,7128,7
71,0.2,static,321,680,14.30264544,27664,51,,0.8382352941,2577.557353,364.5,7128,0
71,0.2,rolling,321,680,16.60743546,1000,2,,0.9,3405.210294,1651,7128,0
71,0.2,static,321,680,14.30264544,26928,51,,0.8382352941,2577.557353,364.5,7128,1
71,0.2,rolling,321,680,16.52912712,1000,4,,0.8970588235,3374.936765,1562,7128,1
71,0.2,static,321,680,14.30264544,26262,51,,0.8382352941,2577.557353,364.5,7128,3
71,0.2,rolling,321,680,17.7832098,1000,5,,0.9220588235,3865.444118,5143,7128,3
71,0.2,static,321,680,14.30264544,23422,51,,0.8382352941,2577.557353,364.5,7128,7
71,0.2,rolling,321,680,17.23049641,1000,9,,0.9147058824,3641.375,3907,7128,7
71,0.2,static,322,668,14.30264544,28344,52,,0.8458083832,2835.585329,503.5,7128,0
71,0.2,rolling,322,668,17.05329132,1000,2,,0.8982035928,3730.820359,4356,7128,0
71,0.2,static,322,668,14.30264544,27664,52,,0.8458083832,2835.585329,503.5,7128,1
71,0.2,rolling,322,668,16.60743546,1000,3,,0.8877245509,3592.300898,3474.5,7128,1
71,0.2,static,322,668,14.30264544,26604,52,,0.8458083832,2835.585329,503.5,7128,3
71,0.2,rolling,322,668,17.8725212,1000,6,,0.9191616766,4038.321856,5678.5,7128,3
71,0.2,static,322,668,14.30264544,24100,52,,0.8458083832,2835.585329,503.5,7128,7
71,0.2,rolling,322,668,17.56285584,1000,9,,0.9086826347,3912.568862,5178.5,7128,7
71,0.2,static,323,668,14.30264544,29012,53,,0.8038922156,2541.103293,412,7128,0
71,0.2,rolling,323,668,17.02745724,1000,2,,0.8847305389,3509.276946,1861,7128,0
71,0.2,static,323,668,14.30264544,28344,53,,0.8038922156,2541.103293,412,7128,1
71,0.2,rolling,323,668,17.05329132,1000,3,,0.8847305389,3516.979042,1901,7128,1
71,0.2,static,323,668,14.30264544,26928,53,,0.8038922156,2541.103293,412,7128,3
71,0.2,rolling,323,668,16.52912712,1000,6,,0.8667664671,3325.733533,1430.5,7128,3
71,0.2,static,323,668,14.30264544,24874,53,,0.8038922156,2541.103293,412,7128,7
71,0.2,rolling,323,668,17.90756035,1000,9,,0.9161676647,3871.586826,4524.5,7128,7
71,0.2,static,324,796,14.30264544,29680,54,,0.8040201005,2429.10804,245.5,7128,0
71,0.2,rolling,324,796,17.54497266,1000,2,,0.8844221106,3403.746231,1765.5,7128,0
71,0.2,static,324,796,14.30264544,29012,54,,0.8040201005,2429.10804,245.5,7128,1
71,0.2,rolling,324,796,17.02745724,1000,3,,0.8768844221,3232.483668,1290.5,7128,1
71,0.2,static,324,796,14.30264544,27664,54,,0.8040201005,2429.10804,245.5,7128,3
71,0.2,rolling,324,796,16.60743546,1000,5,,0.8680904523,3121.654523,911.5,7128,3
71,0.2,static,324,796,14.30264544,25632,54,,0.8040201005,2429.10804,245.5,7128,7
71,0.2,rolling,324,796,16.79247424,1000,9,,0.8718592965,3170.669598,1087,7128,7
71,0.2,static,325,398,14.30264544,30476,55,,0.783919598,2534.090452,224.5,7128,0
71,0.2,rolling,325,398,18.00372529,1000,2,,0.8844221106,3492.035176,2136.5,7128,0
71,0.2,static,325,398,14.30264544,29680,55,,0.783919598,2534.090452,224.5,7128,1
71,0.2,rolling,325,398,17.54497266,1000,3,,0.8768844221,3334.241206,1556.5,7128,1
71,0.2,static,325,398,14.30264544,28344,55,,0.783919598,2534.090452,224.5,7128,3
71,0.2,rolling,325,398,17.05329132,1000,5,,0.8693467337,3194.595477,1160,7128,3
71,0.2,static,325,398,14.30264544,26262,55,,0.783919598,2534.090452,224.5,7128,7
71,0.2,rolling,325,398,17.7832098,1000,9,,0.8819095477,3409.638191,1804.5,7128,7
71,0.2,static,326,422,14.30264544,30874,56,,0.7748815166,1817.267773,120,7128,0
71,0.2,rolling,326,422,18.74716687,1000,2,,0.8909952607,2982.492891,659.5,7128,0
71,0.2,static,326,422,14.30264544,30476,56,,0.7748815166,1817.267773,120,7128,1
71,0.2,rolling,326,422,18.00372529,1000,3,,0.8838862559,2778.663507,502,7128,1
71,0.2,static,326,422,14.30264544,29012,56,,0.7748815166,1817.267773,120,7128,3
71,0.2,rolling,326,422,17.02745724,1000,5,,0.8720379147,2533.28673,317.5,7128,3
71,0.2,static,326,422,14.30264544,26604,56,,0.7748815166,1817.267773,120,7128,7
71,0.2,rolling,326,422,17.8725212,1000,10,,0.8838862559,2739.106635,470,7128,7
71,0.2,static,327,738,14.30264544,31296,57,,0.7859078591,2467.604336,296.5,7128,0
71,0.2,rolling,327,738,19.15400887,1000,3,,0.9010840108,3893.542005,5434.5,7128,0
71,0.2,static,327,738,14.30264544,30874,57,,0.7859078591,2467.604336,296.5,7128,1
71,0.2,rolling,327,738,18.74716687,1000,3,,0.8929539295,3783.838753,4822.5,7128,1
71,0.2,static,327,738,14.30264544,29680,57,,0.7859078591,2467.604336,296.5,7128,3
71,0.2,rolling,327,738,17.54497266,1000,5,,0.8780487805,3435.325203,1629.5,7128,3
71,0.2,static,327,738,14.30264544,26928,57,,0.7859078591,2467.604336,296.5,7128,7
71,0.2,rolling,327,738,16.52912712,1000,10,,0.8536585366,3163.151762,860.5,7128,7
71,0.2,static,328,600,14.30264544,32034,58,,0.815,2554.875,323.5,7128,0
71,0.2,rolling,328,600,19.27765083,1000,2,,0.9216666667,4191.076667,6284,7128,0
71,0.2,static,328,600,14.30264544,31296,58,,0.815,2554.875,323.5,7128,1
71,0.2,rolling,328,600,19.15400887,1000,4,,0.9216666667,4149.86,6150,7128,1
71,0.2,static,328,600,14.30264544,30476,58,,0.815,2554.875,323.5,7128,3
71,0.2,rolling,328,600,18.00372529,1000,5,,0.91,3737.723333,4562,7128,3
71,0.2,static,328,600,14.30264544,27664,58,,0.815,2554.875,323.5,7128,7
71,0.2,rolling,328,600,16.60743546,1000,9,,0.875,3268.598333,1125,7128,7
71,0.2,static,329,684,14.30264544,32634,59,,0.798245614,2643.289474,297.5,7128,0
71,0.2,rolling,329,684,18.70444393,1000,2,,0.9152046784,4026.517544,5891.5,7128,0
71,0.2,static,329,684,14.30264544,32034,59,,0.798245614,2643.289474,297.5,7128,1
71,0.2,rolling,329,684,19.27765083,1000,3,,0.9298245614,4195.845029,6450,7128,1
71,0.2,static,329,684,14.30264544,30874,59,,0.798245614,2643.289474,297.5,7128,3
71,0.2,rolling,329,684,18.74716687,1000,5,,0.9152046784,4038.184211,5931.5,7128,3
71,0.2,static,329,684,14.30264544,28344,59,,0.798245614,2643.289474,297.5,7128,7
71,0.2,rolling,329,684,17.05329132,1000,9,,0.8874269006,3493.238304,1660.5,7128,7
71,0.2,static,330,640,14.30264544,33318,60,,0.8328125,2442.228125,306,7128,0
71,0.2,rolling,330,640,17.69585621,1000,2,,0.903125,3581.5375,2083,7128,0
71,0.2,static,330,640,14.30264544,32634,60,,0.8328125,2442.228125,306,7128,1
71,0.2,rolling,330,640,18.70444393,1000,3,,0.921875,3933.745313,5257,7128,1
71,0.2,static,330,640,14.30264544,31296,60,,0.8328125,2442.228125,306,7128,3
71,0.2,rolling,330,640,19.15400887,1000,6,,0.9265625,4109.492188,5801,7128,3
71,0.2,static,330,640,14.30264544,29012,60,,0.8328125,2442.228125,306,7128,7
71,0.2,rolling,330,640,17.02745724,1000,9,,0.89375,3366.8,1333,7128,7
71,0.2,static,331,506,14.30264544,33958,61,,0.847826087,2650.73913,353,7128,0
71,0.2,rolling,331,506,17.60472584,1000,2,,0.8932806324,3791.381423,4961.5,7128,0
71,0.2,static,331,506,14.30264544,33318,61,,0.847826087,2650.73913,353,7128,1
71,0.2,rolling,331,506,17.69585621,1000,3,,0.8932806324,3817.436759,5138.5,7128,1
71,0.2,static,331,506,14.30264544,32034,61,,0.847826087,2650.73913,353,7128,3
71,0.2,rolling,331,506,19.27765083,1000,5,,0.9150197628,4310.893281,6786,7128,3
71,0.2,static,331,506,14.30264544,29680,61,,0.847826087,2650.73913,353,7128,7
71,0.2,rolling,331,506,17.54497266,1000,9,,0.8932806324,3770.007905,4849,7128,7
71,0.2,static,332,318,14.30264544,34464,62,,0.8301886792,2469.971698,245,7128,0
71,0.2,rolling,332,318,17.87313322,1000,2,,0.9088050314,3439.04717,1770.5,7128,0
71,0.2,static,332,318,14.30264544,33958,62,,0.8301886792,2469.971698,245,7128,1
71,0.2,rolling,332,318,17.60472584,1000,3,,0.8962264151,3372.531447,1471,7128,1
71,0.2,static,332,318,14.30264544,32634,62,,0.8301886792,2469.971698,245,7128,3
71,0.2,rolling,332,318,18.70444393,1000,5,,0.9182389937,3713.946541,4316.5,7128,3
71,0.2,static,332,318,14.30264544,30476,62,,0.8301886792,2469.971698,245,7128,7
71,0.2,rolling,332,318,18.00372529,1000,9,,0.9119496855,3484.289308,1936,7128,7
71,0.2,static,333,342,14.30264544,34782,63,,0.8040935673,2460.555556,230,7128,0
71,0.2,rolling,333,342,17.80352426,1000,3,,0.8830409357,3355.643275,1878.5,7128,0
71,0.2,static,333,342,14.30264544,34464,63,,0.8040935673,2460.555556,230,7128,1
71,0.2,rolling,333,342,17.87313322,1000,3,,0.8830409357,3389.429825,1950,7128,1
71,0.2,static,333,342,14.30264544,33318,63,,0.8040935673,2460.555556,230,7128,3
71,0.2,rolling,333,342,17.69585621,1000,5,,0.8830409357,3311.590643,1735,7128,3
71,0.2,static,333,342,14.30264544,30874,63,,0.8040935673,2460.555556,230,7128,7
71,0.2,rolling,333,342,18.74716687,1000,9,,0.9005847953,3699.80117,4597.5,7128,7
71,0.2,static,334,700,14.30264544,35124,64,,0.8314285714,2484.294286,264.5,7128,0
71,0.2,rolling,334,700,17.853248,1000,3,,0.9142857143,3606.132857,4222,7128,0
71,0.2,static,334,700,14.30264544,34782,64,,0.8314285714,2484.294286,264.5,7128,1
71,0.2,rolling,334,700,17.80352426,1000,4,,0.9128571429,3588.962857,4097,7128,1
71,0.2,static,334,700,14.30264544,33958,64,,0.8314285714,2484.294286,264.5,7128,3
71,0.2,rolling,334,700,17.60472584,1000,5,,0.91,3522.151429,3725.5,7128,3
71,0.2,static,334,700,14.30264544,31296,64,,0.8314285714,2484.294286,264.5,7128,7
71,0.2,rolling,334,700,19.15400887,1000,10,,0.9257142857,4011.022857,6017,7128,7
71,0.2,static,335,656,14.30264544,35824,65,,0.8170731707,2427.257622,219,7128,0
71,0.2,rolling,335,656,17.55325001,1000,2,,0.8856707317,3405.222561,1639,7128,0
71,0.2,static,335,656,14.30264544,35124,65,,0.8170731707,2427.257622,219,7128,1
71,0.2,rolling,335,656,17.853248,1000,4,,0.8948170732,3495.542683,2020,7128,1
71,0.2,static,335,656,14.30264544,34464,65,,0.8170731707,2427.257622,219,7128,3
71,0.2,rolling,335,656,17.87313322,1000,5,,0.8948170732,3501.626524,2048,7128,3
71,0.2,static,335,656,14.30264544,32034,65,,0.8170731707,2427.257622,219,7128,7
71,0.2,rolling,335,656,19.27765083,1000,9,,0.9146341463,3896.411585,5626.5,7128,7
71,0.2,static,336,632,14.30264544,36480,66,,0.7689873418,2359.843354,248,7128,0
71,0.2,rolling,336,632,18.32647282,1000,2,,0.8892405063,3616.968354,4083.5,7128,0
71,0.2,static,336,632,14.30264544,35824,66,,0.7689873418,2359.843354,248,7128,1
71,0.2,rolling,336,632,17.55325001,1000,3,,0.8686708861,3359.778481,1717,7128,1
71,0.2,static,336,632,14.30264544,34782,66,,0.7689873418,2359.843354,248,7128,3
71,0.2,rolling,336,632,17.80352426,1000,6,,0.8734177215,3447.091772,1977,7128,3
71,0.2,static,336,632,14.30264544,32634,66,,0.7689873418,2359.843354,248,7128,7
71,0.2,rolling,336,632,18.70444393,1000,9,,0.8987341772,3725.558544,4638,7128,7
71,0.2,static,337,552,14.30264544,37112,67,,0.7989130435,2326.375,207,7128,0
71,0.2,rolling,337,552,18.76257706,1000,2,,0.8949275362,3576.342391,3675.5,7128,0
71,0.2,static,337,552,14.30264544,36480,67,,0.7989130435,2326.375,207,7128,1
71,0.2,rolling,337,552,18.32647282,1000,3,,0.8894927536,3444.210145,1772,7128,1
71,0.2,static,337,552,14.30264544,35124,67,,0.7989130435,2326.375,207,7128,3
71,0.2,rolling,337,552,17.853248,1000,6,,0.8822463768,3309.143116,1357,7128,3
71,0.2,static,337,552,14.30264544,33318,67,,0.7989130435,2326.375,207,7128,7
71,0.2,rolling,337,552,17.69585621,1000,9,,0.8804347826,3271.775362,1259,7128,7
71,0.2,static,338,496,14.30264544,37664,68,,0.7943548387,2360.229839,228.5,7128,0
71,0.2,rolling,338,496,19.2593708,1000,2,,0.8870967742,3838.171371,5171,7128,0
71,0.2,static,338,496,14.30264544,37112,68,,0.7943548387,2360.229839,228.5,7128,1
71,0.2,rolling,338,496,18.76257706,1000,3,,0.8830645161,3701.538306,4519.5,7128,1
71,0.2,static,338,496,14.30264544,35824,68,,0.7943548387,2360.229839,228.5,7128,3
71,0.2,rolling,338,496,17.55325001,1000,5,,0.8709677419,3377.576613,1472,7128,3
71,0.2,static,338,496,14.30264544,33958,68,,0.7943548387,2360.229839,228.5,7128,7
71,0.2,rolling,338,496,17.60472584,1000,9,,0.8709677419,3391.387097,1514.5,7128,7
71,0.2,static,339,328,14.30264544,38160,69,,0.7804878049,1884.478659,141,7128,0
71,0.2,rolling,339,328,19.21305084,1000,2,,0.8963414634,3525.643293,2260,7128,0
71,0.2,static,339,328,14.30264544,37664,69,,0.7804878049,1884.478659,141,7128,1
71,0.2,rolling,339,328,19.2593708,1000,3,,0.8963414634,3544.012195,2346,7128,1
71,0.2,static,339,328,14.30264544,36480,69,,0.7804878049,1884.478659,141,7128,3
71,0.2,rolling,339,328,18.32647282,1000,5,,0.8780487805,3187.371951,1303,7128,3
71,0.2,static,339,328,14.30264544,34464,69,,0.7804878049,1884.478659,141,7128,7
71,0.2,rolling,339,328,17.87313322,1000,9,,0.868902439,2998.47561,1038,7128,7
71,0.2,static,340,328,14.30264544,38488,70,,0.7774390244,2394.621951,189.5,7128,0
71,0.2,rolling,340,328,19.75579071,1000,3,,0.9268292683,3842.381098,4491,7128,0
71,0.2,static,340,328,14.30264544,38160,70,,0.7774390244,2394.621951,189.5,7128,1
71,0.2,rolling,340,328,19.21305084,1000,3,,0.9176829268,3635.329268,2168,7128,1
71,0.2,static,340,328,14.30264544,37112,70,,0.7774390244,2394.621951,189.5,7128,3
71,0.2,rolling,340,328,18.76257706,1000,5,,0.9054878049,3514.695122,1609,7128,3
71,0.2,static,340,328,14.30264544,34782,70,,0.7774390244,2394.621951,189.5,7128,7
71,0.2,rolling,340,328,17.80352426,1000,10,,0.881097561,3251.807927,977,7128,7
71,0.2,static,341,576,14.30264544,38816,71,,0.7986111111,2383.034722,207.5,7128,0
71,0.2,rolling,341,576,19.16477966,1000,3,,0.9097222222,3748.826389,4781.5,7128,0
71,0.2,static,341,576,14.30264544,38488,71,,0.7986111111,2383.034722,207.5,7128,1
71,0.2,rolling,341,576,19.75579071,1000,4,,0.9131944444,3900.229167,5609,7128,1
71,0.2,static,341,576,14.30264544,37664,71,,0.7986111111,2383.034722,207.5,7128,3
71,0.2,rolling,341,576,19.2593708,1000,5,,0.9097222222,3770.508681,4889.5,7128,3
71,0.2,static,341,576,14.30264544,35124,71,,0.7986111111,2383.034722,207.5,7128,7
71,0.2,rolling,341,576,17.853248,1000,10,,0.8940972222,3356.708333,1458.5,7128,7
71,0.2,static,342,636,14.30264544,39392,72,,0.8034591195,2464.355346,214.5,7128,0
71,0.2,rolling,342,636,18.34105349,1000,3,,0.8852201258,3478.949686,1899,7128,0
71,0.2,static,342,636,14.30264544,38816,72,,0.8034591195,2464.355346,214.5,7128,1
71,0.2,rolling,342,636,19.16477966,1000,4,,0.8977987421,3697.58805,4398,7128,1
71,0.2,static,342,636,14.30264544,38160,72,,0.8034591195,2464.355346,214.5,7128,3
71,0.2,rolling,342,636,19.21305084,1000,5,,0.8977987421,3710.144654,4462,7128,3
71,0.2,static,342,636,14.30264544,35824,72,,0.8034591195,2464.355346,214.5,7128,7
71,0.2,rolling,342,636,17.55325001,1000,9,,0.8742138365,3279.16195,1166,7128,7
71,0.2,static,343,642,14.30264544,40028,73,,0.792834891,2739.551402,572.5,7128,0
71,0.2,rolling,343,642,19.45301127,1000,2,,0.8831775701,4310.691589,6936.5,7128,0
71,0.2,static,343,642,14.30264544,39392,73,,0.792834891,2739.551402,572.5,7128,1
71,0.2,rolling,343,642,18.34105349,1000,4,,0.8676012461,4043.548287,6401,7128,1
71,0.2,static,343,642,14.30264544,38488,73,,0.792834891,2739.551402,572.5,7128,3
71,0.2,rolling,343,642,19.75579071,1000,6,,0.8925233645,4396.897196,6996.5,7128,3
71,0.2,static,343,642,14.30264544,36480,73,,0.792834891,2739.551402,572.5,7128,7
71,0.2,rolling,343,642,18.32647282,1000,9,,0.8676012461,4039.370717,6389,7128,7
71,0.2,static,344,650,14.30264544,40670,74,,0.7707692308,2424.301538,168,7128,0
71,0.2,rolling,344,650,20.15240097,1000,2,,0.8815384615,3923.109231,5699,7128,0
71,0.2,static,344,650,14.30264544,40028,74,,0.7707692308,2424.301538,168,7128,1
71,0.2,rolling,344,650,19.45301127,1000,3,,0.8723076923,3725.316923,4516.5,7128,1
71,0.2,static,344,650,14.30264544,38816,74,,0.7707692308,2424.301538,168,7128,3
71,0.2,rolling,344,650,19.16477966,1000,6,,0.8630769231,3645.62,4020,7128,3
71,0.2,static,344,650,14.30264544,37112,74,,0.7707692308,2424.301538,168,7128,7
71,0.2,rolling,344,650,18.76257706,1000,9,,0.8553846154,3529.701538,2041.5,7128,7
71,0.2,static,345,586,14.30264544,41320,75,,0.8344709898,2805.035836,312.5,7128,0
71,0.2,rolling,345,586,20.96667707,1000,2,,0.9215017065,4473.433447,7026,7128,0
71,0.2,static,345,586,14.30264544,40670,75,,0.8344709898,2805.035836,312.5,7128,1
71,0.2,rolling,345,586,20.15240097,1000,3,,0.9180887372,4272.278157,6835.5,7128,1
71,0.2,static,345,586,14.30264544,39392,75,,0.8344709898,2805.035836,312.5,7128,3
71,0.2,rolling,345,586,18.34105349,1000,6,,0.8976109215,3809.559727,5171,7128,3
71,0.2,static,345,586,14.30264544,37664,75,,0.8344709898,2805.035836,312.5,7128,7
71,0.2,rolling,345,586,19.2593708,1000,9,,0.9112627986,4053.849829,6326,7128,7
71,0.2,static,346,224,14.30264544,41906,76,,0.7767857143,1599.522321,96.5,7128,0
71,0.2,rolling,346,224,19.75546265,1000,2,,0.8973214286,2865.34375,774,7128,0
71,0.2,static,346,224,14.30264544,41320,76,,0.7767857143,1599.522321,96.5,7128,1
71,0.2,rolling,346,224,20.96667707,1000,3,,0.9196428571,3237.928571,1497.5,7128,1
71,0.2,static,346,224,14.30264544,40028,76,,0.7767857143,1599.522321,96.5,7128,3
71,0.2,rolling,346,224,19.45301127,1000,5,,0.8928571429,2759.616071,670,7128,3
71,0.2,static,346,224,14.30264544,38160,76,,0.7767857143,1599.522321,96.5,7128,7
71,0.2,rolling,346,224,19.21305084,1000,9,,0.8928571429,2677.334821,589,7128,7
71,0.2,static,347,306,14.30264544,42130,77,,0.7973856209,1891.205882,79,7128,0
71,0.2,rolling,347,306,19.06993484,1000,3,,0.9052287582,2815.447712,482.5,7128,0
71,0.2,static,347,306,14.30264544,41906,77,,0.7973856209,1891.205882,79,7128,1
71,0.2,rolling,347,306,19.75546265,1000,3,,0.9150326797,3003.075163,629.5,7128,1
71,0.2,static,347,306,14.30264544,40670,77,,0.7973856209,1891.205882,79,7128,3
71,0.2,rolling,347,306,20.15240097,1000,5,,0.9150326797,3089.163399,739,7128,3
71,0.2,static,347,306,14.30264544,38488,77,,0.7973856209,1891.205882,79,7128,7
71,0.2,rolling,347,306,19.75579071,1000,10,,0.9150326797,3003.156863,629.5,7128,7
71,0.2,static,348,714,14.30264544,42436,78,,0.8039215686,2288.760504,151,7128,0
71,0.2,rolling,348,714,18.98149848,1000,3,,0.880952381,3437.543417,1649,7128,0
71,0.2,static,348,714,14.30264544,42130,78,,0.8039215686,2288.760504,151,7128,1
71,0.2,rolling,348,714,19.06993484,1000,4,,0.8823529412,3459.295518,1751,7128,1
71,0.2,static,348,714,14.30264544,41320,78,,0.8039215686,2288.760504,151,7128,3
71,0.2,rolling,348,714,20.96667707,1000,5,,0.9159663866,3953.87395,5889,7128,3
71,0.2,static,348,714,14.30264544,38816,78,,0.8039215686,2288.760504,151,7128,7
71,0.2,rolling,348,714,19.16477966,1000,10,,0.8837535014,3484.897759,1825,7128,7
71,0.2,static,349,600,14.30264544,43150,79,,0.7633333333,2153.145,141,7128,0
71,0.2,rolling,349,600,19.88598713,1000,2,,0.8683333333,3555.27,4062,7128,0
71,0.2,static,349,600,14.30264544,42436,79,,0.7633333333,2153.145,141,7128,1
71,0.2,rolling,349,600,18.98149848,1000,4,,0.8516666667,3273.02,1555.5,7128,1
71,0.2,static,349,600,14.30264544,41906,79,,0.7633333333,2153.145,141,7128,3
71,0.2,rolling,349,600,19.75546265,1000,5,,0.8633333333,3520.41,3823.5,7128,3
71,0.2,static,349,600,14.30264544,39392,79,,0.7633333333,2153.145,141,7128,7
71,0.2,rolling,349,600,18.34105349,1000,10,,0.8416666667,3092.41,1039,7128,7
71,0.2,static,350,656,14.30264544,43750,80,,0.7591463415,1865.242378,105,7128,0
71,0.2,rolling,350,656,21.54145956,1000,2,,0.9100609756,3552.771341,3025.5,7128,0
71,0.2,static,350,656,14.30264544,43150,80,,0.7591463415,1865.242378,105,7128,1
71,0.2,rolling,350,656,19.88598713,1000,3,,0.875,3087.568598,921,7128,1
71,0.2,static,350,656,14.30264544,42130,80,,0.7591463415,1865.242378,105,7128,3
71,0.2,rolling,350,656,19.06993484,1000,6,,0.8551829268,2915.266768,636,7128,3
71,0.2,static,350,656,14.30264544,40028,80,,0.7591463415,1865.242378,105,7128,7
71,0.2,rolling,350,656,19.45301127,1000,9,,0.862804878,2990.782012,759.5,7128,7
71,0.2,static,351,522,14.30264544,44406,81,,0.7528735632,1895.538314,103,7128,0
71,0.2,rolling,351,522,21.3503561,1000,2,,0.8946360153,3509.574713,1885,7128,0
71,0.2,static,351,522,14.30264544,43750,81,,0.7528735632,1895.538314,103,7128,1
71,0.2,rolling,351,522,21.54145956,1000,3,,0.8946360153,3559.509579,2171,7128,1
71,0.2,static,351,522,14.30264544,42436,81,,0.7528735632,1895.538314,103,7128,3
71,0.2,rolling,351,522,18.98149848,1000,6,,0.846743295,2971.542146,592.5,7128,3
71,0.2,static,351,522,14.30264544,40670,81,,0.7528735632,1895.538314,103,7128,7
71,0.2,rolling,351,522,20.15240097,1000,9,,0.8850574713,3226.245211,1040.5,7128,7
71,0.2,static,352,462,14.30264544,44928,82,,0.7121212121,1918.627706,112.5,7128,0
71,0.2,rolling,352,462,21.41287869,1000,2,,0.9090909091,3679.593074,4236.5,7128,0
71,0.2,static,352,462,14.30264544,44406,82,,0.7121212121,1918.627706,112.5,7128,1
71,0.2,rolling,352,462,21.3503561,1000,3,,0.9090909091,3663.422078,4129.5,7128,1
71,0.2,static,352,462,14.30264544,43150,82,,0.7121212121,1918.627706,112.5,7128,3
71,0.2,rolling,352,462,19.88598713,1000,5,,0.8896103896,3276.064935,1205,7128,3
71,0.2,static,352,462,14.30264544,41320,82,,0.7121212121,1918.627706,112.5,7128,7
71,0.2,rolling,352,462,20.96667707,1000,9,,0.9069264069,3553.997835,2675.5,7128,7
71,0.2,static,353,242,14.30264544,45390,83,,0.7024793388,1701.524793,99,7128,0
71,0.2,rolling,353,242,21.61617279,1000,3,,0.8925619835,3657.495868,4208.5,7128,0
71,0.2,static,353,242,14.30264544,44928,83,,0.7024793388,1701.524793,99,7128,1
71,0.2,rolling,353,242,21.41287869,1000,3,,0.8884297521,3612.5,3914.5,7128,1
71,0.2,static,353,242,14.30264544,43750,83,,0.7024793388,1701.524793,99,7128,3
71,0.2,rolling,353,242,21.54145956,1000,5,,0.8884297521,3635.355372,4104.5,7128,3
71,0.2,static,353,242,14.30264544,41906,83,,0.7024793388,1701.524793,99,7128,7
71,0.2,rolling,353,242,19.75546265,1000,9,,0.8636363636,3231.570248,956,7128,7
71,0.2,static,354,238,14.30264544,45632,84,,0.7352941176,2146.638655,132,7128,0
71,0.2,rolling,354,238,21.27557373,1000,3,,0.8655462185,3878.205882,5203,7128,0
71,0.2,static,354,238,14.30264544,45390,84,,0.7352941176,2146.638655,132,7128,1
71,0.2,rolling,354,238,21.61617279,1000,4,,0.8697478992,3961.701681,5693.5,7128,1
71,0.2,static,354,238,14.30264544,44406,84,,0.7352941176,2146.638655,132,7128,3
71,0.2,rolling,354,238,21.3503561,1000,5,,0.8655462185,3901.773109,5289,7128,3
71,0.2,static,354,238,14.30264544,42130,84,,0.7352941176,2146.638655,132,7128,7
71,0.2,rolling,354,238,19.06993484,1000,10,,0.8319327731,3329.915966,1309,7128,7
71,0.2,static,355,578,14.30264544,45870,85,,0.7024221453,2201.638408,123,7128,0
71,0.2,rolling,355,578,22.16626815,1000,4,,0.8875432526,4139.567474,6577,7128,0
71,0.2,static,355,578,14.30264544,45632,85,,0.7024221453,2201.638408,123,7128,1
71,0.2,rolling,355,578,21.27557373,1000,4,,0.8702422145,3948.605536,5835,7128,1
71,0.2,static,355,578,14.30264544,44928,85,,0.7024221453,2201.638408,123,7128,3
71,0.2,rolling,355,578,21.41287869,1000,5,,0.8719723183,3980.584775,5923,7128,3
71,0.2,static,355,578,14.30264544,42436,85,,0.7024221453,2201.638408,123,7128,7
71,0.2,rolling,355,578,18.98149848,1000,10,,0.8148788927,3352.99481,1178.5,7128,7
71,0.2,static,356,548,14.30264544,46448,86,,0.7281021898,2236.215328,114,7128,0
71,0.2,rolling,356,548,22.67752635,1000,3,,0.897810219,4071.970803,6418,7128,0
71,0.2,static,356,548,14.30264544,45870,86,,0.7281021898,2236.215328,114,7128,1
71,0.2,rolling,356,548,22.16626815,1000,5,,0.8923357664,3960.733577,5961.5,7128,1
71,0.2,static,356,548,14.30264544,45390,86,,0.7281021898,2236.215328,114,7128,3
71,0.2,rolling,356,548,21.61617279,1000,6,,0.8759124088,3847.937956,5352,7128,3
71,0.2,static,356,548,14.30264544,43150,86,,0.7281021898,2236.215328,114,7128,7
71,0.2,rolling,356,548,19.88598713,1000,9,,0.8448905109,3471.474453,1527.5,7128,7
71,0.2,static,357,406,14.30264544,46996,87,,0.7389162562,1532.899015,94,7128,0
71,0.2,rolling,357,406,23.01233864,1000,2,,0.9261083744,3911.894089,5627.5,7128,0
71,0.2,static,357,406,14.30264544,46448,87,,0.7389162562,1532.899015,94,7128,1
71,0.2,rolling,357,406,22.67752635,1000,4,,0.9236453202,3827.866995,5229,7128,1
71,0.2,static,357,406,14.30264544,45632,87,,0.7389162562,1532.899015,94,7128,3
71,0.2,rolling,357,406,21.27557373,1000,6,,0.9113300493,3388.871921,1917,7128,3
71,0.2,static,357,406,14.30264544,43750,87,,0.7389162562,1532.899015,94,7128,7
71,0.2,rolling,357,406,21.54145956,1000,9,,0.9187192118,3501.726601,3711,7128,7
71,0.2,static,358,300,14.30264544,47402,88,,0.7766666667,1479.466667,75.5,7128,0
71,0.2,rolling,358,300,22.09880733,1000,3,,0.9066666667,3311.583333,1241,7128,0
71,0.2,static,358,300,14.30264544,46996,88,,0.7766666667,1479.466667,75.5,7128,1
71,0.2,rolling,358,300,23.01233864,1000,3,,0.92,3522.96,1921.5,7128,1
71,0.2,static,358,300,14.30264544,45870,88,,0.7766666667,1479.466667,75.5,7128,3
71,0.2,rolling,358,300,22.16626815,1000,7,,0.9066666667,3328.313333,1278,7128,3
71,0.2,static,358,300,14.30264544,44406,88,,0.7766666667,1479.466667,75.5,7128,7
71,0.2,rolling,358,300,21.3503561,1000,9,,0.9033333333,3150.99,923.5,7128,7
71,0.2,static,359,330,14.30264544,47702,89,,0.8242424242,2513.072727,257.5,7128,0
71,0.2,rolling,359,330,21.74690629,1000,3,,0.9484848485,4473.778788,7082,7128,0
71,0.2,static,359,330,14.30264544,47402,89,,0.8242424242,2513.072727,257.5,7128,1
71,0.2,rolling,359,330,22.09880733,1000,4,,0.9484848485,4537.257576,7097,7128,1
71,0.2,static,359,330,14.30264544,46448,89,,0.8242424242,2513.072727,257.5,7128,3
71,0.2,rolling,359,330,22.67752635,1000,6,,0.9515151515,4639.387879,7115.5,7128,3
71,0.2,static,359,330,14.30264544,44928,89,,0.8242424242,2513.072727,257.5,7128,7
71,0.2,rolling,359,330,21.41287869,1000,9,,0.9484848485,4405.515152,7049,7128,7
71,0.2,static,360,228,14.30264544,48032,90,,0.7587719298,1654.451754,76,7128,0
71,0.2,rolling,360,228,20.07378876,1000,3,,0.899122807,3040.583333,566.5,7128,0
71,0.2,static,360,228,14.30264544,47702,90,,0.7587719298,1654.451754,76,7128,1
71,0.2,rolling,360,228,21.74690629,1000,4,,0.9210526316,3403.903509,1893.5,7128,1
71,0.2,static,360,228,14.30264544,46996,90,,0.7587719298,1654.451754,76,7128,3
71,0.2,rolling,360,228,23.01233864,1000,5,,0.9342105263,3746.109649,4790,7128,3
71,0.2,static,360,228,14.30264544,45390,90,,0.7587719298,1654.451754,76,7128,7
71,0.2,rolling,360,228,21.61617279,1000,10,,0.9210526316,3365.377193,1738.5,7128,7
71,0.2,static,361,246,14.30264544,48260,91,,0.7886178862,1643.54065,47.5,7128,0
71,0.2,rolling,361,246,20.34263029,1000,4,,0.8861788618,2839.658537,588,7128,0
71,0.2,static,361,246,14.30264544,48032,91,,0.7886178862,1643.54065,47.5,7128,1
71,0.2,rolling,361,246,20.07378876,1000,4,,0.8821138211,2784.853659,502.5,7128,1
71,0.2,static,361,246,14.30264544,47402,91,,0.7886178862,1643.54065,47.5,7128,3
71,0.2,rolling,361,246,22.09880733,1000,6,,0.9024390244,3250.117886,1446.5,7128,3
71,0.2,static,361,246,14.30264544,45632,91,,0.7886178862,1643.54065,47.5,7128,7
71,0.2,rolling,361,246,21.27557373,1000,10,,0.8943089431,3035.695122,996,7128,7
71,0.2,static,362,620,14.30264544,48506,92,,0.7516129032,1589.922581,66,7128,0
71,0.2,rolling,362,620,19.30045795,1000,4,,0.8435483871,2548.598387,322,7128,0
71,0.2,static,362,620,14.30264544,48260,92,,0.7516129032,1589.922581,66,7128,1
71,0.2,rolling,362,620,20.34263029,1000,5,,0.8564516129,2867.01129,479.5,7128,1
71,0.2,static,362,620,14.30264544,47702,92,,0.7516129032,1589.922581,66,7128,3
71,0.2,rolling,362,620,21.74690629,1000,6,,0.885483871,3242.140323,1078,7128,3
71,0.2,static,362,620,14.30264544,45870,92,,0.7516129032,1589.922581,66,7128,7
71,0.2,rolling,362,620,22.16626815,1000,11,,0.8919354839,3359.845161,1331,7128,7
71,0.2,static,363,386,14.30264544,49126,93,,0.7953367876,1815.935233,66.5,7128,0
71,0.2,rolling,363,386,22.40926552,1000,3,,0.9274611399,3471.92487,2242.5,7128,0
71,0.2,static,363,386,14.30264544,48506,93,,0.7953367876,1815.935233,66.5,7128,1
71,0.2,rolling,363,386,19.30045795,1000,5,,0.8860103627,2762.419689,364.5,7128,1
71,0.2,static,363,386,14.30264544,48032,93,,0.7953367876,1815.935233,66.5,7128,3
71,0.2,rolling,363,386,20.07378876,1000,6,,0.896373057,2909.632124,532,7128,3
71,0.2,static,363,386,14.30264544,46448,93,,0.7953367876,1815.935233,66.5,7128,7
71,0.2,rolling,363,386,22.67752635,1000,10,,0.9300518135,3546.365285,3646.5,7128,7
71,0.2,static,364,354,14.30264544,49512,94,,0.7627118644,1601.514124,62.5,7128,0
71,0.2,rolling,364,354,21.77240562,1000,2,,0.895480226,3334.338983,1634.5,7128,0
71,0.2,static,364,354,14.30264544,49126,94,,0.7627118644,1601.514124,62.5,7128,1
71,0.2,rolling,364,354,22.40926552,1000,4,,0.9096045198,3522.861582,2381.5,7128,1
71,0.2,static,364,354,14.30264544,48260,94,,0.7627118644,1601.514124,62.5,7128,3
71,0.2,rolling,364,354,20.34263029,1000,7,,0.8728813559,2963.672316,692.5,7128,3
71,0.2,static,364,354,14.30264544,46996,94,,0.7627118644,1601.514124,62.5,7128,7
71,0.2,rolling,364,354,23.01233864,1000,9,,0.918079096,3711.172316,4370,7128,7
71,0.3,static,292,730,14.28608608,11270,22,,0.8780821918,3513.246575,1910,7128,0
71,0.3,rolling,292,730,14.78836346,1000,3,,0.8863013699,3700.3,4230,7128,0
71,0.3,static,292,730,14.28608608,11270,22,,0.8780821918,3513.246575,1910,7128,1
71,0.3,rolling,292,730,14.78836346,1000,3,,0.8863013699,3700.3,4230,7128,1
71,0.3,static,292,730,14.28608608,11270,22,,0.8780821918,3513.246575,1910,7128,3
71,0.3,rolling,292,730,14.78836346,1000,3,,0.8863013699,3700.3,4230,7128,3
71,0.3,static,292,730,14.28608608,11270,22,,0.8780821918,3513.246575,1910,7128,7
71,0.3,rolling,292,730,14.78836346,1000,3,,0.8863013699,3700.3,4230,7128,7
71,0.3,static,293,658,14.28608608,12000,23,,0.9072948328,3658.917933,4072.5,7128,0
71,0.3,rolling,293,658,15.04312515,1000,2,,0.9270516717,3935.430091,5579.5,7128,0
71,0.3,static,293,658,14.28608608,11270,23,,0.9072948328,3658.917933,4072.5,7128,1
71,0.3,rolling,293,658,14.78836346,1000,4,,0.9255319149,3846.016717,5111,7128,1
71,0.3,static,293,658,14.28608608,11270,23,,0.9072948328,3658.917933,4072.5,7128,3
71,0.3,rolling,293,658,14.78836346,1000,4,,0.9255319149,3846.016717,5111,7128,3
71,0.3,static,293,658,14.28608608,11270,23,,0.9072948328,3658.917933,4072.5,7128,7
71,0.3,rolling,293,658,14.78836346,1000,4,,0.9255319149,3846.016717,5111,7128,7
71,0.3,static,294,618,14.28608608,12658,24,,0.8640776699,3362.878641,1347.5,7128,0
71,0.3,rolling,294,618,14.7732088,1000,2,,0.8754045307,3543.788026,2068,7128,0
71,0.3,static,294,618,14.28608608,12000,24,,0.8640776699,3362.878641,1347.5,7128,1
71,0.3,rolling,294,618,15.04312515,1000,3,,0.8802588997,3647.36246,4156,7128,1
71,0.3,static,294,618,14.28608608,11270,24,,0.8640776699,3362.878641,1347.5,7128,3
71,0.3,rolling,294,618,14.78836346,1000,5,,0.8754045307,3548.911003,2121,7128,3
71,0.3,static,294,618,14.28608608,11270,24,,0.8640776699,3362.878641,1347.5,7128,7
71,0.3,rolling,294,618,14.78836346,1000,5,,0.8754045307,3548.911003,2121,7128,7
71,0.3,static,295,666,14.28608608,13276,25,,0.8663663664,3427.246246,1979,7128,0
71,0.3,rolling,295,666,15.52124856,1000,2,,0.9024024024,3921.884384,5574.5,7128,0
71,0.3,static,295,666,14.28608608,12658,25,,0.8663663664,3427.246246,1979,7128,1
71,0.3,rolling,295,666,14.7732088,1000,3,,0.8768768769,3639.451952,4220,7128,1
71,0.3,static,295,666,14.28608608,11270,25,,0.8663663664,3427.246246,1979,7128,3
71,0.3,rolling,295,666,14.78836346,1000,6,,0.8783783784,3645.37988,4248,7128,3
71,0.3,static,295,666,14.28608608,11270,25,,0.8663663664,3427.246246,1979,7128,7
71,0.3,rolling,295,666,14.78836346,1000,6,,0.8783783784,3645.37988,4248,7128,7
71,0.3,static,296,516,14.28608608,13942,26,,0.8604651163,3421.825581,1921,7128,0
71,0.3,rolling,296,516,15.73587751,1000,2,,0.8798449612,3882.096899,5766,7128,0
71,0.3,static,296,516,14.28608608,13276,26,,0.8604651163,3421.825581,1921,7128,1
71,0.3,rolling,296,516,15.52124856,1000,3,,0.8779069767,3824.089147,5486,7128,1
71,0.3,static,296,516,14.28608608,12000,26,,0.8604651163,3421.825581,1921,7128,3
71,0.3,rolling,296,516,15.04312515,1000,5,,0.8740310078,3681.001938,4550.5,7128,3
71,0.3,static,296,516,14.28608608,11270,26,,0.8604651163,3421.825581,1921,7128,7
71,0.3,rolling,296,516,14.78836346,1000,7,,0.8682170543,3591.943798,4045,7128,7
71,0.3,static,297,292,14.28608608,14458,27,,0.8287671233,2801.739726,507.5,7128,0
71,0.3,rolling,297,292,16.08654952,1000,2,,0.8630136986,3389.325342,1745,7128,0
71,0.3,static,297,292,14.28608608,13942,27,,0.8287671233,2801.739726,507.5,7128,1
71,0.3,rolling,297,292,15.73587751,1000,3,,0.8595890411,3262.222603,1351,7128,1
71,0.3,static,297,292,14.28608608,12658,27,,0.8287671233,2801.739726,507.5,7128,3
71,0.3,rolling,297,292,14.7732088,1000,5,,0.8390410959,2944.414384,677,7128,3
71,0.3,static,297,292,14.28608608,11270,27,,0.8287671233,2801.739726,507.5,7128,7
71,0.3,rolling,297,292,14.78836346,1000,8,,0.8390410959,2948.386986,680.5,7128,7
71,0.3,static,298,252,14.28608608,14750,28,,0.8492063492,2819.599206,577,7128,0
71,0.3,rolling,298,252,16.89657193,1000,3,,0.9246031746,3888.75,5337,7128,0
71,0.3,static,298,252,14.28608608,14458,28,,0.8492063492,2819.599206,577,7128,1
71,0.3,rolling,298,252,16.08654952,1000,3,,0.9087301587,3559.384921,2193.5,7128,1
71,0.3,static,298,252,14.28608608,13276,28,,0.8492063492,2819.599206,577,7128,3
71,0.3,rolling,298,252,15.52124856,1000,5,,0.8968253968,3316.59127,1436.5,7128,3
71,0.3,static,298,252,14.28608608,11270,28,,0.8492063492,2819.599206,577,7128,7
71,0.3,rolling,298,252,14.78836346,1000,9,,0.8650793651,3014.579365,847,7128,7
71,0.3,static,299,702,14.28608608,15002,29,,0.8675213675,3278.819088,1110.5,7128,0
71,0.3,rolling,299,702,16.58289242,1000,3,,0.9045584046,4027.764957,6278.5,7128,0
71,0.3,static,299,702,14.28608608,14750,29,,0.8675213675,3278.819088,1110.5,7128,1
71,0.3,rolling,299,702,16.89657193,1000,4,,0.9102564103,4115.992877,6524.5,7128,1
71,0.3,static,299,702,14.28608608,13942,29,,0.8675213675,3278.819088,1110.5,7128,3
71,0.3,rolling,299,702,15.73587751,1000,5,,0.896011396,3754.594017,5057.5,7128,3
71,0.3,static,299,702,14.28608608,11270,29,,0.8675213675,3278.819088,1110.5,7128,7
71,0.3,rolling,299,702,14.78836346,1000,10,,0.8760683761,3449.005698,1791.5,7128,7
71,0.3,static,300,664,14.28608608,15704,30,,0.8689759036,3296.195783,1300,7128,0
71,0.3,rolling,300,664,16.01226616,1000,3,,0.9021084337,3943.527108,5856.5,7128,0
71,0.3,static,300,664,14.28608608,15002,30,,0.8689759036,3296.195783,1300,7128,1
71,0.3,rolling,300,664,16.58289242,1000,4,,0.9081325301,4134.579819,6491,7128,1
71,0.3,static,300,664,14.28608608,14458,30,,0.8689759036,3296.195783,1300,7128,3
71,0.3,rolling,300,664,16.08654952,1000,5,,0.9036144578,3973.35994,5983,7128,3
71,0.3,static,300,664,14.28608608,12000,30,,0.8689759036,3296.195783,1300,7128,7
71,0.3,rolling,300,664,15.04312515,1000,9,,0.8780120482,3605.671687,3863,7128,7
71,0.3,static,301,616,14.28608608,16368,31,,0.8912337662,3652.806818,4405,7128,0
71,0.3,rolling,301,616,16.65197468,1000,2,,0.9285714286,4345.058442,6989.5,7128,0
71,0.3,static,301,616,14.28608608,15704,31,,0.8912337662,3652.806818,4405,7128,1
71,0.3,rolling,301,616,16.01226616,1000,4,,0.9123376623,4165.952922,6742.5,7128,1
71,0.3,static,301,616,14.28608608,14750,31,,0.8912337662,3652.806818,4405,7128,3
71,0.3,rolling,301,616,16.89657193,1000,6,,0.9318181818,4408.931818,7036,7128,3
71,0.3,static,301,616,14.28608608,12658,31,,0.8912337662,3652.806818,4405,7128,7
71,0.3,rolling,301,616,14.7732088,1000,9,,0.8961038961,3820.733766,5411,7128,7
71,0.3,static,302,570,14.28608608,16984,32,,0.8614035088,3059.382456,885,7128,0
71,0.3,rolling,302,570,15.65586424,1000,2,,0.8754385965,3541.477193,3791.5,7128,0
71,0.3,static,302,570,14.28608608,16368,32,,0.8614035088,3059.382456,885,7128,1
71,0.3,rolling,302,570,16.65197468,1000,3,,0.8877192982,3824.761404,5612.5,7128,1
71,0.3,static,302,570,14.28608608,15002,32,,0.8614035088,3059.382456,885,7128,3
71,0.3,rolling,302,570,16.58289242,1000,6,,0.8877192982,3807.254386,5540.5,7128,3
71,0.3,static,302,570,14.28608608,13276,32,,0.8614035088,3059.382456,885,7128,7
71,0.3,rolling,302,570,15.52124856,1000,9,,0.8754385965,3492.017544,2166.5,7128,7
71,0.3,static,303,542,14.28608608,17554,33,,0.8726937269,3284.166052,1213.5,7128,0
71,0.3,rolling,303,542,16.51462317,1000,2,,0.9077490775,3937.892989,5797,7128,0
71,0.3,static,303,542,14.28608608,16984,33,,0.8726937269,3284.166052,1213.5,7128,1
71,0.3,rolling,303,542,15.65586424,1000,3,,0.8911439114,3704.669742,4317,7128,1
71,0.3,static,303,542,14.28608608,15704,33,,0.8726937269,3284.166052,1213.5,7128,3
71,0.3,rolling,303,542,16.01226616,1000,6,,0.9022140221,3808.324723,4872,7128,3
71,0.3,static,303,542,14.28608608,13942,33,,0.8726937269,3284.166052,1213.5,7128,7
71,0.3,rolling,303,542,15.73587751,1000,9,,0.8948339483,3723.341328,4440,7128,7
71,0.3,static,304,328,14.28608608,18096,34,,0.8292682927,3006.280488,737,7128,0
71,0.3,rolling,304,328,15.88280201,1000,2,,0.8841463415,3485.140244,2077.5,7128,0
71,0.3,static,304,328,14.28608608,17554,34,,0.8292682927,3006.280488,737,7128,1
71,0.3,rolling,304,328,16.51462317,1000,3,,0.8932926829,3702.801829,4590,7128,1
71,0.3,static,304,328,14.28608608,16368,34,,0.8292682927,3006.280488,737,7128,3
71,0.3,rolling,304,328,16.65197468,1000,5,,0.8932926829,3734.722561,4878,7128,3
71,0.3,static,304,328,14.28608608,14458,34,,0.8292682927,3006.280488,737,7128,7
71,0.3,rolling,304,328,16.08654952,1000,9,,0.887195122,3565.32622,3859.5,7128,7
71,0.3,static,305,328,14.28608608,18424,35,,0.875,2781.356707,699,7128,0
71,0.3,rolling,305,328,16.67349339,1000,3,,0.9359756098,3672.185976,4269,7128,0
71,0.3,static,305,328,14.28608608,18096,35,,0.875,2781.356707,699,7128,1
71,0.3,rolling,305,328,15.88280201,1000,3,,0.9298780488,3393.10061,1897.5,7128,1
71,0.3,static,305,328,14.28608608,16984,35,,0.875,2781.356707,699,7128,3
71,0.3,rolling,305,328,15.65586424,1000,5,,0.9298780488,3320.875,1655,7128,3
71,0.3,static,305,328,14.28608608,14750,35,,0.875,2781.356707,699,7128,7
71,0.3,rolling,305,328,16.89657193,1000,10,,0.9359756098,3740.82622,4563.5,7128,7
71,0.3,static,306,582,14.28608608,18752,36,,0.8487972509,3115.274914,666,7128,0
71,0.3,rolling,306,582,15.76959801,1000,3,,0.8848797251,3528.0189,1773.5,7128,0
71,0.3,static,306,582,14.28608608,18424,36,,0.8487972509,3115.274914,666,7128,1
71,0.3,rolling,306,582,16.67349339,1000,4,,0.8986254296,3757.701031,4938,7128,1
71,0.3,static,306,582,14.28608608,17554,36,,0.8487972509,3115.274914,666,7128,3
71,0.3,rolling,306,582,16.51462317,1000,5,,0.8951890034,3724.445017,4563.5,7128,3
71,0.3,static,306,582,14.28608608,15002,36,,0.8487972509,3115.274914,666,7128,7
71,0.3,rolling,306,582,16.58289242,1000,10,,0.8951890034,3739.379725,4751.5,7128,7
71,0.3,static,307,588,14.28608608,19334,37,,0.8384353741,3164.653061,959,7128,0
71,0.3,rolling,307,588,16.06087685,1000,3,,0.8894557823,3788.965986,4992,7128,0
71,0.3,static,307,588,14.28608608,18752,37,,0.8384353741,3164.653061,959,7128,1
71,0.3,rolling,307,588,15.76959801,1000,4,,0.8775510204,3689.426871,4351.5,7128,1
71,0.3,static,307,588,14.28608608,18096,37,,0.8384353741,3164.653061,959,7128,3
71,0.3,rolling,307,588,15.88280201,1000,5,,0.8843537415,3733.357143,4611.5,7128,3
71,0.3,static,307,588,14.28608608,15704,37,,0.8384353741,3164.653061,959,7128,7
71,0.3,rolling,307,588,16.01226616,1000,10,,0.887755102,3771.197279,4903,7128,7
71,0.3,static,308,562,14.28608608,19922,38,,0.8434163701,3229.846975,802,7128,0
71,0.3,rolling,308,562,16.86469719,1000,2,,0.9003558719,3925.927046,5685.5,7128,0
71,0.3,static,308,562,14.28608608,19334,38,,0.8434163701,3229.846975,802,7128,1
71,0.3,rolling,308,562,16.06087685,1000,4,,0.884341637,3685.921708,4371,7128,1
71,0.3,static,308,562,14.28608608,18424,38,,0.8434163701,3229.846975,802,7128,3
71,0.3,rolling,308,562,16.67349339,1000,6,,0.9003558719,3870.964413,5380.5,7128,3
71,0.3,static,308,562,14.28608608,16368,38,,0.8434163701,3229.846975,802,7128,7
71,0.3,rolling,308,562,16.65197468,1000,9,,0.9003558719,3864.880783,5351.5,7128,7
71,0.3,static,309,626,14.28608608,20484,39,,0.8450479233,3284.317891,1311.5,7128,0
71,0.3,rolling,309,626,16.86469719,1000,2,,0.8961661342,4155.464856,6549,7128,0
71,0.3,static,309,626,14.28608608,19922,39,,0.8450479233,3284.317891,1311.5,7128,1
71,0.3,rolling,309,626,16.86469719,1000,3,,0.8961661342,4155.464856,6549,7128,1
71,0.3,static,309,626,14.28608608,18752,39,,0.8450479233,3284.317891,1311.5,7128,3
71,0.3,rolling,309,626,15.76959801,1000,6,,0.8801916933,3804.872204,4954,7128,3
71,0.3,static,309,626,14.28608608,16984,39,,0.8450479233,3284.317891,1311.5,7128,7
71,0.3,rolling,309,626,15.65586424,1000,9,,0.8801916933,3762.618211,4685,7128,7
71,0.3,static,310,620,14.28608608,21110,40,,0.8677419355,2655.975806,443,7128,0
71,0.3,rolling,310,620,17.08527088,1000,2,,0.9306451613,3680.243548,4557.5,7128,0
71,0.3,static,310,620,14.28608608,20484,40,,0.8677419355,2655.975806,443,7128,1
71,0.3,rolling,310,620,16.86469719,1000,3,,0.9258064516,3616.183871,4186.5,7128,1
71,0.3,static,310,620,14.28608608,19334,40,,0.8677419355,2655.975806,443,7128,3
71,0.3,rolling,310,620,16.06087685,1000,6,,0.9112903226,3339.285484,1580,7128,3
71,0.3,static,310,620,14.28608608,17554,40,,0.8677419355,2655.975806,443,7128,7
71,0.3,rolling,310,620,16.51462317,1000,9,,0.9225806452,3494.020968,2245,7128,7
71,0.3,static,311,438,14.28608608,21730,41,,0.8584474886,2327.089041,216.5,7128,0
71,0.3,rolling,311,438,16.23939705,1000,2,,0.904109589,2963.239726,605,7128,0
71,0.3,static,311,438,14.28608608,21110,41,,0.8584474886,2327.089041,216.5,7128,1
71,0.3,rolling,311,438,17.08527088,1000,3,,0.9132420091,3220.710046,986,7128,1
71,0.3,static,311,438,14.28608608,19922,41,,0.8584474886,2327.089041,216.5,7128,3
71,0.3,rolling,311,438,16.86469719,1000,5,,0.9132420091,3149.093607,831,7128,3
71,0.3,static,311,438,14.28608608,18096,41,,0.8584474886,2327.089041,216.5,7128,7
71,0.3,rolling,311,438,15.88280201,1000,9,,0.8949771689,2857.6621,485,7128,7
71,0.3,static,312,460,14.28608608,22168,42,,0.8413043478,2125.406522,207,7128,0
71,0.3,rolling,312,460,15.75804043,1000,2,,0.8760869565,2689.445652,423,7128,0
71,0.3,static,312,460,14.28608608,21730,42,,0.8413043478,2125.406522,207,7128,1
71,0.3,rolling,312,460,16.23939705,1000,3,,0.8869565217,2858.508696,548,7128,1
71,0.3,static,312,460,14.28608608,20484,42,,0.8413043478,2125.406522,207,7128,3
71,0.3,rolling,312,460,16.86469719,1000,5,,0.8956521739,3087.347826,743,7128,3
71,0.3,static,312,460,14.28608608,18424,42,,0.8413043478,2125.406522,207,7128,7
71,0.3,rolling,312,460,16.67349339,1000,10,,0.8891304348,3005.823913,672,7128,7
71,0.3,static,313,794,14.28608608,22628,43,,0.8324937028,2336.395466,214.5,7128,0
71,0.3,rolling,313,794,16.67599583,1000,3,,0.8942065491,3115.676322,710.5,7128,0
71,0.3,static,313,794,14.28608608,22168,43,,0.8324937028,2336.395466,214.5,7128,1
71,0.3,rolling,313,794,15.75804043,1000,3,,0.8753148615,2843.180101,404,7128,1
71,0.3,static,313,794,14.28608608,21110,43,,0.8324937028,2336.395466,214.5,7128,3
71,0.3,rolling,313,794,17.08527088,1000,5,,0.9042821159,3235.556675,890.5,7128,3
71,0.3,static,313,794,14.28608608,18752,43,,0.8324937028,2336.395466,214.5,7128,7
71,0.3,rolling,313,794,15.76959801,1000,10,,0.8753148615,2846.676322,409,7128,7
71,0.3,static,314,678,14.28608608,23422,44,,0.8584070796,2625.983776,327.5,7128,0
71,0.3,rolling,314,678,17.04840469,1000,2,,0.8997050147,3526.764012,2118.5,7128,0
71,0.3,static,314,678,14.28608608,22628,44,,0.8584070796,2625.983776,327.5,7128,1
71,0.3,rolling,314,678,16.67599583,1000,4,,0.8982300885,3434.856932,1719.5,7128,1
71,0.3,static,314,678,14.28608608,21730,44,,0.8584070796,2625.983776,327.5,7128,3
71,0.3,rolling,314,678,16.23939705,1000,5,,0.8908554572,3311.696165,1222.5,7128,3
71,0.3,static,314,678,14.28608608,19334,44,,0.8584070796,2625.983776,327.5,7128,7
71,0.3,rolling,314,678,16.06087685,1000,10,,0.8879056047,3259.797935,1130,7128,7
71,0.3,static,315,774,14.28608608,24100,45,,0.8449612403,2588.440568,364,7128,0
71,0.3,rolling,315,774,17.39043808,1000,2,,0.8927648579,3624.855297,4532,7128,0
71,0.3,static,315,774,14.28608608,23422,45,,0.8449612403,2588.440568,364,7128,1
71,0.3,rolling,315,774,17.04840469,1000,3,,0.8888888889,3524.957364,3857.5,7128,1
71,0.3,static,315,774,14.28608608,22168,45,,0.8449612403,2588.440568,364,7128,3
71,0.3,rolling,315,774,15.75804043,1000,5,,0.8733850129,3089.484496,1079,7128,3
71,0.3,static,315,774,14.28608608,19922,45,,0.8449612403,2588.440568,364,7128,7
71,0.3,rolling,315,774,16.86469719,1000,9,,0.8888888889,3475.505168,3573.5,7128,7
71,0.3,static,316,758,14.28608608,24874,46,,0.8350923483,2742.182058,616,7128,0
71,0.3,rolling,316,758,17.79959202,1000,2,,0.919525066,4039.265172,5836,7128,0
71,0.3,static,316,758,14.28608608,24100,46,,0.8350923483,2742.182058,616,7128,1
71,0.3,rolling,316,758,17.39043808,1000,3,,0.9050131926,3931.712401,5237.5,7128,1
71,0.3,static,316,758,14.28608608,22628,46,,0.8350923483,2742.182058,616,7128,3
71,0.3,rolling,316,758,16.67599583,1000,6,,0.8931398417,3672.701847,4094,7128,3
71,0.3,static,316,758,14.28608608,20484,46,,0.8350923483,2742.182058,616,7128,7
71,0.3,rolling,316,758,16.86469719,1000,9,,0.8970976253,3742.102902,4350,7128,7
71,0.3,static,317,630,14.28608608,25632,47,,0.8222222222,2261.861905,222.5,7128,0
71,0.3,rolling,317,630,17.33660293,1000,2,,0.8936507937,3262.301587,1229,7128,0
71,0.3,static,317,630,14.28608608,24874,47,,0.8222222222,2261.861905,222.5,7128,1
71,0.3,rolling,317,630,17.79959202,1000,3,,0.9015873016,3397.409524,1624,7128,1
71,0.3,static,317,630,14.28608608,23422,47,,0.8222222222,2261.861905,222.5,7128,3
71,0.3,rolling,317,630,17.04840469,1000,5,,0.8920634921,3180.171429,1028.5,7128,3
71,0.3,static,317,630,14.28608608,21110,47,,0.8222222222,2261.861905,222.5,7128,7
71,0.3,rolling,317,630,17.08527088,1000,9,,0.8920634921,3191.839683,1049.5,7128,7
71,0.3,static,318,342,14.28608608,26262,48,,0.8391812865,2252.584795,174,7128,0
71,0.3,rolling,318,342,17.68000904,1000,2,,0.9064327485,3242.324561,1257.5,7128,0
71,0.3,static,318,342,14.28608608,25632,48,,0.8391812865,2252.584795,174,7128,1
71,0.3,rolling,318,342,17.33660293,1000,3,,0.9064327485,3130.116959,1071.5,7128,1
71,0.3,static,318,342,14.28608608,24100,48,,0.8391812865,2252.584795,174,7128,3
71,0.3,rolling,318,342,17.39043808,1000,5,,0.9064327485,3143.078947,1100.5,7128,3
71,0.3,static,318,342,14.28608608,21730,48,,0.8391812865,2252.584795,174,7128,7
71,0.3,rolling,318,342,16.23939705,1000,9,,0.8918128655,2793.327485,451,7128,7
71,0.3,static,319,324,14.28608608,26604,49,,0.8549382716,2460.805556,243,7128,0
71,0.3,rolling,319,324,17.49568367,1000,3,,0.9320987654,3372.901235,1328,7128,0
71,0.3,static,319,324,14.28608608,26262,49,,0.8549382716,2460.805556,243,7128,1
71,0.3,rolling,319,324,17.68000904,1000,3,,0.9351851852,3430.947531,1476,7128,1
71,0.3,static,319,324,14.28608608,24874,49,,0.8549382716,2460.805556,243,7128,3
71,0.3,rolling,319,324,17.79959202,1000,5,,0.9382716049,3463.475309,1576,7128,3
71,0.3,static,319,324,14.28608608,22168,49,,0.8549382716,2460.805556,243,7128,7
71,0.3,rolling,319,324,15.75804043,1000,9,,0.9012345679,2887.145062,492.5,7128,7
71,0.3,static,320,736,14.28608608,26928,50,,0.8301630435,2955.879076,412,7128,0
71,0.3,rolling,320,736,17.12742996,1000,3,,0.8872282609,3685.26087,4210,7128,0
71,0.3,static,320,736,14.28608608,26604,50,,0.8301630435,2955.879076,412,7128,1
71,0.3,rolling,320,736,17.49568367,1000,4,,0.9008152174,3788.70788,4831,7128,1
71,0.3,static,320,736,14.28608608,25632,50,,0.8301630435,2955.879076,412,7128,3
71,0.3,rolling,320,736,17.33660293,1000,5,,0.8967391304,3749.646739,4568,7128,3
71,0.3,static,320,736,14.28608608,22628,50,,0.8301630435,2955.879076,412,7128,7
71,0.3,rolling,320,736,16.67599583,1000,10,,0.8804347826,3572.631793,2037.5,7128,7
71,0.3,static,321,680,14.28608608,27664,51,,0.8352941176,2716.360294,503,7128,0
71,0.3,rolling,321,680,17.23293434,1000,2,,0.9014705882,3799.608824,5101,7128,0
71,0.3,static,321,680,14.28608608,26928,51,,0.8352941176,2716.360294,503,7128,1
71,0.3,rolling,321,680,17.12742996,1000,4,,0.9014705882,3771.151471,4912,7128,1
71,0.3,static,321,680,14.28608608,26262,51,,0.8352941176,2716.360294,503,7128,3
71,0.3,rolling,321,680,17.68000904,1000,5,,0.9132352941,3944.057353,5707.5,7128,3
71,0.3,static,321,680,14.28608608,23422,51,,0.8352941176,2716.360294,503,7128,7
71,0.3,rolling,321,680,17.04840469,1000,9,,0.9,3747.541176,4780,7128,7
71,0.3,static,322,668,14.28608608,28344,52,,0.8293413174,2944.561377,535,7128,0
71,0.3,rolling,322,668,17.68122053,1000,2,,0.9176646707,3972.344311,5872,7128,0
71,0.3,static,322,668,14.28608608,27664,52,,0.8293413174,2944.561377,535,7128,1
71,0.3,rolling,322,668,17.23293434,1000,3,,0.9146706587,3841.693114,5105,7128,1
71,0.3,static,322,668,14.28608608,26604,52,,0.8293413174,2944.561377,535,7128,3
71,0.3,rolling,322,668,17.49568367,1000,6,,0.9161676647,3921.914671,5604,7128,3
71,0.3,static,322,668,14.28608608,24100,52,,0.8293413174,2944.561377,535,7128,7
71,0.3,rolling,322,668,17.39043808,1000,9,,0.9146706587,3886.745509,5441,7128,7
71,0.3,static,323,668,14.28608608,29012,53,,0.8068862275,2728.640719,578,7128,0
71,0.3,rolling,323,668,16.88490295,1000,2,,0.8922155689,3648.441617,3942,7128,0
71,0.3,static,323,668,14.28608608,28344,53,,0.8068862275,2728.640719,578,7128,1
71,0.3,rolling,323,668,17.68122053,1000,3,,0.9011976048,3918.181138,5290,7128,1
71,0.3,static,323,668,14.28608608,26928,53,,0.8068862275,2728.640719,578,7128,3
71,0.3,rolling,323,668,17.12742996,1000,6,,0.8937125749,3732.208084,4353,7128,3
71,0.3,static,323,668,14.28608608,24874,53,,0.8068862275,2728.640719,578,7128,7
71,0.3,rolling,323,668,17.79959202,1000,9,,0.9041916168,3961.550898,5470.5,7128,7
71,0.3,static,324,796,14.28608608,29680,54,,0.8090452261,2542.012563,335.5,7128,0
71,0.3,rolling,324,796,17.69784641,1000,2,,0.891959799,3623.291457,4297,7128,0
71,0.3,static,324,796,14.28608608,29012,54,,0.8090452261,2542.012563,335.5,7128,1
71,0.3,rolling,324,796,16.88490295,1000,3,,0.8806532663,3396.148241,1664.5,7128,1
71,0.3,static,324,796,14.28608608,27664,54,,0.8090452261,2542.012563,335.5,7128,3
71,0.3,rolling,324,796,17.23293434,1000,5,,0.8869346734,3495.36809,2147.5,7128,3
71,0.3,static,324,796,14.28608608,25632,54,,0.8090452261,2542.012563,335.5,7128,7
71,0.3,rolling,324,796,17.33660293,1000,9,,0.8881909548,3525.668342,3239,7128,7
71,0.3,static,325,398,14.28608608,30476,55,,0.7939698492,2585.688442,242,7128,0
71,0.3,rolling,325,398,17.80513763,1000,2,,0.8869346734,3464.673367,1673.5,7128,0
71,0.3,static,325,398,14.28608608,29680,55,,0.7939698492,2585.688442,242,7128,1
71,0.3,rolling,325,398,17.69784641,1000,3,,0.8819095477,3435.917085,1572.5,7128,1
71,0.3,static,325,398,14.28608608,28344,55,,0.7939698492,2585.688442,242,7128,3
71,0.3,rolling,325,398,17.68122053,1000,5,,0.8819095477,3432.218593,1557.5,7128,3
71,0.3,static,325,398,14.28608608,26262,55,,0.7939698492,2585.688442,242,7128,7
71,0.3,rolling,325,398,17.68000904,1000,9,,0.8819095477,3431.922111,1556,7128,7
71,0.3,static,326,422,14.28608608,30874,56,,0.7748815166,1929.912322,112,7128,0
71,0.3,rolling,326,422,17.88094997,1000,2,,0.8744075829,2874.763033,417.5,7128,0
71,0.3,static,326,422,14.28608608,30476,56,,0.7748815166,1929.912322,112,7128,1
71,0.3,rolling,326,422,17.80513763,1000,3,,0.8744075829,2857.93128,408.5,7128,1
71,0.3,static,326,422,14.28608608,29012,56,,0.7748815166,1929.912322,112,7128,3
71,0.3,rolling,326,422,16.88490295,1000,5,,0.8578199052,2556.651659,299,7128,3
71,0.3,static,326,422,14.28608608,26604,56,,0.7748815166,1929.912322,112,7128,7
71,0.3,rolling,326,422,17.49568367,1000,10,,0.8696682464,2767.450237,364,7128,7
71,0.3,static,327,738,14.28608608,31296,57,,0.7886178862,2561.184282,328,7128,0
71,0.3,rolling,327,738,18.6080575,1000,3,,0.8848238482,3819.468835,5649,7128,0
71,0.3,static,327,738,14.28608608,30874,57,,0.7886178862,2561.184282,328,7128,1
71,0.3,rolling,327,738,17.88094997,1000,3,,0.8753387534,3617.514905,4223,7128,1
71,0.3,static,327,738,14.28608608,29680,57,,0.7886178862,2561.184282,328,7128,3
71,0.3,rolling,327,738,17.69784641,1000,5,,0.8712737127,3563.848238,3937.5,7128,3
71,0.3,static,327,738,14.28608608,26928,57,,0.7886178862,2561.184282,328,7128,7
71,0.3,rolling,327,738,17.12742996,1000,10,,0.8604336043,3406.872629,1801,7128,7
71,0.3,static,328,600,14.28608608,32034,58,,0.8316666667,2644.735,358.5,7128,0
71,0.3,rolling,328,600,19.37805367,1000,2,,0.9283333333,4232.346667,6789,7128,0
71,0.3,static,328,600,14.28608608,31296,58,,0.8316666667,2644.735,358.5,7128,1
71,0.3,rolling,328,600,18.6080575,1000,4,,0.92,4026.636667,6302,7128,1
71,0.3,static,328,600,14.28608608,30476,58,,0.8316666667,2644.735,358.5,7128,3
71,0.3,rolling,328,600,17.80513763,1000,5,,0.905,3806.44,5277,7128,3
71,0.3,static,328,600,14.28608608,27664,58,,0.8316666667,2644.735,358.5,7128,7
71,0.3,rolling,328,600,17.23293434,1000,9,,0.8916666667,3630.348333,4228.5,7128,7
71,0.3,static,329,684,14.28608608,32634,59,,0.817251462,2742.416667,338.5,7128,0
71,0.3,rolling,329,684,18.72133589,1000,2,,0.918128655,4106.204678,6117,7128,0
71,0.3,static,329,684,14.28608608,32034,59,,0.817251462,2742.416667,338.5,7128,1
71,0.3,rolling,329,684,19.37805367,1000,3,,0.9254385965,4286.038012,6692.5,7128,1
71,0.3,static,329,684,14.28608608,30874,59,,0.817251462,2742.416667,338.5,7128,3
71,0.3,rolling,329,684,17.88094997,1000,5,,0.9049707602,3824.853801,5008,7128,3
71,0.3,static,329,684,14.28608608,28344,59,,0.817251462,2742.416667,338.5,7128,7
71,0.3,rolling,329,684,17.68122053,1000,9,,0.9049707602,3755.46345,4706,7128,7
71,0.3,static,330,640,14.28608608,33318,60,,0.8390625,2554.090625,334,7128,0
71,0.3,rolling,330,640,17.45869637,1000,2,,0.9203125,3598.05625,3739.5,7128,0
71,0.3,static,330,640,14.28608608,32634,60,,0.8390625,2554.090625,334,7128,1
71,0.3,rolling,330,640,18.72133589,1000,3,,0.9296875,4053.96875,6048,7128,1
71,0.3,static,330,640,14.28608608,31296,60,,0.8390625,2554.090625,334,7128,3
71,0.3,rolling,330,640,18.6080575,1000,6,,0.9296875,4008.720313,5848.5,7128,3
71,0.3,static,330,640,14.28608608,29012,60,,0.8390625,2554.090625,334,7128,7
71,0.3,rolling,330,640,16.88490295,1000,9,,0.9109375,3403.634375,1556.5,7128,7
71,0.3,static,331,506,14.28608608,33958,61,,0.8557312253,2743.891304,344,7128,0
71,0.3,rolling,331,506,16.91238642,1000,2,,0.8873517787,3590.369565,3985,7128,0
71,0.3,static,331,506,14.28608608,33318,61,,0.8557312253,2743.891304,344,7128,1
71,0.3,rolling,331,506,17.45869637,1000,3,,0.895256917,3798.480237,5304.5,7128,1
71,0.3,static,331,506,14.28608608,32034,61,,0.8557312253,2743.891304,344,7128,3
71,0.3,rolling,331,506,19.37805367,1000,5,,0.9169960474,4369.901186,6870.5,7128,3
71,0.3,static,331,506,14.28608608,29680,61,,0.8557312253,2743.891304,344,7128,7
71,0.3,rolling,331,506,17.69784641,1000,9,,0.9031620553,3878.98419,5640,7128,7
71,0.3,static,332,318,14.28608608,34464,62,,0.820754717,2597.009434,273.5,7128,0
71,0.3,rolling,332,318,16.95129919,1000,2,,0.9056603774,3270.940252,1165.5,7128,0
71,0.3,static,332,318,14.28608608,33958,62,,0.820754717,2597.009434,273.5,7128,1
71,0.3,rolling,332,318,16.91238642,1000,3,,0.9056603774,3264.408805,1138,7128,1
71,0.3,static,332,318,14.28608608,32634,62,,0.820754717,2597.009434,273.5,7128,3
71,0.3,rolling,332,318,18.72133589,1000,5,,0.9119496855,3669.858491,4367.5,7128,3
71,0.3,static,332,318,14.28608608,30476,62,,0.820754717,2597.009434,273.5,7128,7
71,0.3,rolling,332,318,17.80513763,1000,9,,0.9088050314,3468.345912,1768,7128,7
71,0.3,static,333,342,14.28608608,34782,63,,0.8274853801,2568.406433,256.5,7128,0
71,0.3,rolling,333,342,17.08683348,1000,3,,0.8713450292,3311.304094,1354.5,7128,0
71,0.3,static,333,342,14.28608608,34464,63,,0.8274853801,2568.406433,256.5,7128,1
71,0.3,rolling,333,342,16.95129919,1000,3,,0.8684210526,3271.540936,1265,7128,1
71,0.3,static,333,342,14.28608608,33318,63,,0.8274853801,2568.406433,256.5,7128,3
71,0.3,rolling,333,342,17.45869637,1000,5,,0.8771929825,3431.277778,1688.5,7128,3
71,0.3,static,333,342,14.28608608,30874,63,,0.8274853801,2568.406433,256.5,7128,7
71,0.3,rolling,333,342,17.88094997,1000,9,,0.8771929825,3564.947368,3897.5,7128,7
71,0.3,static,334,700,14.28608608,35124,64,,0.8414285714,2546.621429,294,7128,0
71,0.3,rolling,334,700,18.02441338,1000,3,,0.9171428571,3774.78,5173.5,7128,0
71,0.3,static,334,700,14.28608608,34782,64,,0.8414285714,2546.621429,294,7128,1
71,0.3,rolling,334,700,17.08683348,1000,4,,0.9,3468.368571,2048.5,7128,1
71,0.3,static,334,700,14.28608608,33958,64,,0.8414285714,2546.621429,294,7128,3
71,0.3,rolling,334,700,16.91238642,1000,5,,0.9,3414.978571,1798.5,7128,3
71,0.3,static,334,700,14.28608608,31296,64,,0.8414285714,2546.621429,294,7128,7
71,0.3,rolling,334,700,18.6080575,1000,10,,0.9242857143,3932.562857,6050.5,7128,7
71,0.3,static,335,656,14.28608608,35824,65,,0.8292682927,2575.551829,294,7128,0
71,0.3,rolling,335,656,17.71228409,1000,2,,0.8917682927,3598.516768,3864.5,7128,0
71,0.3,static,335,656,14.28608608,35124,65,,0.8292682927,2575.551829,294,7128,1
71,0.3,rolling,335,656,18.02441338,1000,4,,0.8993902439,3688.172256,4448.5,7128,1
71,0.3,static,335,656,14.28608608,34464,65,,0.8292682927,2575.551829,294,7128,3
71,0.3,rolling,335,656,16.95129919,1000,5,,0.881097561,3361.198171,1444,7128,3
71,0.3,static,335,656,14.28608608,32034,65,,0.8292682927,2575.551829,294,7128,7
71,0.3,rolling,335,656,19.37805367,1000,9,,0.9207317073,4081.993902,6285,7128,7
71,0.3,static,336,632,14.28608608,36480,66,,0.7800632911,2503.803797,303,7128,0
71,0.3,rolling,336,632,18.20612526,1000,2,,0.8955696203,3753.759494,5108.5,7128,0
71,0.3,static,336,632,14.28608608,35824,66,,0.7800632911,2503.803797,303,7128,1
71,0.3,rolling,336,632,17.71228409,1000,3,,0.8876582278,3600.719937,4249,7128,1
71,0.3,static,336,632,14.28608608,34782,66,,0.7800632911,2503.803797,303,7128,3
71,0.3,rolling,336,632,17.08683348,1000,6,,0.8702531646,3379.463608,1905,7128,3
71,0.3,static,336,632,14.28608608,32634,66,,0.7800632911,2503.803797,303,7128,7
71,0.3,rolling,336,632,18.72133589,1000,9,,0.9034810127,3906.359177,5764,7128,7
71,0.3,static,337,552,14.28608608,37112,67,,0.7898550725,2517.40942,258.5,7128,0
71,0.3,rolling,337,552,18.42494559,1000,2,,0.8967391304,3642.51087,4460.5,7128,0
71,0.3,static,337,552,14.28608608,36480,67,,0.7898550725,2517.40942,258.5,7128,1
71,0.3,rolling,337,552,18.20612526,1000,3,,0.8913043478,3587.817029,4154,7128,1
71,0.3,static,337,552,14.28608608,35124,67,,0.7898550725,2517.40942,258.5,7128,3
71,0.3,rolling,337,552,18.02441338,1000,6,,0.8858695652,3544.289855,3940.5,7128,3
71,0.3,static,337,552,14.28608608,33318,67,,0.7898550725,2517.40942,258.5,7128,7
71,0.3,rolling,337,552,17.45869637,1000,9,,0.8623188406,3373.907609,1796.5,7128,7
71,0.3,static,338,496,14.28608608,37664,68,,0.7883064516,2523.014113,259.5,7128,0
71,0.3,rolling,338,496,19.18077946,1000,2,,0.8991935484,3959.169355,5508.5,7128,0
71,0.3,static,338,496,14.28608608,37112,68,,0.7883064516,2523.014113,259.5,7128,1
71,0.3,rolling,338,496,18.42494559,1000,3,,0.8850806452,3728.631048,4315,7128,1
71,0.3,static,338,496,14.28608608,35824,68,,0.7883064516,2523.014113,259.5,7128,3
71,0.3,rolling,338,496,17.71228409,1000,5,,0.872983871,3528.274194,1964,7128,3
71,0.3,static,338,496,14.28608608,33958,68,,0.7883064516,2523.014113,259.5,7128,7
71,0.3,rolling,338,496,16.91238642,1000,9,,0.8568548387,3310.433468,1193.5,7128,7
71,0.3,static,339,328,14.28608608,38160,69,,0.7774390244,1991.088415,170.5,7128,0
71,0.3,rolling,339,328,18.80870224,1000,2,,0.8993902439,3574.390244,3842.5,7128,0
71,0.3,static,339,328,14.28608608,37664,69,,0.7774390244,1991.088415,170.5,7128,1
71,0.3,rolling,339,328,19.18077946,1000,3,,0.9115853659,3712.155488,4421.5,7128,1
71,0.3,static,339,328,14.28608608,36480,69,,0.7774390244,1991.088415,170.5,7128,3
71,0.3,rolling,339,328,18.20612526,1000,5,,0.868902439,3341.085366,1769,7128,3
71,0.3,static,339,328,14.28608608,34464,69,,0.7774390244,1991.088415,170.5,7128,7
71,0.3,rolling,339,328,16.95129919,1000,9,,0.8445121951,2842.527439,757,7128,7
71,0.3,static,340,328,14.28608608,38488,70,,0.7774390244,2480.371951,204,7128,0
71,0.3,rolling,340,328,19.01248264,1000,3,,0.9176829268,3740.618902,4577.5,7128,0
71,0.3,static,340,328,14.28608608,38160,70,,0.7774390244,2480.371951,204,7128,1
71,0.3,rolling,340,328,18.80870224,1000,3,,0.9146341463,3684.594512,4170.5,7128,1
71,0.3,static,340,328,14.28608608,37112,70,,0.7774390244,2480.371951,204,7128,3
71,0.3,rolling,340,328,18.42494559,1000,5,,0.9024390244,3567.554878,2112.5,7128,3
71,0.3,static,340,328,14.28608608,34782,70,,0.7774390244,2480.371951,204,7128,7
71,0.3,rolling,340,328,17.08683348,1000,10,,0.868902439,3161.618902,849,7128,7
71,0.3,static,341,576,14.28608608,38816,71,,0.8090277778,2520.213542,258.5,7128,0
71,0.3,rolling,341,576,18.7443434,1000,3,,0.8993055556,3797.161458,4917,7128,0
71,0.3,static,341,576,14.28608608,38488,71,,0.8090277778,2520.213542,258.5,7128,1
71,0.3,rolling,341,576,19.01248264,1000,4,,0.9045138889,3867.105903,5425,7128,1
71,0.3,static,341,576,14.28608608,37664,71,,0.8090277778,2520.213542,258.5,7128,3
71,0.3,rolling,341,576,19.18077946,1000,5,,0.9097222222,3914.454861,5666.5,7128,3
71,0.3,static,341,576,14.28608608,35124,71,,0.8090277778,2520.213542,258.5,7128,7
71,0.3,rolling,341,576,18.02441338,1000,10,,0.8923611111,3593.897569,3858,7128,7
71,0.3,static,342,636,14.28608608,39392,72,,0.8254716981,2520.180818,262.5,7128,0
71,0.3,rolling,342,636,18.602817,1000,3,,0.8883647799,3699.660377,4373,7128,0
71,0.3,static,342,636,14.28608608,38816,72,,0.8254716981,2520.180818,262.5,7128,1
71,0.3,rolling,342,636,18.7443434,1000,4,,0.8883647799,3738.468553,4618.5,7128,1
71,0.3,static,342,636,14.28608608,38160,72,,0.8254716981,2520.180818,262.5,7128,3
71,0.3,rolling,342,636,18.80870224,1000,5,,0.8899371069,3758.006289,4721,7128,3
71,0.3,static,342,636,14.28608608,35824,72,,0.8254716981,2520.180818,262.5,7128,7
71,0.3,rolling,342,636,17.71228409,1000,9,,0.8820754717,3445.100629,1708,7128,7
71,0.3,static,343,642,14.28608608,40028,73,,0.8146417445,2830.954829,634.5,7128,0
71,0.3,rolling,343,642,19.91226673,1000,2,,0.8987538941,4563.912773,7062,7128,0
71,0.3,static,343,642,14.28608608,39392,73,,0.8146417445,2830.954829,634.5,7128,1
71,0.3,rolling,343,642,18.602817,1000,4,,0.8831775701,4269.568536,6749,7128,1
71,0.3,static,343,642,14.28608608,38488,73,,0.8146417445,2830.954829,634.5,7128,3
71,0.3,rolling,343,642,19.01248264,1000,6,,0.8894080997,4363.41433,6874,7128,3
71,0.3,static,343,642,14.28608608,36480,73,,0.8146417445,2830.954829,634.5,7128,7
71,0.3,rolling,343,642,18.20612526,1000,9,,0.8831775701,4165.390966,6524,7128,7
71,0.3,static,344,650,14.28608608,40670,74,,0.7584615385,2497.72,170,7128,0
71,0.3,rolling,344,650,20.17235041,1000,2,,0.8784615385,4035.84,6206.5,7128,0
71,0.3,static,344,650,14.28608608,40028,74,,0.7584615385,2497.72,170,7128,1
71,0.3,rolling,344,650,19.91226673,1000,3,,0.8784615385,3966.986154,5957,7128,1
71,0.3,static,344,650,14.28608608,38816,74,,0.7584615385,2497.72,170,7128,3
71,0.3,rolling,344,650,18.7443434,1000,6,,0.86,3649.575385,4313,7128,3
71,0.3,static,344,650,14.28608608,37112,74,,0.7584615385,2497.72,170,7128,7
71,0.3,rolling,344,650,18.42494559,1000,9,,0.8538461538,3572.903077,3781,7128,7
71,0.3,static,345,586,14.28608608,41320,75,,0.843003413,2847.955631,423.5,7128,0
71,0.3,rolling,345,586,21.39638126,1000,2,,0.9385665529,4577.824232,7097,7128,0
71,0.3,static,345,586,14.28608608,40670,75,,0.843003413,2847.955631,423.5,7128,1
71,0.3,rolling,345,586,20.17235041,1000,3,,0.9266211604,4308.643345,6932.5,7128,1
71,0.3,static,345,586,14.28608608,39392,75,,0.843003413,2847.955631,423.5,7128,3
71,0.3,rolling,345,586,18.602817,1000,6,,0.9129692833,3955.59727,5985.5,7128,3
71,0.3,static,345,586,14.28608608,37664,75,,0.843003413,2847.955631,423.5,7128,7
71,0.3,rolling,345,586,19.18077946,1000,9,,0.9146757679,4078.412969,6467.5,7128,7
71,0.3,static,346,224,14.28608608,41906,76,,0.7857142857,1717.415179,95.5,7128,0
71,0.3,rolling,346,224,19.24267912,1000,2,,0.8928571429,2864.84375,858.5,7128,0
71,0.3,static,346,224,14.28608608,41320,76,,0.7857142857,1717.415179,95.5,7128,1
71,0.3,rolling,346,224,21.39638126,1000,3,,0.9375,3584.5625,3801.5,7128,1
71,0.3,static,346,224,14.28608608,40028,76,,0.7857142857,1717.415179,95.5,7128,3
71,0.3,rolling,346,224,19.91226673,1000,5,,0.90625,3051.767857,1171.5,7128,3
71,0.3,static,346,224,14.28608608,38160,76,,0.7857142857,1717.415179,95.5,7128,7
71,0.3,rolling,346,224,18.80870224,1000,9,,0.8794642857,2742.183036,707,7128,7
71,0.3,static,347,306,14.28608608,42130,77,,0.8104575163,1881.728758,66,7128,0
71,0.3,rolling,347,306,18.87634468,1000,3,,0.8954248366,2871.794118,451.5,7128,0
71,0.3,static,347,306,14.28608608,41906,77,,0.8104575163,1881.728758,66,7128,1
71,0.3,rolling,347,306,19.24267912,1000,3,,0.9019607843,2953.653595,540.5,7128,1
71,0.3,static,347,306,14.28608608,40670,77,,0.8104575163,1881.728758,66,7128,3
71,0.3,rolling,347,306,20.17235041,1000,5,,0.9117647059,3126.54902,869.5,7128,3
71,0.3,static,347,306,14.28608608,38488,77,,0.8104575163,1881.728758,66,7128,7
71,0.3,rolling,347,306,19.01248264,1000,10,,0.8986928105,2906.526144,482.5,7128,7
71,0.3,static,348,714,14.28608608,42436,78,,0.8081232493,2324.831933,142.5,7128,0
71,0.3,rolling,348,714,18.79221916,1000,3,,0.8879551821,3537.903361,3124.5,7128,0
71,0.3,static,348,714,14.28608608,42130,78,,0.8081232493,2324.831933,142.5,7128,1
71,0.3,rolling,348,714,18.87634468,1000,4,,0.8879551821,3557.201681,3828,7128,1
71,0.3,static,348,714,14.28608608,41320,78,,0.8081232493,2324.831933,142.5,7128,3
71,0.3,rolling,348,714,21.39638126,1000,5,,0.9243697479,4123.792717,6762,7128,3
71,0.3,static,348,714,14.28608608,38816,78,,0.8081232493,2324.831933,142.5,7128,7
71,0.3,rolling,348,714,18.7443434,1000,10,,0.8879551821,3525.254902,2579.5,7128,7
71,0.3,static,349,600,14.28608608,43150,79,,0.7666666667,2270.006667,126.5,7128,0
71,0.3,rolling,349,600,19.424963,1000,2,,0.8633333333,3544.403333,3887,7128,0
71,0.3,static,349,600,14.28608608,42436,79,,0.7666666667,2270.006667,126.5,7128,1
71,0.3,rolling,349,600,18.79221916,1000,4,,0.855,3349.066667,1729.5,7128,1
71,0.3,static,349,600,14.28608608,41906,79,,0.7666666667,2270.006667,126.5,7128,3
71,0.3,rolling,349,600,19.24267912,1000,5,,0.8633333333,3484.355,2301,7128,3
71,0.3,static,349,600,14.28608608,39392,79,,0.7666666667,2270.006667,126.5,7128,7
71,0.3,rolling,349,600,18.602817,1000,10,,0.8516666667,3297.626667,1547,7128,7
71,0.3,static,350,656,14.28608608,43750,80,,0.7515243902,1907.495427,103.5,7128,0
71,0.3,rolling,350,656,21.60650539,1000,2,,0.8963414634,3683.815549,4152,7128,0
71,0.3,static,350,656,14.28608608,43150,80,,0.7515243902,1907.495427,103.5,7128,1
71,0.3,rolling,350,656,19.424963,1000,3,,0.8765243902,3158.33689,812,7128,1
71,0.3,static,350,656,14.28608608,42130,80,,0.7515243902,1907.495427,103.5,7128,3
71,0.3,rolling,350,656,18.87634468,1000,6,,0.8643292683,3030.07622,629,7128,3
71,0.3,static,350,656,14.28608608,40028,80,,0.7515243902,1907.495427,103.5,7128,7
71,0.3,rolling,350,656,19.91226673,1000,9,,0.8780487805,3280.064024,1074.5,7128,7
71,0.3,static,351,522,14.28608608,44406,81,,0.7509578544,1912.450192,95.5,7128,0
71,0.3,rolling,351,522,21.78696394,1000,2,,0.9061302682,3686.720307,4718,7128,0
71,0.3,static,351,522,14.28608608,43750,81,,0.7509578544,1912.450192,95.5,7128,1
71,0.3,rolling,351,522,21.60650539,1000,3,,0.9042145594,3651.400383,4285.5,7128,1
71,0.3,static,351,522,14.28608608,42436,81,,0.7509578544,1912.450192,95.5,7128,3
71,0.3,rolling,351,522,18.79221916,1000,6,,0.8601532567,2988.534483,557.5,7128,3
71,0.3,static,351,522,14.28608608,40670,81,,0.7509578544,1912.450192,95.5,7128,7
71,0.3,rolling,351,522,20.17235041,1000,9,,0.8735632184,3309.982759,1348,7128,7
71,0.3,static,352,462,14.28608608,44928,82,,0.7272727273,1983.638528,124.5,7128,0
71,0.3,rolling,352,462,21.47210491,1000,2,,0.8961038961,3818.04329,5520.5,7128,0
71,0.3,static,352,462,14.28608608,44406,82,,0.7272727273,1983.638528,124.5,7128,1
71,0.3,rolling,352,462,21.78696394,1000,3,,0.9025974026,3892.642857,5875,7128,1
71,0.3,static,352,462,14.28608608,43150,82,,0.7272727273,1983.638528,124.5,7128,3
71,0.3,rolling,352,462,19.424963,1000,5,,0.867965368,3314.054113,1225,7128,3
71,0.3,static,352,462,14.28608608,41320,82,,0.7272727273,1983.638528,124.5,7128,7
71,0.3,rolling,352,462,21.39638126,1000,9,,0.8961038961,3803.608225,5448.5,7128,7
71,0.3,static,353,242,14.28608608,45390,83,,0.694214876,1846.946281,95,7128,0
71,0.3,rolling,353,242,21.64745298,1000,3,,0.8760330579,3655.760331,4514.5,7128,0
71,0.3,static,353,242,14.28608608,44928,83,,0.694214876,1846.946281,95,7128,1
71,0.3,rolling,353,242,21.47210491,1000,3,,0.8760330579,3630.975207,4318,7128,1
71,0.3,static,353,242,14.28608608,43750,83,,0.694214876,1846.946281,95,7128,3
71,0.3,rolling,353,242,21.60650539,1000,5,,0.8760330579,3650.161157,4475,7128,3
71,0.3,static,353,242,14.28608608,41906,83,,0.694214876,1846.946281,95,7128,7
71,0.3,rolling,353,242,19.24267912,1000,9,,0.8305785124,3173.041322,804,7128,7
71,0.3,static,354,238,14.28608608,45632,84,,0.7226890756,2235.142857,155.5,7128,0
71,0.3,rolling,354,238,22.04459374,1000,3,,0.9033613445,4205.138655,6621,7128,0
71,0.3,static,354,238,14.28608608,45390,84,,0.7226890756,2235.142857,155.5,7128,1
71,0.3,rolling,354,238,21.64745298,1000,4,,0.8865546218,4118.764706,6396.5,7128,1
71,0.3,static,354,238,14.28608608,44406,84,,0.7226890756,2235.142857,155.5,7128,3
71,0.3,rolling,354,238,21.78696394,1000,5,,0.8991596639,4151.722689,6487.5,7128,3
71,0.3,static,354,238,14.28608608,42130,84,,0.7226890756,2235.142857,155.5,7128,7
71,0.3,rolling,354,238,18.87634468,1000,10,,0.8403361345,3449.172269,2074.5,7128,7
71,0.3,static,355,578,14.28608608,45870,85,,0.7058823529,2324.489619,162,7128,0
71,0.3,rolling,355,578,22.67165422,1000,4,,0.8996539792,4316.937716,6996,7128,0
71,0.3,static,355,578,14.28608608,45632,85,,0.7058823529,2324.489619,162,7128,1
71,0.3,rolling,355,578,22.04459374,1000,4,,0.8892733564,4193.368512,6844.5,7128,1
71,0.3,static,355,578,14.28608608,44928,85,,0.7058823529,2324.489619,162,7128,3
71,0.3,rolling,355,578,21.47210491,1000,5,,0.8823529412,4080.816609,6607.5,7128,3
71,0.3,static,355,578,14.28608608,42436,85,,0.7058823529,2324.489619,162,7128,7
71,0.3,rolling,355,578,18.79221916,1000,10,,0.8252595156,3490.908304,2045.5,7128,7
71,0.3,static,356,548,14.28608608,46448,86,,0.7354014599,2361.510949,125,7128,0
71,0.3,rolling,356,548,22.51458168,1000,3,,0.8941605839,4061.343066,6792,7128,0
71,0.3,static,356,548,14.28608608,45870,86,,0.7354014599,2361.510949,125,7128,1
71,0.3,rolling,356,548,22.67165422,1000,5,,0.8996350365,4087.421533,6842.5,7128,1
71,0.3,static,356,548,14.28608608,45390,86,,0.7354014599,2361.510949,125,7128,3
71,0.3,rolling,356,548,21.64745298,1000,6,,0.8868613139,3931.448905,6335.5,7128,3
71,0.3,static,356,548,14.28608608,43150,86,,0.7354014599,2361.510949,125,7128,7
71,0.3,rolling,356,548,19.424963,1000,9,,0.8430656934,3499.817518,2234,7128,7
71,0.3,static,357,406,14.28608608,46996,87,,0.7463054187,1632.342365,112,7128,0
71,0.3,rolling,357,406,22.6388092,1000,2,,0.9236453202,3928.901478,6027.5,7128,0
71,0.3,static,357,406,14.28608608,46448,87,,0.7463054187,1632.342365,112,7128,1
71,0.3,rolling,357,406,22.51458168,1000,4,,0.9236453202,3906.79064,5939.5,7128,1
71,0.3,static,357,406,14.28608608,45632,87,,0.7463054187,1632.342365,112,7128,3
71,0.3,rolling,357,406,22.04459374,1000,6,,0.9187192118,3819.931034,5538,7128,3
71,0.3,static,357,406,14.28608608,43750,87,,0.7463054187,1632.342365,112,7128,7
71,0.3,rolling,357,406,21.60650539,1000,9,,0.9113300493,3714.852217,5067.5,7128,7
71,0.3,static,358,300,14.28608608,47402,88,,0.77,1584.246667,84,7128,0
71,0.3,rolling,358,300,21.79296637,1000,3,,0.8966666667,3338.196667,1318.5,7128,0
71,0.3,static,358,300,14.28608608,46996,88,,0.77,1584.246667,84,7128,1
71,0.3,rolling,358,300,22.6388092,1000,3,,0.9133333333,3519.336667,2077,7128,1
71,0.3,static,358,300,14.28608608,45870,88,,0.77,1584.246667,84,7128,3
71,0.3,rolling,358,300,22.67165422,1000,7,,0.9166666667,3528.48,2117.5,7128,3
71,0.3,static,358,300,14.28608608,44406,88,,0.77,1584.246667,84,7128,7
71,0.3,rolling,358,300,21.78696394,1000,9,,0.8966666667,3337.27,1315.5,7128,7
71,0.3,static,359,330,14.28608608,47702,89,,0.8272727273,2615.975758,255,7128,0
71,0.3,rolling,359,330,21.93930817,1000,3,,0.9575757576,4611.709091,7116.5,7128,0
71,0.3,static,359,330,14.28608608,47402,89,,0.8272727273,2615.975758,255,7128,1
71,0.3,rolling,359,330,21.79296637,1000,4,,0.9484848485,4575.148485,7112.5,7128,1
71,0.3,static,359,330,14.28608608,46448,89,,0.8272727273,2615.975758,255,7128,3
71,0.3,rolling,359,330,22.51458168,1000,6,,0.9606060606,4724.148485,7123,7128,3
71,0.3,static,359,330,14.28608608,44928,89,,0.8272727273,2615.975758,255,7128,7
71,0.3,rolling,359,330,21.47210491,1000,9,,0.9484848485,4486.881818,7107,7128,7
71,0.3,static,360,228,14.28608608,48032,90,,0.7587719298,1810.192982,77,7128,0
71,0.3,rolling,360,228,19.67154288,1000,3,,0.8947368421,3091.017544,760.5,7128,0
71,0.3,static,360,228,14.28608608,47702,90,,0.7587719298,1810.192982,77,7128,1
71,0.3,rolling,360,228,21.93930817,1000,4,,0.9166666667,3633.837719,3980,7128,1
71,0.3,static,360,228,14.28608608,46996,90,,0.7587719298,1810.192982,77,7128,3
71,0.3,rolling,360,228,22.6388092,1000,5,,0.9254385965,3851.105263,4898,7128,3
71,0.3,static,360,228,14.28608608,45390,90,,0.7587719298,1810.192982,77,7128,7
71,0.3,rolling,360,228,21.64745298,1000,10,,0.9166666667,3545.649123,2249.5,7128,7
71,0.3,static,361,246,14.28608608,48260,91,,0.7682926829,1697.646341,48.5,7128,0
71,0.3,rolling,361,246,20.69750786,1000,4,,0.8821138211,2936.093496,702.5,7128,0
71,0.3,static,361,246,14.28608608,48032,91,,0.7682926829,1697.646341,48.5,7128,1
71,0.3,rolling,361,246,19.67154288,1000,4,,0.8739837398,2751.642276,444.5,7128,1
71,0.3,static,361,246,14.28608608,47402,91,,0.7682926829,1697.646341,48.5,7128,3
71,0.3,rolling,361,246,21.79296637,1000,6,,0.8983739837,3203.479675,1255.5,7128,3
71,0.3,static,361,246,14.28608608,45632,91,,0.7682926829,1697.646341,48.5,7128,7
71,0.3,rolling,361,246,22.04459374,1000,10,,0.8983739837,3263.028455,1420,7128,7
71,0.3,static,362,620,14.28608608,48506,92,,0.7548387097,1649.703226,62,7128,0
71,0.3,rolling,362,620,19.74899817,1000,4,,0.8580645161,2778.141935,342.5,7128,0
71,0.3,static,362,620,14.28608608,48260,92,,0.7548387097,1649.703226,62,7128,1
71,0.3,rolling,362,620,20.69750786,1000,5,,0.8693548387,3024.845161,505.5,7128,1
71,0.3,static,362,620,14.28608608,47702,92,,0.7548387097,1649.703226,62,7128,3
71,0.3,rolling,362,620,21.93930817,1000,6,,0.8822580645,3305.840323,951,7128,3
71,0.3,static,362,620,14.28608608,45870,92,,0.7548387097,1649.703226,62,7128,7
71,0.3,rolling,362,620,22.67165422,1000,11,,0.8887096774,3473.485484,1707.5,7128,7
71,0.3,static,363,386,14.28608608,49126,93,,0.792746114,1888.624352,67.5,7128,0
71,0.3,rolling,363,386,22.55114746,1000,3,,0.9352331606,3619.246114,4253.5,7128,0
71,0.3,static,363,386,14.28608608,48506,93,,0.792746114,1888.624352,67.5,7128,1
71,0.3,rolling,363,386,19.74899817,1000,5,,0.8808290155,2954.867876,553,7128,1
71,0.3,static,363,386,14.28608608,48032,93,,0.792746114,1888.624352,67.5,7128,3
71,0.3,rolling,363,386,19.67154288,1000,6,,0.8808290155,2936.284974,536,7128,3
71,0.3,static,363,386,14.28608608,46448,93,,0.792746114,1888.624352,67.5,7128,7
71,0.3,rolling,363,386,22.51458168,1000,10,,0.9352331606,3609.759067,4211,7128,7
71,0.3,static,364,354,14.28608608,49512,94,,0.7457627119,1662.872881,58.5,7128,0
71,0.3,rolling,364,354,21.86236763,1000,2,,0.895480226,3481.29661,2085,7128,0
71,0.3,static,364,354,14.28608608,49126,94,,0.7457627119,1662.872881,58.5,7128,1
71,0.3,rolling,364,354,22.55114746,1000,4,,0.9096045198,3666.627119,4415,7128,1
71,0.3,static,364,354,14.28608608,48260,94,,0.7457627119,1662.872881,58.5,7128,3
71,0.3,rolling,364,354,20.69750786,1000,7,,0.8870056497,3168.788136,1028,7128,3
71,0.3,static,364,354,14.28608608,46996,94,,0.7457627119,1662.872881,58.5,7128,7
71,0.3,rolling,364,354,22.6388092,1000,9,,0.9096045198,3682.99435,4516,7128,7
