target_coverage,selection_tolerance,seed,deletion_rate,method,timestamp_count,label_row_count,unique_query_count,observed_label_coverage,full_set_coverage,macro_time_full_set_coverage,partial_answer_recall,positive_label_undercoverage,positive_full_set_undercoverage,fraction_timestamps_label_below_target,fraction_timestamps_full_set_below_target,mean_size,median_size,p90_size,full_vocabulary_set_rate,pool_score_count_mean,pool_span_blocks_mean
0.88,0,17,0,margin_rolling,73,38596,33964,0.8783811794,0.8798139206,0.8802295093,0.8975646015,0.008691974555,0.007851397003,0.5205479452,0.4657534247,3536.555706,3356.705394,7128,0.2913084442,1000,2.424657534
0.88,0,17,0,rank_rolling,73,38596,33964,0.8794693751,0.8661229537,0.8698751404,0.8724212191,0.0106677741,0.01937084149,0.4931506849,0.6438356164,2584.572842,2584.572842,2584.572842,0,1000,2.424657534
0.88,0,17,0,adaptive_mass_rolling,73,38596,33964,0.8795989222,0.8662112825,0.8699848423,0.8728015237,0.01081852249,0.01967619377,0.4794520548,0.6301369863,2525.072754,2454.167413,2797.045801,0,1000,2.424657534
0.88,0,29,0,margin_rolling,73,38596,33964,0.8792620997,0.8827287716,0.8824250634,0.8990713206,0.009414240439,0.007718149558,0.4931506849,0.4657534247,3617.487546,3601.611618,7128,0.3042633377,1000,2.424657534
0.88,0,29,0,rank_rolling,73,38596,33964,0.8797284693,0.8665940407,0.8695773073,0.87252469,0.01015172793,0.01798745121,0.4383561644,0.6575342466,2557.270934,2557.270934,2557.270934,0,1000,2.424657534
0.88,0,29,0,adaptive_mass_rolling,73,38596,33964,0.8797543787,0.8666823696,0.8695917377,0.8728304059,0.01019500927,0.01813956846,0.4657534247,0.6575342466,2539.585532,2502.746761,2684.204952,0,1000,2.424657534
0.88,0,43,0,margin_rolling,73,38596,33964,0.877189346,0.8704216229,0.8698997582,0.8873894488,0.01003974596,0.01409461893,0.5342465753,0.6575342466,3118.282741,1478.767607,7128,0.2139029561,1000,2.424657534
0.88,0,43,0,rank_rolling,73,38596,33964,0.8797802881,0.8666823696,0.8686949228,0.8741186513,0.009753416507,0.01766986048,0.397260274,0.6575342466,3112.207514,3112.207514,3112.207514,0,1000,2.424657534
0.88,0,43,0,adaptive_mass_rolling,73,38596,33964,0.8793916468,0.8664173831,0.8678398971,0.8755324031,0.01063714585,0.01926084989,0.4931506849,0.6712328767,2750.813803,2349.21514,4271.267047,0,1000,2.424657534
0.88,0,59,0,margin_rolling,73,38596,33964,0.8790289149,0.8794900483,0.8786029081,0.8965463782,0.009123386953,0.009359260304,0.5068493151,0.5342465753,3384.91859,2411.395095,7128,0.2640148392,1000,2.424657534
0.88,0,59,0,rank_rolling,73,38596,33964,0.8791066432,0.8659462961,0.868406483,0.8725971056,0.01048611387,0.01919418272,0.5479452055,0.6438356164,2555.632788,2555.632788,2555.632788,0,1000,2.424657534
0.88,0,59,0,adaptive_mass_rolling,73,38596,33964,0.8804280236,0.8673890001,0.8692950799,0.8745982441,0.01056921883,0.01844501111,0.4794520548,0.6164383562,2489.180868,2359.038776,2989.414686,0,1000,2.424657534
0.88,0,71,0,margin_rolling,73,38596,33964,0.8785884548,0.8770757272,0.876862101,0.8946726506,0.009343902061,0.01022745367,0.5890410959,0.6164383562,3384.503239,2368.75262,7128,0.2601872571,1000,2.424657534
0.88,0,71,0,rank_rolling,73,38596,33964,0.8794952845,0.8662407255,0.8691719938,0.8728929371,0.009741943172,0.01823532215,0.5068493151,0.6712328767,2686.872453,2686.872453,2686.872453,0,1000,2.424657534
0.88,0,71,0,adaptive_mass_rolling,73,38596,33964,0.8793657374,0.8662112825,0.8688250805,0.874762073,0.009516580423,0.01813470864,0.5205479452,0.698630137,2315.338918,1879.8002,3991.926045,0,1000,2.424657534
0.88,0,17,0.1,margin_rolling,73,38596,33964,0.8786920924,0.8795489342,0.8794901963,0.8971020203,0.008470907117,0.008161369445,0.4794520548,0.4657534247,3570.338741,3459.746761,7128,0.287039218,1000,2.424657534
0.88,0,17,0.1,rank_rolling,73,38596,33964,0.8791843714,0.8657107526,0.8685250463,0.8719928243,0.0107612076,0.01971550101,0.4794520548,0.6575342466,2598.403839,2598.403839,2598.403839,0,1000,2.424657534
0.88,0,17,0.1,adaptive_mass_rolling,73,38596,33964,0.8791066432,0.8657696384,0.8689071577,0.8742888829,0.0107218695,0.01970977769,0.5342465753,0.6712328767,2267.54546,1802.111589,4008.876045,0,1000,2.424657534
0.88,0,29,0.1,margin_rolling,73,38596,33964,0.8791843714,0.8807855376,0.8803076699,0.8982808828,0.009067722918,0.008440879242,0.4109589041,0.4657534247,3541.493375,3279.656401,7128,0.2868036745,1000,2.424657534
0.88,0,29,0.1,rank_rolling,73,38596,33964,0.8791843714,0.8663290543,0.8692270284,0.8725312796,0.01081856623,0.01892682664,0.4794520548,0.602739726,2583.159404,2583.159404,2583.159404,0,1000,2.424657534
0.88,0,29,0.1,adaptive_mass_rolling,73,38596,33964,0.8798580164,0.8667412554,0.8699005811,0.8734793423,0.01061635578,0.0187356858,0.4931506849,0.5890410959,2498.30971,2362.185373,3020.237899,0,1000,2.424657534
0.88,0,43,0.1,margin_rolling,73,38596,33964,0.8784070888,0.8794606053,0.8794791454,0.8962564704,0.009337709248,0.008849451493,0.5479452055,0.5068493151,3511.115181,3146.054499,7128,0.2773819338,1000,2.424657534
0.88,0,43,0.1,rank_rolling,73,38596,33964,0.8787439113,0.8655340949,0.867573477,0.8716808694,0.0114905302,0.01952388096,0.4794520548,0.6301369863,2702.296461,2702.296461,2702.296461,0,1000,2.424657534
0.88,0,43,0.1,adaptive_mass_rolling,73,38596,33964,0.8785107265,0.8651807796,0.8672885735,0.8715056839,0.01155379935,0.01981686044,0.5068493151,0.6164383562,2681.135526,2645.4831,2816.721423,0,1000,2.424657534
0.88,0,59,0.1,margin_rolling,73,38596,33964,0.8779148098,0.8743669768,0.8746529392,0.8925050977,0.01053957378,0.0127874116,0.5342465753,0.5890410959,3263.116005,1786.083647,7128,0.2459663173,1000,2.424657534
0.88,0,59,0.1,rank_rolling,73,38596,33964,0.8797025599,0.8663879402,0.8689632609,0.8728885907,0.0111122403,0.01928491436,0.4794520548,0.6575342466,2639.090007,2639.090007,2639.090007,0,1000,2.424657534
0.88,0,59,0.1,adaptive_mass_rolling,73,38596,33964,0.8797543787,0.8663879402,0.869082494,0.8730142139,0.01079939442,0.01902938759,0.4657534247,0.6575342466,2610.156283,2572.817042,2751.470893,0,1000,2.424657534
0.88,0,71,0.1,margin_rolling,73,38596,33964,0.8805575707,0.8812860676,0.8813797228,0.8977566727,0.00789893066,0.007966398368,0.5068493151,0.5068493151,3428.368684,2619.938258,7128,0.2703156283,1000,2.424657534
0.88,0,71,0.1,rank_rolling,73,38596,33964,0.8784848171,0.8652985514,0.8685151648,0.8718239948,0.01042162126,0.01869618784,0.5068493151,0.6438356164,2703.785184,2703.785184,2703.785184,0,1000,2.424657534
0.88,0,71,0.1,adaptive_mass_rolling,73,38596,33964,0.879158462,0.8657401955,0.8693191976,0.8727784367,0.009546229826,0.01794157502,0.4520547945,0.6301369863,2610.378165,2481.086768,3104.215193,0,1000,2.424657534
0.88,0,17,0.2,margin_rolling,73,38596,33964,0.8784329982,0.8805205512,0.8808971217,0.8975944768,0.008332818558,0.007752899062,0.4657534247,0.4794520548,3632.057178,3795.254829,7128,0.2968731598,1000,2.424657534
0.88,0,17,0.2,rank_rolling,73,38596,33964,0.8781220852,0.8648569073,0.8681622196,0.8711198412,0.01115847847,0.01975777902,0.5205479452,0.6438356164,2662.416941,2662.416941,2662.416941,0,1000,2.424657534
0.88,0,17,0.2,adaptive_mass_rolling,73,38596,33964,0.8785884548,0.865504652,0.8687007768,0.8736687819,0.01037393658,0.01877396801,0.4931506849,0.6575342466,2340.733512,1861.19132,4076.176098,0,1000,2.424657534
0.88,0,29,0.2,margin_rolling,73,38596,33964,0.8794693751,0.8834942881,0.8831448114,0.8995290676,0.01022921786,0.008080041992,0.5068493151,0.4520547945,3771.430603,4484.705865,7128,0.331851372,1000,2.424657534
0.88,0,29,0.2,rank_rolling,73,38596,33964,0.8790807338,0.8658579673,0.8678602415,0.8718082451,0.01067899907,0.01921452042,0.4931506849,0.6438356164,2660.421917,2660.421917,2660.421917,0,1000,2.424657534
0.88,0,29,0.2,adaptive_mass_rolling,73,38596,33964,0.8790807338,0.8657990814,0.8674983434,0.8719211097,0.01063347845,0.01927198021,0.4794520548,0.6712328767,2640.514545,2601.169562,2790.99112,0,1000,2.424657534
0.88,0,43,0.2,margin_rolling,73,38596,33964,0.8780702663,0.8779590154,0.8778288214,0.8960453658,0.008810274205,0.009121203849,0.4657534247,0.4931506849,3500.410817,2981.141179,7128,0.2737015664,1000,2.424657534
0.88,0,43,0.2,rank_rolling,73,38596,33964,0.8790030055,0.8654163232,0.866880217,0.8720946128,0.01219079912,0.02043529234,0.4794520548,0.6438356164,2831.796726,2831.796726,2831.796726,0,1000,2.424657534
0.88,0,43,0.2,adaptive_mass_rolling,73,38596,33964,0.879158462,0.8652985514,0.8668082388,0.8742682378,0.01211189245,0.02092769263,0.4657534247,0.6301369863,2467.450359,2009.926864,4169.163667,0,1000,2.424657534
0.88,0,59,0.2,margin_rolling,73,38596,33964,0.8786143642,0.8804322224,0.8801788165,0.8975899085,0.009628651239,0.008790804782,0.4931506849,0.4931506849,3571.224974,3442.92654,7128,0.2837121658,1000,2.424657534
0.88,0,59,0.2,rank_rolling,73,38596,33964,0.8800912012,0.8670945707,0.868940241,0.8732980929,0.0110496815,0.01913395665,0.5068493151,0.6301369863,2715.152838,2715.152838,2715.152838,0,1000,2.424657534
0.88,0,59,0.2,adaptive_mass_rolling,73,38596,33964,0.8801689294,0.8672417854,0.8692801951,0.8737500421,0.01058954857,0.01882356339,0.5068493151,0.6301369863,2662.18343,2588.441261,2940.246261,0,1000,2.424657534
0.88,0,71,0.2,margin_rolling,73,38596,33964,0.8791325526,0.8793428336,0.8797826051,0.8963972007,0.008050877892,0.008327495515,0.5342465753,0.5068493151,3498.746702,2988.610676,7128,0.2736721234,1000,2.424657534
0.88,0,71,0.2,rank_rolling,73,38596,33964,0.8797025599,0.8666529266,0.8696140026,0.8733028482,0.01045650837,0.01862344116,0.5068493151,0.6301369863,2834.000471,2834.000471,2834.000471,0,1000,2.424657534
0.88,0,71,0.2,adaptive_mass_rolling,73,38596,33964,0.8804539331,0.8673890001,0.8703173832,0.8746032447,0.01030453429,0.01808746329,0.4657534247,0.6164383562,2747.270257,2615.72462,3244.997274,0,1000,2.424657534
0.88,0,17,0.3,margin_rolling,73,38596,33964,0.8789770961,0.8821987987,0.882304324,0.8993997757,0.008678373164,0.006797335054,0.4931506849,0.397260274,3818.680986,4761.765104,7128,0.3244317513,1000,2.424657534
0.88,0,17,0.3,rank_rolling,73,38596,33964,0.8775002591,0.8640619479,0.8669607896,0.8701355357,0.01309791242,0.02133043611,0.4657534247,0.6301369863,2677.723884,2677.723884,2677.723884,0,1000,2.424657534
0.88,0,17,0.3,adaptive_mass_rolling,73,38596,33964,0.8769043424,0.8632964315,0.8658258918,0.8697454167,0.01327177965,0.02162826876,0.4657534247,0.6164383562,2545.432988,2396.227623,3085.238706,0,1000,2.424657534
0.88,0,29,0.3,margin_rolling,73,38596,33964,0.8805057519,0.8844364621,0.8838678904,0.9003231741,0.00961019526,0.007190326967,0.5342465753,0.4520547945,3786.111648,4571.506801,7128,0.3617948416,1000,2.424657534
0.88,0,29,0.3,rank_rolling,73,38596,33964,0.8792620997,0.866005182,0.8676111246,0.8719785936,0.01009268931,0.01894583129,0.5205479452,0.6712328767,3062.500265,3062.500265,3062.500265,0,1000,2.424657534
0.88,0,29,0.3,adaptive_mass_rolling,73,38596,33964,0.8793916468,0.8663879402,0.8681253075,0.8743377675,0.01010604633,0.01861355785,0.4520547945,0.6849315068,2690.112148,2138.143711,4215.481363,0,1000,2.424657534
0.88,0,43,0.3,margin_rolling,73,38596,33964,0.88014302,0.8817865976,0.8813882833,0.8991334717,0.009050949349,0.00789594368,0.4657534247,0.4657534247,3689.517401,4141.131345,7128,0.321134142,1000,2.424657534
0.88,0,43,0.3,rank_rolling,73,38596,33964,0.8785625453,0.8652985514,0.8675271645,0.8712761692,0.01084455272,0.01931078176,0.5205479452,0.6575342466,3064.062066,3064.062066,3064.062066,0,1000,2.424657534
0.88,0,43,0.3,adaptive_mass_rolling,73,38596,33964,0.879650741,0.8663584972,0.8685847597,0.8728567643,0.01044550066,0.01844286619,0.5068493151,0.6164383562,2945.909551,2813.571841,3432.12051,0,1000,2.424657534
0.88,0,59,0.3,margin_rolling,73,38596,33964,0.8791843714,0.8822871275,0.8815587724,0.8991758458,0.01024968897,0.00872329089,0.5068493151,0.4657534247,3770.726828,4487.402986,7128,0.3232834766,1000,2.424657534
0.88,0,59,0.3,rank_rolling,73,38596,33964,0.8788993678,0.865475209,0.8673713661,0.8715008468,0.01162473231,0.02016817661,0.5205479452,0.6438356164,2818.843629,2818.843629,2818.843629,0,1000,2.424657534
0.88,0,59,0.3,adaptive_mass_rolling,73,38596,33964,0.8786402736,0.8652102226,0.8671074989,0.871806072,0.01154933906,0.02020969493,0.5205479452,0.6438356164,2707.710664,2568.237546,3223.320893,0,1000,2.424657534
0.88,0,71,0.3,margin_rolling,73,38596,33964,0.8785884548,0.8803733365,0.8802222883,0.8972732917,0.008915561234,0.008158837395,0.602739726,0.5479452055,3624.675156,3739.050524,7128,0.2887174656,1000,2.424657534
0.88,0,71,0.3,rank_rolling,73,38596,33964,0.8804021142,0.8671828995,0.8695951328,0.8735330406,0.008715104121,0.01671750222,0.4657534247,0.6712328767,2917.141856,2917.141856,2917.141856,0,1000,2.424657534
0.88,0,71,0.3,adaptive_mass_rolling,73,38596,33964,0.8797284693,0.8667412554,0.869169195,0.8748343017,0.008547878546,0.01677023122,0.5068493151,0.7123287671,2528.172212,2059.272023,4224.786356,0,1000,2.424657534
0.88,0.01,17,0,margin_rolling,73,38596,33964,0.8783811794,0.8798139206,0.8802295093,0.8975646015,0.008691974555,0.007851397003,0.5205479452,0.4657534247,3536.555706,3356.705394,7128,0.2913084442,1000,2.424657534
0.88,0.01,17,0,rank_rolling,73,38596,33964,0.8794693751,0.8661229537,0.8698751404,0.8724212191,0.0106677741,0.01937084149,0.4931506849,0.6438356164,2584.572842,2584.572842,2584.572842,0,1000,2.424657534
0.88,0.01,17,0,adaptive_mass_rolling,73,38596,33964,0.8795989222,0.8662112825,0.8699848423,0.8728015237,0.01081852249,0.01967619377,0.4794520548,0.6301369863,2525.072754,2454.167413,2797.045801,0,1000,2.424657534
0.88,0.01,29,0,margin_rolling,73,38596,33964,0.8792620997,0.8827287716,0.8824250634,0.8990713206,0.009414240439,0.007718149558,0.4931506849,0.4657534247,3617.487546,3601.611618,7128,0.3042633377,1000,2.424657534
0.88,0.01,29,0,rank_rolling,73,38596,33964,0.8797284693,0.8665940407,0.8695773073,0.87252469,0.01015172793,0.01798745121,0.4383561644,0.6575342466,2557.270934,2557.270934,2557.270934,0,1000,2.424657534
0.88,0.01,29,0,adaptive_mass_rolling,73,38596,33964,0.8790030055,0.865975739,0.8687214746,0.8741926793,0.009282803305,0.01773442559,0.5068493151,0.7123287671,2217.09884,1764.027411,3962.199494,0,1000,2.424657534
0.88,0.01,43,0,margin_rolling,73,38596,33964,0.877189346,0.8704216229,0.8698997582,0.8873894488,0.01003974596,0.01409461893,0.5342465753,0.6575342466,3118.282741,1478.767607,7128,0.2139029561,1000,2.424657534
0.88,0.01,43,0,rank_rolling,73,38596,33964,0.8797802881,0.8666823696,0.8686949228,0.8741186513,0.009753416507,0.01766986048,0.397260274,0.6575342466,3112.207514,3112.207514,3112.207514,0,1000,2.424657534
0.88,0.01,43,0,adaptive_mass_rolling,73,38596,33964,0.8793916468,0.8664173831,0.8678398971,0.8755324031,0.01063714585,0.01926084989,0.4931506849,0.6712328767,2750.813803,2349.21514,4271.267047,0,1000,2.424657534
0.88,0.01,59,0,margin_rolling,73,38596,33964,0.8790289149,0.8794900483,0.8786029081,0.8965463782,0.009123386953,0.009359260304,0.5068493151,0.5342465753,3384.91859,2411.395095,7128,0.2640148392,1000,2.424657534
0.88,0.01,59,0,rank_rolling,73,38596,33964,0.8791066432,0.8659462961,0.868406483,0.8725971056,0.01048611387,0.01919418272,0.5479452055,0.6438356164,2555.632788,2555.632788,2555.632788,0,1000,2.424657534
0.88,0.01,59,0,adaptive_mass_rolling,73,38596,33964,0.8802466577,0.8673301142,0.8690941771,0.8758664169,0.010929873,0.01908370463,0.4657534247,0.698630137,2214.543016,1769.794665,3932.841208,0,1000,2.424657534
0.88,0.01,71,0,margin_rolling,73,38596,33964,0.8785884548,0.8770757272,0.876862101,0.8946726506,0.009343902061,0.01022745367,0.5890410959,0.6164383562,3384.503239,2368.75262,7128,0.2601872571,1000,2.424657534
0.88,0.01,71,0,rank_rolling,73,38596,33964,0.8794952845,0.8662407255,0.8691719938,0.8728929371,0.009741943172,0.01823532215,0.5068493151,0.6712328767,2686.872453,2686.872453,2686.872453,0,1000,2.424657534
0.88,0.01,71,0,adaptive_mass_rolling,73,38596,33964,0.8793657374,0.8662112825,0.8688250805,0.874762073,0.009516580423,0.01813470864,0.5205479452,0.698630137,2315.338918,1879.8002,3991.926045,0,1000,2.424657534
0.88,0.01,17,0.1,margin_rolling,73,38596,33964,0.8786920924,0.8795489342,0.8794901963,0.8971020203,0.008470907117,0.008161369445,0.4794520548,0.4657534247,3570.338741,3459.746761,7128,0.287039218,1000,2.424657534
0.88,0.01,17,0.1,rank_rolling,73,38596,33964,0.8791843714,0.8657107526,0.8685250463,0.8719928243,0.0107612076,0.01971550101,0.4794520548,0.6575342466,2598.403839,2598.403839,2598.403839,0,1000,2.424657534
0.88,0.01,17,0.1,adaptive_mass_rolling,73,38596,33964,0.8791066432,0.8657696384,0.8689071577,0.8742888829,0.0107218695,0.01970977769,0.5342465753,0.6712328767,2267.54546,1802.111589,4008.876045,0,1000,2.424657534
0.88,0.01,29,0.1,margin_rolling,73,38596,33964,0.8791843714,0.8807855376,0.8803076699,0.8982808828,0.009067722918,0.008440879242,0.4109589041,0.4657534247,3541.493375,3279.656401,7128,0.2868036745,1000,2.424657534
0.88,0.01,29,0.1,rank_rolling,73,38596,33964,0.8791843714,0.8663290543,0.8692270284,0.8725312796,0.01081856623,0.01892682664,0.4794520548,0.602739726,2583.159404,2583.159404,2583.159404,0,1000,2.424657534
0.88,0.01,29,0.1,adaptive_mass_rolling,73,38596,33964,0.8795211939,0.8667706984,0.8695791341,0.8749209013,0.01024393757,0.01797180251,0.4657534247,0.6712328767,2262.127517,1800.149246,4014.213202,0,1000,2.424657534
0.88,0.01,43,0.1,margin_rolling,73,38596,33964,0.8784070888,0.8794606053,0.8794791454,0.8962564704,0.009337709248,0.008849451493,0.5479452055,0.5068493151,3511.115181,3146.054499,7128,0.2773819338,1000,2.424657534
0.88,0.01,43,0.1,rank_rolling,73,38596,33964,0.8787439113,0.8655340949,0.867573477,0.8716808694,0.0114905302,0.01952388096,0.4794520548,0.6301369863,2702.296461,2702.296461,2702.296461,0,1000,2.424657534
0.88,0.01,43,0.1,adaptive_mass_rolling,73,38596,33964,0.8802725671,0.8671534566,0.8687011409,0.8749660471,0.01014932231,0.01776832149,0.4383561644,0.6301369863,2387.881139,1952.472235,4049.246061,0,1000,2.424657534
0.88,0.01,59,0.1,margin_rolling,73,38596,33964,0.8779148098,0.8743669768,0.8746529392,0.8925050977,0.01053957378,0.0127874116,0.5342465753,0.5890410959,3263.116005,1786.083647,7128,0.2459663173,1000,2.424657534
0.88,0.01,59,0.1,rank_rolling,73,38596,33964,0.8797025599,0.8663879402,0.8689632609,0.8728885907,0.0111122403,0.01928491436,0.4794520548,0.6575342466,2639.090007,2639.090007,2639.090007,0,1000,2.424657534
0.88,0.01,59,0.1,adaptive_mass_rolling,73,38596,33964,0.8813089439,0.8680956307,0.8700500959,0.8763404482,0.009989096848,0.01804230968,0.4931506849,0.6438356164,2300.271317,1844.751678,4028.41319,0,1000,2.424657534
0.88,0.01,71,0.1,margin_rolling,73,38596,33964,0.8805575707,0.8812860676,0.8813797228,0.8977566727,0.00789893066,0.007966398368,0.5068493151,0.5068493151,3428.368684,2619.938258,7128,0.2703156283,1000,2.424657534
0.88,0.01,71,0.1,rank_rolling,73,38596,33964,0.8784848171,0.8652985514,0.8685151648,0.8718239948,0.01042162126,0.01869618784,0.5068493151,0.6438356164,2703.785184,2703.785184,2703.785184,0,1000,2.424657534
0.88,0.01,71,0.1,adaptive_mass_rolling,73,38596,33964,0.879339828,0.865975739,0.8689776329,0.8742963838,0.009461597091,0.01797733935,0.5205479452,0.6849315068,2379.011453,1938.968673,4050.178577,0,1000,2.424657534
0.88,0.01,17,0.2,margin_rolling,73,38596,33964,0.8784329982,0.8805205512,0.8808971217,0.8975944768,0.008332818558,0.007752899062,0.4657534247,0.4794520548,3632.057178,3795.254829,7128,0.2968731598,1000,2.424657534
0.88,0.01,17,0.2,rank_rolling,73,38596,33964,0.8781220852,0.8648569073,0.8681622196,0.8711198412,0.01115847847,0.01975777902,0.5205479452,0.6438356164,2662.416941,2662.416941,2662.416941,0,1000,2.424657534
0.88,0.01,17,0.2,adaptive_mass_rolling,73,38596,33964,0.8785884548,0.865504652,0.8687007768,0.8736687819,0.01037393658,0.01877396801,0.4931506849,0.6575342466,2340.733512,1861.19132,4076.176098,0,1000,2.424657534
0.88,0.01,29,0.2,margin_rolling,73,38596,33964,0.8794693751,0.8834942881,0.8831448114,0.8995290676,0.01022921786,0.008080041992,0.5068493151,0.4520547945,3771.430603,4484.705865,7128,0.331851372,1000,2.424657534
0.88,0.01,29,0.2,rank_rolling,73,38596,33964,0.8790807338,0.8658579673,0.8678602415,0.8718082451,0.01067899907,0.01921452042,0.4931506849,0.6438356164,2660.421917,2660.421917,2660.421917,0,1000,2.424657534
0.88,0.01,29,0.2,adaptive_mass_rolling,73,38596,33964,0.8797802881,0.8670062419,0.8688441273,0.8751463034,0.009848998246,0.01814790537,0.4931506849,0.6575342466,2301.226505,1804.62737,4089.178289,0,1000,2.424657534
0.88,0.01,43,0.2,margin_rolling,73,38596,33964,0.8780702663,0.8779590154,0.8778288214,0.8960453658,0.008810274205,0.009121203849,0.4657534247,0.4931506849,3500.410817,2981.141179,7128,0.2737015664,1000,2.424657534
0.88,0.01,43,0.2,rank_rolling,73,38596,33964,0.8790030055,0.8654163232,0.866880217,0.8720946128,0.01219079912,0.02043529234,0.4794520548,0.6438356164,2831.796726,2831.796726,2831.796726,0,1000,2.424657534
0.88,0.01,43,0.2,adaptive_mass_rolling,73,38596,33964,0.879158462,0.8652985514,0.8668082388,0.8742682378,0.01211189245,0.02092769263,0.4657534247,0.6301369863,2467.450359,2009.926864,4169.163667,0,1000,2.424657534
0.88,0.01,59,0.2,margin_rolling,73,38596,33964,0.8786143642,0.8804322224,0.8801788165,0.8975899085,0.009628651239,0.008790804782,0.4931506849,0.4931506849,3571.224974,3442.92654,7128,0.2837121658,1000,2.424657534
0.88,0.01,59,0.2,rank_rolling,73,38596,33964,0.8800912012,0.8670945707,0.868940241,0.8732980929,0.0110496815,0.01913395665,0.5068493151,0.6301369863,2715.152838,2715.152838,2715.152838,0,1000,2.424657534
0.88,0.01,59,0.2,adaptive_mass_rolling,73,38596,33964,0.8807907555,0.8678600872,0.8695565341,0.8758368922,0.01076560184,0.01917727845,0.5205479452,0.6575342466,2389.140708,1919.857614,4126.185756,0,1000,2.424657534
0.88,0.01,71,0.2,margin_rolling,73,38596,33964,0.8791325526,0.8793428336,0.8797826051,0.8963972007,0.008050877892,0.008327495515,0.5342465753,0.5068493151,3498.746702,2988.610676,7128,0.2736721234,1000,2.424657534
0.88,0.01,71,0.2,rank_rolling,73,38596,33964,0.8797025599,0.8666529266,0.8696140026,0.8733028482,0.01045650837,0.01862344116,0.5068493151,0.6301369863,2834.000471,2834.000471,2834.000471,0,1000,2.424657534
0.88,0.01,71,0.2,adaptive_mass_rolling,73,38596,33964,0.8809980309,0.867918973,0.8708902481,0.8765756412,0.008702772455,0.01663365917,0.4794520548,0.6438356164,2475.65805,2021.763249,4166.84006,0,1000,2.424657534
0.88,0.01,17,0.3,margin_rolling,73,38596,33964,0.8789770961,0.8821987987,0.882304324,0.8993997757,0.008678373164,0.006797335054,0.4931506849,0.397260274,3818.680986,4761.765104,7128,0.3244317513,1000,2.424657534
0.88,0.01,17,0.3,rank_rolling,73,38596,33964,0.8775002591,0.8640619479,0.8669607896,0.8701355357,0.01309791242,0.02133043611,0.4657534247,0.6301369863,2677.723884,2677.723884,2677.723884,0,1000,2.424657534
0.88,0.01,17,0.3,adaptive_mass_rolling,73,38596,33964,0.8784329982,0.8650924508,0.867596412,0.8728243771,0.01156324441,0.01991604043,0.4520547945,0.6712328767,2316.5,1802.977977,4100.775704,0,1000,2.424657534
0.88,0.01,29,0.3,margin_rolling,73,38596,33964,0.8805057519,0.8844364621,0.8838678904,0.9003231741,0.00961019526,0.007190326967,0.5342465753,0.4520547945,3786.111648,4571.506801,7128,0.3617948416,1000,2.424657534
0.88,0.01,29,0.3,rank_rolling,73,38596,33964,0.8792620997,0.866005182,0.8676111246,0.8719785936,0.01009268931,0.01894583129,0.5205479452,0.6712328767,3062.500265,3062.500265,3062.500265,0,1000,2.424657534
0.88,0.01,29,0.3,adaptive_mass_rolling,73,38596,33964,0.8793916468,0.8663879402,0.8681253075,0.8743377675,0.01010604633,0.01861355785,0.4520547945,0.6849315068,2690.112148,2138.143711,4215.481363,0,1000,2.424657534
0.88,0.01,43,0.3,margin_rolling,73,38596,33964,0.88014302,0.8817865976,0.8813882833,0.8991334717,0.009050949349,0.00789594368,0.4657534247,0.4657534247,3689.517401,4141.131345,7128,0.321134142,1000,2.424657534
0.88,0.01,43,0.3,rank_rolling,73,38596,33964,0.8785625453,0.8652985514,0.8675271645,0.8712761692,0.01084455272,0.01931078176,0.5205479452,0.6575342466,3064.062066,3064.062066,3064.062066,0,1000,2.424657534
0.88,0.01,43,0.3,adaptive_mass_rolling,73,38596,33964,0.8795989222,0.8663879402,0.8683523015,0.8741743359,0.01056957506,0.01874953645,0.4931506849,0.6575342466,2694.494318,2227.21352,4322.066788,0,1000,2.424657534
0.88,0.01,59,0.3,margin_rolling,73,38596,33964,0.8791843714,0.8822871275,0.8815587724,0.8991758458,0.01024968897,0.00872329089,0.5068493151,0.4657534247,3770.726828,4487.402986,7128,0.3232834766,1000,2.424657534
0.88,0.01,59,0.3,rank_rolling,73,38596,33964,0.8788993678,0.865475209,0.8673713661,0.8715008468,0.01162473231,0.02016817661,0.5205479452,0.6438356164,2818.843629,2818.843629,2818.843629,0,1000,2.424657534
0.88,0.01,59,0.3,adaptive_mass_rolling,73,38596,33964,0.879832107,0.8667118125,0.867985985,0.8745576783,0.01065816194,0.01884026582,0.4931506849,0.6849315068,2495.989253,2015.251295,4199.547527,0,1000,2.424657534
0.88,0.01,71,0.3,margin_rolling,73,38596,33964,0.8785884548,0.8803733365,0.8802222883,0.8972732917,0.008915561234,0.008158837395,0.602739726,0.5479452055,3624.675156,3739.050524,7128,0.2887174656,1000,2.424657534
0.88,0.01,71,0.3,rank_rolling,73,38596,33964,0.8804021142,0.8671828995,0.8695951328,0.8735330406,0.008715104121,0.01671750222,0.4657534247,0.6712328767,2917.141856,2917.141856,2917.141856,0,1000,2.424657534
0.88,0.01,71,0.3,adaptive_mass_rolling,73,38596,33964,0.8797284693,0.8667412554,0.869169195,0.8748343017,0.008547878546,0.01677023122,0.5068493151,0.7123287671,2528.172212,2059.272023,4224.786356,0,1000,2.424657534
0.88,0.02,17,0,margin_rolling,73,38596,33964,0.8783811794,0.8798139206,0.8802295093,0.8975646015,0.008691974555,0.007851397003,0.5205479452,0.4657534247,3536.555706,3356.705394,7128,0.2913084442,1000,2.424657534
0.88,0.02,17,0,rank_rolling,73,38596,33964,0.8794693751,0.8661229537,0.8698751404,0.8724212191,0.0106677741,0.01937084149,0.4931506849,0.6438356164,2584.572842,2584.572842,2584.572842,0,1000,2.424657534
0.88,0.02,17,0,adaptive_mass_rolling,73,38596,33964,0.8787439113,0.8652985514,0.8688214497,0.8738554174,0.01073581908,0.01963221406,0.5068493151,0.6575342466,2230.238193,1778.003003,3952.334996,0,1000,2.424657534
0.88,0.02,29,0,margin_rolling,73,38596,33964,0.8792620997,0.8827287716,0.8824250634,0.8990713206,0.009414240439,0.007718149558,0.4931506849,0.4657534247,3617.487546,3601.611618,7128,0.3042633377,1000,2.424657534
0.88,0.02,29,0,rank_rolling,73,38596,33964,0.8797284693,0.8665940407,0.8695773073,0.87252469,0.01015172793,0.01798745121,0.4383561644,0.6575342466,2557.270934,2557.270934,2557.270934,0,1000,2.424657534
0.88,0.02,29,0,adaptive_mass_rolling,73,38596,33964,0.8790030055,0.865975739,0.8687214746,0.8741926793,0.009282803305,0.01773442559,0.5068493151,0.7123287671,2217.09884,1764.027411,3962.199494,0,1000,2.424657534
0.88,0.02,43,0,margin_rolling,73,38596,33964,0.877189346,0.8704216229,0.8698997582,0.8873894488,0.01003974596,0.01409461893,0.5342465753,0.6575342466,3118.282741,1478.767607,7128,0.2139029561,1000,2.424657534
0.88,0.02,43,0,rank_rolling,73,38596,33964,0.8797802881,0.8666823696,0.8686949228,0.8741186513,0.009753416507,0.01766986048,0.397260274,0.6575342466,3112.207514,3112.207514,3112.207514,0,1000,2.424657534
0.88,0.02,43,0,adaptive_mass_rolling,73,38596,33964,0.8793916468,0.8664173831,0.8678398971,0.8755324031,0.01063714585,0.01926084989,0.4931506849,0.6712328767,2750.813803,2349.21514,4271.267047,0,1000,2.424657534
0.88,0.02,59,0,margin_rolling,73,38596,33964,0.8790289149,0.8794900483,0.8786029081,0.8965463782,0.009123386953,0.009359260304,0.5068493151,0.5342465753,3384.91859,2411.395095,7128,0.2640148392,1000,2.424657534
0.88,0.02,59,0,rank_rolling,73,38596,33964,0.8791066432,0.8659462961,0.868406483,0.8725971056,0.01048611387,0.01919418272,0.5479452055,0.6438356164,2555.632788,2555.632788,2555.632788,0,1000,2.424657534
0.88,0.02,59,0,adaptive_mass_rolling,73,38596,33964,0.8802466577,0.8673301142,0.8690941771,0.8758664169,0.010929873,0.01908370463,0.4657534247,0.698630137,2214.543016,1769.794665,3932.841208,0,1000,2.424657534
0.88,0.02,71,0,margin_rolling,73,38596,33964,0.8785884548,0.8770757272,0.876862101,0.8946726506,0.009343902061,0.01022745367,0.5890410959,0.6164383562,3384.503239,2368.75262,7128,0.2601872571,1000,2.424657534
0.88,0.02,71,0,rank_rolling,73,38596,33964,0.8794952845,0.8662407255,0.8691719938,0.8728929371,0.009741943172,0.01823532215,0.5068493151,0.6712328767,2686.872453,2686.872453,2686.872453,0,1000,2.424657534
0.88,0.02,71,0,adaptive_mass_rolling,73,38596,33964,0.8793657374,0.8662112825,0.8688250805,0.874762073,0.009516580423,0.01813470864,0.5205479452,0.698630137,2315.338918,1879.8002,3991.926045,0,1000,2.424657534
0.88,0.02,17,0.1,margin_rolling,73,38596,33964,0.8786920924,0.8795489342,0.8794901963,0.8971020203,0.008470907117,0.008161369445,0.4794520548,0.4657534247,3570.338741,3459.746761,7128,0.287039218,1000,2.424657534
0.88,0.02,17,0.1,rank_rolling,73,38596,33964,0.8791843714,0.8657107526,0.8685250463,0.8719928243,0.0107612076,0.01971550101,0.4794520548,0.6575342466,2598.403839,2598.403839,2598.403839,0,1000,2.424657534
0.88,0.02,17,0.1,adaptive_mass_rolling,73,38596,33964,0.8791066432,0.8657696384,0.8689071577,0.8742888829,0.0107218695,0.01970977769,0.5342465753,0.6712328767,2267.54546,1802.111589,4008.876045,0,1000,2.424657534
0.88,0.02,29,0.1,margin_rolling,73,38596,33964,0.8791843714,0.8807855376,0.8803076699,0.8982808828,0.009067722918,0.008440879242,0.4109589041,0.4657534247,3541.493375,3279.656401,7128,0.2868036745,1000,2.424657534
0.88,0.02,29,0.1,rank_rolling,73,38596,33964,0.8791843714,0.8663290543,0.8692270284,0.8725312796,0.01081856623,0.01892682664,0.4794520548,0.602739726,2583.159404,2583.159404,2583.159404,0,1000,2.424657534
0.88,0.02,29,0.1,adaptive_mass_rolling,73,38596,33964,0.8795211939,0.8667706984,0.8695791341,0.8749209013,0.01024393757,0.01797180251,0.4657534247,0.6712328767,2262.127517,1800.149246,4014.213202,0,1000,2.424657534
0.88,0.02,43,0.1,margin_rolling,73,38596,33964,0.8784070888,0.8794606053,0.8794791454,0.8962564704,0.009337709248,0.008849451493,0.5479452055,0.5068493151,3511.115181,3146.054499,7128,0.2773819338,1000,2.424657534
0.88,0.02,43,0.1,rank_rolling,73,38596,33964,0.8787439113,0.8655340949,0.867573477,0.8716808694,0.0114905302,0.01952388096,0.4794520548,0.6301369863,2702.296461,2702.296461,2702.296461,0,1000,2.424657534
0.88,0.02,43,0.1,adaptive_mass_rolling,73,38596,33964,0.8802725671,0.8671534566,0.8687011409,0.8749660471,0.01014932231,0.01776832149,0.4383561644,0.6301369863,2387.881139,1952.472235,4049.246061,0,1000,2.424657534
0.88,0.02,59,0.1,margin_rolling,73,38596,33964,0.8779148098,0.8743669768,0.8746529392,0.8925050977,0.01053957378,0.0127874116,0.5342465753,0.5890410959,3263.116005,1786.083647,7128,0.2459663173,1000,2.424657534
0.88,0.02,59,0.1,rank_rolling,73,38596,33964,0.8797025599,0.8663879402,0.8689632609,0.8728885907,0.0111122403,0.01928491436,0.4794520548,0.6575342466,2639.090007,2639.090007,2639.090007,0,1000,2.424657534
0.88,0.02,59,0.1,adaptive_mass_rolling,73,38596,33964,0.8813089439,0.8680956307,0.8700500959,0.8763404482,0.009989096848,0.01804230968,0.4931506849,0.6438356164,2300.271317,1844.751678,4028.41319,0,1000,2.424657534
0.88,0.02,71,0.1,margin_rolling,73,38596,33964,0.8805575707,0.8812860676,0.8813797228,0.8977566727,0.00789893066,0.007966398368,0.5068493151,0.5068493151,3428.368684,2619.938258,7128,0.2703156283,1000,2.424657534
0.88,0.02,71,0.1,rank_rolling,73,38596,33964,0.8784848171,0.8652985514,0.8685151648,0.8718239948,0.01042162126,0.01869618784,0.5068493151,0.6438356164,2703.785184,2703.785184,2703.785184,0,1000,2.424657534
0.88,0.02,71,0.1,adaptive_mass_rolling,73,38596,33964,0.879339828,0.865975739,0.8689776329,0.8742963838,0.009461597091,0.01797733935,0.5205479452,0.6849315068,2379.011453,1938.968673,4050.178577,0,1000,2.424657534
0.88,0.02,17,0.2,margin_rolling,73,38596,33964,0.8784329982,0.8805205512,0.8808971217,0.8975944768,0.008332818558,0.007752899062,0.4657534247,0.4794520548,3632.057178,3795.254829,7128,0.2968731598,1000,2.424657534
0.88,0.02,17,0.2,rank_rolling,73,38596,33964,0.8781220852,0.8648569073,0.8681622196,0.8711198412,0.01115847847,0.01975777902,0.5205479452,0.6438356164,2662.416941,2662.416941,2662.416941,0,1000,2.424657534
0.88,0.02,17,0.2,adaptive_mass_rolling,73,38596,33964,0.8785884548,0.865504652,0.8687007768,0.8736687819,0.01037393658,0.01877396801,0.4931506849,0.6575342466,2340.733512,1861.19132,4076.176098,0,1000,2.424657534
0.88,0.02,29,0.2,margin_rolling,73,38596,33964,0.8794693751,0.8834942881,0.8831448114,0.8995290676,0.01022921786,0.008080041992,0.5068493151,0.4520547945,3771.430603,4484.705865,7128,0.331851372,1000,2.424657534
0.88,0.02,29,0.2,rank_rolling,73,38596,33964,0.8790807338,0.8658579673,0.8678602415,0.8718082451,0.01067899907,0.01921452042,0.4931506849,0.6438356164,2660.421917,2660.421917,2660.421917,0,1000,2.424657534
0.88,0.02,29,0.2,adaptive_mass_rolling,73,38596,33964,0.8797802881,0.8670062419,0.8688441273,0.8751463034,0.009848998246,0.01814790537,0.4931506849,0.6575342466,2301.226505,1804.62737,4089.178289,0,1000,2.424657534
0.88,0.02,43,0.2,margin_rolling,73,38596,33964,0.8780702663,0.8779590154,0.8778288214,0.8960453658,0.008810274205,0.009121203849,0.4657534247,0.4931506849,3500.410817,2981.141179,7128,0.2737015664,1000,2.424657534
0.88,0.02,43,0.2,rank_rolling,73,38596,33964,0.8790030055,0.8654163232,0.866880217,0.8720946128,0.01219079912,0.02043529234,0.4794520548,0.6438356164,2831.796726,2831.796726,2831.796726,0,1000,2.424657534
0.88,0.02,43,0.2,adaptive_mass_rolling,73,38596,33964,0.879158462,0.8652985514,0.8668082388,0.8742682378,0.01211189245,0.02092769263,0.4657534247,0.6301369863,2467.450359,2009.926864,4169.163667,0,1000,2.424657534
0.88,0.02,59,0.2,margin_rolling,73,38596,33964,0.8786143642,0.8804322224,0.8801788165,0.8975899085,0.009628651239,0.008790804782,0.4931506849,0.4931506849,3571.224974,3442.92654,7128,0.2837121658,1000,2.424657534
0.88,0.02,59,0.2,rank_rolling,73,38596,33964,0.8800912012,0.8670945707,0.868940241,0.8732980929,0.0110496815,0.01913395665,0.5068493151,0.6301369863,2715.152838,2715.152838,2715.152838,0,1000,2.424657534
0.88,0.02,59,0.2,adaptive_mass_rolling,73,38596,33964,0.8807907555,0.8678600872,0.8695565341,0.8758368922,0.01076560184,0.01917727845,0.5205479452,0.6575342466,2389.140708,1919.857614,4126.185756,0,1000,2.424657534
0.88,0.02,71,0.2,margin_rolling,73,38596,33964,0.8791325526,0.8793428336,0.8797826051,0.8963972007,0.008050877892,0.008327495515,0.5342465753,0.5068493151,3498.746702,2988.610676,7128,0.2736721234,1000,2.424657534
0.88,0.02,71,0.2,rank_rolling,73,38596,33964,0.8797025599,0.8666529266,0.8696140026,0.8733028482,0.01045650837,0.01862344116,0.5068493151,0.6301369863,2834.000471,2834.000471,2834.000471,0,1000,2.424657534
0.88,0.02,71,0.2,adaptive_mass_rolling,73,38596,33964,0.8809980309,0.867918973,0.8708902481,0.8765756412,0.008702772455,0.01663365917,0.4794520548,0.6438356164,2475.65805,2021.763249,4166.84006,0,1000,2.424657534
0.88,0.02,17,0.3,margin_rolling,73,38596,33964,0.8789770961,0.8821987987,0.882304324,0.8993997757,0.008678373164,0.006797335054,0.4931506849,0.397260274,3818.680986,4761.765104,7128,0.3244317513,1000,2.424657534
0.88,0.02,17,0.3,rank_rolling,73,38596,33964,0.8775002591,0.8640619479,0.8669607896,0.8701355357,0.01309791242,0.02133043611,0.4657534247,0.6301369863,2677.723884,2677.723884,2677.723884,0,1000,2.424657534
0.88,0.02,17,0.3,adaptive_mass_rolling,73,38596,33964,0.8784329982,0.8650924508,0.867596412,0.8728243771,0.01156324441,0.01991604043,0.4520547945,0.6712328767,2316.5,1802.977977,4100.775704,0,1000,2.424657534
0.88,0.02,29,0.3,margin_rolling,73,38596,33964,0.8805057519,0.8844364621,0.8838678904,0.9003231741,0.00961019526,0.007190326967,0.5342465753,0.4520547945,3786.111648,4571.506801,7128,0.3617948416,1000,2.424657534
0.88,0.02,29,0.3,rank_rolling,73,38596,33964,0.8792620997,0.866005182,0.8676111246,0.8719785936,0.01009268931,0.01894583129,0.5205479452,0.6712328767,3062.500265,3062.500265,3062.500265,0,1000,2.424657534
0.88,0.02,29,0.3,adaptive_mass_rolling,73,38596,33964,0.8793916468,0.8663879402,0.8681253075,0.8743377675,0.01010604633,0.01861355785,0.4520547945,0.6849315068,2690.112148,2138.143711,4215.481363,0,1000,2.424657534
0.88,0.02,43,0.3,margin_rolling,73,38596,33964,0.88014302,0.8817865976,0.8813882833,0.8991334717,0.009050949349,0.00789594368,0.4657534247,0.4657534247,3689.517401,4141.131345,7128,0.321134142,1000,2.424657534
0.88,0.02,43,0.3,rank_rolling,73,38596,33964,0.8785625453,0.8652985514,0.8675271645,0.8712761692,0.01084455272,0.01931078176,0.5205479452,0.6575342466,3064.062066,3064.062066,3064.062066,0,1000,2.424657534
0.88,0.02,43,0.3,adaptive_mass_rolling,73,38596,33964,0.8795989222,0.8663879402,0.8683523015,0.8741743359,0.01056957506,0.01874953645,0.4931506849,0.6575342466,2694.494318,2227.21352,4322.066788,0,1000,2.424657534
0.88,0.02,59,0.3,margin_rolling,73,38596,33964,0.8791843714,0.8822871275,0.8815587724,0.8991758458,0.01024968897,0.00872329089,0.5068493151,0.4657534247,3770.726828,4487.402986,7128,0.3232834766,1000,2.424657534
0.88,0.02,59,0.3,rank_rolling,73,38596,33964,0.8788993678,0.865475209,0.8673713661,0.8715008468,0.01162473231,0.02016817661,0.5205479452,0.6438356164,2818.843629,2818.843629,2818.843629,0,1000,2.424657534
0.88,0.02,59,0.3,adaptive_mass_rolling,73,38596,33964,0.879832107,0.8667118125,0.867985985,0.8745576783,0.01065816194,0.01884026582,0.4931506849,0.6849315068,2495.989253,2015.251295,4199.547527,0,1000,2.424657534
0.88,0.02,71,0.3,margin_rolling,73,38596,33964,0.8785884548,0.8803733365,0.8802222883,0.8972732917,0.008915561234,0.008158837395,0.602739726,0.5479452055,3624.675156,3739.050524,7128,0.2887174656,1000,2.424657534
0.88,0.02,71,0.3,rank_rolling,73,38596,33964,0.8804021142,0.8671828995,0.8695951328,0.8735330406,0.008715104121,0.01671750222,0.4657534247,0.6712328767,2917.141856,2917.141856,2917.141856,0,1000,2.424657534
0.88,0.02,71,0.3,adaptive_mass_rolling,73,38596,33964,0.8797284693,0.8667412554,0.869169195,0.8748343017,0.008547878546,0.01677023122,0.5068493151,0.7123287671,2528.172212,2059.272023,4224.786356,0,1000,2.424657534
0.88,0.03,17,0,margin_rolling,73,38596,33964,0.8783811794,0.8798139206,0.8802295093,0.8975646015,0.008691974555,0.007851397003,0.5205479452,0.4657534247,3536.555706,3356.705394,7128,0.2913084442,1000,2.424657534
0.88,0.03,17,0,rank_rolling,73,38596,33964,0.8794693751,0.8661229537,0.8698751404,0.8724212191,0.0106677741,0.01937084149,0.4931506849,0.6438356164,2584.572842,2584.572842,2584.572842,0,1000,2.424657534
0.88,0.03,17,0,adaptive_mass_rolling,73,38596,33964,0.8787439113,0.8652985514,0.8688214497,0.8738554174,0.01073581908,0.01963221406,0.5068493151,0.6575342466,2230.238193,1778.003003,3952.334996,0,1000,2.424657534
0.88,0.03,29,0,margin_rolling,73,38596,33964,0.8792620997,0.8827287716,0.8824250634,0.8990713206,0.009414240439,0.007718149558,0.4931506849,0.4657534247,3617.487546,3601.611618,7128,0.3042633377,1000,2.424657534
0.88,0.03,29,0,rank_rolling,73,38596,33964,0.8797284693,0.8665940407,0.8695773073,0.87252469,0.01015172793,0.01798745121,0.4383561644,0.6575342466,2557.270934,2557.270934,2557.270934,0,1000,2.424657534
0.88,0.03,29,0,adaptive_mass_rolling,73,38596,33964,0.8790030055,0.865975739,0.8687214746,0.8741926793,0.009282803305,0.01773442559,0.5068493151,0.7123287671,2217.09884,1764.027411,3962.199494,0,1000,2.424657534
0.88,0.03,43,0,margin_rolling,73,38596,33964,0.877189346,0.8704216229,0.8698997582,0.8873894488,0.01003974596,0.01409461893,0.5342465753,0.6575342466,3118.282741,1478.767607,7128,0.2139029561,1000,2.424657534
0.88,0.03,43,0,rank_rolling,73,38596,33964,0.8797802881,0.8666823696,0.8686949228,0.8741186513,0.009753416507,0.01766986048,0.397260274,0.6575342466,3112.207514,3112.207514,3112.207514,0,1000,2.424657534
0.88,0.03,43,0,adaptive_mass_rolling,73,38596,33964,0.8793916468,0.8664173831,0.8678398971,0.8755324031,0.01063714585,0.01926084989,0.4931506849,0.6712328767,2750.813803,2349.21514,4271.267047,0,1000,2.424657534
0.88,0.03,59,0,margin_rolling,73,38596,33964,0.8790289149,0.8794900483,0.8786029081,0.8965463782,0.009123386953,0.009359260304,0.5068493151,0.5342465753,3384.91859,2411.395095,7128,0.2640148392,1000,2.424657534
0.88,0.03,59,0,rank_rolling,73,38596,33964,0.8791066432,0.8659462961,0.868406483,0.8725971056,0.01048611387,0.01919418272,0.5479452055,0.6438356164,2555.632788,2555.632788,2555.632788,0,1000,2.424657534
0.88,0.03,59,0,adaptive_mass_rolling,73,38596,33964,0.8802466577,0.8673301142,0.8690941771,0.8758664169,0.010929873,0.01908370463,0.4657534247,0.698630137,2214.543016,1769.794665,3932.841208,0,1000,2.424657534
0.88,0.03,71,0,margin_rolling,73,38596,33964,0.8785884548,0.8770757272,0.876862101,0.8946726506,0.009343902061,0.01022745367,0.5890410959,0.6164383562,3384.503239,2368.75262,7128,0.2601872571,1000,2.424657534
0.88,0.03,71,0,rank_rolling,73,38596,33964,0.8794952845,0.8662407255,0.8691719938,0.8728929371,0.009741943172,0.01823532215,0.5068493151,0.6712328767,2686.872453,2686.872453,2686.872453,0,1000,2.424657534
0.88,0.03,71,0,adaptive_mass_rolling,73,38596,33964,0.8793657374,0.8662112825,0.8688250805,0.874762073,0.009516580423,0.01813470864,0.5205479452,0.698630137,2315.338918,1879.8002,3991.926045,0,1000,2.424657534
0.88,0.03,17,0.1,margin_rolling,73,38596,33964,0.8786920924,0.8795489342,0.8794901963,0.8971020203,0.008470907117,0.008161369445,0.4794520548,0.4657534247,3570.338741,3459.746761,7128,0.287039218,1000,2.424657534
0.88,0.03,17,0.1,rank_rolling,73,38596,33964,0.8791843714,0.8657107526,0.8685250463,0.8719928243,0.0107612076,0.01971550101,0.4794520548,0.6575342466,2598.403839,2598.403839,2598.403839,0,1000,2.424657534
0.88,0.03,17,0.1,adaptive_mass_rolling,73,38596,33964,0.8791066432,0.8657696384,0.8689071577,0.8742888829,0.0107218695,0.01970977769,0.5342465753,0.6712328767,2267.54546,1802.111589,4008.876045,0,1000,2.424657534
0.88,0.03,29,0.1,margin_rolling,73,38596,33964,0.8791843714,0.8807855376,0.8803076699,0.8982808828,0.009067722918,0.008440879242,0.4109589041,0.4657534247,3541.493375,3279.656401,7128,0.2868036745,1000,2.424657534
0.88,0.03,29,0.1,rank_rolling,73,38596,33964,0.8791843714,0.8663290543,0.8692270284,0.8725312796,0.01081856623,0.01892682664,0.4794520548,0.602739726,2583.159404,2583.159404,2583.159404,0,1000,2.424657534
0.88,0.03,29,0.1,adaptive_mass_rolling,73,38596,33964,0.8795211939,0.8667706984,0.8695791341,0.8749209013,0.01024393757,0.01797180251,0.4657534247,0.6712328767,2262.127517,1800.149246,4014.213202,0,1000,2.424657534
0.88,0.03,43,0.1,margin_rolling,73,38596,33964,0.8784070888,0.8794606053,0.8794791454,0.8962564704,0.009337709248,0.008849451493,0.5479452055,0.5068493151,3511.115181,3146.054499,7128,0.2773819338,1000,2.424657534
0.88,0.03,43,0.1,rank_rolling,73,38596,33964,0.8787439113,0.8655340949,0.867573477,0.8716808694,0.0114905302,0.01952388096,0.4794520548,0.6301369863,2702.296461,2702.296461,2702.296461,0,1000,2.424657534
0.88,0.03,43,0.1,adaptive_mass_rolling,73,38596,33964,0.8802725671,0.8671534566,0.8687011409,0.8749660471,0.01014932231,0.01776832149,0.4383561644,0.6301369863,2387.881139,1952.472235,4049.246061,0,1000,2.424657534
0.88,0.03,59,0.1,margin_rolling,73,38596,33964,0.8779148098,0.8743669768,0.8746529392,0.8925050977,0.01053957378,0.0127874116,0.5342465753,0.5890410959,3263.116005,1786.083647,7128,0.2459663173,1000,2.424657534
0.88,0.03,59,0.1,rank_rolling,73,38596,33964,0.8797025599,0.8663879402,0.8689632609,0.8728885907,0.0111122403,0.01928491436,0.4794520548,0.6575342466,2639.090007,2639.090007,2639.090007,0,1000,2.424657534
0.88,0.03,59,0.1,adaptive_mass_rolling,73,38596,33964,0.8813089439,0.8680956307,0.8700500959,0.8763404482,0.009989096848,0.01804230968,0.4931506849,0.6438356164,2300.271317,1844.751678,4028.41319,0,1000,2.424657534
0.88,0.03,71,0.1,margin_rolling,73,38596,33964,0.8805575707,0.8812860676,0.8813797228,0.8977566727,0.00789893066,0.007966398368,0.5068493151,0.5068493151,3428.368684,2619.938258,7128,0.2703156283,1000,2.424657534
0.88,0.03,71,0.1,rank_rolling,73,38596,33964,0.8784848171,0.8652985514,0.8685151648,0.8718239948,0.01042162126,0.01869618784,0.5068493151,0.6438356164,2703.785184,2703.785184,2703.785184,0,1000,2.424657534
0.88,0.03,71,0.1,adaptive_mass_rolling,73,38596,33964,0.879339828,0.865975739,0.8689776329,0.8742963838,0.009461597091,0.01797733935,0.5205479452,0.6849315068,2379.011453,1938.968673,4050.178577,0,1000,2.424657534
0.88,0.03,17,0.2,margin_rolling,73,38596,33964,0.8784329982,0.8805205512,0.8808971217,0.8975944768,0.008332818558,0.007752899062,0.4657534247,0.4794520548,3632.057178,3795.254829,7128,0.2968731598,1000,2.424657534
0.88,0.03,17,0.2,rank_rolling,73,38596,33964,0.8781220852,0.8648569073,0.8681622196,0.8711198412,0.01115847847,0.01975777902,0.5205479452,0.6438356164,2662.416941,2662.416941,2662.416941,0,1000,2.424657534
0.88,0.03,17,0.2,adaptive_mass_rolling,73,38596,33964,0.8785884548,0.865504652,0.8687007768,0.8736687819,0.01037393658,0.01877396801,0.4931506849,0.6575342466,2340.733512,1861.19132,4076.176098,0,1000,2.424657534
0.88,0.03,29,0.2,margin_rolling,73,38596,33964,0.8794693751,0.8834942881,0.8831448114,0.8995290676,0.01022921786,0.008080041992,0.5068493151,0.4520547945,3771.430603,4484.705865,7128,0.331851372,1000,2.424657534
0.88,0.03,29,0.2,rank_rolling,73,38596,33964,0.8790807338,0.8658579673,0.8678602415,0.8718082451,0.01067899907,0.01921452042,0.4931506849,0.6438356164,2660.421917,2660.421917,2660.421917,0,1000,2.424657534
0.88,0.03,29,0.2,adaptive_mass_rolling,73,38596,33964,0.8797802881,0.8670062419,0.8688441273,0.8751463034,0.009848998246,0.01814790537,0.4931506849,0.6575342466,2301.226505,1804.62737,4089.178289,0,1000,2.424657534
0.88,0.03,43,0.2,margin_rolling,73,38596,33964,0.8780702663,0.8779590154,0.8778288214,0.8960453658,0.008810274205,0.009121203849,0.4657534247,0.4931506849,3500.410817,2981.141179,7128,0.2737015664,1000,2.424657534
0.88,0.03,43,0.2,rank_rolling,73,38596,33964,0.8790030055,0.8654163232,0.866880217,0.8720946128,0.01219079912,0.02043529234,0.4794520548,0.6438356164,2831.796726,2831.796726,2831.796726,0,1000,2.424657534
0.88,0.03,43,0.2,adaptive_mass_rolling,73,38596,33964,0.879158462,0.8652985514,0.8668082388,0.8742682378,0.01211189245,0.02092769263,0.4657534247,0.6301369863,2467.450359,2009.926864,4169.163667,0,1000,2.424657534
0.88,0.03,59,0.2,margin_rolling,73,38596,33964,0.8786143642,0.8804322224,0.8801788165,0.8975899085,0.009628651239,0.008790804782,0.4931506849,0.4931506849,3571.224974,3442.92654,7128,0.2837121658,1000,2.424657534
0.88,0.03,59,0.2,rank_rolling,73,38596,33964,0.8800912012,0.8670945707,0.868940241,0.8732980929,0.0110496815,0.01913395665,0.5068493151,0.6301369863,2715.152838,2715.152838,2715.152838,0,1000,2.424657534
0.88,0.03,59,0.2,adaptive_mass_rolling,73,38596,33964,0.8807907555,0.8678600872,0.8695565341,0.8758368922,0.01076560184,0.01917727845,0.5205479452,0.6575342466,2389.140708,1919.857614,4126.185756,0,1000,2.424657534
0.88,0.03,71,0.2,margin_rolling,73,38596,33964,0.8791325526,0.8793428336,0.8797826051,0.8963972007,0.008050877892,0.008327495515,0.5342465753,0.5068493151,3498.746702,2988.610676,7128,0.2736721234,1000,2.424657534
0.88,0.03,71,0.2,rank_rolling,73,38596,33964,0.8797025599,0.8666529266,0.8696140026,0.8733028482,0.01045650837,0.01862344116,0.5068493151,0.6301369863,2834.000471,2834.000471,2834.000471,0,1000,2.424657534
0.88,0.03,71,0.2,adaptive_mass_rolling,73,38596,33964,0.8809980309,0.867918973,0.8708902481,0.8765756412,0.008702772455,0.01663365917,0.4794520548,0.6438356164,2475.65805,2021.763249,4166.84006,0,1000,2.424657534
0.88,0.03,17,0.3,margin_rolling,73,38596,33964,0.8789770961,0.8821987987,0.882304324,0.8993997757,0.008678373164,0.006797335054,0.4931506849,0.397260274,3818.680986,4761.765104,7128,0.3244317513,1000,2.424657534
0.88,0.03,17,0.3,rank_rolling,73,38596,33964,0.8775002591,0.8640619479,0.8669607896,0.8701355357,0.01309791242,0.02133043611,0.4657534247,0.6301369863,2677.723884,2677.723884,2677.723884,0,1000,2.424657534
0.88,0.03,17,0.3,adaptive_mass_rolling,73,38596,33964,0.8784329982,0.8650924508,0.867596412,0.8728243771,0.01156324441,0.01991604043,0.4520547945,0.6712328767,2316.5,1802.977977,4100.775704,0,1000,2.424657534
0.88,0.03,29,0.3,margin_rolling,73,38596,33964,0.8805057519,0.8844364621,0.8838678904,0.9003231741,0.00961019526,0.007190326967,0.5342465753,0.4520547945,3786.111648,4571.506801,7128,0.3617948416,1000,2.424657534
0.88,0.03,29,0.3,rank_rolling,73,38596,33964,0.8792620997,0.866005182,0.8676111246,0.8719785936,0.01009268931,0.01894583129,0.5205479452,0.6712328767,3062.500265,3062.500265,3062.500265,0,1000,2.424657534
0.88,0.03,29,0.3,adaptive_mass_rolling,73,38596,33964,0.8793916468,0.8663879402,0.8681253075,0.8743377675,0.01010604633,0.01861355785,0.4520547945,0.6849315068,2690.112148,2138.143711,4215.481363,0,1000,2.424657534
0.88,0.03,43,0.3,margin_rolling,73,38596,33964,0.88014302,0.8817865976,0.8813882833,0.8991334717,0.009050949349,0.00789594368,0.4657534247,0.4657534247,3689.517401,4141.131345,7128,0.321134142,1000,2.424657534
0.88,0.03,43,0.3,rank_rolling,73,38596,33964,0.8785625453,0.8652985514,0.8675271645,0.8712761692,0.01084455272,0.01931078176,0.5205479452,0.6575342466,3064.062066,3064.062066,3064.062066,0,1000,2.424657534
0.88,0.03,43,0.3,adaptive_mass_rolling,73,38596,33964,0.8795989222,0.8663879402,0.8683523015,0.8741743359,0.01056957506,0.01874953645,0.4931506849,0.6575342466,2694.494318,2227.21352,4322.066788,0,1000,2.424657534
0.88,0.03,59,0.3,margin_rolling,73,38596,33964,0.8791843714,0.8822871275,0.8815587724,0.8991758458,0.01024968897,0.00872329089,0.5068493151,0.4657534247,3770.726828,4487.402986,7128,0.3232834766,1000,2.424657534
0.88,0.03,59,0.3,rank_rolling,73,38596,33964,0.8788993678,0.865475209,0.8673713661,0.8715008468,0.01162473231,0.02016817661,0.5205479452,0.6438356164,2818.843629,2818.843629,2818.843629,0,1000,2.424657534
0.88,0.03,59,0.3,adaptive_mass_rolling,73,38596,33964,0.879832107,0.8667118125,0.867985985,0.8745576783,0.01065816194,0.01884026582,0.4931506849,0.6849315068,2495.989253,2015.251295,4199.547527,0,1000,2.424657534
0.88,0.03,71,0.3,margin_rolling,73,38596,33964,0.8785884548,0.8803733365,0.8802222883,0.8972732917,0.008915561234,0.008158837395,0.602739726,0.5479452055,3624.675156,3739.050524,7128,0.2887174656,1000,2.424657534
0.88,0.03,71,0.3,rank_rolling,73,38596,33964,0.8804021142,0.8671828995,0.8695951328,0.8735330406,0.008715104121,0.01671750222,0.4657534247,0.6712328767,2917.141856,2917.141856,2917.141856,0,1000,2.424657534
0.88,0.03,71,0.3,adaptive_mass_rolling,73,38596,33964,0.8797284693,0.8667412554,0.869169195,0.8748343017,0.008547878546,0.01677023122,0.5068493151,0.7123287671,2528.172212,2059.272023,4224.786356,0,1000,2.424657534
0.9,0,17,0,margin_rolling,73,38596,33964,0.898745984,0.8996584619,0.8999650582,0.9156427651,0.007808384137,0.007609165514,0.5890410959,0.4931506849,3904.85676,5143.520168,7128,0.3326757743,1000,2.424657534
0.9,0,17,0,rank_rolling,73,38596,33964,0.898745984,0.8872040985,0.8906687521,0.8920199118,0.009772179892,0.0177023342,0.4931506849,0.6712328767,3354.147126,3354.147126,3354.147126,0,1000,2.424657534
0.9,0,17,0,adaptive_mass_rolling,73,38596,33964,0.8986423464,0.8870274408,0.8896858935,0.8933134383,0.01040932046,0.01813567607,0.4520547945,0.6438356164,2951.363414,2580.243316,4362.916464,0,1000,2.424657534
0.9,0,29,0,margin_rolling,73,38596,33964,0.8988237123,0.9012483806,0.901110411,0.9162437282,0.008967514429,0.007758439944,0.5890410959,0.4657534247,3953.910994,5229.891856,7128,0.3430102461,1000,2.424657534
0.9,0,29,0,rank_rolling,73,38596,33964,0.8984091616,0.8872040985,0.8898156886,0.8915237282,0.01035267807,0.01677717554,0.4657534247,0.6575342466,3284.538865,3284.538865,3284.538865,0,1000,2.424657534
0.9,0,29,0,adaptive_mass_rolling,73,38596,33964,0.8993159913,0.8881168296,0.8904768035,0.8939699458,0.009155284516,0.01641889835,0.5205479452,0.6438356164,2924.718319,2550.842363,4362.541544,0,1000,2.424657534
0.9,0,43,0,margin_rolling,73,38596,33964,0.8976577884,0.891797197,0.8913694705,0.9070160188,0.009842408533,0.01336696608,0.5616438356,0.6164383562,3466.84036,2934.589683,7128,0.2367212342,1000,2.424657534
0.9,0,43,0,rank_rolling,73,38596,33964,0.8988496217,0.8877929572,0.8895699111,0.8937659249,0.009393018322,0.0167102222,0.4931506849,0.6438356164,3812.230008,3812.230008,3812.230008,0,1000,2.424657534
0.9,0,43,0,adaptive_mass_rolling,73,38596,33964,0.8992641725,0.8880579437,0.8896649219,0.8951531781,0.008944913497,0.01614350681,0.5068493151,0.6301369863,3535.964492,3217.296667,4723.822118,0,1000,2.424657534
0.9,0,59,0,margin_rolling,73,38596,33964,0.8990309877,0.8990696031,0.8987776829,0.9148469177,0.008254430133,0.008793747851,0.5342465753,0.5205479452,3741.091391,4144.15911,7128,0.2967259451,1000,2.424657534
0.9,0,59,0,rank_rolling,73,38596,33964,0.9003782775,0.8892062183,0.8909463871,0.8943323743,0.009562674491,0.01683196911,0.4931506849,0.6712328767,3348.027117,3348.027117,3348.027117,0,1000,2.424657534
0.9,0,59,0,adaptive_mass_rolling,73,38596,33964,0.9004300964,0.8892651042,0.8910189774,0.8945178649,0.009528045785,0.0167133423,0.4931506849,0.6575342466,3314.785332,3285.858792,3422.108109,0,1000,2.424657534
0.9,0,71,0,margin_rolling,73,38596,33964,0.8989532594,0.8973324697,0.8974917564,0.9134701009,0.008265139249,0.009750494245,0.5753424658,0.5205479452,3728.098869,4249.39745,7128,0.2917206454,1000,2.424657534
0.9,0,71,0,rank_rolling,73,38596,33964,0.8991346253,0.8878812861,0.8903503218,0.8929461026,0.009113266836,0.01621413699,0.5068493151,0.6712328767,3462.945531,3462.945531,3462.945531,0,1000,2.424657534
0.9,0,71,0,adaptive_mass_rolling,73,38596,33964,0.8990309877,0.8876162996,0.8898064114,0.8942640948,0.008717383502,0.01641221562,0.5205479452,0.6849315068,3066.509098,2710.139883,4426.364191,0,1000,2.424657534
0.9,0,17,0.1,margin_rolling,73,38596,33964,0.8979168826,0.898156872,0.8982630096,0.9142058445,0.008702711884,0.008847300635,0.5205479452,0.5068493151,3908.996644,5198.88903,7128,0.3244906371,1000,2.424657534
0.9,0,17,0.1,rank_rolling,73,38596,33964,0.8977096072,0.8859380521,0.8888602401,0.8907700591,0.01042957928,0.0185834933,0.5479452055,0.698630137,3379.025704,3379.025704,3379.025704,0,1000,2.424657534
0.9,0,17,0.1,adaptive_mass_rolling,73,38596,33964,0.8987200746,0.8871746555,0.889391394,0.8934959845,0.009909209224,0.01793683603,0.5342465753,0.6712328767,2981.536391,2597.940113,4413.378041,0,1000,2.424657534
0.9,0,29,0.1,margin_rolling,73,38596,33964,0.8990309877,0.9004534213,0.9003780316,0.9161645243,0.007926236048,0.007274131907,0.5205479452,0.4931506849,3895.820133,4996.637204,7128,0.3204275115,1000,2.424657534
0.9,0,29,0.1,rank_rolling,73,38596,33964,0.8985387087,0.887410199,0.8899305231,0.892319669,0.01012913196,0.01704004404,0.4657534247,0.6301369863,3328.671652,3328.671652,3328.671652,0,1000,2.424657534
0.9,0,29,0.1,adaptive_mass_rolling,73,38596,33964,0.8981759768,0.8871746555,0.8898892975,0.8934764961,0.01032636268,0.01708100043,0.5205479452,0.6164383562,2954.300053,2570.381993,4406.023313,0,1000,2.424657534
0.9,0,43,0.1,margin_rolling,73,38596,33964,0.8986682558,0.8990107172,0.8991997919,0.914882997,0.008262634729,0.00819925709,0.5205479452,0.4794520548,3869.061536,4876.771611,7128,0.3138028501,1000,2.424657534
0.9,0,43,0.1,rank_rolling,73,38596,33964,0.8987978029,0.8877929572,0.889886366,0.892427346,0.01017285281,0.01650275715,0.4794520548,0.6164383562,3501.652779,3501.652779,3501.652779,0,1000,2.424657534
0.9,0,43,0.1,adaptive_mass_rolling,73,38596,33964,0.898435071,0.887410199,0.8895220575,0.8922899457,0.01054435569,0.01695869938,0.4794520548,0.6164383562,3461.869038,3433.744877,3565.420793,0,1000,2.424657534
0.9,0,59,0.1,margin_rolling,73,38596,33964,0.8976577884,0.8942998469,0.8942743194,0.9107509396,0.009603012098,0.01195652146,0.5890410959,0.5753424658,3610.121423,3561.256949,7128,0.2785890943,1000,2.424657534
0.9,0,59,0.1,rank_rolling,73,38596,33964,0.8981241579,0.8864974679,0.8884801518,0.8915029078,0.01145480869,0.01891653163,0.4931506849,0.6301369863,3411.334148,3411.334148,3411.334148,0,1000,2.424657534
0.9,0,59,0.1,adaptive_mass_rolling,73,38596,33964,0.8991605348,0.8877340714,0.8894914089,0.8943495494,0.01084580212,0.01780874728,0.4931506849,0.6849315068,3026.11839,2650.662908,4441.276758,0,1000,2.424657534
0.9,0,71,0.1,margin_rolling,73,38596,33964,0.8986682558,0.8983629726,0.8986431857,0.9136199561,0.00767182444,0.008190822124,0.5753424658,0.5753424658,3770.629255,4379.662761,7128,0.3049110823,1000,2.424657534
0.9,0,71,0.1,rank_rolling,73,38596,33964,0.8987200746,0.8874985279,0.8909166495,0.892512567,0.009351235397,0.01633311373,0.4931506849,0.6575342466,3465.978036,3465.978036,3465.978036,0,1000,2.424657534
0.9,0,71,0.1,adaptive_mass_rolling,73,38596,33964,0.898745984,0.8876162996,0.8900106795,0.8940362391,0.009039077585,0.01592332839,0.4657534247,0.6712328767,3109.948946,2750.497821,4466.890107,0,1000,2.424657534
0.9,0,17,0.2,margin_rolling,73,38596,33964,0.8987978029,0.9001295489,0.900552002,0.9157427893,0.007887948438,0.00736940609,0.4520547945,0.4657534247,3997.587269,5538.714138,7128,0.3375927453,1000,2.424657534
0.9,0,17,0.2,rank_rolling,73,38596,33964,0.8986682558,0.8873218702,0.8899900781,0.8921470072,0.009957556344,0.01726308737,0.4657534247,0.6438356164,3462.361471,3462.361471,3462.361471,0,1000,2.424657534
0.9,0,17,0.2,adaptive_mass_rolling,73,38596,33964,0.8975800601,0.8862913673,0.8890707685,0.8925385983,0.01035164338,0.01757451575,0.4794520548,0.6301369863,3042.839565,2648.163938,4471.320793,0,1000,2.424657534
0.9,0,29,0.2,margin_rolling,73,38596,33964,0.8996009949,0.9032799435,0.903348088,0.9179024433,0.008586639189,0.006342113606,0.5205479452,0.4246575342,4108.186933,5937.889913,7128,0.3727770581,1000,2.424657534
0.9,0,29,0.2,rank_rolling,73,38596,33964,0.8993678101,0.888411259,0.8902753999,0.8927421752,0.009440209767,0.01648000282,0.4794520548,0.6301369863,3404.5782,3404.5782,3404.5782,0,1000,2.424657534
0.9,0,29,0.2,adaptive_mass_rolling,73,38596,33964,0.9001710022,0.8892062183,0.8907724987,0.8949189899,0.008917464122,0.01618912791,0.5205479452,0.6712328767,3094.700035,2697.673566,4527.854346,0,1000,2.424657534
0.9,0,43,0.2,margin_rolling,73,38596,33964,0.8983573427,0.8983040867,0.8979771495,0.9143335206,0.007834249232,0.007949289998,0.5753424658,0.5479452055,3861.156901,4832.955953,7128,0.3068248734,1000,2.424657534
0.9,0,43,0.2,rank_rolling,73,38596,33964,0.8986423464,0.8871452126,0.8884040695,0.8922469029,0.01068171067,0.01801077537,0.4931506849,0.6712328767,3610.322371,3610.322371,3610.322371,0,1000,2.424657534
0.9,0,43,0.2,adaptive_mass_rolling,73,38596,33964,0.8989014406,0.887410199,0.8884335864,0.8930373757,0.01037236417,0.01762196098,0.4794520548,0.6438356164,3488.995878,3383.052408,3881.079737,0,1000,2.424657534
0.9,0,59,0.2,margin_rolling,73,38596,33964,0.8971136905,0.8984513014,0.8981314087,0.9143981816,0.009612032028,0.009574486298,0.5890410959,0.5753424658,3891.553586,5030.187787,7128,0.3187492639,1000,2.424657534
0.9,0,59,0.2,rank_rolling,73,38596,33964,0.8998600891,0.888882346,0.8905594945,0.893717753,0.01041917961,0.01705555704,0.5068493151,0.5753424658,3476.768431,3476.768431,3476.768431,0,1000,2.424657534
0.9,0,59,0.2,adaptive_mass_rolling,73,38596,33964,0.9000932739,0.8891473325,0.890769506,0.8941593971,0.01025723591,0.01696857305,0.5068493151,0.6164383562,3427.932664,3369.368125,3643.885508,0,1000,2.424657534
0.9,0,71,0.2,margin_rolling,73,38596,33964,0.8978650637,0.898156872,0.8986659089,0.9135215298,0.008434121715,0.008133347655,0.5616438356,0.5342465753,3856.618184,4798.470292,7128,0.3084147921,1000,2.424657534
0.9,0,71,0.2,rank_rolling,73,38596,33964,0.8988755311,0.8875868567,0.8903428497,0.892894741,0.01012453885,0.01693159984,0.4657534247,0.6164383562,3560.022671,3560.022671,3560.022671,0,1000,2.424657534
0.9,0,71,0.2,adaptive_mass_rolling,73,38596,33964,0.9000414551,0.8890295607,0.8913895535,0.895669668,0.009004504138,0.01614816741,0.5342465753,0.6575342466,3209.494936,2840.145625,4578.306907,0,1000,2.424657534
0.9,0,17,0.3,margin_rolling,73,38596,33964,0.9000155457,0.9023966553,0.9025316877,0.9181652099,0.007768850243,0.006411150938,0.4931506849,0.4109589041,4169.369097,6109.797491,7128,0.3693027912,1000,2.424657534
0.9,0,17,0.3,rank_rolling,73,38596,33964,0.8977355166,0.8861441526,0.8886960265,0.8909894791,0.01117382637,0.01864083706,0.4931506849,0.6164383562,3417.782858,3417.782858,3417.782858,0,1000,2.424657534
0.9,0,17,0.3,adaptive_mass_rolling,73,38596,33964,0.8970100529,0.885496408,0.8875952108,0.8915062026,0.01220099884,0.0194364731,0.4520547945,0.6164383562,3041.038953,2619.696826,4504.261971,0,1000,2.424657534
0.9,0,29,0.3,margin_rolling,73,38596,33964,0.9003005493,0.9037510305,0.9035109283,0.918234062,0.008698907958,0.006423849436,0.4931506849,0.397260274,4116.356024,5852.830438,7128,0.4054292781,1000,2.424657534
0.9,0,29,0.3,rank_rolling,73,38596,33964,0.8991087159,0.8881757155,0.8899669852,0.8925022853,0.009820848305,0.01651873717,0.4657534247,0.5890410959,3911.425922,3911.425922,3911.425922,0,1000,2.424657534
0.9,0,29,0.3,adaptive_mass_rolling,73,38596,33964,0.8990050782,0.8878812861,0.8893638977,0.8935146317,0.0102051334,0.01752255316,0.4931506849,0.6301369863,3614.478772,3202.420916,4748.674049,0,1000,2.424657534
0.9,0,43,0.3,margin_rolling,73,38596,33964,0.8994455384,0.9001589919,0.8994875146,0.9161910635,0.009288066923,0.008722866321,0.4931506849,0.5205479452,3989.688935,5532.100253,7128,0.3588799906,1000,2.424657534
0.9,0,43,0.3,rank_rolling,73,38596,33964,0.899238263,0.8881757155,0.8899855632,0.8925234562,0.009861799252,0.01646652606,0.4794520548,0.602739726,3763.329908,3763.329908,3763.329908,0,1000,2.424657534
0.9,0,43,0.3,adaptive_mass_rolling,73,38596,33964,0.898745984,0.8876162996,0.8890224077,0.8922486554,0.01051152262,0.0174479303,0.4931506849,0.6438356164,3710.128783,3655.6163,3911.937846,0,1000,2.424657534
0.9,0,59,0.3,margin_rolling,73,38596,33964,0.8999637268,0.9028677423,0.9020632818,0.9184318788,0.009133244942,0.007853625594,0.4931506849,0.4383561644,4098.307796,5837.325727,7128,0.3631197739,1000,2.424657534
0.9,0,59,0.3,rank_rolling,73,38596,33964,0.8984091616,0.8872629843,0.8884690344,0.8915627752,0.01124079978,0.01831673934,0.5205479452,0.602739726,3581.564951,3581.564951,3581.564951,0,1000,2.424657534
0.9,0,59,0.3,adaptive_mass_rolling,73,38596,33964,0.898745984,0.887410199,0.8882537204,0.8923444852,0.01089039142,0.01803206215,0.5342465753,0.602739726,3482.925303,3373.126987,3883.415776,0,1000,2.424657534
0.9,0,71,0.3,margin_rolling,73,38596,33964,0.8991864442,0.9007184077,0.9006920065,0.9160296243,0.00761912323,0.006880829133,0.6164383562,0.5479452055,3973.455512,5399.043222,7128,0.3268166294,1000,2.424657534
0.9,0,71,0.3,rank_rolling,73,38596,33964,0.9014146544,0.8905017077,0.8923106875,0.8952634021,0.007658249632,0.01420190081,0.4794520548,0.6712328767,3666.700742,3666.700742,3666.700742,0,1000,2.424657534
0.9,0,71,0.3,adaptive_mass_rolling,73,38596,33964,0.900896466,0.8899717348,0.8913997054,0.8961098867,0.007930175789,0.01450759366,0.4657534247,0.7123287671,3272.497851,2893.43602,4638.178448,0,1000,2.424657534
0.9,0.01,17,0,margin_rolling,73,38596,33964,0.898745984,0.8996584619,0.8999650582,0.9156427651,0.007808384137,0.007609165514,0.5890410959,0.4931506849,3904.85676,5143.520168,7128,0.3326757743,1000,2.424657534
0.9,0.01,17,0,rank_rolling,73,38596,33964,0.898745984,0.8872040985,0.8906687521,0.8920199118,0.009772179892,0.0177023342,0.4931506849,0.6712328767,3354.147126,3354.147126,3354.147126,0,1000,2.424657534
0.9,0.01,17,0,adaptive_mass_rolling,73,38596,33964,0.8986423464,0.8870274408,0.8896858935,0.8933134383,0.01040932046,0.01813567607,0.4520547945,0.6438356164,2951.363414,2580.243316,4362.916464,0,1000,2.424657534
0.9,0.01,29,0,margin_rolling,73,38596,33964,0.8988237123,0.9012483806,0.901110411,0.9162437282,0.008967514429,0.007758439944,0.5890410959,0.4657534247,3953.910994,5229.891856,7128,0.3430102461,1000,2.424657534
0.9,0.01,29,0,rank_rolling,73,38596,33964,0.8984091616,0.8872040985,0.8898156886,0.8915237282,0.01035267807,0.01677717554,0.4657534247,0.6575342466,3284.538865,3284.538865,3284.538865,0,1000,2.424657534
0.9,0.01,29,0,adaptive_mass_rolling,73,38596,33964,0.8993159913,0.8881168296,0.8904768035,0.8939699458,0.009155284516,0.01641889835,0.5205479452,0.6438356164,2924.718319,2550.842363,4362.541544,0,1000,2.424657534
0.9,0.01,43,0,margin_rolling,73,38596,33964,0.8976577884,0.891797197,0.8913694705,0.9070160188,0.009842408533,0.01336696608,0.5616438356,0.6164383562,3466.84036,2934.589683,7128,0.2367212342,1000,2.424657534
0.9,0.01,43,0,rank_rolling,73,38596,33964,0.8988496217,0.8877929572,0.8895699111,0.8937659249,0.009393018322,0.0167102222,0.4931506849,0.6438356164,3812.230008,3812.230008,3812.230008,0,1000,2.424657534
0.9,0.01,43,0,adaptive_mass_rolling,73,38596,33964,0.8992641725,0.8880579437,0.8896649219,0.8951531781,0.008944913497,0.01614350681,0.5068493151,0.6301369863,3535.964492,3217.296667,4723.822118,0,1000,2.424657534
0.9,0.01,59,0,margin_rolling,73,38596,33964,0.8990309877,0.8990696031,0.8987776829,0.9148469177,0.008254430133,0.008793747851,0.5342465753,0.5205479452,3741.091391,4144.15911,7128,0.2967259451,1000,2.424657534
0.9,0.01,59,0,rank_rolling,73,38596,33964,0.9003782775,0.8892062183,0.8909463871,0.8943323743,0.009562674491,0.01683196911,0.4931506849,0.6712328767,3348.027117,3348.027117,3348.027117,0,1000,2.424657534
0.9,0.01,59,0,adaptive_mass_rolling,73,38596,33964,0.8990309877,0.8877635143,0.8893367278,0.8943996024,0.009823998454,0.01724098239,0.4931506849,0.6575342466,2971.631316,2608.601019,4367.030585,0,1000,2.424657534
0.9,0.01,71,0,margin_rolling,73,38596,33964,0.8989532594,0.8973324697,0.8974917564,0.9134701009,0.008265139249,0.009750494245,0.5753424658,0.5205479452,3728.098869,4249.39745,7128,0.2917206454,1000,2.424657534
0.9,0.01,71,0,rank_rolling,73,38596,33964,0.8991346253,0.8878812861,0.8903503218,0.8929461026,0.009113266836,0.01621413699,0.5068493151,0.6712328767,3462.945531,3462.945531,3462.945531,0,1000,2.424657534
0.9,0.01,71,0,adaptive_mass_rolling,73,38596,33964,0.8990309877,0.8876162996,0.8898064114,0.8942640948,0.008717383502,0.01641221562,0.5205479452,0.6849315068,3066.509098,2710.139883,4426.364191,0,1000,2.424657534
0.9,0.01,17,0.1,margin_rolling,73,38596,33964,0.8979168826,0.898156872,0.8982630096,0.9142058445,0.008702711884,0.008847300635,0.5205479452,0.5068493151,3908.996644,5198.88903,7128,0.3244906371,1000,2.424657534
0.9,0.01,17,0.1,rank_rolling,73,38596,33964,0.8977096072,0.8859380521,0.8888602401,0.8907700591,0.01042957928,0.0185834933,0.5479452055,0.698630137,3379.025704,3379.025704,3379.025704,0,1000,2.424657534
0.9,0.01,17,0.1,adaptive_mass_rolling,73,38596,33964,0.8987200746,0.8871746555,0.889391394,0.8934959845,0.009909209224,0.01793683603,0.5342465753,0.6712328767,2981.536391,2597.940113,4413.378041,0,1000,2.424657534
0.9,0.01,29,0.1,margin_rolling,73,38596,33964,0.8990309877,0.9004534213,0.9003780316,0.9161645243,0.007926236048,0.007274131907,0.5205479452,0.4931506849,3895.820133,4996.637204,7128,0.3204275115,1000,2.424657534
0.9,0.01,29,0.1,rank_rolling,73,38596,33964,0.8985387087,0.887410199,0.8899305231,0.892319669,0.01012913196,0.01704004404,0.4657534247,0.6301369863,3328.671652,3328.671652,3328.671652,0,1000,2.424657534
0.9,0.01,29,0.1,adaptive_mass_rolling,73,38596,33964,0.8981759768,0.8871746555,0.8898892975,0.8934764961,0.01032636268,0.01708100043,0.5205479452,0.6164383562,2954.300053,2570.381993,4406.023313,0,1000,2.424657534
0.9,0.01,43,0.1,margin_rolling,73,38596,33964,0.8986682558,0.8990107172,0.8991997919,0.914882997,0.008262634729,0.00819925709,0.5205479452,0.4794520548,3869.061536,4876.771611,7128,0.3138028501,1000,2.424657534
0.9,0.01,43,0.1,rank_rolling,73,38596,33964,0.8987978029,0.8877929572,0.889886366,0.892427346,0.01017285281,0.01650275715,0.4794520548,0.6164383562,3501.652779,3501.652779,3501.652779,0,1000,2.424657534
0.9,0.01,43,0.1,adaptive_mass_rolling,73,38596,33964,0.8985387087,0.8872040985,0.8882154431,0.8932738306,0.01025641354,0.01711379165,0.4794520548,0.6575342466,3101.657108,2744.652986,4458.47061,0,1000,2.424657534
0.9,0.01,59,0.1,margin_rolling,73,38596,33964,0.8976577884,0.8942998469,0.8942743194,0.9107509396,0.009603012098,0.01195652146,0.5890410959,0.5753424658,3610.121423,3561.256949,7128,0.2785890943,1000,2.424657534
0.9,0.01,59,0.1,rank_rolling,73,38596,33964,0.8981241579,0.8864974679,0.8884801518,0.8915029078,0.01145480869,0.01891653163,0.4931506849,0.6301369863,3411.334148,3411.334148,3411.334148,0,1000,2.424657534
0.9,0.01,59,0.1,adaptive_mass_rolling,73,38596,33964,0.8991605348,0.8877340714,0.8894914089,0.8943495494,0.01084580212,0.01780874728,0.4931506849,0.6849315068,3026.11839,2650.662908,4441.276758,0,1000,2.424657534
0.9,0.01,71,0.1,margin_rolling,73,38596,33964,0.8986682558,0.8983629726,0.8986431857,0.9136199561,0.00767182444,0.008190822124,0.5753424658,0.5753424658,3770.629255,4379.662761,7128,0.3049110823,1000,2.424657534
0.9,0.01,71,0.1,rank_rolling,73,38596,33964,0.8987200746,0.8874985279,0.8909166495,0.892512567,0.009351235397,0.01633311373,0.4931506849,0.6575342466,3465.978036,3465.978036,3465.978036,0,1000,2.424657534
0.9,0.01,71,0.1,adaptive_mass_rolling,73,38596,33964,0.898745984,0.8876162996,0.8900106795,0.8940362391,0.009039077585,0.01592332839,0.4657534247,0.6712328767,3109.948946,2750.497821,4466.890107,0,1000,2.424657534
0.9,0.01,17,0.2,margin_rolling,73,38596,33964,0.8987978029,0.9001295489,0.900552002,0.9157427893,0.007887948438,0.00736940609,0.4520547945,0.4657534247,3997.587269,5538.714138,7128,0.3375927453,1000,2.424657534
0.9,0.01,17,0.2,rank_rolling,73,38596,33964,0.8986682558,0.8873218702,0.8899900781,0.8921470072,0.009957556344,0.01726308737,0.4657534247,0.6438356164,3462.361471,3462.361471,3462.361471,0,1000,2.424657534
0.9,0.01,17,0.2,adaptive_mass_rolling,73,38596,33964,0.8975800601,0.8862913673,0.8890707685,0.8925385983,0.01035164338,0.01757451575,0.4794520548,0.6301369863,3042.839565,2648.163938,4471.320793,0,1000,2.424657534
0.9,0.01,29,0.2,margin_rolling,73,38596,33964,0.8996009949,0.9032799435,0.903348088,0.9179024433,0.008586639189,0.006342113606,0.5205479452,0.4246575342,4108.186933,5937.889913,7128,0.3727770581,1000,2.424657534
0.9,0.01,29,0.2,rank_rolling,73,38596,33964,0.8993678101,0.888411259,0.8902753999,0.8927421752,0.009440209767,0.01648000282,0.4794520548,0.6301369863,3404.5782,3404.5782,3404.5782,0,1000,2.424657534
0.9,0.01,29,0.2,adaptive_mass_rolling,73,38596,33964,0.9001710022,0.8892062183,0.8907724987,0.8949189899,0.008917464122,0.01618912791,0.5205479452,0.6712328767,3094.700035,2697.673566,4527.854346,0,1000,2.424657534
0.9,0.01,43,0.2,margin_rolling,73,38596,33964,0.8983573427,0.8983040867,0.8979771495,0.9143335206,0.007834249232,0.007949289998,0.5753424658,0.5479452055,3861.156901,4832.955953,7128,0.3068248734,1000,2.424657534
0.9,0.01,43,0.2,rank_rolling,73,38596,33964,0.8986423464,0.8871452126,0.8884040695,0.8922469029,0.01068171067,0.01801077537,0.4931506849,0.6712328767,3610.322371,3610.322371,3610.322371,0,1000,2.424657534
0.9,0.01,43,0.2,adaptive_mass_rolling,73,38596,33964,0.8993937196,0.8878812861,0.8883367644,0.8945649736,0.01053884904,0.01766768892,0.4657534247,0.6575342466,3214.272612,2843.272377,4585.658109,0,1000,2.424657534
0.9,0.01,59,0.2,margin_rolling,73,38596,33964,0.8971136905,0.8984513014,0.8981314087,0.9143981816,0.009612032028,0.009574486298,0.5890410959,0.5753424658,3891.553586,5030.187787,7128,0.3187492639,1000,2.424657534
0.9,0.01,59,0.2,rank_rolling,73,38596,33964,0.8998600891,0.888882346,0.8905594945,0.893717753,0.01041917961,0.01705555704,0.5068493151,0.5753424658,3476.768431,3476.768431,3476.768431,0,1000,2.424657534
0.9,0.01,59,0.2,adaptive_mass_rolling,73,38596,33964,0.8996787232,0.8886468025,0.8899911585,0.8948886005,0.01032996587,0.01722085718,0.5205479452,0.6575342466,3097.072842,2710.862207,4521.588647,0,1000,2.424657534
0.9,0.01,71,0.2,margin_rolling,73,38596,33964,0.8978650637,0.898156872,0.8986659089,0.9135215298,0.008434121715,0.008133347655,0.5616438356,0.5342465753,3856.618184,4798.470292,7128,0.3084147921,1000,2.424657534
0.9,0.01,71,0.2,rank_rolling,73,38596,33964,0.8988755311,0.8875868567,0.8903428497,0.892894741,0.01012453885,0.01693159984,0.4657534247,0.6164383562,3560.022671,3560.022671,3560.022671,0,1000,2.424657534
0.9,0.01,71,0.2,adaptive_mass_rolling,73,38596,33964,0.9000414551,0.8890295607,0.8913895535,0.895669668,0.009004504138,0.01614816741,0.5342465753,0.6575342466,3209.494936,2840.145625,4578.306907,0,1000,2.424657534
0.9,0.01,17,0.3,margin_rolling,73,38596,33964,0.9000155457,0.9023966553,0.9025316877,0.9181652099,0.007768850243,0.006411150938,0.4931506849,0.4109589041,4169.369097,6109.797491,7128,0.3693027912,1000,2.424657534
0.9,0.01,17,0.3,rank_rolling,73,38596,33964,0.8977355166,0.8861441526,0.8886960265,0.8909894791,0.01117382637,0.01864083706,0.4931506849,0.6164383562,3417.782858,3417.782858,3417.782858,0,1000,2.424657534
0.9,0.01,17,0.3,adaptive_mass_rolling,73,38596,33964,0.8970100529,0.885496408,0.8875952108,0.8915062026,0.01220099884,0.0194364731,0.4520547945,0.6164383562,3041.038953,2619.696826,4504.261971,0,1000,2.424657534
0.9,0.01,29,0.3,margin_rolling,73,38596,33964,0.9003005493,0.9037510305,0.9035109283,0.918234062,0.008698907958,0.006423849436,0.4931506849,0.397260274,4116.356024,5852.830438,7128,0.4054292781,1000,2.424657534
0.9,0.01,29,0.3,rank_rolling,73,38596,33964,0.8991087159,0.8881757155,0.8899669852,0.8925022853,0.009820848305,0.01651873717,0.4657534247,0.5890410959,3911.425922,3911.425922,3911.425922,0,1000,2.424657534
0.9,0.01,29,0.3,adaptive_mass_rolling,73,38596,33964,0.8990050782,0.8878812861,0.8893638977,0.8935146317,0.0102051334,0.01752255316,0.4931506849,0.6301369863,3614.478772,3202.420916,4748.674049,0,1000,2.424657534
0.9,0.01,43,0.3,margin_rolling,73,38596,33964,0.8994455384,0.9001589919,0.8994875146,0.9161910635,0.009288066923,0.008722866321,0.4931506849,0.5205479452,3989.688935,5532.100253,7128,0.3588799906,1000,2.424657534
0.9,0.01,43,0.3,rank_rolling,73,38596,33964,0.899238263,0.8881757155,0.8899855632,0.8925234562,0.009861799252,0.01646652606,0.4794520548,0.602739726,3763.329908,3763.329908,3763.329908,0,1000,2.424657534
0.9,0.01,43,0.3,adaptive_mass_rolling,73,38596,33964,0.8981759768,0.8866446826,0.8880818454,0.8925288541,0.01090341669,0.01853106771,0.5342465753,0.6438356164,3464.486868,3097.287628,4750.485237,0,1000,2.424657534
0.9,0.01,59,0.3,margin_rolling,73,38596,33964,0.8999637268,0.9028677423,0.9020632818,0.9184318788,0.009133244942,0.007853625594,0.4931506849,0.4383561644,4098.307796,5837.325727,7128,0.3631197739,1000,2.424657534
0.9,0.01,59,0.3,rank_rolling,73,38596,33964,0.8984091616,0.8872629843,0.8884690344,0.8915627752,0.01124079978,0.01831673934,0.5205479452,0.602739726,3581.564951,3581.564951,3581.564951,0,1000,2.424657534
0.9,0.01,59,0.3,adaptive_mass_rolling,73,38596,33964,0.8984609804,0.8872040985,0.8880819074,0.8931850811,0.01093220153,0.01812416261,0.4931506849,0.6575342466,3202.324137,2810.405576,4590.86226,0,1000,2.424657534
0.9,0.01,71,0.3,margin_rolling,73,38596,33964,0.8991864442,0.9007184077,0.9006920065,0.9160296243,0.00761912323,0.006880829133,0.6164383562,0.5479452055,3973.455512,5399.043222,7128,0.3268166294,1000,2.424657534
0.9,0.01,71,0.3,rank_rolling,73,38596,33964,0.9014146544,0.8905017077,0.8923106875,0.8952634021,0.007658249632,0.01420190081,0.4794520548,0.6712328767,3666.700742,3666.700742,3666.700742,0,1000,2.424657534
0.9,0.01,71,0.3,adaptive_mass_rolling,73,38596,33964,0.900896466,0.8899717348,0.8913997054,0.8961098867,0.007930175789,0.01450759366,0.4657534247,0.7123287671,3272.497851,2893.43602,4638.178448,0,1000,2.424657534
0.9,0.02,17,0,margin_rolling,73,38596,33964,0.898745984,0.8996584619,0.8999650582,0.9156427651,0.007808384137,0.007609165514,0.5890410959,0.4931506849,3904.85676,5143.520168,7128,0.3326757743,1000,2.424657534
0.9,0.02,17,0,rank_rolling,73,38596,33964,0.898745984,0.8872040985,0.8906687521,0.8920199118,0.009772179892,0.0177023342,0.4931506849,0.6712328767,3354.147126,3354.147126,3354.147126,0,1000,2.424657534
0.9,0.02,17,0,adaptive_mass_rolling,73,38596,33964,0.8986423464,0.8870274408,0.8896858935,0.8933134383,0.01040932046,0.01813567607,0.4520547945,0.6438356164,2951.363414,2580.243316,4362.916464,0,1000,2.424657534
0.9,0.02,29,0,margin_rolling,73,38596,33964,0.8988237123,0.9012483806,0.901110411,0.9162437282,0.008967514429,0.007758439944,0.5890410959,0.4657534247,3953.910994,5229.891856,7128,0.3430102461,1000,2.424657534
0.9,0.02,29,0,rank_rolling,73,38596,33964,0.8984091616,0.8872040985,0.8898156886,0.8915237282,0.01035267807,0.01677717554,0.4657534247,0.6575342466,3284.538865,3284.538865,3284.538865,0,1000,2.424657534
0.9,0.02,29,0,adaptive_mass_rolling,73,38596,33964,0.8993159913,0.8881168296,0.8904768035,0.8939699458,0.009155284516,0.01641889835,0.5205479452,0.6438356164,2924.718319,2550.842363,4362.541544,0,1000,2.424657534
0.9,0.02,43,0,margin_rolling,73,38596,33964,0.8976577884,0.891797197,0.8913694705,0.9070160188,0.009842408533,0.01336696608,0.5616438356,0.6164383562,3466.84036,2934.589683,7128,0.2367212342,1000,2.424657534
0.9,0.02,43,0,rank_rolling,73,38596,33964,0.8988496217,0.8877929572,0.8895699111,0.8937659249,0.009393018322,0.0167102222,0.4931506849,0.6438356164,3812.230008,3812.230008,3812.230008,0,1000,2.424657534
0.9,0.02,43,0,adaptive_mass_rolling,73,38596,33964,0.8992641725,0.8880579437,0.8896649219,0.8951531781,0.008944913497,0.01614350681,0.5068493151,0.6301369863,3535.964492,3217.296667,4723.822118,0,1000,2.424657534
0.9,0.02,59,0,margin_rolling,73,38596,33964,0.8990309877,0.8990696031,0.8987776829,0.9148469177,0.008254430133,0.008793747851,0.5342465753,0.5205479452,3741.091391,4144.15911,7128,0.2967259451,1000,2.424657534
0.9,0.02,59,0,rank_rolling,73,38596,33964,0.9003782775,0.8892062183,0.8909463871,0.8943323743,0.009562674491,0.01683196911,0.4931506849,0.6712328767,3348.027117,3348.027117,3348.027117,0,1000,2.424657534
0.9,0.02,59,0,adaptive_mass_rolling,73,38596,33964,0.8990309877,0.8877635143,0.8893367278,0.8943996024,0.009823998454,0.01724098239,0.4931506849,0.6575342466,2971.631316,2608.601019,4367.030585,0,1000,2.424657534
0.9,0.02,71,0,margin_rolling,73,38596,33964,0.8989532594,0.8973324697,0.8974917564,0.9134701009,0.008265139249,0.009750494245,0.5753424658,0.5205479452,3728.098869,4249.39745,7128,0.2917206454,1000,2.424657534
0.9,0.02,71,0,rank_rolling,73,38596,33964,0.8991346253,0.8878812861,0.8903503218,0.8929461026,0.009113266836,0.01621413699,0.5068493151,0.6712328767,3462.945531,3462.945531,3462.945531,0,1000,2.424657534
0.9,0.02,71,0,adaptive_mass_rolling,73,38596,33964,0.8990309877,0.8876162996,0.8898064114,0.8942640948,0.008717383502,0.01641221562,0.5205479452,0.6849315068,3066.509098,2710.139883,4426.364191,0,1000,2.424657534
0.9,0.02,17,0.1,margin_rolling,73,38596,33964,0.8979168826,0.898156872,0.8982630096,0.9142058445,0.008702711884,0.008847300635,0.5205479452,0.5068493151,3908.996644,5198.88903,7128,0.3244906371,1000,2.424657534
0.9,0.02,17,0.1,rank_rolling,73,38596,33964,0.8977096072,0.8859380521,0.8888602401,0.8907700591,0.01042957928,0.0185834933,0.5479452055,0.698630137,3379.025704,3379.025704,3379.025704,0,1000,2.424657534
0.9,0.02,17,0.1,adaptive_mass_rolling,73,38596,33964,0.8987200746,0.8871746555,0.889391394,0.8934959845,0.009909209224,0.01793683603,0.5342465753,0.6712328767,2981.536391,2597.940113,4413.378041,0,1000,2.424657534
0.9,0.02,29,0.1,margin_rolling,73,38596,33964,0.8990309877,0.9004534213,0.9003780316,0.9161645243,0.007926236048,0.007274131907,0.5205479452,0.4931506849,3895.820133,4996.637204,7128,0.3204275115,1000,2.424657534
0.9,0.02,29,0.1,rank_rolling,73,38596,33964,0.8985387087,0.887410199,0.8899305231,0.892319669,0.01012913196,0.01704004404,0.4657534247,0.6301369863,3328.671652,3328.671652,3328.671652,0,1000,2.424657534
0.9,0.02,29,0.1,adaptive_mass_rolling,73,38596,33964,0.8981759768,0.8871746555,0.8898892975,0.8934764961,0.01032636268,0.01708100043,0.5205479452,0.6164383562,2954.300053,2570.381993,4406.023313,0,1000,2.424657534
0.9,0.02,43,0.1,margin_rolling,73,38596,33964,0.8986682558,0.8990107172,0.8991997919,0.914882997,0.008262634729,0.00819925709,0.5205479452,0.4794520548,3869.061536,4876.771611,7128,0.3138028501,1000,2.424657534
0.9,0.02,43,0.1,rank_rolling,73,38596,33964,0.8987978029,0.8877929572,0.889886366,0.892427346,0.01017285281,0.01650275715,0.4794520548,0.6164383562,3501.652779,3501.652779,3501.652779,0,1000,2.424657534
0.9,0.02,43,0.1,adaptive_mass_rolling,73,38596,33964,0.8985387087,0.8872040985,0.8882154431,0.8932738306,0.01025641354,0.01711379165,0.4794520548,0.6575342466,3101.657108,2744.652986,4458.47061,0,1000,2.424657534
0.9,0.02,59,0.1,margin_rolling,73,38596,33964,0.8976577884,0.8942998469,0.8942743194,0.9107509396,0.009603012098,0.01195652146,0.5890410959,0.5753424658,3610.121423,3561.256949,7128,0.2785890943,1000,2.424657534
0.9,0.02,59,0.1,rank_rolling,73,38596,33964,0.8981241579,0.8864974679,0.8884801518,0.8915029078,0.01145480869,0.01891653163,0.4931506849,0.6301369863,3411.334148,3411.334148,3411.334148,0,1000,2.424657534
0.9,0.02,59,0.1,adaptive_mass_rolling,73,38596,33964,0.8991605348,0.8877340714,0.8894914089,0.8943495494,0.01084580212,0.01780874728,0.4931506849,0.6849315068,3026.11839,2650.662908,4441.276758,0,1000,2.424657534
0.9,0.02,71,0.1,margin_rolling,73,38596,33964,0.8986682558,0.8983629726,0.8986431857,0.9136199561,0.00767182444,0.008190822124,0.5753424658,0.5753424658,3770.629255,4379.662761,7128,0.3049110823,1000,2.424657534
0.9,0.02,71,0.1,rank_rolling,73,38596,33964,0.8987200746,0.8874985279,0.8909166495,0.892512567,0.009351235397,0.01633311373,0.4931506849,0.6575342466,3465.978036,3465.978036,3465.978036,0,1000,2.424657534
0.9,0.02,71,0.1,adaptive_mass_rolling,73,38596,33964,0.898745984,0.8876162996,0.8900106795,0.8940362391,0.009039077585,0.01592332839,0.4657534247,0.6712328767,3109.948946,2750.497821,4466.890107,0,1000,2.424657534
0.9,0.02,17,0.2,margin_rolling,73,38596,33964,0.8987978029,0.9001295489,0.900552002,0.9157427893,0.007887948438,0.00736940609,0.4520547945,0.4657534247,3997.587269,5538.714138,7128,0.3375927453,1000,2.424657534
0.9,0.02,17,0.2,rank_rolling,73,38596,33964,0.8986682558,0.8873218702,0.8899900781,0.8921470072,0.009957556344,0.01726308737,0.4657534247,0.6438356164,3462.361471,3462.361471,3462.361471,0,1000,2.424657534
0.9,0.02,17,0.2,adaptive_mass_rolling,73,38596,33964,0.8975800601,0.8862913673,0.8890707685,0.8925385983,0.01035164338,0.01757451575,0.4794520548,0.6301369863,3042.839565,2648.163938,4471.320793,0,1000,2.424657534
0.9,0.02,29,0.2,margin_rolling,73,38596,33964,0.8996009949,0.9032799435,0.903348088,0.9179024433,0.008586639189,0.006342113606,0.5205479452,0.4246575342,4108.186933,5937.889913,7128,0.3727770581,1000,2.424657534
0.9,0.02,29,0.2,rank_rolling,73,38596,33964,0.8993678101,0.888411259,0.8902753999,0.8927421752,0.009440209767,0.01648000282,0.4794520548,0.6301369863,3404.5782,3404.5782,3404.5782,0,1000,2.424657534
0.9,0.02,29,0.2,adaptive_mass_rolling,73,38596,33964,0.9001710022,0.8892062183,0.8907724987,0.8949189899,0.008917464122,0.01618912791,0.5205479452,0.6712328767,3094.700035,2697.673566,4527.854346,0,1000,2.424657534
0.9,0.02,43,0.2,margin_rolling,73,38596,33964,0.8983573427,0.8983040867,0.8979771495,0.9143335206,0.007834249232,0.007949289998,0.5753424658,0.5479452055,3861.156901,4832.955953,7128,0.3068248734,1000,2.424657534
0.9,0.02,43,0.2,rank_rolling,73,38596,33964,0.8986423464,0.8871452126,0.8884040695,0.8922469029,0.01068171067,0.01801077537,0.4931506849,0.6712328767,3610.322371,3610.322371,3610.322371,0,1000,2.424657534
0.9,0.02,43,0.2,adaptive_mass_rolling,73,38596,33964,0.8993937196,0.8878812861,0.8883367644,0.8945649736,0.01053884904,0.01766768892,0.4657534247,0.6575342466,3214.272612,2843.272377,4585.658109,0,1000,2.424657534
0.9,0.02,59,0.2,margin_rolling,73,38596,33964,0.8971136905,0.8984513014,0.8981314087,0.9143981816,0.009612032028,0.009574486298,0.5890410959,0.5753424658,3891.553586,5030.187787,7128,0.3187492639,1000,2.424657534
0.9,0.02,59,0.2,rank_rolling,73,38596,33964,0.8998600891,0.888882346,0.8905594945,0.893717753,0.01041917961,0.01705555704,0.5068493151,0.5753424658,3476.768431,3476.768431,3476.768431,0,1000,2.424657534
0.9,0.02,59,0.2,adaptive_mass_rolling,73,38596,33964,0.8996787232,0.8886468025,0.8899911585,0.8948886005,0.01032996587,0.01722085718,0.5205479452,0.6575342466,3097.072842,2710.862207,4521.588647,0,1000,2.424657534
0.9,0.02,71,0.2,margin_rolling,73,38596,33964,0.8978650637,0.898156872,0.8986659089,0.9135215298,0.008434121715,0.008133347655,0.5616438356,0.5342465753,3856.618184,4798.470292,7128,0.3084147921,1000,2.424657534
0.9,0.02,71,0.2,rank_rolling,73,38596,33964,0.8988755311,0.8875868567,0.8903428497,0.892894741,0.01012453885,0.01693159984,0.4657534247,0.6164383562,3560.022671,3560.022671,3560.022671,0,1000,2.424657534
0.9,0.02,71,0.2,adaptive_mass_rolling,73,38596,33964,0.9000414551,0.8890295607,0.8913895535,0.895669668,0.009004504138,0.01614816741,0.5342465753,0.6575342466,3209.494936,2840.145625,4578.306907,0,1000,2.424657534
0.9,0.02,17,0.3,margin_rolling,73,38596,33964,0.9000155457,0.9023966553,0.9025316877,0.9181652099,0.007768850243,0.006411150938,0.4931506849,0.4109589041,4169.369097,6109.797491,7128,0.3693027912,1000,2.424657534
0.9,0.02,17,0.3,rank_rolling,73,38596,33964,0.8977355166,0.8861441526,0.8886960265,0.8909894791,0.01117382637,0.01864083706,0.4931506849,0.6164383562,3417.782858,3417.782858,3417.782858,0,1000,2.424657534
0.9,0.02,17,0.3,adaptive_mass_rolling,73,38596,33964,0.8970100529,0.885496408,0.8875952108,0.8915062026,0.01220099884,0.0194364731,0.4520547945,0.6164383562,3041.038953,2619.696826,4504.261971,0,1000,2.424657534
0.9,0.02,29,0.3,margin_rolling,73,38596,33964,0.9003005493,0.9037510305,0.9035109283,0.918234062,0.008698907958,0.006423849436,0.4931506849,0.397260274,4116.356024,5852.830438,7128,0.4054292781,1000,2.424657534
0.9,0.02,29,0.3,rank_rolling,73,38596,33964,0.8991087159,0.8881757155,0.8899669852,0.8925022853,0.009820848305,0.01651873717,0.4657534247,0.5890410959,3911.425922,3911.425922,3911.425922,0,1000,2.424657534
0.9,0.02,29,0.3,adaptive_mass_rolling,73,38596,33964,0.8990050782,0.8878812861,0.8893638977,0.8935146317,0.0102051334,0.01752255316,0.4931506849,0.6301369863,3614.478772,3202.420916,4748.674049,0,1000,2.424657534
0.9,0.02,43,0.3,margin_rolling,73,38596,33964,0.8994455384,0.9001589919,0.8994875146,0.9161910635,0.009288066923,0.008722866321,0.4931506849,0.5205479452,3989.688935,5532.100253,7128,0.3588799906,1000,2.424657534
0.9,0.02,43,0.3,rank_rolling,73,38596,33964,0.899238263,0.8881757155,0.8899855632,0.8925234562,0.009861799252,0.01646652606,0.4794520548,0.602739726,3763.329908,3763.329908,3763.329908,0,1000,2.424657534
0.9,0.02,43,0.3,adaptive_mass_rolling,73,38596,33964,0.8981759768,0.8866446826,0.8880818454,0.8925288541,0.01090341669,0.01853106771,0.5342465753,0.6438356164,3464.486868,3097.287628,4750.485237,0,1000,2.424657534
0.9,0.02,59,0.3,margin_rolling,73,38596,33964,0.8999637268,0.9028677423,0.9020632818,0.9184318788,0.009133244942,0.007853625594,0.4931506849,0.4383561644,4098.307796,5837.325727,7128,0.3631197739,1000,2.424657534
0.9,0.02,59,0.3,rank_rolling,73,38596,33964,0.8984091616,0.8872629843,0.8884690344,0.8915627752,0.01124079978,0.01831673934,0.5205479452,0.602739726,3581.564951,3581.564951,3581.564951,0,1000,2.424657534
0.9,0.02,59,0.3,adaptive_mass_rolling,73,38596,33964,0.8984609804,0.8872040985,0.8880819074,0.8931850811,0.01093220153,0.01812416261,0.4931506849,0.6575342466,3202.324137,2810.405576,4590.86226,0,1000,2.424657534
0.9,0.02,71,0.3,margin_rolling,73,38596,33964,0.8991864442,0.9007184077,0.9006920065,0.9160296243,0.00761912323,0.006880829133,0.6164383562,0.5479452055,3973.455512,5399.043222,7128,0.3268166294,1000,2.424657534
0.9,0.02,71,0.3,rank_rolling,73,38596,33964,0.9014146544,0.8905017077,0.8923106875,0.8952634021,0.007658249632,0.01420190081,0.4794520548,0.6712328767,3666.700742,3666.700742,3666.700742,0,1000,2.424657534
0.9,0.02,71,0.3,adaptive_mass_rolling,73,38596,33964,0.900896466,0.8899717348,0.8913997054,0.8961098867,0.007930175789,0.01450759366,0.4657534247,0.7123287671,3272.497851,2893.43602,4638.178448,0,1000,2.424657534
0.9,0.03,17,0,margin_rolling,73,38596,33964,0.898745984,0.8996584619,0.8999650582,0.9156427651,0.007808384137,0.007609165514,0.5890410959,0.4931506849,3904.85676,5143.520168,7128,0.3326757743,1000,2.424657534
0.9,0.03,17,0,rank_rolling,73,38596,33964,0.898745984,0.8872040985,0.8906687521,0.8920199118,0.009772179892,0.0177023342,0.4931506849,0.6712328767,3354.147126,3354.147126,3354.147126,0,1000,2.424657534
0.9,0.03,17,0,adaptive_mass_rolling,73,38596,33964,0.8986423464,0.8870274408,0.8896858935,0.8933134383,0.01040932046,0.01813567607,0.4520547945,0.6438356164,2951.363414,2580.243316,4362.916464,0,1000,2.424657534
0.9,0.03,29,0,margin_rolling,73,38596,33964,0.8988237123,0.9012483806,0.901110411,0.9162437282,0.008967514429,0.007758439944,0.5890410959,0.4657534247,3953.910994,5229.891856,7128,0.3430102461,1000,2.424657534
0.9,0.03,29,0,rank_rolling,73,38596,33964,0.8984091616,0.8872040985,0.8898156886,0.8915237282,0.01035267807,0.01677717554,0.4657534247,0.6575342466,3284.538865,3284.538865,3284.538865,0,1000,2.424657534
0.9,0.03,29,0,adaptive_mass_rolling,73,38596,33964,0.8993159913,0.8881168296,0.8904768035,0.8939699458,0.009155284516,0.01641889835,0.5205479452,0.6438356164,2924.718319,2550.842363,4362.541544,0,1000,2.424657534
0.9,0.03,43,0,margin_rolling,73,38596,33964,0.8976577884,0.891797197,0.8913694705,0.9070160188,0.009842408533,0.01336696608,0.5616438356,0.6164383562,3466.84036,2934.589683,7128,0.2367212342,1000,2.424657534
0.9,0.03,43,0,rank_rolling,73,38596,33964,0.8988496217,0.8877929572,0.8895699111,0.8937659249,0.009393018322,0.0167102222,0.4931506849,0.6438356164,3812.230008,3812.230008,3812.230008,0,1000,2.424657534
0.9,0.03,43,0,adaptive_mass_rolling,73,38596,33964,0.8992641725,0.8880579437,0.8896649219,0.8951531781,0.008944913497,0.01614350681,0.5068493151,0.6301369863,3535.964492,3217.296667,4723.822118,0,1000,2.424657534
0.9,0.03,59,0,margin_rolling,73,38596,33964,0.8990309877,0.8990696031,0.8987776829,0.9148469177,0.008254430133,0.008793747851,0.5342465753,0.5205479452,3741.091391,4144.15911,7128,0.2967259451,1000,2.424657534
0.9,0.03,59,0,rank_rolling,73,38596,33964,0.9003782775,0.8892062183,0.8909463871,0.8943323743,0.009562674491,0.01683196911,0.4931506849,0.6712328767,3348.027117,3348.027117,3348.027117,0,1000,2.424657534
0.9,0.03,59,0,adaptive_mass_rolling,73,38596,33964,0.8990309877,0.8877635143,0.8893367278,0.8943996024,0.009823998454,0.01724098239,0.4931506849,0.6575342466,2971.631316,2608.601019,4367.030585,0,1000,2.424657534
0.9,0.03,71,0,margin_rolling,73,38596,33964,0.8989532594,0.8973324697,0.8974917564,0.9134701009,0.008265139249,0.009750494245,0.5753424658,0.5205479452,3728.098869,4249.39745,7128,0.2917206454,1000,2.424657534
0.9,0.03,71,0,rank_rolling,73,38596,33964,0.8991346253,0.8878812861,0.8903503218,0.8929461026,0.009113266836,0.01621413699,0.5068493151,0.6712328767,3462.945531,3462.945531,3462.945531,0,1000,2.424657534
0.9,0.03,71,0,adaptive_mass_rolling,73,38596,33964,0.8990309877,0.8876162996,0.8898064114,0.8942640948,0.008717383502,0.01641221562,0.5205479452,0.6849315068,3066.509098,2710.139883,4426.364191,0,1000,2.424657534
0.9,0.03,17,0.1,margin_rolling,73,38596,33964,0.8979168826,0.898156872,0.8982630096,0.9142058445,0.008702711884,0.008847300635,0.5205479452,0.5068493151,3908.996644,5198.88903,7128,0.3244906371,1000,2.424657534
0.9,0.03,17,0.1,rank_rolling,73,38596,33964,0.8977096072,0.8859380521,0.8888602401,0.8907700591,0.01042957928,0.0185834933,0.5479452055,0.698630137,3379.025704,3379.025704,3379.025704,0,1000,2.424657534
0.9,0.03,17,0.1,adaptive_mass_rolling,73,38596,33964,0.8987200746,0.8871746555,0.889391394,0.8934959845,0.009909209224,0.01793683603,0.5342465753,0.6712328767,2981.536391,2597.940113,4413.378041,0,1000,2.424657534
0.9,0.03,29,0.1,margin_rolling,73,38596,33964,0.8990309877,0.9004534213,0.9003780316,0.9161645243,0.007926236048,0.007274131907,0.5205479452,0.4931506849,3895.820133,4996.637204,7128,0.3204275115,1000,2.424657534
0.9,0.03,29,0.1,rank_rolling,73,38596,33964,0.8985387087,0.887410199,0.8899305231,0.892319669,0.01012913196,0.01704004404,0.4657534247,0.6301369863,3328.671652,3328.671652,3328.671652,0,1000,2.424657534
0.9,0.03,29,0.1,adaptive_mass_rolling,73,38596,33964,0.8981759768,0.8871746555,0.8898892975,0.8934764961,0.01032636268,0.01708100043,0.5205479452,0.6164383562,2954.300053,2570.381993,4406.023313,0,1000,2.424657534
0.9,0.03,43,0.1,margin_rolling,73,38596,33964,0.8986682558,0.8990107172,0.8991997919,0.914882997,0.008262634729,0.00819925709,0.5205479452,0.4794520548,3869.061536,4876.771611,7128,0.3138028501,1000,2.424657534
0.9,0.03,43,0.1,rank_rolling,73,38596,33964,0.8987978029,0.8877929572,0.889886366,0.892427346,0.01017285281,0.01650275715,0.4794520548,0.6164383562,3501.652779,3501.652779,3501.652779,0,1000,2.424657534
0.9,0.03,43,0.1,adaptive_mass_rolling,73,38596,33964,0.8985387087,0.8872040985,0.8882154431,0.8932738306,0.01025641354,0.01711379165,0.4794520548,0.6575342466,3101.657108,2744.652986,4458.47061,0,1000,2.424657534
0.9,0.03,59,0.1,margin_rolling,73,38596,33964,0.8976577884,0.8942998469,0.8942743194,0.9107509396,0.009603012098,0.01195652146,0.5890410959,0.5753424658,3610.121423,3561.256949,7128,0.2785890943,1000,2.424657534
0.9,0.03,59,0.1,rank_rolling,73,38596,33964,0.8981241579,0.8864974679,0.8884801518,0.8915029078,0.01145480869,0.01891653163,0.4931506849,0.6301369863,3411.334148,3411.334148,3411.334148,0,1000,2.424657534
0.9,0.03,59,0.1,adaptive_mass_rolling,73,38596,33964,0.8991605348,0.8877340714,0.8894914089,0.8943495494,0.01084580212,0.01780874728,0.4931506849,0.6849315068,3026.11839,2650.662908,4441.276758,0,1000,2.424657534
0.9,0.03,71,0.1,margin_rolling,73,38596,33964,0.8986682558,0.8983629726,0.8986431857,0.9136199561,0.00767182444,0.008190822124,0.5753424658,0.5753424658,3770.629255,4379.662761,7128,0.3049110823,1000,2.424657534
0.9,0.03,71,0.1,rank_rolling,73,38596,33964,0.8987200746,0.8874985279,0.8909166495,0.892512567,0.009351235397,0.01633311373,0.4931506849,0.6575342466,3465.978036,3465.978036,3465.978036,0,1000,2.424657534
0.9,0.03,71,0.1,adaptive_mass_rolling,73,38596,33964,0.898745984,0.8876162996,0.8900106795,0.8940362391,0.009039077585,0.01592332839,0.4657534247,0.6712328767,3109.948946,2750.497821,4466.890107,0,1000,2.424657534
0.9,0.03,17,0.2,margin_rolling,73,38596,33964,0.8987978029,0.9001295489,0.900552002,0.9157427893,0.007887948438,0.00736940609,0.4520547945,0.4657534247,3997.587269,5538.714138,7128,0.3375927453,1000,2.424657534
0.9,0.03,17,0.2,rank_rolling,73,38596,33964,0.8986682558,0.8873218702,0.8899900781,0.8921470072,0.009957556344,0.01726308737,0.4657534247,0.6438356164,3462.361471,3462.361471,3462.361471,0,1000,2.424657534
0.9,0.03,17,0.2,adaptive_mass_rolling,73,38596,33964,0.8975800601,0.8862913673,0.8890707685,0.8925385983,0.01035164338,0.01757451575,0.4794520548,0.6301369863,3042.839565,2648.163938,4471.320793,0,1000,2.424657534
0.9,0.03,29,0.2,margin_rolling,73,38596,33964,0.8996009949,0.9032799435,0.903348088,0.9179024433,0.008586639189,0.006342113606,0.5205479452,0.4246575342,4108.186933,5937.889913,7128,0.3727770581,1000,2.424657534
0.9,0.03,29,0.2,rank_rolling,73,38596,33964,0.8993678101,0.888411259,0.8902753999,0.8927421752,0.009440209767,0.01648000282,0.4794520548,0.6301369863,3404.5782,3404.5782,3404.5782,0,1000,2.424657534
0.9,0.03,29,0.2,adaptive_mass_rolling,73,38596,33964,0.9001710022,0.8892062183,0.8907724987,0.8949189899,0.008917464122,0.01618912791,0.5205479452,0.6712328767,3094.700035,2697.673566,4527.854346,0,1000,2.424657534
0.9,0.03,43,0.2,margin_rolling,73,38596,33964,0.8983573427,0.8983040867,0.8979771495,0.9143335206,0.007834249232,0.007949289998,0.5753424658,0.5479452055,3861.156901,4832.955953,7128,0.3068248734,1000,2.424657534
0.9,0.03,43,0.2,rank_rolling,73,38596,33964,0.8986423464,0.8871452126,0.8884040695,0.8922469029,0.01068171067,0.01801077537,0.4931506849,0.6712328767,3610.322371,3610.322371,3610.322371,0,1000,2.424657534
0.9,0.03,43,0.2,adaptive_mass_rolling,73,38596,33964,0.8993937196,0.8878812861,0.8883367644,0.8945649736,0.01053884904,0.01766768892,0.4657534247,0.6575342466,3214.272612,2843.272377,4585.658109,0,1000,2.424657534
0.9,0.03,59,0.2,margin_rolling,73,38596,33964,0.8971136905,0.8984513014,0.8981314087,0.9143981816,0.009612032028,0.009574486298,0.5890410959,0.5753424658,3891.553586,5030.187787,7128,0.3187492639,1000,2.424657534
0.9,0.03,59,0.2,rank_rolling,73,38596,33964,0.8998600891,0.888882346,0.8905594945,0.893717753,0.01041917961,0.01705555704,0.5068493151,0.5753424658,3476.768431,3476.768431,3476.768431,0,1000,2.424657534
0.9,0.03,59,0.2,adaptive_mass_rolling,73,38596,33964,0.8996787232,0.8886468025,0.8899911585,0.8948886005,0.01032996587,0.01722085718,0.5205479452,0.6575342466,3097.072842,2710.862207,4521.588647,0,1000,2.424657534
0.9,0.03,71,0.2,margin_rolling,73,38596,33964,0.8978650637,0.898156872,0.8986659089,0.9135215298,0.008434121715,0.008133347655,0.5616438356,0.5342465753,3856.618184,4798.470292,7128,0.3084147921,1000,2.424657534
0.9,0.03,71,0.2,rank_rolling,73,38596,33964,0.8988755311,0.8875868567,0.8903428497,0.892894741,0.01012453885,0.01693159984,0.4657534247,0.6164383562,3560.022671,3560.022671,3560.022671,0,1000,2.424657534
0.9,0.03,71,0.2,adaptive_mass_rolling,73,38596,33964,0.9000414551,0.8890295607,0.8913895535,0.895669668,0.009004504138,0.01614816741,0.5342465753,0.6575342466,3209.494936,2840.145625,4578.306907,0,1000,2.424657534
0.9,0.03,17,0.3,margin_rolling,73,38596,33964,0.9000155457,0.9023966553,0.9025316877,0.9181652099,0.007768850243,0.006411150938,0.4931506849,0.4109589041,4169.369097,6109.797491,7128,0.3693027912,1000,2.424657534
0.9,0.03,17,0.3,rank_rolling,73,38596,33964,0.8977355166,0.8861441526,0.8886960265,0.8909894791,0.01117382637,0.01864083706,0.4931506849,0.6164383562,3417.782858,3417.782858,3417.782858,0,1000,2.424657534
0.9,0.03,17,0.3,adaptive_mass_rolling,73,38596,33964,0.8970100529,0.885496408,0.8875952108,0.8915062026,0.01220099884,0.0194364731,0.4520547945,0.6164383562,3041.038953,2619.696826,4504.261971,0,1000,2.424657534
0.9,0.03,29,0.3,margin_rolling,73,38596,33964,0.9003005493,0.9037510305,0.9035109283,0.918234062,0.008698907958,0.006423849436,0.4931506849,0.397260274,4116.356024,5852.830438,7128,0.4054292781,1000,2.424657534
0.9,0.03,29,0.3,rank_rolling,73,38596,33964,0.8991087159,0.8881757155,0.8899669852,0.8925022853,0.009820848305,0.01651873717,0.4657534247,0.5890410959,3911.425922,3911.425922,3911.425922,0,1000,2.424657534
0.9,0.03,29,0.3,adaptive_mass_rolling,73,38596,33964,0.8990050782,0.8878812861,0.8893638977,0.8935146317,0.0102051334,0.01752255316,0.4931506849,0.6301369863,3614.478772,3202.420916,4748.674049,0,1000,2.424657534
0.9,0.03,43,0.3,margin_rolling,73,38596,33964,0.8994455384,0.9001589919,0.8994875146,0.9161910635,0.009288066923,0.008722866321,0.4931506849,0.5205479452,3989.688935,5532.100253,7128,0.3588799906,1000,2.424657534
0.9,0.03,43,0.3,rank_rolling,73,38596,33964,0.899238263,0.8881757155,0.8899855632,0.8925234562,0.009861799252,0.01646652606,0.4794520548,0.602739726,3763.329908,3763.329908,3763.329908,0,1000,2.424657534
0.9,0.03,43,0.3,adaptive_mass_rolling,73,38596,33964,0.8981759768,0.8866446826,0.8880818454,0.8925288541,0.01090341669,0.01853106771,0.5342465753,0.6438356164,3464.486868,3097.287628,4750.485237,0,1000,2.424657534
0.9,0.03,59,0.3,margin_rolling,73,38596,33964,0.8999637268,0.9028677423,0.9020632818,0.9184318788,0.009133244942,0.007853625594,0.4931506849,0.4383561644,4098.307796,5837.325727,7128,0.3631197739,1000,2.424657534
0.9,0.03,59,0.3,rank_rolling,73,38596,33964,0.8984091616,0.8872629843,0.8884690344,0.8915627752,0.01124079978,0.01831673934,0.5205479452,0.602739726,3581.564951,3581.564951,3581.564951,0,1000,2.424657534
0.9,0.03,59,0.3,adaptive_mass_rolling,73,38596,33964,0.8984609804,0.8872040985,0.8880819074,0.8931850811,0.01093220153,0.01812416261,0.4931506849,0.6575342466,3202.324137,2810.405576,4590.86226,0,1000,2.424657534
0.9,0.03,71,0.3,margin_rolling,73,38596,33964,0.8991864442,0.9007184077,0.9006920065,0.9160296243,0.00761912323,0.006880829133,0.6164383562,0.5479452055,3973.455512,5399.043222,7128,0.3268166294,1000,2.424657534
0.9,0.03,71,0.3,rank_rolling,73,38596,33964,0.9014146544,0.8905017077,0.8923106875,0.8952634021,0.007658249632,0.01420190081,0.4794520548,0.6712328767,3666.700742,3666.700742,3666.700742,0,1000,2.424657534
0.9,0.03,71,0.3,adaptive_mass_rolling,73,38596,33964,0.900896466,0.8899717348,0.8913997054,0.8961098867,0.007930175789,0.01450759366,0.4657534247,0.7123287671,3272.497851,2893.43602,4638.178448,0,1000,2.424657534
0.92,0,17,0,margin_rolling,73,38596,33964,0.920302622,0.921034036,0.921265784,0.9346320384,0.006264009295,0.006179634582,0.4246575342,0.4109589041,4308.871953,6454.627076,7128,0.3869685549,1000,2.424657534
0.92,0,17,0,rank_rolling,73,38596,33964,0.917219401,0.907873042,0.9105517786,0.9110936089,0.00943350048,0.01567857993,0.4931506849,0.6438356164,4132.762395,4132.762395,4132.762395,0,1000,2.424657534
0.92,0,17,0,adaptive_mass_rolling,73,38596,33964,0.9179448648,0.9083146861,0.9107585654,0.9126216274,0.00882921623,0.01520844993,0.5205479452,0.6575342466,3770.259481,3486.629549,4838.145313,0,1000,2.424657534
0.92,0,29,0,margin_rolling,73,38596,33964,0.9190589698,0.921063479,0.9210558015,0.9345457192,0.007360653515,0.006037856326,0.5068493151,0.4246575342,4330.975062,6485.623925,7128,0.3928571429,1000,2.424657534
0.92,0,29,0,rank_rolling,73,38596,33964,0.9171416727,0.907902485,0.9102660418,0.9109060153,0.009466463586,0.01506121089,0.5068493151,0.5890410959,4092.402691,4092.402691,4092.402691,0,1000,2.424657534
0.92,0,29,0,adaptive_mass_rolling,73,38596,33964,0.9166234843,0.9073430691,0.909748277,0.9104290397,0.009932688014,0.01562097394,0.5068493151,0.602739726,4046.381257,4024.29649,4128.989171,0,1000,2.424657534
0.92,0,43,0,margin_rolling,73,38596,33964,0.9181003213,0.9127311271,0.9122884723,0.9262550637,0.008354385284,0.01186502052,0.5890410959,0.6438356164,3886.342569,4806.752297,7128,0.2642503828,1000,2.424657534
0.92,0,43,0,rank_rolling,73,38596,33964,0.9190848793,0.9101990343,0.9114406887,0.9146458762,0.009124019248,0.01484174572,0.4794520548,0.602739726,4634.916559,4634.916559,4634.916559,0,1000,2.424657534
0.92,0,43,0,adaptive_mass_rolling,73,38596,33964,0.9185926003,0.9095807325,0.9108312199,0.9142263143,0.009494586589,0.0152632602,0.4794520548,0.602739726,4577.740225,4542.051084,4700.391597,0,1000,2.424657534
0.92,0,59,0,margin_rolling,73,38596,33964,0.9190589698,0.918619715,0.9183276469,0.9324607708,0.007565897895,0.008473351031,0.5616438356,0.5616438356,4156.958927,5908.829525,7128,0.341626428,1000,2.424657534
0.92,0,59,0,rank_rolling,73,38596,33964,0.918514872,0.9094040749,0.9111704198,0.912954613,0.009793476787,0.01590985848,0.5205479452,0.5890410959,4138.040307,4138.040307,4138.040307,0,1000,2.424657534
0.92,0,59,0,adaptive_mass_rolling,73,38596,33964,0.9186703285,0.9095512896,0.9111570186,0.9134257,0.009603916082,0.01585714523,0.5479452055,0.6301369863,4013.336651,3933.255211,4305.335549,0,1000,2.424657534
0.92,0,71,0,margin_rolling,73,38596,33964,0.9193439735,0.9175892121,0.9177213759,0.9316838332,0.006691714162,0.008023452877,0.4383561644,0.4931506849,4134.861059,5873.271052,7128,0.3355611824,1000,2.424657534
0.92,0,71,0,rank_rolling,73,38596,33964,0.9187739662,0.9100223766,0.9117773506,0.9134423844,0.007882973401,0.01346802999,0.4931506849,0.698630137,4325.519108,4325.519108,4325.519108,0,1000,2.424657534
0.92,0,71,0,adaptive_mass_rolling,73,38596,33964,0.9192144264,0.9101107055,0.9121148818,0.9148141449,0.007880212902,0.01376685436,0.5342465753,0.6438356164,3918.08721,3648.696708,4932.032629,0,1000,2.424657534
0.92,0,17,0.1,margin_rolling,73,38596,33964,0.9189812416,0.9184430574,0.9194652239,0.9325073304,0.006591081635,0.007001915654,0.4383561644,0.5205479452,4271.688641,6369.940761,7128,0.3666234837,1000,2.424657534
0.92,0,17,0.1,rank_rolling,73,38596,33964,0.91771168,0.9083441291,0.9105953407,0.9117707965,0.008490672814,0.01512127417,0.5068493151,0.698630137,4155.509245,4155.509245,4155.509245,0,1000,2.424657534
0.92,0,17,0.1,adaptive_mass_rolling,73,38596,33964,0.9177375894,0.9083441291,0.9105933939,0.911785518,0.00840646117,0.01503816417,0.5342465753,0.698630137,4118.078053,4095.477064,4199.039948,0,1000,2.424657534
0.92,0,29,0.1,margin_rolling,73,38596,33964,0.919810343,0.9205040631,0.920335254,0.9346674957,0.006934264877,0.006832148128,0.5616438356,0.4931506849,4274.70507,6413.315687,7128,0.3662112825,1000,2.424657534
0.92,0,29,0.1,rank_rolling,73,38596,33964,0.9176598611,0.9086974444,0.9113462254,0.9120435643,0.009680600186,0.01525109209,0.4931506849,0.6164383562,4147.971882,4147.971882,4147.971882,0,1000,2.424657534
0.92,0,29,0.1,adaptive_mass_rolling,73,38596,33964,0.9174007669,0.9082263573,0.9102564421,0.9129984269,0.009611975617,0.01568680267,0.5205479452,0.6438356164,3739.256242,3440.887734,4857.324773,0,1000,2.424657534
0.92,0,43,0.1,margin_rolling,73,38596,33964,0.9187739662,0.9183547285,0.9187025808,0.9326506544,0.007279139479,0.007723296712,0.4794520548,0.5068493151,4244.677865,6241.888735,7128,0.3600282652,1000,2.424657534
0.92,0,43,0.1,rank_rolling,73,38596,33964,0.9170639445,0.9079908138,0.9094952615,0.9113764714,0.009642199484,0.01554665076,0.4931506849,0.6301369863,4382.185284,4382.185284,4382.185284,0,1000,2.424657534
0.92,0,43,0.1,adaptive_mass_rolling,73,38596,33964,0.9178930459,0.9087268873,0.9099038574,0.913044414,0.008790763908,0.01460439626,0.5068493151,0.6712328767,3945.144741,3676.948799,4951.684354,0,1000,2.424657534
0.92,0,59,0.1,margin_rolling,73,38596,33964,0.9199139807,0.9167648098,0.916340567,0.9308667256,0.006943561322,0.009066347514,0.4794520548,0.5890410959,4056.353551,5514.170269,7128,0.3224001884,1000,2.424657534
0.92,0,59,0.1,rank_rolling,73,38596,33964,0.9184371437,0.9091685314,0.9113115465,0.9127180881,0.009501565364,0.01516528464,0.4794520548,0.5753424658,4215.057325,4215.057325,4215.057325,0,1000,2.424657534
0.92,0,59,0.1,adaptive_mass_rolling,73,38596,33964,0.9183853249,0.9089035449,0.9106169767,0.9128250641,0.01005803655,0.01586912571,0.4383561644,0.5890410959,4077.445737,3995.102196,4376.009074,0,1000,2.424657534
0.92,0,71,0.1,margin_rolling,73,38596,33964,0.9197844336,0.9187963726,0.9189982442,0.9324056993,0.006056092933,0.006909626783,0.5205479452,0.5205479452,4212.890796,6174.284743,7128,0.3503120952,1000,2.424657534
0.92,0,71,0.1,rank_rolling,73,38596,33964,0.9189553322,0.9099929337,0.9123394668,0.9133158265,0.008085137238,0.01336562584,0.4657534247,0.6164383562,4338.464521,4338.464521,4338.464521,0,1000,2.424657534
0.92,0,71,0.1,adaptive_mass_rolling,73,38596,33964,0.9187998756,0.909845719,0.9121927945,0.9133197522,0.008099078855,0.01335619615,0.4657534247,0.6164383562,4305.163556,4284.69874,4377.616429,0,1000,2.424657534
0.92,0,17,0.2,margin_rolling,73,38596,33964,0.9185666908,0.9190024732,0.9197981924,0.9327332465,0.007460098517,0.007432850793,0.4794520548,0.4931506849,4368.788217,6492.508833,7128,0.3852608644,1000,2.424657534
0.92,0,17,0.2,rank_rolling,73,38596,33964,0.9165716655,0.9071664115,0.9096184107,0.9106097633,0.009780365193,0.01607345903,0.5342465753,0.6575342466,4202.41541,4202.41541,4202.41541,0,1000,2.424657534
0.92,0,17,0.2,adaptive_mass_rolling,73,38596,33964,0.9188257851,0.9096101755,0.9115694478,0.9140192557,0.008672270852,0.01448876475,0.4794520548,0.6164383562,3893.345925,3596.936197,4960.088046,0,1000,2.424657534
0.92,0,29,0.2,margin_rolling,73,38596,33964,0.9195512488,0.9227122836,0.9226654563,0.935833988,0.00707040668,0.005506309584,0.5068493151,0.397260274,4480.631875,6766.503563,7128,0.42447886,1000,2.424657534
0.92,0,29,0.2,rank_rolling,73,38596,33964,0.9182298684,0.9092274173,0.9110232179,0.9124939712,0.009144799107,0.01475727525,0.4520547945,0.5753424658,4209.258921,4209.258921,4209.258921,0,1000,2.424657534
0.92,0,29,0.2,adaptive_mass_rolling,73,38596,33964,0.918696238,0.9097573902,0.9114443512,0.9131652702,0.009080766019,0.01457274751,0.4520547945,0.5753424658,4164.438229,4120.693499,4328.338517,0,1000,2.424657534
0.92,0,43,0.2,margin_rolling,73,38596,33964,0.918514872,0.9171181251,0.9172134365,0.9316897479,0.006995020063,0.007972757663,0.5205479452,0.5753424658,4249.147774,6229.068396,7128,0.3496349075,1000,2.424657534
0.92,0,43,0.2,rank_rolling,73,38596,33964,0.9181003213,0.908874102,0.9098553322,0.9124349451,0.009409122987,0.01530006511,0.5205479452,0.6301369863,4424.222765,4424.222765,4424.222765,0,1000,2.424657534
0.92,0,43,0.2,adaptive_mass_rolling,73,38596,33964,0.9179966836,0.9086974444,0.9093008481,0.9133378619,0.01002153768,0.01600607047,0.4794520548,0.6438356164,4049.736957,3771.217878,5068.582717,0,1000,2.424657534
0.92,0,59,0.2,margin_rolling,73,38596,33964,0.919318064,0.9201801908,0.9201737143,0.9338492391,0.007411659573,0.007556228142,0.5205479452,0.4794520548,4276.052379,6323.041426,7128,0.3642680485,1000,2.424657534
0.92,0,59,0.2,rank_rolling,73,38596,33964,0.9186703285,0.909845719,0.9110778642,0.9131842679,0.009781823566,0.01528953319,0.5342465753,0.6164383562,4303.204334,4303.204334,4303.204334,0,1000,2.424657534
0.92,0,59,0.2,adaptive_mass_rolling,73,38596,33964,0.9189553322,0.9100518196,0.9112174745,0.9134786973,0.009669339251,0.01519899295,0.5068493151,0.5753424658,4271.05338,4248.850518,4350.333506,0,1000,2.424657534
0.92,0,71,0.2,margin_rolling,73,38596,33964,0.9189553322,0.9188552585,0.919701314,0.9326904725,0.006844182265,0.00678719507,0.5342465753,0.5342465753,4274.342981,6291.982246,7128,0.3524614297,1000,2.424657534
0.92,0,71,0.2,rank_rolling,73,38596,33964,0.9189812416,0.9097868331,0.9117757169,0.9135890616,0.008718955838,0.0143331451,0.4520547945,0.6301369863,4405.387234,4405.387234,4405.387234,0,1000,2.424657534
0.92,0,71,0.2,adaptive_mass_rolling,73,38596,33964,0.9180485024,0.9087563302,0.9106792318,0.9135493137,0.009177125821,0.01528338948,0.5205479452,0.6575342466,4025.600783,3746.380491,5050.647715,0,1000,2.424657534
0.92,0,17,0.3,margin_rolling,73,38596,33964,0.9192921546,0.9206218349,0.9211323472,0.9345765525,0.007664330681,0.006924574577,0.4520547945,0.4520547945,4515.636851,6791.912231,7128,0.4172358968,1000,2.424657534
0.92,0,17,0.3,rank_rolling,73,38596,33964,0.9181521401,0.9088446591,0.910710616,0.9123267774,0.009961290246,0.01607030567,0.5342465753,0.602739726,4241.914409,4241.914409,4241.914409,0,1000,2.424657534
0.92,0,17,0.3,adaptive_mass_rolling,73,38596,33964,0.918203959,0.9087857732,0.910672523,0.9133003572,0.009891022031,0.01589936333,0.5205479452,0.6164383562,3882.361412,3565.489695,4983.6998,0,1000,2.424657534
0.92,0,29,0.3,margin_rolling,73,38596,33964,0.9201989844,0.9226828407,0.9222872626,0.9355724483,0.006916244199,0.005770792526,0.5205479452,0.4657534247,4472.464374,6773.75,7128,0.4550111883,1000,2.424657534
0.92,0,29,0.3,rank_rolling,73,38596,33964,0.9190848793,0.9103756919,0.9119208261,0.9131393324,0.008205947799,0.0136279586,0.4520547945,0.6575342466,4699.385703,4699.385703,4699.385703,0,1000,2.424657534
0.92,0,29,0.3,adaptive_mass_rolling,73,38596,33964,0.9192662452,0.9105229066,0.9122113168,0.9139583368,0.008546342438,0.01386621938,0.4794520548,0.5890410959,4492.448033,4207.137616,5279.843652,0,1000,2.424657534
0.92,0,43,0.3,margin_rolling,73,38596,33964,0.9189553322,0.9190613591,0.91876375,0.9335696796,0.008832403,0.008727026649,0.4657534247,0.4931506849,4346.087033,6556.505123,7128,0.4092568602,1000,2.424657534
0.92,0,43,0.3,rank_rolling,73,38596,33964,0.9184889626,0.9094924037,0.9107550981,0.9126055039,0.009035660529,0.01463058494,0.4931506849,0.6438356164,4574.011277,4574.011277,4574.011277,0,1000,2.424657534
0.92,0,43,0.3,adaptive_mass_rolling,73,38596,33964,0.9181521401,0.9090507596,0.9102665931,0.9125765516,0.009195147337,0.01483716727,0.4657534247,0.6301369863,4476.40378,4404.227447,4742.49112,0,1000,2.424657534
0.92,0,59,0.3,margin_rolling,73,38596,33964,0.920302622,0.9228300554,0.922088951,0.9364470348,0.007656102847,0.006506320504,0.5479452055,0.4520547945,4425.85573,6677.096102,7128,0.4074902838,1000,2.424657534
0.92,0,59,0.3,rank_rolling,73,38596,33964,0.9178930459,0.9089329879,0.9102913796,0.9119618952,0.009831536003,0.01591912515,0.5342465753,0.6575342466,4402.400571,4402.400571,4402.400571,0,1000,2.424657534
0.92,0,59,0.3,adaptive_mass_rolling,73,38596,33964,0.9183075966,0.9094335178,0.9107664145,0.9125203296,0.009418865292,0.01532417186,0.5342465753,0.6438356164,4378.5719,4357.120952,4455.425763,0,1000,2.424657534
0.92,0,71,0.3,margin_rolling,73,38596,33964,0.9200694372,0.9206807208,0.9209639066,0.9345398774,0.006607728658,0.006310944679,0.5342465753,0.5205479452,4380.66226,6573.543782,7128,0.3773407137,1000,2.424657534
0.92,0,71,0.3,rank_rolling,73,38596,33964,0.9195253394,0.9105523495,0.9122951599,0.9138808739,0.00779788319,0.01321293287,0.4657534247,0.6164383562,4479.842333,4479.842333,4479.842333,0,1000,2.424657534
0.92,0,71,0.3,adaptive_mass_rolling,73,38596,33964,0.9196807959,0.9105817925,0.9120447643,0.9149148118,0.007844199849,0.01328287774,0.4931506849,0.6575342466,4113.452567,3831.6168,5121.119291,0,1000,2.424657534
0.92,0.01,17,0,margin_rolling,73,38596,33964,0.920302622,0.921034036,0.921265784,0.9346320384,0.006264009295,0.006179634582,0.4246575342,0.4109589041,4308.871953,6454.627076,7128,0.3869685549,1000,2.424657534
0.92,0.01,17,0,rank_rolling,73,38596,33964,0.917219401,0.907873042,0.9105517786,0.9110936089,0.00943350048,0.01567857993,0.4931506849,0.6438356164,4132.762395,4132.762395,4132.762395,0,1000,2.424657534
0.92,0.01,17,0,adaptive_mass_rolling,73,38596,33964,0.9179448648,0.9083146861,0.9107585654,0.9126216274,0.00882921623,0.01520844993,0.5205479452,0.6575342466,3770.259481,3486.629549,4838.145313,0,1000,2.424657534
0.92,0.01,29,0,margin_rolling,73,38596,33964,0.9190589698,0.921063479,0.9210558015,0.9345457192,0.007360653515,0.006037856326,0.5068493151,0.4246575342,4330.975062,6485.623925,7128,0.3928571429,1000,2.424657534
0.92,0.01,29,0,rank_rolling,73,38596,33964,0.9171416727,0.907902485,0.9102660418,0.9109060153,0.009466463586,0.01506121089,0.5068493151,0.5890410959,4092.402691,4092.402691,4092.402691,0,1000,2.424657534
0.92,0.01,29,0,adaptive_mass_rolling,73,38596,33964,0.9185926003,0.9093157461,0.911198825,0.9133885459,0.008306873275,0.01405429414,0.4657534247,0.6712328767,3736.092009,3449.528677,4830.785973,0,1000,2.424657534
0.92,0.01,43,0,margin_rolling,73,38596,33964,0.9181003213,0.9127311271,0.9122884723,0.9262550637,0.008354385284,0.01186502052,0.5890410959,0.6438356164,3886.342569,4806.752297,7128,0.2642503828,1000,2.424657534
0.92,0.01,43,0,rank_rolling,73,38596,33964,0.9190848793,0.9101990343,0.9114406887,0.9146458762,0.009124019248,0.01484174572,0.4794520548,0.602739726,4634.916559,4634.916559,4634.916559,0,1000,2.424657534
0.92,0.01,43,0,adaptive_mass_rolling,73,38596,33964,0.9193439735,0.9101695913,0.911287292,0.9155978646,0.008804589036,0.01452563886,0.4794520548,0.6301369863,4355.743316,4121.827965,5214.308933,0,1000,2.424657534
0.92,0.01,59,0,margin_rolling,73,38596,33964,0.9190589698,0.918619715,0.9183276469,0.9324607708,0.007565897895,0.008473351031,0.5616438356,0.5616438356,4156.958927,5908.829525,7128,0.341626428,1000,2.424657534
0.92,0.01,59,0,rank_rolling,73,38596,33964,0.918514872,0.9094040749,0.9111704198,0.912954613,0.009793476787,0.01590985848,0.5205479452,0.5890410959,4138.040307,4138.040307,4138.040307,0,1000,2.424657534
0.92,0.01,59,0,adaptive_mass_rolling,73,38596,33964,0.9196030677,0.9104051348,0.911413796,0.9152515829,0.009275032992,0.01565973533,0.5616438356,0.6301369863,3777.915499,3497.833736,4841.072106,0,1000,2.424657534
0.92,0.01,71,0,margin_rolling,73,38596,33964,0.9193439735,0.9175892121,0.9177213759,0.9316838332,0.006691714162,0.008023452877,0.4383561644,0.4931506849,4134.861059,5873.271052,7128,0.3355611824,1000,2.424657534
0.92,0.01,71,0,rank_rolling,73,38596,33964,0.9187739662,0.9100223766,0.9117773506,0.9134423844,0.007882973401,0.01346802999,0.4931506849,0.698630137,4325.519108,4325.519108,4325.519108,0,1000,2.424657534
0.92,0.01,71,0,adaptive_mass_rolling,73,38596,33964,0.9192144264,0.9101107055,0.9121148818,0.9148141449,0.007880212902,0.01376685436,0.5342465753,0.6438356164,3918.08721,3648.696708,4932.032629,0,1000,2.424657534
0.92,0.01,17,0.1,margin_rolling,73,38596,33964,0.9189812416,0.9184430574,0.9194652239,0.9325073304,0.006591081635,0.007001915654,0.4383561644,0.5205479452,4271.688641,6369.940761,7128,0.3666234837,1000,2.424657534
0.92,0.01,17,0.1,rank_rolling,73,38596,33964,0.91771168,0.9083441291,0.9105953407,0.9117707965,0.008490672814,0.01512127417,0.5068493151,0.698630137,4155.509245,4155.509245,4155.509245,0,1000,2.424657534
0.92,0.01,17,0.1,adaptive_mass_rolling,73,38596,33964,0.9178412271,0.9081674714,0.9100025035,0.9126540146,0.009096254371,0.01583863347,0.5479452055,0.6849315068,3780.42127,3484.997173,4873.739819,0,1000,2.424657534
0.92,0.01,29,0.1,margin_rolling,73,38596,33964,0.919810343,0.9205040631,0.920335254,0.9346674957,0.006934264877,0.006832148128,0.5616438356,0.4931506849,4274.70507,6413.315687,7128,0.3662112825,1000,2.424657534
0.92,0.01,29,0.1,rank_rolling,73,38596,33964,0.9176598611,0.9086974444,0.9113462254,0.9120435643,0.009680600186,0.01525109209,0.4931506849,0.6164383562,4147.971882,4147.971882,4147.971882,0,1000,2.424657534
0.92,0.01,29,0.1,adaptive_mass_rolling,73,38596,33964,0.9174007669,0.9082263573,0.9102564421,0.9129984269,0.009611975617,0.01568680267,0.5205479452,0.6438356164,3739.256242,3440.887734,4857.324773,0,1000,2.424657534
0.92,0.01,43,0.1,margin_rolling,73,38596,33964,0.9187739662,0.9183547285,0.9187025808,0.9326506544,0.007279139479,0.007723296712,0.4794520548,0.5068493151,4244.677865,6241.888735,7128,0.3600282652,1000,2.424657534
0.92,0.01,43,0.1,rank_rolling,73,38596,33964,0.9170639445,0.9079908138,0.9094952615,0.9113764714,0.009642199484,0.01554665076,0.4931506849,0.6301369863,4382.185284,4382.185284,4382.185284,0,1000,2.424657534
0.92,0.01,43,0.1,adaptive_mass_rolling,73,38596,33964,0.9178930459,0.9087268873,0.9099038574,0.913044414,0.008790763908,0.01460439626,0.5068493151,0.6712328767,3945.144741,3676.948799,4951.684354,0,1000,2.424657534
0.92,0.01,59,0.1,margin_rolling,73,38596,33964,0.9199139807,0.9167648098,0.916340567,0.9308667256,0.006943561322,0.009066347514,0.4794520548,0.5890410959,4056.353551,5514.170269,7128,0.3224001884,1000,2.424657534
0.92,0.01,59,0.1,rank_rolling,73,38596,33964,0.9184371437,0.9091685314,0.9113115465,0.9127180881,0.009501565364,0.01516528464,0.4794520548,0.5753424658,4215.057325,4215.057325,4215.057325,0,1000,2.424657534
0.92,0.01,59,0.1,adaptive_mass_rolling,73,38596,33964,0.9183853249,0.9088152161,0.9097395301,0.9136082463,0.01092901712,0.01695930672,0.5616438356,0.5890410959,3833.033447,3544.563715,4909.648834,0,1000,2.424657534
0.92,0.01,71,0.1,margin_rolling,73,38596,33964,0.9197844336,0.9187963726,0.9189982442,0.9324056993,0.006056092933,0.006909626783,0.5205479452,0.5205479452,4212.890796,6174.284743,7128,0.3503120952,1000,2.424657534
0.92,0.01,71,0.1,rank_rolling,73,38596,33964,0.9189553322,0.9099929337,0.9123394668,0.9133158265,0.008085137238,0.01336562584,0.4657534247,0.6164383562,4338.464521,4338.464521,4338.464521,0,1000,2.424657534
0.92,0.01,71,0.1,adaptive_mass_rolling,73,38596,33964,0.9187998756,0.9097868331,0.9119539934,0.914289827,0.008612151254,0.01382147476,0.4383561644,0.5479452055,3955.090684,3685.12631,4964.993146,0,1000,2.424657534
0.92,0.01,17,0.2,margin_rolling,73,38596,33964,0.9185666908,0.9190024732,0.9197981924,0.9327332465,0.007460098517,0.007432850793,0.4794520548,0.4931506849,4368.788217,6492.508833,7128,0.3852608644,1000,2.424657534
0.92,0.01,17,0.2,rank_rolling,73,38596,33964,0.9165716655,0.9071664115,0.9096184107,0.9106097633,0.009780365193,0.01607345903,0.5342465753,0.6575342466,4202.41541,4202.41541,4202.41541,0,1000,2.424657534
0.92,0.01,17,0.2,adaptive_mass_rolling,73,38596,33964,0.9188257851,0.9096101755,0.9115694478,0.9140192557,0.008672270852,0.01448876475,0.4794520548,0.6164383562,3893.345925,3596.936197,4960.088046,0,1000,2.424657534
0.92,0.01,29,0.2,margin_rolling,73,38596,33964,0.9195512488,0.9227122836,0.9226654563,0.935833988,0.00707040668,0.005506309584,0.5068493151,0.397260274,4480.631875,6766.503563,7128,0.42447886,1000,2.424657534
0.92,0.01,29,0.2,rank_rolling,73,38596,33964,0.9182298684,0.9092274173,0.9110232179,0.9124939712,0.009144799107,0.01475727525,0.4520547945,0.5753424658,4209.258921,4209.258921,4209.258921,0,1000,2.424657534
0.92,0.01,29,0.2,adaptive_mass_rolling,73,38596,33964,0.9181780495,0.909374632,0.9104773198,0.9132256283,0.009236213553,0.01491002439,0.5068493151,0.6575342466,3910.384937,3611.601519,4990.966676,0,1000,2.424657534
0.92,0.01,43,0.2,margin_rolling,73,38596,33964,0.918514872,0.9171181251,0.9172134365,0.9316897479,0.006995020063,0.007972757663,0.5205479452,0.5753424658,4249.147774,6229.068396,7128,0.3496349075,1000,2.424657534
0.92,0.01,43,0.2,rank_rolling,73,38596,33964,0.9181003213,0.908874102,0.9098553322,0.9124349451,0.009409122987,0.01530006511,0.5205479452,0.6301369863,4424.222765,4424.222765,4424.222765,0,1000,2.424657534
0.92,0.01,43,0.2,adaptive_mass_rolling,73,38596,33964,0.9179966836,0.9086974444,0.9093008481,0.9133378619,0.01002153768,0.01600607047,0.4794520548,0.6438356164,4049.736957,3771.217878,5068.582717,0,1000,2.424657534
0.92,0.01,59,0.2,margin_rolling,73,38596,33964,0.919318064,0.9201801908,0.9201737143,0.9338492391,0.007411659573,0.007556228142,0.5205479452,0.4794520548,4276.052379,6323.041426,7128,0.3642680485,1000,2.424657534
0.92,0.01,59,0.2,rank_rolling,73,38596,33964,0.9186703285,0.909845719,0.9110778642,0.9131842679,0.009781823566,0.01528953319,0.5342465753,0.6164383562,4303.204334,4303.204334,4303.204334,0,1000,2.424657534
0.92,0.01,59,0.2,adaptive_mass_rolling,73,38596,33964,0.918514872,0.9095512896,0.9103384724,0.9138393733,0.009927429311,0.01573597826,0.5342465753,0.6164383562,3899.460929,3603.695148,4981.335873,0,1000,2.424657534
0.92,0.01,71,0.2,margin_rolling,73,38596,33964,0.9189553322,0.9188552585,0.919701314,0.9326904725,0.006844182265,0.00678719507,0.5342465753,0.5342465753,4274.342981,6291.982246,7128,0.3524614297,1000,2.424657534
0.92,0.01,71,0.2,rank_rolling,73,38596,33964,0.9189812416,0.9097868331,0.9117757169,0.9135890616,0.008718955838,0.0143331451,0.4520547945,0.6301369863,4405.387234,4405.387234,4405.387234,0,1000,2.424657534
0.92,0.01,71,0.2,adaptive_mass_rolling,73,38596,33964,0.9180485024,0.9087563302,0.9106792318,0.9135493137,0.009177125821,0.01528338948,0.5205479452,0.6575342466,4025.600783,3746.380491,5050.647715,0,1000,2.424657534
0.92,0.01,17,0.3,margin_rolling,73,38596,33964,0.9192921546,0.9206218349,0.9211323472,0.9345765525,0.007664330681,0.006924574577,0.4520547945,0.4520547945,4515.636851,6791.912231,7128,0.4172358968,1000,2.424657534
0.92,0.01,17,0.3,rank_rolling,73,38596,33964,0.9181521401,0.9088446591,0.910710616,0.9123267774,0.009961290246,0.01607030567,0.5342465753,0.602739726,4241.914409,4241.914409,4241.914409,0,1000,2.424657534
0.92,0.01,17,0.3,adaptive_mass_rolling,73,38596,33964,0.918203959,0.9087857732,0.910672523,0.9133003572,0.009891022031,0.01589936333,0.5205479452,0.6164383562,3882.361412,3565.489695,4983.6998,0,1000,2.424657534
0.92,0.01,29,0.3,margin_rolling,73,38596,33964,0.9201989844,0.9226828407,0.9222872626,0.9355724483,0.006916244199,0.005770792526,0.5205479452,0.4657534247,4472.464374,6773.75,7128,0.4550111883,1000,2.424657534
0.92,0.01,29,0.3,rank_rolling,73,38596,33964,0.9190848793,0.9103756919,0.9119208261,0.9131393324,0.008205947799,0.0136279586,0.4520547945,0.6575342466,4699.385703,4699.385703,4699.385703,0,1000,2.424657534
0.92,0.01,29,0.3,adaptive_mass_rolling,73,38596,33964,0.9192662452,0.9105229066,0.9122113168,0.9139583368,0.008546342438,0.01386621938,0.4794520548,0.5890410959,4492.448033,4207.137616,5279.843652,0,1000,2.424657534
0.92,0.01,43,0.3,margin_rolling,73,38596,33964,0.9189553322,0.9190613591,0.91876375,0.9335696796,0.008832403,0.008727026649,0.4657534247,0.4931506849,4346.087033,6556.505123,7128,0.4092568602,1000,2.424657534
0.92,0.01,43,0.3,rank_rolling,73,38596,33964,0.9184889626,0.9094924037,0.9107550981,0.9126055039,0.009035660529,0.01463058494,0.4931506849,0.6438356164,4574.011277,4574.011277,4574.011277,0,1000,2.424657534
0.92,0.01,43,0.3,adaptive_mass_rolling,73,38596,33964,0.9181521401,0.9090507596,0.9102665931,0.9125765516,0.009195147337,0.01483716727,0.4657534247,0.6301369863,4476.40378,4404.227447,4742.49112,0,1000,2.424657534
0.92,0.01,59,0.3,margin_rolling,73,38596,33964,0.920302622,0.9228300554,0.922088951,0.9364470348,0.007656102847,0.006506320504,0.5479452055,0.4520547945,4425.85573,6677.096102,7128,0.4074902838,1000,2.424657534
0.92,0.01,59,0.3,rank_rolling,73,38596,33964,0.9178930459,0.9089329879,0.9102913796,0.9119618952,0.009831536003,0.01591912515,0.5342465753,0.6575342466,4402.400571,4402.400571,4402.400571,0,1000,2.424657534
0.92,0.01,59,0.3,adaptive_mass_rolling,73,38596,33964,0.9186703285,0.9094924037,0.9100596996,0.9136421056,0.009631647862,0.01558407575,0.5068493151,0.6164383562,4030.154929,3737.470763,5066.358397,0,1000,2.424657534
0.92,0.01,71,0.3,margin_rolling,73,38596,33964,0.9200694372,0.9206807208,0.9209639066,0.9345398774,0.006607728658,0.006310944679,0.5342465753,0.5205479452,4380.66226,6573.543782,7128,0.3773407137,1000,2.424657534
0.92,0.01,71,0.3,rank_rolling,73,38596,33964,0.9195253394,0.9105523495,0.9122951599,0.9138808739,0.00779788319,0.01321293287,0.4657534247,0.6164383562,4479.842333,4479.842333,4479.842333,0,1000,2.424657534
0.92,0.01,71,0.3,adaptive_mass_rolling,73,38596,33964,0.9196807959,0.9105817925,0.9120447643,0.9149148118,0.007844199849,0.01328287774,0.4931506849,0.6575342466,4113.452567,3831.6168,5121.119291,0,1000,2.424657534
0.92,0.02,17,0,margin_rolling,73,38596,33964,0.920302622,0.921034036,0.921265784,0.9346320384,0.006264009295,0.006179634582,0.4246575342,0.4109589041,4308.871953,6454.627076,7128,0.3869685549,1000,2.424657534
0.92,0.02,17,0,rank_rolling,73,38596,33964,0.917219401,0.907873042,0.9105517786,0.9110936089,0.00943350048,0.01567857993,0.4931506849,0.6438356164,4132.762395,4132.762395,4132.762395,0,1000,2.424657534
0.92,0.02,17,0,adaptive_mass_rolling,73,38596,33964,0.9179448648,0.9083146861,0.9107585654,0.9126216274,0.00882921623,0.01520844993,0.5205479452,0.6575342466,3770.259481,3486.629549,4838.145313,0,1000,2.424657534
0.92,0.02,29,0,margin_rolling,73,38596,33964,0.9190589698,0.921063479,0.9210558015,0.9345457192,0.007360653515,0.006037856326,0.5068493151,0.4246575342,4330.975062,6485.623925,7128,0.3928571429,1000,2.424657534
0.92,0.02,29,0,rank_rolling,73,38596,33964,0.9171416727,0.907902485,0.9102660418,0.9109060153,0.009466463586,0.01506121089,0.5068493151,0.5890410959,4092.402691,4092.402691,4092.402691,0,1000,2.424657534
0.92,0.02,29,0,adaptive_mass_rolling,73,38596,33964,0.9185926003,0.9093157461,0.911198825,0.9133885459,0.008306873275,0.01405429414,0.4657534247,0.6712328767,3736.092009,3449.528677,4830.785973,0,1000,2.424657534
0.92,0.02,43,0,margin_rolling,73,38596,33964,0.9181003213,0.9127311271,0.9122884723,0.9262550637,0.008354385284,0.01186502052,0.5890410959,0.6438356164,3886.342569,4806.752297,7128,0.2642503828,1000,2.424657534
0.92,0.02,43,0,rank_rolling,73,38596,33964,0.9190848793,0.9101990343,0.9114406887,0.9146458762,0.009124019248,0.01484174572,0.4794520548,0.602739726,4634.916559,4634.916559,4634.916559,0,1000,2.424657534
0.92,0.02,43,0,adaptive_mass_rolling,73,38596,33964,0.9193439735,0.9101695913,0.911287292,0.9155978646,0.008804589036,0.01452563886,0.4794520548,0.6301369863,4355.743316,4121.827965,5214.308933,0,1000,2.424657534
0.92,0.02,59,0,margin_rolling,73,38596,33964,0.9190589698,0.918619715,0.9183276469,0.9324607708,0.007565897895,0.008473351031,0.5616438356,0.5616438356,4156.958927,5908.829525,7128,0.341626428,1000,2.424657534
0.92,0.02,59,0,rank_rolling,73,38596,33964,0.918514872,0.9094040749,0.9111704198,0.912954613,0.009793476787,0.01590985848,0.5205479452,0.5890410959,4138.040307,4138.040307,4138.040307,0,1000,2.424657534
0.92,0.02,59,0,adaptive_mass_rolling,73,38596,33964,0.9196030677,0.9104051348,0.911413796,0.9152515829,0.009275032992,0.01565973533,0.5616438356,0.6301369863,3777.915499,3497.833736,4841.072106,0,1000,2.424657534
0.92,0.02,71,0,margin_rolling,73,38596,33964,0.9193439735,0.9175892121,0.9177213759,0.9316838332,0.006691714162,0.008023452877,0.4383561644,0.4931506849,4134.861059,5873.271052,7128,0.3355611824,1000,2.424657534
0.92,0.02,71,0,rank_rolling,73,38596,33964,0.9187739662,0.9100223766,0.9117773506,0.9134423844,0.007882973401,0.01346802999,0.4931506849,0.698630137,4325.519108,4325.519108,4325.519108,0,1000,2.424657534
0.92,0.02,71,0,adaptive_mass_rolling,73,38596,33964,0.9192144264,0.9101107055,0.9121148818,0.9148141449,0.007880212902,0.01376685436,0.5342465753,0.6438356164,3918.08721,3648.696708,4932.032629,0,1000,2.424657534
0.92,0.02,17,0.1,margin_rolling,73,38596,33964,0.9189812416,0.9184430574,0.9194652239,0.9325073304,0.006591081635,0.007001915654,0.4383561644,0.5205479452,4271.688641,6369.940761,7128,0.3666234837,1000,2.424657534
0.92,0.02,17,0.1,rank_rolling,73,38596,33964,0.91771168,0.9083441291,0.9105953407,0.9117707965,0.008490672814,0.01512127417,0.5068493151,0.698630137,4155.509245,4155.509245,4155.509245,0,1000,2.424657534
0.92,0.02,17,0.1,adaptive_mass_rolling,73,38596,33964,0.9178412271,0.9081674714,0.9100025035,0.9126540146,0.009096254371,0.01583863347,0.5479452055,0.6849315068,3780.42127,3484.997173,4873.739819,0,1000,2.424657534
0.92,0.02,29,0.1,margin_rolling,73,38596,33964,0.919810343,0.9205040631,0.920335254,0.9346674957,0.006934264877,0.006832148128,0.5616438356,0.4931506849,4274.70507,6413.315687,7128,0.3662112825,1000,2.424657534
0.92,0.02,29,0.1,rank_rolling,73,38596,33964,0.9176598611,0.9086974444,0.9113462254,0.9120435643,0.009680600186,0.01525109209,0.4931506849,0.6164383562,4147.971882,4147.971882,4147.971882,0,1000,2.424657534
0.92,0.02,29,0.1,adaptive_mass_rolling,73,38596,33964,0.9174007669,0.9082263573,0.9102564421,0.9129984269,0.009611975617,0.01568680267,0.5205479452,0.6438356164,3739.256242,3440.887734,4857.324773,0,1000,2.424657534
0.92,0.02,43,0.1,margin_rolling,73,38596,33964,0.9187739662,0.9183547285,0.9187025808,0.9326506544,0.007279139479,0.007723296712,0.4794520548,0.5068493151,4244.677865,6241.888735,7128,0.3600282652,1000,2.424657534
0.92,0.02,43,0.1,rank_rolling,73,38596,33964,0.9170639445,0.9079908138,0.9094952615,0.9113764714,0.009642199484,0.01554665076,0.4931506849,0.6301369863,4382.185284,4382.185284,4382.185284,0,1000,2.424657534
0.92,0.02,43,0.1,adaptive_mass_rolling,73,38596,33964,0.9178930459,0.9087268873,0.9099038574,0.913044414,0.008790763908,0.01460439626,0.5068493151,0.6712328767,3945.144741,3676.948799,4951.684354,0,1000,2.424657534
0.92,0.02,59,0.1,margin_rolling,73,38596,33964,0.9199139807,0.9167648098,0.916340567,0.9308667256,0.006943561322,0.009066347514,0.4794520548,0.5890410959,4056.353551,5514.170269,7128,0.3224001884,1000,2.424657534
0.92,0.02,59,0.1,rank_rolling,73,38596,33964,0.9184371437,0.9091685314,0.9113115465,0.9127180881,0.009501565364,0.01516528464,0.4794520548,0.5753424658,4215.057325,4215.057325,4215.057325,0,1000,2.424657534
0.92,0.02,59,0.1,adaptive_mass_rolling,73,38596,33964,0.9183853249,0.9088152161,0.9097395301,0.9136082463,0.01092901712,0.01695930672,0.5616438356,0.5890410959,3833.033447,3544.563715,4909.648834,0,1000,2.424657534
0.92,0.02,71,0.1,margin_rolling,73,38596,33964,0.9197844336,0.9187963726,0.9189982442,0.9324056993,0.006056092933,0.006909626783,0.5205479452,0.5205479452,4212.890796,6174.284743,7128,0.3503120952,1000,2.424657534
0.92,0.02,71,0.1,rank_rolling,73,38596,33964,0.9189553322,0.9099929337,0.9123394668,0.9133158265,0.008085137238,0.01336562584,0.4657534247,0.6164383562,4338.464521,4338.464521,4338.464521,0,1000,2.424657534
0.92,0.02,71,0.1,adaptive_mass_rolling,73,38596,33964,0.9187998756,0.9097868331,0.9119539934,0.914289827,0.008612151254,0.01382147476,0.4383561644,0.5479452055,3955.090684,3685.12631,4964.993146,0,1000,2.424657534
0.92,0.02,17,0.2,margin_rolling,73,38596,33964,0.9185666908,0.9190024732,0.9197981924,0.9327332465,0.007460098517,0.007432850793,0.4794520548,0.4931506849,4368.788217,6492.508833,7128,0.3852608644,1000,2.424657534
0.92,0.02,17,0.2,rank_rolling,73,38596,33964,0.9165716655,0.9071664115,0.9096184107,0.9106097633,0.009780365193,0.01607345903,0.5342465753,0.6575342466,4202.41541,4202.41541,4202.41541,0,1000,2.424657534
0.92,0.02,17,0.2,adaptive_mass_rolling,73,38596,33964,0.9188257851,0.9096101755,0.9115694478,0.9140192557,0.008672270852,0.01448876475,0.4794520548,0.6164383562,3893.345925,3596.936197,4960.088046,0,1000,2.424657534
0.92,0.02,29,0.2,margin_rolling,73,38596,33964,0.9195512488,0.9227122836,0.9226654563,0.935833988,0.00707040668,0.005506309584,0.5068493151,0.397260274,4480.631875,6766.503563,7128,0.42447886,1000,2.424657534
0.92,0.02,29,0.2,rank_rolling,73,38596,33964,0.9182298684,0.9092274173,0.9110232179,0.9124939712,0.009144799107,0.01475727525,0.4520547945,0.5753424658,4209.258921,4209.258921,4209.258921,0,1000,2.424657534
0.92,0.02,29,0.2,adaptive_mass_rolling,73,38596,33964,0.9181780495,0.909374632,0.9104773198,0.9132256283,0.009236213553,0.01491002439,0.5068493151,0.6575342466,3910.384937,3611.601519,4990.966676,0,1000,2.424657534
0.92,0.02,43,0.2,margin_rolling,73,38596,33964,0.918514872,0.9171181251,0.9172134365,0.9316897479,0.006995020063,0.007972757663,0.5205479452,0.5753424658,4249.147774,6229.068396,7128,0.3496349075,1000,2.424657534
0.92,0.02,43,0.2,rank_rolling,73,38596,33964,0.9181003213,0.908874102,0.9098553322,0.9124349451,0.009409122987,0.01530006511,0.5205479452,0.6301369863,4424.222765,4424.222765,4424.222765,0,1000,2.424657534
0.92,0.02,43,0.2,adaptive_mass_rolling,73,38596,33964,0.9179966836,0.9086974444,0.9093008481,0.9133378619,0.01002153768,0.01600607047,0.4794520548,0.6438356164,4049.736957,3771.217878,5068.582717,0,1000,2.424657534
0.92,0.02,59,0.2,margin_rolling,73,38596,33964,0.919318064,0.9201801908,0.9201737143,0.9338492391,0.007411659573,0.007556228142,0.5205479452,0.4794520548,4276.052379,6323.041426,7128,0.3642680485,1000,2.424657534
0.92,0.02,59,0.2,rank_rolling,73,38596,33964,0.9186703285,0.909845719,0.9110778642,0.9131842679,0.009781823566,0.01528953319,0.5342465753,0.6164383562,4303.204334,4303.204334,4303.204334,0,1000,2.424657534
0.92,0.02,59,0.2,adaptive_mass_rolling,73,38596,33964,0.918514872,0.9095512896,0.9103384724,0.9138393733,0.009927429311,0.01573597826,0.5342465753,0.6164383562,3899.460929,3603.695148,4981.335873,0,1000,2.424657534
0.92,0.02,71,0.2,margin_rolling,73,38596,33964,0.9189553322,0.9188552585,0.919701314,0.9326904725,0.006844182265,0.00678719507,0.5342465753,0.5342465753,4274.342981,6291.982246,7128,0.3524614297,1000,2.424657534
0.92,0.02,71,0.2,rank_rolling,73,38596,33964,0.9189812416,0.9097868331,0.9117757169,0.9135890616,0.008718955838,0.0143331451,0.4520547945,0.6301369863,4405.387234,4405.387234,4405.387234,0,1000,2.424657534
0.92,0.02,71,0.2,adaptive_mass_rolling,73,38596,33964,0.9180485024,0.9087563302,0.9106792318,0.9135493137,0.009177125821,0.01528338948,0.5205479452,0.6575342466,4025.600783,3746.380491,5050.647715,0,1000,2.424657534
0.92,0.02,17,0.3,margin_rolling,73,38596,33964,0.9192921546,0.9206218349,0.9211323472,0.9345765525,0.007664330681,0.006924574577,0.4520547945,0.4520547945,4515.636851,6791.912231,7128,0.4172358968,1000,2.424657534
0.92,0.02,17,0.3,rank_rolling,73,38596,33964,0.9181521401,0.9088446591,0.910710616,0.9123267774,0.009961290246,0.01607030567,0.5342465753,0.602739726,4241.914409,4241.914409,4241.914409,0,1000,2.424657534
0.92,0.02,17,0.3,adaptive_mass_rolling,73,38596,33964,0.918203959,0.9087857732,0.910672523,0.9133003572,0.009891022031,0.01589936333,0.5205479452,0.6164383562,3882.361412,3565.489695,4983.6998,0,1000,2.424657534
0.92,0.02,29,0.3,margin_rolling,73,38596,33964,0.9201989844,0.9226828407,0.9222872626,0.9355724483,0.006916244199,0.005770792526,0.5205479452,0.4657534247,4472.464374,6773.75,7128,0.4550111883,1000,2.424657534
0.92,0.02,29,0.3,rank_rolling,73,38596,33964,0.9190848793,0.9103756919,0.9119208261,0.9131393324,0.008205947799,0.0136279586,0.4520547945,0.6575342466,4699.385703,4699.385703,4699.385703,0,1000,2.424657534
0.92,0.02,29,0.3,adaptive_mass_rolling,73,38596,33964,0.9192662452,0.9105229066,0.9122113168,0.9139583368,0.008546342438,0.01386621938,0.4794520548,0.5890410959,4492.448033,4207.137616,5279.843652,0,1000,2.424657534
0.92,0.02,43,0.3,margin_rolling,73,38596,33964,0.9189553322,0.9190613591,0.91876375,0.9335696796,0.008832403,0.008727026649,0.4657534247,0.4931506849,4346.087033,6556.505123,7128,0.4092568602,1000,2.424657534
0.92,0.02,43,0.3,rank_rolling,73,38596,33964,0.9184889626,0.9094924037,0.9107550981,0.9126055039,0.009035660529,0.01463058494,0.4931506849,0.6438356164,4574.011277,4574.011277,4574.011277,0,1000,2.424657534
0.92,0.02,43,0.3,adaptive_mass_rolling,73,38596,33964,0.9181521401,0.9090507596,0.9102665931,0.9125765516,0.009195147337,0.01483716727,0.4657534247,0.6301369863,4476.40378,4404.227447,4742.49112,0,1000,2.424657534
0.92,0.02,59,0.3,margin_rolling,73,38596,33964,0.920302622,0.9228300554,0.922088951,0.9364470348,0.007656102847,0.006506320504,0.5479452055,0.4520547945,4425.85573,6677.096102,7128,0.4074902838,1000,2.424657534
0.92,0.02,59,0.3,rank_rolling,73,38596,33964,0.9178930459,0.9089329879,0.9102913796,0.9119618952,0.009831536003,0.01591912515,0.5342465753,0.6575342466,4402.400571,4402.400571,4402.400571,0,1000,2.424657534
0.92,0.02,59,0.3,adaptive_mass_rolling,73,38596,33964,0.9186703285,0.9094924037,0.9100596996,0.9136421056,0.009631647862,0.01558407575,0.5068493151,0.6164383562,4030.154929,3737.470763,5066.358397,0,1000,2.424657534
0.92,0.02,71,0.3,margin_rolling,73,38596,33964,0.9200694372,0.9206807208,0.9209639066,0.9345398774,0.006607728658,0.006310944679,0.5342465753,0.5205479452,4380.66226,6573.543782,7128,0.3773407137,1000,2.424657534
0.92,0.02,71,0.3,rank_rolling,73,38596,33964,0.9195253394,0.9105523495,0.9122951599,0.9138808739,0.00779788319,0.01321293287,0.4657534247,0.6164383562,4479.842333,4479.842333,4479.842333,0,1000,2.424657534
0.92,0.02,71,0.3,adaptive_mass_rolling,73,38596,33964,0.9196807959,0.9105817925,0.9120447643,0.9149148118,0.007844199849,0.01328287774,0.4931506849,0.6575342466,4113.452567,3831.6168,5121.119291,0,1000,2.424657534
0.92,0.03,17,0,margin_rolling,73,38596,33964,0.920302622,0.921034036,0.921265784,0.9346320384,0.006264009295,0.006179634582,0.4246575342,0.4109589041,4308.871953,6454.627076,7128,0.3869685549,1000,2.424657534
0.92,0.03,17,0,rank_rolling,73,38596,33964,0.917219401,0.907873042,0.9105517786,0.9110936089,0.00943350048,0.01567857993,0.4931506849,0.6438356164,4132.762395,4132.762395,4132.762395,0,1000,2.424657534
0.92,0.03,17,0,adaptive_mass_rolling,73,38596,33964,0.9179448648,0.9083146861,0.9107585654,0.9126216274,0.00882921623,0.01520844993,0.5205479452,0.6575342466,3770.259481,3486.629549,4838.145313,0,1000,2.424657534
0.92,0.03,29,0,margin_rolling,73,38596,33964,0.9190589698,0.921063479,0.9210558015,0.9345457192,0.007360653515,0.006037856326,0.5068493151,0.4246575342,4330.975062,6485.623925,7128,0.3928571429,1000,2.424657534
0.92,0.03,29,0,rank_rolling,73,38596,33964,0.9171416727,0.907902485,0.9102660418,0.9109060153,0.009466463586,0.01506121089,0.5068493151,0.5890410959,4092.402691,4092.402691,4092.402691,0,1000,2.424657534
0.92,0.03,29,0,adaptive_mass_rolling,73,38596,33964,0.9185926003,0.9093157461,0.911198825,0.9133885459,0.008306873275,0.01405429414,0.4657534247,0.6712328767,3736.092009,3449.528677,4830.785973,0,1000,2.424657534
0.92,0.03,43,0,margin_rolling,73,38596,33964,0.9181003213,0.9127311271,0.9122884723,0.9262550637,0.008354385284,0.01186502052,0.5890410959,0.6438356164,3886.342569,4806.752297,7128,0.2642503828,1000,2.424657534
0.92,0.03,43,0,rank_rolling,73,38596,33964,0.9190848793,0.9101990343,0.9114406887,0.9146458762,0.009124019248,0.01484174572,0.4794520548,0.602739726,4634.916559,4634.916559,4634.916559,0,1000,2.424657534
0.92,0.03,43,0,adaptive_mass_rolling,73,38596,33964,0.9193439735,0.9101695913,0.911287292,0.9155978646,0.008804589036,0.01452563886,0.4794520548,0.6301369863,4355.743316,4121.827965,5214.308933,0,1000,2.424657534
0.92,0.03,59,0,margin_rolling,73,38596,33964,0.9190589698,0.918619715,0.9183276469,0.9324607708,0.007565897895,0.008473351031,0.5616438356,0.5616438356,4156.958927,5908.829525,7128,0.341626428,1000,2.424657534
0.92,0.03,59,0,rank_rolling,73,38596,33964,0.918514872,0.9094040749,0.9111704198,0.912954613,0.009793476787,0.01590985848,0.5205479452,0.5890410959,4138.040307,4138.040307,4138.040307,0,1000,2.424657534
0.92,0.03,59,0,adaptive_mass_rolling,73,38596,33964,0.9196030677,0.9104051348,0.911413796,0.9152515829,0.009275032992,0.01565973533,0.5616438356,0.6301369863,3777.915499,3497.833736,4841.072106,0,1000,2.424657534
0.92,0.03,71,0,margin_rolling,73,38596,33964,0.9193439735,0.9175892121,0.9177213759,0.9316838332,0.006691714162,0.008023452877,0.4383561644,0.4931506849,4134.861059,5873.271052,7128,0.3355611824,1000,2.424657534
0.92,0.03,71,0,rank_rolling,73,38596,33964,0.9187739662,0.9100223766,0.9117773506,0.9134423844,0.007882973401,0.01346802999,0.4931506849,0.698630137,4325.519108,4325.519108,4325.519108,0,1000,2.424657534
0.92,0.03,71,0,adaptive_mass_rolling,73,38596,33964,0.9192144264,0.9101107055,0.9121148818,0.9148141449,0.007880212902,0.01376685436,0.5342465753,0.6438356164,3918.08721,3648.696708,4932.032629,0,1000,2.424657534
0.92,0.03,17,0.1,margin_rolling,73,38596,33964,0.9189812416,0.9184430574,0.9194652239,0.9325073304,0.006591081635,0.007001915654,0.4383561644,0.5205479452,4271.688641,6369.940761,7128,0.3666234837,1000,2.424657534
0.92,0.03,17,0.1,rank_rolling,73,38596,33964,0.91771168,0.9083441291,0.9105953407,0.9117707965,0.008490672814,0.01512127417,0.5068493151,0.698630137,4155.509245,4155.509245,4155.509245,0,1000,2.424657534
0.92,0.03,17,0.1,adaptive_mass_rolling,73,38596,33964,0.9178412271,0.9081674714,0.9100025035,0.9126540146,0.009096254371,0.01583863347,0.5479452055,0.6849315068,3780.42127,3484.997173,4873.739819,0,1000,2.424657534
0.92,0.03,29,0.1,margin_rolling,73,38596,33964,0.919810343,0.9205040631,0.920335254,0.9346674957,0.006934264877,0.006832148128,0.5616438356,0.4931506849,4274.70507,6413.315687,7128,0.3662112825,1000,2.424657534
0.92,0.03,29,0.1,rank_rolling,73,38596,33964,0.9176598611,0.9086974444,0.9113462254,0.9120435643,0.009680600186,0.01525109209,0.4931506849,0.6164383562,4147.971882,4147.971882,4147.971882,0,1000,2.424657534
0.92,0.03,29,0.1,adaptive_mass_rolling,73,38596,33964,0.9174007669,0.9082263573,0.9102564421,0.9129984269,0.009611975617,0.01568680267,0.5205479452,0.6438356164,3739.256242,3440.887734,4857.324773,0,1000,2.424657534
0.92,0.03,43,0.1,margin_rolling,73,38596,33964,0.9187739662,0.9183547285,0.9187025808,0.9326506544,0.007279139479,0.007723296712,0.4794520548,0.5068493151,4244.677865,6241.888735,7128,0.3600282652,1000,2.424657534
0.92,0.03,43,0.1,rank_rolling,73,38596,33964,0.9170639445,0.9079908138,0.9094952615,0.9113764714,0.009642199484,0.01554665076,0.4931506849,0.6301369863,4382.185284,4382.185284,4382.185284,0,1000,2.424657534
0.92,0.03,43,0.1,adaptive_mass_rolling,73,38596,33964,0.9178930459,0.9087268873,0.9099038574,0.913044414,0.008790763908,0.01460439626,0.5068493151,0.6712328767,3945.144741,3676.948799,4951.684354,0,1000,2.424657534
0.92,0.03,59,0.1,margin_rolling,73,38596,33964,0.9199139807,0.9167648098,0.916340567,0.9308667256,0.006943561322,0.009066347514,0.4794520548,0.5890410959,4056.353551,5514.170269,7128,0.3224001884,1000,2.424657534
0.92,0.03,59,0.1,rank_rolling,73,38596,33964,0.9184371437,0.9091685314,0.9113115465,0.9127180881,0.009501565364,0.01516528464,0.4794520548,0.5753424658,4215.057325,4215.057325,4215.057325,0,1000,2.424657534
0.92,0.03,59,0.1,adaptive_mass_rolling,73,38596,33964,0.9183853249,0.9088152161,0.9097395301,0.9136082463,0.01092901712,0.01695930672,0.5616438356,0.5890410959,3833.033447,3544.563715,4909.648834,0,1000,2.424657534
0.92,0.03,71,0.1,margin_rolling,73,38596,33964,0.9197844336,0.9187963726,0.9189982442,0.9324056993,0.006056092933,0.006909626783,0.5205479452,0.5205479452,4212.890796,6174.284743,7128,0.3503120952,1000,2.424657534
0.92,0.03,71,0.1,rank_rolling,73,38596,33964,0.9189553322,0.9099929337,0.9123394668,0.9133158265,0.008085137238,0.01336562584,0.4657534247,0.6164383562,4338.464521,4338.464521,4338.464521,0,1000,2.424657534
0.92,0.03,71,0.1,adaptive_mass_rolling,73,38596,33964,0.9187998756,0.9097868331,0.9119539934,0.914289827,0.008612151254,0.01382147476,0.4383561644,0.5479452055,3955.090684,3685.12631,4964.993146,0,1000,2.424657534
0.92,0.03,17,0.2,margin_rolling,73,38596,33964,0.9185666908,0.9190024732,0.9197981924,0.9327332465,0.007460098517,0.007432850793,0.4794520548,0.4931506849,4368.788217,6492.508833,7128,0.3852608644,1000,2.424657534
0.92,0.03,17,0.2,rank_rolling,73,38596,33964,0.9165716655,0.9071664115,0.9096184107,0.9106097633,0.009780365193,0.01607345903,0.5342465753,0.6575342466,4202.41541,4202.41541,4202.41541,0,1000,2.424657534
0.92,0.03,17,0.2,adaptive_mass_rolling,73,38596,33964,0.9188257851,0.9096101755,0.9115694478,0.9140192557,0.008672270852,0.01448876475,0.4794520548,0.6164383562,3893.345925,3596.936197,4960.088046,0,1000,2.424657534
0.92,0.03,29,0.2,margin_rolling,73,38596,33964,0.9195512488,0.9227122836,0.9226654563,0.935833988,0.00707040668,0.005506309584,0.5068493151,0.397260274,4480.631875,6766.503563,7128,0.42447886,1000,2.424657534
0.92,0.03,29,0.2,rank_rolling,73,38596,33964,0.9182298684,0.9092274173,0.9110232179,0.9124939712,0.009144799107,0.01475727525,0.4520547945,0.5753424658,4209.258921,4209.258921,4209.258921,0,1000,2.424657534
0.92,0.03,29,0.2,adaptive_mass_rolling,73,38596,33964,0.9181780495,0.909374632,0.9104773198,0.9132256283,0.009236213553,0.01491002439,0.5068493151,0.6575342466,3910.384937,3611.601519,4990.966676,0,1000,2.424657534
0.92,0.03,43,0.2,margin_rolling,73,38596,33964,0.918514872,0.9171181251,0.9172134365,0.9316897479,0.006995020063,0.007972757663,0.5205479452,0.5753424658,4249.147774,6229.068396,7128,0.3496349075,1000,2.424657534
0.92,0.03,43,0.2,rank_rolling,73,38596,33964,0.9181003213,0.908874102,0.9098553322,0.9124349451,0.009409122987,0.01530006511,0.5205479452,0.6301369863,4424.222765,4424.222765,4424.222765,0,1000,2.424657534
0.92,0.03,43,0.2,adaptive_mass_rolling,73,38596,33964,0.9179966836,0.9086974444,0.9093008481,0.9133378619,0.01002153768,0.01600607047,0.4794520548,0.6438356164,4049.736957,3771.217878,5068.582717,0,1000,2.424657534
0.92,0.03,59,0.2,margin_rolling,73,38596,33964,0.919318064,0.9201801908,0.9201737143,0.9338492391,0.007411659573,0.007556228142,0.5205479452,0.4794520548,4276.052379,6323.041426,7128,0.3642680485,1000,2.424657534
0.92,0.03,59,0.2,rank_rolling,73,38596,33964,0.9186703285,0.909845719,0.9110778642,0.9131842679,0.009781823566,0.01528953319,0.5342465753,0.6164383562,4303.204334,4303.204334,4303.204334,0,1000,2.424657534
0.92,0.03,59,0.2,adaptive_mass_rolling,73,38596,33964,0.918514872,0.9095512896,0.9103384724,0.9138393733,0.009927429311,0.01573597826,0.5342465753,0.6164383562,3899.460929,3603.695148,4981.335873,0,1000,2.424657534
0.92,0.03,71,0.2,margin_rolling,73,38596,33964,0.9189553322,0.9188552585,0.919701314,0.9326904725,0.006844182265,0.00678719507,0.5342465753,0.5342465753,4274.342981,6291.982246,7128,0.3524614297,1000,2.424657534
0.92,0.03,71,0.2,rank_rolling,73,38596,33964,0.9189812416,0.9097868331,0.9117757169,0.9135890616,0.008718955838,0.0143331451,0.4520547945,0.6301369863,4405.387234,4405.387234,4405.387234,0,1000,2.424657534
0.92,0.03,71,0.2,adaptive_mass_rolling,73,38596,33964,0.9180485024,0.9087563302,0.9106792318,0.9135493137,0.009177125821,0.01528338948,0.5205479452,0.6575342466,4025.600783,3746.380491,5050.647715,0,1000,2.424657534
0.92,0.03,17,0.3,margin_rolling,73,38596,33964,0.9192921546,0.9206218349,0.9211323472,0.9345765525,0.007664330681,0.006924574577,0.4520547945,0.4520547945,4515.636851,6791.912231,7128,0.4172358968,1000,2.424657534
0.92,0.03,17,0.3,rank_rolling,73,38596,33964,0.9181521401,0.9088446591,0.910710616,0.9123267774,0.009961290246,0.01607030567,0.5342465753,0.602739726,4241.914409,4241.914409,4241.914409,0,1000,2.424657534
0.92,0.03,17,0.3,adaptive_mass_rolling,73,38596,33964,0.918203959,0.9087857732,0.910672523,0.9133003572,0.009891022031,0.01589936333,0.5205479452,0.6164383562,3882.361412,3565.489695,4983.6998,0,1000,2.424657534
0.92,0.03,29,0.3,margin_rolling,73,38596,33964,0.9201989844,0.9226828407,0.9222872626,0.9355724483,0.006916244199,0.005770792526,0.5205479452,0.4657534247,4472.464374,6773.75,7128,0.4550111883,1000,2.424657534
0.92,0.03,29,0.3,rank_rolling,73,38596,33964,0.9190848793,0.9103756919,0.9119208261,0.9131393324,0.008205947799,0.0136279586,0.4520547945,0.6575342466,4699.385703,4699.385703,4699.385703,0,1000,2.424657534
0.92,0.03,29,0.3,adaptive_mass_rolling,73,38596,33964,0.9192662452,0.9105229066,0.9122113168,0.9139583368,0.008546342438,0.01386621938,0.4794520548,0.5890410959,4492.448033,4207.137616,5279.843652,0,1000,2.424657534
0.92,0.03,43,0.3,margin_rolling,73,38596,33964,0.9189553322,0.9190613591,0.91876375,0.9335696796,0.008832403,0.008727026649,0.4657534247,0.4931506849,4346.087033,6556.505123,7128,0.4092568602,1000,2.424657534
0.92,0.03,43,0.3,rank_rolling,73,38596,33964,0.9184889626,0.9094924037,0.9107550981,0.9126055039,0.009035660529,0.01463058494,0.4931506849,0.6438356164,4574.011277,4574.011277,4574.011277,0,1000,2.424657534
0.92,0.03,43,0.3,adaptive_mass_rolling,73,38596,33964,0.9181521401,0.9090507596,0.9102665931,0.9125765516,0.009195147337,0.01483716727,0.4657534247,0.6301369863,4476.40378,4404.227447,4742.49112,0,1000,2.424657534
0.92,0.03,59,0.3,margin_rolling,73,38596,33964,0.920302622,0.9228300554,0.922088951,0.9364470348,0.007656102847,0.006506320504,0.5479452055,0.4520547945,4425.85573,6677.096102,7128,0.4074902838,1000,2.424657534
0.92,0.03,59,0.3,rank_rolling,73,38596,33964,0.9178930459,0.9089329879,0.9102913796,0.9119618952,0.009831536003,0.01591912515,0.5342465753,0.6575342466,4402.400571,4402.400571,4402.400571,0,1000,2.424657534
0.92,0.03,59,0.3,adaptive_mass_rolling,73,38596,33964,0.9186703285,0.9094924037,0.9100596996,0.9136421056,0.009631647862,0.01558407575,0.5068493151,0.6164383562,4030.154929,3737.470763,5066.358397,0,1000,2.424657534
0.92,0.03,71,0.3,margin_rolling,73,38596,33964,0.9200694372,0.9206807208,0.9209639066,0.9345398774,0.006607728658,0.006310944679,0.5342465753,0.5205479452,4380.66226,6573.543782,7128,0.3773407137,1000,2.424657534
0.92,0.03,71,0.3,rank_rolling,73,38596,33964,0.9195253394,0.9105523495,0.9122951599,0.9138808739,0.00779788319,0.01321293287,0.4657534247,0.6164383562,4479.842333,4479.842333,4479.842333,0,1000,2.424657534
0.92,0.03,71,0.3,adaptive_mass_rolling,73,38596,33964,0.9196807959,0.9105817925,0.9120447643,0.9149148118,0.007844199849,0.01328287774,0.4931506849,0.6575342466,4113.452567,3831.6168,5121.119291,0,1000,2.424657534
