seed,deletion_rate,method,timestamp,threshold,threshold_units,pool_score_count,pool_span_blocks,label_row_count,unique_query_count,observed_label_coverage,full_set_coverage,partial_answer_recall,mean_size,median_size,p90_size,singleton_rate,full_vocabulary_set_rate,mass_candidate,mass_candidate_k_reg,mass_candidate_penalty,selection_feasible,selection_candidate,selection_observed_label_coverage,selection_mean_size
17,0,margin_rolling,292,14.94489861,score_margin,1000,3,730,658,0.8863013699,0.8936170213,0.9043566363,3600.414894,4028,7128,0.01367781155,0.3085106383,,,,,,,
17,0,margin_rolling,293,15.21575308,score_margin,1000,2,658,581,0.9209726444,0.9242685026,0.9388984509,3948.359725,5721,7128,0.008605851979,0.3253012048,,,,,,,
17,0,margin_rolling,294,15.27624702,score_margin,1000,2,618,538,0.857605178,0.8513011152,0.8770446097,3841.830855,5077.5,7128,0.01858736059,0.3271375465,,,,,,,
17,0,margin_rolling,295,16.07439041,score_margin,1000,2,666,578,0.9114114114,0.9134948097,0.9351787774,4119.16609,6059.5,7128,0.006920415225,0.3425605536,,,,,,,
17,0,margin_rolling,296,16.17732906,score_margin,1000,2,516,466,0.8662790698,0.8605150215,0.8806151645,3965.328326,6079.5,7128,0.00643776824,0.3519313305,,,,,,,
17,0,margin_rolling,297,16.52709749,score_margin,1000,2,292,254,0.8767123288,0.8937007874,0.9080052493,3522.188976,2011.5,7128,0.007874015748,0.2952755906,,,,,,,
17,0,margin_rolling,298,17.46262169,score_margin,1000,3,252,224,0.9404761905,0.9464285714,0.9583333333,4096.803571,6479,7128,0.004464285714,0.3616071429,,,,,,,
17,0,margin_rolling,299,16.71952009,score_margin,1000,3,702,615,0.8945868946,0.9040650407,0.9210762679,4047.84065,6389,7128,0.01138211382,0.3284552846,,,,,,,
17,0,margin_rolling,300,16.71952009,score_margin,1000,3,664,573,0.8915662651,0.8935427574,0.9185573008,4222.247818,6816,7128,0.01396160558,0.3821989529,,,,,,,
17,0,margin_rolling,301,17.78324986,score_margin,1000,2,616,552,0.9172077922,0.9166666667,0.9303140097,4569.675725,7114,7128,0.001811594203,0.4239130435,,,,,,,
17,0,margin_rolling,302,17.00041509,score_margin,1000,2,570,490,0.8789473684,0.8755102041,0.8957045675,3945.336735,6264,7128,0.01224489796,0.3489795918,,,,,,,
17,0,margin_rolling,303,17.99513578,score_margin,1000,2,542,485,0.9169741697,0.9113402062,0.9246735395,4335.082474,6867,7128,0.00618556701,0.3979381443,,,,,,,
17,0,margin_rolling,304,16.8095347,score_margin,1000,2,328,281,0.875,0.8683274021,0.90628707,3817.377224,5208,7128,0.01423487544,0.3096085409,,,,,,,
17,0,margin_rolling,305,17.95536423,score_margin,1000,3,328,295,0.9298780488,0.9288135593,0.9444067797,3961.172881,5775,7128,0.003389830508,0.3084745763,,,,,,,
17,0,margin_rolling,306,17.18708611,score_margin,1000,3,582,513,0.8934707904,0.9064327485,0.922157245,3966.233918,6123,7128,0.01169590643,0.3586744639,,,,,,,
17,0,margin_rolling,307,17.34167004,score_margin,1000,3,588,510,0.8945578231,0.9019607843,0.9183333333,4284.327451,6811.5,7128,0.005882352941,0.3666666667,,,,,,,
17,0,margin_rolling,308,17.65591836,score_margin,1000,2,562,497,0.8896797153,0.8893360161,0.9073009485,4217.444668,6923,7128,0.01006036217,0.3943661972,,,,,,,
17,0,margin_rolling,309,18.1419684,score_margin,1000,2,626,535,0.9073482428,0.9121495327,0.9282554517,4436.080374,7090,7128,0.007476635514,0.4093457944,,,,,,,
17,0,margin_rolling,310,17.70560127,score_margin,1000,2,620,527,0.9274193548,0.9184060721,0.9424414927,3988.005693,6121,7128,0.01138519924,0.3149905123,,,,,,,
17,0,margin_rolling,311,16.87587738,score_margin,1000,2,438,366,0.901826484,0.8907103825,0.9166666667,3189.248634,1313,7128,0.01639344262,0.237704918,,,,,,,
17,0,margin_rolling,312,16.40095425,score_margin,1000,2,460,368,0.8673913043,0.875,0.9024197723,2913.673913,1018.5,7128,0.02173913043,0.2309782609,,,,,,,
17,0,margin_rolling,313,17.4004364,score_margin,1000,3,794,641,0.8967254408,0.8892355694,0.9198387936,3546.393136,2191,7128,0.01716068643,0.3010920437,,,,,,,
17,0,margin_rolling,314,17.77472782,score_margin,1000,2,678,585,0.8997050147,0.8991452991,0.9177411477,3742.847863,4330,7128,0.01367521368,0.3128205128,,,,,,,
17,0,margin_rolling,315,18.27017021,score_margin,1000,2,774,660,0.8914728682,0.8878787879,0.9077272727,3951.24697,5849,7128,0.01212121212,0.3106060606,,,,,,,
17,0,margin_rolling,316,19.05775833,score_margin,1000,2,758,622,0.9182058047,0.9131832797,0.9329046088,4585.302251,6976,7128,0.004823151125,0.3665594855,,,,,,,
17,0,margin_rolling,317,17.81591392,score_margin,1000,2,630,559,0.8873015873,0.8890876565,0.9090041741,3396.966011,2053,7128,0.01610017889,0.2647584973,,,,,,,
17,0,margin_rolling,318,19.09903145,score_margin,1000,2,342,308,0.9152046784,0.9123376623,0.9285714286,3619.321429,4177,7128,0.00974025974,0.3116883117,,,,,,,
17,0,margin_rolling,319,18.77629185,score_margin,1000,3,324,290,0.9197530864,0.9103448276,0.9189655172,3712.968966,4327,7128,0.01379310345,0.2965517241,,,,,,,
17,0,margin_rolling,320,18.65745962,score_margin,1000,3,736,646,0.8967391304,0.907120743,0.9153938768,4180.125387,6763,7128,0.01393188854,0.3854489164,,,,,,,
17,0,margin_rolling,321,18.42174265,score_margin,1000,2,680,603,0.9220588235,0.9154228856,0.9259259259,4151.38806,6423,7128,0.01160862355,0.3366500829,,,,,,,
17,0,margin_rolling,322,18.3113308,score_margin,1000,2,668,595,0.9221556886,0.9226890756,0.9308123249,4135.090756,6575,7128,0.01008403361,0.3512605042,,,,,,,
17,0,margin_rolling,323,17.26950002,score_margin,1000,2,668,600,0.875748503,0.8733333333,0.8947222222,3786.566667,5013.5,7128,0.015,0.265,,,,,,,
17,0,margin_rolling,324,18.56366777,score_margin,1000,2,796,650,0.8894472362,0.8907692308,0.9197948718,4007.513846,6251,7128,0.01230769231,0.3353846154,,,,,,,
17,0,margin_rolling,325,18.85798836,score_margin,1000,2,398,360,0.8969849246,0.8916666667,0.9009259259,3628.333333,3689.5,7128,0.01944444444,0.3583333333,,,,,,,
17,0,margin_rolling,326,18.47715044,score_margin,1000,2,422,348,0.8767772512,0.8649425287,0.8846982759,3082.772989,857.5,7128,0.01724137931,0.2528735632,,,,,,,
17,0,margin_rolling,327,19.39013481,score_margin,1000,3,738,621,0.9078590786,0.9082125604,0.9344873859,4034.191626,6170,7128,0.009661835749,0.3703703704,,,,,,,
17,0,margin_rolling,328,18.77626848,score_margin,1000,2,600,526,0.8933333333,0.8992395437,0.9159967409,4101.498099,6435,7128,0.01330798479,0.3384030418,,,,,,,
17,0,margin_rolling,329,20.07390404,score_margin,1000,2,684,599,0.9210526316,0.9215358932,0.9311630495,4375.552588,6966,7128,0.005008347245,0.3806343907,,,,,,,
17,0,margin_rolling,330,18.4741168,score_margin,1000,2,640,580,0.9125,0.9189655172,0.9277298851,3879.275862,5351,7128,0.01206896552,0.3172413793,,,,,,,
17,0,margin_rolling,331,18.19311142,score_margin,1000,2,506,474,0.9051383399,0.9071729958,0.9103375527,3806.957806,5373.5,7128,0.01054852321,0.3101265823,,,,,,,
17,0,margin_rolling,332,17.76044473,score_margin,1000,2,318,300,0.9213836478,0.92,0.9266666667,3424.296667,1936,7128,0.03,0.2866666667,,,,,,,
17,0,margin_rolling,333,17.38910007,score_margin,1000,3,342,312,0.8625730994,0.858974359,0.875534188,3360.314103,1722,7128,0.03846153846,0.2980769231,,,,,,,
17,0,margin_rolling,334,17.80807018,score_margin,1000,3,700,633,0.8957142857,0.8988941548,0.9103212217,3550.876777,3632,7128,0.03001579779,0.2764612954,,,,,,,
17,0,margin_rolling,335,18.69903874,score_margin,1000,2,656,587,0.8948170732,0.8875638842,0.9052810903,3764.13799,4988,7128,0.0136286201,0.3270868825,,,,,,,
17,0,margin_rolling,336,19.39777493,score_margin,1000,2,632,551,0.8955696203,0.8965517241,0.9099213551,4022.486388,6589,7128,0.01633393829,0.3611615245,,,,,,,
17,0,margin_rolling,337,19.49459094,score_margin,1000,2,552,492,0.9076086957,0.9146341463,0.9230352304,3928.347561,5942,7128,0.008130081301,0.3394308943,,,,,,,
17,0,margin_rolling,338,19.77782154,score_margin,1000,2,496,457,0.9112903226,0.9212253829,0.9315098468,4111.573304,6537,7128,0.01094091904,0.3457330416,,,,,,,
17,0,margin_rolling,339,18.59902287,score_margin,1000,2,328,297,0.8993902439,0.8956228956,0.9088103255,3209.360269,1274,7128,0.0404040404,0.2053872054,,,,,,,
17,0,margin_rolling,340,19.30199236,score_margin,1000,3,328,303,0.9085365854,0.9108910891,0.9191419142,3726.808581,4423,7128,0.01650165017,0.3135313531,,,,,,,
17,0,margin_rolling,341,18.97982454,score_margin,1000,3,576,519,0.8888888889,0.901734104,0.9136801541,3846.263969,5589,7128,0.01926782274,0.3179190751,,,,,,,
17,0,margin_rolling,342,19.18696982,score_margin,1000,3,636,565,0.8977987421,0.8955752212,0.9115044248,3905.235398,5357,7128,0.01769911504,0.3451327434,,,,,,,
17,0,margin_rolling,343,20.34692907,score_margin,1000,2,642,567,0.8971962617,0.897707231,0.9104056437,4540.821869,7022,7128,0.01410934744,0.3950617284,,,,,,,
17,0,margin_rolling,344,20.06521654,score_margin,1000,2,650,582,0.8753846154,0.8745704467,0.8854524628,3989.365979,5971,7128,0.01202749141,0.3591065292,,,,,,,
17,0,margin_rolling,345,21.98911762,score_margin,1000,2,586,501,0.9146757679,0.9061876248,0.9168330007,4467.481038,7090,7128,0.005988023952,0.4391217565,,,,,,,
17,0,margin_rolling,346,21.27283764,score_margin,1000,2,224,197,0.8973214286,0.8934010152,0.9137055838,3327.609137,1332,7128,0.005076142132,0.2741116751,,,,,,,
17,0,margin_rolling,347,20.90618801,score_margin,1000,3,306,277,0.9183006536,0.9277978339,0.9308062575,3418.404332,1750,7128,0.01805054152,0.3032490975,,,,,,,
17,0,margin_rolling,348,20.48925805,score_margin,1000,3,714,610,0.9047619048,0.9,0.9169398907,3856.536066,5002.5,7128,0.01147540984,0.3262295082,,,,,,,
17,0,margin_rolling,349,20.00189304,score_margin,1000,2,600,545,0.8616666667,0.8587155963,0.873088685,3661.644037,4414,7128,0.005504587156,0.3247706422,,,,,,,
17,0,margin_rolling,350,22.03433466,score_margin,1000,2,656,560,0.9161585366,0.9107142857,0.930327381,3812.242857,5091.5,7128,0.01071428571,0.325,,,,,,,
17,0,margin_rolling,351,21.24725342,score_margin,1000,2,522,476,0.8869731801,0.8865546218,0.9068627451,3567.995798,2268,7128,0.0231092437,0.3004201681,,,,,,,
17,0,margin_rolling,352,21.71980987,score_margin,1000,2,462,415,0.8874458874,0.8915662651,0.9096385542,3954.66747,5827,7128,0.01686746988,0.3036144578,,,,,,,
17,0,margin_rolling,353,22.92491913,score_margin,1000,3,242,226,0.8760330579,0.8672566372,0.8849557522,3715.044248,4919.5,7128,0.01327433628,0.3362831858,,,,,,,
17,0,margin_rolling,354,23.086088,score_margin,1000,3,238,227,0.9075630252,0.9074889868,0.9133627019,4184.53304,6331,7128,0.008810572687,0.3612334802,,,,,,,
17,0,margin_rolling,355,23.41303396,score_margin,1000,4,578,506,0.8996539792,0.9090909091,0.9268774704,4461.543478,7067,7128,0.005928853755,0.4249011858,,,,,,,
17,0,margin_rolling,356,23.46904063,score_margin,1000,3,548,483,0.8996350365,0.900621118,0.9082125604,4257.031056,6809,7128,0.006211180124,0.3892339545,,,,,,,
17,0,margin_rolling,357,23.53157616,score_margin,1000,2,406,363,0.9162561576,0.914600551,0.9292929293,4019.947658,6135,7128,0.01101928375,0.2947658402,,,,,,,
17,0,margin_rolling,358,23.04834747,score_margin,1000,3,300,276,0.8966666667,0.8949275362,0.9100241546,3537.358696,2930,7128,0.007246376812,0.2644927536,,,,,,,
17,0,margin_rolling,359,23.05772831,score_margin,1000,3,330,312,0.9606060606,0.9615384615,0.969017094,4689.205128,7125,7128,0.003205128205,0.4551282051,,,,,,,
17,0,margin_rolling,360,20.31118393,score_margin,1000,3,228,214,0.899122807,0.9018691589,0.9088785047,3088.757009,810,7128,0.01869158879,0.2710280374,,,,,,,
17,0,margin_rolling,361,21.33926868,score_margin,1000,4,246,226,0.8943089431,0.889380531,0.8989675516,3234.685841,888.5,7128,0.03982300885,0.2654867257,,,,,,,
17,0,margin_rolling,362,20.01840973,score_margin,1000,4,620,530,0.8548387097,0.8867924528,0.9084636119,3017.1,775.5,7128,0.01886792453,0.2320754717,,,,,,,
17,0,margin_rolling,363,22.88402939,score_margin,1000,3,386,353,0.9170984456,0.9235127479,0.9350802644,3592.345609,3935,7128,0.02266288952,0.3144475921,,,,,,,
17,0,margin_rolling,364,22.58382225,score_margin,1000,2,354,329,0.8926553672,0.8936170213,0.9027355623,3578.711246,2352,7128,0.0273556231,0.2796352584,,,,,,,
29,0,margin_rolling,292,15.03301668,score_margin,1000,3,730,658,0.897260274,0.9072948328,0.916514691,3580.276596,2365.5,7128,0.007598784195,0.3221884498,,,,,,,
29,0,margin_rolling,293,14.8787365,score_margin,1000,2,658,581,0.8996960486,0.9053356282,0.9205393001,3834.480207,5376,7128,0.01032702238,0.3339070568,,,,,,,
29,0,margin_rolling,294,15.99287271,score_margin,1000,2,618,538,0.8673139159,0.8624535316,0.8866480793,3932.568773,5464,7128,0.01672862454,0.3550185874,,,,,,,
29,0,margin_rolling,295,16.89047432,score_margin,1000,2,666,578,0.9129129129,0.9134948097,0.9351787774,4448.564014,6825,7128,0.006920415225,0.3719723183,,,,,,,
29,0,margin_rolling,296,16.8333168,score_margin,1000,2,516,466,0.8875968992,0.8798283262,0.899713877,4200.738197,6446,7128,0.00643776824,0.3841201717,,,,,,,
29,0,margin_rolling,297,16.92027664,score_margin,1000,2,292,254,0.8767123288,0.8976377953,0.9097112861,3582.492126,2016.5,7128,0.01181102362,0.3307086614,,,,,,,
29,0,margin_rolling,298,17.7265811,score_margin,1000,3,252,224,0.9166666667,0.9241071429,0.9389880952,4146.392857,6891,7128,0.004464285714,0.3482142857,,,,,,,
29,0,margin_rolling,299,17.23262978,score_margin,1000,3,702,615,0.8945868946,0.9089430894,0.9218041038,4157.764228,6776,7128,0.01300813008,0.3528455285,,,,,,,
29,0,margin_rolling,300,17.40438825,score_margin,1000,3,664,573,0.9036144578,0.9005235602,0.9258774481,4455.109948,7043,7128,0.01047120419,0.3979057592,,,,,,,
29,0,margin_rolling,301,17.92373872,score_margin,1000,2,616,552,0.9269480519,0.9239130435,0.9360507246,4633.036232,7106.5,7128,0.005434782609,0.4202898551,,,,,,,
29,0,margin_rolling,302,16.27601242,score_margin,1000,2,570,490,0.8719298246,0.8653061224,0.8833624879,3671.728571,4093.5,7128,0.01632653061,0.3346938776,,,,,,,
29,0,margin_rolling,303,17.01872134,score_margin,1000,2,542,485,0.8911439114,0.8845360825,0.8954639175,4030.397938,6353,7128,0.01649484536,0.3649484536,,,,,,,
29,0,margin_rolling,304,16.90860963,score_margin,1000,2,328,281,0.8780487805,0.8754448399,0.9051008304,3833.455516,5230,7128,0.01423487544,0.3024911032,,,,,,,
29,0,margin_rolling,305,17.98923775,score_margin,1000,3,328,295,0.9237804878,0.9254237288,0.9352542373,3910.169492,6206,7128,0.01016949153,0.3254237288,,,,,,,
29,0,margin_rolling,306,17.29793215,score_margin,1000,3,582,513,0.8986254296,0.9122807018,0.9257959714,3983.181287,6501,7128,0.01364522417,0.3684210526,,,,,,,
29,0,margin_rolling,307,17.09696102,score_margin,1000,3,588,510,0.8928571429,0.9058823529,0.9184640523,4202.507843,6669.5,7128,0.007843137255,0.3607843137,,,,,,,
29,0,margin_rolling,308,17.59035572,score_margin,1000,2,562,497,0.884341637,0.8853118712,0.9048577177,4221.221328,6976,7128,0.01609657948,0.4004024145,,,,,,,
29,0,margin_rolling,309,18.38959193,score_margin,1000,2,626,535,0.8993610224,0.9065420561,0.9231152648,4543.031776,7093,7128,0.01121495327,0.4317757009,,,,,,,
29,0,margin_rolling,310,18.83565521,score_margin,1000,2,620,527,0.9338709677,0.9240986717,0.9491777356,4218.296015,6854,7128,0.007590132827,0.3605313093,,,,,,,
29,0,margin_rolling,311,16.86660385,score_margin,1000,2,438,366,0.9086757991,0.893442623,0.9230418944,3250.57377,1238.5,7128,0.02459016393,0.2404371585,,,,,,,
29,0,margin_rolling,312,16.46350765,score_margin,1000,2,460,368,0.8586956522,0.8641304348,0.8932324017,2967.788043,838,7128,0.01902173913,0.2201086957,,,,,,,
29,0,margin_rolling,313,17.7905724,score_margin,1000,3,794,641,0.8929471033,0.8892355694,0.9143785751,3688.620905,4377,7128,0.01872074883,0.3088923557,,,,,,,
29,0,margin_rolling,314,18.49311447,score_margin,1000,2,678,585,0.9174041298,0.9162393162,0.9328245828,4000.618803,6216,7128,0.01709401709,0.3367521368,,,,,,,
29,0,margin_rolling,315,18.2245388,score_margin,1000,2,774,660,0.8953488372,0.8924242424,0.9118939394,3923.168182,5910,7128,0.01515151515,0.3121212121,,,,,,,
29,0,margin_rolling,316,19.48420715,score_margin,1000,2,758,622,0.919525066,0.9163987138,0.932261522,4626.697749,7079.5,7128,0.009646302251,0.3890675241,,,,,,,
29,0,margin_rolling,317,18.1093874,score_margin,1000,2,630,559,0.8904761905,0.8872987478,0.9076028623,3563.892665,2701,7128,0.01431127013,0.2754919499,,,,,,,
29,0,margin_rolling,318,18.87277031,score_margin,1000,2,342,308,0.9239766082,0.9220779221,0.9377705628,3613.168831,4139.5,7128,0.01623376623,0.3149350649,,,,,,,
29,0,margin_rolling,319,18.24533176,score_margin,1000,3,324,290,0.9135802469,0.9034482759,0.9137931034,3529.296552,2790,7128,0.02068965517,0.275862069,,,,,,,
29,0,margin_rolling,320,18.13870811,score_margin,1000,3,736,646,0.8777173913,0.8900928793,0.8987272102,4040.233746,6588,7128,0.01857585139,0.366873065,,,,,,,
29,0,margin_rolling,321,19.10052395,score_margin,1000,2,680,603,0.9161764706,0.9087893864,0.9212271973,4283.19403,6805,7128,0.01492537313,0.3515754561,,,,,,,
29,0,margin_rolling,322,19.31597871,score_margin,1000,2,668,595,0.9326347305,0.9378151261,0.9434173669,4396.677311,6911,7128,0.01008403361,0.3781512605,,,,,,,
29,0,margin_rolling,323,17.64072418,score_margin,1000,2,668,600,0.8982035928,0.8933333333,0.9080555556,3885.388333,5280,7128,0.015,0.2816666667,,,,,,,
29,0,margin_rolling,324,17.86784554,score_margin,1000,2,796,650,0.8756281407,0.8861538462,0.9131794872,3882.341538,5557,7128,0.01692307692,0.32,,,,,,,
29,0,margin_rolling,325,18.52776814,score_margin,1000,2,398,360,0.8668341709,0.8777777778,0.8851851852,3647.813889,4035.5,7128,0.025,0.3361111111,,,,,,,
29,0,margin_rolling,326,19.40538311,score_margin,1000,2,422,348,0.8767772512,0.882183908,0.9005028736,3301.117816,1422.5,7128,0.01149425287,0.2902298851,,,,,,,
29,0,margin_rolling,327,20.20668602,score_margin,1000,3,738,621,0.9078590786,0.9146537842,0.9365271068,4249.52657,6726,7128,0.01127214171,0.3977455717,,,,,,,
29,0,margin_rolling,328,20.24185538,score_margin,1000,2,600,526,0.9266666667,0.9315589354,0.9431015752,4449.418251,6952.5,7128,0.009505703422,0.3878326996,,,,,,,
29,0,margin_rolling,329,19.49835181,score_margin,1000,2,684,599,0.9225146199,0.9232053422,0.9319421258,4168.253756,6511,7128,0.01001669449,0.3789649416,,,,,,,
29,0,margin_rolling,330,18.54461956,score_margin,1000,2,640,580,0.9234375,0.9293103448,0.9360632184,3821.87931,4847,7128,0.01724137931,0.3172413793,,,,,,,
29,0,margin_rolling,331,17.9184494,score_margin,1000,2,506,474,0.8932806324,0.8924050633,0.8976793249,3601.907173,3854,7128,0.01265822785,0.2848101266,,,,,,,
29,0,margin_rolling,332,17.83051109,score_margin,1000,2,318,300,0.8899371069,0.8933333333,0.9005555556,3400.92,1603,7128,0.02333333333,0.2833333333,,,,,,,
29,0,margin_rolling,333,18.01071167,score_margin,1000,3,342,312,0.8830409357,0.8814102564,0.8963675214,3613.794872,4419,7128,0.02564102564,0.3269230769,,,,,,,
29,0,margin_rolling,334,18.14150592,score_margin,1000,3,700,633,0.9,0.9036334913,0.9150605582,3593.162717,3813,7128,0.02369668246,0.2954186414,,,,,,,
29,0,margin_rolling,335,18.30394578,score_margin,1000,2,656,587,0.8841463415,0.8841567291,0.899318569,3604.962521,2409,7128,0.01192504259,0.3134582624,,,,,,,
29,0,margin_rolling,336,19.54573137,score_margin,1000,2,632,551,0.8987341772,0.8947368421,0.9120387175,4101.789474,6443,7128,0.01633393829,0.3430127042,,,,,,,
29,0,margin_rolling,337,19.64600134,score_margin,1000,2,552,492,0.9148550725,0.9227642276,0.9321815718,3923.855691,5963.5,7128,0.01219512195,0.3495934959,,,,,,,
29,0,margin_rolling,338,19.65637052,score_margin,1000,2,496,457,0.8971774194,0.9080962801,0.9168490153,3984.800875,5891,7128,0.01094091904,0.3457330416,,,,,,,
29,0,margin_rolling,339,19.08408642,score_margin,1000,2,328,297,0.9024390244,0.8956228956,0.9034792368,3468.949495,1921,7128,0.03367003367,0.228956229,,,,,,,
29,0,margin_rolling,340,19.47762871,score_margin,1000,3,328,303,0.8963414634,0.904290429,0.9158415842,3828.848185,4763,7128,0.02310231023,0.3201320132,,,,,,,
29,0,margin_rolling,341,19.58599281,score_margin,1000,3,576,519,0.8940972222,0.9075144509,0.9191393706,3972.208092,6273,7128,0.01348747592,0.3256262042,,,,,,,
29,0,margin_rolling,342,19.8156704,score_margin,1000,3,636,565,0.8867924528,0.8814159292,0.9014749263,3974.095575,5814,7128,0.008849557522,0.3628318584,,,,,,,
29,0,margin_rolling,343,20.74883652,score_margin,1000,2,642,567,0.8925233645,0.8888888889,0.9042328042,4628.876543,7087,7128,0.01234567901,0.4144620811,,,,,,,
29,0,margin_rolling,344,20.92653894,score_margin,1000,2,650,582,0.88,0.8762886598,0.8940435281,4232.214777,6710.5,7128,0.01202749141,0.3900343643,,,,,,,
29,0,margin_rolling,345,22.87825871,score_margin,1000,2,586,501,0.9351535836,0.9281437126,0.9374584165,4612.033932,7125,7128,0.005988023952,0.4690618762,,,,,,,
29,0,margin_rolling,346,20.80144787,score_margin,1000,2,224,197,0.9196428571,0.9187817259,0.9314720812,3321.411168,1570,7128,0.01015228426,0.269035533,,,,,,,
29,0,margin_rolling,347,19.83515835,score_margin,1000,3,306,277,0.8986928105,0.9061371841,0.9109506619,3181.353791,943,7128,0.02166064982,0.285198556,,,,,,,
29,0,margin_rolling,348,19.72148418,score_margin,1000,3,714,610,0.8893557423,0.8950819672,0.9072404372,3584.960656,2546.5,7128,0.01803278689,0.3147540984,,,,,,,
29,0,margin_rolling,349,20.35027003,score_margin,1000,2,600,545,0.8683333333,0.8697247706,0.8810397554,3671.361468,4119,7128,0.009174311927,0.3229357798,,,,,,,
29,0,margin_rolling,350,22.30468082,score_margin,1000,2,656,560,0.9131097561,0.9107142857,0.9314583333,3826.526786,5211.5,7128,0.0125,0.35,,,,,,,
29,0,margin_rolling,351,21.78022861,score_margin,1000,2,522,476,0.8850574713,0.8886554622,0.906162465,3622.119748,3852,7128,0.02100840336,0.3298319328,,,,,,,
29,0,margin_rolling,352,22.41043377,score_margin,1000,2,462,415,0.9025974026,0.913253012,0.9291164659,4005.585542,6136,7128,0.01927710843,0.3180722892,,,,,,,
29,0,margin_rolling,353,22.79162836,score_margin,1000,3,242,226,0.8719008264,0.8716814159,0.8827433628,3739.977876,5286.5,7128,0.02654867257,0.3230088496,,,,,,,
29,0,margin_rolling,354,23.22916698,score_margin,1000,3,238,227,0.9243697479,0.9207048458,0.9302496329,4298.612335,6871,7128,0.008810572687,0.4008810573,,,,,,,
29,0,margin_rolling,355,23.44548643,score_margin,1000,4,578,506,0.8944636678,0.9031620553,0.9204780727,4502.199605,7097.5,7128,0.01383399209,0.4407114625,,,,,,,
29,0,margin_rolling,356,23.58685112,score_margin,1000,3,548,483,0.901459854,0.9026915114,0.9126984127,4243.846791,6930,7128,0.008281573499,0.4099378882,,,,,,,
29,0,margin_rolling,357,23.73778164,score_margin,1000,2,406,363,0.9285714286,0.9311294766,0.9405417815,3974.316804,5991,7128,0.01652892562,0.3002754821,,,,,,,
29,0,margin_rolling,358,22.71373558,score_margin,1000,3,300,276,0.8866666667,0.8804347826,0.8991545894,3313.496377,1132,7128,0.01449275362,0.2644927536,,,,,,,
29,0,margin_rolling,359,22.80165768,score_margin,1000,3,330,312,0.9545454545,0.9551282051,0.9626068376,4613.923077,7123.5,7128,0.009615384615,0.4423076923,,,,,,,
29,0,margin_rolling,360,20.70828614,score_margin,1000,3,228,214,0.8684210526,0.8785046729,0.8855140187,3295.261682,1604.5,7128,0.01401869159,0.2803738318,,,,,,,
29,0,margin_rolling,361,21.74612045,score_margin,1000,4,246,226,0.8739837398,0.8716814159,0.8797935103,3257.924779,1201,7128,0.03982300885,0.2699115044,,,,,,,
29,0,margin_rolling,362,21.10765409,score_margin,1000,4,620,530,0.8403225806,0.8830188679,0.9019272237,3273.788679,1127.5,7128,0.02264150943,0.2622641509,,,,,,,
29,0,margin_rolling,363,24.66178066,score_margin,1000,3,386,353,0.9274611399,0.9320113314,0.943578848,3986.609065,6235,7128,0.01699716714,0.3484419263,,,,,,,
29,0,margin_rolling,364,23.95046198,score_margin,1000,2,354,329,0.918079096,0.9179331307,0.9255319149,3945.018237,5511,7128,0.02127659574,0.3221884498,,,,,,,
43,0,margin_rolling,292,13.28475975,score_margin,1000,3,730,658,0.8849315068,0.8860182371,0.895845998,3233.092705,1039.5,7128,0.01063829787,0.2234042553,,,,,,,
43,0,margin_rolling,293,13.43286133,score_margin,1000,2,658,581,0.8814589666,0.8846815835,0.8973034997,3624.839931,4280,7128,0.008605851979,0.2495697074,,,,,,,
43,0,margin_rolling,294,14.5086937,score_margin,1000,2,618,538,0.9158576052,0.907063197,0.9200743494,3774.866171,4663.5,7128,0.005576208178,0.2620817844,,,,,,,
43,0,margin_rolling,295,13.95588708,score_margin,1000,2,666,578,0.9129129129,0.9031141869,0.9195213379,3586.115917,2784,7128,0.008650519031,0.2301038062,,,,,,,
43,0,margin_rolling,296,13.71299791,score_margin,1000,2,516,466,0.8837209302,0.8755364807,0.8902718169,3262.639485,1351.5,7128,0.002145922747,0.2489270386,,,,,,,
43,0,margin_rolling,297,14.0042429,score_margin,1000,2,292,254,0.8630136986,0.8818897638,0.8897637795,2938.582677,764,7128,0.007874015748,0.2007874016,,,,,,,
43,0,margin_rolling,298,14.40402937,score_margin,1000,3,252,224,0.880952381,0.8794642857,0.8980654762,3391.107143,1805.5,7128,0.008928571429,0.2857142857,,,,,,,
43,0,margin_rolling,299,14.61631393,score_margin,1000,3,702,615,0.9145299145,0.9040650407,0.9202942315,3598.96748,3307,7128,0.00487804878,0.2146341463,,,,,,,
43,0,margin_rolling,300,14.42318749,score_margin,1000,3,664,573,0.8885542169,0.8865619546,0.9135156099,3704.986038,4340,7128,0.01047120419,0.2617801047,,,,,,,
43,0,margin_rolling,301,14.62212956,score_margin,1000,2,616,552,0.9058441558,0.9112318841,0.9222826087,3955.838768,5614.5,7128,0.007246376812,0.2844202899,,,,,,,
43,0,margin_rolling,302,14.50830173,score_margin,1000,2,570,490,0.8824561404,0.8693877551,0.8816812439,3446.136735,1622.5,7128,0.01224489796,0.2469387755,,,,,,,
43,0,margin_rolling,303,15.19628334,score_margin,1000,2,542,485,0.9243542435,0.9175257732,0.9229553265,3812.729897,4794,7128,0.00618556701,0.2845360825,,,,,,,
43,0,margin_rolling,304,14.62875599,score_margin,1000,2,328,281,0.881097561,0.8612099644,0.9015421115,3474.647687,1800,7128,0.01067615658,0.2277580071,,,,,,,
43,0,margin_rolling,305,14.67572713,score_margin,1000,3,328,295,0.9359756098,0.9288135593,0.9416949153,3236.037288,1271,7128,0.01355932203,0.213559322,,,,,,,
43,0,margin_rolling,306,14.41815567,score_margin,1000,3,582,513,0.8969072165,0.8947368421,0.9125406108,3374.419103,1642,7128,0.009746588694,0.2261208577,,,,,,,
43,0,margin_rolling,307,14.29666805,score_margin,1000,3,588,510,0.880952381,0.8764705882,0.895751634,3503.543137,2294.5,7128,0.01176470588,0.2411764706,,,,,,,
43,0,margin_rolling,308,14.85969417,score_margin,1000,2,562,497,0.8790035587,0.8772635815,0.8934463926,3641.390342,3429,7128,0.008048289738,0.2977867203,,,,,,,
43,0,margin_rolling,309,15.24742758,score_margin,1000,2,626,535,0.8801916933,0.8672897196,0.8981619938,3979.441121,5961,7128,0.01121495327,0.2990654206,,,,,,,
43,0,margin_rolling,310,15.85629904,score_margin,1000,2,620,527,0.9370967742,0.9297912713,0.9444339026,3616.442125,2986,7128,0.007590132827,0.2220113852,,,,,,,
43,0,margin_rolling,311,15.22981095,score_margin,1000,2,438,366,0.899543379,0.8797814208,0.9039162113,2912.256831,700.5,7128,0.005464480874,0.193989071,,,,,,,
43,0,margin_rolling,312,14.37404847,score_margin,1000,2,460,368,0.897826087,0.8858695652,0.9125905797,2491.831522,490.5,7128,0.008152173913,0.1684782609,,,,,,,
43,0,margin_rolling,313,14.56778145,score_margin,1000,3,794,641,0.8979848866,0.8814352574,0.9070202808,2931.984399,694,7128,0.01248049922,0.2012480499,,,,,,,
43,0,margin_rolling,314,14.5803405,score_margin,1000,2,678,585,0.8746312684,0.864957265,0.8834717135,2933.899145,614,7128,0.01025641026,0.1897435897,,,,,,,
43,0,margin_rolling,315,15.39856434,score_margin,1000,2,774,660,0.8966408269,0.8863636364,0.9029292929,3269.374242,1482.5,7128,0.009090909091,0.1833333333,,,,,,,
43,0,margin_rolling,316,16.05404758,score_margin,1000,2,758,622,0.926121372,0.9147909968,0.9303322615,3845.771704,4903,7128,0.008038585209,0.2379421222,,,,,,,
43,0,margin_rolling,317,15.16119957,score_margin,1000,2,630,559,0.8920634921,0.8872987478,0.9055456172,2733.307692,608,7128,0.01252236136,0.1663685152,,,,,,,
43,0,margin_rolling,318,15.25763726,score_margin,1000,2,342,308,0.8859649123,0.8798701299,0.8993506494,2752.837662,499,7128,0.006493506494,0.1948051948,,,,,,,
43,0,margin_rolling,319,15.68521625,score_margin,1000,3,324,290,0.9228395062,0.9137931034,0.9224137931,2916.886207,823,7128,0.01379310345,0.1965517241,,,,,,,
43,0,margin_rolling,320,15.4726612,score_margin,1000,3,736,646,0.8845108696,0.8839009288,0.8964396285,3449.952012,2002,7128,0.009287925697,0.2523219814,,,,,,,
43,0,margin_rolling,321,15.70384145,score_margin,1000,2,680,603,0.8941176471,0.8872305141,0.8963515755,3297.155887,1786,7128,0.008291873964,0.223880597,,,,,,,
43,0,margin_rolling,322,16.25162609,score_margin,1000,2,668,595,0.9206586826,0.9193277311,0.9257703081,3715.798319,4488,7128,0.01176470588,0.2487394958,,,,,,,
43,0,margin_rolling,323,15.85826111,score_margin,1000,2,668,600,0.877245509,0.8683333333,0.8872222222,3403.813333,1970.5,7128,0.005,0.2133333333,,,,,,,
43,0,margin_rolling,324,16.4412092,score_margin,1000,2,796,650,0.8831658291,0.8723076923,0.9019487179,3638.516923,4304,7128,0.009230769231,0.2323076923,,,,,,,
43,0,margin_rolling,325,17.08714294,score_margin,1000,2,398,360,0.8693467337,0.8638888889,0.8782407407,3387.405556,1542,7128,0.01388888889,0.2694444444,,,,,,,
43,0,margin_rolling,326,17.67976773,score_margin,1000,2,422,348,0.9004739336,0.8793103448,0.900862069,3223.905172,943.5,7128,0.008620689655,0.1896551724,,,,,,,
43,0,margin_rolling,327,17.81946911,score_margin,1000,3,738,621,0.9119241192,0.9066022544,0.92568438,3993.607085,5608,7128,0.006441223833,0.2930756844,,,,,,,
43,0,margin_rolling,328,17.38096824,score_margin,1000,2,600,526,0.9066666667,0.9049429658,0.9162230672,3979.404943,5763.5,7128,0.005703422053,0.2642585551,,,,,,,
43,0,margin_rolling,329,17.32622719,score_margin,1000,2,684,599,0.9342105263,0.9315525876,0.9409571508,3865.828047,5011,7128,0.005008347245,0.2737896494,,,,,,,
43,0,margin_rolling,330,16.08044034,score_margin,1000,2,640,580,0.8859375,0.8775862069,0.8895114943,3284.486207,1561.5,7128,0.01034482759,0.2086206897,,,,,,,
43,0,margin_rolling,331,16.47670078,score_margin,1000,2,506,474,0.9110671937,0.9071729958,0.9096343179,3436.985232,1841.5,7128,0.006329113924,0.2130801688,,,,,,,
43,0,margin_rolling,332,16.43947649,score_margin,1000,2,318,300,0.893081761,0.8866666667,0.8905555556,3194.296667,827.5,7128,0.01333333333,0.2633333333,,,,,,,
43,0,margin_rolling,333,16.00991732,score_margin,1000,3,342,312,0.8391812865,0.8333333333,0.8520299145,3030.25641,735.5,7128,0.00641025641,0.2147435897,,,,,,,
43,0,margin_rolling,334,17.38920009,score_margin,1000,3,700,633,0.9157142857,0.9131121643,0.9236440232,3607.900474,4313,7128,0.01263823065,0.2180094787,,,,,,,
43,0,margin_rolling,335,17.41037369,score_margin,1000,2,656,587,0.9054878049,0.8994889267,0.9131175468,3639.713799,4316,7128,0.008517887564,0.2521294719,,,,,,,
43,0,margin_rolling,336,17.37759769,score_margin,1000,2,632,551,0.8971518987,0.8965517241,0.9138535995,3712.720508,4287,7128,0.01270417423,0.2577132486,,,,,,,
43,0,margin_rolling,337,17.46207809,score_margin,1000,2,552,492,0.9094202899,0.9044715447,0.9187669377,3554.47561,2733,7128,0.00406504065,0.2195121951,,,,,,,
43,0,margin_rolling,338,17.42774224,score_margin,1000,2,496,457,0.8911290323,0.8993435449,0.9053975201,3598.962801,3701,7128,0.006564551422,0.2450765864,,,,,,,
43,0,margin_rolling,339,17.41378117,score_margin,1000,2,328,297,0.8902439024,0.8956228956,0.9048821549,3094.599327,1117,7128,0.01683501684,0.1515151515,,,,,,,
43,0,margin_rolling,340,17.98474717,score_margin,1000,3,328,303,0.9176829268,0.9174917492,0.9279427943,3622.719472,4072,7128,0.009900990099,0.2607260726,,,,,,,
43,0,margin_rolling,341,17.7517786,score_margin,1000,3,576,519,0.9027777778,0.901734104,0.9166987797,3622.323699,2993,7128,0.01348747592,0.2389210019,,,,,,,
43,0,margin_rolling,342,17.37835312,score_margin,1000,3,636,565,0.9009433962,0.9026548673,0.9191740413,3488.561062,1996,7128,0.01238938053,0.2672566372,,,,,,,
43,0,margin_rolling,343,17.6502533,score_margin,1000,2,642,567,0.8785046729,0.8677248677,0.8878894768,3910.17284,5820,7128,0.007054673721,0.2574955908,,,,,,,
43,0,margin_rolling,344,18.14641464,score_margin,1000,2,650,582,0.8846153846,0.8728522337,0.8891752577,3785.56701,5128.5,7128,0.006872852234,0.2766323024,,,,,,,
43,0,margin_rolling,345,18.85023856,score_margin,1000,2,586,501,0.9146757679,0.9021956088,0.9181636727,3955.437126,5847,7128,0.007984031936,0.3333333333,,,,,,,
43,0,margin_rolling,346,18.04806805,score_margin,1000,2,224,197,0.9107142857,0.9035532995,0.9263959391,2839.690355,525,7128,0,0.1776649746,,,,,,,
43,0,margin_rolling,347,17.74265146,score_margin,1000,3,306,277,0.908496732,0.9133574007,0.9193742479,2791.093863,432,7128,0.01083032491,0.1985559567,,,,,,,
43,0,margin_rolling,348,17.69570606,score_margin,1000,3,714,610,0.906162465,0.8967213115,0.9076502732,3282.639344,1413.5,7128,0.0131147541,0.2409836066,,,,,,,
43,0,margin_rolling,349,17.16855478,score_margin,1000,2,600,545,0.8466666667,0.8403669725,0.8577981651,2925.688073,655,7128,0.003669724771,0.2110091743,,,,,,,
43,0,margin_rolling,350,19.52814865,score_margin,1000,2,656,560,0.8948170732,0.8839285714,0.9042559524,3422.517857,1805,7128,0.0125,0.2232142857,,,,,,,
43,0,margin_rolling,351,20.24399853,score_margin,1000,2,522,476,0.8754789272,0.8739495798,0.8914565826,3615.634454,4203,7128,0.01260504202,0.237394958,,,,,,,
43,0,margin_rolling,352,20.77940273,score_margin,1000,2,462,415,0.9199134199,0.913253012,0.9347389558,3884.498795,5226,7128,0.01445783133,0.2409638554,,,,,,,
43,0,margin_rolling,353,20.71610212,score_margin,1000,3,242,226,0.8719008264,0.8716814159,0.8849557522,3663.044248,4471,7128,0.01769911504,0.203539823,,,,,,,
43,0,margin_rolling,354,20.84510708,score_margin,1000,3,238,227,0.8991596639,0.8986784141,0.9045521292,3903.162996,4936,7128,0.008810572687,0.281938326,,,,,,,
43,0,margin_rolling,355,20.99882436,score_margin,1000,4,578,506,0.901384083,0.895256917,0.9186664784,4329.387352,6711.5,7128,0.01185770751,0.3122529644,,,,,,,
43,0,margin_rolling,356,21.27048206,score_margin,1000,3,548,483,0.9105839416,0.9068322981,0.9120082816,4121.838509,6284,7128,0.008281573499,0.314699793,,,,,,,
43,0,margin_rolling,357,20.72033882,score_margin,1000,2,406,363,0.9113300493,0.91184573,0.9214876033,3468.231405,2289,7128,0.01928374656,0.1790633609,,,,,,,
43,0,margin_rolling,358,20.21060859,score_margin,1000,3,300,276,0.91,0.9057971014,0.9154589372,2989.474638,653.5,7128,0.007246376812,0.2028985507,,,,,,,
43,0,margin_rolling,359,19.9138931,score_margin,1000,3,330,312,0.9333333333,0.9326923077,0.9375,4203.560897,6654,7128,0.003205128205,0.3173076923,,,,,,,
43,0,margin_rolling,360,18.90044785,score_margin,1000,3,228,214,0.8815789474,0.8738317757,0.8862928349,2830.672897,566.5,7128,0.009345794393,0.1962616822,,,,,,,
43,0,margin_rolling,361,19.44130796,score_margin,1000,4,246,226,0.8943089431,0.889380531,0.8967551622,2913.49115,676.5,7128,0.03097345133,0.1814159292,,,,,,,
43,0,margin_rolling,362,19.25792217,score_margin,1000,4,620,530,0.9274193548,0.9169811321,0.9299191375,2974.433962,778,7128,0.009433962264,0.2,,,,,,,
43,0,margin_rolling,363,18.33294678,score_margin,1000,3,386,353,0.8937823834,0.8895184136,0.9041548631,2639.974504,432,7128,0.01416430595,0.1813031161,,,,,,,
43,0,margin_rolling,364,18.03484917,score_margin,1000,2,354,329,0.8276836158,0.820668693,0.829787234,2455.115502,433,7128,0.02431610942,0.1732522796,,,,,,,
59,0,margin_rolling,292,14.84237766,score_margin,1000,3,730,658,0.8726027397,0.8814589666,0.8949341439,3494.256839,1923.5,7128,0.01367781155,0.2689969605,,,,,,,
59,0,margin_rolling,293,15.63547552,score_margin,1000,2,658,581,0.9209726444,0.9242685026,0.934595525,4087.540448,6358,7128,0.01032702238,0.3425129088,,,,,,,
59,0,margin_rolling,294,15.57862884,score_margin,1000,2,618,538,0.8851132686,0.8791821561,0.9021995043,3872.150558,4983,7128,0.01858736059,0.3271375465,,,,,,,
59,0,margin_rolling,295,15.95683169,score_margin,1000,2,666,578,0.9054054054,0.9031141869,0.9271626298,4091.880623,5816.5,7128,0.008650519031,0.3114186851,,,,,,,
59,0,margin_rolling,296,16.31424209,score_margin,1000,2,516,466,0.9089147287,0.8991416309,0.9140200286,4106.092275,6322.5,7128,0.00643776824,0.3433476395,,,,,,,
59,0,margin_rolling,297,15.72414851,score_margin,1000,2,292,254,0.8869863014,0.9015748031,0.9137795276,3185.901575,1152,7128,0.0157480315,0.2440944882,,,,,,,
59,0,margin_rolling,298,16.59628394,score_margin,1000,3,252,224,0.9126984127,0.9196428571,0.9367559524,3865.669643,5457.5,7128,0.004464285714,0.3258928571,,,,,,,
59,0,margin_rolling,299,15.9967401,score_margin,1000,3,702,615,0.8931623932,0.9040650407,0.9177003484,3814.655285,5121,7128,0.0162601626,0.2650406504,,,,,,,
59,0,margin_rolling,300,16.35258913,score_margin,1000,3,664,573,0.906626506,0.9092495637,0.9329067287,4118.472949,6239,7128,0.01919720768,0.3246073298,,,,,,,
59,0,margin_rolling,301,16.66322803,score_margin,1000,2,616,552,0.9220779221,0.9221014493,0.9300120773,4365.222826,6941,7128,0.01268115942,0.3677536232,,,,,,,
59,0,margin_rolling,302,15.82273245,score_margin,1000,2,570,490,0.8859649123,0.8795918367,0.8993488824,3528.336735,1794,7128,0.02448979592,0.2836734694,,,,,,,
59,0,margin_rolling,303,16.12570095,score_margin,1000,2,542,485,0.9040590406,0.8989690722,0.9071477663,3774.612371,4587,7128,0.01855670103,0.3216494845,,,,,,,
59,0,margin_rolling,304,15.55522418,score_margin,1000,2,328,281,0.8475609756,0.8398576512,0.8739620403,3394.893238,1266,7128,0.01779359431,0.256227758,,,,,,,
59,0,margin_rolling,305,16.80150071,score_margin,1000,3,328,295,0.9298780488,0.9288135593,0.9410169492,3598.494915,3759,7128,0.01016949153,0.2677966102,,,,,,,
59,0,margin_rolling,306,16.32420635,score_margin,1000,3,582,513,0.8934707904,0.9064327485,0.9218973359,3664.185185,4129,7128,0.01754385965,0.306042885,,,,,,,
59,0,margin_rolling,307,16.67482066,score_margin,1000,3,588,510,0.8911564626,0.8980392157,0.9102941176,4047.476471,6080,7128,0.0137254902,0.3294117647,,,,,,,
59,0,margin_rolling,308,16.9900507,score_margin,1000,2,562,497,0.8985765125,0.8953722334,0.9104627767,4034.070423,6373,7128,0.02012072435,0.3782696177,,,,,,,
59,0,margin_rolling,309,17.12229824,score_margin,1000,2,626,535,0.9009584665,0.9065420561,0.9248286604,4228.342056,6700,7128,0.01869158879,0.3700934579,,,,,,,
59,0,margin_rolling,310,17.14876008,score_margin,1000,2,620,527,0.9338709677,0.9335863378,0.9521821632,3736.833017,4645,7128,0.01328273245,0.275142315,,,,,,,
59,0,margin_rolling,311,16.00805688,score_margin,1000,2,438,366,0.8926940639,0.8715846995,0.9047358834,2967.128415,723,7128,0.0218579235,0.2158469945,,,,,,,
59,0,margin_rolling,312,15.42429733,score_margin,1000,2,460,368,0.8586956522,0.8641304348,0.8898680124,2697.453804,587,7128,0.02173913043,0.1902173913,,,,,,,
59,0,margin_rolling,313,16.95094931,score_margin,1000,3,794,641,0.8891687657,0.8783151326,0.9089183567,3471.570983,1834,7128,0.01872074883,0.2605304212,,,,,,,
59,0,margin_rolling,314,17.59503412,score_margin,1000,2,678,585,0.9056047198,0.9042735043,0.922983313,3775.687179,5020,7128,0.0188034188,0.2786324786,,,,,,,
59,0,margin_rolling,315,17.74859428,score_margin,1000,2,774,660,0.9018087855,0.8984848485,0.9175757576,3784.292424,5093.5,7128,0.01515151515,0.2803030303,,,,,,,
59,0,margin_rolling,316,18.78865147,score_margin,1000,2,758,622,0.9366754617,0.9324758842,0.94528403,4492.808682,6759.5,7128,0.01286173633,0.3183279743,,,,,,,
59,0,margin_rolling,317,16.52362442,score_margin,1000,2,630,559,0.8746031746,0.8676207513,0.8856887299,3000.799642,989,7128,0.01967799642,0.2021466905,,,,,,,
59,0,margin_rolling,318,17.85542202,score_margin,1000,2,342,308,0.9064327485,0.9090909091,0.9253246753,3307.399351,1257,7128,0.01623376623,0.25,,,,,,,
59,0,margin_rolling,319,17.81780338,score_margin,1000,3,324,290,0.9320987654,0.924137931,0.9327586207,3501.906897,2038.5,7128,0.01724137931,0.2551724138,,,,,,,
59,0,margin_rolling,320,17.59321606,score_margin,1000,3,736,646,0.8994565217,0.9055727554,0.9176642587,3873.540248,5584,7128,0.01702786378,0.3281733746,,,,,,,
59,0,margin_rolling,321,17.14765739,score_margin,1000,2,680,603,0.9029411765,0.8955223881,0.9096185738,3608.766169,2849,7128,0.01824212272,0.2769485904,,,,,,,
59,0,margin_rolling,322,18.14680576,score_margin,1000,2,668,595,0.9266467066,0.9260504202,0.9366946779,4049.838655,5998,7128,0.01176470588,0.3226890756,,,,,,,
59,0,margin_rolling,323,17.02589607,score_margin,1000,2,668,600,0.8847305389,0.885,0.9036111111,3579.973333,2262,7128,0.01166666667,0.2333333333,,,,,,,
59,0,margin_rolling,324,17.36526096,score_margin,1000,2,796,650,0.8756281407,0.8753846154,0.9067179487,3654.556923,4070.5,7128,0.01692307692,0.2553846154,,,,,,,
59,0,margin_rolling,325,18.22236443,score_margin,1000,2,398,360,0.8793969849,0.8777777778,0.8893518519,3455.727778,1269,7128,0.025,0.3083333333,,,,,,,
59,0,margin_rolling,326,18.59259701,score_margin,1000,2,422,348,0.8886255924,0.8649425287,0.8926005747,3116.284483,870.5,7128,0.01436781609,0.2557471264,,,,,,,
59,0,margin_rolling,327,19.14528894,score_margin,1000,3,738,621,0.906504065,0.9049919485,0.9309447128,3960.561997,5787,7128,0.01610305958,0.3317230274,,,,,,,
59,0,margin_rolling,328,18.75699615,score_margin,1000,2,600,526,0.92,0.9182509506,0.9332337498,4006.762357,6417,7128,0.01520912548,0.3231939163,,,,,,,
59,0,margin_rolling,329,18.52680766,score_margin,1000,2,684,599,0.9078947368,0.9065108514,0.9196994992,3873.006678,5265,7128,0.01001669449,0.3138564274,,,,,,,
59,0,margin_rolling,330,18.11911941,score_margin,1000,2,640,580,0.9125,0.9137931034,0.9222701149,3718.744828,4679.5,7128,0.01379310345,0.2844827586,,,,,,,
59,0,margin_rolling,331,17.85261059,score_margin,1000,2,506,474,0.9110671937,0.9156118143,0.9193037975,3664.637131,4267,7128,0.01476793249,0.2679324895,,,,,,,
59,0,margin_rolling,332,17.5840435,score_margin,1000,2,318,300,0.8962264151,0.8933333333,0.9016666667,3314.513333,1259,7128,0.02,0.27,,,,,,,
59,0,margin_rolling,333,17.64881146,score_margin,1000,3,342,312,0.8830409357,0.8782051282,0.8958333333,3331.032051,1281,7128,0.02564102564,0.2788461538,,,,,,,
59,0,margin_rolling,334,17.74789774,score_margin,1000,3,700,633,0.8971428571,0.9036334913,0.9147446024,3429.671406,2031,7128,0.02369668246,0.2417061611,,,,,,,
59,0,margin_rolling,335,18.16077518,score_margin,1000,2,656,587,0.8887195122,0.8875638842,0.900681431,3496.981261,1842,7128,0.01873935264,0.2844974446,,,,,,,
59,0,margin_rolling,336,18.95746714,score_margin,1000,2,632,551,0.8971518987,0.8965517241,0.9138535995,3956.716878,5670,7128,0.01996370236,0.3049001815,,,,,,,
59,0,margin_rolling,337,19.18881035,score_margin,1000,2,552,492,0.9039855072,0.906504065,0.9211382114,3762.985772,4512.5,7128,0.01422764228,0.2865853659,,,,,,,
59,0,margin_rolling,338,19.43563628,score_margin,1000,2,496,457,0.9112903226,0.9212253829,0.9303428155,3964.90372,5767,7128,0.01312910284,0.306345733,,,,,,,
59,0,margin_rolling,339,18.72210693,score_margin,1000,2,328,297,0.9054878049,0.9023569024,0.9116161616,3132.468013,1171,7128,0.03367003367,0.2255892256,,,,,,,
59,0,margin_rolling,340,18.92822599,score_margin,1000,3,328,303,0.8963414634,0.897689769,0.9075907591,3591.669967,2060,7128,0.01650165017,0.303630363,,,,,,,
59,0,margin_rolling,341,18.65834999,score_margin,1000,3,576,519,0.8819444444,0.894026975,0.905973025,3638.537572,4235,7128,0.02312138728,0.2716763006,,,,,,,
59,0,margin_rolling,342,19.43259076,score_margin,1000,3,636,565,0.8962264151,0.8920353982,0.9073746313,3910.513274,5687,7128,0.01415929204,0.3327433628,,,,,,,
59,0,margin_rolling,343,20.53830671,score_margin,1000,2,642,567,0.8894080997,0.8906525573,0.9051146384,4552.511464,6968,7128,0.01587301587,0.3844797178,,,,,,,
59,0,margin_rolling,344,20.69060898,score_margin,1000,2,650,582,0.8938461538,0.8883161512,0.9034936999,4156.281787,6485.5,7128,0.01374570447,0.3470790378,,,,,,,
59,0,margin_rolling,345,21.38215232,score_margin,1000,2,586,501,0.9249146758,0.9161676647,0.9281437126,4333.712575,6889,7128,0.00998003992,0.4031936128,,,,,,,
59,0,margin_rolling,346,19.9884007,score_margin,1000,2,224,197,0.8794642857,0.8781725888,0.9010152284,2951.837563,1068,7128,0.01015228426,0.2385786802,,,,,,,
59,0,margin_rolling,347,19.42960584,score_margin,1000,3,306,277,0.931372549,0.9314079422,0.9392298436,3075.115523,750,7128,0.01083032491,0.2563176895,,,,,,,
59,0,margin_rolling,348,18.97921467,score_margin,1000,3,714,610,0.8865546218,0.8836065574,0.8978142077,3339.818033,1501.5,7128,0.0262295082,0.2672131148,,,,,,,
59,0,margin_rolling,349,19.21385384,score_margin,1000,2,600,545,0.845,0.8440366972,0.855351682,3268.484404,1338,7128,0.01100917431,0.271559633,,,,,,,
59,0,margin_rolling,350,21.69722724,score_margin,1000,2,656,560,0.8993902439,0.8928571429,0.9172916667,3669.333929,4134,7128,0.01428571429,0.2982142857,,,,,,,
59,0,margin_rolling,351,21.76467705,score_margin,1000,2,522,476,0.8850574713,0.8865546218,0.9072128852,3609.89916,3841,7128,0.02521008403,0.2920168067,,,,,,,
59,0,margin_rolling,352,22.1620034,score_margin,1000,2,462,415,0.9069264069,0.9084337349,0.9293172691,3974.448193,5946,7128,0.01686746988,0.2843373494,,,,,,,
59,0,margin_rolling,353,22.335706,score_margin,1000,3,242,226,0.8636363636,0.8628318584,0.8761061947,3656.216814,4142.5,7128,0.03097345133,0.3053097345,,,,,,,
59,0,margin_rolling,354,22.59696519,score_margin,1000,3,238,227,0.8907563025,0.8898678414,0.8979441997,4174.114537,6455,7128,0.008810572687,0.3436123348,,,,,,,
59,0,margin_rolling,355,23.53944206,score_margin,1000,4,578,506,0.901384083,0.9071146245,0.926242236,4566.444664,7065,7128,0.01383399209,0.4110671937,,,,,,,
59,0,margin_rolling,356,23.85264063,score_margin,1000,3,548,483,0.9215328467,0.9213250518,0.9289164941,4395.490683,6858,7128,0.01035196687,0.3892339545,,,,,,,
59,0,margin_rolling,357,22.8403616,score_margin,1000,2,406,363,0.9310344828,0.9338842975,0.9426078972,3750.322314,4510,7128,0.02479338843,0.2561983471,,,,,,,
59,0,margin_rolling,358,22.0409584,score_margin,1000,3,300,276,0.8833333333,0.8768115942,0.8973429952,3161.184783,969,7128,0.01449275362,0.2427536232,,,,,,,
59,0,margin_rolling,359,22.07195526,score_margin,1000,3,330,312,0.9545454545,0.9551282051,0.9599358974,4589.650641,7097.5,7128,0.009615384615,0.3974358974,,,,,,,
59,0,margin_rolling,360,20.2830869,score_margin,1000,3,228,214,0.899122807,0.9018691589,0.9088785047,3080.883178,840,7128,0.01401869159,0.2523364486,,,,,,,
59,0,margin_rolling,361,21.17475605,score_margin,1000,4,246,226,0.8861788618,0.8805309735,0.8871681416,2949.530973,708.5,7128,0.04424778761,0.2300884956,,,,,,,
59,0,margin_rolling,362,20.19353676,score_margin,1000,4,620,530,0.8612903226,0.8943396226,0.9116531896,2956.364151,727.5,7128,0.02641509434,0.2169811321,,,,,,,
59,0,margin_rolling,363,22.75927734,score_margin,1000,3,386,353,0.9196891192,0.9235127479,0.936496695,3586.314448,3870,7128,0.02266288952,0.2889518414,,,,,,,
59,0,margin_rolling,364,22.52404447,score_margin,1000,2,354,329,0.9039548023,0.8996960486,0.9098277609,3488.823708,2071,7128,0.03039513678,0.2674772036,,,,,,,
71,0,margin_rolling,292,15.62716246,score_margin,1000,3,730,658,0.9,0.9042553191,0.9155521783,3783.179331,4446,7128,0.006079027356,0.329787234,,,,,,,
71,0,margin_rolling,293,15.47556305,score_margin,1000,2,658,581,0.9224924012,0.9225473322,0.9383247275,4054.046472,6106,7128,0.01032702238,0.3201376936,,,,,,,
71,0,margin_rolling,294,15.46453606,score_margin,1000,2,618,538,0.8786407767,0.8698884758,0.8950123916,3793.650558,4955,7128,0.01486988848,0.3104089219,,,,,,,
71,0,margin_rolling,295,16.00429097,score_margin,1000,2,666,578,0.9114114114,0.9100346021,0.9320069204,4201.858131,6172.5,7128,0.005190311419,0.3114186851,,,,,,,
71,0,margin_rolling,296,16.00429097,score_margin,1000,2,516,466,0.8779069767,0.8733905579,0.8900572246,3946.158798,5618,7128,0.004291845494,0.3326180258,,,,,,,
71,0,margin_rolling,297,16.27889252,score_margin,1000,2,292,254,0.8732876712,0.8858267717,0.9014435696,3401.555118,1433.5,7128,0.01968503937,0.2716535433,,,,,,,
71,0,margin_rolling,298,17.60132217,score_margin,1000,3,252,224,0.9285714286,0.9330357143,0.943452381,4135.522321,6517.5,7128,0.004464285714,0.3303571429,,,,,,,
71,0,margin_rolling,299,16.80667257,score_margin,1000,3,702,615,0.9202279202,0.925203252,0.9402787456,4084.258537,6203,7128,0.00487804878,0.3056910569,,,,,,,
71,0,margin_rolling,300,15.59235883,score_margin,1000,3,664,573,0.8870481928,0.8813263525,0.9053713399,3854.710297,5549,7128,0.01570680628,0.2984293194,,,,,,,
71,0,margin_rolling,301,16.11832237,score_margin,1000,2,616,552,0.913961039,0.9112318841,0.9272041063,4254.625,6706,7128,0.007246376812,0.3297101449,,,,,,,
71,0,margin_rolling,302,15.72020163,score_margin,1000,2,570,490,0.8719298246,0.8673469388,0.8833624879,3490.826531,1930,7128,0.01632653061,0.2857142857,,,,,,,
71,0,margin_rolling,303,16.5525353,score_margin,1000,2,542,485,0.9095940959,0.9051546392,0.9096219931,3886.307216,5175,7128,0.01030927835,0.3257731959,,,,,,,
71,0,margin_rolling,304,15.99126709,score_margin,1000,2,328,281,0.862804878,0.8683274021,0.8926453144,3727.950178,4915,7128,0.01067615658,0.2526690391,,,,,,,
71,0,margin_rolling,305,16.62176704,score_margin,1000,3,328,295,0.9359756098,0.9322033898,0.9433898305,3641.60678,4200,7128,0.006779661017,0.2474576271,,,,,,,
71,0,margin_rolling,306,16.14123631,score_margin,1000,3,582,513,0.8883161512,0.9025341131,0.9167641326,3693.707602,4962,7128,0.009746588694,0.2943469786,,,,,,,
71,0,margin_rolling,307,16.18090594,score_margin,1000,3,588,510,0.8996598639,0.9019607843,0.9190196078,3901.758824,5549,7128,0.01176470588,0.3176470588,,,,,,,
71,0,margin_rolling,308,16.32189083,score_margin,1000,2,562,497,0.8790035587,0.8712273642,0.8948644246,3895.925553,6223,7128,0.01609657948,0.3501006036,,,,,,,
71,0,margin_rolling,309,16.59270382,score_margin,1000,2,626,535,0.8961661342,0.8971962617,0.9176635514,4088.57757,6323,7128,0.01495327103,0.3476635514,,,,,,,
71,0,margin_rolling,310,16.98172808,score_margin,1000,2,620,527,0.9193548387,0.9051233397,0.9344718533,3766.026565,4398,7128,0.01138519924,0.2827324478,,,,,,,
71,0,margin_rolling,311,16.51687622,score_margin,1000,2,438,366,0.901826484,0.8852459016,0.914845173,3149.989071,1004,7128,0.008196721311,0.218579235,,,,,,,
71,0,margin_rolling,312,16.10945988,score_margin,1000,2,460,368,0.8869565217,0.8777173913,0.9070652174,2808.76087,716,7128,0.01086956522,0.1983695652,,,,,,,
71,0,margin_rolling,313,16.64731503,score_margin,1000,3,794,641,0.9005037783,0.887675507,0.9177587103,3299.854914,1171,7128,0.01872074883,0.2511700468,,,,,,,
71,0,margin_rolling,314,16.81615067,score_margin,1000,2,678,585,0.8967551622,0.8888888889,0.9117908018,3478.687179,1901,7128,0.01025641026,0.2581196581,,,,,,,
71,0,margin_rolling,315,17.04178143,score_margin,1000,2,774,660,0.8863049096,0.8787878788,0.8993939394,3591.295455,3761.5,7128,0.01363636364,0.2454545455,,,,,,,
71,0,margin_rolling,316,17.83991051,score_margin,1000,2,758,622,0.9155672823,0.9083601286,0.9266345123,4213.702572,6292,7128,0.01125401929,0.2958199357,,,,,,,
71,0,margin_rolling,317,17.15323925,score_margin,1000,2,630,559,0.8793650794,0.8711985689,0.8949314252,3219.354204,1387,7128,0.01252236136,0.2146690519,,,,,,,
71,0,margin_rolling,318,18.17607307,score_margin,1000,2,342,308,0.918128655,0.9188311688,0.933982684,3419.337662,1439,7128,0.01298701299,0.2662337662,,,,,,,
71,0,margin_rolling,319,18.02282381,score_margin,1000,3,324,290,0.9382716049,0.9310344828,0.9396551724,3414.537931,1928,7128,0.01379310345,0.2517241379,,,,,,,
71,0,margin_rolling,320,17.53723145,score_margin,1000,3,736,646,0.8980978261,0.9024767802,0.9137254902,3862.69195,5429.5,7128,0.01393188854,0.3281733746,,,,,,,
71,0,margin_rolling,321,17.40272367,score_margin,1000,2,680,603,0.8926470588,0.8822553897,0.9002211166,3732.290216,4827,7128,0.01160862355,0.2819237148,,,,,,,
71,0,margin_rolling,322,18.12008715,score_margin,1000,2,668,595,0.9206586826,0.9243697479,0.9316526611,4056.114286,6132,7128,0.008403361345,0.3176470588,,,,,,,
71,0,margin_rolling,323,17.75425196,score_margin,1000,2,668,600,0.9071856287,0.905,0.9208333333,3857.905,4957.5,7128,0.008333333333,0.2733333333,,,,,,,
71,0,margin_rolling,324,17.66950357,score_margin,1000,2,796,650,0.8907035176,0.8892307692,0.9163333333,3736.08,4668.5,7128,0.01230769231,0.2876923077,,,,,,,
71,0,margin_rolling,325,17.92210668,score_margin,1000,2,398,360,0.8944723618,0.8888888889,0.9027777778,3563.366667,3465.5,7128,0.03055555556,0.2972222222,,,,,,,
71,0,margin_rolling,326,17.7387805,score_margin,1000,2,422,348,0.8862559242,0.867816092,0.8891283525,2958.33046,652,7128,0.01149425287,0.2270114943,,,,,,,
71,0,margin_rolling,327,18.74226904,score_margin,1000,3,738,621,0.8956639566,0.9001610306,0.9252549651,3920.681159,5516,7128,0.01610305958,0.3301127214,,,,,,,
71,0,margin_rolling,328,19.15486431,score_margin,1000,2,600,526,0.9233333333,0.9239543726,0.9368187579,4149.65019,6462,7128,0.007604562738,0.3346007605,,,,,,,
71,0,margin_rolling,329,18.52877569,score_margin,1000,2,684,599,0.9137426901,0.9098497496,0.9264885921,3924.36227,5336,7128,0.01168614357,0.3171953255,,,,,,,
71,0,margin_rolling,330,18.01135111,score_margin,1000,2,640,580,0.921875,0.924137931,0.9343390805,3736.213793,4722.5,7128,0.01379310345,0.2827586207,,,,,,,
71,0,margin_rolling,331,17.18659061,score_margin,1000,2,506,474,0.8913043478,0.8924050633,0.8976793249,3496.78692,1926.5,7128,0.01265822785,0.2447257384,,,,,,,
71,0,margin_rolling,332,17.11232996,score_margin,1000,2,318,300,0.8836477987,0.88,0.8838888889,3152.81,1047.5,7128,0.02333333333,0.2533333333,,,,,,,
71,0,margin_rolling,333,17.6307621,score_margin,1000,3,342,312,0.8771929825,0.8782051282,0.889957265,3368.644231,1656,7128,0.01602564103,0.2884615385,,,,,,,
71,0,margin_rolling,334,18.14641809,score_margin,1000,3,700,633,0.9171428571,0.9194312796,0.929331227,3658.292259,4282,7128,0.01421800948,0.2622432859,,,,,,,
71,0,margin_rolling,335,17.82217789,score_margin,1000,2,656,587,0.8902439024,0.8858603066,0.9013060761,3420.521295,1635,7128,0.0136286201,0.2776831346,,,,,,,
71,0,margin_rolling,336,18.34403801,score_margin,1000,2,632,551,0.8844936709,0.8820326679,0.8984271022,3751.678766,4618,7128,0.01814882033,0.2940108893,,,,,,,
71,0,margin_rolling,337,19.01668316,score_margin,1000,2,552,492,0.9094202899,0.912601626,0.9247289973,3774.150407,4494.5,7128,0.006097560976,0.2703252033,,,,,,,
71,0,margin_rolling,338,19.14455223,score_margin,1000,2,496,457,0.8931451613,0.9080962801,0.9140773158,3903.129103,5189,7128,0.006564551422,0.2932166302,,,,,,,
71,0,margin_rolling,339,18.89802003,score_margin,1000,2,328,297,0.887195122,0.8821548822,0.8942199776,3371.37037,1861,7128,0.0303030303,0.2053872054,,,,,,,
71,0,margin_rolling,340,19.75276096,score_margin,1000,3,328,303,0.9176829268,0.9174917492,0.9262926293,3800.679868,4443,7128,0.009900990099,0.3201320132,,,,,,,
71,0,margin_rolling,341,19.36190224,score_margin,1000,3,576,519,0.9184027778,0.9229287091,0.9348747592,3796.077071,5324,7128,0.01541425819,0.289017341,,,,,,,
71,0,margin_rolling,342,18.60012603,score_margin,1000,3,636,565,0.8962264151,0.8938053097,0.9088495575,3618.031858,3889,7128,0.01946902655,0.3079646018,,,,,,,
71,0,margin_rolling,343,18.81039429,score_margin,1000,2,642,567,0.8816199377,0.8835978836,0.8962962963,4061.186949,5836,7128,0.01234567901,0.2998236332,,,,,,,
71,0,margin_rolling,344,20.34249592,score_margin,1000,2,650,582,0.8830769231,0.8745704467,0.8913230241,4043.682131,6365.5,7128,0.01030927835,0.3350515464,,,,,,,
71,0,margin_rolling,345,21.09439564,score_margin,1000,2,586,501,0.9215017065,0.9121756487,0.9231536926,4294.662675,6861,7128,0.005988023952,0.3932135729,,,,,,,
71,0,margin_rolling,346,20.09538245,score_margin,1000,2,224,197,0.9107142857,0.9187817259,0.9289340102,3133.324873,888,7128,0.005076142132,0.2335025381,,,,,,,
71,0,margin_rolling,347,19.46676224,score_margin,1000,3,306,277,0.8986928105,0.9061371841,0.9145607702,3014.844765,657,7128,0.01444043321,0.2563176895,,,,,,,
71,0,margin_rolling,348,19.44505072,score_margin,1000,3,714,610,0.8837535014,0.8836065574,0.8968579235,3583.016393,3611.5,7128,0.01803278689,0.2967213115,,,,,,,
71,0,margin_rolling,349,20.03096533,score_margin,1000,2,600,545,0.86,0.8587155963,0.8740061162,3596.937615,3858,7128,0.001834862385,0.2990825688,,,,,,,
71,0,margin_rolling,350,21.29735351,score_margin,1000,2,656,560,0.8963414634,0.8875,0.9095535714,3564.139286,2158,7128,0.007142857143,0.2910714286,,,,,,,
71,0,margin_rolling,351,21.78827095,score_margin,1000,2,522,476,0.8888888889,0.8886554622,0.9044117647,3694.991597,4605,7128,0.01260504202,0.2857142857,,,,,,,
71,0,margin_rolling,352,22.00234985,score_margin,1000,2,462,415,0.9134199134,0.913253012,0.9291164659,3931.73494,5802,7128,0.009638554217,0.2891566265,,,,,,,
71,0,margin_rolling,353,21.91180825,score_margin,1000,3,242,226,0.8801652893,0.8805309735,0.8938053097,3649.986726,4265.5,7128,0.02212389381,0.2699115044,,,,,,,
71,0,margin_rolling,354,21.95915508,score_margin,1000,3,238,227,0.9075630252,0.9074889868,0.9155653451,4002.577093,5504,7128,0.004405286344,0.3039647577,,,,,,,
71,0,margin_rolling,355,22.28039646,score_margin,1000,4,578,506,0.8892733564,0.895256917,0.9154667796,4293.660079,6772.5,7128,0.009881422925,0.3695652174,,,,,,,
71,0,margin_rolling,356,23.34067631,score_margin,1000,3,548,483,0.9087591241,0.9047619048,0.9133885438,4214.89441,6875,7128,0.008281573499,0.3664596273,,,,,,,
71,0,margin_rolling,357,22.65844393,score_margin,1000,2,406,363,0.9162561576,0.91184573,0.9276859504,3714.881543,4804,7128,0.01101928375,0.2424242424,,,,,,,
71,0,margin_rolling,358,22.42933559,score_margin,1000,3,300,276,0.8933333333,0.884057971,0.9018719807,3298.445652,1076,7128,0.01086956522,0.25,,,,,,,
71,0,margin_rolling,359,22.11205742,score_margin,1000,3,330,312,0.9515151515,0.9487179487,0.9594017094,4510.660256,7091.5,7128,0.003205128205,0.3942307692,,,,,,,
71,0,margin_rolling,360,19.74722052,score_margin,1000,3,228,214,0.8728070175,0.8691588785,0.8823987539,2909.957944,409,7128,0.02803738318,0.2196261682,,,,,,,
71,0,margin_rolling,361,20.83745956,score_margin,1000,4,246,226,0.8739837398,0.8716814159,0.8761061947,2909.871681,584,7128,0.05309734513,0.2123893805,,,,,,,
71,0,margin_rolling,362,19.94706297,score_margin,1000,4,620,530,0.8709677419,0.8905660377,0.9094281486,2991.958491,790,7128,0.01886792453,0.2188679245,,,,,,,
71,0,margin_rolling,363,22.04483032,score_margin,1000,3,386,353,0.9196891192,0.9235127479,0.936496695,3352.008499,1593,7128,0.02549575071,0.2776203966,,,,,,,
71,0,margin_rolling,364,21.85021591,score_margin,1000,2,354,329,0.8983050847,0.8936170213,0.9012158055,3265.541033,1587,7128,0.03039513678,0.2401215805,,,,,,,
17,0,rank_rolling,292,2598,rank,1000,3,730,658,0.8602739726,0.8571428571,0.8624620061,2598,2598,2598,0,0,,,,,,,
17,0,rank_rolling,293,3067,rank,1000,2,658,581,0.8556231003,0.8416523236,0.8505450373,3067,3067,3067,0,0,,,,,,,
17,0,rank_rolling,294,3871,rank,1000,2,618,538,0.8737864078,0.8568773234,0.8615241636,3871,3871,3871,0,0,,,,,,,
17,0,rank_rolling,295,4432,rank,1000,2,666,578,0.9249249249,0.9134948097,0.9152249135,4432,4432,4432,0,0,,,,,,,
17,0,rank_rolling,296,3508,rank,1000,2,516,466,0.9205426357,0.9120171674,0.9141630901,3508,3508,3508,0,0,,,,,,,
17,0,rank_rolling,297,3104,rank,1000,2,292,254,0.8835616438,0.8700787402,0.8772965879,3104,3104,3104,0,0,,,,,,,
17,0,rank_rolling,298,3330,rank,1000,3,252,224,0.8611111111,0.84375,0.8504464286,3330,3330,3330,0,0,,,,,,,
17,0,rank_rolling,299,3583,rank,1000,3,702,615,0.9387464387,0.9300813008,0.9300813008,3583,3583,3583,0,0,,,,,,,
17,0,rank_rolling,300,2770,rank,1000,3,664,573,0.8674698795,0.84991274,0.8589296102,2770,2770,2770,0,0,,,,,,,
17,0,rank_rolling,301,3242,rank,1000,2,616,552,0.8522727273,0.8405797101,0.8528985507,3242,3242,3242,0,0,,,,,,,
17,0,rank_rolling,302,4835,rank,1000,2,570,490,0.9245614035,0.9163265306,0.9214285714,4835,4835,4835,0,0,,,,,,,
17,0,rank_rolling,303,4369,rank,1000,2,542,485,0.8856088561,0.8721649485,0.881443299,4369,4369,4369,0,0,,,,,,,
17,0,rank_rolling,304,4637,rank,1000,2,328,281,0.9329268293,0.9359430605,0.9359430605,4637,4637,4637,0,0,,,,,,,
17,0,rank_rolling,305,4151,rank,1000,3,328,295,0.9298780488,0.9220338983,0.9237288136,4151,4151,4151,0,0,,,,,,,
17,0,rank_rolling,306,3759,rank,1000,3,582,513,0.9192439863,0.9083820663,0.912605588,3759,3759,3759,0,0,,,,,,,
17,0,rank_rolling,307,2869,rank,1000,3,588,510,0.8452380952,0.8215686275,0.8277124183,2869,2869,2869,0,0,,,,,,,
17,0,rank_rolling,308,4041,rank,1000,2,562,497,0.8790035587,0.8672032193,0.8712273642,4041,4041,4041,0,0,,,,,,,
17,0,rank_rolling,309,4560,rank,1000,2,626,535,0.9057507987,0.8953271028,0.8981308411,4560,4560,4560,0,0,,,,,,,
17,0,rank_rolling,310,4406,rank,1000,2,620,527,0.9516129032,0.944971537,0.944971537,4406,4406,4406,0,0,,,,,,,
17,0,rank_rolling,311,2983,rank,1000,2,438,366,0.897260274,0.8797814208,0.8829690346,2983,2983,2983,0,0,,,,,,,
17,0,rank_rolling,312,2172,rank,1000,2,460,368,0.9065217391,0.8858695652,0.8951992754,2172,2172,2172,0,0,,,,,,,
17,0,rank_rolling,313,2531,rank,1000,3,794,641,0.8904282116,0.864274571,0.8702028081,2531,2531,2531,0,0,,,,,,,
17,0,rank_rolling,314,2730,rank,1000,2,678,585,0.9041297935,0.8888888889,0.8982905983,2730,2730,2730,0,0,,,,,,,
17,0,rank_rolling,315,2729,rank,1000,2,774,660,0.9018087855,0.8893939394,0.8996464646,2729,2729,2729,0,0,,,,,,,
17,0,rank_rolling,316,2729,rank,1000,2,758,622,0.8970976253,0.8745980707,0.8770096463,2729,2729,2729,0,0,,,,,,,
17,0,rank_rolling,317,2893,rank,1000,2,630,559,0.8857142857,0.8711985689,0.8810673822,2893,2893,2893,0,0,,,,,,,
17,0,rank_rolling,318,3490,rank,1000,2,342,308,0.9005847953,0.8896103896,0.8933982684,3490,3490,3490,0,0,,,,,,,
17,0,rank_rolling,319,3677,rank,1000,3,324,290,0.9290123457,0.9206896552,0.9206896552,3677,3677,3677,0,0,,,,,,,
17,0,rank_rolling,320,3354,rank,1000,3,736,646,0.8980978261,0.8854489164,0.8902992776,3354,3354,3354,0,0,,,,,,,
17,0,rank_rolling,321,3085,rank,1000,2,680,603,0.8970588235,0.8839137645,0.8880597015,3085,3085,3085,0,0,,,,,,,
17,0,rank_rolling,322,3169,rank,1000,2,668,595,0.878742515,0.8672268908,0.8680672269,3169,3169,3169,0,0,,,,,,,
17,0,rank_rolling,323,3585,rank,1000,2,668,600,0.8997005988,0.8916666667,0.8941666667,3585,3585,3585,0,0,,,,,,,
17,0,rank_rolling,324,3809,rank,1000,2,796,650,0.9283919598,0.9123076923,0.9207692308,3809,3809,3809,0,0,,,,,,,
17,0,rank_rolling,325,2884,rank,1000,2,398,360,0.8718592965,0.8583333333,0.8638888889,2884,2884,2884,0,0,,,,,,,
17,0,rank_rolling,326,3227,rank,1000,2,422,348,0.9549763033,0.9482758621,0.9511494253,3227,3227,3227,0,0,,,,,,,
17,0,rank_rolling,327,2415,rank,1000,3,738,621,0.8848238482,0.8663446055,0.8735373054,2415,2415,2415,0,0,,,,,,,
17,0,rank_rolling,328,2331,rank,1000,2,600,526,0.905,0.891634981,0.8963878327,2331,2331,2331,0,0,,,,,,,
17,0,rank_rolling,329,2666,rank,1000,2,684,599,0.8713450292,0.858096828,0.8695047301,2666,2666,2666,0,0,,,,,,,
17,0,rank_rolling,330,3437,rank,1000,2,640,580,0.9015625,0.8913793103,0.8922413793,3437,3437,3437,0,0,,,,,,,
17,0,rank_rolling,331,3474,rank,1000,2,506,474,0.9011857708,0.8945147679,0.8955696203,3474,3474,3474,0,0,,,,,,,
17,0,rank_rolling,332,3422,rank,1000,2,318,300,0.9339622642,0.93,0.93,3422,3422,3422,0,0,,,,,,,
17,0,rank_rolling,333,3112,rank,1000,3,342,312,0.9005847953,0.891025641,0.8947649573,3112,3112,3112,0,0,,,,,,,
17,0,rank_rolling,334,3014,rank,1000,3,700,633,0.8942857143,0.8909952607,0.8909952607,3014,3014,3014,0,0,,,,,,,
17,0,rank_rolling,335,3222,rank,1000,2,656,587,0.8719512195,0.8620102215,0.8733674049,3222,3222,3222,0,0,,,,,,,
17,0,rank_rolling,336,3801,rank,1000,2,632,551,0.9003164557,0.889292196,0.891107078,3801,3801,3801,0,0,,,,,,,
17,0,rank_rolling,337,3861,rank,1000,2,552,492,0.9076086957,0.8963414634,0.9007452575,3861,3861,3861,0,0,,,,,,,
17,0,rank_rolling,338,3736,rank,1000,2,496,457,0.8911290323,0.8818380744,0.8829321663,3736,3736,3736,0,0,,,,,,,
17,0,rank_rolling,339,3745,rank,1000,2,328,297,0.8963414634,0.8956228956,0.9029180696,3745,3745,3745,0,0,,,,,,,
17,0,rank_rolling,340,3745,rank,1000,3,328,303,0.9420731707,0.9372937294,0.9389438944,3745,3745,3745,0,0,,,,,,,
17,0,rank_rolling,341,3432,rank,1000,3,576,519,0.8993055556,0.8882466281,0.8946050096,3432,3432,3432,0,0,,,,,,,
17,0,rank_rolling,342,3196,rank,1000,3,636,565,0.8899371069,0.8761061947,0.8840707965,3196,3196,3196,0,0,,,,,,,
17,0,rank_rolling,343,3802,rank,1000,2,642,567,0.8940809969,0.8800705467,0.8852145797,3802,3802,3802,0,0,,,,,,,
17,0,rank_rolling,344,3906,rank,1000,2,650,582,0.9107692308,0.9003436426,0.9066437572,3906,3906,3906,0,0,,,,,,,
17,0,rank_rolling,345,3688,rank,1000,2,586,501,0.8993174061,0.8822355289,0.8872255489,3688,3688,3688,0,0,,,,,,,
17,0,rank_rolling,346,3723,rank,1000,2,224,197,0.9598214286,0.9543147208,0.9543147208,3723,3723,3723,0,0,,,,,,,
17,0,rank_rolling,347,3184,rank,1000,3,306,277,0.908496732,0.8989169675,0.9013237064,3184,3184,3184,0,0,,,,,,,
17,0,rank_rolling,348,3175,rank,1000,3,714,610,0.8921568627,0.8737704918,0.8762295082,3175,3175,3175,0,0,,,,,,,
17,0,rank_rolling,349,3542,rank,1000,2,600,545,0.9183333333,0.9100917431,0.9128440367,3542,3542,3542,0,0,,,,,,,
17,0,rank_rolling,350,3215,rank,1000,2,656,560,0.9100609756,0.8982142857,0.9026785714,3215,3215,3215,0,0,,,,,,,
17,0,rank_rolling,351,3021,rank,1000,2,522,476,0.8544061303,0.8403361345,0.843837535,3021,3021,3021,0,0,,,,,,,
17,0,rank_rolling,352,3916,rank,1000,2,462,415,0.9307359307,0.9301204819,0.9325301205,3916,3916,3916,0,0,,,,,,,
17,0,rank_rolling,353,3770,rank,1000,3,242,226,0.9173553719,0.9115044248,0.9137168142,3770,3770,3770,0,0,,,,,,,
17,0,rank_rolling,354,3341,rank,1000,3,238,227,0.8949579832,0.8898678414,0.8898678414,3341,3341,3341,0,0,,,,,,,
17,0,rank_rolling,355,3047,rank,1000,4,578,506,0.839100346,0.8260869565,0.8395209863,3047,3047,3047,0,0,,,,,,,
17,0,rank_rolling,356,4695,rank,1000,3,548,483,0.9142335766,0.9068322981,0.9130434783,4695,4695,4695,0,0,,,,,,,
17,0,rank_rolling,357,4775,rank,1000,2,406,363,0.9482758621,0.9504132231,0.9517906336,4775,4775,4775,0,0,,,,,,,
17,0,rank_rolling,358,3568,rank,1000,3,300,276,0.93,0.9239130435,0.9239130435,3568,3568,3568,0,0,,,,,,,
17,0,rank_rolling,359,3179,rank,1000,3,330,312,0.9363636364,0.9326923077,0.9342948718,3179,3179,3179,0,0,,,,,,,
17,0,rank_rolling,360,2624,rank,1000,3,228,214,0.9561403509,0.953271028,0.9556074766,2624,2624,2624,0,0,,,,,,,
17,0,rank_rolling,361,2115,rank,1000,4,246,226,0.8902439024,0.8805309735,0.8849557522,2115,2115,2115,0,0,,,,,,,
17,0,rank_rolling,362,1811,rank,1000,4,620,530,0.8806451613,0.8622641509,0.870754717,1811,1811,1811,0,0,,,,,,,
17,0,rank_rolling,363,2221,rank,1000,3,386,353,0.8626943005,0.8555240793,0.8593012276,2221,2221,2221,0,0,,,,,,,
17,0,rank_rolling,364,2915,rank,1000,2,354,329,0.9124293785,0.905775076,0.9072948328,2915,2915,2915,0,0,,,,,,,
29,0,rank_rolling,292,2563,rank,1000,3,730,658,0.8575342466,0.8571428571,0.8596757852,2563,2563,2563,0,0,,,,,,,
29,0,rank_rolling,293,3283,rank,1000,2,658,581,0.8434650456,0.8296041308,0.8387837063,3283,3283,3283,0,0,,,,,,,
29,0,rank_rolling,294,4226,rank,1000,2,618,538,0.8883495146,0.873605948,0.876394052,4226,4226,4226,0,0,,,,,,,
29,0,rank_rolling,295,4960,rank,1000,2,666,578,0.9279279279,0.9169550173,0.9201268743,4960,4960,4960,0,0,,,,,,,
29,0,rank_rolling,296,3247,rank,1000,2,516,466,0.9089147287,0.8991416309,0.9034334764,3247,3247,3247,0,0,,,,,,,
29,0,rank_rolling,297,3061,rank,1000,2,292,254,0.8664383562,0.8503937008,0.8615485564,3061,3061,3061,0,0,,,,,,,
29,0,rank_rolling,298,3278,rank,1000,3,252,224,0.8531746032,0.8348214286,0.8415178571,3278,3278,3278,0,0,,,,,,,
29,0,rank_rolling,299,3814,rank,1000,3,702,615,0.9387464387,0.9300813008,0.9330623306,3814,3814,3814,0,0,,,,,,,
29,0,rank_rolling,300,3269,rank,1000,3,664,573,0.8810240964,0.8656195462,0.8743455497,3269,3269,3269,0,0,,,,,,,
29,0,rank_rolling,301,3415,rank,1000,2,616,552,0.8636363636,0.8496376812,0.861352657,3415,3415,3415,0,0,,,,,,,
29,0,rank_rolling,302,4396,rank,1000,2,570,490,0.9157894737,0.9102040816,0.912244898,4396,4396,4396,0,0,,,,,,,
29,0,rank_rolling,303,4263,rank,1000,2,542,485,0.8966789668,0.8886597938,0.8896907216,4263,4263,4263,0,0,,,,,,,
29,0,rank_rolling,304,4149,rank,1000,2,328,281,0.9146341463,0.9145907473,0.9145907473,4149,4149,4149,0,0,,,,,,,
29,0,rank_rolling,305,3827,rank,1000,3,328,295,0.9420731707,0.9355932203,0.9355932203,3827,3827,3827,0,0,,,,,,,
29,0,rank_rolling,306,3530,rank,1000,3,582,513,0.912371134,0.9005847953,0.9028589994,3530,3530,3530,0,0,,,,,,,
29,0,rank_rolling,307,2889,rank,1000,3,588,510,0.8639455782,0.8431372549,0.8512418301,2889,2889,2889,0,0,,,,,,,
29,0,rank_rolling,308,3517,rank,1000,2,562,497,0.8683274021,0.8551307847,0.8607645875,3517,3517,3517,0,0,,,,,,,
29,0,rank_rolling,309,4223,rank,1000,2,626,535,0.910543131,0.8990654206,0.9028037383,4223,4223,4223,0,0,,,,,,,
29,0,rank_rolling,310,3894,rank,1000,2,620,527,0.9403225806,0.9297912713,0.9335863378,3894,3894,3894,0,0,,,,,,,
29,0,rank_rolling,311,3045,rank,1000,2,438,366,0.9132420091,0.8989071038,0.900273224,3045,3045,3045,0,0,,,,,,,
29,0,rank_rolling,312,2438,rank,1000,2,460,368,0.9195652174,0.8994565217,0.9110507246,2438,2438,2438,0,0,,,,,,,
29,0,rank_rolling,313,1829,rank,1000,3,794,641,0.8916876574,0.8673946958,0.8736349454,1829,1829,1829,0,0,,,,,,,
29,0,rank_rolling,314,2661,rank,1000,2,678,585,0.9100294985,0.8974358974,0.9034188034,2661,2661,2661,0,0,,,,,,,
29,0,rank_rolling,315,2477,rank,1000,2,774,660,0.9043927649,0.8924242424,0.901010101,2477,2477,2477,0,0,,,,,,,
29,0,rank_rolling,316,2477,rank,1000,2,758,622,0.8812664908,0.8553054662,0.8577170418,2477,2477,2477,0,0,,,,,,,
29,0,rank_rolling,317,3088,rank,1000,2,630,559,0.8904761905,0.8765652952,0.8855396541,3088,3088,3088,0,0,,,,,,,
29,0,rank_rolling,318,3718,rank,1000,2,342,308,0.932748538,0.9253246753,0.9269480519,3718,3718,3718,0,0,,,,,,,
29,0,rank_rolling,319,3106,rank,1000,3,324,290,0.9351851852,0.9275862069,0.9275862069,3106,3106,3106,0,0,,,,,,,
29,0,rank_rolling,320,2567,rank,1000,3,736,646,0.8777173913,0.8653250774,0.8681630547,2567,2567,2567,0,0,,,,,,,
29,0,rank_rolling,321,3248,rank,1000,2,680,603,0.8955882353,0.8822553897,0.8880597015,3248,3248,3248,0,0,,,,,,,
29,0,rank_rolling,322,3579,rank,1000,2,668,595,0.8922155689,0.8806722689,0.8820728291,3579,3579,3579,0,0,,,,,,,
29,0,rank_rolling,323,3639,rank,1000,2,668,600,0.9071856287,0.8983333333,0.9016666667,3639,3639,3639,0,0,,,,,,,
29,0,rank_rolling,324,3605,rank,1000,2,796,650,0.9296482412,0.9138461538,0.9228205128,3605,3605,3605,0,0,,,,,,,
29,0,rank_rolling,325,2799,rank,1000,2,398,360,0.8567839196,0.8416666667,0.8472222222,2799,2799,2799,0,0,,,,,,,
29,0,rank_rolling,326,3119,rank,1000,2,422,348,0.9549763033,0.9482758621,0.9497126437,3119,3119,3119,0,0,,,,,,,
29,0,rank_rolling,327,2530,rank,1000,3,738,621,0.9105691057,0.8953301127,0.9030595813,2530,2530,2530,0,0,,,,,,,
29,0,rank_rolling,328,1642,rank,1000,2,600,526,0.89,0.8745247148,0.8808618504,1642,1642,1642,0,0,,,,,,,
29,0,rank_rolling,329,1956,rank,1000,2,684,599,0.8611111111,0.8464106845,0.8585976628,1956,1956,1956,0,0,,,,,,,
29,0,rank_rolling,330,3082,rank,1000,2,640,580,0.903125,0.8931034483,0.8956896552,3082,3082,3082,0,0,,,,,,,
29,0,rank_rolling,331,3156,rank,1000,2,506,474,0.9130434783,0.9071729958,0.9082278481,3156,3156,3156,0,0,,,,,,,
29,0,rank_rolling,332,2734,rank,1000,2,318,300,0.9182389937,0.9133333333,0.9133333333,2734,2734,2734,0,0,,,,,,,
29,0,rank_rolling,333,2468,rank,1000,3,342,312,0.8742690058,0.8621794872,0.8675213675,2468,2468,2468,0,0,,,,,,,
29,0,rank_rolling,334,2654,rank,1000,3,700,633,0.8728571429,0.8672985782,0.8701948394,2654,2654,2654,0,0,,,,,,,
29,0,rank_rolling,335,3694,rank,1000,2,656,587,0.8978658537,0.8892674617,0.8989210676,3694,3694,3694,0,0,,,,,,,
29,0,rank_rolling,336,3694,rank,1000,2,632,551,0.8734177215,0.8584392015,0.8650937689,3694,3694,3694,0,0,,,,,,,
29,0,rank_rolling,337,4154,rank,1000,2,552,492,0.9057971014,0.8943089431,0.8943089431,4154,4154,4154,0,0,,,,,,,
29,0,rank_rolling,338,4194,rank,1000,2,496,457,0.8891129032,0.8818380744,0.8829321663,4194,4194,4194,0,0,,,,,,,
29,0,rank_rolling,339,4232,rank,1000,2,328,297,0.8932926829,0.8922558923,0.8939393939,4232,4232,4232,0,0,,,,,,,
29,0,rank_rolling,340,4262,rank,1000,3,328,303,0.9420731707,0.9372937294,0.9372937294,4262,4262,4262,0,0,,,,,,,
29,0,rank_rolling,341,3791,rank,1000,3,576,519,0.9114583333,0.901734104,0.9036608863,3791,3791,3791,0,0,,,,,,,
29,0,rank_rolling,342,3005,rank,1000,3,636,565,0.8977987421,0.8849557522,0.887020649,3005,3005,3005,0,0,,,,,,,
29,0,rank_rolling,343,3385,rank,1000,2,642,567,0.8707165109,0.8589065256,0.863462669,3385,3385,3385,0,0,,,,,,,
29,0,rank_rolling,344,4170,rank,1000,2,650,582,0.9230769231,0.9158075601,0.9196735395,4170,4170,4170,0,0,,,,,,,
29,0,rank_rolling,345,3780,rank,1000,2,586,501,0.9129692833,0.8982035928,0.9031936128,3780,3780,3780,0,0,,,,,,,
29,0,rank_rolling,346,3325,rank,1000,2,224,197,0.9285714286,0.9187817259,0.923857868,3325,3325,3325,0,0,,,,,,,
29,0,rank_rolling,347,3204,rank,1000,3,306,277,0.9019607843,0.8916967509,0.8941034898,3204,3204,3204,0,0,,,,,,,
29,0,rank_rolling,348,3319,rank,1000,3,714,610,0.9103641457,0.8950819672,0.8972677596,3319,3319,3319,0,0,,,,,,,
29,0,rank_rolling,349,2921,rank,1000,2,600,545,0.8883333333,0.8770642202,0.8840978593,2921,2921,2921,0,0,,,,,,,
29,0,rank_rolling,350,3253,rank,1000,2,656,560,0.9100609756,0.9,0.9017857143,3253,3253,3253,0,0,,,,,,,
29,0,rank_rolling,351,3167,rank,1000,2,522,476,0.8697318008,0.8571428571,0.8571428571,3167,3167,3167,0,0,,,,,,,
29,0,rank_rolling,352,3565,rank,1000,2,462,415,0.9242424242,0.9204819277,0.921686747,3565,3565,3565,0,0,,,,,,,
29,0,rank_rolling,353,3434,rank,1000,3,242,226,0.9132231405,0.907079646,0.9092920354,3434,3434,3434,0,0,,,,,,,
29,0,rank_rolling,354,3255,rank,1000,3,238,227,0.8949579832,0.8898678414,0.8898678414,3255,3255,3255,0,0,,,,,,,
29,0,rank_rolling,355,3127,rank,1000,4,578,506,0.8425605536,0.8339920949,0.8443911161,3127,3127,3127,0,0,,,,,,,
29,0,rank_rolling,356,4249,rank,1000,3,548,483,0.897810219,0.8964803313,0.8985507246,4249,4249,4249,0,0,,,,,,,
29,0,rank_rolling,357,4430,rank,1000,2,406,363,0.9310344828,0.9311294766,0.9325068871,4430,4430,4430,0,0,,,,,,,
29,0,rank_rolling,358,4037,rank,1000,3,300,276,0.92,0.9130434783,0.9130434783,4037,4037,4037,0,0,,,,,,,
29,0,rank_rolling,359,3469,rank,1000,3,330,312,0.9515151515,0.9487179487,0.9487179487,3469,3469,3469,0,0,,,,,,,
29,0,rank_rolling,360,2532,rank,1000,3,228,214,0.9166666667,0.9112149533,0.9135514019,2532,2532,2532,0,0,,,,,,,
29,0,rank_rolling,361,2422,rank,1000,4,246,226,0.9105691057,0.9026548673,0.9048672566,2422,2422,2422,0,0,,,,,,,
29,0,rank_rolling,362,2303,rank,1000,4,620,530,0.8838709677,0.8660377358,0.8716981132,2303,2303,2303,0,0,,,,,,,
29,0,rank_rolling,363,2476,rank,1000,3,386,353,0.878238342,0.8725212465,0.8734655335,2476,2476,2476,0,0,,,,,,,
29,0,rank_rolling,364,2720,rank,1000,2,354,329,0.9039548023,0.896656535,0.8996960486,2720,2720,2720,0,0,,,,,,,
43,0,rank_rolling,292,3112,rank,1000,3,730,658,0.8479452055,0.8434650456,0.8503039514,3112,3112,3112,0,0,,,,,,,
43,0,rank_rolling,293,3932,rank,1000,2,658,581,0.8814589666,0.8709122203,0.8815261044,3932,3932,3932,0,0,,,,,,,
43,0,rank_rolling,294,4448,rank,1000,2,618,538,0.9061488673,0.8921933086,0.9024163569,4448,4448,4448,0,0,,,,,,,
43,0,rank_rolling,295,4358,rank,1000,2,666,578,0.9189189189,0.9100346021,0.910899654,4358,4358,4358,0,0,,,,,,,
43,0,rank_rolling,296,3838,rank,1000,2,516,466,0.9224806202,0.9141630901,0.9163090129,3838,3838,3838,0,0,,,,,,,
43,0,rank_rolling,297,3749,rank,1000,2,292,254,0.904109589,0.8937007874,0.8989501312,3749,3749,3749,0,0,,,,,,,
43,0,rank_rolling,298,3670,rank,1000,3,252,224,0.8531746032,0.8392857143,0.8478422619,3670,3670,3670,0,0,,,,,,,
43,0,rank_rolling,299,3768,rank,1000,3,702,615,0.9131054131,0.9008130081,0.9032520325,3768,3768,3768,0,0,,,,,,,
43,0,rank_rolling,300,3699,rank,1000,3,664,573,0.8659638554,0.8481675393,0.8603839442,3699,3699,3699,0,0,,,,,,,
43,0,rank_rolling,301,4030,rank,1000,2,616,552,0.862012987,0.8532608696,0.8640700483,4030,4030,4030,0,0,,,,,,,
43,0,rank_rolling,302,5122,rank,1000,2,570,490,0.9105263158,0.9020408163,0.9071428571,5122,5122,5122,0,0,,,,,,,
43,0,rank_rolling,303,5039,rank,1000,2,542,485,0.9317343173,0.9257731959,0.9278350515,5039,5039,5039,0,0,,,,,,,
43,0,rank_rolling,304,4488,rank,1000,2,328,281,0.9237804878,0.9252669039,0.9279359431,4488,4488,4488,0,0,,,,,,,
43,0,rank_rolling,305,4193,rank,1000,3,328,295,0.9420731707,0.9355932203,0.9355932203,4193,4193,4193,0,0,,,,,,,
43,0,rank_rolling,306,3627,rank,1000,3,582,513,0.910652921,0.9025341131,0.9054580897,3627,3627,3627,0,0,,,,,,,
43,0,rank_rolling,307,3043,rank,1000,3,588,510,0.8673469388,0.8470588235,0.8541830065,3043,3043,3043,0,0,,,,,,,
43,0,rank_rolling,308,3631,rank,1000,2,562,497,0.8736654804,0.8571428571,0.8666283415,3631,3631,3631,0,0,,,,,,,
43,0,rank_rolling,309,4682,rank,1000,2,626,535,0.9041533546,0.8897196262,0.8971962617,4682,4682,4682,0,0,,,,,,,
43,0,rank_rolling,310,4479,rank,1000,2,620,527,0.9209677419,0.9108159393,0.9155597723,4479,4479,4479,0,0,,,,,,,
43,0,rank_rolling,311,4079,rank,1000,2,438,366,0.9269406393,0.9153005464,0.9239526412,4079,4079,4079,0,0,,,,,,,
43,0,rank_rolling,312,3343,rank,1000,2,460,368,0.897826087,0.875,0.8867753623,3343,3343,3343,0,0,,,,,,,
43,0,rank_rolling,313,3261,rank,1000,3,794,641,0.9017632242,0.8814352574,0.8878315133,3261,3261,3261,0,0,,,,,,,
43,0,rank_rolling,314,3303,rank,1000,2,678,585,0.8997050147,0.8837606838,0.8914936915,3303,3303,3303,0,0,,,,,,,
43,0,rank_rolling,315,3427,rank,1000,2,774,660,0.9198966408,0.9106060606,0.9167929293,3427,3427,3427,0,0,,,,,,,
43,0,rank_rolling,316,2965,rank,1000,2,758,622,0.8865435356,0.8617363344,0.8649517685,2965,2965,2965,0,0,,,,,,,
43,0,rank_rolling,317,3311,rank,1000,2,630,559,0.9031746032,0.8908765653,0.898360167,3311,3311,3311,0,0,,,,,,,
43,0,rank_rolling,318,3388,rank,1000,2,342,308,0.8976608187,0.8863636364,0.8901515152,3388,3388,3388,0,0,,,,,,,
43,0,rank_rolling,319,3036,rank,1000,3,324,290,0.9135802469,0.9034482759,0.9034482759,3036,3036,3036,0,0,,,,,,,
43,0,rank_rolling,320,2971,rank,1000,3,736,646,0.8614130435,0.8513931889,0.8600275198,2971,2971,2971,0,0,,,,,,,
43,0,rank_rolling,321,3793,rank,1000,2,680,603,0.9073529412,0.8971807629,0.9013266998,3793,3793,3793,0,0,,,,,,,
43,0,rank_rolling,322,3639,rank,1000,2,668,595,0.8982035928,0.8890756303,0.893837535,3639,3639,3639,0,0,,,,,,,
43,0,rank_rolling,323,3639,rank,1000,2,668,600,0.8682634731,0.8583333333,0.8647222222,3639,3639,3639,0,0,,,,,,,
43,0,rank_rolling,324,4291,rank,1000,2,796,650,0.925879397,0.9123076923,0.9243589744,4291,4291,4291,0,0,,,,,,,
43,0,rank_rolling,325,3396,rank,1000,2,398,360,0.8844221106,0.8722222222,0.8777777778,3396,3396,3396,0,0,,,,,,,
43,0,rank_rolling,326,3432,rank,1000,2,422,348,0.8957345972,0.8764367816,0.8807471264,3432,3432,3432,0,0,,,,,,,
43,0,rank_rolling,327,3718,rank,1000,3,738,621,0.8983739837,0.8824476651,0.894417606,3718,3718,3718,0,0,,,,,,,
43,0,rank_rolling,328,3752,rank,1000,2,600,526,0.875,0.86121673,0.8694550063,3752,3752,3752,0,0,,,,,,,
43,0,rank_rolling,329,4519,rank,1000,2,684,599,0.9400584795,0.9332220367,0.9365609349,4519,4519,4519,0,0,,,,,,,
43,0,rank_rolling,330,3715,rank,1000,2,640,580,0.8734375,0.8637931034,0.8646551724,3715,3715,3715,0,0,,,,,,,
43,0,rank_rolling,331,3952,rank,1000,2,506,474,0.9446640316,0.94092827,0.94092827,3952,3952,3952,0,0,,,,,,,
43,0,rank_rolling,332,3475,rank,1000,2,318,300,0.8962264151,0.89,0.89,3475,3475,3475,0,0,,,,,,,
43,0,rank_rolling,333,2988,rank,1000,3,342,312,0.8771929825,0.8653846154,0.8707264957,2988,2988,2988,0,0,,,,,,,
43,0,rank_rolling,334,3325,rank,1000,3,700,633,0.8971428571,0.8894154818,0.8962611901,3325,3325,3325,0,0,,,,,,,
43,0,rank_rolling,335,3439,rank,1000,2,656,587,0.8734756098,0.8620102215,0.8737932993,3439,3439,3439,0,0,,,,,,,
43,0,rank_rolling,336,3921,rank,1000,2,632,551,0.9003164557,0.889292196,0.8976406534,3921,3921,3921,0,0,,,,,,,
43,0,rank_rolling,337,4060,rank,1000,2,552,492,0.9039855072,0.8922764228,0.8966802168,4060,4060,4060,0,0,,,,,,,
43,0,rank_rolling,338,3683,rank,1000,2,496,457,0.9133064516,0.9059080963,0.9070021882,3683,3683,3683,0,0,,,,,,,
43,0,rank_rolling,339,3461,rank,1000,2,328,297,0.8932926829,0.8922558923,0.9003928171,3461,3461,3461,0,0,,,,,,,
43,0,rank_rolling,340,3430,rank,1000,3,328,303,0.8719512195,0.8613861386,0.8657865787,3430,3430,3430,0,0,,,,,,,
43,0,rank_rolling,341,3870,rank,1000,3,576,519,0.8836805556,0.8709055877,0.8807964033,3870,3870,3870,0,0,,,,,,,
43,0,rank_rolling,342,4333,rank,1000,3,636,565,0.9150943396,0.9044247788,0.910619469,4333,4333,4333,0,0,,,,,,,
43,0,rank_rolling,343,4176,rank,1000,2,642,567,0.8925233645,0.8818342152,0.8835978836,4176,4176,4176,0,0,,,,,,,
43,0,rank_rolling,344,4247,rank,1000,2,650,582,0.9138461538,0.9054982818,0.9066437572,4247,4247,4247,0,0,,,,,,,
43,0,rank_rolling,345,3992,rank,1000,2,586,501,0.8839590444,0.8642714571,0.876580173,3992,3992,3992,0,0,,,,,,,
43,0,rank_rolling,346,4314,rank,1000,2,224,197,0.9464285714,0.9390862944,0.9416243655,4314,4314,4314,0,0,,,,,,,
43,0,rank_rolling,347,4023,rank,1000,3,306,277,0.9346405229,0.9277978339,0.9302045728,4023,4023,4023,0,0,,,,,,,
43,0,rank_rolling,348,3900,rank,1000,3,714,610,0.8963585434,0.8786885246,0.8826502732,3900,3900,3900,0,0,,,,,,,
43,0,rank_rolling,349,3771,rank,1000,2,600,545,0.8716666667,0.8587155963,0.8685015291,3771,3771,3771,0,0,,,,,,,
43,0,rank_rolling,350,4566,rank,1000,2,656,560,0.9146341463,0.9035714286,0.9104166667,4566,4566,4566,0,0,,,,,,,
43,0,rank_rolling,351,4485,rank,1000,2,522,476,0.9003831418,0.8907563025,0.8949579832,4485,4485,4485,0,0,,,,,,,
43,0,rank_rolling,352,4369,rank,1000,2,462,415,0.8896103896,0.8891566265,0.89437751,4369,4369,4369,0,0,,,,,,,
43,0,rank_rolling,353,4587,rank,1000,3,242,226,0.867768595,0.8584070796,0.8650442478,4587,4587,4587,0,0,,,,,,,
43,0,rank_rolling,354,4940,rank,1000,3,238,227,0.9369747899,0.9339207048,0.9339207048,4940,4940,4940,0,0,,,,,,,
43,0,rank_rolling,355,4587,rank,1000,4,578,506,0.9117647059,0.9051383399,0.907773386,4587,4587,4587,0,0,,,,,,,
43,0,rank_rolling,356,4096,rank,1000,3,548,483,0.901459854,0.8902691511,0.9002760524,4096,4096,4096,0,0,,,,,,,
43,0,rank_rolling,357,3908,rank,1000,2,406,363,0.8965517241,0.8980716253,0.9031221304,3908,3908,3908,0,0,,,,,,,
43,0,rank_rolling,358,3936,rank,1000,3,300,276,0.93,0.9239130435,0.9311594203,3936,3936,3936,0,0,,,,,,,
43,0,rank_rolling,359,3683,rank,1000,3,330,312,0.9575757576,0.9551282051,0.9551282051,3683,3683,3683,0,0,,,,,,,
43,0,rank_rolling,360,2762,rank,1000,3,228,214,0.9166666667,0.9112149533,0.9158878505,2762,2762,2762,0,0,,,,,,,
43,0,rank_rolling,361,2435,rank,1000,4,246,226,0.8658536585,0.8539823009,0.8628318584,2435,2435,2435,0,0,,,,,,,
43,0,rank_rolling,362,2552,rank,1000,4,620,530,0.885483871,0.8679245283,0.8764150943,2552,2552,2552,0,0,,,,,,,
43,0,rank_rolling,363,3221,rank,1000,3,386,353,0.8834196891,0.8753541076,0.880075543,3221,3221,3221,0,0,,,,,,,
43,0,rank_rolling,364,3412,rank,1000,2,354,329,0.9011299435,0.8936170213,0.896656535,3412,3412,3412,0,0,,,,,,,
59,0,rank_rolling,292,3194,rank,1000,3,730,658,0.8684931507,0.8632218845,0.8725937183,3194,3194,3194,0,0,,,,,,,
59,0,rank_rolling,293,3733,rank,1000,2,658,581,0.905775076,0.8984509466,0.90562249,3733,3733,3733,0,0,,,,,,,
59,0,rank_rolling,294,3728,rank,1000,2,618,538,0.8786407767,0.8624535316,0.8680297398,3728,3728,3728,0,0,,,,,,,
59,0,rank_rolling,295,4212,rank,1000,2,666,578,0.9339339339,0.9238754325,0.9287773933,4212,4212,4212,0,0,,,,,,,
59,0,rank_rolling,296,3369,rank,1000,2,516,466,0.8972868217,0.8862660944,0.8894849785,3369,3369,3369,0,0,,,,,,,
59,0,rank_rolling,297,3279,rank,1000,2,292,254,0.9109589041,0.905511811,0.9127296588,3279,3279,3279,0,0,,,,,,,
59,0,rank_rolling,298,3345,rank,1000,3,252,224,0.8492063492,0.8303571429,0.8381696429,3345,3345,3345,0,0,,,,,,,
59,0,rank_rolling,299,3947,rank,1000,3,702,615,0.9444444444,0.9365853659,0.9387533875,3947,3947,3947,0,0,,,,,,,
59,0,rank_rolling,300,3127,rank,1000,3,664,573,0.8825301205,0.8673647469,0.8737638162,3127,3127,3127,0,0,,,,,,,
59,0,rank_rolling,301,3206,rank,1000,2,616,552,0.8603896104,0.8496376812,0.8583333333,3206,3206,3206,0,0,,,,,,,
59,0,rank_rolling,302,4412,rank,1000,2,570,490,0.9298245614,0.9204081633,0.9268707483,4412,4412,4412,0,0,,,,,,,
59,0,rank_rolling,303,4132,rank,1000,2,542,485,0.8819188192,0.8742268041,0.8762886598,4132,4132,4132,0,0,,,,,,,
59,0,rank_rolling,304,4110,rank,1000,2,328,281,0.9176829268,0.9181494662,0.9225978648,4110,4110,4110,0,0,,,,,,,
59,0,rank_rolling,305,4042,rank,1000,3,328,295,0.9573170732,0.9525423729,0.9525423729,4042,4042,4042,0,0,,,,,,,
59,0,rank_rolling,306,3452,rank,1000,3,582,513,0.9037800687,0.8927875244,0.8963612736,3452,3452,3452,0,0,,,,,,,
59,0,rank_rolling,307,2943,rank,1000,3,588,510,0.8656462585,0.8450980392,0.8515686275,2943,2943,2943,0,0,,,,,,,
59,0,rank_rolling,308,3657,rank,1000,2,562,497,0.871886121,0.861167002,0.8631790744,3657,3657,3657,0,0,,,,,,,
59,0,rank_rolling,309,4382,rank,1000,2,626,535,0.8945686901,0.8822429907,0.8884735202,4382,4382,4382,0,0,,,,,,,
59,0,rank_rolling,310,4667,rank,1000,2,620,527,0.95,0.9411764706,0.9430740038,4667,4667,4667,0,0,,,,,,,
59,0,rank_rolling,311,2911,rank,1000,2,438,366,0.8926940639,0.8743169399,0.8775045537,2911,2911,2911,0,0,,,,,,,
59,0,rank_rolling,312,2586,rank,1000,2,460,368,0.9108695652,0.8913043478,0.9051630435,2586,2586,2586,0,0,,,,,,,
59,0,rank_rolling,313,2590,rank,1000,3,794,641,0.8866498741,0.8611544462,0.8678627145,2590,2590,2590,0,0,,,,,,,
59,0,rank_rolling,314,2823,rank,1000,2,678,585,0.9174041298,0.9042735043,0.9122914123,2823,2823,2823,0,0,,,,,,,
59,0,rank_rolling,315,2467,rank,1000,2,774,660,0.9043927649,0.8924242424,0.9021464646,2467,2467,2467,0,0,,,,,,,
59,0,rank_rolling,316,2362,rank,1000,2,758,622,0.8905013193,0.8665594855,0.8681672026,2362,2362,2362,0,0,,,,,,,
59,0,rank_rolling,317,2908,rank,1000,2,630,559,0.9015873016,0.8890876565,0.8953786524,2908,2908,2908,0,0,,,,,,,
59,0,rank_rolling,318,2973,rank,1000,2,342,308,0.8713450292,0.8571428571,0.8625541126,2973,2973,2973,0,0,,,,,,,
59,0,rank_rolling,319,3484,rank,1000,3,324,290,0.9382716049,0.9310344828,0.9310344828,3484,3484,3484,0,0,,,,,,,
59,0,rank_rolling,320,3032,rank,1000,3,736,646,0.8899456522,0.8777089783,0.8823013416,3032,3032,3032,0,0,,,,,,,
59,0,rank_rolling,321,3093,rank,1000,2,680,603,0.9029411765,0.8938640133,0.8988391376,3093,3093,3093,0,0,,,,,,,
59,0,rank_rolling,322,3322,rank,1000,2,668,595,0.8817365269,0.8705882353,0.8731092437,3322,3322,3322,0,0,,,,,,,
59,0,rank_rolling,323,3643,rank,1000,2,668,600,0.8997005988,0.8916666667,0.8933333333,3643,3643,3643,0,0,,,,,,,
59,0,rank_rolling,324,3788,rank,1000,2,796,650,0.9296482412,0.9138461538,0.9226923077,3788,3788,3788,0,0,,,,,,,
59,0,rank_rolling,325,3044,rank,1000,2,398,360,0.8969849246,0.8861111111,0.8916666667,3044,3044,3044,0,0,,,,,,,
59,0,rank_rolling,326,2912,rank,1000,2,422,348,0.9289099526,0.9166666667,0.9269636015,2912,2912,2912,0,0,,,,,,,
59,0,rank_rolling,327,2696,rank,1000,3,738,621,0.879403794,0.8582930757,0.8666129898,2696,2696,2696,0,0,,,,,,,
59,0,rank_rolling,328,3393,rank,1000,2,600,526,0.9316666667,0.9220532319,0.9233206591,3393,3393,3393,0,0,,,,,,,
59,0,rank_rolling,329,2716,rank,1000,2,684,599,0.8728070175,0.858096828,0.8686700056,2716,2716,2716,0,0,,,,,,,
59,0,rank_rolling,330,3204,rank,1000,2,640,580,0.8984375,0.8879310345,0.8913793103,3204,3204,3204,0,0,,,,,,,
59,0,rank_rolling,331,3518,rank,1000,2,506,474,0.9387351779,0.9345991561,0.9356540084,3518,3518,3518,0,0,,,,,,,
59,0,rank_rolling,332,2844,rank,1000,2,318,300,0.9025157233,0.8966666667,0.8966666667,2844,2844,2844,0,0,,,,,,,
59,0,rank_rolling,333,2668,rank,1000,3,342,312,0.8918128655,0.8814102564,0.8867521368,2668,2668,2668,0,0,,,,,,,
59,0,rank_rolling,334,2761,rank,1000,3,700,633,0.8842857143,0.87835703,0.8846761453,2761,2761,2761,0,0,,,,,,,
59,0,rank_rolling,335,3333,rank,1000,2,656,587,0.8841463415,0.8756388416,0.8818852924,3333,3333,3333,0,0,,,,,,,
59,0,rank_rolling,336,3647,rank,1000,2,632,551,0.8987341772,0.887477314,0.8950393224,3647,3647,3647,0,0,,,,,,,
59,0,rank_rolling,337,3736,rank,1000,2,552,492,0.9076086957,0.8963414634,0.8997289973,3736,3736,3736,0,0,,,,,,,
59,0,rank_rolling,338,3737,rank,1000,2,496,457,0.9254032258,0.9190371991,0.9190371991,3737,3737,3737,0,0,,,,,,,
59,0,rank_rolling,339,3373,rank,1000,2,328,297,0.8902439024,0.8888888889,0.8945005612,3373,3373,3373,0,0,,,,,,,
59,0,rank_rolling,340,3373,rank,1000,3,328,303,0.9024390244,0.8943894389,0.896039604,3373,3373,3373,0,0,,,,,,,
59,0,rank_rolling,341,3439,rank,1000,3,576,519,0.8836805556,0.8709055877,0.8785484907,3439,3439,3439,0,0,,,,,,,
59,0,rank_rolling,342,3713,rank,1000,3,636,565,0.9213836478,0.9115044248,0.9156342183,3713,3713,3713,0,0,,,,,,,
59,0,rank_rolling,343,3443,rank,1000,2,642,567,0.8816199377,0.8659611993,0.8743386243,3443,3443,3443,0,0,,,,,,,
59,0,rank_rolling,344,3730,rank,1000,2,650,582,0.92,0.910652921,0.9140893471,3730,3730,3730,0,0,,,,,,,
59,0,rank_rolling,345,3320,rank,1000,2,586,501,0.8941979522,0.876247505,0.8842315369,3320,3320,3320,0,0,,,,,,,
59,0,rank_rolling,346,3118,rank,1000,2,224,197,0.9464285714,0.9390862944,0.9416243655,3118,3118,3118,0,0,,,,,,,
59,0,rank_rolling,347,3041,rank,1000,3,306,277,0.908496732,0.8989169675,0.9013237064,3041,3041,3041,0,0,,,,,,,
59,0,rank_rolling,348,3078,rank,1000,3,714,610,0.8865546218,0.868852459,0.8713114754,3078,3078,3078,0,0,,,,,,,
59,0,rank_rolling,349,3498,rank,1000,2,600,545,0.9283333333,0.9211009174,0.9241590214,3498,3498,3498,0,0,,,,,,,
59,0,rank_rolling,350,3088,rank,1000,2,656,560,0.9039634146,0.8928571429,0.8974702381,3088,3088,3088,0,0,,,,,,,
59,0,rank_rolling,351,3062,rank,1000,2,522,476,0.867816092,0.8550420168,0.8581932773,3062,3062,3062,0,0,,,,,,,
59,0,rank_rolling,352,3488,rank,1000,2,462,415,0.9134199134,0.9108433735,0.9148594378,3488,3488,3488,0,0,,,,,,,
59,0,rank_rolling,353,3488,rank,1000,3,242,226,0.867768595,0.8584070796,0.8694690265,3488,3488,3488,0,0,,,,,,,
59,0,rank_rolling,354,3691,rank,1000,3,238,227,0.8655462185,0.859030837,0.859030837,3691,3691,3691,0,0,,,,,,,
59,0,rank_rolling,355,3963,rank,1000,4,578,506,0.8685121107,0.8557312253,0.8673536608,3963,3963,3963,0,0,,,,,,,
59,0,rank_rolling,356,5059,rank,1000,3,548,483,0.9178832117,0.9109730849,0.9195997239,5059,5059,5059,0,0,,,,,,,
59,0,rank_rolling,357,4866,rank,1000,2,406,363,0.9433497537,0.9449035813,0.9476584022,4866,4866,4866,0,0,,,,,,,
59,0,rank_rolling,358,3702,rank,1000,3,300,276,0.9233333333,0.9166666667,0.9166666667,3702,3702,3702,0,0,,,,,,,
59,0,rank_rolling,359,3251,rank,1000,3,330,312,0.9272727273,0.9230769231,0.9230769231,3251,3251,3251,0,0,,,,,,,
59,0,rank_rolling,360,2489,rank,1000,3,228,214,0.9429824561,0.9392523364,0.941588785,2489,2489,2489,0,0,,,,,,,
59,0,rank_rolling,361,1927,rank,1000,4,246,226,0.906504065,0.8982300885,0.9026548673,1927,1927,1927,0,0,,,,,,,
59,0,rank_rolling,362,1632,rank,1000,4,620,530,0.8661290323,0.8471698113,0.8547169811,1632,1632,1632,0,0,,,,,,,
59,0,rank_rolling,363,2660,rank,1000,3,386,353,0.8601036269,0.8555240793,0.857884797,2660,2660,2660,0,0,,,,,,,
59,0,rank_rolling,364,3480,rank,1000,2,354,329,0.906779661,0.8996960486,0.9012158055,3480,3480,3480,0,0,,,,,,,
71,0,rank_rolling,292,2716,rank,1000,3,730,658,0.8780821918,0.8738601824,0.876899696,2716,2716,2716,0,0,,,,,,,
71,0,rank_rolling,293,3148,rank,1000,2,658,581,0.8510638298,0.8364888124,0.8471026965,3148,3148,3148,0,0,,,,,,,
71,0,rank_rolling,294,4166,rank,1000,2,618,538,0.9077669903,0.8959107807,0.8968401487,4166,4166,4166,0,0,,,,,,,
71,0,rank_rolling,295,4185,rank,1000,2,666,578,0.9159159159,0.9048442907,0.9091695502,4185,4185,4185,0,0,,,,,,,
71,0,rank_rolling,296,3518,rank,1000,2,516,466,0.9108527132,0.9012875536,0.9045064378,3518,3518,3518,0,0,,,,,,,
71,0,rank_rolling,297,3518,rank,1000,2,292,254,0.9109589041,0.9015748031,0.9094488189,3518,3518,3518,0,0,,,,,,,
71,0,rank_rolling,298,3295,rank,1000,3,252,224,0.8611111111,0.84375,0.8459821429,3295,3295,3295,0,0,,,,,,,
71,0,rank_rolling,299,3766,rank,1000,3,702,615,0.9387464387,0.9300813008,0.9300813008,3766,3766,3766,0,0,,,,,,,
71,0,rank_rolling,300,2847,rank,1000,3,664,573,0.8674698795,0.84991274,0.8598022106,2847,2847,2847,0,0,,,,,,,
71,0,rank_rolling,301,3237,rank,1000,2,616,552,0.8652597403,0.8550724638,0.8623188406,3237,3237,3237,0,0,,,,,,,
71,0,rank_rolling,302,4202,rank,1000,2,570,490,0.9105263158,0.9,0.9040816327,4202,4202,4202,0,0,,,,,,,
71,0,rank_rolling,303,4229,rank,1000,2,542,485,0.9022140221,0.8907216495,0.8958762887,4229,4229,4229,0,0,,,,,,,
71,0,rank_rolling,304,4137,rank,1000,2,328,281,0.9085365854,0.9074733096,0.9074733096,4137,4137,4137,0,0,,,,,,,
71,0,rank_rolling,305,3992,rank,1000,3,328,295,0.9420731707,0.9355932203,0.9355932203,3992,3992,3992,0,0,,,,,,,
71,0,rank_rolling,306,3277,rank,1000,3,582,513,0.8934707904,0.8810916179,0.88791423,3277,3277,3277,0,0,,,,,,,
71,0,rank_rolling,307,3093,rank,1000,3,588,510,0.869047619,0.8490196078,0.857124183,3093,3093,3093,0,0,,,,,,,
71,0,rank_rolling,308,3770,rank,1000,2,562,497,0.8772241993,0.8672032193,0.8718309859,3770,3770,3770,0,0,,,,,,,
71,0,rank_rolling,309,4168,rank,1000,2,626,535,0.8785942492,0.8672897196,0.8728971963,4168,4168,4168,0,0,,,,,,,
71,0,rank_rolling,310,4608,rank,1000,2,620,527,0.9419354839,0.9316888046,0.9358001265,4608,4608,4608,0,0,,,,,,,
71,0,rank_rolling,311,3787,rank,1000,2,438,366,0.899543379,0.8825136612,0.8925318761,3787,3787,3787,0,0,,,,,,,
71,0,rank_rolling,312,3178,rank,1000,2,460,368,0.9086956522,0.8858695652,0.8983695652,3178,3178,3178,0,0,,,,,,,
71,0,rank_rolling,313,3092,rank,1000,3,794,641,0.9156171285,0.895475819,0.8978159126,3092,3092,3092,0,0,,,,,,,
71,0,rank_rolling,314,2588,rank,1000,2,678,585,0.8923303835,0.8786324786,0.8869352869,2588,2588,2588,0,0,,,,,,,
71,0,rank_rolling,315,2790,rank,1000,2,774,660,0.9043927649,0.8924242424,0.9045707071,2790,2790,2790,0,0,,,,,,,
71,0,rank_rolling,316,2767,rank,1000,2,758,622,0.8944591029,0.8713826367,0.8750803859,2767,2767,2767,0,0,,,,,,,
71,0,rank_rolling,317,3037,rank,1000,2,630,559,0.880952381,0.8658318426,0.8748062016,3037,3037,3037,0,0,,,,,,,
71,0,rank_rolling,318,3759,rank,1000,2,342,308,0.9239766082,0.9155844156,0.9172077922,3759,3759,3759,0,0,,,,,,,
71,0,rank_rolling,319,3416,rank,1000,3,324,290,0.9444444444,0.9379310345,0.9379310345,3416,3416,3416,0,0,,,,,,,
71,0,rank_rolling,320,2829,rank,1000,3,736,646,0.8967391304,0.886996904,0.892879257,2829,2829,2829,0,0,,,,,,,
71,0,rank_rolling,321,2706,rank,1000,2,680,603,0.8970588235,0.8872305141,0.8922056385,2706,2706,2706,0,0,,,,,,,
71,0,rank_rolling,322,3102,rank,1000,2,668,595,0.874251497,0.8621848739,0.8655462185,3102,3102,3102,0,0,,,,,,,
71,0,rank_rolling,323,3431,rank,1000,2,668,600,0.9116766467,0.9033333333,0.9088888889,3431,3431,3431,0,0,,,,,,,
71,0,rank_rolling,324,3321,rank,1000,2,796,650,0.9334170854,0.9184615385,0.9246153846,3321,3321,3321,0,0,,,,,,,
71,0,rank_rolling,325,2428,rank,1000,2,398,360,0.8417085427,0.825,0.8305555556,2428,2428,2428,0,0,,,,,,,
71,0,rank_rolling,326,3031,rank,1000,2,422,348,0.9502369668,0.9425287356,0.9439655172,3031,3031,3031,0,0,,,,,,,
71,0,rank_rolling,327,2651,rank,1000,3,738,621,0.8834688347,0.8663446055,0.8756307032,2651,2651,2651,0,0,,,,,,,
71,0,rank_rolling,328,2698,rank,1000,2,600,526,0.8866666667,0.8745247148,0.8827629911,2698,2698,2698,0,0,,,,,,,
71,0,rank_rolling,329,3411,rank,1000,2,684,599,0.8801169591,0.8647746244,0.8731218698,3411,3411,3411,0,0,,,,,,,
71,0,rank_rolling,330,3916,rank,1000,2,640,580,0.9078125,0.8982758621,0.9,3916,3916,3916,0,0,,,,,,,
71,0,rank_rolling,331,3880,rank,1000,2,506,474,0.9268774704,0.9219409283,0.9229957806,3880,3880,3880,0,0,,,,,,,
71,0,rank_rolling,332,3344,rank,1000,2,318,300,0.9088050314,0.9033333333,0.9033333333,3344,3344,3344,0,0,,,,,,,
71,0,rank_rolling,333,3067,rank,1000,3,342,312,0.9035087719,0.8942307692,0.8974358974,3067,3067,3067,0,0,,,,,,,
71,0,rank_rolling,334,3109,rank,1000,3,700,633,0.8814285714,0.8751974724,0.8817798841,3109,3109,3109,0,0,,,,,,,
71,0,rank_rolling,335,3739,rank,1000,2,656,587,0.9024390244,0.8943781942,0.9016183986,3739,3739,3739,0,0,,,,,,,
71,0,rank_rolling,336,3635,rank,1000,2,632,551,0.878164557,0.8656987296,0.8684210526,3635,3635,3635,0,0,,,,,,,
71,0,rank_rolling,337,3947,rank,1000,2,552,492,0.893115942,0.8800813008,0.8848238482,3947,3947,3947,0,0,,,,,,,
71,0,rank_rolling,338,4253,rank,1000,2,496,457,0.8891129032,0.8818380744,0.8847556528,4253,4253,4253,0,0,,,,,,,
71,0,rank_rolling,339,4373,rank,1000,2,328,297,0.8932926829,0.8922558923,0.8973063973,4373,4373,4373,0,0,,,,,,,
71,0,rank_rolling,340,4373,rank,1000,3,328,303,0.9268292683,0.9207920792,0.9207920792,4373,4373,4373,0,0,,,,,,,
71,0,rank_rolling,341,4258,rank,1000,3,576,519,0.9201388889,0.9113680154,0.9148362235,4258,4258,4258,0,0,,,,,,,
71,0,rank_rolling,342,3582,rank,1000,3,636,565,0.9040880503,0.8920353982,0.8955752212,3582,3582,3582,0,0,,,,,,,
71,0,rank_rolling,343,3538,rank,1000,2,642,567,0.8894080997,0.8747795414,0.8822163433,3538,3538,3538,0,0,,,,,,,
71,0,rank_rolling,344,3780,rank,1000,2,650,582,0.9015384615,0.8934707904,0.8951890034,3780,3780,3780,0,0,,,,,,,
71,0,rank_rolling,345,3801,rank,1000,2,586,501,0.9112627986,0.8962075848,0.9021956088,3801,3801,3801,0,0,,,,,,,
71,0,rank_rolling,346,3633,rank,1000,2,224,197,0.9598214286,0.9543147208,0.9543147208,3633,3633,3633,0,0,,,,,,,
71,0,rank_rolling,347,3367,rank,1000,3,306,277,0.9183006536,0.9097472924,0.9121540313,3367,3367,3367,0,0,,,,,,,
71,0,rank_rolling,348,3215,rank,1000,3,714,610,0.8949579832,0.8770491803,0.8806010929,3215,3215,3215,0,0,,,,,,,
71,0,rank_rolling,349,3202,rank,1000,2,600,545,0.8866666667,0.8752293578,0.8834862385,3202,3202,3202,0,0,,,,,,,
71,0,rank_rolling,350,3584,rank,1000,2,656,560,0.9085365854,0.8982142857,0.9046130952,3584,3584,3584,0,0,,,,,,,
71,0,rank_rolling,351,3496,rank,1000,2,522,476,0.877394636,0.8655462185,0.8693977591,3496,3496,3496,0,0,,,,,,,
71,0,rank_rolling,352,3756,rank,1000,2,462,415,0.8939393939,0.886746988,0.8907630522,3756,3756,3756,0,0,,,,,,,
71,0,rank_rolling,353,4036,rank,1000,3,242,226,0.8801652893,0.8716814159,0.8783185841,4036,4036,4036,0,0,,,,,,,
71,0,rank_rolling,354,4237,rank,1000,3,238,227,0.8739495798,0.8678414097,0.872246696,4237,4237,4237,0,0,,,,,,,
71,0,rank_rolling,355,4618,rank,1000,4,578,506,0.8858131488,0.8754940711,0.883822699,4618,4618,4618,0,0,,,,,,,
71,0,rank_rolling,356,5132,rank,1000,3,548,483,0.9178832117,0.9109730849,0.917184265,5132,5132,5132,0,0,,,,,,,
71,0,rank_rolling,357,4796,rank,1000,2,406,363,0.9236453202,0.9228650138,0.9292929293,4796,4796,4796,0,0,,,,,,,
71,0,rank_rolling,358,4001,rank,1000,3,300,276,0.9366666667,0.9311594203,0.9311594203,4001,4001,4001,0,0,,,,,,,
71,0,rank_rolling,359,3399,rank,1000,3,330,312,0.9272727273,0.9230769231,0.9230769231,3399,3399,3399,0,0,,,,,,,
71,0,rank_rolling,360,2948,rank,1000,3,228,214,0.9429824561,0.9392523364,0.941588785,2948,2948,2948,0,0,,,,,,,
71,0,rank_rolling,361,2165,rank,1000,4,246,226,0.8902439024,0.8805309735,0.8849557522,2165,2165,2165,0,0,,,,,,,
71,0,rank_rolling,362,2011,rank,1000,4,620,530,0.8870967742,0.8698113208,0.8783018868,2011,2011,2011,0,0,,,,,,,
71,0,rank_rolling,363,2135,rank,1000,3,386,353,0.8730569948,0.8696883853,0.8720491029,2135,2135,2135,0,0,,,,,,,
71,0,rank_rolling,364,2628,rank,1000,2,354,329,0.8983050847,0.8905775076,0.8920972644,2628,2628,2628,0,0,,,,,,,
17,0,aps_rolling,292,0.9999929192,mass,1000,3,730,658,0.8712328767,0.8860182371,0.8958966565,4604.702128,6750,7127,0.02279635258,0,aps,0,0,,,,
17,0,aps_rolling,293,0.9999961553,mass,1000,2,658,581,0.9179331307,0.9191049914,0.9357429719,5023.254733,6962,7127,0.01721170396,0,aps,0,0,,,,
17,0,aps_rolling,294,0.9999958706,mass,1000,2,618,538,0.8527508091,0.8513011152,0.8757125155,4858.920074,6938,7127,0.02230483271,0,aps,0,0,,,,
17,0,aps_rolling,295,0.9999982365,mass,1000,2,666,578,0.9144144144,0.9204152249,0.9324682814,5260.141869,6985,7127,0.01557093426,0,aps,0,0,,,,
17,0,aps_rolling,296,0.9999985764,mass,1000,2,516,466,0.8856589147,0.8884120172,0.9022174535,4993.094421,6978.5,7127,0.01287553648,0,aps,0,0,,,,
17,0,aps_rolling,297,0.9999985833,mass,1000,2,292,254,0.8698630137,0.8779527559,0.8947506562,4441.354331,6618.5,7127,0.003937007874,0,aps,0,0,,,,
17,0,aps_rolling,298,0.9999993669,mass,1000,3,252,224,0.9285714286,0.9330357143,0.9438244048,5113.651786,6979,7127,0.03125,0,aps,0,0,,,,
17,0,aps_rolling,299,0.9999990469,mass,1000,3,702,615,0.905982906,0.9203252033,0.9294773519,4973.19187,6993,7127,0.0325203252,0,aps,0,0,,,,
17,0,aps_rolling,300,0.9999988895,mass,1000,3,664,573,0.8975903614,0.9057591623,0.9232111693,5046.890052,7039,7127,0.02792321117,0,aps,0,0,,,,
17,0,aps_rolling,301,0.9999990375,mass,1000,2,616,552,0.9204545455,0.9202898551,0.92602657,5217.875,7064,7127,0.01449275362,0,aps,0,0,,,,
17,0,aps_rolling,302,0.999998461,mass,1000,2,570,490,0.8561403509,0.8632653061,0.879718173,4751.332653,6817.5,7127,0.01836734694,0,aps,0,0,,,,
17,0,aps_rolling,303,0.9999993612,mass,1000,2,542,485,0.9114391144,0.9072164948,0.9164261168,5012.83299,6990,7127,0.01443298969,0,aps,0,0,,,,
17,0,aps_rolling,304,0.9999990207,mass,1000,2,328,281,0.8658536585,0.871886121,0.8953143535,4731.679715,6886,7127,0.01067615658,0,aps,0,0,,,,
17,0,aps_rolling,305,0.9999996714,mass,1000,3,328,295,0.9298780488,0.9355932203,0.9493785311,4769.386441,6911,7127,0.01355932203,0,aps,0,0,,,,
17,0,aps_rolling,306,0.999999213,mass,1000,3,582,513,0.8900343643,0.9064327485,0.9168940871,4837.05653,6966,7127,0.01949317739,0,aps,0,0,,,,
17,0,aps_rolling,307,0.9999993312,mass,1000,3,588,510,0.887755102,0.9098039216,0.9184640523,5183.823529,7020,7127,0.0137254902,0,aps,0,0,,,,
17,0,aps_rolling,308,0.9999995502,mass,1000,2,562,497,0.8914590747,0.893360161,0.9054325956,4928.50503,7053,7127,0.01609657948,0,aps,0,0,,,,
17,0,aps_rolling,309,0.9999995685,mass,1000,2,626,535,0.9025559105,0.9140186916,0.9244859813,5199.650467,7068,7127,0.01121495327,0,aps,0,0,,,,
17,0,aps_rolling,310,0.9999995664,mass,1000,2,620,527,0.9225806452,0.9203036053,0.9376976597,4752.760911,6920,7127,0.01518026565,0,aps,0,0,,,,
17,0,aps_rolling,311,0.9999993771,mass,1000,2,438,366,0.9178082192,0.9098360656,0.9257741348,4235.13388,6082,7127,0.008196721311,0,aps,0,0,,,,
17,0,aps_rolling,312,0.9999986354,mass,1000,2,460,368,0.852173913,0.875,0.8969591097,3967.619565,5931.5,7127,0.01630434783,0,aps,0,0,,,,
17,0,aps_rolling,313,0.9999996188,mass,1000,3,794,641,0.8715365239,0.879875195,0.9017160686,4497.204368,6656,7127,0.01716068643,0,aps,0,0,,,,
17,0,aps_rolling,314,0.9999998612,mass,1000,2,678,585,0.912979351,0.9162393162,0.9273300773,4782.558974,6946,7127,0.0188034188,0,aps,0,0,,,,
17,0,aps_rolling,315,0.9999998676,mass,1000,2,774,660,0.8940568475,0.896969697,0.9121464646,4827.734848,6957.5,7127,0.01515151515,0,aps,0,0,,,,
17,0,aps_rolling,316,0.9999999192,mass,1000,2,758,622,0.9327176781,0.9356913183,0.9497856377,5325.123794,7067.5,7127,0.01286173633,0,aps,0,0,,,,
17,0,aps_rolling,317,0.9999996016,mass,1000,2,630,559,0.8904761905,0.8890876565,0.9091234347,4301.248658,6456,7127,0.02683363148,0,aps,0,0,,,,
17,0,aps_rolling,318,0.9999998689,mass,1000,2,342,308,0.9210526316,0.9188311688,0.9323593074,4366.951299,6624.5,7127,0.006493506494,0,aps,0,0,,,,
17,0,aps_rolling,319,0.9999997101,mass,1000,3,324,290,0.9197530864,0.9137931034,0.9206896552,4482.768966,6536,7127,0.01034482759,0,aps,0,0,,,,
17,0,aps_rolling,320,0.9999997101,mass,1000,3,736,646,0.8777173913,0.8978328173,0.9040763674,4807.317337,6994,7127,0.01857585139,0,aps,0,0,,,,
17,0,aps_rolling,321,0.9999997978,mass,1000,2,680,603,0.9102941176,0.9054726368,0.9143173024,4896.313433,6989,7127,0.01824212272,0,aps,0,0,,,,
17,0,aps_rolling,322,0.9999998553,mass,1000,2,668,595,0.9296407186,0.9378151261,0.9411764706,5019.144538,7022,7127,0.02016806723,0,aps,0,0,,,,
17,0,aps_rolling,323,0.9999996128,mass,1000,2,668,600,0.878742515,0.8916666667,0.9002777778,4764.146667,6888.5,7127,0.02166666667,0,aps,0,0,,,,
17,0,aps_rolling,324,0.9999998386,mass,1000,2,796,650,0.8869346734,0.9107692308,0.9235641026,4731.052308,6975,7127,0.01384615385,0,aps,0,0,,,,
17,0,aps_rolling,325,0.9999999158,mass,1000,2,398,360,0.8718592965,0.8805555556,0.8888888889,4406.302778,6798,7127,0.025,0,aps,0,0,,,,
17,0,aps_rolling,326,0.9999999303,mass,1000,2,422,348,0.855450237,0.8591954023,0.869612069,4071.051724,6336,7127,0.02586206897,0,aps,0,0,,,,
17,0,aps_rolling,327,0.9999999744,mass,1000,3,738,621,0.9159891599,0.9275362319,0.9476113795,5018.458937,7015,7127,0.008051529791,0,aps,0,0,,,,
17,0,aps_rolling,328,0.9999999511,mass,1000,2,600,526,0.9116666667,0.9144486692,0.9253123303,4993.458175,7045,7127,0.01711026616,0,aps,0,0,,,,
17,0,aps_rolling,329,0.9999999489,mass,1000,2,684,599,0.9254385965,0.9298831386,0.9347245409,5005.505843,7047,7127,0.0183639399,0,aps,0,0,,,,
17,0,aps_rolling,330,0.9999998788,mass,1000,2,640,580,0.903125,0.9103448276,0.9191091954,4872.77931,6922.5,7127,0.01896551724,0,aps,0,0,,,,
17,0,aps_rolling,331,0.9999998838,mass,1000,2,506,474,0.9169960474,0.9261603376,0.9282700422,4865.318565,6990,7127,0.01687763713,0,aps,0,0,,,,
17,0,aps_rolling,332,0.9999998167,mass,1000,2,318,300,0.8899371069,0.89,0.8961111111,4445.973333,6599,7127,0.01666666667,0,aps,0,0,,,,
17,0,aps_rolling,333,0.9999998167,mass,1000,3,342,312,0.8713450292,0.8717948718,0.8814102564,4543.233974,6818,7127,0.01923076923,0,aps,0,0,,,,
17,0,aps_rolling,334,0.9999998671,mass,1000,3,700,633,0.8942857143,0.9099526066,0.916271722,4662.064771,6839,7127,0.01895734597,0,aps,0,0,,,,
17,0,aps_rolling,335,0.9999999591,mass,1000,2,656,587,0.9085365854,0.9028960818,0.917149347,4873.708688,6976,7127,0.02214650767,0,aps,0,0,,,,
17,0,aps_rolling,336,0.9999999595,mass,1000,2,632,551,0.9082278481,0.9056261343,0.914246824,4970.985481,7023,7127,0.01451905626,0,aps,0,0,,,,
17,0,aps_rolling,337,0.999999913,mass,1000,2,552,492,0.902173913,0.912601626,0.9193089431,4603.560976,6879,7127,0.02032520325,0,aps,0,0,,,,
17,0,aps_rolling,338,0.9999999317,mass,1000,2,496,457,0.8951612903,0.9102844639,0.916484318,4844.811816,6910,7127,0.01312910284,0,aps,0,0,,,,
17,0,aps_rolling,339,0.9999999092,mass,1000,2,328,297,0.887195122,0.8855218855,0.8936588103,4573.996633,6442,7127,0.0202020202,0,aps,0,0,,,,
17,0,aps_rolling,340,0.9999999432,mass,1000,3,328,303,0.9146341463,0.9240924092,0.9306930693,4844.379538,6858,7127,0.009900990099,0,aps,0,0,,,,
17,0,aps_rolling,341,0.9999999166,mass,1000,3,576,519,0.8819444444,0.8998073218,0.908477842,4695.156069,6871,7127,0.01541425819,0,aps,0,0,,,,
17,0,aps_rolling,342,0.9999999386,mass,1000,3,636,565,0.9088050314,0.9079646018,0.9247787611,4840.486726,6888,7127,0.01238938053,0,aps,0,0,,,,
17,0,aps_rolling,343,0.9999999438,mass,1000,2,642,567,0.8800623053,0.8835978836,0.8971193416,5121.123457,7030,7127,0.02292768959,0,aps,0,0,,,,
17,0,aps_rolling,344,0.9999999704,mass,1000,2,650,582,0.8815384615,0.8848797251,0.8970504009,4838.221649,6934.5,7127,0.01546391753,0,aps,0,0,,,,
17,0,aps_rolling,345,0.9999999907,mass,1000,2,586,501,0.9129692833,0.9081836327,0.9161676647,4930.233533,7075,7127,0.01397205589,0,aps,0,0,,,,
17,0,aps_rolling,346,0.9999999809,mass,1000,2,224,197,0.90625,0.9035532995,0.9187817259,4123.436548,5588,7127,0.0152284264,0,aps,0,0,,,,
17,0,aps_rolling,347,0.9999999756,mass,1000,3,306,277,0.908496732,0.9205776173,0.9217809868,3918.126354,5879,7127,0.01805054152,0,aps,0,0,,,,
17,0,aps_rolling,348,0.9999999691,mass,1000,3,714,610,0.8907563025,0.8967213115,0.9086065574,4586.668852,6776.5,7127,0.0262295082,0,aps,0,0,,,,
17,0,aps_rolling,349,0.9999999811,mass,1000,2,600,545,0.8883333333,0.8917431193,0.9,4564.26055,6795,7127,0.01651376147,0,aps,0,0,,,,
17,0,aps_rolling,350,0.9999999901,mass,1000,2,656,560,0.8902439024,0.8910714286,0.9070535714,4464.689286,6590,7127,0.01964285714,0,aps,0,0,,,,
17,0,aps_rolling,351,0.9999999924,mass,1000,2,522,476,0.8601532567,0.8634453782,0.8820028011,4421.615546,6657.5,7127,0.01890756303,0,aps,0,0,,,,
17,0,aps_rolling,352,0.9999999978,mass,1000,2,462,415,0.8982683983,0.913253012,0.9248995984,4844.190361,7016,7127,0.01927710843,0,aps,0,0,,,,
17,0,aps_rolling,353,0.9999999988,mass,1000,3,242,226,0.8966942149,0.889380531,0.9026548673,4487.159292,6798.5,7127,0.03097345133,0,aps,0,0,,,,
17,0,aps_rolling,354,0.9999999988,mass,1000,3,238,227,0.9327731092,0.9295154185,0.9346549192,4972.823789,6986,7127,0.02202643172,0,aps,0,0,,,,
17,0,aps_rolling,355,0.9999999987,mass,1000,4,578,506,0.901384083,0.9169960474,0.930288914,5071.20751,7088,7127,0.02371541502,0,aps,0,0,,,,
17,0,aps_rolling,356,0.9999999983,mass,1000,3,548,483,0.9032846715,0.9047619048,0.9120082816,4873.227743,7007,7127,0.01242236025,0,aps,0,0,,,,
17,0,aps_rolling,357,0.9999999984,mass,1000,2,406,363,0.9014778325,0.9063360882,0.9182736455,4608.201102,6829,7127,0.01928374656,0,aps,0,0,,,,
17,0,aps_rolling,358,0.9999999974,mass,1000,3,300,276,0.91,0.9057971014,0.9172705314,4241.231884,6271.5,7127,0.01449275362,0,aps,0,0,,,,
17,0,aps_rolling,359,0.9999999969,mass,1000,3,330,312,0.9545454545,0.9551282051,0.9626068376,5141.846154,7109,7127,0.00641025641,0,aps,0,0,,,,
17,0,aps_rolling,360,0.9999999889,mass,1000,3,228,214,0.9035087719,0.9065420561,0.9088785047,4254.163551,6252.5,7127,0.02803738318,0,aps,0,0,,,,
17,0,aps_rolling,361,0.9999999923,mass,1000,4,246,226,0.8617886179,0.8584070796,0.8679941003,3840.721239,5205,7127,0.02654867257,0,aps,0,0,,,,
17,0,aps_rolling,362,0.9999999889,mass,1000,4,620,530,0.8403225806,0.879245283,0.8980682839,4156.698113,6239,7127,0.02264150943,0,aps,0,0,,,,
17,0,aps_rolling,363,0.9999999994,mass,1000,3,386,353,0.9119170984,0.9206798867,0.9298866856,4402.824363,6842,7127,0.02266288952,0,aps,0,0,,,,
17,0,aps_rolling,364,0.9999999995,mass,1000,2,354,329,0.9124293785,0.9088145897,0.9197061803,4704.516717,6879,7127,0.02127659574,0,aps,0,0,,,,
29,0,aps_rolling,292,0.9999959961,mass,1000,3,730,658,0.8904109589,0.9072948328,0.9133738602,4755.955927,6850,7127,0.02127659574,0,aps,0,0,,,,
29,0,aps_rolling,293,0.9999958234,mass,1000,2,658,581,0.9072948328,0.9139414802,0.9262765347,4953.597246,6954,7127,0.01376936317,0,aps,0,0,,,,
29,0,aps_rolling,294,0.9999966619,mass,1000,2,618,538,0.8608414239,0.8717472119,0.8880421314,4899.234201,6916.5,7127,0.02416356877,0,aps,0,0,,,,
29,0,aps_rolling,295,0.9999990506,mass,1000,2,666,578,0.9144144144,0.9238754325,0.935928489,5432.99481,7034,7127,0.01211072664,0,aps,0,0,,,,
29,0,aps_rolling,296,0.9999991173,mass,1000,2,516,466,0.8875968992,0.8862660944,0.9022174535,5081.519313,7039,7127,0.00643776824,0,aps,0,0,,,,
29,0,aps_rolling,297,0.9999991429,mass,1000,2,292,254,0.8732876712,0.8818897638,0.9002624672,4565.527559,6715,7127,0.01968503937,0,aps,0,0,,,,
29,0,aps_rolling,298,0.9999995865,mass,1000,3,252,224,0.9206349206,0.9285714286,0.9382440476,5135.459821,7031,7127,0.02232142857,0,aps,0,0,,,,
29,0,aps_rolling,299,0.9999994246,mass,1000,3,702,615,0.8974358974,0.9170731707,0.9260549748,5120.186992,7017,7127,0.0162601626,0,aps,0,0,,,,
29,0,aps_rolling,300,0.9999995711,mass,1000,3,664,573,0.8960843373,0.9022687609,0.9156486329,5235.242583,7083,7127,0.01221640489,0,aps,0,0,,,,
29,0,aps_rolling,301,0.9999996871,mass,1000,2,616,552,0.9415584416,0.9420289855,0.9468599034,5463.342391,7092.5,7127,0.01086956522,0,aps,0,0,,,,
29,0,aps_rolling,302,0.9999986821,mass,1000,2,570,490,0.8649122807,0.8714285714,0.882244898,4724.614286,6856,7127,0.01224489796,0,aps,0,0,,,,
29,0,aps_rolling,303,0.9999995463,mass,1000,2,542,485,0.8985239852,0.8989690722,0.9050859107,5007.412371,7028,7127,0.00618556701,0,aps,0,0,,,,
29,0,aps_rolling,304,0.999999562,mass,1000,2,328,281,0.875,0.8790035587,0.8970937129,4924.206406,6955,7127,0.01779359431,0,aps,0,0,,,,
29,0,aps_rolling,305,0.9999997833,mass,1000,3,328,295,0.9146341463,0.9220338983,0.9317514124,4864.528814,6958,7127,0.003389830508,0,aps,0,0,,,,
29,0,aps_rolling,306,0.9999997474,mass,1000,3,582,513,0.9037800687,0.9239766082,0.9326185835,5007.251462,7051,7127,0.01169590643,0,aps,0,0,,,,
29,0,aps_rolling,307,0.9999995836,mass,1000,3,588,510,0.8979591837,0.9215686275,0.9308823529,5256.523529,7048,7127,0.0137254902,0,aps,0,0,,,,
29,0,aps_rolling,308,0.9999997667,mass,1000,2,562,497,0.8861209964,0.8953722334,0.9067739772,5109.826962,7085,7127,0.01609657948,0,aps,0,0,,,,
29,0,aps_rolling,309,0.9999998543,mass,1000,2,626,535,0.9009584665,0.9177570093,0.9238317757,5420.196262,7095,7127,0.007476635514,0,aps,0,0,,,,
29,0,aps_rolling,310,0.999999915,mass,1000,2,620,527,0.935483871,0.9411764706,0.9526565465,5055.666034,7051,7127,0.01138519924,0,aps,0,0,,,,
29,0,aps_rolling,311,0.9999997549,mass,1000,2,438,366,0.9086757991,0.9043715847,0.9180327869,4457.407104,6564.5,7127,0.01912568306,0,aps,0,0,,,,
29,0,aps_rolling,312,0.9999995479,mass,1000,2,460,368,0.8652173913,0.8804347826,0.9024262422,4234.247283,6474.5,7127,0.01630434783,0,aps,0,0,,,,
29,0,aps_rolling,313,0.9999997919,mass,1000,3,794,641,0.8828715365,0.9001560062,0.9136765471,4637.75507,6824,7127,0.01092043682,0,aps,0,0,,,,
29,0,aps_rolling,314,0.9999999308,mass,1000,2,678,585,0.9159292035,0.9230769231,0.9328245828,4939.805128,7054,7127,0.01025641026,0,aps,0,0,,,,
29,0,aps_rolling,315,0.9999999156,mass,1000,2,774,660,0.9031007752,0.9075757576,0.9212121212,4899.545455,7034.5,7127,0.01515151515,0,aps,0,0,,,,
29,0,aps_rolling,316,0.9999999709,mass,1000,2,758,622,0.9274406332,0.9308681672,0.9434619507,5477.909968,7099.5,7127,0.01446945338,0,aps,0,0,,,,
29,0,aps_rolling,317,0.9999997752,mass,1000,2,630,559,0.8904761905,0.8944543828,0.9140131187,4476.77102,6720,7127,0.02504472272,0,aps,0,0,,,,
29,0,aps_rolling,318,0.9999998768,mass,1000,2,342,308,0.9122807018,0.9253246753,0.9312770563,4410.016234,6701,7127,0.006493506494,0,aps,0,0,,,,
29,0,aps_rolling,319,0.9999998614,mass,1000,3,324,290,0.9166666667,0.9137931034,0.9206896552,4602.906897,6633,7127,0.01379310345,0,aps,0,0,,,,
29,0,aps_rolling,320,0.9999998623,mass,1000,3,736,646,0.8899456522,0.9102167183,0.9173890609,5019.560372,7023.5,7127,0.01238390093,0,aps,0,0,,,,
29,0,aps_rolling,321,0.9999998867,mass,1000,2,680,603,0.9147058824,0.912106136,0.9228855721,4990.137645,7002,7127,0.01492537313,0,aps,0,0,,,,
29,0,aps_rolling,322,0.999999904,mass,1000,2,668,595,0.9296407186,0.9378151261,0.9403361345,5120.744538,7034,7127,0.01176470588,0,aps,0,0,,,,
29,0,aps_rolling,323,0.9999995394,mass,1000,2,668,600,0.878742515,0.8833333333,0.8927777778,4707.06,6857.5,7127,0.025,0,aps,0,0,,,,
29,0,aps_rolling,324,0.9999998141,mass,1000,2,796,650,0.885678392,0.9,0.9193333333,4740.155385,6965.5,7127,0.01538461538,0,aps,0,0,,,,
29,0,aps_rolling,325,0.9999999039,mass,1000,2,398,360,0.8467336683,0.8555555556,0.8685185185,4493.791667,6822,7127,0.02222222222,0,aps,0,0,,,,
29,0,aps_rolling,326,0.999999953,mass,1000,2,422,348,0.8720379147,0.8936781609,0.9013409962,4192.931034,6517.5,7127,0.01436781609,0,aps,0,0,,,,
29,0,aps_rolling,327,0.9999999884,mass,1000,3,738,621,0.9227642276,0.9371980676,0.9517713366,5181.84219,7057,7127,0.01610305958,0,aps,0,0,,,,
29,0,aps_rolling,328,0.9999999804,mass,1000,2,600,526,0.9283333333,0.933460076,0.943780554,5195.596958,7078,7127,0.01330798479,0,aps,0,0,,,,
29,0,aps_rolling,329,0.9999999631,mass,1000,2,684,599,0.9152046784,0.9215358932,0.9254869226,5061.36227,7033,7127,0.01502504174,0,aps,0,0,,,,
29,0,aps_rolling,330,0.9999999257,mass,1000,2,640,580,0.90625,0.9120689655,0.9208333333,4940.894828,6982,7127,0.006896551724,0,aps,0,0,,,,
29,0,aps_rolling,331,0.9999999068,mass,1000,2,506,474,0.918972332,0.9261603376,0.9272151899,4834.198312,6961.5,7127,0.03375527426,0,aps,0,0,,,,
29,0,aps_rolling,332,0.9999998592,mass,1000,2,318,300,0.8836477987,0.89,0.8966666667,4560.78,6637.5,7127,0.02666666667,0,aps,0,0,,,,
29,0,aps_rolling,333,0.9999998668,mass,1000,3,342,312,0.8859649123,0.8846153846,0.8979700855,4629.214744,6843,7127,0.03205128205,0,aps,0,0,,,,
29,0,aps_rolling,334,0.9999998807,mass,1000,3,700,633,0.8928571429,0.9083728278,0.9136387572,4684.521327,6842,7127,0.03001579779,0,aps,0,0,,,,
29,0,aps_rolling,335,0.9999999051,mass,1000,2,656,587,0.8978658537,0.8994889267,0.9122657581,4682.500852,6816,7127,0.0272572402,0,aps,0,0,,,,
29,0,aps_rolling,336,0.9999999325,mass,1000,2,632,551,0.8924050633,0.891107078,0.9059286146,4823.960073,6982,7127,0.0108892922,0,aps,0,0,,,,
29,0,aps_rolling,337,0.9999999325,mass,1000,2,552,492,0.8949275362,0.9085365854,0.9148373984,4612.270325,6866.5,7127,0.0162601626,0,aps,0,0,,,,
29,0,aps_rolling,338,0.9999999645,mass,1000,2,496,457,0.9032258065,0.9190371991,0.9263311451,4906.417943,6964,7127,0.01312910284,0,aps,0,0,,,,
29,0,aps_rolling,339,0.9999999279,mass,1000,2,328,297,0.8963414634,0.8922558923,0.8956228956,4577.016835,6586,7127,0.0303030303,0,aps,0,0,,,,
29,0,aps_rolling,340,0.9999999438,mass,1000,3,328,303,0.8963414634,0.9174917492,0.9180418042,4919.937294,6853,7127,0.009900990099,0,aps,0,0,,,,
29,0,aps_rolling,341,0.9999999414,mass,1000,3,576,519,0.8836805556,0.9055876686,0.9097623635,4746.888247,6947,7127,0.01926782274,0,aps,0,0,,,,
29,0,aps_rolling,342,0.9999999721,mass,1000,3,636,565,0.9056603774,0.9008849558,0.9144542773,4941.982301,6907,7127,0.008849557522,0,aps,0,0,,,,
29,0,aps_rolling,343,0.9999999789,mass,1000,2,642,567,0.8909657321,0.8924162257,0.9059376837,5238.063492,7082,7127,0.01410934744,0,aps,0,0,,,,
29,0,aps_rolling,344,0.9999999801,mass,1000,2,650,582,0.88,0.8848797251,0.8966208477,4879.003436,6998.5,7127,0.01202749141,0,aps,0,0,,,,
29,0,aps_rolling,345,0.9999999971,mass,1000,2,586,501,0.9351535836,0.9301397206,0.9377910845,5113.323353,7108,7127,0.01596806387,0,aps,0,0,,,,
29,0,aps_rolling,346,0.9999999906,mass,1000,2,224,197,0.9285714286,0.9289340102,0.9390862944,4443.167513,6214,7127,0.02030456853,0,aps,0,0,,,,
29,0,aps_rolling,347,0.9999999735,mass,1000,3,306,277,0.8790849673,0.8880866426,0.9001203369,3936.6787,5935,7127,0.01805054152,0,aps,0,0,,,,
29,0,aps_rolling,348,0.999999976,mass,1000,3,714,610,0.8879551821,0.9016393443,0.9106557377,4571.093443,6792,7127,0.02131147541,0,aps,0,0,,,,
29,0,aps_rolling,349,0.9999999915,mass,1000,2,600,545,0.9,0.9027522936,0.9122324159,4699.001835,6845,7127,0.01467889908,0,aps,0,0,,,,
29,0,aps_rolling,350,0.999999995,mass,1000,2,656,560,0.9115853659,0.9089285714,0.9286309524,4568.246429,6650,7127,0.01607142857,0,aps,0,0,,,,
29,0,aps_rolling,351,0.9999999932,mass,1000,2,522,476,0.8716475096,0.8760504202,0.8904061625,4391.153361,6594,7127,0.01470588235,0,aps,0,0,,,,
29,0,aps_rolling,352,0.9999999961,mass,1000,2,462,415,0.8961038961,0.9180722892,0.9292168675,4668.698795,6912,7127,0.01686746988,0,aps,0,0,,,,
29,0,aps_rolling,353,0.9999999978,mass,1000,3,242,226,0.8719008264,0.8716814159,0.8827433628,4364.278761,6681.5,7127,0.02654867257,0,aps,0,0,,,,
29,0,aps_rolling,354,0.9999999983,mass,1000,3,238,227,0.9411764706,0.9427312775,0.9427312775,4840.23348,7019,7127,0.01321585903,0,aps,0,0,,,,
29,0,aps_rolling,355,0.9999999982,mass,1000,4,578,506,0.8823529412,0.8932806324,0.9089497459,4997.822134,7073.5,7127,0.01581027668,0,aps,0,0,,,,
29,0,aps_rolling,356,0.9999999986,mass,1000,3,548,483,0.901459854,0.9026915114,0.9109730849,4823.824017,7037,7127,0.01242236025,0,aps,0,0,,,,
29,0,aps_rolling,357,0.9999999994,mass,1000,2,406,363,0.9137931034,0.9173553719,0.9247015611,4649.00551,6902,7127,0.02203856749,0,aps,0,0,,,,
29,0,aps_rolling,358,0.9999999982,mass,1000,3,300,276,0.9233333333,0.9202898551,0.931763285,4263.351449,5882,7127,0.01449275362,0,aps,0,0,,,,
29,0,aps_rolling,359,0.9999999979,mass,1000,3,330,312,0.9515151515,0.9519230769,0.9567307692,5143.673077,7111.5,7127,0.003205128205,0,aps,0,0,,,,
29,0,aps_rolling,360,0.9999999904,mass,1000,3,228,214,0.8947368421,0.8971962617,0.8995327103,4316.621495,6231.5,7127,0.03271028037,0,aps,0,0,,,,
29,0,aps_rolling,361,0.9999999933,mass,1000,4,246,226,0.8292682927,0.8274336283,0.8355457227,3876.986726,5763.5,7127,0.02654867257,0,aps,0,0,,,,
29,0,aps_rolling,362,0.9999999945,mass,1000,4,620,530,0.8403225806,0.8811320755,0.9005615454,4268.203774,6535,7127,0.02264150943,0,aps,0,0,,,,
29,0,aps_rolling,363,0.9999999999,mass,1000,3,386,353,0.9274611399,0.9320113314,0.9388574127,4749.226629,6994,7127,0.01983002833,0,aps,0,0,,,,
29,0,aps_rolling,364,0.9999999998,mass,1000,2,354,329,0.9209039548,0.9240121581,0.9300911854,4840.358663,7028,7127,0.03039513678,0,aps,0,0,,,,
43,0,aps_rolling,292,0.9999410427,mass,1000,3,730,658,0.8917808219,0.8936170213,0.9026849037,4524.528875,6335,7123,0.01671732523,0,aps,0,0,,,,
43,0,aps_rolling,293,0.9999463147,mass,1000,2,658,581,0.8951367781,0.9070567986,0.9142283419,4826.60241,6584,7125,0.008605851979,0,aps,0,0,,,,
43,0,aps_rolling,294,0.9999560549,mass,1000,2,618,538,0.9174757282,0.907063197,0.926889715,4671.749071,6472.5,7124,0.01672862454,0,aps,0,0,,,,
43,0,aps_rolling,295,0.9999498439,mass,1000,2,666,578,0.9084084084,0.9065743945,0.9198096886,4845.608997,6372,7124,0.01211072664,0,aps,0,0,,,,
43,0,aps_rolling,296,0.9999411922,mass,1000,2,516,466,0.9127906977,0.9077253219,0.9211731044,4505.300429,6139,7122,0.00643776824,0,aps,0,0,,,,
43,0,aps_rolling,297,0.9999079339,mass,1000,2,292,254,0.8595890411,0.8779527559,0.887007874,3690.5,4806,7118,0.02362204724,0,aps,0,0,,,,
43,0,aps_rolling,298,0.9999554473,mass,1000,3,252,224,0.8888888889,0.9017857143,0.9084821429,4342.370536,6112.5,7126,0.02678571429,0,aps,0,0,,,,
43,0,aps_rolling,299,0.9999555914,mass,1000,3,702,615,0.9074074074,0.9024390244,0.9161749903,4439.326829,6166,7121,0.01788617886,0,aps,0,0,,,,
43,0,aps_rolling,300,0.9999586713,mass,1000,3,664,573,0.8734939759,0.872600349,0.8945123134,4711.115183,6442,7124,0.01396160558,0,aps,0,0,,,,
43,0,aps_rolling,301,0.9999725272,mass,1000,2,616,552,0.9058441558,0.9076086957,0.919263285,4867.548913,6677,7125,0.01086956522,0,aps,0,0,,,,
43,0,aps_rolling,302,0.9999677764,mass,1000,2,570,490,0.8859649123,0.8755102041,0.8860544218,4439.191837,6290.5,7124,0.01428571429,0,aps,0,0,,,,
43,0,aps_rolling,303,0.9999789704,mass,1000,2,542,485,0.9095940959,0.9010309278,0.9095532646,4605.969072,6434,7126,0.00412371134,0,aps,0,0,,,,
43,0,aps_rolling,304,0.9999704671,mass,1000,2,328,281,0.868902439,0.8612099644,0.8920521945,4317.241993,6252,7125,0.01779359431,0,aps,0,0,,,,
43,0,aps_rolling,305,0.9999807665,mass,1000,3,328,295,0.9268292683,0.9186440678,0.933220339,4316.647458,6087,7126,0.01355932203,0,aps,0,0,,,,
43,0,aps_rolling,306,0.9999694447,mass,1000,3,582,513,0.8865979381,0.8888888889,0.9044184535,4363.017544,6318,7125,0.01364522417,0,aps,0,0,,,,
43,0,aps_rolling,307,0.9999726272,mass,1000,3,588,510,0.8741496599,0.8784313725,0.8932679739,4676.343137,6421,7125,0.01568627451,0,aps,0,0,,,,
43,0,aps_rolling,308,0.9999829594,mass,1000,2,562,497,0.8914590747,0.893360161,0.9036504743,4543.331992,6519,7126,0.01609657948,0,aps,0,0,,,,
43,0,aps_rolling,309,0.9999847424,mass,1000,2,626,535,0.9041533546,0.8971962617,0.9137383178,4849.598131,6712,7126,0.01121495327,0,aps,0,0,,,,
43,0,aps_rolling,310,0.9999879017,mass,1000,2,620,527,0.9274193548,0.9222011385,0.9368437698,4471.774194,6178,7125,0.01138519924,0,aps,0,0,,,,
43,0,aps_rolling,311,0.9999791556,mass,1000,2,438,366,0.899543379,0.8852459016,0.9066484517,3696.685792,4508,7121.5,0.005464480874,0,aps,0,0,,,,
43,0,aps_rolling,312,0.999975608,mass,1000,2,460,368,0.8956521739,0.8831521739,0.9127717391,3694.994565,4938.5,7121,0.02989130435,0,aps,0,0,,,,
43,0,aps_rolling,313,0.9999801283,mass,1000,3,794,641,0.8828715365,0.872074883,0.8992199688,4026.714509,5571,7125,0.01560062402,0,aps,0,0,,,,
43,0,aps_rolling,314,0.999987524,mass,1000,2,678,585,0.883480826,0.8769230769,0.8912779813,4194.382906,5938,7125,0.02222222222,0,aps,0,0,,,,
43,0,aps_rolling,315,0.9999914291,mass,1000,2,774,660,0.8875968992,0.8848484848,0.8980050505,4429.25,6159,7125,0.01666666667,0,aps,0,0,,,,
43,0,aps_rolling,316,0.9999961478,mass,1000,2,758,622,0.9340369393,0.9260450161,0.9389067524,4978.88746,6687,7127,0.008038585209,0,aps,0,0,,,,
43,0,aps_rolling,317,0.9999869069,mass,1000,2,630,559,0.8714285714,0.8658318426,0.881216458,3867.003578,5201,7122,0.02504472272,0,aps,0,0,,,,
43,0,aps_rolling,318,0.9999928137,mass,1000,2,342,308,0.9035087719,0.8961038961,0.9145021645,3944.055195,5351.5,7125,0.01623376623,0,aps,0,0,,,,
43,0,aps_rolling,319,0.9999935184,mass,1000,3,324,290,0.9104938272,0.9068965517,0.9120689655,4034.127586,5755.5,7124,0.02068965517,0,aps,0,0,,,,
43,0,aps_rolling,320,0.9999940204,mass,1000,3,736,646,0.8953804348,0.8962848297,0.906501548,4593.204334,6489,7126,0.01702786378,0,aps,0,0,,,,
43,0,aps_rolling,321,0.9999934239,mass,1000,2,680,603,0.9102941176,0.903814262,0.9137645108,4413.810945,6187,7126,0.01326699834,0,aps,0,0,,,,
43,0,aps_rolling,322,0.9999941099,mass,1000,2,668,595,0.9131736527,0.9109243697,0.9162464986,4555.895798,6405,7126,0.01512605042,0,aps,0,0,,,,
43,0,aps_rolling,323,0.9999909501,mass,1000,2,668,600,0.8622754491,0.86,0.8741666667,4348.828333,5912,7125,0.015,0,aps,0,0,,,,
43,0,aps_rolling,324,0.9999967659,mass,1000,2,796,650,0.898241206,0.8923076923,0.919,4575.786154,6538.5,7126,0.009230769231,0,aps,0,0,,,,
43,0,aps_rolling,325,0.9999965827,mass,1000,2,398,360,0.8618090452,0.8555555556,0.8675925926,4134.697222,5841,7127,0.01666666667,0,aps,0,0,,,,
43,0,aps_rolling,326,0.9999986444,mass,1000,2,422,348,0.8957345972,0.8764367816,0.8927203065,3965.933908,5204.5,7126,0.02011494253,0,aps,0,0,,,,
43,0,aps_rolling,327,0.9999990895,mass,1000,3,738,621,0.9308943089,0.9307568438,0.9447128288,4958.270531,6634,7127,0.01288244767,0,aps,0,0,,,,
43,0,aps_rolling,328,0.9999971116,mass,1000,2,600,526,0.8883333333,0.8897338403,0.897338403,4613.760456,6572.5,7126,0.009505703422,0,aps,0,0,,,,
43,0,aps_rolling,329,0.9999980257,mass,1000,2,684,599,0.9356725146,0.9315525876,0.9409571508,4752.991653,6545,7127,0.008347245409,0,aps,0,0,,,,
43,0,aps_rolling,330,0.9999941743,mass,1000,2,640,580,0.8890625,0.8844827586,0.894683908,4236.560345,5991.5,7126,0.01206896552,0,aps,0,0,,,,
43,0,aps_rolling,331,0.9999941743,mass,1000,2,506,474,0.9090909091,0.9050632911,0.9091068917,4314.907173,5934.5,7126,0.02109704641,0,aps,0,0,,,,
43,0,aps_rolling,332,0.9999943185,mass,1000,2,318,300,0.8805031447,0.88,0.885,3874.843333,5344,7126,0.04,0,aps,0,0,,,,
43,0,aps_rolling,333,0.9999945087,mass,1000,3,342,312,0.8304093567,0.8205128205,0.8482905983,3859.599359,5210.5,7125.9,0.03846153846,0,aps,0,0,,,,
43,0,aps_rolling,334,0.9999977316,mass,1000,3,700,633,0.91,0.9146919431,0.9210110585,4405.205371,6167,7127,0.01737756714,0,aps,0,0,,,,
43,0,aps_rolling,335,0.9999981017,mass,1000,2,656,587,0.9085365854,0.9080068143,0.9168086315,4469.151618,6216,7127,0.01192504259,0,aps,0,0,,,,
43,0,aps_rolling,336,0.9999978507,mass,1000,2,632,551,0.8971518987,0.8983666062,0.9129461585,4526.519056,6313,7127,0.0108892922,0,aps,0,0,,,,
43,0,aps_rolling,337,0.9999979929,mass,1000,2,552,492,0.9130434783,0.9085365854,0.9187669377,4221.085366,6126,7126,0.01422764228,0,aps,0,0,,,,
43,0,aps_rolling,338,0.9999975331,mass,1000,2,496,457,0.9032258065,0.9124726477,0.9196207148,4281.78337,6019,7126,0.01969365427,0,aps,0,0,,,,
43,0,aps_rolling,339,0.9999970508,mass,1000,2,328,297,0.875,0.8787878788,0.8897306397,4026.430976,5097,7116.8,0.0202020202,0,aps,0,0,,,,
43,0,aps_rolling,340,0.9999981303,mass,1000,3,328,303,0.9054878049,0.904290429,0.9163916392,4261.528053,5757,7127,0.006600660066,0,aps,0,0,,,,
43,0,aps_rolling,341,0.9999978841,mass,1000,3,576,519,0.8611111111,0.8651252408,0.878805395,4247.364162,5904,7127,0.005780346821,0,aps,0,0,,,,
43,0,aps_rolling,342,0.999998852,mass,1000,3,636,565,0.9009433962,0.9026548673,0.915339233,4441.362832,6391,7127,0.01415929204,0,aps,0,0,,,,
43,0,aps_rolling,343,0.9999995505,mass,1000,2,642,567,0.9158878505,0.9100529101,0.9266901822,4976.767196,6842,7127,0.01234567901,0,aps,0,0,,,,
43,0,aps_rolling,344,0.999999244,mass,1000,2,650,582,0.8984615385,0.8934707904,0.9037800687,4591.140893,6565.5,7127,0.01030927835,0,aps,0,0,,,,
43,0,aps_rolling,345,0.9999993771,mass,1000,2,586,501,0.9044368601,0.8922155689,0.9061876248,4464.986028,6601,7127,0.01596806387,0,aps,0,0,,,,
43,0,aps_rolling,346,0.9999990679,mass,1000,2,224,197,0.8883928571,0.883248731,0.9060913706,3464.730964,3551,7127,0.0152284264,0,aps,0,0,,,,
43,0,aps_rolling,347,0.9999990679,mass,1000,3,306,277,0.9052287582,0.916967509,0.9199759326,3559.227437,3820,7126.4,0.01444043321,0,aps,0,0,,,,
43,0,aps_rolling,348,0.999999286,mass,1000,3,714,610,0.9131652661,0.9032786885,0.9162568306,4233.32459,5922,7127,0.01475409836,0,aps,0,0,,,,
43,0,aps_rolling,349,0.9999987089,mass,1000,2,600,545,0.8566666667,0.8550458716,0.8666666667,3886.223853,4999,7127,0.0128440367,0,aps,0,0,,,,
43,0,aps_rolling,350,0.9999996991,mass,1000,2,656,560,0.8795731707,0.8732142857,0.8933928571,4063.889286,5348.5,7127,0.01428571429,0,aps,0,0,,,,
43,0,aps_rolling,351,0.999999869,mass,1000,2,522,476,0.877394636,0.8802521008,0.8914565826,4285.336134,6115,7127,0.01260504202,0,aps,0,0,,,,
43,0,aps_rolling,352,0.9999999239,mass,1000,2,462,415,0.9047619048,0.9084337349,0.9234939759,4636.978313,6319,7127,0.01445783133,0,aps,0,0,,,,
43,0,aps_rolling,353,0.9999999379,mass,1000,3,242,226,0.8595041322,0.8584070796,0.8738938053,4305.09292,6235,7127,0.03539823009,0,aps,0,0,,,,
43,0,aps_rolling,354,0.9999999699,mass,1000,3,238,227,0.9117647059,0.9118942731,0.9155653451,4692.995595,6584,7127,0.03524229075,0,aps,0,0,,,,
43,0,aps_rolling,355,0.9999999671,mass,1000,4,578,506,0.9083044983,0.9011857708,0.9218661773,5023.681818,6903,7127,0.01185770751,0,aps,0,0,,,,
43,0,aps_rolling,356,0.9999999603,mass,1000,3,548,483,0.8996350365,0.8964803313,0.9033816425,4765.072464,6711,7127,0.01035196687,0,aps,0,0,,,,
43,0,aps_rolling,357,0.9999999664,mass,1000,2,406,363,0.9261083744,0.9256198347,0.9306703398,4398.096419,6296,7127,0.01652892562,0,aps,0,0,,,,
43,0,aps_rolling,358,0.9999999198,mass,1000,3,300,276,0.9233333333,0.9202898551,0.9299516908,3784.003623,4862.5,7127,0.01811594203,0,aps,0,0,,,,
43,0,aps_rolling,359,0.999999807,mass,1000,3,330,312,0.9424242424,0.9423076923,0.9471153846,4668.910256,6783.5,7127,0.009615384615,0,aps,0,0,,,,
43,0,aps_rolling,360,0.999999523,mass,1000,3,228,214,0.8684210526,0.8644859813,0.8746105919,3572.457944,4206.5,7126.7,0.03738317757,0,aps,0,0,,,,
43,0,aps_rolling,361,0.999999749,mass,1000,4,246,226,0.8699186992,0.8628318584,0.8746312684,3456.90708,3322.5,7126,0.01769911504,0,aps,0,0,,,,
43,0,aps_rolling,362,0.9999997085,mass,1000,4,620,530,0.9129032258,0.9,0.9208445642,3709.118868,4852.5,7127,0.02264150943,0,aps,0,0,,,,
43,0,aps_rolling,363,0.9999997206,mass,1000,3,386,353,0.8652849741,0.8583569405,0.8758262512,3559.866856,4179,7127,0.03682719547,0,aps,0,0,,,,
43,0,aps_rolling,364,0.9999998192,mass,1000,2,354,329,0.8502824859,0.8449848024,0.8556231003,3780.705167,4529,7127,0.02127659574,0,aps,0,0,,,,
59,0,aps_rolling,292,0.9999944588,mass,1000,3,730,658,0.8780821918,0.896656535,0.9027355623,4723.398176,6737,7127,0.01367781155,0,aps,0,0,,,,
59,0,aps_rolling,293,0.9999973012,mass,1000,2,658,581,0.9331306991,0.9380378657,0.9457831325,5156.657487,6988,7127,0.01204819277,0,aps,0,0,,,,
59,0,aps_rolling,294,0.9999941981,mass,1000,2,618,538,0.8640776699,0.8698884758,0.8865551425,4770.301115,6845.5,7127,0.01301115242,0,aps,0,0,,,,
59,0,aps_rolling,295,0.9999968777,mass,1000,2,666,578,0.9039039039,0.9134948097,0.9235294118,5139.849481,6913,7127,0.01211072664,0,aps,0,0,,,,
59,0,aps_rolling,296,0.9999982653,mass,1000,2,516,466,0.8972868217,0.8969957082,0.9086552217,5048.377682,6971,7127,0.01287553648,0,aps,0,0,,,,
59,0,aps_rolling,297,0.9999975063,mass,1000,2,292,254,0.8767123288,0.8858267717,0.8998687664,4382.098425,6447,7127,0.01181102362,0,aps,0,0,,,,
59,0,aps_rolling,298,0.9999984809,mass,1000,3,252,224,0.9166666667,0.9241071429,0.9337797619,4958.924107,6881,7127,0.02232142857,0,aps,0,0,,,,
59,0,aps_rolling,299,0.9999982659,mass,1000,3,702,615,0.8945868946,0.9105691057,0.918931475,4992.806504,6910,7127,0.01300813008,0,aps,0,0,,,,
59,0,aps_rolling,300,0.9999985143,mass,1000,3,664,573,0.9021084337,0.9092495637,0.9246655032,5133.09075,6991,7127,0.01745200698,0,aps,0,0,,,,
59,0,aps_rolling,301,0.9999987811,mass,1000,2,616,552,0.9269480519,0.9275362319,0.9302536232,5293.451087,7050,7127,0.01630434783,0,aps,0,0,,,,
59,0,aps_rolling,302,0.9999957118,mass,1000,2,570,490,0.8614035088,0.8714285714,0.882244898,4603.297959,6532.5,7127,0.02653061224,0,aps,0,0,,,,
59,0,aps_rolling,303,0.9999988787,mass,1000,2,542,485,0.9114391144,0.9113402062,0.9161512027,4967.569072,6963,7127,0.00824742268,0,aps,0,0,,,,
59,0,aps_rolling,304,0.9999983205,mass,1000,2,328,281,0.8719512195,0.8825622776,0.9056939502,4710.163701,6806,7127,0.01423487544,0,aps,0,0,,,,
59,0,aps_rolling,305,0.9999993569,mass,1000,3,328,295,0.9115853659,0.9186440678,0.929039548,4802.233898,6819,7127,0.01355932203,0,aps,0,0,,,,
59,0,aps_rolling,306,0.999999089,mass,1000,3,582,513,0.8917525773,0.9064327485,0.9201104613,4825.906433,6890,7127,0.009746588694,0,aps,0,0,,,,
59,0,aps_rolling,307,0.9999993774,mass,1000,3,588,510,0.9132653061,0.9333333333,0.9413398693,5261.656863,7008,7127,0.007843137255,0,aps,0,0,,,,
59,0,aps_rolling,308,0.9999990003,mass,1000,2,562,497,0.896797153,0.9014084507,0.9148222669,4883.358149,6990,7127,0.01609657948,0,aps,0,0,,,,
59,0,aps_rolling,309,0.9999989281,mass,1000,2,626,535,0.9057507987,0.923364486,0.9308722741,5115.471028,6989,7127,0.007476635514,0,aps,0,0,,,,
59,0,aps_rolling,310,0.9999988683,mass,1000,2,620,527,0.9258064516,0.9335863378,0.9468058191,4644.607211,6699,7127,0.009487666034,0,aps,0,0,,,,
59,0,aps_rolling,311,0.999997813,mass,1000,2,438,366,0.8881278539,0.8770491803,0.8987249545,4021.286885,5611.5,7127,0.01366120219,0,aps,0,0,,,,
59,0,aps_rolling,312,0.9999975272,mass,1000,2,460,368,0.8456521739,0.8777173913,0.8894539337,3943.720109,5678.5,7126.3,0.01630434783,0,aps,0,0,,,,
59,0,aps_rolling,313,0.9999992516,mass,1000,3,794,641,0.8803526448,0.8845553822,0.9079563183,4443.085803,6637,7127,0.01092043682,0,aps,0,0,,,,
59,0,aps_rolling,314,0.9999995903,mass,1000,2,678,585,0.8923303835,0.8991452991,0.9092796093,4642.854701,6866,7127,0.01538461538,0,aps,0,0,,,,
59,0,aps_rolling,315,0.9999996982,mass,1000,2,774,660,0.8940568475,0.9,0.9119949495,4790.625758,6873.5,7127,0.01666666667,0,aps,0,0,,,,
59,0,aps_rolling,316,0.999999883,mass,1000,2,758,622,0.9419525066,0.9453376206,0.9564844587,5343.916399,7029,7127,0.006430868167,0,aps,0,0,,,,
59,0,aps_rolling,317,0.9999987666,mass,1000,2,630,559,0.8698412698,0.8676207513,0.8833035182,4115.647585,6137,7126,0.03398926655,0,aps,0,0,,,,
59,0,aps_rolling,318,0.999999644,mass,1000,2,342,308,0.9005847953,0.9058441558,0.9177489177,4233.737013,6448,7127,0.00974025974,0,aps,0,0,,,,
59,0,aps_rolling,319,0.9999996905,mass,1000,3,324,290,0.9320987654,0.9275862069,0.9344827586,4587.093103,6678.5,7127,0.02413793103,0,aps,0,0,,,,
59,0,aps_rolling,320,0.9999996122,mass,1000,3,736,646,0.9089673913,0.9226006192,0.929876161,4880.620743,6923,7127,0.01702786378,0,aps,0,0,,,,
59,0,aps_rolling,321,0.9999993755,mass,1000,2,680,603,0.9058823529,0.9004975124,0.9129353234,4721.40796,6743,7127,0.01160862355,0,aps,0,0,,,,
59,0,aps_rolling,322,0.9999995301,mass,1000,2,668,595,0.9161676647,0.9193277311,0.925210084,4810.702521,6874,7127,0.01512605042,0,aps,0,0,,,,
59,0,aps_rolling,323,0.9999993312,mass,1000,2,668,600,0.8907185629,0.9,0.9091666667,4727.071667,6693.5,7127,0.015,0,aps,0,0,,,,
59,0,aps_rolling,324,0.9999995538,mass,1000,2,796,650,0.8768844221,0.8938461538,0.9112051282,4650.590769,6775.5,7127,0.01384615385,0,aps,0,0,,,,
59,0,aps_rolling,325,0.9999997291,mass,1000,2,398,360,0.8442211055,0.8444444444,0.8537037037,4316.336111,6464.5,7127,0.01944444444,0,aps,0,0,,,,
59,0,aps_rolling,326,0.9999998606,mass,1000,2,422,348,0.8838862559,0.8793103448,0.8966714559,4027.235632,6016.5,7127,0.01149425287,0,aps,0,0,,,,
59,0,aps_rolling,327,0.9999999095,mass,1000,3,738,621,0.9010840108,0.9114331723,0.9305152979,4907.061192,6864,7127,0.009661835749,0,aps,0,0,,,,
59,0,aps_rolling,328,0.9999999165,mass,1000,2,600,526,0.92,0.9220532319,0.9322831794,4965.935361,7012.5,7127,0.01140684411,0,aps,0,0,,,,
59,0,aps_rolling,329,0.9999998853,mass,1000,2,684,599,0.918128655,0.9215358932,0.9258208125,4915.457429,6964,7127,0.01335559265,0,aps,0,0,,,,
59,0,aps_rolling,330,0.9999997706,mass,1000,2,640,580,0.9046875,0.9103448276,0.9170977011,4810.658621,6849.5,7127,0.01551724138,0,aps,0,0,,,,
59,0,aps_rolling,331,0.9999997113,mass,1000,2,506,474,0.9071146245,0.9135021097,0.9166666667,4714.394515,6831,7127,0.01898734177,0,aps,0,0,,,,
59,0,aps_rolling,332,0.9999996839,mass,1000,2,318,300,0.9025157233,0.9033333333,0.9111111111,4369.58,6214,7127,0.03,0,aps,0,0,,,,
59,0,aps_rolling,333,0.9999996822,mass,1000,3,342,312,0.8859649123,0.8878205128,0.8958333333,4476.394231,6386,7127,0.03205128205,0,aps,0,0,,,,
59,0,aps_rolling,334,0.9999996839,mass,1000,3,700,633,0.8857142857,0.9036334913,0.9110057925,4582.919431,6618,7127,0.02369668246,0,aps,0,0,,,,
59,0,aps_rolling,335,0.9999998447,mass,1000,2,656,587,0.8932926829,0.8909710392,0.9051675185,4681.996593,6719,7127,0.01192504259,0,aps,0,0,,,,
59,0,aps_rolling,336,0.9999999279,mass,1000,2,632,551,0.9050632911,0.9074410163,0.9168179068,4938.235935,6939,7127,0.005444646098,0,aps,0,0,,,,
59,0,aps_rolling,337,0.9999998732,mass,1000,2,552,492,0.8913043478,0.8983739837,0.9079268293,4521.25,6704.5,7127,0.0162601626,0,aps,0,0,,,,
59,0,aps_rolling,338,0.9999999418,mass,1000,2,496,457,0.9193548387,0.932166302,0.9369073669,4848.330416,6939,7127,0.01312910284,0,aps,0,0,,,,
59,0,aps_rolling,339,0.9999998637,mass,1000,2,328,297,0.8932926829,0.8855218855,0.8930976431,4534.919192,6264,7127,0.01346801347,0,aps,0,0,,,,
59,0,aps_rolling,340,0.9999999015,mass,1000,3,328,303,0.9085365854,0.9207920792,0.9257425743,4776.993399,6644,7127,0.01650165017,0,aps,0,0,,,,
59,0,aps_rolling,341,0.9999998585,mass,1000,3,576,519,0.8802083333,0.8978805395,0.9075144509,4625.612717,6706,7127,0.01156069364,0,aps,0,0,,,,
59,0,aps_rolling,342,0.9999999354,mass,1000,3,636,565,0.9103773585,0.9097345133,0.9179941003,4897.761062,6855,7127,0.01238938053,0,aps,0,0,,,,
59,0,aps_rolling,343,0.9999999429,mass,1000,2,642,567,0.8862928349,0.8941798942,0.9032921811,5138.361552,6986,7127,0.01940035273,0,aps,0,0,,,,
59,0,aps_rolling,344,0.9999999664,mass,1000,2,650,582,0.8846153846,0.8917525773,0.8983390607,4796.62543,6937,7127,0.005154639175,0,aps,0,0,,,,
59,0,aps_rolling,345,0.9999999913,mass,1000,2,586,501,0.9317406143,0.9301397206,0.9334664005,5103.942116,7047,7127,0.007984031936,0,aps,0,0,,,,
59,0,aps_rolling,346,0.9999999621,mass,1000,2,224,197,0.9017857143,0.8984771574,0.9137055838,4044.441624,5437,7127,0.0152284264,0,aps,0,0,,,,
59,0,aps_rolling,347,0.9999999535,mass,1000,3,306,277,0.9150326797,0.916967509,0.9265944645,3908.025271,5646,7127,0.01805054152,0,aps,0,0,,,,
59,0,aps_rolling,348,0.9999999349,mass,1000,3,714,610,0.8907563025,0.9,0.9090163934,4451.032787,6573,7127,0.0131147541,0,aps,0,0,,,,
59,0,aps_rolling,349,0.9999999525,mass,1000,2,600,545,0.885,0.8880733945,0.8975535168,4387.792661,6347,7127,0.0128440367,0,aps,0,0,,,,
59,0,aps_rolling,350,0.9999999896,mass,1000,2,656,560,0.8826219512,0.8857142857,0.9058630952,4473.921429,6519,7127,0.01785714286,0,aps,0,0,,,,
59,0,aps_rolling,351,0.9999999931,mass,1000,2,522,476,0.8754789272,0.8844537815,0.8984593838,4449.596639,6492.5,7127,0.01260504202,0,aps,0,0,,,,
59,0,aps_rolling,352,0.9999999961,mass,1000,2,462,415,0.8896103896,0.9012048193,0.9156626506,4797.995181,6853,7127,0.01204819277,0,aps,0,0,,,,
59,0,aps_rolling,353,0.999999998,mass,1000,3,242,226,0.8842975207,0.8849557522,0.8915929204,4473.871681,6679.5,7127,0.02654867257,0,aps,0,0,,,,
59,0,aps_rolling,354,0.9999999982,mass,1000,3,238,227,0.9117647059,0.9074889868,0.9126284875,4927.590308,6997,7127,0.01321585903,0,aps,0,0,,,,
59,0,aps_rolling,355,0.9999999989,mass,1000,4,578,506,0.901384083,0.9090909091,0.9261481272,5211.590909,7076,7127,0.01778656126,0,aps,0,0,,,,
59,0,aps_rolling,356,0.9999999987,mass,1000,3,548,483,0.9251824818,0.9254658385,0.9316770186,5003.573499,7000,7127,0.01449275362,0,aps,0,0,,,,
59,0,aps_rolling,357,0.9999999973,mass,1000,2,406,363,0.8990147783,0.9063360882,0.9127640037,4551.134986,6624,7127,0.01377410468,0,aps,0,0,,,,
59,0,aps_rolling,358,0.9999999948,mass,1000,3,300,276,0.9066666667,0.9057971014,0.9154589372,4044.572464,5718,7127,0.01449275362,0,aps,0,0,,,,
59,0,aps_rolling,359,0.9999999948,mass,1000,3,330,312,0.9454545455,0.9487179487,0.9519230769,5086.724359,7081.5,7127,0.009615384615,0,aps,0,0,,,,
59,0,aps_rolling,360,0.9999999832,mass,1000,3,228,214,0.8859649123,0.8925233645,0.8971962617,4146.939252,5848.5,7127,0.03738317757,0,aps,0,0,,,,
59,0,aps_rolling,361,0.9999999892,mass,1000,4,246,226,0.8536585366,0.8495575221,0.8569321534,3759.323009,4850,7127,0.02654867257,0,aps,0,0,,,,
59,0,aps_rolling,362,0.9999999874,mass,1000,4,620,530,0.85,0.8867924528,0.9025157233,4158.475472,6122,7127,0.02264150943,0,aps,0,0,,,,
59,0,aps_rolling,363,0.9999999994,mass,1000,3,386,353,0.914507772,0.9178470255,0.9261095373,4546.11898,6881,7127,0.01416430595,0,aps,0,0,,,,
59,0,aps_rolling,364,0.9999999994,mass,1000,2,354,329,0.906779661,0.905775076,0.9138804458,4661.316109,6779,7127,0.03343465046,0,aps,0,0,,,,
71,0,aps_rolling,292,0.9999941959,mass,1000,3,730,658,0.8849315068,0.896656535,0.90704154,4767.346505,6749.5,7127,0.01519756839,0,aps,0,0,,,,
71,0,aps_rolling,293,0.9999953822,mass,1000,2,658,581,0.9179331307,0.9208261618,0.9357429719,5047.994836,6943,7127,0.01032702238,0,aps,0,0,,,,
71,0,aps_rolling,294,0.9999945679,mass,1000,2,618,538,0.8673139159,0.8717472119,0.8911400248,4837.789963,6820.5,7127,0.02602230483,0,aps,0,0,,,,
71,0,aps_rolling,295,0.9999977878,mass,1000,2,666,578,0.9129129129,0.9204152249,0.9315455594,5230.129758,6948.5,7127,0.01384083045,0,aps,0,0,,,,
71,0,aps_rolling,296,0.9999978524,mass,1000,2,516,466,0.8759689922,0.8798283262,0.8950643777,4975.467811,6924.5,7127,0.01931330472,0,aps,0,0,,,,
71,0,aps_rolling,297,0.9999982527,mass,1000,2,292,254,0.8767123288,0.8779527559,0.8955380577,4517.492126,6306.5,7127,0.0157480315,0,aps,0,0,,,,
71,0,aps_rolling,298,0.9999988315,mass,1000,3,252,224,0.9047619048,0.9107142857,0.9181547619,5089.647321,6878.5,7127,0.01785714286,0,aps,0,0,,,,
71,0,aps_rolling,299,0.9999988315,mass,1000,3,702,615,0.9245014245,0.9317073171,0.9422996516,5088.84065,6966,7127,0.0162601626,0,aps,0,0,,,,
71,0,aps_rolling,300,0.9999965752,mass,1000,3,664,573,0.9051204819,0.9092495637,0.9257320147,4977.352531,6912,7127,0.03315881326,0,aps,0,0,,,,
71,0,aps_rolling,301,0.9999965657,mass,1000,2,616,552,0.9188311688,0.9166666667,0.920410628,5034.487319,6970.5,7127,0.01811594203,0,aps,0,0,,,,
71,0,aps_rolling,302,0.9999940492,mass,1000,2,570,490,0.8526315789,0.8612244898,0.8734985423,4374.75102,6428,7127,0.02653061224,0,aps,0,0,,,,
71,0,aps_rolling,303,0.9999976605,mass,1000,2,542,485,0.9095940959,0.9072164948,0.9154639175,4761.762887,6797,7127,0.01443298969,0,aps,0,0,,,,
71,0,aps_rolling,304,0.9999971968,mass,1000,2,328,281,0.8445121951,0.8576512456,0.87485172,4650.782918,6712,7127,0.01779359431,0,aps,0,0,,,,
71,0,aps_rolling,305,0.9999985371,mass,1000,3,328,295,0.9237804878,0.9220338983,0.933220339,4687.786441,6613,7127,0.003389830508,0,aps,0,0,,,,
71,0,aps_rolling,306,0.9999983008,mass,1000,3,582,513,0.883161512,0.9005847953,0.910591293,4667.992203,6871,7127,0.009746588694,0,aps,0,0,,,,
71,0,aps_rolling,307,0.9999985565,mass,1000,3,588,510,0.9030612245,0.9176470588,0.9294771242,5108.692157,6912.5,7127,0.0137254902,0,aps,0,0,,,,
71,0,aps_rolling,308,0.9999985568,mass,1000,2,562,497,0.884341637,0.8853118712,0.8984574111,4777.603622,6964,7127,0.02414486922,0,aps,0,0,,,,
71,0,aps_rolling,309,0.9999989474,mass,1000,2,626,535,0.8849840256,0.8934579439,0.9087538941,5137.241121,7004,7127,0.01682242991,0,aps,0,0,,,,
71,0,aps_rolling,310,0.9999993216,mass,1000,2,620,527,0.9177419355,0.9165085389,0.9360531309,4806.673624,6838,7127,0.01707779886,0,aps,0,0,,,,
71,0,aps_rolling,311,0.999999093,mass,1000,2,438,366,0.904109589,0.8961748634,0.9203096539,4351.579235,6129,7127,0.02459016393,0,aps,0,0,,,,
71,0,aps_rolling,312,0.9999987308,mass,1000,2,460,368,0.8847826087,0.8777173913,0.9025362319,4125.597826,5950,7127,0.02173913043,0,aps,0,0,,,,
71,0,aps_rolling,313,0.9999991907,mass,1000,3,794,641,0.8778337531,0.8814352574,0.9031981279,4413.419657,6521,7127,0.01872074883,0,aps,0,0,,,,
71,0,aps_rolling,314,0.9999996296,mass,1000,2,678,585,0.8982300885,0.8957264957,0.9099104599,4703.762393,6870,7127,0.02051282051,0,aps,0,0,,,,
71,0,aps_rolling,315,0.999999692,mass,1000,2,774,660,0.8953488372,0.896969697,0.9121464646,4772.85,6888.5,7127,0.01818181818,0,aps,0,0,,,,
71,0,aps_rolling,316,0.9999998833,mass,1000,2,758,622,0.9327176781,0.9292604502,0.9451768489,5366.651125,7030,7127,0.01125401929,0,aps,0,0,,,,
71,0,aps_rolling,317,0.9999992626,mass,1000,2,630,559,0.8746031746,0.8729874776,0.8952295766,4292.389982,6192,7127,0.05366726297,0,aps,0,0,,,,
71,0,aps_rolling,318,0.9999997002,mass,1000,2,342,308,0.9239766082,0.9253246753,0.933982684,4403.964286,6520,7127,0.02272727273,0,aps,0,0,,,,
71,0,aps_rolling,319,0.9999996492,mass,1000,3,324,290,0.9320987654,0.9275862069,0.9344827586,4488.137931,6457,7127,0.01034482759,0,aps,0,0,,,,
71,0,aps_rolling,320,0.9999994176,mass,1000,3,736,646,0.902173913,0.9133126935,0.9212934297,4775.020124,6843.5,7127,0.02476780186,0,aps,0,0,,,,
71,0,aps_rolling,321,0.9999992426,mass,1000,2,680,603,0.8985294118,0.8922056385,0.9060254284,4689.310116,6763,7127,0.01824212272,0,aps,0,0,,,,
71,0,aps_rolling,322,0.9999996851,mass,1000,2,668,595,0.9176646707,0.9260504202,0.9319327731,4915.952941,6927,7127,0.01512605042,0,aps,0,0,,,,
71,0,aps_rolling,323,0.9999995343,mass,1000,2,668,600,0.9101796407,0.92,0.9291666667,4799.668333,6760,7127,0.02,0,aps,0,0,,,,
71,0,aps_rolling,324,0.9999994125,mass,1000,2,796,650,0.8819095477,0.8907692308,0.9148461538,4599,6688,7127,0.02461538462,0,aps,0,0,,,,
71,0,aps_rolling,325,0.9999996088,mass,1000,2,398,360,0.8266331658,0.8388888889,0.8444444444,4314.391667,6729.5,7127,0.02222222222,0,aps,0,0,,,,
71,0,aps_rolling,326,0.9999998678,mass,1000,2,422,348,0.8862559242,0.8850574713,0.8965517241,4077.508621,6179.5,7127,0.02586206897,0,aps,0,0,,,,
71,0,aps_rolling,327,0.9999999105,mass,1000,3,738,621,0.9037940379,0.9162640902,0.9332796565,4905.887279,6919,7127,0.01610305958,0,aps,0,0,,,,
71,0,aps_rolling,328,0.9999998909,mass,1000,2,600,526,0.92,0.9201520913,0.930608365,4931.640684,6966,7127,0.007604562738,0,aps,0,0,,,,
71,0,aps_rolling,329,0.9999998401,mass,1000,2,684,599,0.9064327485,0.9031719533,0.9117417919,4863.280467,6910,7127,0.01502504174,0,aps,0,0,,,,
71,0,aps_rolling,330,0.9999996723,mass,1000,2,640,580,0.9,0.9086206897,0.9149425287,4744.237931,6771.5,7127,0.01034482759,0,aps,0,0,,,,
71,0,aps_rolling,331,0.999999734,mass,1000,2,506,474,0.9209486166,0.9282700422,0.9314345992,4794.966245,6827.5,7127,0.02109704641,0,aps,0,0,,,,
71,0,aps_rolling,332,0.9999994863,mass,1000,2,318,300,0.9025157233,0.9,0.9038888889,4299.733333,5913.5,7127,0.03666666667,0,aps,0,0,,,,
71,0,aps_rolling,333,0.9999993855,mass,1000,3,342,312,0.865497076,0.875,0.8835470085,4334.602564,6289,7127,0.03525641026,0,aps,0,0,,,,
71,0,aps_rolling,334,0.9999995474,mass,1000,3,700,633,0.8871428571,0.9020537125,0.9086361243,4485.71406,6624,7127,0.03317535545,0,aps,0,0,,,,
71,0,aps_rolling,335,0.999999842,mass,1000,2,656,587,0.9009146341,0.9011925043,0.9151050539,4690.781942,6684,7127,0.02044293015,0,aps,0,0,,,,
71,0,aps_rolling,336,0.9999998979,mass,1000,2,632,551,0.9003164557,0.8965517241,0.908953418,4859.245009,6893,7127,0.01270417423,0,aps,0,0,,,,
71,0,aps_rolling,337,0.9999998771,mass,1000,2,552,492,0.9112318841,0.9207317073,0.9279810298,4624.693089,6714,7127,0.01829268293,0,aps,0,0,,,,
71,0,aps_rolling,338,0.9999998703,mass,1000,2,496,457,0.8991935484,0.9168490153,0.9213712619,4722.59081,6795,7127,0.01094091904,0,aps,0,0,,,,
71,0,aps_rolling,339,0.9999998462,mass,1000,2,328,297,0.875,0.8653198653,0.8790684624,4542.16835,6332,7126.4,0.0303030303,0,aps,0,0,,,,
71,0,aps_rolling,340,0.9999999247,mass,1000,3,328,303,0.9176829268,0.9306930693,0.9345434543,4879.920792,6696,7127,0.02310231023,0,aps,0,0,,,,
71,0,aps_rolling,341,0.9999999104,mass,1000,3,576,519,0.8975694444,0.9055876686,0.915285806,4746.134875,6791,7127,0.01156069364,0,aps,0,0,,,,
71,0,aps_rolling,342,0.9999999021,mass,1000,3,636,565,0.891509434,0.8920353982,0.904719764,4661.987611,6740,7127,0.01238938053,0,aps,0,0,,,,
71,0,aps_rolling,343,0.9999999521,mass,1000,2,642,567,0.8878504673,0.8994708995,0.9071722516,5147.915344,7002,7127,0.01410934744,0,aps,0,0,,,,
71,0,aps_rolling,344,0.9999999722,mass,1000,2,650,582,0.8861538462,0.8900343643,0.9003436426,4899.042955,6958.5,7127,0.01202749141,0,aps,0,0,,,,
71,0,aps_rolling,345,0.9999999863,mass,1000,2,586,501,0.9249146758,0.9201596806,0.9251497006,5001.736527,7040,7127,0.01796407186,0,aps,0,0,,,,
71,0,aps_rolling,346,0.9999999744,mass,1000,2,224,197,0.8973214286,0.9035532995,0.9137055838,4132.532995,5631,7127,0.05076142132,0,aps,0,0,,,,
71,0,aps_rolling,347,0.999999955,mass,1000,3,306,277,0.8725490196,0.8844765343,0.8977135981,3902.620939,5693,7127,0.04332129964,0,aps,0,0,,,,
71,0,aps_rolling,348,0.999999977,mass,1000,3,714,610,0.8921568627,0.9,0.9106557377,4698.380328,6832,7127,0.03606557377,0,aps,0,0,,,,
71,0,aps_rolling,349,0.9999999853,mass,1000,2,600,545,0.8966666667,0.8990825688,0.906116208,4705.078899,6802,7127,0.01467889908,0,aps,0,0,,,,
71,0,aps_rolling,350,0.9999999904,mass,1000,2,656,560,0.8902439024,0.8839285714,0.9062797619,4525.764286,6536.5,7127,0.03214285714,0,aps,0,0,,,,
71,0,aps_rolling,351,0.9999999931,mass,1000,2,522,476,0.8908045977,0.8907563025,0.906512605,4548.72479,6704,7127,0.01680672269,0,aps,0,0,,,,
71,0,aps_rolling,352,0.9999999946,mass,1000,2,462,415,0.9090909091,0.9180722892,0.9327309237,4734.766265,6800,7127,0.01445783133,0,aps,0,0,,,,
71,0,aps_rolling,353,0.9999999947,mass,1000,3,242,226,0.8595041322,0.8584070796,0.8694690265,4376.10177,6667,7127,0.03539823009,0,aps,0,0,,,,
71,0,aps_rolling,354,0.9999999973,mass,1000,3,238,227,0.8949579832,0.8942731278,0.9001468429,4857.273128,6878,7127,0.02643171806,0,aps,0,0,,,,
71,0,aps_rolling,355,0.9999999981,mass,1000,4,578,506,0.9031141869,0.9130434783,0.9252540937,5135.211462,7058,7127,0.01383399209,0,aps,0,0,,,,
71,0,aps_rolling,356,0.9999999981,mass,1000,3,548,483,0.9178832117,0.9151138716,0.922705314,4880.716356,6997,7127,0.01035196687,0,aps,0,0,,,,
71,0,aps_rolling,357,0.9999999972,mass,1000,2,406,363,0.89408867,0.8842975207,0.900137741,4418.652893,6730,7127,0.01377410468,0,aps,0,0,,,,
71,0,aps_rolling,358,0.9999999967,mass,1000,3,300,276,0.9266666667,0.9202898551,0.931763285,4194.992754,5967.5,7127,0.01811594203,0,aps,0,0,,,,
71,0,aps_rolling,359,0.9999999961,mass,1000,3,330,312,0.9575757576,0.9551282051,0.9615384615,5085.201923,7087,7127,0.003205128205,0,aps,0,0,,,,
71,0,aps_rolling,360,0.9999999828,mass,1000,3,228,214,0.8859649123,0.8878504673,0.8894080997,3936.425234,5283.5,7127,0.02336448598,0,aps,0,0,,,,
71,0,aps_rolling,361,0.9999999846,mass,1000,4,246,226,0.8577235772,0.8539823009,0.8584070796,3668.274336,4221.5,7127,0.02212389381,0,aps,0,0,,,,
71,0,aps_rolling,362,0.9999999828,mass,1000,4,620,530,0.864516129,0.8924528302,0.9079964061,4131.241509,6257.5,7127,0.02452830189,0,aps,0,0,,,,
71,0,aps_rolling,363,0.9999999988,mass,1000,3,386,353,0.9196891192,0.9150141643,0.9242209632,4407.728045,6667,7127,0.02549575071,0,aps,0,0,,,,
71,0,aps_rolling,364,0.9999999982,mass,1000,2,354,329,0.895480226,0.8905775076,0.899189463,4470.927052,6589,7127,0.0273556231,0,aps,0,0,,,,
17,0,adaptive_mass_rolling,292,1.201074123,mass,1000,3,730,658,0.8630136986,0.8601823708,0.8662613982,2589.352584,2069,4408.3,0,0,raps_k50_lam0p0001,50,0.0001,True,raps_k50_lam0p0001,0.889291598,3036.346474
17,0,adaptive_mass_rolling,293,1.268889873,mass,1000,2,658,581,0.8890577508,0.8795180723,0.888410786,3250.499139,2750,4806,0,0,raps_k50_lam0p0001,50,0.0001,True,raps_k50_lam0p0001,0.889291598,3036.346474
17,0,adaptive_mass_rolling,294,1.298345714,mass,1000,2,618,538,0.8705501618,0.8531598513,0.8578066914,3459.996283,3040,4806.3,0,0,raps_k50_lam0p0001,50,0.0001,True,raps_k50_lam0p0001,0.889291598,3036.346474
17,0,adaptive_mass_rolling,295,1.389780476,mass,1000,2,666,578,0.9339339339,0.9238754325,0.9238754325,4252.66609,3951,5309.3,0,0,raps_k50_lam0p0001,50,0.0001,True,raps_k50_lam0p0001,0.889291598,3036.346474
17,0,adaptive_mass_rolling,296,1.293437635,mass,1000,2,516,466,0.9302325581,0.9227467811,0.9276108727,3415.888412,2988.5,4712.5,0,0,raps_k50_lam0p0001,50,0.0001,True,raps_k50_lam0p0001,0.889291598,3036.346474
17,0,adaptive_mass_rolling,297,1.223699387,mass,1000,2,292,254,0.8767123288,0.8622047244,0.874343832,2703.34252,2288,4231.1,0,0,raps_k50_lam0p0001,50,0.0001,True,raps_k50_lam0p0001,0.889291598,3036.346474
17,0,adaptive_mass_rolling,298,1.232899853,mass,1000,3,252,224,0.8531746032,0.8348214286,0.8470982143,2933.90625,2381,4710.3,0,0,raps_k50_lam0p0001,50,0.0001,True,raps_k50_lam0p0001,0.889291598,3036.346474
17,0,adaptive_mass_rolling,299,1.268615546,mass,1000,3,702,615,0.9344729345,0.925203252,0.925203252,3089.243902,2739,4438,0,0,raps_k50_lam0p0001,50,0.0001,True,raps_k50_lam0p0001,0.889291598,3036.346474
17,0,adaptive_mass_rolling,300,1.222550806,mass,1000,3,664,573,0.8629518072,0.8446771379,0.8563118092,2768.176265,2283,4391.4,0,0,raps_k50_lam0p0001,50,0.0001,True,raps_k50_lam0p0001,0.889291598,3036.346474
17,0,adaptive_mass_rolling,301,1.266706946,mass,1000,2,616,552,0.8571428571,0.8405797101,0.8550120773,3207.875,2727,4664.4,0,0,raps_k50_lam0p0001,50,0.0001,True,raps_k50_lam0p0001,0.889291598,3036.346474
17,0,adaptive_mass_rolling,302,1.429849625,mass,1000,2,570,490,0.9245614035,0.9163265306,0.9241496599,4588.691837,4349,5444.4,0,0,raps_k50_lam0p0001,50,0.0001,True,raps_k50_lam0p0001,0.889291598,3036.346474
17,0,adaptive_mass_rolling,303,1.386357746,mass,1000,2,542,485,0.8911439114,0.8783505155,0.887628866,4249.074227,3915,5350.2,0,0,raps_k50_lam0p0001,50,0.0001,True,raps_k50_lam0p0001,0.889291598,3036.346474
17,0,adaptive_mass_rolling,304,1.395999291,mass,1000,2,328,281,0.9237804878,0.9252669039,0.9252669039,4287.024911,4010,5341,0,0,raps_k50_lam0p0001,50,0.0001,True,raps_k50_lam0p0001,0.889291598,3036.346474
17,0,adaptive_mass_rolling,305,1.367771138,mass,1000,3,328,295,0.9451219512,0.9389830508,0.9406779661,3998.125424,3728,5086.8,0,0,raps_k50_lam0p0001,50,0.0001,True,raps_k50_lam0p0001,0.889291598,3036.346474
17,0,adaptive_mass_rolling,306,1.290191087,mass,1000,3,582,513,0.9158075601,0.9044834308,0.9096816114,3349.684211,2953,4754.2,0,0,raps_k50_lam0p0001,50,0.0001,True,raps_k50_lam0p0001,0.889291598,3036.346474
17,0,adaptive_mass_rolling,307,1.217188551,mass,1000,3,588,510,0.8537414966,0.8333333333,0.8410457516,2732.117647,2227.5,4414.4,0,0,raps_k50_lam0p0001,50,0.0001,True,raps_k50_lam0p0001,0.889291598,3036.346474
17,0,adaptive_mass_rolling,308,1.335352957,mass,1000,2,562,497,0.8914590747,0.8792756539,0.8853118712,3802.501006,3406,5078.4,0,0,raps_k50_lam0p0001,50,0.0001,True,raps_k50_lam0p0001,0.889291598,3036.346474
17,0,adaptive_mass_rolling,309,1.401012062,mass,1000,2,626,535,0.9025559105,0.891588785,0.8962616822,4370.764486,4063,5313.2,0,0,raps_k50_lam0p0001,50,0.0001,True,raps_k50_lam0p0001,0.889291598,3036.346474
17,0,adaptive_mass_rolling,310,1.356548234,mass,1000,2,620,527,0.9564516129,0.9487666034,0.94971537,3890.404175,3616,4897,0,0,raps_k50_lam0p0001,50,0.0001,True,raps_k50_lam0p0001,0.889291598,3036.346474
17,0,adaptive_mass_rolling,311,1.181788414,mass,1000,2,438,366,0.901826484,0.8825136612,0.8870673953,2248.297814,1868,3918.5,0,0,raps_k50_lam0p0001,50,0.0001,True,raps_k50_lam0p0001,0.889291598,3036.346474
17,0,adaptive_mass_rolling,312,1.0998,mass,1000,2,460,368,0.8913043478,0.8668478261,0.8838768116,1456.61413,1048,3183.4,0,0,raps_k50_lam0p0001,50,0.0001,True,raps_k50_lam0p0001,0.889291598,3036.346474
17,0,adaptive_mass_rolling,313,1.142632243,mass,1000,3,794,641,0.8803526448,0.8533541342,0.8631825273,1972.854914,1476,3938,0,0,raps_k50_lam0p0001,50,0.0001,True,raps_k50_lam0p0001,0.889291598,3036.346474
17,0,adaptive_mass_rolling,314,1.224211425,mass,1000,2,678,585,0.9056047198,0.8905982906,0.9008547009,2683.611966,2292,4174,0,0,raps_k50_lam0p0001,50,0.0001,True,raps_k50_lam0p0001,0.889291598,3036.346474
17,0,adaptive_mass_rolling,315,1.221572418,mass,1000,2,774,660,0.9082687339,0.896969697,0.907979798,2609.716667,2266,4019.3,0,0,raps_k50_lam0p0001,50,0.0001,True,raps_k50_lam0p0001,0.889291598,3036.346474
17,0,adaptive_mass_rolling,316,1.2063,mass,1000,2,758,622,0.9023746702,0.8826366559,0.8834405145,2565.787781,2115,4246.1,0,0,raps_k50_lam0p0001,50,0.0001,True,raps_k50_lam0p0001,0.889291598,3036.346474
17,0,adaptive_mass_rolling,317,1.2095,mass,1000,2,630,559,0.8873015873,0.8729874776,0.8840488968,2485.910555,2145,3969,0,0,raps_k50_lam0p0001,50,0.0001,True,raps_k50_lam0p0001,0.889291598,3036.346474
17,0,adaptive_mass_rolling,318,1.265891342,mass,1000,2,342,308,0.9005847953,0.8896103896,0.8966450216,3031.883117,2709,4283,0,0,raps_k50_lam0p0001,50,0.0001,True,raps_k50_lam0p0001,0.889291598,3036.346474
17,0,adaptive_mass_rolling,319,1.307572613,mass,1000,3,324,290,0.9228395062,0.9137931034,0.9137931034,3389.862069,3125,4557.3,0,0,raps_k50_lam0p0001,50,0.0001,True,raps_k50_lam0p0001,0.889291598,3036.346474
17,0,adaptive_mass_rolling,320,1.260584646,mass,1000,3,736,646,0.9076086957,0.8962848297,0.9011351909,3079.877709,2657,4474.5,0,0,raps_k50_lam0p0001,50,0.0001,True,raps_k50_lam0p0001,0.889291598,3036.346474
17,0,adaptive_mass_rolling,321,1.227864554,mass,1000,2,680,603,0.9014705882,0.8888888889,0.8938640133,2711.829187,2329,4157.4,0,0,raps_k50_lam0p0001,50,0.0001,True,raps_k50_lam0p0001,0.889291598,3036.346474
17,0,adaptive_mass_rolling,322,1.240034525,mass,1000,2,668,595,0.874251497,0.8605042017,0.8661064426,2860.49916,2451,4384.6,0,0,raps_k50_lam0p0001,50,0.0001,True,raps_k50_lam0p0001,0.889291598,3036.346474
17,0,adaptive_mass_rolling,323,1.294534065,mass,1000,2,668,600,0.9041916168,0.8966666667,0.9027777778,3301.58,2996,4518.1,0,0,raps_k50_lam0p0001,50,0.0001,True,raps_k50_lam0p0001,0.889291598,3036.346474
17,0,adaptive_mass_rolling,324,1.316892179,mass,1000,2,796,650,0.9334170854,0.9184615385,0.9274358974,3501.096923,3219,4522.9,0,0,raps_k50_lam0p0001,50,0.0001,True,raps_k50_lam0p0001,0.889291598,3036.346474
17,0,adaptive_mass_rolling,325,1.164849058,mass,1000,2,398,360,0.8743718593,0.8611111111,0.8666666667,2226.925,1698,4158.9,0,0,raps_k50_lam0p0001,50,0.0001,True,raps_k50_lam0p0001,0.889291598,3036.346474
17,0,adaptive_mass_rolling,326,1.173997352,mass,1000,2,422,348,0.9454976303,0.9367816092,0.9396551724,2077.692529,1790,3103.7,0,0,raps_k50_lam0p0001,50,0.0001,True,raps_k50_lam0p0001,0.889291598,3036.346474
17,0,adaptive_mass_rolling,327,1.120999741,mass,1000,3,738,621,0.8834688347,0.8711755233,0.880273752,1784.227053,1260,3703,0,0,raps_k50_lam0p0001,50,0.0001,True,raps_k50_lam0p0001,0.889291598,3036.346474
17,0,adaptive_mass_rolling,328,1.12224887,mass,1000,2,600,526,0.9133333333,0.9030418251,0.9087452471,1745.551331,1273.5,3672,0,0,raps_k50_lam0p0001,50,0.0001,True,raps_k50_lam0p0001,0.889291598,3036.346474
17,0,adaptive_mass_rolling,329,1.116299666,mass,1000,2,684,599,0.8742690058,0.8631051753,0.8791875348,1754.130217,1213,3790.2,0,0,raps_k50_lam0p0001,50,0.0001,True,raps_k50_lam0p0001,0.889291598,3036.346474
17,0,adaptive_mass_rolling,330,1.151199998,mass,1000,2,640,580,0.8921875,0.8810344828,0.8844827586,2006.524138,1562,3761.2,0,0,raps_k50_lam0p0001,50,0.0001,True,raps_k50_lam0p0001,0.889291598,3036.346474
17,0,adaptive_mass_rolling,331,1.181318054,mass,1000,2,506,474,0.8893280632,0.8818565401,0.8839662447,2294.400844,1863.5,4069.3,0,0,raps_k50_lam0p0001,50,0.0001,True,raps_k50_lam0p0001,0.889291598,3036.346474
17,0,adaptive_mass_rolling,332,1.191444355,mass,1000,2,318,300,0.9088050314,0.9033333333,0.9033333333,2380.736667,1964,3968.2,0,0,raps_k50_lam0p0001,50,0.0001,True,raps_k50_lam0p0001,0.889291598,3036.346474
17,0,adaptive_mass_rolling,333,1.181318054,mass,1000,3,342,312,0.9005847953,0.891025641,0.8947649573,2303.894231,1863,4035.4,0,0,raps_k50_lam0p0001,50,0.0001,True,raps_k50_lam0p0001,0.889291598,3036.346474
17,0,adaptive_mass_rolling,334,1.181477829,mass,1000,3,700,633,0.9057142857,0.897314376,0.9044233807,2280.387046,1865,4012,0,0,raps_k50_lam0p0001,50,0.0001,True,raps_k50_lam0p0001,0.889291598,3036.346474
17,0,adaptive_mass_rolling,335,1.173499707,mass,1000,2,656,587,0.8673780488,0.8551959114,0.8685406019,2238.781942,1785,4088.4,0,0,raps_k50_lam0p0001,50,0.0001,True,raps_k50_lam0p0001,0.889291598,3036.346474
17,0,adaptive_mass_rolling,336,1.273890092,mass,1000,2,632,551,0.8702531646,0.8548094374,0.8608590442,3159.428312,2789,4664,0,0,raps_k50_lam0p0001,50,0.0001,True,raps_k50_lam0p0001,0.889291598,3036.346474
17,0,adaptive_mass_rolling,337,1.318650003,mass,1000,2,552,492,0.9039855072,0.8922764228,0.8980352304,3517.130081,3236,4655.3,0,0,raps_k50_lam0p0001,50,0.0001,True,raps_k50_lam0p0001,0.889291598,3036.346474
17,0,adaptive_mass_rolling,338,1.304498725,mass,1000,2,496,457,0.8790322581,0.8687089716,0.8708971554,3394.483589,3095,4616.2,0,0,raps_k50_lam0p0001,50,0.0001,True,raps_k50_lam0p0001,0.889291598,3036.346474
17,0,adaptive_mass_rolling,339,1.340711255,mass,1000,2,328,297,0.9146341463,0.9158249158,0.9231200898,3609.434343,3457,3828.2,0,0,raps_k50_lam0p0001,50,0.0001,True,raps_k50_lam0p0001,0.889291598,3036.346474
17,0,adaptive_mass_rolling,340,1.3242,mass,1000,3,328,303,0.9451219512,0.9405940594,0.9422442244,3535.818482,3292,4592.8,0,0,raps_k50_lam0p0001,50,0.0001,True,raps_k50_lam0p0001,0.889291598,3036.346474
17,0,adaptive_mass_rolling,341,1.267494148,mass,1000,3,576,519,0.8871527778,0.8766859345,0.8826589595,3055.55106,2725,4439.4,0,0,raps_k50_lam0p0001,50,0.0001,True,raps_k50_lam0p0001,0.889291598,3036.346474
17,0,adaptive_mass_rolling,342,1.231747198,mass,1000,3,636,565,0.891509434,0.8778761062,0.8867256637,2790.778761,2367,4415,0,0,raps_k50_lam0p0001,50,0.0001,True,raps_k50_lam0p0001,0.889291598,3036.346474
17,0,adaptive_mass_rolling,343,1.31319612,mass,1000,2,642,567,0.8831775701,0.8677248677,0.874191652,3540.236332,3182,4832,0,0,raps_k50_lam0p0001,50,0.0001,True,raps_k50_lam0p0001,0.889291598,3036.346474
17,0,adaptive_mass_rolling,344,1.32682659,mass,1000,2,650,582,0.9030769231,0.8917525773,0.9009163803,3615.235395,3318,4749.8,0,0,raps_k50_lam0p0001,50,0.0001,True,raps_k50_lam0p0001,0.889291598,3036.346474
17,0,adaptive_mass_rolling,345,1.317765531,mass,1000,2,586,501,0.9163822526,0.9021956088,0.9081836327,3554.61477,3227,4885,0,0,raps_k50_lam0p0001,50,0.0001,True,raps_k50_lam0p0001,0.889291598,3036.346474
17,0,adaptive_mass_rolling,346,1.253419854,mass,1000,2,224,197,0.9508928571,0.9441624365,0.9492385787,2872,2584,4281.2,0,0,raps_k50_lam0p0001,50,0.0001,True,raps_k50_lam0p0001,0.889291598,3036.346474
17,0,adaptive_mass_rolling,347,1.22256777,mass,1000,3,306,277,0.9183006536,0.9097472924,0.9121540313,2573.913357,2275,3994.4,0,0,raps_k50_lam0p0001,50,0.0001,True,raps_k50_lam0p0001,0.889291598,3036.346474
17,0,adaptive_mass_rolling,348,1.202379449,mass,1000,3,714,610,0.8823529412,0.8639344262,0.8677595628,2464.632787,2073,4190.3,0,0,raps_k50_lam0p0001,50,0.0001,True,raps_k50_lam0p0001,0.889291598,3036.346474
17,0,adaptive_mass_rolling,349,1.2508,mass,1000,2,600,545,0.9083333333,0.8990825688,0.9036697248,2902.412844,2558,4251.2,0,0,raps_k50_lam0p0001,50,0.0001,True,raps_k50_lam0p0001,0.889291598,3036.346474
17,0,adaptive_mass_rolling,350,1.2507,mass,1000,2,656,560,0.8978658537,0.8839285714,0.8907738095,2832.201786,2557,4060.4,0,0,raps_k50_lam0p0001,50,0.0001,True,raps_k50_lam0p0001,0.889291598,3036.346474
17,0,adaptive_mass_rolling,351,1.257898261,mass,1000,2,522,476,0.877394636,0.8655462185,0.869047619,2978.117647,2628,4652.5,0,0,raps_k50_lam0p0001,50,0.0001,True,raps_k50_lam0p0001,0.889291598,3036.346474
17,0,adaptive_mass_rolling,352,1.300020038,mass,1000,2,462,415,0.9264069264,0.9228915663,0.9277108434,3293.53494,3050,4326.6,0,0,raps_k50_lam0p0001,50,0.0001,True,raps_k50_lam0p0001,0.889291598,3036.346474
17,0,adaptive_mass_rolling,353,1.275099989,mass,1000,3,242,226,0.9090909091,0.9026548673,0.9048672566,3014.070796,2801,3813.5,0,0,raps_k50_lam0p0001,50,0.0001,True,raps_k50_lam0p0001,0.889291598,3036.346474
17,0,adaptive_mass_rolling,354,1.2579,mass,1000,3,238,227,0.8739495798,0.8678414097,0.8678414097,2908.76652,2629,4052.6,0,0,raps_k50_lam0p0001,50,0.0001,True,raps_k50_lam0p0001,0.889291598,3036.346474
17,0,adaptive_mass_rolling,355,1.260499996,mass,1000,4,578,506,0.8477508651,0.8359683794,0.8507199322,3018.201581,2655,4354,0,0,raps_k50_lam0p0001,50,0.0001,True,raps_k50_lam0p0001,0.889291598,3036.346474
17,0,adaptive_mass_rolling,356,1.4045,mass,1000,3,548,483,0.9178832117,0.9109730849,0.9130434783,4305.761905,4095,5255,0,0,raps_k50_lam0p0001,50,0.0001,True,raps_k50_lam0p0001,0.889291598,3036.346474
17,0,adaptive_mass_rolling,357,1.389824436,mass,1000,2,406,363,0.9433497537,0.9449035813,0.9462809917,4077.446281,3948,4502.6,0,0,raps_k50_lam0p0001,50,0.0001,True,raps_k50_lam0p0001,0.889291598,3036.346474
17,0,adaptive_mass_rolling,358,1.300282855,mass,1000,3,300,276,0.9133333333,0.9057971014,0.9082125604,3297.884058,3052,4405,0,0,raps_k50_lam0p0001,50,0.0001,True,raps_k50_lam0p0001,0.889291598,3036.346474
17,0,adaptive_mass_rolling,359,1.2757,mass,1000,3,330,312,0.9333333333,0.9294871795,0.9310897436,3169.676282,2807,4601.3,0,0,raps_k50_lam0p0001,50,0.0001,True,raps_k50_lam0p0001,0.889291598,3036.346474
17,0,adaptive_mass_rolling,360,1.2135,mass,1000,3,228,214,0.9605263158,0.9579439252,0.9602803738,2455.252336,2185,3431.8,0,0,raps_k50_lam0p0001,50,0.0001,True,raps_k50_lam0p0001,0.889291598,3036.346474
17,0,adaptive_mass_rolling,361,1.12769613,mass,1000,4,246,226,0.8780487805,0.8672566372,0.8716814159,1643.022124,1326,2829,0,0,raps_k50_lam0p0001,50,0.0001,True,raps_k50_lam0p0001,0.889291598,3036.346474
17,0,adaptive_mass_rolling,362,1.1264,mass,1000,4,620,530,0.8935483871,0.8754716981,0.8858490566,1690.441509,1314,3407.3,0,0,raps_k50_lam0p0001,50,0.0001,True,raps_k50_lam0p0001,0.889291598,3036.346474
17,0,adaptive_mass_rolling,363,1.127597193,mass,1000,3,386,353,0.8549222798,0.8498583569,0.8555240793,1697.82153,1325,3347.2,0,0,raps_k50_lam0p0001,50,0.0001,True,raps_k50_lam0p0001,0.889291598,3036.346474
17,0,adaptive_mass_rolling,364,1.251592158,mass,1000,2,354,329,0.9096045198,0.9027355623,0.905775076,2832.826748,2565,3955.8,0,0,raps_k50_lam0p0001,50,0.0001,True,raps_k50_lam0p0001,0.889291598,3036.346474
29,0,adaptive_mass_rolling,292,1.193731264,mass,1000,3,730,658,0.8520547945,0.8495440729,0.8551165147,2519.925532,1993,4337.7,0,0,raps_k50_lam0p0001,50,0.0001,True,raps_k50_lam0p0001,0.8981878089,3005.181936
29,0,adaptive_mass_rolling,293,1.277629399,mass,1000,2,658,581,0.8799392097,0.8726333907,0.8803786575,3321.939759,2838,4880,0,0,raps_k50_lam0p0001,50,0.0001,True,raps_k50_lam0p0001,0.8981878089,3005.181936
29,0,adaptive_mass_rolling,294,1.345299281,mass,1000,2,618,538,0.8932038835,0.8791821561,0.8828996283,3863.814126,3506,5031.2,0,0,raps_k50_lam0p0001,50,0.0001,True,raps_k50_lam0p0001,0.8981878089,3005.181936
29,0,adaptive_mass_rolling,295,1.397099564,mass,1000,2,666,578,0.9294294294,0.9221453287,0.9232987313,4313.849481,4023,5340.1,0,0,raps_k50_lam0p0001,50,0.0001,True,raps_k50_lam0p0001,0.8981878089,3005.181936
29,0,adaptive_mass_rolling,296,1.298199999,mass,1000,2,516,466,0.9282945736,0.9206008584,0.9227467811,3461.375536,3036,4787.5,0,0,raps_k50_lam0p0001,50,0.0001,True,raps_k50_lam0p0001,0.8981878089,3005.181936
29,0,adaptive_mass_rolling,297,1.254586806,mass,1000,2,292,254,0.8664383562,0.8503937008,0.8615485564,2981.570866,2596,4473.7,0,0,raps_k50_lam0p0001,50,0.0001,True,raps_k50_lam0p0001,0.8981878089,3005.181936
29,0,adaptive_mass_rolling,298,1.283499782,mass,1000,3,252,224,0.873015873,0.8571428571,0.8638392857,3373.477679,2888,4992.5,0,0,raps_k50_lam0p0001,50,0.0001,True,raps_k50_lam0p0001,0.8981878089,3005.181936
29,0,adaptive_mass_rolling,299,1.309792504,mass,1000,3,702,615,0.9245014245,0.9138211382,0.9184281843,3459.100813,3151,4620.4,0,0,raps_k50_lam0p0001,50,0.0001,True,raps_k50_lam0p0001,0.8981878089,3005.181936
29,0,adaptive_mass_rolling,300,1.251,mass,1000,3,664,573,0.8855421687,0.8708551483,0.8824898197,3018.657941,2567,4552,0,0,raps_k50_lam0p0001,50,0.0001,True,raps_k50_lam0p0001,0.8981878089,3005.181936
29,0,adaptive_mass_rolling,301,1.267486552,mass,1000,2,616,552,0.8636363636,0.8496376812,0.8622584541,3201.976449,2733,4671.4,0,0,raps_k50_lam0p0001,50,0.0001,True,raps_k50_lam0p0001,0.8981878089,3005.181936
29,0,adaptive_mass_rolling,302,1.361457763,mass,1000,2,570,490,0.9070175439,0.8979591837,0.9010204082,3977.132653,3665,5129,0,0,raps_k50_lam0p0001,50,0.0001,True,raps_k50_lam0p0001,0.8981878089,3005.181936
29,0,adaptive_mass_rolling,303,1.3736,mass,1000,2,542,485,0.9022140221,0.8907216495,0.893814433,4129.931959,3787,5306.4,0,0,raps_k50_lam0p0001,50,0.0001,True,raps_k50_lam0p0001,0.8981878089,3005.181936
29,0,adaptive_mass_rolling,304,1.354754337,mass,1000,2,328,281,0.9176829268,0.9181494662,0.9181494662,3916,3598,5146,0,0,raps_k50_lam0p0001,50,0.0001,True,raps_k50_lam0p0001,0.8981878089,3005.181936
29,0,adaptive_mass_rolling,305,1.327499999,mass,1000,3,328,295,0.9512195122,0.9457627119,0.9474576271,3642.820339,3325,4888.6,0,0,raps_k50_lam0p0001,50,0.0001,True,raps_k50_lam0p0001,0.8981878089,3005.181936
29,0,adaptive_mass_rolling,306,1.278860193,mass,1000,3,582,513,0.912371134,0.9005847953,0.9028589994,3247.19883,2840,4688.8,0,0,raps_k50_lam0p0001,50,0.0001,True,raps_k50_lam0p0001,0.8981878089,3005.181936
29,0,adaptive_mass_rolling,307,1.183391022,mass,1000,3,588,510,0.8775510204,0.8607843137,0.868496732,2435.535294,1889.5,4263.4,0,0,raps_k50_lam0p0001,50,0.0001,True,raps_k50_lam0p0001,0.8981878089,3005.181936
29,0,adaptive_mass_rolling,308,1.285746021,mass,1000,2,562,497,0.8754448399,0.861167002,0.8698189135,3375.71831,2912,4822.6,0,0,raps_k50_lam0p0001,50,0.0001,True,raps_k50_lam0p0001,0.8981878089,3005.181936
29,0,adaptive_mass_rolling,309,1.346442839,mass,1000,2,626,535,0.910543131,0.8990654206,0.9028037383,3897.338318,3517,5050.6,0,0,raps_k50_lam0p0001,50,0.0001,True,raps_k50_lam0p0001,0.8981878089,3005.181936
29,0,adaptive_mass_rolling,310,1.329899993,mass,1000,2,620,527,0.9370967742,0.9259962049,0.9320050601,3654.049336,3349,4767.4,0,0,raps_k50_lam0p0001,50,0.0001,True,raps_k50_lam0p0001,0.8981878089,3005.181936
29,0,adaptive_mass_rolling,311,1.139599839,mass,1000,2,438,366,0.897260274,0.8770491803,0.8861566485,1876.849727,1446,3765.5,0,0,raps_k50_lam0p0001,50,0.0001,True,raps_k50_lam0p0001,0.8981878089,3005.181936
29,0,adaptive_mass_rolling,312,1.122246166,mass,1000,2,460,368,0.902173913,0.8804347826,0.8997282609,1655.888587,1272,3129.6,0,0,raps_k50_lam0p0001,50,0.0001,True,raps_k50_lam0p0001,0.8981878089,3005.181936
29,0,adaptive_mass_rolling,313,1.114647016,mass,1000,3,794,641,0.8916876574,0.8673946958,0.8772230889,1711.953198,1197,3832,0,0,raps_k50_lam0p0001,50,0.0001,True,raps_k50_lam0p0001,0.8981878089,3005.181936
29,0,adaptive_mass_rolling,314,1.147499769,mass,1000,2,678,585,0.9159292035,0.9025641026,0.9094017094,1988.046154,1526,3765.6,0,0,raps_k50_lam0p0001,50,0.0001,True,raps_k50_lam0p0001,0.8981878089,3005.181936
29,0,adaptive_mass_rolling,315,1.12387516,mass,1000,2,774,660,0.8979328165,0.8848484848,0.8949494949,1721.45,1290,3588.5,0,0,raps_k50_lam0p0001,50,0.0001,True,raps_k50_lam0p0001,0.8981878089,3005.181936
29,0,adaptive_mass_rolling,316,1.141871581,mass,1000,2,758,622,0.8865435356,0.8617363344,0.8649517685,1988.742765,1472,3951.7,0,0,raps_k50_lam0p0001,50,0.0001,True,raps_k50_lam0p0001,0.8981878089,3005.181936
29,0,adaptive_mass_rolling,317,1.239599972,mass,1000,2,630,559,0.8873015873,0.8729874776,0.8840488968,2750.763864,2446,4049.4,0,0,raps_k50_lam0p0001,50,0.0001,True,raps_k50_lam0p0001,0.8981878089,3005.181936
29,0,adaptive_mass_rolling,318,1.295710642,mass,1000,2,342,308,0.9298245614,0.9220779221,0.9237012987,3305.301948,3007,4505,0,0,raps_k50_lam0p0001,50,0.0001,True,raps_k50_lam0p0001,0.8981878089,3005.181936
29,0,adaptive_mass_rolling,319,1.269892874,mass,1000,3,324,290,0.9290123457,0.9206896552,0.9206896552,3042.17931,2749,4413.9,0,0,raps_k50_lam0p0001,50,0.0001,True,raps_k50_lam0p0001,0.8981878089,3005.181936
29,0,adaptive_mass_rolling,320,1.210367509,mass,1000,3,736,646,0.8926630435,0.8808049536,0.8862229102,2627.566563,2155,4235,0,0,raps_k50_lam0p0001,50,0.0001,True,raps_k50_lam0p0001,0.8981878089,3005.181936
29,0,adaptive_mass_rolling,321,1.245999982,mass,1000,2,680,603,0.8985294118,0.8855721393,0.8913764511,2872.043118,2510,4238.4,0,0,raps_k50_lam0p0001,50,0.0001,True,raps_k50_lam0p0001,0.8981878089,3005.181936
29,0,adaptive_mass_rolling,322,1.254737535,mass,1000,2,668,595,0.8682634731,0.8537815126,0.8610644258,2982.260504,2598,4429.6,0,0,raps_k50_lam0p0001,50,0.0001,True,raps_k50_lam0p0001,0.8981878089,3005.181936
29,0,adaptive_mass_rolling,323,1.3181,mass,1000,2,668,600,0.9041916168,0.895,0.9030555556,3517.831667,3231,4644.5,0,0,raps_k50_lam0p0001,50,0.0001,True,raps_k50_lam0p0001,0.8981878089,3005.181936
29,0,adaptive_mass_rolling,324,1.3133,mass,1000,2,796,650,0.9296482412,0.9138461538,0.9212820513,3465.516923,3183,4461.2,0,0,raps_k50_lam0p0001,50,0.0001,True,raps_k50_lam0p0001,0.8981878089,3005.181936
29,0,adaptive_mass_rolling,325,1.140699999,mass,1000,2,398,360,0.8467336683,0.8305555556,0.8375,2004.855556,1457,4183.2,0,0,raps_k50_lam0p0001,50,0.0001,True,raps_k50_lam0p0001,0.8981878089,3005.181936
29,0,adaptive_mass_rolling,326,1.195220223,mass,1000,2,422,348,0.9549763033,0.9482758621,0.9497126437,2274.344828,2002,3244.2,0,0,raps_k50_lam0p0001,50,0.0001,True,raps_k50_lam0p0001,0.8981878089,3005.181936
29,0,adaptive_mass_rolling,327,1.153955012,mass,1000,3,738,621,0.9173441734,0.9033816425,0.9127214171,2081.584541,1590,3902,0,0,raps_k50_lam0p0001,50,0.0001,True,raps_k50_lam0p0001,0.8981878089,3005.181936
29,0,adaptive_mass_rolling,328,1.107399734,mass,1000,2,600,526,0.9016666667,0.8897338403,0.9008238276,1603.769962,1124,3585.5,0,0,raps_k50_lam0p0001,50,0.0001,True,raps_k50_lam0p0001,0.8981878089,3005.181936
29,0,adaptive_mass_rolling,329,1.112600331,mass,1000,2,684,599,0.8757309942,0.8714524207,0.884195882,1726.188648,1176,3820,0,0,raps_k50_lam0p0001,50,0.0001,True,raps_k50_lam0p0001,0.8981878089,3005.181936
29,0,adaptive_mass_rolling,330,1.139404286,mass,1000,2,640,580,0.9171875,0.9086206897,0.9112068966,1896.210345,1444,3798.5,0,0,raps_k50_lam0p0001,50,0.0001,True,raps_k50_lam0p0001,0.8981878089,3005.181936
29,0,adaptive_mass_rolling,331,1.136999977,mass,1000,2,506,474,0.8932806324,0.8860759494,0.888185654,1902.35443,1420,3785.7,0,0,raps_k50_lam0p0001,50,0.0001,True,raps_k50_lam0p0001,0.8981878089,3005.181936
29,0,adaptive_mass_rolling,332,1.129269046,mass,1000,2,318,300,0.8962264151,0.89,0.89,1820.18,1342,3724.6,0,0,raps_k50_lam0p0001,50,0.0001,True,raps_k50_lam0p0001,0.8981878089,3005.181936
29,0,adaptive_mass_rolling,333,1.150031267,mass,1000,3,342,312,0.8830409357,0.8717948718,0.8787393162,2026.891026,1550,3894.2,0,0,raps_k50_lam0p0001,50,0.0001,True,raps_k50_lam0p0001,0.8981878089,3005.181936
29,0,adaptive_mass_rolling,334,1.164803256,mass,1000,3,700,633,0.8871428571,0.8767772512,0.8849394418,2127.846761,1698,3950.2,0,0,raps_k50_lam0p0001,50,0.0001,True,raps_k50_lam0p0001,0.8981878089,3005.181936
29,0,adaptive_mass_rolling,335,1.250582297,mass,1000,2,656,587,0.9009146341,0.8909710392,0.9026121522,2927.664395,2556,4422.6,0,0,raps_k50_lam0p0001,50,0.0001,True,raps_k50_lam0p0001,0.8981878089,3005.181936
29,0,adaptive_mass_rolling,336,1.2491,mass,1000,2,632,551,0.8670886076,0.8511796733,0.8633091349,2934.54265,2541,4540,0,0,raps_k50_lam0p0001,50,0.0001,True,raps_k50_lam0p0001,0.8981878089,3005.181936
29,0,adaptive_mass_rolling,337,1.35538335,mass,1000,2,552,492,0.8985507246,0.8861788618,0.8875338753,3858.880081,3603,4929.9,0,0,raps_k50_lam0p0001,50,0.0001,True,raps_k50_lam0p0001,0.8981878089,3005.181936
29,0,adaptive_mass_rolling,338,1.3596,mass,1000,2,496,457,0.8971774194,0.8905908096,0.8938730853,3895.402626,3646,4902,0,0,raps_k50_lam0p0001,50,0.0001,True,raps_k50_lam0p0001,0.8981878089,3005.181936
29,0,adaptive_mass_rolling,339,1.35936092,mass,1000,2,328,297,0.8932926829,0.8922558923,0.8961840629,3783.188552,3643,4045.4,0,0,raps_k50_lam0p0001,50,0.0001,True,raps_k50_lam0p0001,0.8981878089,3005.181936
29,0,adaptive_mass_rolling,340,1.362660927,mass,1000,3,328,303,0.9420731707,0.9372937294,0.9372937294,3902.019802,3676,4876.2,0,0,raps_k50_lam0p0001,50,0.0001,True,raps_k50_lam0p0001,0.8981878089,3005.181936
29,0,adaptive_mass_rolling,341,1.286187331,mass,1000,3,576,519,0.90625,0.8959537572,0.8978805395,3220.235067,2912,4545.8,0,0,raps_k50_lam0p0001,50,0.0001,True,raps_k50_lam0p0001,0.8981878089,3005.181936
29,0,adaptive_mass_rolling,342,1.2424,mass,1000,3,636,565,0.891509434,0.8796460177,0.8843657817,2886.19292,2474,4449.4,0,0,raps_k50_lam0p0001,50,0.0001,True,raps_k50_lam0p0001,0.8981878089,3005.181936
29,0,adaptive_mass_rolling,343,1.264299829,mass,1000,2,642,567,0.8629283489,0.8500881834,0.8587007643,3106.082892,2693,4573,0,0,raps_k50_lam0p0001,50,0.0001,True,raps_k50_lam0p0001,0.8981878089,3005.181936
29,0,adaptive_mass_rolling,344,1.36297527,mass,1000,2,650,582,0.9184615385,0.912371134,0.9153780069,3943.137457,3679,4911.3,0,0,raps_k50_lam0p0001,50,0.0001,True,raps_k50_lam0p0001,0.8981878089,3005.181936
29,0,adaptive_mass_rolling,345,1.320662723,mass,1000,2,586,501,0.9163822526,0.9021956088,0.9061876248,3582.816367,3256,4902,0,0,raps_k50_lam0p0001,50,0.0001,True,raps_k50_lam0p0001,0.8981878089,3005.181936
29,0,adaptive_mass_rolling,346,1.2808,mass,1000,2,224,197,0.9330357143,0.923857868,0.9314720812,3131.522843,2858,4375.4,0,0,raps_k50_lam0p0001,50,0.0001,True,raps_k50_lam0p0001,0.8981878089,3005.181936
29,0,adaptive_mass_rolling,347,1.231199901,mass,1000,3,306,277,0.9150326797,0.9061371841,0.908543923,2670.064982,2362,4079.6,0,0,raps_k50_lam0p0001,50,0.0001,True,raps_k50_lam0p0001,0.8981878089,3005.181936
29,0,adaptive_mass_rolling,348,1.231199901,mass,1000,3,714,610,0.9033613445,0.8868852459,0.8907103825,2723.82459,2362,4356.7,0,0,raps_k50_lam0p0001,50,0.0001,True,raps_k50_lam0p0001,0.8981878089,3005.181936
29,0,adaptive_mass_rolling,349,1.204080263,mass,1000,2,600,545,0.885,0.8733944954,0.8804281346,2468.546789,2090,4071.6,0,0,raps_k50_lam0p0001,50,0.0001,True,raps_k50_lam0p0001,0.8981878089,3005.181936
29,0,adaptive_mass_rolling,350,1.2387,mass,1000,2,656,560,0.8948170732,0.8821428571,0.8863095238,2711.7875,2437,3875.2,0,0,raps_k50_lam0p0001,50,0.0001,True,raps_k50_lam0p0001,0.8981878089,3005.181936
29,0,adaptive_mass_rolling,351,1.272921011,mass,1000,2,522,476,0.877394636,0.8655462185,0.8676470588,3115.186975,2779,4693.5,0,0,raps_k50_lam0p0001,50,0.0001,True,raps_k50_lam0p0001,0.8981878089,3005.181936
29,0,adaptive_mass_rolling,352,1.304076548,mass,1000,2,462,415,0.9220779221,0.9180722892,0.9204819277,3330.445783,3090,4402.4,0,0,raps_k50_lam0p0001,50,0.0001,True,raps_k50_lam0p0001,0.8981878089,3005.181936
29,0,adaptive_mass_rolling,353,1.283789067,mass,1000,3,242,226,0.8925619835,0.8849557522,0.8915929204,3097.530973,2887,3917,0,0,raps_k50_lam0p0001,50,0.0001,True,raps_k50_lam0p0001,0.8981878089,3005.181936
29,0,adaptive_mass_rolling,354,1.283349954,mass,1000,3,238,227,0.8907563025,0.8854625551,0.8854625551,3140.418502,2883,4135,0,0,raps_k50_lam0p0001,50,0.0001,True,raps_k50_lam0p0001,0.8981878089,3005.181936
29,0,adaptive_mass_rolling,355,1.277711347,mass,1000,4,578,506,0.8494809689,0.8418972332,0.8532843968,3174.112648,2827,4537,0,0,raps_k50_lam0p0001,50,0.0001,True,raps_k50_lam0p0001,0.8981878089,3005.181936
29,0,adaptive_mass_rolling,356,1.396611185,mass,1000,3,548,483,0.9251824818,0.9192546584,0.9213250518,4234.322981,4016,5222.2,0,0,raps_k50_lam0p0001,50,0.0001,True,raps_k50_lam0p0001,0.8981878089,3005.181936
29,0,adaptive_mass_rolling,357,1.38889989,mass,1000,2,406,363,0.9285714286,0.9283746556,0.9297520661,4060.53719,3939,4424.8,0,0,raps_k50_lam0p0001,50,0.0001,True,raps_k50_lam0p0001,0.8981878089,3005.181936
29,0,adaptive_mass_rolling,358,1.3201,mass,1000,3,300,276,0.9166666667,0.9094202899,0.9094202899,3472.23913,3251,4445.5,0,0,raps_k50_lam0p0001,50,0.0001,True,raps_k50_lam0p0001,0.8981878089,3005.181936
29,0,adaptive_mass_rolling,359,1.3013,mass,1000,3,330,312,0.9545454545,0.9519230769,0.9519230769,3406.458333,3063,4732.6,0,0,raps_k50_lam0p0001,50,0.0001,True,raps_k50_lam0p0001,0.8981878089,3005.181936
29,0,adaptive_mass_rolling,360,1.2287,mass,1000,3,228,214,0.9298245614,0.9252336449,0.9275700935,2602.883178,2337,3619,0,0,raps_k50_lam0p0001,50,0.0001,True,raps_k50_lam0p0001,0.8981878089,3005.181936
29,0,adaptive_mass_rolling,361,1.166626545,mass,1000,4,246,226,0.8943089431,0.8849557522,0.889380531,1995.756637,1716,3083,0,0,raps_k50_lam0p0001,50,0.0001,True,raps_k50_lam0p0001,0.8981878089,3005.181936
29,0,adaptive_mass_rolling,362,1.141333485,mass,1000,4,620,530,0.8790322581,0.8603773585,0.870754717,1823.19434,1463,3584.9,0,0,raps_k50_lam0p0001,50,0.0001,True,raps_k50_lam0p0001,0.8981878089,3005.181936
29,0,adaptive_mass_rolling,363,1.214699984,mass,1000,3,386,353,0.8886010363,0.8838526912,0.8847969783,2505.492918,2197,4024.6,0,0,raps_k50_lam0p0001,50,0.0001,True,raps_k50_lam0p0001,0.8981878089,3005.181936
29,0,adaptive_mass_rolling,364,1.246876078,mass,1000,2,354,329,0.9096045198,0.9027355623,0.905775076,2789.316109,2518,4004.6,0,0,raps_k50_lam0p0001,50,0.0001,True,raps_k50_lam0p0001,0.8981878089,3005.181936
43,0,adaptive_mass_rolling,292,1.210297745,mass,1000,3,730,658,0.8465753425,0.8449848024,0.8510638298,2687.857143,2165,4510.2,0,0,raps_k50_lam0p0001,50,0.0001,True,raps_k50_lam0p0001,0.9006589786,3466.333889
43,0,adaptive_mass_rolling,293,1.342549928,mass,1000,2,658,581,0.8996960486,0.8915662651,0.901319564,3910.679862,3492,5202,0,0,raps_k50_lam0p0001,50,0.0001,True,raps_k50_lam0p0001,0.9006589786,3466.333889
43,0,adaptive_mass_rolling,294,1.381499999,mass,1000,2,618,538,0.9061488673,0.8921933086,0.9024163569,4196.085502,3871,5252.8,0,0,raps_k50_lam0p0001,50,0.0001,True,raps_k50_lam0p0001,0.9006589786,3466.333889
43,0,adaptive_mass_rolling,295,1.350659423,mass,1000,2,666,578,0.8978978979,0.8858131488,0.8933391003,3919.970588,3564.5,5175.6,0,0,raps_k50_lam0p0001,50,0.0001,True,raps_k50_lam0p0001,0.9006589786,3466.333889
43,0,adaptive_mass_rolling,296,1.330730271,mass,1000,2,516,466,0.9224806202,0.9141630901,0.9173104435,3752.976395,3363.5,4911,0,0,raps_k50_lam0p0001,50,0.0001,True,raps_k50_lam0p0001,0.9006589786,3466.333889
43,0,adaptive_mass_rolling,297,1.323089391,mass,1000,2,292,254,0.9143835616,0.905511811,0.9107611549,3607.38189,3283,4707.7,0,0,raps_k50_lam0p0001,50,0.0001,True,raps_k50_lam0p0001,0.9006589786,3466.333889
43,0,adaptive_mass_rolling,298,1.298891813,mass,1000,3,252,224,0.869047619,0.8571428571,0.8656994048,3533.28125,3044,5073.4,0,0,raps_k50_lam0p0001,50,0.0001,True,raps_k50_lam0p0001,0.9006589786,3466.333889
43,0,adaptive_mass_rolling,299,1.311858671,mass,1000,3,702,615,0.915954416,0.9040650407,0.906504065,3495.969106,3174,4674.6,0,0,raps_k50_lam0p0001,50,0.0001,True,raps_k50_lam0p0001,0.9006589786,3466.333889
43,0,adaptive_mass_rolling,300,1.2914,mass,1000,3,664,573,0.8644578313,0.8464223386,0.8609656777,3412.774869,2973,4788.8,0,0,raps_k50_lam0p0001,50,0.0001,True,raps_k50_lam0p0001,0.9006589786,3466.333889
43,0,adaptive_mass_rolling,301,1.373874705,mass,1000,2,616,552,0.8701298701,0.8641304348,0.8745772947,4155.014493,3797.5,5250.8,0,0,raps_k50_lam0p0001,50,0.0001,True,raps_k50_lam0p0001,0.9006589786,3466.333889
43,0,adaptive_mass_rolling,302,1.452699196,mass,1000,2,570,490,0.9087719298,0.9,0.906122449,4811.504082,4579,5544.4,0,0,raps_k50_lam0p0001,50,0.0001,True,raps_k50_lam0p0001,0.9006589786,3466.333889
43,0,adaptive_mass_rolling,303,1.452699196,mass,1000,2,542,485,0.9243542435,0.9175257732,0.9195876289,4847.830928,4579,5758.6,0,0,raps_k50_lam0p0001,50,0.0001,True,raps_k50_lam0p0001,0.9006589786,3466.333889
43,0,adaptive_mass_rolling,304,1.396605411,mass,1000,2,328,281,0.9085365854,0.9003558719,0.9137010676,4308.327402,4018,5344,0,0,raps_k50_lam0p0001,50,0.0001,True,raps_k50_lam0p0001,0.9006589786,3466.333889
43,0,adaptive_mass_rolling,305,1.348755302,mass,1000,3,328,295,0.9451219512,0.9389830508,0.943220339,3848.844068,3539,5065.4,0,0,raps_k50_lam0p0001,50,0.0001,True,raps_k50_lam0p0001,0.9006589786,3466.333889
43,0,adaptive_mass_rolling,306,1.30512063,mass,1000,3,582,513,0.9158075601,0.9083820663,0.9135802469,3493.173489,3105,4842.6,0,0,raps_k50_lam0p0001,50,0.0001,True,raps_k50_lam0p0001,0.9006589786,3466.333889
43,0,adaptive_mass_rolling,307,1.210192279,mass,1000,3,588,510,0.8673469388,0.8509803922,0.8592810458,2685.678431,2162,4498,0,0,raps_k50_lam0p0001,50,0.0001,True,raps_k50_lam0p0001,0.9006589786,3466.333889
43,0,adaptive_mass_rolling,308,1.299004612,mass,1000,2,562,497,0.8807829181,0.8672032193,0.8766887037,3514.012072,3044,4986.6,0,0,raps_k50_lam0p0001,50,0.0001,True,raps_k50_lam0p0001,0.9006589786,3466.333889
43,0,adaptive_mass_rolling,309,1.377606364,mass,1000,2,626,535,0.8961661342,0.8803738318,0.8912772586,4186.758879,3832,5255,0,0,raps_k50_lam0p0001,50,0.0001,True,raps_k50_lam0p0001,0.9006589786,3466.333889
43,0,adaptive_mass_rolling,310,1.392235285,mass,1000,2,620,527,0.9241935484,0.9127134725,0.9184060721,4225.688805,3973,5220.4,0,0,raps_k50_lam0p0001,50,0.0001,True,raps_k50_lam0p0001,0.9006589786,3466.333889
43,0,adaptive_mass_rolling,311,1.325897002,mass,1000,2,438,366,0.9200913242,0.9043715847,0.9162112933,3579.002732,3309,4516.5,0,0,raps_k50_lam0p0001,50,0.0001,True,raps_k50_lam0p0001,0.9006589786,3466.333889
43,0,adaptive_mass_rolling,312,1.267368793,mass,1000,2,460,368,0.8934782609,0.8668478261,0.8813405797,3010.921196,2724,4023.8,0,0,raps_k50_lam0p0001,50,0.0001,True,raps_k50_lam0p0001,0.9006589786,3466.333889
43,0,adaptive_mass_rolling,313,1.265235637,mass,1000,3,794,641,0.90302267,0.8829953198,0.8901716069,3083.285491,2703,4530,0,0,raps_k50_lam0p0001,50,0.0001,True,raps_k50_lam0p0001,0.9006589786,3466.333889
43,0,adaptive_mass_rolling,314,1.279597487,mass,1000,2,678,585,0.907079646,0.8923076923,0.9000407,3189.452991,2847,4407.6,0,0,raps_k50_lam0p0001,50,0.0001,True,raps_k50_lam0p0001,0.9006589786,3466.333889
43,0,adaptive_mass_rolling,315,1.251531492,mass,1000,2,774,660,0.9134366925,0.903030303,0.913510101,2894.072727,2567,4392.4,0,0,raps_k50_lam0p0001,50,0.0001,True,raps_k50_lam0p0001,0.9006589786,3466.333889
43,0,adaptive_mass_rolling,316,1.163197908,mass,1000,2,758,622,0.889182058,0.8665594855,0.8710610932,2190.697749,1685,4139,0,0,raps_k50_lam0p0001,50,0.0001,True,raps_k50_lam0p0001,0.9006589786,3466.333889
43,0,adaptive_mass_rolling,317,1.24062907,mass,1000,2,630,559,0.9031746032,0.8908765653,0.8995527728,2773.025045,2457,4067,0,0,raps_k50_lam0p0001,50,0.0001,True,raps_k50_lam0p0001,0.9006589786,3466.333889
43,0,adaptive_mass_rolling,318,1.22621633,mass,1000,2,342,308,0.8918128655,0.8798701299,0.8869047619,2685.314935,2312,4129.2,0,0,raps_k50_lam0p0001,50,0.0001,True,raps_k50_lam0p0001,0.9006589786,3466.333889
43,0,adaptive_mass_rolling,319,1.2348,mass,1000,3,324,290,0.9104938272,0.9,0.9,2722.410345,2398,4109.2,0,0,raps_k50_lam0p0001,50,0.0001,True,raps_k50_lam0p0001,0.9006589786,3466.333889
43,0,adaptive_mass_rolling,320,1.216482792,mass,1000,3,736,646,0.8763586957,0.8653250774,0.8739594083,2691.925697,2216,4291.5,0,0,raps_k50_lam0p0001,50,0.0001,True,raps_k50_lam0p0001,0.9006589786,3466.333889
43,0,adaptive_mass_rolling,321,1.297310247,mass,1000,2,680,603,0.9147058824,0.9054726368,0.9087893864,3347.623549,3024,4567,0,0,raps_k50_lam0p0001,50,0.0001,True,raps_k50_lam0p0001,0.9006589786,3466.333889
43,0,adaptive_mass_rolling,322,1.279172221,mass,1000,2,668,595,0.8862275449,0.8739495798,0.880952381,3213.341176,2843,4646.6,0,0,raps_k50_lam0p0001,50,0.0001,True,raps_k50_lam0p0001,0.9006589786,3466.333889
43,0,adaptive_mass_rolling,323,1.304175423,mass,1000,2,668,600,0.871257485,0.8616666667,0.8688888889,3388.416667,3092,4589.8,0,0,raps_k50_lam0p0001,50,0.0001,True,raps_k50_lam0p0001,0.9006589786,3466.333889
43,0,adaptive_mass_rolling,324,1.409564067,mass,1000,2,796,650,0.9296482412,0.9169230769,0.928974359,4350.078462,4146,5103.6,0,0,raps_k50_lam0p0001,50,0.0001,True,raps_k50_lam0p0001,0.9006589786,3466.333889
43,0,adaptive_mass_rolling,325,1.260899894,mass,1000,2,398,360,0.8894472362,0.8777777778,0.8861111111,3092.419444,2659,4704.2,0,0,raps_k50_lam0p0001,50,0.0001,True,raps_k50_lam0p0001,0.9006589786,3466.333889
43,0,adaptive_mass_rolling,326,1.25784341,mass,1000,2,422,348,0.8933649289,0.8735632184,0.8778735632,2851.324713,2628,3485.3,0,0,raps_k50_lam0p0001,50,0.0001,True,raps_k50_lam0p0001,0.9006589786,3466.333889
43,0,adaptive_mass_rolling,327,1.276499649,mass,1000,3,738,621,0.8929539295,0.8760064412,0.8871712292,3170.951691,2815,4470,0,0,raps_k50_lam0p0001,50,0.0001,True,raps_k50_lam0p0001,0.9006589786,3466.333889
43,0,adaptive_mass_rolling,328,1.290338174,mass,1000,2,600,526,0.8733333333,0.8593155894,0.868504436,3275.519011,2954,4530.5,0,0,raps_k50_lam0p0001,50,0.0001,True,raps_k50_lam0p0001,0.9006589786,3466.333889
43,0,adaptive_mass_rolling,329,1.406498455,mass,1000,2,684,599,0.9400584795,0.9332220367,0.9376739009,4374.018364,4115,5337.6,0,0,raps_k50_lam0p0001,50,0.0001,True,raps_k50_lam0p0001,0.9006589786,3466.333889
43,0,adaptive_mass_rolling,330,1.262902581,mass,1000,2,640,580,0.878125,0.8689655172,0.8698275862,3031.272414,2679,4498.7,0,0,raps_k50_lam0p0001,50,0.0001,True,raps_k50_lam0p0001,0.9006589786,3466.333889
43,0,adaptive_mass_rolling,331,1.31046617,mass,1000,2,506,474,0.9347826087,0.9303797468,0.9303797468,3466.719409,3155,4622.1,0,0,raps_k50_lam0p0001,50,0.0001,True,raps_k50_lam0p0001,0.9006589786,3466.333889
43,0,adaptive_mass_rolling,332,1.223890704,mass,1000,2,318,300,0.8805031447,0.8733333333,0.8733333333,2684.776667,2289,4298.5,0,0,raps_k50_lam0p0001,50,0.0001,True,raps_k50_lam0p0001,0.9006589786,3466.333889
43,0,adaptive_mass_rolling,333,1.211915738,mass,1000,3,342,312,0.8771929825,0.8653846154,0.8723290598,2572.349359,2169,4241.6,0,0,raps_k50_lam0p0001,50,0.0001,True,raps_k50_lam0p0001,0.9006589786,3466.333889
43,0,adaptive_mass_rolling,334,1.260900402,mass,1000,3,700,633,0.91,0.9004739336,0.9102159031,3003.015798,2659,4433.2,0,0,raps_k50_lam0p0001,50,0.0001,True,raps_k50_lam0p0001,0.9006589786,3466.333889
43,0,adaptive_mass_rolling,335,1.256977069,mass,1000,2,656,587,0.8719512195,0.8586030664,0.8715218626,2993.09029,2620,4503,0,0,raps_k50_lam0p0001,50,0.0001,True,raps_k50_lam0p0001,0.9006589786,3466.333889
43,0,adaptive_mass_rolling,336,1.302396777,mass,1000,2,632,551,0.8860759494,0.8765880218,0.8888989716,3427.92196,3074,4834,0,0,raps_k50_lam0p0001,50,0.0001,True,raps_k50_lam0p0001,0.9006589786,3466.333889
43,0,adaptive_mass_rolling,337,1.349469353,mass,1000,2,552,492,0.9057971014,0.8943089431,0.8987127371,3801.130081,3544,4844.5,0,0,raps_k50_lam0p0001,50,0.0001,True,raps_k50_lam0p0001,0.9006589786,3466.333889
43,0,adaptive_mass_rolling,338,1.333377675,mass,1000,2,496,457,0.9274193548,0.9212253829,0.9223194748,3664.923414,3384,4810.4,0,0,raps_k50_lam0p0001,50,0.0001,True,raps_k50_lam0p0001,0.9006589786,3466.333889
43,0,adaptive_mass_rolling,339,1.295599942,mass,1000,2,328,297,0.8963414634,0.8956228956,0.9037598204,3183.464646,3006,3498.8,0,0,raps_k50_lam0p0001,50,0.0001,True,raps_k50_lam0p0001,0.9006589786,3466.333889
43,0,adaptive_mass_rolling,340,1.280693383,mass,1000,3,328,303,0.875,0.8646864686,0.8707370737,3153.69637,2857,4408.6,0,0,raps_k50_lam0p0001,50,0.0001,True,raps_k50_lam0p0001,0.9006589786,3466.333889
43,0,adaptive_mass_rolling,341,1.324199991,mass,1000,3,576,519,0.8697916667,0.8554913295,0.8663455363,3580.477842,3292,4712.8,0,0,raps_k50_lam0p0001,50,0.0001,True,raps_k50_lam0p0001,0.9006589786,3466.333889
43,0,adaptive_mass_rolling,342,1.403998549,mass,1000,3,636,565,0.9072327044,0.8955752212,0.904719764,4340.649558,4090,5294.6,0,0,raps_k50_lam0p0001,50,0.0001,True,raps_k50_lam0p0001,0.9006589786,3466.333889
43,0,adaptive_mass_rolling,343,1.401699948,mass,1000,2,642,567,0.8987538941,0.8888888889,0.8915343915,4326.412698,4067,5278.4,0,0,raps_k50_lam0p0001,50,0.0001,True,raps_k50_lam0p0001,0.9006589786,3466.333889
43,0,adaptive_mass_rolling,344,1.401199366,mass,1000,2,650,582,0.9123076923,0.9037800687,0.9057846506,4290.972509,4062,5143.9,0,0,raps_k50_lam0p0001,50,0.0001,True,raps_k50_lam0p0001,0.9006589786,3466.333889
43,0,adaptive_mass_rolling,345,1.347477258,mass,1000,2,586,501,0.8924914676,0.874251497,0.8865602129,3835.876248,3525,5087,0,0,raps_k50_lam0p0001,50,0.0001,True,raps_k50_lam0p0001,0.9006589786,3466.333889
43,0,adaptive_mass_rolling,346,1.373581444,mass,1000,2,224,197,0.9464285714,0.9390862944,0.9441624365,3973.913706,3785,4888.6,0,0,raps_k50_lam0p0001,50,0.0001,True,raps_k50_lam0p0001,0.9006589786,3466.333889
43,0,adaptive_mass_rolling,347,1.305305414,mass,1000,3,306,277,0.9117647059,0.9025270758,0.9049338147,3345.34657,3103,4476.4,0,0,raps_k50_lam0p0001,50,0.0001,True,raps_k50_lam0p0001,0.9006589786,3466.333889
43,0,adaptive_mass_rolling,348,1.328682902,mass,1000,3,714,610,0.8949579832,0.8770491803,0.8826502732,3623.595082,3336,4897.1,0,0,raps_k50_lam0p0001,50,0.0001,True,raps_k50_lam0p0001,0.9006589786,3466.333889
43,0,adaptive_mass_rolling,349,1.336062996,mass,1000,2,600,545,0.87,0.8568807339,0.8685015291,3664.555963,3410,4653.2,0,0,raps_k50_lam0p0001,50,0.0001,True,raps_k50_lam0p0001,0.9006589786,3466.333889
43,0,adaptive_mass_rolling,350,1.419753426,mass,1000,2,656,560,0.8993902439,0.8857142857,0.89375,4405.744643,4247,5066.4,0,0,raps_k50_lam0p0001,50,0.0001,True,raps_k50_lam0p0001,0.9006589786,3466.333889
43,0,adaptive_mass_rolling,351,1.428299985,mass,1000,2,522,476,0.9061302682,0.8970588235,0.9012605042,4549.060924,4333,5610.5,0,0,raps_k50_lam0p0001,50,0.0001,True,raps_k50_lam0p0001,0.9006589786,3466.333889
43,0,adaptive_mass_rolling,352,1.41678377,mass,1000,2,462,415,0.9090909091,0.9036144578,0.9100401606,4387.807229,4217,5063.8,0,0,raps_k50_lam0p0001,50,0.0001,True,raps_k50_lam0p0001,0.9006589786,3466.333889
43,0,adaptive_mass_rolling,353,1.401745982,mass,1000,3,242,226,0.8636363636,0.8539823009,0.860619469,4210.044248,4067,4654.5,0,0,raps_k50_lam0p0001,50,0.0001,True,raps_k50_lam0p0001,0.9006589786,3466.333889
43,0,adaptive_mass_rolling,354,1.412489532,mass,1000,3,238,227,0.9369747899,0.9339207048,0.9339207048,4369.881057,4174,5190.4,0,0,raps_k50_lam0p0001,50,0.0001,True,raps_k50_lam0p0001,0.9006589786,3466.333889
43,0,adaptive_mass_rolling,355,1.401745982,mass,1000,4,578,506,0.9256055363,0.918972332,0.9225955204,4294.124506,4067,5215.5,0,0,raps_k50_lam0p0001,50,0.0001,True,raps_k50_lam0p0001,0.9006589786,3466.333889
43,0,adaptive_mass_rolling,356,1.361139226,mass,1000,3,548,483,0.901459854,0.8881987578,0.8971704624,3920.898551,3661,5057.4,0,0,raps_k50_lam0p0001,50,0.0001,True,raps_k50_lam0p0001,0.9006589786,3466.333889
43,0,adaptive_mass_rolling,357,1.345285411,mass,1000,2,406,363,0.89408867,0.8953168044,0.9026629936,3651.517906,3502,3924,0,0,raps_k50_lam0p0001,50,0.0001,True,raps_k50_lam0p0001,0.9006589786,3466.333889
43,0,adaptive_mass_rolling,358,1.357699999,mass,1000,3,300,276,0.95,0.9456521739,0.9528985507,3837.51087,3627,4563.5,0,0,raps_k50_lam0p0001,50,0.0001,True,raps_k50_lam0p0001,0.9006589786,3466.333889
43,0,adaptive_mass_rolling,359,1.2946,mass,1000,3,330,312,0.9424242424,0.9391025641,0.9423076923,3327.048077,2996,4721.1,0,0,raps_k50_lam0p0001,50,0.0001,True,raps_k50_lam0p0001,0.9006589786,3466.333889
43,0,adaptive_mass_rolling,360,1.247499861,mass,1000,3,228,214,0.9254385965,0.9205607477,0.9252336449,2764.962617,2525,3545.1,0,0,raps_k50_lam0p0001,50,0.0001,True,raps_k50_lam0p0001,0.9006589786,3466.333889
43,0,adaptive_mass_rolling,361,1.186797914,mass,1000,4,246,226,0.8617886179,0.8495575221,0.8584070796,2213.530973,1917,3389.5,0,0,raps_k50_lam0p0001,50,0.0001,True,raps_k50_lam0p0001,0.9006589786,3466.333889
43,0,adaptive_mass_rolling,362,1.216099998,mass,1000,4,620,530,0.8919354839,0.8754716981,0.8839622642,2528.509434,2211,3872.3,0,0,raps_k50_lam0p0001,50,0.0001,True,raps_k50_lam0p0001,0.9006589786,3466.333889
43,0,adaptive_mass_rolling,363,1.291989989,mass,1000,3,386,353,0.9015544041,0.895184136,0.8984891407,3218.985836,2969,4417.4,0,0,raps_k50_lam0p0001,50,0.0001,True,raps_k50_lam0p0001,0.9006589786,3466.333889
43,0,adaptive_mass_rolling,364,1.288827146,mass,1000,2,354,329,0.895480226,0.8875379939,0.8905775076,3166.662614,2938,4019.4,0,0,raps_k50_lam0p0001,50,0.0001,True,raps_k50_lam0p0001,0.9006589786,3466.333889
59,0,adaptive_mass_rolling,292,1.260499424,mass,1000,3,730,658,0.8520547945,0.8510638298,0.8596757852,3107.922492,2659,4703.6,0,0,raps_k50_lam0p0001,50,0.0001,True,raps_k50_lam0p0001,0.8950576606,3003.446789
59,0,adaptive_mass_rolling,293,1.331997794,mass,1000,2,658,581,0.9300911854,0.925989673,0.9340218015,3793.526678,3377,5096,0,0,raps_k50_lam0p0001,50,0.0001,True,raps_k50_lam0p0001,0.8950576606,3003.446789
59,0,adaptive_mass_rolling,294,1.300799506,mass,1000,2,618,538,0.8737864078,0.8568773234,0.8658612144,3469.511152,3062,4847.6,0,0,raps_k50_lam0p0001,50,0.0001,True,raps_k50_lam0p0001,0.8950576606,3003.446789
59,0,adaptive_mass_rolling,295,1.3297,mass,1000,2,666,578,0.9204204204,0.9083044983,0.9132064591,3715.66436,3351,5030.5,0,0,raps_k50_lam0p0001,50,0.0001,True,raps_k50_lam0p0001,0.8950576606,3003.446789
59,0,adaptive_mass_rolling,296,1.310120166,mass,1000,2,516,466,0.9089147287,0.8991416309,0.9012875536,3549.472103,3156,4790,0,0,raps_k50_lam0p0001,50,0.0001,True,raps_k50_lam0p0001,0.8950576606,3003.446789
59,0,adaptive_mass_rolling,297,1.285083789,mass,1000,2,292,254,0.9006849315,0.8976377953,0.9028871391,3254.090551,2901,4523.7,0,0,raps_k50_lam0p0001,50,0.0001,True,raps_k50_lam0p0001,0.8950576606,3003.446789
59,0,adaptive_mass_rolling,298,1.301771732,mass,1000,3,252,224,0.8650793651,0.8482142857,0.8582589286,3541.330357,3069.5,5053,0,0,raps_k50_lam0p0001,50,0.0001,True,raps_k50_lam0p0001,0.8950576606,3003.446789
59,0,adaptive_mass_rolling,299,1.319119244,mass,1000,3,702,615,0.933048433,0.9235772358,0.9257452575,3544.900813,3244,4670.6,0,0,raps_k50_lam0p0001,50,0.0001,True,raps_k50_lam0p0001,0.8950576606,3003.446789
59,0,adaptive_mass_rolling,300,1.212458864,mass,1000,3,664,573,0.875,0.8586387435,0.8691099476,2679.56719,2180,4357.6,0,0,raps_k50_lam0p0001,50,0.0001,True,raps_k50_lam0p0001,0.8950576606,3003.446789
59,0,adaptive_mass_rolling,301,1.2731,mass,1000,2,616,552,0.8668831169,0.856884058,0.8655797101,3260.793478,2789.5,4716.7,0,0,raps_k50_lam0p0001,50,0.0001,True,raps_k50_lam0p0001,0.8950576606,3003.446789
59,0,adaptive_mass_rolling,302,1.384798843,mass,1000,2,570,490,0.9245614035,0.9142857143,0.9207482993,4181.532653,3898,5198.1,0,0,raps_k50_lam0p0001,50,0.0001,True,raps_k50_lam0p0001,0.8950576606,3003.446789
59,0,adaptive_mass_rolling,303,1.339140863,mass,1000,2,542,485,0.8874538745,0.8762886598,0.8804123711,3829.230928,3443,5157.2,0,0,raps_k50_lam0p0001,50,0.0001,True,raps_k50_lam0p0001,0.8950576606,3003.446789
59,0,adaptive_mass_rolling,304,1.302512607,mass,1000,2,328,281,0.9054878049,0.9039145907,0.9119217082,3456.47331,3076,4908,0,0,raps_k50_lam0p0001,50,0.0001,True,raps_k50_lam0p0001,0.8950576606,3003.446789
59,0,adaptive_mass_rolling,305,1.302985161,mass,1000,3,328,295,0.9451219512,0.9389830508,0.943220339,3415.976271,3080,4702,0,0,raps_k50_lam0p0001,50,0.0001,True,raps_k50_lam0p0001,0.8950576606,3003.446789
59,0,adaptive_mass_rolling,306,1.250176878,mass,1000,3,582,513,0.8917525773,0.8791423002,0.8869395712,2985.793372,2553,4563.8,0,0,raps_k50_lam0p0001,50,0.0001,True,raps_k50_lam0p0001,0.8950576606,3003.446789
59,0,adaptive_mass_rolling,307,1.150830205,mass,1000,3,588,510,0.8605442177,0.8450980392,0.8520915033,2138.907843,1563,4121.8,0,0,raps_k50_lam0p0001,50,0.0001,True,raps_k50_lam0p0001,0.8950576606,3003.446789
59,0,adaptive_mass_rolling,308,1.2959,mass,1000,2,562,497,0.8914590747,0.8812877264,0.8863179074,3452.641851,3012,4896,0,0,raps_k50_lam0p0001,50,0.0001,True,raps_k50_lam0p0001,0.8950576606,3003.446789
59,0,adaptive_mass_rolling,309,1.324810918,mass,1000,2,626,535,0.8881789137,0.8747663551,0.884423676,3709.715888,3301,4970.6,0,0,raps_k50_lam0p0001,50,0.0001,True,raps_k50_lam0p0001,0.8950576606,3003.446789
59,0,adaptive_mass_rolling,310,1.340471206,mass,1000,2,620,527,0.9483870968,0.9392789374,0.9411764706,3745.316888,3455,4896.8,0,0,raps_k50_lam0p0001,50,0.0001,True,raps_k50_lam0p0001,0.8950576606,3003.446789
59,0,adaptive_mass_rolling,311,1.19361819,mass,1000,2,438,366,0.8904109589,0.868852459,0.8756830601,2357.907104,1986,3917,0,0,raps_k50_lam0p0001,50,0.0001,True,raps_k50_lam0p0001,0.8950576606,3003.446789
59,0,adaptive_mass_rolling,312,1.16309338,mass,1000,2,460,368,0.902173913,0.8804347826,0.8956521739,2022.1875,1681,3430.2,0,0,raps_k50_lam0p0001,50,0.0001,True,raps_k50_lam0p0001,0.8950576606,3003.446789
59,0,adaptive_mass_rolling,313,1.170000891,mass,1000,3,794,641,0.8929471033,0.8689547582,0.8787831513,2201.865835,1750,4066,0,0,raps_k50_lam0p0001,50,0.0001,True,raps_k50_lam0p0001,0.8950576606,3003.446789
59,0,adaptive_mass_rolling,314,1.235185452,mass,1000,2,678,585,0.918879056,0.905982906,0.914000814,2777.463248,2402,4202.8,0,0,raps_k50_lam0p0001,50,0.0001,True,raps_k50_lam0p0001,0.8950576606,3003.446789
59,0,adaptive_mass_rolling,315,1.155999501,mass,1000,2,774,660,0.8953488372,0.8818181818,0.8947222222,2005.172727,1610.5,3718.4,0,0,raps_k50_lam0p0001,50,0.0001,True,raps_k50_lam0p0001,0.8950576606,3003.446789
59,0,adaptive_mass_rolling,316,1.173168879,mass,1000,2,758,622,0.8984168865,0.8762057878,0.8794212219,2255.139871,1783,4124.8,0,0,raps_k50_lam0p0001,50,0.0001,True,raps_k50_lam0p0001,0.8950576606,3003.446789
59,0,adaptive_mass_rolling,317,1.180912714,mass,1000,2,630,559,0.8936507937,0.8801431127,0.8903100775,2208.171735,1859,3682.6,0,0,raps_k50_lam0p0001,50,0.0001,True,raps_k50_lam0p0001,0.8950576606,3003.446789
59,0,adaptive_mass_rolling,318,1.219253608,mass,1000,2,342,308,0.8684210526,0.8538961039,0.8609307359,2606.12013,2242,4049.2,0,0,raps_k50_lam0p0001,50,0.0001,True,raps_k50_lam0p0001,0.8950576606,3003.446789
59,0,adaptive_mass_rolling,319,1.28228865,mass,1000,3,324,290,0.9259259259,0.9172413793,0.9172413793,3151.589655,2873,4420.1,0,0,raps_k50_lam0p0001,50,0.0001,True,raps_k50_lam0p0001,0.8950576606,3003.446789
59,0,adaptive_mass_rolling,320,1.270568083,mass,1000,3,736,646,0.9008152174,0.8885448916,0.8941692466,3159.264706,2756,4610,0,0,raps_k50_lam0p0001,50,0.0001,True,raps_k50_lam0p0001,0.8950576606,3003.446789
59,0,adaptive_mass_rolling,321,1.254931239,mass,1000,2,680,603,0.9102941176,0.9021558872,0.907960199,2952.950249,2599,4258.6,0,0,raps_k50_lam0p0001,50,0.0001,True,raps_k50_lam0p0001,0.8950576606,3003.446789
59,0,adaptive_mass_rolling,322,1.2487,mass,1000,2,668,595,0.8667664671,0.8521008403,0.8593837535,2922.047059,2538,4473.6,0,0,raps_k50_lam0p0001,50,0.0001,True,raps_k50_lam0p0001,0.8950576606,3003.446789
59,0,adaptive_mass_rolling,323,1.3056,mass,1000,2,668,600,0.9026946108,0.895,0.9005555556,3393.716667,3106,4550.6,0,0,raps_k50_lam0p0001,50,0.0001,True,raps_k50_lam0p0001,0.8950576606,3003.446789
59,0,adaptive_mass_rolling,324,1.3065,mass,1000,2,796,650,0.9296482412,0.9138461538,0.9232051282,3395.826154,3115,4421.3,0,0,raps_k50_lam0p0001,50,0.0001,True,raps_k50_lam0p0001,0.8950576606,3003.446789
59,0,adaptive_mass_rolling,325,1.153167749,mass,1000,2,398,360,0.891959799,0.8805555556,0.8875,2117.838889,1581,4216,0,0,raps_k50_lam0p0001,50,0.0001,True,raps_k50_lam0p0001,0.8950576606,3003.446789
59,0,adaptive_mass_rolling,326,1.1555,mass,1000,2,422,348,0.9194312796,0.9051724138,0.9154693487,1891.307471,1605,2758.1,0,0,raps_k50_lam0p0001,50,0.0001,True,raps_k50_lam0p0001,0.8950576606,3003.446789
59,0,adaptive_mass_rolling,327,1.139599777,mass,1000,3,738,621,0.8685636856,0.847020934,0.8634192163,1941.932367,1446,3711,0,0,raps_k50_lam0p0001,50,0.0001,True,raps_k50_lam0p0001,0.8950576606,3003.446789
59,0,adaptive_mass_rolling,328,1.19155859,mass,1000,2,600,526,0.93,0.9201520913,0.9245880862,2355.98289,1966,3925.5,0,0,raps_k50_lam0p0001,50,0.0001,True,raps_k50_lam0p0001,0.8950576606,3003.446789
59,0,adaptive_mass_rolling,329,1.158299929,mass,1000,2,684,599,0.8859649123,0.878130217,0.8908736784,2133.495826,1633,4014,0,0,raps_k50_lam0p0001,50,0.0001,True,raps_k50_lam0p0001,0.8950576606,3003.446789
59,0,adaptive_mass_rolling,330,1.164424708,mass,1000,2,640,580,0.9,0.8896551724,0.8931034483,2119.758621,1694,3954.2,0,0,raps_k50_lam0p0001,50,0.0001,True,raps_k50_lam0p0001,0.8950576606,3003.446789
59,0,adaptive_mass_rolling,331,1.2142,mass,1000,2,506,474,0.9268774704,0.9219409283,0.9229957806,2581.2173,2192,4209.5,0,0,raps_k50_lam0p0001,50,0.0001,True,raps_k50_lam0p0001,0.8950576606,3003.446789
59,0,adaptive_mass_rolling,332,1.131899602,mass,1000,2,318,300,0.8836477987,0.8766666667,0.8766666667,1832.226667,1369,3747.9,0,0,raps_k50_lam0p0001,50,0.0001,True,raps_k50_lam0p0001,0.8950576606,3003.446789
59,0,adaptive_mass_rolling,333,1.154599896,mass,1000,3,342,312,0.8859649123,0.875,0.8803418803,2050.903846,1596,3958.4,0,0,raps_k50_lam0p0001,50,0.0001,True,raps_k50_lam0p0001,0.8950576606,3003.446789
59,0,adaptive_mass_rolling,334,1.198730358,mass,1000,3,700,633,0.9,0.8909952607,0.8999473407,2427.939968,2037,4108.2,0,0,raps_k50_lam0p0001,50,0.0001,True,raps_k50_lam0p0001,0.8950576606,3003.446789
59,0,adaptive_mass_rolling,335,1.213199802,mass,1000,2,656,587,0.8826219512,0.8722316865,0.8813174333,2588.105622,2182,4256.6,0,0,raps_k50_lam0p0001,50,0.0001,True,raps_k50_lam0p0001,0.8950576606,3003.446789
59,0,adaptive_mass_rolling,336,1.285817127,mass,1000,2,632,551,0.8924050633,0.8765880218,0.8873260738,3268.524501,2908,4759,0,0,raps_k50_lam0p0001,50,0.0001,True,raps_k50_lam0p0001,0.8950576606,3003.446789
59,0,adaptive_mass_rolling,337,1.31229607,mass,1000,2,552,492,0.9057971014,0.8943089431,0.897696477,3464.386179,3173,4664.5,0,0,raps_k50_lam0p0001,50,0.0001,True,raps_k50_lam0p0001,0.8950576606,3003.446789
59,0,adaptive_mass_rolling,338,1.305899999,mass,1000,2,496,457,0.9274193548,0.9212253829,0.9212253829,3406.630197,3109,4590.8,0,0,raps_k50_lam0p0001,50,0.0001,True,raps_k50_lam0p0001,0.8950576606,3003.446789
59,0,adaptive_mass_rolling,339,1.240420906,mass,1000,2,328,297,0.8932926829,0.8922558923,0.8978675645,2659.592593,2454,3072,0,0,raps_k50_lam0p0001,50,0.0001,True,raps_k50_lam0p0001,0.8950576606,3003.446789
59,0,adaptive_mass_rolling,340,1.235898283,mass,1000,3,328,303,0.8902439024,0.8811881188,0.8844884488,2722.264026,2409,4210.4,0,0,raps_k50_lam0p0001,50,0.0001,True,raps_k50_lam0p0001,0.8950576606,3003.446789
59,0,adaptive_mass_rolling,341,1.24909737,mass,1000,3,576,519,0.875,0.8631984586,0.8714193963,2882.978805,2541,4376.6,0,0,raps_k50_lam0p0001,50,0.0001,True,raps_k50_lam0p0001,0.8950576606,3003.446789
59,0,adaptive_mass_rolling,342,1.322596447,mass,1000,3,636,565,0.9229559748,0.9132743363,0.9174041298,3595.357522,3276,4808.8,0,0,raps_k50_lam0p0001,50,0.0001,True,raps_k50_lam0p0001,0.8950576606,3003.446789
59,0,adaptive_mass_rolling,343,1.2711,mass,1000,2,642,567,0.8753894081,0.8589065256,0.8698706643,3161.47619,2761,4602.4,0,0,raps_k50_lam0p0001,50,0.0001,True,raps_k50_lam0p0001,0.8950576606,3003.446789
59,0,adaptive_mass_rolling,344,1.324514861,mass,1000,2,650,582,0.9230769231,0.9140893471,0.9175257732,3586.64433,3295,4720.3,0,0,raps_k50_lam0p0001,50,0.0001,True,raps_k50_lam0p0001,0.8950576606,3003.446789
59,0,adaptive_mass_rolling,345,1.267341643,mass,1000,2,586,501,0.9027303754,0.8862275449,0.8952095808,3094.407186,2723,4641,0,0,raps_k50_lam0p0001,50,0.0001,True,raps_k50_lam0p0001,0.8950576606,3003.446789
59,0,adaptive_mass_rolling,346,1.227444822,mass,1000,2,224,197,0.9419642857,0.9340101523,0.9416243655,2610.106599,2324,3803.8,0,0,raps_k50_lam0p0001,50,0.0001,True,raps_k50_lam0p0001,0.8950576606,3003.446789
59,0,adaptive_mass_rolling,347,1.212974483,mass,1000,3,306,277,0.9150326797,0.9061371841,0.908543923,2481.906137,2179,3642.6,0,0,raps_k50_lam0p0001,50,0.0001,True,raps_k50_lam0p0001,0.8950576606,3003.446789
59,0,adaptive_mass_rolling,348,1.191444431,mass,1000,3,714,610,0.8767507003,0.8573770492,0.8628415301,2355.159016,1964,4210.2,0,0,raps_k50_lam0p0001,50,0.0001,True,raps_k50_lam0p0001,0.8950576606,3003.446789
59,0,adaptive_mass_rolling,349,1.278868712,mass,1000,2,600,545,0.9116666667,0.9027522936,0.9097859327,3145.086239,2838,4325.6,0,0,raps_k50_lam0p0001,50,0.0001,True,raps_k50_lam0p0001,0.8950576606,3003.446789
59,0,adaptive_mass_rolling,350,1.258907543,mass,1000,2,656,560,0.8917682927,0.8785714286,0.8855654762,2896.619643,2639,4171.2,0,0,raps_k50_lam0p0001,50,0.0001,True,raps_k50_lam0p0001,0.8950576606,3003.446789
59,0,adaptive_mass_rolling,351,1.279798944,mass,1000,2,522,476,0.8888888889,0.8781512605,0.881302521,3184.560924,2847,4761,0,0,raps_k50_lam0p0001,50,0.0001,True,raps_k50_lam0p0001,0.8950576606,3003.446789
59,0,adaptive_mass_rolling,352,1.314418402,mass,1000,2,462,415,0.9025974026,0.8963855422,0.9040160643,3424.590361,3194,4343.8,0,0,raps_k50_lam0p0001,50,0.0001,True,raps_k50_lam0p0001,0.8950576606,3003.446789
59,0,adaptive_mass_rolling,353,1.318004531,mass,1000,3,242,226,0.8636363636,0.8539823009,0.8650442478,3409.761062,3230,3830,0,0,raps_k50_lam0p0001,50,0.0001,True,raps_k50_lam0p0001,0.8950576606,3003.446789
59,0,adaptive_mass_rolling,354,1.327338898,mass,1000,3,238,227,0.8781512605,0.872246696,0.872246696,3561.356828,3323,4414.2,0,0,raps_k50_lam0p0001,50,0.0001,True,raps_k50_lam0p0001,0.8950576606,3003.446789
59,0,adaptive_mass_rolling,355,1.348399999,mass,1000,4,578,506,0.8667820069,0.8616600791,0.8716356108,3802.371542,3534,4828,0,0,raps_k50_lam0p0001,50,0.0001,True,raps_k50_lam0p0001,0.8950576606,3003.446789
59,0,adaptive_mass_rolling,356,1.4751,mass,1000,3,548,483,0.9251824818,0.9192546584,0.9237405107,4959.84265,4801,5652.8,0,0,raps_k50_lam0p0001,50,0.0001,True,raps_k50_lam0p0001,0.8950576606,3003.446789
59,0,adaptive_mass_rolling,357,1.398534893,mass,1000,2,406,363,0.9384236453,0.9366391185,0.9407713499,4154.936639,4035,4363.8,0,0,raps_k50_lam0p0001,50,0.0001,True,raps_k50_lam0p0001,0.8950576606,3003.446789
59,0,adaptive_mass_rolling,358,1.3293,mass,1000,3,300,276,0.9266666667,0.9202898551,0.9202898551,3564.376812,3343,4480,0,0,raps_k50_lam0p0001,50,0.0001,True,raps_k50_lam0p0001,0.8950576606,3003.446789
59,0,adaptive_mass_rolling,359,1.27359084,mass,1000,3,330,312,0.9272727273,0.9230769231,0.9246794872,3135.195513,2786,4614.9,0,0,raps_k50_lam0p0001,50,0.0001,True,raps_k50_lam0p0001,0.8950576606,3003.446789
59,0,adaptive_mass_rolling,360,1.22609997,mass,1000,3,228,214,0.951754386,0.9485981308,0.9509345794,2543.060748,2311,3146.9,0,0,raps_k50_lam0p0001,50,0.0001,True,raps_k50_lam0p0001,0.8950576606,3003.446789
59,0,adaptive_mass_rolling,361,1.162099107,mass,1000,4,246,226,0.906504065,0.8982300885,0.9026548673,1955.99115,1670,2832.5,0,0,raps_k50_lam0p0001,50,0.0001,True,raps_k50_lam0p0001,0.8950576606,3003.446789
59,0,adaptive_mass_rolling,362,1.111299983,mass,1000,4,620,530,0.8709677419,0.8528301887,0.8603773585,1546.956604,1163,3297.5,0,0,raps_k50_lam0p0001,50,0.0001,True,raps_k50_lam0p0001,0.8950576606,3003.446789
59,0,adaptive_mass_rolling,363,1.212985017,mass,1000,3,386,353,0.8626943005,0.8583569405,0.8607176582,2481.971671,2179,3957,0,0,raps_k50_lam0p0001,50,0.0001,True,raps_k50_lam0p0001,0.8950576606,3003.446789
59,0,adaptive_mass_rolling,364,1.316599999,mass,1000,2,354,329,0.906779661,0.8996960486,0.9012158055,3433.553191,3216,4355.2,0,0,raps_k50_lam0p0001,50,0.0001,True,raps_k50_lam0p0001,0.8950576606,3003.446789
71,0,adaptive_mass_rolling,292,1.22314187,mass,1000,3,730,658,0.8753424658,0.867781155,0.8761398176,2782.12462,2286,4519.9,0,0,raps_k50_lam0p0001,50,0.0001,True,raps_k50_lam0p0001,0.9049423394,2929.308347
71,0,adaptive_mass_rolling,293,1.24119825,mass,1000,2,658,581,0.8753799392,0.8640275387,0.8737808376,3002.444062,2474,4697,0,0,raps_k50_lam0p0001,50,0.0001,True,raps_k50_lam0p0001,0.9049423394,2929.308347
71,0,adaptive_mass_rolling,294,1.309799564,mass,1000,2,618,538,0.9110032362,0.8996282528,0.9024163569,3547.27881,3152,4893.8,0,0,raps_k50_lam0p0001,50,0.0001,True,raps_k50_lam0p0001,0.9049423394,2929.308347
71,0,adaptive_mass_rolling,295,1.285769304,mass,1000,2,666,578,0.8873873874,0.8737024221,0.8817762399,3332.99481,2913,4839,0,0,raps_k50_lam0p0001,50,0.0001,True,raps_k50_lam0p0001,0.9049423394,2929.308347
71,0,adaptive_mass_rolling,296,1.29003147,mass,1000,2,516,466,0.9224806202,0.9141630901,0.9152360515,3369.690987,2954,4695.5,0,0,raps_k50_lam0p0001,50,0.0001,True,raps_k50_lam0p0001,0.9049423394,2929.308347
71,0,adaptive_mass_rolling,297,1.270647385,mass,1000,2,292,254,0.9006849315,0.8897637795,0.8996062992,3122.948819,2757,4460.2,0,0,raps_k50_lam0p0001,50,0.0001,True,raps_k50_lam0p0001,0.9049423394,2929.308347
71,0,adaptive_mass_rolling,298,1.260939995,mass,1000,3,252,224,0.876984127,0.8616071429,0.8660714286,3185.946429,2661,4854.6,0,0,raps_k50_lam0p0001,50,0.0001,True,raps_k50_lam0p0001,0.9049423394,2929.308347
71,0,adaptive_mass_rolling,299,1.267770632,mass,1000,3,702,615,0.933048433,0.9235772358,0.925203252,3075.827642,2731,4377.6,0,0,raps_k50_lam0p0001,50,0.0001,True,raps_k50_lam0p0001,0.9049423394,2929.308347
71,0,adaptive_mass_rolling,300,1.195455195,mass,1000,3,664,573,0.8719879518,0.8551483421,0.8667830134,2539.078534,2013,4306,0,0,raps_k50_lam0p0001,50,0.0001,True,raps_k50_lam0p0001,0.9049423394,2929.308347
71,0,adaptive_mass_rolling,301,1.229785413,mass,1000,2,616,552,0.8701298701,0.856884058,0.8662439614,2875.307971,2358,4507,0,0,raps_k50_lam0p0001,50,0.0001,True,raps_k50_lam0p0001,0.9049423394,2929.308347
71,0,adaptive_mass_rolling,302,1.338397045,mass,1000,2,570,490,0.9,0.887755102,0.8918367347,3771.85102,3435,4963.9,0,0,raps_k50_lam0p0001,50,0.0001,True,raps_k50_lam0p0001,0.9049423394,2929.308347
71,0,adaptive_mass_rolling,303,1.356395689,mass,1000,2,542,485,0.9040590406,0.8927835052,0.8969072165,3983.740206,3615,5251,0,0,raps_k50_lam0p0001,50,0.0001,True,raps_k50_lam0p0001,0.9049423394,2929.308347
71,0,adaptive_mass_rolling,304,1.347703474,mass,1000,2,328,281,0.9329268293,0.9359430605,0.9359430605,3855.978648,3528,5138,0,0,raps_k50_lam0p0001,50,0.0001,True,raps_k50_lam0p0001,0.9049423394,2929.308347
71,0,adaptive_mass_rolling,305,1.289034407,mass,1000,3,328,295,0.9420731707,0.9355932203,0.9381355932,3291.427119,2941,4723.8,0,0,raps_k50_lam0p0001,50,0.0001,True,raps_k50_lam0p0001,0.9049423394,2929.308347
71,0,adaptive_mass_rolling,306,1.226524449,mass,1000,3,582,513,0.8969072165,0.8849902534,0.8931124107,2770.346979,2317,4464.2,0,0,raps_k50_lam0p0001,50,0.0001,True,raps_k50_lam0p0001,0.9049423394,2929.308347
71,0,adaptive_mass_rolling,307,1.199936398,mass,1000,3,588,510,0.8707482993,0.8529411765,0.8635947712,2582.215686,2054,4366,0,0,raps_k50_lam0p0001,50,0.0001,True,raps_k50_lam0p0001,0.9049423394,2929.308347
71,0,adaptive_mass_rolling,308,1.302052658,mass,1000,2,562,497,0.8879003559,0.8772635815,0.8828973843,3518.764588,3075,4920.2,0,0,raps_k50_lam0p0001,50,0.0001,True,raps_k50_lam0p0001,0.9049423394,2929.308347
71,0,adaptive_mass_rolling,309,1.344399818,mass,1000,2,626,535,0.8722044728,0.8598130841,0.8679127726,3875.065421,3497,5038,0,0,raps_k50_lam0p0001,50,0.0001,True,raps_k50_lam0p0001,0.9049423394,2929.308347
71,0,adaptive_mass_rolling,310,1.401967696,mass,1000,2,620,527,0.935483871,0.9240986717,0.9318469323,4305.757116,4070,5206.6,0,0,raps_k50_lam0p0001,50,0.0001,True,raps_k50_lam0p0001,0.9049423394,2929.308347
71,0,adaptive_mass_rolling,311,1.292678664,mass,1000,2,438,366,0.901826484,0.8825136612,0.8938979964,3267.371585,2976.5,4365.5,0,0,raps_k50_lam0p0001,50,0.0001,True,raps_k50_lam0p0001,0.9049423394,2929.308347
71,0,adaptive_mass_rolling,312,1.207299569,mass,1000,2,460,368,0.8956521739,0.8695652174,0.8838768116,2433.258152,2123,3631.6,0,0,raps_k50_lam0p0001,50,0.0001,True,raps_k50_lam0p0001,0.9049423394,2929.308347
71,0,adaptive_mass_rolling,313,1.226399603,mass,1000,3,794,641,0.9143576826,0.895475819,0.8978159126,2712.418097,2314,4319,0,0,raps_k50_lam0p0001,50,0.0001,True,raps_k50_lam0p0001,0.9049423394,2929.308347
71,0,adaptive_mass_rolling,314,1.198497391,mass,1000,2,678,585,0.8938053097,0.8803418803,0.8894993895,2436.945299,2035,3976.4,0,0,raps_k50_lam0p0001,50,0.0001,True,raps_k50_lam0p0001,0.9049423394,2929.308347
71,0,adaptive_mass_rolling,315,1.225799582,mass,1000,2,774,660,0.9082687339,0.896969697,0.9098737374,2645.421212,2308,4061.2,0,0,raps_k50_lam0p0001,50,0.0001,True,raps_k50_lam0p0001,0.9049423394,2929.308347
71,0,adaptive_mass_rolling,316,1.223113396,mass,1000,2,758,622,0.8997361478,0.8778135048,0.881511254,2708.948553,2282,4345.4,0,0,raps_k50_lam0p0001,50,0.0001,True,raps_k50_lam0p0001,0.9049423394,2929.308347
71,0,adaptive_mass_rolling,317,1.223899843,mass,1000,2,630,559,0.880952381,0.8658318426,0.8768932618,2600.497317,2289,3977.8,0,0,raps_k50_lam0p0001,50,0.0001,True,raps_k50_lam0p0001,0.9049423394,2929.308347
71,0,adaptive_mass_rolling,318,1.301590088,mass,1000,2,342,308,0.9210526316,0.9123376623,0.9177489177,3352.616883,3066,4467.2,0,0,raps_k50_lam0p0001,50,0.0001,True,raps_k50_lam0p0001,0.9049423394,2929.308347
71,0,adaptive_mass_rolling,319,1.280524855,mass,1000,3,324,290,0.9290123457,0.9206896552,0.9206896552,3138.327586,2855,4377.5,0,0,raps_k50_lam0p0001,50,0.0001,True,raps_k50_lam0p0001,0.9049423394,2929.308347
71,0,adaptive_mass_rolling,320,1.224790389,mass,1000,3,736,646,0.9130434783,0.9040247678,0.9099071207,2746.783282,2299,4341.5,0,0,raps_k50_lam0p0001,50,0.0001,True,raps_k50_lam0p0001,0.9049423394,2929.308347
71,0,adaptive_mass_rolling,321,1.161001436,mass,1000,2,680,603,0.8941176471,0.8839137645,0.8905472637,2093.61194,1661,3824,0,0,raps_k50_lam0p0001,50,0.0001,True,raps_k50_lam0p0001,0.9049423394,2929.308347
71,0,adaptive_mass_rolling,322,1.205988014,mass,1000,2,668,595,0.8667664671,0.8521008403,0.8602240896,2542.001681,2111,4284.6,0,0,raps_k50_lam0p0001,50,0.0001,True,raps_k50_lam0p0001,0.9049423394,2929.308347
71,0,adaptive_mass_rolling,323,1.305068633,mass,1000,2,668,600,0.9161676647,0.9083333333,0.9155555556,3390.29,3101,4535,0,0,raps_k50_lam0p0001,50,0.0001,True,raps_k50_lam0p0001,0.9049423394,2929.308347
71,0,adaptive_mass_rolling,324,1.264174317,mass,1000,2,796,650,0.9346733668,0.92,0.9261538462,3011.909231,2692,4173.1,0,0,raps_k50_lam0p0001,50,0.0001,True,raps_k50_lam0p0001,0.9049423394,2929.308347
71,0,adaptive_mass_rolling,325,1.138599983,mass,1000,2,398,360,0.8592964824,0.8444444444,0.8513888889,1986,1436,4128.1,0,0,raps_k50_lam0p0001,50,0.0001,True,raps_k50_lam0p0001,0.9049423394,2929.308347
71,0,adaptive_mass_rolling,326,1.186492012,mass,1000,2,422,348,0.9454976303,0.9367816092,0.9382183908,2169.114943,1914,2831.2,0,0,raps_k50_lam0p0001,50,0.0001,True,raps_k50_lam0p0001,0.9049423394,2929.308347
71,0,adaptive_mass_rolling,327,1.138599983,mass,1000,3,738,621,0.8726287263,0.8582930757,0.8694041868,1929.668277,1436,3794,0,0,raps_k50_lam0p0001,50,0.0001,True,raps_k50_lam0p0001,0.9049423394,2929.308347
71,0,adaptive_mass_rolling,328,1.158399973,mass,1000,2,600,526,0.8866666667,0.8764258555,0.8856147022,2062.980989,1634,3799,0,0,raps_k50_lam0p0001,50,0.0001,True,raps_k50_lam0p0001,0.9049423394,2929.308347
71,0,adaptive_mass_rolling,329,1.231643591,mass,1000,2,684,599,0.8961988304,0.8848080134,0.8947690595,2786.532554,2366,4393,0,0,raps_k50_lam0p0001,50,0.0001,True,raps_k50_lam0p0001,0.9049423394,2929.308347
71,0,adaptive_mass_rolling,330,1.238643033,mass,1000,2,640,580,0.9046875,0.8948275862,0.8982758621,2798.97069,2436,4277.5,0,0,raps_k50_lam0p0001,50,0.0001,True,raps_k50_lam0p0001,0.9049423394,2929.308347
71,0,adaptive_mass_rolling,331,1.231899999,mass,1000,2,506,474,0.9071146245,0.9008438819,0.9018987342,2740.552743,2369,4292.7,0,0,raps_k50_lam0p0001,50,0.0001,True,raps_k50_lam0p0001,0.9049423394,2929.308347
71,0,adaptive_mass_rolling,332,1.189731267,mass,1000,2,318,300,0.8836477987,0.8766666667,0.8766666667,2355.96,1947,4147.8,0,0,raps_k50_lam0p0001,50,0.0001,True,raps_k50_lam0p0001,0.9049423394,2929.308347
71,0,adaptive_mass_rolling,333,1.213907726,mass,1000,3,342,312,0.8918128655,0.8814102564,0.8883547009,2593.99359,2189,4117.8,0,0,raps_k50_lam0p0001,50,0.0001,True,raps_k50_lam0p0001,0.9049423394,2929.308347
71,0,adaptive_mass_rolling,334,1.2409,mass,1000,3,700,633,0.8942857143,0.8830963665,0.8938915219,2814.36019,2459,4364.6,0,0,raps_k50_lam0p0001,50,0.0001,True,raps_k50_lam0p0001,0.9049423394,2929.308347
71,0,adaptive_mass_rolling,335,1.265247261,mass,1000,2,656,587,0.9009146341,0.8909710392,0.9036059057,3055.385009,2702,4519.2,0,0,raps_k50_lam0p0001,50,0.0001,True,raps_k50_lam0p0001,0.9049423394,2929.308347
71,0,adaptive_mass_rolling,336,1.249991944,mass,1000,2,632,551,0.8702531646,0.8529945554,0.8628554144,2947.475499,2550,4572,0,0,raps_k50_lam0p0001,50,0.0001,True,raps_k50_lam0p0001,0.9049423394,2929.308347
71,0,adaptive_mass_rolling,337,1.325131415,mass,1000,2,552,492,0.8894927536,0.8760162602,0.8807588076,3574.668699,3301,4748,0,0,raps_k50_lam0p0001,50,0.0001,True,raps_k50_lam0p0001,0.9049423394,2929.308347
71,0,adaptive_mass_rolling,338,1.3715,mass,1000,2,496,457,0.8850806452,0.8774617068,0.882567469,4003.354486,3765,4911.8,0,0,raps_k50_lam0p0001,50,0.0001,True,raps_k50_lam0p0001,0.9049423394,2929.308347
71,0,adaptive_mass_rolling,339,1.40763096,mass,1000,2,328,297,0.9024390244,0.9023569024,0.9074074074,4245.727273,4126,4421,0,0,raps_k50_lam0p0001,50,0.0001,True,raps_k50_lam0p0001,0.9049423394,2929.308347
71,0,adaptive_mass_rolling,340,1.389585785,mass,1000,3,328,303,0.9237804878,0.9174917492,0.9174917492,4141.623762,3945,5008.2,0,0,raps_k50_lam0p0001,50,0.0001,True,raps_k50_lam0p0001,0.9049423394,2929.308347
71,0,adaptive_mass_rolling,341,1.37529266,mass,1000,3,576,519,0.9184027778,0.9094412331,0.9138728324,4035.633911,3803,4990,0,0,raps_k50_lam0p0001,50,0.0001,True,raps_k50_lam0p0001,0.9049423394,2929.308347
71,0,adaptive_mass_rolling,342,1.310491075,mass,1000,3,636,565,0.9150943396,0.9044247788,0.9079646018,3492.980531,3155,4804.8,0,0,raps_k50_lam0p0001,50,0.0001,True,raps_k50_lam0p0001,0.9049423394,2929.308347
71,0,adaptive_mass_rolling,343,1.296325111,mass,1000,2,642,567,0.8909657321,0.8800705467,0.8892122281,3392.208113,3013,4767.2,0,0,raps_k50_lam0p0001,50,0.0001,True,raps_k50_lam0p0001,0.9049423394,2929.308347
71,0,adaptive_mass_rolling,344,1.308664165,mass,1000,2,650,582,0.9061538462,0.8986254296,0.901489118,3439.202749,3136,4620.9,0,0,raps_k50_lam0p0001,50,0.0001,True,raps_k50_lam0p0001,0.9049423394,2929.308347
71,0,adaptive_mass_rolling,345,1.304899999,mass,1000,2,586,501,0.9078498294,0.8922155689,0.9031936128,3437.806387,3099,4810,0,0,raps_k50_lam0p0001,50,0.0001,True,raps_k50_lam0p0001,0.9049423394,2929.308347
71,0,adaptive_mass_rolling,346,1.257599239,mass,1000,2,224,197,0.9508928571,0.9441624365,0.9492385787,2892.426396,2625,4113.8,0,0,raps_k50_lam0p0001,50,0.0001,True,raps_k50_lam0p0001,0.9049423394,2929.308347
71,0,adaptive_mass_rolling,347,1.224801398,mass,1000,3,306,277,0.9183006536,0.9097472924,0.9121540313,2590.725632,2298,3830.8,0,0,raps_k50_lam0p0001,50,0.0001,True,raps_k50_lam0p0001,0.9049423394,2929.308347
71,0,adaptive_mass_rolling,348,1.221199573,mass,1000,3,714,610,0.8851540616,0.8655737705,0.8713114754,2625.377049,2262,4315.9,0,0,raps_k50_lam0p0001,50,0.0001,True,raps_k50_lam0p0001,0.9049423394,2929.308347
71,0,adaptive_mass_rolling,349,1.231010745,mass,1000,2,600,545,0.8766666667,0.8642201835,0.8743119266,2706.686239,2360,4140,0,0,raps_k50_lam0p0001,50,0.0001,True,raps_k50_lam0p0001,0.9049423394,2929.308347
71,0,adaptive_mass_rolling,350,1.306072579,mass,1000,2,656,560,0.9024390244,0.8910714286,0.8989583333,3337.744643,3110,4318.3,0,0,raps_k50_lam0p0001,50,0.0001,True,raps_k50_lam0p0001,0.9049423394,2929.308347
71,0,adaptive_mass_rolling,351,1.307792877,mass,1000,2,522,476,0.8965517241,0.8865546218,0.8946078431,3434.628151,3127,4901.5,0,0,raps_k50_lam0p0001,50,0.0001,True,raps_k50_lam0p0001,0.9049423394,2929.308347
71,0,adaptive_mass_rolling,352,1.309081894,mass,1000,2,462,415,0.8896103896,0.8795180723,0.8871485944,3371.872289,3140,4290.6,0,0,raps_k50_lam0p0001,50,0.0001,True,raps_k50_lam0p0001,0.9049423394,2929.308347
71,0,adaptive_mass_rolling,353,1.330440408,mass,1000,3,242,226,0.8801652893,0.8716814159,0.8783185841,3521.318584,3354,3936,0,0,raps_k50_lam0p0001,50,0.0001,True,raps_k50_lam0p0001,0.9049423394,2929.308347
71,0,adaptive_mass_rolling,354,1.342199997,mass,1000,3,238,227,0.8697478992,0.8634361233,0.8678414097,3699.9163,3472,4620.4,0,0,raps_k50_lam0p0001,50,0.0001,True,raps_k50_lam0p0001,0.9049423394,2929.308347
71,0,adaptive_mass_rolling,355,1.404571504,mass,1000,4,578,506,0.8788927336,0.871541502,0.8824345944,4315.381423,4095,5195,0,0,raps_k50_lam0p0001,50,0.0001,True,raps_k50_lam0p0001,0.9049423394,2929.308347
71,0,adaptive_mass_rolling,356,1.487458266,mass,1000,3,548,483,0.9270072993,0.9213250518,0.9233954451,5072.590062,4924,5702.6,0,0,raps_k50_lam0p0001,50,0.0001,True,raps_k50_lam0p0001,0.9049423394,2929.308347
71,0,adaptive_mass_rolling,357,1.396592434,mass,1000,2,406,363,0.9236453202,0.9228650138,0.9292929293,4139.256198,4015,4425.4,0,0,raps_k50_lam0p0001,50,0.0001,True,raps_k50_lam0p0001,0.9049423394,2929.308347
71,0,adaptive_mass_rolling,358,1.3425,mass,1000,3,300,276,0.94,0.9347826087,0.9347826087,3687.648551,3475,4467.5,0,0,raps_k50_lam0p0001,50,0.0001,True,raps_k50_lam0p0001,0.9049423394,2929.308347
71,0,adaptive_mass_rolling,359,1.302148266,mass,1000,3,330,312,0.9121212121,0.9070512821,0.9086538462,3398.24359,3071,4785.3,0,0,raps_k50_lam0p0001,50,0.0001,True,raps_k50_lam0p0001,0.9049423394,2929.308347
71,0,adaptive_mass_rolling,360,1.2372,mass,1000,3,228,214,0.9473684211,0.9439252336,0.9462616822,2651.266355,2422,3204.6,0,0,raps_k50_lam0p0001,50,0.0001,True,raps_k50_lam0p0001,0.9049423394,2929.308347
71,0,adaptive_mass_rolling,361,1.160394626,mass,1000,4,246,226,0.8943089431,0.8849557522,0.889380531,1942.433628,1653,2841,0,0,raps_k50_lam0p0001,50,0.0001,True,raps_k50_lam0p0001,0.9049423394,2929.308347
71,0,adaptive_mass_rolling,362,1.146099077,mass,1000,4,620,530,0.8935483871,0.8754716981,0.8849056604,1870.849057,1511,3578.7,0,0,raps_k50_lam0p0001,50,0.0001,True,raps_k50_lam0p0001,0.9049423394,2929.308347
71,0,adaptive_mass_rolling,363,1.136091638,mass,1000,3,386,353,0.8756476684,0.8725212465,0.8748819641,1772.17847,1410,3436,0,0,raps_k50_lam0p0001,50,0.0001,True,raps_k50_lam0p0001,0.9049423394,2929.308347
71,0,adaptive_mass_rolling,364,1.215899305,mass,1000,2,354,329,0.8870056497,0.8784194529,0.8814589666,2496.917933,2208,3701.6,0,0,raps_k50_lam0p0001,50,0.0001,True,raps_k50_lam0p0001,0.9049423394,2929.308347
17,0.1,margin_rolling,292,14.4408226,score_margin,1000,3,730,658,0.8849315068,0.8936170213,0.9032928065,3584.545593,3984.5,7128,0.01519756839,0.282674772,,,,,,,
17,0.1,margin_rolling,293,14.7183075,score_margin,1000,2,658,581,0.9012158055,0.900172117,0.9196787149,3840.710843,5307,7128,0.005163511188,0.3253012048,,,,,,,
17,0.1,margin_rolling,294,15.3276968,score_margin,1000,2,618,538,0.8737864078,0.8698884758,0.8931536555,3932.814126,5739.5,7128,0.01672862454,0.3327137546,,,,,,,
17,0.1,margin_rolling,295,16.16079974,score_margin,1000,2,666,578,0.9204204204,0.9221453287,0.9415224913,4307.487889,6513,7128,0.006920415225,0.3529411765,,,,,,,
17,0.1,margin_rolling,296,16.17019701,score_margin,1000,2,516,466,0.8585271318,0.8519313305,0.8728183119,4039.233906,6290,7128,0.00643776824,0.3454935622,,,,,,,
17,0.1,margin_rolling,297,16.55836678,score_margin,1000,2,292,254,0.8801369863,0.8937007874,0.9112860892,3613.267717,3009,7128,0,0.2834645669,,,,,,,
17,0.1,margin_rolling,298,17.15593863,score_margin,1000,3,252,224,0.9444444444,0.9464285714,0.9572172619,4072.263393,6350,7128,0.004464285714,0.3482142857,,,,,,,
17,0.1,margin_rolling,299,16.86619774,score_margin,1000,3,702,615,0.9116809117,0.918699187,0.9315911731,4206.534959,6747,7128,0.008130081301,0.3300813008,,,,,,,
17,0.1,margin_rolling,300,16.28437996,score_margin,1000,3,664,573,0.8975903614,0.8970331588,0.9223385689,4261.467714,6834,7128,0.01396160558,0.352530541,,,,,,,
17,0.1,margin_rolling,301,16.36221313,score_margin,1000,2,616,552,0.9025974026,0.8985507246,0.9143719807,4328.755435,6923.5,7128,0.01086956522,0.3858695652,,,,,,,
17,0.1,margin_rolling,302,16.31706047,score_margin,1000,2,570,490,0.8771929825,0.8755102041,0.8972351798,3873.438776,5447.5,7128,0.02040816327,0.3306122449,,,,,,,
17,0.1,margin_rolling,303,17.11175156,score_margin,1000,2,542,485,0.905904059,0.8989690722,0.9102405498,4240.756701,6819,7128,0.01237113402,0.3670103093,,,,,,,
17,0.1,margin_rolling,304,16.2979691,score_margin,1000,2,328,281,0.8841463415,0.871886121,0.9116251483,3889.007117,5570,7128,0.01423487544,0.3060498221,,,,,,,
17,0.1,margin_rolling,305,17.12116277,score_margin,1000,3,328,295,0.9298780488,0.9254237288,0.9415819209,3909.322034,5487,7128,0.006779661017,0.2949152542,,,,,,,
17,0.1,margin_rolling,306,16.71402872,score_margin,1000,3,582,513,0.9003436426,0.9083820663,0.9263807667,3945.754386,6116,7128,0.01559454191,0.3469785575,,,,,,,
17,0.1,margin_rolling,307,16.71402872,score_margin,1000,3,588,510,0.8945578231,0.8960784314,0.9176470588,4246.096078,6654.5,7128,0.0137254902,0.3490196078,,,,,,,
17,0.1,margin_rolling,308,16.85083342,score_margin,1000,2,562,497,0.8914590747,0.8913480885,0.9085369359,4116.909457,6661,7128,0.01810865191,0.3742454728,,,,,,,
17,0.1,margin_rolling,309,16.95534229,score_margin,1000,2,626,535,0.8993610224,0.9028037383,0.9203115265,4261.179439,6701,7128,0.01495327103,0.3757009346,,,,,,,
17,0.1,margin_rolling,310,17.25325377,score_margin,1000,2,620,527,0.9322580645,0.9259962049,0.9449082859,3935.409867,5748,7128,0.009487666034,0.3055028463,,,,,,,
17,0.1,margin_rolling,311,16.32073498,score_margin,1000,2,438,366,0.899543379,0.8825136612,0.9074681239,3126.010929,827.5,7128,0.008196721311,0.2295081967,,,,,,,
17,0.1,margin_rolling,312,16.15764952,score_margin,1000,2,460,368,0.8760869565,0.875,0.9030538302,2940.548913,865.5,7128,0.008152173913,0.222826087,,,,,,,
17,0.1,margin_rolling,313,16.57589436,score_margin,1000,3,794,641,0.8904282116,0.8814352574,0.9106604264,3414.725429,1801,7128,0.01716068643,0.2652106084,,,,,,,
17,0.1,margin_rolling,314,17.51942062,score_margin,1000,2,678,585,0.9100294985,0.9094017094,0.9266870167,3805.835897,5149,7128,0.01196581197,0.3025641026,,,,,,,
17,0.1,margin_rolling,315,17.56672668,score_margin,1000,2,774,660,0.8927648579,0.8909090909,0.9108838384,3851.007576,5318.5,7128,0.01060606061,0.2909090909,,,,,,,
17,0.1,margin_rolling,316,18.77263451,score_margin,1000,2,758,622,0.9208443272,0.9131832797,0.9319399786,4587.548232,7003.5,7128,0.006430868167,0.3488745981,,,,,,,
17,0.1,margin_rolling,317,17.70601463,score_margin,1000,2,630,559,0.8904761905,0.8890876565,0.910614192,3500.876565,3077,7128,0.01788908766,0.2683363148,,,,,,,
17,0.1,margin_rolling,318,18.17348266,score_margin,1000,2,342,308,0.9093567251,0.9090909091,0.9285714286,3503.574675,1643,7128,0.00974025974,0.3051948052,,,,,,,
17,0.1,margin_rolling,319,17.96243191,score_margin,1000,3,324,290,0.9197530864,0.9103448276,0.9189655172,3608.306897,3913.5,7128,0.01034482759,0.2896551724,,,,,,,
17,0.1,margin_rolling,320,17.85149765,score_margin,1000,3,736,646,0.8953804348,0.907120743,0.9158582731,4049.128483,6706,7128,0.01393188854,0.3699690402,,,,,,,
17,0.1,margin_rolling,321,17.69613409,score_margin,1000,2,680,603,0.9073529412,0.8988391376,0.9129353234,4016.880597,5875,7128,0.01326699834,0.2968490879,,,,,,,
17,0.1,margin_rolling,322,18.28432655,score_margin,1000,2,668,595,0.9176646707,0.9176470588,0.9280112045,4189.994958,6686,7128,0.005042016807,0.3445378151,,,,,,,
17,0.1,margin_rolling,323,17.52625656,score_margin,1000,2,668,600,0.872754491,0.87,0.8902777778,3937.895,5978,7128,0.015,0.2683333333,,,,,,,
17,0.1,margin_rolling,324,18.51265746,score_margin,1000,2,796,650,0.8944723618,0.8969230769,0.9228717949,4158.175385,6546.5,7128,0.006153846154,0.3415384615,,,,,,,
17,0.1,margin_rolling,325,18.53627872,score_margin,1000,2,398,360,0.8768844221,0.875,0.8856481481,3721.422222,5382,7128,0.01666666667,0.3416666667,,,,,,,
17,0.1,margin_rolling,326,18.54301834,score_margin,1000,2,422,348,0.8909952607,0.882183908,0.9009818008,3246.387931,1077.5,7128,0.008620689655,0.2672413793,,,,,,,
17,0.1,margin_rolling,327,18.98443985,score_margin,1000,3,738,621,0.8983739837,0.8985507246,0.9257648953,4045.710145,6354,7128,0.01288244767,0.3655394525,,,,,,,
17,0.1,margin_rolling,328,19.01109169,score_margin,1000,2,600,526,0.905,0.9068441065,0.9248053594,4199.598859,6487,7128,0.01330798479,0.3517110266,,,,,,,
17,0.1,margin_rolling,329,19.21783471,score_margin,1000,2,684,599,0.9269005848,0.9282136895,0.9352810239,4198.796327,6776,7128,0.006677796327,0.367278798,,,,,,,
17,0.1,margin_rolling,330,17.94411945,score_margin,1000,2,640,580,0.9,0.9017241379,0.9150862069,3716.491379,4499,7128,0.01551724138,0.3034482759,,,,,,,
17,0.1,margin_rolling,331,18.04842091,score_margin,1000,2,506,474,0.9031620553,0.9050632911,0.9108649789,3868.605485,5306.5,7128,0.01265822785,0.3101265823,,,,,,,
17,0.1,margin_rolling,332,17.6882844,score_margin,1000,2,318,300,0.9182389937,0.9166666667,0.9233333333,3489.043333,1916.5,7128,0.02333333333,0.3033333333,,,,,,,
17,0.1,margin_rolling,333,17.34235573,score_margin,1000,3,342,312,0.8567251462,0.8557692308,0.8707264957,3413.525641,1612.5,7128,0.03846153846,0.2948717949,,,,,,,
17,0.1,margin_rolling,334,18.00545022,score_margin,1000,3,700,633,0.9114285714,0.9178515008,0.9273828331,3672.698262,4146,7128,0.02211690363,0.2890995261,,,,,,,
17,0.1,margin_rolling,335,18.28925228,score_margin,1000,2,656,587,0.8948170732,0.8909710392,0.9052243044,3698.492334,4365,7128,0.01703577513,0.3083475298,,,,,,,
17,0.1,margin_rolling,336,19.38177502,score_margin,1000,2,632,551,0.8987341772,0.8983666062,0.9135511192,4089.696915,6657,7128,0.01451905626,0.3666061706,,,,,,,
17,0.1,margin_rolling,337,19.4916687,score_margin,1000,2,552,492,0.9130434783,0.9146341463,0.9241869919,4042.847561,6328.5,7128,0.006097560976,0.3414634146,,,,,,,
17,0.1,margin_rolling,338,19.4916687,score_margin,1000,2,496,457,0.9092741935,0.9256017505,0.9336250912,4143.483589,6343,7128,0.01531728665,0.3347921225,,,,,,,
17,0.1,margin_rolling,339,18.3269968,score_margin,1000,2,328,297,0.8658536585,0.8653198653,0.8785072952,3236.343434,1406,7128,0.02356902357,0.1952861953,,,,,,,
17,0.1,margin_rolling,340,19.13522339,score_margin,1000,3,328,303,0.9237804878,0.9273927393,0.9356435644,3846.966997,4845,7128,0.006600660066,0.3135313531,,,,,,,
17,0.1,margin_rolling,341,19.00929761,score_margin,1000,3,576,519,0.8993055556,0.9094412331,0.9213872832,3964.71869,5810,7128,0.01734104046,0.3314065511,,,,,,,
17,0.1,margin_rolling,342,18.76415443,score_margin,1000,3,636,565,0.8946540881,0.8920353982,0.9073746313,3863.520354,5229,7128,0.01061946903,0.3380530973,,,,,,,
17,0.1,margin_rolling,343,19.43621635,score_margin,1000,2,642,567,0.8816199377,0.8765432099,0.8899470899,4474.652557,6826,7128,0.0176366843,0.3562610229,,,,,,,
17,0.1,margin_rolling,344,19.91492486,score_margin,1000,2,650,582,0.8815384615,0.8797250859,0.8934707904,4063.623711,6237.5,7128,0.01718213058,0.3573883162,,,,,,,
17,0.1,margin_rolling,345,21.41195202,score_margin,1000,2,586,501,0.9129692833,0.9021956088,0.9141716567,4453.151697,6992,7128,0.00998003992,0.4211576846,,,,,,,
17,0.1,margin_rolling,346,19.91481733,score_margin,1000,2,224,197,0.8839285714,0.8883248731,0.9035532995,3166.913706,967,7128,0,0.2538071066,,,,,,,
17,0.1,margin_rolling,347,20.17048836,score_margin,1000,3,306,277,0.908496732,0.9133574007,0.9175691937,3376.379061,1534,7128,0.003610108303,0.2888086643,,,,,,,
17,0.1,margin_rolling,348,19.81257877,score_margin,1000,3,714,610,0.9047619048,0.9,0.9121584699,3827.103279,5298.5,7128,0.0131147541,0.3131147541,,,,,,,
17,0.1,margin_rolling,349,19.44257212,score_margin,1000,2,600,545,0.85,0.8513761468,0.8657492355,3597.499083,4187,7128,0.01467889908,0.3119266055,,,,,,,
17,0.1,margin_rolling,350,21.8536346,score_margin,1000,2,656,560,0.9085365854,0.9017857143,0.9202678571,3893.785714,5411,7128,0.01607142857,0.3303571429,,,,,,,
17,0.1,margin_rolling,351,21.67502213,score_margin,1000,2,522,476,0.8754789272,0.8802521008,0.8984593838,3736.119748,4521,7128,0.01680672269,0.3130252101,,,,,,,
17,0.1,margin_rolling,352,22.48165321,score_margin,1000,2,462,415,0.9047619048,0.9060240964,0.9272088353,4216.949398,6683,7128,0.01445783133,0.3253012048,,,,,,,
17,0.1,margin_rolling,353,22.69754791,score_margin,1000,3,242,226,0.8801652893,0.8761061947,0.8871681416,3834.699115,5796,7128,0.01327433628,0.3451327434,,,,,,,
17,0.1,margin_rolling,354,22.88516271,score_margin,1000,3,238,227,0.9033613445,0.9030837004,0.9089574156,4244.453744,6498,7128,0.004405286344,0.3920704846,,,,,,,
17,0.1,margin_rolling,355,23.04936886,score_margin,1000,4,578,506,0.8875432526,0.9011857708,0.9196310935,4506.824111,7060.5,7128,0.009881422925,0.4209486166,,,,,,,
17,0.1,margin_rolling,356,23.43413365,score_margin,1000,3,548,483,0.9051094891,0.9089026915,0.9161490683,4284.275362,6934,7128,0.006211180124,0.4037267081,,,,,,,
17,0.1,margin_rolling,357,23.49215508,score_margin,1000,2,406,363,0.9187192118,0.9173553719,0.9306703398,4138.763085,6599,7128,0.01101928375,0.3250688705,,,,,,,
17,0.1,margin_rolling,358,22.93526649,score_margin,1000,3,300,276,0.9133333333,0.9130434783,0.9263285024,3646.92029,4107.5,7128,0.003623188406,0.2789855072,,,,,,,
17,0.1,margin_rolling,359,22.52033615,score_margin,1000,3,330,312,0.9606060606,0.9583333333,0.9674145299,4665.416667,7122.5,7128,0.00641025641,0.4455128205,,,,,,,
17,0.1,margin_rolling,360,19.21228799,score_margin,1000,3,228,214,0.8903508772,0.8925233645,0.9042056075,2959.654206,626,7128,0.01401869159,0.2429906542,,,,,,,
17,0.1,margin_rolling,361,20.07513607,score_margin,1000,4,246,226,0.8739837398,0.8716814159,0.8812684366,3029.482301,706.5,7128,0.02654867257,0.2345132743,,,,,,,
17,0.1,margin_rolling,362,19.46426964,score_margin,1000,4,620,530,0.8403225806,0.8716981132,0.8951437556,2924.573585,611.5,7128,0.02452830189,0.2245283019,,,,,,,
17,0.1,margin_rolling,363,22.31639314,score_margin,1000,3,386,353,0.9196891192,0.9235127479,0.9360245515,3509.966006,1938,7128,0.01983002833,0.2917847025,,,,,,,
17,0.1,margin_rolling,364,22.09161568,score_margin,1000,2,354,329,0.8898305085,0.8844984802,0.8961499493,3583.133739,3596,7128,0.03039513678,0.26443769,,,,,,,
29,0.1,margin_rolling,292,14.6586256,score_margin,1000,3,730,658,0.8767123288,0.8890577508,0.8994934144,3558.183891,2772,7128,0.01367781155,0.3024316109,,,,,,,
29,0.1,margin_rolling,293,15.08099318,score_margin,1000,2,658,581,0.9103343465,0.917383821,0.930292599,3990.777969,5861,7128,0.006884681583,0.3184165232,,,,,,,
29,0.1,margin_rolling,294,15.84965828,score_margin,1000,2,618,538,0.8786407767,0.873605948,0.9007125155,3966.001859,6111,7128,0.01115241636,0.3494423792,,,,,,,
29,0.1,margin_rolling,295,16.30876402,score_margin,1000,2,666,578,0.9069069069,0.9031141869,0.927739331,4316.842561,6326.5,7128,0.003460207612,0.3460207612,,,,,,,
29,0.1,margin_rolling,296,16.43309593,score_margin,1000,2,516,466,0.8992248062,0.8927038627,0.913304721,4171.135193,6630.5,7128,0.004291845494,0.3583690987,,,,,,,
29,0.1,margin_rolling,297,16.35983086,score_margin,1000,2,292,254,0.8767123288,0.8937007874,0.9044619423,3559.996063,2943.5,7128,0.003937007874,0.2795275591,,,,,,,
29,0.1,margin_rolling,298,17.00476742,score_margin,1000,3,252,224,0.9246031746,0.9330357143,0.9479166667,4063.147321,6370.5,7128,0,0.3348214286,,,,,,,
29,0.1,margin_rolling,299,16.46826553,score_margin,1000,3,702,615,0.9031339031,0.9105691057,0.9265195509,4029.029268,6118,7128,0.009756097561,0.312195122,,,,,,,
29,0.1,margin_rolling,300,16.41718024,score_margin,1000,3,664,573,0.8975903614,0.890052356,0.9186057786,4255.207679,6601,7128,0.006980802792,0.369982548,,,,,,,
29,0.1,margin_rolling,301,17.09144214,score_margin,1000,2,616,552,0.9123376623,0.9112318841,0.9216183575,4496.15942,7055,7128,0.001811594203,0.4076086957,,,,,,,
29,0.1,margin_rolling,302,16.42878246,score_margin,1000,2,570,490,0.8824561404,0.8795918367,0.8962876579,3735.932653,4502,7128,0.01020408163,0.3204081633,,,,,,,
29,0.1,margin_rolling,303,17.18021488,score_margin,1000,2,542,485,0.9132841328,0.9072164948,0.9171134021,4132.119588,6707,7128,0.00206185567,0.3628865979,,,,,,,
29,0.1,margin_rolling,304,16.46820162,score_margin,1000,2,328,281,0.881097561,0.871886121,0.900059312,3872.83274,5257,7128,0.007117437722,0.3024911032,,,,,,,
29,0.1,margin_rolling,305,17.13795567,score_margin,1000,3,328,295,0.9451219512,0.9457627119,0.9555932203,3837.884746,5513,7128,0.01016949153,0.2983050847,,,,,,,
29,0.1,margin_rolling,306,16.3758707,score_margin,1000,3,582,513,0.8917525773,0.9025341131,0.9177387914,3798.136452,5116,7128,0.01559454191,0.3274853801,,,,,,,
29,0.1,margin_rolling,307,16.22207737,score_margin,1000,3,588,510,0.8945578231,0.9019607843,0.9174836601,4032.77451,5883,7128,0.007843137255,0.3352941176,,,,,,,
29,0.1,margin_rolling,308,16.61140156,score_margin,1000,2,562,497,0.8879003559,0.8873239437,0.9065536074,4034.547284,6475,7128,0.01408450704,0.3682092555,,,,,,,
29,0.1,margin_rolling,309,16.86135483,score_margin,1000,2,626,535,0.8961661342,0.9028037383,0.9189096573,4180.938318,6933,7128,0.01308411215,0.3644859813,,,,,,,
29,0.1,margin_rolling,310,17.55547088,score_margin,1000,2,620,527,0.9290322581,0.9203036053,0.9469006958,3961.658444,5716,7128,0.007590132827,0.3036053131,,,,,,,
29,0.1,margin_rolling,311,16.56112206,score_margin,1000,2,438,366,0.897260274,0.8907103825,0.9180327869,3271.994536,1063.5,7128,0.01366120219,0.2213114754,,,,,,,
29,0.1,margin_rolling,312,16.27792835,score_margin,1000,2,460,368,0.8717391304,0.8885869565,0.9129140787,2977.951087,868,7128,0.01086956522,0.2255434783,,,,,,,
29,0.1,margin_rolling,313,17.34531307,score_margin,1000,3,794,641,0.8979848866,0.8923556942,0.922698908,3646.193448,4079,7128,0.01092043682,0.2995319813,,,,,,,
29,0.1,margin_rolling,314,17.70479202,score_margin,1000,2,678,585,0.9144542773,0.9111111111,0.9287952788,3929.688889,6089,7128,0.008547008547,0.3025641026,,,,,,,
29,0.1,margin_rolling,315,17.7292881,score_margin,1000,2,774,660,0.8888888889,0.8863636364,0.9036868687,3859.733333,5160.5,7128,0.01060606061,0.2893939394,,,,,,,
29,0.1,margin_rolling,316,18.98976159,score_margin,1000,2,758,622,0.9300791557,0.9260450161,0.9461950697,4565.448553,7006.5,7128,0.004823151125,0.345659164,,,,,,,
29,0.1,margin_rolling,317,17.29703045,score_margin,1000,2,630,559,0.8857142857,0.885509839,0.90509839,3377.838998,1707,7128,0.01788908766,0.2468694097,,,,,,,
29,0.1,margin_rolling,318,18.0144189,score_margin,1000,2,342,308,0.9093567251,0.9058441558,0.9237012987,3475.902597,2324.5,7128,0.00974025974,0.2727272727,,,,,,,
29,0.1,margin_rolling,319,17.94970304,score_margin,1000,3,324,290,0.9166666667,0.9068965517,0.9155172414,3477.693103,1971,7128,0.01034482759,0.2724137931,,,,,,,
29,0.1,margin_rolling,320,17.69925418,score_margin,1000,3,736,646,0.8872282609,0.8978328173,0.9090127279,3946.130031,6170,7128,0.01083591331,0.3482972136,,,,,,,
29,0.1,margin_rolling,321,18.18120193,score_margin,1000,2,680,603,0.9117647059,0.9021558872,0.9170812604,4092.227197,6295,7128,0.008291873964,0.3266998342,,,,,,,
29,0.1,margin_rolling,322,18.53220367,score_margin,1000,2,668,595,0.9191616766,0.9210084034,0.9282913165,4279.131092,6793,7128,0.005042016807,0.3478991597,,,,,,,
29,0.1,margin_rolling,323,17.61232662,score_margin,1000,2,668,600,0.9026946108,0.9,0.9119444444,3933.92,5185,7128,0.01,0.2616666667,,,,,,,
29,0.1,margin_rolling,324,17.95433807,score_margin,1000,2,796,650,0.8944723618,0.8984615385,0.9232564103,3904.007692,5358,7128,0.01076923077,0.3,,,,,,,
29,0.1,margin_rolling,325,17.69312572,score_margin,1000,2,398,360,0.8693467337,0.8694444444,0.8810185185,3413.952778,1430.5,7128,0.02777777778,0.3027777778,,,,,,,
29,0.1,margin_rolling,326,18.42230177,score_margin,1000,2,422,348,0.8625592417,0.867816092,0.8862547893,3143.755747,839,7128,0.008620689655,0.2471264368,,,,,,,
29,0.1,margin_rolling,327,19.62324286,score_margin,1000,3,738,621,0.9024390244,0.9082125604,0.930891036,4215.565217,6457,7128,0.008051529791,0.3735909823,,,,,,,
29,0.1,margin_rolling,328,19.63343358,score_margin,1000,2,600,526,0.9066666667,0.9182509506,0.9306807894,4318.23384,6850,7128,0.003802281369,0.3650190114,,,,,,,
29,0.1,margin_rolling,329,19.82005787,score_margin,1000,2,684,599,0.9254385965,0.9248747913,0.9380634391,4309.24207,6785,7128,0.001669449082,0.3806343907,,,,,,,
29,0.1,margin_rolling,330,18.89787292,score_margin,1000,2,640,580,0.925,0.9275862069,0.9386494253,4114.617241,6208,7128,0.006896551724,0.3275862069,,,,,,,
29,0.1,margin_rolling,331,17.5749321,score_margin,1000,2,506,474,0.8972332016,0.8987341772,0.9024261603,3560.985232,1981,7128,0.01687763713,0.2721518987,,,,,,,
29,0.1,margin_rolling,332,17.34790039,score_margin,1000,2,318,300,0.893081761,0.8933333333,0.9011111111,3279.056667,1383.5,7128,0.02666666667,0.27,,,,,,,
29,0.1,margin_rolling,333,17.38923836,score_margin,1000,3,342,312,0.8684210526,0.8621794872,0.8814102564,3468.653846,1558.5,7128,0.02564102564,0.2916666667,,,,,,,
29,0.1,margin_rolling,334,18.10497616,score_margin,1000,3,700,633,0.9028571429,0.9083728278,0.9186940495,3676.935229,4538,7128,0.02369668246,0.2859399684,,,,,,,
29,0.1,margin_rolling,335,18.34412098,score_margin,1000,2,656,587,0.887195122,0.8892674617,0.904088586,3683.642249,4259,7128,0.01703577513,0.3100511073,,,,,,,
29,0.1,margin_rolling,336,19.13067627,score_margin,1000,2,632,551,0.8908227848,0.8856624319,0.9029643073,4026.784029,5931,7128,0.0108892922,0.3375680581,,,,,,,
29,0.1,margin_rolling,337,19.59536982,score_margin,1000,2,552,492,0.9039855072,0.912601626,0.9233739837,3954.99187,6023.5,7128,0.006097560976,0.3394308943,,,,,,,
29,0.1,margin_rolling,338,19.81841755,score_margin,1000,2,496,457,0.9092741935,0.9234135667,0.9310722101,4164.16849,6171,7128,0.006564551422,0.3260393873,,,,,,,
29,0.1,margin_rolling,339,18.94481677,score_margin,1000,2,328,297,0.9054878049,0.8956228956,0.9048821549,3415.636364,2015,7128,0.0303030303,0.2188552189,,,,,,,
29,0.1,margin_rolling,340,18.9263134,score_margin,1000,3,328,303,0.8902439024,0.8943894389,0.9053905391,3708.217822,3994,7128,0.02310231023,0.3102310231,,,,,,,
29,0.1,margin_rolling,341,19.14335155,score_margin,1000,3,576,519,0.8975694444,0.9132947977,0.9236351959,3922.55106,6166,7128,0.01156069364,0.3082851638,,,,,,,
29,0.1,margin_rolling,342,19.3082304,score_margin,1000,3,636,565,0.8867924528,0.8849557522,0.901179941,3861.697345,5137,7128,0.01238938053,0.3362831858,,,,,,,
29,0.1,margin_rolling,343,20.39088368,score_margin,1000,2,642,567,0.9003115265,0.897707231,0.911287478,4640.026455,7020,7128,0.01058201058,0.3897707231,,,,,,,
29,0.1,margin_rolling,344,20.19785547,score_margin,1000,2,650,582,0.8815384615,0.8780068729,0.8940435281,4111.331615,6381,7128,0.01030927835,0.3573883162,,,,,,,
29,0.1,margin_rolling,345,21.38486862,score_margin,1000,2,586,501,0.9215017065,0.9141716567,0.9271457086,4421.902196,7043,7128,0.003992015968,0.3952095808,,,,,,,
29,0.1,margin_rolling,346,20.35369635,score_margin,1000,2,224,197,0.90625,0.9086294416,0.923857868,3277.903553,1129,7128,0.005076142132,0.2588832487,,,,,,,
29,0.1,margin_rolling,347,19.92079544,score_margin,1000,3,306,277,0.9150326797,0.9205776173,0.9265944645,3335.545126,1200,7128,0.01805054152,0.2779783394,,,,,,,
29,0.1,margin_rolling,348,19.3563318,score_margin,1000,3,714,610,0.893557423,0.8950819672,0.9069672131,3582.927869,3170,7128,0.01967213115,0.3147540984,,,,,,,
29,0.1,margin_rolling,349,19.61287045,score_margin,1000,2,600,545,0.8583333333,0.8587155963,0.8718654434,3551.111927,3613,7128,0.0128440367,0.3064220183,,,,,,,
29,0.1,margin_rolling,350,21.57999039,score_margin,1000,2,656,560,0.9115853659,0.9053571429,0.9253571429,3830.208929,5158,7128,0.008928571429,0.3214285714,,,,,,,
29,0.1,margin_rolling,351,21.27553248,score_margin,1000,2,522,476,0.867816092,0.8718487395,0.893557423,3638.079832,4027.5,7128,0.01470588235,0.3004201681,,,,,,,
29,0.1,margin_rolling,352,22.07932663,score_margin,1000,2,462,415,0.9069264069,0.9156626506,0.9343373494,4004.318072,6114,7128,0.01204819277,0.3180722892,,,,,,,
29,0.1,margin_rolling,353,22.64703369,score_margin,1000,3,242,226,0.8884297521,0.889380531,0.8982300885,3816.017699,5267.5,7128,0.008849557522,0.3362831858,,,,,,,
29,0.1,margin_rolling,354,22.86717415,score_margin,1000,3,238,227,0.9159663866,0.9118942731,0.9214390602,4342.14978,6927,7128,0.004405286344,0.3700440529,,,,,,,
29,0.1,margin_rolling,355,23.23420763,score_margin,1000,4,578,506,0.9031141869,0.9130434783,0.9293713533,4553.928854,7097,7128,0.009881422925,0.4268774704,,,,,,,
29,0.1,margin_rolling,356,22.76505122,score_margin,1000,3,548,483,0.9032846715,0.900621118,0.9123533471,4162.654244,6799,7128,0.004140786749,0.380952381,,,,,,,
29,0.1,margin_rolling,357,22.6550293,score_margin,1000,2,406,363,0.9310344828,0.9283746556,0.9432966024,3813.796143,5363,7128,0.01377410468,0.2644628099,,,,,,,
29,0.1,margin_rolling,358,21.91377831,score_margin,1000,3,300,276,0.8966666667,0.8876811594,0.9064009662,3224.351449,1087,7128,0.01086956522,0.2427536232,,,,,,,
29,0.1,margin_rolling,359,21.67819643,score_margin,1000,3,330,312,0.9484848485,0.9455128205,0.9545940171,4578.557692,7097.5,7128,0.00641025641,0.4070512821,,,,,,,
29,0.1,margin_rolling,360,19.68205589,score_margin,1000,3,228,214,0.8728070175,0.8738317757,0.8831775701,3072.098131,938.5,7128,0.03271028037,0.2476635514,,,,,,,
29,0.1,margin_rolling,361,21.31058407,score_margin,1000,4,246,226,0.8861788618,0.8805309735,0.889380531,3166.654867,1105,7128,0.03539823009,0.2477876106,,,,,,,
29,0.1,margin_rolling,362,20.34046936,score_margin,1000,4,620,530,0.8483870968,0.8773584906,0.9003773585,3117.635849,1044,7128,0.01886792453,0.2452830189,,,,,,,
29,0.1,margin_rolling,363,23.17403412,score_margin,1000,3,386,353,0.9248704663,0.9291784703,0.9393295562,3755.634561,4672,7128,0.01416430595,0.2946175637,,,,,,,
29,0.1,margin_rolling,364,22.62521553,score_margin,1000,2,354,329,0.8983050847,0.8996960486,0.9078014184,3665.054711,4126,7128,0.02431610942,0.2765957447,,,,,,,
43,0.1,margin_rolling,292,14.42627597,score_margin,1000,3,730,658,0.8712328767,0.8814589666,0.89295846,3470.199088,1985,7128,0.01215805471,0.2872340426,,,,,,,
43,0.1,margin_rolling,293,15.58583623,score_margin,1000,2,658,581,0.9012158055,0.9018932874,0.9205393001,4094.772806,6271,7128,0.003442340792,0.330464716,,,,,,,
43,0.1,margin_rolling,294,16.39313316,score_margin,1000,2,618,538,0.8964401294,0.8940520446,0.9160780669,4178.345725,6664,7128,0.01115241636,0.3643122677,,,,,,,
43,0.1,margin_rolling,295,16.38045883,score_margin,1000,2,666,578,0.9159159159,0.9169550173,0.9346020761,4306.352941,6663.5,7128,0.003460207612,0.330449827,,,,,,,
43,0.1,margin_rolling,296,15.89391041,score_margin,1000,2,516,466,0.8798449612,0.8733905579,0.8942060086,3889.06867,5440,7128,0.004291845494,0.3347639485,,,,,,,
43,0.1,margin_rolling,297,16.63353729,score_margin,1000,2,292,254,0.8595890411,0.8700787402,0.8925853018,3484.649606,1896.5,7128,0.003937007874,0.2913385827,,,,,,,
43,0.1,margin_rolling,298,17.56831741,score_margin,1000,3,252,224,0.9206349206,0.9241071429,0.9423363095,4109.232143,6466.5,7128,0.004464285714,0.34375,,,,,,,
43,0.1,margin_rolling,299,17.12351453,score_margin,1000,3,702,615,0.9145299145,0.918699187,0.9336662795,4155.508943,6682,7128,0.00487804878,0.3333333333,,,,,,,
43,0.1,margin_rolling,300,16.55826473,score_margin,1000,3,664,573,0.8930722892,0.8935427574,0.9186542564,4322.04363,6721,7128,0.00872600349,0.3542757417,,,,,,,
43,0.1,margin_rolling,301,17.09044468,score_margin,1000,2,616,552,0.9090909091,0.9094202899,0.926147343,4515.467391,7078,7128,0.003623188406,0.3894927536,,,,,,,
43,0.1,margin_rolling,302,16.66109085,score_margin,1000,2,570,490,0.8771929825,0.8734693878,0.89101069,3907.567347,5470.5,7128,0.01224489796,0.3244897959,,,,,,,
43,0.1,margin_rolling,303,17.46658182,score_margin,1000,2,542,485,0.9132841328,0.9051546392,0.9145360825,4277.047423,6813,7128,0.00206185567,0.3670103093,,,,,,,
43,0.1,margin_rolling,304,16.69535828,score_margin,1000,2,328,281,0.868902439,0.8612099644,0.8956109134,3855.320285,5258,7128,0.007117437722,0.3060498221,,,,,,,
43,0.1,margin_rolling,305,17.1748085,score_margin,1000,3,328,295,0.9268292683,0.9220338983,0.9376271186,3727.030508,4915,7128,0.006779661017,0.2915254237,,,,,,,
43,0.1,margin_rolling,306,16.72493281,score_margin,1000,3,582,513,0.8848797251,0.8966861598,0.915237167,3962.138402,6213,7128,0.01169590643,0.3333333333,,,,,,,
43,0.1,margin_rolling,307,17.02120495,score_margin,1000,3,588,510,0.8962585034,0.9,0.9183986928,4319.688235,6720.5,7128,0.005882352941,0.3568627451,,,,,,,
43,0.1,margin_rolling,308,17.30580044,score_margin,1000,2,562,497,0.9021352313,0.9054325956,0.9212129922,4190.496982,6789,7128,0.01006036217,0.3903420523,,,,,,,
43,0.1,margin_rolling,309,17.13682407,score_margin,1000,2,626,535,0.9009584665,0.9065420561,0.9231152648,4357.171963,6953,7128,0.009345794393,0.3719626168,,,,,,,
43,0.1,margin_rolling,310,17.05252448,score_margin,1000,2,620,527,0.9387096774,0.9335863378,0.952972802,3817.132827,5446,7128,0.009487666034,0.2808349146,,,,,,,
43,0.1,margin_rolling,311,16.14074898,score_margin,1000,2,438,366,0.899543379,0.8825136612,0.9170309654,3075.516393,987,7128,0.01092896175,0.2213114754,,,,,,,
43,0.1,margin_rolling,312,15.4958964,score_margin,1000,2,460,368,0.8608695652,0.8695652174,0.8990230331,2734.478261,564,7128,0.02173913043,0.1929347826,,,,,,,
43,0.1,margin_rolling,313,16.76895523,score_margin,1000,3,794,641,0.8828715365,0.8736349454,0.9070982839,3424.120125,1645,7128,0.01404056162,0.263650546,,,,,,,
43,0.1,margin_rolling,314,17.2132957,score_margin,1000,2,678,585,0.9056047198,0.9042735043,0.9214041514,3672.505983,4595,7128,0.01196581197,0.2735042735,,,,,,,
43,0.1,margin_rolling,315,17.59359741,score_margin,1000,2,774,660,0.8979328165,0.8939393939,0.9127777778,3797.586364,5213.5,7128,0.007575757576,0.2621212121,,,,,,,
43,0.1,margin_rolling,316,18.14138317,score_margin,1000,2,758,622,0.9221635884,0.9131832797,0.9327974277,4322.625402,6536,7128,0.008038585209,0.307073955,,,,,,,
43,0.1,margin_rolling,317,16.79366589,score_margin,1000,2,630,559,0.8777777778,0.8747763864,0.891234347,3134.481216,1009,7128,0.01073345259,0.2182468694,,,,,,,
43,0.1,margin_rolling,318,18.04165459,score_margin,1000,2,342,308,0.9064327485,0.9025974026,0.9253246753,3391.493506,1262,7128,0.00974025974,0.2662337662,,,,,,,
43,0.1,margin_rolling,319,18.12113094,score_margin,1000,3,324,290,0.9320987654,0.924137931,0.9327586207,3511.27931,2049.5,7128,0.01034482759,0.2620689655,,,,,,,
43,0.1,margin_rolling,320,17.46167183,score_margin,1000,3,736,646,0.8926630435,0.9024767802,0.913243894,3930.095975,5692,7128,0.01083591331,0.3436532508,,,,,,,
43,0.1,margin_rolling,321,17.38571167,score_margin,1000,2,680,603,0.8955882353,0.8905472637,0.901050304,3809.547264,5003,7128,0.009950248756,0.2769485904,,,,,,,
43,0.1,margin_rolling,322,18.77204943,score_margin,1000,2,668,595,0.9266467066,0.9277310924,0.9366946779,4265.117647,6640,7128,0.008403361345,0.356302521,,,,,,,
43,0.1,margin_rolling,323,17.52933693,score_margin,1000,2,668,600,0.8847305389,0.88,0.8975,3873.96,5406.5,7128,0.008333333333,0.275,,,,,,,
43,0.1,margin_rolling,324,18.23946762,score_margin,1000,2,796,650,0.8957286432,0.9,0.9260769231,4039.741538,6187.5,7128,0.01076923077,0.3153846154,,,,,,,
43,0.1,margin_rolling,325,18.29325104,score_margin,1000,2,398,360,0.8793969849,0.875,0.8893518519,3614.358333,4062,7128,0.01944444444,0.3361111111,,,,,,,
43,0.1,margin_rolling,326,18.37225723,score_margin,1000,2,422,348,0.8909952607,0.8850574713,0.9039750958,3172.508621,838.5,7128,0.008620689655,0.25,,,,,,,
43,0.1,margin_rolling,327,18.84080434,score_margin,1000,3,738,621,0.8902439024,0.8953301127,0.9180085883,3975.10628,5890,7128,0.01127214171,0.346215781,,,,,,,
43,0.1,margin_rolling,328,19.56769848,score_margin,1000,2,600,526,0.93,0.9315589354,0.9473202969,4318.393536,6885.5,7128,0.005703422053,0.3498098859,,,,,,,
43,0.1,margin_rolling,329,18.74610519,score_margin,1000,2,684,599,0.9137426901,0.9131886477,0.9241513634,4089.826377,5861,7128,0.006677796327,0.3372287145,,,,,,,
43,0.1,margin_rolling,330,17.54276848,score_margin,1000,2,640,580,0.9046875,0.9120689655,0.9182471264,3604.42931,3837,7128,0.01034482759,0.2689655172,,,,,,,
43,0.1,margin_rolling,331,17.55550766,score_margin,1000,2,506,474,0.9031620553,0.9050632911,0.9082278481,3638.299578,4095,7128,0.01054852321,0.2594936709,,,,,,,
43,0.1,margin_rolling,332,17.52143669,score_margin,1000,2,318,300,0.9088050314,0.9066666667,0.915,3308.5,1220,7128,0.02,0.2966666667,,,,,,,
43,0.1,margin_rolling,333,17.43626091,score_margin,1000,3,342,312,0.8742690058,0.8717948718,0.8867521368,3379.358974,1427,7128,0.01282051282,0.2884615385,,,,,,,
43,0.1,margin_rolling,334,18.12200475,score_margin,1000,3,700,633,0.8957142857,0.9004739336,0.9117693523,3660.505529,4022,7128,0.01579778831,0.2669826224,,,,,,,
43,0.1,margin_rolling,335,18.93113661,score_margin,1000,2,656,587,0.8932926829,0.8892674617,0.9044293015,3833.46678,5149,7128,0.01022146508,0.32879046,,,,,,,
43,0.1,margin_rolling,336,19.99336052,score_margin,1000,2,632,551,0.9113924051,0.9110707804,0.9268602541,4330.540835,6822,7128,0.009074410163,0.3629764065,,,,,,,
43,0.1,margin_rolling,337,19.18804455,score_margin,1000,2,552,492,0.902173913,0.9085365854,0.9196476965,3786.96748,5085.5,7128,0.008130081301,0.2967479675,,,,,,,
43,0.1,margin_rolling,338,19.48708344,score_margin,1000,2,496,457,0.9153225806,0.9277899344,0.9347921225,3978.013129,6267,7128,0.00875273523,0.3216630197,,,,,,,
43,0.1,margin_rolling,339,18.68805218,score_margin,1000,2,328,297,0.8963414634,0.898989899,0.9054433221,3378,1542,7128,0.02356902357,0.228956229,,,,,,,
43,0.1,margin_rolling,340,18.96119118,score_margin,1000,3,328,303,0.9207317073,0.9240924092,0.9339933993,3845.963696,5111,7128,0.01320132013,0.2937293729,,,,,,,
43,0.1,margin_rolling,341,18.52028596,score_margin,1000,3,576,519,0.8802083333,0.8882466281,0.8985870263,3685.564547,4787,7128,0.02119460501,0.2813102119,,,,,,,
43,0.1,margin_rolling,342,18.83239746,score_margin,1000,3,636,565,0.8993710692,0.8973451327,0.910619469,3740.925664,4550,7128,0.01061946903,0.3256637168,,,,,,,
43,0.1,margin_rolling,343,20.09165356,score_margin,1000,2,642,567,0.8894080997,0.8888888889,0.90335097,4497.559083,6979,7128,0.01058201058,0.3774250441,,,,,,,
43,0.1,margin_rolling,344,20.58497977,score_margin,1000,2,650,582,0.8907692308,0.8865979381,0.8997709049,4203.938144,6705,7128,0.01202749141,0.3556701031,,,,,,,
43,0.1,margin_rolling,345,21.6960144,score_margin,1000,2,586,501,0.9283276451,0.9221556886,0.9324683965,4474.814371,7087,7128,0.003992015968,0.4331337325,,,,,,,
43,0.1,margin_rolling,346,20.16776466,score_margin,1000,2,224,197,0.9151785714,0.9137055838,0.9314720812,3237.370558,1108,7128,0.005076142132,0.2538071066,,,,,,,
43,0.1,margin_rolling,347,19.68712425,score_margin,1000,3,306,277,0.908496732,0.916967509,0.9235860409,3182.703971,971,7128,0.003610108303,0.2599277978,,,,,,,
43,0.1,margin_rolling,348,19.49085045,score_margin,1000,3,714,610,0.8949579832,0.8885245902,0.906284153,3578.680328,3417,7128,0.01639344262,0.306557377,,,,,,,
43,0.1,margin_rolling,349,19.57357514,score_margin,1000,2,600,545,0.845,0.8366972477,0.8547400612,3436.344954,1666,7128,0,0.3155963303,,,,,,,
43,0.1,margin_rolling,350,21.76520157,score_margin,1000,2,656,560,0.9115853659,0.9053571429,0.9191666667,3810.875,4872,7128,0.01071428571,0.3107142857,,,,,,,
43,0.1,margin_rolling,351,21.51871753,score_margin,1000,2,522,476,0.8754789272,0.8760504202,0.8942577031,3612.304622,3512.5,7128,0.01680672269,0.2857142857,,,,,,,
43,0.1,margin_rolling,352,22.18577695,score_margin,1000,2,462,415,0.9047619048,0.9036144578,0.9243975904,4050.236145,6140,7128,0.01445783133,0.3036144578,,,,,,,
43,0.1,margin_rolling,353,22.99866658,score_margin,1000,3,242,226,0.8760330579,0.8849557522,0.8938053097,3860.29646,5976,7128,0.008849557522,0.3362831858,,,,,,,
43,0.1,margin_rolling,354,23.1697998,score_margin,1000,3,238,227,0.9201680672,0.9162995595,0.9258443465,4313.929515,6627,7128,0.008810572687,0.3832599119,,,,,,,
43,0.1,margin_rolling,355,23.30146408,score_margin,1000,4,578,506,0.9100346021,0.9130434783,0.930524186,4580.193676,7037.5,7128,0.005928853755,0.418972332,,,,,,,
43,0.1,margin_rolling,356,22.76634502,score_margin,1000,3,548,483,0.8959854015,0.8944099379,0.9040717736,4164.020704,6700,7128,0.008281573499,0.3706004141,,,,,,,
43,0.1,margin_rolling,357,22.81996727,score_margin,1000,2,406,363,0.9187192118,0.9201101928,0.9308999082,3930.371901,5981,7128,0.01377410468,0.2561983471,,,,,,,
43,0.1,margin_rolling,358,22.38737106,score_margin,1000,3,300,276,0.9033333333,0.8949275362,0.9118357488,3503.818841,3814,7128,0.003623188406,0.2536231884,,,,,,,
43,0.1,margin_rolling,359,21.96531382,score_margin,1000,3,330,312,0.9575757576,0.9551282051,0.9642094017,4566.137821,7072,7128,0.00641025641,0.4262820513,,,,,,,
43,0.1,margin_rolling,360,20.13492203,score_margin,1000,3,228,214,0.8903508772,0.8925233645,0.8995327103,2999.813084,778.5,7128,0.01401869159,0.2757009346,,,,,,,
43,0.1,margin_rolling,361,20.85737187,score_margin,1000,4,246,226,0.8739837398,0.8672566372,0.8768436578,3123.871681,607,7128,0.03539823009,0.2477876106,,,,,,,
43,0.1,margin_rolling,362,20.56725277,score_margin,1000,4,620,530,0.8629032258,0.8962264151,0.9182569632,3258.649057,1332,7128,0.01886792453,0.241509434,,,,,,,
43,0.1,margin_rolling,363,22.51695967,score_margin,1000,3,386,353,0.9093264249,0.9150141643,0.9279981114,3607.736544,3974,7128,0.01983002833,0.3087818697,,,,,,,
43,0.1,margin_rolling,364,23.06127381,score_margin,1000,2,354,329,0.8870056497,0.8844984802,0.8951367781,3775.544073,4679,7128,0.02127659574,0.2887537994,,,,,,,
59,0.1,margin_rolling,292,14.59203924,score_margin,1000,3,730,658,0.8739726027,0.8784194529,0.8912360689,3557.718845,3458,7128,0.007598784195,0.2750759878,,,,,,,
59,0.1,margin_rolling,293,15.36805248,score_margin,1000,2,658,581,0.9285714286,0.9311531842,0.9414802065,4127.802065,6384,7128,0.005163511188,0.3339070568,,,,,,,
59,0.1,margin_rolling,294,15.01759458,score_margin,1000,2,618,538,0.8948220065,0.8828996283,0.9063816605,3822.981413,5428,7128,0.01115241636,0.3178438662,,,,,,,
59,0.1,margin_rolling,295,14.88711405,score_margin,1000,2,666,578,0.8858858859,0.8892733564,0.9087370242,3805.273356,4594.5,7128,0.003460207612,0.2802768166,,,,,,,
59,0.1,margin_rolling,296,15.36314297,score_margin,1000,2,516,466,0.8992248062,0.8927038627,0.9057939914,3833.156652,5448.5,7128,0.00643776824,0.313304721,,,,,,,
59,0.1,margin_rolling,297,15.27452087,score_margin,1000,2,292,254,0.8835616438,0.8858267717,0.9040682415,3123.637795,949.5,7128,0.02362204724,0.2559055118,,,,,,,
59,0.1,margin_rolling,298,15.7186985,score_margin,1000,3,252,224,0.9206349206,0.9241071429,0.9389880952,3830.116071,5371,7128,0.004464285714,0.3080357143,,,,,,,
59,0.1,margin_rolling,299,15.30970955,score_margin,1000,3,702,615,0.9031339031,0.9073170732,0.9223925668,3729.691057,4952,7128,0.01463414634,0.2617886179,,,,,,,
59,0.1,margin_rolling,300,15.24629319,score_margin,1000,3,664,573,0.8975903614,0.8935427574,0.9215144464,3791.561955,5125,7128,0.01221640489,0.2966841187,,,,,,,
59,0.1,margin_rolling,301,15.48924613,score_margin,1000,2,616,552,0.9107142857,0.9094202899,0.9233695652,4120.440217,6557.5,7128,0.009057971014,0.3333333333,,,,,,,
59,0.1,margin_rolling,302,15.26981311,score_margin,1000,2,570,490,0.8666666667,0.8551020408,0.8757094266,3447.683673,1752,7128,0.01428571429,0.2673469388,,,,,,,
59,0.1,margin_rolling,303,16.33044744,score_margin,1000,2,542,485,0.9188191882,0.9134020619,0.919862543,4017.969072,5869,7128,0.00824742268,0.3237113402,,,,,,,
59,0.1,margin_rolling,304,15.59586421,score_margin,1000,2,328,281,0.875,0.8683274021,0.893831554,3759.419929,5040,7128,0.01423487544,0.2633451957,,,,,,,
59,0.1,margin_rolling,305,16.23630185,score_margin,1000,3,328,295,0.9359756098,0.9322033898,0.9433898305,3494.081356,1675,7128,0.01016949153,0.2576271186,,,,,,,
59,0.1,margin_rolling,306,15.35815483,score_margin,1000,3,582,513,0.8986254296,0.9025341131,0.9224496426,3513.750487,2054,7128,0.01169590643,0.2904483431,,,,,,,
59,0.1,margin_rolling,307,15.3121748,score_margin,1000,3,588,510,0.8945578231,0.8980392157,0.9104575163,3741.554902,4919.5,7128,0.009803921569,0.2882352941,,,,,,,
59,0.1,margin_rolling,308,15.57859612,score_margin,1000,2,562,497,0.8879003559,0.8832997988,0.9028456453,3796.096579,5121,7128,0.01207243461,0.3319919517,,,,,,,
59,0.1,margin_rolling,309,15.80666637,score_margin,1000,2,626,535,0.8769968051,0.876635514,0.9013084112,3907.691589,5707,7128,0.01495327103,0.3308411215,,,,,,,
59,0.1,margin_rolling,310,16.75771978,score_margin,1000,2,620,527,0.9564516129,0.9506641366,0.9656230234,3768.003795,4514,7128,0.007590132827,0.275142315,,,,,,,
59,0.1,margin_rolling,311,14.81453705,score_margin,1000,2,438,366,0.8789954338,0.8579234973,0.8965391621,2644.636612,458,7128,0.01912568306,0.1639344262,,,,,,,
59,0.1,margin_rolling,312,14.26710624,score_margin,1000,2,460,368,0.8565217391,0.8532608696,0.8833333333,2352.543478,356,7128,0.02989130435,0.1684782609,,,,,,,
59,0.1,margin_rolling,313,15.66491199,score_margin,1000,3,794,641,0.8853904282,0.872074883,0.9026781071,3142.365055,927,7128,0.01248049922,0.2293291732,,,,,,,
59,0.1,margin_rolling,314,16.60529709,score_margin,1000,2,678,585,0.912979351,0.9042735043,0.9231013431,3546.825641,2313,7128,0.01025641026,0.2683760684,,,,,,,
59,0.1,margin_rolling,315,16.24150085,score_margin,1000,2,774,660,0.8940568475,0.8848484848,0.9052020202,3336.351515,1531.5,7128,0.01060606061,0.2303030303,,,,,,,
59,0.1,margin_rolling,316,17.23495309,score_margin,1000,2,758,622,0.9221635884,0.9131832797,0.9297427653,4046.189711,5673.5,7128,0.009646302251,0.2974276527,,,,,,,
59,0.1,margin_rolling,317,16.07640945,score_margin,1000,2,630,559,0.8777777778,0.8694096601,0.8916517591,3022.146691,958,7128,0.01073345259,0.2003577818,,,,,,,
59,0.1,margin_rolling,318,16.71690941,score_margin,1000,2,342,308,0.8947368421,0.8961038961,0.9101731602,3030.915584,866.5,7128,0.01298701299,0.224025974,,,,,,,
59,0.1,margin_rolling,319,16.8501513,score_margin,1000,3,324,290,0.9197530864,0.9103448276,0.9189655172,3398.472414,1824,7128,0.01724137931,0.2413793103,,,,,,,
59,0.1,margin_rolling,320,16.79641294,score_margin,1000,3,736,646,0.9035326087,0.907120743,0.9198314413,3743.236842,4460,7128,0.01238390093,0.3049535604,,,,,,,
59,0.1,margin_rolling,321,16.41865134,score_margin,1000,2,680,603,0.8867647059,0.8756218905,0.8905472637,3518.05141,2092,7128,0.009950248756,0.2520729685,,,,,,,
59,0.1,margin_rolling,322,17.82049322,score_margin,1000,2,668,595,0.9296407186,0.9277310924,0.9366946779,4059.589916,6202,7128,0.008403361345,0.3092436975,,,,,,,
59,0.1,margin_rolling,323,16.6461544,score_margin,1000,2,668,600,0.8877245509,0.8816666667,0.9002777778,3495.271667,1725.5,7128,0.008333333333,0.2333333333,,,,,,,
59,0.1,margin_rolling,324,17.03198016,score_margin,1000,2,796,650,0.8693467337,0.8646153846,0.9001794872,3659.12,4386.5,7128,0.01384615385,0.2615384615,,,,,,,
59,0.1,margin_rolling,325,17.85042,score_margin,1000,2,398,360,0.8718592965,0.8694444444,0.8837962963,3492.677778,1239.5,7128,0.01944444444,0.3111111111,,,,,,,
59,0.1,margin_rolling,326,18.4648838,score_margin,1000,2,422,348,0.8981042654,0.882183908,0.9058908046,3164.454023,1003,7128,0.01436781609,0.2528735632,,,,,,,
59,0.1,margin_rolling,327,18.94376594,score_margin,1000,3,738,621,0.9037940379,0.8969404187,0.9268652711,3971.594203,5833,7128,0.008051529791,0.3365539452,,,,,,,
59,0.1,margin_rolling,328,18.81702614,score_margin,1000,2,600,526,0.9416666667,0.9372623574,0.9486692015,4174.13308,6611,7128,0.007604562738,0.3536121673,,,,,,,
59,0.1,margin_rolling,329,17.67699289,score_margin,1000,2,684,599,0.9137426901,0.9098497496,0.9209237618,3760.677796,5203,7128,0.01168614357,0.3005008347,,,,,,,
59,0.1,margin_rolling,330,16.81513977,score_margin,1000,2,640,580,0.9015625,0.9017241379,0.9127873563,3393.644828,1615.5,7128,0.01724137931,0.2517241379,,,,,,,
59,0.1,margin_rolling,331,16.81878448,score_margin,1000,2,506,474,0.9090909091,0.9050632911,0.9112165963,3409.527426,1355,7128,0.01687763713,0.2320675105,,,,,,,
59,0.1,margin_rolling,332,16.5071373,score_margin,1000,2,318,300,0.9056603774,0.9,0.9072222222,3136.336667,736.5,7128,0.02333333333,0.2566666667,,,,,,,
59,0.1,margin_rolling,333,16.5071373,score_margin,1000,3,342,312,0.8625730994,0.858974359,0.8803418803,3209.022436,1003,7128,0.02243589744,0.2467948718,,,,,,,
59,0.1,margin_rolling,334,16.59063148,score_margin,1000,3,700,633,0.8928571429,0.8909952607,0.9032648763,3178.101106,953,7128,0.0252764613,0.2227488152,,,,,,,
59,0.1,margin_rolling,335,17.55049407,score_margin,1000,2,656,587,0.8917682927,0.8858603066,0.8991482112,3510.74276,1996,7128,0.01022146508,0.2674616695,,,,,,,
59,0.1,margin_rolling,336,18.00842667,score_margin,1000,2,632,551,0.8892405063,0.8838475499,0.9015124017,3803.00726,5121,7128,0.0108892922,0.2849364791,,,,,,,
59,0.1,margin_rolling,337,18.31785822,score_margin,1000,2,552,492,0.9057971014,0.906504065,0.9184281843,3700.132114,4325,7128,0.01219512195,0.2743902439,,,,,,,
59,0.1,margin_rolling,338,18.47898579,score_margin,1000,2,496,457,0.9032258065,0.9059080963,0.9148796499,3773.463895,4620,7128,0.00875273523,0.2822757112,,,,,,,
59,0.1,margin_rolling,339,17.88632202,score_margin,1000,2,328,297,0.8963414634,0.8922558923,0.8998316498,3023.272727,1038,7128,0.02693602694,0.1784511785,,,,,,,
59,0.1,margin_rolling,340,18.59896469,score_margin,1000,3,328,303,0.9176829268,0.9174917492,0.9262926293,3621.115512,3675,7128,0.01320132013,0.2838283828,,,,,,,
59,0.1,margin_rolling,341,17.8448925,score_margin,1000,3,576,519,0.8854166667,0.8921001927,0.9037251124,3558.953757,3716,7128,0.01734104046,0.2504816956,,,,,,,
59,0.1,margin_rolling,342,18.00095797,score_margin,1000,3,636,565,0.891509434,0.8884955752,0.9026548673,3657.897345,4487,7128,0.01592920354,0.2991150442,,,,,,,
59,0.1,margin_rolling,343,19.2590133,score_margin,1000,2,642,567,0.8956386293,0.8959435626,0.9086419753,4342.858907,6769,7128,0.01410934744,0.3562610229,,,,,,,
59,0.1,margin_rolling,344,19.30897284,score_margin,1000,2,650,582,0.8753846154,0.8745704467,0.8880297824,3894.075601,5902,7128,0.01202749141,0.3298969072,,,,,,,
59,0.1,margin_rolling,345,20.75421095,score_margin,1000,2,586,501,0.9197952218,0.9101796407,0.9231536926,4298.207585,6807,7128,0.005988023952,0.377245509,,,,,,,
59,0.1,margin_rolling,346,19.75596774,score_margin,1000,2,224,197,0.8794642857,0.883248731,0.9035532995,3241.700508,1351,7128,0.01015228426,0.2487309645,,,,,,,
59,0.1,margin_rolling,347,19.51819706,score_margin,1000,3,306,277,0.9281045752,0.9277978339,0.9356197353,3226.064982,863,7128,0.01083032491,0.2671480144,,,,,,,
59,0.1,margin_rolling,348,18.59933197,score_margin,1000,3,714,610,0.8823529412,0.8754098361,0.8928961749,3455.193443,2009.5,7128,0.01803278689,0.2737704918,,,,,,,
59,0.1,margin_rolling,349,18.94152451,score_margin,1000,2,600,545,0.8566666667,0.8495412844,0.8666666667,3351.205505,1362,7128,0.003669724771,0.2513761468,,,,,,,
59,0.1,margin_rolling,350,20.97827721,score_margin,1000,2,656,560,0.9085365854,0.9017857143,0.9241964286,3605.160714,3731.5,7128,0.003571428571,0.2803571429,,,,,,,
59,0.1,margin_rolling,351,20.26864584,score_margin,1000,2,522,476,0.8869731801,0.8844537815,0.9072128852,3393.018908,1452,7128,0.01890756303,0.256302521,,,,,,,
59,0.1,margin_rolling,352,20.66434383,score_margin,1000,2,462,415,0.9069264069,0.9012048193,0.9202811245,3635.219277,4116,7128,0.01686746988,0.2722891566,,,,,,,
59,0.1,margin_rolling,353,20.93917757,score_margin,1000,3,242,226,0.8595041322,0.8584070796,0.8738938053,3549.19469,1721.5,7128,0.02212389381,0.2433628319,,,,,,,
59,0.1,margin_rolling,354,21.36299753,score_margin,1000,3,238,227,0.9033613445,0.9030837004,0.9111600587,4079.867841,6137,7128,0.008810572687,0.3348017621,,,,,,,
59,0.1,margin_rolling,355,21.71254921,score_margin,1000,4,578,506,0.8979238754,0.9011857708,0.9159608507,4197.893281,6467.5,7128,0.009881422925,0.3596837945,,,,,,,
59,0.1,margin_rolling,356,22.05893707,score_margin,1000,3,548,483,0.9069343066,0.900621118,0.9092477571,4055.296066,6340,7128,0.008281573499,0.3457556936,,,,,,,
59,0.1,margin_rolling,357,21.9197408,score_margin,1000,2,406,363,0.9310344828,0.9283746556,0.939164371,3647.07438,4049,7128,0.01101928375,0.2644628099,,,,,,,
59,0.1,margin_rolling,358,21.02301407,score_margin,1000,3,300,276,0.8733333333,0.8695652174,0.88647343,2968.347826,696,7128,0.01811594203,0.231884058,,,,,,,
59,0.1,margin_rolling,359,21.31577956,score_margin,1000,3,330,312,0.9424242424,0.9455128205,0.9503205128,4562.810897,7099,7128,0.009615384615,0.391025641,,,,,,,
59,0.1,margin_rolling,360,19.27394702,score_margin,1000,3,228,214,0.8771929825,0.8691588785,0.8839563863,2921.317757,523,7128,0.01401869159,0.238317757,,,,,,,
59,0.1,margin_rolling,361,20.53579283,score_margin,1000,4,246,226,0.8861788618,0.8805309735,0.889380531,2955.681416,555,7128,0.04424778761,0.2256637168,,,,,,,
59,0.1,margin_rolling,362,20.00832272,score_margin,1000,4,620,530,0.8870967742,0.8981132075,0.9183941124,3063.103774,737.5,7128,0.01698113208,0.2169811321,,,,,,,
59,0.1,margin_rolling,363,20.86858749,score_margin,1000,3,386,353,0.9170984456,0.9178470255,0.9315391879,3268.810198,1257,7128,0.02549575071,0.2492917847,,,,,,,
59,0.1,margin_rolling,364,20.25716972,score_margin,1000,2,354,329,0.895480226,0.8875379939,0.8961499493,3038.869301,791,7128,0.02431610942,0.2127659574,,,,,,,
71,0.1,margin_rolling,292,15.20742518,score_margin,1000,3,730,658,0.8821917808,0.8890577508,0.9001013171,3733.349544,4445,7128,0.006079027356,0.3145896657,,,,,,,
71,0.1,margin_rolling,293,15.51292835,score_margin,1000,2,658,581,0.9209726444,0.9242685026,0.937751004,4157.194492,6490,7128,0.006884681583,0.3321858864,,,,,,,
71,0.1,margin_rolling,294,15.75157547,score_margin,1000,2,618,538,0.8786407767,0.8698884758,0.8935254027,3939.975836,5711.5,7128,0.01115241636,0.343866171,,,,,,,
71,0.1,margin_rolling,295,15.913362,score_margin,1000,2,666,578,0.8978978979,0.8944636678,0.9156286044,4162.211073,6350,7128,0.003460207612,0.3339100346,,,,,,,
71,0.1,margin_rolling,296,16.2381506,score_margin,1000,2,516,466,0.8856589147,0.8755364807,0.8925608011,4042.167382,6242.5,7128,0.004291845494,0.3497854077,,,,,,,
71,0.1,margin_rolling,297,16.45882797,score_margin,1000,2,292,254,0.8801369863,0.8937007874,0.9078740157,3531.988189,1999,7128,0.003937007874,0.2874015748,,,,,,,
71,0.1,margin_rolling,298,17.18883371,score_margin,1000,3,252,224,0.9285714286,0.9330357143,0.9412202381,4037.825893,6268.5,7128,0,0.3392857143,,,,,,,
71,0.1,margin_rolling,299,16.73077595,score_margin,1000,3,702,615,0.905982906,0.9154471545,0.9304374758,4122.749593,6482,7128,0.00325203252,0.3219512195,,,,,,,
71,0.1,margin_rolling,300,16.20987986,score_margin,1000,3,664,573,0.906626506,0.9040139616,0.9234050805,4147.759162,6451,7128,0.006980802792,0.3333333333,,,,,,,
71,0.1,margin_rolling,301,16.47728777,score_margin,1000,2,616,552,0.9188311688,0.9148550725,0.9294082126,4339.996377,6956.5,7128,0.005434782609,0.3731884058,,,,,,,
71,0.1,margin_rolling,302,15.89723337,score_margin,1000,2,570,490,0.8824561404,0.8755102041,0.8922060253,3617.006122,3454,7128,0.01836734694,0.3040816327,,,,,,,
71,0.1,margin_rolling,303,16.64603841,score_margin,1000,2,542,485,0.9188191882,0.9154639175,0.9202061856,3994.51134,6237,7128,0.00618556701,0.3463917526,,,,,,,
71,0.1,margin_rolling,304,15.56360132,score_margin,1000,2,328,281,0.881097561,0.8825622776,0.9065836299,3534.558719,2940,7128,0.01423487544,0.2775800712,,,,,,,
71,0.1,margin_rolling,305,15.96455574,score_margin,1000,3,328,295,0.9115853659,0.9118644068,0.9256497175,3381.057627,1650,7128,0.01016949153,0.2305084746,,,,,,,
71,0.1,margin_rolling,306,15.8900497,score_margin,1000,3,582,513,0.8883161512,0.8986354776,0.9125406108,3707.282651,4543,7128,0.01364522417,0.3138401559,,,,,,,
71,0.1,margin_rolling,307,16.28379154,score_margin,1000,3,588,510,0.8826530612,0.8862745098,0.8995098039,4024.65098,5979,7128,0.007843137255,0.3274509804,,,,,,,
71,0.1,margin_rolling,308,16.65937781,score_margin,1000,2,562,497,0.8950177936,0.8913480885,0.905767941,3984.295775,6212,7128,0.01609657948,0.3621730382,,,,,,,
71,0.1,margin_rolling,309,16.76309919,score_margin,1000,2,626,535,0.8881789137,0.891588785,0.912834891,4234.471028,6659,7128,0.009345794393,0.3626168224,,,,,,,
71,0.1,margin_rolling,310,17.41735202,score_margin,1000,2,620,527,0.9241935484,0.9127134725,0.9430107527,4051.641366,5783,7128,0.007590132827,0.3017077799,,,,,,,
71,0.1,margin_rolling,311,16.74395561,score_margin,1000,2,438,366,0.9155251142,0.9016393443,0.927140255,3266.904372,1033,7128,0.01092896175,0.237704918,,,,,,,
71,0.1,margin_rolling,312,15.56498671,score_margin,1000,2,460,368,0.8782608696,0.8695652174,0.9045031056,2629.008152,619.5,7128,0.01086956522,0.1793478261,,,,,,,
71,0.1,margin_rolling,313,16.18266571,score_margin,1000,3,794,641,0.8979848866,0.8845553822,0.9120384815,3206.865835,1092,7128,0.01404056162,0.2433697348,,,,,,,
71,0.1,margin_rolling,314,16.54599546,score_margin,1000,2,678,585,0.8967551622,0.894017094,0.9118884819,3451.497436,2124,7128,0.01196581197,0.2564102564,,,,,,,
71,0.1,margin_rolling,315,16.93886757,score_margin,1000,2,774,660,0.8927648579,0.8878787879,0.9062121212,3583.913636,3583.5,7128,0.009090909091,0.2363636364,,,,,,,
71,0.1,margin_rolling,316,17.73952484,score_margin,1000,2,758,622,0.9182058047,0.9115755627,0.9319399786,4242.482315,6268,7128,0.01125401929,0.3038585209,,,,,,,
71,0.1,margin_rolling,317,16.91022468,score_margin,1000,2,630,559,0.8873015873,0.8819320215,0.9041741205,3165.314848,1467,7128,0.007155635063,0.228980322,,,,,,,
71,0.1,margin_rolling,318,17.77242565,score_margin,1000,2,342,308,0.9093567251,0.9155844156,0.9307359307,3322.149351,1164.5,7128,0.006493506494,0.2727272727,,,,,,,
71,0.1,margin_rolling,319,17.91275692,score_margin,1000,3,324,290,0.9351851852,0.9275862069,0.9327586207,3481.462069,2132,7128,0.006896551724,0.2689655172,,,,,,,
71,0.1,margin_rolling,320,17.22625637,score_margin,1000,3,736,646,0.8899456522,0.899380805,0.9101823185,3810.289474,5193,7128,0.00773993808,0.3405572755,,,,,,,
71,0.1,margin_rolling,321,17.28582765,score_margin,1000,2,680,603,0.8970588235,0.8888888889,0.9029850746,3737.759536,4417,7128,0.009950248756,0.2918739635,,,,,,,
71,0.1,margin_rolling,322,17.85019678,score_margin,1000,2,668,595,0.9206586826,0.9243697479,0.9299719888,3966.541176,5888,7128,0.003361344538,0.3193277311,,,,,,,
71,0.1,margin_rolling,323,17.06242836,score_margin,1000,2,668,600,0.8862275449,0.885,0.9002777778,3658.285,4067,7128,0.006666666667,0.26,,,,,,,
71,0.1,margin_rolling,324,17.51927519,score_margin,1000,2,796,650,0.8831658291,0.8846153846,0.9113333333,3746.550769,4583.5,7128,0.007692307692,0.2984615385,,,,,,,
71,0.1,margin_rolling,325,18.10657406,score_margin,1000,2,398,360,0.891959799,0.8861111111,0.8967592593,3573.058333,1765,7128,0.01666666667,0.3222222222,,,,,,,
71,0.1,margin_rolling,326,18.10657406,score_margin,1000,2,422,348,0.8957345972,0.8764367816,0.8955938697,3087.178161,922,7128,0.01149425287,0.2413793103,,,,,,,
71,0.1,margin_rolling,327,18.98578453,score_margin,1000,3,738,621,0.9010840108,0.9033816425,0.9296564681,4022.755233,6242,7128,0.01127214171,0.3574879227,,,,,,,
71,0.1,margin_rolling,328,18.68827438,score_margin,1000,2,600,526,0.915,0.9163498099,0.9284356328,4082.98289,6215.5,7128,0.007604562738,0.3269961977,,,,,,,
71,0.1,margin_rolling,329,18.5428772,score_margin,1000,2,684,599,0.9122807018,0.9165275459,0.9291597106,3928.781302,5340,7128,0.01001669449,0.3305509182,,,,,,,
71,0.1,margin_rolling,330,17.84292507,score_margin,1000,2,640,580,0.9171875,0.9189655172,0.9300287356,3758.291379,4800.5,7128,0.008620689655,0.2879310345,,,,,,,
71,0.1,margin_rolling,331,17.26258707,score_margin,1000,2,506,474,0.9011857708,0.9029535865,0.9071729958,3578.06962,3800,7128,0.01054852321,0.2552742616,,,,,,,
71,0.1,margin_rolling,332,17.14892292,score_margin,1000,2,318,300,0.8742138365,0.8733333333,0.8811111111,3239.633333,792,7128,0.01666666667,0.2866666667,,,,,,,
71,0.1,margin_rolling,333,17.43923187,score_margin,1000,3,342,312,0.8801169591,0.8782051282,0.8931623932,3316.929487,1473,7128,0.01282051282,0.2852564103,,,,,,,
71,0.1,margin_rolling,334,17.97406483,score_margin,1000,3,700,633,0.9142857143,0.9178515008,0.9269615587,3689.018957,4251,7128,0.01263823065,0.2654028436,,,,,,,
71,0.1,margin_rolling,335,17.67304325,score_margin,1000,2,656,587,0.8963414634,0.8960817717,0.9098239637,3443.235094,1678,7128,0.01192504259,0.2896081772,,,,,,,
71,0.1,margin_rolling,336,18.17873764,score_margin,1000,2,632,551,0.8892405063,0.891107078,0.9031457955,3723.103448,4414,7128,0.0108892922,0.3012704174,,,,,,,
71,0.1,margin_rolling,337,18.85975261,score_margin,1000,2,552,492,0.8985507246,0.9044715447,0.9176151762,3773.428862,4420.5,7128,0.00406504065,0.2865853659,,,,,,,
71,0.1,margin_rolling,338,19.22324133,score_margin,1000,2,496,457,0.8830645161,0.8993435449,0.9048869438,3992.947484,6010,7128,0.00875273523,0.3085339168,,,,,,,
71,0.1,margin_rolling,339,19.26263571,score_margin,1000,2,328,297,0.8902439024,0.8855218855,0.9009539843,3538.919192,3591,7128,0.0202020202,0.2356902357,,,,,,,
71,0.1,margin_rolling,340,19.89052963,score_margin,1000,3,328,303,0.9237804878,0.9240924092,0.9378437844,3965.452145,5651,7128,0.009900990099,0.3399339934,,,,,,,
71,0.1,margin_rolling,341,19.53958702,score_margin,1000,3,576,519,0.9184027778,0.9248554913,0.9348747592,3985.210019,5716,7128,0.009633911368,0.3044315992,,,,,,,
71,0.1,margin_rolling,342,18.55060196,score_margin,1000,3,636,565,0.8805031447,0.8743362832,0.8920353982,3703.074336,4402,7128,0.01946902655,0.3185840708,,,,,,,
71,0.1,margin_rolling,343,19.51822521,score_margin,1000,2,642,567,0.8971962617,0.8959435626,0.9095238095,4393.62963,6774,7128,0.007054673721,0.3509700176,,,,,,,
71,0.1,margin_rolling,344,19.87989593,score_margin,1000,2,650,582,0.8723076923,0.8694158076,0.8821592211,3969.506873,5957.5,7128,0.01374570447,0.3453608247,,,,,,,
71,0.1,margin_rolling,345,20.8233099,score_margin,1000,2,586,501,0.9266211604,0.9181636727,0.9281437126,4251.976048,6906,7128,0.007984031936,0.4071856287,,,,,,,
71,0.1,margin_rolling,346,19.90756035,score_margin,1000,2,224,197,0.8928571429,0.8984771574,0.9111675127,3075.467005,1222,7128,0.01015228426,0.2385786802,,,,,,,
71,0.1,margin_rolling,347,19.16760254,score_margin,1000,3,306,277,0.9117647059,0.9205776173,0.9235860409,2996.537906,734,7128,0.01083032491,0.2671480144,,,,,,,
71,0.1,margin_rolling,348,18.93990993,score_margin,1000,3,714,610,0.8893557423,0.8885245902,0.9036885246,3450.308197,1848,7128,0.0131147541,0.2770491803,,,,,,,
71,0.1,margin_rolling,349,19.32475948,score_margin,1000,2,600,545,0.86,0.8568807339,0.8706422018,3467.748624,2129,7128,0,0.2899082569,,,,,,,
71,0.1,margin_rolling,350,21.89381313,score_margin,1000,2,656,560,0.8993902439,0.8910714286,0.9158928571,3803.746429,4570,7128,0.005357142857,0.3196428571,,,,,,,
71,0.1,margin_rolling,351,21.95542526,score_margin,1000,2,522,476,0.9042145594,0.9012605042,0.9184173669,3767.090336,4788,7128,0.008403361345,0.3256302521,,,,,,,
71,0.1,margin_rolling,352,21.69766331,score_margin,1000,2,462,415,0.9090909091,0.9156626506,0.9321285141,3938.06988,5682,7128,0.009638554217,0.2915662651,,,,,,,
71,0.1,margin_rolling,353,21.59512711,score_margin,1000,3,242,226,0.8801652893,0.8849557522,0.8982300885,3686.535398,4552,7128,0.01327433628,0.2831858407,,,,,,,
71,0.1,margin_rolling,354,21.69766331,score_margin,1000,3,238,227,0.8781512605,0.8766519824,0.8847283407,3979.444934,5204,7128,0,0.3171806167,,,,,,,
71,0.1,margin_rolling,355,23.20956564,score_margin,1000,4,578,506,0.8961937716,0.9110671937,0.9269951063,4573.073123,7029,7128,0.005928853755,0.4031620553,,,,,,,
71,0.1,margin_rolling,356,23.40524292,score_margin,1000,3,548,483,0.9124087591,0.9109730849,0.9189095928,4287.488613,6915,7128,0.002070393375,0.3788819876,,,,,,,
71,0.1,margin_rolling,357,22.77493107,score_margin,1000,2,406,363,0.9088669951,0.9063360882,0.9217171717,3808.5427,5084,7128,0.01101928375,0.2699724518,,,,,,,
71,0.1,margin_rolling,358,22.04776382,score_margin,1000,3,300,276,0.9,0.8913043478,0.9064009662,3376.818841,1537,7128,0.01086956522,0.2536231884,,,,,,,
71,0.1,margin_rolling,359,22.26343918,score_margin,1000,3,330,312,0.9575757576,0.9551282051,0.9599358974,4550.557692,7099,7128,0.00641025641,0.4358974359,,,,,,,
71,0.1,margin_rolling,360,20.54540086,score_margin,1000,3,228,214,0.8903508772,0.8925233645,0.9042056075,3148.61215,850,7128,0.009345794393,0.2570093458,,,,,,,
71,0.1,margin_rolling,361,21.0973568,score_margin,1000,4,246,226,0.8861788618,0.8849557522,0.8871681416,3050.380531,826,7128,0.04424778761,0.2477876106,,,,,,,
71,0.1,margin_rolling,362,20.55187747,score_margin,1000,4,620,530,0.8661290323,0.8867924528,0.908529676,3144.74717,1192,7128,0.01132075472,0.241509434,,,,,,,
71,0.1,margin_rolling,363,22.51987195,score_margin,1000,3,386,353,0.914507772,0.9178470255,0.929414542,3488.014164,1847,7128,0.01699716714,0.3031161473,,,,,,,
71,0.1,margin_rolling,364,22.08966446,score_margin,1000,2,354,329,0.9011299435,0.8996960486,0.9072948328,3369.668693,1598,7128,0.01823708207,0.2583586626,,,,,,,
17,0.1,rank_rolling,292,2496,rank,1000,3,730,658,0.8753424658,0.8693009119,0.8723404255,2496,2496,2496,0,0,,,,,,,
17,0.1,rank_rolling,293,2765,rank,1000,2,658,581,0.8434650456,0.8278829604,0.8402180149,2765,2765,2765,0,0,,,,,,,
17,0.1,rank_rolling,294,3870,rank,1000,2,618,538,0.8964401294,0.8828996283,0.8875464684,3870,3870,3870,0,0,,,,,,,
17,0.1,rank_rolling,295,4291,rank,1000,2,666,578,0.9174174174,0.9065743945,0.9065743945,4291,4291,4291,0,0,,,,,,,
17,0.1,rank_rolling,296,3445,rank,1000,2,516,466,0.9031007752,0.8927038627,0.8959227468,3445,3445,3445,0,0,,,,,,,
17,0.1,rank_rolling,297,3374,rank,1000,2,292,254,0.8869863014,0.874015748,0.8822178478,3374,3374,3374,0,0,,,,,,,
17,0.1,rank_rolling,298,3663,rank,1000,3,252,224,0.876984127,0.8616071429,0.8638392857,3663,3663,3663,0,0,,,,,,,
17,0.1,rank_rolling,299,3919,rank,1000,3,702,615,0.933048433,0.9235772358,0.9235772358,3919,3919,3919,0,0,,,,,,,
17,0.1,rank_rolling,300,3256,rank,1000,3,664,573,0.8780120482,0.8621291449,0.8696916812,3256,3256,3256,0,0,,,,,,,
17,0.1,rank_rolling,301,3406,rank,1000,2,616,552,0.8474025974,0.8315217391,0.8402173913,3406,3406,3406,0,0,,,,,,,
17,0.1,rank_rolling,302,5186,rank,1000,2,570,490,0.9315789474,0.9244897959,0.9275510204,5186,5186,5186,0,0,,,,,,,
17,0.1,rank_rolling,303,4502,rank,1000,2,542,485,0.889298893,0.8783505155,0.8804123711,4502,4502,4502,0,0,,,,,,,
17,0.1,rank_rolling,304,4556,rank,1000,2,328,281,0.9329268293,0.9359430605,0.9359430605,4556,4556,4556,0,0,,,,,,,
17,0.1,rank_rolling,305,4408,rank,1000,3,328,295,0.9176829268,0.9084745763,0.9101694915,4408,4408,4408,0,0,,,,,,,
17,0.1,rank_rolling,306,4174,rank,1000,3,582,513,0.9278350515,0.918128655,0.9213775179,4174,4174,4174,0,0,,,,,,,
17,0.1,rank_rolling,307,3084,rank,1000,3,588,510,0.862244898,0.8411764706,0.8473202614,3084,3084,3084,0,0,,,,,,,
17,0.1,rank_rolling,308,3854,rank,1000,2,562,497,0.8790035587,0.8672032193,0.8712273642,3854,3854,3854,0,0,,,,,,,
17,0.1,rank_rolling,309,4471,rank,1000,2,626,535,0.8961661342,0.8841121495,0.8903426791,4471,4471,4471,0,0,,,,,,,
17,0.1,rank_rolling,310,4471,rank,1000,2,620,527,0.9516129032,0.944971537,0.944971537,4471,4471,4471,0,0,,,,,,,
17,0.1,rank_rolling,311,3035,rank,1000,2,438,366,0.901826484,0.8852459016,0.8866120219,3035,3035,3035,0,0,,,,,,,
17,0.1,rank_rolling,312,2487,rank,1000,2,460,368,0.9,0.875,0.8911231884,2487,2487,2487,0,0,,,,,,,
17,0.1,rank_rolling,313,2817,rank,1000,3,794,641,0.8929471033,0.8673946958,0.8717628705,2817,2817,2817,0,0,,,,,,,
17,0.1,rank_rolling,314,3076,rank,1000,2,678,585,0.901179941,0.8854700855,0.8937321937,3076,3076,3076,0,0,,,,,,,
17,0.1,rank_rolling,315,2975,rank,1000,2,774,660,0.9095607235,0.8984848485,0.9077272727,2975,2975,2975,0,0,,,,,,,
17,0.1,rank_rolling,316,2589,rank,1000,2,758,622,0.8918205805,0.8681672026,0.8705787781,2589,2589,2589,0,0,,,,,,,
17,0.1,rank_rolling,317,2843,rank,1000,2,630,559,0.880952381,0.8658318426,0.8757006559,2843,2843,2843,0,0,,,,,,,
17,0.1,rank_rolling,318,3539,rank,1000,2,342,308,0.9093567251,0.8993506494,0.9031385281,3539,3539,3539,0,0,,,,,,,
17,0.1,rank_rolling,319,3539,rank,1000,3,324,290,0.9382716049,0.9310344828,0.9310344828,3539,3539,3539,0,0,,,,,,,
17,0.1,rank_rolling,320,2986,rank,1000,3,736,646,0.8967391304,0.8854489164,0.8910732714,2986,2986,2986,0,0,,,,,,,
17,0.1,rank_rolling,321,2677,rank,1000,2,680,603,0.8897058824,0.8756218905,0.8789386401,2677,2677,2677,0,0,,,,,,,
17,0.1,rank_rolling,322,2984,rank,1000,2,668,595,0.871257485,0.8588235294,0.8630252101,2984,2984,2984,0,0,,,,,,,
17,0.1,rank_rolling,323,3476,rank,1000,2,668,600,0.8937125749,0.8866666667,0.8905555556,3476,3476,3476,0,0,,,,,,,
17,0.1,rank_rolling,324,3654,rank,1000,2,796,650,0.9233668342,0.9061538462,0.9155128205,3654,3654,3654,0,0,,,,,,,
17,0.1,rank_rolling,325,2818,rank,1000,2,398,360,0.8467336683,0.8305555556,0.8361111111,2818,2818,2818,0,0,,,,,,,
17,0.1,rank_rolling,326,3249,rank,1000,2,422,348,0.9597156398,0.9540229885,0.9540229885,3249,3249,3249,0,0,,,,,,,
17,0.1,rank_rolling,327,2572,rank,1000,3,738,621,0.8848238482,0.8647342995,0.871712292,2572,2572,2572,0,0,,,,,,,
17,0.1,rank_rolling,328,2481,rank,1000,2,600,526,0.9066666667,0.8954372624,0.9001901141,2481,2481,2481,0,0,,,,,,,
17,0.1,rank_rolling,329,2644,rank,1000,2,684,599,0.8742690058,0.8631051753,0.8714524207,2644,2644,2644,0,0,,,,,,,
17,0.1,rank_rolling,330,3255,rank,1000,2,640,580,0.9,0.8896551724,0.8913793103,3255,3255,3255,0,0,,,,,,,
17,0.1,rank_rolling,331,3576,rank,1000,2,506,474,0.9268774704,0.9219409283,0.9219409283,3576,3576,3576,0,0,,,,,,,
17,0.1,rank_rolling,332,3165,rank,1000,2,318,300,0.9339622642,0.93,0.93,3165,3165,3165,0,0,,,,,,,
17,0.1,rank_rolling,333,2545,rank,1000,3,342,312,0.8888888889,0.8782051282,0.8835470085,2545,2545,2545,0,0,,,,,,,
17,0.1,rank_rolling,334,2662,rank,1000,3,700,633,0.8714285714,0.8657187994,0.8720379147,2662,2662,2662,0,0,,,,,,,
17,0.1,rank_rolling,335,3482,rank,1000,2,656,587,0.8856707317,0.8756388416,0.8844406587,3482,3482,3482,0,0,,,,,,,
17,0.1,rank_rolling,336,3619,rank,1000,2,632,551,0.8797468354,0.8656987296,0.8743496673,3619,3619,3619,0,0,,,,,,,
17,0.1,rank_rolling,337,4025,rank,1000,2,552,492,0.9112318841,0.9004065041,0.9051490515,4025,4025,4025,0,0,,,,,,,
17,0.1,rank_rolling,338,3819,rank,1000,2,496,457,0.8971774194,0.8884026258,0.8946024799,3819,3819,3819,0,0,,,,,,,
17,0.1,rank_rolling,339,3768,rank,1000,2,328,297,0.8902439024,0.8888888889,0.8922558923,3768,3768,3768,0,0,,,,,,,
17,0.1,rank_rolling,340,3927,rank,1000,3,328,303,0.9359756098,0.9306930693,0.9323432343,3927,3927,3927,0,0,,,,,,,
17,0.1,rank_rolling,341,3224,rank,1000,3,576,519,0.8680555556,0.8535645472,0.861849711,3224,3224,3224,0,0,,,,,,,
17,0.1,rank_rolling,342,3628,rank,1000,3,636,565,0.9088050314,0.8973451327,0.9014749263,3628,3628,3628,0,0,,,,,,,
17,0.1,rank_rolling,343,3758,rank,1000,2,642,567,0.8862928349,0.873015873,0.8784538507,3758,3758,3758,0,0,,,,,,,
17,0.1,rank_rolling,344,3952,rank,1000,2,650,582,0.8969230769,0.8865979381,0.8920389462,3952,3952,3952,0,0,,,,,,,
17,0.1,rank_rolling,345,4077,rank,1000,2,586,501,0.9300341297,0.9181636727,0.9231536926,4077,4077,4077,0,0,,,,,,,
17,0.1,rank_rolling,346,3244,rank,1000,2,224,197,0.9508928571,0.9441624365,0.9467005076,3244,3244,3244,0,0,,,,,,,
17,0.1,rank_rolling,347,3021,rank,1000,3,306,277,0.908496732,0.8989169675,0.9013237064,3021,3021,3021,0,0,,,,,,,
17,0.1,rank_rolling,348,2990,rank,1000,3,714,610,0.8907563025,0.8721311475,0.8754098361,2990,2990,2990,0,0,,,,,,,
17,0.1,rank_rolling,349,3289,rank,1000,2,600,545,0.9083333333,0.8990825688,0.9027522936,3289,3289,3289,0,0,,,,,,,
17,0.1,rank_rolling,350,3131,rank,1000,2,656,560,0.8963414634,0.8821428571,0.8854166667,3131,3131,3131,0,0,,,,,,,
17,0.1,rank_rolling,351,3232,rank,1000,2,522,476,0.8620689655,0.8487394958,0.8518907563,3232,3232,3232,0,0,,,,,,,
17,0.1,rank_rolling,352,3937,rank,1000,2,462,415,0.9177489177,0.913253012,0.916064257,3937,3937,3937,0,0,,,,,,,
17,0.1,rank_rolling,353,3819,rank,1000,3,242,226,0.8966942149,0.889380531,0.8960176991,3819,3819,3819,0,0,,,,,,,
17,0.1,rank_rolling,354,3550,rank,1000,3,238,227,0.8823529412,0.8766519824,0.8810572687,3550,3550,3550,0,0,,,,,,,
17,0.1,rank_rolling,355,3600,rank,1000,4,578,506,0.8581314879,0.8438735178,0.8541784303,3600,3600,3600,0,0,,,,,,,
17,0.1,rank_rolling,356,4784,rank,1000,3,548,483,0.9197080292,0.9130434783,0.9192546584,4784,4784,4784,0,0,,,,,,,
17,0.1,rank_rolling,357,4420,rank,1000,2,406,363,0.9507389163,0.9531680441,0.9545454545,4420,4420,4420,0,0,,,,,,,
17,0.1,rank_rolling,358,3254,rank,1000,3,300,276,0.9133333333,0.9057971014,0.9057971014,3254,3254,3254,0,0,,,,,,,
17,0.1,rank_rolling,359,2876,rank,1000,3,330,312,0.9333333333,0.9294871795,0.9294871795,2876,2876,2876,0,0,,,,,,,
17,0.1,rank_rolling,360,2339,rank,1000,3,228,214,0.9342105263,0.9299065421,0.9322429907,2339,2339,2339,0,0,,,,,,,
17,0.1,rank_rolling,361,2135,rank,1000,4,246,226,0.8902439024,0.8805309735,0.8827433628,2135,2135,2135,0,0,,,,,,,
17,0.1,rank_rolling,362,2255,rank,1000,4,620,530,0.8903225806,0.8735849057,0.8820754717,2255,2255,2255,0,0,,,,,,,
17,0.1,rank_rolling,363,2437,rank,1000,3,386,353,0.8575129534,0.8498583569,0.8522190746,2437,2437,2437,0,0,,,,,,,
17,0.1,rank_rolling,364,2958,rank,1000,2,354,329,0.895480226,0.8875379939,0.8920972644,2958,2958,2958,0,0,,,,,,,
29,0.1,rank_rolling,292,2882,rank,1000,3,730,658,0.8753424658,0.8708206687,0.8776595745,2882,2882,2882,0,0,,,,,,,
29,0.1,rank_rolling,293,3095,rank,1000,2,658,581,0.8510638298,0.8364888124,0.8462421113,3095,3095,3095,0,0,,,,,,,
29,0.1,rank_rolling,294,3876,rank,1000,2,618,538,0.8883495146,0.873605948,0.876394052,3876,3876,3876,0,0,,,,,,,
29,0.1,rank_rolling,295,4876,rank,1000,2,666,578,0.9219219219,0.9100346021,0.914071511,4876,4876,4876,0,0,,,,,,,
29,0.1,rank_rolling,296,3497,rank,1000,2,516,466,0.9031007752,0.8927038627,0.8959227468,3497,3497,3497,0,0,,,,,,,
29,0.1,rank_rolling,297,3352,rank,1000,2,292,254,0.8869863014,0.874015748,0.8792650919,3352,3352,3352,0,0,,,,,,,
29,0.1,rank_rolling,298,3577,rank,1000,3,252,224,0.8650793651,0.8482142857,0.8578869048,3577,3577,3577,0,0,,,,,,,
29,0.1,rank_rolling,299,3865,rank,1000,3,702,615,0.9373219373,0.9284552846,0.9292682927,3865,3865,3865,0,0,,,,,,,
29,0.1,rank_rolling,300,3060,rank,1000,3,664,573,0.8689759036,0.8516579407,0.8612565445,3060,3060,3060,0,0,,,,,,,
29,0.1,rank_rolling,301,3408,rank,1000,2,616,552,0.8603896104,0.8442028986,0.8577294686,3408,3408,3408,0,0,,,,,,,
29,0.1,rank_rolling,302,4927,rank,1000,2,570,490,0.9122807018,0.9040816327,0.9102040816,4927,4927,4927,0,0,,,,,,,
29,0.1,rank_rolling,303,4603,rank,1000,2,542,485,0.8985239852,0.8865979381,0.8907216495,4603,4603,4603,0,0,,,,,,,
29,0.1,rank_rolling,304,4438,rank,1000,2,328,281,0.9207317073,0.9217081851,0.9217081851,4438,4438,4438,0,0,,,,,,,
29,0.1,rank_rolling,305,4124,rank,1000,3,328,295,0.9481707317,0.9423728814,0.9423728814,4124,4124,4124,0,0,,,,,,,
29,0.1,rank_rolling,306,3416,rank,1000,3,582,513,0.9020618557,0.8908382066,0.895711501,3416,3416,3416,0,0,,,,,,,
29,0.1,rank_rolling,307,3014,rank,1000,3,588,510,0.8656462585,0.8450980392,0.8526143791,3014,3014,3014,0,0,,,,,,,
29,0.1,rank_rolling,308,3980,rank,1000,2,562,497,0.8701067616,0.8571428571,0.861167002,3980,3980,3980,0,0,,,,,,,
29,0.1,rank_rolling,309,4459,rank,1000,2,626,535,0.9201277955,0.9121495327,0.9140186916,4459,4459,4459,0,0,,,,,,,
29,0.1,rank_rolling,310,4072,rank,1000,2,620,527,0.95,0.9430740038,0.9430740038,4072,4072,4072,0,0,,,,,,,
29,0.1,rank_rolling,311,2717,rank,1000,2,438,366,0.9178082192,0.9043715847,0.910291439,2717,2717,2717,0,0,,,,,,,
29,0.1,rank_rolling,312,1919,rank,1000,2,460,368,0.9195652174,0.8994565217,0.9155797101,1919,1919,1919,0,0,,,,,,,
29,0.1,rank_rolling,313,1620,rank,1000,3,794,641,0.8929471033,0.8705148206,0.8769110764,1620,1620,1620,0,0,,,,,,,
29,0.1,rank_rolling,314,1902,rank,1000,2,678,585,0.907079646,0.8923076923,0.9,1902,1902,1902,0,0,,,,,,,
29,0.1,rank_rolling,315,1898,rank,1000,2,774,660,0.8927648579,0.8787878788,0.8873737374,1898,1898,1898,0,0,,,,,,,
29,0.1,rank_rolling,316,2273,rank,1000,2,758,622,0.8799472296,0.8536977492,0.8569131833,2273,2273,2273,0,0,,,,,,,
29,0.1,rank_rolling,317,3080,rank,1000,2,630,559,0.8873015873,0.8729874776,0.8807692308,3080,3080,3080,0,0,,,,,,,
29,0.1,rank_rolling,318,3497,rank,1000,2,342,308,0.932748538,0.9253246753,0.9269480519,3497,3497,3497,0,0,,,,,,,
29,0.1,rank_rolling,319,3022,rank,1000,3,324,290,0.9320987654,0.924137931,0.924137931,3022,3022,3022,0,0,,,,,,,
29,0.1,rank_rolling,320,2350,rank,1000,3,736,646,0.8627717391,0.8529411765,0.8578431373,2350,2350,2350,0,0,,,,,,,
29,0.1,rank_rolling,321,3264,rank,1000,2,680,603,0.9,0.8905472637,0.8963515755,3264,3264,3264,0,0,,,,,,,
29,0.1,rank_rolling,322,3397,rank,1000,2,668,595,0.8907185629,0.8806722689,0.881512605,3397,3397,3397,0,0,,,,,,,
29,0.1,rank_rolling,323,3459,rank,1000,2,668,600,0.9056886228,0.8966666667,0.9005555556,3459,3459,3459,0,0,,,,,,,
29,0.1,rank_rolling,324,3394,rank,1000,2,796,650,0.9396984925,0.9261538462,0.9323076923,3394,3394,3394,0,0,,,,,,,
29,0.1,rank_rolling,325,2162,rank,1000,2,398,360,0.8391959799,0.8222222222,0.8291666667,2162,2162,2162,0,0,,,,,,,
29,0.1,rank_rolling,326,2864,rank,1000,2,422,348,0.9289099526,0.9166666667,0.9202586207,2864,2864,2864,0,0,,,,,,,
29,0.1,rank_rolling,327,2853,rank,1000,3,738,621,0.8997289973,0.884057971,0.8954911433,2853,2853,2853,0,0,,,,,,,
29,0.1,rank_rolling,328,2406,rank,1000,2,600,526,0.9133333333,0.9011406844,0.9055766793,2406,2406,2406,0,0,,,,,,,
29,0.1,rank_rolling,329,2386,rank,1000,2,684,599,0.8728070175,0.858096828,0.8705620479,2386,2386,2386,0,0,,,,,,,
29,0.1,rank_rolling,330,3305,rank,1000,2,640,580,0.9125,0.9034482759,0.9051724138,3305,3305,3305,0,0,,,,,,,
29,0.1,rank_rolling,331,3256,rank,1000,2,506,474,0.8992094862,0.8924050633,0.8945147679,3256,3256,3256,0,0,,,,,,,
29,0.1,rank_rolling,332,3130,rank,1000,2,318,300,0.927672956,0.9233333333,0.9233333333,3130,3130,3130,0,0,,,,,,,
29,0.1,rank_rolling,333,2839,rank,1000,3,342,312,0.8830409357,0.8717948718,0.8733974359,2839,2839,2839,0,0,,,,,,,
29,0.1,rank_rolling,334,2965,rank,1000,3,700,633,0.8814285714,0.8767772512,0.8807266983,2965,2965,2965,0,0,,,,,,,
29,0.1,rank_rolling,335,3546,rank,1000,2,656,587,0.9024390244,0.8943781942,0.9003407155,3546,3546,3546,0,0,,,,,,,
29,0.1,rank_rolling,336,3471,rank,1000,2,632,551,0.8639240506,0.8511796733,0.8595281307,3471,3471,3471,0,0,,,,,,,
29,0.1,rank_rolling,337,4133,rank,1000,2,552,492,0.9184782609,0.9085365854,0.9085365854,4133,4133,4133,0,0,,,,,,,
29,0.1,rank_rolling,338,3961,rank,1000,2,496,457,0.877016129,0.8730853392,0.8781911014,3961,3961,3961,0,0,,,,,,,
29,0.1,rank_rolling,339,4197,rank,1000,2,328,297,0.8993902439,0.898989899,0.9046015713,4197,4197,4197,0,0,,,,,,,
29,0.1,rank_rolling,340,4314,rank,1000,3,328,303,0.9115853659,0.904290429,0.904290429,4314,4314,4314,0,0,,,,,,,
29,0.1,rank_rolling,341,4315,rank,1000,3,576,519,0.9409722222,0.9344894027,0.936416185,4315,4315,4315,0,0,,,,,,,
29,0.1,rank_rolling,342,3082,rank,1000,3,636,565,0.8852201258,0.8707964602,0.8805309735,3082,3082,3082,0,0,,,,,,,
29,0.1,rank_rolling,343,3407,rank,1000,2,642,567,0.8691588785,0.8553791887,0.8628159906,3407,3407,3407,0,0,,,,,,,
29,0.1,rank_rolling,344,3934,rank,1000,2,650,582,0.9046153846,0.8934707904,0.89604811,3934,3934,3934,0,0,,,,,,,
29,0.1,rank_rolling,345,3922,rank,1000,2,586,501,0.9180887372,0.9041916168,0.9081836327,3922,3922,3922,0,0,,,,,,,
29,0.1,rank_rolling,346,3663,rank,1000,2,224,197,0.9375,0.9289340102,0.9365482234,3663,3663,3663,0,0,,,,,,,
29,0.1,rank_rolling,347,3370,rank,1000,3,306,277,0.9052287582,0.8953068592,0.8977135981,3370,3370,3370,0,0,,,,,,,
29,0.1,rank_rolling,348,3332,rank,1000,3,714,610,0.8977591036,0.8803278689,0.8827868852,3332,3332,3332,0,0,,,,,,,
29,0.1,rank_rolling,349,3453,rank,1000,2,600,545,0.9016666667,0.8917431193,0.8944954128,3453,3453,3453,0,0,,,,,,,
29,0.1,rank_rolling,350,3371,rank,1000,2,656,560,0.9054878049,0.8946428571,0.8988095238,3371,3371,3371,0,0,,,,,,,
29,0.1,rank_rolling,351,3371,rank,1000,2,522,476,0.8793103448,0.8676470588,0.8676470588,3371,3371,3371,0,0,,,,,,,
29,0.1,rank_rolling,352,3707,rank,1000,2,462,415,0.9437229437,0.9421686747,0.943373494,3707,3707,3707,0,0,,,,,,,
29,0.1,rank_rolling,353,3241,rank,1000,3,242,226,0.9008264463,0.8938053097,0.9004424779,3241,3241,3241,0,0,,,,,,,
29,0.1,rank_rolling,354,3135,rank,1000,3,238,227,0.8697478992,0.8634361233,0.8634361233,3135,3135,3135,0,0,,,,,,,
29,0.1,rank_rolling,355,3129,rank,1000,4,578,506,0.839100346,0.8320158103,0.8440617354,3129,3129,3129,0,0,,,,,,,
29,0.1,rank_rolling,356,4675,rank,1000,3,548,483,0.9051094891,0.900621118,0.9047619048,4675,4675,4675,0,0,,,,,,,
29,0.1,rank_rolling,357,4801,rank,1000,2,406,363,0.9310344828,0.9338842975,0.935261708,4801,4801,4801,0,0,,,,,,,
29,0.1,rank_rolling,358,3793,rank,1000,3,300,276,0.93,0.9239130435,0.9239130435,3793,3793,3793,0,0,,,,,,,
29,0.1,rank_rolling,359,3455,rank,1000,3,330,312,0.9212121212,0.9166666667,0.9182692308,3455,3455,3455,0,0,,,,,,,
29,0.1,rank_rolling,360,2846,rank,1000,3,228,214,0.9210526316,0.9158878505,0.9182242991,2846,2846,2846,0,0,,,,,,,
29,0.1,rank_rolling,361,2540,rank,1000,4,246,226,0.8983739837,0.889380531,0.8915929204,2540,2540,2540,0,0,,,,,,,
29,0.1,rank_rolling,362,2426,rank,1000,4,620,530,0.8806451613,0.8641509434,0.870754717,2426,2426,2426,0,0,,,,,,,
29,0.1,rank_rolling,363,2940,rank,1000,3,386,353,0.8886010363,0.88101983,0.8843248347,2940,2940,2940,0,0,,,,,,,
29,0.1,rank_rolling,364,3190,rank,1000,2,354,329,0.9152542373,0.9088145897,0.9118541033,3190,3190,3190,0,0,,,,,,,
43,0.1,rank_rolling,292,2498,rank,1000,3,730,658,0.8397260274,0.8373860182,0.844224924,2498,2498,2498,0,0,,,,,,,
43,0.1,rank_rolling,293,3470,rank,1000,2,658,581,0.8662613982,0.8554216867,0.8666092943,3470,3470,3470,0,0,,,,,,,
43,0.1,rank_rolling,294,4587,rank,1000,2,618,538,0.9093851133,0.8977695167,0.9033457249,4587,4587,4587,0,0,,,,,,,
43,0.1,rank_rolling,295,4227,rank,1000,2,666,578,0.9354354354,0.9256055363,0.9273356401,4227,4227,4227,0,0,,,,,,,
43,0.1,rank_rolling,296,3089,rank,1000,2,516,466,0.8895348837,0.8776824034,0.8809012876,3089,3089,3089,0,0,,,,,,,
43,0.1,rank_rolling,297,3153,rank,1000,2,292,254,0.8767123288,0.8622047244,0.8730314961,3153,3153,3153,0,0,,,,,,,
43,0.1,rank_rolling,298,3536,rank,1000,3,252,224,0.8571428571,0.8392857143,0.8467261905,3536,3536,3536,0,0,,,,,,,
43,0.1,rank_rolling,299,4379,rank,1000,3,702,615,0.9373219373,0.9284552846,0.9284552846,4379,4379,4379,0,0,,,,,,,
43,0.1,rank_rolling,300,3396,rank,1000,3,664,573,0.8780120482,0.8621291449,0.8711460151,3396,3396,3396,0,0,,,,,,,
43,0.1,rank_rolling,301,3487,rank,1000,2,616,552,0.8685064935,0.8586956522,0.8640700483,3487,3487,3487,0,0,,,,,,,
43,0.1,rank_rolling,302,4648,rank,1000,2,570,490,0.9228070175,0.9102040816,0.9183673469,4648,4648,4648,0,0,,,,,,,
43,0.1,rank_rolling,303,4186,rank,1000,2,542,485,0.8966789668,0.8845360825,0.8886597938,4186,4186,4186,0,0,,,,,,,
43,0.1,rank_rolling,304,4092,rank,1000,2,328,281,0.9176829268,0.9181494662,0.9181494662,4092,4092,4092,0,0,,,,,,,
43,0.1,rank_rolling,305,3857,rank,1000,3,328,295,0.9237804878,0.9152542373,0.9152542373,3857,3857,3857,0,0,,,,,,,
43,0.1,rank_rolling,306,3614,rank,1000,3,582,513,0.910652921,0.8986354776,0.9038336582,3614,3614,3614,0,0,,,,,,,
43,0.1,rank_rolling,307,3154,rank,1000,3,588,510,0.8537414966,0.8333333333,0.8390849673,3154,3154,3154,0,0,,,,,,,
43,0.1,rank_rolling,308,3908,rank,1000,2,562,497,0.871886121,0.8591549296,0.8641851107,3908,3908,3908,0,0,,,,,,,
43,0.1,rank_rolling,309,4642,rank,1000,2,626,535,0.9089456869,0.8971962617,0.9028037383,4642,4642,4642,0,0,,,,,,,
43,0.1,rank_rolling,310,4166,rank,1000,2,620,527,0.9387096774,0.9297912713,0.9316888046,4166,4166,4166,0,0,,,,,,,
43,0.1,rank_rolling,311,3141,rank,1000,2,438,366,0.904109589,0.8879781421,0.8959471767,3141,3141,3141,0,0,,,,,,,
43,0.1,rank_rolling,312,2868,rank,1000,2,460,368,0.9130434783,0.8913043478,0.9087862319,2868,2868,2868,0,0,,,,,,,
43,0.1,rank_rolling,313,2887,rank,1000,3,794,641,0.8841309824,0.8580343214,0.8652106084,2887,2887,2887,0,0,,,,,,,
43,0.1,rank_rolling,314,3223,rank,1000,2,678,585,0.9085545723,0.8974358974,0.9045991046,3223,3223,3223,0,0,,,,,,,
43,0.1,rank_rolling,315,3089,rank,1000,2,774,660,0.9147286822,0.9045454545,0.9119949495,3089,3089,3089,0,0,,,,,,,
43,0.1,rank_rolling,316,2713,rank,1000,2,758,622,0.8984168865,0.8762057878,0.8802250804,2713,2713,2713,0,0,,,,,,,
43,0.1,rank_rolling,317,2996,rank,1000,2,630,559,0.8888888889,0.8747763864,0.8819618366,2996,2996,2996,0,0,,,,,,,
43,0.1,rank_rolling,318,3403,rank,1000,2,342,308,0.9035087719,0.8928571429,0.8966450216,3403,3403,3403,0,0,,,,,,,
43,0.1,rank_rolling,319,3517,rank,1000,3,324,290,0.9382716049,0.9310344828,0.9310344828,3517,3517,3517,0,0,,,,,,,
43,0.1,rank_rolling,320,3111,rank,1000,3,736,646,0.8831521739,0.8715170279,0.8750773994,3111,3111,3111,0,0,,,,,,,
43,0.1,rank_rolling,321,3480,rank,1000,2,680,603,0.9205882353,0.9104477612,0.9145936982,3480,3480,3480,0,0,,,,,,,
43,0.1,rank_rolling,322,3294,rank,1000,2,668,595,0.872754491,0.8605042017,0.8621848739,3294,3294,3294,0,0,,,,,,,
43,0.1,rank_rolling,323,3760,rank,1000,2,668,600,0.9071856287,0.8983333333,0.9019444444,3760,3760,3760,0,0,,,,,,,
43,0.1,rank_rolling,324,3923,rank,1000,2,796,650,0.9309045226,0.9153846154,0.9225641026,3923,3923,3923,0,0,,,,,,,
43,0.1,rank_rolling,325,2931,rank,1000,2,398,360,0.8668341709,0.8527777778,0.8555555556,2931,2931,2931,0,0,,,,,,,
43,0.1,rank_rolling,326,3177,rank,1000,2,422,348,0.9336492891,0.9224137931,0.9267241379,3177,3177,3177,0,0,,,,,,,
43,0.1,rank_rolling,327,2931,rank,1000,3,738,621,0.8726287263,0.8615136876,0.8673913043,2931,2931,2931,0,0,,,,,,,
43,0.1,rank_rolling,328,3518,rank,1000,2,600,526,0.9266666667,0.9163498099,0.9173003802,3518,3518,3518,0,0,,,,,,,
43,0.1,rank_rolling,329,2628,rank,1000,2,684,599,0.8874269006,0.8764607679,0.8839732888,2628,2628,2628,0,0,,,,,,,
43,0.1,rank_rolling,330,2720,rank,1000,2,640,580,0.8796875,0.8672413793,0.8706896552,2720,2720,2720,0,0,,,,,,,
43,0.1,rank_rolling,331,3404,rank,1000,2,506,474,0.9209486166,0.9156118143,0.9156118143,3404,3404,3404,0,0,,,,,,,
43,0.1,rank_rolling,332,3107,rank,1000,2,318,300,0.9088050314,0.9033333333,0.9033333333,3107,3107,3107,0,0,,,,,,,
43,0.1,rank_rolling,333,2889,rank,1000,3,342,312,0.8859649123,0.875,0.8771367521,2889,2889,2889,0,0,,,,,,,
43,0.1,rank_rolling,334,3053,rank,1000,3,700,633,0.8842857143,0.87835703,0.8812532912,3053,3053,3053,0,0,,,,,,,
43,0.1,rank_rolling,335,3533,rank,1000,2,656,587,0.8673780488,0.8586030664,0.8675468484,3533,3533,3533,0,0,,,,,,,
43,0.1,rank_rolling,336,4083,rank,1000,2,632,551,0.8955696203,0.8838475499,0.887477314,4083,4083,4083,0,0,,,,,,,
43,0.1,rank_rolling,337,4155,rank,1000,2,552,492,0.9202898551,0.9105691057,0.914295393,4155,4155,4155,0,0,,,,,,,
43,0.1,rank_rolling,338,3657,rank,1000,2,496,457,0.8991935484,0.8927789934,0.8978847557,3657,3657,3657,0,0,,,,,,,
43,0.1,rank_rolling,339,3537,rank,1000,2,328,297,0.8841463415,0.8821548822,0.8877665544,3537,3537,3537,0,0,,,,,,,
43,0.1,rank_rolling,340,3742,rank,1000,3,328,303,0.9146341463,0.9075907591,0.9075907591,3742,3742,3742,0,0,,,,,,,
43,0.1,rank_rolling,341,3758,rank,1000,3,576,519,0.9079861111,0.8978805395,0.9032755299,3758,3758,3758,0,0,,,,,,,
43,0.1,rank_rolling,342,3646,rank,1000,3,636,565,0.9198113208,0.9097345133,0.9138643068,3646,3646,3646,0,0,,,,,,,
43,0.1,rank_rolling,343,3277,rank,1000,2,642,567,0.8629283489,0.848324515,0.8540564374,3277,3277,3277,0,0,,,,,,,
43,0.1,rank_rolling,344,4058,rank,1000,2,650,582,0.9123076923,0.9037800687,0.9049255441,4058,4058,4058,0,0,,,,,,,
43,0.1,rank_rolling,345,3922,rank,1000,2,586,501,0.9180887372,0.9041916168,0.9085163007,3922,3922,3922,0,0,,,,,,,
43,0.1,rank_rolling,346,3595,rank,1000,2,224,197,0.9464285714,0.9390862944,0.9390862944,3595,3595,3595,0,0,,,,,,,
43,0.1,rank_rolling,347,3459,rank,1000,3,306,277,0.9281045752,0.9205776173,0.9229843562,3459,3459,3459,0,0,,,,,,,
43,0.1,rank_rolling,348,3301,rank,1000,3,714,610,0.8963585434,0.8786885246,0.8803278689,3301,3301,3301,0,0,,,,,,,
43,0.1,rank_rolling,349,3218,rank,1000,2,600,545,0.88,0.8678899083,0.871559633,3218,3218,3218,0,0,,,,,,,
43,0.1,rank_rolling,350,3722,rank,1000,2,656,560,0.9085365854,0.8964285714,0.9023809524,3722,3722,3722,0,0,,,,,,,
43,0.1,rank_rolling,351,3728,rank,1000,2,522,476,0.877394636,0.8655462185,0.8704481793,3728,3728,3728,0,0,,,,,,,
43,0.1,rank_rolling,352,3903,rank,1000,2,462,415,0.9069264069,0.9060240964,0.9116465863,3903,3903,3903,0,0,,,,,,,
43,0.1,rank_rolling,353,4113,rank,1000,3,242,226,0.8884297521,0.8805309735,0.8871681416,4113,4113,4113,0,0,,,,,,,
43,0.1,rank_rolling,354,4116,rank,1000,3,238,227,0.9117647059,0.9074889868,0.9074889868,4116,4116,4116,0,0,,,,,,,
43,0.1,rank_rolling,355,3646,rank,1000,4,578,506,0.8737024221,0.8695652174,0.8723884811,3646,3646,3646,0,0,,,,,,,
43,0.1,rank_rolling,356,4668,rank,1000,3,548,483,0.9105839416,0.9026915114,0.9102829538,4668,4668,4668,0,0,,,,,,,
43,0.1,rank_rolling,357,4445,rank,1000,2,406,363,0.9261083744,0.9256198347,0.9297520661,4445,4445,4445,0,0,,,,,,,
43,0.1,rank_rolling,358,3878,rank,1000,3,300,276,0.9233333333,0.9166666667,0.9166666667,3878,3878,3878,0,0,,,,,,,
43,0.1,rank_rolling,359,3488,rank,1000,3,330,312,0.9393939394,0.9358974359,0.9375,3488,3488,3488,0,0,,,,,,,
43,0.1,rank_rolling,360,2803,rank,1000,3,228,214,0.9342105263,0.9299065421,0.9322429907,2803,2803,2803,0,0,,,,,,,
43,0.1,rank_rolling,361,2480,rank,1000,4,246,226,0.8902439024,0.8805309735,0.8871681416,2480,2480,2480,0,0,,,,,,,
43,0.1,rank_rolling,362,2420,rank,1000,4,620,530,0.885483871,0.8698113208,0.8745283019,2420,2420,2420,0,0,,,,,,,
43,0.1,rank_rolling,363,2574,rank,1000,3,386,353,0.8756476684,0.8696883853,0.87299339,2574,2574,2574,0,0,,,,,,,
43,0.1,rank_rolling,364,3098,rank,1000,2,354,329,0.8785310734,0.8693009119,0.8723404255,3098,3098,3098,0,0,,,,,,,
59,0.1,rank_rolling,292,3378,rank,1000,3,730,658,0.8726027397,0.8647416413,0.8703140831,3378,3378,3378,0,0,,,,,,,
59,0.1,rank_rolling,293,3747,rank,1000,2,658,581,0.8814589666,0.8709122203,0.8775100402,3747,3747,3747,0,0,,,,,,,
59,0.1,rank_rolling,294,4070,rank,1000,2,618,538,0.8964401294,0.8828996283,0.8847583643,4070,4070,4070,0,0,,,,,,,
59,0.1,rank_rolling,295,4511,rank,1000,2,666,578,0.9279279279,0.9169550173,0.9178200692,4511,4511,4511,0,0,,,,,,,
59,0.1,rank_rolling,296,3380,rank,1000,2,516,466,0.9089147287,0.8991416309,0.9012875536,3380,3380,3380,0,0,,,,,,,
59,0.1,rank_rolling,297,3083,rank,1000,2,292,254,0.9109589041,0.9015748031,0.9087926509,3083,3083,3083,0,0,,,,,,,
59,0.1,rank_rolling,298,2931,rank,1000,3,252,224,0.8452380952,0.8258928571,0.8389136905,2931,2931,2931,0,0,,,,,,,
59,0.1,rank_rolling,299,3570,rank,1000,3,702,615,0.9316239316,0.9219512195,0.9249322493,3570,3570,3570,0,0,,,,,,,
59,0.1,rank_rolling,300,3084,rank,1000,3,664,573,0.8885542169,0.8743455497,0.8816172193,3084,3084,3084,0,0,,,,,,,
59,0.1,rank_rolling,301,3183,rank,1000,2,616,552,0.8555194805,0.8442028986,0.8538043478,3183,3183,3183,0,0,,,,,,,
59,0.1,rank_rolling,302,4767,rank,1000,2,570,490,0.9157894737,0.906122449,0.9146258503,4767,4767,4767,0,0,,,,,,,
59,0.1,rank_rolling,303,4701,rank,1000,2,542,485,0.8929889299,0.8824742268,0.8855670103,4701,4701,4701,0,0,,,,,,,
59,0.1,rank_rolling,304,4701,rank,1000,2,328,281,0.9268292683,0.9288256228,0.9288256228,4701,4701,4701,0,0,,,,,,,
59,0.1,rank_rolling,305,4404,rank,1000,3,328,295,0.9573170732,0.9525423729,0.9525423729,4404,4404,4404,0,0,,,,,,,
59,0.1,rank_rolling,306,3421,rank,1000,3,582,513,0.9003436426,0.8888888889,0.8944119558,3421,3421,3421,0,0,,,,,,,
59,0.1,rank_rolling,307,3023,rank,1000,3,588,510,0.8843537415,0.8666666667,0.8721568627,3023,3023,3023,0,0,,,,,,,
59,0.1,rank_rolling,308,3494,rank,1000,2,562,497,0.8629893238,0.8511066398,0.8541247485,3494,3494,3494,0,0,,,,,,,
59,0.1,rank_rolling,309,4038,rank,1000,2,626,535,0.8849840256,0.8710280374,0.8763239875,4038,4038,4038,0,0,,,,,,,
59,0.1,rank_rolling,310,4560,rank,1000,2,620,527,0.9580645161,0.9506641366,0.9516129032,4560,4560,4560,0,0,,,,,,,
59,0.1,rank_rolling,311,2973,rank,1000,2,438,366,0.9063926941,0.8907103825,0.8952641166,2973,2973,2973,0,0,,,,,,,
59,0.1,rank_rolling,312,1994,rank,1000,2,460,368,0.9108695652,0.8885869565,0.9047101449,1994,1994,1994,0,0,,,,,,,
59,0.1,rank_rolling,313,1978,rank,1000,3,794,641,0.8727959698,0.8439937598,0.8538221529,1978,1978,1978,0,0,,,,,,,
59,0.1,rank_rolling,314,3178,rank,1000,2,678,585,0.9174041298,0.9042735043,0.9134310134,3178,3178,3178,0,0,,,,,,,
59,0.1,rank_rolling,315,2767,rank,1000,2,774,660,0.9134366925,0.903030303,0.9084090909,2767,2767,2767,0,0,,,,,,,
59,0.1,rank_rolling,316,2483,rank,1000,2,758,622,0.8984168865,0.8762057878,0.8786173633,2483,2483,2483,0,0,,,,,,,
59,0.1,rank_rolling,317,2533,rank,1000,2,630,559,0.8857142857,0.8711985689,0.8822599881,2533,2533,2533,0,0,,,,,,,
59,0.1,rank_rolling,318,2916,rank,1000,2,342,308,0.9035087719,0.8928571429,0.9020562771,2916,2916,2916,0,0,,,,,,,
59,0.1,rank_rolling,319,2965,rank,1000,3,324,290,0.9259259259,0.9172413793,0.9172413793,2965,2965,2965,0,0,,,,,,,
59,0.1,rank_rolling,320,2650,rank,1000,3,736,646,0.8804347826,0.8684210526,0.8730650155,2650,2650,2650,0,0,,,,,,,
59,0.1,rank_rolling,321,3097,rank,1000,2,680,603,0.9,0.8905472637,0.8963515755,3097,3097,3097,0,0,,,,,,,
59,0.1,rank_rolling,322,3150,rank,1000,2,668,595,0.8473053892,0.8319327731,0.8378151261,3150,3150,3150,0,0,,,,,,,
59,0.1,rank_rolling,323,4153,rank,1000,2,668,600,0.9206586826,0.9133333333,0.9133333333,4153,4153,4153,0,0,,,,,,,
59,0.1,rank_rolling,324,3645,rank,1000,2,796,650,0.9108040201,0.8923076923,0.9042307692,3645,3645,3645,0,0,,,,,,,
59,0.1,rank_rolling,325,3029,rank,1000,2,398,360,0.8542713568,0.8388888889,0.8444444444,3029,3029,3029,0,0,,,,,,,
59,0.1,rank_rolling,326,3784,rank,1000,2,422,348,0.9383886256,0.9281609195,0.9391762452,3784,3784,3784,0,0,,,,,,,
59,0.1,rank_rolling,327,3136,rank,1000,3,738,621,0.8902439024,0.8743961353,0.8848094471,3136,3136,3136,0,0,,,,,,,
59,0.1,rank_rolling,328,3067,rank,1000,2,600,526,0.9266666667,0.9182509506,0.9192015209,3067,3067,3067,0,0,,,,,,,
59,0.1,rank_rolling,329,2600,rank,1000,2,684,599,0.8742690058,0.8597662771,0.8697273233,2600,2600,2600,0,0,,,,,,,
59,0.1,rank_rolling,330,3217,rank,1000,2,640,580,0.9,0.8896551724,0.8905172414,3217,3217,3217,0,0,,,,,,,
59,0.1,rank_rolling,331,3398,rank,1000,2,506,474,0.9130434783,0.9071729958,0.9082278481,3398,3398,3398,0,0,,,,,,,
59,0.1,rank_rolling,332,2999,rank,1000,2,318,300,0.9308176101,0.9266666667,0.9266666667,2999,2999,2999,0,0,,,,,,,
59,0.1,rank_rolling,333,2541,rank,1000,3,342,312,0.865497076,0.8525641026,0.8563034188,2541,2541,2541,0,0,,,,,,,
59,0.1,rank_rolling,334,2899,rank,1000,3,700,633,0.8757142857,0.868878357,0.8728278041,2899,2899,2899,0,0,,,,,,,
59,0.1,rank_rolling,335,3680,rank,1000,2,656,587,0.8917682927,0.8841567291,0.89040318,3680,3680,3680,0,0,,,,,,,
59,0.1,rank_rolling,336,3740,rank,1000,2,632,551,0.8734177215,0.8584392015,0.8623714459,3740,3740,3740,0,0,,,,,,,
59,0.1,rank_rolling,337,4062,rank,1000,2,552,492,0.9184782609,0.9085365854,0.9098915989,4062,4062,4062,0,0,,,,,,,
59,0.1,rank_rolling,338,3938,rank,1000,2,496,457,0.9193548387,0.9124726477,0.9161196207,3938,3938,3938,0,0,,,,,,,
59,0.1,rank_rolling,339,3219,rank,1000,2,328,297,0.881097561,0.8754208754,0.8843995511,3219,3219,3219,0,0,,,,,,,
59,0.1,rank_rolling,340,3445,rank,1000,3,328,303,0.9268292683,0.9207920792,0.9224422442,3445,3445,3445,0,0,,,,,,,
59,0.1,rank_rolling,341,3382,rank,1000,3,576,519,0.8854166667,0.8728323699,0.8795118818,3382,3382,3382,0,0,,,,,,,
59,0.1,rank_rolling,342,3410,rank,1000,3,636,565,0.9166666667,0.9061946903,0.910619469,3410,3410,3410,0,0,,,,,,,
59,0.1,rank_rolling,343,3299,rank,1000,2,642,567,0.8878504673,0.873015873,0.8819223986,3299,3299,3299,0,0,,,,,,,
59,0.1,rank_rolling,344,3320,rank,1000,2,650,582,0.8815384615,0.8711340206,0.8757159221,3320,3320,3320,0,0,,,,,,,
59,0.1,rank_rolling,345,3737,rank,1000,2,586,501,0.9061433447,0.8902195609,0.8942115768,3737,3737,3737,0,0,,,,,,,
59,0.1,rank_rolling,346,3714,rank,1000,2,224,197,0.9464285714,0.9390862944,0.9416243655,3714,3714,3714,0,0,,,,,,,
59,0.1,rank_rolling,347,3565,rank,1000,3,306,277,0.9248366013,0.916967509,0.9193742479,3565,3565,3565,0,0,,,,,,,
59,0.1,rank_rolling,348,3174,rank,1000,3,714,610,0.8753501401,0.8540983607,0.856557377,3174,3174,3174,0,0,,,,,,,
59,0.1,rank_rolling,349,3663,rank,1000,2,600,545,0.905,0.895412844,0.9012232416,3663,3663,3663,0,0,,,,,,,
59,0.1,rank_rolling,350,3728,rank,1000,2,656,560,0.9176829268,0.9035714286,0.9075892857,3728,3728,3728,0,0,,,,,,,
59,0.1,rank_rolling,351,3341,rank,1000,2,522,476,0.8850574713,0.8739495798,0.8739495798,3341,3341,3341,0,0,,,,,,,
59,0.1,rank_rolling,352,3376,rank,1000,2,462,415,0.8939393939,0.886746988,0.8907630522,3376,3376,3376,0,0,,,,,,,
59,0.1,rank_rolling,353,3526,rank,1000,3,242,226,0.8553719008,0.8451327434,0.8584070796,3526,3526,3526,0,0,,,,,,,
59,0.1,rank_rolling,354,3729,rank,1000,3,238,227,0.8487394958,0.8414096916,0.845814978,3729,3729,3729,0,0,,,,,,,
59,0.1,rank_rolling,355,4197,rank,1000,4,578,506,0.8858131488,0.8754940711,0.8808582722,4197,4197,4197,0,0,,,,,,,
59,0.1,rank_rolling,356,5338,rank,1000,3,548,483,0.9197080292,0.9130434783,0.9192546584,5338,5338,5338,0,0,,,,,,,
59,0.1,rank_rolling,357,4730,rank,1000,2,406,363,0.9458128079,0.9476584022,0.9504132231,4730,4730,4730,0,0,,,,,,,
59,0.1,rank_rolling,358,3650,rank,1000,3,300,276,0.8866666667,0.8768115942,0.8768115942,3650,3650,3650,0,0,,,,,,,
59,0.1,rank_rolling,359,3523,rank,1000,3,330,312,0.9454545455,0.9423076923,0.9423076923,3523,3523,3523,0,0,,,,,,,
59,0.1,rank_rolling,360,2822,rank,1000,3,228,214,0.9342105263,0.9299065421,0.9299065421,2822,2822,2822,0,0,,,,,,,
59,0.1,rank_rolling,361,2682,rank,1000,4,246,226,0.9105691057,0.9026548673,0.9048672566,2682,2682,2682,0,0,,,,,,,
59,0.1,rank_rolling,362,2384,rank,1000,4,620,530,0.8758064516,0.858490566,0.8660377358,2384,2384,2384,0,0,,,,,,,
59,0.1,rank_rolling,363,2700,rank,1000,3,386,353,0.8704663212,0.8668555241,0.8677998111,2700,2700,2700,0,0,,,,,,,
59,0.1,rank_rolling,364,3219,rank,1000,2,354,329,0.8757062147,0.8662613982,0.8693009119,3219,3219,3219,0,0,,,,,,,
71,0.1,rank_rolling,292,2770,rank,1000,3,730,658,0.8602739726,0.8541033435,0.8624620061,2770,2770,2770,0,0,,,,,,,
71,0.1,rank_rolling,293,3429,rank,1000,2,658,581,0.867781155,0.8554216867,0.8660355709,3429,3429,3429,0,0,,,,,,,
71,0.1,rank_rolling,294,4122,rank,1000,2,618,538,0.8883495146,0.873605948,0.876394052,4122,4122,4122,0,0,,,,,,,
71,0.1,rank_rolling,295,4601,rank,1000,2,666,578,0.9234234234,0.9117647059,0.9149365629,4601,4601,4601,0,0,,,,,,,
71,0.1,rank_rolling,296,3750,rank,1000,2,516,466,0.9089147287,0.8991416309,0.9002145923,3750,3750,3750,0,0,,,,,,,
71,0.1,rank_rolling,297,3482,rank,1000,2,292,254,0.8869863014,0.8779527559,0.8818897638,3482,3482,3482,0,0,,,,,,,
71,0.1,rank_rolling,298,3700,rank,1000,3,252,224,0.8849206349,0.8705357143,0.8727678571,3700,3700,3700,0,0,,,,,,,
71,0.1,rank_rolling,299,3806,rank,1000,3,702,615,0.9444444444,0.9365853659,0.9365853659,3806,3806,3806,0,0,,,,,,,
71,0.1,rank_rolling,300,3028,rank,1000,3,664,573,0.8704819277,0.8551483421,0.8661043242,3028,3028,3028,0,0,,,,,,,
71,0.1,rank_rolling,301,3415,rank,1000,2,616,552,0.8603896104,0.8496376812,0.854468599,3415,3415,3415,0,0,,,,,,,
71,0.1,rank_rolling,302,4480,rank,1000,2,570,490,0.9087719298,0.8979591837,0.9030612245,4480,4480,4480,0,0,,,,,,,
71,0.1,rank_rolling,303,4397,rank,1000,2,542,485,0.9040590406,0.8927835052,0.8979381443,4397,4397,4397,0,0,,,,,,,
71,0.1,rank_rolling,304,4380,rank,1000,2,328,281,0.9115853659,0.9110320285,0.9110320285,4380,4380,4380,0,0,,,,,,,
71,0.1,rank_rolling,305,4190,rank,1000,3,328,295,0.9481707317,0.9423728814,0.9423728814,4190,4190,4190,0,0,,,,,,,
71,0.1,rank_rolling,306,3560,rank,1000,3,582,513,0.8934707904,0.8791423002,0.8846653671,3560,3560,3560,0,0,,,,,,,
71,0.1,rank_rolling,307,3319,rank,1000,3,588,510,0.8741496599,0.8549019608,0.8639869281,3319,3319,3319,0,0,,,,,,,
71,0.1,rank_rolling,308,4253,rank,1000,2,562,497,0.8985765125,0.8893360161,0.8923541247,4253,4253,4253,0,0,,,,,,,
71,0.1,rank_rolling,309,4269,rank,1000,2,626,535,0.8769968051,0.8654205607,0.8700934579,4269,4269,4269,0,0,,,,,,,
71,0.1,rank_rolling,310,4894,rank,1000,2,620,527,0.9403225806,0.9297912713,0.9351676154,4894,4894,4894,0,0,,,,,,,
71,0.1,rank_rolling,311,3914,rank,1000,2,438,366,0.9109589041,0.8961748634,0.9061930783,3914,3914,3914,0,0,,,,,,,
71,0.1,rank_rolling,312,3314,rank,1000,2,460,368,0.9195652174,0.8994565217,0.9124094203,3314,3314,3314,0,0,,,,,,,
71,0.1,rank_rolling,313,3119,rank,1000,3,794,641,0.9055415617,0.8845553822,0.8892355694,3119,3119,3119,0,0,,,,,,,
71,0.1,rank_rolling,314,2751,rank,1000,2,678,585,0.9056047198,0.894017094,0.8986161986,2751,2751,2751,0,0,,,,,,,
71,0.1,rank_rolling,315,2486,rank,1000,2,774,660,0.8940568475,0.8803030303,0.8932070707,2486,2486,2486,0,0,,,,,,,
71,0.1,rank_rolling,316,2710,rank,1000,2,758,622,0.8852242744,0.8601286174,0.8625401929,2710,2710,2710,0,0,,,,,,,
71,0.1,rank_rolling,317,3010,rank,1000,2,630,559,0.8841269841,0.8729874776,0.8792784735,3010,3010,3010,0,0,,,,,,,
71,0.1,rank_rolling,318,3845,rank,1000,2,342,308,0.9239766082,0.9155844156,0.9155844156,3845,3845,3845,0,0,,,,,,,
71,0.1,rank_rolling,319,3667,rank,1000,3,324,290,0.9444444444,0.9379310345,0.9379310345,3667,3667,3667,0,0,,,,,,,
71,0.1,rank_rolling,320,2694,rank,1000,3,736,646,0.8967391304,0.8854489164,0.8893188854,2694,2694,2694,0,0,,,,,,,
71,0.1,rank_rolling,321,2789,rank,1000,2,680,603,0.8808823529,0.8706467662,0.8781094527,2789,2789,2789,0,0,,,,,,,
71,0.1,rank_rolling,322,3106,rank,1000,2,668,595,0.871257485,0.8588235294,0.8613445378,3106,3106,3106,0,0,,,,,,,
71,0.1,rank_rolling,323,3695,rank,1000,2,668,600,0.9161676647,0.9083333333,0.9116666667,3695,3695,3695,0,0,,,,,,,
71,0.1,rank_rolling,324,3279,rank,1000,2,796,650,0.925879397,0.9092307692,0.9161538462,3279,3279,3279,0,0,,,,,,,
71,0.1,rank_rolling,325,2222,rank,1000,2,398,360,0.824120603,0.8055555556,0.8125,2222,2222,2222,0,0,,,,,,,
71,0.1,rank_rolling,326,3211,rank,1000,2,422,348,0.9312796209,0.9195402299,0.9209770115,3211,3211,3211,0,0,,,,,,,
71,0.1,rank_rolling,327,3183,rank,1000,3,738,621,0.8997289973,0.8872785829,0.8935587762,3183,3183,3183,0,0,,,,,,,
71,0.1,rank_rolling,328,2608,rank,1000,2,600,526,0.9083333333,0.9011406844,0.9039923954,2608,2608,2608,0,0,,,,,,,
71,0.1,rank_rolling,329,2551,rank,1000,2,684,599,0.8611111111,0.8447412354,0.8585976628,2551,2551,2551,0,0,,,,,,,
71,0.1,rank_rolling,330,3585,rank,1000,2,640,580,0.9,0.8896551724,0.8913793103,3585,3585,3585,0,0,,,,,,,
71,0.1,rank_rolling,331,3759,rank,1000,2,506,474,0.9169960474,0.9113924051,0.9135021097,3759,3759,3759,0,0,,,,,,,
71,0.1,rank_rolling,332,3383,rank,1000,2,318,300,0.9245283019,0.92,0.92,3383,3383,3383,0,0,,,,,,,
71,0.1,rank_rolling,333,3079,rank,1000,3,342,312,0.9064327485,0.8974358974,0.8990384615,3079,3079,3079,0,0,,,,,,,
71,0.1,rank_rolling,334,2990,rank,1000,3,700,633,0.8914285714,0.8862559242,0.8891521854,2990,2990,2990,0,0,,,,,,,
71,0.1,rank_rolling,335,3241,rank,1000,2,656,587,0.8719512195,0.8586030664,0.8691084611,3241,3241,3241,0,0,,,,,,,
71,0.1,rank_rolling,336,3729,rank,1000,2,632,551,0.8955696203,0.8802177858,0.8838475499,3729,3729,3729,0,0,,,,,,,
71,0.1,rank_rolling,337,3757,rank,1000,2,552,492,0.8894927536,0.8780487805,0.8851626016,3757,3757,3757,0,0,,,,,,,
71,0.1,rank_rolling,338,3926,rank,1000,2,496,457,0.8931451613,0.886214442,0.8891320204,3926,3926,3926,0,0,,,,,,,
71,0.1,rank_rolling,339,4285,rank,1000,2,328,297,0.8841463415,0.8821548822,0.8911335578,4285,4285,4285,0,0,,,,,,,
71,0.1,rank_rolling,340,4568,rank,1000,3,328,303,0.9329268293,0.9273927393,0.9273927393,4568,4568,4568,0,0,,,,,,,
71,0.1,rank_rolling,341,4345,rank,1000,3,576,519,0.9375,0.9306358382,0.9341040462,4345,4345,4345,0,0,,,,,,,
71,0.1,rank_rolling,342,3185,rank,1000,3,636,565,0.8899371069,0.8761061947,0.8817109145,3185,3185,3185,0,0,,,,,,,
71,0.1,rank_rolling,343,3350,rank,1000,2,642,567,0.8831775701,0.8677248677,0.8795708407,3350,3350,3350,0,0,,,,,,,
71,0.1,rank_rolling,344,3689,rank,1000,2,650,582,0.9138461538,0.9037800687,0.9072164948,3689,3689,3689,0,0,,,,,,,
71,0.1,rank_rolling,345,3470,rank,1000,2,586,501,0.9061433447,0.8902195609,0.8962075848,3470,3470,3470,0,0,,,,,,,
71,0.1,rank_rolling,346,3282,rank,1000,2,224,197,0.96875,0.9644670051,0.9644670051,3282,3282,3282,0,0,,,,,,,
71,0.1,rank_rolling,347,2835,rank,1000,3,306,277,0.9183006536,0.9097472924,0.9121540313,2835,2835,2835,0,0,,,,,,,
71,0.1,rank_rolling,348,2736,rank,1000,3,714,610,0.893557423,0.8754098361,0.8770491803,2736,2736,2736,0,0,,,,,,,
71,0.1,rank_rolling,349,2827,rank,1000,2,600,545,0.875,0.8623853211,0.8697247706,2827,2827,2827,0,0,,,,,,,
71,0.1,rank_rolling,350,3550,rank,1000,2,656,560,0.9024390244,0.8910714286,0.8976190476,3550,3550,3550,0,0,,,,,,,
71,0.1,rank_rolling,351,3824,rank,1000,2,522,476,0.8735632184,0.8613445378,0.8651960784,3824,3824,3824,0,0,,,,,,,
71,0.1,rank_rolling,352,4136,rank,1000,2,462,415,0.9155844156,0.9108433735,0.9148594378,4136,4136,4136,0,0,,,,,,,
71,0.1,rank_rolling,353,4067,rank,1000,3,242,226,0.8884297521,0.8805309735,0.8871681416,4067,4067,4067,0,0,,,,,,,
71,0.1,rank_rolling,354,3940,rank,1000,3,238,227,0.8949579832,0.8898678414,0.8898678414,3940,3940,3940,0,0,,,,,,,
71,0.1,rank_rolling,355,3827,rank,1000,4,578,506,0.8615916955,0.8557312253,0.8662949369,3827,3827,3827,0,0,,,,,,,
71,0.1,rank_rolling,356,4791,rank,1000,3,548,483,0.9160583942,0.9089026915,0.9151138716,4791,4791,4791,0,0,,,,,,,
71,0.1,rank_rolling,357,4714,rank,1000,2,406,363,0.9310344828,0.9311294766,0.9325068871,4714,4714,4714,0,0,,,,,,,
71,0.1,rank_rolling,358,4027,rank,1000,3,300,276,0.93,0.9239130435,0.9239130435,4027,4027,4027,0,0,,,,,,,
71,0.1,rank_rolling,359,3620,rank,1000,3,330,312,0.9181818182,0.9134615385,0.9134615385,3620,3620,3620,0,0,,,,,,,
71,0.1,rank_rolling,360,3294,rank,1000,3,228,214,0.9342105263,0.9299065421,0.9299065421,3294,3294,3294,0,0,,,,,,,
71,0.1,rank_rolling,361,2908,rank,1000,4,246,226,0.9268292683,0.9203539823,0.9225663717,2908,2908,2908,0,0,,,,,,,
71,0.1,rank_rolling,362,2379,rank,1000,4,620,530,0.8935483871,0.8773584906,0.8839622642,2379,2379,2379,0,0,,,,,,,
71,0.1,rank_rolling,363,2350,rank,1000,3,386,353,0.878238342,0.8725212465,0.8748819641,2350,2350,2350,0,0,,,,,,,
71,0.1,rank_rolling,364,2811,rank,1000,2,354,329,0.9011299435,0.8936170213,0.896656535,2811,2811,2811,0,0,,,,,,,
17,0.1,aps_rolling,292,0.9999860012,mass,1000,3,730,658,0.8575342466,0.8753799392,0.8829787234,4571.697568,6670,7126,0.02279635258,0,aps,0,0,,,,
17,0.1,aps_rolling,293,0.9999933539,mass,1000,2,658,581,0.9179331307,0.9242685026,0.9360298336,5032.814114,6918,7127,0.01893287435,0,aps,0,0,,,,
17,0.1,aps_rolling,294,0.9999936748,mass,1000,2,618,538,0.8689320388,0.873605948,0.8899008674,4894.587361,6918,7127,0.01115241636,0,aps,0,0,,,,
17,0.1,aps_rolling,295,0.9999972605,mass,1000,2,666,578,0.9219219219,0.9290657439,0.9402537486,5276.217993,6962,7127,0.01557093426,0,aps,0,0,,,,
17,0.1,aps_rolling,296,0.9999972605,mass,1000,2,516,466,0.8875968992,0.8862660944,0.9054363376,4951.197425,6943.5,7127,0.01502145923,0,aps,0,0,,,,
17,0.1,aps_rolling,297,0.9999968902,mass,1000,2,292,254,0.8664383562,0.8858267717,0.898687664,4364.661417,6339.5,7127,0.0157480315,0,aps,0,0,,,,
17,0.1,aps_rolling,298,0.9999987864,mass,1000,3,252,224,0.9325396825,0.9375,0.9482886905,5099.196429,6915.5,7127,0.02678571429,0,aps,0,0,,,,
17,0.1,aps_rolling,299,0.9999980367,mass,1000,3,702,615,0.905982906,0.9170731707,0.926155633,4975.925203,6952,7127,0.0162601626,0,aps,0,0,,,,
17,0.1,aps_rolling,300,0.9999973539,mass,1000,3,664,573,0.8945783133,0.8935427574,0.9114795424,5029.321117,7007,7127,0.03315881326,0,aps,0,0,,,,
17,0.1,aps_rolling,301,0.9999980271,mass,1000,2,616,552,0.9155844156,0.9112318841,0.9161835749,5192.71558,7042,7127,0.02173913043,0,aps,0,0,,,,
17,0.1,aps_rolling,302,0.9999960312,mass,1000,2,570,490,0.8596491228,0.8693877551,0.8833624879,4710.169388,6783.5,7127,0.01836734694,0,aps,0,0,,,,
17,0.1,aps_rolling,303,0.9999990062,mass,1000,2,542,485,0.9132841328,0.9092783505,0.9178006873,5105.628866,6995,7127,0.01030927835,0,aps,0,0,,,,
17,0.1,aps_rolling,304,0.9999982042,mass,1000,2,328,281,0.8780487805,0.8790035587,0.9042111507,4760.508897,6903,7127,0.01423487544,0,aps,0,0,,,,
17,0.1,aps_rolling,305,0.9999991034,mass,1000,3,328,295,0.9176829268,0.9220338983,0.9346892655,4725.071186,6840,7127,0.02711864407,0,aps,0,0,,,,
17,0.1,aps_rolling,306,0.9999985267,mass,1000,3,582,513,0.8917525773,0.9083820663,0.9212150747,4829.477583,6952,7127,0.009746588694,0,aps,0,0,,,,
17,0.1,aps_rolling,307,0.9999988608,mass,1000,3,588,510,0.8979591837,0.9117647059,0.923496732,5143.747059,7010,7127,0.009803921569,0,aps,0,0,,,,
17,0.1,aps_rolling,308,0.9999990079,mass,1000,2,562,497,0.8950177936,0.893360161,0.9055667337,4906.468813,7031,7127,0.01609657948,0,aps,0,0,,,,
17,0.1,aps_rolling,309,0.999998973,mass,1000,2,626,535,0.8945686901,0.9065420561,0.9190342679,5140.697196,7018,7127,0.007476635514,0,aps,0,0,,,,
17,0.1,aps_rolling,310,0.9999991911,mass,1000,2,620,527,0.9177419355,0.9184060721,0.9344718533,4739.616698,6898,7127,0.01138519924,0,aps,0,0,,,,
17,0.1,aps_rolling,311,0.999998771,mass,1000,2,438,366,0.9063926941,0.8907103825,0.9129326047,4236.275956,5910,7127,0.01912568306,0,aps,0,0,,,,
17,0.1,aps_rolling,312,0.9999973376,mass,1000,2,460,368,0.8673913043,0.875,0.9004658385,3948.171196,5578.5,7126,0.01902173913,0,aps,0,0,,,,
17,0.1,aps_rolling,313,0.999999224,mass,1000,3,794,641,0.8715365239,0.8783151326,0.8994799792,4487.804992,6677,7127,0.01404056162,0,aps,0,0,,,,
17,0.1,aps_rolling,314,0.9999997819,mass,1000,2,678,585,0.9115044248,0.9179487179,0.9266178266,4819.165812,6975,7127,0.01709401709,0,aps,0,0,,,,
17,0.1,aps_rolling,315,0.9999998016,mass,1000,2,774,660,0.9005167959,0.9045454545,0.9173232323,4889.121212,6973.5,7127,0.0196969697,0,aps,0,0,,,,
17,0.1,aps_rolling,316,0.9999998488,mass,1000,2,758,622,0.926121372,0.9260450161,0.9423365488,5305.966238,7051,7127,0.008038585209,0,aps,0,0,,,,
17,0.1,aps_rolling,317,0.9999994038,mass,1000,2,630,559,0.9,0.8980322004,0.9175909362,4412.690519,6529,7127,0.03041144902,0,aps,0,0,,,,
17,0.1,aps_rolling,318,0.9999996814,mass,1000,2,342,308,0.9093567251,0.9123376623,0.9253246753,4355.311688,6552.5,7127,0.006493506494,0,aps,0,0,,,,
17,0.1,aps_rolling,319,0.9999994957,mass,1000,3,324,290,0.9320987654,0.924137931,0.9327586207,4489.451724,6416.5,7127,0.01724137931,0,aps,0,0,,,,
17,0.1,aps_rolling,320,0.9999993329,mass,1000,3,736,646,0.8967391304,0.907120743,0.9179222566,4790.713622,6946,7127,0.02167182663,0,aps,0,0,,,,
17,0.1,aps_rolling,321,0.9999990834,mass,1000,2,680,603,0.8897058824,0.8839137645,0.8966279713,4720.293532,6825,7127,0.01824212272,0,aps,0,0,,,,
17,0.1,aps_rolling,322,0.9999997966,mass,1000,2,668,595,0.9266467066,0.931092437,0.9350140056,5063.040336,7010,7127,0.01848739496,0,aps,0,0,,,,
17,0.1,aps_rolling,323,0.9999991553,mass,1000,2,668,600,0.874251497,0.8783333333,0.8913888889,4681.326667,6789,7127,0.01833333333,0,aps,0,0,,,,
17,0.1,aps_rolling,324,0.9999997283,mass,1000,2,796,650,0.8907035176,0.9030769231,0.9199230769,4803.769231,6927.5,7127,0.01384615385,0,aps,0,0,,,,
17,0.1,aps_rolling,325,0.9999997441,mass,1000,2,398,360,0.8718592965,0.8694444444,0.8819444444,4352.55,6763.5,7127,0.02777777778,0,aps,0,0,,,,
17,0.1,aps_rolling,326,0.9999997714,mass,1000,2,422,348,0.8815165877,0.882183908,0.8988266284,4019.747126,6063,7127,0.01724137931,0,aps,0,0,,,,
17,0.1,aps_rolling,327,0.9999999109,mass,1000,3,738,621,0.8956639566,0.9130434783,0.931078905,4898.146538,6958,7127,0.009661835749,0,aps,0,0,,,,
17,0.1,aps_rolling,328,0.9999999232,mass,1000,2,600,526,0.91,0.9087452471,0.9202426218,5009.465779,7022,7127,0.01330798479,0,aps,0,0,,,,
17,0.1,aps_rolling,329,0.9999999261,mass,1000,2,684,599,0.9356725146,0.9415692821,0.9450194769,5084.33222,7034,7127,0.01335559265,0,aps,0,0,,,,
17,0.1,aps_rolling,330,0.9999995389,mass,1000,2,640,580,0.884375,0.8913793103,0.8998563218,4666.62069,6694.5,7127,0.01896551724,0,aps,0,0,,,,
17,0.1,aps_rolling,331,0.9999998003,mass,1000,2,506,474,0.9229249012,0.9303797468,0.9335443038,4900.637131,6945.5,7127,0.01687763713,0,aps,0,0,,,,
17,0.1,aps_rolling,332,0.9999996952,mass,1000,2,318,300,0.9025157233,0.9033333333,0.9111111111,4502.263333,6659,7127,0.01333333333,0,aps,0,0,,,,
17,0.1,aps_rolling,333,0.9999995186,mass,1000,3,342,312,0.8450292398,0.8493589744,0.859508547,4424.173077,6597.5,7127,0.02564102564,0,aps,0,0,,,,
17,0.1,aps_rolling,334,0.9999997508,mass,1000,3,700,633,0.8942857143,0.906793049,0.9141653502,4675.451817,6804,7127,0.01895734597,0,aps,0,0,,,,
17,0.1,aps_rolling,335,0.9999998627,mass,1000,2,656,587,0.8963414634,0.8943781942,0.9045996593,4764.253833,6857,7127,0.0136286201,0,aps,0,0,,,,
17,0.1,aps_rolling,336,0.999999957,mass,1000,2,632,551,0.917721519,0.9183303085,0.9255898367,5055.540835,7028,7127,0.007259528131,0,aps,0,0,,,,
17,0.1,aps_rolling,337,0.9999998429,mass,1000,2,552,492,0.8876811594,0.8943089431,0.9020325203,4595.097561,6818.5,7127,0.01829268293,0,aps,0,0,,,,
17,0.1,aps_rolling,338,0.9999999088,mass,1000,2,496,457,0.8870967742,0.9015317287,0.9110138585,4894.260394,6889,7127,0.01094091904,0,aps,0,0,,,,
17,0.1,aps_rolling,339,0.9999999331,mass,1000,2,328,297,0.9115853659,0.9023569024,0.9099326599,4780.043771,6675,7127,0.0202020202,0,aps,0,0,,,,
17,0.1,aps_rolling,340,0.9999999322,mass,1000,3,328,303,0.9237804878,0.9306930693,0.9372937294,4946.50165,6866,7127,0.006600660066,0,aps,0,0,,,,
17,0.1,aps_rolling,341,0.9999998746,mass,1000,3,576,519,0.8854166667,0.8959537572,0.9075786769,4753.289017,6898,7127,0.01926782274,0,aps,0,0,,,,
17,0.1,aps_rolling,342,0.9999998965,mass,1000,3,636,565,0.9072327044,0.9044247788,0.9203539823,4870.541593,6866,7127,0.01592920354,0,aps,0,0,,,,
17,0.1,aps_rolling,343,0.9999999236,mass,1000,2,642,567,0.8785046729,0.8783068783,0.8902410347,5200.885362,7020,7127,0.02116402116,0,aps,0,0,,,,
17,0.1,aps_rolling,344,0.9999999438,mass,1000,2,650,582,0.8769230769,0.883161512,0.8939003436,4796.876289,6914,7127,0.008591065292,0,aps,0,0,,,,
17,0.1,aps_rolling,345,0.9999999822,mass,1000,2,586,501,0.9078498294,0.9021956088,0.9088489687,4948.744511,7031,7127,0.0119760479,0,aps,0,0,,,,
17,0.1,aps_rolling,346,0.9999999726,mass,1000,2,224,197,0.8883928571,0.8934010152,0.9035532995,4173.86802,5829,7127,0.02030456853,0,aps,0,0,,,,
17,0.1,aps_rolling,347,0.9999999734,mass,1000,3,306,277,0.9117647059,0.9133574007,0.921179302,4041.758123,6115,7127,0.02166064982,0,aps,0,0,,,,
17,0.1,aps_rolling,348,0.9999999625,mass,1000,3,714,610,0.9047619048,0.9114754098,0.9211748634,4678.103279,6847.5,7127,0.01639344262,0,aps,0,0,,,,
17,0.1,aps_rolling,349,0.9999999402,mass,1000,2,600,545,0.865,0.8697247706,0.8810397554,4453.308257,6635,7127,0.01651376147,0,aps,0,0,,,,
17,0.1,aps_rolling,350,0.9999999874,mass,1000,2,656,560,0.8887195122,0.8857142857,0.9023511905,4507.75,6723,7127,0.01428571429,0,aps,0,0,,,,
17,0.1,aps_rolling,351,0.9999999927,mass,1000,2,522,476,0.877394636,0.8886554622,0.9016106443,4602.92437,6828.5,7127,0.01680672269,0,aps,0,0,,,,
17,0.1,aps_rolling,352,0.9999999958,mass,1000,2,462,415,0.8982683983,0.913253012,0.9314257028,4862.845783,6984,7127,0.01927710843,0,aps,0,0,,,,
17,0.1,aps_rolling,353,0.9999999979,mass,1000,3,242,226,0.8966942149,0.8938053097,0.907079646,4552.734513,6817,7127,0.04424778761,0,aps,0,0,,,,
17,0.1,aps_rolling,354,0.9999999978,mass,1000,3,238,227,0.9327731092,0.9339207048,0.9375917768,4937.15859,6947,7127,0.03524229075,0,aps,0,0,,,,
17,0.1,aps_rolling,355,0.9999999977,mass,1000,4,578,506,0.8858131488,0.9051383399,0.9204780727,5147.907115,7072.5,7127,0.02173913043,0,aps,0,0,,,,
17,0.1,aps_rolling,356,0.9999999977,mass,1000,3,548,483,0.9032846715,0.9068322981,0.9109730849,4937.741201,7011,7127,0.01449275362,0,aps,0,0,,,,
17,0.1,aps_rolling,357,0.9999999985,mass,1000,2,406,363,0.9137931034,0.914600551,0.9221763085,4788.00551,6923,7127,0.01652892562,0,aps,0,0,,,,
17,0.1,aps_rolling,358,0.999999997,mass,1000,3,300,276,0.9366666667,0.9311594203,0.9426328502,4461.380435,6402.5,7127,0.01811594203,0,aps,0,0,,,,
17,0.1,aps_rolling,359,0.9999999924,mass,1000,3,330,312,0.9545454545,0.9519230769,0.9610042735,5130.573718,7092.5,7127,0.00641025641,0,aps,0,0,,,,
17,0.1,aps_rolling,360,0.999999946,mass,1000,3,228,214,0.8640350877,0.8691588785,0.8785046729,4088.443925,5358.5,7127,0.03271028037,0,aps,0,0,,,,
17,0.1,aps_rolling,361,0.9999999816,mass,1000,4,246,226,0.8617886179,0.8584070796,0.8679941003,3828.79646,4987,7127,0.03539823009,0,aps,0,0,,,,
17,0.1,aps_rolling,362,0.9999999736,mass,1000,4,620,530,0.8370967742,0.8754716981,0.8950808625,4100.335849,6274.5,7127,0.02641509434,0,aps,0,0,,,,
17,0.1,aps_rolling,363,0.9999999986,mass,1000,3,386,353,0.9041450777,0.9093484419,0.9190273843,4427.764873,6774,7127,0.02549575071,0,aps,0,0,,,,
17,0.1,aps_rolling,364,0.9999999988,mass,1000,2,354,329,0.9011299435,0.8996960486,0.9078014184,4632.56535,6860,7127,0.02127659574,0,aps,0,0,,,,
29,0.1,aps_rolling,292,0.9999941021,mass,1000,3,730,658,0.8876712329,0.9072948328,0.9126139818,4722.613982,6827,7127,0.02279635258,0,aps,0,0,,,,
29,0.1,aps_rolling,293,0.9999945928,mass,1000,2,658,581,0.9103343465,0.9156626506,0.9274239816,4994.919105,6947,7127,0.01893287435,0,aps,0,0,,,,
29,0.1,aps_rolling,294,0.9999951609,mass,1000,2,618,538,0.8673139159,0.8773234201,0.89622057,4871.741636,6891.5,7127,0.02044609665,0,aps,0,0,,,,
29,0.1,aps_rolling,295,0.9999977093,mass,1000,2,666,578,0.9204204204,0.9273356401,0.9408304498,5292.951557,6969,7127,0.01730103806,0,aps,0,0,,,,
29,0.1,aps_rolling,296,0.9999976992,mass,1000,2,516,466,0.8837209302,0.8819742489,0.9022174535,4995.236052,6971,7127,0.01716738197,0,aps,0,0,,,,
29,0.1,aps_rolling,297,0.9999977557,mass,1000,2,292,254,0.8835616438,0.8976377953,0.9081364829,4398.059055,6544,7127,0.03149606299,0,aps,0,0,,,,
29,0.1,aps_rolling,298,0.9999987648,mass,1000,3,252,224,0.9047619048,0.9151785714,0.9259672619,4953.245536,6939,7127,0.03125,0,aps,0,0,,,,
29,0.1,aps_rolling,299,0.9999986943,mass,1000,3,702,615,0.9045584046,0.9170731707,0.9250561363,5060.211382,6952,7127,0.02276422764,0,aps,0,0,,,,
29,0.1,aps_rolling,300,0.9999986871,mass,1000,3,664,573,0.8915662651,0.8935427574,0.9112856312,5115.811518,7026,7127,0.03315881326,0,aps,0,0,,,,
29,0.1,aps_rolling,301,0.999999273,mass,1000,2,616,552,0.9172077922,0.9148550725,0.9213164251,5375.63587,7072.5,7127,0.01630434783,0,aps,0,0,,,,
29,0.1,aps_rolling,302,0.9999978159,mass,1000,2,570,490,0.8543859649,0.8653061224,0.8758309038,4685.759184,6733,7127,0.02448979592,0,aps,0,0,,,,
29,0.1,aps_rolling,303,0.9999994843,mass,1000,2,542,485,0.9188191882,0.9134020619,0.9226116838,5134.94433,7023,7127,0.01030927835,0,aps,0,0,,,,
29,0.1,aps_rolling,304,0.9999993114,mass,1000,2,328,281,0.875,0.871886121,0.8926453144,4948.035587,6968,7127,0.03558718861,0,aps,0,0,,,,
29,0.1,aps_rolling,305,0.9999994534,mass,1000,3,328,295,0.9390243902,0.9423728814,0.9527683616,4780.389831,6950,7127,0.006779661017,0,aps,0,0,,,,
29,0.1,aps_rolling,306,0.9999990434,mass,1000,3,582,513,0.8986254296,0.9161793372,0.926185835,4779.62963,6956,7127,0.0253411306,0,aps,0,0,,,,
29,0.1,aps_rolling,307,0.9999986296,mass,1000,3,588,510,0.887755102,0.9156862745,0.9243464052,5061.907843,6997.5,7127,0.009803921569,0,aps,0,0,,,,
29,0.1,aps_rolling,308,0.9999993556,mass,1000,2,562,497,0.8754448399,0.8853118712,0.8974513749,5009.331992,7045,7127,0.02012072435,0,aps,0,0,,,,
29,0.1,aps_rolling,309,0.9999995512,mass,1000,2,626,535,0.8945686901,0.9102803738,0.9199688474,5302.906542,7072,7127,0.01869158879,0,aps,0,0,,,,
29,0.1,aps_rolling,310,0.9999996746,mass,1000,2,620,527,0.9225806452,0.9278937381,0.9405439595,4843.001898,6953,7127,0.00569259962,0,aps,0,0,,,,
29,0.1,aps_rolling,311,0.999999478,mass,1000,2,438,366,0.8949771689,0.8907103825,0.9134790528,4389.464481,6505.5,7127,0.01912568306,0,aps,0,0,,,,
29,0.1,aps_rolling,312,0.9999994113,mass,1000,2,460,368,0.8586956522,0.8831521739,0.9079968944,4337.75,6406,7127,0.01902173913,0,aps,0,0,,,,
29,0.1,aps_rolling,313,0.9999997215,mass,1000,3,794,641,0.8992443325,0.9079563183,0.922048882,4702.452418,6816,7127,0.01092043682,0,aps,0,0,,,,
29,0.1,aps_rolling,314,0.9999997559,mass,1000,2,678,585,0.901179941,0.9076923077,0.9201465201,4825.48547,6986,7127,0.01367521368,0,aps,0,0,,,,
29,0.1,aps_rolling,315,0.9999997869,mass,1000,2,774,660,0.8953488372,0.896969697,0.9109848485,4856.519697,6935,7127,0.01666666667,0,aps,0,0,,,,
29,0.1,aps_rolling,316,0.9999998874,mass,1000,2,758,622,0.9287598945,0.9276527331,0.9437834941,5363.061093,7061.5,7127,0.01125401929,0,aps,0,0,,,,
29,0.1,aps_rolling,317,0.9999995769,mass,1000,2,630,559,0.8888888889,0.8926654741,0.9107334526,4389.305903,6640,7127,0.03577817531,0,aps,0,0,,,,
29,0.1,aps_rolling,318,0.9999997805,mass,1000,2,342,308,0.9064327485,0.9155844156,0.9231601732,4346.256494,6763.5,7127,0.02597402597,0,aps,0,0,,,,
29,0.1,aps_rolling,319,0.9999997246,mass,1000,3,324,290,0.9290123457,0.9275862069,0.9327586207,4570.872414,6563.5,7127,0.01034482759,0,aps,0,0,,,,
29,0.1,aps_rolling,320,0.9999996892,mass,1000,3,736,646,0.8940217391,0.9117647059,0.9213450292,4883.221362,6977.5,7127,0.01393188854,0,aps,0,0,,,,
29,0.1,aps_rolling,321,0.9999996444,mass,1000,2,680,603,0.9088235294,0.9004975124,0.9137645108,4900.462687,6873,7127,0.02155887231,0,aps,0,0,,,,
29,0.1,aps_rolling,322,0.9999997343,mass,1000,2,668,595,0.9161676647,0.9243697479,0.9257703081,4999.470588,6983,7127,0.02352941176,0,aps,0,0,,,,
29,0.1,aps_rolling,323,0.9999993753,mass,1000,2,668,600,0.875748503,0.8816666667,0.8894444444,4722.87,6823.5,7127,0.02833333333,0,aps,0,0,,,,
29,0.1,aps_rolling,324,0.9999998243,mass,1000,2,796,650,0.8907035176,0.9015384615,0.9218205128,4878.026154,6961.5,7127,0.02307692308,0,aps,0,0,,,,
29,0.1,aps_rolling,325,0.9999998534,mass,1000,2,398,360,0.851758794,0.8611111111,0.8699074074,4450.352778,6751.5,7127,0.03611111111,0,aps,0,0,,,,
29,0.1,aps_rolling,326,0.999999916,mass,1000,2,422,348,0.8578199052,0.8706896552,0.8835009579,4176.844828,6539.5,7127,0.02586206897,0,aps,0,0,,,,
29,0.1,aps_rolling,327,0.9999999605,mass,1000,3,738,621,0.9078590786,0.92431562,0.939828234,5025.917874,7006,7127,0.01288244767,0,aps,0,0,,,,
29,0.1,aps_rolling,328,0.9999999635,mass,1000,2,600,526,0.915,0.9201520913,0.9305178345,5193.541825,7055.5,7127,0.01330798479,0,aps,0,0,,,,
29,0.1,aps_rolling,329,0.9999999383,mass,1000,2,684,599,0.9239766082,0.9265442404,0.9319421258,5072.267112,7030,7127,0.02003338898,0,aps,0,0,,,,
29,0.1,aps_rolling,330,0.9999998631,mass,1000,2,640,580,0.915625,0.9206896552,0.9283045977,4943.258621,6934.5,7127,0.01551724138,0,aps,0,0,,,,
29,0.1,aps_rolling,331,0.9999997754,mass,1000,2,506,474,0.8992094862,0.9050632911,0.9071729958,4707.694093,6879.5,7127,0.0253164557,0,aps,0,0,,,,
29,0.1,aps_rolling,332,0.9999997754,mass,1000,2,318,300,0.8773584906,0.8833333333,0.89,4564.736667,6541,7127,0.03,0,aps,0,0,,,,
29,0.1,aps_rolling,333,0.9999998506,mass,1000,3,342,312,0.8830409357,0.8846153846,0.8942307692,4663.028846,6794,7127,0.01923076923,0,aps,0,0,,,,
29,0.1,aps_rolling,334,0.9999998744,mass,1000,3,700,633,0.8957142857,0.9099526066,0.9167983149,4777.110585,6873,7127,0.0205371248,0,aps,0,0,,,,
29,0.1,aps_rolling,335,0.999999908,mass,1000,2,656,587,0.9131097561,0.9165247019,0.9256104486,4863.124361,6868,7127,0.01873935264,0,aps,0,0,,,,
29,0.1,aps_rolling,336,0.9999998965,mass,1000,2,632,551,0.9066455696,0.9038112523,0.9131881428,4841.284936,6906,7127,0.01451905626,0,aps,0,0,,,,
29,0.1,aps_rolling,337,0.9999998466,mass,1000,2,552,492,0.8804347826,0.8902439024,0.9008807588,4533.593496,6730.5,7127,0.0243902439,0,aps,0,0,,,,
29,0.1,aps_rolling,338,0.9999999534,mass,1000,2,496,457,0.9032258065,0.9168490153,0.9245076586,4963.229759,6941,7127,0.02407002188,0,aps,0,0,,,,
29,0.1,aps_rolling,339,0.9999999497,mass,1000,2,328,297,0.8993902439,0.8922558923,0.8973063973,4757.835017,6680,7127,0.03703703704,0,aps,0,0,,,,
29,0.1,aps_rolling,340,0.9999999497,mass,1000,3,328,303,0.9054878049,0.9174917492,0.9229922992,4992.442244,6893,7127,0.003300330033,0,aps,0,0,,,,
29,0.1,aps_rolling,341,0.9999999278,mass,1000,3,576,519,0.890625,0.9075144509,0.9165703276,4812.720617,6949,7127,0.01541425819,0,aps,0,0,,,,
29,0.1,aps_rolling,342,0.9999999458,mass,1000,3,636,565,0.9088050314,0.9079646018,0.9203539823,4900.254867,6896,7127,0.02300884956,0,aps,0,0,,,,
29,0.1,aps_rolling,343,0.9999999529,mass,1000,2,642,567,0.8831775701,0.8835978836,0.8948265726,5174.194004,7058,7127,0.02116402116,0,aps,0,0,,,,
29,0.1,aps_rolling,344,0.9999999743,mass,1000,2,650,582,0.8846153846,0.8900343643,0.9009163803,4910.829897,6994,7127,0.01890034364,0,aps,0,0,,,,
29,0.1,aps_rolling,345,0.9999999904,mass,1000,2,586,501,0.9215017065,0.9181636727,0.9268130406,5045.411178,7071,7127,0.0119760479,0,aps,0,0,,,,
29,0.1,aps_rolling,346,0.9999999825,mass,1000,2,224,197,0.9330357143,0.9340101523,0.9441624365,4257.071066,6038,7127,0.04060913706,0,aps,0,0,,,,
29,0.1,aps_rolling,347,0.9999999755,mass,1000,3,306,277,0.9019607843,0.9097472924,0.9175691937,4117.34657,6405,7127,0.03610108303,0,aps,0,0,,,,
29,0.1,aps_rolling,348,0.9999999669,mass,1000,3,714,610,0.8907563025,0.8983606557,0.9103825137,4607.893443,6839,7127,0.02950819672,0,aps,0,0,,,,
29,0.1,aps_rolling,349,0.9999999821,mass,1000,2,600,545,0.8933333333,0.8935779817,0.9036697248,4676.06055,6794,7127,0.01100917431,0,aps,0,0,,,,
29,0.1,aps_rolling,350,0.9999999896,mass,1000,2,656,560,0.9039634146,0.8982142857,0.9185119048,4502.308929,6660,7127,0.02142857143,0,aps,0,0,,,,
29,0.1,aps_rolling,351,0.9999999841,mass,1000,2,522,476,0.8544061303,0.8634453782,0.8806022409,4318.002101,6544,7127,0.01890756303,0,aps,0,0,,,,
29,0.1,aps_rolling,352,0.9999999942,mass,1000,2,462,415,0.8852813853,0.9060240964,0.9215863454,4683.879518,6876,7127,0.02409638554,0,aps,0,0,,,,
29,0.1,aps_rolling,353,0.9999999976,mass,1000,3,242,226,0.8801652893,0.8805309735,0.889380531,4452.159292,6770.5,7127,0.01327433628,0,aps,0,0,,,,
29,0.1,aps_rolling,354,0.9999999983,mass,1000,3,238,227,0.9285714286,0.9295154185,0.9339207048,4966.15859,7051,7127,0.01321585903,0,aps,0,0,,,,
29,0.1,aps_rolling,355,0.9999999985,mass,1000,4,578,506,0.8806228374,0.895256917,0.9135610766,5098.913043,7083,7127,0.01581027668,0,aps,0,0,,,,
29,0.1,aps_rolling,356,0.9999999987,mass,1000,3,548,483,0.9142335766,0.9151138716,0.9233954451,4939.436853,7050,7127,0.008281573499,0,aps,0,0,,,,
29,0.1,aps_rolling,357,0.9999999989,mass,1000,2,406,363,0.9162561576,0.91184573,0.923553719,4700.597796,6915,7127,0.01928374656,0,aps,0,0,,,,
29,0.1,aps_rolling,358,0.9999999958,mass,1000,3,300,276,0.9033333333,0.8949275362,0.9118357488,4264.402174,6097.5,7127,0.007246376812,0,aps,0,0,,,,
29,0.1,aps_rolling,359,0.9999999958,mass,1000,3,330,312,0.9575757576,0.9551282051,0.9642094017,5212.211538,7101,7127,0.003205128205,0,aps,0,0,,,,
29,0.1,aps_rolling,360,0.9999999772,mass,1000,3,228,214,0.8815789474,0.8831775701,0.8855140187,4151.308411,5889,7127,0.02336448598,0,aps,0,0,,,,
29,0.1,aps_rolling,361,0.9999999856,mass,1000,4,246,226,0.8455284553,0.8451327434,0.8532448378,3842.619469,5732,7127,0.03539823009,0,aps,0,0,,,,
29,0.1,aps_rolling,362,0.9999999856,mass,1000,4,620,530,0.8435483871,0.879245283,0.8981132075,4201.777358,6229.5,7127,0.04150943396,0,aps,0,0,,,,
29,0.1,aps_rolling,363,0.9999999994,mass,1000,3,386,353,0.9248704663,0.9206798867,0.9322474032,4570.232295,6911,7127,0.01416430595,0,aps,0,0,,,,
29,0.1,aps_rolling,364,0.9999999989,mass,1000,2,354,329,0.906779661,0.9088145897,0.914893617,4660.115502,6762,7127,0.0273556231,0,aps,0,0,,,,
43,0.1,aps_rolling,292,0.9999918093,mass,1000,3,730,658,0.8808219178,0.896656535,0.9034954407,4650.837386,6749.5,7126.3,0.02279635258,0,aps,0,0,,,,
43,0.1,aps_rolling,293,0.9999957671,mass,1000,2,658,581,0.9194528875,0.9191049914,0.9328743546,5039.583477,6960,7127,0.008605851979,0,aps,0,0,,,,
43,0.1,aps_rolling,294,0.9999951554,mass,1000,2,618,538,0.8834951456,0.8828996283,0.9010532838,4844.881041,6904.5,7127,0.02602230483,0,aps,0,0,,,,
43,0.1,aps_rolling,295,0.9999958711,mass,1000,2,666,578,0.9144144144,0.9238754325,0.9341983852,5137.195502,6913,7127,0.02595155709,0,aps,0,0,,,,
43,0.1,aps_rolling,296,0.9999958659,mass,1000,2,516,466,0.8682170543,0.8712446352,0.8886266094,4762.575107,6871.5,7127,0.02575107296,0,aps,0,0,,,,
43,0.1,aps_rolling,297,0.999997782,mass,1000,2,292,254,0.8869863014,0.8858267717,0.9082020997,4393.685039,6478,7127,0.01968503937,0,aps,0,0,,,,
43,0.1,aps_rolling,298,0.9999988256,mass,1000,3,252,224,0.9166666667,0.9196428571,0.935639881,5044.629464,6897,7127,0.02678571429,0,aps,0,0,,,,
43,0.1,aps_rolling,299,0.9999983393,mass,1000,3,702,615,0.905982906,0.9219512195,0.9279055362,4955.281301,6939,7127,0.02276422764,0,aps,0,0,,,,
43,0.1,aps_rolling,300,0.999997922,mass,1000,3,664,573,0.9006024096,0.9057591623,0.925441148,5103.635253,6987,7127,0.03141361257,0,aps,0,0,,,,
43,0.1,aps_rolling,301,0.9999981941,mass,1000,2,616,552,0.9204545455,0.9166666667,0.9264492754,5261.17029,7038,7127,0.01992753623,0,aps,0,0,,,,
43,0.1,aps_rolling,302,0.999996391,mass,1000,2,570,490,0.8649122807,0.8755102041,0.8875121477,4617.881633,6712,7127,0.02448979592,0,aps,0,0,,,,
43,0.1,aps_rolling,303,0.999998301,mass,1000,2,542,485,0.9040590406,0.9010309278,0.9101718213,4826.884536,6946,7127,0.01237113402,0,aps,0,0,,,,
43,0.1,aps_rolling,304,0.9999976698,mass,1000,2,328,281,0.8658536585,0.8754448399,0.900059312,4618.558719,6797,7127,0.02135231317,0,aps,0,0,,,,
43,0.1,aps_rolling,305,0.9999988375,mass,1000,3,328,295,0.9085365854,0.9152542373,0.9307344633,4682.708475,6783,7127,0.01355932203,0,aps,0,0,,,,
43,0.1,aps_rolling,306,0.9999987658,mass,1000,3,582,513,0.8780068729,0.8986354776,0.9138076673,4811.366472,6956,7127,0.0253411306,0,aps,0,0,,,,
43,0.1,aps_rolling,307,0.9999990493,mass,1000,3,588,510,0.8826530612,0.9058823529,0.9182026144,5228.686275,7016.5,7127,0.009803921569,0,aps,0,0,,,,
43,0.1,aps_rolling,308,0.9999993652,mass,1000,2,562,497,0.9056939502,0.9114688129,0.9199195171,4965.444668,7037,7127,0.01609657948,0,aps,0,0,,,,
43,0.1,aps_rolling,309,0.9999992125,mass,1000,2,626,535,0.8945686901,0.9028037383,0.9166978193,5250.973832,7045,7127,0.01121495327,0,aps,0,0,,,,
43,0.1,aps_rolling,310,0.9999992438,mass,1000,2,620,527,0.9225806452,0.9222011385,0.9385831752,4749.322581,6851,7127,0.01328273245,0,aps,0,0,,,,
43,0.1,aps_rolling,311,0.9999984742,mass,1000,2,438,366,0.899543379,0.8852459016,0.9156648452,4165.169399,5706.5,7127,0.0218579235,0,aps,0,0,,,,
43,0.1,aps_rolling,312,0.9999979042,mass,1000,2,460,368,0.8630434783,0.875,0.9031832298,4007.82337,5486.5,7126,0.02445652174,0,aps,0,0,,,,
43,0.1,aps_rolling,313,0.9999991422,mass,1000,3,794,641,0.8702770781,0.8767550702,0.8977379095,4397.279251,6562,7127,0.01716068643,0,aps,0,0,,,,
43,0.1,aps_rolling,314,0.9999997123,mass,1000,2,678,585,0.9056047198,0.9042735043,0.9162189662,4777.246154,6939,7127,0.02564102564,0,aps,0,0,,,,
43,0.1,aps_rolling,315,0.9999997315,mass,1000,2,774,660,0.8966408269,0.9,0.915530303,4863.312121,6943,7127,0.02575757576,0,aps,0,0,,,,
43,0.1,aps_rolling,316,0.999999849,mass,1000,2,758,622,0.9327176781,0.9308681672,0.948017149,5287.514469,7023,7127,0.01607717042,0,aps,0,0,,,,
43,0.1,aps_rolling,317,0.9999989712,mass,1000,2,630,559,0.8698412698,0.8604651163,0.8830053667,4168.502683,6133,7127,0.03398926655,0,aps,0,0,,,,
43,0.1,aps_rolling,318,0.999999696,mass,1000,2,342,308,0.9152046784,0.9123376623,0.9301948052,4319.538961,6654,7127,0.02597402597,0,aps,0,0,,,,
43,0.1,aps_rolling,319,0.9999996598,mass,1000,3,324,290,0.9382716049,0.9344827586,0.9413793103,4510.168966,6525.5,7127,0.01724137931,0,aps,0,0,,,,
43,0.1,aps_rolling,320,0.9999995771,mass,1000,3,736,646,0.8885869565,0.9024767802,0.9116443068,4866.362229,6957.5,7127,0.01857585139,0,aps,0,0,,,,
43,0.1,aps_rolling,321,0.9999995468,mass,1000,2,680,603,0.9044117647,0.8971807629,0.9076838032,4748.212272,6916,7127,0.01326699834,0,aps,0,0,,,,
43,0.1,aps_rolling,322,0.9999997275,mass,1000,2,668,595,0.9116766467,0.9210084034,0.9232492997,4939.54958,6932,7127,0.02352941176,0,aps,0,0,,,,
43,0.1,aps_rolling,323,0.9999994601,mass,1000,2,668,600,0.874251497,0.885,0.895,4781.37,6807,7127,0.01666666667,0,aps,0,0,,,,
43,0.1,aps_rolling,324,0.9999998293,mass,1000,2,796,650,0.8844221106,0.9,0.9213846154,4851.035385,6984.5,7127,0.02153846154,0,aps,0,0,,,,
43,0.1,aps_rolling,325,0.9999998932,mass,1000,2,398,360,0.8768844221,0.8805555556,0.8939814815,4554.102778,6874,7127,0.03333333333,0,aps,0,0,,,,
43,0.1,aps_rolling,326,0.9999999142,mass,1000,2,422,348,0.8625592417,0.8735632184,0.8840996169,4167.600575,6167,7127,0.0316091954,0,aps,0,0,,,,
43,0.1,aps_rolling,327,0.9999999525,mass,1000,3,738,621,0.9051490515,0.9210950081,0.939452496,5075.460548,6991,7127,0.01610305958,0,aps,0,0,,,,
43,0.1,aps_rolling,328,0.9999999556,mass,1000,2,600,526,0.9316666667,0.9353612167,0.9454825276,5138.408745,7064.5,7127,0.01711026616,0,aps,0,0,,,,
43,0.1,aps_rolling,329,0.9999998806,mass,1000,2,684,599,0.9254385965,0.9248747913,0.9333333333,4998.926544,6960,7127,0.01335559265,0,aps,0,0,,,,
43,0.1,aps_rolling,330,0.9999996324,mass,1000,2,640,580,0.8984375,0.9068965517,0.9147988506,4709.25,6776.5,7127,0.01551724138,0,aps,0,0,,,,
43,0.1,aps_rolling,331,0.9999996594,mass,1000,2,506,474,0.9071146245,0.9135021097,0.9161392405,4745.656118,6849.5,7127,0.02320675105,0,aps,0,0,,,,
43,0.1,aps_rolling,332,0.9999997582,mass,1000,2,318,300,0.8962264151,0.9,0.9055555556,4460.136667,6598.5,7127,0.03333333333,0,aps,0,0,,,,
43,0.1,aps_rolling,333,0.9999997366,mass,1000,3,342,312,0.8830409357,0.8846153846,0.8942307692,4573.182692,6729,7127,0.02564102564,0,aps,0,0,,,,
43,0.1,aps_rolling,334,0.9999997855,mass,1000,3,700,633,0.8814285714,0.8957345972,0.9032385466,4683.135861,6768,7127,0.02211690363,0,aps,0,0,,,,
43,0.1,aps_rolling,335,0.9999998823,mass,1000,2,656,587,0.8917682927,0.8875638842,0.9026121522,4790.836457,6826,7127,0.02044293015,0,aps,0,0,,,,
43,0.1,aps_rolling,336,0.9999999362,mass,1000,2,632,551,0.9050632911,0.9038112523,0.9165154265,4989.112523,6981,7127,0.01814882033,0,aps,0,0,,,,
43,0.1,aps_rolling,337,0.9999999057,mass,1000,2,552,492,0.8913043478,0.9024390244,0.9117208672,4671.223577,6898,7127,0.02235772358,0,aps,0,0,,,,
43,0.1,aps_rolling,338,0.9999999227,mass,1000,2,496,457,0.9052419355,0.9146608315,0.9230488694,4860.509847,6932,7127,0.01531728665,0,aps,0,0,,,,
43,0.1,aps_rolling,339,0.9999999121,mass,1000,2,328,297,0.8841463415,0.8821548822,0.8914141414,4679.316498,6690,7127,0.0303030303,0,aps,0,0,,,,
43,0.1,aps_rolling,340,0.9999999256,mass,1000,3,328,303,0.9207317073,0.9306930693,0.9383938394,4891.531353,6911,7127,0.01320132013,0,aps,0,0,,,,
43,0.1,aps_rolling,341,0.9999999058,mass,1000,3,576,519,0.8767361111,0.8863198459,0.8956968529,4739.05395,6880,7127,0.01734104046,0,aps,0,0,,,,
43,0.1,aps_rolling,342,0.9999999305,mass,1000,3,636,565,0.9182389937,0.9203539823,0.9286135693,4875.246018,6816,7127,0.01061946903,0,aps,0,0,,,,
43,0.1,aps_rolling,343,0.9999999192,mass,1000,2,642,567,0.8800623053,0.885361552,0.896590241,5024.940035,6988,7127,0.0176366843,0,aps,0,0,,,,
43,0.1,aps_rolling,344,0.9999999603,mass,1000,2,650,582,0.8846153846,0.8865979381,0.8976231386,4841.747423,6965,7127,0.01546391753,0,aps,0,0,,,,
43,0.1,aps_rolling,345,0.9999999869,mass,1000,2,586,501,0.9197952218,0.9161676647,0.9228210246,5044.630739,7062,7127,0.01996007984,0,aps,0,0,,,,
43,0.1,aps_rolling,346,0.9999999662,mass,1000,2,224,197,0.9151785714,0.9137055838,0.9340101523,4047.269036,5517,7127,0.05076142132,0,aps,0,0,,,,
43,0.1,aps_rolling,347,0.9999999409,mass,1000,3,306,277,0.8790849673,0.8880866426,0.8983152828,3876.916968,5931,7127,0.03971119134,0,aps,0,0,,,,
43,0.1,aps_rolling,348,0.9999999497,mass,1000,3,714,610,0.8949579832,0.9,0.9151639344,4532.477049,6699.5,7127,0.02786885246,0,aps,0,0,,,,
43,0.1,aps_rolling,349,0.999999965,mass,1000,2,600,545,0.8733333333,0.8770642202,0.8856269113,4495.124771,6612,7127,0.02018348624,0,aps,0,0,,,,
43,0.1,aps_rolling,350,0.9999999868,mass,1000,2,656,560,0.8978658537,0.8964285714,0.9095833333,4500.691071,6585,7127,0.025,0,aps,0,0,,,,
43,0.1,aps_rolling,351,0.9999999876,mass,1000,2,522,476,0.867816092,0.8760504202,0.8904061625,4378.695378,6509,7127,0.01890756303,0,aps,0,0,,,,
43,0.1,aps_rolling,352,0.9999999944,mass,1000,2,462,415,0.8852813853,0.8963855422,0.9152610442,4777.031325,6905,7127,0.01927710843,0,aps,0,0,,,,
43,0.1,aps_rolling,353,0.9999999973,mass,1000,3,242,226,0.8842975207,0.8849557522,0.9004424779,4420.035398,6782,7127,0.02654867257,0,aps,0,0,,,,
43,0.1,aps_rolling,354,0.9999999978,mass,1000,3,238,227,0.9285714286,0.9251101322,0.9302496329,4885.127753,6938,7127,0.02202643172,0,aps,0,0,,,,
43,0.1,aps_rolling,355,0.9999999977,mass,1000,4,578,506,0.8961937716,0.9090909091,0.9232778091,5106.735178,7054,7127,0.02173913043,0,aps,0,0,,,,
43,0.1,aps_rolling,356,0.9999999971,mass,1000,3,548,483,0.8959854015,0.900621118,0.9068322981,4849.246377,6987,7127,0.01242236025,0,aps,0,0,,,,
43,0.1,aps_rolling,357,0.9999999978,mass,1000,2,406,363,0.9064039409,0.9063360882,0.915748393,4640.008264,6876,7127,0.01652892562,0,aps,0,0,,,,
43,0.1,aps_rolling,358,0.999999997,mass,1000,3,300,276,0.9133333333,0.9057971014,0.9190821256,4292.072464,6532,7127,0.01449275362,0,aps,0,0,,,,
43,0.1,aps_rolling,359,0.999999997,mass,1000,3,330,312,0.9575757576,0.9551282051,0.9615384615,5194.538462,7095,7127,0.009615384615,0,aps,0,0,,,,
43,0.1,aps_rolling,360,0.9999999836,mass,1000,3,228,214,0.9078947368,0.9112149533,0.9158878505,4168.78972,5896,7127,0.04205607477,0,aps,0,0,,,,
43,0.1,aps_rolling,361,0.9999999839,mass,1000,4,246,226,0.8455284553,0.8362831858,0.8510324484,3729.566372,4068,7127,0.03097345133,0,aps,0,0,,,,
43,0.1,aps_rolling,362,0.9999999835,mass,1000,4,620,530,0.8451612903,0.8886792453,0.9028751123,4187.743396,6422.5,7127,0.03396226415,0,aps,0,0,,,,
43,0.1,aps_rolling,363,0.9999999987,mass,1000,3,386,353,0.9015544041,0.9036827195,0.9138338055,4425.643059,6771,7127,0.02266288952,0,aps,0,0,,,,
43,0.1,aps_rolling,364,0.9999999991,mass,1000,2,354,329,0.8983050847,0.8996960486,0.9088145897,4618.401216,6822,7127,0.0273556231,0,aps,0,0,,,,
59,0.1,aps_rolling,292,0.9999857136,mass,1000,3,730,658,0.8657534247,0.876899696,0.8861195542,4657.673252,6586.5,7126,0.01519756839,0,aps,0,0,,,,
59,0.1,aps_rolling,293,0.9999951344,mass,1000,2,658,581,0.9316109422,0.9380378657,0.9500860585,5211.748709,6963,7127,0.01549053356,0,aps,0,0,,,,
59,0.1,aps_rolling,294,0.9999925275,mass,1000,2,618,538,0.8948220065,0.8921933086,0.9104708798,4907.630112,6893.5,7127,0.01858736059,0,aps,0,0,,,,
59,0.1,aps_rolling,295,0.9999925297,mass,1000,2,666,578,0.9159159159,0.9169550173,0.9291522491,5085.818339,6840.5,7127,0.01730103806,0,aps,0,0,,,,
59,0.1,aps_rolling,296,0.9999923759,mass,1000,2,516,466,0.8875968992,0.8819742489,0.8961373391,4803.092275,6831.5,7127,0.01072961373,0,aps,0,0,,,,
59,0.1,aps_rolling,297,0.9999929519,mass,1000,2,292,254,0.8698630137,0.874015748,0.8850393701,4225.173228,6045.5,7127,0.0157480315,0,aps,0,0,,,,
59,0.1,aps_rolling,298,0.9999958364,mass,1000,3,252,224,0.9126984127,0.9196428571,0.9285714286,4869.464286,6891,7127,0.04464285714,0,aps,0,0,,,,
59,0.1,aps_rolling,299,0.9999949431,mass,1000,3,702,615,0.9017094017,0.9089430894,0.9203871467,4899.912195,6767,7126,0.02276422764,0,aps,0,0,,,,
59,0.1,aps_rolling,300,0.9999951584,mass,1000,3,664,573,0.8930722892,0.9005235602,0.9156486329,5027.619546,6888,7127,0.03490401396,0,aps,0,0,,,,
59,0.1,aps_rolling,301,0.9999971951,mass,1000,2,616,552,0.9253246753,0.9257246377,0.9302536232,5293.26087,6999.5,7127,0.01811594203,0,aps,0,0,,,,
59,0.1,aps_rolling,302,0.9999904803,mass,1000,2,570,490,0.8614035088,0.8612244898,0.8754421769,4474.304082,6399,7126,0.02857142857,0,aps,0,0,,,,
59,0.1,aps_rolling,303,0.9999969296,mass,1000,2,542,485,0.926199262,0.9237113402,0.9305154639,4973.523711,6835,7127,0.01443298969,0,aps,0,0,,,,
59,0.1,aps_rolling,304,0.9999924511,mass,1000,2,328,281,0.875,0.8790035587,0.9027283511,4547.580071,6669,7127,0.01779359431,0,aps,0,0,,,,
59,0.1,aps_rolling,305,0.9999943295,mass,1000,3,328,295,0.9146341463,0.9084745763,0.9253107345,4423.549153,6254,7127,0.01355932203,0,aps,0,0,,,,
59,0.1,aps_rolling,306,0.9999922728,mass,1000,3,582,513,0.8762886598,0.8869395712,0.9044184535,4437.896686,6497,7127,0.02144249513,0,aps,0,0,,,,
59,0.1,aps_rolling,307,0.9999952336,mass,1000,3,588,510,0.8911564626,0.9039215686,0.9133986928,4952.429412,6805,7127,0.009803921569,0,aps,0,0,,,,
59,0.1,aps_rolling,308,0.9999966582,mass,1000,2,562,497,0.8932384342,0.8993963783,0.9104627767,4818.096579,6894,7127,0.02012072435,0,aps,0,0,,,,
59,0.1,aps_rolling,309,0.9999965938,mass,1000,2,626,535,0.8913738019,0.8990654206,0.9103426791,4992.751402,6886,7127,0.01121495327,0,aps,0,0,,,,
59,0.1,aps_rolling,310,0.9999974659,mass,1000,2,620,527,0.9370967742,0.935483871,0.9466476913,4677.624288,6589,7127,0.01707779886,0,aps,0,0,,,,
59,0.1,aps_rolling,311,0.9999945327,mass,1000,2,438,366,0.897260274,0.8852459016,0.9063296903,3886.819672,4962,7126,0.01092896175,0,aps,0,0,,,,
59,0.1,aps_rolling,312,0.9999925217,mass,1000,2,460,368,0.8543478261,0.8614130435,0.8852355072,3778.894022,4656,7124,0.01902173913,0,aps,0,0,,,,
59,0.1,aps_rolling,313,0.9999961862,mass,1000,3,794,641,0.8539042821,0.8533541342,0.8814352574,4196.907956,6035,7127,0.02340093604,0,aps,0,0,,,,
59,0.1,aps_rolling,314,0.9999992357,mass,1000,2,678,585,0.9115044248,0.9042735043,0.9228734229,4667.77265,6838,7127,0.01709401709,0,aps,0,0,,,,
59,0.1,aps_rolling,315,0.9999988482,mass,1000,2,774,660,0.8901808786,0.8909090909,0.9065909091,4673.85,6688.5,7127,0.01818181818,0,aps,0,0,,,,
59,0.1,aps_rolling,316,0.9999994326,mass,1000,2,758,622,0.9327176781,0.9308681672,0.9468381565,5163.803859,6917.5,7127,0.009646302251,0,aps,0,0,,,,
59,0.1,aps_rolling,317,0.9999971371,mass,1000,2,630,559,0.8682539683,0.8640429338,0.8847942755,4064.268336,5855,7125,0.03577817531,0,aps,0,0,,,,
59,0.1,aps_rolling,318,0.9999991042,mass,1000,2,342,308,0.9269005848,0.9285714286,0.9372294372,4267.418831,6080.5,7127,0.01948051948,0,aps,0,0,,,,
59,0.1,aps_rolling,319,0.9999988547,mass,1000,3,324,290,0.9197530864,0.9137931034,0.9206896552,4477.403448,6369,7127,0.01724137931,0,aps,0,0,,,,
59,0.1,aps_rolling,320,0.9999984366,mass,1000,3,736,646,0.902173913,0.9102167183,0.9166924665,4711.832817,6735,7127,0.02786377709,0,aps,0,0,,,,
59,0.1,aps_rolling,321,0.9999982201,mass,1000,2,680,603,0.8926470588,0.8872305141,0.899668325,4579.135987,6589,7127,0.01160862355,0,aps,0,0,,,,
59,0.1,aps_rolling,322,0.9999989672,mass,1000,2,668,595,0.9116766467,0.9159663866,0.9218487395,4804.670588,6769,7127,0.01680672269,0,aps,0,0,,,,
59,0.1,aps_rolling,323,0.999998675,mass,1000,2,668,600,0.8907185629,0.8933333333,0.9052777778,4689.571667,6523.5,7127,0.02166666667,0,aps,0,0,,,,
59,0.1,aps_rolling,324,0.9999991525,mass,1000,2,796,650,0.8743718593,0.8907692308,0.9112051282,4656.072308,6714.5,7127,0.01846153846,0,aps,0,0,,,,
59,0.1,aps_rolling,325,0.9999996956,mass,1000,2,398,360,0.8693467337,0.8722222222,0.8814814815,4502.030556,6529,7127,0.025,0,aps,0,0,,,,
59,0.1,aps_rolling,326,0.9999997809,mass,1000,2,422,348,0.8933649289,0.8908045977,0.9034961686,4090.204023,5898,7127,0.01149425287,0,aps,0,0,,,,
59,0.1,aps_rolling,327,0.9999998979,mass,1000,3,738,621,0.9254742547,0.9291465378,0.9479334407,5076.758454,6925,7127,0.01771336554,0,aps,0,0,,,,
59,0.1,aps_rolling,328,0.9999997738,mass,1000,2,600,526,0.9283333333,0.9239543726,0.9318757921,4926.102662,6920.5,7127,0.005703422053,0,aps,0,0,,,,
59,0.1,aps_rolling,329,0.9999995701,mass,1000,2,684,599,0.9122807018,0.9115191987,0.9186978297,4795.190317,6863,7127,0.01502504174,0,aps,0,0,,,,
59,0.1,aps_rolling,330,0.9999989852,mass,1000,2,640,580,0.8875,0.8913793103,0.8989942529,4571.384483,6520.5,7127,0.02413793103,0,aps,0,0,,,,
59,0.1,aps_rolling,331,0.9999994191,mass,1000,2,506,474,0.9308300395,0.9282700422,0.9338959212,4725.031646,6752,7127,0.02320675105,0,aps,0,0,,,,
59,0.1,aps_rolling,332,0.9999991424,mass,1000,2,318,300,0.9056603774,0.9,0.9088888889,4283.776667,5679,7127,0.02,0,aps,0,0,,,,
59,0.1,aps_rolling,333,0.9999989646,mass,1000,3,342,312,0.8684210526,0.8685897436,0.8798076923,4285.205128,6160,7127,0.02564102564,0,aps,0,0,,,,
59,0.1,aps_rolling,334,0.9999990708,mass,1000,3,700,633,0.8757142857,0.8846761453,0.8934702475,4459.290679,6457,7127,0.02369668246,0,aps,0,0,,,,
59,0.1,aps_rolling,335,0.9999996103,mass,1000,2,656,587,0.8887195122,0.8824531516,0.8990346394,4583.327087,6615,7127,0.01192504259,0,aps,0,0,,,,
59,0.1,aps_rolling,336,0.9999997859,mass,1000,2,632,551,0.9003164557,0.8983666062,0.9095583787,4798.678766,6878,7127,0.005444646098,0,aps,0,0,,,,
59,0.1,aps_rolling,337,0.9999997698,mass,1000,2,552,492,0.8894927536,0.8922764228,0.9014905149,4510.75,6756,7127,0.0162601626,0,aps,0,0,,,,
59,0.1,aps_rolling,338,0.9999999081,mass,1000,2,496,457,0.9072580645,0.9102844639,0.9167031364,4943.5186,6889,7127,0.00875273523,0,aps,0,0,,,,
59,0.1,aps_rolling,339,0.9999998342,mass,1000,2,328,297,0.8963414634,0.8922558923,0.8981481481,4663.771044,6440,7126.4,0.01683501684,0,aps,0,0,,,,
59,0.1,aps_rolling,340,0.9999999077,mass,1000,3,328,303,0.9268292683,0.9339933993,0.9411441144,4952.722772,6762,7127,0.01320132013,0,aps,0,0,,,,
59,0.1,aps_rolling,341,0.9999997439,mass,1000,3,576,519,0.890625,0.901734104,0.9123314066,4702.400771,6724,7127,0.01926782274,0,aps,0,0,,,,
59,0.1,aps_rolling,342,0.9999996849,mass,1000,3,636,565,0.8977987421,0.8955752212,0.9089970501,4675.453097,6647,7127,0.02123893805,0,aps,0,0,,,,
59,0.1,aps_rolling,343,0.9999998607,mass,1000,2,642,567,0.8831775701,0.8906525573,0.8994708995,5100.27866,6968,7127,0.0176366843,0,aps,0,0,,,,
59,0.1,aps_rolling,344,0.9999999137,mass,1000,2,650,582,0.8815384615,0.883161512,0.892325315,4820.219931,6860.5,7127,0.006872852234,0,aps,0,0,,,,
59,0.1,aps_rolling,345,0.999999969,mass,1000,2,586,501,0.9197952218,0.9141716567,0.9184963407,4988.467066,7000,7127,0.0119760479,0,aps,0,0,,,,
59,0.1,aps_rolling,346,0.9999999382,mass,1000,2,224,197,0.8883928571,0.8934010152,0.9010152284,4219.238579,5607,7127,0.03553299492,0,aps,0,0,,,,
59,0.1,aps_rolling,347,0.9999999218,mass,1000,3,306,277,0.9150326797,0.916967509,0.9229843562,3979.476534,5335,7127,0.02527075812,0,aps,0,0,,,,
59,0.1,aps_rolling,348,0.999999865,mass,1000,3,714,610,0.8949579832,0.8983606557,0.9101092896,4392.522951,6595.5,7127,0.02786885246,0,aps,0,0,,,,
59,0.1,aps_rolling,349,0.9999999071,mass,1000,2,600,545,0.8933333333,0.8899082569,0.9027522936,4369.921101,6365,7127,0.01467889908,0,aps,0,0,,,,
59,0.1,aps_rolling,350,0.9999999371,mass,1000,2,656,560,0.875,0.8732142857,0.8941369048,4179.223214,5953,7127,0.025,0,aps,0,0,,,,
59,0.1,aps_rolling,351,0.9999999601,mass,1000,2,522,476,0.8831417625,0.8823529412,0.9051120448,4191.897059,6145.5,7127,0.01680672269,0,aps,0,0,,,,
59,0.1,aps_rolling,352,0.9999999719,mass,1000,2,462,415,0.8896103896,0.8891566265,0.9086345382,4530.814458,6507,7127,0.02168674699,0,aps,0,0,,,,
59,0.1,aps_rolling,353,0.9999999857,mass,1000,3,242,226,0.847107438,0.8451327434,0.8628318584,4276.30531,5980,7127,0.02654867257,0,aps,0,0,,,,
59,0.1,aps_rolling,354,0.9999999914,mass,1000,3,238,227,0.9285714286,0.9295154185,0.9331864905,4833.176211,6861,7127,0.02202643172,0,aps,0,0,,,,
59,0.1,aps_rolling,355,0.9999999909,mass,1000,4,578,506,0.9117647059,0.9051383399,0.9256540561,5010.405138,6934.5,7127,0.01581027668,0,aps,0,0,,,,
59,0.1,aps_rolling,356,0.9999999871,mass,1000,3,548,483,0.8923357664,0.884057971,0.8923395445,4657.153209,6811,7127,0.01863354037,0,aps,0,0,,,,
59,0.1,aps_rolling,357,0.9999999874,mass,1000,2,406,363,0.9187192118,0.9201101928,0.9279155188,4398.997245,6409,7127,0.01652892562,0,aps,0,0,,,,
59,0.1,aps_rolling,358,0.9999999829,mass,1000,3,300,276,0.88,0.8768115942,0.8891908213,3906.652174,5104.5,7127,0.02173913043,0,aps,0,0,,,,
59,0.1,aps_rolling,359,0.9999999888,mass,1000,3,330,312,0.9363636364,0.9391025641,0.9423076923,5096.612179,7089.5,7127,0.00641025641,0,aps,0,0,,,,
59,0.1,aps_rolling,360,0.99999996,mass,1000,3,228,214,0.8684210526,0.8644859813,0.8746105919,3991.028037,5171.5,7127,0.03738317757,0,aps,0,0,,,,
59,0.1,aps_rolling,361,0.9999999834,mass,1000,4,246,226,0.8617886179,0.8539823009,0.8628318584,3779.29646,4711.5,7127,0.02654867257,0,aps,0,0,,,,
59,0.1,aps_rolling,362,0.9999999887,mass,1000,4,620,530,0.8967741935,0.9075471698,0.9209167063,4329.639623,6429,7127,0.01886792453,0,aps,0,0,,,,
59,0.1,aps_rolling,363,0.9999999932,mass,1000,3,386,353,0.8937823834,0.8923512748,0.9027384325,4295.082153,6540,7127,0.03399433428,0,aps,0,0,,,,
59,0.1,aps_rolling,364,0.9999999927,mass,1000,2,354,329,0.9039548023,0.8996960486,0.9062816616,4293.513678,6371,7127,0.02431610942,0,aps,0,0,,,,
71,0.1,aps_rolling,292,0.9999923773,mass,1000,3,730,658,0.8726027397,0.8890577508,0.8969098278,4732.566869,6769,7126,0.01671732523,0,aps,0,0,,,,
71,0.1,aps_rolling,293,0.9999958895,mass,1000,2,658,581,0.9164133739,0.9225473322,0.9343086632,5114.848537,6981,7127,0.01721170396,0,aps,0,0,,,,
71,0.1,aps_rolling,294,0.9999959525,mass,1000,2,618,538,0.8786407767,0.8810408922,0.8977075589,4935.369888,6919.5,7127,0.02044609665,0,aps,0,0,,,,
71,0.1,aps_rolling,295,0.9999978422,mass,1000,2,666,578,0.9129129129,0.9186851211,0.9318915802,5254.811419,6983.5,7127,0.02076124567,0,aps,0,0,,,,
71,0.1,aps_rolling,296,0.9999983199,mass,1000,2,516,466,0.8914728682,0.8905579399,0.9052217454,5058.761803,6958,7127,0.01931330472,0,aps,0,0,,,,
71,0.1,aps_rolling,297,0.9999981576,mass,1000,2,292,254,0.8698630137,0.8779527559,0.8954068241,4511.374016,6473.5,7127,0.0157480315,0,aps,0,0,,,,
71,0.1,aps_rolling,298,0.9999992835,mass,1000,3,252,224,0.9246031746,0.9285714286,0.9360119048,5251.9375,6991,7127,0.02678571429,0,aps,0,0,,,,
71,0.1,aps_rolling,299,0.9999989707,mass,1000,3,702,615,0.9216524217,0.9365853659,0.9463182346,5128.22439,6976,7127,0.02926829268,0,aps,0,0,,,,
71,0.1,aps_rolling,300,0.9999981375,mass,1000,3,664,573,0.9081325301,0.9127399651,0.9300950165,5110.760908,6994,7127,0.03490401396,0,aps,0,0,,,,
71,0.1,aps_rolling,301,0.9999982946,mass,1000,2,616,552,0.9350649351,0.9347826087,0.9399758454,5273.262681,7035,7127,0.02355072464,0,aps,0,0,,,,
71,0.1,aps_rolling,302,0.9999947712,mass,1000,2,570,490,0.8578947368,0.8653061224,0.8775801749,4433.144898,6433,7127,0.02653061224,0,aps,0,0,,,,
71,0.1,aps_rolling,303,0.9999978197,mass,1000,2,542,485,0.9169741697,0.9134020619,0.9205498282,4765.303093,6875,7127,0.01649484536,0,aps,0,0,,,,
71,0.1,aps_rolling,304,0.9999958947,mass,1000,2,328,281,0.8597560976,0.8647686833,0.8834519573,4559.793594,6642,7127,0.02491103203,0,aps,0,0,,,,
71,0.1,aps_rolling,305,0.9999975356,mass,1000,3,328,295,0.9146341463,0.9186440678,0.9307344633,4488.308475,6518,7127,0.02711864407,0,aps,0,0,,,,
71,0.1,aps_rolling,306,0.9999974325,mass,1000,3,582,513,0.8745704467,0.8908382066,0.9042560104,4642.11501,6847,7127,0.03118908382,0,aps,0,0,,,,
71,0.1,aps_rolling,307,0.9999986697,mass,1000,3,588,510,0.9081632653,0.9176470588,0.9312091503,5117.852941,6955.5,7127,0.01568627451,0,aps,0,0,,,,
71,0.1,aps_rolling,308,0.9999986495,mass,1000,2,562,497,0.8950177936,0.8973843058,0.9097920858,4810.682093,6972,7127,0.01207243461,0,aps,0,0,,,,
71,0.1,aps_rolling,309,0.9999986675,mass,1000,2,626,535,0.8817891374,0.8934579439,0.9076635514,5114.998131,7011,7127,0.02056074766,0,aps,0,0,,,,
71,0.1,aps_rolling,310,0.9999994194,mass,1000,2,620,527,0.9161290323,0.9165085389,0.9335863378,4909.206831,6893,7127,0.0284629981,0,aps,0,0,,,,
71,0.1,aps_rolling,311,0.999999127,mass,1000,2,438,366,0.9155251142,0.9043715847,0.9285063752,4352.877049,6296.5,7127,0.03825136612,0,aps,0,0,,,,
71,0.1,aps_rolling,312,0.9999983899,mass,1000,2,460,368,0.8826086957,0.8722826087,0.9083721532,4077.423913,5754,7126,0.02445652174,0,aps,0,0,,,,
71,0.1,aps_rolling,313,0.999998888,mass,1000,3,794,641,0.8778337531,0.8783151326,0.9030681227,4362.569423,6345,7127,0.01716068643,0,aps,0,0,,,,
71,0.1,aps_rolling,314,0.9999995039,mass,1000,2,678,585,0.8982300885,0.8991452991,0.9125152625,4623.811966,6871,7127,0.02905982906,0,aps,0,0,,,,
71,0.1,aps_rolling,315,0.9999996402,mass,1000,2,774,660,0.8888888889,0.8893939394,0.9060858586,4775.356061,6861,7127,0.02575757576,0,aps,0,0,,,,
71,0.1,aps_rolling,316,0.9999998388,mass,1000,2,758,622,0.9221635884,0.922829582,0.9380493033,5301.032154,7008,7127,0.009646302251,0,aps,0,0,,,,
71,0.1,aps_rolling,317,0.9999993148,mass,1000,2,630,559,0.8841269841,0.8801431127,0.9014907573,4336.134168,6296,7127,0.04651162791,0,aps,0,0,,,,
71,0.1,aps_rolling,318,0.9999998011,mass,1000,2,342,308,0.9269005848,0.9285714286,0.9377705628,4488.912338,6692.5,7127,0.02597402597,0,aps,0,0,,,,
71,0.1,aps_rolling,319,0.999999743,mass,1000,3,324,290,0.9290123457,0.924137931,0.9275862069,4557.962069,6621.5,7127,0.02068965517,0,aps,0,0,,,,
71,0.1,aps_rolling,320,0.9999995303,mass,1000,3,736,646,0.90625,0.9164086687,0.9238562092,4855.464396,6924.5,7127,0.01702786378,0,aps,0,0,,,,
71,0.1,aps_rolling,321,0.9999991769,mass,1000,2,680,603,0.8897058824,0.8822553897,0.8955223881,4652.164179,6751,7127,0.01824212272,0,aps,0,0,,,,
71,0.1,aps_rolling,322,0.9999996263,mass,1000,2,668,595,0.9176646707,0.9294117647,0.9308123249,4902.32437,6915,7127,0.02521008403,0,aps,0,0,,,,
71,0.1,aps_rolling,323,0.9999994211,mass,1000,2,668,600,0.9056886228,0.9183333333,0.9233333333,4779.388333,6769,7127,0.025,0,aps,0,0,,,,
71,0.1,aps_rolling,324,0.9999993726,mass,1000,2,796,650,0.8781407035,0.8861538462,0.9118205128,4584.770769,6695.5,7127,0.03076923077,0,aps,0,0,,,,
71,0.1,aps_rolling,325,0.9999996763,mass,1000,2,398,360,0.8618090452,0.8611111111,0.8712962963,4393.875,6610.5,7127,0.02777777778,0,aps,0,0,,,,
71,0.1,aps_rolling,326,0.9999998176,mass,1000,2,422,348,0.8981042654,0.8879310345,0.9043342912,3983.08046,6064.5,7127,0.03448275862,0,aps,0,0,,,,
71,0.1,aps_rolling,327,0.9999998909,mass,1000,3,738,621,0.8943089431,0.9066022544,0.923886205,4884.732689,6949,7127,0.02093397746,0,aps,0,0,,,,
71,0.1,aps_rolling,328,0.999999893,mass,1000,2,600,526,0.9183333333,0.9163498099,0.9297030599,4987.397338,6987.5,7127,0.01711026616,0,aps,0,0,,,,
71,0.1,aps_rolling,329,0.9999998894,mass,1000,2,684,599,0.9049707602,0.9065108514,0.9166388425,5001.298831,6959,7127,0.02170283806,0,aps,0,0,,,,
71,0.1,aps_rolling,330,0.9999997963,mass,1000,2,640,580,0.9078125,0.9155172414,0.9231321839,4907.901724,6895.5,7127,0.01379310345,0,aps,0,0,,,,
71,0.1,aps_rolling,331,0.9999997573,mass,1000,2,506,474,0.9169960474,0.9240506329,0.9272151899,4842.924051,6886.5,7127,0.0253164557,0,aps,0,0,,,,
71,0.1,aps_rolling,332,0.9999996053,mass,1000,2,318,300,0.9056603774,0.9066666667,0.9144444444,4336.6,6189,7127,0.04,0,aps,0,0,,,,
71,0.1,aps_rolling,333,0.9999994789,mass,1000,3,342,312,0.8830409357,0.8846153846,0.8963675214,4373.528846,6483.5,7127,0.04807692308,0,aps,0,0,,,,
71,0.1,aps_rolling,334,0.9999995223,mass,1000,3,700,633,0.9042857143,0.9178515008,0.9239073196,4500.263823,6598,7127,0.04107424961,0,aps,0,0,,,,
71,0.1,aps_rolling,335,0.9999996653,mass,1000,2,656,587,0.8932926829,0.8926746167,0.9082907439,4515.548552,6581,7127,0.02385008518,0,aps,0,0,,,,
71,0.1,aps_rolling,336,0.999999839,mass,1000,2,632,551,0.8987341772,0.8947368421,0.9041137326,4751.141561,6822,7127,0.02177858439,0,aps,0,0,,,,
71,0.1,aps_rolling,337,0.9999998222,mass,1000,2,552,492,0.8858695652,0.8983739837,0.9059620596,4548.020325,6721.5,7127,0.03048780488,0,aps,0,0,,,,
71,0.1,aps_rolling,338,0.9999999294,mass,1000,2,496,457,0.9052419355,0.9234135667,0.928519329,4926.794311,6919,7127,0.01531728665,0,aps,0,0,,,,
71,0.1,aps_rolling,339,0.9999999123,mass,1000,2,328,297,0.8719512195,0.8686868687,0.8790684624,4644.643098,6636,7127,0.03367003367,0,aps,0,0,,,,
71,0.1,aps_rolling,340,0.9999999471,mass,1000,3,328,303,0.9268292683,0.9339933993,0.9438943894,4980.369637,6872,7127,0.01650165017,0,aps,0,0,,,,
71,0.1,aps_rolling,341,0.9999999319,mass,1000,3,576,519,0.90625,0.9210019268,0.9255619782,4839.015414,6855,7127,0.01541425819,0,aps,0,0,,,,
71,0.1,aps_rolling,342,0.9999998959,mass,1000,3,636,565,0.8883647799,0.8814159292,0.896460177,4735.784071,6795,7127,0.02654867257,0,aps,0,0,,,,
71,0.1,aps_rolling,343,0.999999949,mass,1000,2,642,567,0.8987538941,0.9029982363,0.9133450911,5210.936508,7018,7127,0.02116402116,0,aps,0,0,,,,
71,0.1,aps_rolling,344,0.9999999679,mass,1000,2,650,582,0.8861538462,0.8917525773,0.8993413517,4921.357388,6961,7127,0.01890034364,0,aps,0,0,,,,
71,0.1,aps_rolling,345,0.9999999844,mass,1000,2,586,501,0.9197952218,0.9141716567,0.9224883566,4990.123752,7037,7127,0.02994011976,0,aps,0,0,,,,
71,0.1,aps_rolling,346,0.9999999643,mass,1000,2,224,197,0.8839285714,0.8883248731,0.9010152284,4119.751269,5427,7127,0.04568527919,0,aps,0,0,,,,
71,0.1,aps_rolling,347,0.9999999516,mass,1000,3,306,277,0.9019607843,0.9133574007,0.9181708785,3953.541516,5514,7127,0.03971119134,0,aps,0,0,,,,
71,0.1,aps_rolling,348,0.9999999626,mass,1000,3,714,610,0.8879551821,0.8967213115,0.9071038251,4665.736066,6766,7127,0.03278688525,0,aps,0,0,,,,
71,0.1,aps_rolling,349,0.999999974,mass,1000,2,600,545,0.8916666667,0.8935779817,0.9021406728,4602.144954,6743,7127,0.01834862385,0,aps,0,0,,,,
71,0.1,aps_rolling,350,0.9999999889,mass,1000,2,656,560,0.881097561,0.8839285714,0.9049404762,4559.526786,6576,7127,0.03571428571,0,aps,0,0,,,,
71,0.1,aps_rolling,351,0.9999999931,mass,1000,2,522,476,0.8908045977,0.8949579832,0.9068627451,4574.388655,6623.5,7127,0.01680672269,0,aps,0,0,,,,
71,0.1,aps_rolling,352,0.9999999938,mass,1000,2,462,415,0.8896103896,0.9084337349,0.9233935743,4737.621687,6839,7127,0.02891566265,0,aps,0,0,,,,
71,0.1,aps_rolling,353,0.9999999961,mass,1000,3,242,226,0.8760330579,0.8761061947,0.8827433628,4425.588496,6737,7127,0.04867256637,0,aps,0,0,,,,
71,0.1,aps_rolling,354,0.9999999971,mass,1000,3,238,227,0.9159663866,0.9118942731,0.919236417,4877.660793,6876,7127,0.02202643172,0,aps,0,0,,,,
71,0.1,aps_rolling,355,0.9999999973,mass,1000,4,578,506,0.8944636678,0.9090909091,0.9226190476,5109.162055,7048,7127,0.0256916996,0,aps,0,0,,,,
71,0.1,aps_rolling,356,0.9999999974,mass,1000,3,548,483,0.9051094891,0.9047619048,0.9099378882,4902.072464,6989,7127,0.02070393375,0,aps,0,0,,,,
71,0.1,aps_rolling,357,0.9999999974,mass,1000,2,406,363,0.8891625616,0.8898071625,0.9024334252,4526.898072,6777,7127,0.02754820937,0,aps,0,0,,,,
71,0.1,aps_rolling,358,0.9999999976,mass,1000,3,300,276,0.9233333333,0.9202898551,0.9299516908,4354.568841,6542.5,7127,0.02536231884,0,aps,0,0,,,,
71,0.1,aps_rolling,359,0.9999999974,mass,1000,3,330,312,0.9515151515,0.9519230769,0.9551282051,5201.49359,7103.5,7127,0.009615384615,0,aps,0,0,,,,
71,0.1,aps_rolling,360,0.9999999765,mass,1000,3,228,214,0.8903508772,0.8971962617,0.8995327103,3983.336449,5520,7127,0.03271028037,0,aps,0,0,,,,
71,0.1,aps_rolling,361,0.9999999879,mass,1000,4,246,226,0.8577235772,0.8539823009,0.8591445428,3861.628319,5330.5,7127,0.03539823009,0,aps,0,0,,,,
71,0.1,aps_rolling,362,0.9999999724,mass,1000,4,620,530,0.8532258065,0.8830188679,0.9008984726,4076.709434,5983,7127,0.04528301887,0,aps,0,0,,,,
71,0.1,aps_rolling,363,0.9999999984,mass,1000,3,386,353,0.9093264249,0.9093484419,0.921388102,4391.348442,6644,7127,0.04249291785,0,aps,0,0,,,,
71,0.1,aps_rolling,364,0.9999999983,mass,1000,2,354,329,0.9124293785,0.914893617,0.9209726444,4529.568389,6587,7127,0.02431610942,0,aps,0,0,,,,
17,0.1,adaptive_mass_rolling,292,1.208297938,mass,1000,3,730,658,0.8712328767,0.8693009119,0.8741134752,2671.431611,2146,4479,0,0,raps_k50_lam0p0001,50,0.0001,True,raps_k50_lam0p0001,0.8937397035,3011.902832
17,0.1,adaptive_mass_rolling,293,1.2336,mass,1000,2,658,581,0.8799392097,0.8691910499,0.8806655192,2972.626506,2400,4683,0,0,raps_k50_lam0p0001,50,0.0001,True,raps_k50_lam0p0001,0.8937397035,3011.902832
17,0.1,adaptive_mass_rolling,294,1.303350198,mass,1000,2,618,538,0.8867313916,0.8717472119,0.8782527881,3523.894052,3091,4851.5,0,0,raps_k50_lam0p0001,50,0.0001,True,raps_k50_lam0p0001,0.8937397035,3011.902832
17,0.1,adaptive_mass_rolling,295,1.3539,mass,1000,2,666,578,0.9219219219,0.9100346021,0.9123414072,3956.472318,3593,5180,0,0,raps_k50_lam0p0001,50,0.0001,True,raps_k50_lam0p0001,0.8937397035,3011.902832
17,0.1,adaptive_mass_rolling,296,1.288499758,mass,1000,2,516,466,0.9205426357,0.9120171674,0.9130901288,3387.877682,2940.5,4728,0,0,raps_k50_lam0p0001,50,0.0001,True,raps_k50_lam0p0001,0.8937397035,3011.902832
17,0.1,adaptive_mass_rolling,297,1.266864534,mass,1000,2,292,254,0.8767123288,0.8622047244,0.8723753281,3103.129921,2719,4475.4,0,0,raps_k50_lam0p0001,50,0.0001,True,raps_k50_lam0p0001,0.8937397035,3011.902832
17,0.1,adaptive_mass_rolling,298,1.28838328,mass,1000,3,252,224,0.880952381,0.8660714286,0.8738839286,3425.495536,2936,4986.2,0,0,raps_k50_lam0p0001,50,0.0001,True,raps_k50_lam0p0001,0.8937397035,3011.902832
17,0.1,adaptive_mass_rolling,299,1.308822788,mass,1000,3,702,615,0.9287749288,0.918699187,0.9216802168,3467.300813,3142,4643.4,0,0,raps_k50_lam0p0001,50,0.0001,True,raps_k50_lam0p0001,0.8937397035,3011.902832
17,0.1,adaptive_mass_rolling,300,1.247243918,mass,1000,3,664,573,0.8704819277,0.8534031414,0.8650378127,3010.34555,2531,4565.8,0,0,raps_k50_lam0p0001,50,0.0001,True,raps_k50_lam0p0001,0.8937397035,3011.902832
17,0.1,adaptive_mass_rolling,301,1.302597194,mass,1000,2,616,552,0.8668831169,0.8550724638,0.8640700483,3538.342391,3087,4871.9,0,0,raps_k50_lam0p0001,50,0.0001,True,raps_k50_lam0p0001,0.8937397035,3011.902832
17,0.1,adaptive_mass_rolling,302,1.436450071,mass,1000,2,570,490,0.9350877193,0.9285714286,0.9316326531,4658.116327,4415,5465.3,0,0,raps_k50_lam0p0001,50,0.0001,True,raps_k50_lam0p0001,0.8937397035,3011.902832
17,0.1,adaptive_mass_rolling,303,1.376499999,mass,1000,2,542,485,0.8856088561,0.8721649485,0.8793814433,4181.298969,3818,5346.6,0,0,raps_k50_lam0p0001,50,0.0001,True,raps_k50_lam0p0001,0.8937397035,3011.902832
17,0.1,adaptive_mass_rolling,304,1.404915495,mass,1000,2,328,281,0.9298780488,0.9323843416,0.9323843416,4382.729537,4100,5400,0,0,raps_k50_lam0p0001,50,0.0001,True,raps_k50_lam0p0001,0.8937397035,3011.902832
17,0.1,adaptive_mass_rolling,305,1.363552378,mass,1000,3,328,295,0.9329268293,0.9254237288,0.9271186441,3972.376271,3686,5066.6,0,0,raps_k50_lam0p0001,50,0.0001,True,raps_k50_lam0p0001,0.8937397035,3011.902832
17,0.1,adaptive_mass_rolling,306,1.319195111,mass,1000,3,582,513,0.9226804124,0.9122807018,0.9165042235,3616.807018,3244,4954.8,0,0,raps_k50_lam0p0001,50,0.0001,True,raps_k50_lam0p0001,0.8937397035,3011.902832
17,0.1,adaptive_mass_rolling,307,1.236465831,mass,1000,3,588,510,0.8741496599,0.8568627451,0.8635947712,2916.04902,2421,4584.1,0,0,raps_k50_lam0p0001,50,0.0001,True,raps_k50_lam0p0001,0.8937397035,3011.902832
17,0.1,adaptive_mass_rolling,308,1.2911,mass,1000,2,562,497,0.8896797153,0.8772635815,0.8872568746,3437.740443,2966,4923.4,0,0,raps_k50_lam0p0001,50,0.0001,True,raps_k50_lam0p0001,0.8937397035,3011.902832
17,0.1,adaptive_mass_rolling,309,1.341167313,mass,1000,2,626,535,0.9009584665,0.8897196262,0.8968847352,3854.119626,3465,5033.6,0,0,raps_k50_lam0p0001,50,0.0001,True,raps_k50_lam0p0001,0.8937397035,3011.902832
17,0.1,adaptive_mass_rolling,310,1.329789523,mass,1000,2,620,527,0.95,0.9411764706,0.944971537,3661.609108,3349,4854.4,0,0,raps_k50_lam0p0001,50,0.0001,True,raps_k50_lam0p0001,0.8937397035,3011.902832
17,0.1,adaptive_mass_rolling,311,1.189674667,mass,1000,2,438,366,0.899543379,0.8797814208,0.8843351548,2338.882514,1947,3951.5,0,0,raps_k50_lam0p0001,50,0.0001,True,raps_k50_lam0p0001,0.8937397035,3011.902832
17,0.1,adaptive_mass_rolling,312,1.10978799,mass,1000,2,460,368,0.8847826087,0.8586956522,0.8757246377,1559.654891,1148,3192,0,0,raps_k50_lam0p0001,50,0.0001,True,raps_k50_lam0p0001,0.8937397035,3011.902832
17,0.1,adaptive_mass_rolling,313,1.169399999,mass,1000,3,794,641,0.8904282116,0.8658346334,0.8756630265,2228.870515,1745,4102,0,0,raps_k50_lam0p0001,50,0.0001,True,raps_k50_lam0p0001,0.8937397035,3011.902832
17,0.1,adaptive_mass_rolling,314,1.231199827,mass,1000,2,678,585,0.9026548673,0.8871794872,0.8974358974,2757.442735,2363,4218.8,0,0,raps_k50_lam0p0001,50,0.0001,True,raps_k50_lam0p0001,0.8937397035,3011.902832
17,0.1,adaptive_mass_rolling,315,1.194399976,mass,1000,2,774,660,0.8992248062,0.8863636364,0.8988888889,2381.839394,1995,3983.9,0,0,raps_k50_lam0p0001,50,0.0001,True,raps_k50_lam0p0001,0.8937397035,3011.902832
17,0.1,adaptive_mass_rolling,316,1.220364413,mass,1000,2,758,622,0.9023746702,0.8810289389,0.884244373,2708.072347,2256,4387.6,0,0,raps_k50_lam0p0001,50,0.0001,True,raps_k50_lam0p0001,0.8937397035,3011.902832
17,0.1,adaptive_mass_rolling,317,1.2188,mass,1000,2,630,559,0.8920634921,0.8783542039,0.8894156231,2579.63864,2238,4073.4,0,0,raps_k50_lam0p0001,50,0.0001,True,raps_k50_lam0p0001,0.8937397035,3011.902832
17,0.1,adaptive_mass_rolling,318,1.247198187,mass,1000,2,342,308,0.8976608187,0.8863636364,0.8933982684,2888.321429,2522,4253.3,0,0,raps_k50_lam0p0001,50,0.0001,True,raps_k50_lam0p0001,0.8937397035,3011.902832
17,0.1,adaptive_mass_rolling,319,1.298843615,mass,1000,3,324,290,0.9351851852,0.9275862069,0.9275862069,3316.965517,3038,4572.2,0,0,raps_k50_lam0p0001,50,0.0001,True,raps_k50_lam0p0001,0.8937397035,3011.902832
17,0.1,adaptive_mass_rolling,320,1.222197264,mass,1000,3,736,646,0.910326087,0.899380805,0.90500516,2760.756966,2274,4358,0,0,raps_k50_lam0p0001,50,0.0001,True,raps_k50_lam0p0001,0.8937397035,3011.902832
17,0.1,adaptive_mass_rolling,321,1.179095879,mass,1000,2,680,603,0.8970588235,0.8855721393,0.8888888889,2292.746269,1842,3968.8,0,0,raps_k50_lam0p0001,50,0.0001,True,raps_k50_lam0p0001,0.8937397035,3011.902832
17,0.1,adaptive_mass_rolling,322,1.193777231,mass,1000,2,668,595,0.8667664671,0.8521008403,0.8593837535,2459.018487,1989,4223.2,0,0,raps_k50_lam0p0001,50,0.0001,True,raps_k50_lam0p0001,0.8937397035,3011.902832
17,0.1,adaptive_mass_rolling,323,1.2982,mass,1000,2,668,600,0.9011976048,0.895,0.8988888889,3339.728333,3033,4552.2,0,0,raps_k50_lam0p0001,50,0.0001,True,raps_k50_lam0p0001,0.8937397035,3011.902832
17,0.1,adaptive_mass_rolling,324,1.316140665,mass,1000,2,796,650,0.9346733668,0.92,0.9270512821,3504.532308,3212,4609.4,0,0,raps_k50_lam0p0001,50,0.0001,True,raps_k50_lam0p0001,0.8937397035,3011.902832
17,0.1,adaptive_mass_rolling,325,1.171618217,mass,1000,2,398,360,0.8668341709,0.8527777778,0.8597222222,2294.283333,1766,4290.1,0,0,raps_k50_lam0p0001,50,0.0001,True,raps_k50_lam0p0001,0.8937397035,3011.902832
17,0.1,adaptive_mass_rolling,326,1.188006267,mass,1000,2,422,348,0.9526066351,0.9454022989,0.9468390805,2216.41092,1930,3242.5,0,0,raps_k50_lam0p0001,50,0.0001,True,raps_k50_lam0p0001,0.8937397035,3011.902832
17,0.1,adaptive_mass_rolling,327,1.115599924,mass,1000,3,738,621,0.8780487805,0.8566827697,0.8687063875,1751.621578,1206,3726,0,0,raps_k50_lam0p0001,50,0.0001,True,raps_k50_lam0p0001,0.8937397035,3011.902832
17,0.1,adaptive_mass_rolling,328,1.132362754,mass,1000,2,600,526,0.915,0.9049429658,0.9134980989,1852.36692,1374.5,3727.5,0,0,raps_k50_lam0p0001,50,0.0001,True,raps_k50_lam0p0001,0.8937397035,3011.902832
17,0.1,adaptive_mass_rolling,329,1.13499984,mass,1000,2,684,599,0.884502924,0.8747913189,0.8878130217,1949.654424,1401,3975.2,0,0,raps_k50_lam0p0001,50,0.0001,True,raps_k50_lam0p0001,0.8937397035,3011.902832
17,0.1,adaptive_mass_rolling,330,1.158722572,mass,1000,2,640,580,0.9,0.8896551724,0.8948275862,2096.917241,1637,3970.1,0,0,raps_k50_lam0p0001,50,0.0001,True,raps_k50_lam0p0001,0.8937397035,3011.902832
17,0.1,adaptive_mass_rolling,331,1.203376364,mass,1000,2,506,474,0.9051383399,0.8987341772,0.8997890295,2499.554852,2084,4160.4,0,0,raps_k50_lam0p0001,50,0.0001,True,raps_k50_lam0p0001,0.8937397035,3011.902832
17,0.1,adaptive_mass_rolling,332,1.140295596,mass,1000,2,318,300,0.9088050314,0.9033333333,0.9033333333,1943.8,1453,3984.3,0,0,raps_k50_lam0p0001,50,0.0001,True,raps_k50_lam0p0001,0.8937397035,3011.902832
17,0.1,adaptive_mass_rolling,333,1.138906023,mass,1000,3,342,312,0.8771929825,0.8653846154,0.8707264957,1943.971154,1439,3834,0,0,raps_k50_lam0p0001,50,0.0001,True,raps_k50_lam0p0001,0.8937397035,3011.902832
17,0.1,adaptive_mass_rolling,334,1.1627,mass,1000,3,700,633,0.8728571429,0.8641390205,0.8720379147,2128.148499,1677,3972.6,0,0,raps_k50_lam0p0001,50,0.0001,True,raps_k50_lam0p0001,0.8937397035,3011.902832
17,0.1,adaptive_mass_rolling,335,1.233053896,mass,1000,2,656,587,0.887195122,0.8773424191,0.8872799546,2786.396934,2380,4385,0,0,raps_k50_lam0p0001,50,0.0001,True,raps_k50_lam0p0001,0.8937397035,3011.902832
17,0.1,adaptive_mass_rolling,336,1.278865586,mass,1000,2,632,551,0.8734177215,0.8602540835,0.8708711434,3219.292196,2839,4747,0,0,raps_k50_lam0p0001,50,0.0001,True,raps_k50_lam0p0001,0.8937397035,3011.902832
17,0.1,adaptive_mass_rolling,337,1.3531,mass,1000,2,552,492,0.9094202899,0.8983739837,0.9031165312,3843.98374,3581,4861.6,0,0,raps_k50_lam0p0001,50,0.0001,True,raps_k50_lam0p0001,0.8937397035,3011.902832
17,0.1,adaptive_mass_rolling,338,1.341642401,mass,1000,2,496,457,0.9092741935,0.9015317287,0.9077315828,3743.008753,3466,4802.6,0,0,raps_k50_lam0p0001,50,0.0001,True,raps_k50_lam0p0001,0.8937397035,3011.902832
17,0.1,adaptive_mass_rolling,339,1.305290947,mass,1000,2,328,297,0.9054878049,0.9057239057,0.9090909091,3283.824916,3102,3606.2,0,0,raps_k50_lam0p0001,50,0.0001,True,raps_k50_lam0p0001,0.8937397035,3011.902832
17,0.1,adaptive_mass_rolling,340,1.295954325,mass,1000,3,328,303,0.9359756098,0.9306930693,0.9323432343,3290.287129,3009,4494.8,0,0,raps_k50_lam0p0001,50,0.0001,True,raps_k50_lam0p0001,0.8937397035,3011.902832
17,0.1,adaptive_mass_rolling,341,1.243694165,mass,1000,3,576,519,0.859375,0.8458574181,0.8537572254,2854.745665,2487,4381.6,0,0,raps_k50_lam0p0001,50,0.0001,True,raps_k50_lam0p0001,0.8937397035,3011.902832
17,0.1,adaptive_mass_rolling,342,1.296579327,mass,1000,3,636,565,0.9009433962,0.8902654867,0.8982300885,3381.106195,3016,4754.4,0,0,raps_k50_lam0p0001,50,0.0001,True,raps_k50_lam0p0001,0.8937397035,3011.902832
17,0.1,adaptive_mass_rolling,343,1.330863824,mass,1000,2,642,567,0.8971962617,0.885361552,0.8903586126,3709.904762,3359,4917.4,0,0,raps_k50_lam0p0001,50,0.0001,True,raps_k50_lam0p0001,0.8937397035,3011.902832
17,0.1,adaptive_mass_rolling,344,1.316409366,mass,1000,2,650,582,0.8892307692,0.8780068729,0.8834478809,3531.656357,3214,4647.7,0,0,raps_k50_lam0p0001,50,0.0001,True,raps_k50_lam0p0001,0.8937397035,3011.902832
17,0.1,adaptive_mass_rolling,345,1.34779723,mass,1000,2,586,501,0.9300341297,0.9181636727,0.9231536926,3836.556886,3528,5031,0,0,raps_k50_lam0p0001,50,0.0001,True,raps_k50_lam0p0001,0.8937397035,3011.902832
17,0.1,adaptive_mass_rolling,346,1.237,mass,1000,2,224,197,0.9508928571,0.9441624365,0.9467005076,2721.15736,2420,4082,0,0,raps_k50_lam0p0001,50,0.0001,True,raps_k50_lam0p0001,0.8937397035,3011.902832
17,0.1,adaptive_mass_rolling,347,1.170693108,mass,1000,3,306,277,0.908496732,0.8989169675,0.9013237064,2111.079422,1756,3731.8,0,0,raps_k50_lam0p0001,50,0.0001,True,raps_k50_lam0p0001,0.8937397035,3011.902832
17,0.1,adaptive_mass_rolling,348,1.143057679,mass,1000,3,714,610,0.8711484594,0.8508196721,0.856284153,1936.47541,1480,4031.2,0,0,raps_k50_lam0p0001,50,0.0001,True,raps_k50_lam0p0001,0.8937397035,3011.902832
17,0.1,adaptive_mass_rolling,349,1.229280658,mass,1000,2,600,545,0.8983333333,0.8880733945,0.8966360856,2719.754128,2342,4138.2,0,0,raps_k50_lam0p0001,50,0.0001,True,raps_k50_lam0p0001,0.8937397035,3011.902832
17,0.1,adaptive_mass_rolling,350,1.239997893,mass,1000,2,656,560,0.8917682927,0.8767857143,0.8824404762,2739.642857,2449,4017.4,0,0,raps_k50_lam0p0001,50,0.0001,True,raps_k50_lam0p0001,0.8937397035,3011.902832
17,0.1,adaptive_mass_rolling,351,1.27619288,mass,1000,2,522,476,0.8793103448,0.8676470588,0.8707983193,3163.136555,2811,4824.5,0,0,raps_k50_lam0p0001,50,0.0001,True,raps_k50_lam0p0001,0.8937397035,3011.902832
17,0.1,adaptive_mass_rolling,352,1.3337,mass,1000,2,462,415,0.9199134199,0.913253012,0.9172690763,3613.036145,3387,4510.8,0,0,raps_k50_lam0p0001,50,0.0001,True,raps_k50_lam0p0001,0.8937397035,3011.902832
17,0.1,adaptive_mass_rolling,353,1.322109356,mass,1000,3,242,226,0.8801652893,0.8716814159,0.8849557522,3456.048673,3271,4013.5,0,0,raps_k50_lam0p0001,50,0.0001,True,raps_k50_lam0p0001,0.8937397035,3011.902832
17,0.1,adaptive_mass_rolling,354,1.322109356,mass,1000,3,238,227,0.8781512605,0.872246696,0.8766519824,3520.46696,3271,4425,0,0,raps_k50_lam0p0001,50,0.0001,True,raps_k50_lam0p0001,0.8937397035,3011.902832
17,0.1,adaptive_mass_rolling,355,1.32504879,mass,1000,4,578,506,0.8598615917,0.8458498024,0.8561547149,3606.664032,3300,4772.5,0,0,raps_k50_lam0p0001,50,0.0001,True,raps_k50_lam0p0001,0.8937397035,3011.902832
17,0.1,adaptive_mass_rolling,356,1.409714634,mass,1000,3,548,483,0.9343065693,0.9296066253,0.9316770186,4371.838509,4147,5323.6,0,0,raps_k50_lam0p0001,50,0.0001,True,raps_k50_lam0p0001,0.8937397035,3011.902832
17,0.1,adaptive_mass_rolling,357,1.354286569,mass,1000,2,406,363,0.9482758621,0.9504132231,0.9517906336,3744.754821,3592,4293,0,0,raps_k50_lam0p0001,50,0.0001,True,raps_k50_lam0p0001,0.8937397035,3011.902832
17,0.1,adaptive_mass_rolling,358,1.250186396,mass,1000,3,300,276,0.91,0.902173913,0.9039855072,2838.445652,2551,4054,0,0,raps_k50_lam0p0001,50,0.0001,True,raps_k50_lam0p0001,0.8937397035,3011.902832
17,0.1,adaptive_mass_rolling,359,1.223821418,mass,1000,3,330,312,0.9181818182,0.9134615385,0.9166666667,2720.75,2288,4400.2,0,0,raps_k50_lam0p0001,50,0.0001,True,raps_k50_lam0p0001,0.8937397035,3011.902832
17,0.1,adaptive_mass_rolling,360,1.1944,mass,1000,3,228,214,0.9473684211,0.9439252336,0.9462616822,2271.588785,1994,3156.1,0,0,raps_k50_lam0p0001,50,0.0001,True,raps_k50_lam0p0001,0.8937397035,3011.902832
17,0.1,adaptive_mass_rolling,361,1.170730385,mass,1000,4,246,226,0.8739837398,0.8628318584,0.8672566372,2055.022124,1757,3169,0,0,raps_k50_lam0p0001,50,0.0001,True,raps_k50_lam0p0001,0.8937397035,3011.902832
17,0.1,adaptive_mass_rolling,362,1.1784,mass,1000,4,620,530,0.8951612903,0.879245283,0.8877358491,2189.850943,1834,3845,0,0,raps_k50_lam0p0001,50,0.0001,True,raps_k50_lam0p0001,0.8937397035,3011.902832
17,0.1,adaptive_mass_rolling,363,1.197404271,mass,1000,3,386,353,0.8575129534,0.8526912181,0.8541076487,2355.29745,2024,3766.8,0,0,raps_k50_lam0p0001,50,0.0001,True,raps_k50_lam0p0001,0.8937397035,3011.902832
17,0.1,adaptive_mass_rolling,364,1.262311006,mass,1000,2,354,329,0.895480226,0.8875379939,0.8920972644,2939.954407,2673,4062,0,0,raps_k50_lam0p0001,50,0.0001,True,raps_k50_lam0p0001,0.8937397035,3011.902832
29,0.1,adaptive_mass_rolling,292,1.228023564,mass,1000,3,730,658,0.8753424658,0.8738601824,0.8799392097,2844.133739,2338.5,4532.6,0,0,raps_k50_lam0p0001,50,0.0001,True,raps_k50_lam0p0001,0.8998352554,3187.429206
29,0.1,adaptive_mass_rolling,293,1.269114102,mass,1000,2,658,581,0.8753799392,0.8674698795,0.8769363167,3262.936317,2754,4827,0,0,raps_k50_lam0p0001,50,0.0001,True,raps_k50_lam0p0001,0.8998352554,3187.429206
29,0.1,adaptive_mass_rolling,294,1.323286562,mass,1000,2,618,538,0.8899676375,0.875464684,0.8801115242,3679.005576,3288,4935.2,0,0,raps_k50_lam0p0001,50,0.0001,True,raps_k50_lam0p0001,0.8998352554,3187.429206
29,0.1,adaptive_mass_rolling,295,1.373104843,mass,1000,2,666,578,0.9234234234,0.9117647059,0.9158016148,4114.271626,3784,5260.9,0,0,raps_k50_lam0p0001,50,0.0001,True,raps_k50_lam0p0001,0.8998352554,3187.429206
29,0.1,adaptive_mass_rolling,296,1.297595997,mass,1000,2,516,466,0.9127906977,0.9034334764,0.9059370529,3460.081545,3033,4791,0,0,raps_k50_lam0p0001,50,0.0001,True,raps_k50_lam0p0001,0.8998352554,3187.429206
29,0.1,adaptive_mass_rolling,297,1.274099981,mass,1000,2,292,254,0.8732876712,0.8582677165,0.8704068241,3164.968504,2792,4575.4,0,0,raps_k50_lam0p0001,50,0.0001,True,raps_k50_lam0p0001,0.8998352554,3187.429206
29,0.1,adaptive_mass_rolling,298,1.29759683,mass,1000,3,252,224,0.880952381,0.8660714286,0.8779761905,3514.058036,3028.5,5103.8,0,0,raps_k50_lam0p0001,50,0.0001,True,raps_k50_lam0p0001,0.8998352554,3187.429206
29,0.1,adaptive_mass_rolling,299,1.322343495,mass,1000,3,702,615,0.9373219373,0.9284552846,0.9300813008,3576.786992,3276,4692,0,0,raps_k50_lam0p0001,50,0.0001,True,raps_k50_lam0p0001,0.8998352554,3187.429206
29,0.1,adaptive_mass_rolling,300,1.217899867,mass,1000,3,664,573,0.8659638554,0.8481675393,0.8586387435,2744.226876,2237,4426.4,0,0,raps_k50_lam0p0001,50,0.0001,True,raps_k50_lam0p0001,0.8998352554,3187.429206
29,0.1,adaptive_mass_rolling,301,1.258878791,mass,1000,2,616,552,0.8538961039,0.8405797101,0.8547101449,3146.838768,2649,4653.5,0,0,raps_k50_lam0p0001,50,0.0001,True,raps_k50_lam0p0001,0.8998352554,3187.429206
29,0.1,adaptive_mass_rolling,302,1.406139476,mass,1000,2,570,490,0.9122807018,0.9040816327,0.9102040816,4388.485714,4112,5336.5,0,0,raps_k50_lam0p0001,50,0.0001,True,raps_k50_lam0p0001,0.8998352554,3187.429206
29,0.1,adaptive_mass_rolling,303,1.395240253,mass,1000,2,542,485,0.8985239852,0.8865979381,0.8907216495,4329.247423,4004,5455.4,0,0,raps_k50_lam0p0001,50,0.0001,True,raps_k50_lam0p0001,0.8998352554,3187.429206
29,0.1,adaptive_mass_rolling,304,1.384042939,mass,1000,2,328,281,0.9237804878,0.9252669039,0.9270462633,4187.067616,3891,5355,0,0,raps_k50_lam0p0001,50,0.0001,True,raps_k50_lam0p0001,0.8998352554,3187.429206
29,0.1,adaptive_mass_rolling,305,1.336519337,mass,1000,3,328,295,0.9512195122,0.9457627119,0.9457627119,3730.135593,3416,4960.6,0,0,raps_k50_lam0p0001,50,0.0001,True,raps_k50_lam0p0001,0.8998352554,3187.429206
29,0.1,adaptive_mass_rolling,306,1.264292325,mass,1000,3,582,513,0.8969072165,0.8849902534,0.8931124107,3128.015595,2695,4641.4,0,0,raps_k50_lam0p0001,50,0.0001,True,raps_k50_lam0p0001,0.8998352554,3187.429206
29,0.1,adaptive_mass_rolling,307,1.187699777,mass,1000,3,588,510,0.8673469388,0.8470588235,0.8561437908,2491.368627,1933,4405,0,0,raps_k50_lam0p0001,50,0.0001,True,raps_k50_lam0p0001,0.8998352554,3187.429206
29,0.1,adaptive_mass_rolling,308,1.2965,mass,1000,2,562,497,0.8861209964,0.8752515091,0.8816230718,3482.287726,3020,4919.8,0,0,raps_k50_lam0p0001,50,0.0001,True,raps_k50_lam0p0001,0.8998352554,3187.429206
29,0.1,adaptive_mass_rolling,309,1.366499844,mass,1000,2,626,535,0.9121405751,0.9028037383,0.9046728972,4080.373832,3718,5178.8,0,0,raps_k50_lam0p0001,50,0.0001,True,raps_k50_lam0p0001,0.8998352554,3187.429206
29,0.1,adaptive_mass_rolling,310,1.341216149,mass,1000,2,620,527,0.95,0.9411764706,0.9421252372,3762.98482,3462,4916.4,0,0,raps_k50_lam0p0001,50,0.0001,True,raps_k50_lam0p0001,0.8998352554,3187.429206
29,0.1,adaptive_mass_rolling,311,1.155228988,mass,1000,2,438,366,0.9086757991,0.8907103825,0.9011839709,2023.456284,1602,3786.5,0,0,raps_k50_lam0p0001,50,0.0001,True,raps_k50_lam0p0001,0.8998352554,3187.429206
29,0.1,adaptive_mass_rolling,312,1.121967396,mass,1000,2,460,368,0.9173913043,0.8994565217,0.914673913,1669.220109,1270,3145.1,0,0,raps_k50_lam0p0001,50,0.0001,True,raps_k50_lam0p0001,0.8998352554,3187.429206
29,0.1,adaptive_mass_rolling,313,1.09269983,mass,1000,3,794,641,0.8916876574,0.8689547582,0.87925117,1540.074883,978,3668,0,0,raps_k50_lam0p0001,50,0.0001,True,raps_k50_lam0p0001,0.8998352554,3187.429206
29,0.1,adaptive_mass_rolling,314,1.114499821,mass,1000,2,678,585,0.918879056,0.905982906,0.915995116,1704.529915,1197,3587,0,0,raps_k50_lam0p0001,50,0.0001,True,raps_k50_lam0p0001,0.8998352554,3187.429206
29,0.1,adaptive_mass_rolling,315,1.072499773,mass,1000,2,774,660,0.8746770026,0.8606060606,0.8742676768,1267.75303,777,3420.2,0,0,raps_k50_lam0p0001,50,0.0001,True,raps_k50_lam0p0001,0.8998352554,3187.429206
29,0.1,adaptive_mass_rolling,316,1.13,mass,1000,2,758,622,0.8865435356,0.8617363344,0.866505895,1892.327974,1353,3945.1,0,0,raps_k50_lam0p0001,50,0.0001,True,raps_k50_lam0p0001,0.8998352554,3187.429206
29,0.1,adaptive_mass_rolling,317,1.209818882,mass,1000,2,630,559,0.8873015873,0.8729874776,0.8840488968,2480.028623,2148,4004.8,0,0,raps_k50_lam0p0001,50,0.0001,True,raps_k50_lam0p0001,0.8998352554,3187.429206
29,0.1,adaptive_mass_rolling,318,1.29439561,mass,1000,2,342,308,0.9356725146,0.9285714286,0.9301948052,3301.418831,2994,4557.1,0,0,raps_k50_lam0p0001,50,0.0001,True,raps_k50_lam0p0001,0.8998352554,3187.429206
29,0.1,adaptive_mass_rolling,319,1.252799804,mass,1000,3,324,290,0.9320987654,0.924137931,0.924137931,2896.493103,2578,4382.6,0,0,raps_k50_lam0p0001,50,0.0001,True,raps_k50_lam0p0001,0.8998352554,3187.429206
29,0.1,adaptive_mass_rolling,320,1.14621338,mass,1000,3,736,646,0.8722826087,0.8606811146,0.8691434469,2079.806502,1514,4007.5,0,0,raps_k50_lam0p0001,50,0.0001,True,raps_k50_lam0p0001,0.8998352554,3187.429206
29,0.1,adaptive_mass_rolling,321,1.253899644,mass,1000,2,680,603,0.9088235294,0.9004975124,0.9063018242,2953.626866,2589,4231.8,0,0,raps_k50_lam0p0001,50,0.0001,True,raps_k50_lam0p0001,0.8998352554,3187.429206
29,0.1,adaptive_mass_rolling,322,1.255099591,mass,1000,2,668,595,0.8892215569,0.8773109244,0.8829131653,2999.329412,2602,4504.6,0,0,raps_k50_lam0p0001,50,0.0001,True,raps_k50_lam0p0001,0.8998352554,3187.429206
29,0.1,adaptive_mass_rolling,323,1.27152622,mass,1000,2,668,600,0.8982035928,0.8933333333,0.8994444444,3097.906667,2766,4428,0,0,raps_k50_lam0p0001,50,0.0001,True,raps_k50_lam0p0001,0.8998352554,3187.429206
29,0.1,adaptive_mass_rolling,324,1.278400604,mass,1000,2,796,650,0.9434673367,0.9307692308,0.9353846154,3159.615385,2834,4319.8,0,0,raps_k50_lam0p0001,50,0.0001,True,raps_k50_lam0p0001,0.8998352554,3187.429206
29,0.1,adaptive_mass_rolling,325,1.111721661,mass,1000,2,398,360,0.8618090452,0.8472222222,0.8541666667,1765.430556,1167,4055.6,0,0,raps_k50_lam0p0001,50,0.0001,True,raps_k50_lam0p0001,0.8998352554,3187.429206
29,0.1,adaptive_mass_rolling,326,1.142879266,mass,1000,2,422,348,0.9289099526,0.9166666667,0.9202586207,1806.577586,1478,2990.6,0,0,raps_k50_lam0p0001,50,0.0001,True,raps_k50_lam0p0001,0.8998352554,3187.429206
29,0.1,adaptive_mass_rolling,327,1.13404678,mass,1000,3,738,621,0.8902439024,0.8727858293,0.8866344605,1914.062802,1391,3819,0,0,raps_k50_lam0p0001,50,0.0001,True,raps_k50_lam0p0001,0.8998352554,3187.429206
29,0.1,adaptive_mass_rolling,328,1.134499998,mass,1000,2,600,526,0.9083333333,0.8954372624,0.9008238276,1851.558935,1395,3629.5,0,0,raps_k50_lam0p0001,50,0.0001,True,raps_k50_lam0p0001,0.8998352554,3187.429206
29,0.1,adaptive_mass_rolling,329,1.142189775,mass,1000,2,684,599,0.8874269006,0.878130217,0.8900389538,2012.202003,1472,3963.4,0,0,raps_k50_lam0p0001,50,0.0001,True,raps_k50_lam0p0001,0.8998352554,3187.429206
29,0.1,adaptive_mass_rolling,330,1.156994608,mass,1000,2,640,580,0.9078125,0.8982758621,0.9017241379,2071.225862,1620,3960.7,0,0,raps_k50_lam0p0001,50,0.0001,True,raps_k50_lam0p0001,0.8998352554,3187.429206
29,0.1,adaptive_mass_rolling,331,1.152899999,mass,1000,2,506,474,0.8873517787,0.8797468354,0.8818565401,2058.443038,1579,3898.9,0,0,raps_k50_lam0p0001,50,0.0001,True,raps_k50_lam0p0001,0.8998352554,3187.429206
29,0.1,adaptive_mass_rolling,332,1.154056394,mass,1000,2,318,300,0.9088050314,0.9033333333,0.9033333333,2047.173333,1590,3907.7,0,0,raps_k50_lam0p0001,50,0.0001,True,raps_k50_lam0p0001,0.8998352554,3187.429206
29,0.1,adaptive_mass_rolling,333,1.154056394,mass,1000,3,342,312,0.8771929825,0.8653846154,0.8707264957,2079.310897,1591,3913.5,0,0,raps_k50_lam0p0001,50,0.0001,True,raps_k50_lam0p0001,0.8998352554,3187.429206
29,0.1,adaptive_mass_rolling,334,1.192473723,mass,1000,3,700,633,0.8871428571,0.8799368088,0.8854660348,2398.734597,1975,4154.8,0,0,raps_k50_lam0p0001,50,0.0001,True,raps_k50_lam0p0001,0.8998352554,3187.429206
29,0.1,adaptive_mass_rolling,335,1.255961866,mass,1000,2,656,587,0.8978658537,0.8875638842,0.8966496309,2990.998296,2609,4490.6,0,0,raps_k50_lam0p0001,50,0.0001,True,raps_k50_lam0p0001,0.8998352554,3187.429206
29,0.1,adaptive_mass_rolling,336,1.252712188,mass,1000,2,632,551,0.8433544304,0.8294010889,0.8422867514,2983.30127,2577,4634,0,0,raps_k50_lam0p0001,50,0.0001,True,raps_k50_lam0p0001,0.8998352554,3187.429206
29,0.1,adaptive_mass_rolling,337,1.342088906,mass,1000,2,552,492,0.9094202899,0.8983739837,0.9007452575,3743.006098,3471,4828,0,0,raps_k50_lam0p0001,50,0.0001,True,raps_k50_lam0p0001,0.8998352554,3187.429206
29,0.1,adaptive_mass_rolling,338,1.344099999,mass,1000,2,496,457,0.872983871,0.8687089716,0.8755652808,3762.308534,3491,4833,0,0,raps_k50_lam0p0001,50,0.0001,True,raps_k50_lam0p0001,0.8998352554,3187.429206
29,0.1,adaptive_mass_rolling,339,1.373480112,mass,1000,2,328,297,0.9115853659,0.9124579125,0.9180695847,3920.316498,3784,4160.2,0,0,raps_k50_lam0p0001,50,0.0001,True,raps_k50_lam0p0001,0.8998352554,3187.429206
29,0.1,adaptive_mass_rolling,340,1.3687,mass,1000,3,328,303,0.9176829268,0.9108910891,0.9108910891,3957.29703,3737,4900.2,0,0,raps_k50_lam0p0001,50,0.0001,True,raps_k50_lam0p0001,0.8998352554,3187.429206
29,0.1,adaptive_mass_rolling,341,1.352745463,mass,1000,3,576,519,0.9340277778,0.9267822736,0.9287090559,3838.583815,3577,4955.2,0,0,raps_k50_lam0p0001,50,0.0001,True,raps_k50_lam0p0001,0.8998352554,3187.429206
29,0.1,adaptive_mass_rolling,342,1.252898611,mass,1000,3,636,565,0.8946540881,0.8831858407,0.8923303835,2992.4,2579,4526.8,0,0,raps_k50_lam0p0001,50,0.0001,True,raps_k50_lam0p0001,0.8998352554,3187.429206
29,0.1,adaptive_mass_rolling,343,1.262917143,mass,1000,2,642,567,0.8551401869,0.8430335097,0.8530570253,3107.31746,2679,4616.4,0,0,raps_k50_lam0p0001,50,0.0001,True,raps_k50_lam0p0001,0.8998352554,3187.429206
29,0.1,adaptive_mass_rolling,344,1.358847242,mass,1000,2,650,582,0.9076923077,0.8969072165,0.8994845361,3917.938144,3638,4953.7,0,0,raps_k50_lam0p0001,50,0.0001,True,raps_k50_lam0p0001,0.8998352554,3187.429206
29,0.1,adaptive_mass_rolling,345,1.352287651,mass,1000,2,586,501,0.9197952218,0.9061876248,0.9101796407,3876.271457,3573,5087,0,0,raps_k50_lam0p0001,50,0.0001,True,raps_k50_lam0p0001,0.8998352554,3187.429206
29,0.1,adaptive_mass_rolling,346,1.322307301,mass,1000,2,224,197,0.9375,0.9289340102,0.9365482234,3524.639594,3273,4620.2,0,0,raps_k50_lam0p0001,50,0.0001,True,raps_k50_lam0p0001,0.8998352554,3187.429206
29,0.1,adaptive_mass_rolling,347,1.24542026,mass,1000,3,306,277,0.9248366013,0.916967509,0.9193742479,2801.971119,2504,4133.8,0,0,raps_k50_lam0p0001,50,0.0001,True,raps_k50_lam0p0001,0.8998352554,3187.429206
29,0.1,adaptive_mass_rolling,348,1.202498156,mass,1000,3,714,610,0.8893557423,0.8704918033,0.8759562842,2474.211475,2075,4268.1,0,0,raps_k50_lam0p0001,50,0.0001,True,raps_k50_lam0p0001,0.8998352554,3187.429206
29,0.1,adaptive_mass_rolling,349,1.244714936,mass,1000,2,600,545,0.8866666667,0.8752293578,0.880733945,2844.963303,2497,4197.6,0,0,raps_k50_lam0p0001,50,0.0001,True,raps_k50_lam0p0001,0.8998352554,3187.429206
29,0.1,adaptive_mass_rolling,350,1.2821,mass,1000,2,656,560,0.8902439024,0.8767857143,0.8833333333,3130.794643,2871,4265.4,0,0,raps_k50_lam0p0001,50,0.0001,True,raps_k50_lam0p0001,0.8998352554,3187.429206
29,0.1,adaptive_mass_rolling,351,1.302498749,mass,1000,2,522,476,0.8869731801,0.8760504202,0.8771008403,3393.394958,3075,4892.5,0,0,raps_k50_lam0p0001,50,0.0001,True,raps_k50_lam0p0001,0.8998352554,3187.429206
29,0.1,adaptive_mass_rolling,352,1.306299998,mass,1000,2,462,415,0.9242424242,0.9204819277,0.9240963855,3361.077108,3113,4423.2,0,0,raps_k50_lam0p0001,50,0.0001,True,raps_k50_lam0p0001,0.8998352554,3187.429206
29,0.1,adaptive_mass_rolling,353,1.292794435,mass,1000,3,242,226,0.9008264463,0.8938053097,0.8982300885,3188.530973,2977,3956.5,0,0,raps_k50_lam0p0001,50,0.0001,True,raps_k50_lam0p0001,0.8998352554,3187.429206
29,0.1,adaptive_mass_rolling,354,1.278699992,mass,1000,3,238,227,0.8781512605,0.872246696,0.872246696,3115.38326,2837,4158,0,0,raps_k50_lam0p0001,50,0.0001,True,raps_k50_lam0p0001,0.8998352554,3187.429206
29,0.1,adaptive_mass_rolling,355,1.270532232,mass,1000,4,578,506,0.8321799308,0.8241106719,0.8407679277,3120.381423,2755,4462.5,0,0,raps_k50_lam0p0001,50,0.0001,True,raps_k50_lam0p0001,0.8998352554,3187.429206
29,0.1,adaptive_mass_rolling,356,1.42054263,mass,1000,3,548,483,0.9251824818,0.9192546584,0.9213250518,4465.693582,4255,5417.2,0,0,raps_k50_lam0p0001,50,0.0001,True,raps_k50_lam0p0001,0.8998352554,3187.429206
29,0.1,adaptive_mass_rolling,357,1.385848205,mass,1000,2,406,363,0.9310344828,0.9283746556,0.9325068871,4038.082645,3908,4353.4,0,0,raps_k50_lam0p0001,50,0.0001,True,raps_k50_lam0p0001,0.8998352554,3187.429206
29,0.1,adaptive_mass_rolling,358,1.309289591,mass,1000,3,300,276,0.9133333333,0.9057971014,0.9076086957,3381.855072,3142,4453,0,0,raps_k50_lam0p0001,50,0.0001,True,raps_k50_lam0p0001,0.8998352554,3187.429206
29,0.1,adaptive_mass_rolling,359,1.297290711,mass,1000,3,330,312,0.9242424242,0.9198717949,0.921474359,3378.259615,3023,4746.9,0,0,raps_k50_lam0p0001,50,0.0001,True,raps_k50_lam0p0001,0.8998352554,3187.429206
29,0.1,adaptive_mass_rolling,360,1.2596,mass,1000,3,228,214,0.9298245614,0.9252336449,0.9275700935,2885.219626,2646,3867.4,0,0,raps_k50_lam0p0001,50,0.0001,True,raps_k50_lam0p0001,0.8998352554,3187.429206
29,0.1,adaptive_mass_rolling,361,1.167797673,mass,1000,4,246,226,0.8861788618,0.8761061947,0.8827433628,2012.668142,1727,3178,0,0,raps_k50_lam0p0001,50,0.0001,True,raps_k50_lam0p0001,0.8998352554,3187.429206
29,0.1,adaptive_mass_rolling,362,1.156398052,mass,1000,4,620,530,0.8838709677,0.8679245283,0.8754716981,1974.328302,1613,3837.3,0,0,raps_k50_lam0p0001,50,0.0001,True,raps_k50_lam0p0001,0.8998352554,3187.429206
29,0.1,adaptive_mass_rolling,363,1.2748,mass,1000,3,386,353,0.8937823834,0.8866855524,0.8899905571,3073.325779,2798,4380.4,0,0,raps_k50_lam0p0001,50,0.0001,True,raps_k50_lam0p0001,0.8998352554,3187.429206
29,0.1,adaptive_mass_rolling,364,1.3025,mass,1000,2,354,329,0.9209039548,0.914893617,0.9179331307,3314.306991,3075,4388.8,0,0,raps_k50_lam0p0001,50,0.0001,True,raps_k50_lam0p0001,0.8998352554,3187.429206
43,0.1,adaptive_mass_rolling,292,1.156800965,mass,1000,3,730,658,0.8424657534,0.8404255319,0.8482776089,2210.092705,1628,4255.4,0,0,raps_k50_lam0p0001,50,0.0001,True,raps_k50_lam0p0001,0.8962108731,3128.912641
43,0.1,adaptive_mass_rolling,293,1.308194874,mass,1000,2,658,581,0.8890577508,0.8829604131,0.8930005737,3599.492255,3142,5027,0,0,raps_k50_lam0p0001,50,0.0001,True,raps_k50_lam0p0001,0.8962108731,3128.912641
43,0.1,adaptive_mass_rolling,294,1.356154712,mass,1000,2,618,538,0.9093851133,0.8977695167,0.9033457249,3965.446097,3616,5143.9,0,0,raps_k50_lam0p0001,50,0.0001,True,raps_k50_lam0p0001,0.8962108731,3128.912641
43,0.1,adaptive_mass_rolling,295,1.338976426,mass,1000,2,666,578,0.9324324324,0.9221453287,0.9230103806,3802.128028,3445,5077.3,0,0,raps_k50_lam0p0001,50,0.0001,True,raps_k50_lam0p0001,0.8962108731,3128.912641
43,0.1,adaptive_mass_rolling,296,1.250689221,mass,1000,2,516,466,0.8992248062,0.8884120172,0.8909155937,3030.660944,2563,4551.5,0,0,raps_k50_lam0p0001,50,0.0001,True,raps_k50_lam0p0001,0.8962108731,3128.912641
43,0.1,adaptive_mass_rolling,297,1.248623626,mass,1000,2,292,254,0.8595890411,0.842519685,0.8602362205,2935.259843,2537,4269.4,0,0,raps_k50_lam0p0001,50,0.0001,True,raps_k50_lam0p0001,0.8962108731,3128.912641
43,0.1,adaptive_mass_rolling,298,1.300546542,mass,1000,3,252,224,0.8611111111,0.84375,0.8567708333,3531.696429,3057,5063.4,0,0,raps_k50_lam0p0001,50,0.0001,True,raps_k50_lam0p0001,0.8962108731,3128.912641
43,0.1,adaptive_mass_rolling,299,1.37879937,mass,1000,3,702,615,0.9387464387,0.9300813008,0.9300813008,4084.769106,3840,5032,0,0,raps_k50_lam0p0001,50,0.0001,True,raps_k50_lam0p0001,0.8962108731,3128.912641
43,0.1,adaptive_mass_rolling,300,1.286780516,mass,1000,3,664,573,0.8825301205,0.8673647469,0.8763816172,3345.647469,2924,4755.6,0,0,raps_k50_lam0p0001,50,0.0001,True,raps_k50_lam0p0001,0.8962108731,3128.912641
43,0.1,adaptive_mass_rolling,301,1.310299997,mass,1000,2,616,552,0.8798701299,0.8713768116,0.8767512077,3590.728261,3163,4877,0,0,raps_k50_lam0p0001,50,0.0001,True,raps_k50_lam0p0001,0.8962108731,3128.912641
43,0.1,adaptive_mass_rolling,302,1.388318948,mass,1000,2,570,490,0.9210526316,0.9081632653,0.9173469388,4222.177551,3934,5201.1,0,0,raps_k50_lam0p0001,50,0.0001,True,raps_k50_lam0p0001,0.8962108731,3128.912641
43,0.1,adaptive_mass_rolling,303,1.352993617,mass,1000,2,542,485,0.9077490775,0.8969072165,0.9,3959,3582,5220,0,0,raps_k50_lam0p0001,50,0.0001,True,raps_k50_lam0p0001,0.8962108731,3128.912641
43,0.1,adaptive_mass_rolling,304,1.324199979,mass,1000,2,328,281,0.9237804878,0.9252669039,0.9252669039,3651.217082,3293,4965,0,0,raps_k50_lam0p0001,50,0.0001,True,raps_k50_lam0p0001,0.8962108731,3128.912641
43,0.1,adaptive_mass_rolling,305,1.286490852,mass,1000,3,328,295,0.9176829268,0.9084745763,0.9084745763,3283.389831,2916,4695.8,0,0,raps_k50_lam0p0001,50,0.0001,True,raps_k50_lam0p0001,0.8962108731,3128.912641
43,0.1,adaptive_mass_rolling,306,1.260035543,mass,1000,3,582,513,0.9037800687,0.8908382066,0.8992852502,3086.463938,2653,4632.6,0,0,raps_k50_lam0p0001,50,0.0001,True,raps_k50_lam0p0001,0.8962108731,3128.912641
43,0.1,adaptive_mass_rolling,307,1.236790679,mass,1000,3,588,510,0.869047619,0.8509803922,0.8586928105,2901.37451,2423,4574.5,0,0,raps_k50_lam0p0001,50,0.0001,True,raps_k50_lam0p0001,0.8962108731,3128.912641
43,0.1,adaptive_mass_rolling,308,1.3137,mass,1000,2,562,497,0.8790035587,0.8651911469,0.8738430584,3623.54326,3190,4963.6,0,0,raps_k50_lam0p0001,50,0.0001,True,raps_k50_lam0p0001,0.8962108731,3128.912641
43,0.1,adaptive_mass_rolling,309,1.383697976,mass,1000,2,626,535,0.910543131,0.8990654206,0.9037383178,4228.863551,3890,5263.2,0,0,raps_k50_lam0p0001,50,0.0001,True,raps_k50_lam0p0001,0.8962108731,3128.912641
43,0.1,adaptive_mass_rolling,310,1.362424262,mass,1000,2,620,527,0.9451612903,0.935483871,0.9392789374,3950.136622,3675,4993,0,0,raps_k50_lam0p0001,50,0.0001,True,raps_k50_lam0p0001,0.8962108731,3128.912641
43,0.1,adaptive_mass_rolling,311,1.188702839,mass,1000,2,438,366,0.8904109589,0.868852459,0.8820582878,2323.393443,1937,4007,0,0,raps_k50_lam0p0001,50,0.0001,True,raps_k50_lam0p0001,0.8962108731,3128.912641
43,0.1,adaptive_mass_rolling,312,1.173051801,mass,1000,2,460,368,0.9065217391,0.8831521739,0.9019927536,2119.605978,1780,3367.3,0,0,raps_k50_lam0p0001,50,0.0001,True,raps_k50_lam0p0001,0.8962108731,3128.912641
43,0.1,adaptive_mass_rolling,313,1.181152763,mass,1000,3,794,641,0.8866498741,0.8627145086,0.8698907956,2312.661466,1862,4053,0,0,raps_k50_lam0p0001,50,0.0001,True,raps_k50_lam0p0001,0.8962108731,3128.912641
43,0.1,adaptive_mass_rolling,314,1.263895663,mass,1000,2,678,585,0.9100294985,0.8991452991,0.9074481074,3034.165812,2689,4311.8,0,0,raps_k50_lam0p0001,50,0.0001,True,raps_k50_lam0p0001,0.8962108731,3128.912641
43,0.1,adaptive_mass_rolling,315,1.200102411,mass,1000,2,774,660,0.9056847545,0.8939393939,0.9059343434,2412.85303,2052,4075.8,0,0,raps_k50_lam0p0001,50,0.0001,True,raps_k50_lam0p0001,0.8962108731,3128.912641
43,0.1,adaptive_mass_rolling,316,1.168238435,mass,1000,2,758,622,0.8984168865,0.8762057878,0.8818327974,2219.847267,1734,4083.2,0,0,raps_k50_lam0p0001,50,0.0001,True,raps_k50_lam0p0001,0.8962108731,3128.912641
43,0.1,adaptive_mass_rolling,317,1.233186482,mass,1000,2,630,559,0.8904761905,0.8765652952,0.8837507454,2695.257603,2382,4110.2,0,0,raps_k50_lam0p0001,50,0.0001,True,raps_k50_lam0p0001,0.8962108731,3128.912641
43,0.1,adaptive_mass_rolling,318,1.267287063,mass,1000,2,342,308,0.8888888889,0.8766233766,0.8836580087,3054.269481,2723,4332.7,0,0,raps_k50_lam0p0001,50,0.0001,True,raps_k50_lam0p0001,0.8962108731,3128.912641
43,0.1,adaptive_mass_rolling,319,1.28341766,mass,1000,3,324,290,0.9228395062,0.9137931034,0.9137931034,3166.451724,2884,4427.6,0,0,raps_k50_lam0p0001,50,0.0001,True,raps_k50_lam0p0001,0.8962108731,3128.912641
43,0.1,adaptive_mass_rolling,320,1.273911028,mass,1000,3,736,646,0.8967391304,0.8854489164,0.8882352941,3192.509288,2790,4599,0,0,raps_k50_lam0p0001,50,0.0001,True,raps_k50_lam0p0001,0.8962108731,3128.912641
43,0.1,adaptive_mass_rolling,321,1.270196884,mass,1000,2,680,603,0.9132352941,0.9021558872,0.9071310116,3090.250415,2753,4395.2,0,0,raps_k50_lam0p0001,50,0.0001,True,raps_k50_lam0p0001,0.8962108731,3128.912641
43,0.1,adaptive_mass_rolling,322,1.23349086,mass,1000,2,668,595,0.8592814371,0.843697479,0.8476190476,2791.692437,2385,4333,0,0,raps_k50_lam0p0001,50,0.0001,True,raps_k50_lam0p0001,0.8962108731,3128.912641
43,0.1,adaptive_mass_rolling,323,1.320118367,mass,1000,2,668,600,0.9071856287,0.8983333333,0.9027777778,3535.493333,3252,4696.5,0,0,raps_k50_lam0p0001,50,0.0001,True,raps_k50_lam0p0001,0.8962108731,3128.912641
43,0.1,adaptive_mass_rolling,324,1.319299982,mass,1000,2,796,650,0.9309045226,0.9153846154,0.9225641026,3521.881538,3243,4493.1,0,0,raps_k50_lam0p0001,50,0.0001,True,raps_k50_lam0p0001,0.8962108731,3128.912641
43,0.1,adaptive_mass_rolling,325,1.134656181,mass,1000,2,398,360,0.8592964824,0.8444444444,0.8513888889,1974.636111,1396.5,4106.1,0,0,raps_k50_lam0p0001,50,0.0001,True,raps_k50_lam0p0001,0.8962108731,3128.912641
43,0.1,adaptive_mass_rolling,326,1.179881626,mass,1000,2,422,348,0.9194312796,0.9051724138,0.9094827586,2118.772989,1848,2782,0,0,raps_k50_lam0p0001,50,0.0001,True,raps_k50_lam0p0001,0.8962108731,3128.912641
43,0.1,adaptive_mass_rolling,327,1.174491909,mass,1000,3,738,621,0.8712737127,0.8615136876,0.8681427805,2258.888889,1795,3914,0,0,raps_k50_lam0p0001,50,0.0001,True,raps_k50_lam0p0001,0.8962108731,3128.912641
43,0.1,adaptive_mass_rolling,328,1.246399999,mass,1000,2,600,526,0.9333333333,0.9239543726,0.924904943,2862.28327,2514,4209.5,0,0,raps_k50_lam0p0001,50,0.0001,True,raps_k50_lam0p0001,0.8962108731,3128.912641
43,0.1,adaptive_mass_rolling,329,1.173199997,mass,1000,2,684,599,0.9020467836,0.8914858097,0.9039510295,2274.989983,1782,4118.8,0,0,raps_k50_lam0p0001,50,0.0001,True,raps_k50_lam0p0001,0.8962108731,3128.912641
43,0.1,adaptive_mass_rolling,330,1.131644,mass,1000,2,640,580,0.8921875,0.8844827586,0.8862068966,1828.189655,1367,3778.4,0,0,raps_k50_lam0p0001,50,0.0001,True,raps_k50_lam0p0001,0.8962108731,3128.912641
43,0.1,adaptive_mass_rolling,331,1.175945917,mass,1000,2,506,474,0.9150197628,0.9092827004,0.9092827004,2241.698312,1810,4045.7,0,0,raps_k50_lam0p0001,50,0.0001,True,raps_k50_lam0p0001,0.8962108731,3128.912641
43,0.1,adaptive_mass_rolling,332,1.142537568,mass,1000,2,318,300,0.8867924528,0.88,0.88,1944.553333,1475,3880.5,0,0,raps_k50_lam0p0001,50,0.0001,True,raps_k50_lam0p0001,0.8962108731,3128.912641
43,0.1,adaptive_mass_rolling,333,1.146199887,mass,1000,3,342,312,0.8625730994,0.8493589744,0.8547008547,1981.458333,1512,3953.4,0,0,raps_k50_lam0p0001,50,0.0001,True,raps_k50_lam0p0001,0.8962108731,3128.912641
43,0.1,adaptive_mass_rolling,334,1.2189,mass,1000,3,700,633,0.8914285714,0.8799368088,0.8880989995,2614.552923,2239,4176.4,0,0,raps_k50_lam0p0001,50,0.0001,True,raps_k50_lam0p0001,0.8962108731,3128.912641
43,0.1,adaptive_mass_rolling,335,1.238781238,mass,1000,2,656,587,0.8658536585,0.8568994889,0.8681147076,2828.061329,2438,4425.4,0,0,raps_k50_lam0p0001,50,0.0001,True,raps_k50_lam0p0001,0.8962108731,3128.912641
43,0.1,adaptive_mass_rolling,336,1.317540287,mass,1000,2,632,551,0.8939873418,0.8784029038,0.8856624319,3556.836661,3225,4861,0,0,raps_k50_lam0p0001,50,0.0001,True,raps_k50_lam0p0001,0.8962108731,3128.912641
43,0.1,adaptive_mass_rolling,337,1.342099999,mass,1000,2,552,492,0.9112318841,0.9004065041,0.9061653117,3732.199187,3471,4767.1,0,0,raps_k50_lam0p0001,50,0.0001,True,raps_k50_lam0p0001,0.8962108731,3128.912641
43,0.1,adaptive_mass_rolling,338,1.323999552,mass,1000,2,496,457,0.9173387097,0.9124726477,0.9175784099,3580.229759,3290,4650,0,0,raps_k50_lam0p0001,50,0.0001,True,raps_k50_lam0p0001,0.8962108731,3128.912641
43,0.1,adaptive_mass_rolling,339,1.281133182,mass,1000,2,328,297,0.8993902439,0.898989899,0.9046015713,3041.329966,2861,3225.8,0,0,raps_k50_lam0p0001,50,0.0001,True,raps_k50_lam0p0001,0.8962108731,3128.912641
43,0.1,adaptive_mass_rolling,340,1.287464933,mass,1000,3,328,303,0.9024390244,0.8943894389,0.896039604,3214.594059,2924,4542.6,0,0,raps_k50_lam0p0001,50,0.0001,True,raps_k50_lam0p0001,0.8962108731,3128.912641
43,0.1,adaptive_mass_rolling,341,1.27754799,mass,1000,3,576,519,0.8836805556,0.8728323699,0.8807321773,3146.761079,2825,4542.2,0,0,raps_k50_lam0p0001,50,0.0001,True,raps_k50_lam0p0001,0.8962108731,3128.912641
43,0.1,adaptive_mass_rolling,342,1.295799919,mass,1000,3,636,565,0.9150943396,0.9044247788,0.910619469,3359.238938,3008,4722.2,0,0,raps_k50_lam0p0001,50,0.0001,True,raps_k50_lam0p0001,0.8962108731,3128.912641
43,0.1,adaptive_mass_rolling,343,1.2811,mass,1000,2,642,567,0.8566978193,0.8412698413,0.85223398,3250.768959,2861,4669,0,0,raps_k50_lam0p0001,50,0.0001,True,raps_k50_lam0p0001,0.8962108731,3128.912641
43,0.1,adaptive_mass_rolling,344,1.352199976,mass,1000,2,650,582,0.9138461538,0.9054982818,0.9066437572,3842.792096,3572,4904.4,0,0,raps_k50_lam0p0001,50,0.0001,True,raps_k50_lam0p0001,0.8962108731,3128.912641
43,0.1,adaptive_mass_rolling,345,1.34024869,mass,1000,2,586,501,0.9197952218,0.9061876248,0.9115103127,3767.972056,3452,4974,0,0,raps_k50_lam0p0001,50,0.0001,True,raps_k50_lam0p0001,0.8962108731,3128.912641
43,0.1,adaptive_mass_rolling,346,1.255957181,mass,1000,2,224,197,0.9375,0.9289340102,0.9340101523,2882.522843,2609,4320.2,0,0,raps_k50_lam0p0001,50,0.0001,True,raps_k50_lam0p0001,0.8962108731,3128.912641
43,0.1,adaptive_mass_rolling,347,1.2179,mass,1000,3,306,277,0.9117647059,0.9025270758,0.9049338147,2524.559567,2229,3893.4,0,0,raps_k50_lam0p0001,50,0.0001,True,raps_k50_lam0p0001,0.8962108731,3128.912641
43,0.1,adaptive_mass_rolling,348,1.19710187,mass,1000,3,714,610,0.8837535014,0.8639344262,0.8693989071,2423.101639,2021,4216.4,0,0,raps_k50_lam0p0001,50,0.0001,True,raps_k50_lam0p0001,0.8962108731,3128.912641
43,0.1,adaptive_mass_rolling,349,1.252003422,mass,1000,2,600,545,0.8716666667,0.8587155963,0.8642201835,2905.721101,2570,4192.6,0,0,raps_k50_lam0p0001,50,0.0001,True,raps_k50_lam0p0001,0.8962108731,3128.912641
43,0.1,adaptive_mass_rolling,350,1.342886779,mass,1000,2,656,560,0.9100609756,0.8982142857,0.906547619,3689.6125,3478,4660.2,0,0,raps_k50_lam0p0001,50,0.0001,True,raps_k50_lam0p0001,0.8962108731,3128.912641
43,0.1,adaptive_mass_rolling,351,1.342789186,mass,1000,2,522,476,0.9003831418,0.8907563025,0.8956582633,3759.155462,3477,5071,0,0,raps_k50_lam0p0001,50,0.0001,True,raps_k50_lam0p0001,0.8962108731,3128.912641
43,0.1,adaptive_mass_rolling,352,1.330799997,mass,1000,2,462,415,0.9177489177,0.913253012,0.9200803213,3581.508434,3358,4545.6,0,0,raps_k50_lam0p0001,50,0.0001,True,raps_k50_lam0p0001,0.8962108731,3128.912641
43,0.1,adaptive_mass_rolling,353,1.313816514,mass,1000,3,242,226,0.8842975207,0.8761061947,0.8849557522,3380.845133,3188,4098,0,0,raps_k50_lam0p0001,50,0.0001,True,raps_k50_lam0p0001,0.8962108731,3128.912641
43,0.1,adaptive_mass_rolling,354,1.325180256,mass,1000,3,238,227,0.9033613445,0.8986784141,0.8986784141,3542.422907,3301,4411.8,0,0,raps_k50_lam0p0001,50,0.0001,True,raps_k50_lam0p0001,0.8962108731,3128.912641
43,0.1,adaptive_mass_rolling,355,1.311474288,mass,1000,4,578,506,0.8685121107,0.8636363636,0.8717297196,3483.478261,3164,4595,0,0,raps_k50_lam0p0001,50,0.0001,True,raps_k50_lam0p0001,0.8962108731,3128.912641
43,0.1,adaptive_mass_rolling,356,1.396099999,mass,1000,3,548,483,0.9142335766,0.9068322981,0.9123533471,4233.950311,4011,5183.6,0,0,raps_k50_lam0p0001,50,0.0001,True,raps_k50_lam0p0001,0.8962108731,3128.912641
43,0.1,adaptive_mass_rolling,357,1.388,mass,1000,2,406,363,0.9261083744,0.9201101928,0.9306703398,4057.829201,3930,4456.2,0,0,raps_k50_lam0p0001,50,0.0001,True,raps_k50_lam0p0001,0.8962108731,3128.912641
43,0.1,adaptive_mass_rolling,358,1.323999998,mass,1000,3,300,276,0.9266666667,0.9202898551,0.9202898551,3516.536232,3290,4436.5,0,0,raps_k50_lam0p0001,50,0.0001,True,raps_k50_lam0p0001,0.8962108731,3128.912641
43,0.1,adaptive_mass_rolling,359,1.3041,mass,1000,3,330,312,0.9333333333,0.9294871795,0.9310897436,3423.269231,3091,4743.7,0,0,raps_k50_lam0p0001,50,0.0001,True,raps_k50_lam0p0001,0.8962108731,3128.912641
43,0.1,adaptive_mass_rolling,360,1.244371962,mass,1000,3,228,214,0.9429824561,0.9392523364,0.941588785,2753.850467,2493,3675.5,0,0,raps_k50_lam0p0001,50,0.0001,True,raps_k50_lam0p0001,0.8962108731,3128.912641
43,0.1,adaptive_mass_rolling,361,1.158997996,mass,1000,4,246,226,0.8739837398,0.8628318584,0.8716814159,1946.969027,1639,3248.5,0,0,raps_k50_lam0p0001,50,0.0001,True,raps_k50_lam0p0001,0.8962108731,3128.912641
43,0.1,adaptive_mass_rolling,362,1.148899977,mass,1000,4,620,530,0.8822580645,0.8660377358,0.8735849057,1899.084906,1539,3590.6,0,0,raps_k50_lam0p0001,50,0.0001,True,raps_k50_lam0p0001,0.8962108731,3128.912641
43,0.1,adaptive_mass_rolling,363,1.234394962,mass,1000,3,386,353,0.8808290155,0.8753541076,0.8786591124,2684.86119,2393,3976.4,0,0,raps_k50_lam0p0001,50,0.0001,True,raps_k50_lam0p0001,0.8962108731,3128.912641
43,0.1,adaptive_mass_rolling,364,1.269189398,mass,1000,2,354,329,0.8700564972,0.8601823708,0.8632218845,2989.194529,2741,4097.6,0,0,raps_k50_lam0p0001,50,0.0001,True,raps_k50_lam0p0001,0.8962108731,3128.912641
59,0.1,adaptive_mass_rolling,292,1.26417984,mass,1000,3,730,658,0.8643835616,0.8556231003,0.8634751773,3161.895137,2698,4740.3,0,0,raps_k50_lam0p0001,50,0.0001,True,raps_k50_lam0p0001,0.8960461285,3126.133444
59,0.1,adaptive_mass_rolling,293,1.337576877,mass,1000,2,658,581,0.9042553191,0.8967297762,0.9033275961,3860.364888,3435,5159,0,0,raps_k50_lam0p0001,50,0.0001,True,raps_k50_lam0p0001,0.8960461285,3126.133444
59,0.1,adaptive_mass_rolling,294,1.342992627,mass,1000,2,618,538,0.9045307443,0.8921933086,0.8949814126,3860.736059,3487,5082.3,0,0,raps_k50_lam0p0001,50,0.0001,True,raps_k50_lam0p0001,0.8960461285,3126.133444
59,0.1,adaptive_mass_rolling,295,1.305242905,mass,1000,2,666,578,0.8993993994,0.884083045,0.8931372549,3516.048443,3108.5,4948,0,0,raps_k50_lam0p0001,50,0.0001,True,raps_k50_lam0p0001,0.8960461285,3126.133444
59,0.1,adaptive_mass_rolling,296,1.2866,mass,1000,2,516,466,0.9282945736,0.9206008584,0.9227467811,3367.298283,2923,4742,0,0,raps_k50_lam0p0001,50,0.0001,True,raps_k50_lam0p0001,0.8960461285,3126.133444
59,0.1,adaptive_mass_rolling,297,1.233444126,mass,1000,2,292,254,0.8938356164,0.8818897638,0.8959973753,2810.893701,2385.5,4267,0,0,raps_k50_lam0p0001,50,0.0001,True,raps_k50_lam0p0001,0.8960461285,3126.133444
59,0.1,adaptive_mass_rolling,298,1.24237334,mass,1000,3,252,224,0.876984127,0.8660714286,0.8779761905,3037.25,2478,4827.5,0,0,raps_k50_lam0p0001,50,0.0001,True,raps_k50_lam0p0001,0.8960461285,3126.133444
59,0.1,adaptive_mass_rolling,299,1.254796634,mass,1000,3,702,615,0.9245014245,0.9138211382,0.9176151762,2983.835772,2604,4345.6,0,0,raps_k50_lam0p0001,50,0.0001,True,raps_k50_lam0p0001,0.8960461285,3126.133444
59,0.1,adaptive_mass_rolling,300,1.200085699,mass,1000,3,664,573,0.875,0.8586387435,0.8720186155,2589.551483,2059,4366.2,0,0,raps_k50_lam0p0001,50,0.0001,True,raps_k50_lam0p0001,0.8960461285,3126.133444
59,0.1,adaptive_mass_rolling,301,1.245557672,mass,1000,2,616,552,0.849025974,0.8405797101,0.8498792271,3045.021739,2518,4600.5,0,0,raps_k50_lam0p0001,50,0.0001,True,raps_k50_lam0p0001,0.8960461285,3126.133444
59,0.1,adaptive_mass_rolling,302,1.402199071,mass,1000,2,570,490,0.9228070175,0.9102040816,0.9217687075,4355.655102,4073,5311.7,0,0,raps_k50_lam0p0001,50,0.0001,True,raps_k50_lam0p0001,0.8960461285,3126.133444
59,0.1,adaptive_mass_rolling,303,1.35509735,mass,1000,2,542,485,0.8782287823,0.8659793814,0.8701030928,3983.795876,3604,5250,0,0,raps_k50_lam0p0001,50,0.0001,True,raps_k50_lam0p0001,0.8960461285,3126.133444
59,0.1,adaptive_mass_rolling,304,1.367874401,mass,1000,2,328,281,0.9359756098,0.9323843416,0.9403914591,4053.736655,3731,5243,0,0,raps_k50_lam0p0001,50,0.0001,True,raps_k50_lam0p0001,0.8960461285,3126.133444
59,0.1,adaptive_mass_rolling,305,1.328599995,mass,1000,3,328,295,0.9573170732,0.9525423729,0.9525423729,3657.640678,3336,4906.4,0,0,raps_k50_lam0p0001,50,0.0001,True,raps_k50_lam0p0001,0.8960461285,3126.133444
59,0.1,adaptive_mass_rolling,306,1.266545893,mass,1000,3,582,513,0.9037800687,0.8927875244,0.9005847953,3158.191033,2718,4683,0,0,raps_k50_lam0p0001,50,0.0001,True,raps_k50_lam0p0001,0.8960461285,3126.133444
59,0.1,adaptive_mass_rolling,307,1.17111203,mass,1000,3,588,510,0.8826530612,0.868627451,0.8743137255,2336.192157,1768,4303.6,0,0,raps_k50_lam0p0001,50,0.0001,True,raps_k50_lam0p0001,0.8960461285,3126.133444
59,0.1,adaptive_mass_rolling,308,1.254524649,mass,1000,2,562,497,0.871886121,0.8591549296,0.8671361502,3121.635815,2601,4755.2,0,0,raps_k50_lam0p0001,50,0.0001,True,raps_k50_lam0p0001,0.8960461285,3126.133444
59,0.1,adaptive_mass_rolling,309,1.322750027,mass,1000,2,626,535,0.875399361,0.8598130841,0.8690965732,3708.091589,3281,4991.4,0,0,raps_k50_lam0p0001,50,0.0001,True,raps_k50_lam0p0001,0.8960461285,3126.133444
59,0.1,adaptive_mass_rolling,310,1.388698415,mass,1000,2,620,527,0.9629032258,0.9563567362,0.9582542694,4200.499051,3937,5202.2,0,0,raps_k50_lam0p0001,50,0.0001,True,raps_k50_lam0p0001,0.8960461285,3126.133444
59,0.1,adaptive_mass_rolling,311,1.202399997,mass,1000,2,438,366,0.9063926941,0.8879781421,0.8952641166,2452.486339,2074,4143,0,0,raps_k50_lam0p0001,50,0.0001,True,raps_k50_lam0p0001,0.8960461285,3126.133444
59,0.1,adaptive_mass_rolling,312,1.122199999,mass,1000,2,460,368,0.9130434783,0.8940217391,0.9092391304,1660.30163,1272,3051.3,0,0,raps_k50_lam0p0001,50,0.0001,True,raps_k50_lam0p0001,0.8960461285,3126.133444
59,0.1,adaptive_mass_rolling,313,1.120096146,mass,1000,3,794,641,0.8740554156,0.8455538222,0.8579823193,1772.151326,1252,3826,0,0,raps_k50_lam0p0001,50,0.0001,True,raps_k50_lam0p0001,0.8960461285,3126.133444
59,0.1,adaptive_mass_rolling,314,1.225616012,mass,1000,2,678,585,0.9100294985,0.8957264957,0.9057387057,2704.738462,2307,4171.6,0,0,raps_k50_lam0p0001,50,0.0001,True,raps_k50_lam0p0001,0.8960461285,3126.133444
59,0.1,adaptive_mass_rolling,315,1.192488476,mass,1000,2,774,660,0.9031007752,0.8909090909,0.9030555556,2345.913636,1975,4011.3,0,0,raps_k50_lam0p0001,50,0.0001,True,raps_k50_lam0p0001,0.8960461285,3126.133444
59,0.1,adaptive_mass_rolling,316,1.190196303,mass,1000,2,758,622,0.9089709763,0.8890675241,0.8914790997,2421.073955,1954,4192.9,0,0,raps_k50_lam0p0001,50,0.0001,True,raps_k50_lam0p0001,0.8960461285,3126.133444
59,0.1,adaptive_mass_rolling,317,1.177397266,mass,1000,2,630,559,0.8841269841,0.8729874776,0.8822599881,2189.974955,1824,3782.8,0,0,raps_k50_lam0p0001,50,0.0001,True,raps_k50_lam0p0001,0.8960461285,3126.133444
59,0.1,adaptive_mass_rolling,318,1.223558575,mass,1000,2,342,308,0.9035087719,0.8928571429,0.9020562771,2653.214286,2285,4022.6,0,0,raps_k50_lam0p0001,50,0.0001,True,raps_k50_lam0p0001,0.8960461285,3126.133444
59,0.1,adaptive_mass_rolling,319,1.246120121,mass,1000,3,324,290,0.9135802469,0.9034482759,0.9034482759,2835.072414,2511,4323.2,0,0,raps_k50_lam0p0001,50,0.0001,True,raps_k50_lam0p0001,0.8960461285,3126.133444
59,0.1,adaptive_mass_rolling,320,1.219970577,mass,1000,3,736,646,0.8994565217,0.8885448916,0.89499484,2726.00774,2251,4392,0,0,raps_k50_lam0p0001,50,0.0001,True,raps_k50_lam0p0001,0.8960461285,3126.133444
59,0.1,adaptive_mass_rolling,321,1.213210438,mass,1000,2,680,603,0.9073529412,0.8988391376,0.9046434494,2582.603648,2183,4028.8,0,0,raps_k50_lam0p0001,50,0.0001,True,raps_k50_lam0p0001,0.8960461285,3126.133444
59,0.1,adaptive_mass_rolling,322,1.201424879,mass,1000,2,668,595,0.8473053892,0.8302521008,0.8383753501,2511.878992,2065,4297.8,0,0,raps_k50_lam0p0001,50,0.0001,True,raps_k50_lam0p0001,0.8960461285,3126.133444
59,0.1,adaptive_mass_rolling,323,1.346658684,mass,1000,2,668,600,0.9221556886,0.915,0.9158333333,3776.446667,3517,4799.4,0,0,raps_k50_lam0p0001,50,0.0001,True,raps_k50_lam0p0001,0.8960461285,3126.133444
59,0.1,adaptive_mass_rolling,324,1.321199934,mass,1000,2,796,650,0.925879397,0.9107692308,0.9196153846,3546.004615,3262,4582,0,0,raps_k50_lam0p0001,50,0.0001,True,raps_k50_lam0p0001,0.8960461285,3126.133444
59,0.1,adaptive_mass_rolling,325,1.198083267,mass,1000,2,398,360,0.8618090452,0.8527777778,0.8569444444,2544.791667,2031,4420.6,0,0,raps_k50_lam0p0001,50,0.0001,True,raps_k50_lam0p0001,0.8960461285,3126.133444
59,0.1,adaptive_mass_rolling,326,1.266962216,mass,1000,2,422,348,0.9312796209,0.9195402299,0.9305555556,2952.770115,2719,3719.2,0,0,raps_k50_lam0p0001,50,0.0001,True,raps_k50_lam0p0001,0.8960461285,3126.133444
59,0.1,adaptive_mass_rolling,327,1.2376,mass,1000,3,738,621,0.8983739837,0.8824476651,0.8947396672,2840.835749,2426,4303,0,0,raps_k50_lam0p0001,50,0.0001,True,raps_k50_lam0p0001,0.8960461285,3126.133444
59,0.1,adaptive_mass_rolling,328,1.213899171,mass,1000,2,600,526,0.935,0.927756654,0.9296577947,2586.011407,2189,4141.5,0,0,raps_k50_lam0p0001,50,0.0001,True,raps_k50_lam0p0001,0.8960461285,3126.133444
59,0.1,adaptive_mass_rolling,329,1.1563,mass,1000,2,684,599,0.8888888889,0.878130217,0.8942125765,2133.876461,1613,4080.8,0,0,raps_k50_lam0p0001,50,0.0001,True,raps_k50_lam0p0001,0.8960461285,3126.133444
59,0.1,adaptive_mass_rolling,330,1.158599953,mass,1000,2,640,580,0.9125,0.9034482759,0.9043103448,2084.098276,1636,3966.5,0,0,raps_k50_lam0p0001,50,0.0001,True,raps_k50_lam0p0001,0.8960461285,3126.133444
59,0.1,adaptive_mass_rolling,331,1.158113755,mass,1000,2,506,474,0.8992094862,0.8924050633,0.8945147679,2082.905063,1631,3917.3,0,0,raps_k50_lam0p0001,50,0.0001,True,raps_k50_lam0p0001,0.8960461285,3126.133444
59,0.1,adaptive_mass_rolling,332,1.105293509,mass,1000,2,318,300,0.8899371069,0.8833333333,0.8833333333,1616.46,1103,3841.6,0,0,raps_k50_lam0p0001,50,0.0001,True,raps_k50_lam0p0001,0.8960461285,3126.133444
59,0.1,adaptive_mass_rolling,333,1.154571263,mass,1000,3,342,312,0.8684210526,0.8557692308,0.8611111111,2066.826923,1596,4037.7,0,0,raps_k50_lam0p0001,50,0.0001,True,raps_k50_lam0p0001,0.8960461285,3126.133444
59,0.1,adaptive_mass_rolling,334,1.209456773,mass,1000,3,700,633,0.8871428571,0.8751974724,0.8862559242,2543.162717,2145,4214,0,0,raps_k50_lam0p0001,50,0.0001,True,raps_k50_lam0p0001,0.8960461285,3126.133444
59,0.1,adaptive_mass_rolling,335,1.2799,mass,1000,2,656,587,0.9039634146,0.8977853492,0.9040318001,3201.400341,2849,4589.8,0,0,raps_k50_lam0p0001,50,0.0001,True,raps_k50_lam0p0001,0.8960461285,3126.133444
59,0.1,adaptive_mass_rolling,336,1.2581,mass,1000,2,632,551,0.8655063291,0.8511796733,0.8586206897,3033.183303,2631,4625,0,0,raps_k50_lam0p0001,50,0.0001,True,raps_k50_lam0p0001,0.8960461285,3126.133444
59,0.1,adaptive_mass_rolling,337,1.334305573,mass,1000,2,552,492,0.9221014493,0.912601626,0.9139566396,3676.026423,3393,4846.1,0,0,raps_k50_lam0p0001,50,0.0001,True,raps_k50_lam0p0001,0.8960461285,3126.133444
59,0.1,adaptive_mass_rolling,338,1.3169,mass,1000,2,496,457,0.9274193548,0.9212253829,0.9248723559,3521.562363,3219,4706.2,0,0,raps_k50_lam0p0001,50,0.0001,True,raps_k50_lam0p0001,0.8960461285,3126.133444
59,0.1,adaptive_mass_rolling,339,1.236477535,mass,1000,2,328,297,0.8963414634,0.8922558923,0.9012345679,2630.498316,2414,2904.8,0,0,raps_k50_lam0p0001,50,0.0001,True,raps_k50_lam0p0001,0.8960461285,3126.133444
59,0.1,adaptive_mass_rolling,340,1.236886107,mass,1000,3,328,303,0.9146341463,0.9075907591,0.9108910891,2756.069307,2419,4303.2,0,0,raps_k50_lam0p0001,50,0.0001,True,raps_k50_lam0p0001,0.8960461285,3126.133444
59,0.1,adaptive_mass_rolling,341,1.227271034,mass,1000,3,576,519,0.8767361111,0.8651252408,0.8714193963,2699.183044,2322,4232.6,0,0,raps_k50_lam0p0001,50,0.0001,True,raps_k50_lam0p0001,0.8960461285,3126.133444
59,0.1,adaptive_mass_rolling,342,1.287824369,mass,1000,3,636,565,0.9245283019,0.9150442478,0.9218289086,3293.59115,2928,4700.2,0,0,raps_k50_lam0p0001,50,0.0001,True,raps_k50_lam0p0001,0.8960461285,3126.133444
59,0.1,adaptive_mass_rolling,343,1.2366,mass,1000,2,642,567,0.8722741433,0.8589065256,0.8706937096,2858.111111,2416,4455.4,0,0,raps_k50_lam0p0001,50,0.0001,True,raps_k50_lam0p0001,0.8960461285,3126.133444
59,0.1,adaptive_mass_rolling,344,1.2855,mass,1000,2,650,582,0.8846153846,0.8745704467,0.8808705613,3248.601375,2905,4550.4,0,0,raps_k50_lam0p0001,50,0.0001,True,raps_k50_lam0p0001,0.8960461285,3126.133444
59,0.1,adaptive_mass_rolling,345,1.32789998,mass,1000,2,586,501,0.9129692833,0.8982035928,0.9021956088,3661.333333,3329,5044,0,0,raps_k50_lam0p0001,50,0.0001,True,raps_k50_lam0p0001,0.8960461285,3126.133444
59,0.1,adaptive_mass_rolling,346,1.26749995,mass,1000,2,224,197,0.9508928571,0.9441624365,0.9492385787,2996.720812,2725,4261.8,0,0,raps_k50_lam0p0001,50,0.0001,True,raps_k50_lam0p0001,0.8960461285,3126.133444
59,0.1,adaptive_mass_rolling,347,1.2387,mass,1000,3,306,277,0.9281045752,0.9205776173,0.9229843562,2748.256318,2437,4168.4,0,0,raps_k50_lam0p0001,50,0.0001,True,raps_k50_lam0p0001,0.8960461285,3126.133444
59,0.1,adaptive_mass_rolling,348,1.222582649,mass,1000,3,714,610,0.8613445378,0.837704918,0.843989071,2655.380328,2275,4355.3,0,0,raps_k50_lam0p0001,50,0.0001,True,raps_k50_lam0p0001,0.8960461285,3126.133444
59,0.1,adaptive_mass_rolling,349,1.2964,mass,1000,2,600,545,0.8983333333,0.8880733945,0.8975535168,3312.388991,3014,4505.6,0,0,raps_k50_lam0p0001,50,0.0001,True,raps_k50_lam0p0001,0.8960461285,3126.133444
59,0.1,adaptive_mass_rolling,350,1.324699745,mass,1000,2,656,560,0.9161585366,0.9017857143,0.9081845238,3522.339286,3297,4613.7,0,0,raps_k50_lam0p0001,50,0.0001,True,raps_k50_lam0p0001,0.8960461285,3126.133444
59,0.1,adaptive_mass_rolling,351,1.292899982,mass,1000,2,522,476,0.9061302682,0.8970588235,0.8991596639,3314.243697,2979,4878,0,0,raps_k50_lam0p0001,50,0.0001,True,raps_k50_lam0p0001,0.8960461285,3126.133444
59,0.1,adaptive_mass_rolling,352,1.278991252,mass,1000,2,462,415,0.8766233766,0.8674698795,0.8751004016,3105.812048,2839,4071.2,0,0,raps_k50_lam0p0001,50,0.0001,True,raps_k50_lam0p0001,0.8960461285,3126.133444
59,0.1,adaptive_mass_rolling,353,1.300608887,mass,1000,3,242,226,0.847107438,0.8362831858,0.8495575221,3255.40708,3056,3704,0,0,raps_k50_lam0p0001,50,0.0001,True,raps_k50_lam0p0001,0.8960461285,3126.133444
59,0.1,adaptive_mass_rolling,354,1.317049921,mass,1000,3,238,227,0.8529411765,0.845814978,0.8502202643,3482.696035,3220,4576.2,0,0,raps_k50_lam0p0001,50,0.0001,True,raps_k50_lam0p0001,0.8960461285,3126.133444
59,0.1,adaptive_mass_rolling,355,1.38125644,mass,1000,4,578,506,0.8858131488,0.8754940711,0.8808582722,4115.126482,3862,5164,0,0,raps_k50_lam0p0001,50,0.0001,True,raps_k50_lam0p0001,0.8960461285,3126.133444
59,0.1,adaptive_mass_rolling,356,1.4733,mass,1000,3,548,483,0.9306569343,0.9254658385,0.9275362319,4949.619048,4783,5627,0,0,raps_k50_lam0p0001,50,0.0001,True,raps_k50_lam0p0001,0.8960461285,3126.133444
59,0.1,adaptive_mass_rolling,357,1.380777278,mass,1000,2,406,363,0.9433497537,0.9449035813,0.9476584022,3993.316804,3857,4211,0,0,raps_k50_lam0p0001,50,0.0001,True,raps_k50_lam0p0001,0.8960461285,3126.133444
59,0.1,adaptive_mass_rolling,358,1.315946827,mass,1000,3,300,276,0.8966666667,0.8876811594,0.8876811594,3445.746377,3209,4381.5,0,0,raps_k50_lam0p0001,50,0.0001,True,raps_k50_lam0p0001,0.8960461285,3126.133444
59,0.1,adaptive_mass_rolling,359,1.3127,mass,1000,3,330,312,0.9424242424,0.9391025641,0.9391025641,3501.605769,3177,4787,0,0,raps_k50_lam0p0001,50,0.0001,True,raps_k50_lam0p0001,0.8960461285,3126.133444
59,0.1,adaptive_mass_rolling,360,1.252243114,mass,1000,3,228,214,0.9385964912,0.9345794393,0.9369158879,2810.46729,2572,3318.6,0,0,raps_k50_lam0p0001,50,0.0001,True,raps_k50_lam0p0001,0.8960461285,3126.133444
59,0.1,adaptive_mass_rolling,361,1.226499584,mass,1000,4,246,226,0.906504065,0.8982300885,0.9026548673,2575.238938,2314,3525,0,0,raps_k50_lam0p0001,50,0.0001,True,raps_k50_lam0p0001,0.8960461285,3126.133444
59,0.1,adaptive_mass_rolling,362,1.195299999,mass,1000,4,620,530,0.8822580645,0.8660377358,0.8735849057,2335.89434,2003,3986.7,0,0,raps_k50_lam0p0001,50,0.0001,True,raps_k50_lam0p0001,0.8960461285,3126.133444
59,0.1,adaptive_mass_rolling,363,1.236799971,mass,1000,3,386,353,0.8704663212,0.8668555241,0.8677998111,2713.430595,2418,4095.6,0,0,raps_k50_lam0p0001,50,0.0001,True,raps_k50_lam0p0001,0.8960461285,3126.133444
59,0.1,adaptive_mass_rolling,364,1.289269845,mass,1000,2,354,329,0.8757062147,0.8662613982,0.8708206687,3186.778116,2942,4267.8,0,0,raps_k50_lam0p0001,50,0.0001,True,raps_k50_lam0p0001,0.8960461285,3126.133444
71,0.1,adaptive_mass_rolling,292,1.232634886,mass,1000,3,730,658,0.8575342466,0.8541033435,0.8632218845,2875.732523,2383.5,4555.4,0,0,raps_k50_lam0p0001,50,0.0001,True,raps_k50_lam0p0001,0.9004942339,3103.111975
71,0.1,adaptive_mass_rolling,293,1.308587329,mass,1000,2,658,581,0.9012158055,0.8984509466,0.9076305221,3594.049914,3147,4999,0,0,raps_k50_lam0p0001,50,0.0001,True,raps_k50_lam0p0001,0.9004942339,3103.111975
71,0.1,adaptive_mass_rolling,294,1.324499604,mass,1000,2,618,538,0.8883495146,0.873605948,0.8791821561,3687.496283,3299.5,4946.3,0,0,raps_k50_lam0p0001,50,0.0001,True,raps_k50_lam0p0001,0.9004942339,3103.111975
71,0.1,adaptive_mass_rolling,295,1.353195443,mass,1000,2,666,578,0.9099099099,0.8961937716,0.9010957324,3939.641869,3587,5165.6,0,0,raps_k50_lam0p0001,50,0.0001,True,raps_k50_lam0p0001,0.9004942339,3103.111975
71,0.1,adaptive_mass_rolling,296,1.324599673,mass,1000,2,516,466,0.9166666667,0.9077253219,0.9087982833,3685.315451,3300,4912.5,0,0,raps_k50_lam0p0001,50,0.0001,True,raps_k50_lam0p0001,0.9004942339,3103.111975
71,0.1,adaptive_mass_rolling,297,1.307216598,mass,1000,2,292,254,0.8835616438,0.874015748,0.8818897638,3458.732283,3123,4618.7,0,0,raps_k50_lam0p0001,50,0.0001,True,raps_k50_lam0p0001,0.9004942339,3103.111975
71,0.1,adaptive_mass_rolling,298,1.322599774,mass,1000,3,252,224,0.9047619048,0.8928571429,0.8950892857,3727.5,3277,5165.7,0,0,raps_k50_lam0p0001,50,0.0001,True,raps_k50_lam0p0001,0.9004942339,3103.111975
71,0.1,adaptive_mass_rolling,299,1.322699796,mass,1000,3,702,615,0.9387464387,0.9300813008,0.9300813008,3580.356098,3280,4688,0,0,raps_k50_lam0p0001,50,0.0001,True,raps_k50_lam0p0001,0.9004942339,3103.111975
71,0.1,adaptive_mass_rolling,300,1.193284433,mass,1000,3,664,573,0.8629518072,0.8464223386,0.8608687221,2531.755672,1991,4306.4,0,0,raps_k50_lam0p0001,50,0.0001,True,raps_k50_lam0p0001,0.9004942339,3103.111975
71,0.1,adaptive_mass_rolling,301,1.2812,mass,1000,2,616,552,0.8652597403,0.8550724638,0.8608091787,3333.487319,2872,4770.8,0,0,raps_k50_lam0p0001,50,0.0001,True,raps_k50_lam0p0001,0.9004942339,3103.111975
71,0.1,adaptive_mass_rolling,302,1.375746712,mass,1000,2,570,490,0.9105263158,0.9,0.9068027211,4111.732653,3808,5146.8,0,0,raps_k50_lam0p0001,50,0.0001,True,raps_k50_lam0p0001,0.9004942339,3103.111975
71,0.1,adaptive_mass_rolling,303,1.357650109,mass,1000,2,542,485,0.9003690037,0.8886597938,0.8958762887,3994.189691,3628,5182.4,0,0,raps_k50_lam0p0001,50,0.0001,True,raps_k50_lam0p0001,0.9004942339,3103.111975
71,0.1,adaptive_mass_rolling,304,1.355804533,mass,1000,2,328,281,0.9176829268,0.9181494662,0.9217081851,3930.647687,3609,5134,0,0,raps_k50_lam0p0001,50,0.0001,True,raps_k50_lam0p0001,0.9004942339,3103.111975
71,0.1,adaptive_mass_rolling,305,1.319613546,mass,1000,3,328,295,0.9420731707,0.9355932203,0.9381355932,3570.20339,3247,4867.4,0,0,raps_k50_lam0p0001,50,0.0001,True,raps_k50_lam0p0001,0.9004942339,3103.111975
71,0.1,adaptive_mass_rolling,306,1.284237523,mass,1000,3,582,513,0.8934707904,0.8791423002,0.8875893437,3298.881092,2895,4719.4,0,0,raps_k50_lam0p0001,50,0.0001,True,raps_k50_lam0p0001,0.9004942339,3103.111975
71,0.1,adaptive_mass_rolling,307,1.2304,mass,1000,3,588,510,0.869047619,0.8509803922,0.8606535948,2855.768627,2359,4522.8,0,0,raps_k50_lam0p0001,50,0.0001,True,raps_k50_lam0p0001,0.9004942339,3103.111975
71,0.1,adaptive_mass_rolling,308,1.3086,mass,1000,2,562,497,0.8932384342,0.8832997988,0.8886653253,3581.450704,3139,4931.4,0,0,raps_k50_lam0p0001,50,0.0001,True,raps_k50_lam0p0001,0.9004942339,3103.111975
71,0.1,adaptive_mass_rolling,309,1.339399999,mass,1000,2,626,535,0.8658146965,0.8523364486,0.8632398754,3841.863551,3448,5025.6,0,0,raps_k50_lam0p0001,50,0.0001,True,raps_k50_lam0p0001,0.9004942339,3103.111975
71,0.1,adaptive_mass_rolling,310,1.406052144,mass,1000,2,620,527,0.9387096774,0.9278937381,0.9332700822,4347.836812,4111,5266.8,0,0,raps_k50_lam0p0001,50,0.0001,True,raps_k50_lam0p0001,0.9004942339,3103.111975
71,0.1,adaptive_mass_rolling,311,1.3258608,mass,1000,2,438,366,0.9178082192,0.9016393443,0.9130236794,3576.693989,3308,4655,0,0,raps_k50_lam0p0001,50,0.0001,True,raps_k50_lam0p0001,0.9004942339,3103.111975
71,0.1,adaptive_mass_rolling,312,1.225896548,mass,1000,2,460,368,0.9086956522,0.8885869565,0.9019927536,2606.809783,2309,3796.5,0,0,raps_k50_lam0p0001,50,0.0001,True,raps_k50_lam0p0001,0.9004942339,3103.111975
71,0.1,adaptive_mass_rolling,313,1.210368465,mass,1000,3,794,641,0.9042821159,0.8829953198,0.8892355694,2576.948518,2154,4227,0,0,raps_k50_lam0p0001,50,0.0001,True,raps_k50_lam0p0001,0.9004942339,3103.111975
71,0.1,adaptive_mass_rolling,314,1.209985053,mass,1000,2,678,585,0.9100294985,0.8991452991,0.9057387057,2548.379487,2151,4032.2,0,0,raps_k50_lam0p0001,50,0.0001,True,raps_k50_lam0p0001,0.9004942339,3103.111975
71,0.1,adaptive_mass_rolling,315,1.178962957,mass,1000,2,774,660,0.9018087855,0.8893939394,0.9022979798,2219.55,1840,3859,0,0,raps_k50_lam0p0001,50,0.0001,True,raps_k50_lam0p0001,0.9004942339,3103.111975
71,0.1,adaptive_mass_rolling,316,1.196366697,mass,1000,2,758,622,0.8997361478,0.8778135048,0.8802250804,2485,2015,4213.6,0,0,raps_k50_lam0p0001,50,0.0001,True,raps_k50_lam0p0001,0.9004942339,3103.111975
71,0.1,adaptive_mass_rolling,317,1.21455676,mass,1000,2,630,559,0.8793650794,0.8676207513,0.8768932618,2535.549195,2195,4052.6,0,0,raps_k50_lam0p0001,50,0.0001,True,raps_k50_lam0p0001,0.9004942339,3103.111975
71,0.1,adaptive_mass_rolling,318,1.277799183,mass,1000,2,342,308,0.9122807018,0.9025974026,0.9042207792,3148.974026,2828,4450,0,0,raps_k50_lam0p0001,50,0.0001,True,raps_k50_lam0p0001,0.9004942339,3103.111975
71,0.1,adaptive_mass_rolling,319,1.284169788,mass,1000,3,324,290,0.9290123457,0.9206896552,0.9206896552,3179.368966,2891,4473.1,0,0,raps_k50_lam0p0001,50,0.0001,True,raps_k50_lam0p0001,0.9004942339,3103.111975
71,0.1,adaptive_mass_rolling,320,1.205499949,mass,1000,3,736,646,0.9008152174,0.8885448916,0.8944272446,2591.140867,2106,4266.5,0,0,raps_k50_lam0p0001,50,0.0001,True,raps_k50_lam0p0001,0.9004942339,3103.111975
71,0.1,adaptive_mass_rolling,321,1.194717227,mass,1000,2,680,603,0.8911764706,0.8822553897,0.8897180763,2413.510779,1998,3926.8,0,0,raps_k50_lam0p0001,50,0.0001,True,raps_k50_lam0p0001,0.9004942339,3103.111975
71,0.1,adaptive_mass_rolling,322,1.22777036,mass,1000,2,668,595,0.8607784431,0.8453781513,0.8518207283,2742.887395,2328,4273.6,0,0,raps_k50_lam0p0001,50,0.0001,True,raps_k50_lam0p0001,0.9004942339,3103.111975
71,0.1,adaptive_mass_rolling,323,1.326199559,mass,1000,2,668,600,0.9251497006,0.9183333333,0.9216666667,3591.29,3312,4669.8,0,0,raps_k50_lam0p0001,50,0.0001,True,raps_k50_lam0p0001,0.9004942339,3103.111975
71,0.1,adaptive_mass_rolling,324,1.266766249,mass,1000,2,796,650,0.9384422111,0.9246153846,0.93,3047.524615,2718,4216.3,0,0,raps_k50_lam0p0001,50,0.0001,True,raps_k50_lam0p0001,0.9004942339,3103.111975
71,0.1,adaptive_mass_rolling,325,1.132023818,mass,1000,2,398,360,0.8417085427,0.825,0.8319444444,1941.558333,1370,4098.4,0,0,raps_k50_lam0p0001,50,0.0001,True,raps_k50_lam0p0001,0.9004942339,3103.111975
71,0.1,adaptive_mass_rolling,326,1.2146,mass,1000,2,422,348,0.9265402844,0.9137931034,0.9152298851,2448.948276,2196,3250.3,0,0,raps_k50_lam0p0001,50,0.0001,True,raps_k50_lam0p0001,0.9004942339,3103.111975
71,0.1,adaptive_mass_rolling,327,1.233405128,mass,1000,3,738,621,0.906504065,0.8985507246,0.9042941492,2791.357488,2384,4334,0,0,raps_k50_lam0p0001,50,0.0001,True,raps_k50_lam0p0001,0.9004942339,3103.111975
71,0.1,adaptive_mass_rolling,328,1.162499995,mass,1000,2,600,526,0.9016666667,0.8935361217,0.8982889734,2113.205323,1675,3835,0,0,raps_k50_lam0p0001,50,0.0001,True,raps_k50_lam0p0001,0.9004942339,3103.111975
71,0.1,adaptive_mass_rolling,329,1.173343589,mass,1000,2,684,599,0.884502924,0.8714524207,0.8869782972,2267.340568,1784,4106.2,0,0,raps_k50_lam0p0001,50,0.0001,True,raps_k50_lam0p0001,0.9004942339,3103.111975
71,0.1,adaptive_mass_rolling,330,1.209585698,mass,1000,2,640,580,0.903125,0.8931034483,0.8948275862,2540.641379,2146,4146.2,0,0,raps_k50_lam0p0001,50,0.0001,True,raps_k50_lam0p0001,0.9004942339,3103.111975
71,0.1,adaptive_mass_rolling,331,1.243590036,mass,1000,2,506,474,0.9071146245,0.9008438819,0.9029535865,2856.660338,2486,4394.4,0,0,raps_k50_lam0p0001,50,0.0001,True,raps_k50_lam0p0001,0.9004942339,3103.111975
71,0.1,adaptive_mass_rolling,332,1.198806813,mass,1000,2,318,300,0.893081761,0.8866666667,0.8866666667,2449.996667,2038,4211.1,0,0,raps_k50_lam0p0001,50,0.0001,True,raps_k50_lam0p0001,0.9004942339,3103.111975
71,0.1,adaptive_mass_rolling,333,1.198806813,mass,1000,3,342,312,0.8888888889,0.8782051282,0.8835470085,2462.759615,2038,4177.6,0,0,raps_k50_lam0p0001,50,0.0001,True,raps_k50_lam0p0001,0.9004942339,3103.111975
71,0.1,adaptive_mass_rolling,334,1.216705104,mass,1000,3,700,633,0.9,0.8894154818,0.8965244866,2605.35861,2217,4260.4,0,0,raps_k50_lam0p0001,50,0.0001,True,raps_k50_lam0p0001,0.9004942339,3103.111975
71,0.1,adaptive_mass_rolling,335,1.228198203,mass,1000,2,656,587,0.881097561,0.8688245315,0.8813174333,2730.654174,2332,4390,0,0,raps_k50_lam0p0001,50,0.0001,True,raps_k50_lam0p0001,0.9004942339,3103.111975
71,0.1,adaptive_mass_rolling,336,1.264319626,mass,1000,2,632,551,0.878164557,0.8602540835,0.8691772535,3081.317604,2693,4652,0,0,raps_k50_lam0p0001,50,0.0001,True,raps_k50_lam0p0001,0.9004942339,3103.111975
71,0.1,adaptive_mass_rolling,337,1.312391952,mass,1000,2,552,492,0.875,0.8617886179,0.8721544715,3464.060976,3174,4666.9,0,0,raps_k50_lam0p0001,50,0.0001,True,raps_k50_lam0p0001,0.9004942339,3103.111975
71,0.1,adaptive_mass_rolling,338,1.358,mass,1000,2,496,457,0.8891129032,0.8818380744,0.8847556528,3893.332604,3630,4879,0,0,raps_k50_lam0p0001,50,0.0001,True,raps_k50_lam0p0001,0.9004942339,3103.111975
71,0.1,adaptive_mass_rolling,339,1.384305367,mass,1000,2,328,297,0.8963414634,0.8956228956,0.9046015713,4029.535354,3893,4328.4,0,0,raps_k50_lam0p0001,50,0.0001,True,raps_k50_lam0p0001,0.9004942339,3103.111975
71,0.1,adaptive_mass_rolling,340,1.378875828,mass,1000,3,328,303,0.9359756098,0.9306930693,0.9306930693,4051.287129,3838,4903.2,0,0,raps_k50_lam0p0001,50,0.0001,True,raps_k50_lam0p0001,0.9004942339,3103.111975
71,0.1,adaptive_mass_rolling,341,1.350137639,mass,1000,3,576,519,0.9340277778,0.9267822736,0.9312138728,3809.190751,3551,4890.6,0,0,raps_k50_lam0p0001,50,0.0001,True,raps_k50_lam0p0001,0.9004942339,3103.111975
71,0.1,adaptive_mass_rolling,342,1.251299928,mass,1000,3,636,565,0.8867924528,0.8743362832,0.881120944,2976.461947,2563,4447.2,0,0,raps_k50_lam0p0001,50,0.0001,True,raps_k50_lam0p0001,0.9004942339,3103.111975
71,0.1,adaptive_mass_rolling,343,1.293263495,mass,1000,2,642,567,0.8753894081,0.860670194,0.8774544386,3367.102293,2983,4749.2,0,0,raps_k50_lam0p0001,50,0.0001,True,raps_k50_lam0p0001,0.9004942339,3103.111975
71,0.1,adaptive_mass_rolling,344,1.324392727,mass,1000,2,650,582,0.9153846154,0.9054982818,0.9097938144,3596.597938,3294,4763,0,0,raps_k50_lam0p0001,50,0.0001,True,raps_k50_lam0p0001,0.9004942339,3103.111975
71,0.1,adaptive_mass_rolling,345,1.3015,mass,1000,2,586,501,0.9129692833,0.8982035928,0.9051896208,3416.387226,3065,4815,0,0,raps_k50_lam0p0001,50,0.0001,True,raps_k50_lam0p0001,0.9004942339,3103.111975
71,0.1,adaptive_mass_rolling,346,1.220699887,mass,1000,2,224,197,0.9598214286,0.9543147208,0.9593908629,2552.786802,2257,3866.2,0,0,raps_k50_lam0p0001,50,0.0001,True,raps_k50_lam0p0001,0.9004942339,3103.111975
71,0.1,adaptive_mass_rolling,347,1.161299992,mass,1000,3,306,277,0.9183006536,0.9097472924,0.9121540313,2017.122744,1663,3662.8,0,0,raps_k50_lam0p0001,50,0.0001,True,raps_k50_lam0p0001,0.9004942339,3103.111975
71,0.1,adaptive_mass_rolling,348,1.152494187,mass,1000,3,714,610,0.8823529412,0.862295082,0.8681693989,2004.634426,1575,3985.3,0,0,raps_k50_lam0p0001,50,0.0001,True,raps_k50_lam0p0001,0.9004942339,3103.111975
71,0.1,adaptive_mass_rolling,349,1.2115,mass,1000,2,600,545,0.8733333333,0.8605504587,0.8706422018,2535.440367,2165,3967.4,0,0,raps_k50_lam0p0001,50,0.0001,True,raps_k50_lam0p0001,0.9004942339,3103.111975
71,0.1,adaptive_mass_rolling,350,1.302287853,mass,1000,2,656,560,0.8978658537,0.8857142857,0.8922619048,3312.589286,3072,4400.2,0,0,raps_k50_lam0p0001,50,0.0001,True,raps_k50_lam0p0001,0.9004942339,3103.111975
71,0.1,adaptive_mass_rolling,351,1.351996643,mass,1000,2,522,476,0.8888888889,0.8781512605,0.8820028011,3842.766807,3569,5131,0,0,raps_k50_lam0p0001,50,0.0001,True,raps_k50_lam0p0001,0.9004942339,3103.111975
71,0.1,adaptive_mass_rolling,352,1.354781593,mass,1000,2,462,415,0.9155844156,0.9084337349,0.9124497992,3810.139759,3597,4542.2,0,0,raps_k50_lam0p0001,50,0.0001,True,raps_k50_lam0p0001,0.9004942339,3103.111975
71,0.1,adaptive_mass_rolling,353,1.352297258,mass,1000,3,242,226,0.8719008264,0.8628318584,0.8716814159,3738.90708,3572,4342,0,0,raps_k50_lam0p0001,50,0.0001,True,raps_k50_lam0p0001,0.9004942339,3103.111975
71,0.1,adaptive_mass_rolling,354,1.355199012,mass,1000,3,238,227,0.8907563025,0.8854625551,0.8898678414,3826.84141,3602,4619.6,0,0,raps_k50_lam0p0001,50,0.0001,True,raps_k50_lam0p0001,0.9004942339,3103.111975
71,0.1,adaptive_mass_rolling,355,1.357199995,mass,1000,4,578,506,0.8667820069,0.8616600791,0.8722237907,3885.944664,3622,4910.5,0,0,raps_k50_lam0p0001,50,0.0001,True,raps_k50_lam0p0001,0.9004942339,3103.111975
71,0.1,adaptive_mass_rolling,356,1.4169,mass,1000,3,548,483,0.9306569343,0.9254658385,0.9275362319,4429.606625,4219,5355.4,0,0,raps_k50_lam0p0001,50,0.0001,True,raps_k50_lam0p0001,0.9004942339,3103.111975
71,0.1,adaptive_mass_rolling,357,1.38569985,mass,1000,2,406,363,0.9187192118,0.9173553719,0.9237832874,4036.939394,3907,4479.8,0,0,raps_k50_lam0p0001,50,0.0001,True,raps_k50_lam0p0001,0.9004942339,3103.111975
71,0.1,adaptive_mass_rolling,358,1.335153887,mass,1000,3,300,276,0.92,0.9130434783,0.9130434783,3622.039855,3401,4523.5,0,0,raps_k50_lam0p0001,50,0.0001,True,raps_k50_lam0p0001,0.9004942339,3103.111975
71,0.1,adaptive_mass_rolling,359,1.297291009,mass,1000,3,330,312,0.9060606061,0.9006410256,0.9022435897,3363.519231,3023,4727.6,0,0,raps_k50_lam0p0001,50,0.0001,True,raps_k50_lam0p0001,0.9004942339,3103.111975
71,0.1,adaptive_mass_rolling,360,1.270606224,mass,1000,3,228,214,0.9429824561,0.9392523364,0.9392523364,2973.67757,2756,3539.2,0,0,raps_k50_lam0p0001,50,0.0001,True,raps_k50_lam0p0001,0.9004942339,3103.111975
71,0.1,adaptive_mass_rolling,361,1.2311,mass,1000,4,246,226,0.906504065,0.8982300885,0.9026548673,2614.154867,2361,3419.5,0,0,raps_k50_lam0p0001,50,0.0001,True,raps_k50_lam0p0001,0.9004942339,3103.111975
71,0.1,adaptive_mass_rolling,362,1.164999014,mass,1000,4,620,530,0.8967741935,0.8811320755,0.8896226415,2052.296226,1699,3664.3,0,0,raps_k50_lam0p0001,50,0.0001,True,raps_k50_lam0p0001,0.9004942339,3103.111975
71,0.1,adaptive_mass_rolling,363,1.147099204,mass,1000,3,386,353,0.8756476684,0.8696883853,0.8720491029,1880.033994,1520,3536.4,0,0,raps_k50_lam0p0001,50,0.0001,True,raps_k50_lam0p0001,0.9004942339,3103.111975
71,0.1,adaptive_mass_rolling,364,1.237251049,mass,1000,2,354,329,0.895480226,0.8875379939,0.8905775076,2700.866261,2422,3954,0,0,raps_k50_lam0p0001,50,0.0001,True,raps_k50_lam0p0001,0.9004942339,3103.111975
17,0.2,margin_rolling,292,14.42218304,score_margin,1000,3,730,658,0.8726027397,0.8875379939,0.8959473151,3659.8769,4205,7128,0.01975683891,0.3054711246,,,,,,,
17,0.2,margin_rolling,293,14.9232325,score_margin,1000,2,658,581,0.9240121581,0.9277108434,0.94205393,3991.07401,6128,7128,0.006884681583,0.3511187608,,,,,,,
17,0.2,margin_rolling,294,14.92362431,score_margin,1000,2,618,538,0.8608414239,0.8550185874,0.8792131351,3831.95539,5330.5,7128,0.02230483271,0.3364312268,,,,,,,
17,0.2,margin_rolling,295,15.86718941,score_margin,1000,2,666,578,0.9159159159,0.9204152249,0.9361014994,4295.934256,6400,7128,0.008650519031,0.3512110727,,,,,,,
17,0.2,margin_rolling,296,15.99952297,score_margin,1000,2,516,466,0.8798449612,0.8755364807,0.8924892704,4195.877682,6549.5,7128,0.004291845494,0.3497854077,,,,,,,
17,0.2,margin_rolling,297,16.0117408,score_margin,1000,2,292,254,0.8664383562,0.8897637795,0.9024934383,3597.287402,4239.5,7128,0.003937007874,0.2992125984,,,,,,,
17,0.2,margin_rolling,298,17.09329543,score_margin,1000,3,252,224,0.9484126984,0.9598214286,0.9672619048,4263.424107,6847.5,7128,0.004464285714,0.3616071429,,,,,,,
17,0.2,margin_rolling,299,16.24278927,score_margin,1000,3,702,615,0.8974358974,0.9073170732,0.9216415021,4141.463415,6671,7128,0.01138211382,0.3300813008,,,,,,,
17,0.2,margin_rolling,300,16.15083599,score_margin,1000,3,664,573,0.9036144578,0.9040139616,0.9264107039,4341.331588,6849,7128,0.01570680628,0.3682373473,,,,,,,
17,0.2,margin_rolling,301,16.56240796,score_margin,1000,2,616,552,0.913961039,0.9094202899,0.9210748792,4453.434783,7054.5,7128,0.007246376812,0.3913043478,,,,,,,
17,0.2,margin_rolling,302,16.07564378,score_margin,1000,2,570,490,0.8754385965,0.8714285714,0.8916229349,3885.304082,5749,7128,0.01836734694,0.3326530612,,,,,,,
17,0.2,margin_rolling,303,17.07124424,score_margin,1000,2,542,485,0.9095940959,0.9010309278,0.9102405498,4320.54433,6931,7128,0.01030927835,0.387628866,,,,,,,
17,0.2,margin_rolling,304,16.38938475,score_margin,1000,2,328,281,0.875,0.8647686833,0.9036180308,3978.814947,6067,7128,0.01067615658,0.3309608541,,,,,,,
17,0.2,margin_rolling,305,17.09840631,score_margin,1000,3,328,295,0.9390243902,0.9389830508,0.9505084746,4013.19661,6075,7128,0.003389830508,0.3186440678,,,,,,,
17,0.2,margin_rolling,306,16.54932737,score_margin,1000,3,582,513,0.8865979381,0.8986354776,0.9168940871,3983.797271,6264,7128,0.01754385965,0.3547758285,,,,,,,
17,0.2,margin_rolling,307,16.70671797,score_margin,1000,3,588,510,0.8962585034,0.9019607843,0.9217320261,4313.682353,6876,7128,0.009803921569,0.3666666667,,,,,,,
17,0.2,margin_rolling,308,16.82828712,score_margin,1000,2,562,497,0.8914590747,0.8913480885,0.9100507809,4235.619718,6996,7128,0.01408450704,0.3963782696,,,,,,,
17,0.2,margin_rolling,309,17.07365823,score_margin,1000,2,626,535,0.9009584665,0.9046728972,0.9223364486,4379.31215,7015,7128,0.01121495327,0.4130841121,,,,,,,
17,0.2,margin_rolling,310,17.18890667,score_margin,1000,2,620,527,0.935483871,0.9278937381,0.9487033523,3962.413662,5699,7128,0.009487666034,0.320683112,,,,,,,
17,0.2,margin_rolling,311,16.35102129,score_margin,1000,2,438,366,0.901826484,0.8907103825,0.9174863388,3214.461749,1273,7128,0.008196721311,0.2459016393,,,,,,,
17,0.2,margin_rolling,312,15.87267876,score_margin,1000,2,460,368,0.8695652174,0.875,0.9001423395,3052.921196,1156,7128,0.01630434783,0.214673913,,,,,,,
17,0.2,margin_rolling,313,16.81462479,score_margin,1000,3,794,641,0.9042821159,0.8923556942,0.9211908476,3598.223089,3899,7128,0.01716068643,0.2901716069,,,,,,,
17,0.2,margin_rolling,314,17.15543127,score_margin,1000,2,678,585,0.9056047198,0.9042735043,0.9253032153,3805.164103,5024,7128,0.01538461538,0.3042735043,,,,,,,
17,0.2,margin_rolling,315,17.37816095,score_margin,1000,2,774,660,0.8927648579,0.8893939394,0.907979798,3898.89697,5822.5,7128,0.009090909091,0.2954545455,,,,,,,
17,0.2,margin_rolling,316,18.35450745,score_margin,1000,2,758,622,0.9182058047,0.9099678457,0.927920686,4541.170418,6973.5,7128,0.01125401929,0.3553054662,,,,,,,
17,0.2,margin_rolling,317,17.50053596,score_margin,1000,2,630,559,0.8936507937,0.8908765653,0.9105545617,3527.184258,2191,7128,0.01967799642,0.2737030411,,,,,,,
17,0.2,margin_rolling,318,17.82950974,score_margin,1000,2,342,308,0.9035087719,0.9058441558,0.9237012987,3526.603896,1937,7128,0.01298701299,0.3051948052,,,,,,,
17,0.2,margin_rolling,319,17.75165272,score_margin,1000,3,324,290,0.9043209877,0.8931034483,0.9034482759,3720.896552,4378.5,7128,0.01034482759,0.2827586207,,,,,,,
17,0.2,margin_rolling,320,17.85423708,score_margin,1000,3,736,646,0.8980978261,0.9024767802,0.9123323013,4192.25387,6857.5,7128,0.01083591331,0.3715170279,,,,,,,
17,0.2,margin_rolling,321,17.85423708,score_margin,1000,2,680,603,0.9117647059,0.9054726368,0.917634052,4219.824212,6507,7128,0.009950248756,0.3250414594,,,,,,,
17,0.2,margin_rolling,322,18.23426151,score_margin,1000,2,668,595,0.9266467066,0.9294117647,0.9355742297,4262.290756,6919,7128,0.006722689076,0.356302521,,,,,,,
17,0.2,margin_rolling,323,16.92999077,score_margin,1000,2,668,600,0.878742515,0.875,0.895,3863.195,5421.5,7128,0.01333333333,0.2666666667,,,,,,,
17,0.2,margin_rolling,324,18.16915751,score_margin,1000,2,796,650,0.8881909548,0.8923076923,0.9178717949,4120.56,6394.5,7128,0.007692307692,0.3215384615,,,,,,,
17,0.2,margin_rolling,325,18.44327164,score_margin,1000,2,398,360,0.8793969849,0.8722222222,0.8925925926,3803.452778,5423.5,7128,0.01666666667,0.3611111111,,,,,,,
17,0.2,margin_rolling,326,18.54450226,score_margin,1000,2,422,348,0.8720379147,0.8620689655,0.8846982759,3320.985632,1487,7128,0.005747126437,0.2873563218,,,,,,,
17,0.2,margin_rolling,327,19.44695282,score_margin,1000,3,738,621,0.9092140921,0.9130434783,0.9388888889,4269.075684,6753,7128,0.01127214171,0.3913043478,,,,,,,
17,0.2,margin_rolling,328,19.02866626,score_margin,1000,2,600,526,0.9,0.9106463878,0.9193373167,4330.534221,6963,7128,0.01140684411,0.3669201521,,,,,,,
17,0.2,margin_rolling,329,19.38062775,score_margin,1000,2,684,599,0.9166666667,0.9165275459,0.9299944352,4314.500835,6977,7128,0.005008347245,0.4006677796,,,,,,,
17,0.2,margin_rolling,330,18.74193296,score_margin,1000,2,640,580,0.9203125,0.9206896552,0.9329022989,4127.394828,6573.5,7128,0.006896551724,0.3344827586,,,,,,,
17,0.2,margin_rolling,331,17.99681854,score_margin,1000,2,506,474,0.9071146245,0.9113924051,0.9140295359,3895.668776,6173.5,7128,0.01476793249,0.3185654008,,,,,,,
17,0.2,margin_rolling,332,17.66370606,score_margin,1000,2,318,300,0.8993710692,0.8966666667,0.905,3574.826667,2245.5,7128,0.02666666667,0.3133333333,,,,,,,
17,0.2,margin_rolling,333,17.64433712,score_margin,1000,3,342,312,0.8801169591,0.875,0.891025641,3652.810897,4407.5,7128,0.02884615385,0.3237179487,,,,,,,
17,0.2,margin_rolling,334,17.86148298,score_margin,1000,3,700,633,0.9057142857,0.9115323855,0.9222485519,3775.483412,5026,7128,0.02843601896,0.3033175355,,,,,,,
17,0.2,margin_rolling,335,18.08505154,score_margin,1000,2,656,587,0.8856707317,0.8807495741,0.8984099943,3781.492334,4919,7128,0.01873935264,0.3253833049,,,,,,,
17,0.2,margin_rolling,336,19.24543327,score_margin,1000,2,632,551,0.9050632911,0.9056261343,0.9176346038,4206.150635,6780,7128,0.01270417423,0.3756805808,,,,,,,
17,0.2,margin_rolling,337,18.92903328,score_margin,1000,2,552,492,0.9076086957,0.9085365854,0.9160569106,4033.481707,6077,7128,0.01219512195,0.331300813,,,,,,,
17,0.2,margin_rolling,338,19.20096064,score_margin,1000,2,496,457,0.9032258065,0.9212253829,0.928519329,4163.008753,6337,7128,0.01094091904,0.3391684902,,,,,,,
17,0.2,margin_rolling,339,18.27181339,score_margin,1000,2,328,297,0.887195122,0.8855218855,0.9009539843,3417.228956,1877,7128,0.0303030303,0.2255892256,,,,,,,
17,0.2,margin_rolling,340,18.77663779,score_margin,1000,3,328,303,0.9146341463,0.9174917492,0.9301430143,3899.029703,5137,7128,0.009900990099,0.3366336634,,,,,,,
17,0.2,margin_rolling,341,18.4649086,score_margin,1000,3,576,519,0.8923611111,0.9036608863,0.9162491972,3961.393064,5863,7128,0.02504816956,0.3333333333,,,,,,,
17,0.2,margin_rolling,342,18.55322266,score_margin,1000,3,636,565,0.893081761,0.8973451327,0.9122418879,3919.614159,5297,7128,0.01592920354,0.3345132743,,,,,,,
17,0.2,margin_rolling,343,19.94005537,score_margin,1000,2,642,567,0.8862928349,0.8871252205,0.8978835979,4706.0194,7033,7128,0.01234567901,0.3968253968,,,,,,,
17,0.2,margin_rolling,344,20.99544811,score_margin,1000,2,650,582,0.9030769231,0.9003436426,0.9115120275,4445.702749,6989,7128,0.008591065292,0.3969072165,,,,,,,
17,0.2,margin_rolling,345,21.02112961,score_margin,1000,2,586,501,0.9078498294,0.8982035928,0.9108449767,4476.01996,7083,7128,0.00998003992,0.4231536926,,,,,,,
17,0.2,margin_rolling,346,20.53433514,score_margin,1000,2,224,197,0.9151785714,0.9137055838,0.9314720812,3519.913706,2008,7128,0,0.2741116751,,,,,,,
17,0.2,margin_rolling,347,19.9246664,score_margin,1000,3,306,277,0.9117647059,0.916967509,0.921179302,3428.613718,1808,7128,0.007220216606,0.3104693141,,,,,,,
17,0.2,margin_rolling,348,19.31042671,score_margin,1000,3,714,610,0.8977591036,0.893442623,0.9076502732,3823.745902,5463,7128,0.01803278689,0.3196721311,,,,,,,
17,0.2,margin_rolling,349,19.24793625,score_margin,1000,2,600,545,0.8533333333,0.8568807339,0.8697247706,3656.550459,4222,7128,0.01651376147,0.3247706422,,,,,,,
17,0.2,margin_rolling,350,21.47898674,score_margin,1000,2,656,560,0.9024390244,0.8982142857,0.9189583333,3851.721429,5465,7128,0.01607142857,0.3267857143,,,,,,,
17,0.2,margin_rolling,351,21.61467075,score_margin,1000,2,522,476,0.8754789272,0.8802521008,0.9019607843,3859.97479,5067,7128,0.01890756303,0.3214285714,,,,,,,
17,0.2,margin_rolling,352,22.15691879,score_margin,1000,2,462,415,0.8982683983,0.9036144578,0.9201807229,4221.248193,6519,7128,0.01445783133,0.3325301205,,,,,,,
17,0.2,margin_rolling,353,22.84156895,score_margin,1000,3,242,226,0.9008264463,0.8938053097,0.907079646,3917.022124,5646,7128,0.01769911504,0.3805309735,,,,,,,
17,0.2,margin_rolling,354,22.84156895,score_margin,1000,3,238,227,0.9075630252,0.9074889868,0.9155653451,4320.052863,6643,7128,0.008810572687,0.3876651982,,,,,,,
17,0.2,margin_rolling,355,23.3586036,score_margin,1000,4,578,506,0.8910034602,0.9051383399,0.9223131941,4681.555336,7115.5,7128,0.01185770751,0.4545454545,,,,,,,
17,0.2,margin_rolling,356,23.3714323,score_margin,1000,3,548,483,0.9051094891,0.9047619048,0.9151138716,4407.718427,7062,7128,0.01242236025,0.4140786749,,,,,,,
17,0.2,margin_rolling,357,23.43138885,score_margin,1000,2,406,363,0.9236453202,0.9201101928,0.9354912764,4218.658402,6416,7128,0.01377410468,0.3305785124,,,,,,,
17,0.2,margin_rolling,358,21.81972885,score_margin,1000,3,300,276,0.9,0.8985507246,0.9154589372,3458.166667,1985,7128,0.003623188406,0.2608695652,,,,,,,
17,0.2,margin_rolling,359,21.68429326,score_margin,1000,3,330,312,0.9575757576,0.9551282051,0.9642094017,4637.189103,7122.5,7128,0.009615384615,0.4487179487,,,,,,,
17,0.2,margin_rolling,360,18.83168697,score_margin,1000,3,228,214,0.8947368421,0.8971962617,0.9018691589,2932.593458,771.5,7128,0.009345794393,0.2336448598,,,,,,,
17,0.2,margin_rolling,361,19.4953208,score_margin,1000,4,246,226,0.8780487805,0.8805309735,0.889380531,2970.548673,720,7128,0.03539823009,0.2256637168,,,,,,,
17,0.2,margin_rolling,362,18.90998101,score_margin,1000,4,620,530,0.8370967742,0.8754716981,0.900197664,2952.343396,781.5,7128,0.0320754717,0.2264150943,,,,,,,
17,0.2,margin_rolling,363,23.76343727,score_margin,1000,3,386,353,0.9248704663,0.9320113314,0.9438149197,4107.796034,6408,7128,0.01699716714,0.3597733711,,,,,,,
17,0.2,margin_rolling,364,23.76768684,score_margin,1000,2,354,329,0.918079096,0.9179331307,0.9270516717,4125.659574,6643,7128,0.02431610942,0.3495440729,,,,,,,
29,0.2,margin_rolling,292,14.24217987,score_margin,1000,3,730,658,0.8863013699,0.8981762918,0.9084599797,3659.834347,4229.5,7128,0.009118541033,0.3419452888,,,,,,,
29,0.2,margin_rolling,293,14.5790143,score_margin,1000,2,658,581,0.8951367781,0.9018932874,0.9196787149,4080.815835,6331,7128,0.01204819277,0.3459552496,,,,,,,
29,0.2,margin_rolling,294,15.65586281,score_margin,1000,2,618,538,0.8754045307,0.8791821561,0.9002168525,4082.827138,6254.5,7128,0.01301115242,0.3940520446,,,,,,,
29,0.2,margin_rolling,295,16.57697487,score_margin,1000,2,666,578,0.9114114114,0.9134948097,0.933160323,4645.470588,7037,7128,0.005190311419,0.4083044983,,,,,,,
29,0.2,margin_rolling,296,16.59823976,score_margin,1000,2,516,466,0.8953488372,0.8927038627,0.9115164521,4403.197425,7075.5,7128,0.002145922747,0.4334763948,,,,,,,
29,0.2,margin_rolling,297,16.59823976,score_margin,1000,2,292,254,0.8698630137,0.8976377953,0.9101049869,3752.846457,4757.5,7128,0.007874015748,0.3503937008,,,,,,,
29,0.2,margin_rolling,298,17.83734727,score_margin,1000,3,252,224,0.9285714286,0.9419642857,0.9505208333,4427.209821,7062.5,7128,0.004464285714,0.3839285714,,,,,,,
29,0.2,margin_rolling,299,16.94033718,score_margin,1000,3,702,615,0.8931623932,0.9105691057,0.9218815331,4274.045528,6919,7128,0.00325203252,0.3804878049,,,,,,,
29,0.2,margin_rolling,300,17.08553982,score_margin,1000,3,664,573,0.9036144578,0.9057591623,0.9273802598,4521.478185,7095,7128,0.006980802792,0.427574171,,,,,,,
29,0.2,margin_rolling,301,17.73204207,score_margin,1000,2,616,552,0.9237012987,0.9257246377,0.9357487923,4820.101449,7123.5,7128,0.001811594203,0.4692028986,,,,,,,
29,0.2,margin_rolling,302,16.32877278,score_margin,1000,2,570,490,0.8859649123,0.8836734694,0.8996890185,3930.283673,6070,7128,0.008163265306,0.3632653061,,,,,,,
29,0.2,margin_rolling,303,17.16060448,score_margin,1000,2,542,485,0.9077490775,0.9030927835,0.9140206186,4311.430928,6957,7128,0.00412371134,0.4082474227,,,,,,,
29,0.2,margin_rolling,304,16.26912117,score_margin,1000,2,328,281,0.8719512195,0.871886121,0.9003558719,3883.505338,5772,7128,0.01067615658,0.3309608541,,,,,,,
29,0.2,margin_rolling,305,17.66345531,score_margin,1000,3,328,295,0.9298780488,0.9355932203,0.946440678,4025.257627,6588,7128,0.003389830508,0.3728813559,,,,,,,
29,0.2,margin_rolling,306,16.69694901,score_margin,1000,3,582,513,0.8934707904,0.9122807018,0.9235217674,4022.333333,6326,7128,0.007797270955,0.395711501,,,,,,,
29,0.2,margin_rolling,307,16.7467289,score_margin,1000,3,588,510,0.9030612245,0.9156862745,0.9318627451,4372.25098,6988.5,7128,0.003921568627,0.3803921569,,,,,,,
29,0.2,margin_rolling,308,17.02888393,score_margin,1000,2,562,497,0.8914590747,0.893360161,0.910893935,4320.567404,6991,7128,0.01408450704,0.4245472837,,,,,,,
29,0.2,margin_rolling,309,17.21894956,score_margin,1000,2,626,535,0.8961661342,0.9028037383,0.9198442368,4461.594393,7084,7128,0.007476635514,0.4242990654,,,,,,,
29,0.2,margin_rolling,310,18.21462941,score_margin,1000,2,620,527,0.9403225806,0.9316888046,0.9532890576,4291.648956,6948,7128,0.007590132827,0.385199241,,,,,,,
29,0.2,margin_rolling,311,16.92171049,score_margin,1000,2,438,366,0.8926940639,0.8852459016,0.9116575592,3573.480874,2537.5,7128,0.01092896175,0.2950819672,,,,,,,
29,0.2,margin_rolling,312,16.31933355,score_margin,1000,2,460,368,0.852173913,0.8722826087,0.8983048654,3338.182065,1465.5,7128,0.01086956522,0.2445652174,,,,,,,
29,0.2,margin_rolling,313,17.85619545,score_margin,1000,3,794,641,0.9080604534,0.9063962559,0.93049922,3923.312012,5980,7128,0.01092043682,0.3541341654,,,,,,,
29,0.2,margin_rolling,314,18.11542511,score_margin,1000,2,678,585,0.9085545723,0.905982906,0.9244607245,4107.217094,6748,7128,0.01025641026,0.3811965812,,,,,,,
29,0.2,margin_rolling,315,17.91622543,score_margin,1000,2,774,660,0.9018087855,0.9,0.9177020202,4042.192424,6498,7128,0.009090909091,0.3424242424,,,,,,,
29,0.2,margin_rolling,316,18.65730572,score_margin,1000,2,758,622,0.9234828496,0.921221865,0.938960343,4661.205788,7099,7128,0.008038585209,0.4115755627,,,,,,,
29,0.2,margin_rolling,317,17.03832483,score_margin,1000,2,630,559,0.8793650794,0.8819320215,0.9011627907,3526.345259,2419,7128,0.008944543828,0.2862254025,,,,,,,
29,0.2,margin_rolling,318,18.46615028,score_margin,1000,2,342,308,0.918128655,0.9188311688,0.9334415584,3692.886364,4422,7128,0.01298701299,0.3344155844,,,,,,,
29,0.2,margin_rolling,319,17.65471768,score_margin,1000,3,324,290,0.9166666667,0.9103448276,0.9189655172,3632.893103,4317.5,7128,0.006896551724,0.3068965517,,,,,,,
29,0.2,margin_rolling,320,17.57670259,score_margin,1000,3,736,646,0.8872282609,0.9024767802,0.9108015136,4169.472136,6676.5,7128,0.009287925697,0.3978328173,,,,,,,
29,0.2,margin_rolling,321,18.07698703,score_margin,1000,2,680,603,0.9176470588,0.9104477612,0.9248203427,4275.84743,6803,7128,0.009950248756,0.3648424544,,,,,,,
29,0.2,margin_rolling,322,18.64223862,score_margin,1000,2,668,595,0.9236526946,0.9277310924,0.9350140056,4443.058824,6992,7128,0.006722689076,0.3932773109,,,,,,,
29,0.2,margin_rolling,323,17.29123688,score_margin,1000,2,668,600,0.8937125749,0.8883333333,0.9041666667,4057.791667,5821.5,7128,0.008333333333,0.3166666667,,,,,,,
29,0.2,margin_rolling,324,18.0072834,score_margin,1000,2,796,650,0.891959799,0.8984615385,0.9232820513,4170.949231,6805.5,7128,0.009230769231,0.3784615385,,,,,,,
29,0.2,margin_rolling,325,18.27487707,score_margin,1000,2,398,360,0.8693467337,0.8722222222,0.8791666667,3807.522222,5733.5,7128,0.01666666667,0.3722222222,,,,,,,
29,0.2,margin_rolling,326,18.45326066,score_margin,1000,2,422,348,0.8672985782,0.8706896552,0.8884099617,3320.591954,1052,7128,0.008620689655,0.2931034483,,,,,,,
29,0.2,margin_rolling,327,20.25591755,score_margin,1000,3,738,621,0.9200542005,0.922705314,0.945222759,4569.320451,7079,7128,0.008051529791,0.4428341385,,,,,,,
29,0.2,margin_rolling,328,18.97992516,score_margin,1000,2,600,526,0.9033333333,0.9163498099,0.926697447,4345.840304,6881,7128,0.005703422053,0.3783269962,,,,,,,
29,0.2,margin_rolling,329,19.57675171,score_margin,1000,2,684,599,0.9312865497,0.9348914858,0.9416249304,4362.193656,6975,7128,0.003338898164,0.4190317195,,,,,,,
29,0.2,margin_rolling,330,18.23473978,score_margin,1000,2,640,580,0.9203125,0.925862069,0.9317528736,4008.215517,5842.5,7128,0.006896551724,0.3413793103,,,,,,,
29,0.2,margin_rolling,331,17.89523888,score_margin,1000,2,506,474,0.9130434783,0.9113924051,0.9171940928,3865.35443,5503.5,7128,0.004219409283,0.3417721519,,,,,,,
29,0.2,margin_rolling,332,17.06348455,score_margin,1000,2,318,300,0.893081761,0.8966666667,0.9038888889,3416.063333,1748,7128,0.02333333333,0.3033333333,,,,,,,
29,0.2,margin_rolling,333,17.33260441,score_margin,1000,3,342,312,0.8742690058,0.8717948718,0.8835470085,3606.237179,4077.5,7128,0.01602564103,0.3269230769,,,,,,,
29,0.2,margin_rolling,334,17.73474598,score_margin,1000,3,700,633,0.9,0.9020537125,0.9130068457,3756.612954,4949,7128,0.01421800948,0.3127962085,,,,,,,
29,0.2,margin_rolling,335,17.9736681,score_margin,1000,2,656,587,0.8917682927,0.8875638842,0.9056218058,3853.577513,5291,7128,0.01192504259,0.33560477,,,,,,,
29,0.2,margin_rolling,336,18.87942886,score_margin,1000,2,632,551,0.8924050633,0.8856624319,0.9036902601,4193.900181,6769,7128,0.0108892922,0.388384755,,,,,,,
29,0.2,margin_rolling,337,19.57240951,score_margin,1000,2,552,492,0.9003623188,0.9044715447,0.9159214092,4132.597561,6540,7128,0.00406504065,0.3780487805,,,,,,,
29,0.2,margin_rolling,338,19.9578619,score_margin,1000,2,496,457,0.9153225806,0.9299781182,0.9376367615,4435.588621,6866,7128,0.004376367615,0.4048140044,,,,,,,
29,0.2,margin_rolling,339,19.04840446,score_margin,1000,2,328,297,0.8993902439,0.898989899,0.906285073,3742.121212,4481,7128,0.02693602694,0.2861952862,,,,,,,
29,0.2,margin_rolling,340,19.04840446,score_margin,1000,3,328,303,0.9054878049,0.9141914191,0.9257425743,4058.066007,6222,7128,0.0198019802,0.3465346535,,,,,,,
29,0.2,margin_rolling,341,18.99173355,score_margin,1000,3,576,519,0.8836805556,0.894026975,0.9082209377,4084.236994,6575,7128,0.009633911368,0.3506743738,,,,,,,
29,0.2,margin_rolling,342,19.31341171,score_margin,1000,3,636,565,0.8883647799,0.8902654867,0.9053097345,4043.295575,6295,7128,0.01061946903,0.3752212389,,,,,,,
29,0.2,margin_rolling,343,20.37864685,score_margin,1000,2,642,567,0.8909657321,0.8888888889,0.9042328042,4779.791887,7120,7128,0.01058201058,0.455026455,,,,,,,
29,0.2,margin_rolling,344,20.64124775,score_margin,1000,2,650,582,0.8861538462,0.883161512,0.8991981672,4384.094502,6961,7128,0.006872852234,0.4295532646,,,,,,,
29,0.2,margin_rolling,345,21.54627991,score_margin,1000,2,586,501,0.9351535836,0.9281437126,0.9384564205,4576.431138,7123,7128,0.005988023952,0.4810379242,,,,,,,
29,0.2,margin_rolling,346,20.43744946,score_margin,1000,2,224,197,0.9151785714,0.9137055838,0.9314720812,3502.116751,1803,7128,0.005076142132,0.3147208122,,,,,,,
29,0.2,margin_rolling,347,19.07560062,score_margin,1000,3,306,277,0.8954248366,0.9025270758,0.9109506619,3264.33213,1018,7128,0.01805054152,0.3032490975,,,,,,,
29,0.2,margin_rolling,348,19.07560062,score_margin,1000,3,714,610,0.8823529412,0.8836065574,0.8993169399,3770.847541,5171.5,7128,0.0131147541,0.3409836066,,,,,,,
29,0.2,margin_rolling,349,19.91174555,score_margin,1000,2,600,545,0.8683333333,0.8660550459,0.8795107034,3845.862385,5604,7128,0.003669724771,0.3669724771,,,,,,,
29,0.2,margin_rolling,350,22.14869833,score_margin,1000,2,656,560,0.9237804878,0.9232142857,0.9383035714,4148.319643,6410.5,7128,0.005357142857,0.3767857143,,,,,,,
29,0.2,margin_rolling,351,20.74869013,score_margin,1000,2,522,476,0.8735632184,0.8760504202,0.893907563,3731.12395,5036,7128,0.01470588235,0.3340336134,,,,,,,
29,0.2,margin_rolling,352,21.66875076,score_margin,1000,2,462,415,0.9004329004,0.913253012,0.9272088353,4054.838554,6361,7128,0.009638554217,0.3493975904,,,,,,,
29,0.2,margin_rolling,353,22.48117256,score_margin,1000,3,242,226,0.8966942149,0.9026548673,0.9092920354,4009.035398,6579.5,7128,0.008849557522,0.3584070796,,,,,,,
29,0.2,margin_rolling,354,22.30427265,score_margin,1000,3,238,227,0.9285714286,0.9251101322,0.9317180617,4376.321586,6927,7128,0.008810572687,0.4052863436,,,,,,,
29,0.2,margin_rolling,355,22.39728889,score_margin,1000,4,578,506,0.8719723183,0.8873517787,0.9060794278,4529.523715,7110.5,7128,0.005928853755,0.4466403162,,,,,,,
29,0.2,margin_rolling,356,23.32108378,score_margin,1000,3,548,483,0.901459854,0.9026915114,0.9140786749,4446.52795,7094,7128,0.004140786749,0.4368530021,,,,,,,
29,0.2,margin_rolling,357,23.75983858,score_margin,1000,2,406,363,0.9285714286,0.9311294766,0.9423783287,4219.143251,6969,7128,0.01377410468,0.3581267218,,,,,,,
29,0.2,margin_rolling,358,22.51110637,score_margin,1000,3,300,276,0.8866666667,0.8913043478,0.9051932367,3595.644928,1826.5,7128,0.01449275362,0.3043478261,,,,,,,
29,0.2,margin_rolling,359,22.79466712,score_margin,1000,3,330,312,0.9484848485,0.9487179487,0.9561965812,4938.730769,7128,7128,0.00641025641,0.5192307692,,,,,,,
29,0.2,margin_rolling,360,19.63973677,score_margin,1000,3,228,214,0.8771929825,0.8831775701,0.8948598131,3504.481308,2301,7128,0.02803738318,0.3130841121,,,,,,,
29,0.2,margin_rolling,361,21.3773303,score_margin,1000,4,246,226,0.8780487805,0.8761061947,0.8842182891,3430.637168,1639.5,7128,0.03097345133,0.3008849558,,,,,,,
29,0.2,margin_rolling,362,21.12963295,score_margin,1000,4,620,530,0.8548387097,0.8905660377,0.9114272501,3628.439623,4597,7128,0.009433962264,0.2962264151,,,,,,,
29,0.2,margin_rolling,363,24.25655413,score_margin,1000,3,386,353,0.9196891192,0.9263456091,0.9372049103,4125.022663,6863,7128,0.01133144476,0.3739376771,,,,,,,
29,0.2,margin_rolling,364,24.249156,score_margin,1000,2,354,329,0.9209039548,0.9240121581,0.930597771,4263.136778,6870,7128,0.01215805471,0.3647416413,,,,,,,
43,0.2,margin_rolling,292,14.20146656,score_margin,1000,3,730,658,0.8890410959,0.896656535,0.9079533941,3577.00152,3775.5,7128,0.01367781155,0.2887537994,,,,,,,
43,0.2,margin_rolling,293,14.38245916,score_margin,1000,2,658,581,0.8936170213,0.900172117,0.9136546185,3872.648881,5693,7128,0.008605851979,0.313253012,,,,,,,
43,0.2,margin_rolling,294,15.41441366,score_margin,1000,2,618,538,0.9061488673,0.9033457249,0.9261462206,4063.089219,6316,7128,0.007434944238,0.3475836431,,,,,,,
43,0.2,margin_rolling,295,15.0612371,score_margin,1000,2,666,578,0.8948948949,0.8996539792,0.9194925029,3962.752595,5631,7128,0.005190311419,0.2871972318,,,,,,,
43,0.2,margin_rolling,296,15.42516947,score_margin,1000,2,516,466,0.8856589147,0.8841201717,0.8988555079,3983.263948,5945,7128,0.002145922747,0.3197424893,,,,,,,
43,0.2,margin_rolling,297,15.63017777,score_margin,1000,2,292,254,0.8287671233,0.8503937008,0.8700131234,3340.346457,1381,7128,0.007874015748,0.2677165354,,,,,,,
43,0.2,margin_rolling,298,16.78708458,score_margin,1000,3,252,224,0.9087301587,0.9107142857,0.9267113095,4055.5,6130.5,7128,0.01339285714,0.3526785714,,,,,,,
43,0.2,margin_rolling,299,16.56894684,score_margin,1000,3,702,615,0.9031339031,0.9089430894,0.9246767325,4185.386992,6664,7128,0.00487804878,0.318699187,,,,,,,
43,0.2,margin_rolling,300,16.56765127,score_margin,1000,3,664,573,0.9006024096,0.8970331588,0.9217568354,4504.628272,6928,7128,0.00872600349,0.3682373473,,,,,,,
43,0.2,margin_rolling,301,16.84066963,score_margin,1000,2,616,552,0.9204545455,0.9275362319,0.9376207729,4658.744565,7098,7128,0.003623188406,0.3967391304,,,,,,,
43,0.2,margin_rolling,302,16.0325737,score_margin,1000,2,570,490,0.8807017544,0.8775510204,0.8945821186,3869.216327,5603.5,7128,0.01224489796,0.3142857143,,,,,,,
43,0.2,margin_rolling,303,16.81705141,score_margin,1000,2,542,485,0.9188191882,0.9092783505,0.9183161512,4301.195876,6746,7128,0.00412371134,0.3690721649,,,,,,,
43,0.2,margin_rolling,304,16.11461997,score_margin,1000,2,328,281,0.8932926829,0.8754448399,0.918742586,3899.608541,5763,7128,0.01423487544,0.3131672598,,,,,,,
43,0.2,margin_rolling,305,16.26629078,score_margin,1000,3,328,295,0.9085365854,0.9050847458,0.9216949153,3684.457627,4886,7128,0.006779661017,0.2711864407,,,,,,,
43,0.2,margin_rolling,306,16.12155724,score_margin,1000,3,582,513,0.8986254296,0.9044834308,0.926185835,3963.417154,6310,7128,0.009746588694,0.3372319688,,,,,,,
43,0.2,margin_rolling,307,16.17748737,score_margin,1000,3,588,510,0.8962585034,0.9019607843,0.9216013072,4195.95098,6457,7128,0.007843137255,0.3294117647,,,,,,,
43,0.2,margin_rolling,308,16.350811,score_margin,1000,2,562,497,0.8950177936,0.8993963783,0.9147743604,4095.700201,6292,7128,0.01408450704,0.3762575453,,,,,,,
43,0.2,margin_rolling,309,16.59896374,score_margin,1000,2,626,535,0.8801916933,0.8841121495,0.9041121495,4338.37757,6816,7128,0.01308411215,0.3700934579,,,,,,,
43,0.2,margin_rolling,310,17.24059868,score_margin,1000,2,620,527,0.9370967742,0.9316888046,0.9485452245,4033.256167,6216,7128,0.003795066414,0.3168880455,,,,,,,
43,0.2,margin_rolling,311,16.23295784,score_margin,1000,2,438,366,0.9086757991,0.893442623,0.9265938069,3255.827869,1184.5,7128,0.01366120219,0.2322404372,,,,,,,
43,0.2,margin_rolling,312,14.92128348,score_margin,1000,2,460,368,0.8630434783,0.8777173913,0.90623706,2809.203804,573.5,7128,0.01358695652,0.1875,,,,,,,
43,0.2,margin_rolling,313,15.86980724,score_margin,1000,3,794,641,0.8879093199,0.8751950078,0.9099583983,3333.814353,1318,7128,0.01716068643,0.2511700468,,,,,,,
43,0.2,margin_rolling,314,16.30764103,score_margin,1000,2,678,585,0.8982300885,0.894017094,0.9117582418,3593.116239,4116,7128,0.01367521368,0.2752136752,,,,,,,
43,0.2,margin_rolling,315,16.57042217,score_margin,1000,2,774,660,0.8979328165,0.8924242424,0.9101262626,3629.381818,3986.5,7128,0.01212121212,0.2560606061,,,,,,,
43,0.2,margin_rolling,316,17.27146626,score_margin,1000,2,758,622,0.9116094987,0.9051446945,0.9239549839,4212.541801,6388,7128,0.006430868167,0.2990353698,,,,,,,
43,0.2,margin_rolling,317,16.37126279,score_margin,1000,2,630,559,0.873015873,0.8729874776,0.8906380441,3163.320215,1230,7128,0.01610017889,0.2164579606,,,,,,,
43,0.2,margin_rolling,318,17.82514191,score_margin,1000,2,342,308,0.918128655,0.9155844156,0.933982684,3595.941558,4195,7128,0.00974025974,0.275974026,,,,,,,
43,0.2,margin_rolling,319,17.66929841,score_margin,1000,3,324,290,0.9290123457,0.9206896552,0.9293103448,3625.896552,4019,7128,0.01034482759,0.275862069,,,,,,,
43,0.2,margin_rolling,320,17.16292095,score_margin,1000,3,736,646,0.8940217391,0.899380805,0.9103543172,3969.804954,5631,7128,0.01702786378,0.3390092879,,,,,,,
43,0.2,margin_rolling,321,17.04965973,score_margin,1000,2,680,603,0.8970588235,0.8922056385,0.9046434494,3911.19403,5574,7128,0.01326699834,0.2902155887,,,,,,,
43,0.2,margin_rolling,322,18.10510731,score_margin,1000,2,668,595,0.9341317365,0.9361344538,0.9408963585,4264.031933,6507,7128,0.01176470588,0.3344537815,,,,,,,
43,0.2,margin_rolling,323,16.89392908,score_margin,1000,2,668,600,0.8862275449,0.8833333333,0.8997222222,3759.075,4419,7128,0.01,0.26,,,,,,,
43,0.2,margin_rolling,324,17.60551953,score_margin,1000,2,796,650,0.8894472362,0.8907692308,0.9199230769,3976.713846,6139,7128,0.01384615385,0.3015384615,,,,,,,
43,0.2,margin_rolling,325,17.93173528,score_margin,1000,2,398,360,0.8894472362,0.8833333333,0.8949074074,3671.530556,4308,7128,0.02222222222,0.3194444444,,,,,,,
43,0.2,margin_rolling,326,17.91460991,score_margin,1000,2,422,348,0.8886255924,0.8735632184,0.9003831418,3208.04023,1049,7128,0.01724137931,0.2413793103,,,,,,,
43,0.2,margin_rolling,327,18.10136223,score_margin,1000,3,738,621,0.8970189702,0.8985507246,0.9225711218,3981.352657,5681,7128,0.008051529791,0.3365539452,,,,,,,
43,0.2,margin_rolling,328,18.36926746,score_margin,1000,2,600,526,0.9183333333,0.9220532319,0.9360220894,4161.768061,6558.5,7128,0.007604562738,0.3403041825,,,,,,,
43,0.2,margin_rolling,329,18.15238285,score_margin,1000,2,684,599,0.9064327485,0.9048414023,0.9196994992,4015.130217,5781,7128,0.006677796327,0.3322203673,,,,,,,
43,0.2,margin_rolling,330,17.89543271,score_margin,1000,2,640,580,0.9171875,0.924137931,0.929454023,3886.37931,5187,7128,0.01551724138,0.2931034483,,,,,,,
43,0.2,margin_rolling,331,17.05518937,score_margin,1000,2,506,474,0.9130434783,0.9113924051,0.9168424754,3577.031646,2218.5,7128,0.006329113924,0.2658227848,,,,,,,
43,0.2,margin_rolling,332,16.73760915,score_margin,1000,2,318,300,0.8993710692,0.8933333333,0.9033333333,3295.946667,958.5,7128,0.02,0.2666666667,,,,,,,
43,0.2,margin_rolling,333,16.77239037,score_margin,1000,3,342,312,0.8567251462,0.8461538462,0.8707264957,3322.150641,1305,7128,0.01282051282,0.2820512821,,,,,,,
43,0.2,margin_rolling,334,17.27651548,score_margin,1000,3,700,633,0.8942857143,0.8941548183,0.9065560821,3558.965245,3483,7128,0.01737756714,0.2543443918,,,,,,,
43,0.2,margin_rolling,335,18.09552872,score_margin,1000,2,656,587,0.9039634146,0.9045996593,0.9149914821,3791.453152,4735,7128,0.008517887564,0.3066439523,,,,,,,
43,0.2,margin_rolling,336,18.09824324,score_margin,1000,2,632,551,0.8876582278,0.8838475499,0.9011494253,3903.631579,5766,7128,0.01633393829,0.3176043557,,,,,,,
43,0.2,margin_rolling,337,18.32406893,score_margin,1000,2,552,492,0.893115942,0.8983739837,0.910501355,3783.745935,5147.5,7128,0.01016260163,0.2825203252,,,,,,,
43,0.2,margin_rolling,338,19.16379309,score_margin,1000,2,496,457,0.9112903226,0.9190371991,0.9281546317,4059.730853,6460,7128,0.01094091904,0.3304157549,,,,,,,
43,0.2,margin_rolling,339,18.1806469,score_margin,1000,2,328,297,0.881097561,0.8855218855,0.8930976431,3472.498316,2125,7128,0.0303030303,0.2154882155,,,,,,,
43,0.2,margin_rolling,340,18.92094135,score_margin,1000,3,328,303,0.9237804878,0.9273927393,0.9372937294,4023.752475,5931,7128,0.01650165017,0.3333333333,,,,,,,
43,0.2,margin_rolling,341,18.34889746,score_margin,1000,3,576,519,0.8940972222,0.9036608863,0.9143224149,3751.040462,4442,7128,0.02119460501,0.2832369942,,,,,,,
43,0.2,margin_rolling,342,18.24482489,score_margin,1000,3,636,565,0.893081761,0.8920353982,0.9061946903,3788.162832,5160,7128,0.01592920354,0.3061946903,,,,,,,
43,0.2,margin_rolling,343,19.53162766,score_margin,1000,2,642,567,0.8909657321,0.8906525573,0.9042328042,4471.560847,6953,7128,0.01587301587,0.3439153439,,,,,,,
43,0.2,margin_rolling,344,19.94075537,score_margin,1000,2,650,582,0.8923076923,0.8848797251,0.901489118,4300.998282,6862.5,7128,0.008591065292,0.3608247423,,,,,,,
43,0.2,margin_rolling,345,20.74673474,score_margin,1000,2,586,501,0.9163822526,0.9081836327,0.9174983367,4418.243513,7050,7128,0.007984031936,0.4051896208,,,,,,,
43,0.2,margin_rolling,346,19.63261223,score_margin,1000,2,224,197,0.9017857143,0.8984771574,0.9162436548,3265.807107,1128,7128,0.005076142132,0.2538071066,,,,,,,
43,0.2,margin_rolling,347,19.00510043,score_margin,1000,3,306,277,0.8986928105,0.9061371841,0.9145607702,3183.776173,861,7128,0.007220216606,0.2671480144,,,,,,,
43,0.2,margin_rolling,348,19.2903738,score_margin,1000,3,714,610,0.9005602241,0.893442623,0.9106557377,3679.531148,4207.5,7128,0.01639344262,0.3081967213,,,,,,,
43,0.2,margin_rolling,349,19.39138412,score_margin,1000,2,600,545,0.865,0.8623853211,0.8764525994,3550.078899,2370,7128,0.003669724771,0.3064220183,,,,,,,
43,0.2,margin_rolling,350,21.21018982,score_margin,1000,2,656,560,0.9100609756,0.9017857143,0.9176785714,3756.048214,4602,7128,0.0125,0.3178571429,,,,,,,
43,0.2,margin_rolling,351,20.98788834,score_margin,1000,2,522,476,0.8793103448,0.8823529412,0.9012605042,3687.344538,4210,7128,0.01890756303,0.2857142857,,,,,,,
43,0.2,margin_rolling,352,21.70612931,score_margin,1000,2,462,415,0.9090909091,0.9108433735,0.9314257028,4072.855422,6179,7128,0.01204819277,0.3084337349,,,,,,,
43,0.2,margin_rolling,353,22.08429718,score_margin,1000,3,242,226,0.8842975207,0.8849557522,0.9004424779,3875.553097,6009.5,7128,0.008849557522,0.314159292,,,,,,,
43,0.2,margin_rolling,354,22.10802105,score_margin,1000,3,238,227,0.9117647059,0.9074889868,0.9126284875,4212.088106,6466,7128,0.01321585903,0.3832599119,,,,,,,
43,0.2,margin_rolling,355,22.21568298,score_margin,1000,4,578,506,0.8979238754,0.9090909091,0.9237718803,4488.644269,6993,7128,0.00790513834,0.3992094862,,,,,,,
43,0.2,margin_rolling,356,22.32987309,score_margin,1000,3,548,483,0.9051094891,0.9068322981,0.9140786749,4254.772257,6729,7128,0.004140786749,0.3850931677,,,,,,,
43,0.2,margin_rolling,357,22.09435463,score_margin,1000,2,406,363,0.9261083744,0.9201101928,0.9357208448,3894.14876,5235,7128,0.01377410468,0.258953168,,,,,,,
43,0.2,margin_rolling,358,21.28653908,score_margin,1000,3,300,276,0.9166666667,0.9094202899,0.9245169082,3438.036232,1838,7128,0.01449275362,0.2391304348,,,,,,,
43,0.2,margin_rolling,359,20.96767092,score_margin,1000,3,330,312,0.9454545455,0.9455128205,0.952457265,4483.682692,7083,7128,0.00641025641,0.3846153846,,,,,,,
43,0.2,margin_rolling,360,20.23367691,score_margin,1000,3,228,214,0.8815789474,0.8831775701,0.8925233645,3237.186916,1290,7128,0.009345794393,0.2757009346,,,,,,,
43,0.2,margin_rolling,361,20.69908166,score_margin,1000,4,246,226,0.8902439024,0.8849557522,0.8923303835,3160.39823,818,7128,0.03982300885,0.2477876106,,,,,,,
43,0.2,margin_rolling,362,20.35088587,score_margin,1000,4,620,530,0.8774193548,0.8943396226,0.9209663866,3384.030189,1738,7128,0.01509433962,0.2377358491,,,,,,,
43,0.2,margin_rolling,363,21.48827744,score_margin,1000,3,386,353,0.9041450777,0.9093484419,0.9237488196,3514.512748,2271,7128,0.02266288952,0.2776203966,,,,,,,
43,0.2,margin_rolling,364,21.57303619,score_margin,1000,2,354,329,0.8728813559,0.8753799392,0.8850050659,3534.629179,1975,7128,0.02431610942,0.2522796353,,,,,,,
59,0.2,margin_rolling,292,14.8434236,score_margin,1000,3,730,658,0.8739726027,0.8829787234,0.8951874367,3676.843465,4523.5,7128,0.01671732523,0.2917933131,,,,,,,
59,0.2,margin_rolling,293,15.433465,score_margin,1000,2,658,581,0.9361702128,0.9432013769,0.9518072289,4194.363167,6752,7128,0.01032702238,0.3545611015,,,,,,,
59,0.2,margin_rolling,294,15.26059771,score_margin,1000,2,618,538,0.8705501618,0.8624535316,0.8885068154,3944.754647,5737,7128,0.01486988848,0.3364312268,,,,,,,
59,0.2,margin_rolling,295,15.53870392,score_margin,1000,2,666,578,0.9009009009,0.8996539792,0.9247404844,4104.847751,6065,7128,0.006920415225,0.321799308,,,,,,,
59,0.2,margin_rolling,296,15.86602211,score_margin,1000,2,516,466,0.8972868217,0.8927038627,0.9061516452,4138.038627,6394,7128,0.008583690987,0.339055794,,,,,,,
59,0.2,margin_rolling,297,15.78829646,score_margin,1000,2,292,254,0.8801369863,0.8897637795,0.9077427822,3399.543307,1864,7128,0.01181102362,0.2834645669,,,,,,,
59,0.2,margin_rolling,298,16.58842373,score_margin,1000,3,252,224,0.9365079365,0.9464285714,0.959077381,4081.196429,6261,7128,0,0.3392857143,,,,,,,
59,0.2,margin_rolling,299,15.96604633,score_margin,1000,3,702,615,0.8945868946,0.9040650407,0.9206658924,3983.97561,5975,7128,0.0162601626,0.2991869919,,,,,,,
59,0.2,margin_rolling,300,16.20965105,score_margin,1000,3,664,573,0.9051204819,0.9057591623,0.9322765174,4265.897033,6713,7128,0.01221640489,0.3577661431,,,,,,,
59,0.2,margin_rolling,301,16.43043567,score_margin,1000,2,616,552,0.9188311688,0.9184782609,0.9327294686,4423.778986,7041.5,7128,0.01086956522,0.393115942,,,,,,,
59,0.2,margin_rolling,302,15.90456954,score_margin,1000,2,570,490,0.8842105263,0.8816326531,0.8964091351,3745.432653,4827.5,7128,0.02040816327,0.3040816327,,,,,,,
59,0.2,margin_rolling,303,16.3572607,score_margin,1000,2,542,485,0.9169741697,0.9113402062,0.921580756,3988.82268,6098,7128,0.01030927835,0.3443298969,,,,,,,
59,0.2,margin_rolling,304,15.71781445,score_margin,1000,2,328,281,0.8384146341,0.8327402135,0.8647686833,3668.071174,4077,7128,0.02135231317,0.2775800712,,,,,,,
59,0.2,margin_rolling,305,16.64535809,score_margin,1000,3,328,295,0.9176829268,0.9186440678,0.9301694915,3776.59322,4728,7128,0.01016949153,0.2881355932,,,,,,,
59,0.2,margin_rolling,306,16.52992378,score_margin,1000,3,582,513,0.9054982818,0.9142300195,0.9317089019,3912.651072,5560,7128,0.01754385965,0.3469785575,,,,,,,
59,0.2,margin_rolling,307,16.43423271,score_margin,1000,3,588,510,0.8962585034,0.8980392157,0.9171568627,4160.841176,6427.5,7128,0.01764705882,0.331372549,,,,,,,
59,0.2,margin_rolling,308,16.49343145,score_margin,1000,2,562,497,0.8950177936,0.8913480885,0.9097920858,4068.740443,6773,7128,0.02012072435,0.3802816901,,,,,,,
59,0.2,margin_rolling,309,16.80958152,score_margin,1000,2,626,535,0.8833865815,0.8897196262,0.90894081,4304.88785,6901,7128,0.01495327103,0.3831775701,,,,,,,
59,0.2,margin_rolling,310,17.38958502,score_margin,1000,2,620,527,0.9451612903,0.9411764706,0.9631562302,3978.675522,5852,7128,0.01328273245,0.3320683112,,,,,,,
59,0.2,margin_rolling,311,15.83829856,score_margin,1000,2,438,366,0.8904109589,0.8715846995,0.901867031,3005.762295,859.5,7128,0.02459016393,0.2103825137,,,,,,,
59,0.2,margin_rolling,312,15.32211018,score_margin,1000,2,460,368,0.85,0.8614130435,0.8926242236,2884.217391,711.5,7128,0.03260869565,0.1929347826,,,,,,,
59,0.2,margin_rolling,313,16.79749572,score_margin,1000,3,794,641,0.8816120907,0.872074883,0.9054082163,3547.374415,1983,7128,0.02028081123,0.27925117,,,,,,,
59,0.2,margin_rolling,314,17.72544193,score_margin,1000,2,678,585,0.9144542773,0.9145299145,0.9299348799,3957.225641,6114,7128,0.01196581197,0.3128205128,,,,,,,
59,0.2,margin_rolling,315,17.28991127,score_margin,1000,2,774,660,0.8992248062,0.896969697,0.9153030303,3870.34697,5191,7128,0.01363636364,0.2909090909,,,,,,,
59,0.2,margin_rolling,316,18.46389771,score_margin,1000,2,758,622,0.9248021108,0.9180064309,0.9348874598,4532.573955,6870,7128,0.01125401929,0.345659164,,,,,,,
59,0.2,margin_rolling,317,16.41849923,score_margin,1000,2,630,559,0.8857142857,0.8819320215,0.9038163387,3209.19678,1373,7128,0.01252236136,0.2307692308,,,,,,,
59,0.2,margin_rolling,318,17.02605939,score_margin,1000,2,342,308,0.9035087719,0.9058441558,0.9220779221,3253.474026,1239.5,7128,0.01298701299,0.25,,,,,,,
59,0.2,margin_rolling,319,16.95942307,score_margin,1000,3,324,290,0.8919753086,0.8827586207,0.8913793103,3440.113793,2289,7128,0.02068965517,0.2517241379,,,,,,,
59,0.2,margin_rolling,320,17.11890793,score_margin,1000,3,736,646,0.8899456522,0.8978328173,0.9080667355,3929.527864,6010,7128,0.01238390093,0.3405572755,,,,,,,
59,0.2,margin_rolling,321,17.37299162,score_margin,1000,2,680,603,0.8955882353,0.8888888889,0.9029850746,3909.086235,5802,7128,0.01658374793,0.3034825871,,,,,,,
59,0.2,margin_rolling,322,18.14936876,score_margin,1000,2,668,595,0.9161676647,0.9159663866,0.9268907563,4267.435294,6656,7128,0.008403361345,0.3411764706,,,,,,,
59,0.2,margin_rolling,323,17.21508995,score_margin,1000,2,668,600,0.8937125749,0.8933333333,0.9102777778,3821.745,4650.5,7128,0.01666666667,0.265,,,,,,,
59,0.2,margin_rolling,324,17.3590374,score_margin,1000,2,796,650,0.864321608,0.8707692308,0.9012307692,3808.047692,5292.5,7128,0.02,0.2861538462,,,,,,,
59,0.2,margin_rolling,325,18.7666769,score_margin,1000,2,398,360,0.8743718593,0.8777777778,0.8912037037,3766.95,4766,7128,0.025,0.3444444444,,,,,,,
59,0.2,margin_rolling,326,18.98939323,score_margin,1000,2,422,348,0.8862559242,0.8735632184,0.8972701149,3328.445402,1026,7128,0.01436781609,0.275862069,,,,,,,
59,0.2,margin_rolling,327,19.6757679,score_margin,1000,3,738,621,0.9078590786,0.9082125604,0.9352925389,4245.012882,6651,7128,0.01127214171,0.3735909823,,,,,,,
59,0.2,margin_rolling,328,19.37107563,score_margin,1000,2,600,526,0.9266666667,0.9296577947,0.9414720261,4324.498099,7014,7128,0.009505703422,0.3764258555,,,,,,,
59,0.2,margin_rolling,329,18.66192055,score_margin,1000,2,684,599,0.9195906433,0.9232053422,0.9311074012,4099.327212,6311,7128,0.01168614357,0.3572621035,,,,,,,
59,0.2,margin_rolling,330,17.64603543,score_margin,1000,2,640,580,0.9078125,0.9086206897,0.919683908,3719.42931,4505,7128,0.01896551724,0.2965517241,,,,,,,
59,0.2,margin_rolling,331,17.60978711,score_margin,1000,2,506,474,0.895256917,0.8987341772,0.9024261603,3746.343882,4778.5,7128,0.01687763713,0.2679324895,,,,,,,
59,0.2,margin_rolling,332,17.60978711,score_margin,1000,2,318,300,0.9025157233,0.9066666667,0.9122222222,3480.823333,1560.5,7128,0.03,0.29,,,,,,,
59,0.2,margin_rolling,333,17.67157769,score_margin,1000,3,342,312,0.8742690058,0.8717948718,0.8894230769,3503.294872,2258.5,7128,0.03205128205,0.2948717949,,,,,,,
59,0.2,margin_rolling,334,17.85391998,score_margin,1000,3,700,633,0.9028571429,0.9083728278,0.9202738283,3625.292259,3767,7128,0.02685624013,0.2748815166,,,,,,,
59,0.2,margin_rolling,335,18.11070633,score_margin,1000,2,656,587,0.8948170732,0.8960817717,0.9094832482,3738.896082,4756,7128,0.01703577513,0.2964224872,,,,,,,
59,0.2,margin_rolling,336,18.94953203,score_margin,1000,2,632,551,0.8844936709,0.8784029038,0.9020568663,4124.842105,5928,7128,0.01996370236,0.3266787659,,,,,,,
59,0.2,margin_rolling,337,19.42327583,score_margin,1000,2,552,492,0.9094202899,0.918699187,0.927100271,3989.849593,6338.5,7128,0.01422764228,0.3414634146,,,,,,,
59,0.2,margin_rolling,338,19.42384291,score_margin,1000,2,496,457,0.9012096774,0.9190371991,0.9248723559,4145.041575,6636,7128,0.01531728665,0.3369803063,,,,,,,
59,0.2,margin_rolling,339,18.61374605,score_margin,1000,2,328,297,0.8963414634,0.8855218855,0.8987093154,3327.441077,1527,7128,0.0404040404,0.2525252525,,,,,,,
59,0.2,margin_rolling,340,19.01550075,score_margin,1000,3,328,303,0.8993902439,0.900990099,0.9125412541,3861.39604,5470,7128,0.0198019802,0.3102310231,,,,,,,
59,0.2,margin_rolling,341,18.95128886,score_margin,1000,3,576,519,0.8871527778,0.8998073218,0.9091843288,3922.643545,5766,7128,0.01926782274,0.3121387283,,,,,,,
59,0.2,margin_rolling,342,19.13803303,score_margin,1000,3,636,565,0.8946540881,0.8938053097,0.9085545723,4033.253097,6061,7128,0.01769911504,0.3362831858,,,,,,,
59,0.2,margin_rolling,343,19.97239876,score_margin,1000,2,642,567,0.8894080997,0.885361552,0.9024691358,4522.878307,7045,7128,0.0176366843,0.39329806,,,,,,,
59,0.2,margin_rolling,344,20.31816763,score_margin,1000,2,650,582,0.88,0.8797250859,0.8910366552,4251.228522,6822.5,7128,0.01890034364,0.3883161512,,,,,,,
59,0.2,margin_rolling,345,21.55541325,score_margin,1000,2,586,501,0.9232081911,0.9141716567,0.9221556886,4523.644711,7104,7128,0.00998003992,0.4451097804,,,,,,,
59,0.2,margin_rolling,346,20.11134607,score_margin,1000,2,224,197,0.8883928571,0.8934010152,0.9111675127,3318.13198,1339,7128,0.0152284264,0.2741116751,,,,,,,
59,0.2,margin_rolling,347,20.06085968,score_margin,1000,3,306,277,0.9248366013,0.9314079422,0.9356197353,3326.3213,1287,7128,0.007220216606,0.2960288809,,,,,,,
59,0.2,margin_rolling,348,19.17855358,score_margin,1000,3,714,610,0.8753501401,0.8704918033,0.8879781421,3605.306557,2567,7128,0.02295081967,0.2950819672,,,,,,,
59,0.2,margin_rolling,349,19.91645527,score_margin,1000,2,600,545,0.865,0.8605504587,0.8764525994,3641.442202,3881,7128,0.01100917431,0.3064220183,,,,,,,
59,0.2,margin_rolling,350,21.9695425,score_margin,1000,2,656,560,0.9146341463,0.9160714286,0.9347321429,3914.760714,5310,7128,0.008928571429,0.3285714286,,,,,,,
59,0.2,margin_rolling,351,21.09267902,score_margin,1000,2,522,476,0.8812260536,0.8907563025,0.9082633053,3621.846639,4101,7128,0.0231092437,0.2962184874,,,,,,,
59,0.2,margin_rolling,352,21.4813292,score_margin,1000,2,462,415,0.9004329004,0.9084337349,0.925502008,4017.53253,6078,7128,0.01927710843,0.3036144578,,,,,,,
59,0.2,margin_rolling,353,21.82526517,score_margin,1000,3,242,226,0.867768595,0.8716814159,0.8827433628,3776.053097,5542,7128,0.02212389381,0.3185840708,,,,,,,
59,0.2,margin_rolling,354,22.20458508,score_margin,1000,3,238,227,0.8991596639,0.8986784141,0.9067547724,4344.577093,6584,7128,0.004405286344,0.3700440529,,,,,,,
59,0.2,margin_rolling,355,22.7656498,score_margin,1000,4,578,506,0.8979238754,0.9090909091,0.9260775456,4508.347826,7049,7128,0.01185770751,0.4071146245,,,,,,,
59,0.2,margin_rolling,356,22.80119026,score_margin,1000,3,548,483,0.9069343066,0.9068322981,0.9144237405,4298.962733,6644,7128,0.008281573499,0.3788819876,,,,,,,
59,0.2,margin_rolling,357,22.83583021,score_margin,1000,2,406,363,0.9261083744,0.9256198347,0.9368686869,3863.887052,5591,7128,0.01652892562,0.2865013774,,,,,,,
59,0.2,margin_rolling,358,21.66165113,score_margin,1000,3,300,276,0.9,0.8985507246,0.9115338164,3144.586957,920,7128,0.01811594203,0.2355072464,,,,,,,
59,0.2,margin_rolling,359,21.66165113,score_margin,1000,3,330,312,0.9515151515,0.9519230769,0.9567307692,4586.951923,7111,7128,0.01282051282,0.4262820513,,,,,,,
59,0.2,margin_rolling,360,19.74633408,score_margin,1000,3,228,214,0.8859649123,0.8878504673,0.8948598131,3121.434579,993.5,7128,0.02336448598,0.2663551402,,,,,,,
59,0.2,margin_rolling,361,20.60541427,score_margin,1000,4,246,226,0.8861788618,0.8805309735,0.8923303835,3092.495575,678,7128,0.04867256637,0.2168141593,,,,,,,
59,0.2,margin_rolling,362,19.98746967,score_margin,1000,4,620,530,0.8516129032,0.8849056604,0.9051392633,3164.539623,1111.5,7128,0.02452830189,0.2433962264,,,,,,,
59,0.2,margin_rolling,363,22.70999718,score_margin,1000,3,386,353,0.914507772,0.9178470255,0.9322474032,3761.96034,4880,7128,0.0283286119,0.3087818697,,,,,,,
59,0.2,margin_rolling,364,22.65601921,score_margin,1000,2,354,329,0.8870056497,0.8844984802,0.896656535,3740.197568,4938,7128,0.0273556231,0.2948328267,,,,,,,
71,0.2,margin_rolling,292,15.33113217,score_margin,1000,3,730,658,0.8876712329,0.896656535,0.9093718338,3953.776596,5923,7128,0.006079027356,0.3252279635,,,,,,,
71,0.2,margin_rolling,293,15.46912676,score_margin,1000,2,658,581,0.9255319149,0.9277108434,0.9409064831,4258.251291,6656,7128,0.01032702238,0.3493975904,,,,,,,
71,0.2,margin_rolling,294,15.45127869,score_margin,1000,2,618,538,0.8802588997,0.8717472119,0.8935254027,3982.085502,6364,7128,0.01301115242,0.3513011152,,,,,,,
71,0.2,margin_rolling,295,15.65320969,score_margin,1000,2,666,578,0.9144144144,0.9117647059,0.9349480969,4214,6131.5,7128,0.006920415225,0.330449827,,,,,,,
71,0.2,margin_rolling,296,15.62293172,score_margin,1000,2,516,466,0.8895348837,0.8819742489,0.899713877,3980.390558,5738,7128,0.008583690987,0.3326180258,,,,,,,
71,0.2,margin_rolling,297,15.6760121,score_margin,1000,2,292,254,0.8664383562,0.874015748,0.8909448819,3415.30315,1776,7128,0.007874015748,0.2874015748,,,,,,,
71,0.2,margin_rolling,298,16.73724747,score_margin,1000,3,252,224,0.9246031746,0.9285714286,0.9389880952,4087.950893,6123.5,7128,0,0.3348214286,,,,,,,
71,0.2,margin_rolling,299,16.228302,score_margin,1000,3,702,615,0.9031339031,0.9089430894,0.9231358885,4092.206504,6280,7128,0.006504065041,0.3056910569,,,,,,,
71,0.2,margin_rolling,300,15.66753629,score_margin,1000,3,664,573,0.8930722892,0.890052356,0.9117704092,4074.806283,6166,7128,0.01047120419,0.3246073298,,,,,,,
71,0.2,margin_rolling,301,16.38383675,score_margin,1000,2,616,552,0.9172077922,0.9148550725,0.9276570048,4437.461957,7019.5,7128,0.009057971014,0.3695652174,,,,,,,
71,0.2,margin_rolling,302,15.73335397,score_margin,1000,2,570,490,0.8859649123,0.8816326531,0.9002672498,3658.816327,4098,7128,0.01836734694,0.3102040816,,,,,,,
71,0.2,margin_rolling,303,16.44021273,score_margin,1000,2,542,485,0.9206642066,0.9175257732,0.9232989691,4006.05567,5996,7128,0.00824742268,0.3484536082,,,,,,,
71,0.2,margin_rolling,304,15.10909152,score_margin,1000,2,328,281,0.875,0.8754448399,0.9009489917,3512.97153,2022,7128,0.01423487544,0.2526690391,,,,,,,
71,0.2,margin_rolling,305,15.70790863,score_margin,1000,3,328,295,0.9207317073,0.9152542373,0.9303954802,3406.589831,1575,7128,0.01694915254,0.2440677966,,,,,,,
71,0.2,margin_rolling,306,15.23845124,score_margin,1000,3,582,513,0.883161512,0.8888888889,0.9070175439,3628.253411,4075,7128,0.02144249513,0.2884990253,,,,,,,
71,0.2,margin_rolling,307,15.77105427,score_margin,1000,3,588,510,0.880952381,0.8882352941,0.9040849673,3976.568627,6094.5,7128,0.01176470588,0.3137254902,,,,,,,
71,0.2,margin_rolling,308,16.42700505,score_margin,1000,2,562,497,0.8807829181,0.8772635815,0.8981987161,4038.438632,6613,7128,0.01609657948,0.3621730382,,,,,,,
71,0.2,margin_rolling,309,16.96993446,score_margin,1000,2,626,535,0.9009584665,0.9046728972,0.9231152648,4343.001869,6787,7128,0.01121495327,0.3813084112,,,,,,,
71,0.2,margin_rolling,310,17.21975613,score_margin,1000,2,620,527,0.9258064516,0.9184060721,0.9438013915,4020.888046,5965,7128,0.009487666034,0.3055028463,,,,,,,
71,0.2,margin_rolling,311,16.25382614,score_margin,1000,2,438,366,0.901826484,0.8852459016,0.914845173,3200.480874,1232.5,7128,0.01366120219,0.2349726776,,,,,,,
71,0.2,margin_rolling,312,16.00248057,score_margin,1000,2,460,368,0.8804347826,0.8722826087,0.9080357143,2945.736413,975,7128,0.01630434783,0.2092391304,,,,,,,
71,0.2,margin_rolling,313,16.60815334,score_margin,1000,3,794,641,0.8828715365,0.879875195,0.9078783151,3466.787832,1929,7128,0.01716068643,0.2527301092,,,,,,,
71,0.2,margin_rolling,314,17.23049641,score_margin,1000,2,678,585,0.907079646,0.9025641026,0.9201098901,3816.201709,5562,7128,0.01367521368,0.2871794872,,,,,,,
71,0.2,margin_rolling,315,17.56285584,score_margin,1000,2,774,660,0.9069767442,0.903030303,0.9198484848,3936.668182,5895.5,7128,0.01515151515,0.2878787879,,,,,,,
71,0.2,margin_rolling,316,17.90756035,score_margin,1000,2,758,622,0.9248021108,0.9163987138,0.9357449089,4413.85209,6682,7128,0.009646302251,0.3231511254,,,,,,,
71,0.2,margin_rolling,317,16.79247424,score_margin,1000,2,630,559,0.880952381,0.8747763864,0.8958258795,3185.992844,1415,7128,0.01252236136,0.2218246869,,,,,,,
71,0.2,margin_rolling,318,17.7832098,score_margin,1000,2,342,308,0.9152046784,0.9188311688,0.9329004329,3404.25,1399.5,7128,0.01298701299,0.2662337662,,,,,,,
71,0.2,margin_rolling,319,17.8725212,score_margin,1000,3,324,290,0.9475308642,0.9413793103,0.9465517241,3585.8,3741,7128,0.006896551724,0.2724137931,,,,,,,
71,0.2,margin_rolling,320,16.52912712,score_margin,1000,3,736,646,0.8858695652,0.8931888545,0.9045235638,3741.425697,4609.5,7128,0.01857585139,0.3080495356,,,,,,,
71,0.2,margin_rolling,321,16.60743546,score_margin,1000,2,680,603,0.9,0.8905472637,0.9087893864,3610.12272,3729,7128,0.01990049751,0.2769485904,,,,,,,
71,0.2,margin_rolling,322,17.05329132,score_margin,1000,2,668,595,0.8982035928,0.8991596639,0.9081232493,3922.216807,5274,7128,0.01848739496,0.3025210084,,,,,,,
71,0.2,margin_rolling,323,17.02745724,score_margin,1000,2,668,600,0.8847305389,0.885,0.8975,3735.308333,4051.5,7128,0.01166666667,0.2633333333,,,,,,,
71,0.2,margin_rolling,324,17.54497266,score_margin,1000,2,796,650,0.8844221106,0.8876923077,0.9156153846,3889.521538,5097,7128,0.01538461538,0.3,,,,,,,
71,0.2,margin_rolling,325,18.00372529,score_margin,1000,2,398,360,0.8844221106,0.8888888889,0.8958333333,3715.272222,4407.5,7128,0.02222222222,0.3416666667,,,,,,,
71,0.2,margin_rolling,326,18.74716687,score_margin,1000,2,422,348,0.8909952607,0.8879310345,0.898467433,3379.33908,1451.5,7128,0.008620689655,0.2586206897,,,,,,,
71,0.2,margin_rolling,327,19.15400887,score_margin,1000,3,738,621,0.9010840108,0.9082125604,0.930085883,4242.381643,6662,7128,0.009661835749,0.3574879227,,,,,,,
71,0.2,margin_rolling,328,19.27765083,score_margin,1000,2,600,526,0.9216666667,0.9220532319,0.9325095057,4446.268061,6905.5,7128,0.007604562738,0.3631178707,,,,,,,
71,0.2,margin_rolling,329,18.70444393,score_margin,1000,2,684,599,0.9152046784,0.9131886477,0.9264329438,4158.48581,6172,7128,0.008347245409,0.3589315526,,,,,,,
71,0.2,margin_rolling,330,17.69585621,score_margin,1000,2,640,580,0.903125,0.9068965517,0.9188218391,3811.639655,4970,7128,0.01724137931,0.2862068966,,,,,,,
71,0.2,margin_rolling,331,17.60472584,score_margin,1000,2,506,474,0.8932806324,0.8966244726,0.901371308,3915.2173,5305,7128,0.01898734177,0.2805907173,,,,,,,
71,0.2,margin_rolling,332,17.87313322,score_margin,1000,2,318,300,0.9088050314,0.9066666667,0.9133333333,3594.96,2148,7128,0.01666666667,0.3,,,,,,,
71,0.2,margin_rolling,333,17.80352426,score_margin,1000,3,342,312,0.8830409357,0.8846153846,0.8979700855,3595.990385,3697.5,7128,0.02243589744,0.3141025641,,,,,,,
71,0.2,margin_rolling,334,17.853248,score_margin,1000,3,700,633,0.9142857143,0.9210110585,0.9294892048,3735.058452,4477,7128,0.01263823065,0.2748815166,,,,,,,
71,0.2,margin_rolling,335,17.55325001,score_margin,1000,2,656,587,0.8856707317,0.8858603066,0.8992617831,3510.34753,2176,7128,0.01873935264,0.2810902896,,,,,,,
71,0.2,margin_rolling,336,18.32647282,score_margin,1000,2,632,551,0.8892405063,0.887477314,0.9049001815,3902.740472,5374,7128,0.01451905626,0.3012704174,,,,,,,
71,0.2,margin_rolling,337,18.76257706,score_margin,1000,2,552,492,0.8949275362,0.8983739837,0.9125338753,3812.107724,4573,7128,0.01219512195,0.2926829268,,,,,,,
71,0.2,margin_rolling,338,19.2593708,score_margin,1000,2,496,457,0.8870967742,0.9059080963,0.9107221007,4085.378556,6266,7128,0.00875273523,0.3107221007,,,,,,,
71,0.2,margin_rolling,339,19.21305084,score_margin,1000,2,328,297,0.8963414634,0.8922558923,0.9043209877,3671.225589,4579,7128,0.0202020202,0.2558922559,,,,,,,
71,0.2,margin_rolling,340,19.75579071,score_margin,1000,3,328,303,0.9268292683,0.9273927393,0.9411441144,4091.016502,5796,7128,0.0198019802,0.3597359736,,,,,,,
71,0.2,margin_rolling,341,19.16477966,score_margin,1000,3,576,519,0.9097222222,0.91522158,0.9271676301,3957.942197,5630,7128,0.01348747592,0.3121387283,,,,,,,
71,0.2,margin_rolling,342,18.34105349,score_margin,1000,3,636,565,0.8852201258,0.8814159292,0.8994100295,3785.915044,4974,7128,0.01061946903,0.3168141593,,,,,,,
71,0.2,margin_rolling,343,19.45301127,score_margin,1000,2,642,567,0.8831775701,0.885361552,0.8962962963,4439.234568,6969,7128,0.01234567901,0.3615520282,,,,,,,
71,0.2,margin_rolling,344,20.15240097,score_margin,1000,2,650,582,0.8815384615,0.8780068729,0.8908934708,4226.393471,6635.5,7128,0.008591065292,0.3728522337,,,,,,,
71,0.2,margin_rolling,345,20.96667707,score_margin,1000,2,586,501,0.9215017065,0.9121756487,0.9228210246,4473.914172,6955,7128,0.007984031936,0.3992015968,,,,,,,
71,0.2,margin_rolling,346,19.75546265,score_margin,1000,2,224,197,0.8973214286,0.9035532995,0.9137055838,3109.284264,1122,7128,0.01015228426,0.2385786802,,,,,,,
71,0.2,margin_rolling,347,19.06993484,score_margin,1000,3,306,277,0.9052287582,0.9097472924,0.9139590854,3099.054152,816,7128,0.01083032491,0.2815884477,,,,,,,
71,0.2,margin_rolling,348,18.98149848,score_margin,1000,3,714,610,0.880952381,0.8803278689,0.8956284153,3546.308197,2285.5,7128,0.01475409836,0.2950819672,,,,,,,
71,0.2,margin_rolling,349,19.88598713,score_margin,1000,2,600,545,0.8683333333,0.8678899083,0.8816513761,3749.451376,4675,7128,0.007339449541,0.3082568807,,,,,,,
71,0.2,margin_rolling,350,21.54145956,score_margin,1000,2,656,560,0.9100609756,0.9035714286,0.9249107143,3853.198214,5075.5,7128,0.007142857143,0.3214285714,,,,,,,
71,0.2,margin_rolling,351,21.3503561,score_margin,1000,2,522,476,0.8946360153,0.8991596639,0.9142156863,3746.308824,4691,7128,0.01680672269,0.3004201681,,,,,,,
71,0.2,margin_rolling,352,21.41287869,score_margin,1000,2,462,415,0.9090909091,0.9084337349,0.925502008,3903.544578,5423,7128,0.01445783133,0.3060240964,,,,,,,
71,0.2,margin_rolling,353,21.61617279,score_margin,1000,3,242,226,0.8925619835,0.8938053097,0.9092920354,3780.924779,4578,7128,0.02654867257,0.2699115044,,,,,,,
71,0.2,margin_rolling,354,21.27557373,score_margin,1000,3,238,227,0.8655462185,0.8634361233,0.8693098385,4008.678414,5771,7128,0.008810572687,0.3348017621,,,,,,,
71,0.2,margin_rolling,355,22.16626815,score_margin,1000,4,578,506,0.8875432526,0.9011857708,0.9157255788,4397.756917,6927,7128,0.009881422925,0.3913043478,,,,,,,
71,0.2,margin_rolling,356,22.67752635,score_margin,1000,3,548,483,0.897810219,0.900621118,0.9102829538,4246.372671,6768,7128,0.006211180124,0.3706004141,,,,,,,
71,0.2,margin_rolling,357,23.01233864,score_margin,1000,2,406,363,0.9261083744,0.9201101928,0.9361799816,4041.454545,5954,7128,0.01377410468,0.2865013774,,,,,,,
71,0.2,margin_rolling,358,22.09880733,score_margin,1000,3,300,276,0.9066666667,0.9057971014,0.9208937198,3473.471014,1811,7128,0.01449275362,0.2463768116,,,,,,,
71,0.2,margin_rolling,359,21.74690629,score_margin,1000,3,330,312,0.9484848485,0.9455128205,0.9545940171,4611.849359,7110,7128,0.009615384615,0.3942307692,,,,,,,
71,0.2,margin_rolling,360,20.07378876,score_margin,1000,3,228,214,0.899122807,0.8971962617,0.9057632399,3160.96729,674.5,7128,0.02336448598,0.238317757,,,,,,,
71,0.2,margin_rolling,361,20.34263029,score_margin,1000,4,246,226,0.8861788618,0.8805309735,0.8901179941,2950.035398,644.5,7128,0.03982300885,0.2256637168,,,,,,,
71,0.2,margin_rolling,362,19.30045795,score_margin,1000,4,620,530,0.8435483871,0.8698113208,0.8894384546,2836.222642,633.5,7128,0.02264150943,0.2226415094,,,,,,,
71,0.2,margin_rolling,363,22.40926552,score_margin,1000,3,386,353,0.9274611399,0.9291784703,0.9400377715,3642.073654,4169,7128,0.01983002833,0.3002832861,,,,,,,
71,0.2,margin_rolling,364,21.77240562,score_margin,1000,2,354,329,0.895480226,0.8936170213,0.9024822695,3424.325228,1851,7128,0.02431610942,0.26443769,,,,,,,
17,0.2,rank_rolling,292,2619,rank,1000,3,730,658,0.8589041096,0.8571428571,0.8639817629,2619,2619,2619,0,0,,,,,,,
17,0.2,rank_rolling,293,3341,rank,1000,2,658,581,0.8814589666,0.8726333907,0.879804934,3341,3341,3341,0,0,,,,,,,
17,0.2,rank_rolling,294,3720,rank,1000,2,618,538,0.8834951456,0.8680297398,0.8708178439,3720,3720,3720,0,0,,,,,,,
17,0.2,rank_rolling,295,4396,rank,1000,2,666,578,0.9279279279,0.9169550173,0.9201268743,4396,4396,4396,0,0,,,,,,,
17,0.2,rank_rolling,296,3400,rank,1000,2,516,466,0.9147286822,0.9055793991,0.9091559371,3400,3400,3400,0,0,,,,,,,
17,0.2,rank_rolling,297,3168,rank,1000,2,292,254,0.9178082192,0.9094488189,0.9146981627,3168,3168,3168,0,0,,,,,,,
17,0.2,rank_rolling,298,3001,rank,1000,3,252,224,0.8531746032,0.8348214286,0.8404017857,3001,3001,3001,0,0,,,,,,,
17,0.2,rank_rolling,299,3313,rank,1000,3,702,615,0.9230769231,0.912195122,0.9159891599,3313,3313,3313,0,0,,,,,,,
17,0.2,rank_rolling,300,2940,rank,1000,3,664,573,0.8719879518,0.8568935428,0.8673647469,2940,2940,2940,0,0,,,,,,,
17,0.2,rank_rolling,301,3567,rank,1000,2,616,552,0.875,0.8605072464,0.8713164251,3567,3567,3567,0,0,,,,,,,
17,0.2,rank_rolling,302,4374,rank,1000,2,570,490,0.9052631579,0.8959183673,0.9030612245,4374,4374,4374,0,0,,,,,,,
17,0.2,rank_rolling,303,4478,rank,1000,2,542,485,0.8874538745,0.8762886598,0.8804123711,4478,4478,4478,0,0,,,,,,,
17,0.2,rank_rolling,304,4781,rank,1000,2,328,281,0.9451219512,0.9501779359,0.9501779359,4781,4781,4781,0,0,,,,,,,
17,0.2,rank_rolling,305,3801,rank,1000,3,328,295,0.9298780488,0.9220338983,0.9237288136,3801,3801,3801,0,0,,,,,,,
17,0.2,rank_rolling,306,3600,rank,1000,3,582,513,0.9054982818,0.8947368421,0.8992852502,3600,3600,3600,0,0,,,,,,,
17,0.2,rank_rolling,307,3062,rank,1000,3,588,510,0.8469387755,0.8235294118,0.8335947712,3062,3062,3062,0,0,,,,,,,
17,0.2,rank_rolling,308,4000,rank,1000,2,562,497,0.871886121,0.8591549296,0.861167002,4000,4000,4000,0,0,,,,,,,
17,0.2,rank_rolling,309,4801,rank,1000,2,626,535,0.8945686901,0.8822429907,0.8859813084,4801,4801,4801,0,0,,,,,,,
17,0.2,rank_rolling,310,5115,rank,1000,2,620,527,0.9532258065,0.944971537,0.9459203036,5115,5115,5115,0,0,,,,,,,
17,0.2,rank_rolling,311,3125,rank,1000,2,438,366,0.8858447489,0.8661202186,0.8720400729,3125,3125,3125,0,0,,,,,,,
17,0.2,rank_rolling,312,2680,rank,1000,2,460,368,0.9086956522,0.8885869565,0.9010869565,2680,2680,2680,0,0,,,,,,,
17,0.2,rank_rolling,313,3042,rank,1000,3,794,641,0.9042821159,0.8829953198,0.8881435257,3042,3042,3042,0,0,,,,,,,
17,0.2,rank_rolling,314,2735,rank,1000,2,678,585,0.9026548673,0.8871794872,0.894017094,2735,2735,2735,0,0,,,,,,,
17,0.2,rank_rolling,315,2869,rank,1000,2,774,660,0.9173126615,0.9075757576,0.9126262626,2869,2869,2869,0,0,,,,,,,
17,0.2,rank_rolling,316,2629,rank,1000,2,758,622,0.8852242744,0.8601286174,0.8644158628,2629,2629,2629,0,0,,,,,,,
17,0.2,rank_rolling,317,3222,rank,1000,2,630,559,0.8793650794,0.8640429338,0.8739117472,3222,3222,3222,0,0,,,,,,,
17,0.2,rank_rolling,318,3884,rank,1000,2,342,308,0.9064327485,0.8961038961,0.8977272727,3884,3884,3884,0,0,,,,,,,
17,0.2,rank_rolling,319,3917,rank,1000,3,324,290,0.9259259259,0.9172413793,0.9172413793,3917,3917,3917,0,0,,,,,,,
17,0.2,rank_rolling,320,3724,rank,1000,3,736,646,0.9089673913,0.8978328173,0.9016511868,3724,3724,3724,0,0,,,,,,,
17,0.2,rank_rolling,321,3364,rank,1000,2,680,603,0.9029411765,0.8905472637,0.8938640133,3364,3364,3364,0,0,,,,,,,
17,0.2,rank_rolling,322,3445,rank,1000,2,668,595,0.8877245509,0.8773109244,0.8806722689,3445,3445,3445,0,0,,,,,,,
17,0.2,rank_rolling,323,3564,rank,1000,2,668,600,0.9026946108,0.8933333333,0.8977777778,3564,3564,3564,0,0,,,,,,,
17,0.2,rank_rolling,324,3568,rank,1000,2,796,650,0.9145728643,0.8984615385,0.9125641026,3568,3568,3568,0,0,,,,,,,
17,0.2,rank_rolling,325,3341,rank,1000,2,398,360,0.864321608,0.85,0.8513888889,3341,3341,3341,0,0,,,,,,,
17,0.2,rank_rolling,326,3450,rank,1000,2,422,348,0.9597156398,0.9540229885,0.9540229885,3450,3450,3450,0,0,,,,,,,
17,0.2,rank_rolling,327,2788,rank,1000,3,738,621,0.8929539295,0.8760064412,0.8843263553,2788,2788,2788,0,0,,,,,,,
17,0.2,rank_rolling,328,2325,rank,1000,2,600,526,0.9,0.8859315589,0.8906844106,2325,2325,2325,0,0,,,,,,,
17,0.2,rank_rolling,329,2616,rank,1000,2,684,599,0.8830409357,0.8714524207,0.8816917084,2616,2616,2616,0,0,,,,,,,
17,0.2,rank_rolling,330,3068,rank,1000,2,640,580,0.875,0.8620689655,0.8655172414,3068,3068,3068,0,0,,,,,,,
17,0.2,rank_rolling,331,3634,rank,1000,2,506,474,0.918972332,0.9135021097,0.914556962,3634,3634,3634,0,0,,,,,,,
17,0.2,rank_rolling,332,3359,rank,1000,2,318,300,0.9433962264,0.94,0.94,3359,3359,3359,0,0,,,,,,,
17,0.2,rank_rolling,333,2975,rank,1000,3,342,312,0.8801169591,0.8685897436,0.8707264957,2975,2975,2975,0,0,,,,,,,
17,0.2,rank_rolling,334,2994,rank,1000,3,700,633,0.8914285714,0.887835703,0.8941548183,2994,2994,2994,0,0,,,,,,,
17,0.2,rank_rolling,335,3321,rank,1000,2,656,587,0.8795731707,0.870528109,0.8776263487,3321,3321,3321,0,0,,,,,,,
17,0.2,rank_rolling,336,3658,rank,1000,2,632,551,0.8797468354,0.8656987296,0.8684210526,3658,3658,3658,0,0,,,,,,,
17,0.2,rank_rolling,337,4143,rank,1000,2,552,492,0.9148550725,0.9044715447,0.9105691057,4143,4143,4143,0,0,,,,,,,
17,0.2,rank_rolling,338,3986,rank,1000,2,496,457,0.9112903226,0.9037199125,0.9077315828,3986,3986,3986,0,0,,,,,,,
17,0.2,rank_rolling,339,3500,rank,1000,2,328,297,0.8841463415,0.8821548822,0.8860830527,3500,3500,3500,0,0,,,,,,,
17,0.2,rank_rolling,340,3599,rank,1000,3,328,303,0.9298780488,0.9240924092,0.9240924092,3599,3599,3599,0,0,,,,,,,
17,0.2,rank_rolling,341,3418,rank,1000,3,576,519,0.8715277778,0.8574181118,0.8637764933,3418,3418,3418,0,0,,,,,,,
17,0.2,rank_rolling,342,3804,rank,1000,3,636,565,0.9150943396,0.9044247788,0.9061946903,3804,3804,3804,0,0,,,,,,,
17,0.2,rank_rolling,343,3761,rank,1000,2,642,567,0.8769470405,0.8659611993,0.8700764256,3761,3761,3761,0,0,,,,,,,
17,0.2,rank_rolling,344,4154,rank,1000,2,650,582,0.9153846154,0.9054982818,0.9089347079,4154,4154,4154,0,0,,,,,,,
17,0.2,rank_rolling,345,3798,rank,1000,2,586,501,0.9232081911,0.9101796407,0.9131736527,3798,3798,3798,0,0,,,,,,,
17,0.2,rank_rolling,346,3063,rank,1000,2,224,197,0.9419642857,0.9340101523,0.9365482234,3063,3063,3063,0,0,,,,,,,
17,0.2,rank_rolling,347,2898,rank,1000,3,306,277,0.9019607843,0.8916967509,0.8941034898,2898,2898,2898,0,0,,,,,,,
17,0.2,rank_rolling,348,2963,rank,1000,3,714,610,0.880952381,0.8606557377,0.8631147541,2963,2963,2963,0,0,,,,,,,
17,0.2,rank_rolling,349,3628,rank,1000,2,600,545,0.92,0.9119266055,0.9137614679,3628,3628,3628,0,0,,,,,,,
17,0.2,rank_rolling,350,3195,rank,1000,2,656,560,0.8948170732,0.8803571429,0.8845238095,3195,3195,3195,0,0,,,,,,,
17,0.2,rank_rolling,351,3399,rank,1000,2,522,476,0.8601532567,0.8466386555,0.8511904762,3399,3399,3399,0,0,,,,,,,
17,0.2,rank_rolling,352,4150,rank,1000,2,462,415,0.9242424242,0.9204819277,0.9273092369,4150,4150,4150,0,0,,,,,,,
17,0.2,rank_rolling,353,3951,rank,1000,3,242,226,0.9090909091,0.9026548673,0.9048672566,3951,3951,3951,0,0,,,,,,,
17,0.2,rank_rolling,354,3707,rank,1000,3,238,227,0.8949579832,0.8898678414,0.8898678414,3707,3707,3707,0,0,,,,,,,
17,0.2,rank_rolling,355,3624,rank,1000,4,578,506,0.8702422145,0.8596837945,0.87130623,3624,3624,3624,0,0,,,,,,,
17,0.2,rank_rolling,356,4396,rank,1000,3,548,483,0.8941605839,0.8881987578,0.8923395445,4396,4396,4396,0,0,,,,,,,
17,0.2,rank_rolling,357,4550,rank,1000,2,406,363,0.9458128079,0.9476584022,0.9490358127,4550,4550,4550,0,0,,,,,,,
17,0.2,rank_rolling,358,3800,rank,1000,3,300,276,0.9133333333,0.9057971014,0.9057971014,3800,3800,3800,0,0,,,,,,,
17,0.2,rank_rolling,359,3214,rank,1000,3,330,312,0.9303030303,0.9262820513,0.9294871795,3214,3214,3214,0,0,,,,,,,
17,0.2,rank_rolling,360,2713,rank,1000,3,228,214,0.9385964912,0.9345794393,0.9369158879,2713,2713,2713,0,0,,,,,,,
17,0.2,rank_rolling,361,2298,rank,1000,4,246,226,0.8739837398,0.8628318584,0.8672566372,2298,2298,2298,0,0,,,,,,,
17,0.2,rank_rolling,362,2636,rank,1000,4,620,530,0.8806451613,0.8641509434,0.8716981132,2636,2636,2636,0,0,,,,,,,
17,0.2,rank_rolling,363,3036,rank,1000,3,386,353,0.9015544041,0.895184136,0.8989612842,3036,3036,3036,0,0,,,,,,,
17,0.2,rank_rolling,364,3162,rank,1000,2,354,329,0.8813559322,0.8723404255,0.8753799392,3162,3162,3162,0,0,,,,,,,
29,0.2,rank_rolling,292,2716,rank,1000,3,730,658,0.8643835616,0.8617021277,0.8655015198,2716,2716,2716,0,0,,,,,,,
29,0.2,rank_rolling,293,3374,rank,1000,2,658,581,0.8632218845,0.8502581756,0.8591508893,3374,3374,3374,0,0,,,,,,,
29,0.2,rank_rolling,294,3949,rank,1000,2,618,538,0.8899676375,0.875464684,0.8819702602,3949,3949,3949,0,0,,,,,,,
29,0.2,rank_rolling,295,4381,rank,1000,2,666,578,0.9234234234,0.9117647059,0.9166666667,4381,4381,4381,0,0,,,,,,,
29,0.2,rank_rolling,296,3819,rank,1000,2,516,466,0.9186046512,0.9098712446,0.9130901288,3819,3819,3819,0,0,,,,,,,
29,0.2,rank_rolling,297,3287,rank,1000,2,292,254,0.8595890411,0.842519685,0.8546587927,3287,3287,3287,0,0,,,,,,,
29,0.2,rank_rolling,298,3838,rank,1000,3,252,224,0.8650793651,0.8482142857,0.8526785714,3838,3838,3838,0,0,,,,,,,
29,0.2,rank_rolling,299,3904,rank,1000,3,702,615,0.933048433,0.9235772358,0.9235772358,3904,3904,3904,0,0,,,,,,,
29,0.2,rank_rolling,300,3549,rank,1000,3,664,573,0.8734939759,0.8568935428,0.865910413,3549,3549,3549,0,0,,,,,,,
29,0.2,rank_rolling,301,3863,rank,1000,2,616,552,0.8766233766,0.8641304348,0.8740338164,3863,3863,3863,0,0,,,,,,,
29,0.2,rank_rolling,302,5177,rank,1000,2,570,490,0.9245614035,0.9183673469,0.9204081633,5177,5177,5177,0,0,,,,,,,
29,0.2,rank_rolling,303,4192,rank,1000,2,542,485,0.905904059,0.8948453608,0.8969072165,4192,4192,4192,0,0,,,,,,,
29,0.2,rank_rolling,304,3993,rank,1000,2,328,281,0.8902439024,0.8861209964,0.8896797153,3993,3993,3993,0,0,,,,,,,
29,0.2,rank_rolling,305,4024,rank,1000,3,328,295,0.9451219512,0.9389830508,0.943220339,4024,4024,4024,0,0,,,,,,,
29,0.2,rank_rolling,306,3609,rank,1000,3,582,513,0.9072164948,0.8947368421,0.8992852502,3609,3609,3609,0,0,,,,,,,
29,0.2,rank_rolling,307,3048,rank,1000,3,588,510,0.8775510204,0.8588235294,0.8679084967,3048,3048,3048,0,0,,,,,,,
29,0.2,rank_rolling,308,3833,rank,1000,2,562,497,0.8683274021,0.8571428571,0.8631120054,3833,3833,3833,0,0,,,,,,,
29,0.2,rank_rolling,309,4512,rank,1000,2,626,535,0.9201277955,0.9140186916,0.9140186916,4512,4512,4512,0,0,,,,,,,
29,0.2,rank_rolling,310,3884,rank,1000,2,620,527,0.9338709677,0.9240986717,0.9240986717,3884,3884,3884,0,0,,,,,,,
29,0.2,rank_rolling,311,2681,rank,1000,2,438,366,0.8949771689,0.8770491803,0.8802367942,2681,2681,2681,0,0,,,,,,,
29,0.2,rank_rolling,312,2264,rank,1000,2,460,368,0.9152173913,0.8967391304,0.9074275362,2264,2264,2264,0,0,,,,,,,
29,0.2,rank_rolling,313,2090,rank,1000,3,794,641,0.8929471033,0.8689547582,0.8751950078,2090,2090,2090,0,0,,,,,,,
29,0.2,rank_rolling,314,2360,rank,1000,2,678,585,0.9056047198,0.894017094,0.9,2360,2360,2360,0,0,,,,,,,
29,0.2,rank_rolling,315,2322,rank,1000,2,774,660,0.8992248062,0.8863636364,0.8949494949,2322,2322,2322,0,0,,,,,,,
29,0.2,rank_rolling,316,2701,rank,1000,2,758,622,0.8773087071,0.8504823151,0.8536977492,2701,2701,2701,0,0,,,,,,,
29,0.2,rank_rolling,317,3284,rank,1000,2,630,559,0.8968253968,0.8837209302,0.8926952892,3284,3284,3284,0,0,,,,,,,
29,0.2,rank_rolling,318,3712,rank,1000,2,342,308,0.9239766082,0.9155844156,0.9172077922,3712,3712,3712,0,0,,,,,,,
29,0.2,rank_rolling,319,3182,rank,1000,3,324,290,0.9259259259,0.9172413793,0.9172413793,3182,3182,3182,0,0,,,,,,,
29,0.2,rank_rolling,320,2878,rank,1000,3,736,646,0.8804347826,0.8684210526,0.8753869969,2878,2878,2878,0,0,,,,,,,
29,0.2,rank_rolling,321,3267,rank,1000,2,680,603,0.8926470588,0.8822553897,0.8880597015,3267,3267,3267,0,0,,,,,,,
29,0.2,rank_rolling,322,3666,rank,1000,2,668,595,0.9011976048,0.8907563025,0.8913165266,3666,3666,3666,0,0,,,,,,,
29,0.2,rank_rolling,323,3723,rank,1000,2,668,600,0.9176646707,0.9133333333,0.9141666667,3723,3723,3723,0,0,,,,,,,
29,0.2,rank_rolling,324,3339,rank,1000,2,796,650,0.9384422111,0.9246153846,0.93,3339,3339,3339,0,0,,,,,,,
29,0.2,rank_rolling,325,2016,rank,1000,2,398,360,0.8366834171,0.8194444444,0.8263888889,2016,2016,2016,0,0,,,,,,,
29,0.2,rank_rolling,326,2866,rank,1000,2,422,348,0.9431279621,0.933908046,0.9375,2866,2866,2866,0,0,,,,,,,
29,0.2,rank_rolling,327,2633,rank,1000,3,738,621,0.9051490515,0.8888888889,0.8950080515,2633,2633,2633,0,0,,,,,,,
29,0.2,rank_rolling,328,1810,rank,1000,2,600,526,0.8983333333,0.8840304183,0.8884664132,1810,1810,1810,0,0,,,,,,,
29,0.2,rank_rolling,329,2199,rank,1000,2,684,599,0.8494152047,0.8397328881,0.8513633834,2199,2199,2199,0,0,,,,,,,
29,0.2,rank_rolling,330,3180,rank,1000,2,640,580,0.8984375,0.8879310345,0.8879310345,3180,3180,3180,0,0,,,,,,,
29,0.2,rank_rolling,331,3417,rank,1000,2,506,474,0.9110671937,0.9050632911,0.9061181435,3417,3417,3417,0,0,,,,,,,
29,0.2,rank_rolling,332,3313,rank,1000,2,318,300,0.9245283019,0.92,0.92,3313,3313,3313,0,0,,,,,,,
29,0.2,rank_rolling,333,3102,rank,1000,3,342,312,0.8771929825,0.8653846154,0.8669871795,3102,3102,3102,0,0,,,,,,,
29,0.2,rank_rolling,334,3225,rank,1000,3,700,633,0.8985714286,0.8941548183,0.896787783,3225,3225,3225,0,0,,,,,,,
29,0.2,rank_rolling,335,3387,rank,1000,2,656,587,0.8917682927,0.8824531516,0.8898353208,3387,3387,3387,0,0,,,,,,,
29,0.2,rank_rolling,336,3402,rank,1000,2,632,551,0.8734177215,0.8620689655,0.8669086509,3402,3402,3402,0,0,,,,,,,
29,0.2,rank_rolling,337,3888,rank,1000,2,552,492,0.9094202899,0.8983739837,0.8983739837,3888,3888,3888,0,0,,,,,,,
29,0.2,rank_rolling,338,3860,rank,1000,2,496,457,0.8870967742,0.8796498906,0.8836615609,3860,3860,3860,0,0,,,,,,,
29,0.2,rank_rolling,339,3912,rank,1000,2,328,297,0.8597560976,0.8552188552,0.8625140292,3912,3912,3912,0,0,,,,,,,
29,0.2,rank_rolling,340,4435,rank,1000,3,328,303,0.9390243902,0.9339933993,0.9339933993,4435,4435,4435,0,0,,,,,,,
29,0.2,rank_rolling,341,4124,rank,1000,3,576,519,0.9166666667,0.9075144509,0.910982659,4124,4124,4124,0,0,,,,,,,
29,0.2,rank_rolling,342,3497,rank,1000,3,636,565,0.8993710692,0.8867256637,0.8935103245,3497,3497,3497,0,0,,,,,,,
29,0.2,rank_rolling,343,3524,rank,1000,2,642,567,0.8847352025,0.8747795414,0.8802175191,3524,3524,3524,0,0,,,,,,,
29,0.2,rank_rolling,344,3930,rank,1000,2,650,582,0.9184615385,0.910652921,0.9128006873,3930,3930,3930,0,0,,,,,,,
29,0.2,rank_rolling,345,3556,rank,1000,2,586,501,0.885665529,0.8662674651,0.876247505,3556,3556,3556,0,0,,,,,,,
29,0.2,rank_rolling,346,3634,rank,1000,2,224,197,0.9330357143,0.923857868,0.9289340102,3634,3634,3634,0,0,,,,,,,
29,0.2,rank_rolling,347,3555,rank,1000,3,306,277,0.9346405229,0.9277978339,0.9302045728,3555,3555,3555,0,0,,,,,,,
29,0.2,rank_rolling,348,3546,rank,1000,3,714,610,0.8991596639,0.8819672131,0.8852459016,3546,3546,3546,0,0,,,,,,,
29,0.2,rank_rolling,349,3436,rank,1000,2,600,545,0.8933333333,0.8825688073,0.8847094801,3436,3436,3436,0,0,,,,,,,
29,0.2,rank_rolling,350,3641,rank,1000,2,656,560,0.9070121951,0.8946428571,0.8964285714,3641,3641,3641,0,0,,,,,,,
29,0.2,rank_rolling,351,3686,rank,1000,2,522,476,0.9003831418,0.8907563025,0.8907563025,3686,3686,3686,0,0,,,,,,,
29,0.2,rank_rolling,352,3563,rank,1000,2,462,415,0.9134199134,0.9084337349,0.9096385542,3563,3563,3563,0,0,,,,,,,
29,0.2,rank_rolling,353,3449,rank,1000,3,242,226,0.9008264463,0.8938053097,0.8982300885,3449,3449,3449,0,0,,,,,,,
29,0.2,rank_rolling,354,3399,rank,1000,3,238,227,0.9075630252,0.9030837004,0.9030837004,3399,3399,3399,0,0,,,,,,,
29,0.2,rank_rolling,355,3289,rank,1000,4,578,506,0.8269896194,0.8181818182,0.8302277433,3289,3289,3289,0,0,,,,,,,
29,0.2,rank_rolling,356,4858,rank,1000,3,548,483,0.9251824818,0.9192546584,0.9213250518,4858,4858,4858,0,0,,,,,,,
29,0.2,rank_rolling,357,4543,rank,1000,2,406,363,0.9433497537,0.9449035813,0.9462809917,4543,4543,4543,0,0,,,,,,,
29,0.2,rank_rolling,358,3739,rank,1000,3,300,276,0.92,0.9130434783,0.9130434783,3739,3739,3739,0,0,,,,,,,
29,0.2,rank_rolling,359,3221,rank,1000,3,330,312,0.9090909091,0.9038461538,0.9038461538,3221,3221,3221,0,0,,,,,,,
29,0.2,rank_rolling,360,3014,rank,1000,3,228,214,0.9254385965,0.9205607477,0.9228971963,3014,3014,3014,0,0,,,,,,,
29,0.2,rank_rolling,361,3003,rank,1000,4,246,226,0.8943089431,0.8849557522,0.8849557522,3003,3003,3003,0,0,,,,,,,
29,0.2,rank_rolling,362,2949,rank,1000,4,620,530,0.9032258065,0.8886792453,0.8933962264,2949,2949,2949,0,0,,,,,,,
29,0.2,rank_rolling,363,2892,rank,1000,3,386,353,0.8937823834,0.8866855524,0.8885741265,2892,2892,2892,0,0,,,,,,,
29,0.2,rank_rolling,364,2999,rank,1000,2,354,329,0.9124293785,0.905775076,0.9072948328,2999,2999,2999,0,0,,,,,,,
43,0.2,rank_rolling,292,2775,rank,1000,3,730,658,0.8602739726,0.8601823708,0.8657548126,2775,2775,2775,0,0,,,,,,,
43,0.2,rank_rolling,293,3421,rank,1000,2,658,581,0.8571428571,0.843373494,0.8539873781,3421,3421,3421,0,0,,,,,,,
43,0.2,rank_rolling,294,4402,rank,1000,2,618,538,0.8964401294,0.8828996283,0.8884758364,4402,4402,4402,0,0,,,,,,,
43,0.2,rank_rolling,295,4593,rank,1000,2,666,578,0.9294294294,0.9186851211,0.9204152249,4593,4593,4593,0,0,,,,,,,
43,0.2,rank_rolling,296,3419,rank,1000,2,516,466,0.9069767442,0.8969957082,0.8991416309,3419,3419,3419,0,0,,,,,,,
43,0.2,rank_rolling,297,3166,rank,1000,2,292,254,0.8664383562,0.8503937008,0.8612204724,3166,3166,3166,0,0,,,,,,,
43,0.2,rank_rolling,298,3475,rank,1000,3,252,224,0.8452380952,0.8258928571,0.8355654762,3475,3475,3475,0,0,,,,,,,
43,0.2,rank_rolling,299,4050,rank,1000,3,702,615,0.933048433,0.9235772358,0.9235772358,4050,4050,4050,0,0,,,,,,,
43,0.2,rank_rolling,300,3474,rank,1000,3,664,573,0.8689759036,0.8516579407,0.8630017452,3474,3474,3474,0,0,,,,,,,
43,0.2,rank_rolling,301,3795,rank,1000,2,616,552,0.8636363636,0.8514492754,0.8658816425,3795,3795,3795,0,0,,,,,,,
43,0.2,rank_rolling,302,4949,rank,1000,2,570,490,0.9403508772,0.9306122449,0.9367346939,4949,4949,4949,0,0,,,,,,,
43,0.2,rank_rolling,303,4147,rank,1000,2,542,485,0.9003690037,0.8886597938,0.8907216495,4147,4147,4147,0,0,,,,,,,
43,0.2,rank_rolling,304,3836,rank,1000,2,328,281,0.9176829268,0.9181494662,0.9199288256,3836,3836,3836,0,0,,,,,,,
43,0.2,rank_rolling,305,3733,rank,1000,3,328,295,0.9451219512,0.9389830508,0.9389830508,3733,3733,3733,0,0,,,,,,,
43,0.2,rank_rolling,306,3460,rank,1000,3,582,513,0.9003436426,0.8869395712,0.8898635478,3460,3460,3460,0,0,,,,,,,
43,0.2,rank_rolling,307,3203,rank,1000,3,588,510,0.8656462585,0.8450980392,0.8502614379,3203,3203,3203,0,0,,,,,,,
43,0.2,rank_rolling,308,3833,rank,1000,2,562,497,0.8950177936,0.8832997988,0.8883299799,3833,3833,3833,0,0,,,,,,,
43,0.2,rank_rolling,309,4150,rank,1000,2,626,535,0.8881789137,0.8728971963,0.8794392523,4150,4150,4150,0,0,,,,,,,
43,0.2,rank_rolling,310,4303,rank,1000,2,620,527,0.9258064516,0.9146110057,0.9174573055,4303,4303,4303,0,0,,,,,,,
43,0.2,rank_rolling,311,3733,rank,1000,2,438,366,0.9155251142,0.8989071038,0.9043715847,3733,3733,3733,0,0,,,,,,,
43,0.2,rank_rolling,312,3288,rank,1000,2,460,368,0.9173913043,0.8967391304,0.9065217391,3288,3288,3288,0,0,,,,,,,
43,0.2,rank_rolling,313,2913,rank,1000,3,794,641,0.8967254408,0.8751950078,0.8800312012,2913,2913,2913,0,0,,,,,,,
43,0.2,rank_rolling,314,3028,rank,1000,2,678,585,0.8997050147,0.8871794872,0.8946275946,3028,3028,3028,0,0,,,,,,,
43,0.2,rank_rolling,315,3050,rank,1000,2,774,660,0.9147286822,0.9045454545,0.9127525253,3050,3050,3050,0,0,,,,,,,
43,0.2,rank_rolling,316,2782,rank,1000,2,758,622,0.889182058,0.8649517685,0.8689710611,2782,2782,2782,0,0,,,,,,,
43,0.2,rank_rolling,317,3014,rank,1000,2,630,559,0.8873015873,0.8729874776,0.8780858676,3014,3014,3014,0,0,,,,,,,
43,0.2,rank_rolling,318,3549,rank,1000,2,342,308,0.9005847953,0.8896103896,0.8955627706,3549,3549,3549,0,0,,,,,,,
43,0.2,rank_rolling,319,3635,rank,1000,3,324,290,0.9290123457,0.9206896552,0.9206896552,3635,3635,3635,0,0,,,,,,,
43,0.2,rank_rolling,320,3369,rank,1000,3,736,646,0.8845108696,0.8730650155,0.8786893705,3369,3369,3369,0,0,,,,,,,
43,0.2,rank_rolling,321,3445,rank,1000,2,680,603,0.9102941176,0.9004975124,0.9071310116,3445,3445,3445,0,0,,,,,,,
43,0.2,rank_rolling,322,3391,rank,1000,2,668,595,0.874251497,0.8621848739,0.8641456583,3391,3391,3391,0,0,,,,,,,
43,0.2,rank_rolling,323,3830,rank,1000,2,668,600,0.9086826347,0.9016666667,0.9047222222,3830,3830,3830,0,0,,,,,,,
43,0.2,rank_rolling,324,3830,rank,1000,2,796,650,0.9510050251,0.9415384615,0.9466666667,3830,3830,3830,0,0,,,,,,,
43,0.2,rank_rolling,325,2256,rank,1000,2,398,360,0.8316582915,0.8138888889,0.8180555556,2256,2256,2256,0,0,,,,,,,
43,0.2,rank_rolling,326,2900,rank,1000,2,422,348,0.9194312796,0.9051724138,0.9147509579,2900,2900,2900,0,0,,,,,,,
43,0.2,rank_rolling,327,2911,rank,1000,3,738,621,0.879403794,0.8647342995,0.8710681696,2911,2911,2911,0,0,,,,,,,
43,0.2,rank_rolling,328,3417,rank,1000,2,600,526,0.8983333333,0.8840304183,0.88878327,3417,3417,3417,0,0,,,,,,,
43,0.2,rank_rolling,329,3636,rank,1000,2,684,599,0.8947368421,0.8814691152,0.8898163606,3636,3636,3636,0,0,,,,,,,
43,0.2,rank_rolling,330,3778,rank,1000,2,640,580,0.925,0.9172413793,0.9172413793,3778,3778,3778,0,0,,,,,,,
43,0.2,rank_rolling,331,3387,rank,1000,2,506,474,0.9249011858,0.9198312236,0.9198312236,3387,3387,3387,0,0,,,,,,,
43,0.2,rank_rolling,332,2834,rank,1000,2,318,300,0.8836477987,0.8766666667,0.8788888889,2834,2834,2834,0,0,,,,,,,
43,0.2,rank_rolling,333,2968,rank,1000,3,342,312,0.8801169591,0.8717948718,0.8733974359,2968,2968,2968,0,0,,,,,,,
43,0.2,rank_rolling,334,3216,rank,1000,3,700,633,0.8728571429,0.868878357,0.8723012112,3216,3216,3216,0,0,,,,,,,
43,0.2,rank_rolling,335,4101,rank,1000,2,656,587,0.8765243902,0.8688245315,0.8743611584,4101,4101,4101,0,0,,,,,,,
43,0.2,rank_rolling,336,4293,rank,1000,2,632,551,0.8908227848,0.8747731397,0.8849364791,4293,4293,4293,0,0,,,,,,,
43,0.2,rank_rolling,337,4595,rank,1000,2,552,492,0.9221014493,0.912601626,0.9173441734,4595,4595,4595,0,0,,,,,,,
43,0.2,rank_rolling,338,4159,rank,1000,2,496,457,0.9173387097,0.9102844639,0.9153902261,4159,4159,4159,0,0,,,,,,,
43,0.2,rank_rolling,339,3515,rank,1000,2,328,297,0.9024390244,0.898989899,0.9046015713,3515,3515,3515,0,0,,,,,,,
43,0.2,rank_rolling,340,3515,rank,1000,3,328,303,0.9024390244,0.8943894389,0.896039604,3515,3515,3515,0,0,,,,,,,
43,0.2,rank_rolling,341,3515,rank,1000,3,576,519,0.8802083333,0.8670520231,0.8734104046,3515,3515,3515,0,0,,,,,,,
43,0.2,rank_rolling,342,3882,rank,1000,3,636,565,0.9402515723,0.9327433628,0.9345132743,3882,3882,3882,0,0,,,,,,,
43,0.2,rank_rolling,343,3155,rank,1000,2,642,567,0.8582554517,0.8412698413,0.8504703116,3155,3155,3155,0,0,,,,,,,
43,0.2,rank_rolling,344,3755,rank,1000,2,650,582,0.9030769231,0.8951890034,0.8963344788,3755,3755,3755,0,0,,,,,,,
43,0.2,rank_rolling,345,4111,rank,1000,2,586,501,0.909556314,0.8942115768,0.8985362608,4111,4111,4111,0,0,,,,,,,
43,0.2,rank_rolling,346,3876,rank,1000,2,224,197,0.9330357143,0.923857868,0.923857868,3876,3876,3876,0,0,,,,,,,
43,0.2,rank_rolling,347,3749,rank,1000,3,306,277,0.9281045752,0.9205776173,0.9229843562,3749,3749,3749,0,0,,,,,,,
43,0.2,rank_rolling,348,3466,rank,1000,3,714,610,0.9103641457,0.8950819672,0.8959016393,3466,3466,3466,0,0,,,,,,,
43,0.2,rank_rolling,349,3078,rank,1000,2,600,545,0.8666666667,0.8532110092,0.8611620795,3078,3078,3078,0,0,,,,,,,
43,0.2,rank_rolling,350,3851,rank,1000,2,656,560,0.9085365854,0.8964285714,0.9032738095,3851,3851,3851,0,0,,,,,,,
43,0.2,rank_rolling,351,3895,rank,1000,2,522,476,0.867816092,0.8550420168,0.8613445378,3895,3895,3895,0,0,,,,,,,
43,0.2,rank_rolling,352,4227,rank,1000,2,462,415,0.9155844156,0.9084337349,0.9176706827,4227,4227,4227,0,0,,,,,,,
43,0.2,rank_rolling,353,4214,rank,1000,3,242,226,0.8842975207,0.8761061947,0.8827433628,4214,4214,4214,0,0,,,,,,,
43,0.2,rank_rolling,354,4176,rank,1000,3,238,227,0.8949579832,0.8898678414,0.8898678414,4176,4176,4176,0,0,,,,,,,
43,0.2,rank_rolling,355,4136,rank,1000,4,578,506,0.8806228374,0.8695652174,0.8791172596,4136,4136,4136,0,0,,,,,,,
43,0.2,rank_rolling,356,4866,rank,1000,3,548,483,0.9051094891,0.8964803313,0.9051069703,4866,4866,4866,0,0,,,,,,,
43,0.2,rank_rolling,357,4934,rank,1000,2,406,363,0.9261083744,0.9256198347,0.9297520661,4934,4934,4934,0,0,,,,,,,
43,0.2,rank_rolling,358,4165,rank,1000,3,300,276,0.93,0.9239130435,0.9257246377,4165,4165,4165,0,0,,,,,,,
43,0.2,rank_rolling,359,3556,rank,1000,3,330,312,0.9242424242,0.9198717949,0.9198717949,3556,3556,3556,0,0,,,,,,,
43,0.2,rank_rolling,360,3033,rank,1000,3,228,214,0.9385964912,0.9345794393,0.9345794393,3033,3033,3033,0,0,,,,,,,
43,0.2,rank_rolling,361,2588,rank,1000,4,246,226,0.8780487805,0.8672566372,0.8716814159,2588,2588,2588,0,0,,,,,,,
43,0.2,rank_rolling,362,2691,rank,1000,4,620,530,0.8919354839,0.8754716981,0.8811320755,2691,2691,2691,0,0,,,,,,,
43,0.2,rank_rolling,363,2824,rank,1000,3,386,353,0.8808290155,0.8725212465,0.8781869688,2824,2824,2824,0,0,,,,,,,
43,0.2,rank_rolling,364,3190,rank,1000,2,354,329,0.8898305085,0.8814589666,0.8844984802,3190,3190,3190,0,0,,,,,,,
59,0.2,rank_rolling,292,3259,rank,1000,3,730,658,0.8739726027,0.8693009119,0.8725937183,3259,3259,3259,0,0,,,,,,,
59,0.2,rank_rolling,293,3624,rank,1000,2,658,581,0.8860182371,0.8760757315,0.8852553069,3624,3624,3624,0,0,,,,,,,
59,0.2,rank_rolling,294,3891,rank,1000,2,618,538,0.8867313916,0.8717472119,0.875464684,3891,3891,3891,0,0,,,,,,,
59,0.2,rank_rolling,295,4283,rank,1000,2,666,578,0.9279279279,0.9169550173,0.9201268743,4283,4283,4283,0,0,,,,,,,
59,0.2,rank_rolling,296,3373,rank,1000,2,516,466,0.9186046512,0.9098712446,0.910944206,3373,3373,3373,0,0,,,,,,,
59,0.2,rank_rolling,297,3005,rank,1000,2,292,254,0.9143835616,0.905511811,0.9081364829,3005,3005,3005,0,0,,,,,,,
59,0.2,rank_rolling,298,3000,rank,1000,3,252,224,0.8452380952,0.8258928571,0.8337053571,3000,3000,3000,0,0,,,,,,,
59,0.2,rank_rolling,299,3341,rank,1000,3,702,615,0.9230769231,0.912195122,0.9159891599,3341,3341,3341,0,0,,,,,,,
59,0.2,rank_rolling,300,3225,rank,1000,3,664,573,0.8960843373,0.8830715532,0.8906340896,3225,3225,3225,0,0,,,,,,,
59,0.2,rank_rolling,301,3234,rank,1000,2,616,552,0.8506493506,0.8423913043,0.8495772947,3234,3234,3234,0,0,,,,,,,
59,0.2,rank_rolling,302,4658,rank,1000,2,570,490,0.9298245614,0.9224489796,0.9319727891,4658,4658,4658,0,0,,,,,,,
59,0.2,rank_rolling,303,4376,rank,1000,2,542,485,0.8929889299,0.8824742268,0.8855670103,4376,4376,4376,0,0,,,,,,,
59,0.2,rank_rolling,304,3747,rank,1000,2,328,281,0.8658536585,0.8576512456,0.8638790036,3747,3747,3747,0,0,,,,,,,
59,0.2,rank_rolling,305,4357,rank,1000,3,328,295,0.9481707317,0.9423728814,0.9423728814,4357,4357,4357,0,0,,,,,,,
59,0.2,rank_rolling,306,3678,rank,1000,3,582,513,0.9192439863,0.9083820663,0.912605588,3678,3678,3678,0,0,,,,,,,
59,0.2,rank_rolling,307,2852,rank,1000,3,588,510,0.862244898,0.8431372549,0.8511764706,2852,2852,2852,0,0,,,,,,,
59,0.2,rank_rolling,308,3611,rank,1000,2,562,497,0.8576512456,0.8450704225,0.8480885312,3611,3611,3611,0,0,,,,,,,
59,0.2,rank_rolling,309,4674,rank,1000,2,626,535,0.892971246,0.8803738318,0.8866043614,4674,4674,4674,0,0,,,,,,,
59,0.2,rank_rolling,310,4788,rank,1000,2,620,527,0.9596774194,0.9525616698,0.9535104364,4788,4788,4788,0,0,,,,,,,
59,0.2,rank_rolling,311,3208,rank,1000,2,438,366,0.9178082192,0.9043715847,0.9057377049,3208,3208,3208,0,0,,,,,,,
59,0.2,rank_rolling,312,2335,rank,1000,2,460,368,0.9173913043,0.8967391304,0.9128623188,2335,2335,2335,0,0,,,,,,,
59,0.2,rank_rolling,313,1928,rank,1000,3,794,641,0.8740554156,0.8455538222,0.8546021841,1928,1928,1928,0,0,,,,,,,
59,0.2,rank_rolling,314,3045,rank,1000,2,678,585,0.9174041298,0.9042735043,0.9131461131,3045,3045,3045,0,0,,,,,,,
59,0.2,rank_rolling,315,2899,rank,1000,2,774,660,0.9043927649,0.8939393939,0.9008838384,2899,2899,2899,0,0,,,,,,,
59,0.2,rank_rolling,316,2803,rank,1000,2,758,622,0.901055409,0.8794212219,0.8818327974,2803,2803,2803,0,0,,,,,,,
59,0.2,rank_rolling,317,2900,rank,1000,2,630,559,0.8920634921,0.8783542039,0.8852415027,2900,2900,2900,0,0,,,,,,,
59,0.2,rank_rolling,318,3208,rank,1000,2,342,308,0.8976608187,0.8863636364,0.8933982684,3208,3208,3208,0,0,,,,,,,
59,0.2,rank_rolling,319,3508,rank,1000,3,324,290,0.9290123457,0.9206896552,0.9206896552,3508,3508,3508,0,0,,,,,,,
59,0.2,rank_rolling,320,3043,rank,1000,3,736,646,0.870923913,0.8575851393,0.8611971104,3043,3043,3043,0,0,,,,,,,
59,0.2,rank_rolling,321,3558,rank,1000,2,680,603,0.925,0.9187396352,0.9228855721,3558,3558,3558,0,0,,,,,,,
59,0.2,rank_rolling,322,3244,rank,1000,2,668,595,0.869760479,0.8571428571,0.8605042017,3244,3244,3244,0,0,,,,,,,
59,0.2,rank_rolling,323,3636,rank,1000,2,668,600,0.9131736527,0.905,0.9086111111,3636,3636,3636,0,0,,,,,,,
59,0.2,rank_rolling,324,3602,rank,1000,2,796,650,0.932160804,0.9169230769,0.9229487179,3602,3602,3602,0,0,,,,,,,
59,0.2,rank_rolling,325,2592,rank,1000,2,398,360,0.8618090452,0.8472222222,0.8513888889,2592,2592,2592,0,0,,,,,,,
59,0.2,rank_rolling,326,2911,rank,1000,2,422,348,0.9289099526,0.9166666667,0.9276819923,2911,2911,2911,0,0,,,,,,,
59,0.2,rank_rolling,327,2783,rank,1000,3,738,621,0.879403794,0.8631239936,0.8753623188,2783,2783,2783,0,0,,,,,,,
59,0.2,rank_rolling,328,3292,rank,1000,2,600,526,0.9116666667,0.9011406844,0.9039923954,3292,3292,3292,0,0,,,,,,,
59,0.2,rank_rolling,329,3208,rank,1000,2,684,599,0.8742690058,0.8681135225,0.8772954925,3208,3208,3208,0,0,,,,,,,
59,0.2,rank_rolling,330,3712,rank,1000,2,640,580,0.921875,0.9137931034,0.9137931034,3712,3712,3712,0,0,,,,,,,
59,0.2,rank_rolling,331,3489,rank,1000,2,506,474,0.8992094862,0.8924050633,0.8934599156,3489,3489,3489,0,0,,,,,,,
59,0.2,rank_rolling,332,3143,rank,1000,2,318,300,0.9245283019,0.92,0.92,3143,3143,3143,0,0,,,,,,,
59,0.2,rank_rolling,333,2794,rank,1000,3,342,312,0.8713450292,0.858974359,0.8627136752,2794,2794,2794,0,0,,,,,,,
59,0.2,rank_rolling,334,3217,rank,1000,3,700,633,0.8914285714,0.8862559242,0.8886255924,3217,3217,3217,0,0,,,,,,,
59,0.2,rank_rolling,335,3620,rank,1000,2,656,587,0.8993902439,0.8909710392,0.8960817717,3620,3620,3620,0,0,,,,,,,
59,0.2,rank_rolling,336,3535,rank,1000,2,632,551,0.8734177215,0.8584392015,0.8686025408,3535,3535,3535,0,0,,,,,,,
59,0.2,rank_rolling,337,4099,rank,1000,2,552,492,0.9057971014,0.8943089431,0.8956639566,4099,4099,4099,0,0,,,,,,,
59,0.2,rank_rolling,338,4099,rank,1000,2,496,457,0.9193548387,0.9124726477,0.9146608315,4099,4099,4099,0,0,,,,,,,
59,0.2,rank_rolling,339,3535,rank,1000,2,328,297,0.862804878,0.8585858586,0.8658810325,3535,3535,3535,0,0,,,,,,,
59,0.2,rank_rolling,340,3810,rank,1000,3,328,303,0.9390243902,0.9339933993,0.9339933993,3810,3810,3810,0,0,,,,,,,
59,0.2,rank_rolling,341,3739,rank,1000,3,576,519,0.890625,0.8786127168,0.8840077071,3739,3739,3739,0,0,,,,,,,
59,0.2,rank_rolling,342,3712,rank,1000,3,636,565,0.927672956,0.9185840708,0.9206489676,3712,3712,3712,0,0,,,,,,,
59,0.2,rank_rolling,343,3323,rank,1000,2,642,567,0.8847352025,0.8694885362,0.8763962375,3323,3323,3323,0,0,,,,,,,
59,0.2,rank_rolling,344,3377,rank,1000,2,650,582,0.8953846154,0.883161512,0.8894616266,3377,3377,3377,0,0,,,,,,,
59,0.2,rank_rolling,345,3714,rank,1000,2,586,501,0.8924914676,0.874251497,0.879241517,3714,3714,3714,0,0,,,,,,,
59,0.2,rank_rolling,346,3817,rank,1000,2,224,197,0.9375,0.9289340102,0.9314720812,3817,3817,3817,0,0,,,,,,,
59,0.2,rank_rolling,347,3571,rank,1000,3,306,277,0.9248366013,0.916967509,0.9193742479,3571,3571,3571,0,0,,,,,,,
59,0.2,rank_rolling,348,3449,rank,1000,3,714,610,0.8949579832,0.8770491803,0.8803278689,3449,3449,3449,0,0,,,,,,,
59,0.2,rank_rolling,349,3379,rank,1000,2,600,545,0.895,0.8862385321,0.8920489297,3379,3379,3379,0,0,,,,,,,
59,0.2,rank_rolling,350,3704,rank,1000,2,656,560,0.9024390244,0.8910714286,0.8947321429,3704,3704,3704,0,0,,,,,,,
59,0.2,rank_rolling,351,3924,rank,1000,2,522,476,0.9118773946,0.9033613445,0.9033613445,3924,3924,3924,0,0,,,,,,,
59,0.2,rank_rolling,352,3857,rank,1000,2,462,415,0.9155844156,0.913253012,0.9185742972,3857,3857,3857,0,0,,,,,,,
59,0.2,rank_rolling,353,3677,rank,1000,3,242,226,0.8636363636,0.8539823009,0.8628318584,3677,3677,3677,0,0,,,,,,,
59,0.2,rank_rolling,354,3857,rank,1000,3,238,227,0.8823529412,0.8766519824,0.8766519824,3857,3857,3857,0,0,,,,,,,
59,0.2,rank_rolling,355,3970,rank,1000,4,578,506,0.8702422145,0.8577075099,0.8690005647,3970,3970,3970,0,0,,,,,,,
59,0.2,rank_rolling,356,5073,rank,1000,3,548,483,0.9215328467,0.9151138716,0.9213250518,5073,5073,5073,0,0,,,,,,,
59,0.2,rank_rolling,357,4667,rank,1000,2,406,363,0.9285714286,0.9283746556,0.9297520661,4667,4667,4667,0,0,,,,,,,
59,0.2,rank_rolling,358,4086,rank,1000,3,300,276,0.9133333333,0.9057971014,0.9057971014,4086,4086,4086,0,0,,,,,,,
59,0.2,rank_rolling,359,3620,rank,1000,3,330,312,0.9393939394,0.9358974359,0.9375,3620,3620,3620,0,0,,,,,,,
59,0.2,rank_rolling,360,3085,rank,1000,3,228,214,0.951754386,0.9485981308,0.9509345794,3085,3085,3085,0,0,,,,,,,
59,0.2,rank_rolling,361,2667,rank,1000,4,246,226,0.9105691057,0.9026548673,0.9048672566,2667,2667,2667,0,0,,,,,,,
59,0.2,rank_rolling,362,2347,rank,1000,4,620,530,0.8741935484,0.8566037736,0.8632075472,2347,2347,2347,0,0,,,,,,,
59,0.2,rank_rolling,363,2641,rank,1000,3,386,353,0.8808290155,0.88101983,0.88101983,2641,2641,2641,0,0,,,,,,,
59,0.2,rank_rolling,364,3296,rank,1000,2,354,329,0.8870056497,0.8784194529,0.8814589666,3296,3296,3296,0,0,,,,,,,
71,0.2,rank_rolling,292,3056,rank,1000,3,730,658,0.8821917808,0.8753799392,0.8837386018,3056,3056,3056,0,0,,,,,,,
71,0.2,rank_rolling,293,3373,rank,1000,2,658,581,0.8510638298,0.8399311532,0.8514056225,3373,3373,3373,0,0,,,,,,,
71,0.2,rank_rolling,294,4135,rank,1000,2,618,538,0.8932038835,0.8791821561,0.8801115242,4135,4135,4135,0,0,,,,,,,
71,0.2,rank_rolling,295,4734,rank,1000,2,666,578,0.9159159159,0.9031141869,0.9088811995,4734,4734,4734,0,0,,,,,,,
71,0.2,rank_rolling,296,3591,rank,1000,2,516,466,0.9050387597,0.8948497854,0.8959227468,3591,3591,3591,0,0,,,,,,,
71,0.2,rank_rolling,297,3524,rank,1000,2,292,254,0.9006849315,0.8897637795,0.8923884514,3524,3524,3524,0,0,,,,,,,
71,0.2,rank_rolling,298,3629,rank,1000,3,252,224,0.869047619,0.8526785714,0.8601190476,3629,3629,3629,0,0,,,,,,,
71,0.2,rank_rolling,299,3855,rank,1000,3,702,615,0.9259259259,0.9154471545,0.9165311653,3855,3855,3855,0,0,,,,,,,
71,0.2,rank_rolling,300,3424,rank,1000,3,664,573,0.8960843373,0.8830715532,0.8909249564,3424,3424,3424,0,0,,,,,,,
71,0.2,rank_rolling,301,3397,rank,1000,2,616,552,0.8441558442,0.8351449275,0.8417270531,3397,3397,3397,0,0,,,,,,,
71,0.2,rank_rolling,302,4695,rank,1000,2,570,490,0.9228070175,0.9142857143,0.9173469388,4695,4695,4695,0,0,,,,,,,
71,0.2,rank_rolling,303,4413,rank,1000,2,542,485,0.9095940959,0.8989690722,0.9041237113,4413,4413,4413,0,0,,,,,,,
71,0.2,rank_rolling,304,3899,rank,1000,2,328,281,0.9085365854,0.9074733096,0.9074733096,3899,3899,3899,0,0,,,,,,,
71,0.2,rank_rolling,305,3823,rank,1000,3,328,295,0.9329268293,0.9254237288,0.9271186441,3823,3823,3823,0,0,,,,,,,
71,0.2,rank_rolling,306,3694,rank,1000,3,582,513,0.9072164948,0.8947368421,0.8999350227,3694,3694,3694,0,0,,,,,,,
71,0.2,rank_rolling,307,3274,rank,1000,3,588,510,0.8656462585,0.8470588235,0.8567320261,3274,3274,3274,0,0,,,,,,,
71,0.2,rank_rolling,308,3905,rank,1000,2,562,497,0.8985765125,0.8893360161,0.8923541247,3905,3905,3905,0,0,,,,,,,
71,0.2,rank_rolling,309,4235,rank,1000,2,626,535,0.8897763578,0.876635514,0.8831775701,4235,4235,4235,0,0,,,,,,,
71,0.2,rank_rolling,310,4444,rank,1000,2,620,527,0.9306451613,0.9203036053,0.9258380772,4444,4444,4444,0,0,,,,,,,
71,0.2,rank_rolling,311,3917,rank,1000,2,438,366,0.9178082192,0.9016393443,0.9130236794,3917,3917,3917,0,0,,,,,,,
71,0.2,rank_rolling,312,3006,rank,1000,2,460,368,0.9152173913,0.8967391304,0.9128623188,3006,3006,3006,0,0,,,,,,,
71,0.2,rank_rolling,313,2791,rank,1000,3,794,641,0.9005037783,0.8767550702,0.8814352574,2791,2791,2791,0,0,,,,,,,
71,0.2,rank_rolling,314,2771,rank,1000,2,678,585,0.8805309735,0.864957265,0.8743589744,2771,2771,2771,0,0,,,,,,,
71,0.2,rank_rolling,315,3232,rank,1000,2,774,660,0.9147286822,0.9045454545,0.912020202,3232,3232,3232,0,0,,,,,,,
71,0.2,rank_rolling,316,2863,rank,1000,2,758,622,0.8878627968,0.8633440514,0.865755627,2863,2863,2863,0,0,,,,,,,
71,0.2,rank_rolling,317,3144,rank,1000,2,630,559,0.8888888889,0.8747763864,0.8837507454,3144,3144,3144,0,0,,,,,,,
71,0.2,rank_rolling,318,3659,rank,1000,2,342,308,0.918128655,0.9090909091,0.9128787879,3659,3659,3659,0,0,,,,,,,
71,0.2,rank_rolling,319,3541,rank,1000,3,324,290,0.9413580247,0.9344827586,0.9344827586,3541,3541,3541,0,0,,,,,,,
71,0.2,rank_rolling,320,2670,rank,1000,3,736,646,0.8831521739,0.8715170279,0.8787753698,2670,2670,2670,0,0,,,,,,,
71,0.2,rank_rolling,321,2958,rank,1000,2,680,603,0.8867647059,0.8756218905,0.8839137645,2958,2958,2958,0,0,,,,,,,
71,0.2,rank_rolling,322,3584,rank,1000,2,668,595,0.8562874251,0.8420168067,0.843697479,3584,3584,3584,0,0,,,,,,,
71,0.2,rank_rolling,323,4412,rank,1000,2,668,600,0.9161676647,0.9083333333,0.9127777778,4412,4412,4412,0,0,,,,,,,
71,0.2,rank_rolling,324,4104,rank,1000,2,796,650,0.9510050251,0.94,0.9438461538,4104,4104,4104,0,0,,,,,,,
71,0.2,rank_rolling,325,2415,rank,1000,2,398,360,0.8492462312,0.8333333333,0.8375,2415,2415,2415,0,0,,,,,,,
71,0.2,rank_rolling,326,3227,rank,1000,2,422,348,0.9526066351,0.9454022989,0.9468390805,3227,3227,3227,0,0,,,,,,,
71,0.2,rank_rolling,327,2697,rank,1000,3,738,621,0.9024390244,0.8888888889,0.8949543747,2697,2697,2697,0,0,,,,,,,
71,0.2,rank_rolling,328,2099,rank,1000,2,600,526,0.8666666667,0.8536121673,0.8602661597,2099,2099,2099,0,0,,,,,,,
71,0.2,rank_rolling,329,3351,rank,1000,2,684,599,0.8757309942,0.8614357262,0.8705620479,3351,3351,3351,0,0,,,,,,,
71,0.2,rank_rolling,330,3930,rank,1000,2,640,580,0.9125,0.9034482759,0.9060344828,3930,3930,3930,0,0,,,,,,,
71,0.2,rank_rolling,331,3690,rank,1000,2,506,474,0.9071146245,0.9008438819,0.9018987342,3690,3690,3690,0,0,,,,,,,
71,0.2,rank_rolling,332,3573,rank,1000,2,318,300,0.9213836478,0.9166666667,0.9166666667,3573,3573,3573,0,0,,,,,,,
71,0.2,rank_rolling,333,3213,rank,1000,3,342,312,0.9005847953,0.891025641,0.8958333333,3213,3213,3213,0,0,,,,,,,
71,0.2,rank_rolling,334,3158,rank,1000,3,700,633,0.8828571429,0.8767772512,0.8815165877,3158,3158,3158,0,0,,,,,,,
71,0.2,rank_rolling,335,3600,rank,1000,2,656,587,0.8658536585,0.8534923339,0.8661272005,3600,3600,3600,0,0,,,,,,,
71,0.2,rank_rolling,336,3884,rank,1000,2,632,551,0.8924050633,0.8802177858,0.8838475499,3884,3884,3884,0,0,,,,,,,
71,0.2,rank_rolling,337,4062,rank,1000,2,552,492,0.8876811594,0.8760162602,0.8831300813,4062,4062,4062,0,0,,,,,,,
71,0.2,rank_rolling,338,4365,rank,1000,2,496,457,0.8991935484,0.8905908096,0.893508388,4365,4365,4365,0,0,,,,,,,
71,0.2,rank_rolling,339,4657,rank,1000,2,328,297,0.8902439024,0.8888888889,0.8978675645,4657,4657,4657,0,0,,,,,,,
71,0.2,rank_rolling,340,4590,rank,1000,3,328,303,0.9329268293,0.9273927393,0.9273927393,4590,4590,4590,0,0,,,,,,,
71,0.2,rank_rolling,341,4133,rank,1000,3,576,519,0.9236111111,0.91522158,0.9181117534,4133,4133,4133,0,0,,,,,,,
71,0.2,rank_rolling,342,3549,rank,1000,3,636,565,0.9088050314,0.8973451327,0.8982300885,3549,3549,3549,0,0,,,,,,,
71,0.2,rank_rolling,343,3384,rank,1000,2,642,567,0.8489096573,0.8306878307,0.8431804821,3384,3384,3384,0,0,,,,,,,
71,0.2,rank_rolling,344,4650,rank,1000,2,650,582,0.9307692308,0.9243986254,0.9278350515,4650,4650,4650,0,0,,,,,,,
71,0.2,rank_rolling,345,4065,rank,1000,2,586,501,0.9129692833,0.8982035928,0.9021956088,4065,4065,4065,0,0,,,,,,,
71,0.2,rank_rolling,346,3512,rank,1000,2,224,197,0.9732142857,0.9695431472,0.9695431472,3512,3512,3512,0,0,,,,,,,
71,0.2,rank_rolling,347,2934,rank,1000,3,306,277,0.8986928105,0.8880866426,0.8904933815,2934,2934,2934,0,0,,,,,,,
71,0.2,rank_rolling,348,2934,rank,1000,3,714,610,0.8865546218,0.8672131148,0.868852459,2934,2934,2934,0,0,,,,,,,
71,0.2,rank_rolling,349,3281,rank,1000,2,600,545,0.8683333333,0.8550458716,0.8663608563,3281,3281,3281,0,0,,,,,,,
71,0.2,rank_rolling,350,3943,rank,1000,2,656,560,0.9192073171,0.9107142857,0.9157738095,3943,3943,3943,0,0,,,,,,,
71,0.2,rank_rolling,351,3726,rank,1000,2,522,476,0.8831417625,0.8718487395,0.8757002801,3726,3726,3726,0,0,,,,,,,
71,0.2,rank_rolling,352,3909,rank,1000,2,462,415,0.9242424242,0.9180722892,0.9220883534,3909,3909,3909,0,0,,,,,,,
71,0.2,rank_rolling,353,3593,rank,1000,3,242,226,0.8595041322,0.8495575221,0.860619469,3593,3593,3593,0,0,,,,,,,
71,0.2,rank_rolling,354,3885,rank,1000,3,238,227,0.8949579832,0.8898678414,0.8920704846,3885,3885,3885,0,0,,,,,,,
71,0.2,rank_rolling,355,3784,rank,1000,4,578,506,0.8823529412,0.8735177866,0.8846932053,3784,3784,3784,0,0,,,,,,,
71,0.2,rank_rolling,356,4783,rank,1000,3,548,483,0.9197080292,0.9130434783,0.9192546584,4783,4783,4783,0,0,,,,,,,
71,0.2,rank_rolling,357,4319,rank,1000,2,406,363,0.9310344828,0.9338842975,0.9366391185,4319,4319,4319,0,0,,,,,,,
71,0.2,rank_rolling,358,3794,rank,1000,3,300,276,0.9166666667,0.9094202899,0.9112318841,3794,3794,3794,0,0,,,,,,,
71,0.2,rank_rolling,359,3470,rank,1000,3,330,312,0.9303030303,0.9262820513,0.9262820513,3470,3470,3470,0,0,,,,,,,
71,0.2,rank_rolling,360,2908,rank,1000,3,228,214,0.9342105263,0.9299065421,0.9322429907,2908,2908,2908,0,0,,,,,,,
71,0.2,rank_rolling,361,2679,rank,1000,4,246,226,0.9105691057,0.9026548673,0.9048672566,2679,2679,2679,0,0,,,,,,,
71,0.2,rank_rolling,362,2187,rank,1000,4,620,530,0.9,0.8830188679,0.8905660377,2187,2187,2187,0,0,,,,,,,
71,0.2,rank_rolling,363,1793,rank,1000,3,386,353,0.8626943005,0.8583569405,0.8611898017,1793,1793,1793,0,0,,,,,,,
71,0.2,rank_rolling,364,2578,rank,1000,2,354,329,0.8926553672,0.8844984802,0.8875379939,2578,2578,2578,0,0,,,,,,,
17,0.2,aps_rolling,292,0.9999861931,mass,1000,3,730,658,0.8698630137,0.8875379939,0.8958966565,4666.907295,6759,7126,0.02431610942,0,aps,0,0,,,,
17,0.2,aps_rolling,293,0.9999905199,mass,1000,2,658,581,0.914893617,0.9208261618,0.933448078,5003.841652,6916,7127,0.02581755594,0,aps,0,0,,,,
17,0.2,aps_rolling,294,0.9999907788,mass,1000,2,618,538,0.8608414239,0.8643122677,0.8807311029,4863.122677,6901,7126,0.02788104089,0,aps,0,0,,,,
17,0.2,aps_rolling,295,0.9999962515,mass,1000,2,666,578,0.9159159159,0.9256055363,0.9385236448,5286.347751,6957.5,7127,0.01384083045,0,aps,0,0,,,,
17,0.2,aps_rolling,296,0.9999972864,mass,1000,2,516,466,0.8817829457,0.8862660944,0.9011444921,5040.349785,6992.5,7127,0.01072961373,0,aps,0,0,,,,
17,0.2,aps_rolling,297,0.9999975106,mass,1000,2,292,254,0.8698630137,0.8897637795,0.9036745407,4542.456693,6716.5,7127,0.01181102362,0,aps,0,0,,,,
17,0.2,aps_rolling,298,0.9999988612,mass,1000,3,252,224,0.9365079365,0.9508928571,0.9594494048,5178.522321,6996.5,7127,0.03125,0,aps,0,0,,,,
17,0.2,aps_rolling,299,0.9999985157,mass,1000,3,702,615,0.9045584046,0.9170731707,0.9259233449,5145.878049,7021,7127,0.01951219512,0,aps,0,0,,,,
17,0.2,aps_rolling,300,0.9999981671,mass,1000,3,664,573,0.8930722892,0.8970331588,0.9128369207,5180.589878,7047,7127,0.02094240838,0,aps,0,0,,,,
17,0.2,aps_rolling,301,0.9999988593,mass,1000,2,616,552,0.9269480519,0.9239130435,0.9274154589,5402.682971,7072,7127,0.01449275362,0,aps,0,0,,,,
17,0.2,aps_rolling,302,0.9999965342,mass,1000,2,570,490,0.8561403509,0.8571428571,0.8745189504,4780.95102,6810.5,7127,0.01836734694,0,aps,0,0,,,,
17,0.2,aps_rolling,303,0.9999989743,mass,1000,2,542,485,0.9095940959,0.9051546392,0.9136769759,5096.280412,7015,7127,0.01030927835,0,aps,0,0,,,,
17,0.2,aps_rolling,304,0.9999984807,mass,1000,2,328,281,0.875,0.8790035587,0.903024911,4837.533808,6980,7127,0.01423487544,0,aps,0,0,,,,
17,0.2,aps_rolling,305,0.9999992382,mass,1000,3,328,295,0.9390243902,0.9423728814,0.9561581921,4819.477966,6991,7127,0.01694915254,0,aps,0,0,,,,
17,0.2,aps_rolling,306,0.9999984807,mass,1000,3,582,513,0.8797250859,0.8966861598,0.9106562703,4894.304094,6976,7127,0.01754385965,0,aps,0,0,,,,
17,0.2,aps_rolling,307,0.9999987741,mass,1000,3,588,510,0.8894557823,0.9078431373,0.9179411765,5207.766667,7032,7127,0.007843137255,0,aps,0,0,,,,
17,0.2,aps_rolling,308,0.9999991593,mass,1000,2,562,497,0.8914590747,0.893360161,0.9089489317,4988.579477,7071,7127,0.01006036217,0,aps,0,0,,,,
17,0.2,aps_rolling,309,0.9999993393,mass,1000,2,626,535,0.9025559105,0.9140186916,0.9246417445,5319.386916,7072,7127,0.009345794393,0,aps,0,0,,,,
17,0.2,aps_rolling,310,0.9999991648,mass,1000,2,620,527,0.9274193548,0.9297912713,0.9421568627,4787.13093,6899,7127,0.007590132827,0,aps,0,0,,,,
17,0.2,aps_rolling,311,0.9999984223,mass,1000,2,438,366,0.9063926941,0.8907103825,0.914298725,4207.73224,6049.5,7127,0.0218579235,0,aps,0,0,,,,
17,0.2,aps_rolling,312,0.9999976326,mass,1000,2,460,368,0.8673913043,0.8885869565,0.9051889234,4076.828804,6040.5,7127,0.01630434783,0,aps,0,0,,,,
17,0.2,aps_rolling,313,0.9999991067,mass,1000,3,794,641,0.8727959698,0.8751950078,0.8984399376,4524.959438,6650,7127,0.01248049922,0,aps,0,0,,,,
17,0.2,aps_rolling,314,0.9999997528,mass,1000,2,678,585,0.907079646,0.9162393162,0.9252747253,4868.969231,7000,7127,0.01196581197,0,aps,0,0,,,,
17,0.2,aps_rolling,315,0.9999997703,mass,1000,2,774,660,0.9056847545,0.9075757576,0.9219949495,4939.186364,6996.5,7127,0.01818181818,0,aps,0,0,,,,
17,0.2,aps_rolling,316,0.9999998073,mass,1000,2,758,622,0.926121372,0.924437299,0.9394962487,5336.228296,7052.5,7127,0.009646302251,0,aps,0,0,,,,
17,0.2,aps_rolling,317,0.9999990916,mass,1000,2,630,559,0.8873015873,0.885509839,0.9050685748,4375.552773,6369,7127,0.03041144902,0,aps,0,0,,,,
17,0.2,aps_rolling,318,0.9999995252,mass,1000,2,342,308,0.9005847953,0.8993506494,0.9155844156,4288.847403,6581,7127,0.01948051948,0,aps,0,0,,,,
17,0.2,aps_rolling,319,0.999999528,mass,1000,3,324,290,0.9259259259,0.9206896552,0.9275862069,4600.510345,6697,7127,0.01724137931,0,aps,0,0,,,,
17,0.2,aps_rolling,320,0.9999995022,mass,1000,3,736,646,0.8885869565,0.9055727554,0.9124355005,4919.280186,6997.5,7127,0.01547987616,0,aps,0,0,,,,
17,0.2,aps_rolling,321,0.9999995759,mass,1000,2,680,603,0.9058823529,0.8988391376,0.9101713654,4928.361526,6964,7127,0.01492537313,0,aps,0,0,,,,
17,0.2,aps_rolling,322,0.9999996973,mass,1000,2,668,595,0.9266467066,0.9294117647,0.9364145658,5057.468908,7010,7127,0.01848739496,0,aps,0,0,,,,
17,0.2,aps_rolling,323,0.9999994185,mass,1000,2,668,600,0.8817365269,0.885,0.8975,4849.228333,6909.5,7127,0.01666666667,0,aps,0,0,,,,
17,0.2,aps_rolling,324,0.9999996977,mass,1000,2,796,650,0.891959799,0.9061538462,0.9262051282,4831.996923,6957,7127,0.01846153846,0,aps,0,0,,,,
17,0.2,aps_rolling,325,0.9999998194,mass,1000,2,398,360,0.8768844221,0.8805555556,0.8921296296,4458.905556,6857.5,7127,0.03055555556,0,aps,0,0,,,,
17,0.2,aps_rolling,326,0.9999998423,mass,1000,2,422,348,0.8530805687,0.8534482759,0.8711685824,4086.166667,6277.5,7127,0.02011494253,0,aps,0,0,,,,
17,0.2,aps_rolling,327,0.999999921,mass,1000,3,738,621,0.8997289973,0.9194847021,0.9361782072,4976.690821,7016,7127,0.01449275362,0,aps,0,0,,,,
17,0.2,aps_rolling,328,0.9999999379,mass,1000,2,600,526,0.9033333333,0.9125475285,0.9209668658,5132.775665,7073,7127,0.01520912548,0,aps,0,0,,,,
17,0.2,aps_rolling,329,0.9999999433,mass,1000,2,684,599,0.9225146199,0.9265442404,0.9313856427,5174.160267,7066,7127,0.01168614357,0,aps,0,0,,,,
17,0.2,aps_rolling,330,0.999999764,mass,1000,2,640,580,0.8953125,0.9,0.9107758621,4939.037931,6944.5,7127,0.01379310345,0,aps,0,0,,,,
17,0.2,aps_rolling,331,0.9999997952,mass,1000,2,506,474,0.9130434783,0.9198312236,0.9208860759,4975.879747,6990.5,7127,0.01265822785,0,aps,0,0,,,,
17,0.2,aps_rolling,332,0.9999997469,mass,1000,2,318,300,0.8805031447,0.8833333333,0.8905555556,4618.196667,6753.5,7127,0.01333333333,0,aps,0,0,,,,
17,0.2,aps_rolling,333,0.9999997873,mass,1000,3,342,312,0.8801169591,0.8814102564,0.8926282051,4683.371795,6831,7127,0.01923076923,0,aps,0,0,,,,
17,0.2,aps_rolling,334,0.9999998289,mass,1000,3,700,633,0.8914285714,0.9052132701,0.9132438125,4815.627172,6914,7127,0.01421800948,0,aps,0,0,,,,
17,0.2,aps_rolling,335,0.9999999073,mass,1000,2,656,587,0.8993902439,0.8960817717,0.9094264622,4966.655877,6978,7127,0.01703577513,0,aps,0,0,,,,
17,0.2,aps_rolling,336,0.9999999411,mass,1000,2,632,551,0.914556962,0.9128856624,0.9196914701,5096.852995,7044,7127,0.007259528131,0,aps,0,0,,,,
17,0.2,aps_rolling,337,0.9999998769,mass,1000,2,552,492,0.9057971014,0.912601626,0.9172764228,4731.764228,6930,7127,0.01219512195,0,aps,0,0,,,,
17,0.2,aps_rolling,338,0.9999998656,mass,1000,2,496,457,0.8830645161,0.9015317287,0.9106491612,4870.792123,6902,7127,0.01531728665,0,aps,0,0,,,,
17,0.2,aps_rolling,339,0.999999915,mass,1000,2,328,297,0.9054878049,0.8956228956,0.9071268238,4776.808081,6750,7127,0.0202020202,0,aps,0,0,,,,
17,0.2,aps_rolling,340,0.9999999168,mass,1000,3,328,303,0.9085365854,0.9207920792,0.9306930693,4987.108911,6941,7127,0.009900990099,0,aps,0,0,,,,
17,0.2,aps_rolling,341,0.9999998986,mass,1000,3,576,519,0.8888888889,0.8998073218,0.9079640334,4855.867052,6989,7127,0.009633911368,0,aps,0,0,,,,
17,0.2,aps_rolling,342,0.9999999054,mass,1000,3,636,565,0.8977987421,0.9026548673,0.9156342183,4962.309735,6948,7127,0.01592920354,0,aps,0,0,,,,
17,0.2,aps_rolling,343,0.999999934,mass,1000,2,642,567,0.8769470405,0.8783068783,0.8902410347,5291.906526,7042,7127,0.01587301587,0,aps,0,0,,,,
17,0.2,aps_rolling,344,0.9999999705,mass,1000,2,650,582,0.8969230769,0.9020618557,0.9097938144,4974.774914,7019,7127,0.005154639175,0,aps,0,0,,,,
17,0.2,aps_rolling,345,0.9999999803,mass,1000,2,586,501,0.9027303754,0.8962075848,0.9048569528,4983.101796,7071,7127,0.01397205589,0,aps,0,0,,,,
17,0.2,aps_rolling,346,0.9999999735,mass,1000,2,224,197,0.9285714286,0.9289340102,0.9416243655,4400.857868,6295,7127,0.03553299492,0,aps,0,0,,,,
17,0.2,aps_rolling,347,0.9999999621,mass,1000,3,306,277,0.9052287582,0.9097472924,0.9139590854,4018.072202,6444,7127,0.03249097473,0,aps,0,0,,,,
17,0.2,aps_rolling,348,0.9999999526,mass,1000,3,714,610,0.9033613445,0.9098360656,0.9198087432,4678.472131,6900,7127,0.02131147541,0,aps,0,0,,,,
17,0.2,aps_rolling,349,0.9999999418,mass,1000,2,600,545,0.87,0.8770642202,0.8865443425,4556.851376,6742,7127,0.0128440367,0,aps,0,0,,,,
17,0.2,aps_rolling,350,0.9999999857,mass,1000,2,656,560,0.8887195122,0.8839285714,0.9031845238,4556.067857,6687.5,7127,0.02142857143,0,aps,0,0,,,,
17,0.2,aps_rolling,351,0.9999999931,mass,1000,2,522,476,0.8812260536,0.8907563025,0.9044117647,4696.063025,6888.5,7127,0.01890756303,0,aps,0,0,,,,
17,0.2,aps_rolling,352,0.9999999963,mass,1000,2,462,415,0.8896103896,0.9108433735,0.9226907631,4984.515663,7006,7127,0.01204819277,0,aps,0,0,,,,
17,0.2,aps_rolling,353,0.9999999985,mass,1000,3,242,226,0.9132231405,0.907079646,0.9181415929,4707.557522,6850,7127,0.03539823009,0,aps,0,0,,,,
17,0.2,aps_rolling,354,0.9999999981,mass,1000,3,238,227,0.9243697479,0.9251101322,0.9309838473,5027.202643,6999,7127,0.01762114537,0,aps,0,0,,,,
17,0.2,aps_rolling,355,0.999999998,mass,1000,4,578,506,0.8823529412,0.9051383399,0.9174901186,5202.976285,7098.5,7127,0.0256916996,0,aps,0,0,,,,
17,0.2,aps_rolling,356,0.9999999982,mass,1000,3,548,483,0.9142335766,0.9109730849,0.9202898551,5060.374741,7071,7127,0.016563147,0,aps,0,0,,,,
17,0.2,aps_rolling,357,0.9999999983,mass,1000,2,406,363,0.9187192118,0.914600551,0.9286042241,4819.07438,6929,7127,0.01652892562,0,aps,0,0,,,,
17,0.2,aps_rolling,358,0.9999999954,mass,1000,3,300,276,0.93,0.9311594203,0.9426328502,4442.847826,6435.5,7127,0.01449275362,0,aps,0,0,,,,
17,0.2,aps_rolling,359,0.9999999905,mass,1000,3,330,312,0.9515151515,0.9487179487,0.9577991453,5200.817308,7100,7127,0.00641025641,0,aps,0,0,,,,
17,0.2,aps_rolling,360,0.9999999372,mass,1000,3,228,214,0.8771929825,0.8831775701,0.8855140187,4161.915888,5814.5,7127,0.03738317757,0,aps,0,0,,,,
17,0.2,aps_rolling,361,0.9999999703,mass,1000,4,246,226,0.8617886179,0.8628318584,0.8738938053,3944.60177,5610.5,7127,0.03539823009,0,aps,0,0,,,,
17,0.2,aps_rolling,362,0.9999999501,mass,1000,4,620,530,0.8258064516,0.8716981132,0.8900718778,4118.054717,6281.5,7127,0.03396226415,0,aps,0,0,,,,
17,0.2,aps_rolling,363,0.9999999996,mass,1000,3,386,353,0.9274611399,0.9291784703,0.9414542021,4681.311615,7001,7127,0.03116147309,0,aps,0,0,,,,
17,0.2,aps_rolling,364,0.9999999996,mass,1000,2,354,329,0.918079096,0.9179331307,0.9265450861,4927.762918,7000,7127,0.01823708207,0,aps,0,0,,,,
29,0.2,aps_rolling,292,0.9999930475,mass,1000,3,730,658,0.8863013699,0.905775076,0.9113981763,4826.530395,6881,7127,0.0273556231,0,aps,0,0,,,,
29,0.2,aps_rolling,293,0.9999930104,mass,1000,2,658,581,0.8981762918,0.908777969,0.9179575445,5043.736661,7011,7127,0.01376936317,0,aps,0,0,,,,
29,0.2,aps_rolling,294,0.999996072,mass,1000,2,618,538,0.859223301,0.8717472119,0.8850371747,5004.884758,7024,7127,0.02230483271,0,aps,0,0,,,,
29,0.2,aps_rolling,295,0.9999986192,mass,1000,2,666,578,0.9189189189,0.9325259516,0.9422145329,5566.695502,7064,7127,0.01903114187,0,aps,0,0,,,,
29,0.2,aps_rolling,296,0.9999986192,mass,1000,2,516,466,0.8837209302,0.8862660944,0.9007868383,5212.150215,7073.5,7127,0.01931330472,0,aps,0,0,,,,
29,0.2,aps_rolling,297,0.9999988191,mass,1000,2,292,254,0.8767123288,0.8976377953,0.9120734908,4719.318898,6894,7127,0.0157480315,0,aps,0,0,,,,
29,0.2,aps_rolling,298,0.9999995889,mass,1000,3,252,224,0.9246031746,0.9419642857,0.9494047619,5303.696429,7070,7127,0.02678571429,0,aps,0,0,,,,
29,0.2,aps_rolling,299,0.9999994152,mass,1000,3,702,615,0.9045584046,0.9219512195,0.9305923345,5300.850407,7075,7127,0.02276422764,0,aps,0,0,,,,
29,0.2,aps_rolling,300,0.9999991522,mass,1000,3,664,573,0.906626506,0.9127399651,0.928543727,5208.139616,7089,7127,0.02443280977,0,aps,0,0,,,,
29,0.2,aps_rolling,301,0.9999992023,mass,1000,2,616,552,0.9269480519,0.9275362319,0.9342391304,5411.358696,7091,7127,0.01811594203,0,aps,0,0,,,,
29,0.2,aps_rolling,302,0.9999983611,mass,1000,2,570,490,0.8701754386,0.8775510204,0.8878571429,4904.042857,6937,7127,0.02244897959,0,aps,0,0,,,,
29,0.2,aps_rolling,303,0.9999992004,mass,1000,2,542,485,0.8874538745,0.8845360825,0.8934020619,5100.437113,7045,7127,0.02680412371,0,aps,0,0,,,,
29,0.2,aps_rolling,304,0.9999993044,mass,1000,2,328,281,0.887195122,0.8896797153,0.9059905101,4969.281139,6993,7127,0.03202846975,0,aps,0,0,,,,
29,0.2,aps_rolling,305,0.9999995467,mass,1000,3,328,295,0.9207317073,0.9288135593,0.941920904,4864.715254,6969,7127,0.02033898305,0,aps,0,0,,,,
29,0.2,aps_rolling,306,0.9999993664,mass,1000,3,582,513,0.8934707904,0.910331384,0.9212475634,4980.231969,7054,7127,0.02339181287,0,aps,0,0,,,,
29,0.2,aps_rolling,307,0.9999993364,mass,1000,3,588,510,0.9047619048,0.9294117647,0.937254902,5401.278431,7071,7127,0.01764705882,0,aps,0,0,,,,
29,0.2,aps_rolling,308,0.9999994743,mass,1000,2,562,497,0.8807829181,0.8893360161,0.9055284085,5142.8833,7090,7127,0.01408450704,0,aps,0,0,,,,
29,0.2,aps_rolling,309,0.9999997026,mass,1000,2,626,535,0.8881789137,0.8990654206,0.9098442368,5436.540187,7100,7127,0.01495327103,0,aps,0,0,,,,
29,0.2,aps_rolling,310,0.9999998568,mass,1000,2,620,527,0.9370967742,0.935483871,0.9501897533,5116.806452,7076,7127,0.009487666034,0,aps,0,0,,,,
29,0.2,aps_rolling,311,0.9999995866,mass,1000,2,438,366,0.9109589041,0.9043715847,0.9230418944,4561.819672,6754.5,7127,0.03278688525,0,aps,0,0,,,,
29,0.2,aps_rolling,312,0.9999991465,mass,1000,2,460,368,0.8739130435,0.8940217391,0.9119824017,4347.103261,6431.5,7127,0.01630434783,0,aps,0,0,,,,
29,0.2,aps_rolling,313,0.9999996218,mass,1000,3,794,641,0.8916876574,0.9001560062,0.9185387415,4686.196568,6885,7127,0.01716068643,0,aps,0,0,,,,
29,0.2,aps_rolling,314,0.9999998185,mass,1000,2,678,585,0.9144542773,0.9179487179,0.9317256817,4901.140171,7054,7127,0.02222222222,0,aps,0,0,,,,
29,0.2,aps_rolling,315,0.9999997493,mass,1000,2,774,660,0.8992248062,0.9015151515,0.9180808081,4820.830303,7009.5,7127,0.01515151515,0,aps,0,0,,,,
29,0.2,aps_rolling,316,0.999999868,mass,1000,2,758,622,0.926121372,0.9292604502,0.9429796356,5385.586817,7089.5,7127,0.01768488746,0,aps,0,0,,,,
29,0.2,aps_rolling,317,0.999999294,mass,1000,2,630,559,0.8619047619,0.8658318426,0.8840488968,4458.906977,6738,7127,0.03935599284,0,aps,0,0,,,,
29,0.2,aps_rolling,318,0.9999998474,mass,1000,2,342,308,0.9239766082,0.9318181818,0.9437229437,4602.412338,6841,7127,0.01298701299,0,aps,0,0,,,,
29,0.2,aps_rolling,319,0.9999997907,mass,1000,3,324,290,0.9320987654,0.9310344828,0.9344827586,4673.524138,6847.5,7127,0.01724137931,0,aps,0,0,,,,
29,0.2,aps_rolling,320,0.9999996934,mass,1000,3,736,646,0.8831521739,0.9055727554,0.9120915033,5042.281734,7043,7127,0.02012383901,0,aps,0,0,,,,
29,0.2,aps_rolling,321,0.9999998104,mass,1000,2,680,603,0.9205882353,0.9187396352,0.9295190713,5087.656716,7040,7127,0.01824212272,0,aps,0,0,,,,
29,0.2,aps_rolling,322,0.9999998275,mass,1000,2,668,595,0.9236526946,0.9294117647,0.9341736695,5179.089076,7056,7127,0.01512605042,0,aps,0,0,,,,
29,0.2,aps_rolling,323,0.9999996237,mass,1000,2,668,600,0.8877245509,0.89,0.8988888889,4922.131667,6963,7127,0.01666666667,0,aps,0,0,,,,
29,0.2,aps_rolling,324,0.9999997502,mass,1000,2,796,650,0.8881909548,0.8984615385,0.917025641,4881.5,7036.5,7127,0.01384615385,0,aps,0,0,,,,
29,0.2,aps_rolling,325,0.9999998342,mass,1000,2,398,360,0.8592964824,0.8666666667,0.8731481481,4445.705556,6972.5,7127,0.025,0,aps,0,0,,,,
29,0.2,aps_rolling,326,0.9999999069,mass,1000,2,422,348,0.8767772512,0.8908045977,0.9027777778,4245.454023,6675.5,7127,0.02586206897,0,aps,0,0,,,,
29,0.2,aps_rolling,327,0.9999999637,mass,1000,3,738,621,0.9214092141,0.9371980676,0.9506977992,5163.048309,7073,7127,0.01449275362,0,aps,0,0,,,,
29,0.2,aps_rolling,328,0.9999999314,mass,1000,2,600,526,0.92,0.927756654,0.9356328083,5143.041825,7062,7127,0.01520912548,0,aps,0,0,,,,
29,0.2,aps_rolling,329,0.9999999135,mass,1000,2,684,599,0.918128655,0.9232053422,0.927935448,5093.828047,7050,7127,0.01669449082,0,aps,0,0,,,,
29,0.2,aps_rolling,330,0.9999998296,mass,1000,2,640,580,0.9109375,0.9155172414,0.9251436782,5077.398276,6977,7127,0.01379310345,0,aps,0,0,,,,
29,0.2,aps_rolling,331,0.9999997769,mass,1000,2,506,474,0.9209486166,0.9261603376,0.9287974684,4869.044304,6986.5,7127,0.0253164557,0,aps,0,0,,,,
29,0.2,aps_rolling,332,0.9999997171,mass,1000,2,318,300,0.8899371069,0.8966666667,0.9033333333,4656.346667,6803,7127,0.04333333333,0,aps,0,0,,,,
29,0.2,aps_rolling,333,0.9999996544,mass,1000,3,342,312,0.8713450292,0.875,0.8867521368,4661.150641,6898,7127,0.03846153846,0,aps,0,0,,,,
29,0.2,aps_rolling,334,0.9999998465,mass,1000,3,700,633,0.8985714286,0.9115323855,0.918430753,4831.796209,6944,7127,0.03159557662,0,aps,0,0,,,,
29,0.2,aps_rolling,335,0.9999998734,mass,1000,2,656,587,0.8963414634,0.8960817717,0.9080636002,4886.168654,6953,7127,0.02385008518,0,aps,0,0,,,,
29,0.2,aps_rolling,336,0.9999999416,mass,1000,2,632,551,0.9066455696,0.9019963702,0.9127344223,5053.711434,7064,7127,0.02540834846,0,aps,0,0,,,,
29,0.2,aps_rolling,337,0.9999999079,mass,1000,2,552,492,0.884057971,0.8882113821,0.8986449864,4723.252033,6939,7127,0.02032520325,0,aps,0,0,,,,
29,0.2,aps_rolling,338,0.9999999779,mass,1000,2,496,457,0.9193548387,0.932166302,0.9409190372,5186.102845,7081,7127,0.02188183807,0,aps,0,0,,,,
29,0.2,aps_rolling,339,0.9999999505,mass,1000,2,328,297,0.8902439024,0.8821548822,0.8872053872,4874.037037,6907,7127,0.0202020202,0,aps,0,0,,,,
29,0.2,aps_rolling,340,0.9999999505,mass,1000,3,328,303,0.9054878049,0.9240924092,0.9262926293,5149.40264,7011,7127,0.01650165017,0,aps,0,0,,,,
29,0.2,aps_rolling,341,0.9999999544,mass,1000,3,576,519,0.8888888889,0.901734104,0.9104688504,5016.624277,7058,7127,0.01541425819,0,aps,0,0,,,,
29,0.2,aps_rolling,342,0.9999999591,mass,1000,3,636,565,0.8993710692,0.9008849558,0.9097345133,5086.869027,7006,7127,0.003539823009,0,aps,0,0,,,,
29,0.2,aps_rolling,343,0.9999999717,mass,1000,2,642,567,0.8894080997,0.8941798942,0.9062904174,5384.756614,7105,7127,0.0176366843,0,aps,0,0,,,,
29,0.2,aps_rolling,344,0.9999999791,mass,1000,2,650,582,0.8830769231,0.8883161512,0.8996277205,5039.766323,7064,7127,0.008591065292,0,aps,0,0,,,,
29,0.2,aps_rolling,345,0.999999991,mass,1000,2,586,501,0.9317406143,0.9261477046,0.9377910845,5089.692615,7110,7127,0.01996007984,0,aps,0,0,,,,
29,0.2,aps_rolling,346,0.9999999825,mass,1000,2,224,197,0.9285714286,0.9289340102,0.9416243655,4474.944162,6323,7127,0.02538071066,0,aps,0,0,,,,
29,0.2,aps_rolling,347,0.9999999566,mass,1000,3,306,277,0.8823529412,0.8989169675,0.9055354994,3976.162455,5790,7127,0.03249097473,0,aps,0,0,,,,
29,0.2,aps_rolling,348,0.9999999622,mass,1000,3,714,610,0.8893557423,0.9016393443,0.9112021858,4704.332787,6954,7127,0.02950819672,0,aps,0,0,,,,
29,0.2,aps_rolling,349,0.999999988,mass,1000,2,600,545,0.9083333333,0.9082568807,0.9180428135,4815.910092,6998,7127,0.01467889908,0,aps,0,0,,,,
29,0.2,aps_rolling,350,0.9999999888,mass,1000,2,656,560,0.9146341463,0.9107142857,0.9284821429,4620.658929,6854.5,7127,0.02857142857,0,aps,0,0,,,,
29,0.2,aps_rolling,351,0.9999999835,mass,1000,2,522,476,0.8659003831,0.8739495798,0.8858543417,4475.741597,6820,7127,0.03151260504,0,aps,0,0,,,,
29,0.2,aps_rolling,352,0.999999991,mass,1000,2,462,415,0.8961038961,0.9156626506,0.9276104418,4760.113253,6900,7127,0.01927710843,0,aps,0,0,,,,
29,0.2,aps_rolling,353,0.9999999963,mass,1000,3,242,226,0.8925619835,0.8982300885,0.9026548673,4548.039823,6933,7127,0.03097345133,0,aps,0,0,,,,
29,0.2,aps_rolling,354,0.9999999973,mass,1000,3,238,227,0.9411764706,0.9427312775,0.9449339207,4973.488987,7084,7127,0.03083700441,0,aps,0,0,,,,
29,0.2,aps_rolling,355,0.9999999963,mass,1000,4,578,506,0.8702422145,0.8853754941,0.9015857331,5093.173913,7097.5,7127,0.01976284585,0,aps,0,0,,,,
29,0.2,aps_rolling,356,0.9999999985,mass,1000,3,548,483,0.901459854,0.9026915114,0.9130434783,5054.194617,7092,7127,0.01863354037,0,aps,0,0,,,,
29,0.2,aps_rolling,357,0.9999999992,mass,1000,2,406,363,0.9137931034,0.9173553719,0.9228650138,4891.421488,7056,7127,0.02754820937,0,aps,0,0,,,,
29,0.2,aps_rolling,358,0.9999999974,mass,1000,3,300,276,0.8933333333,0.8913043478,0.9070048309,4556.112319,6386,7127,0.02536231884,0,aps,0,0,,,,
29,0.2,aps_rolling,359,0.9999999982,mass,1000,3,330,312,0.9575757576,0.9583333333,0.9658119658,5494.791667,7123,7127,0.009615384615,0,aps,0,0,,,,
29,0.2,aps_rolling,360,0.9999999926,mass,1000,3,228,214,0.8903508772,0.8925233645,0.9018691589,4606.14486,6877.5,7127,0.02803738318,0,aps,0,0,,,,
29,0.2,aps_rolling,361,0.9999999965,mass,1000,4,246,226,0.8821138211,0.8805309735,0.8864306785,4307.59292,6557.5,7127,0.03982300885,0,aps,0,0,,,,
29,0.2,aps_rolling,362,0.9999999904,mass,1000,4,620,530,0.8435483871,0.8830188679,0.9036118598,4405.356604,6776.5,7127,0.02830188679,0,aps,0,0,,,,
29,0.2,aps_rolling,363,0.9999999996,mass,1000,3,386,353,0.9248704663,0.9263456091,0.9390934844,4793.68272,7029,7127,0.03399433428,0,aps,0,0,,,,
29,0.2,aps_rolling,364,0.9999999995,mass,1000,2,354,329,0.906779661,0.9179331307,0.922745694,4917.112462,7042,7127,0.03039513678,0,aps,0,0,,,,
43,0.2,aps_rolling,292,0.9999870717,mass,1000,3,730,658,0.8739726027,0.8890577508,0.8962512665,4754.790274,6800.5,7126,0.01215805471,0,aps,0,0,,,,
43,0.2,aps_rolling,293,0.9999906899,mass,1000,2,658,581,0.914893617,0.9208261618,0.9363166954,5123.57315,6950,7127,0.02065404475,0,aps,0,0,,,,
43,0.2,aps_rolling,294,0.9999907008,mass,1000,2,618,538,0.8883495146,0.8866171004,0.9086431227,4896.745353,6929.5,7126.3,0.03159851301,0,aps,0,0,,,,
43,0.2,aps_rolling,295,0.9999938635,mass,1000,2,666,578,0.9189189189,0.9273356401,0.9373125721,5228.288927,6913,7127,0.01903114187,0,aps,0,0,,,,
43,0.2,aps_rolling,296,0.9999919179,mass,1000,2,516,466,0.8817829457,0.8755364807,0.8975679542,4816.813305,6879.5,7127,0.01716738197,0,aps,0,0,,,,
43,0.2,aps_rolling,297,0.9999932912,mass,1000,2,292,254,0.8561643836,0.8622047244,0.8831364829,4344.165354,6223,7127,0.02755905512,0,aps,0,0,,,,
43,0.2,aps_rolling,298,0.9999973781,mass,1000,3,252,224,0.9166666667,0.9285714286,0.9389880952,5009.772321,6869.5,7127,0.02232142857,0,aps,0,0,,,,
43,0.2,aps_rolling,299,0.9999970474,mass,1000,3,702,615,0.9017094017,0.9138211382,0.9226713124,5081.056911,6918,7127,0.0162601626,0,aps,0,0,,,,
43,0.2,aps_rolling,300,0.9999972713,mass,1000,3,664,573,0.9096385542,0.9144851658,0.9299011053,5231.910995,7010,7127,0.02617801047,0,aps,0,0,,,,
43,0.2,aps_rolling,301,0.9999972643,mass,1000,2,616,552,0.9220779221,0.9202898551,0.9309782609,5433.027174,7041.5,7127,0.01449275362,0,aps,0,0,,,,
43,0.2,aps_rolling,302,0.9999936922,mass,1000,2,570,490,0.8631578947,0.8693877551,0.880952381,4685.608163,6704.5,7127,0.02244897959,0,aps,0,0,,,,
43,0.2,aps_rolling,303,0.9999977447,mass,1000,2,542,485,0.9095940959,0.9072164948,0.9142955326,4998.721649,6927,7127,0.00824742268,0,aps,0,0,,,,
43,0.2,aps_rolling,304,0.9999958238,mass,1000,2,328,281,0.8536585366,0.8647686833,0.8917556346,4679.66548,6802,7127,0.02491103203,0,aps,0,0,,,,
43,0.2,aps_rolling,305,0.9999985014,mass,1000,3,328,295,0.8993902439,0.9050847458,0.9188700565,4807.220339,6885,7127,0.01355932203,0,aps,0,0,,,,
43,0.2,aps_rolling,306,0.9999985993,mass,1000,3,582,513,0.9054982818,0.9161793372,0.9306692658,5015.959064,7012,7127,0.01754385965,0,aps,0,0,,,,
43,0.2,aps_rolling,307,0.9999984648,mass,1000,3,588,510,0.906462585,0.9274509804,0.9387254902,5288.868627,7023,7127,0.01568627451,0,aps,0,0,,,,
43,0.2,aps_rolling,308,0.9999981613,mass,1000,2,562,497,0.896797153,0.9014084507,0.9118041583,4937.150905,6987,7127,0.01810865191,0,aps,0,0,,,,
43,0.2,aps_rolling,309,0.9999983176,mass,1000,2,626,535,0.8993610224,0.908411215,0.9202803738,5241.534579,7030,7127,0.01121495327,0,aps,0,0,,,,
43,0.2,aps_rolling,310,0.9999985186,mass,1000,2,620,527,0.9258064516,0.9184060721,0.9388994307,4773.132827,6852,7127,0.01897533207,0,aps,0,0,,,,
43,0.2,aps_rolling,311,0.9999975104,mass,1000,2,438,366,0.8926940639,0.8770491803,0.9129326047,4254.669399,5986.5,7127,0.03005464481,0,aps,0,0,,,,
43,0.2,aps_rolling,312,0.999997233,mass,1000,2,460,368,0.8630434783,0.8804347826,0.908113354,4158.559783,6007,7126,0.02173913043,0,aps,0,0,,,,
43,0.2,aps_rolling,313,0.9999983027,mass,1000,3,794,641,0.8765743073,0.8736349454,0.8992979719,4485.865835,6628,7127,0.02496099844,0,aps,0,0,,,,
43,0.2,aps_rolling,314,0.9999991741,mass,1000,2,678,585,0.9115044248,0.9094017094,0.9247903948,4708.835897,6898,7127,0.0188034188,0,aps,0,0,,,,
43,0.2,aps_rolling,315,0.9999991133,mass,1000,2,774,660,0.9005167959,0.9060606061,0.9186868687,4827.659091,6869,7127,0.0196969697,0,aps,0,0,,,,
43,0.2,aps_rolling,316,0.9999993216,mass,1000,2,758,622,0.926121372,0.9260450161,0.9421221865,5199.413183,6954,7127,0.01446945338,0,aps,0,0,,,,
43,0.2,aps_rolling,317,0.9999982849,mass,1000,2,630,559,0.8777777778,0.8694096601,0.8892665474,4267.763864,6275,7127,0.03756708408,0,aps,0,0,,,,
43,0.2,aps_rolling,318,0.9999991111,mass,1000,2,342,308,0.918128655,0.9155844156,0.9258658009,4229.327922,6584,7127,0.02272727273,0,aps,0,0,,,,
43,0.2,aps_rolling,319,0.9999990862,mass,1000,3,324,290,0.9259259259,0.9206896552,0.9293103448,4471.655172,6289.5,7127,0.01034482759,0,aps,0,0,,,,
43,0.2,aps_rolling,320,0.9999988857,mass,1000,3,736,646,0.8817934783,0.8916408669,0.9005847953,4851.98452,6863,7127,0.01547987616,0,aps,0,0,,,,
43,0.2,aps_rolling,321,0.9999991779,mass,1000,2,680,603,0.9102941176,0.9087893864,0.9187396352,4814.995025,6890,7127,0.01658374793,0,aps,0,0,,,,
43,0.2,aps_rolling,322,0.999999279,mass,1000,2,668,595,0.9101796407,0.9159663866,0.9182072829,4951.915966,6879,7127,0.0268907563,0,aps,0,0,,,,
43,0.2,aps_rolling,323,0.9999988674,mass,1000,2,668,600,0.875748503,0.8833333333,0.8936111111,4742.456667,6718.5,7127,0.03,0,aps,0,0,,,,
43,0.2,aps_rolling,324,0.9999996784,mass,1000,2,796,650,0.8844221106,0.9,0.9193333333,4924.449231,6957,7127,0.02153846154,0,aps,0,0,,,,
43,0.2,aps_rolling,325,0.9999998049,mass,1000,2,398,360,0.8844221106,0.8805555556,0.8907407407,4625.852778,6891,7127,0.01944444444,0,aps,0,0,,,,
43,0.2,aps_rolling,326,0.9999998343,mass,1000,2,422,348,0.8672985782,0.867816092,0.8851772031,4219.086207,6381.5,7127,0.02011494253,0,aps,0,0,,,,
43,0.2,aps_rolling,327,0.9999999107,mass,1000,3,738,621,0.9092140921,0.9178743961,0.9357487923,5170.829308,7010,7127,0.01449275362,0,aps,0,0,,,,
43,0.2,aps_rolling,328,0.9999998815,mass,1000,2,600,526,0.9366666667,0.9391634981,0.9478091617,5216.205323,7032,7127,0.009505703422,0,aps,0,0,,,,
43,0.2,aps_rolling,329,0.999999701,mass,1000,2,684,599,0.9210526316,0.9232053422,0.9302726767,4979.814691,6917,7127,0.01335559265,0,aps,0,0,,,,
43,0.2,aps_rolling,330,0.9999994376,mass,1000,2,640,580,0.8953125,0.9034482759,0.9113505747,4867.02069,6793.5,7127,0.02413793103,0,aps,0,0,,,,
43,0.2,aps_rolling,331,0.9999994957,mass,1000,2,506,474,0.9150197628,0.9135021097,0.91895218,4890.481013,6838,7127,0.02742616034,0,aps,0,0,,,,
43,0.2,aps_rolling,332,0.99999944,mass,1000,2,318,300,0.893081761,0.8933333333,0.9,4438.886667,6456,7127,0.04,0,aps,0,0,,,,
43,0.2,aps_rolling,333,0.99999944,mass,1000,3,342,312,0.8859649123,0.891025641,0.9022435897,4510.198718,6702,7127,0.03525641026,0,aps,0,0,,,,
43,0.2,aps_rolling,334,0.99999944,mass,1000,3,700,633,0.8942857143,0.9020537125,0.9122959452,4647.99684,6629,7127,0.02843601896,0,aps,0,0,,,,
43,0.2,aps_rolling,335,0.9999995339,mass,1000,2,656,587,0.8993902439,0.8960817717,0.907552527,4672.657581,6677,7127,0.01703577513,0,aps,0,0,,,,
43,0.2,aps_rolling,336,0.9999996303,mass,1000,2,632,551,0.8860759494,0.8820326679,0.8981246219,4747.172414,6849,7127,0.02359346642,0,aps,0,0,,,,
43,0.2,aps_rolling,337,0.9999997292,mass,1000,2,552,492,0.893115942,0.9004065041,0.9127371274,4646.723577,6834,7127,0.02845528455,0,aps,0,0,,,,
43,0.2,aps_rolling,338,0.9999998016,mass,1000,2,496,457,0.9012096774,0.9080962801,0.9161196207,4837.308534,6883,7127,0.0284463895,0,aps,0,0,,,,
43,0.2,aps_rolling,339,0.9999997366,mass,1000,2,328,297,0.862804878,0.861952862,0.8728956229,4658.114478,6604,7126,0.02693602694,0,aps,0,0,,,,
43,0.2,aps_rolling,340,0.9999999025,mass,1000,3,328,303,0.9298780488,0.9405940594,0.9482948295,5035.570957,6919,7127,0.006600660066,0,aps,0,0,,,,
43,0.2,aps_rolling,341,0.9999998123,mass,1000,3,576,519,0.8767361111,0.8863198459,0.8979447656,4798.163776,6826,7127,0.01926782274,0,aps,0,0,,,,
43,0.2,aps_rolling,342,0.9999998252,mass,1000,3,636,565,0.9072327044,0.9079646018,0.9174041298,4814.548673,6813,7127,0.01769911504,0,aps,0,0,,,,
43,0.2,aps_rolling,343,0.9999998511,mass,1000,2,642,567,0.8722741433,0.8783068783,0.8877718989,5082.421517,6991,7127,0.01410934744,0,aps,0,0,,,,
43,0.2,aps_rolling,344,0.9999999394,mass,1000,2,650,582,0.9046153846,0.9072164948,0.9185280641,5023.199313,7008,7127,0.0206185567,0,aps,0,0,,,,
43,0.2,aps_rolling,345,0.9999999459,mass,1000,2,586,501,0.9112627986,0.9061876248,0.9148369927,4955.219561,7027,7127,0.02195608782,0,aps,0,0,,,,
43,0.2,aps_rolling,346,0.9999998908,mass,1000,2,224,197,0.875,0.8680203046,0.8883248731,3928.944162,5005,7127,0.05076142132,0,aps,0,0,,,,
43,0.2,aps_rolling,347,0.9999998968,mass,1000,3,306,277,0.885620915,0.8953068592,0.9055354994,3904.592058,5725,7127,0.03971119134,0,aps,0,0,,,,
43,0.2,aps_rolling,348,0.9999999261,mass,1000,3,714,610,0.8977591036,0.8983606557,0.9118852459,4656.883607,6745.5,7127,0.03770491803,0,aps,0,0,,,,
43,0.2,aps_rolling,349,0.9999999382,mass,1000,2,600,545,0.8866666667,0.8862385321,0.8966360856,4549.159633,6567,7127,0.01834862385,0,aps,0,0,,,,
43,0.2,aps_rolling,350,0.9999999689,mass,1000,2,656,560,0.8795731707,0.875,0.8869642857,4465.653571,6425.5,7127,0.02321428571,0,aps,0,0,,,,
43,0.2,aps_rolling,351,0.9999999797,mass,1000,2,522,476,0.8697318008,0.8739495798,0.887605042,4476.071429,6621,7127,0.01680672269,0,aps,0,0,,,,
43,0.2,aps_rolling,352,0.9999999896,mass,1000,2,462,415,0.8852813853,0.8987951807,0.9166666667,4852.583133,6876,7127,0.01927710843,0,aps,0,0,,,,
43,0.2,aps_rolling,353,0.9999999971,mass,1000,3,242,226,0.8842975207,0.8761061947,0.8938053097,4664.946903,6869,7127,0.01769911504,0,aps,0,0,,,,
43,0.2,aps_rolling,354,0.9999999975,mass,1000,3,238,227,0.9369747899,0.9339207048,0.9390602056,5076.696035,7031,7127,0.01321585903,0,aps,0,0,,,,
43,0.2,aps_rolling,355,0.9999999973,mass,1000,4,578,506,0.9134948097,0.918972332,0.9337238848,5288.586957,7060,7127,0.01185770751,0,aps,0,0,,,,
43,0.2,aps_rolling,356,0.9999999935,mass,1000,3,548,483,0.901459854,0.9026915114,0.9113181504,4911.749482,6931,7127,0.01449275362,0,aps,0,0,,,,
43,0.2,aps_rolling,357,0.9999999937,mass,1000,2,406,363,0.9113300493,0.91184573,0.9233241506,4672.38843,6769,7127,0.01377410468,0,aps,0,0,,,,
43,0.2,aps_rolling,358,0.9999999919,mass,1000,3,300,276,0.91,0.9094202899,0.9190821256,4271.557971,6469,7127,0.02173913043,0,aps,0,0,,,,
43,0.2,aps_rolling,359,0.9999999919,mass,1000,3,330,312,0.9545454545,0.9583333333,0.9615384615,5263.378205,7090,7127,0.009615384615,0,aps,0,0,,,,
43,0.2,aps_rolling,360,0.9999999685,mass,1000,3,228,214,0.8859649123,0.8878504673,0.8925233645,4210.415888,6212,7127,0.02803738318,0,aps,0,0,,,,
43,0.2,aps_rolling,361,0.9999999734,mass,1000,4,246,226,0.8861788618,0.8805309735,0.8886430678,3815.128319,5243,7127,0.02212389381,0,aps,0,0,,,,
43,0.2,aps_rolling,362,0.9999999661,mass,1000,4,620,530,0.8516129032,0.8830188679,0.9027332065,4220.503774,6426.5,7127,0.0320754717,0,aps,0,0,,,,
43,0.2,aps_rolling,363,0.9999999948,mass,1000,3,386,353,0.896373057,0.8980169972,0.9110009443,4370.470255,6772,7127,0.03682719547,0,aps,0,0,,,,
43,0.2,aps_rolling,364,0.9999999967,mass,1000,2,354,329,0.8898305085,0.8905775076,0.9032421479,4583.863222,6833,7127,0.0273556231,0,aps,0,0,,,,
59,0.2,aps_rolling,292,0.9999909027,mass,1000,3,730,658,0.8821917808,0.8981762918,0.9060283688,4751.205167,6738,7127,0.01975683891,0,aps,0,0,,,,
59,0.2,aps_rolling,293,0.9999922388,mass,1000,2,658,581,0.9209726444,0.9311531842,0.9391853127,5047.175559,6932,7127,0.02237521515,0,aps,0,0,,,,
59,0.2,aps_rolling,294,0.9999902623,mass,1000,2,618,538,0.855987055,0.8587360595,0.8775092937,4813.267658,6839.5,7126,0.02044609665,0,aps,0,0,,,,
59,0.2,aps_rolling,295,0.9999959628,mass,1000,2,666,578,0.9129129129,0.9204152249,0.9333333333,5232.83564,6941,7127,0.01903114187,0,aps,0,0,,,,
59,0.2,aps_rolling,296,0.9999965015,mass,1000,2,516,466,0.8992248062,0.9034334764,0.9120171674,5061.847639,6940.5,7127,0.01287553648,0,aps,0,0,,,,
59,0.2,aps_rolling,297,0.9999953761,mass,1000,2,292,254,0.8732876712,0.8818897638,0.9002624672,4377.909449,6227,7127,0.02362204724,0,aps,0,0,,,,
59,0.2,aps_rolling,298,0.9999967977,mass,1000,3,252,224,0.9047619048,0.9241071429,0.9289434524,5016.674107,6867,7127,0.04017857143,0,aps,0,0,,,,
59,0.2,aps_rolling,299,0.9999965651,mass,1000,3,702,615,0.896011396,0.9154471545,0.9252419667,4959.868293,6903,7127,0.0243902439,0,aps,0,0,,,,
59,0.2,aps_rolling,300,0.9999975616,mass,1000,3,664,573,0.9126506024,0.92495637,0.9331006399,5178.211169,7005,7127,0.02792321117,0,aps,0,0,,,,
59,0.2,aps_rolling,301,0.9999975326,mass,1000,2,616,552,0.9285714286,0.9311594203,0.9323671498,5304.641304,7036,7127,0.01992753623,0,aps,0,0,,,,
59,0.2,aps_rolling,302,0.9999942068,mass,1000,2,570,490,0.8561403509,0.8591836735,0.8720408163,4659.659184,6677.5,7127,0.02448979592,0,aps,0,0,,,,
59,0.2,aps_rolling,303,0.9999981061,mass,1000,2,542,485,0.9077490775,0.9030927835,0.9116151203,5009.030928,6954,7127,0.01237113402,0,aps,0,0,,,,
59,0.2,aps_rolling,304,0.9999973271,mass,1000,2,328,281,0.8567073171,0.8647686833,0.8834519573,4759.419929,6774,7127,0.02491103203,0,aps,0,0,,,,
59,0.2,aps_rolling,305,0.9999992024,mass,1000,3,328,295,0.9207317073,0.9254237288,0.9375141243,4910.372881,6899,7127,0.003389830508,0,aps,0,0,,,,
59,0.2,aps_rolling,306,0.9999986507,mass,1000,3,582,513,0.8883161512,0.9044834308,0.9158869396,4933.001949,6928,7127,0.009746588694,0,aps,0,0,,,,
59,0.2,aps_rolling,307,0.9999991181,mass,1000,3,588,510,0.906462585,0.9196078431,0.9331699346,5361.566667,7036,7127,0.0137254902,0,aps,0,0,,,,
59,0.2,aps_rolling,308,0.9999988991,mass,1000,2,562,497,0.8879003559,0.893360161,0.9050972502,4959.187123,7043,7127,0.02012072435,0,aps,0,0,,,,
59,0.2,aps_rolling,309,0.9999989938,mass,1000,2,626,535,0.9009584665,0.9158878505,0.9213395639,5288.876636,7031,7127,0.009345794393,0,aps,0,0,,,,
59,0.2,aps_rolling,310,0.9999993234,mass,1000,2,620,527,0.9370967742,0.9430740038,0.9533523087,4952.00759,6894,7127,0.01328273245,0,aps,0,0,,,,
59,0.2,aps_rolling,311,0.9999980262,mass,1000,2,438,366,0.8949771689,0.8852459016,0.9061930783,4231.229508,6027.5,7127,0.0218579235,0,aps,0,0,,,,
59,0.2,aps_rolling,312,0.9999971883,mass,1000,2,460,368,0.8413043478,0.8722826087,0.8913302277,4071.48913,5847.5,7126.3,0.01902173913,0,aps,0,0,,,,
59,0.2,aps_rolling,313,0.999999401,mass,1000,3,794,641,0.8803526448,0.8939157566,0.9123764951,4658.539782,6807,7127,0.01560062402,0,aps,0,0,,,,
59,0.2,aps_rolling,314,0.9999997509,mass,1000,2,678,585,0.907079646,0.9145299145,0.9252747253,4911.273504,7005,7127,0.01709401709,0,aps,0,0,,,,
59,0.2,aps_rolling,315,0.9999997509,mass,1000,2,774,660,0.9069767442,0.9136363636,0.9246212121,4990.463636,6965.5,7127,0.009090909091,0,aps,0,0,,,,
59,0.2,aps_rolling,316,0.9999997834,mass,1000,2,758,622,0.9287598945,0.9276527331,0.9426045016,5327.755627,7029.5,7127,0.008038585209,0,aps,0,0,,,,
59,0.2,aps_rolling,317,0.9999988831,mass,1000,2,630,559,0.8857142857,0.8837209302,0.9047704234,4309.144902,6460,7127,0.04651162791,0,aps,0,0,,,,
59,0.2,aps_rolling,318,0.999999493,mass,1000,2,342,308,0.9210526316,0.9318181818,0.9356060606,4355.107143,6363,7127,0.01623376623,0,aps,0,0,,,,
59,0.2,aps_rolling,319,0.9999992772,mass,1000,3,324,290,0.9043209877,0.9,0.9068965517,4461.048276,6446.5,7127,0.01724137931,0,aps,0,0,,,,
59,0.2,aps_rolling,320,0.9999991963,mass,1000,3,736,646,0.8913043478,0.907120743,0.9132094943,4873.592879,6932,7127,0.02476780186,0,aps,0,0,,,,
59,0.2,aps_rolling,321,0.9999994167,mass,1000,2,680,603,0.9,0.8955223881,0.9087893864,4877.854063,6901,7127,0.01990049751,0,aps,0,0,,,,
59,0.2,aps_rolling,322,0.9999996099,mass,1000,2,668,595,0.9191616766,0.9294117647,0.9319327731,5045.92437,6962,7127,0.0218487395,0,aps,0,0,,,,
59,0.2,aps_rolling,323,0.9999991782,mass,1000,2,668,600,0.874251497,0.885,0.8936111111,4805.231667,6704,7127,0.01666666667,0,aps,0,0,,,,
59,0.2,aps_rolling,324,0.9999995514,mass,1000,2,796,650,0.8743718593,0.8969230769,0.9128974359,4774.498462,6876.5,7127,0.02153846154,0,aps,0,0,,,,
59,0.2,aps_rolling,325,0.9999998128,mass,1000,2,398,360,0.8467336683,0.8583333333,0.8662037037,4573.966667,6737.5,7127,0.025,0,aps,0,0,,,,
59,0.2,aps_rolling,326,0.999999918,mass,1000,2,422,348,0.8720379147,0.882183908,0.8936781609,4276.367816,6265.5,7127,0.02011494253,0,aps,0,0,,,,
59,0.2,aps_rolling,327,0.9999999571,mass,1000,3,738,621,0.9092140921,0.9291465378,0.9447665056,5206.916264,7015,7127,0.008051529791,0,aps,0,0,,,,
59,0.2,aps_rolling,328,0.999999946,mass,1000,2,600,526,0.92,0.9239543726,0.9335958718,5216.790875,7064,7127,0.003802281369,0,aps,0,0,,,,
59,0.2,aps_rolling,329,0.9999998579,mass,1000,2,684,599,0.918128655,0.9215358932,0.9274902615,5031.559265,6992,7127,0.01001669449,0,aps,0,0,,,,
59,0.2,aps_rolling,330,0.9999996813,mass,1000,2,640,580,0.9015625,0.9068965517,0.9136494253,4900.646552,6863.5,7127,0.02413793103,0,aps,0,0,,,,
59,0.2,aps_rolling,331,0.9999996839,mass,1000,2,506,474,0.9110671937,0.917721519,0.9208860759,4873.337553,6915.5,7127,0.02109704641,0,aps,0,0,,,,
59,0.2,aps_rolling,332,0.9999996637,mass,1000,2,318,300,0.8867924528,0.8933333333,0.8983333333,4555.236667,6608.5,7127,0.02666666667,0,aps,0,0,,,,
59,0.2,aps_rolling,333,0.9999996654,mass,1000,3,342,312,0.8859649123,0.891025641,0.8990384615,4548.166667,6621.5,7127,0.02884615385,0,aps,0,0,,,,
59,0.2,aps_rolling,334,0.9999996936,mass,1000,3,700,633,0.8828571429,0.897314376,0.9033701948,4692.303318,6733,7127,0.02369668246,0,aps,0,0,,,,
59,0.2,aps_rolling,335,0.9999998159,mass,1000,2,656,587,0.8948170732,0.8943781942,0.9080068143,4740.613288,6839,7127,0.02044293015,0,aps,0,0,,,,
59,0.2,aps_rolling,336,0.9999999071,mass,1000,2,632,551,0.8892405063,0.8838475499,0.8988505747,5006.286751,6964,7127,0.01996370236,0,aps,0,0,,,,
59,0.2,aps_rolling,337,0.999999926,mass,1000,2,552,492,0.8949275362,0.906504065,0.9138211382,4841.914634,6953,7127,0.01219512195,0,aps,0,0,,,,
59,0.2,aps_rolling,338,0.9999999537,mass,1000,2,496,457,0.8931451613,0.9102844639,0.916484318,5033.100656,7016,7127,0.01094091904,0,aps,0,0,,,,
59,0.2,aps_rolling,339,0.9999999565,mass,1000,2,328,297,0.8963414634,0.8855218855,0.8930976431,4980.76431,6773,7127,0.006734006734,0,aps,0,0,,,,
59,0.2,aps_rolling,340,0.9999999701,mass,1000,3,328,303,0.9176829268,0.9273927393,0.9323432343,5229.023102,6987,7127,0.009900990099,0,aps,0,0,,,,
59,0.2,aps_rolling,341,0.9999999383,mass,1000,3,576,519,0.8975694444,0.9132947977,0.9206807964,4993.828516,6967,7127,0.01348747592,0,aps,0,0,,,,
59,0.2,aps_rolling,342,0.9999999132,mass,1000,3,636,565,0.9056603774,0.9061946903,0.915339233,4994.539823,6935,7127,0.01592920354,0,aps,0,0,,,,
59,0.2,aps_rolling,343,0.9999999276,mass,1000,2,642,567,0.8878504673,0.8888888889,0.9032921811,5217.881834,7038,7127,0.0176366843,0,aps,0,0,,,,
59,0.2,aps_rolling,344,0.9999999719,mass,1000,2,650,582,0.8830769231,0.8900343643,0.8983390607,5042.379725,7024,7127,0.006872852234,0,aps,0,0,,,,
59,0.2,aps_rolling,345,0.999999988,mass,1000,2,586,501,0.9300341297,0.9281437126,0.9301397206,5152.117764,7083,7127,0.005988023952,0,aps,0,0,,,,
59,0.2,aps_rolling,346,0.9999999658,mass,1000,2,224,197,0.8883928571,0.8934010152,0.9060913706,4254.598985,5714,7127,0.03045685279,0,aps,0,0,,,,
59,0.2,aps_rolling,347,0.9999999513,mass,1000,3,306,277,0.9019607843,0.9097472924,0.9157641396,3971.68231,5779,7127,0.03249097473,0,aps,0,0,,,,
59,0.2,aps_rolling,348,0.9999999396,mass,1000,3,714,610,0.8851540616,0.8901639344,0.9020491803,4595.145902,6702.5,7127,0.02459016393,0,aps,0,0,,,,
59,0.2,aps_rolling,349,0.9999999736,mass,1000,2,600,545,0.905,0.904587156,0.9125382263,4704.280734,6755,7127,0.01100917431,0,aps,0,0,,,,
59,0.2,aps_rolling,350,0.999999987,mass,1000,2,656,560,0.9054878049,0.9071428571,0.9225297619,4609.9375,6492,7127,0.025,0,aps,0,0,,,,
59,0.2,aps_rolling,351,0.9999999795,mass,1000,2,522,476,0.8716475096,0.8823529412,0.8963585434,4381.535714,6492.5,7127,0.01890756303,0,aps,0,0,,,,
59,0.2,aps_rolling,352,0.9999999936,mass,1000,2,462,415,0.880952381,0.9036144578,0.9167670683,4887.062651,6916,7127,0.01445783133,0,aps,0,0,,,,
59,0.2,aps_rolling,353,0.9999999974,mass,1000,3,242,226,0.8719008264,0.8672566372,0.8783185841,4604.845133,6899.5,7127,0.02654867257,0,aps,0,0,,,,
59,0.2,aps_rolling,354,0.9999999987,mass,1000,3,238,227,0.9411764706,0.9427312775,0.9456681351,5170.947137,7035,7127,0.02643171806,0,aps,0,0,,,,
59,0.2,aps_rolling,355,0.9999999987,mass,1000,4,578,506,0.9083044983,0.9209486166,0.9348767175,5351.166008,7089,7127,0.01581027668,0,aps,0,0,,,,
59,0.2,aps_rolling,356,0.9999999969,mass,1000,3,548,483,0.9087591241,0.9068322981,0.9120082816,5038.730849,7002,7127,0.01449275362,0,aps,0,0,,,,
59,0.2,aps_rolling,357,0.999999996,mass,1000,2,406,363,0.9064039409,0.91184573,0.9191919192,4601.988981,6571,7127,0.01377410468,0,aps,0,0,,,,
59,0.2,aps_rolling,358,0.9999999954,mass,1000,3,300,276,0.9,0.902173913,0.9106280193,4212.326087,5657,7127,0.01086956522,0,aps,0,0,,,,
59,0.2,aps_rolling,359,0.9999999957,mass,1000,3,330,312,0.9484848485,0.9519230769,0.9551282051,5195.182692,7106,7127,0.003205128205,0,aps,0,0,,,,
59,0.2,aps_rolling,360,0.9999999857,mass,1000,3,228,214,0.8947368421,0.8971962617,0.9018691589,4430.242991,6279,7127,0.03271028037,0,aps,0,0,,,,
59,0.2,aps_rolling,361,0.9999999904,mass,1000,4,246,226,0.8577235772,0.8539823009,0.8620943953,3955.004425,5755.5,7127,0.02654867257,0,aps,0,0,,,,
59,0.2,aps_rolling,362,0.9999999899,mass,1000,4,620,530,0.85,0.8905660377,0.9060197664,4321.324528,6562.5,7127,0.02830188679,0,aps,0,0,,,,
59,0.2,aps_rolling,363,0.9999999992,mass,1000,3,386,353,0.8989637306,0.9036827195,0.9124173749,4592.33711,6920,7127,0.01416430595,0,aps,0,0,,,,
59,0.2,aps_rolling,364,0.9999999993,mass,1000,2,354,329,0.9011299435,0.8996960486,0.9113475177,4741.18541,6890,7127,0.02127659574,0,aps,0,0,,,,
71,0.2,aps_rolling,292,0.9999929359,mass,1000,3,730,658,0.904109589,0.914893617,0.9250253293,4899.25076,6876.5,7127,0.01823708207,0,aps,0,0,,,,
71,0.2,aps_rolling,293,0.9999909339,mass,1000,2,658,581,0.9164133739,0.9225473322,0.9340218015,5048.654045,6935,7127,0.01204819277,0,aps,0,0,,,,
71,0.2,aps_rolling,294,0.9999884849,mass,1000,2,618,538,0.859223301,0.8624535316,0.8803593556,4797.535316,6856,7126,0.01858736059,0,aps,0,0,,,,
71,0.2,aps_rolling,295,0.999996087,mass,1000,2,666,578,0.9234234234,0.9290657439,0.9414071511,5272.081315,6949.5,7127,0.01557093426,0,aps,0,0,,,,
71,0.2,aps_rolling,296,0.9999957733,mass,1000,2,516,466,0.8875968992,0.8927038627,0.9075822604,4999.158798,6903,7127,0.02145922747,0,aps,0,0,,,,
71,0.2,aps_rolling,297,0.9999952672,mass,1000,2,292,254,0.8767123288,0.874015748,0.8916010499,4470.929134,6359,7127,0.02755905512,0,aps,0,0,,,,
71,0.2,aps_rolling,298,0.9999973462,mass,1000,3,252,224,0.9325396825,0.9375,0.9479166667,5026.602679,6848.5,7127,0.02678571429,0,aps,0,0,,,,
71,0.2,aps_rolling,299,0.9999964865,mass,1000,3,702,615,0.8903133903,0.9024390244,0.9094231514,5007.75935,6910,7127,0.02276422764,0,aps,0,0,,,,
71,0.2,aps_rolling,300,0.99999666,mass,1000,3,664,573,0.8990963855,0.9022687609,0.9165212333,5081.064572,6973,7127,0.02792321117,0,aps,0,0,,,,
71,0.2,aps_rolling,301,0.9999980638,mass,1000,2,616,552,0.9285714286,0.9257246377,0.9303743961,5300.226449,7052.5,7127,0.01268115942,0,aps,0,0,,,,
71,0.2,aps_rolling,302,0.9999913029,mass,1000,2,570,490,0.8561403509,0.8612244898,0.8790087464,4489.155102,6315.5,7127,0.02448979592,0,aps,0,0,,,,
71,0.2,aps_rolling,303,0.9999973279,mass,1000,2,542,485,0.9225092251,0.9195876289,0.9246735395,4870.218557,6842,7127,0.01443298969,0,aps,0,0,,,,
71,0.2,aps_rolling,304,0.9999936482,mass,1000,2,328,281,0.8475609756,0.8576512456,0.8793001186,4517.064057,6635,7127,0.01779359431,0,aps,0,0,,,,
71,0.2,aps_rolling,305,0.9999970944,mass,1000,3,328,295,0.9085365854,0.9084745763,0.921920904,4651.19661,6602,7127,0.006779661017,0,aps,0,0,,,,
71,0.2,aps_rolling,306,0.9999964221,mass,1000,3,582,513,0.8659793814,0.8791423002,0.894834308,4729.964912,6908,7127,0.02144249513,0,aps,0,0,,,,
71,0.2,aps_rolling,307,0.9999987612,mass,1000,3,588,510,0.906462585,0.9137254902,0.9296405229,5312.003922,7013,7127,0.01568627451,0,aps,0,0,,,,
71,0.2,aps_rolling,308,0.9999989009,mass,1000,2,562,497,0.884341637,0.8893360161,0.8994634474,5057.812877,7015,7127,0.01408450704,0,aps,0,0,,,,
71,0.2,aps_rolling,309,0.9999991583,mass,1000,2,626,535,0.9009584665,0.908411215,0.9213707165,5320.140187,7034,7127,0.01495327103,0,aps,0,0,,,,
71,0.2,aps_rolling,310,0.9999992382,mass,1000,2,620,527,0.9209677419,0.9222011385,0.9384882985,4976.459203,6889,7127,0.0265654649,0,aps,0,0,,,,
71,0.2,aps_rolling,311,0.9999988807,mass,1000,2,438,366,0.9155251142,0.9043715847,0.9278233151,4432.13388,6440.5,7127,0.03005464481,0,aps,0,0,,,,
71,0.2,aps_rolling,312,0.9999984395,mass,1000,2,460,368,0.8739130435,0.8695652174,0.9019021739,4292.722826,6001,7127,0.02445652174,0,aps,0,0,,,,
71,0.2,aps_rolling,313,0.9999990139,mass,1000,3,794,641,0.8778337531,0.8907956318,0.9077483099,4585.731669,6640,7127,0.01872074883,0,aps,0,0,,,,
71,0.2,aps_rolling,314,0.9999995187,mass,1000,2,678,585,0.8997050147,0.8991452991,0.9123321123,4786.745299,6938,7127,0.02222222222,0,aps,0,0,,,,
71,0.2,aps_rolling,315,0.9999996506,mass,1000,2,774,660,0.8901808786,0.8909090909,0.9076010101,4951.824242,6928.5,7127,0.0196969697,0,aps,0,0,,,,
71,0.2,aps_rolling,316,0.9999998383,mass,1000,2,758,622,0.9327176781,0.9308681672,0.9478027867,5448.73955,7039.5,7127,0.01607717042,0,aps,0,0,,,,
71,0.2,aps_rolling,317,0.9999991279,mass,1000,2,630,559,0.8825396825,0.8783542039,0.9002981515,4401.384615,6366,7127,0.03935599284,0,aps,0,0,,,,
71,0.2,aps_rolling,318,0.9999996495,mass,1000,2,342,308,0.9093567251,0.9155844156,0.9237012987,4503.428571,6524,7127,0.03896103896,0,aps,0,0,,,,
71,0.2,aps_rolling,319,0.9999996538,mass,1000,3,324,290,0.9444444444,0.9413793103,0.9448275862,4630.586207,6604,7127,0.01034482759,0,aps,0,0,,,,
71,0.2,aps_rolling,320,0.999999362,mass,1000,3,736,646,0.8967391304,0.907120743,0.9151014792,4908.481424,6934,7127,0.01702786378,0,aps,0,0,,,,
71,0.2,aps_rolling,321,0.9999990591,mass,1000,2,680,603,0.8882352941,0.8855721393,0.8988391376,4799.101161,6813,7127,0.01990049751,0,aps,0,0,,,,
71,0.2,aps_rolling,322,0.9999996672,mass,1000,2,668,595,0.9176646707,0.9277310924,0.9282913165,5092.941176,6977,7127,0.01680672269,0,aps,0,0,,,,
71,0.2,aps_rolling,323,0.9999993794,mass,1000,2,668,600,0.8982035928,0.91,0.9158333333,4936.916667,6800,7127,0.02333333333,0,aps,0,0,,,,
71,0.2,aps_rolling,324,0.9999995381,mass,1000,2,796,650,0.8907035176,0.9,0.9217692308,4802.010769,6863.5,7127,0.02615384615,0,aps,0,0,,,,
71,0.2,aps_rolling,325,0.9999996353,mass,1000,2,398,360,0.8391959799,0.8444444444,0.8527777778,4448.041667,6815.5,7127,0.03333333333,0,aps,0,0,,,,
71,0.2,aps_rolling,326,0.9999999195,mass,1000,2,422,348,0.8767772512,0.8735632184,0.8886494253,4338.074713,6613,7127,0.03448275862,0,aps,0,0,,,,
71,0.2,aps_rolling,327,0.9999999599,mass,1000,3,738,621,0.9105691057,0.9291465378,0.9413311863,5215.285024,7042,7127,0.02254428341,0,aps,0,0,,,,
71,0.2,aps_rolling,328,0.9999999309,mass,1000,2,600,526,0.92,0.9258555133,0.9325095057,5271.003802,7042,7127,0.007604562738,0,aps,0,0,,,,
71,0.2,aps_rolling,329,0.9999998631,mass,1000,2,684,599,0.9137426901,0.9131886477,0.9214245965,5125.270451,6989,7127,0.01001669449,0,aps,0,0,,,,
71,0.2,aps_rolling,330,0.9999995647,mass,1000,2,640,580,0.8984375,0.9051724138,0.9127873563,4865.872414,6829,7127,0.01034482759,0,aps,0,0,,,,
71,0.2,aps_rolling,331,0.9999995749,mass,1000,2,506,474,0.8913043478,0.9008438819,0.9029535865,4849.343882,6872,7127,0.01687763713,0,aps,0,0,,,,
71,0.2,aps_rolling,332,0.9999997798,mass,1000,2,318,300,0.927672956,0.9266666667,0.9333333333,4771.103333,6746,7127,0.03333333333,0,aps,0,0,,,,
71,0.2,aps_rolling,333,0.9999996142,mass,1000,3,342,312,0.8801169591,0.8814102564,0.8931623932,4615.496795,6655.5,7127,0.04487179487,0,aps,0,0,,,,
71,0.2,aps_rolling,334,0.9999995749,mass,1000,3,700,633,0.9028571429,0.9178515008,0.9223275408,4631.503949,6725,7127,0.03317535545,0,aps,0,0,,,,
71,0.2,aps_rolling,335,0.9999996537,mass,1000,2,656,587,0.8993902439,0.8994889267,0.9134014764,4655.361158,6694,7127,0.0272572402,0,aps,0,0,,,,
71,0.2,aps_rolling,336,0.9999997168,mass,1000,2,632,551,0.8939873418,0.8947368421,0.9065335753,4713.678766,6842,7127,0.03085299456,0,aps,0,0,,,,
71,0.2,aps_rolling,337,0.9999997775,mass,1000,2,552,492,0.8804347826,0.8902439024,0.8988482385,4623.664634,6729.5,7127,0.02235772358,0,aps,0,0,,,,
71,0.2,aps_rolling,338,0.9999999101,mass,1000,2,496,457,0.9032258065,0.9146608315,0.9216630197,4951.251641,6936,7127,0.01531728665,0,aps,0,0,,,,
71,0.2,aps_rolling,339,0.9999998908,mass,1000,2,328,297,0.8780487805,0.8720538721,0.8807519641,4784.649832,6576,7127,0.02356902357,0,aps,0,0,,,,
71,0.2,aps_rolling,340,0.9999999356,mass,1000,3,328,303,0.9207317073,0.9306930693,0.9378437844,5093.343234,6881,7127,0.0297029703,0,aps,0,0,,,,
71,0.2,aps_rolling,341,0.9999999168,mass,1000,3,576,519,0.9079861111,0.91522158,0.9262042389,4867.66474,6936,7127,0.01926782274,0,aps,0,0,,,,
71,0.2,aps_rolling,342,0.9999998915,mass,1000,3,636,565,0.9072327044,0.9044247788,0.9138643068,4811.353982,6871,7127,0.02300884956,0,aps,0,0,,,,
71,0.2,aps_rolling,343,0.9999998707,mass,1000,2,642,567,0.8753894081,0.8835978836,0.8904174015,5093.853616,7019,7127,0.01587301587,0,aps,0,0,,,,
71,0.2,aps_rolling,344,0.999999974,mass,1000,2,650,582,0.8969230769,0.9054982818,0.9119415808,5053.340206,7016,7127,0.006872852234,0,aps,0,0,,,,
71,0.2,aps_rolling,345,0.9999999834,mass,1000,2,586,501,0.9197952218,0.9161676647,0.9251497006,5103.053892,7048,7127,0.03393213573,0,aps,0,0,,,,
71,0.2,aps_rolling,346,0.9999999723,mass,1000,2,224,197,0.8883928571,0.8934010152,0.9035532995,4278.593909,5897,7127,0.05076142132,0,aps,0,0,,,,
71,0.2,aps_rolling,347,0.9999999723,mass,1000,3,306,277,0.908496732,0.9133574007,0.9247894103,4212.931408,6396,7127,0.05776173285,0,aps,0,0,,,,
71,0.2,aps_rolling,348,0.9999999614,mass,1000,3,714,610,0.8963585434,0.9081967213,0.9168032787,4744.993443,6835,7127,0.03770491803,0,aps,0,0,,,,
71,0.2,aps_rolling,349,0.9999999627,mass,1000,2,600,545,0.8883333333,0.8880733945,0.9,4626.87156,6691,7127,0.02385321101,0,aps,0,0,,,,
71,0.2,aps_rolling,350,0.9999999899,mass,1000,2,656,560,0.9115853659,0.9071428571,0.929672619,4749.830357,6780,7127,0.03392857143,0,aps,0,0,,,,
71,0.2,aps_rolling,351,0.9999999842,mass,1000,2,522,476,0.8793103448,0.8865546218,0.8974089636,4539.348739,6619,7127,0.0231092437,0,aps,0,0,,,,
71,0.2,aps_rolling,352,0.9999999898,mass,1000,2,462,415,0.9047619048,0.913253012,0.9307228916,4790.838554,6806,7127,0.0265060241,0,aps,0,0,,,,
71,0.2,aps_rolling,353,0.9999999945,mass,1000,3,242,226,0.8760330579,0.8761061947,0.8827433628,4519.066372,6760,7127,0.04867256637,0,aps,0,0,,,,
71,0.2,aps_rolling,354,0.9999999957,mass,1000,3,238,227,0.9327731092,0.9295154185,0.9317180617,4974.136564,6967,7127,0.02202643172,0,aps,0,0,,,,
71,0.2,aps_rolling,355,0.9999999956,mass,1000,4,578,506,0.8788927336,0.8972332016,0.9093261811,5132.422925,7040.5,7127,0.02173913043,0,aps,0,0,,,,
71,0.2,aps_rolling,356,0.9999999971,mass,1000,3,548,483,0.901459854,0.9068322981,0.9137336094,5041.414079,7012,7127,0.016563147,0,aps,0,0,,,,
71,0.2,aps_rolling,357,0.9999999973,mass,1000,2,406,363,0.9113300493,0.9035812672,0.9182736455,4748.674931,6855,7127,0.02479338843,0,aps,0,0,,,,
71,0.2,aps_rolling,358,0.9999999962,mass,1000,3,300,276,0.92,0.9130434783,0.9245169082,4460.836957,6434,7127,0.01449275362,0,aps,0,0,,,,
71,0.2,aps_rolling,359,0.9999999908,mass,1000,3,330,312,0.9333333333,0.9326923077,0.9375,5163.317308,7092,7127,0,0,aps,0,0,,,,
71,0.2,aps_rolling,360,0.9999999757,mass,1000,3,228,214,0.8903508772,0.8925233645,0.8964174455,4140.827103,5772,7127,0.02336448598,0,aps,0,0,,,,
71,0.2,aps_rolling,361,0.9999999879,mass,1000,4,246,226,0.8821138211,0.8761061947,0.8805309735,3996.362832,5796,7127,0.03097345133,0,aps,0,0,,,,
71,0.2,aps_rolling,362,0.9999999674,mass,1000,4,620,530,0.8516129032,0.8867924528,0.9016397125,4133.460377,6120,7127,0.03396226415,0,aps,0,0,,,,
71,0.2,aps_rolling,363,0.9999999991,mass,1000,3,386,353,0.9222797927,0.9206798867,0.9287063267,4553.733711,6906,7127,0.0283286119,0,aps,0,0,,,,
71,0.2,aps_rolling,364,0.999999999,mass,1000,2,354,329,0.9152542373,0.914893617,0.9232522796,4812.349544,6862,7127,0.02431610942,0,aps,0,0,,,,
17,0.2,adaptive_mass_rolling,292,1.191351979,mass,1000,3,730,658,0.8520547945,0.8480243161,0.8556231003,2539.702128,1977.5,4386.9,0,0,raps_k50_lam0p0001,50,0.0001,True,raps_k50_lam0p0001,0.8939044481,3259.525634
17,0.2,adaptive_mass_rolling,293,1.297824776,mass,1000,2,658,581,0.9179331307,0.9139414802,0.9211130235,3534.963855,3043,4987,0,0,raps_k50_lam0p0001,50,0.0001,True,raps_k50_lam0p0001,0.8939044481,3259.525634
17,0.2,adaptive_mass_rolling,294,1.262299416,mass,1000,2,618,538,0.8737864078,0.8568773234,0.8649318463,3186.297398,2683.5,4680.2,0,0,raps_k50_lam0p0001,50,0.0001,True,raps_k50_lam0p0001,0.8939044481,3259.525634
17,0.2,adaptive_mass_rolling,295,1.328910569,mass,1000,2,666,578,0.9144144144,0.901384083,0.9085351788,3752.911765,3346,5063.3,0,0,raps_k50_lam0p0001,50,0.0001,True,raps_k50_lam0p0001,0.8939044481,3259.525634
17,0.2,adaptive_mass_rolling,296,1.282698595,mass,1000,2,516,466,0.9263565891,0.9184549356,0.9209585122,3358.094421,2887,4746.5,0,0,raps_k50_lam0p0001,50,0.0001,True,raps_k50_lam0p0001,0.8939044481,3259.525634
17,0.2,adaptive_mass_rolling,297,1.222030816,mass,1000,2,292,254,0.8938356164,0.8818897638,0.8959973753,2722.307087,2272,4293,0,0,raps_k50_lam0p0001,50,0.0001,True,raps_k50_lam0p0001,0.8939044481,3259.525634
17,0.2,adaptive_mass_rolling,298,1.229288622,mass,1000,3,252,224,0.880952381,0.8660714286,0.8738839286,2938.4375,2348,4721,0,0,raps_k50_lam0p0001,50,0.0001,True,raps_k50_lam0p0001,0.8939044481,3259.525634
17,0.2,adaptive_mass_rolling,299,1.243399647,mass,1000,3,702,615,0.9273504274,0.9170731707,0.9200542005,2902.960976,2493,4364,0,0,raps_k50_lam0p0001,50,0.0001,True,raps_k50_lam0p0001,0.8939044481,3259.525634
17,0.2,adaptive_mass_rolling,300,1.145041715,mass,1000,3,664,573,0.8584337349,0.8429319372,0.8542757417,2148.640489,1521,4120.6,0,0,raps_k50_lam0p0001,50,0.0001,True,raps_k50_lam0p0001,0.8939044481,3259.525634
17,0.2,adaptive_mass_rolling,301,1.264794093,mass,1000,2,616,552,0.8733766234,0.8623188406,0.8719202899,3234.53442,2716,4702.8,0,0,raps_k50_lam0p0001,50,0.0001,True,raps_k50_lam0p0001,0.8939044481,3259.525634
17,0.2,adaptive_mass_rolling,302,1.401667525,mass,1000,2,570,490,0.9105263158,0.9,0.906122449,4363.379592,4068,5294.1,0,0,raps_k50_lam0p0001,50,0.0001,True,raps_k50_lam0p0001,0.8939044481,3259.525634
17,0.2,adaptive_mass_rolling,303,1.391435467,mass,1000,2,542,485,0.8911439114,0.8783505155,0.8824742268,4315.348454,3967,5429.2,0,0,raps_k50_lam0p0001,50,0.0001,True,raps_k50_lam0p0001,0.8939044481,3259.525634
17,0.2,adaptive_mass_rolling,304,1.400347818,mass,1000,2,328,281,0.9542682927,0.9608540925,0.9608540925,4351.572954,4056,5367,0,0,raps_k50_lam0p0001,50,0.0001,True,raps_k50_lam0p0001,0.8939044481,3259.525634
17,0.2,adaptive_mass_rolling,305,1.340532929,mass,1000,3,328,295,0.9390243902,0.9322033898,0.9338983051,3778.247458,3456,4956.6,0,0,raps_k50_lam0p0001,50,0.0001,True,raps_k50_lam0p0001,0.8939044481,3259.525634
17,0.2,adaptive_mass_rolling,306,1.293698945,mass,1000,3,582,513,0.9054982818,0.8947368421,0.8992852502,3410.682261,2991,4857.4,0,0,raps_k50_lam0p0001,50,0.0001,True,raps_k50_lam0p0001,0.8939044481,3259.525634
17,0.2,adaptive_mass_rolling,307,1.205899484,mass,1000,3,588,510,0.8520408163,0.831372549,0.8410457516,2668.584314,2119.5,4423.9,0,0,raps_k50_lam0p0001,50,0.0001,True,raps_k50_lam0p0001,0.8939044481,3259.525634
17,0.2,adaptive_mass_rolling,308,1.321057352,mass,1000,2,562,497,0.8790035587,0.8672032193,0.870221328,3715.661972,3268,5027.4,0,0,raps_k50_lam0p0001,50,0.0001,True,raps_k50_lam0p0001,0.8939044481,3259.525634
17,0.2,adaptive_mass_rolling,309,1.395099859,mass,1000,2,626,535,0.8913738019,0.8785046729,0.8822429907,4334.970093,4005,5306.2,0,0,raps_k50_lam0p0001,50,0.0001,True,raps_k50_lam0p0001,0.8939044481,3259.525634
17,0.2,adaptive_mass_rolling,310,1.428299995,mass,1000,2,620,527,0.9548387097,0.9468690702,0.9487666034,4558.157495,4333,5378.2,0,0,raps_k50_lam0p0001,50,0.0001,True,raps_k50_lam0p0001,0.8939044481,3259.525634
17,0.2,adaptive_mass_rolling,311,1.169188768,mass,1000,2,438,366,0.8744292237,0.8524590164,0.8602003643,2183.275956,1742,3932.5,0,0,raps_k50_lam0p0001,50,0.0001,True,raps_k50_lam0p0001,0.8939044481,3259.525634
17,0.2,adaptive_mass_rolling,312,1.158532827,mass,1000,2,460,368,0.9065217391,0.8858695652,0.9015398551,2026.752717,1636,3560.4,0,0,raps_k50_lam0p0001,50,0.0001,True,raps_k50_lam0p0001,0.8939044481,3259.525634
17,0.2,adaptive_mass_rolling,313,1.211277093,mass,1000,3,794,641,0.9105793451,0.8907956318,0.8982839314,2627.076443,2163,4346,0,0,raps_k50_lam0p0001,50,0.0001,True,raps_k50_lam0p0001,0.8939044481,3259.525634
17,0.2,adaptive_mass_rolling,314,1.164563289,mass,1000,2,678,585,0.9085545723,0.894017094,0.9034188034,2178.969231,1697,3984.8,0,0,raps_k50_lam0p0001,50,0.0001,True,raps_k50_lam0p0001,0.8939044481,3259.525634
17,0.2,adaptive_mass_rolling,315,1.141152266,mass,1000,2,774,660,0.9018087855,0.8893939394,0.9026767677,1921.083333,1464,3790.2,0,0,raps_k50_lam0p0001,50,0.0001,True,raps_k50_lam0p0001,0.8939044481,3259.525634
17,0.2,adaptive_mass_rolling,316,1.15174525,mass,1000,2,758,622,0.8839050132,0.8601286174,0.8654876742,2124.176849,1573,4006.3,0,0,raps_k50_lam0p0001,50,0.0001,True,raps_k50_lam0p0001,0.8939044481,3259.525634
17,0.2,adaptive_mass_rolling,317,1.235280421,mass,1000,2,630,559,0.8793650794,0.8640429338,0.875104353,2754.844365,2403,4213,0,0,raps_k50_lam0p0001,50,0.0001,True,raps_k50_lam0p0001,0.8939044481,3259.525634
17,0.2,adaptive_mass_rolling,318,1.332428951,mass,1000,2,342,308,0.9005847953,0.8928571429,0.8944805195,3668.811688,3374,4764.9,0,0,raps_k50_lam0p0001,50,0.0001,True,raps_k50_lam0p0001,0.8939044481,3259.525634
17,0.2,adaptive_mass_rolling,319,1.352,mass,1000,3,324,290,0.9228395062,0.9137931034,0.9137931034,3815.606897,3570,4890,0,0,raps_k50_lam0p0001,50,0.0001,True,raps_k50_lam0p0001,0.8939044481,3259.525634
17,0.2,adaptive_mass_rolling,320,1.328407455,mass,1000,3,736,646,0.9184782609,0.9086687307,0.9131320949,3714.256966,3336,4893.5,0,0,raps_k50_lam0p0001,50,0.0001,True,raps_k50_lam0p0001,0.8939044481,3259.525634
17,0.2,adaptive_mass_rolling,321,1.251544662,mass,1000,2,680,603,0.8970588235,0.8839137645,0.8880597015,2966.07131,2567,4371.6,0,0,raps_k50_lam0p0001,50,0.0001,True,raps_k50_lam0p0001,0.8939044481,3259.525634
17,0.2,adaptive_mass_rolling,322,1.280694304,mass,1000,2,668,595,0.8862275449,0.8739495798,0.881232493,3243.529412,2859,4621,0,0,raps_k50_lam0p0001,50,0.0001,True,raps_k50_lam0p0001,0.8939044481,3259.525634
17,0.2,adaptive_mass_rolling,323,1.3,mass,1000,2,668,600,0.9056886228,0.8966666667,0.9038888889,3371.323333,3051,4631.7,0,0,raps_k50_lam0p0001,50,0.0001,True,raps_k50_lam0p0001,0.8939044481,3259.525634
17,0.2,adaptive_mass_rolling,324,1.298152415,mass,1000,2,796,650,0.9133165829,0.9,0.911025641,3359.509231,3032,4520.3,0,0,raps_k50_lam0p0001,50,0.0001,True,raps_k50_lam0p0001,0.8939044481,3259.525634
17,0.2,adaptive_mass_rolling,325,1.225378359,mass,1000,2,398,360,0.8618090452,0.8472222222,0.8555555556,2793.161111,2304,4540.4,0,0,raps_k50_lam0p0001,50,0.0001,True,raps_k50_lam0p0001,0.8939044481,3259.525634
17,0.2,adaptive_mass_rolling,326,1.273499998,mass,1000,2,422,348,0.9526066351,0.9454022989,0.9454022989,3018.859195,2785,3728.5,0,0,raps_k50_lam0p0001,50,0.0001,True,raps_k50_lam0p0001,0.8939044481,3259.525634
17,0.2,adaptive_mass_rolling,327,1.1402699,mass,1000,3,738,621,0.8807588076,0.8631239936,0.8763553408,1992.217391,1453,3874,0,0,raps_k50_lam0p0001,50,0.0001,True,raps_k50_lam0p0001,0.8939044481,3259.525634
17,0.2,adaptive_mass_rolling,328,1.144276648,mass,1000,2,600,526,0.9183333333,0.9068441065,0.9144486692,1976.423954,1495,3835.5,0,0,raps_k50_lam0p0001,50,0.0001,True,raps_k50_lam0p0001,0.8939044481,3259.525634
17,0.2,adaptive_mass_rolling,329,1.140396745,mass,1000,2,684,599,0.8874269006,0.8764607679,0.8900389538,2016.617696,1455,3952.6,0,0,raps_k50_lam0p0001,50,0.0001,True,raps_k50_lam0p0001,0.8939044481,3259.525634
17,0.2,adaptive_mass_rolling,330,1.148071544,mass,1000,2,640,580,0.878125,0.8655172414,0.8706896552,2007.798276,1531,3851.9,0,0,raps_k50_lam0p0001,50,0.0001,True,raps_k50_lam0p0001,0.8939044481,3259.525634
17,0.2,adaptive_mass_rolling,331,1.222071285,mass,1000,2,506,474,0.9110671937,0.9050632911,0.9061181435,2686.506329,2271.5,4288.7,0,0,raps_k50_lam0p0001,50,0.0001,True,raps_k50_lam0p0001,0.8939044481,3259.525634
17,0.2,adaptive_mass_rolling,332,1.176599428,mass,1000,2,318,300,0.9119496855,0.9066666667,0.9066666667,2282.496667,1816,4199.6,0,0,raps_k50_lam0p0001,50,0.0001,True,raps_k50_lam0p0001,0.8939044481,3259.525634
17,0.2,adaptive_mass_rolling,333,1.147167682,mass,1000,3,342,312,0.8888888889,0.8782051282,0.8819444444,2044.355769,1522,3912,0,0,raps_k50_lam0p0001,50,0.0001,True,raps_k50_lam0p0001,0.8939044481,3259.525634
17,0.2,adaptive_mass_rolling,334,1.161280726,mass,1000,3,700,633,0.8842857143,0.8799368088,0.8896787783,2132.671406,1663,3968.4,0,0,raps_k50_lam0p0001,50,0.0001,True,raps_k50_lam0p0001,0.8939044481,3259.525634
17,0.2,adaptive_mass_rolling,335,1.203850062,mass,1000,2,656,587,0.8780487805,0.867120954,0.8770584895,2546.045997,2089,4292.4,0,0,raps_k50_lam0p0001,50,0.0001,True,raps_k50_lam0p0001,0.8939044481,3259.525634
17,0.2,adaptive_mass_rolling,336,1.279303833,mass,1000,2,632,551,0.8623417722,0.8475499093,0.8522383545,3234.702359,2843,4710,0,0,raps_k50_lam0p0001,50,0.0001,True,raps_k50_lam0p0001,0.8939044481,3259.525634
17,0.2,adaptive_mass_rolling,337,1.350308027,mass,1000,2,552,492,0.9112318841,0.9004065041,0.9088753388,3833.819106,3553,4862.8,0,0,raps_k50_lam0p0001,50,0.0001,True,raps_k50_lam0p0001,0.8939044481,3259.525634
17,0.2,adaptive_mass_rolling,338,1.3335,mass,1000,2,496,457,0.9052419355,0.8971553611,0.9011670314,3681.859956,3385,4739.6,0,0,raps_k50_lam0p0001,50,0.0001,True,raps_k50_lam0p0001,0.8939044481,3259.525634
17,0.2,adaptive_mass_rolling,339,1.2937211,mass,1000,2,328,297,0.9054878049,0.9057239057,0.9096520763,3190.946128,2987,3804.6,0,0,raps_k50_lam0p0001,50,0.0001,True,raps_k50_lam0p0001,0.8939044481,3259.525634
17,0.2,adaptive_mass_rolling,340,1.292699984,mass,1000,3,328,303,0.9359756098,0.9306930693,0.9306930693,3274.768977,2977,4483,0,0,raps_k50_lam0p0001,50,0.0001,True,raps_k50_lam0p0001,0.8939044481,3259.525634
17,0.2,adaptive_mass_rolling,341,1.229859596,mass,1000,3,576,519,0.859375,0.8458574181,0.8527938343,2744.433526,2349,4348.8,0,0,raps_k50_lam0p0001,50,0.0001,True,raps_k50_lam0p0001,0.8939044481,3259.525634
17,0.2,adaptive_mass_rolling,342,1.278142974,mass,1000,3,636,565,0.8962264151,0.8849557522,0.895280236,3228.934513,2831,4677.6,0,0,raps_k50_lam0p0001,50,0.0001,True,raps_k50_lam0p0001,0.8939044481,3259.525634
17,0.2,adaptive_mass_rolling,343,1.339298956,mass,1000,2,642,567,0.8847352025,0.8747795414,0.8788947678,3786.820106,3443,4991.2,0,0,raps_k50_lam0p0001,50,0.0001,True,raps_k50_lam0p0001,0.8939044481,3259.525634
17,0.2,adaptive_mass_rolling,344,1.354188146,mass,1000,2,650,582,0.9123076923,0.9020618557,0.9063573883,3881.939863,3592,4913.9,0,0,raps_k50_lam0p0001,50,0.0001,True,raps_k50_lam0p0001,0.8939044481,3259.525634
17,0.2,adaptive_mass_rolling,345,1.339599999,mass,1000,2,586,501,0.933447099,0.9221556886,0.9251497006,3766.447106,3446,4983,0,0,raps_k50_lam0p0001,50,0.0001,True,raps_k50_lam0p0001,0.8939044481,3259.525634
17,0.2,adaptive_mass_rolling,346,1.199899999,mass,1000,2,224,197,0.9419642857,0.9340101523,0.9390862944,2398.111675,2049,3945.4,0,0,raps_k50_lam0p0001,50,0.0001,True,raps_k50_lam0p0001,0.8939044481,3259.525634
17,0.2,adaptive_mass_rolling,347,1.171783921,mass,1000,3,306,277,0.9052287582,0.8953068592,0.8977135981,2146.808664,1767,3937.6,0,0,raps_k50_lam0p0001,50,0.0001,True,raps_k50_lam0p0001,0.8939044481,3259.525634
17,0.2,adaptive_mass_rolling,348,1.157562173,mass,1000,3,714,610,0.8655462185,0.8442622951,0.8489071038,2090.486885,1625,4025.4,0,0,raps_k50_lam0p0001,50,0.0001,True,raps_k50_lam0p0001,0.8939044481,3259.525634
17,0.2,adaptive_mass_rolling,349,1.261338464,mass,1000,2,600,545,0.91,0.9009174312,0.9055045872,3028.440367,2663,4335.4,0,0,raps_k50_lam0p0001,50,0.0001,True,raps_k50_lam0p0001,0.8939044481,3259.525634
17,0.2,adaptive_mass_rolling,350,1.2493,mass,1000,2,656,560,0.887195122,0.8714285714,0.874702381,2840.894643,2543,4181.6,0,0,raps_k50_lam0p0001,50,0.0001,True,raps_k50_lam0p0001,0.8939044481,3259.525634
17,0.2,adaptive_mass_rolling,351,1.307699447,mass,1000,2,522,476,0.8831417625,0.8718487395,0.8753501401,3453.004202,3127,4902,0,0,raps_k50_lam0p0001,50,0.0001,True,raps_k50_lam0p0001,0.8939044481,3259.525634
17,0.2,adaptive_mass_rolling,352,1.335354516,mass,1000,2,462,415,0.9090909091,0.9036144578,0.9104417671,3644.814458,3403,4648.6,0,0,raps_k50_lam0p0001,50,0.0001,True,raps_k50_lam0p0001,0.8939044481,3259.525634
17,0.2,adaptive_mass_rolling,353,1.329399371,mass,1000,3,242,226,0.9008264463,0.8938053097,0.8960176991,3546.141593,3343.5,4411.5,0,0,raps_k50_lam0p0001,50,0.0001,True,raps_k50_lam0p0001,0.8939044481,3259.525634
17,0.2,adaptive_mass_rolling,354,1.316686234,mass,1000,3,238,227,0.8907563025,0.8854625551,0.8854625551,3481.907489,3216,4547.8,0,0,raps_k50_lam0p0001,50,0.0001,True,raps_k50_lam0p0001,0.8939044481,3259.525634
17,0.2,adaptive_mass_rolling,355,1.317570019,mass,1000,4,578,506,0.8702422145,0.8596837945,0.8732825146,3559.183794,3225,4805,0,0,raps_k50_lam0p0001,50,0.0001,True,raps_k50_lam0p0001,0.8939044481,3259.525634
17,0.2,adaptive_mass_rolling,356,1.3821,mass,1000,3,548,483,0.9087591241,0.900621118,0.9047619048,4122.097308,3871,5177.8,0,0,raps_k50_lam0p0001,50,0.0001,True,raps_k50_lam0p0001,0.8939044481,3259.525634
17,0.2,adaptive_mass_rolling,357,1.370808893,mass,1000,2,406,363,0.9408866995,0.9421487603,0.9435261708,3905.14876,3758,4409,0,0,raps_k50_lam0p0001,50,0.0001,True,raps_k50_lam0p0001,0.8939044481,3259.525634
17,0.2,adaptive_mass_rolling,358,1.306354064,mass,1000,3,300,276,0.9066666667,0.8985507246,0.9003623188,3364.362319,3113,4410.5,0,0,raps_k50_lam0p0001,50,0.0001,True,raps_k50_lam0p0001,0.8939044481,3259.525634
17,0.2,adaptive_mass_rolling,359,1.292699997,mass,1000,3,330,312,0.9303030303,0.9262820513,0.9294871795,3365.003205,2978,4737.7,0,0,raps_k50_lam0p0001,50,0.0001,True,raps_k50_lam0p0001,0.8939044481,3259.525634
17,0.2,adaptive_mass_rolling,360,1.2214,mass,1000,3,228,214,0.9429824561,0.9392523364,0.941588785,2551.135514,2264,3562.1,0,0,raps_k50_lam0p0001,50,0.0001,True,raps_k50_lam0p0001,0.8939044481,3259.525634
17,0.2,adaptive_mass_rolling,361,1.138416467,mass,1000,4,246,226,0.8699186992,0.8584070796,0.8628318584,1767.734513,1434,2976.5,0,0,raps_k50_lam0p0001,50,0.0001,True,raps_k50_lam0p0001,0.8939044481,3259.525634
17,0.2,adaptive_mass_rolling,362,1.160192396,mass,1000,4,620,530,0.8790322581,0.8622641509,0.8698113208,2029.471698,1651,3837.8,0,0,raps_k50_lam0p0001,50,0.0001,True,raps_k50_lam0p0001,0.8939044481,3259.525634
17,0.2,adaptive_mass_rolling,363,1.260770026,mass,1000,3,386,353,0.8937823834,0.8895184136,0.8923512748,2955.909348,2657,4280.6,0,0,raps_k50_lam0p0001,50,0.0001,True,raps_k50_lam0p0001,0.8939044481,3259.525634
17,0.2,adaptive_mass_rolling,364,1.278289185,mass,1000,2,354,329,0.8757062147,0.8662613982,0.8708206687,3095.024316,2832,4238.6,0,0,raps_k50_lam0p0001,50,0.0001,True,raps_k50_lam0p0001,0.8939044481,3259.525634
29,0.2,adaptive_mass_rolling,292,1.185533603,mass,1000,3,730,658,0.8712328767,0.8693009119,0.873100304,2509.405775,1919,4343.9,0,0,raps_k50_lam0p0001,50,0.0001,True,raps_k50_lam0p0001,0.9006589786,3449.679067
29,0.2,adaptive_mass_rolling,293,1.30773523,mass,1000,2,658,581,0.896656535,0.8881239243,0.8978772232,3616.068847,3151,5027,0,0,raps_k50_lam0p0001,50,0.0001,True,raps_k50_lam0p0001,0.9006589786,3449.679067
29,0.2,adaptive_mass_rolling,294,1.3254,mass,1000,2,618,538,0.8915857605,0.8773234201,0.8838289963,3733.641264,3311,4968.6,0,0,raps_k50_lam0p0001,50,0.0001,True,raps_k50_lam0p0001,0.9006589786,3449.679067
29,0.2,adaptive_mass_rolling,295,1.337732994,mass,1000,2,666,578,0.9054054054,0.8910034602,0.8967704729,3827.685121,3435.5,5058.9,0,0,raps_k50_lam0p0001,50,0.0001,True,raps_k50_lam0p0001,0.9006589786,3449.679067
29,0.2,adaptive_mass_rolling,296,1.314857891,mass,1000,2,516,466,0.9360465116,0.9291845494,0.9351216023,3654.67382,3211,4938.5,0,0,raps_k50_lam0p0001,50,0.0001,True,raps_k50_lam0p0001,0.9006589786,3449.679067
29,0.2,adaptive_mass_rolling,297,1.252299912,mass,1000,2,292,254,0.852739726,0.8346456693,0.8467847769,2997.38189,2574,4504.4,0,0,raps_k50_lam0p0001,50,0.0001,True,raps_k50_lam0p0001,0.9006589786,3449.679067
29,0.2,adaptive_mass_rolling,298,1.296660641,mass,1000,3,252,224,0.869047619,0.8526785714,0.8627232143,3502.120536,3020,5043.1,0,0,raps_k50_lam0p0001,50,0.0001,True,raps_k50_lam0p0001,0.9006589786,3449.679067
29,0.2,adaptive_mass_rolling,299,1.316199809,mass,1000,3,702,615,0.9316239316,0.9219512195,0.9227642276,3548.094309,3217,4734,0,0,raps_k50_lam0p0001,50,0.0001,True,raps_k50_lam0p0001,0.9006589786,3449.679067
29,0.2,adaptive_mass_rolling,300,1.250809418,mass,1000,3,664,573,0.8659638554,0.8481675393,0.8598022106,3058.977312,2573,4627.4,0,0,raps_k50_lam0p0001,50,0.0001,True,raps_k50_lam0p0001,0.9006589786,3449.679067
29,0.2,adaptive_mass_rolling,301,1.320980251,mass,1000,2,616,552,0.875,0.8623188406,0.8722222222,3713.161232,3274,4906.1,0,0,raps_k50_lam0p0001,50,0.0001,True,raps_k50_lam0p0001,0.9006589786,3449.679067
29,0.2,adaptive_mass_rolling,302,1.417300148,mass,1000,2,570,490,0.9175438596,0.9102040816,0.9132653061,4501.746939,4224.5,5421.5,0,0,raps_k50_lam0p0001,50,0.0001,True,raps_k50_lam0p0001,0.9006589786,3449.679067
29,0.2,adaptive_mass_rolling,303,1.380263748,mass,1000,2,542,485,0.8985239852,0.8865979381,0.8886597938,4215.047423,3856,5350.2,0,0,raps_k50_lam0p0001,50,0.0001,True,raps_k50_lam0p0001,0.9006589786,3449.679067
29,0.2,adaptive_mass_rolling,304,1.370906851,mass,1000,2,328,281,0.8963414634,0.8932384342,0.9003558719,4076.572954,3761,5234,0,0,raps_k50_lam0p0001,50,0.0001,True,raps_k50_lam0p0001,0.9006589786,3449.679067
29,0.2,adaptive_mass_rolling,305,1.368660262,mass,1000,3,328,295,0.9573170732,0.9525423729,0.956779661,4033.105085,3737,5155.6,0,0,raps_k50_lam0p0001,50,0.0001,True,raps_k50_lam0p0001,0.9006589786,3449.679067
29,0.2,adaptive_mass_rolling,306,1.299192614,mass,1000,3,582,513,0.9089347079,0.8966861598,0.9041585445,3473.165692,3045,4856.8,0,0,raps_k50_lam0p0001,50,0.0001,True,raps_k50_lam0p0001,0.9006589786,3449.679067
29,0.2,adaptive_mass_rolling,307,1.203889551,mass,1000,3,588,510,0.880952381,0.862745098,0.8718300654,2667.272549,2101,4398.4,0,0,raps_k50_lam0p0001,50,0.0001,True,raps_k50_lam0p0001,0.9006589786,3449.679067
29,0.2,adaptive_mass_rolling,308,1.2824,mass,1000,2,562,497,0.871886121,0.861167002,0.8701542589,3384.191147,2883,4807.6,0,0,raps_k50_lam0p0001,50,0.0001,True,raps_k50_lam0p0001,0.9006589786,3449.679067
29,0.2,adaptive_mass_rolling,309,1.369159878,mass,1000,2,626,535,0.9169329073,0.908411215,0.908411215,4126.011215,3749,5226,0,0,raps_k50_lam0p0001,50,0.0001,True,raps_k50_lam0p0001,0.9006589786,3449.679067
29,0.2,adaptive_mass_rolling,310,1.3111,mass,1000,2,620,527,0.9483870968,0.9392789374,0.9411764706,3520.233397,3162,4785.6,0,0,raps_k50_lam0p0001,50,0.0001,True,raps_k50_lam0p0001,0.9006589786,3449.679067
29,0.2,adaptive_mass_rolling,311,1.122384459,mass,1000,2,438,366,0.8949771689,0.8743169399,0.883424408,1767.639344,1275,3856,0,0,raps_k50_lam0p0001,50,0.0001,True,raps_k50_lam0p0001,0.9006589786,3449.679067
29,0.2,adaptive_mass_rolling,312,1.107597446,mass,1000,2,460,368,0.8913043478,0.8668478261,0.8887681159,1568.82337,1126.5,3388.4,0,0,raps_k50_lam0p0001,50,0.0001,True,raps_k50_lam0p0001,0.9006589786,3449.679067
29,0.2,adaptive_mass_rolling,313,1.121999999,mass,1000,3,794,641,0.8979848866,0.8751950078,0.8814352574,1845.165367,1271,3908,0,0,raps_k50_lam0p0001,50,0.0001,True,raps_k50_lam0p0001,0.9006589786,3449.679067
29,0.2,adaptive_mass_rolling,314,1.128099399,mass,1000,2,678,585,0.9115044248,0.9008547009,0.9094017094,1879.586325,1334,3805.8,0,0,raps_k50_lam0p0001,50,0.0001,True,raps_k50_lam0p0001,0.9006589786,3449.679067
29,0.2,adaptive_mass_rolling,315,1.108800809,mass,1000,2,774,660,0.8992248062,0.8863636364,0.8949494949,1640.327273,1141,3650.5,0,0,raps_k50_lam0p0001,50,0.0001,True,raps_k50_lam0p0001,0.9006589786,3449.679067
29,0.2,adaptive_mass_rolling,316,1.1136,mass,1000,2,758,622,0.8707124011,0.8424437299,0.8498928189,1789.636656,1194,3936.5,0,0,raps_k50_lam0p0001,50,0.0001,True,raps_k50_lam0p0001,0.9006589786,3449.679067
29,0.2,adaptive_mass_rolling,317,1.24414268,mass,1000,2,630,559,0.8936507937,0.8801431127,0.8912045319,2831.073345,2492,4245.4,0,0,raps_k50_lam0p0001,50,0.0001,True,raps_k50_lam0p0001,0.9006589786,3449.679067
29,0.2,adaptive_mass_rolling,318,1.298460444,mass,1000,2,342,308,0.9269005848,0.9188311688,0.9220779221,3365.529221,3034,4611.4,0,0,raps_k50_lam0p0001,50,0.0001,True,raps_k50_lam0p0001,0.9006589786,3449.679067
29,0.2,adaptive_mass_rolling,319,1.246799167,mass,1000,3,324,290,0.9104938272,0.9,0.9,2873.017241,2518,4407.1,0,0,raps_k50_lam0p0001,50,0.0001,True,raps_k50_lam0p0001,0.9006589786,3449.679067
29,0.2,adaptive_mass_rolling,320,1.213458499,mass,1000,3,736,646,0.8926630435,0.8792569659,0.8877708978,2707.136223,2188,4290.5,0,0,raps_k50_lam0p0001,50,0.0001,True,raps_k50_lam0p0001,0.9006589786,3449.679067
29,0.2,adaptive_mass_rolling,321,1.247519309,mass,1000,2,680,603,0.8897058824,0.8789386401,0.8847429519,2930.84743,2527,4342.2,0,0,raps_k50_lam0p0001,50,0.0001,True,raps_k50_lam0p0001,0.9006589786,3449.679067
29,0.2,adaptive_mass_rolling,322,1.289650667,mass,1000,2,668,595,0.8907185629,0.8789915966,0.8845938375,3335.312605,2949,4659.4,0,0,raps_k50_lam0p0001,50,0.0001,True,raps_k50_lam0p0001,0.9006589786,3449.679067
29,0.2,adaptive_mass_rolling,323,1.303849509,mass,1000,2,668,600,0.9101796407,0.9033333333,0.9041666667,3412.676667,3089,4678,0,0,raps_k50_lam0p0001,50,0.0001,True,raps_k50_lam0p0001,0.9006589786,3449.679067
29,0.2,adaptive_mass_rolling,324,1.28116254,mass,1000,2,796,650,0.9434673367,0.9307692308,0.9353846154,3215.058462,2863,4448.4,0,0,raps_k50_lam0p0001,50,0.0001,True,raps_k50_lam0p0001,0.9006589786,3449.679067
29,0.2,adaptive_mass_rolling,325,1.126070527,mass,1000,2,398,360,0.864321608,0.85,0.8569444444,1923.125,1311,4175,0,0,raps_k50_lam0p0001,50,0.0001,True,raps_k50_lam0p0001,0.9006589786,3449.679067
29,0.2,adaptive_mass_rolling,326,1.16119997,mass,1000,2,422,348,0.9454976303,0.9367816092,0.9403735632,2018.321839,1662,3451.6,0,0,raps_k50_lam0p0001,50,0.0001,True,raps_k50_lam0p0001,0.9006589786,3449.679067
29,0.2,adaptive_mass_rolling,327,1.123228536,mass,1000,3,738,621,0.8997289973,0.884057971,0.8975040258,1865.172303,1284,3852,0,0,raps_k50_lam0p0001,50,0.0001,True,raps_k50_lam0p0001,0.9006589786,3449.679067
29,0.2,adaptive_mass_rolling,328,1.1061,mass,1000,2,600,526,0.9133333333,0.9030418251,0.9065272497,1660.070342,1113,3700.5,0,0,raps_k50_lam0p0001,50,0.0001,True,raps_k50_lam0p0001,0.9006589786,3449.679067
29,0.2,adaptive_mass_rolling,329,1.100794395,mass,1000,2,684,599,0.8625730994,0.858096828,0.8700055648,1688.96995,1059,3878.8,0,0,raps_k50_lam0p0001,50,0.0001,True,raps_k50_lam0p0001,0.9006589786,3449.679067
29,0.2,adaptive_mass_rolling,330,1.168871335,mass,1000,2,640,580,0.8953125,0.8844827586,0.8853448276,2203.75,1739,3990.8,0,0,raps_k50_lam0p0001,50,0.0001,True,raps_k50_lam0p0001,0.9006589786,3449.679067
29,0.2,adaptive_mass_rolling,331,1.218008753,mass,1000,2,506,474,0.9051383399,0.8987341772,0.9008438819,2665.862869,2230.5,4312.9,0,0,raps_k50_lam0p0001,50,0.0001,True,raps_k50_lam0p0001,0.9006589786,3449.679067
29,0.2,adaptive_mass_rolling,332,1.177309846,mass,1000,2,318,300,0.9182389937,0.9133333333,0.9133333333,2291.313333,1823,4064.7,0,0,raps_k50_lam0p0001,50,0.0001,True,raps_k50_lam0p0001,0.9006589786,3449.679067
29,0.2,adaptive_mass_rolling,333,1.13869919,mass,1000,3,342,312,0.850877193,0.8365384615,0.8450854701,1989.798077,1438,3898.5,0,0,raps_k50_lam0p0001,50,0.0001,True,raps_k50_lam0p0001,0.9006589786,3449.679067
29,0.2,adaptive_mass_rolling,334,1.232732551,mass,1000,3,700,633,0.9042857143,0.8941548183,0.9020537125,2786.083728,2378,4368.2,0,0,raps_k50_lam0p0001,50,0.0001,True,raps_k50_lam0p0001,0.9006589786,3449.679067
29,0.2,adaptive_mass_rolling,335,1.275346724,mass,1000,2,656,587,0.8993902439,0.8909710392,0.8992049972,3186.729131,2804,4621.4,0,0,raps_k50_lam0p0001,50,0.0001,True,raps_k50_lam0p0001,0.9006589786,3449.679067
29,0.2,adaptive_mass_rolling,336,1.258199961,mass,1000,2,632,551,0.8655063291,0.8548094374,0.863430127,3043,2633,4625,0,0,raps_k50_lam0p0001,50,0.0001,True,raps_k50_lam0p0001,0.9006589786,3449.679067
29,0.2,adaptive_mass_rolling,337,1.342159353,mass,1000,2,552,492,0.9057971014,0.8943089431,0.8989159892,3756.538618,3471,4893.7,0,0,raps_k50_lam0p0001,50,0.0001,True,raps_k50_lam0p0001,0.9006589786,3449.679067
29,0.2,adaptive_mass_rolling,338,1.348,mass,1000,2,496,457,0.8870967742,0.8796498906,0.8836615609,3817.636761,3530,4940.4,0,0,raps_k50_lam0p0001,50,0.0001,True,raps_k50_lam0p0001,0.9006589786,3449.679067
29,0.2,adaptive_mass_rolling,339,1.359897976,mass,1000,2,328,297,0.8719512195,0.8686868687,0.8759820426,3808.646465,3649,4289.2,0,0,raps_k50_lam0p0001,50,0.0001,True,raps_k50_lam0p0001,0.9006589786,3449.679067
29,0.2,adaptive_mass_rolling,340,1.418013041,mass,1000,3,328,303,0.9512195122,0.9471947195,0.9471947195,4433.425743,4230,5299.8,0,0,raps_k50_lam0p0001,50,0.0001,True,raps_k50_lam0p0001,0.9006589786,3449.679067
29,0.2,adaptive_mass_rolling,341,1.345493569,mass,1000,3,576,519,0.90625,0.8959537572,0.8994219653,3788.408478,3505,4942.6,0,0,raps_k50_lam0p0001,50,0.0001,True,raps_k50_lam0p0001,0.9006589786,3449.679067
29,0.2,adaptive_mass_rolling,342,1.298699831,mass,1000,3,636,565,0.8993710692,0.8884955752,0.896460177,3422.184071,3037,4761.4,0,0,raps_k50_lam0p0001,50,0.0001,True,raps_k50_lam0p0001,0.9006589786,3449.679067
29,0.2,adaptive_mass_rolling,343,1.307699987,mass,1000,2,642,567,0.8847352025,0.8747795414,0.8806584362,3508.368607,3128,4845.8,0,0,raps_k50_lam0p0001,50,0.0001,True,raps_k50_lam0p0001,0.9006589786,3449.679067
29,0.2,adaptive_mass_rolling,344,1.366722349,mass,1000,2,650,582,0.9276923077,0.9209621993,0.9231099656,4015.127148,3717,5027.7,0,0,raps_k50_lam0p0001,50,0.0001,True,raps_k50_lam0p0001,0.9006589786,3449.679067
29,0.2,adaptive_mass_rolling,345,1.29875999,mass,1000,2,586,501,0.8924914676,0.874251497,0.8852295409,3424.796407,3038,4854,0,0,raps_k50_lam0p0001,50,0.0001,True,raps_k50_lam0p0001,0.9006589786,3449.679067
29,0.2,adaptive_mass_rolling,346,1.280660578,mass,1000,2,224,197,0.9330357143,0.923857868,0.9314720812,3163.918782,2856,4459.2,0,0,raps_k50_lam0p0001,50,0.0001,True,raps_k50_lam0p0001,0.9006589786,3449.679067
29,0.2,adaptive_mass_rolling,347,1.276122466,mass,1000,3,306,277,0.9346405229,0.9277978339,0.9302045728,3105.440433,2811,4398.8,0,0,raps_k50_lam0p0001,50,0.0001,True,raps_k50_lam0p0001,0.9006589786,3449.679067
29,0.2,adaptive_mass_rolling,348,1.260738882,mass,1000,3,714,610,0.8893557423,0.8721311475,0.8775956284,3021.985246,2657,4588.9,0,0,raps_k50_lam0p0001,50,0.0001,True,raps_k50_lam0p0001,0.9006589786,3449.679067
29,0.2,adaptive_mass_rolling,349,1.253739993,mass,1000,2,600,545,0.8883333333,0.8770642202,0.8810397554,2966.647706,2587,4388,0,0,raps_k50_lam0p0001,50,0.0001,True,raps_k50_lam0p0001,0.9006589786,3449.679067
29,0.2,adaptive_mass_rolling,350,1.31618491,mass,1000,2,656,560,0.9100609756,0.8982142857,0.8991071429,3460.857143,3211,4471,0,0,raps_k50_lam0p0001,50,0.0001,True,raps_k50_lam0p0001,0.9006589786,3449.679067
29,0.2,adaptive_mass_rolling,351,1.314832434,mass,1000,2,522,476,0.9061302682,0.8970588235,0.8970588235,3502.878151,3198,4892.5,0,0,raps_k50_lam0p0001,50,0.0001,True,raps_k50_lam0p0001,0.9006589786,3449.679067
29,0.2,adaptive_mass_rolling,352,1.307309967,mass,1000,2,462,415,0.9047619048,0.8987951807,0.9,3387.655422,3123,4493.8,0,0,raps_k50_lam0p0001,50,0.0001,True,raps_k50_lam0p0001,0.9006589786,3449.679067
29,0.2,adaptive_mass_rolling,353,1.304557984,mass,1000,3,242,226,0.9008264463,0.8938053097,0.8982300885,3318.20354,3095,4275,0,0,raps_k50_lam0p0001,50,0.0001,True,raps_k50_lam0p0001,0.9006589786,3449.679067
29,0.2,adaptive_mass_rolling,354,1.3058963,mass,1000,3,238,227,0.8949579832,0.8898678414,0.8898678414,3390.185022,3109,4468.6,0,0,raps_k50_lam0p0001,50,0.0001,True,raps_k50_lam0p0001,0.9006589786,3449.679067
29,0.2,adaptive_mass_rolling,355,1.305796666,mass,1000,4,578,506,0.8373702422,0.8300395257,0.8394504047,3459.885375,3108,4752,0,0,raps_k50_lam0p0001,50,0.0001,True,raps_k50_lam0p0001,0.9006589786,3449.679067
29,0.2,adaptive_mass_rolling,356,1.4444,mass,1000,3,548,483,0.9288321168,0.9233954451,0.9254658385,4678.774327,4494,5551.8,0,0,raps_k50_lam0p0001,50,0.0001,True,raps_k50_lam0p0001,0.9006589786,3449.679067
29,0.2,adaptive_mass_rolling,357,1.42119702,mass,1000,2,406,363,0.9482758621,0.9449035813,0.9490358127,4381.123967,4261,4850.2,0,0,raps_k50_lam0p0001,50,0.0001,True,raps_k50_lam0p0001,0.9006589786,3449.679067
29,0.2,adaptive_mass_rolling,358,1.315578945,mass,1000,3,300,276,0.9133333333,0.9057971014,0.9057971014,3447.123188,3205,4457.5,0,0,raps_k50_lam0p0001,50,0.0001,True,raps_k50_lam0p0001,0.9006589786,3449.679067
29,0.2,adaptive_mass_rolling,359,1.296399997,mass,1000,3,330,312,0.9121212121,0.9070512821,0.9070512821,3396.471154,3015,4706.3,0,0,raps_k50_lam0p0001,50,0.0001,True,raps_k50_lam0p0001,0.9006589786,3449.679067
29,0.2,adaptive_mass_rolling,360,1.2716,mass,1000,3,228,214,0.9342105263,0.9299065421,0.9322429907,3036.766355,2766,4216.5,0,0,raps_k50_lam0p0001,50,0.0001,True,raps_k50_lam0p0001,0.9006589786,3449.679067
29,0.2,adaptive_mass_rolling,361,1.247399492,mass,1000,4,246,226,0.8861788618,0.8761061947,0.8805309735,2769.097345,2523,3663,0,0,raps_k50_lam0p0001,50,0.0001,True,raps_k50_lam0p0001,0.9006589786,3449.679067
29,0.2,adaptive_mass_rolling,362,1.267159434,mass,1000,4,620,530,0.9016129032,0.8867924528,0.891509434,3006.941509,2721,4511.1,0,0,raps_k50_lam0p0001,50,0.0001,True,raps_k50_lam0p0001,0.9006589786,3449.679067
29,0.2,adaptive_mass_rolling,363,1.261499998,mass,1000,3,386,353,0.8886010363,0.8838526912,0.8847969783,2967.03966,2665,4345.2,0,0,raps_k50_lam0p0001,50,0.0001,True,raps_k50_lam0p0001,0.9006589786,3449.679067
29,0.2,adaptive_mass_rolling,364,1.28007529,mass,1000,2,354,329,0.9152542373,0.9088145897,0.912360689,3118.635258,2850,4370.8,0,0,raps_k50_lam0p0001,50,0.0001,True,raps_k50_lam0p0001,0.9006589786,3449.679067
43,0.2,adaptive_mass_rolling,292,1.235049211,mass,1000,3,730,658,0.8643835616,0.8617021277,0.8703140831,2929.196049,2414,4580.9,0,0,raps_k50_lam0p0001,50,0.0001,True,raps_k50_lam0p0001,0.8968698517,3306.249121
43,0.2,adaptive_mass_rolling,293,1.291896153,mass,1000,2,658,581,0.8981762918,0.8915662651,0.9018932874,3487.788296,2987,4987,0,0,raps_k50_lam0p0001,50,0.0001,True,raps_k50_lam0p0001,0.8968698517,3306.249121
43,0.2,adaptive_mass_rolling,294,1.328242671,mass,1000,2,618,538,0.8899676375,0.875464684,0.885377943,3742.643123,3341,5010,0,0,raps_k50_lam0p0001,50,0.0001,True,raps_k50_lam0p0001,0.8968698517,3306.249121
43,0.2,adaptive_mass_rolling,295,1.368762964,mass,1000,2,666,578,0.9294294294,0.9186851211,0.9235870819,4085.397924,3744,5273.5,0,0,raps_k50_lam0p0001,50,0.0001,True,raps_k50_lam0p0001,0.8968698517,3306.249121
43,0.2,adaptive_mass_rolling,296,1.272007085,mass,1000,2,516,466,0.9224806202,0.9141630901,0.9166666667,3246.824034,2779.5,4725,0,0,raps_k50_lam0p0001,50,0.0001,True,raps_k50_lam0p0001,0.8968698517,3306.249121
43,0.2,adaptive_mass_rolling,297,1.250603393,mass,1000,2,292,254,0.8493150685,0.8307086614,0.843503937,2974.023622,2557,4423.1,0,0,raps_k50_lam0p0001,50,0.0001,True,raps_k50_lam0p0001,0.8968698517,3306.249121
43,0.2,adaptive_mass_rolling,298,1.282406355,mass,1000,3,252,224,0.8571428571,0.8392857143,0.8489583333,3400.058036,2877,5000.6,0,0,raps_k50_lam0p0001,50,0.0001,True,raps_k50_lam0p0001,0.8968698517,3306.249121
43,0.2,adaptive_mass_rolling,299,1.31679891,mass,1000,3,702,615,0.9273504274,0.9170731707,0.9178861789,3545.079675,3222,4733.2,0,0,raps_k50_lam0p0001,50,0.0001,True,raps_k50_lam0p0001,0.8968698517,3306.249121
43,0.2,adaptive_mass_rolling,300,1.2523,mass,1000,3,664,573,0.8629518072,0.8446771379,0.8577661431,3073.8726,2584,4633,0,0,raps_k50_lam0p0001,50,0.0001,True,raps_k50_lam0p0001,0.8968698517,3306.249121
43,0.2,adaptive_mass_rolling,301,1.334258867,mass,1000,2,616,552,0.8733766234,0.8586956522,0.8746376812,3822.869565,3404,5039.8,0,0,raps_k50_lam0p0001,50,0.0001,True,raps_k50_lam0p0001,0.8968698517,3306.249121
43,0.2,adaptive_mass_rolling,302,1.417699971,mass,1000,2,570,490,0.9333333333,0.9224489796,0.9285714286,4508.5,4228,5438.2,0,0,raps_k50_lam0p0001,50,0.0001,True,raps_k50_lam0p0001,0.8968698517,3306.249121
43,0.2,adaptive_mass_rolling,303,1.353923913,mass,1000,2,542,485,0.9095940959,0.8989690722,0.9010309278,3990.505155,3593,5264.6,0,0,raps_k50_lam0p0001,50,0.0001,True,raps_k50_lam0p0001,0.8968698517,3306.249121
43,0.2,adaptive_mass_rolling,304,1.32129517,mass,1000,2,328,281,0.9115853659,0.9110320285,0.9199288256,3649.996441,3267,4989,0,0,raps_k50_lam0p0001,50,0.0001,True,raps_k50_lam0p0001,0.8968698517,3306.249121
43,0.2,adaptive_mass_rolling,305,1.312399892,mass,1000,3,328,295,0.9420731707,0.9355932203,0.9381355932,3536.054237,3176,4948.4,0,0,raps_k50_lam0p0001,50,0.0001,True,raps_k50_lam0p0001,0.8968698517,3306.249121
43,0.2,adaptive_mass_rolling,306,1.231198745,mass,1000,3,582,513,0.8900343643,0.8771929825,0.8820662768,2859.001949,2369,4520.6,0,0,raps_k50_lam0p0001,50,0.0001,True,raps_k50_lam0p0001,0.8968698517,3306.249121
43,0.2,adaptive_mass_rolling,307,1.2124,mass,1000,3,588,510,0.8741496599,0.8568627451,0.8635947712,2718.9,2181.5,4507.2,0,0,raps_k50_lam0p0001,50,0.0001,True,raps_k50_lam0p0001,0.8968698517,3306.249121
43,0.2,adaptive_mass_rolling,308,1.318499964,mass,1000,2,562,497,0.9021352313,0.8913480885,0.8973843058,3687.325956,3238,5040.2,0,0,raps_k50_lam0p0001,50,0.0001,True,raps_k50_lam0p0001,0.8968698517,3306.249121
43,0.2,adaptive_mass_rolling,309,1.3214,mass,1000,2,626,535,0.8801916933,0.8635514019,0.8763239875,3715.730841,3270,5009.6,0,0,raps_k50_lam0p0001,50,0.0001,True,raps_k50_lam0p0001,0.8968698517,3306.249121
43,0.2,adaptive_mass_rolling,310,1.353410522,mass,1000,2,620,527,0.9274193548,0.9165085389,0.9203036053,3890.823529,3585,5003.2,0,0,raps_k50_lam0p0001,50,0.0001,True,raps_k50_lam0p0001,0.8968698517,3306.249121
43,0.2,adaptive_mass_rolling,311,1.317272595,mass,1000,2,438,366,0.9178082192,0.9016393443,0.9130236794,3520.480874,3223,4767.5,0,0,raps_k50_lam0p0001,50,0.0001,True,raps_k50_lam0p0001,0.8968698517,3306.249121
43,0.2,adaptive_mass_rolling,312,1.211522776,mass,1000,2,460,368,0.9065217391,0.8831521739,0.8961050725,2498.345109,2165,3674.3,0,0,raps_k50_lam0p0001,50,0.0001,True,raps_k50_lam0p0001,0.8968698517,3306.249121
43,0.2,adaptive_mass_rolling,313,1.201775391,mass,1000,3,794,641,0.895465995,0.8736349454,0.8800312012,2521.828393,2068,4270,0,0,raps_k50_lam0p0001,50,0.0001,True,raps_k50_lam0p0001,0.8968698517,3306.249121
43,0.2,adaptive_mass_rolling,314,1.216497076,mass,1000,2,678,585,0.9100294985,0.8991452991,0.907960928,2637.521368,2217,4110.2,0,0,raps_k50_lam0p0001,50,0.0001,True,raps_k50_lam0p0001,0.8968698517,3306.249121
43,0.2,adaptive_mass_rolling,315,1.180499993,mass,1000,2,774,660,0.9018087855,0.8893939394,0.9021464646,2260.169697,1856,4062.7,0,0,raps_k50_lam0p0001,50,0.0001,True,raps_k50_lam0p0001,0.8968698517,3306.249121
43,0.2,adaptive_mass_rolling,316,1.180399994,mass,1000,2,758,622,0.8984168865,0.8762057878,0.8794212219,2349.054662,1857,4235.9,0,0,raps_k50_lam0p0001,50,0.0001,True,raps_k50_lam0p0001,0.8968698517,3306.249121
43,0.2,adaptive_mass_rolling,317,1.215241419,mass,1000,2,630,559,0.8873015873,0.8729874776,0.8813655337,2550.11449,2203,3982.2,0,0,raps_k50_lam0p0001,50,0.0001,True,raps_k50_lam0p0001,0.8968698517,3306.249121
43,0.2,adaptive_mass_rolling,318,1.2672,mass,1000,2,342,308,0.8888888889,0.8766233766,0.8858225108,3069.00974,2722,4353.8,0,0,raps_k50_lam0p0001,50,0.0001,True,raps_k50_lam0p0001,0.8968698517,3306.249121
43,0.2,adaptive_mass_rolling,319,1.289193924,mass,1000,3,324,290,0.9135802469,0.9034482759,0.9034482759,3234.386207,2942,4506.3,0,0,raps_k50_lam0p0001,50,0.0001,True,raps_k50_lam0p0001,0.8968698517,3306.249121
43,0.2,adaptive_mass_rolling,320,1.272321281,mass,1000,3,736,646,0.9048913043,0.8931888545,0.8995872033,3204.091331,2774,4659,0,0,raps_k50_lam0p0001,50,0.0001,True,raps_k50_lam0p0001,0.8968698517,3306.249121
43,0.2,adaptive_mass_rolling,321,1.249893172,mass,1000,2,680,603,0.9088235294,0.8988391376,0.9063018242,2932.394693,2550,4383.2,0,0,raps_k50_lam0p0001,50,0.0001,True,raps_k50_lam0p0001,0.8968698517,3306.249121
43,0.2,adaptive_mass_rolling,322,1.231925591,mass,1000,2,668,595,0.8637724551,0.8487394958,0.8571428571,2800.519328,2370,4382.4,0,0,raps_k50_lam0p0001,50,0.0001,True,raps_k50_lam0p0001,0.8968698517,3306.249121
43,0.2,adaptive_mass_rolling,323,1.321438377,mass,1000,2,668,600,0.9071856287,0.9,0.9058333333,3566.246667,3265,4735.2,0,0,raps_k50_lam0p0001,50,0.0001,True,raps_k50_lam0p0001,0.8968698517,3306.249121
43,0.2,adaptive_mass_rolling,324,1.323786875,mass,1000,2,796,650,0.9522613065,0.9430769231,0.9451282051,3580.889231,3288.5,4593.4,0,0,raps_k50_lam0p0001,50,0.0001,True,raps_k50_lam0p0001,0.8968698517,3306.249121
43,0.2,adaptive_mass_rolling,325,1.134298361,mass,1000,2,398,360,0.8366834171,0.8194444444,0.8263888889,2004.744444,1393,4147.5,0,0,raps_k50_lam0p0001,50,0.0001,True,raps_k50_lam0p0001,0.8968698517,3306.249121
43,0.2,adaptive_mass_rolling,326,1.1885,mass,1000,2,422,348,0.9170616114,0.9022988506,0.9118773946,2224.264368,1935,3030.6,0,0,raps_k50_lam0p0001,50,0.0001,True,raps_k50_lam0p0001,0.8968698517,3306.249121
43,0.2,adaptive_mass_rolling,327,1.194525441,mass,1000,3,738,621,0.8875338753,0.8743961353,0.8807300054,2469.219002,1996,4108,0,0,raps_k50_lam0p0001,50,0.0001,True,raps_k50_lam0p0001,0.8968698517,3306.249121
43,0.2,adaptive_mass_rolling,328,1.23867176,mass,1000,2,600,526,0.905,0.891634981,0.897338403,2824.560837,2438,4283.5,0,0,raps_k50_lam0p0001,50,0.0001,True,raps_k50_lam0p0001,0.8968698517,3306.249121
43,0.2,adaptive_mass_rolling,329,1.238721844,mass,1000,2,684,599,0.9078947368,0.8964941569,0.9070116861,2881.702838,2438,4556.6,0,0,raps_k50_lam0p0001,50,0.0001,True,raps_k50_lam0p0001,0.8968698517,3306.249121
43,0.2,adaptive_mass_rolling,330,1.209735677,mass,1000,2,640,580,0.9203125,0.9120689655,0.9120689655,2561.215517,2148,4315.4,0,0,raps_k50_lam0p0001,50,0.0001,True,raps_k50_lam0p0001,0.8968698517,3306.249121
43,0.2,adaptive_mass_rolling,331,1.19249999,mass,1000,2,506,474,0.9229249012,0.917721519,0.917721519,2423.525316,1975,4167.8,0,0,raps_k50_lam0p0001,50,0.0001,True,raps_k50_lam0p0001,0.8968698517,3306.249121
43,0.2,adaptive_mass_rolling,332,1.120670084,mass,1000,2,318,300,0.8679245283,0.86,0.8622222222,1780.096667,1257,3824.3,0,0,raps_k50_lam0p0001,50,0.0001,True,raps_k50_lam0p0001,0.8968698517,3306.249121
43,0.2,adaptive_mass_rolling,333,1.153584342,mass,1000,3,342,312,0.865497076,0.8557692308,0.8627136752,2084.580128,1586,4073.5,0,0,raps_k50_lam0p0001,50,0.0001,True,raps_k50_lam0p0001,0.8968698517,3306.249121
43,0.2,adaptive_mass_rolling,334,1.250053452,mass,1000,3,700,633,0.8828571429,0.8736176935,0.8820431806,2927.443918,2551,4492.8,0,0,raps_k50_lam0p0001,50,0.0001,True,raps_k50_lam0p0001,0.8968698517,3306.249121
43,0.2,adaptive_mass_rolling,335,1.300799751,mass,1000,2,656,587,0.875,0.867120954,0.8760647359,3409.040886,3058,4780.2,0,0,raps_k50_lam0p0001,50,0.0001,True,raps_k50_lam0p0001,0.8968698517,3306.249121
43,0.2,adaptive_mass_rolling,336,1.357782882,mass,1000,2,632,551,0.8924050633,0.8802177858,0.8905626134,3939.103448,3628,5099,0,0,raps_k50_lam0p0001,50,0.0001,True,raps_k50_lam0p0001,0.8968698517,3306.249121
43,0.2,adaptive_mass_rolling,337,1.387799946,mass,1000,2,552,492,0.9257246377,0.9166666667,0.9214092141,4164.115854,3928,5091,0,0,raps_k50_lam0p0001,50,0.0001,True,raps_k50_lam0p0001,0.8968698517,3306.249121
43,0.2,adaptive_mass_rolling,338,1.327761771,mass,1000,2,496,457,0.9112903226,0.9037199125,0.9088256747,3632.402626,3327,4819.8,0,0,raps_k50_lam0p0001,50,0.0001,True,raps_k50_lam0p0001,0.8968698517,3306.249121
43,0.2,adaptive_mass_rolling,339,1.2865,mass,1000,2,328,297,0.9085365854,0.9057239057,0.911335578,3111.905724,2915,3601.8,0,0,raps_k50_lam0p0001,50,0.0001,True,raps_k50_lam0p0001,0.8968698517,3306.249121
43,0.2,adaptive_mass_rolling,340,1.274649058,mass,1000,3,328,303,0.8993902439,0.8910891089,0.8927392739,3123.247525,2796,4433.8,0,0,raps_k50_lam0p0001,50,0.0001,True,raps_k50_lam0p0001,0.8968698517,3306.249121
43,0.2,adaptive_mass_rolling,341,1.27945195,mass,1000,3,576,519,0.8854166667,0.8747591522,0.8816955684,3182.013487,2844,4574.4,0,0,raps_k50_lam0p0001,50,0.0001,True,raps_k50_lam0p0001,0.8968698517,3306.249121
43,0.2,adaptive_mass_rolling,342,1.319074583,mass,1000,3,636,565,0.9371069182,0.9292035398,0.9309734513,3602.256637,3241,4897.6,0,0,raps_k50_lam0p0001,50,0.0001,True,raps_k50_lam0p0001,0.8968698517,3306.249121
43,0.2,adaptive_mass_rolling,343,1.253446235,mass,1000,2,642,567,0.8582554517,0.8412698413,0.8513521458,3043.590829,2585,4654.2,0,0,raps_k50_lam0p0001,50,0.0001,True,raps_k50_lam0p0001,0.8968698517,3306.249121
43,0.2,adaptive_mass_rolling,344,1.336628448,mass,1000,2,650,582,0.9046153846,0.8969072165,0.8980526919,3723.438144,3416,4927.1,0,0,raps_k50_lam0p0001,50,0.0001,True,raps_k50_lam0p0001,0.8968698517,3306.249121
43,0.2,adaptive_mass_rolling,345,1.346735169,mass,1000,2,586,501,0.9129692833,0.8982035928,0.9025282768,3843.161677,3517,5035,0,0,raps_k50_lam0p0001,50,0.0001,True,raps_k50_lam0p0001,0.8968698517,3306.249121
43,0.2,adaptive_mass_rolling,346,1.303881115,mass,1000,2,224,197,0.9241071429,0.9137055838,0.9187817259,3340.609137,3088,4623.4,0,0,raps_k50_lam0p0001,50,0.0001,True,raps_k50_lam0p0001,0.8968698517,3306.249121
43,0.2,adaptive_mass_rolling,347,1.302794734,mass,1000,3,306,277,0.9477124183,0.9422382671,0.944645006,3327.505415,3077,4391,0,0,raps_k50_lam0p0001,50,0.0001,True,raps_k50_lam0p0001,0.8968698517,3306.249121
43,0.2,adaptive_mass_rolling,348,1.26299999,mass,1000,3,714,610,0.9047619048,0.8885245902,0.8915300546,3038.391803,2680,4612.1,0,0,raps_k50_lam0p0001,50,0.0001,True,raps_k50_lam0p0001,0.8968698517,3306.249121
43,0.2,adaptive_mass_rolling,349,1.2099,mass,1000,2,600,545,0.8633333333,0.8495412844,0.8584097859,2543.497248,2149,4153.8,0,0,raps_k50_lam0p0001,50,0.0001,True,raps_k50_lam0p0001,0.8968698517,3306.249121
43,0.2,adaptive_mass_rolling,350,1.311407922,mass,1000,2,656,560,0.9009146341,0.8875,0.8957738095,3413.335714,3164,4553.7,0,0,raps_k50_lam0p0001,50,0.0001,True,raps_k50_lam0p0001,0.8968698517,3306.249121
43,0.2,adaptive_mass_rolling,351,1.34389741,mass,1000,2,522,476,0.877394636,0.8655462185,0.8735994398,3784.310924,3488,5125,0,0,raps_k50_lam0p0001,50,0.0001,True,raps_k50_lam0p0001,0.8968698517,3306.249121
43,0.2,adaptive_mass_rolling,352,1.37183837,mass,1000,2,462,415,0.9220779221,0.9156626506,0.9224899598,3979.081928,3768,4852.6,0,0,raps_k50_lam0p0001,50,0.0001,True,raps_k50_lam0p0001,0.8968698517,3306.249121
43,0.2,adaptive_mass_rolling,353,1.35628507,mass,1000,3,242,226,0.8842975207,0.8761061947,0.8849557522,3792.09292,3612,4311,0,0,raps_k50_lam0p0001,50,0.0001,True,raps_k50_lam0p0001,0.8968698517,3306.249121
43,0.2,adaptive_mass_rolling,354,1.354236993,mass,1000,3,238,227,0.8823529412,0.8766519824,0.8766519824,3838.088106,3592,4713.4,0,0,raps_k50_lam0p0001,50,0.0001,True,raps_k50_lam0p0001,0.8968698517,3306.249121
43,0.2,adaptive_mass_rolling,355,1.354236993,mass,1000,4,578,506,0.8737024221,0.8656126482,0.8785526068,3884.752964,3592,4996,0,0,raps_k50_lam0p0001,50,0.0001,True,raps_k50_lam0p0001,0.8968698517,3306.249121
43,0.2,adaptive_mass_rolling,356,1.418892099,mass,1000,3,548,483,0.9105839416,0.9047619048,0.9106280193,4458.175983,4238,5377.6,0,0,raps_k50_lam0p0001,50,0.0001,True,raps_k50_lam0p0001,0.8968698517,3306.249121
43,0.2,adaptive_mass_rolling,357,1.4115,mass,1000,2,406,363,0.9310344828,0.9256198347,0.9361799816,4289.752066,4165,4764.2,0,0,raps_k50_lam0p0001,50,0.0001,True,raps_k50_lam0p0001,0.8968698517,3306.249121
43,0.2,adaptive_mass_rolling,358,1.3117687,mass,1000,3,300,276,0.9066666667,0.8985507246,0.902173913,3411.326087,3167,4334.5,0,0,raps_k50_lam0p0001,50,0.0001,True,raps_k50_lam0p0001,0.8968698517,3306.249121
43,0.2,adaptive_mass_rolling,359,1.304699995,mass,1000,3,330,312,0.9212121212,0.9166666667,0.9166666667,3444.785256,3097,4764.7,0,0,raps_k50_lam0p0001,50,0.0001,True,raps_k50_lam0p0001,0.8968698517,3306.249121
43,0.2,adaptive_mass_rolling,360,1.252399472,mass,1000,3,228,214,0.951754386,0.9485981308,0.9485981308,2847.392523,2574,4162.4,0,0,raps_k50_lam0p0001,50,0.0001,True,raps_k50_lam0p0001,0.8968698517,3306.249121
43,0.2,adaptive_mass_rolling,361,1.206961968,mass,1000,4,246,226,0.8699186992,0.8584070796,0.8672566372,2414.783186,2119,3644.5,0,0,raps_k50_lam0p0001,50,0.0001,True,raps_k50_lam0p0001,0.8968698517,3306.249121
43,0.2,adaptive_mass_rolling,362,1.206961968,mass,1000,4,620,530,0.8870967742,0.8698113208,0.8783018868,2452.620755,2119,4035.5,0,0,raps_k50_lam0p0001,50,0.0001,True,raps_k50_lam0p0001,0.8968698517,3306.249121
43,0.2,adaptive_mass_rolling,363,1.23960469,mass,1000,3,386,353,0.878238342,0.8696883853,0.8772426818,2757.430595,2446,4211.4,0,0,raps_k50_lam0p0001,50,0.0001,True,raps_k50_lam0p0001,0.8968698517,3306.249121
43,0.2,adaptive_mass_rolling,364,1.278886062,mass,1000,2,354,329,0.8898305085,0.8814589666,0.8844984802,3099.109422,2838,4274.4,0,0,raps_k50_lam0p0001,50,0.0001,True,raps_k50_lam0p0001,0.8968698517,3306.249121
59,0.2,adaptive_mass_rolling,292,1.25343342,mass,1000,3,730,658,0.8630136986,0.8601823708,0.866514691,3083.109422,2591,4686.3,0,0,raps_k50_lam0p0001,50,0.0001,True,raps_k50_lam0p0001,0.8915980231,3122.76365
59,0.2,adaptive_mass_rolling,293,1.309158728,mass,1000,2,658,581,0.9088145897,0.9018932874,0.9125071715,3635.184165,3155,5030,0,0,raps_k50_lam0p0001,50,0.0001,True,raps_k50_lam0p0001,0.8915980231,3122.76365
59,0.2,adaptive_mass_rolling,294,1.30848075,mass,1000,2,618,538,0.8867313916,0.8717472119,0.875464684,3578.975836,3143,4943.6,0,0,raps_k50_lam0p0001,50,0.0001,True,raps_k50_lam0p0001,0.8915980231,3122.76365
59,0.2,adaptive_mass_rolling,295,1.366918745,mass,1000,2,666,578,0.9309309309,0.9204152249,0.9235870819,4074.287197,3725,5287.1,0,0,raps_k50_lam0p0001,50,0.0001,True,raps_k50_lam0p0001,0.8915980231,3122.76365
59,0.2,adaptive_mass_rolling,296,1.290100848,mass,1000,2,516,466,0.9360465116,0.9291845494,0.9291845494,3417.366953,2959,4817,0,0,raps_k50_lam0p0001,50,0.0001,True,raps_k50_lam0p0001,0.8915980231,3122.76365
59,0.2,adaptive_mass_rolling,297,1.214912694,mass,1000,2,292,254,0.897260274,0.8858267717,0.8979658793,2681.874016,2200,4272.5,0,0,raps_k50_lam0p0001,50,0.0001,True,raps_k50_lam0p0001,0.8915980231,3122.76365
59,0.2,adaptive_mass_rolling,298,1.217312158,mass,1000,3,252,224,0.8611111111,0.8482142857,0.8571428571,2840.669643,2228,4767.4,0,0,raps_k50_lam0p0001,50,0.0001,True,raps_k50_lam0p0001,0.8915980231,3122.76365
59,0.2,adaptive_mass_rolling,299,1.2286,mass,1000,3,702,615,0.9173789174,0.9056910569,0.910298103,2773.486179,2343,4250.6,0,0,raps_k50_lam0p0001,50,0.0001,True,raps_k50_lam0p0001,0.8915980231,3122.76365
59,0.2,adaptive_mass_rolling,300,1.22023415,mass,1000,3,664,573,0.8780120482,0.8621291449,0.8737638162,2787.938918,2262,4473,0,0,raps_k50_lam0p0001,50,0.0001,True,raps_k50_lam0p0001,0.8915980231,3122.76365
59,0.2,adaptive_mass_rolling,301,1.266128734,mass,1000,2,616,552,0.8474025974,0.8387681159,0.8471618357,3241.927536,2727,4697.4,0,0,raps_k50_lam0p0001,50,0.0001,True,raps_k50_lam0p0001,0.8915980231,3122.76365
59,0.2,adaptive_mass_rolling,302,1.407215084,mass,1000,2,570,490,0.9333333333,0.9244897959,0.9340136054,4410.822449,4123.5,5338.5,0,0,raps_k50_lam0p0001,50,0.0001,True,raps_k50_lam0p0001,0.8915980231,3122.76365
59,0.2,adaptive_mass_rolling,303,1.322207012,mass,1000,2,542,485,0.9003690037,0.8907216495,0.893814433,3709.783505,3276,5101.2,0,0,raps_k50_lam0p0001,50,0.0001,True,raps_k50_lam0p0001,0.8915980231,3122.76365
59,0.2,adaptive_mass_rolling,304,1.293494486,mass,1000,2,328,281,0.881097561,0.8754448399,0.8816725979,3409.142349,2987,4881,0,0,raps_k50_lam0p0001,50,0.0001,True,raps_k50_lam0p0001,0.8915980231,3122.76365
59,0.2,adaptive_mass_rolling,305,1.336195577,mass,1000,3,328,295,0.9542682927,0.9491525424,0.9508474576,3734.094915,3413,4929.6,0,0,raps_k50_lam0p0001,50,0.0001,True,raps_k50_lam0p0001,0.8915980231,3122.76365
59,0.2,adaptive_mass_rolling,306,1.280940381,mass,1000,3,582,513,0.9243986254,0.9142300195,0.9207277453,3300.504873,2862,4805,0,0,raps_k50_lam0p0001,50,0.0001,True,raps_k50_lam0p0001,0.8915980231,3122.76365
59,0.2,adaptive_mass_rolling,307,1.195782968,mass,1000,3,588,510,0.8741496599,0.8568627451,0.8649019608,2579.123529,2015,4454.1,0,0,raps_k50_lam0p0001,50,0.0001,True,raps_k50_lam0p0001,0.8915980231,3122.76365
59,0.2,adaptive_mass_rolling,308,1.271187294,mass,1000,2,562,497,0.8701067616,0.8571428571,0.8641180416,3283.567404,2769,4807.4,0,0,raps_k50_lam0p0001,50,0.0001,True,raps_k50_lam0p0001,0.8915980231,3122.76365
59,0.2,adaptive_mass_rolling,309,1.365344025,mass,1000,2,626,535,0.8865814696,0.8728971963,0.8781931464,4090.97757,3708,5194.6,0,0,raps_k50_lam0p0001,50,0.0001,True,raps_k50_lam0p0001,0.8915980231,3122.76365
59,0.2,adaptive_mass_rolling,310,1.41802801,mass,1000,2,620,527,0.9612903226,0.954459203,0.9573055028,4469.326376,4230,5361.8,0,0,raps_k50_lam0p0001,50,0.0001,True,raps_k50_lam0p0001,0.8915980231,3122.76365
59,0.2,adaptive_mass_rolling,311,1.190555027,mass,1000,2,438,366,0.9109589041,0.893442623,0.897996357,2361.442623,1956,4139.5,0,0,raps_k50_lam0p0001,50,0.0001,True,raps_k50_lam0p0001,0.8915980231,3122.76365
59,0.2,adaptive_mass_rolling,312,1.102291942,mass,1000,2,460,368,0.9043478261,0.8831521739,0.8997282609,1504.940217,1073,3223.6,0,0,raps_k50_lam0p0001,50,0.0001,True,raps_k50_lam0p0001,0.8915980231,3122.76365
59,0.2,adaptive_mass_rolling,313,1.113896032,mass,1000,3,794,641,0.8702770781,0.8439937598,0.8550182007,1739.226209,1190,3842,0,0,raps_k50_lam0p0001,50,0.0001,True,raps_k50_lam0p0001,0.8915980231,3122.76365
59,0.2,adaptive_mass_rolling,314,1.236877973,mass,1000,2,678,585,0.912979351,0.8991452991,0.9091575092,2823.348718,2420,4275,0,0,raps_k50_lam0p0001,50,0.0001,True,raps_k50_lam0p0001,0.8915980231,3122.76365
59,0.2,adaptive_mass_rolling,315,1.171296006,mass,1000,2,774,660,0.8914728682,0.8787878788,0.8924494949,2181.55303,1764,4025.4,0,0,raps_k50_lam0p0001,50,0.0001,True,raps_k50_lam0p0001,0.8915980231,3122.76365
59,0.2,adaptive_mass_rolling,316,1.2287,mass,1000,2,758,622,0.9155672823,0.8971061093,0.8987138264,2788.369775,2339,4423.5,0,0,raps_k50_lam0p0001,50,0.0001,True,raps_k50_lam0p0001,0.8915980231,3122.76365
59,0.2,adaptive_mass_rolling,317,1.174165728,mass,1000,2,630,559,0.8857142857,0.8711985689,0.8813655337,2181.633274,1792,3921,0,0,raps_k50_lam0p0001,50,0.0001,True,raps_k50_lam0p0001,0.8915980231,3122.76365
59,0.2,adaptive_mass_rolling,318,1.247085606,mass,1000,2,342,308,0.8947368421,0.8831168831,0.8901515152,2882.99026,2521,4228.5,0,0,raps_k50_lam0p0001,50,0.0001,True,raps_k50_lam0p0001,0.8915980231,3122.76365
59,0.2,adaptive_mass_rolling,319,1.27274672,mass,1000,3,324,290,0.9166666667,0.9068965517,0.9068965517,3092.437931,2777,4492.3,0,0,raps_k50_lam0p0001,50,0.0001,True,raps_k50_lam0p0001,0.8915980231,3122.76365
59,0.2,adaptive_mass_rolling,320,1.253468837,mass,1000,3,736,646,0.8953804348,0.8839009288,0.8867389061,3044.229102,2586,4556,0,0,raps_k50_lam0p0001,50,0.0001,True,raps_k50_lam0p0001,0.8915980231,3122.76365
59,0.2,adaptive_mass_rolling,321,1.272501477,mass,1000,2,680,603,0.9191176471,0.912106136,0.9170812604,3140.777778,2776,4398.4,0,0,raps_k50_lam0p0001,50,0.0001,True,raps_k50_lam0p0001,0.8915980231,3122.76365
59,0.2,adaptive_mass_rolling,322,1.240739123,mass,1000,2,668,595,0.8682634731,0.8537815126,0.8593837535,2883.665546,2459,4504.6,0,0,raps_k50_lam0p0001,50,0.0001,True,raps_k50_lam0p0001,0.8915980231,3122.76365
59,0.2,adaptive_mass_rolling,323,1.299579091,mass,1000,2,668,600,0.9116766467,0.9033333333,0.9061111111,3362.798333,3046,4595.4,0,0,raps_k50_lam0p0001,50,0.0001,True,raps_k50_lam0p0001,0.8915980231,3122.76365
59,0.2,adaptive_mass_rolling,324,1.299579091,mass,1000,2,796,650,0.9371859296,0.9230769231,0.9291025641,3361.338462,3046,4592.7,0,0,raps_k50_lam0p0001,50,0.0001,True,raps_k50_lam0p0001,0.8915980231,3122.76365
59,0.2,adaptive_mass_rolling,325,1.178480374,mass,1000,2,398,360,0.8844221106,0.8722222222,0.8791666667,2380.769444,1835,4328.8,0,0,raps_k50_lam0p0001,50,0.0001,True,raps_k50_lam0p0001,0.8915980231,3122.76365
59,0.2,adaptive_mass_rolling,326,1.180488251,mass,1000,2,422,348,0.9170616114,0.9022988506,0.9133141762,2166.577586,1854,3106.8,0,0,raps_k50_lam0p0001,50,0.0001,True,raps_k50_lam0p0001,0.8915980231,3122.76365
59,0.2,adaptive_mass_rolling,327,1.162591093,mass,1000,3,738,621,0.8861788618,0.8727858293,0.8847557703,2186.479871,1676,4002,0,0,raps_k50_lam0p0001,50,0.0001,True,raps_k50_lam0p0001,0.8915980231,3122.76365
59,0.2,adaptive_mass_rolling,328,1.190197641,mass,1000,2,600,526,0.9083333333,0.897338403,0.9030418251,2399.277567,1953,4087.5,0,0,raps_k50_lam0p0001,50,0.0001,True,raps_k50_lam0p0001,0.8915980231,3122.76365
59,0.2,adaptive_mass_rolling,329,1.190197641,mass,1000,2,684,599,0.8815789474,0.878130217,0.8903171953,2460.068447,1952,4246.6,0,0,raps_k50_lam0p0001,50,0.0001,True,raps_k50_lam0p0001,0.8915980231,3122.76365
59,0.2,adaptive_mass_rolling,330,1.212894661,mass,1000,2,640,580,0.9265625,0.9189655172,0.9189655172,2591.281034,2179,4255.3,0,0,raps_k50_lam0p0001,50,0.0001,True,raps_k50_lam0p0001,0.8915980231,3122.76365
59,0.2,adaptive_mass_rolling,331,1.190699994,mass,1000,2,506,474,0.8873517787,0.8797468354,0.8818565401,2395.552743,1957,4126.9,0,0,raps_k50_lam0p0001,50,0.0001,True,raps_k50_lam0p0001,0.8915980231,3122.76365
59,0.2,adaptive_mass_rolling,332,1.165293434,mass,1000,2,318,300,0.9088050314,0.9033333333,0.9033333333,2179.073333,1703,4116,0,0,raps_k50_lam0p0001,50,0.0001,True,raps_k50_lam0p0001,0.8915980231,3122.76365
59,0.2,adaptive_mass_rolling,333,1.18009982,mass,1000,3,342,312,0.8596491228,0.8461538462,0.8514957265,2319.157051,1851,4169.4,0,0,raps_k50_lam0p0001,50,0.0001,True,raps_k50_lam0p0001,0.8915980231,3122.76365
59,0.2,adaptive_mass_rolling,334,1.246858001,mass,1000,3,700,633,0.9057142857,0.8957345972,0.9033701948,2894.374408,2518,4366.4,0,0,raps_k50_lam0p0001,50,0.0001,True,raps_k50_lam0p0001,0.8915980231,3122.76365
59,0.2,adaptive_mass_rolling,335,1.257299999,mass,1000,2,656,587,0.8917682927,0.8824531516,0.8898353208,3024.037479,2623,4552.6,0,0,raps_k50_lam0p0001,50,0.0001,True,raps_k50_lam0p0001,0.8915980231,3122.76365
59,0.2,adaptive_mass_rolling,336,1.258699999,mass,1000,2,632,551,0.8655063291,0.8493647913,0.8637628554,3051.30127,2637,4642,0,0,raps_k50_lam0p0001,50,0.0001,True,raps_k50_lam0p0001,0.8915980231,3122.76365
59,0.2,adaptive_mass_rolling,337,1.3251,mass,1000,2,552,492,0.9094202899,0.8983739837,0.9007452575,3600.939024,3301,4842.8,0,0,raps_k50_lam0p0001,50,0.0001,True,raps_k50_lam0p0001,0.8915980231,3122.76365
59,0.2,adaptive_mass_rolling,338,1.313946935,mass,1000,2,496,457,0.9173387097,0.9102844639,0.9124726477,3502.411379,3189,4693,0,0,raps_k50_lam0p0001,50,0.0001,True,raps_k50_lam0p0001,0.8915980231,3122.76365
59,0.2,adaptive_mass_rolling,339,1.284088923,mass,1000,2,328,297,0.8780487805,0.8754208754,0.8827160494,3091.151515,2890,3549.2,0,0,raps_k50_lam0p0001,50,0.0001,True,raps_k50_lam0p0001,0.8915980231,3122.76365
59,0.2,adaptive_mass_rolling,340,1.295587453,mass,1000,3,328,303,0.9420731707,0.9372937294,0.9405940594,3304.277228,3006,4628,0,0,raps_k50_lam0p0001,50,0.0001,True,raps_k50_lam0p0001,0.8915980231,3122.76365
59,0.2,adaptive_mass_rolling,341,1.241877561,mass,1000,3,576,519,0.8628472222,0.8497109827,0.8556840077,2847.468208,2469,4381.4,0,0,raps_k50_lam0p0001,50,0.0001,True,raps_k50_lam0p0001,0.8915980231,3122.76365
59,0.2,adaptive_mass_rolling,342,1.308362882,mass,1000,3,636,565,0.9182389937,0.9079646018,0.9150442478,3494.989381,3133,4800,0,0,raps_k50_lam0p0001,50,0.0001,True,raps_k50_lam0p0001,0.8915980231,3122.76365
59,0.2,adaptive_mass_rolling,343,1.28359979,mass,1000,2,642,567,0.8862928349,0.8712522046,0.8799235744,3298.793651,2886,4697.4,0,0,raps_k50_lam0p0001,50,0.0001,True,raps_k50_lam0p0001,0.8915980231,3122.76365
59,0.2,adaptive_mass_rolling,344,1.3036,mass,1000,2,650,582,0.8938461538,0.881443299,0.8888888889,3426.938144,3086,4690.8,0,0,raps_k50_lam0p0001,50,0.0001,True,raps_k50_lam0p0001,0.8915980231,3122.76365
59,0.2,adaptive_mass_rolling,345,1.327244197,mass,1000,2,586,501,0.9010238908,0.8842315369,0.8912175649,3667.902196,3322,5023,0,0,raps_k50_lam0p0001,50,0.0001,True,raps_k50_lam0p0001,0.8915980231,3122.76365
59,0.2,adaptive_mass_rolling,346,1.323051389,mass,1000,2,224,197,0.9330357143,0.923857868,0.9289340102,3526.837563,3280,4639.8,0,0,raps_k50_lam0p0001,50,0.0001,True,raps_k50_lam0p0001,0.8915980231,3122.76365
59,0.2,adaptive_mass_rolling,347,1.277149087,mass,1000,3,306,277,0.9411764706,0.9350180505,0.9374247894,3119.851986,2821,4439.6,0,0,raps_k50_lam0p0001,50,0.0001,True,raps_k50_lam0p0001,0.8915980231,3122.76365
59,0.2,adaptive_mass_rolling,348,1.2444,mass,1000,3,714,610,0.8865546218,0.8672131148,0.8724043716,2870.37377,2494,4491.1,0,0,raps_k50_lam0p0001,50,0.0001,True,raps_k50_lam0p0001,0.8915980231,3122.76365
59,0.2,adaptive_mass_rolling,349,1.2446,mass,1000,2,600,545,0.8933333333,0.8844036697,0.8920489297,2865.39633,2496,4258.6,0,0,raps_k50_lam0p0001,50,0.0001,True,raps_k50_lam0p0001,0.8915980231,3122.76365
59,0.2,adaptive_mass_rolling,350,1.308999114,mass,1000,2,656,560,0.8948170732,0.8821428571,0.8881845238,3386.630357,3140,4498.8,0,0,raps_k50_lam0p0001,50,0.0001,True,raps_k50_lam0p0001,0.8915980231,3122.76365
59,0.2,adaptive_mass_rolling,351,1.340356715,mass,1000,2,522,476,0.9099616858,0.9012605042,0.9030112045,3753.962185,3453,5135,0,0,raps_k50_lam0p0001,50,0.0001,True,raps_k50_lam0p0001,0.8915980231,3122.76365
59,0.2,adaptive_mass_rolling,352,1.314690166,mass,1000,2,462,415,0.9004329004,0.8963855422,0.9017068273,3458.568675,3196,4596.6,0,0,raps_k50_lam0p0001,50,0.0001,True,raps_k50_lam0p0001,0.8915980231,3122.76365
59,0.2,adaptive_mass_rolling,353,1.312286347,mass,1000,3,242,226,0.8512396694,0.8407079646,0.8517699115,3382.774336,3172,4271.5,0,0,raps_k50_lam0p0001,50,0.0001,True,raps_k50_lam0p0001,0.8915980231,3122.76365
59,0.2,adaptive_mass_rolling,354,1.3598,mass,1000,3,238,227,0.8739495798,0.8678414097,0.8678414097,3889.387665,3648,4809.6,0,0,raps_k50_lam0p0001,50,0.0001,True,raps_k50_lam0p0001,0.8915980231,3122.76365
59,0.2,adaptive_mass_rolling,355,1.372693074,mass,1000,4,578,506,0.875432526,0.8636363636,0.8749294184,4047.367589,3776,5106.5,0,0,raps_k50_lam0p0001,50,0.0001,True,raps_k50_lam0p0001,0.8915980231,3122.76365
59,0.2,adaptive_mass_rolling,356,1.454674253,mass,1000,3,548,483,0.9306569343,0.9254658385,0.9275362319,4785.372671,4596,5568,0,0,raps_k50_lam0p0001,50,0.0001,True,raps_k50_lam0p0001,0.8915980231,3122.76365
59,0.2,adaptive_mass_rolling,357,1.3962141,mass,1000,2,406,363,0.9310344828,0.9283746556,0.9325068871,4150.732782,4012,4508.6,0,0,raps_k50_lam0p0001,50,0.0001,True,raps_k50_lam0p0001,0.8915980231,3122.76365
59,0.2,adaptive_mass_rolling,358,1.320177494,mass,1000,3,300,276,0.8966666667,0.8876811594,0.8876811594,3489.231884,3251,4392,0,0,raps_k50_lam0p0001,50,0.0001,True,raps_k50_lam0p0001,0.8915980231,3122.76365
59,0.2,adaptive_mass_rolling,359,1.320177494,mass,1000,3,330,312,0.9333333333,0.9294871795,0.9326923077,3584.487179,3252,4841.5,0,0,raps_k50_lam0p0001,50,0.0001,True,raps_k50_lam0p0001,0.8915980231,3122.76365
59,0.2,adaptive_mass_rolling,360,1.287270926,mass,1000,3,228,214,0.9605263158,0.9579439252,0.9602803738,3165.607477,2922,4293.8,0,0,raps_k50_lam0p0001,50,0.0001,True,raps_k50_lam0p0001,0.8915980231,3122.76365
59,0.2,adaptive_mass_rolling,361,1.196840815,mass,1000,4,246,226,0.8902439024,0.8805309735,0.8849557522,2308.172566,2018,3516.5,0,0,raps_k50_lam0p0001,50,0.0001,True,raps_k50_lam0p0001,0.8915980231,3122.76365
59,0.2,adaptive_mass_rolling,362,1.178492431,mass,1000,4,620,530,0.8790322581,0.8622641509,0.8698113208,2192.139623,1834,3951.5,0,0,raps_k50_lam0p0001,50,0.0001,True,raps_k50_lam0p0001,0.8915980231,3122.76365
59,0.2,adaptive_mass_rolling,363,1.248119451,mass,1000,3,386,353,0.8860103627,0.8866855524,0.8866855524,2836.17847,2531,4256.2,0,0,raps_k50_lam0p0001,50,0.0001,True,raps_k50_lam0p0001,0.8915980231,3122.76365
59,0.2,adaptive_mass_rolling,364,1.276695532,mass,1000,2,354,329,0.8898305085,0.8814589666,0.8844984802,3088.975684,2816,4314.2,0,0,raps_k50_lam0p0001,50,0.0001,True,raps_k50_lam0p0001,0.8915980231,3122.76365
71,0.2,adaptive_mass_rolling,292,1.242898955,mass,1000,3,730,658,0.8726027397,0.8708206687,0.8784194529,2995.305471,2490.5,4640.2,0,0,raps_k50_lam0p0001,50,0.0001,True,raps_k50_lam0p0001,0.8991762768,3101.214325
71,0.2,adaptive_mass_rolling,293,1.285609363,mass,1000,2,658,581,0.8860182371,0.8812392427,0.8924268503,3419.664372,2924,4978,0,0,raps_k50_lam0p0001,50,0.0001,True,raps_k50_lam0p0001,0.8991762768,3101.214325
71,0.2,adaptive_mass_rolling,294,1.337010016,mass,1000,2,618,538,0.9029126214,0.8903345725,0.8921933086,3817.085502,3428,5043.4,0,0,raps_k50_lam0p0001,50,0.0001,True,raps_k50_lam0p0001,0.8991762768,3101.214325
71,0.2,adaptive_mass_rolling,295,1.341499977,mass,1000,2,666,578,0.9069069069,0.8979238754,0.9016724337,3855.252595,3471.5,5104.5,0,0,raps_k50_lam0p0001,50,0.0001,True,raps_k50_lam0p0001,0.8991762768,3101.214325
71,0.2,adaptive_mass_rolling,296,1.3215,mass,1000,2,516,466,0.9127906977,0.9034334764,0.9034334764,3680.229614,3270.5,4983,0,0,raps_k50_lam0p0001,50,0.0001,True,raps_k50_lam0p0001,0.8991762768,3101.214325
71,0.2,adaptive_mass_rolling,297,1.301231016,mass,1000,2,292,254,0.8938356164,0.8818897638,0.8900918635,3429.744094,3063.5,4707.7,0,0,raps_k50_lam0p0001,50,0.0001,True,raps_k50_lam0p0001,0.8991762768,3101.214325
71,0.2,adaptive_mass_rolling,298,1.319699955,mass,1000,3,252,224,0.8968253968,0.8839285714,0.8913690476,3722.401786,3249,5164.9,0,0,raps_k50_lam0p0001,50,0.0001,True,raps_k50_lam0p0001,0.8991762768,3101.214325
71,0.2,adaptive_mass_rolling,299,1.319699955,mass,1000,3,702,615,0.9273504274,0.9170731707,0.9181571816,3570.330081,3251,4700,0,0,raps_k50_lam0p0001,50,0.0001,True,raps_k50_lam0p0001,0.8991762768,3101.214325
71,0.2,adaptive_mass_rolling,300,1.266416872,mass,1000,3,664,573,0.8870481928,0.872600349,0.8830715532,3194.593368,2722,4722.2,0,0,raps_k50_lam0p0001,50,0.0001,True,raps_k50_lam0p0001,0.8991762768,3101.214325
71,0.2,adaptive_mass_rolling,301,1.279229053,mass,1000,2,616,552,0.8603896104,0.8514492754,0.8576690821,3341.657609,2857,4805.2,0,0,raps_k50_lam0p0001,50,0.0001,True,raps_k50_lam0p0001,0.8991762768,3101.214325
71,0.2,adaptive_mass_rolling,302,1.358026355,mass,1000,2,570,490,0.9140350877,0.9040816327,0.9108843537,3972.087755,3632,5075.2,0,0,raps_k50_lam0p0001,50,0.0001,True,raps_k50_lam0p0001,0.8991762768,3101.214325
71,0.2,adaptive_mass_rolling,303,1.355033913,mass,1000,2,542,485,0.9003690037,0.8886597938,0.8958762887,3995.101031,3603,5265.2,0,0,raps_k50_lam0p0001,50,0.0001,True,raps_k50_lam0p0001,0.8991762768,3101.214325
71,0.2,adaptive_mass_rolling,304,1.351492561,mass,1000,2,328,281,0.9207317073,0.9217081851,0.9217081851,3914.868327,3567,5159,0,0,raps_k50_lam0p0001,50,0.0001,True,raps_k50_lam0p0001,0.8991762768,3101.214325
71,0.2,adaptive_mass_rolling,305,1.315799998,mass,1000,3,328,295,0.9420731707,0.9389830508,0.9415254237,3558.030508,3209,4881.4,0,0,raps_k50_lam0p0001,50,0.0001,True,raps_k50_lam0p0001,0.8991762768,3101.214325
71,0.2,adaptive_mass_rolling,306,1.268467823,mass,1000,3,582,513,0.9020618557,0.8888888889,0.8950617284,3180.001949,2739,4716.4,0,0,raps_k50_lam0p0001,50,0.0001,True,raps_k50_lam0p0001,0.8991762768,3101.214325
71,0.2,adaptive_mass_rolling,307,1.217269107,mass,1000,3,588,510,0.8673469388,0.8490196078,0.8596732026,2768.813725,2231,4518.8,0,0,raps_k50_lam0p0001,50,0.0001,True,raps_k50_lam0p0001,0.8991762768,3101.214325
71,0.2,adaptive_mass_rolling,308,1.315899998,mass,1000,2,562,497,0.8932384342,0.8853118712,0.8915492958,3670.426559,3214,5028.4,0,0,raps_k50_lam0p0001,50,0.0001,True,raps_k50_lam0p0001,0.8991762768,3101.214325
71,0.2,adaptive_mass_rolling,309,1.3596,mass,1000,2,626,535,0.8785942492,0.8635514019,0.8725856698,4035.663551,3649,5154.2,0,0,raps_k50_lam0p0001,50,0.0001,True,raps_k50_lam0p0001,0.8991762768,3101.214325
71,0.2,adaptive_mass_rolling,310,1.4175,mass,1000,2,620,527,0.9467741935,0.9373814042,0.9438646426,4462.239089,4225,5350.8,0,0,raps_k50_lam0p0001,50,0.0001,True,raps_k50_lam0p0001,0.8991762768,3101.214325
71,0.2,adaptive_mass_rolling,311,1.301226263,mass,1000,2,438,366,0.9155251142,0.8989071038,0.910291439,3368.562842,3062,4595,0,0,raps_k50_lam0p0001,50,0.0001,True,raps_k50_lam0p0001,0.8991762768,3101.214325
71,0.2,adaptive_mass_rolling,312,1.218022049,mass,1000,2,460,368,0.9086956522,0.8885869565,0.9065217391,2547.752717,2230,3697.4,0,0,raps_k50_lam0p0001,50,0.0001,True,raps_k50_lam0p0001,0.8991762768,3101.214325
71,0.2,adaptive_mass_rolling,313,1.161589937,mass,1000,3,794,641,0.8992443325,0.8767550702,0.8861154446,2169.978159,1667,4115,0,0,raps_k50_lam0p0001,50,0.0001,True,raps_k50_lam0p0001,0.8991762768,3101.214325
71,0.2,adaptive_mass_rolling,314,1.167943589,mass,1000,2,678,585,0.8790560472,0.8632478632,0.874969475,2197.582906,1731,3921.2,0,0,raps_k50_lam0p0001,50,0.0001,True,raps_k50_lam0p0001,0.8991762768,3101.214325
71,0.2,adaptive_mass_rolling,315,1.260470334,mass,1000,2,774,660,0.9173126615,0.9090909091,0.9168181818,2988.637879,2656,4373.7,0,0,raps_k50_lam0p0001,50,0.0001,True,raps_k50_lam0p0001,0.8991762768,3101.214325
71,0.2,adaptive_mass_rolling,316,1.195146525,mass,1000,2,758,622,0.8944591029,0.8713826367,0.8737942122,2500.836013,2004.5,4295.7,0,0,raps_k50_lam0p0001,50,0.0001,True,raps_k50_lam0p0001,0.8991762768,3101.214325
71,0.2,adaptive_mass_rolling,317,1.227825368,mass,1000,2,630,559,0.8888888889,0.8765652952,0.88673226,2677.123435,2328,4267.2,0,0,raps_k50_lam0p0001,50,0.0001,True,raps_k50_lam0p0001,0.8991762768,3101.214325
71,0.2,adaptive_mass_rolling,318,1.3006,mass,1000,2,342,308,0.9152046784,0.9058441558,0.913961039,3373.561688,3056,4613.7,0,0,raps_k50_lam0p0001,50,0.0001,True,raps_k50_lam0p0001,0.8991762768,3101.214325
71,0.2,adaptive_mass_rolling,319,1.298587067,mass,1000,3,324,290,0.9413580247,0.9344827586,0.9344827586,3322.206897,3036,4502.1,0,0,raps_k50_lam0p0001,50,0.0001,True,raps_k50_lam0p0001,0.8991762768,3101.214325
71,0.2,adaptive_mass_rolling,320,1.209109534,mass,1000,3,736,646,0.8926630435,0.8808049536,0.8903852769,2646.747678,2143,4342.5,0,0,raps_k50_lam0p0001,50,0.0001,True,raps_k50_lam0p0001,0.8991762768,3101.214325
71,0.2,adaptive_mass_rolling,321,1.220897145,mass,1000,2,680,603,0.8882352941,0.8772802653,0.8872305141,2673.827529,2260,4142.8,0,0,raps_k50_lam0p0001,50,0.0001,True,raps_k50_lam0p0001,0.8991762768,3101.214325
71,0.2,adaptive_mass_rolling,322,1.259297919,mass,1000,2,668,595,0.8502994012,0.8336134454,0.8383753501,3048.647059,2644,4542.2,0,0,raps_k50_lam0p0001,50,0.0001,True,raps_k50_lam0p0001,0.8991762768,3101.214325
71,0.2,adaptive_mass_rolling,323,1.38289184,mass,1000,2,668,600,0.9191616766,0.9116666667,0.9152777778,4121.71,3879,5079.4,0,0,raps_k50_lam0p0001,50,0.0001,True,raps_k50_lam0p0001,0.8991762768,3101.214325
71,0.2,adaptive_mass_rolling,324,1.36164271,mass,1000,2,796,650,0.9522613065,0.9415384615,0.9461538462,3926.453846,3666.5,4825.4,0,0,raps_k50_lam0p0001,50,0.0001,True,raps_k50_lam0p0001,0.8991762768,3101.214325
71,0.2,adaptive_mass_rolling,325,1.141223781,mass,1000,2,398,360,0.8668341709,0.8527777778,0.8597222222,2044.113889,1462.5,4191.2,0,0,raps_k50_lam0p0001,50,0.0001,True,raps_k50_lam0p0001,0.8991762768,3101.214325
71,0.2,adaptive_mass_rolling,326,1.1677,mass,1000,2,422,348,0.9383886256,0.9281609195,0.9295977011,2037.235632,1727,3153.7,0,0,raps_k50_lam0p0001,50,0.0001,True,raps_k50_lam0p0001,0.8991762768,3101.214325
71,0.2,adaptive_mass_rolling,327,1.140397199,mass,1000,3,738,621,0.8929539295,0.8808373591,0.8911969941,1982.57971,1454,3930,0,0,raps_k50_lam0p0001,50,0.0001,True,raps_k50_lam0p0001,0.8991762768,3101.214325
71,0.2,adaptive_mass_rolling,328,1.136199677,mass,1000,2,600,526,0.8716666667,0.8593155894,0.8669201521,1892.705323,1413,3736.5,0,0,raps_k50_lam0p0001,50,0.0001,True,raps_k50_lam0p0001,0.8991762768,3101.214325
71,0.2,adaptive_mass_rolling,329,1.227898793,mass,1000,2,684,599,0.8976608187,0.8864774624,0.8972732332,2787.472454,2329,4449.8,0,0,raps_k50_lam0p0001,50,0.0001,True,raps_k50_lam0p0001,0.8991762768,3101.214325
71,0.2,adaptive_mass_rolling,330,1.2555,mass,1000,2,640,580,0.9171875,0.9086206897,0.9112068966,2983.912069,2605,4443.3,0,0,raps_k50_lam0p0001,50,0.0001,True,raps_k50_lam0p0001,0.8991762768,3101.214325
71,0.2,adaptive_mass_rolling,331,1.1843,mass,1000,2,506,474,0.8873517787,0.8818565401,0.8829113924,2339.348101,1894,4146.4,0,0,raps_k50_lam0p0001,50,0.0001,True,raps_k50_lam0p0001,0.8991762768,3101.214325
71,0.2,adaptive_mass_rolling,332,1.214399939,mass,1000,2,318,300,0.8962264151,0.89,0.89,2609.193333,2194,4388,0,0,raps_k50_lam0p0001,50,0.0001,True,raps_k50_lam0p0001,0.8991762768,3101.214325
71,0.2,adaptive_mass_rolling,333,1.220831051,mass,1000,3,342,312,0.8918128655,0.8814102564,0.889957265,2686.221154,2258,4324.4,0,0,raps_k50_lam0p0001,50,0.0001,True,raps_k50_lam0p0001,0.8991762768,3101.214325
71,0.2,adaptive_mass_rolling,334,1.263200797,mass,1000,3,700,633,0.9,0.8894154818,0.897314376,3045.884676,2682,4532.2,0,0,raps_k50_lam0p0001,50,0.0001,True,raps_k50_lam0p0001,0.8991762768,3101.214325
71,0.2,adaptive_mass_rolling,335,1.27923217,mass,1000,2,656,587,0.8780487805,0.8654173765,0.8774843839,3204.035775,2842,4623.2,0,0,raps_k50_lam0p0001,50,0.0001,True,raps_k50_lam0p0001,0.8991762768,3101.214325
71,0.2,adaptive_mass_rolling,336,1.3397,mass,1000,2,632,551,0.8955696203,0.8802177858,0.8895946763,3773.640653,3447,5054,0,0,raps_k50_lam0p0001,50,0.0001,True,raps_k50_lam0p0001,0.8991762768,3101.214325
71,0.2,adaptive_mass_rolling,337,1.346023835,mass,1000,2,552,492,0.8822463768,0.8699186992,0.8780487805,3788.861789,3510,4915.9,0,0,raps_k50_lam0p0001,50,0.0001,True,raps_k50_lam0p0001,0.8991762768,3101.214325
71,0.2,adaptive_mass_rolling,338,1.375099889,mass,1000,2,496,457,0.9052419355,0.8971553611,0.9011670314,4057.094092,3801,5043.4,0,0,raps_k50_lam0p0001,50,0.0001,True,raps_k50_lam0p0001,0.8991762768,3101.214325
71,0.2,adaptive_mass_rolling,339,1.386299997,mass,1000,2,328,297,0.881097561,0.8787878788,0.8877665544,4055.138047,3913,4419.2,0,0,raps_k50_lam0p0001,50,0.0001,True,raps_k50_lam0p0001,0.8991762768,3101.214325
71,0.2,adaptive_mass_rolling,340,1.376872981,mass,1000,3,328,303,0.9298780488,0.9240924092,0.9240924092,4043.089109,3818,4944.8,0,0,raps_k50_lam0p0001,50,0.0001,True,raps_k50_lam0p0001,0.8991762768,3101.214325
71,0.2,adaptive_mass_rolling,341,1.3518,mass,1000,3,576,519,0.9149305556,0.9055876686,0.910982659,3837.938343,3568,4916.2,0,0,raps_k50_lam0p0001,50,0.0001,True,raps_k50_lam0p0001,0.8991762768,3101.214325
71,0.2,adaptive_mass_rolling,342,1.2532,mass,1000,3,636,565,0.8962264151,0.8831858407,0.8902654867,3009.762832,2582,4503.4,0,0,raps_k50_lam0p0001,50,0.0001,True,raps_k50_lam0p0001,0.8991762768,3101.214325
71,0.2,adaptive_mass_rolling,343,1.277399984,mass,1000,2,642,567,0.8426791277,0.823633157,0.8405349794,3239.474427,2825,4680.2,0,0,raps_k50_lam0p0001,50,0.0001,True,raps_k50_lam0p0001,0.8991762768,3101.214325
71,0.2,adaptive_mass_rolling,344,1.417512484,mass,1000,2,650,582,0.9338461538,0.9278350515,0.9312714777,4453.719931,4225,5318.9,0,0,raps_k50_lam0p0001,50,0.0001,True,raps_k50_lam0p0001,0.8991762768,3101.214325
71,0.2,adaptive_mass_rolling,345,1.360699998,mass,1000,2,586,501,0.9368600683,0.9261477046,0.9311377246,3964.355289,3657,5137,0,0,raps_k50_lam0p0001,50,0.0001,True,raps_k50_lam0p0001,0.8991762768,3101.214325
71,0.2,adaptive_mass_rolling,346,1.263129353,mass,1000,2,224,197,0.9642857143,0.9593908629,0.9644670051,2959.461929,2681,4215,0,0,raps_k50_lam0p0001,50,0.0001,True,raps_k50_lam0p0001,0.8991762768,3101.214325
71,0.2,adaptive_mass_rolling,347,1.1982,mass,1000,3,306,277,0.9117647059,0.9025270758,0.9049338147,2379.267148,2032,4039.4,0,0,raps_k50_lam0p0001,50,0.0001,True,raps_k50_lam0p0001,0.8991762768,3101.214325
71,0.2,adaptive_mass_rolling,348,1.190228116,mass,1000,3,714,610,0.8851540616,0.8655737705,0.8702185792,2377.193443,1952,4148.4,0,0,raps_k50_lam0p0001,50,0.0001,True,raps_k50_lam0p0001,0.8991762768,3101.214325
71,0.2,adaptive_mass_rolling,349,1.245393553,mass,1000,2,600,545,0.865,0.8513761468,0.8636085627,2860.620183,2504,4271.2,0,0,raps_k50_lam0p0001,50,0.0001,True,raps_k50_lam0p0001,0.8991762768,3101.214325
71,0.2,adaptive_mass_rolling,350,1.347226735,mass,1000,2,656,560,0.9161585366,0.9071428571,0.912202381,3742.878571,3522,4685.3,0,0,raps_k50_lam0p0001,50,0.0001,True,raps_k50_lam0p0001,0.8991762768,3101.214325
71,0.2,adaptive_mass_rolling,351,1.346292196,mass,1000,2,522,476,0.8946360153,0.8844537815,0.8883053221,3803.37605,3512,5180,0,0,raps_k50_lam0p0001,50,0.0001,True,raps_k50_lam0p0001,0.8991762768,3101.214325
71,0.2,adaptive_mass_rolling,352,1.337485295,mass,1000,2,462,415,0.9199134199,0.913253012,0.9172690763,3658.571084,3424,4581.8,0,0,raps_k50_lam0p0001,50,0.0001,True,raps_k50_lam0p0001,0.8991762768,3101.214325
71,0.2,adaptive_mass_rolling,353,1.325190977,mass,1000,3,242,226,0.8553719008,0.8451327434,0.8561946903,3486.747788,3301,4005,0,0,raps_k50_lam0p0001,50,0.0001,True,raps_k50_lam0p0001,0.8991762768,3101.214325
71,0.2,adaptive_mass_rolling,354,1.346599296,mass,1000,3,238,227,0.8991596639,0.8942731278,0.8986784141,3768.052863,3516,4660.4,0,0,raps_k50_lam0p0001,50,0.0001,True,raps_k50_lam0p0001,0.8991762768,3101.214325
71,0.2,adaptive_mass_rolling,355,1.344694178,mass,1000,4,578,506,0.8823529412,0.8754940711,0.8863871636,3785.201581,3497,4906.5,0,0,raps_k50_lam0p0001,50,0.0001,True,raps_k50_lam0p0001,0.8991762768,3101.214325
71,0.2,adaptive_mass_rolling,356,1.413299672,mass,1000,3,548,483,0.9270072993,0.9213250518,0.9233954451,4405.385093,4183,5350.2,0,0,raps_k50_lam0p0001,50,0.0001,True,raps_k50_lam0p0001,0.8991762768,3101.214325
71,0.2,adaptive_mass_rolling,357,1.3701,mass,1000,2,406,363,0.9359605911,0.9338842975,0.9412304867,3911.07438,3751,4555.4,0,0,raps_k50_lam0p0001,50,0.0001,True,raps_k50_lam0p0001,0.8991762768,3101.214325
71,0.2,adaptive_mass_rolling,358,1.309719057,mass,1000,3,300,276,0.9066666667,0.8985507246,0.9003623188,3407.528986,3147,4594.5,0,0,raps_k50_lam0p0001,50,0.0001,True,raps_k50_lam0p0001,0.8991762768,3101.214325
71,0.2,adaptive_mass_rolling,359,1.302298889,mass,1000,3,330,312,0.9272727273,0.9230769231,0.9230769231,3422.724359,3073,4788,0,0,raps_k50_lam0p0001,50,0.0001,True,raps_k50_lam0p0001,0.8991762768,3101.214325
71,0.2,adaptive_mass_rolling,360,1.259864744,mass,1000,3,228,214,0.9473684211,0.9439252336,0.9462616822,2890.560748,2648,3635.4,0,0,raps_k50_lam0p0001,50,0.0001,True,raps_k50_lam0p0001,0.8991762768,3101.214325
71,0.2,adaptive_mass_rolling,361,1.177854387,mass,1000,4,246,226,0.8983739837,0.889380531,0.8938053097,2129.035398,1828,3299.5,0,0,raps_k50_lam0p0001,50,0.0001,True,raps_k50_lam0p0001,0.8991762768,3101.214325
71,0.2,adaptive_mass_rolling,362,1.124072138,mass,1000,4,620,530,0.8983870968,0.8811320755,0.891509434,1692.958491,1290,3626.6,0,0,raps_k50_lam0p0001,50,0.0001,True,raps_k50_lam0p0001,0.8991762768,3101.214325
71,0.2,adaptive_mass_rolling,363,1.113596331,mass,1000,3,386,353,0.8652849741,0.8611898017,0.8640226629,1594.135977,1185,3561.8,0,0,raps_k50_lam0p0001,50,0.0001,True,raps_k50_lam0p0001,0.8991762768,3101.214325
71,0.2,adaptive_mass_rolling,364,1.186099938,mass,1000,2,354,329,0.8898305085,0.8814589666,0.8844984802,2232.592705,1911,3787.4,0,0,raps_k50_lam0p0001,50,0.0001,True,raps_k50_lam0p0001,0.8991762768,3101.214325
17,0.3,margin_rolling,292,14.07808496,score_margin,1000,3,730,658,0.8849315068,0.8920972644,0.9033941236,3683.753799,4549,7128,0.01823708207,0.3100303951,,,,,,,
17,0.3,margin_rolling,293,14.35615206,score_margin,1000,2,658,581,0.9027355623,0.9104991394,0.9257028112,4005.881239,5954,7128,0.008605851979,0.3614457831,,,,,,,
17,0.3,margin_rolling,294,14.94443274,score_margin,1000,2,618,538,0.8705501618,0.8643122677,0.8891263941,4043.605948,6030.5,7128,0.02230483271,0.3717472119,,,,,,,
17,0.3,margin_rolling,295,16.15933299,score_margin,1000,2,666,578,0.9114114114,0.9152249135,0.9325836217,4531.953287,6892,7128,0.006920415225,0.3875432526,,,,,,,
17,0.3,margin_rolling,296,16.23587894,score_margin,1000,2,516,466,0.8759689922,0.8733905579,0.8909871245,4313.566524,6948.5,7128,0.002145922747,0.3948497854,,,,,,,
17,0.3,margin_rolling,297,16.61833143,score_margin,1000,2,292,254,0.8561643836,0.8818897638,0.8933070866,3929.744094,5968.5,7128,0,0.3346456693,,,,,,,
17,0.3,margin_rolling,298,18.01814079,score_margin,1000,3,252,224,0.9444444444,0.9508928571,0.9616815476,4674.589286,7092.5,7128,0,0.4151785714,,,,,,,
17,0.3,margin_rolling,299,17.18140078,score_margin,1000,3,702,615,0.9031339031,0.9089430894,0.9267363531,4512.458537,7051,7128,0.006504065041,0.393495935,,,,,,,
17,0.3,margin_rolling,300,16.52508545,score_margin,1000,3,664,573,0.9036144578,0.9040139616,0.9269924375,4504.448517,7077,7128,0.006980802792,0.4083769634,,,,,,,
17,0.3,margin_rolling,301,16.97725046,score_margin,1000,2,616,552,0.9253246753,0.9239130435,0.935205314,4661.38587,7110,7128,0.001811594203,0.4311594203,,,,,,,
17,0.3,margin_rolling,302,16.15073799,score_margin,1000,2,570,490,0.8824561404,0.8836734694,0.9018950437,4047.540816,6464,7128,0.01020408163,0.3591836735,,,,,,,
17,0.3,margin_rolling,303,16.90478611,score_margin,1000,2,542,485,0.9169741697,0.9092783505,0.921580756,4379.608247,6968,7128,0.00412371134,0.393814433,,,,,,,
17,0.3,margin_rolling,304,16.05802917,score_margin,1000,2,328,281,0.8780487805,0.871886121,0.9080664294,3955.626335,6098,7128,0.01779359431,0.3167259786,,,,,,,
17,0.3,margin_rolling,305,16.93003917,score_margin,1000,3,328,295,0.9268292683,0.9288135593,0.9476836158,4079.159322,6666,7128,0.003389830508,0.3322033898,,,,,,,
17,0.3,margin_rolling,306,16.3922596,score_margin,1000,3,582,513,0.8883161512,0.9025341131,0.92014295,4151.621832,6656,7128,0.01754385965,0.3859649123,,,,,,,
17,0.3,margin_rolling,307,16.77090359,score_margin,1000,3,588,510,0.8945578231,0.9039215686,0.9219934641,4509.186275,7063.5,7128,0.01176470588,0.3901960784,,,,,,,
17,0.3,margin_rolling,308,17.15991831,score_margin,1000,2,562,497,0.8932384342,0.8913480885,0.9100507809,4444.422535,7094,7128,0.01207243461,0.4466800805,,,,,,,
17,0.3,margin_rolling,309,17.94423738,score_margin,1000,2,626,535,0.9057507987,0.9177570093,0.9331152648,4687.364486,7123,7128,0.005607476636,0.4542056075,,,,,,,
17,0.3,margin_rolling,310,18.05944175,score_margin,1000,2,620,527,0.9483870968,0.9411764706,0.9615117015,4315.548387,6723,7128,0.003795066414,0.3719165085,,,,,,,
17,0.3,margin_rolling,311,16.61185837,score_margin,1000,2,438,366,0.9178082192,0.9043715847,0.9285063752,3459.368852,1856.5,7128,0.01366120219,0.262295082,,,,,,,
17,0.3,margin_rolling,312,15.64228275,score_margin,1000,2,460,368,0.8652173913,0.8777173913,0.9017080745,3067.839674,1008.5,7128,0.01630434783,0.222826087,,,,,,,
17,0.3,margin_rolling,313,16.65672302,score_margin,1000,3,794,641,0.8967254408,0.8892355694,0.9182787311,3679.279251,4552,7128,0.01716068643,0.3104524181,,,,,,,
17,0.3,margin_rolling,314,17.28801489,score_margin,1000,2,678,585,0.9041297935,0.9008547009,0.9221286121,3928.234188,6123,7128,0.01367521368,0.3367521368,,,,,,,
17,0.3,margin_rolling,315,17.46122932,score_margin,1000,2,774,660,0.8927648579,0.8939393939,0.9113888889,4037.619697,6332,7128,0.007575757576,0.3333333333,,,,,,,
17,0.3,margin_rolling,316,18.57574081,score_margin,1000,2,758,622,0.9248021108,0.921221865,0.9369239014,4720.083601,7071.5,7128,0.008038585209,0.3987138264,,,,,,,
17,0.3,margin_rolling,317,17.35401487,score_margin,1000,2,630,559,0.8968253968,0.8980322004,0.9168157424,3721.583184,4879,7128,0.01431127013,0.2915921288,,,,,,,
17,0.3,margin_rolling,318,17.78363371,score_margin,1000,2,342,308,0.8976608187,0.8961038961,0.920995671,3585.285714,3140.5,7128,0.006493506494,0.3149350649,,,,,,,
17,0.3,margin_rolling,319,17.876333,score_margin,1000,3,324,290,0.9228395062,0.9137931034,0.9224137931,3790.793103,4734.5,7128,0,0.3068965517,,,,,,,
17,0.3,margin_rolling,320,17.78363371,score_margin,1000,3,736,646,0.8899456522,0.9024767802,0.9116443068,4333.287926,7000,7128,0.004643962848,0.4148606811,,,,,,,
17,0.3,margin_rolling,321,17.95881629,score_margin,1000,2,680,603,0.9102941176,0.9021558872,0.9154228856,4383.897181,6933,7128,0.009950248756,0.3797678275,,,,,,,
17,0.3,margin_rolling,322,18.50392342,score_margin,1000,2,668,595,0.9161676647,0.9159663866,0.9274509804,4464.157983,7051,7128,0.003361344538,0.3949579832,,,,,,,
17,0.3,margin_rolling,323,17.54225206,score_margin,1000,2,668,600,0.8922155689,0.8866666667,0.9108333333,4222.598333,6598.5,7128,0.01,0.325,,,,,,,
17,0.3,margin_rolling,324,18.38637865,score_margin,1000,2,796,650,0.898241206,0.9061538462,0.9304358974,4251.496923,6922,7128,0.006153846154,0.3830769231,,,,,,,
17,0.3,margin_rolling,325,18.29393196,score_margin,1000,2,398,360,0.8768844221,0.8777777778,0.8898148148,3820.372222,5358.5,7128,0.01388888889,0.3861111111,,,,,,,
17,0.3,margin_rolling,326,18.46331978,score_margin,1000,2,422,348,0.8601895735,0.8620689655,0.8812260536,3359.689655,1733,7128,0.008620689655,0.3103448276,,,,,,,
17,0.3,margin_rolling,327,19.44442081,score_margin,1000,3,738,621,0.9024390244,0.9114331723,0.93647343,4383.653784,6903,7128,0.01127214171,0.4202898551,,,,,,,
17,0.3,margin_rolling,328,19.67168617,score_margin,1000,2,600,526,0.9183333333,0.927756654,0.9377602752,4627.072243,7107.5,7128,0.005703422053,0.4315589354,,,,,,,
17,0.3,margin_rolling,329,19.3715775,score_margin,1000,2,684,599,0.9152046784,0.9148580968,0.9291597106,4453.338898,7058,7128,0.001669449082,0.4407345576,,,,,,,
17,0.3,margin_rolling,330,18.52409291,score_margin,1000,2,640,580,0.903125,0.9086206897,0.9182471264,4226.981034,6600.5,7128,0.01034482759,0.3465517241,,,,,,,
17,0.3,margin_rolling,331,18.5258708,score_margin,1000,2,506,474,0.9150197628,0.9135021097,0.9193037975,4248.407173,6772.5,7128,0.004219409283,0.3607594937,,,,,,,
17,0.3,margin_rolling,332,18.20265388,score_margin,1000,2,318,300,0.9088050314,0.9133333333,0.9188888889,3882.543333,5624,7128,0.03,0.3366666667,,,,,,,
17,0.3,margin_rolling,333,17.47470474,score_margin,1000,3,342,312,0.8771929825,0.875,0.8883547009,3720.092949,4760,7128,0.03525641026,0.3301282051,,,,,,,
17,0.3,margin_rolling,334,18.27018395,score_margin,1000,3,700,633,0.9128571429,0.916271722,0.9291995787,4094.263823,6537,7128,0.0205371248,0.3396524487,,,,,,,
17,0.3,margin_rolling,335,17.91650772,score_margin,1000,2,656,587,0.8917682927,0.8841567291,0.8999432141,3943.962521,5774,7128,0.01703577513,0.3424190801,,,,,,,
17,0.3,margin_rolling,336,19.26619148,score_margin,1000,2,632,551,0.8971518987,0.8947368421,0.9106473079,4300.145191,6976,7128,0.01451905626,0.4101633394,,,,,,,
17,0.3,margin_rolling,337,19.63627648,score_margin,1000,2,552,492,0.9166666667,0.9207317073,0.9298102981,4281.384146,6814.5,7128,0.006097560976,0.3841463415,,,,,,,
17,0.3,margin_rolling,338,19.53138065,score_margin,1000,2,496,457,0.9092741935,0.9277899344,0.9339897885,4337.181619,6860,7128,0.01312910284,0.3829321663,,,,,,,
17,0.3,margin_rolling,339,18.15079117,score_margin,1000,2,328,297,0.887195122,0.8855218855,0.8975869809,3602.59596,3588,7128,0.0303030303,0.2390572391,,,,,,,
17,0.3,margin_rolling,340,18.53455544,score_margin,1000,3,328,303,0.8993902439,0.904290429,0.9163916392,3984.557756,6257,7128,0.01320132013,0.3432343234,,,,,,,
17,0.3,margin_rolling,341,18.60094118,score_margin,1000,3,576,519,0.8871527778,0.8959537572,0.9095054592,4031.568401,6494,7128,0.01541425819,0.3564547206,,,,,,,
17,0.3,margin_rolling,342,18.78857136,score_margin,1000,3,636,565,0.8946540881,0.8973451327,0.9138643068,4127.465487,6408,7128,0.01238938053,0.3716814159,,,,,,,
17,0.3,margin_rolling,343,19.90123558,score_margin,1000,2,642,567,0.8940809969,0.8941798942,0.9068783069,4802.31746,7119,7128,0.01234567901,0.4356261023,,,,,,,
17,0.3,margin_rolling,344,20.20228386,score_margin,1000,2,650,582,0.8861538462,0.8883161512,0.8979095074,4405.785223,6961,7128,0.01374570447,0.412371134,,,,,,,
17,0.3,margin_rolling,345,21.33209419,score_margin,1000,2,586,501,0.9163822526,0.9081836327,0.9178310047,4577.359281,7114,7128,0.003992015968,0.4570858283,,,,,,,
17,0.3,margin_rolling,346,20.39263916,score_margin,1000,2,224,197,0.8794642857,0.8883248731,0.9035532995,3576.685279,2184,7128,0,0.3096446701,,,,,,,
17,0.3,margin_rolling,347,20.404998,score_margin,1000,3,306,277,0.9019607843,0.9097472924,0.912755716,3585.144404,3958,7128,0.003610108303,0.321299639,,,,,,,
17,0.3,margin_rolling,348,20.40413761,score_margin,1000,3,714,610,0.9075630252,0.9049180328,0.9193989071,4176.896721,6782.5,7128,0.006557377049,0.3721311475,,,,,,,
17,0.3,margin_rolling,349,19.72099972,score_margin,1000,2,600,545,0.8583333333,0.8550458716,0.8706422018,3863.231193,5609,7128,0.0128440367,0.3486238532,,,,,,,
17,0.3,margin_rolling,350,21.55521107,score_margin,1000,2,656,560,0.9024390244,0.8982142857,0.9205059524,4046.501786,6134,7128,0.008928571429,0.3517857143,,,,,,,
17,0.3,margin_rolling,351,21.68955803,score_margin,1000,2,522,476,0.8888888889,0.8928571429,0.9142156863,4002.470588,5740.5,7128,0.01470588235,0.3508403361,,,,,,,
17,0.3,margin_rolling,352,22.14887047,score_margin,1000,2,462,415,0.8961038961,0.9012048193,0.9213855422,4319.498795,6880,7128,0.004819277108,0.378313253,,,,,,,
17,0.3,margin_rolling,353,22.98078563,score_margin,1000,3,242,226,0.8925619835,0.889380531,0.9004424779,4006.261062,6593,7128,0.004424778761,0.3628318584,,,,,,,
17,0.3,margin_rolling,354,23.20243073,score_margin,1000,3,238,227,0.9159663866,0.9162995595,0.9243759178,4495.559471,7048,7128,0,0.4273127753,,,,,,,
17,0.3,margin_rolling,355,23.33509454,score_margin,1000,4,578,506,0.892733564,0.9071146245,0.9251129305,4745.355731,7125,7128,0.009881422925,0.4782608696,,,,,,,
17,0.3,margin_rolling,356,23.72979474,score_margin,1000,3,548,483,0.9142335766,0.9130434783,0.9220151829,4620.395445,7096,7128,0.002070393375,0.4472049689,,,,,,,
17,0.3,margin_rolling,357,23.57890257,score_margin,1000,2,406,363,0.9162561576,0.9173553719,0.9299816345,4348.801653,6714,7128,0.005509641873,0.3663911846,,,,,,,
17,0.3,margin_rolling,358,22.61874771,score_margin,1000,3,300,276,0.9266666667,0.9275362319,0.9371980676,3846.847826,5436,7128,0.003623188406,0.2934782609,,,,,,,
17,0.3,margin_rolling,359,22.01172256,score_margin,1000,3,330,312,0.9606060606,0.9615384615,0.969017094,4865.823718,7127,7128,0.003205128205,0.4935897436,,,,,,,
17,0.3,margin_rolling,360,19.30106831,score_margin,1000,3,228,214,0.9078947368,0.9112149533,0.9182242991,3336.107477,1575.5,7128,0.01401869159,0.2710280374,,,,,,,
17,0.3,margin_rolling,361,20.28008842,score_margin,1000,4,246,226,0.8739837398,0.8716814159,0.8842182891,3341.477876,1361,7128,0.02654867257,0.2654867257,,,,,,,
17,0.3,margin_rolling,362,19.73870182,score_margin,1000,4,620,530,0.8451612903,0.8811320755,0.9034083822,3417.079245,1869,7128,0.02264150943,0.258490566,,,,,,,
17,0.3,margin_rolling,363,23.11327958,score_margin,1000,3,386,353,0.9196891192,0.9263456091,0.9407459868,4018.654391,6436,7128,0.01133144476,0.3484419263,,,,,,,
17,0.3,margin_rolling,364,23.15527153,score_margin,1000,2,354,329,0.9039548023,0.905775076,0.9154002026,4152.422492,6398,7128,0.01215805471,0.3404255319,,,,,,,
29,0.3,margin_rolling,292,12.39958906,score_margin,1000,3,730,658,0.8794520548,0.8905775076,0.9031408308,3714.12766,3567,7128,0.006079027356,0.3723404255,,,,,,,
29,0.3,margin_rolling,293,12.68957758,score_margin,1000,2,658,581,0.9133738602,0.9242685026,0.9386115892,4119.466437,6584,7128,0.008605851979,0.395869191,,,,,,,
29,0.3,margin_rolling,294,13.11388397,score_margin,1000,2,618,538,0.8624595469,0.8643122677,0.8862143742,4019.141264,6739,7128,0.01301115242,0.4126394052,,,,,,,
29,0.3,margin_rolling,295,14.15599537,score_margin,1000,2,666,578,0.9009009009,0.9048442907,0.9262399077,4492.025952,7094,7128,0.006920415225,0.4429065744,,,,,,,
29,0.3,margin_rolling,296,14.69972169,score_margin,1000,2,516,466,0.8992248062,0.8969957082,0.9136623748,4479.251073,7124,7128,0.004291845494,0.4678111588,,,,,,,
29,0.3,margin_rolling,297,14.79753214,score_margin,1000,2,292,254,0.8664383562,0.8858267717,0.9024934383,3949.637795,6096,7128,0.01181102362,0.3897637795,,,,,,,
29,0.3,margin_rolling,298,15.25138661,score_margin,1000,3,252,224,0.9285714286,0.9375,0.9479166667,4318.09375,7068.5,7128,0.008928571429,0.4196428571,,,,,,,
29,0.3,margin_rolling,299,14.86123085,score_margin,1000,3,702,615,0.9088319088,0.9235772358,0.9340534262,4352.598374,7079,7128,0.006504065041,0.4130081301,,,,,,,
29,0.3,margin_rolling,300,14.36136818,score_margin,1000,3,664,573,0.8975903614,0.9005235602,0.9217083576,4391.923211,7112,7128,0.006980802792,0.4554973822,,,,,,,
29,0.3,margin_rolling,301,15.09849739,score_margin,1000,2,616,552,0.9237012987,0.9221014493,0.9318236715,4742.193841,7128,7128,0.001811594203,0.5018115942,,,,,,,
29,0.3,margin_rolling,302,13.98894691,score_margin,1000,2,570,490,0.8789473684,0.8775510204,0.8915257532,4005.855102,6406,7128,0.01020408163,0.393877551,,,,,,,
29,0.3,margin_rolling,303,14.82483768,score_margin,1000,2,542,485,0.9040590406,0.8989690722,0.9105154639,4308.296907,7061,7128,0.00618556701,0.4432989691,,,,,,,
29,0.3,margin_rolling,304,14.26792049,score_margin,1000,2,328,281,0.8780487805,0.8861209964,0.9128113879,3822.701068,5809,7128,0.007117437722,0.359430605,,,,,,,
29,0.3,margin_rolling,305,15.43101048,score_margin,1000,3,328,295,0.9268292683,0.9322033898,0.9437288136,4031.671186,6379,7128,0.003389830508,0.4033898305,,,,,,,
29,0.3,margin_rolling,306,14.97026157,score_margin,1000,3,582,513,0.8934707904,0.9122807018,0.9205977908,4194.551657,7024,7128,0.007797270955,0.4463937622,,,,,,,
29,0.3,margin_rolling,307,15.05560112,score_margin,1000,3,588,510,0.9047619048,0.9196078431,0.9338235294,4618.492157,7109.5,7128,0.005882352941,0.4450980392,,,,,,,
29,0.3,margin_rolling,308,14.80263519,score_margin,1000,2,562,497,0.8932384342,0.893360161,0.9092651145,4381.460765,7113,7128,0.01207243461,0.4607645875,,,,,,,
29,0.3,margin_rolling,309,15.21896076,score_margin,1000,2,626,535,0.8993610224,0.9046728972,0.9202180685,4510.829907,7118,7128,0.009345794393,0.4822429907,,,,,,,
29,0.3,margin_rolling,310,15.47052431,score_margin,1000,2,620,527,0.9258064516,0.9165085389,0.9439595193,4174.455408,6724,7128,0.007590132827,0.4060721063,,,,,,,
29,0.3,margin_rolling,311,14.6106348,score_margin,1000,2,438,366,0.904109589,0.8961748634,0.9189435337,3510.639344,2278.5,7128,0.01092896175,0.3032786885,,,,,,,
29,0.3,margin_rolling,312,13.86386919,score_margin,1000,2,460,368,0.8608695652,0.8804347826,0.9068452381,3217.429348,1184,7128,0.01358695652,0.2554347826,,,,,,,
29,0.3,margin_rolling,313,15.24604225,score_margin,1000,3,794,641,0.8942065491,0.8892355694,0.9177587103,3817.00624,4238,7128,0.01248049922,0.3853354134,,,,,,,
29,0.3,margin_rolling,314,15.89002466,score_margin,1000,2,678,585,0.9277286136,0.9264957265,0.9402319902,4113.437607,6690,7128,0.01196581197,0.4205128205,,,,,,,
29,0.3,margin_rolling,315,15.60042822,score_margin,1000,2,774,660,0.9082687339,0.9060606061,0.9219949495,4060.122727,6593,7128,0.009090909091,0.4075757576,,,,,,,
29,0.3,margin_rolling,316,15.78683949,score_margin,1000,2,758,622,0.9208443272,0.9163987138,0.9344051447,4512.008039,7087.5,7128,0.009646302251,0.4308681672,,,,,,,
29,0.3,margin_rolling,317,14.51970851,score_margin,1000,2,630,559,0.8841269841,0.885509839,0.9024150268,3448.357782,1915,7128,0.005366726297,0.3166368515,,,,,,,
29,0.3,margin_rolling,318,16.07294989,score_margin,1000,2,342,308,0.9210526316,0.9188311688,0.9334415584,3707.853896,2907,7128,0.01623376623,0.3474025974,,,,,,,
29,0.3,margin_rolling,319,15.46469605,score_margin,1000,3,324,290,0.9135802469,0.9034482759,0.9103448276,3658.286207,2619,7128,0.006896551724,0.3413793103,,,,,,,
29,0.3,margin_rolling,320,15.45514727,score_margin,1000,3,736,646,0.8940217391,0.907120743,0.9145166839,4326.236842,7038,7128,0.009287925697,0.4256965944,,,,,,,
29,0.3,margin_rolling,321,15.54428053,score_margin,1000,2,680,603,0.9102941176,0.9054726368,0.9223327805,4275.45937,6987,7128,0.009950248756,0.407960199,,,,,,,
29,0.3,margin_rolling,322,15.92139173,score_margin,1000,2,668,595,0.9311377246,0.9361344538,0.9425770308,4474.485714,7088,7128,0.006722689076,0.4302521008,,,,,,,
29,0.3,margin_rolling,323,15.01025672,score_margin,1000,2,668,600,0.8967065868,0.8916666667,0.9069444444,4150.305,6581,7128,0.008333333333,0.37,,,,,,,
29,0.3,margin_rolling,324,15.27995014,score_margin,1000,2,796,650,0.8881909548,0.8969230769,0.9192051282,4092.32,6728.5,7128,0.01076923077,0.4092307692,,,,,,,
29,0.3,margin_rolling,325,15.54268217,score_margin,1000,2,398,360,0.8618090452,0.875,0.8814814815,3791.633333,6504,7128,0.01666666667,0.4027777778,,,,,,,
29,0.3,margin_rolling,326,15.82028484,score_margin,1000,2,422,348,0.8530805687,0.8649425287,0.881585249,3216.954023,931.5,7128,0.01149425287,0.3247126437,,,,,,,
29,0.3,margin_rolling,327,17.41586876,score_margin,1000,3,738,621,0.9092140921,0.9130434783,0.9394793344,4530.94847,7102,7128,0.006441223833,0.460547504,,,,,,,
29,0.3,margin_rolling,328,17.38812077,score_margin,1000,2,600,526,0.9233333333,0.9258555133,0.9374434184,4624.673004,7114,7128,0.005703422053,0.4505703422,,,,,,,
29,0.3,margin_rolling,329,16.90379906,score_margin,1000,2,684,599,0.9269005848,0.9248747913,0.935837507,4352.510851,7065,7128,0.006677796327,0.449081803,,,,,,,
29,0.3,margin_rolling,330,15.90562248,score_margin,1000,2,640,580,0.9109375,0.9137931034,0.9242816092,4108.644828,6242.5,7128,0.005172413793,0.374137931,,,,,,,
29,0.3,margin_rolling,331,15.64199734,score_margin,1000,2,506,474,0.918972332,0.917721519,0.9235232068,4099.065401,6536,7128,0.004219409283,0.3818565401,,,,,,,
29,0.3,margin_rolling,332,14.3872757,score_margin,1000,2,318,300,0.8993710692,0.9033333333,0.9105555556,3401.593333,1642.5,7128,0.01666666667,0.3366666667,,,,,,,
29,0.3,margin_rolling,333,14.76011407,score_margin,1000,3,342,312,0.8830409357,0.8782051282,0.8915598291,3563.61859,2737.5,7128,0.01602564103,0.3653846154,,,,,,,
29,0.3,margin_rolling,334,14.87469363,score_margin,1000,3,700,633,0.9014285714,0.9052132701,0.9168246445,3659.875197,2982,7128,0.01263823065,0.3380726698,,,,,,,
29,0.3,margin_rolling,335,15.11819506,score_margin,1000,2,656,587,0.8887195122,0.8841567291,0.9005110733,3785.136286,4000,7128,0.006814310051,0.3628620102,,,,,,,
29,0.3,margin_rolling,336,16.44562149,score_margin,1000,2,632,551,0.8939873418,0.889292196,0.9065940714,4334.970962,7065,7128,0.009074410163,0.444646098,,,,,,,
29,0.3,margin_rolling,337,16.75742412,score_margin,1000,2,552,492,0.9057971014,0.912601626,0.9220189702,4132.851626,6406.5,7128,0.00406504065,0.412601626,,,,,,,
29,0.3,margin_rolling,338,16.78034258,score_margin,1000,2,496,457,0.9153225806,0.9256017505,0.9365426696,4298.73523,6875,7128,0.004376367615,0.4288840263,,,,,,,
29,0.3,margin_rolling,339,15.47376537,score_margin,1000,2,328,297,0.8841463415,0.8754208754,0.888047138,3583.824916,2757,7128,0.0303030303,0.3063973064,,,,,,,
29,0.3,margin_rolling,340,16.15198231,score_margin,1000,3,328,303,0.9176829268,0.9306930693,0.9405940594,4055.782178,5952,7128,0.01650165017,0.3729372937,,,,,,,
29,0.3,margin_rolling,341,15.80691433,score_margin,1000,3,576,519,0.8802083333,0.8863198459,0.9011560694,4003.564547,6387,7128,0.007707129094,0.3757225434,,,,,,,
29,0.3,margin_rolling,342,16.48942924,score_margin,1000,3,636,565,0.8883647799,0.8884955752,0.905899705,4110.389381,6470,7128,0.008849557522,0.4053097345,,,,,,,
29,0.3,margin_rolling,343,17.94095135,score_margin,1000,2,642,567,0.9065420561,0.9047619048,0.9183421517,4848.213404,7128,7128,0.01058201058,0.5061728395,,,,,,,
29,0.3,margin_rolling,344,17.72641778,score_margin,1000,2,650,582,0.8953846154,0.8934707904,0.9060710195,4374.95189,7101,7128,0.006872852234,0.4553264605,,,,,,,
29,0.3,margin_rolling,345,18.28480178,score_margin,1000,2,586,501,0.9215017065,0.9141716567,0.9268130406,4555.363273,7128,7128,0.005988023952,0.5089820359,,,,,,,
29,0.3,margin_rolling,346,17.33433962,score_margin,1000,2,224,197,0.90625,0.9086294416,0.921319797,3553.695431,2537,7128,0.005076142132,0.345177665,,,,,,,
29,0.3,margin_rolling,347,16.59593487,score_margin,1000,3,306,277,0.8986928105,0.9061371841,0.9163658243,3398.631769,1390,7128,0.01444043321,0.3393501805,,,,,,,
29,0.3,margin_rolling,348,16.59593487,score_margin,1000,3,714,610,0.8977591036,0.9,0.9144808743,3869.588525,5571,7128,0.008196721311,0.3721311475,,,,,,,
29,0.3,margin_rolling,349,16.88043046,score_margin,1000,2,600,545,0.8716666667,0.871559633,0.8816513761,3934.313761,6373,7128,0.001834862385,0.3798165138,,,,,,,
29,0.3,margin_rolling,350,18.38350677,score_margin,1000,2,656,560,0.9268292683,0.9232142857,0.93875,4014.385714,6241.5,7128,0.005357142857,0.3803571429,,,,,,,
29,0.3,margin_rolling,351,17.05625498,score_margin,1000,2,522,476,0.8639846743,0.8718487395,0.8865546218,3619.846639,3140,7128,0.01260504202,0.3298319328,,,,,,,
29,0.3,margin_rolling,352,18.29547596,score_margin,1000,2,462,415,0.8917748918,0.9036144578,0.918373494,4010.306024,6185,7128,0.009638554217,0.3855421687,,,,,,,
29,0.3,margin_rolling,353,19.34597731,score_margin,1000,3,242,226,0.8842975207,0.889380531,0.8982300885,4014.048673,6724,7128,0.008849557522,0.389380531,,,,,,,
29,0.3,margin_rolling,354,19.34597731,score_margin,1000,3,238,227,0.9243697479,0.9207048458,0.9295154185,4441.453744,7074,7128,0.008810572687,0.4405286344,,,,,,,
29,0.3,margin_rolling,355,19.38669634,score_margin,1000,4,578,506,0.8806228374,0.895256917,0.9120082816,4610.600791,7124.5,7128,0.00790513834,0.4841897233,,,,,,,
29,0.3,margin_rolling,356,20.13802338,score_margin,1000,3,548,483,0.9069343066,0.9089026915,0.9178743961,4499.985507,7112,7128,0.004140786749,0.4554865424,,,,,,,
29,0.3,margin_rolling,357,20.35896111,score_margin,1000,2,406,363,0.9310344828,0.9338842975,0.9416896235,4196.826446,6870,7128,0.01377410468,0.3939393939,,,,,,,
29,0.3,margin_rolling,358,18.85776615,score_margin,1000,3,300,276,0.87,0.8695652174,0.8852657005,3489.351449,1760,7128,0.01449275362,0.3043478261,,,,,,,
29,0.3,margin_rolling,359,19.34410167,score_margin,1000,3,330,312,0.9484848485,0.9487179487,0.9561965812,4923.086538,7128,7128,0.00641025641,0.5352564103,,,,,,,
29,0.3,margin_rolling,360,17.01741803,score_margin,1000,3,228,214,0.8552631579,0.8644859813,0.8761682243,3674.836449,2839,7128,0.009345794393,0.3364485981,,,,,,,
29,0.3,margin_rolling,361,19.0204668,score_margin,1000,4,246,226,0.906504065,0.9026548673,0.9122418879,3635.628319,2740,7128,0.02212389381,0.3761061947,,,,,,,
29,0.3,margin_rolling,362,18.09812737,score_margin,1000,4,620,530,0.8564516129,0.9,0.9176042492,3662.277358,3478.5,7128,0.009433962264,0.3358490566,,,,,,,
29,0.3,margin_rolling,363,20.2579174,score_margin,1000,3,386,353,0.9300518135,0.9320113314,0.944523135,4049.90085,6562,7128,0.01133144476,0.3937677054,,,,,,,
29,0.3,margin_rolling,364,19.99497795,score_margin,1000,2,354,329,0.9265536723,0.9270516717,0.9346504559,4280.428571,6838,7128,0.01519756839,0.3951367781,,,,,,,
43,0.3,margin_rolling,292,14.21214437,score_margin,1000,3,730,658,0.8835616438,0.8920972644,0.9044072948,3808.958967,5490.5,7128,0.004559270517,0.3480243161,,,,,,,
43,0.3,margin_rolling,293,14.5901382,score_margin,1000,2,658,581,0.9164133739,0.9191049914,0.9323006311,4221.812392,6566,7128,0.006884681583,0.3820998279,,,,,,,
43,0.3,margin_rolling,294,14.65557194,score_margin,1000,2,618,538,0.8932038835,0.8847583643,0.907094176,4001.890335,6508.5,7128,0.01301115242,0.3717472119,,,,,,,
43,0.3,margin_rolling,295,14.71495485,score_margin,1000,2,666,578,0.9024024024,0.9048442907,0.9231545559,4011.859862,6102.5,7128,0.005190311419,0.3477508651,,,,,,,
43,0.3,margin_rolling,296,14.75432301,score_margin,1000,2,516,466,0.8643410853,0.8690987124,0.8809728183,3956.38412,5940.5,7128,0.002145922747,0.3605150215,,,,,,,
43,0.3,margin_rolling,297,15.17496669,score_margin,1000,2,292,254,0.8424657534,0.8582677165,0.879855643,3563.826772,2061,7128,0.003937007874,0.3031496063,,,,,,,
43,0.3,margin_rolling,298,16.42684251,score_margin,1000,3,252,224,0.9007936508,0.9017857143,0.920014881,4053.870536,6375,7128,0,0.3839285714,,,,,,,
43,0.3,margin_rolling,299,16.42168427,score_margin,1000,3,702,615,0.905982906,0.912195122,0.9266666667,4284.471545,6893,7128,0.00325203252,0.3788617886,,,,,,,
43,0.3,margin_rolling,300,16.40343499,score_margin,1000,3,664,573,0.9156626506,0.907504363,0.9335854179,4517.944154,7116,7128,0,0.4397905759,,,,,,,
43,0.3,margin_rolling,301,15.97094345,score_margin,1000,2,616,552,0.9269480519,0.9275362319,0.9382246377,4596.016304,7115.5,7128,0,0.4456521739,,,,,,,
43,0.3,margin_rolling,302,15.1570015,score_margin,1000,2,570,490,0.8701754386,0.8653061224,0.8823372206,3821.75102,5345,7128,0.008163265306,0.3448979592,,,,,,,
43,0.3,margin_rolling,303,15.72744656,score_margin,1000,2,542,485,0.9040590406,0.8969072165,0.9087972509,4190.579381,6586,7128,0.00206185567,0.3835051546,,,,,,,
43,0.3,margin_rolling,304,15.66194421,score_margin,1000,2,328,281,0.875,0.8647686833,0.9021352313,3800.302491,5669,7128,0.003558718861,0.3487544484,,,,,,,
43,0.3,margin_rolling,305,16.60009098,score_margin,1000,3,328,295,0.9207317073,0.9220338983,0.9352542373,4036.674576,6214,7128,0.003389830508,0.3355932203,,,,,,,
43,0.3,margin_rolling,306,16.56313515,score_margin,1000,3,582,513,0.910652921,0.918128655,0.9343079922,4267.231969,7046,7128,0.001949317739,0.4132553606,,,,,,,
43,0.3,margin_rolling,307,15.86862183,score_margin,1000,3,588,510,0.887755102,0.9019607843,0.9172875817,4345.22549,6889,7128,0.003921568627,0.3803921569,,,,,,,
43,0.3,margin_rolling,308,16.33783007,score_margin,1000,2,562,497,0.884341637,0.8832997988,0.9013318003,4293.784708,7006,7128,0.008048289738,0.4285714286,,,,,,,
43,0.3,margin_rolling,309,17.15601349,score_margin,1000,2,626,535,0.9121405751,0.9158878505,0.9314953271,4614.250467,7123,7128,0.001869158879,0.4579439252,,,,,,,
43,0.3,margin_rolling,310,16.7119365,score_margin,1000,2,620,527,0.9467741935,0.9411764706,0.9592979127,4090.56926,6443,7128,0,0.3453510436,,,,,,,
43,0.3,margin_rolling,311,14.90232658,score_margin,1000,2,438,366,0.8904109589,0.8743169399,0.9093806922,3186.150273,1012.5,7128,0.008196721311,0.2486338798,,,,,,,
43,0.3,margin_rolling,312,14.43383503,score_margin,1000,2,460,368,0.8434782609,0.8586956522,0.8877587992,2871.831522,696,7128,0.01902173913,0.2282608696,,,,,,,
43,0.3,margin_rolling,313,16.26181352,score_margin,1000,3,794,641,0.8942065491,0.8892355694,0.9172386895,3640.396256,2633,7128,0.004680187207,0.3213728549,,,,,,,
43,0.3,margin_rolling,314,17.47610986,score_margin,1000,2,678,585,0.9247787611,0.9230769231,0.9404029304,4084.724786,6777,7128,0.001709401709,0.3811965812,,,,,,,
43,0.3,margin_rolling,315,16.44863963,score_margin,1000,2,774,660,0.8953488372,0.8893939394,0.908989899,3879.884848,5599,7128,0.00303030303,0.3227272727,,,,,,,
43,0.3,margin_rolling,316,16.78804111,score_margin,1000,2,758,622,0.9182058047,0.9083601286,0.927170418,4302.524116,6708.5,7128,0.001607717042,0.3633440514,,,,,,,
43,0.3,margin_rolling,317,16.18977547,score_margin,1000,2,630,559,0.8920634921,0.8926654741,0.9119558736,3491.781753,2189,7128,0.007155635063,0.2754919499,,,,,,,
43,0.3,margin_rolling,318,16.49068713,score_margin,1000,2,342,308,0.8947368421,0.8928571429,0.9101731602,3384.850649,1378.5,7128,0.006493506494,0.2987012987,,,,,,,
43,0.3,margin_rolling,319,16.79433489,score_margin,1000,3,324,290,0.9320987654,0.924137931,0.9327586207,3576.217241,1946.5,7128,0.003448275862,0.2896551724,,,,,,,
43,0.3,margin_rolling,320,16.50273371,score_margin,1000,3,736,646,0.8831521739,0.886996904,0.899380805,3970.334365,6257,7128,0.00773993808,0.3808049536,,,,,,,
43,0.3,margin_rolling,321,16.62096858,score_margin,1000,2,680,603,0.9029411765,0.8971807629,0.9137645108,4065.046434,6226,7128,0.009950248756,0.3217247098,,,,,,,
43,0.3,margin_rolling,322,18.05628633,score_margin,1000,2,668,595,0.9371257485,0.9394957983,0.9459383754,4413.759664,7029,7128,0.001680672269,0.4084033613,,,,,,,
43,0.3,margin_rolling,323,16.02282763,score_margin,1000,2,668,600,0.875748503,0.8716666667,0.8925,3815.221667,5011.5,7128,0.005,0.2966666667,,,,,,,
43,0.3,margin_rolling,324,17.03794193,score_margin,1000,2,796,650,0.8881909548,0.8907692308,0.9207435897,4067.186154,6647.5,7128,0.007692307692,0.3676923077,,,,,,,
43,0.3,margin_rolling,325,17.43944502,score_margin,1000,2,398,360,0.8894472362,0.8944444444,0.900462963,3796.844444,5739.5,7128,0.008333333333,0.3777777778,,,,,,,
43,0.3,margin_rolling,326,17.23325729,score_margin,1000,2,422,348,0.855450237,0.8620689655,0.8751197318,3238.396552,1075.5,7128,0.005747126437,0.2931034483,,,,,,,
43,0.3,margin_rolling,327,18.98566532,score_margin,1000,3,738,621,0.9078590786,0.9162640902,0.9378690284,4440.919485,7044,7128,0.004830917874,0.4283413849,,,,,,,
43,0.3,margin_rolling,328,19.08084953,score_margin,1000,2,600,526,0.9283333333,0.9353612167,0.9463154083,4592.391635,7088.5,7128,0.001901140684,0.4220532319,,,,,,,
43,0.3,margin_rolling,329,17.47854614,score_margin,1000,2,684,599,0.9166666667,0.9165275459,0.9324986088,4076.30384,6464,7128,0.003338898164,0.3622704508,,,,,,,
43,0.3,margin_rolling,330,16.74381018,score_margin,1000,2,640,580,0.9078125,0.9120689655,0.9208333333,3788.736207,5204,7128,0.01034482759,0.3120689655,,,,,,,
43,0.3,margin_rolling,331,16.62974262,score_margin,1000,2,506,474,0.9169960474,0.9135021097,0.9178973277,3846.360759,5450,7128,0.008438818565,0.3164556962,,,,,,,
43,0.3,margin_rolling,332,15.96204376,score_margin,1000,2,318,300,0.9056603774,0.9066666667,0.9144444444,3357.7,1336,7128,0.02666666667,0.3133333333,,,,,,,
43,0.3,margin_rolling,333,15.81030059,score_margin,1000,3,342,312,0.8625730994,0.8621794872,0.8771367521,3346.403846,1692.5,7128,0.01282051282,0.3108974359,,,,,,,
43,0.3,margin_rolling,334,16.68103409,score_margin,1000,3,700,633,0.8914285714,0.8925750395,0.9039231174,3684.804107,4292,7128,0.01579778831,0.3159557662,,,,,,,
43,0.3,margin_rolling,335,17.23679844,score_margin,1000,2,656,587,0.8993902439,0.8943781942,0.9093696763,3847.959114,5796,7128,0.006814310051,0.3458262351,,,,,,,
43,0.3,margin_rolling,336,17.82260895,score_margin,1000,2,632,551,0.8939873418,0.889292196,0.9094373866,4068.604356,6481,7128,0.007259528131,0.3756805808,,,,,,,
43,0.3,margin_rolling,337,18.15419197,score_margin,1000,2,552,492,0.9148550725,0.918699187,0.9304878049,3954.75,6410,7128,0.00406504065,0.343495935,,,,,,,
43,0.3,margin_rolling,338,17.99222136,score_margin,1000,2,496,457,0.9032258065,0.9168490153,0.9256017505,3978.78337,6422,7128,0.006564551422,0.3544857768,,,,,,,
43,0.3,margin_rolling,339,17.39471306,score_margin,1000,2,328,297,0.8902439024,0.8922558923,0.8992704826,3656.390572,4678,7128,0.02693602694,0.2760942761,,,,,,,
43,0.3,margin_rolling,340,17.98783875,score_margin,1000,3,328,303,0.9176829268,0.9240924092,0.9317931793,4072.148515,6335,7128,0.009900990099,0.3597359736,,,,,,,
43,0.3,margin_rolling,341,17.71279766,score_margin,1000,3,576,519,0.8819444444,0.8901734104,0.9027617213,3947.021195,6067,7128,0.009633911368,0.3487475915,,,,,,,
43,0.3,margin_rolling,342,18.20848751,score_margin,1000,3,636,565,0.9119496855,0.9044247788,0.9253687316,4068.927434,6117,7128,0.01238938053,0.382300885,,,,,,,
43,0.3,margin_rolling,343,18.65234721,score_margin,1000,2,642,567,0.8909657321,0.8888888889,0.9037037037,4547.606702,7074,7128,0.01234567901,0.4162257496,,,,,,,
43,0.3,margin_rolling,344,18.75536931,score_margin,1000,2,650,582,0.8938461538,0.8883161512,0.9057846506,4223.25945,6936.5,7128,0.008591065292,0.3917525773,,,,,,,
43,0.3,margin_rolling,345,19.76626968,score_margin,1000,2,586,501,0.9112627986,0.9041916168,0.9158349967,4423.742515,7108,7128,0.001996007984,0.4471057884,,,,,,,
43,0.3,margin_rolling,346,19.19882584,score_margin,1000,2,224,197,0.8928571429,0.8934010152,0.9086294416,3533.22335,1524,7128,0,0.2994923858,,,,,,,
43,0.3,margin_rolling,347,19.04422146,score_margin,1000,3,306,277,0.9248366013,0.9277978339,0.93622142,3359.920578,1220,7128,0.007220216606,0.3032490975,,,,,,,
43,0.3,margin_rolling,348,18.75649309,score_margin,1000,3,714,610,0.9019607843,0.8983606557,0.9159836066,3815.068852,5443,7128,0.004918032787,0.3459016393,,,,,,,
43,0.3,margin_rolling,349,18.55890131,score_margin,1000,2,600,545,0.865,0.8642201835,0.8773700306,3652.511927,4325,7128,0.001834862385,0.3467889908,,,,,,,
43,0.3,margin_rolling,350,20.80507159,score_margin,1000,2,656,560,0.9009146341,0.8964285714,0.916577381,3984.467857,6087.5,7128,0.001785714286,0.3642857143,,,,,,,
43,0.3,margin_rolling,351,20.84620309,score_margin,1000,2,522,476,0.8946360153,0.8970588235,0.9149159664,3894.97479,5988.5,7128,0.004201680672,0.3676470588,,,,,,,
43,0.3,margin_rolling,352,21.14752102,score_margin,1000,2,462,415,0.8939393939,0.9036144578,0.9190763052,4204.860241,6764,7128,0.002409638554,0.3614457831,,,,,,,
43,0.3,margin_rolling,353,21.76093674,score_margin,1000,3,242,226,0.8719008264,0.8716814159,0.8871681416,3873.358407,5607,7128,0,0.3716814159,,,,,,,
43,0.3,margin_rolling,354,22.14340401,score_margin,1000,3,238,227,0.9453781513,0.9427312775,0.9500734214,4445.334802,7027,7128,0.004405286344,0.4185022026,,,,,,,
43,0.3,margin_rolling,355,22.01797485,score_margin,1000,4,578,506,0.8910034602,0.8992094862,0.9176783362,4714.464427,7114,7128,0.005928853755,0.45256917,,,,,,,
43,0.3,margin_rolling,356,22.0193615,score_margin,1000,3,548,483,0.9142335766,0.9130434783,0.9223602484,4351.225673,7019,7128,0,0.4202898551,,,,,,,
43,0.3,margin_rolling,357,21.27979946,score_margin,1000,2,406,363,0.9187192118,0.914600551,0.9267676768,3905.550964,5552,7128,0.01101928375,0.303030303,,,,,,,
43,0.3,margin_rolling,358,20.31892896,score_margin,1000,3,300,276,0.91,0.902173913,0.9208937198,3368.072464,1466,7128,0.01086956522,0.2608695652,,,,,,,
43,0.3,margin_rolling,359,19.93258572,score_margin,1000,3,330,312,0.9393939394,0.9358974359,0.9465811966,4464.88141,7092,7128,0.00641025641,0.4455128205,,,,,,,
43,0.3,margin_rolling,360,18.50429535,score_margin,1000,3,228,214,0.8771929825,0.8785046729,0.8925233645,3274.453271,1328,7128,0.004672897196,0.285046729,,,,,,,
43,0.3,margin_rolling,361,19.30922604,score_margin,1000,4,246,226,0.8699186992,0.8628318584,0.8694690265,3219.181416,1069,7128,0.02212389381,0.2831858407,,,,,,,
43,0.3,margin_rolling,362,19.14232862,score_margin,1000,4,620,530,0.8580645161,0.8886792453,0.9131734581,3375.04717,1434,7128,0.01509433962,0.2849056604,,,,,,,
43,0.3,margin_rolling,363,22.46539879,score_margin,1000,3,386,353,0.9170984456,0.9178470255,0.9346081209,4011.563739,6435,7128,0.00566572238,0.3654390935,,,,,,,
43,0.3,margin_rolling,364,21.94202423,score_margin,1000,2,354,329,0.9039548023,0.905775076,0.9138804458,4018.948328,6317,7128,0.009118541033,0.3434650456,,,,,,,
59,0.3,margin_rolling,292,14.90464926,score_margin,1000,3,730,658,0.8780821918,0.8890577508,0.8995947315,3858.392097,5364,7128,0.01063829787,0.3343465046,,,,,,,
59,0.3,margin_rolling,293,15.68234515,score_margin,1000,2,658,581,0.9285714286,0.934595525,0.9480780264,4353.592083,6884,7128,0.01032702238,0.3924268503,,,,,,,
59,0.3,margin_rolling,294,15.50398493,score_margin,1000,2,618,538,0.8818770227,0.8773234201,0.898110285,4104.302974,6583,7128,0.01486988848,0.373605948,,,,,,,
59,0.3,margin_rolling,295,15.8996973,score_margin,1000,2,666,578,0.9039039039,0.9117647059,0.9318915802,4347.513841,6866,7128,0.005190311419,0.3788927336,,,,,,,
59,0.3,margin_rolling,296,16.2227186,score_margin,1000,2,516,466,0.8914728682,0.8927038627,0.9080829757,4360.787554,7012,7128,0.004291845494,0.4055793991,,,,,,,
59,0.3,margin_rolling,297,16.20170212,score_margin,1000,2,292,254,0.852739726,0.8858267717,0.8956692913,3665.027559,3671,7128,0.003937007874,0.3188976378,,,,,,,
59,0.3,margin_rolling,298,17.38274193,score_margin,1000,3,252,224,0.9285714286,0.9419642857,0.9534970238,4289.125,7057,7128,0,0.3928571429,,,,,,,
59,0.3,margin_rolling,299,16.81475186,score_margin,1000,3,702,615,0.8917378917,0.9024390244,0.9193883082,4329.936585,6901,7128,0.00325203252,0.3723577236,,,,,,,
59,0.3,margin_rolling,300,17.07872963,score_margin,1000,3,664,573,0.9036144578,0.9057591623,0.9307737056,4598.554974,7098,7128,0.005235602094,0.4240837696,,,,,,,
59,0.3,margin_rolling,301,17.39311504,score_margin,1000,2,616,552,0.9269480519,0.9275362319,0.9400362319,4774.769928,7125,7128,0,0.4619565217,,,,,,,
59,0.3,margin_rolling,302,16.33293104,score_margin,1000,2,570,490,0.8754385965,0.8734693878,0.8891933916,3908.710204,5494,7128,0.00612244898,0.3591836735,,,,,,,
59,0.3,margin_rolling,303,16.93809652,score_margin,1000,2,542,485,0.9095940959,0.9051546392,0.9160824742,4295.810309,6927,7128,0.00412371134,0.3979381443,,,,,,,
59,0.3,margin_rolling,304,16.64164162,score_margin,1000,2,328,281,0.862804878,0.8612099644,0.8970937129,3951.548043,6197,7128,0.007117437722,0.3309608541,,,,,,,
59,0.3,margin_rolling,305,17.36825562,score_margin,1000,3,328,295,0.9085365854,0.9118644068,0.9244067797,4053.220339,6539,7128,0.003389830508,0.3389830508,,,,,,,
59,0.3,margin_rolling,306,17.36076736,score_margin,1000,3,582,513,0.9037800687,0.9122807018,0.926445744,4288.214425,7000,7128,0.007797270955,0.4054580897,,,,,,,
59,0.3,margin_rolling,307,17.44543338,score_margin,1000,3,588,510,0.9013605442,0.9137254902,0.9310784314,4602.576471,7074.5,7128,0.003921568627,0.4254901961,,,,,,,
59,0.3,margin_rolling,308,17.12151092,score_margin,1000,2,562,497,0.8879003559,0.8853118712,0.9045223723,4316.458753,7003,7128,0.01408450704,0.4386317907,,,,,,,
59,0.3,margin_rolling,309,18.1240634,score_margin,1000,2,626,535,0.9009584665,0.9121495327,0.9284423676,4698.229907,7115,7128,0.001869158879,0.4429906542,,,,,,,
59,0.3,margin_rolling,310,18.56742299,score_margin,1000,2,620,527,0.9564516129,0.9506641366,0.9655281467,4407.781784,6940,7128,0.00569259962,0.385199241,,,,,,,
59,0.3,margin_rolling,311,16.16192913,score_margin,1000,2,438,366,0.8858447489,0.868852459,0.902003643,3276.989071,1175.5,7128,0.01639344262,0.2568306011,,,,,,,
59,0.3,margin_rolling,312,15.56528473,score_margin,1000,2,460,368,0.8347826087,0.8559782609,0.8830874741,3102.486413,984,7128,0.02173913043,0.2173913043,,,,,,,
59,0.3,margin_rolling,313,17.36779404,score_margin,1000,3,794,641,0.895465995,0.895475819,0.9229589184,3847.310452,5247,7128,0.00624024961,0.3432137285,,,,,,,
59,0.3,margin_rolling,314,18.15271759,score_margin,1000,2,678,585,0.9233038348,0.9247863248,0.9411843712,4116.302564,6615,7128,0.008547008547,0.3623931624,,,,,,,
59,0.3,margin_rolling,315,17.69786739,score_margin,1000,2,774,660,0.9082687339,0.9060606061,0.9252777778,4028.1,5898.5,7128,0.009090909091,0.3242424242,,,,,,,
59,0.3,margin_rolling,316,17.71261406,score_margin,1000,2,758,622,0.9208443272,0.9131832797,0.9327438371,4377.625402,6835.5,7128,0.009646302251,0.3504823151,,,,,,,
59,0.3,margin_rolling,317,16.66097307,score_margin,1000,2,630,559,0.8746031746,0.8747763864,0.8948121646,3445.398927,2284,7128,0.01073345259,0.2701252236,,,,,,,
59,0.3,margin_rolling,318,18.10417175,score_margin,1000,2,342,308,0.9064327485,0.9090909091,0.9253246753,3629.233766,4266.5,7128,0.006493506494,0.3116883117,,,,,,,
59,0.3,margin_rolling,319,18.10417175,score_margin,1000,3,324,290,0.9074074074,0.9,0.9086206897,3877.496552,5820,7128,0.003448275862,0.3275862069,,,,,,,
59,0.3,margin_rolling,320,18.20189297,score_margin,1000,3,736,646,0.9089673913,0.919504644,0.9289043688,4351.950464,6984.5,7128,0.004643962848,0.419504644,,,,,,,
59,0.3,margin_rolling,321,17.54201889,score_margin,1000,2,680,603,0.8941176471,0.8855721393,0.9021558872,4096.761194,6357,7128,0.01326699834,0.3416252073,,,,,,,
59,0.3,margin_rolling,322,19.09695721,score_margin,1000,2,668,595,0.9416167665,0.9445378151,0.9518207283,4546.235294,7011,7128,0.003361344538,0.4,,,,,,,
59,0.3,margin_rolling,323,17.12364721,score_margin,1000,2,668,600,0.8847305389,0.8816666667,0.8991666667,3883.1,5176.5,7128,0.008333333333,0.2966666667,,,,,,,
59,0.3,margin_rolling,324,17.6546874,score_margin,1000,2,796,650,0.8781407035,0.8830769231,0.9106153846,3969.246154,5978,7128,0.01230769231,0.32,,,,,,,
59,0.3,margin_rolling,325,18.15284157,score_margin,1000,2,398,360,0.8592964824,0.8638888889,0.8726851852,3684.641667,4101.5,7128,0.01944444444,0.3472222222,,,,,,,
59,0.3,margin_rolling,326,19.03725338,score_margin,1000,2,422,348,0.86492891,0.8764367816,0.8943965517,3399.068966,1395.5,7128,0.008620689655,0.2959770115,,,,,,,
59,0.3,margin_rolling,327,20.26640487,score_margin,1000,3,738,621,0.9078590786,0.9178743961,0.9400161031,4449.594203,7096,7128,0.004830917874,0.423510467,,,,,,,
59,0.3,margin_rolling,328,20.54801989,score_margin,1000,2,600,526,0.93,0.9315589354,0.9476281007,4684.903042,7121,7128,0.003802281369,0.4581749049,,,,,,,
59,0.3,margin_rolling,329,19.29957938,score_margin,1000,2,684,599,0.9166666667,0.9131886477,0.9285475793,4283.345576,7024,7128,0.005008347245,0.3989983306,,,,,,,
59,0.3,margin_rolling,330,18.6818161,score_margin,1000,2,640,580,0.9125,0.9172413793,0.9234195402,4205.07069,6679,7128,0.006896551724,0.3551724138,,,,,,,
59,0.3,margin_rolling,331,18.31691027,score_margin,1000,2,506,474,0.9268774704,0.9261603376,0.9319620253,4112.122363,6430.5,7128,0.01054852321,0.3396624473,,,,,,,
59,0.3,margin_rolling,332,17.32499981,score_margin,1000,2,318,300,0.8962264151,0.9,0.9072222222,3593.166667,3188.5,7128,0.02,0.2833333333,,,,,,,
59,0.3,margin_rolling,333,17.22153878,score_margin,1000,3,342,312,0.8801169591,0.8782051282,0.8963675214,3588.61859,3510.5,7128,0.02564102564,0.2916666667,,,,,,,
59,0.3,margin_rolling,334,17.40216255,score_margin,1000,3,700,633,0.8985714286,0.9004739336,0.9134017904,3690.151659,4586,7128,0.01895734597,0.3048973144,,,,,,,
59,0.3,margin_rolling,335,17.83061564,score_margin,1000,2,656,587,0.8902439024,0.8875638842,0.9042021579,3790.451448,5824,7128,0.01192504259,0.32879046,,,,,,,
59,0.3,margin_rolling,336,19.09634113,score_margin,1000,2,632,551,0.8892405063,0.8838475499,0.9024198427,4255.825771,6886,7128,0.0108892922,0.3647912886,,,,,,,
59,0.3,margin_rolling,337,19.4912734,score_margin,1000,2,552,492,0.9166666667,0.924796748,0.9352303523,4111.843496,6774.5,7128,0.006097560976,0.3739837398,,,,,,,
59,0.3,margin_rolling,338,19.20825696,score_margin,1000,2,496,457,0.9092741935,0.9212253829,0.9310722101,4244.030635,6739,7128,0.00875273523,0.363238512,,,,,,,
59,0.3,margin_rolling,339,18.61041284,score_margin,1000,2,328,297,0.881097561,0.8720538721,0.8872053872,3599.771044,3827,7128,0.02693602694,0.303030303,,,,,,,
59,0.3,margin_rolling,340,18.92282486,score_margin,1000,3,328,303,0.9085365854,0.9174917492,0.9279427943,3985.630363,5948,7128,0.01320132013,0.3531353135,,,,,,,
59,0.3,margin_rolling,341,19.00155234,score_margin,1000,3,576,519,0.8888888889,0.8978805395,0.9133590238,4109.583815,6621,7128,0.01348747592,0.3468208092,,,,,,,
59,0.3,margin_rolling,342,19.28425753,score_margin,1000,3,636,565,0.8946540881,0.8920353982,0.9079646018,4173.939823,6589,7128,0.01238938053,0.3982300885,,,,,,,
59,0.3,margin_rolling,343,20.43082809,score_margin,1000,2,642,567,0.8925233645,0.8924162257,0.9068783069,4736.144621,7114,7128,0.007054673721,0.442680776,,,,,,,
59,0.3,margin_rolling,344,20.80437422,score_margin,1000,2,650,582,0.8969230769,0.8951890034,0.9100801833,4445.262887,7006,7128,0.006872852234,0.4295532646,,,,,,,
59,0.3,margin_rolling,345,21.58808708,score_margin,1000,2,586,501,0.9197952218,0.9101796407,0.9208250166,4588.441118,7122,7128,0.005988023952,0.4750499002,,,,,,,
59,0.3,margin_rolling,346,20.11357498,score_margin,1000,2,224,197,0.8883928571,0.8934010152,0.9111675127,3461.167513,1757,7128,0.01015228426,0.3045685279,,,,,,,
59,0.3,margin_rolling,347,20.06079006,score_margin,1000,3,306,277,0.9215686275,0.9241877256,0.9308062575,3461.209386,1398,7128,0.01083032491,0.3249097473,,,,,,,
59,0.3,margin_rolling,348,19.32687211,score_margin,1000,3,714,610,0.8907563025,0.8885245902,0.906010929,3816.1,5675.5,7128,0.01147540984,0.3098360656,,,,,,,
59,0.3,margin_rolling,349,19.66468716,score_margin,1000,2,600,545,0.87,0.871559633,0.8825688073,3798.541284,5483,7128,0.001834862385,0.3247706422,,,,,,,
59,0.3,margin_rolling,350,21.7547226,score_margin,1000,2,656,560,0.9161585366,0.9142857143,0.9329464286,3923.480357,5397,7128,0.003571428571,0.3589285714,,,,,,,
59,0.3,margin_rolling,351,21.01861191,score_margin,1000,2,522,476,0.8888888889,0.8928571429,0.9135154062,3682.220588,4857,7128,0.01470588235,0.3235294118,,,,,,,
59,0.3,margin_rolling,352,21.40637887,score_margin,1000,2,462,415,0.9004329004,0.913253012,0.9304216867,4037.840964,6293,7128,0.009638554217,0.3228915663,,,,,,,
59,0.3,margin_rolling,353,22.01890513,score_margin,1000,3,242,226,0.867768595,0.8628318584,0.8805309735,3788.756637,5621.5,7128,0.004424778761,0.3451327434,,,,,,,
59,0.3,margin_rolling,354,22.77402449,score_margin,1000,3,238,227,0.8991596639,0.8986784141,0.9089574156,4400.788546,6976,7128,0.004405286344,0.4008810573,,,,,,,
59,0.3,margin_rolling,355,23.31112242,score_margin,1000,4,578,506,0.9031141869,0.9130434783,0.9275597591,4687.594862,7122,7128,0.005928853755,0.4486166008,,,,,,,
59,0.3,margin_rolling,356,23.13033104,score_margin,1000,3,548,483,0.9142335766,0.9130434783,0.9223602484,4451.623188,7024,7128,0.002070393375,0.4037267081,,,,,,,
59,0.3,margin_rolling,357,22.92767467,score_margin,1000,2,406,363,0.9236453202,0.9228650138,0.9322773186,3964.033058,6079,7128,0.00826446281,0.3278236915,,,,,,,
59,0.3,margin_rolling,358,21.81877136,score_margin,1000,3,300,276,0.88,0.884057971,0.8970410628,3329.289855,1184,7128,0.02173913043,0.2608695652,,,,,,,
59,0.3,margin_rolling,359,22.64775801,score_margin,1000,3,330,312,0.9575757576,0.9583333333,0.9631410256,4854.778846,7127.5,7128,0.00641025641,0.5,,,,,,,
59,0.3,margin_rolling,360,20.89724016,score_margin,1000,3,228,214,0.9078947368,0.9112149533,0.9182242991,3577.780374,2548,7128,0.009345794393,0.3224299065,,,,,,,
59,0.3,margin_rolling,361,21.69182348,score_margin,1000,4,246,226,0.8861788618,0.8849557522,0.8930678466,3418.89823,1585,7128,0.03097345133,0.296460177,,,,,,,
59,0.3,margin_rolling,362,20.20279549,score_margin,1000,4,620,530,0.8596774194,0.9,0.9179187147,3376.835849,1738.5,7128,0.01320754717,0.2735849057,,,,,,,
59,0.3,margin_rolling,363,23.21135139,score_margin,1000,3,386,353,0.914507772,0.9206798867,0.9329556185,3971.215297,5968,7128,0.008498583569,0.3512747875,,,,,,,
59,0.3,margin_rolling,364,23.21135139,score_margin,1000,2,354,329,0.906779661,0.905775076,0.9164133739,3991.802432,6389,7128,0.009118541033,0.3465045593,,,,,,,
71,0.3,margin_rolling,292,14.78836346,score_margin,1000,3,730,658,0.8863013699,0.8951367781,0.907852077,3870.705167,5162,7128,0.01215805471,0.3313069909,,,,,,,
71,0.3,margin_rolling,293,15.04312515,score_margin,1000,2,658,581,0.9270516717,0.9294320138,0.9446356856,4176.597246,6614,7128,0.01376936317,0.3580034423,,,,,,,
71,0.3,margin_rolling,294,14.7732088,score_margin,1000,2,618,538,0.8754045307,0.8680297398,0.8940830235,3854.055762,4940.5,7128,0.02230483271,0.3271375465,,,,,,,
71,0.3,margin_rolling,295,15.52124856,score_margin,1000,2,666,578,0.9024024024,0.9031141869,0.9250865052,4265.448097,6516.5,7128,0.003460207612,0.339100346,,,,,,,
71,0.3,margin_rolling,296,15.73587751,score_margin,1000,2,516,466,0.8798449612,0.8733905579,0.8914878398,4113.446352,6448,7128,0.00643776824,0.3454935622,,,,,,,
71,0.3,margin_rolling,297,16.08654952,score_margin,1000,2,292,254,0.8630136986,0.874015748,0.8896325459,3690.685039,4133.5,7128,0.007874015748,0.3228346457,,,,,,,
71,0.3,margin_rolling,298,16.89657193,score_margin,1000,3,252,224,0.9246031746,0.9285714286,0.9445684524,4208.602679,6544,7128,0.008928571429,0.3348214286,,,,,,,
71,0.3,margin_rolling,299,16.58289242,score_margin,1000,3,702,615,0.9045584046,0.9154471545,0.9272009292,4365.980488,6884,7128,0.006504065041,0.356097561,,,,,,,
71,0.3,margin_rolling,300,16.01226616,score_margin,1000,3,664,573,0.9021084337,0.9022687609,0.9235989917,4329.776614,6836,7128,0.01047120419,0.3542757417,,,,,,,
71,0.3,margin_rolling,301,16.65197468,score_margin,1000,2,616,552,0.9285714286,0.9293478261,0.9373188406,4601.969203,7097,7128,0.003623188406,0.4112318841,,,,,,,
71,0.3,margin_rolling,302,15.65586424,score_margin,1000,2,570,490,0.8754385965,0.8734693878,0.8907434402,3775.391837,4465,7128,0.02040816327,0.306122449,,,,,,,
71,0.3,margin_rolling,303,16.51462317,score_margin,1000,2,542,485,0.9077490775,0.9030927835,0.9098969072,4158.868041,6687,7128,0.00618556701,0.3608247423,,,,,,,
71,0.3,margin_rolling,304,15.88280201,score_margin,1000,2,328,281,0.8841463415,0.8861209964,0.9122182681,3882.576512,5394,7128,0.01067615658,0.3096085409,,,,,,,
71,0.3,margin_rolling,305,16.67349339,score_margin,1000,3,328,295,0.9359756098,0.9355932203,0.9500564972,3884.942373,5000,7128,0.006779661017,0.2949152542,,,,,,,
71,0.3,margin_rolling,306,15.76959801,score_margin,1000,3,582,513,0.8848797251,0.8966861598,0.9127680312,3911.818713,6061,7128,0.01559454191,0.3391812865,,,,,,,
71,0.3,margin_rolling,307,16.06087685,score_margin,1000,3,588,510,0.8894557823,0.9019607843,0.9147712418,4182.276471,6238.5,7128,0.0137254902,0.3470588235,,,,,,,
71,0.3,margin_rolling,308,16.86469719,score_margin,1000,2,562,497,0.9003558719,0.8973843058,0.914889336,4273.044266,6860,7128,0.01408450704,0.4004024145,,,,,,,
71,0.3,margin_rolling,309,16.86469719,score_margin,1000,2,626,535,0.8961661342,0.9009345794,0.9195015576,4496.895327,6991,7128,0.01121495327,0.3925233645,,,,,,,
71,0.3,margin_rolling,310,17.08527088,score_margin,1000,2,620,527,0.9306451613,0.9222011385,0.9486084756,4171.863378,6524,7128,0.01138519924,0.3149905123,,,,,,,
71,0.3,margin_rolling,311,16.23939705,score_margin,1000,2,438,366,0.904109589,0.893442623,0.9203096539,3361.734973,1611,7128,0.01639344262,0.2349726776,,,,,,,
71,0.3,margin_rolling,312,15.75804043,score_margin,1000,2,460,368,0.8760869565,0.8777173913,0.9073110766,3043.942935,1037,7128,0.01358695652,0.2010869565,,,,,,,
71,0.3,margin_rolling,313,16.67599583,score_margin,1000,3,794,641,0.8942065491,0.8923556942,0.9158086323,3611.113885,4085,7128,0.01560062402,0.2730109204,,,,,,,
71,0.3,margin_rolling,314,17.04840469,score_margin,1000,2,678,585,0.8997050147,0.8974358974,0.9180993081,3854.150427,5642,7128,0.01367521368,0.2957264957,,,,,,,
71,0.3,margin_rolling,315,17.39043808,score_margin,1000,2,774,660,0.8927648579,0.8893939394,0.9057070707,3993.627273,6066.5,7128,0.01060606061,0.3045454545,,,,,,,
71,0.3,margin_rolling,316,17.79959202,score_margin,1000,2,758,622,0.919525066,0.9115755627,0.9344051447,4436.786174,6883.5,7128,0.004823151125,0.345659164,,,,,,,
71,0.3,margin_rolling,317,17.33660293,score_margin,1000,2,630,559,0.8936507937,0.8890876565,0.9101371497,3546.309481,3497,7128,0.01073345259,0.2647584973,,,,,,,
71,0.3,margin_rolling,318,17.68000904,score_margin,1000,2,342,308,0.9064327485,0.9058441558,0.9247835498,3500.607143,1930.5,7128,0.01298701299,0.275974026,,,,,,,
71,0.3,margin_rolling,319,17.49568367,score_margin,1000,3,324,290,0.9320987654,0.924137931,0.9310344828,3542.651724,2199.5,7128,0.01034482759,0.2862068966,,,,,,,
71,0.3,margin_rolling,320,17.12742996,score_margin,1000,3,736,646,0.8872282609,0.8916408669,0.9045235638,3921.959752,6134.5,7128,0.01702786378,0.3405572755,,,,,,,
71,0.3,margin_rolling,321,17.23293434,score_margin,1000,2,680,603,0.9014705882,0.8922056385,0.907960199,3988.472637,5828,7128,0.01658374793,0.3184079602,,,,,,,
71,0.3,margin_rolling,322,17.68122053,score_margin,1000,2,668,595,0.9176646707,0.9210084034,0.9291316527,4157.722689,6447,7128,0.008403361345,0.3478991597,,,,,,,
71,0.3,margin_rolling,323,16.88490295,score_margin,1000,2,668,600,0.8922155689,0.8933333333,0.9072222222,3861.198333,5220.5,7128,0.01,0.2833333333,,,,,,,
71,0.3,margin_rolling,324,17.69784641,score_margin,1000,2,796,650,0.891959799,0.8969230769,0.9240769231,4127.975385,6374.5,7128,0.01384615385,0.3307692308,,,,,,,
71,0.3,margin_rolling,325,17.80513763,score_margin,1000,2,398,360,0.8869346734,0.8916666667,0.8986111111,3678.780556,4327.5,7128,0.01944444444,0.3527777778,,,,,,,
71,0.3,margin_rolling,326,17.88094997,score_margin,1000,2,422,348,0.8744075829,0.8649425287,0.8830220307,3262.232759,1025,7128,0.01149425287,0.2614942529,,,,,,,
71,0.3,margin_rolling,327,18.6080575,score_margin,1000,3,738,621,0.8848238482,0.8969404187,0.917740204,4171.597424,6377,7128,0.009661835749,0.3623188406,,,,,,,
71,0.3,margin_rolling,328,19.37805367,score_margin,1000,2,600,526,0.9283333333,0.9296577947,0.9398424769,4490.728137,7015,7128,0.003802281369,0.3764258555,,,,,,,
71,0.3,margin_rolling,329,18.72133589,score_margin,1000,2,684,599,0.918128655,0.9148580968,0.9302726767,4265.495826,6672,7128,0.006677796327,0.3722871452,,,,,,,
71,0.3,margin_rolling,330,17.45869637,score_margin,1000,2,640,580,0.9203125,0.925862069,0.9343390805,3819.148276,4847,7128,0.01379310345,0.2982758621,,,,,,,
71,0.3,margin_rolling,331,16.91238642,score_margin,1000,2,506,474,0.8873517787,0.8902953586,0.8950421941,3712.761603,4644,7128,0.02109704641,0.2848101266,,,,,,,
71,0.3,margin_rolling,332,16.95129919,score_margin,1000,2,318,300,0.9056603774,0.9033333333,0.91,3418.106667,1585.5,7128,0.02333333333,0.2866666667,,,,,,,
71,0.3,margin_rolling,333,17.08683348,score_margin,1000,3,342,312,0.8713450292,0.875,0.8888888889,3548.496795,3783,7128,0.02564102564,0.3044871795,,,,,,,
71,0.3,margin_rolling,334,18.02441338,score_margin,1000,3,700,633,0.9171428571,0.9241706161,0.9338335966,3916.109005,5720,7128,0.0205371248,0.3017377567,,,,,,,
71,0.3,margin_rolling,335,17.71228409,score_margin,1000,2,656,587,0.8917682927,0.8926746167,0.9060760931,3712.93356,4522,7128,0.01533219761,0.3066439523,,,,,,,
71,0.3,margin_rolling,336,18.20612526,score_margin,1000,2,632,551,0.8955696203,0.8947368421,0.9123411978,4064.475499,6036,7128,0.01451905626,0.3176043557,,,,,,,
71,0.3,margin_rolling,337,18.42494559,score_margin,1000,2,552,492,0.8967391304,0.9024390244,0.9145663957,3895.382114,5835.5,7128,0.01016260163,0.3048780488,,,,,,,
71,0.3,margin_rolling,338,19.18077946,score_margin,1000,2,496,457,0.8991935484,0.9190371991,0.9245076586,4220.501094,6615,7128,0.01312910284,0.3369803063,,,,,,,
71,0.3,margin_rolling,339,18.80870224,score_margin,1000,2,328,297,0.8993902439,0.8956228956,0.907687991,3696.208754,4487,7128,0.02693602694,0.2491582492,,,,,,,
71,0.3,margin_rolling,340,19.01248264,score_margin,1000,3,328,303,0.9176829268,0.9174917492,0.9312431243,3987.19802,5954,7128,0.01320132013,0.3498349835,,,,,,,
71,0.3,margin_rolling,341,18.7443434,score_margin,1000,3,576,519,0.8993055556,0.9075144509,0.919460501,4004.635838,6054,7128,0.01926782274,0.3159922929,,,,,,,
71,0.3,margin_rolling,342,18.602817,score_margin,1000,3,636,565,0.8883647799,0.8867256637,0.9032448378,4010.290265,5852,7128,0.02123893805,0.3380530973,,,,,,,
71,0.3,margin_rolling,343,19.91226673,score_margin,1000,2,642,567,0.8987538941,0.9012345679,0.9130511464,4701.61552,7084,7128,0.01410934744,0.4021164021,,,,,,,
71,0.3,margin_rolling,344,20.17235041,score_margin,1000,2,650,582,0.8784615385,0.8745704467,0.8883161512,4353.362543,6841.5,7128,0.01202749141,0.381443299,,,,,,,
71,0.3,margin_rolling,345,21.39638126,score_margin,1000,2,586,501,0.9385665529,0.9321357285,0.9417831005,4570.067864,7085,7128,0.003992015968,0.4231536926,,,,,,,
71,0.3,margin_rolling,346,19.24267912,score_margin,1000,2,224,197,0.8928571429,0.8984771574,0.9137055838,3147.401015,1037,7128,0.005076142132,0.2487309645,,,,,,,
71,0.3,margin_rolling,347,18.87634468,score_margin,1000,3,306,277,0.8954248366,0.9025270758,0.9073405535,3160.314079,851,7128,0.01083032491,0.2599277978,,,,,,,
71,0.3,margin_rolling,348,18.79221916,score_margin,1000,3,714,610,0.8879551821,0.8868852459,0.9021857923,3663.216393,4403.5,7128,0.01803278689,0.3114754098,,,,,,,
71,0.3,margin_rolling,349,19.424963,score_margin,1000,2,600,545,0.8633333333,0.8623853211,0.8779816514,3729.005505,4856,7128,0.007339449541,0.3137614679,,,,,,,
71,0.3,margin_rolling,350,21.60650539,score_margin,1000,2,656,560,0.8963414634,0.8892857143,0.9133928571,3974.142857,6111,7128,0.008928571429,0.3232142857,,,,,,,
71,0.3,margin_rolling,351,21.78696394,score_margin,1000,2,522,476,0.9061302682,0.9096638655,0.9233193277,3924.611345,5959.5,7128,0.01260504202,0.3340336134,,,,,,,
71,0.3,margin_rolling,352,21.47210491,score_margin,1000,2,462,415,0.8961038961,0.9012048193,0.9167670683,4054.877108,6227,7128,0.01204819277,0.3253012048,,,,,,,
71,0.3,margin_rolling,353,21.64745298,score_margin,1000,3,242,226,0.8760330579,0.8761061947,0.8938053097,3789.646018,5543.5,7128,0.01327433628,0.3053097345,,,,,,,
71,0.3,margin_rolling,354,22.04459374,score_margin,1000,3,238,227,0.9033613445,0.8986784141,0.9052863436,4318.352423,6812,7128,0.008810572687,0.3656387665,,,,,,,
71,0.3,margin_rolling,355,22.67165422,score_margin,1000,4,578,506,0.8996539792,0.9169960474,0.9305477132,4570.841897,7090.5,7128,0.00790513834,0.4209486166,,,,,,,
71,0.3,margin_rolling,356,22.51458168,score_margin,1000,3,548,483,0.8941605839,0.8944099379,0.9057971014,4243.480331,6950,7128,0.004140786749,0.3913043478,,,,,,,
71,0.3,margin_rolling,357,22.6388092,score_margin,1000,2,406,363,0.9236453202,0.9173553719,0.9348025712,4027.137741,6285,7128,0.01377410468,0.2837465565,,,,,,,
71,0.3,margin_rolling,358,21.79296637,score_margin,1000,3,300,276,0.8966666667,0.8949275362,0.9118357488,3507.271739,1826,7128,0.01811594203,0.268115942,,,,,,,
71,0.3,margin_rolling,359,21.93930817,score_margin,1000,3,330,312,0.9575757576,0.9551282051,0.9642094017,4744.224359,7122.5,7128,0.00641025641,0.4455128205,,,,,,,
71,0.3,margin_rolling,360,19.67154288,score_margin,1000,3,228,214,0.8947368421,0.8971962617,0.9065420561,3217.504673,838,7128,0.01869158879,0.2663551402,,,,,,,
71,0.3,margin_rolling,361,20.69750786,score_margin,1000,4,246,226,0.8821138211,0.8761061947,0.8827433628,3054.761062,930.5,7128,0.04424778761,0.2345132743,,,,,,,
71,0.3,margin_rolling,362,19.74899817,score_margin,1000,4,620,530,0.8580645161,0.8886792453,0.9060377358,3109.116981,974,7128,0.01886792453,0.2396226415,,,,,,,
71,0.3,margin_rolling,363,22.55114746,score_margin,1000,3,386,353,0.9352331606,0.9376770538,0.9490084986,3812.345609,5417,7128,0.01983002833,0.3201133144,,,,,,,
71,0.3,margin_rolling,364,21.86236763,score_margin,1000,2,354,329,0.895480226,0.8936170213,0.9019756839,3566.161094,2508,7128,0.03039513678,0.2705167173,,,,,,,
17,0.3,rank_rolling,292,2676,rank,1000,3,730,658,0.8534246575,0.8495440729,0.8551165147,2676,2676,2676,0,0,,,,,,,
17,0.3,rank_rolling,293,3560,rank,1000,2,658,581,0.8875379939,0.8777969019,0.8869764773,3560,3560,3560,0,0,,,,,,,
17,0.3,rank_rolling,294,3865,rank,1000,2,618,538,0.8883495146,0.873605948,0.8773234201,3865,3865,3865,0,0,,,,,,,
17,0.3,rank_rolling,295,4229,rank,1000,2,666,578,0.9294294294,0.9186851211,0.9209919262,4229,4229,4229,0,0,,,,,,,
17,0.3,rank_rolling,296,3412,rank,1000,2,516,466,0.9166666667,0.9077253219,0.913304721,3412,3412,3412,0,0,,,,,,,
17,0.3,rank_rolling,297,3299,rank,1000,2,292,254,0.897260274,0.8858267717,0.8999343832,3299,3299,3299,0,0,,,,,,,
17,0.3,rank_rolling,298,3383,rank,1000,3,252,224,0.869047619,0.8526785714,0.8582589286,3383,3383,3383,0,0,,,,,,,
17,0.3,rank_rolling,299,3479,rank,1000,3,702,615,0.9358974359,0.9268292683,0.9276422764,3479,3479,3479,0,0,,,,,,,
17,0.3,rank_rolling,300,2769,rank,1000,3,664,573,0.859939759,0.8411867365,0.8536940081,2769,2769,2769,0,0,,,,,,,
17,0.3,rank_rolling,301,3170,rank,1000,2,616,552,0.8555194805,0.8405797101,0.8532004831,3170,3170,3170,0,0,,,,,,,
17,0.3,rank_rolling,302,4387,rank,1000,2,570,490,0.9157894737,0.906122449,0.912244898,4387,4387,4387,0,0,,,,,,,
17,0.3,rank_rolling,303,4239,rank,1000,2,542,485,0.8929889299,0.8804123711,0.8855670103,4239,4239,4239,0,0,,,,,,,
17,0.3,rank_rolling,304,4232,rank,1000,2,328,281,0.9268292683,0.9288256228,0.9288256228,4232,4232,4232,0,0,,,,,,,
17,0.3,rank_rolling,305,3844,rank,1000,3,328,295,0.9176829268,0.9084745763,0.9101694915,3844,3844,3844,0,0,,,,,,,
17,0.3,rank_rolling,306,3649,rank,1000,3,582,513,0.9209621993,0.910331384,0.9135802469,3649,3649,3649,0,0,,,,,,,
17,0.3,rank_rolling,307,2713,rank,1000,3,588,510,0.8605442177,0.8411764706,0.8488888889,2713,2713,2713,0,0,,,,,,,
17,0.3,rank_rolling,308,3655,rank,1000,2,562,497,0.859430605,0.8430583501,0.8480885312,3655,3655,3655,0,0,,,,,,,
17,0.3,rank_rolling,309,4557,rank,1000,2,626,535,0.910543131,0.8990654206,0.9018691589,4557,4557,4557,0,0,,,,,,,
17,0.3,rank_rolling,310,4557,rank,1000,2,620,527,0.9467741935,0.9392789374,0.9392789374,4557,4557,4557,0,0,,,,,,,
17,0.3,rank_rolling,311,3181,rank,1000,2,438,366,0.8835616438,0.8633879781,0.8693078324,3181,3181,3181,0,0,,,,,,,
17,0.3,rank_rolling,312,3210,rank,1000,2,460,368,0.9217391304,0.9048913043,0.9173913043,3210,3210,3210,0,0,,,,,,,
17,0.3,rank_rolling,313,3035,rank,1000,3,794,641,0.8992443325,0.8751950078,0.8826833073,3035,3035,3035,0,0,,,,,,,
17,0.3,rank_rolling,314,2934,rank,1000,2,678,585,0.8997050147,0.8871794872,0.8937321937,2934,2934,2934,0,0,,,,,,,
17,0.3,rank_rolling,315,3011,rank,1000,2,774,660,0.9147286822,0.9045454545,0.9075757576,3011,3011,3011,0,0,,,,,,,
17,0.3,rank_rolling,316,2726,rank,1000,2,758,622,0.8720316623,0.8440514469,0.8480707395,2726,2726,2726,0,0,,,,,,,
17,0.3,rank_rolling,317,3406,rank,1000,2,630,559,0.8968253968,0.8837209302,0.890608229,3406,3406,3406,0,0,,,,,,,
17,0.3,rank_rolling,318,3548,rank,1000,2,342,308,0.9035087719,0.8961038961,0.8982683983,3548,3548,3548,0,0,,,,,,,
17,0.3,rank_rolling,319,3589,rank,1000,3,324,290,0.9290123457,0.9206896552,0.9206896552,3589,3589,3589,0,0,,,,,,,
17,0.3,rank_rolling,320,3286,rank,1000,3,736,646,0.8967391304,0.886996904,0.8910732714,3286,3286,3286,0,0,,,,,,,
17,0.3,rank_rolling,321,3195,rank,1000,2,680,603,0.9073529412,0.8955223881,0.899668325,3195,3195,3195,0,0,,,,,,,
17,0.3,rank_rolling,322,3053,rank,1000,2,668,595,0.869760479,0.8571428571,0.8596638655,3053,3053,3053,0,0,,,,,,,
17,0.3,rank_rolling,323,3851,rank,1000,2,668,600,0.9071856287,0.9016666667,0.9033333333,3851,3851,3851,0,0,,,,,,,
17,0.3,rank_rolling,324,3879,rank,1000,2,796,650,0.9221105528,0.9076923077,0.9182051282,3879,3879,3879,0,0,,,,,,,
17,0.3,rank_rolling,325,3129,rank,1000,2,398,360,0.864321608,0.85,0.8555555556,3129,3129,3129,0,0,,,,,,,
17,0.3,rank_rolling,326,3399,rank,1000,2,422,348,0.9549763033,0.9482758621,0.9504310345,3399,3399,3399,0,0,,,,,,,
17,0.3,rank_rolling,327,2407,rank,1000,3,738,621,0.8861788618,0.8663446055,0.8727858293,2407,2407,2407,0,0,,,,,,,
17,0.3,rank_rolling,328,2312,rank,1000,2,600,526,0.9016666667,0.8897338403,0.894486692,2312,2312,2312,0,0,,,,,,,
17,0.3,rank_rolling,329,2586,rank,1000,2,684,599,0.865497076,0.8497495826,0.8592097941,2586,2586,2586,0,0,,,,,,,
17,0.3,rank_rolling,330,3465,rank,1000,2,640,580,0.89375,0.8827586207,0.8862068966,3465,3465,3465,0,0,,,,,,,
17,0.3,rank_rolling,331,3767,rank,1000,2,506,474,0.9308300395,0.9261603376,0.9261603376,3767,3767,3767,0,0,,,,,,,
17,0.3,rank_rolling,332,3056,rank,1000,2,318,300,0.9119496855,0.9066666667,0.9066666667,3056,3056,3056,0,0,,,,,,,
17,0.3,rank_rolling,333,2866,rank,1000,3,342,312,0.8684210526,0.8557692308,0.8573717949,2866,2866,2866,0,0,,,,,,,
17,0.3,rank_rolling,334,3107,rank,1000,3,700,633,0.9042857143,0.9004739336,0.9031068984,3107,3107,3107,0,0,,,,,,,
17,0.3,rank_rolling,335,3362,rank,1000,2,656,587,0.887195122,0.8756388416,0.8864281658,3362,3362,3362,0,0,,,,,,,
17,0.3,rank_rolling,336,3416,rank,1000,2,632,551,0.8702531646,0.8548094374,0.8617664852,3416,3416,3416,0,0,,,,,,,
17,0.3,rank_rolling,337,3891,rank,1000,2,552,492,0.9148550725,0.9044715447,0.9092140921,3891,3891,3891,0,0,,,,,,,
17,0.3,rank_rolling,338,3808,rank,1000,2,496,457,0.9032258065,0.8949671772,0.8978847557,3808,3808,3808,0,0,,,,,,,
17,0.3,rank_rolling,339,3582,rank,1000,2,328,297,0.8993902439,0.8922558923,0.9006734007,3582,3582,3582,0,0,,,,,,,
17,0.3,rank_rolling,340,3515,rank,1000,3,328,303,0.9329268293,0.9273927393,0.9273927393,3515,3515,3515,0,0,,,,,,,
17,0.3,rank_rolling,341,3015,rank,1000,3,576,519,0.8611111111,0.8477842004,0.8556840077,3015,3015,3015,0,0,,,,,,,
17,0.3,rank_rolling,342,3645,rank,1000,3,636,565,0.9040880503,0.8920353982,0.8973451327,3645,3645,3645,0,0,,,,,,,
17,0.3,rank_rolling,343,3806,rank,1000,2,642,567,0.8925233645,0.8818342152,0.8847736626,3806,3806,3806,0,0,,,,,,,
17,0.3,rank_rolling,344,3824,rank,1000,2,650,582,0.8953846154,0.8865979381,0.8903207331,3824,3824,3824,0,0,,,,,,,
17,0.3,rank_rolling,345,3891,rank,1000,2,586,501,0.9112627986,0.8962075848,0.8992015968,3891,3891,3891,0,0,,,,,,,
17,0.3,rank_rolling,346,3661,rank,1000,2,224,197,0.9464285714,0.9390862944,0.9390862944,3661,3661,3661,0,0,,,,,,,
17,0.3,rank_rolling,347,3432,rank,1000,3,306,277,0.9183006536,0.9097472924,0.9121540313,3432,3432,3432,0,0,,,,,,,
17,0.3,rank_rolling,348,3324,rank,1000,3,714,610,0.8907563025,0.8721311475,0.8745901639,3324,3324,3324,0,0,,,,,,,
17,0.3,rank_rolling,349,3440,rank,1000,2,600,545,0.9066666667,0.8972477064,0.9,3440,3440,3440,0,0,,,,,,,
17,0.3,rank_rolling,350,3323,rank,1000,2,656,560,0.9024390244,0.8892857143,0.8961309524,3323,3323,3323,0,0,,,,,,,
17,0.3,rank_rolling,351,3368,rank,1000,2,522,476,0.8582375479,0.8445378151,0.850140056,3368,3368,3368,0,0,,,,,,,
17,0.3,rank_rolling,352,3871,rank,1000,2,462,415,0.9285714286,0.9253012048,0.9269076305,3871,3871,3871,0,0,,,,,,,
17,0.3,rank_rolling,353,3744,rank,1000,3,242,226,0.9132231405,0.907079646,0.9092920354,3744,3744,3744,0,0,,,,,,,
17,0.3,rank_rolling,354,3546,rank,1000,3,238,227,0.8739495798,0.8678414097,0.8678414097,3546,3546,3546,0,0,,,,,,,
17,0.3,rank_rolling,355,3534,rank,1000,4,578,506,0.8477508651,0.8339920949,0.8432147563,3534,3534,3534,0,0,,,,,,,
17,0.3,rank_rolling,356,5074,rank,1000,3,548,483,0.9178832117,0.9109730849,0.917184265,5074,5074,5074,0,0,,,,,,,
17,0.3,rank_rolling,357,4921,rank,1000,2,406,363,0.9507389163,0.9531680441,0.9545454545,4921,4921,4921,0,0,,,,,,,
17,0.3,rank_rolling,358,3823,rank,1000,3,300,276,0.9266666667,0.9202898551,0.9202898551,3823,3823,3823,0,0,,,,,,,
17,0.3,rank_rolling,359,3300,rank,1000,3,330,312,0.9484848485,0.9455128205,0.9471153846,3300,3300,3300,0,0,,,,,,,
17,0.3,rank_rolling,360,2453,rank,1000,3,228,214,0.9298245614,0.9252336449,0.9275700935,2453,2453,2453,0,0,,,,,,,
17,0.3,rank_rolling,361,2123,rank,1000,4,246,226,0.8821138211,0.8716814159,0.8761061947,2123,2123,2123,0,0,,,,,,,
17,0.3,rank_rolling,362,2123,rank,1000,4,620,530,0.8725806452,0.8528301887,0.8613207547,2123,2123,2123,0,0,,,,,,,
17,0.3,rank_rolling,363,2492,rank,1000,3,386,353,0.8601036269,0.8526912181,0.8564683664,2492,2492,2492,0,0,,,,,,,
17,0.3,rank_rolling,364,3182,rank,1000,2,354,329,0.8728813559,0.8662613982,0.867781155,3182,3182,3182,0,0,,,,,,,
29,0.3,rank_rolling,292,3843,rank,1000,3,730,658,0.8561643836,0.858662614,0.8632218845,3843,3843,3843,0,0,,,,,,,
29,0.3,rank_rolling,293,4286,rank,1000,2,658,581,0.8981762918,0.8898450947,0.8955823293,4286,4286,4286,0,0,,,,,,,
29,0.3,rank_rolling,294,4573,rank,1000,2,618,538,0.8932038835,0.8791821561,0.885377943,4573,4573,4573,0,0,,,,,,,
29,0.3,rank_rolling,295,4645,rank,1000,2,666,578,0.9069069069,0.892733564,0.895905421,4645,4645,4645,0,0,,,,,,,
29,0.3,rank_rolling,296,4439,rank,1000,2,516,466,0.9127906977,0.9034334764,0.908297568,4439,4439,4439,0,0,,,,,,,
29,0.3,rank_rolling,297,4197,rank,1000,2,292,254,0.8904109589,0.8779527559,0.8779527559,4197,4197,4197,0,0,,,,,,,
29,0.3,rank_rolling,298,4225,rank,1000,3,252,224,0.8492063492,0.8303571429,0.8422619048,4225,4225,4225,0,0,,,,,,,
29,0.3,rank_rolling,299,4549,rank,1000,3,702,615,0.9245014245,0.9138211382,0.9146341463,4549,4549,4549,0,0,,,,,,,
29,0.3,rank_rolling,300,4276,rank,1000,3,664,573,0.8795180723,0.8638743455,0.8696916812,4276,4276,4276,0,0,,,,,,,
29,0.3,rank_rolling,301,4451,rank,1000,2,616,552,0.8766233766,0.865942029,0.8725845411,4451,4451,4451,0,0,,,,,,,
29,0.3,rank_rolling,302,5193,rank,1000,2,570,490,0.9245614035,0.9163265306,0.9173469388,5193,5193,5193,0,0,,,,,,,
29,0.3,rank_rolling,303,4821,rank,1000,2,542,485,0.8966789668,0.8845360825,0.887628866,4821,4821,4821,0,0,,,,,,,
29,0.3,rank_rolling,304,4718,rank,1000,2,328,281,0.9054878049,0.9039145907,0.9039145907,4718,4718,4718,0,0,,,,,,,
29,0.3,rank_rolling,305,4693,rank,1000,3,328,295,0.9451219512,0.9389830508,0.9406779661,4693,4693,4693,0,0,,,,,,,
29,0.3,rank_rolling,306,4048,rank,1000,3,582,513,0.9140893471,0.9025341131,0.9067576348,4048,4048,4048,0,0,,,,,,,
29,0.3,rank_rolling,307,3575,rank,1000,3,588,510,0.8826530612,0.8647058824,0.8718300654,3575,3575,3575,0,0,,,,,,,
29,0.3,rank_rolling,308,3960,rank,1000,2,562,497,0.8505338078,0.8370221328,0.8450033535,3960,3960,3960,0,0,,,,,,,
29,0.3,rank_rolling,309,5258,rank,1000,2,626,535,0.9089456869,0.8990654206,0.9037383178,5258,5258,5258,0,0,,,,,,,
29,0.3,rank_rolling,310,5140,rank,1000,2,620,527,0.9596774194,0.9525616698,0.9535104364,5140,5140,5140,0,0,,,,,,,
29,0.3,rank_rolling,311,3138,rank,1000,2,438,366,0.9109589041,0.893442623,0.8966302368,3138,3138,3138,0,0,,,,,,,
29,0.3,rank_rolling,312,2182,rank,1000,2,460,368,0.9065217391,0.8940217391,0.9019927536,2182,2182,2182,0,0,,,,,,,
29,0.3,rank_rolling,313,2182,rank,1000,3,794,641,0.8816120907,0.856474259,0.8639625585,2182,2182,2182,0,0,,,,,,,
29,0.3,rank_rolling,314,2825,rank,1000,2,678,585,0.912979351,0.9025641026,0.9085470085,2825,2825,2825,0,0,,,,,,,
29,0.3,rank_rolling,315,2640,rank,1000,2,774,660,0.8940568475,0.8803030303,0.8888888889,2640,2640,2640,0,0,,,,,,,
29,0.3,rank_rolling,316,2955,rank,1000,2,758,622,0.8720316623,0.8440514469,0.8480707395,2955,2955,2955,0,0,,,,,,,
29,0.3,rank_rolling,317,4205,rank,1000,2,630,559,0.8920634921,0.8783542039,0.8855396541,4205,4205,4205,0,0,,,,,,,
29,0.3,rank_rolling,318,4612,rank,1000,2,342,308,0.918128655,0.9090909091,0.9123376623,4612,4612,4612,0,0,,,,,,,
29,0.3,rank_rolling,319,4417,rank,1000,3,324,290,0.9259259259,0.9172413793,0.9172413793,4417,4417,4417,0,0,,,,,,,
29,0.3,rank_rolling,320,3569,rank,1000,3,736,646,0.8940217391,0.8823529412,0.886996904,3569,3569,3569,0,0,,,,,,,
29,0.3,rank_rolling,321,3652,rank,1000,2,680,603,0.8970588235,0.8872305141,0.8913764511,3652,3652,3652,0,0,,,,,,,
29,0.3,rank_rolling,322,4088,rank,1000,2,668,595,0.878742515,0.8655462185,0.8694677871,4088,4088,4088,0,0,,,,,,,
29,0.3,rank_rolling,323,4583,rank,1000,2,668,600,0.9131736527,0.9066666667,0.9138888889,4583,4583,4583,0,0,,,,,,,
29,0.3,rank_rolling,324,4330,rank,1000,2,796,650,0.9384422111,0.9246153846,0.9292307692,4330,4330,4330,0,0,,,,,,,
29,0.3,rank_rolling,325,2470,rank,1000,2,398,360,0.8366834171,0.8194444444,0.8277777778,2470,2470,2470,0,0,,,,,,,
29,0.3,rank_rolling,326,3371,rank,1000,2,422,348,0.9407582938,0.9310344828,0.933908046,3371,3371,3371,0,0,,,,,,,
29,0.3,rank_rolling,327,2878,rank,1000,3,738,621,0.9051490515,0.8921095008,0.8998389694,2878,2878,2878,0,0,,,,,,,
29,0.3,rank_rolling,328,2354,rank,1000,2,600,526,0.9116666667,0.9011406844,0.9020912548,2354,2354,2354,0,0,,,,,,,
29,0.3,rank_rolling,329,2333,rank,1000,2,684,599,0.8611111111,0.8480801336,0.8594323873,2333,2333,2333,0,0,,,,,,,
29,0.3,rank_rolling,330,3319,rank,1000,2,640,580,0.9140625,0.9051724138,0.9051724138,3319,3319,3319,0,0,,,,,,,
29,0.3,rank_rolling,331,3160,rank,1000,2,506,474,0.8893280632,0.8818565401,0.8818565401,3160,3160,3160,0,0,,,,,,,
29,0.3,rank_rolling,332,3118,rank,1000,2,318,300,0.9056603774,0.9,0.9,3118,3118,3118,0,0,,,,,,,
29,0.3,rank_rolling,333,3189,rank,1000,3,342,312,0.850877193,0.8365384615,0.8402777778,3189,3189,3189,0,0,,,,,,,
29,0.3,rank_rolling,334,4141,rank,1000,3,700,633,0.9285714286,0.9210110585,0.9241706161,4141,4141,4141,0,0,,,,,,,
29,0.3,rank_rolling,335,3721,rank,1000,2,656,587,0.9009146341,0.8926746167,0.8972174901,3721,3721,3721,0,0,,,,,,,
29,0.3,rank_rolling,336,3411,rank,1000,2,632,551,0.8465189873,0.833030853,0.8436479129,3411,3411,3411,0,0,,,,,,,
29,0.3,rank_rolling,337,4393,rank,1000,2,552,492,0.902173913,0.8902439024,0.893495935,4393,4393,4393,0,0,,,,,,,
29,0.3,rank_rolling,338,4488,rank,1000,2,496,457,0.8951612903,0.886214442,0.8902261123,4488,4488,4488,0,0,,,,,,,
29,0.3,rank_rolling,339,4384,rank,1000,2,328,297,0.9115853659,0.9124579125,0.9124579125,4384,4384,4384,0,0,,,,,,,
29,0.3,rank_rolling,340,4384,rank,1000,3,328,303,0.9207317073,0.9141914191,0.9158415842,4384,4384,4384,0,0,,,,,,,
29,0.3,rank_rolling,341,4040,rank,1000,3,576,519,0.8940972222,0.8843930636,0.8874759152,4040,4040,4040,0,0,,,,,,,
29,0.3,rank_rolling,342,4056,rank,1000,3,636,565,0.8852201258,0.8725663717,0.8781710914,4056,4056,4056,0,0,,,,,,,
29,0.3,rank_rolling,343,4341,rank,1000,2,642,567,0.8862928349,0.8747795414,0.8817754262,4341,4341,4341,0,0,,,,,,,
29,0.3,rank_rolling,344,4561,rank,1000,2,650,582,0.9292307692,0.9226804124,0.9235395189,4561,4561,4561,0,0,,,,,,,
29,0.3,rank_rolling,345,3982,rank,1000,2,586,501,0.8839590444,0.8642714571,0.875249501,3982,3982,3982,0,0,,,,,,,
29,0.3,rank_rolling,346,4214,rank,1000,2,224,197,0.9330357143,0.923857868,0.9289340102,4214,4214,4214,0,0,,,,,,,
29,0.3,rank_rolling,347,4239,rank,1000,3,306,277,0.9281045752,0.9205776173,0.9229843562,4239,4239,4239,0,0,,,,,,,
29,0.3,rank_rolling,348,4028,rank,1000,3,714,610,0.9005602241,0.8852459016,0.8890710383,4028,4028,4028,0,0,,,,,,,
29,0.3,rank_rolling,349,3664,rank,1000,2,600,545,0.8883333333,0.8770642202,0.8822629969,3664,3664,3664,0,0,,,,,,,
29,0.3,rank_rolling,350,4044,rank,1000,2,656,560,0.9176829268,0.9071428571,0.9080357143,4044,4044,4044,0,0,,,,,,,
29,0.3,rank_rolling,351,3790,rank,1000,2,522,476,0.8946360153,0.8844537815,0.8855042017,3790,3790,3790,0,0,,,,,,,
29,0.3,rank_rolling,352,3929,rank,1000,2,462,415,0.8939393939,0.8891566265,0.8915662651,3929,3929,3929,0,0,,,,,,,
29,0.3,rank_rolling,353,4132,rank,1000,3,242,226,0.9173553719,0.9115044248,0.9159292035,4132,4132,4132,0,0,,,,,,,
29,0.3,rank_rolling,354,4019,rank,1000,3,238,227,0.8949579832,0.8898678414,0.8898678414,4019,4019,4019,0,0,,,,,,,
29,0.3,rank_rolling,355,4019,rank,1000,4,578,506,0.8425605536,0.8320158103,0.8403444382,4019,4019,4019,0,0,,,,,,,
29,0.3,rank_rolling,356,5125,rank,1000,3,548,483,0.9160583942,0.9089026915,0.9123533471,5125,5125,5125,0,0,,,,,,,
29,0.3,rank_rolling,357,5092,rank,1000,2,406,363,0.9359605911,0.9366391185,0.9380165289,5092,5092,5092,0,0,,,,,,,
29,0.3,rank_rolling,358,4525,rank,1000,3,300,276,0.9166666667,0.9130434783,0.9130434783,4525,4525,4525,0,0,,,,,,,
29,0.3,rank_rolling,359,4206,rank,1000,3,330,312,0.9212121212,0.9166666667,0.9166666667,4206,4206,4206,0,0,,,,,,,
29,0.3,rank_rolling,360,3874,rank,1000,3,228,214,0.9342105263,0.9299065421,0.9322429907,3874,3874,3874,0,0,,,,,,,
29,0.3,rank_rolling,361,3644,rank,1000,4,246,226,0.8861788618,0.8761061947,0.8805309735,3644,3644,3644,0,0,,,,,,,
29,0.3,rank_rolling,362,3644,rank,1000,4,620,530,0.9080645161,0.8943396226,0.8981132075,3644,3644,3644,0,0,,,,,,,
29,0.3,rank_rolling,363,3171,rank,1000,3,386,353,0.8704663212,0.8640226629,0.86496695,3171,3171,3171,0,0,,,,,,,
29,0.3,rank_rolling,364,3905,rank,1000,2,354,329,0.9124293785,0.905775076,0.9072948328,3905,3905,3905,0,0,,,,,,,
43,0.3,rank_rolling,292,3231,rank,1000,3,730,658,0.8616438356,0.8632218845,0.8687943262,3231,3231,3231,0,0,,,,,,,
43,0.3,rank_rolling,293,3863,rank,1000,2,658,581,0.8951367781,0.8881239243,0.8955823293,3863,3863,3863,0,0,,,,,,,
43,0.3,rank_rolling,294,4063,rank,1000,2,618,538,0.8770226537,0.8605947955,0.8661710037,4063,4063,4063,0,0,,,,,,,
43,0.3,rank_rolling,295,4824,rank,1000,2,666,578,0.9294294294,0.9186851211,0.9204152249,4824,4824,4824,0,0,,,,,,,
43,0.3,rank_rolling,296,3712,rank,1000,2,516,466,0.9089147287,0.8991416309,0.9016452074,3712,3712,3712,0,0,,,,,,,
43,0.3,rank_rolling,297,3541,rank,1000,2,292,254,0.8630136986,0.8464566929,0.8622047244,3541,3541,3541,0,0,,,,,,,
43,0.3,rank_rolling,298,3927,rank,1000,3,252,224,0.876984127,0.8616071429,0.8746279762,3927,3927,3927,0,0,,,,,,,
43,0.3,rank_rolling,299,4212,rank,1000,3,702,615,0.9216524217,0.9105691057,0.9113821138,4212,4212,4212,0,0,,,,,,,
43,0.3,rank_rolling,300,3856,rank,1000,3,664,573,0.8855421687,0.8708551483,0.8784176847,3856,3856,3856,0,0,,,,,,,
43,0.3,rank_rolling,301,4028,rank,1000,2,616,552,0.8798701299,0.8677536232,0.8740942029,4028,4028,4028,0,0,,,,,,,
43,0.3,rank_rolling,302,4646,rank,1000,2,570,490,0.9175438596,0.9081632653,0.9112244898,4646,4646,4646,0,0,,,,,,,
43,0.3,rank_rolling,303,4385,rank,1000,2,542,485,0.905904059,0.8948453608,0.8969072165,4385,4385,4385,0,0,,,,,,,
43,0.3,rank_rolling,304,4259,rank,1000,2,328,281,0.9329268293,0.9359430605,0.9359430605,4259,4259,4259,0,0,,,,,,,
43,0.3,rank_rolling,305,3697,rank,1000,3,328,295,0.9329268293,0.9254237288,0.9254237288,3697,3697,3697,0,0,,,,,,,
43,0.3,rank_rolling,306,3209,rank,1000,3,582,513,0.8969072165,0.8849902534,0.8869395712,3209,3209,3209,0,0,,,,,,,
43,0.3,rank_rolling,307,2982,rank,1000,3,588,510,0.862244898,0.8431372549,0.849869281,2982,2982,2982,0,0,,,,,,,
43,0.3,rank_rolling,308,4074,rank,1000,2,562,497,0.8879003559,0.8772635815,0.8802816901,4074,4074,4074,0,0,,,,,,,
43,0.3,rank_rolling,309,4470,rank,1000,2,626,535,0.8801916933,0.8654205607,0.8710280374,4470,4470,4470,0,0,,,,,,,
43,0.3,rank_rolling,310,4850,rank,1000,2,620,527,0.9387096774,0.9297912713,0.930740038,4850,4850,4850,0,0,,,,,,,
43,0.3,rank_rolling,311,3843,rank,1000,2,438,366,0.9200913242,0.9043715847,0.9098360656,3843,3843,3843,0,0,,,,,,,
43,0.3,rank_rolling,312,3105,rank,1000,2,460,368,0.9173913043,0.8967391304,0.9083333333,3105,3105,3105,0,0,,,,,,,
43,0.3,rank_rolling,313,2937,rank,1000,3,794,641,0.8866498741,0.8611544462,0.8670826833,2937,2937,2937,0,0,,,,,,,
43,0.3,rank_rolling,314,3304,rank,1000,2,678,585,0.9115044248,0.9008547009,0.9031339031,3304,3304,3304,0,0,,,,,,,
43,0.3,rank_rolling,315,3060,rank,1000,2,774,660,0.9031007752,0.8909090909,0.8977272727,3060,3060,3060,0,0,,,,,,,
43,0.3,rank_rolling,316,2909,rank,1000,2,758,622,0.8852242744,0.8601286174,0.86414791,2909,2909,2909,0,0,,,,,,,
43,0.3,rank_rolling,317,3326,rank,1000,2,630,559,0.9047619048,0.8926654741,0.8998509243,3326,3326,3326,0,0,,,,,,,
43,0.3,rank_rolling,318,3363,rank,1000,2,342,308,0.8918128655,0.8831168831,0.8874458874,3363,3363,3363,0,0,,,,,,,
43,0.3,rank_rolling,319,3363,rank,1000,3,324,290,0.9135802469,0.9034482759,0.9034482759,3363,3363,3363,0,0,,,,,,,
43,0.3,rank_rolling,320,3262,rank,1000,3,736,646,0.8967391304,0.886996904,0.8898348813,3262,3262,3262,0,0,,,,,,,
43,0.3,rank_rolling,321,3296,rank,1000,2,680,603,0.8867647059,0.8756218905,0.8805970149,3296,3296,3296,0,0,,,,,,,
43,0.3,rank_rolling,322,3557,rank,1000,2,668,595,0.869760479,0.8554621849,0.8585434174,3557,3557,3557,0,0,,,,,,,
43,0.3,rank_rolling,323,4264,rank,1000,2,668,600,0.9176646707,0.91,0.9108333333,4264,4264,4264,0,0,,,,,,,
43,0.3,rank_rolling,324,3957,rank,1000,2,796,650,0.9484924623,0.9369230769,0.9392307692,3957,3957,3957,0,0,,,,,,,
43,0.3,rank_rolling,325,2679,rank,1000,2,398,360,0.8442211055,0.8277777778,0.8375,2679,2679,2679,0,0,,,,,,,
43,0.3,rank_rolling,326,3135,rank,1000,2,422,348,0.9265402844,0.9137931034,0.9219348659,3135,3135,3135,0,0,,,,,,,
43,0.3,rank_rolling,327,3100,rank,1000,3,738,621,0.891598916,0.8727858293,0.8842726785,3100,3100,3100,0,0,,,,,,,
43,0.3,rank_rolling,328,3093,rank,1000,2,600,526,0.93,0.9220532319,0.9230038023,3093,3093,3093,0,0,,,,,,,
43,0.3,rank_rolling,329,2543,rank,1000,2,684,599,0.8625730994,0.8480801336,0.8602671119,2543,2543,2543,0,0,,,,,,,
43,0.3,rank_rolling,330,3260,rank,1000,2,640,580,0.9,0.8896551724,0.8905172414,3260,3260,3260,0,0,,,,,,,
43,0.3,rank_rolling,331,3495,rank,1000,2,506,474,0.9169960474,0.9113924051,0.9113924051,3495,3495,3495,0,0,,,,,,,
43,0.3,rank_rolling,332,3106,rank,1000,2,318,300,0.8867924528,0.88,0.88,3106,3106,3106,0,0,,,,,,,
43,0.3,rank_rolling,333,3137,rank,1000,3,342,312,0.8830409357,0.8717948718,0.875,3137,3137,3137,0,0,,,,,,,
43,0.3,rank_rolling,334,3529,rank,1000,3,700,633,0.8685714286,0.8625592417,0.8691416535,3529,3529,3529,0,0,,,,,,,
43,0.3,rank_rolling,335,4146,rank,1000,2,656,587,0.887195122,0.8790459966,0.8889835321,4146,4146,4146,0,0,,,,,,,
43,0.3,rank_rolling,336,4353,rank,1000,2,632,551,0.9018987342,0.891107078,0.8956442831,4353,4353,4353,0,0,,,,,,,
43,0.3,rank_rolling,337,4353,rank,1000,2,552,492,0.8985507246,0.8861788618,0.8905826558,4353,4353,4353,0,0,,,,,,,
43,0.3,rank_rolling,338,4359,rank,1000,2,496,457,0.872983871,0.8643326039,0.8705324581,4359,4359,4359,0,0,,,,,,,
43,0.3,rank_rolling,339,5136,rank,1000,2,328,297,0.9054878049,0.9057239057,0.9074074074,5136,5136,5136,0,0,,,,,,,
43,0.3,rank_rolling,340,4941,rank,1000,3,328,303,0.9237804878,0.9174917492,0.9174917492,4941,4941,4941,0,0,,,,,,,
43,0.3,rank_rolling,341,4668,rank,1000,3,576,519,0.9149305556,0.9055876686,0.9119460501,4668,4668,4668,0,0,,,,,,,
43,0.3,rank_rolling,342,4064,rank,1000,3,636,565,0.9323899371,0.9238938053,0.9247787611,4064,4064,4064,0,0,,,,,,,
43,0.3,rank_rolling,343,3573,rank,1000,2,642,567,0.8582554517,0.8412698413,0.8495002939,3573,3573,3573,0,0,,,,,,,
43,0.3,rank_rolling,344,4284,rank,1000,2,650,582,0.9030769231,0.8969072165,0.8989117984,4284,4284,4284,0,0,,,,,,,
43,0.3,rank_rolling,345,4644,rank,1000,2,586,501,0.9180887372,0.9041916168,0.9065202927,4644,4644,4644,0,0,,,,,,,
43,0.3,rank_rolling,346,3787,rank,1000,2,224,197,0.9375,0.9289340102,0.9289340102,3787,3787,3787,0,0,,,,,,,
43,0.3,rank_rolling,347,3737,rank,1000,3,306,277,0.9444444444,0.9386281588,0.9410348977,3737,3737,3737,0,0,,,,,,,
43,0.3,rank_rolling,348,3302,rank,1000,3,714,610,0.880952381,0.8606557377,0.862295082,3302,3302,3302,0,0,,,,,,,
43,0.3,rank_rolling,349,3462,rank,1000,2,600,545,0.8616666667,0.8495412844,0.8559633028,3462,3462,3462,0,0,,,,,,,
43,0.3,rank_rolling,350,4517,rank,1000,2,656,560,0.9237804878,0.9142857143,0.9175595238,4517,4517,4517,0,0,,,,,,,
43,0.3,rank_rolling,351,4223,rank,1000,2,522,476,0.9118773946,0.9033613445,0.9044117647,4223,4223,4223,0,0,,,,,,,
43,0.3,rank_rolling,352,3914,rank,1000,2,462,415,0.8961038961,0.8915662651,0.8939759036,3914,3914,3914,0,0,,,,,,,
43,0.3,rank_rolling,353,3997,rank,1000,3,242,226,0.8966942149,0.889380531,0.8960176991,3997,3997,3997,0,0,,,,,,,
43,0.3,rank_rolling,354,3992,rank,1000,3,238,227,0.9033613445,0.8986784141,0.8986784141,3992,3992,3992,0,0,,,,,,,
43,0.3,rank_rolling,355,3993,rank,1000,4,578,506,0.8719723183,0.8636363636,0.8662714097,3993,3993,3993,0,0,,,,,,,
43,0.3,rank_rolling,356,4467,rank,1000,3,548,483,0.9142335766,0.9068322981,0.9130434783,4467,4467,4467,0,0,,,,,,,
43,0.3,rank_rolling,357,4467,rank,1000,2,406,363,0.9088669951,0.9090909091,0.9168962351,4467,4467,4467,0,0,,,,,,,
43,0.3,rank_rolling,358,4288,rank,1000,3,300,276,0.93,0.9239130435,0.9239130435,4288,4288,4288,0,0,,,,,,,
43,0.3,rank_rolling,359,4071,rank,1000,3,330,312,0.9272727273,0.9230769231,0.9230769231,4071,4071,4071,0,0,,,,,,,
43,0.3,rank_rolling,360,3749,rank,1000,3,228,214,0.9385964912,0.9345794393,0.9345794393,3749,3749,3749,0,0,,,,,,,
43,0.3,rank_rolling,361,3108,rank,1000,4,246,226,0.8617886179,0.8495575221,0.8584070796,3108,3108,3108,0,0,,,,,,,
43,0.3,rank_rolling,362,3256,rank,1000,4,620,530,0.9129032258,0.9,0.9037735849,3256,3256,3256,0,0,,,,,,,
43,0.3,rank_rolling,363,3161,rank,1000,3,386,353,0.878238342,0.8696883853,0.87299339,3161,3161,3161,0,0,,,,,,,
43,0.3,rank_rolling,364,3267,rank,1000,2,354,329,0.895480226,0.8875379939,0.8905775076,3267,3267,3267,0,0,,,,,,,
59,0.3,rank_rolling,292,3239,rank,1000,3,730,658,0.8794520548,0.8753799392,0.8786727457,3239,3239,3239,0,0,,,,,,,
59,0.3,rank_rolling,293,3405,rank,1000,2,658,581,0.8753799392,0.8640275387,0.8726333907,3405,3405,3405,0,0,,,,,,,
59,0.3,rank_rolling,294,3749,rank,1000,2,618,538,0.8737864078,0.8568773234,0.8596654275,3749,3749,3749,0,0,,,,,,,
59,0.3,rank_rolling,295,4371,rank,1000,2,666,578,0.9294294294,0.9186851211,0.9218569781,4371,4371,4371,0,0,,,,,,,
59,0.3,rank_rolling,296,3232,rank,1000,2,516,466,0.9069767442,0.8969957082,0.8980686695,3232,3232,3232,0,0,,,,,,,
59,0.3,rank_rolling,297,2886,rank,1000,2,292,254,0.8801369863,0.8661417323,0.8814304462,2886,2886,2886,0,0,,,,,,,
59,0.3,rank_rolling,298,3284,rank,1000,3,252,224,0.8412698413,0.8258928571,0.8333333333,3284,3284,3284,0,0,,,,,,,
59,0.3,rank_rolling,299,3846,rank,1000,3,702,615,0.9373219373,0.9284552846,0.9284552846,3846,3846,3846,0,0,,,,,,,
59,0.3,rank_rolling,300,3407,rank,1000,3,664,573,0.8644578313,0.8464223386,0.856602676,3407,3407,3407,0,0,,,,,,,
59,0.3,rank_rolling,301,3762,rank,1000,2,616,552,0.8571428571,0.847826087,0.855615942,3762,3762,3762,0,0,,,,,,,
59,0.3,rank_rolling,302,5130,rank,1000,2,570,490,0.9368421053,0.9306122449,0.9357142857,5130,5130,5130,0,0,,,,,,,
59,0.3,rank_rolling,303,4499,rank,1000,2,542,485,0.9040590406,0.8927835052,0.8969072165,4499,4499,4499,0,0,,,,,,,
59,0.3,rank_rolling,304,4021,rank,1000,2,328,281,0.9085365854,0.9074733096,0.9119217082,4021,4021,4021,0,0,,,,,,,
59,0.3,rank_rolling,305,3982,rank,1000,3,328,295,0.9176829268,0.9084745763,0.9101694915,3982,3982,3982,0,0,,,,,,,
59,0.3,rank_rolling,306,3669,rank,1000,3,582,513,0.9158075601,0.9044834308,0.9096816114,3669,3669,3669,0,0,,,,,,,
59,0.3,rank_rolling,307,3110,rank,1000,3,588,510,0.8775510204,0.8607843137,0.8698039216,3110,3110,3110,0,0,,,,,,,
59,0.3,rank_rolling,308,3549,rank,1000,2,562,497,0.8416370107,0.8269617706,0.8309859155,3549,3549,3549,0,0,,,,,,,
59,0.3,rank_rolling,309,4477,rank,1000,2,626,535,0.8961661342,0.8841121495,0.8884735202,4477,4477,4477,0,0,,,,,,,
59,0.3,rank_rolling,310,4735,rank,1000,2,620,527,0.9516129032,0.9430740038,0.9440227704,4735,4735,4735,0,0,,,,,,,
59,0.3,rank_rolling,311,3020,rank,1000,2,438,366,0.8767123288,0.8551912568,0.864298725,3020,3020,3020,0,0,,,,,,,
59,0.3,rank_rolling,312,2945,rank,1000,2,460,368,0.9217391304,0.902173913,0.9164855072,2945,2945,2945,0,0,,,,,,,
59,0.3,rank_rolling,313,2591,rank,1000,3,794,641,0.879093199,0.8517940718,0.8577223089,2591,2591,2591,0,0,,,,,,,
59,0.3,rank_rolling,314,3259,rank,1000,2,678,585,0.9262536873,0.9145299145,0.9208384208,3259,3259,3259,0,0,,,,,,,
59,0.3,rank_rolling,315,2837,rank,1000,2,774,660,0.9005167959,0.8878787879,0.8938131313,2837,2837,2837,0,0,,,,,,,
59,0.3,rank_rolling,316,2944,rank,1000,2,758,622,0.9116094987,0.8922829582,0.8938906752,2944,2944,2944,0,0,,,,,,,
59,0.3,rank_rolling,317,2803,rank,1000,2,630,559,0.8936507937,0.8801431127,0.8891174717,2803,2803,2803,0,0,,,,,,,
59,0.3,rank_rolling,318,2876,rank,1000,2,342,308,0.8947368421,0.8831168831,0.8885281385,2876,2876,2876,0,0,,,,,,,
59,0.3,rank_rolling,319,3101,rank,1000,3,324,290,0.9259259259,0.9172413793,0.9172413793,3101,3101,3101,0,0,,,,,,,
59,0.3,rank_rolling,320,2769,rank,1000,3,736,646,0.8845108696,0.8715170279,0.875128999,2769,2769,2769,0,0,,,,,,,
59,0.3,rank_rolling,321,2946,rank,1000,2,680,603,0.8897058824,0.8789386401,0.8839137645,2946,2946,2946,0,0,,,,,,,
59,0.3,rank_rolling,322,3227,rank,1000,2,668,595,0.8682634731,0.8554621849,0.856302521,3227,3227,3227,0,0,,,,,,,
59,0.3,rank_rolling,323,4092,rank,1000,2,668,600,0.9251497006,0.9183333333,0.9191666667,4092,4092,4092,0,0,,,,,,,
59,0.3,rank_rolling,324,3723,rank,1000,2,796,650,0.9309045226,0.9184615385,0.9242307692,3723,3723,3723,0,0,,,,,,,
59,0.3,rank_rolling,325,2779,rank,1000,2,398,360,0.851758794,0.8361111111,0.8388888889,2779,2779,2779,0,0,,,,,,,
59,0.3,rank_rolling,326,3191,rank,1000,2,422,348,0.9265402844,0.9137931034,0.9219348659,3191,3191,3191,0,0,,,,,,,
59,0.3,rank_rolling,327,2960,rank,1000,3,738,621,0.8780487805,0.8615136876,0.8697799249,2960,2960,2960,0,0,,,,,,,
59,0.3,rank_rolling,328,3159,rank,1000,2,600,526,0.8983333333,0.8840304183,0.8868821293,3159,3159,3159,0,0,,,,,,,
59,0.3,rank_rolling,329,3503,rank,1000,2,684,599,0.8830409357,0.878130217,0.8823038397,3503,3503,3503,0,0,,,,,,,
59,0.3,rank_rolling,330,3793,rank,1000,2,640,580,0.9140625,0.9051724138,0.9060344828,3793,3793,3793,0,0,,,,,,,
59,0.3,rank_rolling,331,3677,rank,1000,2,506,474,0.9169960474,0.9113924051,0.9124472574,3677,3677,3677,0,0,,,,,,,
59,0.3,rank_rolling,332,3189,rank,1000,2,318,300,0.9213836478,0.9166666667,0.9166666667,3189,3189,3189,0,0,,,,,,,
59,0.3,rank_rolling,333,2959,rank,1000,3,342,312,0.8771929825,0.8653846154,0.8691239316,2959,2959,2959,0,0,,,,,,,
59,0.3,rank_rolling,334,3241,rank,1000,3,700,633,0.8871428571,0.8830963665,0.8867825171,3241,3241,3241,0,0,,,,,,,
59,0.3,rank_rolling,335,3748,rank,1000,2,656,587,0.887195122,0.8773424191,0.8850085179,3748,3748,3748,0,0,,,,,,,
59,0.3,rank_rolling,336,3836,rank,1000,2,632,551,0.8813291139,0.8675136116,0.8711433757,3836,3836,3836,0,0,,,,,,,
59,0.3,rank_rolling,337,4136,rank,1000,2,552,492,0.9003623188,0.8882113821,0.8926151762,4136,4136,4136,0,0,,,,,,,
59,0.3,rank_rolling,338,4349,rank,1000,2,496,457,0.8991935484,0.8905908096,0.8916849015,4349,4349,4349,0,0,,,,,,,
59,0.3,rank_rolling,339,4346,rank,1000,2,328,297,0.8841463415,0.8821548822,0.8860830527,4346,4346,4346,0,0,,,,,,,
59,0.3,rank_rolling,340,4588,rank,1000,3,328,303,0.9329268293,0.9273927393,0.9273927393,4588,4588,4588,0,0,,,,,,,
59,0.3,rank_rolling,341,4338,rank,1000,3,576,519,0.9131944444,0.9036608863,0.9080924855,4338,4338,4338,0,0,,,,,,,
59,0.3,rank_rolling,342,3976,rank,1000,3,636,565,0.9198113208,0.9097345133,0.910619469,3976,3976,3976,0,0,,,,,,,
59,0.3,rank_rolling,343,3785,rank,1000,2,642,567,0.8847352025,0.873015873,0.8756613757,3785,3785,3785,0,0,,,,,,,
59,0.3,rank_rolling,344,4159,rank,1000,2,650,582,0.9153846154,0.9054982818,0.9126575029,4159,4159,4159,0,0,,,,,,,
59,0.3,rank_rolling,345,3636,rank,1000,2,586,501,0.8890784983,0.870259481,0.876247505,3636,3636,3636,0,0,,,,,,,
59,0.3,rank_rolling,346,3823,rank,1000,2,224,197,0.9330357143,0.923857868,0.9263959391,3823,3823,3823,0,0,,,,,,,
59,0.3,rank_rolling,347,3823,rank,1000,3,306,277,0.9379084967,0.9314079422,0.9338146811,3823,3823,3823,0,0,,,,,,,
59,0.3,rank_rolling,348,3496,rank,1000,3,714,610,0.893557423,0.8754098361,0.8754098361,3496,3496,3496,0,0,,,,,,,
59,0.3,rank_rolling,349,3428,rank,1000,2,600,545,0.8883333333,0.8770642202,0.8837920489,3428,3428,3428,0,0,,,,,,,
59,0.3,rank_rolling,350,3882,rank,1000,2,656,560,0.9100609756,0.9,0.9046130952,3882,3882,3882,0,0,,,,,,,
59,0.3,rank_rolling,351,3573,rank,1000,2,522,476,0.9022988506,0.8928571429,0.8928571429,3573,3573,3573,0,0,,,,,,,
59,0.3,rank_rolling,352,3479,rank,1000,2,462,415,0.9134199134,0.9108433735,0.9136546185,3479,3479,3479,0,0,,,,,,,
59,0.3,rank_rolling,353,3332,rank,1000,3,242,226,0.867768595,0.8584070796,0.8672566372,3332,3332,3332,0,0,,,,,,,
59,0.3,rank_rolling,354,3460,rank,1000,3,238,227,0.8655462185,0.859030837,0.859030837,3460,3460,3460,0,0,,,,,,,
59,0.3,rank_rolling,355,3739,rank,1000,4,578,506,0.8581314879,0.847826087,0.860107284,3739,3739,3739,0,0,,,,,,,
59,0.3,rank_rolling,356,4932,rank,1000,3,548,483,0.9142335766,0.9068322981,0.9130434783,4932,4932,4932,0,0,,,,,,,
59,0.3,rank_rolling,357,4843,rank,1000,2,406,363,0.9334975369,0.9366391185,0.9380165289,4843,4843,4843,0,0,,,,,,,
59,0.3,rank_rolling,358,3987,rank,1000,3,300,276,0.91,0.902173913,0.902173913,3987,3987,3987,0,0,,,,,,,
59,0.3,rank_rolling,359,3660,rank,1000,3,330,312,0.8878787879,0.8814102564,0.8814102564,3660,3660,3660,0,0,,,,,,,
59,0.3,rank_rolling,360,3450,rank,1000,3,228,214,0.9605263158,0.9579439252,0.9602803738,3450,3450,3450,0,0,,,,,,,
59,0.3,rank_rolling,361,2995,rank,1000,4,246,226,0.9268292683,0.9203539823,0.9203539823,2995,2995,2995,0,0,,,,,,,
59,0.3,rank_rolling,362,2828,rank,1000,4,620,530,0.8887096774,0.8735849057,0.8764150943,2828,2828,2828,0,0,,,,,,,
59,0.3,rank_rolling,363,2647,rank,1000,3,386,353,0.8704663212,0.8640226629,0.865911237,2647,2647,2647,0,0,,,,,,,
59,0.3,rank_rolling,364,3185,rank,1000,2,354,329,0.884180791,0.8753799392,0.8784194529,3185,3185,3185,0,0,,,,,,,
71,0.3,rank_rolling,292,3674,rank,1000,3,730,658,0.8849315068,0.8814589666,0.8860182371,3674,3674,3674,0,0,,,,,,,
71,0.3,rank_rolling,293,4051,rank,1000,2,658,581,0.8981762918,0.8898450947,0.8987378084,4051,4051,4051,0,0,,,,,,,
71,0.3,rank_rolling,294,4234,rank,1000,2,618,538,0.8980582524,0.8847583643,0.8875464684,4234,4234,4234,0,0,,,,,,,
71,0.3,rank_rolling,295,4385,rank,1000,2,666,578,0.9129129129,0.8996539792,0.9054209919,4385,4385,4385,0,0,,,,,,,
71,0.3,rank_rolling,296,3583,rank,1000,2,516,466,0.8953488372,0.8841201717,0.885193133,3583,3583,3583,0,0,,,,,,,
71,0.3,rank_rolling,297,3826,rank,1000,2,292,254,0.9349315068,0.9291338583,0.9291338583,3826,3826,3826,0,0,,,,,,,
71,0.3,rank_rolling,298,3544,rank,1000,3,252,224,0.8611111111,0.84375,0.8545386905,3544,3544,3544,0,0,,,,,,,
71,0.3,rank_rolling,299,3803,rank,1000,3,702,615,0.9145299145,0.9024390244,0.9032520325,3803,3803,3803,0,0,,,,,,,
71,0.3,rank_rolling,300,3702,rank,1000,3,664,573,0.8870481928,0.872600349,0.8816172193,3702,3702,3702,0,0,,,,,,,
71,0.3,rank_rolling,301,3816,rank,1000,2,616,552,0.8896103896,0.8786231884,0.8828502415,3816,3816,3816,0,0,,,,,,,
71,0.3,rank_rolling,302,4242,rank,1000,2,570,490,0.9052631579,0.8959183673,0.9020408163,4242,4242,4242,0,0,,,,,,,
71,0.3,rank_rolling,303,4313,rank,1000,2,542,485,0.9022140221,0.8927835052,0.8979381443,4313,4313,4313,0,0,,,,,,,
71,0.3,rank_rolling,304,4287,rank,1000,2,328,281,0.9237804878,0.9252669039,0.9252669039,4287,4287,4287,0,0,,,,,,,
71,0.3,rank_rolling,305,3777,rank,1000,3,328,295,0.9481707317,0.9423728814,0.9423728814,3777,3777,3777,0,0,,,,,,,
71,0.3,rank_rolling,306,3251,rank,1000,3,582,513,0.9003436426,0.8869395712,0.8921377518,3251,3251,3251,0,0,,,,,,,
71,0.3,rank_rolling,307,2932,rank,1000,3,588,510,0.8571428571,0.837254902,0.8488888889,2932,2932,2932,0,0,,,,,,,
71,0.3,rank_rolling,308,3978,rank,1000,2,562,497,0.8879003559,0.8772635815,0.8792756539,3978,3978,3978,0,0,,,,,,,
71,0.3,rank_rolling,309,4447,rank,1000,2,626,535,0.8913738019,0.8822429907,0.8841121495,4447,4447,4447,0,0,,,,,,,
71,0.3,rank_rolling,310,4656,rank,1000,2,620,527,0.935483871,0.9240986717,0.9291587603,4656,4656,4656,0,0,,,,,,,
71,0.3,rank_rolling,311,3925,rank,1000,2,438,366,0.9178082192,0.9043715847,0.9143897996,3925,3925,3925,0,0,,,,,,,
71,0.3,rank_rolling,312,3533,rank,1000,2,460,368,0.9108695652,0.8913043478,0.9078804348,3533,3533,3533,0,0,,,,,,,
71,0.3,rank_rolling,313,3369,rank,1000,3,794,641,0.9168765743,0.8970358814,0.9009360374,3369,3369,3369,0,0,,,,,,,
71,0.3,rank_rolling,314,2983,rank,1000,2,678,585,0.8938053097,0.8803418803,0.886039886,2983,2983,2983,0,0,,,,,,,
71,0.3,rank_rolling,315,3086,rank,1000,2,774,660,0.9186046512,0.9090909091,0.9133333333,3086,3086,3086,0,0,,,,,,,
71,0.3,rank_rolling,316,2776,rank,1000,2,758,622,0.882585752,0.8569131833,0.8603965702,2776,2776,2776,0,0,,,,,,,
71,0.3,rank_rolling,317,3240,rank,1000,2,630,559,0.8888888889,0.8747763864,0.8825581395,3240,3240,3240,0,0,,,,,,,
71,0.3,rank_rolling,318,3588,rank,1000,2,342,308,0.9064327485,0.8961038961,0.9042207792,3588,3588,3588,0,0,,,,,,,
71,0.3,rank_rolling,319,3875,rank,1000,3,324,290,0.950617284,0.9448275862,0.9448275862,3875,3875,3875,0,0,,,,,,,
71,0.3,rank_rolling,320,2905,rank,1000,3,736,646,0.8899456522,0.8777089783,0.8835913313,2905,2905,2905,0,0,,,,,,,
71,0.3,rank_rolling,321,2891,rank,1000,2,680,603,0.8838235294,0.872305141,0.8797678275,2891,2891,2891,0,0,,,,,,,
71,0.3,rank_rolling,322,3184,rank,1000,2,668,595,0.8817365269,0.8705882353,0.8722689076,3184,3184,3184,0,0,,,,,,,
71,0.3,rank_rolling,323,3821,rank,1000,2,668,600,0.8997005988,0.89,0.8955555556,3821,3821,3821,0,0,,,,,,,
71,0.3,rank_rolling,324,3916,rank,1000,2,796,650,0.9497487437,0.9384615385,0.9407692308,3916,3916,3916,0,0,,,,,,,
71,0.3,rank_rolling,325,2643,rank,1000,2,398,360,0.8341708543,0.8166666667,0.825,2643,2643,2643,0,0,,,,,,,
71,0.3,rank_rolling,326,3330,rank,1000,2,422,348,0.9383886256,0.9281609195,0.9295977011,3330,3330,3330,0,0,,,,,,,
71,0.3,rank_rolling,327,3095,rank,1000,3,738,621,0.891598916,0.8743961353,0.888030059,3095,3095,3095,0,0,,,,,,,
71,0.3,rank_rolling,328,2831,rank,1000,2,600,526,0.8966666667,0.8878326996,0.891634981,2831,2831,2831,0,0,,,,,,,
71,0.3,rank_rolling,329,3410,rank,1000,2,684,599,0.8815789474,0.8664440735,0.8795214246,3410,3410,3410,0,0,,,,,,,
71,0.3,rank_rolling,330,3688,rank,1000,2,640,580,0.9,0.8896551724,0.8905172414,3688,3688,3688,0,0,,,,,,,
71,0.3,rank_rolling,331,3688,rank,1000,2,506,474,0.9071146245,0.9008438819,0.9008438819,3688,3688,3688,0,0,,,,,,,
71,0.3,rank_rolling,332,3578,rank,1000,2,318,300,0.9056603774,0.9,0.9,3578,3578,3578,0,0,,,,,,,
71,0.3,rank_rolling,333,3494,rank,1000,3,342,312,0.9064327485,0.8974358974,0.9006410256,3494,3494,3494,0,0,,,,,,,
71,0.3,rank_rolling,334,3462,rank,1000,3,700,633,0.9,0.8957345972,0.8975776725,3462,3462,3462,0,0,,,,,,,
71,0.3,rank_rolling,335,3480,rank,1000,2,656,587,0.8887195122,0.8773424191,0.8850085179,3480,3480,3480,0,0,,,,,,,
71,0.3,rank_rolling,336,3783,rank,1000,2,632,551,0.8971518987,0.8856624319,0.888384755,3783,3783,3783,0,0,,,,,,,
71,0.3,rank_rolling,337,3783,rank,1000,2,552,492,0.9039855072,0.8943089431,0.8983739837,3783,3783,3783,0,0,,,,,,,
71,0.3,rank_rolling,338,3982,rank,1000,2,496,457,0.8790322581,0.8708971554,0.8738147338,3982,3982,3982,0,0,,,,,,,
71,0.3,rank_rolling,339,4396,rank,1000,2,328,297,0.875,0.8720538721,0.8787878788,4396,4396,4396,0,0,,,,,,,
71,0.3,rank_rolling,340,4592,rank,1000,3,328,303,0.9298780488,0.9240924092,0.9240924092,4592,4592,4592,0,0,,,,,,,
71,0.3,rank_rolling,341,4487,rank,1000,3,576,519,0.9236111111,0.91522158,0.9196531792,4487,4487,4487,0,0,,,,,,,
71,0.3,rank_rolling,342,3666,rank,1000,3,636,565,0.9213836478,0.9115044248,0.9123893805,3666,3666,3666,0,0,,,,,,,
71,0.3,rank_rolling,343,3419,rank,1000,2,642,567,0.8442367601,0.8271604938,0.837595532,3419,3419,3419,0,0,,,,,,,
71,0.3,rank_rolling,344,4834,rank,1000,2,650,582,0.9153846154,0.9072164948,0.910652921,4834,4834,4834,0,0,,,,,,,
71,0.3,rank_rolling,345,4522,rank,1000,2,586,501,0.9249146758,0.9121756487,0.9181636727,4522,4522,4522,0,0,,,,,,,
71,0.3,rank_rolling,346,3951,rank,1000,2,224,197,0.9598214286,0.9543147208,0.9543147208,3951,3951,3951,0,0,,,,,,,
71,0.3,rank_rolling,347,3551,rank,1000,3,306,277,0.908496732,0.8989169675,0.9013237064,3551,3551,3551,0,0,,,,,,,
71,0.3,rank_rolling,348,3321,rank,1000,3,714,610,0.8963585434,0.8786885246,0.8803278689,3321,3321,3321,0,0,,,,,,,
71,0.3,rank_rolling,349,3362,rank,1000,2,600,545,0.8866666667,0.8752293578,0.8828746177,3362,3362,3362,0,0,,,,,,,
71,0.3,rank_rolling,350,3566,rank,1000,2,656,560,0.9070121951,0.8964285714,0.9014880952,3566,3566,3566,0,0,,,,,,,
71,0.3,rank_rolling,351,3678,rank,1000,2,522,476,0.8927203065,0.8823529412,0.8851540616,3678,3678,3678,0,0,,,,,,,
71,0.3,rank_rolling,352,3876,rank,1000,2,462,415,0.9025974026,0.8939759036,0.8991967871,3876,3876,3876,0,0,,,,,,,
71,0.3,rank_rolling,353,3966,rank,1000,3,242,226,0.8842975207,0.8761061947,0.8849557522,3966,3966,3966,0,0,,,,,,,
71,0.3,rank_rolling,354,4001,rank,1000,3,238,227,0.8613445378,0.8546255507,0.859030837,4001,4001,4001,0,0,,,,,,,
71,0.3,rank_rolling,355,4465,rank,1000,4,578,506,0.8910034602,0.8932806324,0.8978449087,4465,4465,4465,0,0,,,,,,,
71,0.3,rank_rolling,356,5059,rank,1000,3,548,483,0.9251824818,0.9192546584,0.9213250518,5059,5059,5059,0,0,,,,,,,
71,0.3,rank_rolling,357,4494,rank,1000,2,406,363,0.9137931034,0.914600551,0.9210284665,4494,4494,4494,0,0,,,,,,,
71,0.3,rank_rolling,358,4185,rank,1000,3,300,276,0.9266666667,0.9202898551,0.9202898551,4185,4185,4185,0,0,,,,,,,
71,0.3,rank_rolling,359,3920,rank,1000,3,330,312,0.9363636364,0.9326923077,0.9326923077,3920,3920,3920,0,0,,,,,,,
71,0.3,rank_rolling,360,3264,rank,1000,3,228,214,0.9166666667,0.9112149533,0.9135514019,3264,3264,3264,0,0,,,,,,,
71,0.3,rank_rolling,361,2935,rank,1000,4,246,226,0.8943089431,0.8849557522,0.889380531,2935,2935,2935,0,0,,,,,,,
71,0.3,rank_rolling,362,2807,rank,1000,4,620,530,0.9177419355,0.9037735849,0.9103773585,2807,2807,2807,0,0,,,,,,,
71,0.3,rank_rolling,363,2425,rank,1000,3,386,353,0.896373057,0.8895184136,0.8928234183,2425,2425,2425,0,0,,,,,,,
71,0.3,rank_rolling,364,2321,rank,1000,2,354,329,0.8785310734,0.8693009119,0.8723404255,2321,2321,2321,0,0,,,,,,,
17,0.3,aps_rolling,292,0.9999844113,mass,1000,3,730,658,0.8712328767,0.8875379939,0.8972137791,4743.449848,6824.5,7126,0.02431610942,0,aps,0,0,,,,
17,0.3,aps_rolling,293,0.9999889898,mass,1000,2,658,581,0.8996960486,0.908777969,0.9211130235,5080.215146,6981,7127,0.01893287435,0,aps,0,0,,,,
17,0.3,aps_rolling,294,0.9999933355,mass,1000,2,618,538,0.8673139159,0.8698884758,0.8899008674,5084.916357,6975.5,7127,0.01858736059,0,aps,0,0,,,,
17,0.3,aps_rolling,295,0.9999977443,mass,1000,2,666,578,0.9189189189,0.9307958478,0.9419261822,5509.743945,7031,7127,0.02249134948,0,aps,0,0,,,,
17,0.3,aps_rolling,296,0.9999977985,mass,1000,2,516,466,0.8779069767,0.8798283262,0.897925608,5159.793991,7047.5,7127,0.01502145923,0,aps,0,0,,,,
17,0.3,aps_rolling,297,0.999998084,mass,1000,2,292,254,0.8732876712,0.8818897638,0.9036745407,4720.57874,6890,7127,0.007874015748,0,aps,0,0,,,,
17,0.3,aps_rolling,298,0.9999990188,mass,1000,3,252,224,0.9325396825,0.9419642857,0.9538690476,5328.65625,7018,7127,0.04017857143,0,aps,0,0,,,,
17,0.3,aps_rolling,299,0.999998406,mass,1000,3,702,615,0.9088319088,0.9235772358,0.9332791328,5244.928455,7030,7127,0.0243902439,0,aps,0,0,,,,
17,0.3,aps_rolling,300,0.9999978796,mass,1000,3,664,573,0.8915662651,0.8917975567,0.9099282529,5170.122164,7057,7127,0.03141361257,0,aps,0,0,,,,
17,0.3,aps_rolling,301,0.999998412,mass,1000,2,616,552,0.9318181818,0.9311594203,0.9333937198,5389.311594,7073.5,7127,0.01992753623,0,aps,0,0,,,,
17,0.3,aps_rolling,302,0.9999964685,mass,1000,2,570,490,0.8614035088,0.8693877551,0.8829689018,4847.197959,6912.5,7127,0.02244897959,0,aps,0,0,,,,
17,0.3,aps_rolling,303,0.9999981751,mass,1000,2,542,485,0.9077490775,0.9010309278,0.9102405498,5037.070103,7021,7127,0.0206185567,0,aps,0,0,,,,
17,0.3,aps_rolling,304,0.9999977504,mass,1000,2,328,281,0.8658536585,0.871886121,0.8932384342,4805.590747,6965,7127,0.02491103203,0,aps,0,0,,,,
17,0.3,aps_rolling,305,0.9999992412,mass,1000,3,328,295,0.9176829268,0.9288135593,0.9407909605,4962.00678,7008,7127,0.02372881356,0,aps,0,0,,,,
17,0.3,aps_rolling,306,0.9999990236,mass,1000,3,582,513,0.9020618557,0.9161793372,0.92820013,5081.522417,7058,7127,0.01754385965,0,aps,0,0,,,,
17,0.3,aps_rolling,307,0.9999987293,mass,1000,3,588,510,0.8962585034,0.9176470588,0.9289215686,5279.731373,7063,7127,0.0137254902,0,aps,0,0,,,,
17,0.3,aps_rolling,308,0.9999987293,mass,1000,2,562,497,0.8807829181,0.8832997988,0.8994921912,5016.804829,7069,7127,0.01408450704,0,aps,0,0,,,,
17,0.3,aps_rolling,309,0.9999990692,mass,1000,2,626,535,0.892971246,0.9028037383,0.9152959502,5332.413084,7079,7127,0.01495327103,0,aps,0,0,,,,
17,0.3,aps_rolling,310,0.9999994136,mass,1000,2,620,527,0.9241935484,0.9222011385,0.9397533207,4920.132827,6952,7127,0.01707779886,0,aps,0,0,,,,
17,0.3,aps_rolling,311,0.9999989557,mass,1000,2,438,366,0.9109589041,0.8989071038,0.9175774135,4391.248634,6384,7127,0.02732240437,0,aps,0,0,,,,
17,0.3,aps_rolling,312,0.99999798,mass,1000,2,460,368,0.8586956522,0.8804347826,0.8991200828,4184.317935,6204,7127,0.01630434783,0,aps,0,0,,,,
17,0.3,aps_rolling,313,0.9999993337,mass,1000,3,794,641,0.879093199,0.8892355694,0.9080083203,4655.081123,6833,7127,0.01716068643,0,aps,0,0,,,,
17,0.3,aps_rolling,314,0.9999997249,mass,1000,2,678,585,0.9026548673,0.905982906,0.92000407,4852.088889,7009,7127,0.01196581197,0,aps,0,0,,,,
17,0.3,aps_rolling,315,0.9999997423,mass,1000,2,774,660,0.9031007752,0.9075757576,0.9199494949,5032.181818,7005.5,7127,0.01515151515,0,aps,0,0,,,,
17,0.3,aps_rolling,316,0.9999998785,mass,1000,2,758,622,0.9313984169,0.9340836013,0.9468381565,5502.866559,7086.5,7127,0.009646302251,0,aps,0,0,,,,
17,0.3,aps_rolling,317,0.999999013,mass,1000,2,630,559,0.8873015873,0.885509839,0.9056052475,4434.182469,6658,7127,0.03398926655,0,aps,0,0,,,,
17,0.3,aps_rolling,318,0.9999994739,mass,1000,2,342,308,0.8976608187,0.8961038961,0.91504329,4332.788961,6547,7127,0.02272727273,0,aps,0,0,,,,
17,0.3,aps_rolling,319,0.9999995888,mass,1000,3,324,290,0.9320987654,0.9310344828,0.9362068966,4668.27931,6667,7127,0.01379310345,0,aps,0,0,,,,
17,0.3,aps_rolling,320,0.9999994739,mass,1000,3,736,646,0.8926630435,0.9117647059,0.9197024424,4988.795666,7044,7127,0.02167182663,0,aps,0,0,,,,
17,0.3,aps_rolling,321,0.9999994562,mass,1000,2,680,603,0.9147058824,0.9137645108,0.9234383637,4978.034826,7010,7127,0.01824212272,0,aps,0,0,,,,
17,0.3,aps_rolling,322,0.9999996922,mass,1000,2,668,595,0.9161676647,0.9210084034,0.9282913165,5095.561345,7043,7127,0.01848739496,0,aps,0,0,,,,
17,0.3,aps_rolling,323,0.9999993602,mass,1000,2,668,600,0.874251497,0.8783333333,0.8902777778,4943.425,6954,7127,0.02166666667,0,aps,0,0,,,,
17,0.3,aps_rolling,324,0.9999997462,mass,1000,2,796,650,0.8957286432,0.9169230769,0.9332820513,4887.276923,7040.5,7127,0.01692307692,0,aps,0,0,,,,
17,0.3,aps_rolling,325,0.9999997762,mass,1000,2,398,360,0.8793969849,0.8861111111,0.8944444444,4512.444444,6876.5,7127,0.03333333333,0,aps,0,0,,,,
17,0.3,aps_rolling,326,0.9999997986,mass,1000,2,422,348,0.8341232227,0.8534482759,0.867816092,4116.724138,6327,7127,0.02586206897,0,aps,0,0,,,,
17,0.3,aps_rolling,327,0.9999999452,mass,1000,3,738,621,0.9024390244,0.9210950081,0.9351046699,5172.410628,7056,7127,0.006441223833,0,aps,0,0,,,,
17,0.3,aps_rolling,328,0.9999999606,mass,1000,2,600,526,0.91,0.9182509506,0.9257197175,5348.889734,7102.5,7127,0.009505703422,0,aps,0,0,,,,
17,0.3,aps_rolling,329,0.9999999629,mass,1000,2,684,599,0.932748538,0.9365609349,0.9427935448,5407.949917,7099,7127,0.01502504174,0,aps,0,0,,,,
17,0.3,aps_rolling,330,0.9999998027,mass,1000,2,640,580,0.9,0.9086206897,0.9185344828,5008.546552,7017.5,7127,0.0224137931,0,aps,0,0,,,,
17,0.3,aps_rolling,331,0.9999998027,mass,1000,2,506,474,0.9130434783,0.917721519,0.9203586498,5040.109705,7029.5,7127,0.01687763713,0,aps,0,0,,,,
17,0.3,aps_rolling,332,0.9999998011,mass,1000,2,318,300,0.8899371069,0.8933333333,0.8988888889,4805.233333,6936.5,7127,0.02333333333,0,aps,0,0,,,,
17,0.3,aps_rolling,333,0.9999998,mass,1000,3,342,312,0.8713450292,0.875,0.8846153846,4782.176282,6933.5,7127,0.02564102564,0,aps,0,0,,,,
17,0.3,aps_rolling,334,0.9999998987,mass,1000,3,700,633,0.9042857143,0.9146919431,0.9251448131,5016.320695,7045,7127,0.02369668246,0,aps,0,0,,,,
17,0.3,aps_rolling,335,0.9999998987,mass,1000,2,656,587,0.9085365854,0.9063032368,0.9194207836,5022.107325,7024,7127,0.02044293015,0,aps,0,0,,,,
17,0.3,aps_rolling,336,0.9999999082,mass,1000,2,632,551,0.9050632911,0.9019963702,0.9119782214,5110.442831,7062,7127,0.01633393829,0,aps,0,0,,,,
17,0.3,aps_rolling,337,0.9999998526,mass,1000,2,552,492,0.893115942,0.8963414634,0.904403794,4796.45935,6946.5,7127,0.01219512195,0,aps,0,0,,,,
17,0.3,aps_rolling,338,0.9999998967,mass,1000,2,496,457,0.8911290323,0.9080962801,0.9135667396,4993.577681,6995,7127,0.01750547046,0,aps,0,0,,,,
17,0.3,aps_rolling,339,0.9999999029,mass,1000,2,328,297,0.8993902439,0.898989899,0.9046015713,4807.407407,6865,7127,0.02693602694,0,aps,0,0,,,,
17,0.3,aps_rolling,340,0.9999999057,mass,1000,3,328,303,0.9115853659,0.9240924092,0.9312431243,5037.706271,6986,7127,0.01320132013,0,aps,0,0,,,,
17,0.3,aps_rolling,341,0.9999999008,mass,1000,3,576,519,0.8871527778,0.8998073218,0.9072575466,4940.088632,7021,7127,0.02119460501,0,aps,0,0,,,,
17,0.3,aps_rolling,342,0.9999999235,mass,1000,3,636,565,0.9056603774,0.9079646018,0.9206489676,5048.748673,7027,7127,0.01415929204,0,aps,0,0,,,,
17,0.3,aps_rolling,343,0.9999999328,mass,1000,2,642,567,0.8831775701,0.885361552,0.8983539095,5343.439153,7096,7127,0.0176366843,0,aps,0,0,,,,
17,0.3,aps_rolling,344,0.9999999743,mass,1000,2,650,582,0.8938461538,0.9003436426,0.9073596793,5093.085911,7056.5,7127,0.005154639175,0,aps,0,0,,,,
17,0.3,aps_rolling,345,0.9999999838,mass,1000,2,586,501,0.9163822526,0.9121756487,0.9191616766,5109.145709,7092,7127,0.0119760479,0,aps,0,0,,,,
17,0.3,aps_rolling,346,0.9999999705,mass,1000,2,224,197,0.90625,0.9137055838,0.923857868,4475.406091,6317,7127,0.03045685279,0,aps,0,0,,,,
17,0.3,aps_rolling,347,0.9999999636,mass,1000,3,306,277,0.8986928105,0.9061371841,0.9091456077,4047.916968,6109,7127,0.02527075812,0,aps,0,0,,,,
17,0.3,aps_rolling,348,0.9999999387,mass,1000,3,714,610,0.8879551821,0.893442623,0.9042349727,4743.909836,6948,7127,0.02459016393,0,aps,0,0,,,,
17,0.3,aps_rolling,349,0.9999999652,mass,1000,2,600,545,0.885,0.8899082569,0.898470948,4684.333945,6896,7127,0.02018348624,0,aps,0,0,,,,
17,0.3,aps_rolling,350,0.9999999874,mass,1000,2,656,560,0.8932926829,0.8928571429,0.910625,4739.026786,6887,7127,0.02678571429,0,aps,0,0,,,,
17,0.3,aps_rolling,351,0.9999999915,mass,1000,2,522,476,0.877394636,0.8844537815,0.8991596639,4711.060924,6924.5,7127,0.01890756303,0,aps,0,0,,,,
17,0.3,aps_rolling,352,0.9999999954,mass,1000,2,462,415,0.8917748918,0.913253012,0.9268072289,5042.045783,7041,7127,0.01445783133,0,aps,0,0,,,,
17,0.3,aps_rolling,353,0.9999999979,mass,1000,3,242,226,0.8884297521,0.8849557522,0.8960176991,4684.663717,6940.5,7127,0.02654867257,0,aps,0,0,,,,
17,0.3,aps_rolling,354,0.9999999988,mass,1000,3,238,227,0.9327731092,0.9339207048,0.93979442,5250.947137,7073,7127,0.02202643172,0,aps,0,0,,,,
17,0.3,aps_rolling,355,0.9999999984,mass,1000,4,578,506,0.8910034602,0.9051383399,0.9216309053,5259.262846,7112,7127,0.02173913043,0,aps,0,0,,,,
17,0.3,aps_rolling,356,0.9999999983,mass,1000,3,548,483,0.9069343066,0.9068322981,0.9151138716,5129.26501,7082,7127,0.016563147,0,aps,0,0,,,,
17,0.3,aps_rolling,357,0.9999999988,mass,1000,2,406,363,0.9162561576,0.9173553719,0.923553719,4986.796143,7005,7127,0.02479338843,0,aps,0,0,,,,
17,0.3,aps_rolling,358,0.9999999969,mass,1000,3,300,276,0.9366666667,0.9311594203,0.9426328502,4568.938406,6735,7127,0.01811594203,0,aps,0,0,,,,
17,0.3,aps_rolling,359,0.9999999943,mass,1000,3,330,312,0.9575757576,0.9583333333,0.9658119658,5364.205128,7117,7127,0.01282051282,0,aps,0,0,,,,
17,0.3,aps_rolling,360,0.9999999394,mass,1000,3,228,214,0.9122807018,0.9158878505,0.9182242991,4321.401869,6363,7127,0.03271028037,0,aps,0,0,,,,
17,0.3,aps_rolling,361,0.999999952,mass,1000,4,246,226,0.8455284553,0.8451327434,0.8561946903,3901.464602,5400.5,7127,0.04424778761,0,aps,0,0,,,,
17,0.3,aps_rolling,362,0.9999999465,mass,1000,4,620,530,0.8161290323,0.8622641509,0.879442947,4181.735849,6434,7127,0.03962264151,0,aps,0,0,,,,
17,0.3,aps_rolling,363,0.9999999996,mass,1000,3,386,353,0.9222797927,0.9263456091,0.9369688385,4790.17847,7041,7127,0.02549575071,0,aps,0,0,,,,
17,0.3,aps_rolling,364,0.9999999996,mass,1000,2,354,329,0.9209039548,0.9270516717,0.9336372847,5077.933131,7048,7127,0.03039513678,0,aps,0,0,,,,
29,0.3,aps_rolling,292,0.9999592704,mass,1000,3,730,658,0.8835616438,0.8996960486,0.9103850051,5036.665653,6947.5,7125,0.02583586626,0,aps,0,0,,,,
29,0.3,aps_rolling,293,0.9999637383,mass,1000,2,658,581,0.9194528875,0.9294320138,0.9380378657,5295.480207,7031,7125,0.01549053356,0,aps,0,0,,,,
29,0.3,aps_rolling,294,0.9999624661,mass,1000,2,618,538,0.8624595469,0.8717472119,0.8868339529,5099.486989,7042.5,7125,0.03159851301,0,aps,0,0,,,,
29,0.3,aps_rolling,295,0.9999827069,mass,1000,2,666,578,0.9204204204,0.9342560554,0.9442329873,5532.197232,7065,7126,0.01557093426,0,aps,0,0,,,,
29,0.3,aps_rolling,296,0.999981121,mass,1000,2,516,466,0.8662790698,0.8733905579,0.8843347639,5233.725322,7060.5,7127,0.01072961373,0,aps,0,0,,,,
29,0.3,aps_rolling,297,0.9999858432,mass,1000,2,292,254,0.852739726,0.8779527559,0.8877952756,4845.976378,6863,7126,0.02755905512,0,aps,0,0,,,,
29,0.3,aps_rolling,298,0.9999929416,mass,1000,3,252,224,0.9365079365,0.9508928571,0.9594494048,5286.366071,7059,7127,0.03125,0,aps,0,0,,,,
29,0.3,aps_rolling,299,0.9999902288,mass,1000,3,702,615,0.9031339031,0.925203252,0.9333023616,5273.642276,7049,7126,0.01788617886,0,aps,0,0,,,,
29,0.3,aps_rolling,300,0.9999880038,mass,1000,3,664,573,0.9051204819,0.9109947644,0.9260228815,5186.193717,7087,7127,0.02443280977,0,aps,0,0,,,,
29,0.3,aps_rolling,301,0.9999915597,mass,1000,2,616,552,0.9285714286,0.9275362319,0.9357487923,5507.106884,7097.5,7127,0.01992753623,0,aps,0,0,,,,
29,0.3,aps_rolling,302,0.9999822403,mass,1000,2,570,490,0.8684210526,0.8734693878,0.8868367347,4975.481633,7004,7126,0.0306122449,0,aps,0,0,,,,
29,0.3,aps_rolling,303,0.9999919219,mass,1000,2,542,485,0.9022140221,0.9010309278,0.9098281787,5246.31134,7059,7127,0.01855670103,0,aps,0,0,,,,
29,0.3,aps_rolling,304,0.9999907871,mass,1000,2,328,281,0.8719512195,0.8896797153,0.9045077106,4926.964413,6963,7127,0.03202846975,0,aps,0,0,,,,
29,0.3,aps_rolling,305,0.9999944961,mass,1000,3,328,295,0.9237804878,0.9389830508,0.9458757062,4942.6,6983,7127,0.02372881356,0,aps,0,0,,,,
29,0.3,aps_rolling,306,0.9999931737,mass,1000,3,582,513,0.8934707904,0.910331384,0.9241065627,5116.163743,7070,7127,0.0253411306,0,aps,0,0,,,,
29,0.3,aps_rolling,307,0.999992844,mass,1000,3,588,510,0.9132653061,0.937254902,0.9462418301,5484.098039,7083,7127,0.01764705882,0,aps,0,0,,,,
29,0.3,aps_rolling,308,0.9999904826,mass,1000,2,562,497,0.8790035587,0.8812877264,0.8947015426,5149.136821,7091,7127,0.01609657948,0,aps,0,0,,,,
29,0.3,aps_rolling,309,0.99999355,mass,1000,2,626,535,0.8993610224,0.9046728972,0.9168535826,5346.616822,7086,7127,0.01495327103,0,aps,0,0,,,,
29,0.3,aps_rolling,310,0.9999967522,mass,1000,2,620,527,0.9338709677,0.9297912713,0.9491777356,5091.085389,7047,7127,0.01328273245,0,aps,0,0,,,,
29,0.3,aps_rolling,311,0.9999911673,mass,1000,2,438,366,0.9086757991,0.9016393443,0.9244080146,4444.60929,6361,7126,0.04098360656,0,aps,0,0,,,,
29,0.3,aps_rolling,312,0.9999855692,mass,1000,2,460,368,0.8586956522,0.8777173913,0.9060041408,4303.741848,6216,7126,0.03260869565,0,aps,0,0,,,,
29,0.3,aps_rolling,313,0.9999929537,mass,1000,3,794,641,0.8841309824,0.8970358814,0.9143785751,4674.850234,6808,7127,0.02028081123,0,aps,0,0,,,,
29,0.3,aps_rolling,314,0.9999977169,mass,1000,2,678,585,0.9144542773,0.9196581197,0.9325803826,4965.738462,7042,7127,0.01367521368,0,aps,0,0,,,,
29,0.3,aps_rolling,315,0.9999976208,mass,1000,2,774,660,0.9069767442,0.9090909091,0.9221717172,4968.29697,7051,7127,0.0196969697,0,aps,0,0,,,,
29,0.3,aps_rolling,316,0.9999979968,mass,1000,2,758,622,0.926121372,0.922829582,0.9386923901,5446.472669,7087.5,7127,0.01607717042,0,aps,0,0,,,,
29,0.3,aps_rolling,317,0.999994199,mass,1000,2,630,559,0.8920634921,0.8926654741,0.9120155039,4656.796064,6808,7127,0.04114490161,0,aps,0,0,,,,
29,0.3,aps_rolling,318,0.9999955596,mass,1000,2,342,308,0.9064327485,0.9123376623,0.920995671,4557.366883,6607.5,7127,0.02272727273,0,aps,0,0,,,,
29,0.3,aps_rolling,319,0.9999950901,mass,1000,3,324,290,0.9290123457,0.9275862069,0.9310344828,4566.931034,6564.5,7127,0.0275862069,0,aps,0,0,,,,
29,0.3,aps_rolling,320,0.9999942433,mass,1000,3,736,646,0.875,0.8900928793,0.9009201926,5093.657895,7048,7127,0.02941176471,0,aps,0,0,,,,
29,0.3,aps_rolling,321,0.9999963021,mass,1000,2,680,603,0.9117647059,0.9154228856,0.9267551133,5079.679934,7060,7127,0.02487562189,0,aps,0,0,,,,
29,0.3,aps_rolling,322,0.999997554,mass,1000,2,668,595,0.9191616766,0.931092437,0.9333333333,5276.638655,7081,7127,0.02352941176,0,aps,0,0,,,,
29,0.3,aps_rolling,323,0.9999949617,mass,1000,2,668,600,0.8922155689,0.8966666667,0.9047222222,4998.053333,7023.5,7127,0.02666666667,0,aps,0,0,,,,
29,0.3,aps_rolling,324,0.999996536,mass,1000,2,796,650,0.8894472362,0.9015384615,0.922025641,4903.875385,7050,7127,0.02461538462,0,aps,0,0,,,,
29,0.3,aps_rolling,325,0.9999970536,mass,1000,2,398,360,0.8768844221,0.8861111111,0.8939814815,4451.944444,6973.5,7127,0.03055555556,0,aps,0,0,,,,
29,0.3,aps_rolling,326,0.9999975512,mass,1000,2,422,348,0.845971564,0.8649425287,0.8793103448,4106.002874,6369.5,7127,0.0316091954,0,aps,0,0,,,,
29,0.3,aps_rolling,327,0.9999992416,mass,1000,3,738,621,0.9132791328,0.9339774557,0.9471014493,5187.008052,7080,7127,0.01127214171,0,aps,0,0,,,,
29,0.3,aps_rolling,328,0.9999992416,mass,1000,2,600,526,0.9283333333,0.9391634981,0.946089082,5287.355513,7087.5,7127,0.01140684411,0,aps,0,0,,,,
29,0.3,aps_rolling,329,0.9999982864,mass,1000,2,684,599,0.9122807018,0.9115191987,0.9210350584,5186.001669,7039,7127,0.0183639399,0,aps,0,0,,,,
29,0.3,aps_rolling,330,0.9999974313,mass,1000,2,640,580,0.896875,0.9051724138,0.9122126437,5173.182759,6964.5,7127,0.01379310345,0,aps,0,0,,,,
29,0.3,aps_rolling,331,0.9999973911,mass,1000,2,506,474,0.9209486166,0.9261603376,0.9287974684,5095.202532,7034.5,7127,0.02953586498,0,aps,0,0,,,,
29,0.3,aps_rolling,332,0.9999968764,mass,1000,2,318,300,0.8867924528,0.89,0.8972222222,4727.333333,6864,7127,0.04333333333,0,aps,0,0,,,,
29,0.3,aps_rolling,333,0.9999968567,mass,1000,3,342,312,0.8859649123,0.8878205128,0.8958333333,4798.185897,6949.5,7127,0.04487179487,0,aps,0,0,,,,
29,0.3,aps_rolling,334,0.999997499,mass,1000,3,700,633,0.8985714286,0.9083728278,0.9188256977,4845.837283,6940,7127,0.03949447077,0,aps,0,0,,,,
29,0.3,aps_rolling,335,0.9999979946,mass,1000,2,656,587,0.8993902439,0.8994889267,0.9120386144,4936.725724,6971,7127,0.02896081772,0,aps,0,0,,,,
29,0.3,aps_rolling,336,0.9999981938,mass,1000,2,632,551,0.8844936709,0.8820326679,0.8965819722,5058.286751,7062,7127,0.01814882033,0,aps,0,0,,,,
29,0.3,aps_rolling,337,0.9999983192,mass,1000,2,552,492,0.8949275362,0.9044715447,0.9130758808,4798.711382,6949.5,7127,0.0243902439,0,aps,0,0,,,,
29,0.3,aps_rolling,338,0.9999987953,mass,1000,2,496,457,0.9153225806,0.9256017505,0.9365426696,5088.708972,7029,7127,0.0284463895,0,aps,0,0,,,,
29,0.3,aps_rolling,339,0.9999982044,mass,1000,2,328,297,0.8719512195,0.861952862,0.8703703704,4750.851852,6826,7127,0.0303030303,0,aps,0,0,,,,
29,0.3,aps_rolling,340,0.9999985603,mass,1000,3,328,303,0.9024390244,0.9207920792,0.9268426843,5120.636964,6976,7127,0.02310231023,0,aps,0,0,,,,
29,0.3,aps_rolling,341,0.9999991051,mass,1000,3,576,519,0.9010416667,0.91522158,0.9226718048,5060.080925,7065,7127,0.01926782274,0,aps,0,0,,,,
29,0.3,aps_rolling,342,0.9999989437,mass,1000,3,636,565,0.8946540881,0.9026548673,0.9135693215,5118.283186,7020,7127,0.01415929204,0,aps,0,0,,,,
29,0.3,aps_rolling,343,0.9999995273,mass,1000,2,642,567,0.9018691589,0.9047619048,0.9177542622,5476.400353,7109,7127,0.01587301587,0,aps,0,0,,,,
29,0.3,aps_rolling,344,0.999999216,mass,1000,2,650,582,0.8892307692,0.8934707904,0.9082187858,5018.113402,7060,7127,0.01718213058,0,aps,0,0,,,,
29,0.3,aps_rolling,345,0.9999996898,mass,1000,2,586,501,0.9180887372,0.9141716567,0.9294743846,5122.994012,7110,7127,0.02395209581,0,aps,0,0,,,,
29,0.3,aps_rolling,346,0.999999372,mass,1000,2,224,197,0.90625,0.9086294416,0.923857868,4398.741117,6432,7127,0.04060913706,0,aps,0,0,,,,
29,0.3,aps_rolling,347,0.9999991726,mass,1000,3,306,277,0.8692810458,0.880866426,0.8989169675,3978.945848,5980,7127,0.07220216606,0,aps,0,0,,,,
29,0.3,aps_rolling,348,0.9999994379,mass,1000,3,714,610,0.8907563025,0.9016393443,0.9169398907,4843.172131,6995,7127,0.03278688525,0,aps,0,0,,,,
29,0.3,aps_rolling,349,0.9999997952,mass,1000,2,600,545,0.9133333333,0.9155963303,0.9262996942,5028.631193,7060,7127,0.02385321101,0,aps,0,0,,,,
29,0.3,aps_rolling,350,0.9999997938,mass,1000,2,656,560,0.9359756098,0.9339285714,0.9485714286,4821.208929,6951.5,7127,0.02678571429,0,aps,0,0,,,,
29,0.3,aps_rolling,351,0.9999993209,mass,1000,2,522,476,0.8582375479,0.8697478992,0.8788515406,4403.87605,6800.5,7127,0.04621848739,0,aps,0,0,,,,
29,0.3,aps_rolling,352,0.9999997239,mass,1000,2,462,415,0.8896103896,0.9084337349,0.9227911647,4815.349398,6927,7127,0.0265060241,0,aps,0,0,,,,
29,0.3,aps_rolling,353,0.9999998831,mass,1000,3,242,226,0.8925619835,0.8982300885,0.907079646,4565.809735,6926,7127,0.02212389381,0,aps,0,0,,,,
29,0.3,aps_rolling,354,0.9999999003,mass,1000,3,238,227,0.9243697479,0.9251101322,0.9273127753,4984.559471,7072,7127,0.02202643172,0,aps,0,0,,,,
29,0.3,aps_rolling,355,0.9999999041,mass,1000,4,578,506,0.875432526,0.8893280632,0.9035620177,5175.644269,7107.5,7127,0.01976284585,0,aps,0,0,,,,
29,0.3,aps_rolling,356,0.9999999443,mass,1000,3,548,483,0.9051094891,0.9109730849,0.917184265,5218.387164,7084,7127,0.02070393375,0,aps,0,0,,,,
29,0.3,aps_rolling,357,0.9999999591,mass,1000,2,406,363,0.9113300493,0.914600551,0.9180440771,4908.573003,7000,7127,0.02479338843,0,aps,0,0,,,,
29,0.3,aps_rolling,358,0.9999998983,mass,1000,3,300,276,0.9033333333,0.902173913,0.9178743961,4576.456522,6341.5,7127,0.02898550725,0,aps,0,0,,,,
29,0.3,aps_rolling,359,0.9999999369,mass,1000,3,330,312,0.9666666667,0.9679487179,0.9738247863,5598.044872,7125,7127,0.00641025641,0,aps,0,0,,,,
29,0.3,aps_rolling,360,0.9999994407,mass,1000,3,228,214,0.8815789474,0.8878504673,0.8925233645,4589.004673,6665.5,7127,0.02336448598,0,aps,0,0,,,,
29,0.3,aps_rolling,361,0.9999997033,mass,1000,4,246,226,0.8699186992,0.8716814159,0.8753687316,4213.800885,6359,7127,0.03097345133,0,aps,0,0,,,,
29,0.3,aps_rolling,362,0.999999612,mass,1000,4,620,530,0.8290322581,0.8735849057,0.8917070979,4376.430189,6725.5,7127,0.04716981132,0,aps,0,0,,,,
29,0.3,aps_rolling,363,0.999999982,mass,1000,3,386,353,0.914507772,0.9178470255,0.9305949008,4891.643059,7037,7127,0.02549575071,0,aps,0,0,,,,
29,0.3,aps_rolling,364,0.9999999846,mass,1000,2,354,329,0.9237288136,0.9300911854,0.9351570415,5104.027356,7074,7127,0.01823708207,0,aps,0,0,,,,
43,0.3,aps_rolling,292,0.9999870732,mass,1000,3,730,658,0.8808219178,0.8936170213,0.9025835866,4839.770517,6882,7126,0.02127659574,0,aps,0,0,,,,
43,0.3,aps_rolling,293,0.9999903689,mass,1000,2,658,581,0.9224924012,0.925989673,0.9374641423,5203.041308,7004,7127,0.01893287435,0,aps,0,0,,,,
43,0.3,aps_rolling,294,0.9999860951,mass,1000,2,618,538,0.8770226537,0.875464684,0.8984200743,4839.237918,6985.5,7126.3,0.01858736059,0,aps,0,0,,,,
43,0.3,aps_rolling,295,0.9999922207,mass,1000,2,666,578,0.9159159159,0.9221453287,0.9344290657,5268.802768,6958,7127,0.02076124567,0,aps,0,0,,,,
43,0.3,aps_rolling,296,0.9999927887,mass,1000,2,516,466,0.8798449612,0.8798283262,0.8964949928,4985.879828,6976,7127,0.01931330472,0,aps,0,0,,,,
43,0.3,aps_rolling,297,0.9999931646,mass,1000,2,292,254,0.8561643836,0.874015748,0.8956036745,4497.15748,6494.5,7127,0.03149606299,0,aps,0,0,,,,
43,0.3,aps_rolling,298,0.9999974597,mass,1000,3,252,224,0.9246031746,0.9330357143,0.9427083333,5067.142857,6941.5,7127,0.03125,0,aps,0,0,,,,
43,0.3,aps_rolling,299,0.9999964219,mass,1000,3,702,615,0.9102564103,0.9219512195,0.9333875339,5068.507317,6979,7127,0.02276422764,0,aps,0,0,,,,
43,0.3,aps_rolling,300,0.999995093,mass,1000,3,664,573,0.8990963855,0.8987783595,0.9202055459,5106.994764,7043,7127,0.02443280977,0,aps,0,0,,,,
43,0.3,aps_rolling,301,0.9999957579,mass,1000,2,616,552,0.9301948052,0.9293478261,0.93852657,5352.286232,7075,7127,0.01630434783,0,aps,0,0,,,,
43,0.3,aps_rolling,302,0.9999891298,mass,1000,2,570,490,0.8614035088,0.8714285714,0.8822400389,4628.991837,6792.5,7127,0.01836734694,0,aps,0,0,,,,
43,0.3,aps_rolling,303,0.9999956344,mass,1000,2,542,485,0.8948339483,0.8927835052,0.9021993127,4995.31134,6976,7127,0.00824742268,0,aps,0,0,,,,
43,0.3,aps_rolling,304,0.9999971787,mass,1000,2,328,281,0.8658536585,0.871886121,0.8962040332,4795.270463,6900,7127,0.02135231317,0,aps,0,0,,,,
43,0.3,aps_rolling,305,0.9999985828,mass,1000,3,328,295,0.9176829268,0.9254237288,0.935819209,4861.630508,6986,7127,0.01016949153,0,aps,0,0,,,,
43,0.3,aps_rolling,306,0.9999984246,mass,1000,3,582,513,0.9072164948,0.9220272904,0.9345679012,5071.834308,7068,7127,0.01559454191,0,aps,0,0,,,,
43,0.3,aps_rolling,307,0.9999981602,mass,1000,3,588,510,0.8928571429,0.9137254902,0.9290522876,5385.509804,7066,7127,0.01568627451,0,aps,0,0,,,,
43,0.3,aps_rolling,308,0.9999985834,mass,1000,2,562,497,0.8932384342,0.8953722334,0.9052313883,5129.342052,7082,7127,0.01207243461,0,aps,0,0,,,,
43,0.3,aps_rolling,309,0.9999987839,mass,1000,2,626,535,0.9041533546,0.9102803738,0.9227725857,5372.936449,7089,7127,0.01121495327,0,aps,0,0,,,,
43,0.3,aps_rolling,310,0.999998899,mass,1000,2,620,527,0.9338709677,0.9259962049,0.9464895636,4921.335863,6986,7127,0.01518026565,0,aps,0,0,,,,
43,0.3,aps_rolling,311,0.9999978918,mass,1000,2,438,366,0.9132420091,0.9043715847,0.9339708561,4374.923497,6116,7127,0.03278688525,0,aps,0,0,,,,
43,0.3,aps_rolling,312,0.9999959804,mass,1000,2,460,368,0.847826087,0.8586956522,0.8878493789,4152.214674,6176.5,7126,0.02717391304,0,aps,0,0,,,,
43,0.3,aps_rolling,313,0.9999988015,mass,1000,3,794,641,0.8866498741,0.8923556942,0.9120384815,4615.923557,6846,7127,0.02184087363,0,aps,0,0,,,,
43,0.3,aps_rolling,314,0.9999994046,mass,1000,2,678,585,0.912979351,0.9111111111,0.9258445258,4882.348718,7018,7127,0.02222222222,0,aps,0,0,,,,
43,0.3,aps_rolling,315,0.9999993036,mass,1000,2,774,660,0.8940568475,0.8984848485,0.9156818182,4896.228788,6973,7127,0.02121212121,0,aps,0,0,,,,
43,0.3,aps_rolling,316,0.9999994702,mass,1000,2,758,622,0.9287598945,0.922829582,0.9408360129,5355.643087,7047.5,7127,0.02250803859,0,aps,0,0,,,,
43,0.3,aps_rolling,317,0.9999977737,mass,1000,2,630,559,0.8857142857,0.8783542039,0.8974657126,4383.713775,6586,7127,0.03577817531,0,aps,0,0,,,,
43,0.3,aps_rolling,318,0.9999983219,mass,1000,2,342,308,0.9005847953,0.8993506494,0.9123376623,4149.288961,6456,7127,0.03246753247,0,aps,0,0,,,,
43,0.3,aps_rolling,319,0.9999985894,mass,1000,3,324,290,0.9228395062,0.9172413793,0.925862069,4461.406897,6269,7127,0.01724137931,0,aps,0,0,,,,
43,0.3,aps_rolling,320,0.9999984401,mass,1000,3,736,646,0.8831521739,0.8916408669,0.9019091847,4858.303406,6964,7127,0.02167182663,0,aps,0,0,,,,
43,0.3,aps_rolling,321,0.9999988529,mass,1000,2,680,603,0.9088235294,0.903814262,0.9170812604,4880.91874,6993,7127,0.01990049751,0,aps,0,0,,,,
43,0.3,aps_rolling,322,0.9999992587,mass,1000,2,668,595,0.9311377246,0.9378151261,0.9408963585,5098.329412,7016,7127,0.02352941176,0,aps,0,0,,,,
43,0.3,aps_rolling,323,0.9999975111,mass,1000,2,668,600,0.8652694611,0.8733333333,0.8877777778,4698.076667,6830,7127,0.02833333333,0,aps,0,0,,,,
43,0.3,aps_rolling,324,0.9999991108,mass,1000,2,796,650,0.8768844221,0.8876923077,0.9135641026,4802.350769,6971.5,7127,0.02307692308,0,aps,0,0,,,,
43,0.3,aps_rolling,325,0.9999996058,mass,1000,2,398,360,0.8768844221,0.8833333333,0.8949074074,4550.463889,6897,7127,0.03333333333,0,aps,0,0,,,,
43,0.3,aps_rolling,326,0.9999997269,mass,1000,2,422,348,0.8578199052,0.8850574713,0.8922413793,4230.643678,6378.5,7127,0.03735632184,0,aps,0,0,,,,
43,0.3,aps_rolling,327,0.9999998434,mass,1000,3,738,621,0.8997289973,0.9178743961,0.9365539452,5119.355878,7055,7127,0.01288244767,0,aps,0,0,,,,
43,0.3,aps_rolling,328,0.999999906,mass,1000,2,600,526,0.9316666667,0.9372623574,0.9456816947,5400.271863,7093.5,7127,0.01140684411,0,aps,0,0,,,,
43,0.3,aps_rolling,329,0.9999997835,mass,1000,2,684,599,0.9269005848,0.9265442404,0.936950473,5216.824708,7055,7127,0.0183639399,0,aps,0,0,,,,
43,0.3,aps_rolling,330,0.9999993176,mass,1000,2,640,580,0.9078125,0.9155172414,0.9242816092,4991.431034,6905.5,7127,0.01724137931,0,aps,0,0,,,,
43,0.3,aps_rolling,331,0.9999991664,mass,1000,2,506,474,0.9150197628,0.917721519,0.9224683544,4901.082278,6997.5,7127,0.01476793249,0,aps,0,0,,,,
43,0.3,aps_rolling,332,0.9999991171,mass,1000,2,318,300,0.8836477987,0.8866666667,0.8933333333,4566.123333,6561.5,7127,0.03666666667,0,aps,0,0,,,,
43,0.3,aps_rolling,333,0.999999089,mass,1000,3,342,312,0.865497076,0.875,0.8835470085,4619.788462,6705.5,7127,0.03525641026,0,aps,0,0,,,,
43,0.3,aps_rolling,334,0.9999995177,mass,1000,3,700,633,0.9014285714,0.9131121643,0.9207214323,4801.045814,6921,7127,0.03001579779,0,aps,0,0,,,,
43,0.3,aps_rolling,335,0.9999996262,mass,1000,2,656,587,0.8978658537,0.8960817717,0.907552527,4842.245315,6941,7127,0.02555366269,0,aps,0,0,,,,
43,0.3,aps_rolling,336,0.9999997516,mass,1000,2,632,551,0.9082278481,0.9056261343,0.9212038717,5013.355717,7037,7127,0.02177858439,0,aps,0,0,,,,
43,0.3,aps_rolling,337,0.9999997223,mass,1000,2,552,492,0.902173913,0.9105691057,0.9218834688,4765.979675,6953.5,7127,0.02235772358,0,aps,0,0,,,,
43,0.3,aps_rolling,338,0.9999997337,mass,1000,2,496,457,0.9092741935,0.9190371991,0.9281546317,4883.993435,6977,7127,0.01969365427,0,aps,0,0,,,,
43,0.3,aps_rolling,339,0.9999994902,mass,1000,2,328,297,0.8506097561,0.8417508418,0.8543771044,4594.225589,6780,7127,0.02693602694,0,aps,0,0,,,,
43,0.3,aps_rolling,340,0.9999998001,mass,1000,3,328,303,0.9176829268,0.9273927393,0.9334433443,5006.49505,7018,7127,0.006600660066,0,aps,0,0,,,,
43,0.3,aps_rolling,341,0.9999997902,mass,1000,3,576,519,0.8819444444,0.8921001927,0.8998715478,4878.695568,7016,7127,0.02312138728,0,aps,0,0,,,,
43,0.3,aps_rolling,342,0.9999998413,mass,1000,3,636,565,0.9088050314,0.9079646018,0.9197640118,5029.320354,7003,7127,0.01415929204,0,aps,0,0,,,,
43,0.3,aps_rolling,343,0.999999872,mass,1000,2,642,567,0.8925233645,0.8941798942,0.9075249853,5275.744268,7086,7127,0.02116402116,0,aps,0,0,,,,
43,0.3,aps_rolling,344,0.9999998519,mass,1000,2,650,582,0.8938461538,0.8951890034,0.9072164948,4934.225086,7041.5,7127,0.01030927835,0,aps,0,0,,,,
43,0.3,aps_rolling,345,0.9999999358,mass,1000,2,586,501,0.909556314,0.9041916168,0.9138389887,5006.688623,7091,7127,0.01796407186,0,aps,0,0,,,,
43,0.3,aps_rolling,346,0.99999992,mass,1000,2,224,197,0.9017857143,0.9035532995,0.921319797,4346.766497,5930,7127,0.05076142132,0,aps,0,0,,,,
43,0.3,aps_rolling,347,0.999999899,mass,1000,3,306,277,0.9248366013,0.9277978339,0.9398315283,4049.617329,6027,7127,0.05054151625,0,aps,0,0,,,,
43,0.3,aps_rolling,348,0.9999998871,mass,1000,3,714,610,0.893557423,0.8983606557,0.9168032787,4683.672131,6891,7127,0.02459016393,0,aps,0,0,,,,
43,0.3,aps_rolling,349,0.9999998871,mass,1000,2,600,545,0.8816666667,0.880733945,0.8948012232,4600.016514,6775,7127,0.01834862385,0,aps,0,0,,,,
43,0.3,aps_rolling,350,0.9999999497,mass,1000,2,656,560,0.8993902439,0.8910714286,0.9121130952,4601.758929,6751,7127,0.03571428571,0,aps,0,0,,,,
43,0.3,aps_rolling,351,0.9999999505,mass,1000,2,522,476,0.8888888889,0.8949579832,0.9075630252,4445.472689,6716.5,7127,0.03361344538,0,aps,0,0,,,,
43,0.3,aps_rolling,352,0.9999999596,mass,1000,2,462,415,0.8874458874,0.9060240964,0.9226907631,4696.46747,6883,7127,0.03855421687,0,aps,0,0,,,,
43,0.3,aps_rolling,353,0.9999999895,mass,1000,3,242,226,0.8925619835,0.8938053097,0.907079646,4501.769912,6797,7127,0.02654867257,0,aps,0,0,,,,
43,0.3,aps_rolling,354,0.9999999914,mass,1000,3,238,227,0.9369747899,0.9383259912,0.9405286344,4955.387665,7035,7127,0.02202643172,0,aps,0,0,,,,
43,0.3,aps_rolling,355,0.9999999914,mass,1000,4,578,506,0.8961937716,0.9071146245,0.9232778091,5142.146245,7097,7127,0.01976284585,0,aps,0,0,,,,
43,0.3,aps_rolling,356,0.9999999891,mass,1000,3,548,483,0.9124087591,0.917184265,0.9230503796,4905.828157,7024,7127,0.016563147,0,aps,0,0,,,,
43,0.3,aps_rolling,357,0.9999999832,mass,1000,2,406,363,0.9064039409,0.9008264463,0.9129935721,4580.011019,6735,7127,0.01928374656,0,aps,0,0,,,,
43,0.3,aps_rolling,358,0.9999999738,mass,1000,3,300,276,0.92,0.9130434783,0.9245169082,4137.304348,6260.5,7127,0.03985507246,0,aps,0,0,,,,
43,0.3,aps_rolling,359,0.9999999738,mass,1000,3,330,312,0.9666666667,0.9647435897,0.9711538462,5271.016026,7101.5,7127,0.00641025641,0,aps,0,0,,,,
43,0.3,aps_rolling,360,0.9999999286,mass,1000,3,228,214,0.9035087719,0.9065420561,0.9112149533,4302.61215,6438,7127,0.04205607477,0,aps,0,0,,,,
43,0.3,aps_rolling,361,0.9999999346,mass,1000,4,246,226,0.8495934959,0.8407079646,0.8480825959,3961.924779,5644.5,7127,0.03539823009,0,aps,0,0,,,,
43,0.3,aps_rolling,362,0.9999999091,mass,1000,4,620,530,0.8322580645,0.8698113208,0.8895058401,4188.09434,6538.5,7127,0.02264150943,0,aps,0,0,,,,
43,0.3,aps_rolling,363,0.9999999973,mass,1000,3,386,353,0.9222797927,0.9235127479,0.9381491974,4696.436261,6986,7127,0.01983002833,0,aps,0,0,,,,
43,0.3,aps_rolling,364,0.9999999964,mass,1000,2,354,329,0.9152542373,0.9209726444,0.9295845998,4737.051672,6997,7127,0.03343465046,0,aps,0,0,,,,
59,0.3,aps_rolling,292,0.9999906506,mass,1000,3,730,658,0.8794520548,0.8996960486,0.9063829787,4809.290274,6824,7126,0.0273556231,0,aps,0,0,,,,
59,0.3,aps_rolling,293,0.999993839,mass,1000,2,658,581,0.9179331307,0.9277108434,0.9383247275,5113.27883,6999,7127,0.01376936317,0,aps,0,0,,,,
59,0.3,aps_rolling,294,0.9999946693,mass,1000,2,618,538,0.8754045307,0.875464684,0.8962515489,4929.609665,7006.5,7127,0.02973977695,0,aps,0,0,,,,
59,0.3,aps_rolling,295,0.9999967863,mass,1000,2,666,578,0.9249249249,0.9342560554,0.9456747405,5271.351211,7026.5,7127,0.02076124567,0,aps,0,0,,,,
59,0.3,aps_rolling,296,0.9999957561,mass,1000,2,516,466,0.8779069767,0.8819742489,0.8970672389,4974.422747,7012,7127,0.01716738197,0,aps,0,0,,,,
59,0.3,aps_rolling,297,0.9999960887,mass,1000,2,292,254,0.845890411,0.8661417323,0.8812335958,4417.133858,6598.5,7127,0.04330708661,0,aps,0,0,,,,
59,0.3,aps_rolling,298,0.9999981541,mass,1000,3,252,224,0.9166666667,0.9330357143,0.9427083333,5104.419643,6998,7127,0.03125,0,aps,0,0,,,,
59,0.3,aps_rolling,299,0.9999980887,mass,1000,3,702,615,0.905982906,0.9235772358,0.931947348,5089.686179,7006,7127,0.0243902439,0,aps,0,0,,,,
59,0.3,aps_rolling,300,0.9999978587,mass,1000,3,664,573,0.906626506,0.9162303665,0.9303858833,5120.102967,7047,7127,0.03664921466,0,aps,0,0,,,,
59,0.3,aps_rolling,301,0.9999980355,mass,1000,2,616,552,0.9269480519,0.9275362319,0.9334842995,5307.362319,7072.5,7127,0.01992753623,0,aps,0,0,,,,
59,0.3,aps_rolling,302,0.9999965008,mass,1000,2,570,490,0.8596491228,0.8612244898,0.8765597668,4819.212245,6795,7127,0.0306122449,0,aps,0,0,,,,
59,0.3,aps_rolling,303,0.9999982376,mass,1000,2,542,485,0.9022140221,0.8969072165,0.9086941581,5036.480412,7007,7127,0.02268041237,0,aps,0,0,,,,
59,0.3,aps_rolling,304,0.9999978737,mass,1000,2,328,281,0.8506097561,0.8576512456,0.8810794781,4751.864769,6894,7127,0.02846975089,0,aps,0,0,,,,
59,0.3,aps_rolling,305,0.9999990628,mass,1000,3,328,295,0.9085365854,0.9152542373,0.9300564972,4842.220339,6965,7127,0.01694915254,0,aps,0,0,,,,
59,0.3,aps_rolling,306,0.9999990628,mass,1000,3,582,513,0.9020618557,0.9142300195,0.9279077323,5046.2846,7052,7127,0.02144249513,0,aps,0,0,,,,
59,0.3,aps_rolling,307,0.9999990858,mass,1000,3,588,510,0.8928571429,0.9156862745,0.9300653595,5359.456863,7055,7127,0.02549019608,0,aps,0,0,,,,
59,0.3,aps_rolling,308,0.9999992466,mass,1000,2,562,497,0.8985765125,0.9054325956,0.9161636486,5132.808853,7071,7127,0.01810865191,0,aps,0,0,,,,
59,0.3,aps_rolling,309,0.9999992339,mass,1000,2,626,535,0.9137380192,0.9252336449,0.9375077882,5330.188785,7068,7127,0.02056074766,0,aps,0,0,,,,
59,0.3,aps_rolling,310,0.9999990808,mass,1000,2,620,527,0.9338709677,0.9316888046,0.9469639469,4807.645161,6899,7127,0.02087286528,0,aps,0,0,,,,
59,0.3,aps_rolling,311,0.9999977394,mass,1000,2,438,366,0.8904109589,0.8797814208,0.9115664845,4115,5908.5,7127,0.04644808743,0,aps,0,0,,,,
59,0.3,aps_rolling,312,0.9999972472,mass,1000,2,460,368,0.8217391304,0.839673913,0.8695910973,4107.513587,5956,7127,0.03260869565,0,aps,0,0,,,,
59,0.3,aps_rolling,313,0.9999993352,mass,1000,3,794,641,0.8916876574,0.9048361934,0.9190587624,4655.340094,6859,7127,0.03120124805,0,aps,0,0,,,,
59,0.3,aps_rolling,314,0.9999997268,mass,1000,2,678,585,0.9174041298,0.9196581197,0.9305860806,4887.998291,7003,7127,0.02393162393,0,aps,0,0,,,,
59,0.3,aps_rolling,315,0.9999996125,mass,1000,2,774,660,0.8992248062,0.9015151515,0.9188383838,4851.6,6948,7127,0.01666666667,0,aps,0,0,,,,
59,0.3,aps_rolling,316,0.9999997829,mass,1000,2,758,622,0.9274406332,0.9292604502,0.9418542337,5324.487138,7059.5,7127,0.01446945338,0,aps,0,0,,,,
59,0.3,aps_rolling,317,0.9999986776,mass,1000,2,630,559,0.8761904762,0.8783542039,0.8986881336,4324.461538,6520,7127,0.04830053667,0,aps,0,0,,,,
59,0.3,aps_rolling,318,0.9999995641,mass,1000,2,342,308,0.9093567251,0.9123376623,0.9242424242,4366.795455,6625.5,7127,0.03246753247,0,aps,0,0,,,,
59,0.3,aps_rolling,319,0.9999995611,mass,1000,3,324,290,0.9104938272,0.9068965517,0.9137931034,4560.951724,6765.5,7127,0.0275862069,0,aps,0,0,,,,
59,0.3,aps_rolling,320,0.9999995717,mass,1000,3,736,646,0.902173913,0.9148606811,0.9221534228,5046.133127,7019,7127,0.02321981424,0,aps,0,0,,,,
59,0.3,aps_rolling,321,0.9999995438,mass,1000,2,680,603,0.9014705882,0.9021558872,0.9126589276,4921.678275,6999,7127,0.02487562189,0,aps,0,0,,,,
59,0.3,aps_rolling,322,0.9999997805,mass,1000,2,668,595,0.9281437126,0.9378151261,0.9408963585,5188.107563,7029,7127,0.02521008403,0,aps,0,0,,,,
59,0.3,aps_rolling,323,0.9999993466,mass,1000,2,668,600,0.8817365269,0.8933333333,0.9019444444,4833.198333,6812,7127,0.02833333333,0,aps,0,0,,,,
59,0.3,aps_rolling,324,0.9999994991,mass,1000,2,796,650,0.8743718593,0.8907692308,0.9116410256,4671.926154,6904,7127,0.03076923077,0,aps,0,0,,,,
59,0.3,aps_rolling,325,0.9999997919,mass,1000,2,398,360,0.864321608,0.875,0.8800925926,4497.666667,6857,7127,0.04444444444,0,aps,0,0,,,,
59,0.3,aps_rolling,326,0.9999999238,mass,1000,2,422,348,0.8601895735,0.8936781609,0.8987068966,4263.350575,6237.5,7127,0.02298850575,0,aps,0,0,,,,
59,0.3,aps_rolling,327,0.9999999724,mass,1000,3,738,621,0.9092140921,0.9291465378,0.9453569512,5282.190016,7088,7127,0.01288244767,0,aps,0,0,,,,
59,0.3,aps_rolling,328,0.9999999766,mass,1000,2,600,526,0.93,0.9372623574,0.9457722252,5392.159696,7103,7127,0.007604562738,0,aps,0,0,,,,
59,0.3,aps_rolling,329,0.9999999047,mass,1000,2,684,599,0.918128655,0.9198664441,0.9265442404,5132.180301,7061,7127,0.0183639399,0,aps,0,0,,,,
59,0.3,aps_rolling,330,0.9999997793,mass,1000,2,640,580,0.909375,0.9137931034,0.9234195402,4992.224138,6990.5,7127,0.02586206897,0,aps,0,0,,,,
59,0.3,aps_rolling,331,0.9999996958,mass,1000,2,506,474,0.9090909091,0.9113924051,0.9156118143,4870.719409,6985.5,7127,0.02320675105,0,aps,0,0,,,,
59,0.3,aps_rolling,332,0.9999996801,mass,1000,2,318,300,0.8836477987,0.8933333333,0.8994444444,4553.996667,6718,7127,0.05,0,aps,0,0,,,,
59,0.3,aps_rolling,333,0.9999997162,mass,1000,3,342,312,0.8859649123,0.8942307692,0.9049145299,4637.676282,6789,7127,0.04166666667,0,aps,0,0,,,,
59,0.3,aps_rolling,334,0.9999997402,mass,1000,3,700,633,0.89,0.9004739336,0.9109794629,4701.695103,6900,7127,0.03633491311,0,aps,0,0,,,,
59,0.3,aps_rolling,335,0.9999998437,mass,1000,2,656,587,0.8932926829,0.8875638842,0.9024417944,4768.974446,6958,7127,0.02896081772,0,aps,0,0,,,,
59,0.3,aps_rolling,336,0.9999999025,mass,1000,2,632,551,0.9018987342,0.8965517241,0.9113732607,5019.528131,7054,7127,0.03266787659,0,aps,0,0,,,,
59,0.3,aps_rolling,337,0.9999998897,mass,1000,2,552,492,0.8967391304,0.9085365854,0.9161246612,4721.455285,6977.5,7127,0.02032520325,0,aps,0,0,,,,
59,0.3,aps_rolling,338,0.9999999302,mass,1000,2,496,457,0.9213709677,0.9277899344,0.9361779723,5023.910284,7018,7127,0.03282275711,0,aps,0,0,,,,
59,0.3,aps_rolling,339,0.9999998492,mass,1000,2,328,297,0.8719512195,0.8653198653,0.8740179574,4637.481481,6659,7127,0.03703703704,0,aps,0,0,,,,
59,0.3,aps_rolling,340,0.9999999049,mass,1000,3,328,303,0.9085365854,0.9273927393,0.9295929593,4900.716172,6931,7127,0.02310231023,0,aps,0,0,,,,
59,0.3,aps_rolling,341,0.9999999027,mass,1000,3,576,519,0.8940972222,0.9075144509,0.9156069364,4857.040462,7028,7127,0.02504816956,0,aps,0,0,,,,
59,0.3,aps_rolling,342,0.9999999262,mass,1000,3,636,565,0.8993710692,0.9008849558,0.9100294985,4993.973451,6996,7127,0.02123893805,0,aps,0,0,,,,
59,0.3,aps_rolling,343,0.9999999456,mass,1000,2,642,567,0.8831775701,0.8888888889,0.9009994121,5283.104056,7085,7127,0.01410934744,0,aps,0,0,,,,
59,0.3,aps_rolling,344,0.999999971,mass,1000,2,650,582,0.8923076923,0.9003436426,0.9090778923,5046.280069,7047,7127,0.01202749141,0,aps,0,0,,,,
59,0.3,aps_rolling,345,0.9999999865,mass,1000,2,586,501,0.9266211604,0.9221556886,0.9324683965,5072.169661,7100,7127,0.02594810379,0,aps,0,0,,,,
59,0.3,aps_rolling,346,0.9999999706,mass,1000,2,224,197,0.8883928571,0.8934010152,0.9060913706,4304.13198,6028,7127,0.04568527919,0,aps,0,0,,,,
59,0.3,aps_rolling,347,0.9999999646,mass,1000,3,306,277,0.9117647059,0.9133574007,0.9271961492,4027.700361,6288,7127,0.03610108303,0,aps,0,0,,,,
59,0.3,aps_rolling,348,0.999999957,mass,1000,3,714,610,0.8893557423,0.9,0.9120218579,4670.098361,6951.5,7127,0.03770491803,0,aps,0,0,,,,
59,0.3,aps_rolling,349,0.999999979,mass,1000,2,600,545,0.8916666667,0.895412844,0.9064220183,4757.275229,6945,7127,0.03302752294,0,aps,0,0,,,,
59,0.3,aps_rolling,350,0.9999999892,mass,1000,2,656,560,0.9146341463,0.9178571429,0.9362202381,4691.492857,6755,7127,0.03392857143,0,aps,0,0,,,,
59,0.3,aps_rolling,351,0.9999999837,mass,1000,2,522,476,0.8831417625,0.8886554622,0.906162465,4435.720588,6696,7127,0.02941176471,0,aps,0,0,,,,
59,0.3,aps_rolling,352,0.9999999877,mass,1000,2,462,415,0.8917748918,0.9108433735,0.9272088353,4806.742169,6888,7127,0.03373493976,0,aps,0,0,,,,
59,0.3,aps_rolling,353,0.9999999957,mass,1000,3,242,226,0.8884297521,0.8849557522,0.8982300885,4377.606195,6781.5,7127,0.01327433628,0,aps,0,0,,,,
59,0.3,aps_rolling,354,0.9999999976,mass,1000,3,238,227,0.9201680672,0.9207048458,0.9258443465,4990.088106,7046,7127,0.004405286344,0,aps,0,0,,,,
59,0.3,aps_rolling,355,0.9999999977,mass,1000,4,578,506,0.8944636678,0.9071146245,0.9255834745,5139.924901,7098.5,7127,0.005928853755,0,aps,0,0,,,,
59,0.3,aps_rolling,356,0.9999999971,mass,1000,3,548,483,0.9197080292,0.9192546584,0.9254658385,5036.389234,7047,7127,0.006211180124,0,aps,0,0,,,,
59,0.3,aps_rolling,357,0.9999999963,mass,1000,2,406,363,0.9039408867,0.91184573,0.9182736455,4623.509642,6853,7127,0.02754820937,0,aps,0,0,,,,
59,0.3,aps_rolling,358,0.9999999923,mass,1000,3,300,276,0.88,0.8804347826,0.8888888889,4063.184783,5722.5,7127,0.02536231884,0,aps,0,0,,,,
59,0.3,aps_rolling,359,0.9999999972,mass,1000,3,330,312,0.9575757576,0.9615384615,0.9647435897,5271.083333,7121,7127,0.003205128205,0,aps,0,0,,,,
59,0.3,aps_rolling,360,0.999999987,mass,1000,3,228,214,0.899122807,0.9018691589,0.9065420561,4437.948598,6670,7127,0.03738317757,0,aps,0,0,,,,
59,0.3,aps_rolling,361,0.9999999898,mass,1000,4,246,226,0.8780487805,0.8761061947,0.8842182891,4082.420354,5975.5,7127,0.05309734513,0,aps,0,0,,,,
59,0.3,aps_rolling,362,0.9999999865,mass,1000,4,620,530,0.8516129032,0.8924528302,0.9068014376,4354.296226,6539.5,7127,0.04339622642,0,aps,0,0,,,,
59,0.3,aps_rolling,363,0.9999999997,mass,1000,3,386,353,0.9274611399,0.9320113314,0.9423984891,4854.685552,7048,7127,0.01983002833,0,aps,0,0,,,,
59,0.3,aps_rolling,364,0.9999999997,mass,1000,2,354,329,0.9152542373,0.9209726444,0.929331307,5006.325228,7055,7127,0.02127659574,0,aps,0,0,,,,
71,0.3,aps_rolling,292,0.9999888773,mass,1000,3,730,658,0.8835616438,0.8951367781,0.9088145897,4817.155015,6831,7126,0.0273556231,0,aps,0,0,,,,
71,0.3,aps_rolling,293,0.9999901278,mass,1000,2,658,581,0.9118541033,0.917383821,0.9311531842,5133.709122,6934,7127,0.01721170396,0,aps,0,0,,,,
71,0.3,aps_rolling,294,0.9999893321,mass,1000,2,618,538,0.8673139159,0.8773234201,0.8920693928,4931.936803,6895.5,7126,0.02230483271,0,aps,0,0,,,,
71,0.3,aps_rolling,295,0.9999964759,mass,1000,2,666,578,0.9144144144,0.9204152249,0.9352941176,5347.762976,6981.5,7127,0.01730103806,0,aps,0,0,,,,
71,0.3,aps_rolling,296,0.9999966695,mass,1000,2,516,466,0.8856589147,0.8862660944,0.9036480687,5118.995708,6973.5,7127,0.01716738197,0,aps,0,0,,,,
71,0.3,aps_rolling,297,0.9999967226,mass,1000,2,292,254,0.8732876712,0.874015748,0.8921259843,4595.334646,6629,7127,0.02755905512,0,aps,0,0,,,,
71,0.3,aps_rolling,298,0.9999981881,mass,1000,3,252,224,0.9206349206,0.9285714286,0.9404761905,5173.839286,6940,7127,0.03571428571,0,aps,0,0,,,,
71,0.3,aps_rolling,299,0.9999977916,mass,1000,3,702,615,0.9116809117,0.9219512195,0.9306697638,5161.173984,6994,7127,0.02601626016,0,aps,0,0,,,,
71,0.3,aps_rolling,300,0.9999967153,mass,1000,3,664,573,0.8930722892,0.8952879581,0.9119643203,5129.338569,7012,7127,0.03315881326,0,aps,0,0,,,,
71,0.3,aps_rolling,301,0.9999979582,mass,1000,2,616,552,0.9269480519,0.9257246377,0.9297705314,5327.076087,7066.5,7127,0.01992753623,0,aps,0,0,,,,
71,0.3,aps_rolling,302,0.9999917915,mass,1000,2,570,490,0.8578947368,0.8653061224,0.8773080661,4535.161224,6587,7127,0.02040816327,0,aps,0,0,,,,
71,0.3,aps_rolling,303,0.9999980332,mass,1000,2,542,485,0.9022140221,0.8989690722,0.9071477663,5027.336082,6944,7127,0.01443298969,0,aps,0,0,,,,
71,0.3,aps_rolling,304,0.9999972533,mass,1000,2,328,281,0.8506097561,0.8540925267,0.8795966785,4729.800712,6900,7127,0.03202846975,0,aps,0,0,,,,
71,0.3,aps_rolling,305,0.999998654,mass,1000,3,328,295,0.9298780488,0.9322033898,0.9432768362,4868.898305,6851,7127,0.02372881356,0,aps,0,0,,,,
71,0.3,aps_rolling,306,0.999998408,mass,1000,3,582,513,0.883161512,0.9005847953,0.9137426901,4938.037037,7023,7127,0.02144249513,0,aps,0,0,,,,
71,0.3,aps_rolling,307,0.9999985062,mass,1000,3,588,510,0.8928571429,0.9098039216,0.9244117647,5328.131373,6990.5,7127,0.009803921569,0,aps,0,0,,,,
71,0.3,aps_rolling,308,0.9999990418,mass,1000,2,562,497,0.8861209964,0.893360161,0.9021462106,5155.830986,7056,7127,0.01408450704,0,aps,0,0,,,,
71,0.3,aps_rolling,309,0.9999992183,mass,1000,2,626,535,0.8849840256,0.8934579439,0.9039252336,5349.846729,7068,7127,0.01308411215,0,aps,0,0,,,,
71,0.3,aps_rolling,310,0.9999994733,mass,1000,2,620,527,0.9225806452,0.9240986717,0.9425996205,5067.263757,7020,7127,0.02277039848,0,aps,0,0,,,,
71,0.3,aps_rolling,311,0.9999991002,mass,1000,2,438,366,0.904109589,0.8907103825,0.9189435337,4574.849727,6571.5,7127,0.02459016393,0,aps,0,0,,,,
71,0.3,aps_rolling,312,0.9999987397,mass,1000,2,460,368,0.8847826087,0.8831521739,0.9164596273,4358.396739,6407,7127,0.01630434783,0,aps,0,0,,,,
71,0.3,aps_rolling,313,0.9999991616,mass,1000,3,794,641,0.8816120907,0.8939157566,0.9111284451,4607.271451,6795,7127,0.01872074883,0,aps,0,0,,,,
71,0.3,aps_rolling,314,0.9999996487,mass,1000,2,678,585,0.8967551622,0.8991452991,0.9129426129,4867.394872,6997,7127,0.0188034188,0,aps,0,0,,,,
71,0.3,aps_rolling,315,0.9999997439,mass,1000,2,774,660,0.8927648579,0.8939393939,0.9096717172,5025.422727,7002,7127,0.01363636364,0,aps,0,0,,,,
71,0.3,aps_rolling,316,0.9999998252,mass,1000,2,758,622,0.9234828496,0.921221865,0.9394962487,5425.847267,7056.5,7127,0.01446945338,0,aps,0,0,,,,
71,0.3,aps_rolling,317,0.9999994001,mass,1000,2,630,559,0.8920634921,0.8926654741,0.9134168157,4602.59034,6573,7127,0.03935599284,0,aps,0,0,,,,
71,0.3,aps_rolling,318,0.9999995302,mass,1000,2,342,308,0.9005847953,0.9090909091,0.9215367965,4473.470779,6624.5,7127,0.02597402597,0,aps,0,0,,,,
71,0.3,aps_rolling,319,0.9999996033,mass,1000,3,324,290,0.9320987654,0.9275862069,0.9327586207,4610.837931,6661,7127,0.01724137931,0,aps,0,0,,,,
71,0.3,aps_rolling,320,0.9999994768,mass,1000,3,736,646,0.9008152174,0.9117647059,0.9194358445,5039.22291,6967.5,7127,0.01857585139,0,aps,0,0,,,,
71,0.3,aps_rolling,321,0.9999992453,mass,1000,2,680,603,0.9044117647,0.9004975124,0.912106136,4938.973466,6885,7127,0.02487562189,0,aps,0,0,,,,
71,0.3,aps_rolling,322,0.9999995019,mass,1000,2,668,595,0.9146706587,0.9226890756,0.9274509804,5014.194958,6959,7127,0.0268907563,0,aps,0,0,,,,
71,0.3,aps_rolling,323,0.999998998,mass,1000,2,668,600,0.8892215569,0.9016666667,0.9083333333,4903.353333,6770,7127,0.03,0,aps,0,0,,,,
71,0.3,aps_rolling,324,0.9999993786,mass,1000,2,796,650,0.8831658291,0.8923076923,0.9194615385,4787.543077,6896,7127,0.03538461538,0,aps,0,0,,,,
71,0.3,aps_rolling,325,0.9999996871,mass,1000,2,398,360,0.864321608,0.8694444444,0.8791666667,4524.372222,6823,7127,0.03611111111,0,aps,0,0,,,,
71,0.3,aps_rolling,326,0.9999998125,mass,1000,2,422,348,0.8791469194,0.8793103448,0.8936781609,4160.505747,6394,7127,0.02873563218,0,aps,0,0,,,,
71,0.3,aps_rolling,327,0.999999908,mass,1000,3,738,621,0.8929539295,0.9114331723,0.9252281267,5045.275362,7010,7127,0.009661835749,0,aps,0,0,,,,
71,0.3,aps_rolling,328,0.9999999306,mass,1000,2,600,526,0.9166666667,0.9239543726,0.932554771,5222.342205,7058.5,7127,0.01140684411,0,aps,0,0,,,,
71,0.3,aps_rolling,329,0.9999999153,mass,1000,2,684,599,0.918128655,0.9198664441,0.9288814691,5208.959933,7044,7127,0.008347245409,0,aps,0,0,,,,
71,0.3,aps_rolling,330,0.999999671,mass,1000,2,640,580,0.9109375,0.9189655172,0.9274425287,4963.065517,6908,7127,0.01724137931,0,aps,0,0,,,,
71,0.3,aps_rolling,331,0.9999994923,mass,1000,2,506,474,0.8913043478,0.8987341772,0.9018987342,4844.78481,6874.5,7127,0.02953586498,0,aps,0,0,,,,
71,0.3,aps_rolling,332,0.9999995848,mass,1000,2,318,300,0.9025157233,0.9033333333,0.9094444444,4573.093333,6646,7127,0.05333333333,0,aps,0,0,,,,
71,0.3,aps_rolling,333,0.9999995595,mass,1000,3,342,312,0.8742690058,0.8782051282,0.8888888889,4637.900641,6806,7127,0.04807692308,0,aps,0,0,,,,
71,0.3,aps_rolling,334,0.9999996981,mass,1000,3,700,633,0.9071428571,0.9225908373,0.9285150079,4784.492891,6881,7127,0.03317535545,0,aps,0,0,,,,
71,0.3,aps_rolling,335,0.9999997317,mass,1000,2,656,587,0.8963414634,0.8960817717,0.9108461102,4824.848382,6830,7127,0.02044293015,0,aps,0,0,,,,
71,0.3,aps_rolling,336,0.9999997605,mass,1000,2,632,551,0.8971518987,0.8929219601,0.9079854809,4880.016334,6916,7127,0.02359346642,0,aps,0,0,,,,
71,0.3,aps_rolling,337,0.9999997605,mass,1000,2,552,492,0.8768115942,0.8882113821,0.8974932249,4639.245935,6828.5,7127,0.02845528455,0,aps,0,0,,,,
71,0.3,aps_rolling,338,0.9999998805,mass,1000,2,496,457,0.9092741935,0.9256017505,0.9318016047,4985.059081,6918,7127,0.01531728665,0,aps,0,0,,,,
71,0.3,aps_rolling,339,0.9999998675,mass,1000,2,328,297,0.8841463415,0.8720538721,0.8841189675,4760.195286,6755,7127,0.03367003367,0,aps,0,0,,,,
71,0.3,aps_rolling,340,0.9999998769,mass,1000,3,328,303,0.9024390244,0.9174917492,0.9240924092,5043.165017,6845,7127,0.02640264026,0,aps,0,0,,,,
71,0.3,aps_rolling,341,0.9999998827,mass,1000,3,576,519,0.8923611111,0.9036608863,0.9136801541,4912.487476,6946,7127,0.009633911368,0,aps,0,0,,,,
71,0.3,aps_rolling,342,0.9999999047,mass,1000,3,636,565,0.8946540881,0.8938053097,0.9041297935,4990.382301,6937,7127,0.01415929204,0,aps,0,0,,,,
71,0.3,aps_rolling,343,0.9999999359,mass,1000,2,642,567,0.8925233645,0.897707231,0.9098177543,5279.282187,7061,7127,0.0176366843,0,aps,0,0,,,,
71,0.3,aps_rolling,344,0.9999999563,mass,1000,2,650,582,0.8830769231,0.8917525773,0.8964776632,5017.92268,7011.5,7127,0.008591065292,0,aps,0,0,,,,
71,0.3,aps_rolling,345,0.9999999777,mass,1000,2,586,501,0.9232081911,0.9201596806,0.9301397206,5067.441118,7055,7127,0.02395209581,0,aps,0,0,,,,
71,0.3,aps_rolling,346,0.9999999558,mass,1000,2,224,197,0.90625,0.9137055838,0.923857868,4358.263959,6012,7127,0.04568527919,0,aps,0,0,,,,
71,0.3,aps_rolling,347,0.9999999352,mass,1000,3,306,277,0.8954248366,0.9025270758,0.9145607702,3997.245487,5793,7127,0.05415162455,0,aps,0,0,,,,
71,0.3,aps_rolling,348,0.999999932,mass,1000,3,714,610,0.8781512605,0.8868852459,0.8994535519,4661.268852,6843,7127,0.03606557377,0,aps,0,0,,,,
71,0.3,aps_rolling,349,0.9999999761,mass,1000,2,600,545,0.8933333333,0.8935779817,0.903058104,4765.115596,6910,7127,0.02201834862,0,aps,0,0,,,,
71,0.3,aps_rolling,350,0.9999999882,mass,1000,2,656,560,0.8978658537,0.8982142857,0.915952381,4722.892857,6832.5,7127,0.03035714286,0,aps,0,0,,,,
71,0.3,aps_rolling,351,0.9999999882,mass,1000,2,522,476,0.8869731801,0.8970588235,0.9079131653,4576.388655,6804,7127,0.0231092437,0,aps,0,0,,,,
71,0.3,aps_rolling,352,0.9999999902,mass,1000,2,462,415,0.8874458874,0.9060240964,0.9222891566,4852.66747,6889,7127,0.0265060241,0,aps,0,0,,,,
71,0.3,aps_rolling,353,0.9999999946,mass,1000,3,242,226,0.8512396694,0.8495575221,0.8628318584,4497.482301,6788,7127,0.03539823009,0,aps,0,0,,,,
71,0.3,aps_rolling,354,0.9999999969,mass,1000,3,238,227,0.9201680672,0.9162995595,0.922907489,5063.696035,7042,7127,0.02643171806,0,aps,0,0,,,,
71,0.3,aps_rolling,355,0.9999999975,mass,1000,4,578,506,0.8910034602,0.9110671937,0.922548466,5283.371542,7084,7127,0.01778656126,0,aps,0,0,,,,
71,0.3,aps_rolling,356,0.9999999983,mass,1000,3,548,483,0.9160583942,0.9213250518,0.9265010352,5170.805383,7072,7127,0.02070393375,0,aps,0,0,,,,
71,0.3,aps_rolling,357,0.9999999974,mass,1000,2,406,363,0.9113300493,0.9063360882,0.9210284665,4803.327824,6918,7127,0.01101928375,0,aps,0,0,,,,
71,0.3,aps_rolling,358,0.9999999941,mass,1000,3,300,276,0.9133333333,0.9057971014,0.9172705314,4362.032609,6379,7127,0.01811594203,0,aps,0,0,,,,
71,0.3,aps_rolling,359,0.9999999918,mass,1000,3,330,312,0.9575757576,0.9551282051,0.9599358974,5250.910256,7107,7127,0.003205128205,0,aps,0,0,,,,
71,0.3,aps_rolling,360,0.9999999697,mass,1000,3,228,214,0.8903508772,0.8971962617,0.9018691589,4273.5,6163.5,7127,0.04205607477,0,aps,0,0,,,,
71,0.3,aps_rolling,361,0.99999998,mass,1000,4,246,226,0.8780487805,0.8716814159,0.8783185841,3926.004425,5553.5,7127,0.04424778761,0,aps,0,0,,,,
71,0.3,aps_rolling,362,0.9999999577,mass,1000,4,620,530,0.8370967742,0.8735849057,0.8884546271,4095.64717,5977.5,7127,0.02641509434,0,aps,0,0,,,,
71,0.3,aps_rolling,363,0.9999999989,mass,1000,3,386,353,0.9170984456,0.9235127479,0.9287063267,4622.654391,6936,7127,0.02266288952,0,aps,0,0,,,,
71,0.3,aps_rolling,364,0.9999999988,mass,1000,2,354,329,0.9096045198,0.9088145897,0.9171732523,4771.738602,6855,7127,0.02127659574,0,aps,0,0,,,,
17,0.3,adaptive_mass_rolling,292,1.158728951,mass,1000,3,730,658,0.8452054795,0.8434650456,0.8490374873,2280.928571,1663,4277.3,0,0,raps_k50_lam0p0001,50,0.0001,True,raps_k50_lam0p0001,0.9006589786,3256.487322
17,0.3,adaptive_mass_rolling,293,1.302723819,mass,1000,2,658,581,0.9012158055,0.8967297762,0.9061962134,3602.187608,3100,5019,0,0,raps_k50_lam0p0001,50,0.0001,True,raps_k50_lam0p0001,0.9006589786,3256.487322
17,0.3,adaptive_mass_rolling,294,1.3207,mass,1000,2,618,538,0.8932038835,0.8791821561,0.8828996283,3716.401487,3269.5,4960.3,0,0,raps_k50_lam0p0001,50,0.0001,True,raps_k50_lam0p0001,0.9006589786,3256.487322
17,0.3,adaptive_mass_rolling,295,1.334832668,mass,1000,2,666,578,0.9114114114,0.8979238754,0.9002306805,3826.982699,3409,5120.5,0,0,raps_k50_lam0p0001,50,0.0001,True,raps_k50_lam0p0001,0.9006589786,3256.487322
17,0.3,adaptive_mass_rolling,296,1.310206344,mass,1000,2,516,466,0.9321705426,0.9248927039,0.9283261803,3617.199571,3165.5,4878.5,0,0,raps_k50_lam0p0001,50,0.0001,True,raps_k50_lam0p0001,0.9006589786,3256.487322
17,0.3,adaptive_mass_rolling,297,1.223752556,mass,1000,2,292,254,0.8767123288,0.8622047244,0.876312336,2779.248031,2291,4353.3,0,0,raps_k50_lam0p0001,50,0.0001,True,raps_k50_lam0p0001,0.9006589786,3256.487322
17,0.3,adaptive_mass_rolling,298,1.2513,mass,1000,3,252,224,0.880952381,0.8660714286,0.8761160714,3140.950893,2569,4902.9,0,0,raps_k50_lam0p0001,50,0.0001,True,raps_k50_lam0p0001,0.9006589786,3256.487322
17,0.3,adaptive_mass_rolling,299,1.252050271,mass,1000,3,702,615,0.9358974359,0.9268292683,0.9268292683,3005.902439,2582,4453,0,0,raps_k50_lam0p0001,50,0.0001,True,raps_k50_lam0p0001,0.9006589786,3256.487322
17,0.3,adaptive_mass_rolling,300,1.140198124,mass,1000,3,664,573,0.8554216867,0.8376963351,0.84991274,2139.945899,1483,4158.4,0,0,raps_k50_lam0p0001,50,0.0001,True,raps_k50_lam0p0001,0.9006589786,3256.487322
17,0.3,adaptive_mass_rolling,301,1.247918486,mass,1000,2,616,552,0.8555194805,0.8442028986,0.8565217391,3115.326087,2551.5,4606.6,0,0,raps_k50_lam0p0001,50,0.0001,True,raps_k50_lam0p0001,0.9006589786,3256.487322
17,0.3,adaptive_mass_rolling,302,1.356680772,mass,1000,2,570,490,0.9105263158,0.9,0.906122449,3988.946939,3622,5091.3,0,0,raps_k50_lam0p0001,50,0.0001,True,raps_k50_lam0p0001,0.9006589786,3256.487322
17,0.3,adaptive_mass_rolling,303,1.350497276,mass,1000,2,542,485,0.8856088561,0.8742268041,0.8773195876,3978.08866,3561,5231.2,0,0,raps_k50_lam0p0001,50,0.0001,True,raps_k50_lam0p0001,0.9006589786,3256.487322
17,0.3,adaptive_mass_rolling,304,1.356755266,mass,1000,2,328,281,0.9268292683,0.9288256228,0.9323843416,3986.106762,3622,5200,0,0,raps_k50_lam0p0001,50,0.0001,True,raps_k50_lam0p0001,0.9006589786,3256.487322
17,0.3,adaptive_mass_rolling,305,1.334897606,mass,1000,3,328,295,0.9268292683,0.9186440678,0.9203389831,3740.786441,3402,4991.2,0,0,raps_k50_lam0p0001,50,0.0001,True,raps_k50_lam0p0001,0.9006589786,3256.487322
17,0.3,adaptive_mass_rolling,306,1.2618,mass,1000,3,582,513,0.9209621993,0.910331384,0.9145549058,3163.109162,2675,4690.8,0,0,raps_k50_lam0p0001,50,0.0001,True,raps_k50_lam0p0001,0.9006589786,3256.487322
17,0.3,adaptive_mass_rolling,307,1.138354891,mass,1000,3,588,510,0.8537414966,0.8333333333,0.8420261438,2118.494118,1453,4166.1,0,0,raps_k50_lam0p0001,50,0.0001,True,raps_k50_lam0p0001,0.9006589786,3256.487322
17,0.3,adaptive_mass_rolling,308,1.253799076,mass,1000,2,562,497,0.8629893238,0.847082495,0.8557344064,3170.112676,2603,4730.2,0,0,raps_k50_lam0p0001,50,0.0001,True,raps_k50_lam0p0001,0.9006589786,3256.487322
17,0.3,adaptive_mass_rolling,309,1.3605,mass,1000,2,626,535,0.9089456869,0.8971962617,0.8990654206,4058.958879,3665,5167.6,0,0,raps_k50_lam0p0001,50,0.0001,True,raps_k50_lam0p0001,0.9006589786,3256.487322
17,0.3,adaptive_mass_rolling,310,1.359729619,mass,1000,2,620,527,0.9483870968,0.9392789374,0.940227704,3959.195446,3648,5034,0,0,raps_k50_lam0p0001,50,0.0001,True,raps_k50_lam0p0001,0.9006589786,3256.487322
17,0.3,adaptive_mass_rolling,311,1.199157646,mass,1000,2,438,366,0.8858447489,0.8633879781,0.8724954463,2479.918033,2042,4092,0,0,raps_k50_lam0p0001,50,0.0001,True,raps_k50_lam0p0001,0.9006589786,3256.487322
17,0.3,adaptive_mass_rolling,312,1.166721718,mass,1000,2,460,368,0.9108695652,0.8913043478,0.9051630435,2119.065217,1718,3639.5,0,0,raps_k50_lam0p0001,50,0.0001,True,raps_k50_lam0p0001,0.9006589786,3256.487322
17,0.3,adaptive_mass_rolling,313,1.17379986,mass,1000,3,794,641,0.8929471033,0.8689547582,0.8764430577,2328.397816,1789,4133,0,0,raps_k50_lam0p0001,50,0.0001,True,raps_k50_lam0p0001,0.9006589786,3256.487322
17,0.3,adaptive_mass_rolling,314,1.226120666,mass,1000,2,678,585,0.8997050147,0.8871794872,0.8948717949,2750.305983,2313,4327.6,0,0,raps_k50_lam0p0001,50,0.0001,True,raps_k50_lam0p0001,0.9006589786,3256.487322
17,0.3,adaptive_mass_rolling,315,1.238785542,mass,1000,2,774,660,0.9186046512,0.9090909091,0.9169191919,2824.004545,2440,4324.7,0,0,raps_k50_lam0p0001,50,0.0001,True,raps_k50_lam0p0001,0.9006589786,3256.487322
17,0.3,adaptive_mass_rolling,316,1.142295813,mass,1000,2,758,622,0.8746701847,0.847266881,0.8536441586,2073.135048,1481,4098.3,0,0,raps_k50_lam0p0001,50,0.0001,True,raps_k50_lam0p0001,0.9006589786,3256.487322
17,0.3,adaptive_mass_rolling,317,1.2688,mass,1000,2,630,559,0.9047619048,0.8926654741,0.901639833,3078.134168,2739,4459.4,0,0,raps_k50_lam0p0001,50,0.0001,True,raps_k50_lam0p0001,0.9006589786,3256.487322
17,0.3,adaptive_mass_rolling,318,1.272599992,mass,1000,2,342,308,0.9005847953,0.8928571429,0.8982683983,3154.571429,2776,4531.5,0,0,raps_k50_lam0p0001,50,0.0001,True,raps_k50_lam0p0001,0.9006589786,3256.487322
17,0.3,adaptive_mass_rolling,319,1.263532858,mass,1000,3,324,290,0.9104938272,0.9,0.9,3027.655172,2685.5,4453.2,0,0,raps_k50_lam0p0001,50,0.0001,True,raps_k50_lam0p0001,0.9006589786,3256.487322
17,0.3,adaptive_mass_rolling,320,1.262952029,mass,1000,3,736,646,0.8926630435,0.8808049536,0.8897832817,3167.085139,2683.5,4619.5,0,0,raps_k50_lam0p0001,50,0.0001,True,raps_k50_lam0p0001,0.9006589786,3256.487322
17,0.3,adaptive_mass_rolling,321,1.26839366,mass,1000,2,680,603,0.9176470588,0.9071310116,0.912106136,3139.296849,2737,4478.8,0,0,raps_k50_lam0p0001,50,0.0001,True,raps_k50_lam0p0001,0.9006589786,3256.487322
17,0.3,adaptive_mass_rolling,322,1.239891634,mass,1000,2,668,595,0.872754491,0.8588235294,0.862745098,2909.547899,2453,4485,0,0,raps_k50_lam0p0001,50,0.0001,True,raps_k50_lam0p0001,0.9006589786,3256.487322
17,0.3,adaptive_mass_rolling,323,1.307316871,mass,1000,2,668,600,0.9071856287,0.9016666667,0.9041666667,3455.391667,3125,4745.4,0,0,raps_k50_lam0p0001,50,0.0001,True,raps_k50_lam0p0001,0.9006589786,3256.487322
17,0.3,adaptive_mass_rolling,324,1.317597461,mass,1000,2,796,650,0.9296482412,0.9138461538,0.9243589744,3554.429231,3228,4682.4,0,0,raps_k50_lam0p0001,50,0.0001,True,raps_k50_lam0p0001,0.9006589786,3256.487322
17,0.3,adaptive_mass_rolling,325,1.188253018,mass,1000,2,398,360,0.8768844221,0.8638888889,0.8694444444,2484.575,1933,4352.9,0,0,raps_k50_lam0p0001,50,0.0001,True,raps_k50_lam0p0001,0.9006589786,3256.487322
17,0.3,adaptive_mass_rolling,326,1.204299995,mass,1000,2,422,348,0.9502369668,0.9425287356,0.944683908,2414.41092,2093,3636.3,0,0,raps_k50_lam0p0001,50,0.0001,True,raps_k50_lam0p0001,0.9006589786,3256.487322
17,0.3,adaptive_mass_rolling,327,1.1256,mass,1000,3,738,621,0.8821138211,0.8679549114,0.8764358561,1904.061192,1308,3896,0,0,raps_k50_lam0p0001,50,0.0001,True,raps_k50_lam0p0001,0.9006589786,3256.487322
17,0.3,adaptive_mass_rolling,328,1.129284119,mass,1000,2,600,526,0.925,0.9163498099,0.9220532319,1870.636882,1346,3824.5,0,0,raps_k50_lam0p0001,50,0.0001,True,raps_k50_lam0p0001,0.9006589786,3256.487322
17,0.3,adaptive_mass_rolling,329,1.100755581,mass,1000,2,684,599,0.8640350877,0.8547579299,0.8691708403,1706.504174,1060,3840,0,0,raps_k50_lam0p0001,50,0.0001,True,raps_k50_lam0p0001,0.9006589786,3256.487322
17,0.3,adaptive_mass_rolling,330,1.174591406,mass,1000,2,640,580,0.8890625,0.8775862069,0.8818965517,2273.915517,1797,4087,0,0,raps_k50_lam0p0001,50,0.0001,True,raps_k50_lam0p0001,0.9006589786,3256.487322
17,0.3,adaptive_mass_rolling,331,1.209329335,mass,1000,2,506,474,0.9110671937,0.9050632911,0.9050632911,2593.07384,2145,4225.2,0,0,raps_k50_lam0p0001,50,0.0001,True,raps_k50_lam0p0001,0.9006589786,3256.487322
17,0.3,adaptive_mass_rolling,332,1.177939633,mass,1000,2,318,300,0.9056603774,0.9,0.9,2328.046667,1830,4237,0,0,raps_k50_lam0p0001,50,0.0001,True,raps_k50_lam0p0001,0.9006589786,3256.487322
17,0.3,adaptive_mass_rolling,333,1.13519997,mass,1000,3,342,312,0.8450292398,0.8301282051,0.8338675214,1964.483974,1403,3927.5,0,0,raps_k50_lam0p0001,50,0.0001,True,raps_k50_lam0p0001,0.9006589786,3256.487322
17,0.3,adaptive_mass_rolling,334,1.210738769,mass,1000,3,700,633,0.9128571429,0.9052132701,0.9123222749,2595.974724,2159,4243,0,0,raps_k50_lam0p0001,50,0.0001,True,raps_k50_lam0p0001,0.9006589786,3256.487322
17,0.3,adaptive_mass_rolling,335,1.197254208,mass,1000,2,656,587,0.875,0.863713799,0.8745031232,2507.625213,2023,4252.4,0,0,raps_k50_lam0p0001,50,0.0001,True,raps_k50_lam0p0001,0.9006589786,3256.487322
17,0.3,adaptive_mass_rolling,336,1.232085008,mass,1000,2,632,551,0.8544303797,0.8384754991,0.8461887477,2833.016334,2372,4533,0,0,raps_k50_lam0p0001,50,0.0001,True,raps_k50_lam0p0001,0.9006589786,3256.487322
17,0.3,adaptive_mass_rolling,337,1.355401335,mass,1000,2,552,492,0.9130434783,0.9024390244,0.9102303523,3889.103659,3604,4925.9,0,0,raps_k50_lam0p0001,50,0.0001,True,raps_k50_lam0p0001,0.9006589786,3256.487322
17,0.3,adaptive_mass_rolling,338,1.345397897,mass,1000,2,496,457,0.9012096774,0.8927789934,0.8956965718,3806.052516,3504,4871,0,0,raps_k50_lam0p0001,50,0.0001,True,raps_k50_lam0p0001,0.9006589786,3256.487322
17,0.3,adaptive_mass_rolling,339,1.322997993,mass,1000,2,328,297,0.9176829268,0.9124579125,0.9231200898,3482.10101,3280,4064.8,0,0,raps_k50_lam0p0001,50,0.0001,True,raps_k50_lam0p0001,0.9006589786,3256.487322
17,0.3,adaptive_mass_rolling,340,1.287391364,mass,1000,3,328,303,0.9359756098,0.9306930693,0.9323432343,3245.69967,2924,4508.8,0,0,raps_k50_lam0p0001,50,0.0001,True,raps_k50_lam0p0001,0.9006589786,3256.487322
17,0.3,adaptive_mass_rolling,341,1.224499999,mass,1000,3,576,519,0.8576388889,0.8439306358,0.8518304432,2723.576108,2296,4320.2,0,0,raps_k50_lam0p0001,50,0.0001,True,raps_k50_lam0p0001,0.9006589786,3256.487322
17,0.3,adaptive_mass_rolling,342,1.296484901,mass,1000,3,636,565,0.9056603774,0.8938053097,0.8991150442,3416.492035,3015,4772.2,0,0,raps_k50_lam0p0001,50,0.0001,True,raps_k50_lam0p0001,0.9006589786,3256.487322
17,0.3,adaptive_mass_rolling,343,1.327135283,mass,1000,2,642,567,0.8909657321,0.8800705467,0.8844209289,3695.195767,3323,4966.4,0,0,raps_k50_lam0p0001,50,0.0001,True,raps_k50_lam0p0001,0.9006589786,3256.487322
17,0.3,adaptive_mass_rolling,344,1.330299999,mass,1000,2,650,582,0.9061538462,0.8986254296,0.9040664376,3691.898625,3353,4854,0,0,raps_k50_lam0p0001,50,0.0001,True,raps_k50_lam0p0001,0.9006589786,3256.487322
17,0.3,adaptive_mass_rolling,345,1.318360071,mass,1000,2,586,501,0.909556314,0.8942115768,0.9011976048,3589.39521,3234,4930,0,0,raps_k50_lam0p0001,50,0.0001,True,raps_k50_lam0p0001,0.9006589786,3256.487322
17,0.3,adaptive_mass_rolling,346,1.257254191,mass,1000,2,224,197,0.9330357143,0.923857868,0.9289340102,2927.80203,2622,4244.4,0,0,raps_k50_lam0p0001,50,0.0001,True,raps_k50_lam0p0001,0.9006589786,3256.487322
17,0.3,adaptive_mass_rolling,347,1.257254191,mass,1000,3,306,277,0.9379084967,0.9314079422,0.9338146811,2947.801444,2622,4412,0,0,raps_k50_lam0p0001,50,0.0001,True,raps_k50_lam0p0001,0.9006589786,3256.487322
17,0.3,adaptive_mass_rolling,348,1.223968084,mass,1000,3,714,610,0.8795518207,0.8590163934,0.8636612022,2708.34918,2290,4411.6,0,0,raps_k50_lam0p0001,50,0.0001,True,raps_k50_lam0p0001,0.9006589786,3256.487322
17,0.3,adaptive_mass_rolling,349,1.257235641,mass,1000,2,600,545,0.9016666667,0.8917431193,0.895412844,3019.633028,2622,4404.6,0,0,raps_k50_lam0p0001,50,0.0001,True,raps_k50_lam0p0001,0.9006589786,3256.487322
17,0.3,adaptive_mass_rolling,350,1.268363298,mass,1000,2,656,560,0.8902439024,0.875,0.8818452381,3033.371429,2733,4346.4,0,0,raps_k50_lam0p0001,50,0.0001,True,raps_k50_lam0p0001,0.9006589786,3256.487322
17,0.3,adaptive_mass_rolling,351,1.301462315,mass,1000,2,522,476,0.8716475096,0.8592436975,0.8648459384,3416.607143,3064,4904.5,0,0,raps_k50_lam0p0001,50,0.0001,True,raps_k50_lam0p0001,0.9006589786,3256.487322
17,0.3,adaptive_mass_rolling,352,1.346061856,mass,1000,2,462,415,0.9199134199,0.913253012,0.916064257,3763.050602,3510,4732.6,0,0,raps_k50_lam0p0001,50,0.0001,True,raps_k50_lam0p0001,0.9006589786,3256.487322
17,0.3,adaptive_mass_rolling,353,1.32787726,mass,1000,3,242,226,0.9008264463,0.8938053097,0.8960176991,3556.845133,3328,4424.5,0,0,raps_k50_lam0p0001,50,0.0001,True,raps_k50_lam0p0001,0.9006589786,3256.487322
17,0.3,adaptive_mass_rolling,354,1.301506186,mass,1000,3,238,227,0.8655462185,0.859030837,0.859030837,3364.237885,3065,4463.8,0,0,raps_k50_lam0p0001,50,0.0001,True,raps_k50_lam0p0001,0.9006589786,3256.487322
17,0.3,adaptive_mass_rolling,355,1.3099,mass,1000,4,578,506,0.8408304498,0.8260869565,0.8415678524,3510.422925,3149,4748,0,0,raps_k50_lam0p0001,50,0.0001,True,raps_k50_lam0p0001,0.9006589786,3256.487322
17,0.3,adaptive_mass_rolling,356,1.438499988,mass,1000,3,548,483,0.9270072993,0.9213250518,0.9254658385,4645.478261,4435,5500.6,0,0,raps_k50_lam0p0001,50,0.0001,True,raps_k50_lam0p0001,0.9006589786,3256.487322
17,0.3,adaptive_mass_rolling,357,1.412474956,mass,1000,2,406,363,0.9507389163,0.9476584022,0.9517906336,4303.236915,4174,4775,0,0,raps_k50_lam0p0001,50,0.0001,True,raps_k50_lam0p0001,0.9006589786,3256.487322
17,0.3,adaptive_mass_rolling,358,1.3324,mass,1000,3,300,276,0.91,0.902173913,0.904589372,3617.061594,3374,4707.5,0,0,raps_k50_lam0p0001,50,0.0001,True,raps_k50_lam0p0001,0.9006589786,3256.487322
17,0.3,adaptive_mass_rolling,359,1.2794,mass,1000,3,330,312,0.9424242424,0.9391025641,0.9407051282,3263.317308,2845,4650.1,0,0,raps_k50_lam0p0001,50,0.0001,True,raps_k50_lam0p0001,0.9006589786,3256.487322
17,0.3,adaptive_mass_rolling,360,1.193373313,mass,1000,3,228,214,0.9429824561,0.9392523364,0.941588785,2310.724299,1983,3492.6,0,0,raps_k50_lam0p0001,50,0.0001,True,raps_k50_lam0p0001,0.9006589786,3256.487322
17,0.3,adaptive_mass_rolling,361,1.173599898,mass,1000,4,246,226,0.8699186992,0.8584070796,0.8628318584,2104.690265,1786,3415.5,0,0,raps_k50_lam0p0001,50,0.0001,True,raps_k50_lam0p0001,0.9006589786,3256.487322
17,0.3,adaptive_mass_rolling,362,1.174402395,mass,1000,4,620,530,0.8903225806,0.8716981132,0.8811320755,2178.715094,1794,4013.1,0,0,raps_k50_lam0p0001,50,0.0001,True,raps_k50_lam0p0001,0.9006589786,3256.487322
17,0.3,adaptive_mass_rolling,363,1.222599999,mass,1000,3,386,353,0.8652849741,0.8583569405,0.8621340888,2633.912181,2276,4150,0,0,raps_k50_lam0p0001,50,0.0001,True,raps_k50_lam0p0001,0.9006589786,3256.487322
17,0.3,adaptive_mass_rolling,364,1.292899977,mass,1000,2,354,329,0.8728813559,0.8662613982,0.867781155,3242.647416,2979,4367,0,0,raps_k50_lam0p0001,50,0.0001,True,raps_k50_lam0p0001,0.9006589786,3256.487322
29,0.3,adaptive_mass_rolling,292,1.274998742,mass,1000,3,730,658,0.8630136986,0.8632218845,0.8693009119,3390.051672,2850,4649.7,0,0,raps_k50_lam0p0001,50,0.0001,True,raps_k50_lam0p0001,0.9042833608,3964.307422
29,0.3,adaptive_mass_rolling,293,1.406636448,mass,1000,2,658,581,0.9194528875,0.9139414802,0.9213998853,4531.690189,4177,5426,0,0,raps_k50_lam0p0001,50,0.0001,True,raps_k50_lam0p0001,0.9042833608,3964.307422
29,0.3,adaptive_mass_rolling,294,1.395580872,mass,1000,2,618,538,0.8883495146,0.873605948,0.8816604709,4426.834572,4077.5,5270,0,0,raps_k50_lam0p0001,50,0.0001,True,raps_k50_lam0p0001,0.9042833608,3964.307422
29,0.3,adaptive_mass_rolling,295,1.4113,mass,1000,2,666,578,0.9084084084,0.8944636678,0.8993656286,4542.102076,4201.5,5344.6,0,0,raps_k50_lam0p0001,50,0.0001,True,raps_k50_lam0p0001,0.9042833608,3964.307422
29,0.3,adaptive_mass_rolling,296,1.393360418,mass,1000,2,516,466,0.9205426357,0.9120171674,0.9168812589,4419.216738,4038.5,5370,0,0,raps_k50_lam0p0001,50,0.0001,True,raps_k50_lam0p0001,0.9042833608,3964.307422
29,0.3,adaptive_mass_rolling,297,1.354496402,mass,1000,2,292,254,0.8698630137,0.8543307087,0.8638451444,3991.082677,3604.5,5042.9,0,0,raps_k50_lam0p0001,50,0.0001,True,raps_k50_lam0p0001,0.9042833608,3964.307422
29,0.3,adaptive_mass_rolling,298,1.379799237,mass,1000,3,252,224,0.873015873,0.8571428571,0.8723958333,4275.178571,3871,5154.2,0,0,raps_k50_lam0p0001,50,0.0001,True,raps_k50_lam0p0001,0.9042833608,3964.307422
29,0.3,adaptive_mass_rolling,299,1.397840672,mass,1000,3,702,615,0.9230769231,0.912195122,0.9130081301,4361.845528,4052,5199.6,0,0,raps_k50_lam0p0001,50,0.0001,True,raps_k50_lam0p0001,0.9042833608,3964.307422
29,0.3,adaptive_mass_rolling,300,1.346792173,mass,1000,3,664,573,0.8734939759,0.8568935428,0.8650378127,3973.465969,3588,4968.4,0,0,raps_k50_lam0p0001,50,0.0001,True,raps_k50_lam0p0001,0.9042833608,3964.307422
29,0.3,adaptive_mass_rolling,301,1.409361746,mass,1000,2,616,552,0.8766233766,0.8677536232,0.8753019324,4537.648551,4207,5308.9,0,0,raps_k50_lam0p0001,50,0.0001,True,raps_k50_lam0p0001,0.9042833608,3964.307422
29,0.3,adaptive_mass_rolling,302,1.493802486,mass,1000,2,570,490,0.9333333333,0.9265306122,0.9275510204,5224.459184,5001.5,5785.2,0,0,raps_k50_lam0p0001,50,0.0001,True,raps_k50_lam0p0001,0.9042833608,3964.307422
29,0.3,adaptive_mass_rolling,303,1.420402166,mass,1000,2,542,485,0.8929889299,0.8804123711,0.8835051546,4620.915464,4275,5438.4,0,0,raps_k50_lam0p0001,50,0.0001,True,raps_k50_lam0p0001,0.9042833608,3964.307422
29,0.3,adaptive_mass_rolling,304,1.408748465,mass,1000,2,328,281,0.9024390244,0.9003558719,0.9039145907,4457.501779,4145,5248,0,0,raps_k50_lam0p0001,50,0.0001,True,raps_k50_lam0p0001,0.9042833608,3964.307422
29,0.3,adaptive_mass_rolling,305,1.408748465,mass,1000,3,328,295,0.9451219512,0.9389830508,0.943220339,4452.552542,4144,5320.8,0,0,raps_k50_lam0p0001,50,0.0001,True,raps_k50_lam0p0001,0.9042833608,3964.307422
29,0.3,adaptive_mass_rolling,306,1.367130674,mass,1000,3,582,513,0.9158075601,0.9044834308,0.9087069526,4157.937622,3745,5113.4,0,0,raps_k50_lam0p0001,50,0.0001,True,raps_k50_lam0p0001,0.9042833608,3964.307422
29,0.3,adaptive_mass_rolling,307,1.233777489,mass,1000,3,588,510,0.8724489796,0.8529411765,0.8620261438,3029.754902,2449.5,4455.4,0,0,raps_k50_lam0p0001,50,0.0001,True,raps_k50_lam0p0001,0.9042833608,3964.307422
29,0.3,adaptive_mass_rolling,308,1.352876441,mass,1000,2,562,497,0.8540925267,0.8410462777,0.8500335345,4063.525151,3635,5057.8,0,0,raps_k50_lam0p0001,50,0.0001,True,raps_k50_lam0p0001,0.9042833608,3964.307422
29,0.3,adaptive_mass_rolling,309,1.461685055,mass,1000,2,626,535,0.9025559105,0.891588785,0.8986915888,4980.297196,4692,5689.8,0,0,raps_k50_lam0p0001,50,0.0001,True,raps_k50_lam0p0001,0.9042833608,3964.307422
29,0.3,adaptive_mass_rolling,310,1.461685055,mass,1000,2,620,527,0.9661290323,0.9601518027,0.9611005693,4906.979127,4672,5621.6,0,0,raps_k50_lam0p0001,50,0.0001,True,raps_k50_lam0p0001,0.9042833608,3964.307422
29,0.3,adaptive_mass_rolling,311,1.122051022,mass,1000,2,438,366,0.8858447489,0.8633879781,0.8745446266,1881.398907,1279,3809.5,0,0,raps_k50_lam0p0001,50,0.0001,True,raps_k50_lam0p0001,0.9042833608,3964.307422
29,0.3,adaptive_mass_rolling,312,1.09959203,mass,1000,2,460,368,0.9043478261,0.8858695652,0.905615942,1637.171196,1055,3672.4,0,0,raps_k50_lam0p0001,50,0.0001,True,raps_k50_lam0p0001,0.9042833608,3964.307422
29,0.3,adaptive_mass_rolling,313,1.1158,mass,1000,3,794,641,0.8841309824,0.8595943838,0.8670826833,1929.786271,1223,3809,0,0,raps_k50_lam0p0001,50,0.0001,True,raps_k50_lam0p0001,0.9042833608,3964.307422
29,0.3,adaptive_mass_rolling,314,1.158198616,mass,1000,2,678,585,0.9203539823,0.9111111111,0.9162393162,2284.413675,1649,3978.2,0,0,raps_k50_lam0p0001,50,0.0001,True,raps_k50_lam0p0001,0.9042833608,3964.307422
29,0.3,adaptive_mass_rolling,315,1.114481116,mass,1000,2,774,660,0.8914728682,0.8772727273,0.8869949495,1859,1221,3766.1,0,0,raps_k50_lam0p0001,50,0.0001,True,raps_k50_lam0p0001,0.9042833608,3964.307422
29,0.3,adaptive_mass_rolling,316,1.134599405,mass,1000,2,758,622,0.8627968338,0.8344051447,0.8386923901,2126.032154,1446.5,3906.6,0,0,raps_k50_lam0p0001,50,0.0001,True,raps_k50_lam0p0001,0.9042833608,3964.307422
29,0.3,adaptive_mass_rolling,317,1.375978777,mass,1000,2,630,559,0.8936507937,0.8801431127,0.8882230173,4099.243292,3812,5024.2,0,0,raps_k50_lam0p0001,50,0.0001,True,raps_k50_lam0p0001,0.9042833608,3964.307422
29,0.3,adaptive_mass_rolling,318,1.40737042,mass,1000,2,342,308,0.9210526316,0.9123376623,0.9155844156,4406.996753,4124,5252.8,0,0,raps_k50_lam0p0001,50,0.0001,True,raps_k50_lam0p0001,0.9042833608,3964.307422
29,0.3,adaptive_mass_rolling,319,1.349812254,mass,1000,3,324,290,0.9259259259,0.9172413793,0.9172413793,3872.044828,3549,4866.6,0,0,raps_k50_lam0p0001,50,0.0001,True,raps_k50_lam0p0001,0.9042833608,3964.307422
29,0.3,adaptive_mass_rolling,320,1.247040697,mass,1000,3,736,646,0.9048913043,0.8947368421,0.899380805,3130.462848,2551,4490,0,0,raps_k50_lam0p0001,50,0.0001,True,raps_k50_lam0p0001,0.9042833608,3964.307422
29,0.3,adaptive_mass_rolling,321,1.203599863,mass,1000,2,680,603,0.8955882353,0.8855721393,0.8922056385,2670.031509,2112,4181,0,0,raps_k50_lam0p0001,50,0.0001,True,raps_k50_lam0p0001,0.9042833608,3964.307422
29,0.3,adaptive_mass_rolling,322,1.281105647,mass,1000,2,668,595,0.872754491,0.8588235294,0.8644257703,3357.589916,2884,4580.4,0,0,raps_k50_lam0p0001,50,0.0001,True,raps_k50_lam0p0001,0.9042833608,3964.307422
29,0.3,adaptive_mass_rolling,323,1.395838015,mass,1000,2,668,600,0.9086826347,0.9016666667,0.9088888889,4312.481667,4017,5176.2,0,0,raps_k50_lam0p0001,50,0.0001,True,raps_k50_lam0p0001,0.9042833608,3964.307422
29,0.3,adaptive_mass_rolling,324,1.386643407,mass,1000,2,796,650,0.9371859296,0.9230769231,0.9276923077,4237.723077,3927.5,5084.2,0,0,raps_k50_lam0p0001,50,0.0001,True,raps_k50_lam0p0001,0.9042833608,3964.307422
29,0.3,adaptive_mass_rolling,325,1.157834884,mass,1000,2,398,360,0.8492462312,0.8333333333,0.8402777778,2304.938889,1644,3946,0,0,raps_k50_lam0p0001,50,0.0001,True,raps_k50_lam0p0001,0.9042833608,3964.307422
29,0.3,adaptive_mass_rolling,326,1.240197607,mass,1000,2,422,348,0.9454976303,0.9367816092,0.9382183908,2848.399425,2452,4136,0,0,raps_k50_lam0p0001,50,0.0001,True,raps_k50_lam0p0001,0.9042833608,3964.307422
29,0.3,adaptive_mass_rolling,327,1.166150296,mass,1000,3,738,621,0.9078590786,0.8953301127,0.9038647343,2381.594203,1726,4037,0,0,raps_k50_lam0p0001,50,0.0001,True,raps_k50_lam0p0001,0.9042833608,3964.307422
29,0.3,adaptive_mass_rolling,328,1.098759018,mass,1000,2,600,526,0.8983333333,0.8878326996,0.8922686946,1766.235741,1064,3680.5,0,0,raps_k50_lam0p0001,50,0.0001,True,raps_k50_lam0p0001,0.9042833608,3964.307422
29,0.3,adaptive_mass_rolling,329,1.117945773,mass,1000,2,684,599,0.8684210526,0.858096828,0.8711185309,1953.232053,1252,3743.2,0,0,raps_k50_lam0p0001,50,0.0001,True,raps_k50_lam0p0001,0.9042833608,3964.307422
29,0.3,adaptive_mass_rolling,330,1.248497733,mass,1000,2,640,580,0.909375,0.9,0.9,3001.058621,2541,4369.6,0,0,raps_k50_lam0p0001,50,0.0001,True,raps_k50_lam0p0001,0.9042833608,3964.307422
29,0.3,adaptive_mass_rolling,331,1.252599998,mass,1000,2,506,474,0.9110671937,0.9050632911,0.9050632911,3077.71097,2587.5,4438.7,0,0,raps_k50_lam0p0001,50,0.0001,True,raps_k50_lam0p0001,0.9042833608,3964.307422
29,0.3,adaptive_mass_rolling,332,1.194097758,mass,1000,2,318,300,0.9025157233,0.8966666667,0.8966666667,2561.2,1995,4250.4,0,0,raps_k50_lam0p0001,50,0.0001,True,raps_k50_lam0p0001,0.9042833608,3964.307422
29,0.3,adaptive_mass_rolling,333,1.168348609,mass,1000,3,342,312,0.8333333333,0.8173076923,0.8226495726,2389.929487,1743.5,4015.8,0,0,raps_k50_lam0p0001,50,0.0001,True,raps_k50_lam0p0001,0.9042833608,3964.307422
29,0.3,adaptive_mass_rolling,334,1.307147089,mass,1000,3,700,633,0.9228571429,0.9146919431,0.9210110585,3522.21643,3126,4652.8,0,0,raps_k50_lam0p0001,50,0.0001,True,raps_k50_lam0p0001,0.9042833608,3964.307422
29,0.3,adaptive_mass_rolling,335,1.285899912,mass,1000,2,656,587,0.8932926829,0.8824531516,0.8906871096,3370.112436,2914,4630.4,0,0,raps_k50_lam0p0001,50,0.0001,True,raps_k50_lam0p0001,0.9042833608,3964.307422
29,0.3,adaptive_mass_rolling,336,1.286648522,mass,1000,2,632,551,0.8575949367,0.8421052632,0.8545372051,3370.686025,2930,4540,0,0,raps_k50_lam0p0001,50,0.0001,True,raps_k50_lam0p0001,0.9042833608,3964.307422
29,0.3,adaptive_mass_rolling,337,1.383073044,mass,1000,2,552,492,0.8967391304,0.8841463415,0.8884146341,4174.75,3882,5012.8,0,0,raps_k50_lam0p0001,50,0.0001,True,raps_k50_lam0p0001,0.9042833608,3964.307422
29,0.3,adaptive_mass_rolling,338,1.414999993,mass,1000,2,496,457,0.8911290323,0.8818380744,0.8858497447,4477.63895,4203,5249.2,0,0,raps_k50_lam0p0001,50,0.0001,True,raps_k50_lam0p0001,0.9042833608,3964.307422
29,0.3,adaptive_mass_rolling,339,1.420784992,mass,1000,2,328,297,0.9176829268,0.9191919192,0.9191919192,4446.670034,4259,5078,0,0,raps_k50_lam0p0001,50,0.0001,True,raps_k50_lam0p0001,0.9042833608,3964.307422
29,0.3,adaptive_mass_rolling,340,1.411566666,mass,1000,3,328,303,0.9268292683,0.9207920792,0.9224422442,4428.617162,4167,5157.8,0,0,raps_k50_lam0p0001,50,0.0001,True,raps_k50_lam0p0001,0.9042833608,3964.307422
29,0.3,adaptive_mass_rolling,341,1.304946475,mass,1000,3,576,519,0.8940972222,0.8843930636,0.8884393064,3511.371869,3106,4614.4,0,0,raps_k50_lam0p0001,50,0.0001,True,raps_k50_lam0p0001,0.9042833608,3964.307422
29,0.3,adaptive_mass_rolling,342,1.29209975,mass,1000,3,636,565,0.891509434,0.8796460177,0.8861356932,3445.676106,2976,4739.8,0,0,raps_k50_lam0p0001,50,0.0001,True,raps_k50_lam0p0001,0.9042833608,3964.307422
29,0.3,adaptive_mass_rolling,343,1.404995425,mass,1000,2,642,567,0.8925233645,0.8818342152,0.8905937684,4422.627866,4109,5245.8,0,0,raps_k50_lam0p0001,50,0.0001,True,raps_k50_lam0p0001,0.9042833608,3964.307422
29,0.3,adaptive_mass_rolling,344,1.430263582,mass,1000,2,650,582,0.9353846154,0.9295532646,0.9304123711,4647.790378,4355.5,5415.7,0,0,raps_k50_lam0p0001,50,0.0001,True,raps_k50_lam0p0001,0.9042833608,3964.307422
29,0.3,adaptive_mass_rolling,345,1.296984796,mass,1000,2,586,501,0.8839590444,0.8642714571,0.876247505,3497.061876,3032,4662,0,0,raps_k50_lam0p0001,50,0.0001,True,raps_k50_lam0p0001,0.9042833608,3964.307422
29,0.3,adaptive_mass_rolling,346,1.332914231,mass,1000,2,224,197,0.9330357143,0.923857868,0.9314720812,3700.771574,3379,4879.8,0,0,raps_k50_lam0p0001,50,0.0001,True,raps_k50_lam0p0001,0.9042833608,3964.307422
29,0.3,adaptive_mass_rolling,347,1.332914231,mass,1000,3,306,277,0.931372549,0.9241877256,0.9265944645,3693.494585,3379,4716,0,0,raps_k50_lam0p0001,50,0.0001,True,raps_k50_lam0p0001,0.9042833608,3964.307422
29,0.3,adaptive_mass_rolling,348,1.315299981,mass,1000,3,714,610,0.8907563025,0.8737704918,0.8775956284,3579.606557,3204,4660.3,0,0,raps_k50_lam0p0001,50,0.0001,True,raps_k50_lam0p0001,0.9042833608,3964.307422
29,0.3,adaptive_mass_rolling,349,1.28807503,mass,1000,2,600,545,0.8866666667,0.8752293578,0.8819571865,3362.262385,2932,4550.6,0,0,raps_k50_lam0p0001,50,0.0001,True,raps_k50_lam0p0001,0.9042833608,3964.307422
29,0.3,adaptive_mass_rolling,350,1.366328702,mass,1000,2,656,560,0.9146341463,0.9035714286,0.9044642857,3976.719643,3713,4888.5,0,0,raps_k50_lam0p0001,50,0.0001,True,raps_k50_lam0p0001,0.9042833608,3964.307422
29,0.3,adaptive_mass_rolling,351,1.331437468,mass,1000,2,522,476,0.9003831418,0.8907563025,0.8928571429,3681.911765,3364,4690,0,0,raps_k50_lam0p0001,50,0.0001,True,raps_k50_lam0p0001,0.9042833608,3964.307422
29,0.3,adaptive_mass_rolling,352,1.345658276,mass,1000,2,462,415,0.8982683983,0.8915662651,0.8951807229,3795.062651,3506,4736.8,0,0,raps_k50_lam0p0001,50,0.0001,True,raps_k50_lam0p0001,0.9042833608,3964.307422
29,0.3,adaptive_mass_rolling,353,1.34644468,mass,1000,3,242,226,0.9049586777,0.8982300885,0.9048672566,3769.982301,3514,4751,0,0,raps_k50_lam0p0001,50,0.0001,True,raps_k50_lam0p0001,0.9042833608,3964.307422
29,0.3,adaptive_mass_rolling,354,1.339899999,mass,1000,3,238,227,0.8781512605,0.872246696,0.872246696,3773.837004,3450,4706.8,0,0,raps_k50_lam0p0001,50,0.0001,True,raps_k50_lam0p0001,0.9042833608,3964.307422
29,0.3,adaptive_mass_rolling,355,1.351899891,mass,1000,4,578,506,0.8408304498,0.8300395257,0.8396856766,3926.478261,3571,4867,0,0,raps_k50_lam0p0001,50,0.0001,True,raps_k50_lam0p0001,0.9042833608,3964.307422
29,0.3,adaptive_mass_rolling,356,1.451111489,mass,1000,3,548,483,0.8959854015,0.8861283644,0.8957902001,4761.360248,4561,5331.4,0,0,raps_k50_lam0p0001,50,0.0001,True,raps_k50_lam0p0001,0.9042833608,3964.307422
29,0.3,adaptive_mass_rolling,357,1.477698062,mass,1000,2,406,363,0.9359605911,0.9338842975,0.9366391185,4933.22314,4827,5384.6,0,0,raps_k50_lam0p0001,50,0.0001,True,raps_k50_lam0p0001,0.9042833608,3964.307422
29,0.3,adaptive_mass_rolling,358,1.4201,mass,1000,3,300,276,0.9133333333,0.9057971014,0.9082125604,4431.702899,4251,5133,0,0,raps_k50_lam0p0001,50,0.0001,True,raps_k50_lam0p0001,0.9042833608,3964.307422
29,0.3,adaptive_mass_rolling,359,1.396999995,mass,1000,3,330,312,0.9212121212,0.9166666667,0.9182692308,4367.426282,4040,5240.9,0,0,raps_k50_lam0p0001,50,0.0001,True,raps_k50_lam0p0001,0.9042833608,3964.307422
29,0.3,adaptive_mass_rolling,360,1.344519872,mass,1000,3,228,214,0.9385964912,0.9345794393,0.9369158879,3792.546729,3495,4938.8,0,0,raps_k50_lam0p0001,50,0.0001,True,raps_k50_lam0p0001,0.9042833608,3964.307422
29,0.3,adaptive_mass_rolling,361,1.290420785,mass,1000,4,246,226,0.8780487805,0.8672566372,0.8716814159,3229.871681,2954,4353.5,0,0,raps_k50_lam0p0001,50,0.0001,True,raps_k50_lam0p0001,0.9042833608,3964.307422
29,0.3,adaptive_mass_rolling,362,1.3016,mass,1000,4,620,530,0.9064516129,0.8924528302,0.8971698113,3362.107547,3066,4433.7,0,0,raps_k50_lam0p0001,50,0.0001,True,raps_k50_lam0p0001,0.9042833608,3964.307422
29,0.3,adaptive_mass_rolling,363,1.272331047,mass,1000,3,386,353,0.8860103627,0.88101983,0.8819641171,3145.70255,2773,4367.8,0,0,raps_k50_lam0p0001,50,0.0001,True,raps_k50_lam0p0001,0.9042833608,3964.307422
29,0.3,adaptive_mass_rolling,364,1.303599981,mass,1000,2,354,329,0.906779661,0.8996960486,0.9027355623,3408.085106,3086,4512,0,0,raps_k50_lam0p0001,50,0.0001,True,raps_k50_lam0p0001,0.9042833608,3964.307422
43,0.3,adaptive_mass_rolling,292,1.248866983,mass,1000,3,730,658,0.8575342466,0.8601823708,0.8657548126,3081.364742,2559,4670.9,0,0,raps_k50_lam0p0001,50,0.0001,True,raps_k50_lam0p0001,0.8986820428,3588.486767
43,0.3,adaptive_mass_rolling,293,1.362099353,mass,1000,2,658,581,0.9088145897,0.9036144578,0.9110728629,4108.061962,3693,5305,0,0,raps_k50_lam0p0001,50,0.0001,True,raps_k50_lam0p0001,0.8986820428,3588.486767
43,0.3,adaptive_mass_rolling,294,1.360994087,mass,1000,2,618,538,0.8818770227,0.8661710037,0.8742255266,4065.652416,3677.5,5203.4,0,0,raps_k50_lam0p0001,50,0.0001,True,raps_k50_lam0p0001,0.8986820428,3588.486767
43,0.3,adaptive_mass_rolling,295,1.378490442,mass,1000,2,666,578,0.9219219219,0.9100346021,0.9117647059,4197.347751,3846,5321.6,0,0,raps_k50_lam0p0001,50,0.0001,True,raps_k50_lam0p0001,0.8986820428,3588.486767
43,0.3,adaptive_mass_rolling,296,1.33279872,mass,1000,2,516,466,0.9205426357,0.9120171674,0.9145207439,3819.639485,3390,5040,0,0,raps_k50_lam0p0001,50,0.0001,True,raps_k50_lam0p0001,0.8986820428,3588.486767
43,0.3,adaptive_mass_rolling,297,1.308022619,mass,1000,2,292,254,0.8561643836,0.8385826772,0.8582677165,3530.42126,3132,4800.1,0,0,raps_k50_lam0p0001,50,0.0001,True,raps_k50_lam0p0001,0.8986820428,3588.486767
43,0.3,adaptive_mass_rolling,298,1.332899929,mass,1000,3,252,224,0.8849206349,0.8705357143,0.8835565476,3845.428571,3382,5169.2,0,0,raps_k50_lam0p0001,50,0.0001,True,raps_k50_lam0p0001,0.8986820428,3588.486767
43,0.3,adaptive_mass_rolling,299,1.380506623,mass,1000,3,702,615,0.9273504274,0.9170731707,0.9178861789,4149.905691,3861,5122.6,0,0,raps_k50_lam0p0001,50,0.0001,True,raps_k50_lam0p0001,0.8986820428,3588.486767
43,0.3,adaptive_mass_rolling,300,1.31969991,mass,1000,3,664,573,0.8704819277,0.8534031414,0.8641652123,3680.862129,3268,4927.4,0,0,raps_k50_lam0p0001,50,0.0001,True,raps_k50_lam0p0001,0.8986820428,3588.486767
43,0.3,adaptive_mass_rolling,301,1.358143424,mass,1000,2,616,552,0.8717532468,0.856884058,0.8661835749,4051.177536,3656.5,5165.5,0,0,raps_k50_lam0p0001,50,0.0001,True,raps_k50_lam0p0001,0.8986820428,3588.486767
43,0.3,adaptive_mass_rolling,302,1.416525762,mass,1000,2,570,490,0.9210526316,0.912244898,0.9163265306,4514.016327,4219,5426.9,0,0,raps_k50_lam0p0001,50,0.0001,True,raps_k50_lam0p0001,0.8986820428,3588.486767
43,0.3,adaptive_mass_rolling,303,1.375338002,mass,1000,2,542,485,0.9077490775,0.8969072165,0.9,4195.868041,3811,5300.6,0,0,raps_k50_lam0p0001,50,0.0001,True,raps_k50_lam0p0001,0.8986820428,3588.486767
43,0.3,adaptive_mass_rolling,304,1.346463689,mass,1000,2,328,281,0.9329268293,0.9359430605,0.9377224199,3886.131673,3519,5137,0,0,raps_k50_lam0p0001,50,0.0001,True,raps_k50_lam0p0001,0.8986820428,3588.486767
43,0.3,adaptive_mass_rolling,305,1.312273339,mass,1000,3,328,295,0.9298780488,0.9220338983,0.9220338983,3547.783051,3175,4882,0,0,raps_k50_lam0p0001,50,0.0001,True,raps_k50_lam0p0001,0.8986820428,3588.486767
43,0.3,adaptive_mass_rolling,306,1.247299994,mass,1000,3,582,513,0.8969072165,0.8849902534,0.8918128655,3047.465887,2536,4602.8,0,0,raps_k50_lam0p0001,50,0.0001,True,raps_k50_lam0p0001,0.8986820428,3588.486767
43,0.3,adaptive_mass_rolling,307,1.202688037,mass,1000,3,588,510,0.8605442177,0.8411764706,0.8488888889,2670.270588,2096.5,4404.4,0,0,raps_k50_lam0p0001,50,0.0001,True,raps_k50_lam0p0001,0.8986820428,3588.486767
43,0.3,adaptive_mass_rolling,308,1.310480669,mass,1000,2,562,497,0.8736654804,0.861167002,0.8711602951,3638.826962,3166,4985.4,0,0,raps_k50_lam0p0001,50,0.0001,True,raps_k50_lam0p0001,0.8986820428,3588.486767
43,0.3,adaptive_mass_rolling,309,1.419777502,mass,1000,2,626,535,0.8865814696,0.8710280374,0.876635514,4576.297196,4260,5480.8,0,0,raps_k50_lam0p0001,50,0.0001,True,raps_k50_lam0p0001,0.8986820428,3588.486767
43,0.3,adaptive_mass_rolling,310,1.440283129,mass,1000,2,620,527,0.9419354839,0.9316888046,0.9335863378,4678.282732,4454,5477,0,0,raps_k50_lam0p0001,50,0.0001,True,raps_k50_lam0p0001,0.8986820428,3588.486767
43,0.3,adaptive_mass_rolling,311,1.280386878,mass,1000,2,438,366,0.901826484,0.8825136612,0.8897996357,3211.39071,2854,4591,0,0,raps_k50_lam0p0001,50,0.0001,True,raps_k50_lam0p0001,0.8986820428,3588.486767
43,0.3,adaptive_mass_rolling,312,1.201599549,mass,1000,2,460,368,0.9130434783,0.8913043478,0.905615942,2453.434783,2066.5,4065.3,0,0,raps_k50_lam0p0001,50,0.0001,True,raps_k50_lam0p0001,0.8986820428,3588.486767
43,0.3,adaptive_mass_rolling,313,1.161577209,mass,1000,3,794,641,0.8778337531,0.8517940718,0.85975039,2212.976599,1668,4049,0,0,raps_k50_lam0p0001,50,0.0001,True,raps_k50_lam0p0001,0.8986820428,3588.486767
43,0.3,adaptive_mass_rolling,314,1.277512288,mass,1000,2,678,585,0.9218289086,0.9128205128,0.915954416,3225.37094,2828,4553.6,0,0,raps_k50_lam0p0001,50,0.0001,True,raps_k50_lam0p0001,0.8986820428,3588.486767
43,0.3,adaptive_mass_rolling,315,1.204295764,mass,1000,2,774,660,0.9031007752,0.8909090909,0.9013888889,2513.810606,2096.5,4121,0,0,raps_k50_lam0p0001,50,0.0001,True,raps_k50_lam0p0001,0.8986820428,3588.486767
43,0.3,adaptive_mass_rolling,316,1.173099626,mass,1000,2,758,622,0.8865435356,0.8617363344,0.8649517685,2335.790997,1790,4193.7,0,0,raps_k50_lam0p0001,50,0.0001,True,raps_k50_lam0p0001,0.8986820428,3588.486767
43,0.3,adaptive_mass_rolling,317,1.247398639,mass,1000,2,630,559,0.9015873016,0.8890876565,0.8974657126,2872.599284,2525,4267,0,0,raps_k50_lam0p0001,50,0.0001,True,raps_k50_lam0p0001,0.8986820428,3588.486767
43,0.3,adaptive_mass_rolling,318,1.254101395,mass,1000,2,342,308,0.8918128655,0.8831168831,0.8890692641,2982.519481,2591,4477.6,0,0,raps_k50_lam0p0001,50,0.0001,True,raps_k50_lam0p0001,0.8986820428,3588.486767
43,0.3,adaptive_mass_rolling,319,1.254101395,mass,1000,3,324,290,0.8981481481,0.8862068966,0.8862068966,2951.203448,2591,4368.2,0,0,raps_k50_lam0p0001,50,0.0001,True,raps_k50_lam0p0001,0.8986820428,3588.486767
43,0.3,adaptive_mass_rolling,320,1.258926526,mass,1000,3,736,646,0.8994565217,0.886996904,0.8944272446,3122.495356,2644,4597.5,0,0,raps_k50_lam0p0001,50,0.0001,True,raps_k50_lam0p0001,0.8986820428,3588.486767
43,0.3,adaptive_mass_rolling,321,1.281699998,mass,1000,2,680,603,0.8955882353,0.8855721393,0.8913764511,3248.041459,2870,4595.4,0,0,raps_k50_lam0p0001,50,0.0001,True,raps_k50_lam0p0001,0.8986820428,3588.486767
43,0.3,adaptive_mass_rolling,322,1.296331522,mass,1000,2,668,595,0.8667664671,0.8521008403,0.8585434174,3399.386555,3016,4616.8,0,0,raps_k50_lam0p0001,50,0.0001,True,raps_k50_lam0p0001,0.8986820428,3588.486767
43,0.3,adaptive_mass_rolling,323,1.382823771,mass,1000,2,668,600,0.9116766467,0.9033333333,0.9058333333,4142.883333,3880,5122.1,0,0,raps_k50_lam0p0001,50,0.0001,True,raps_k50_lam0p0001,0.8986820428,3588.486767
43,0.3,adaptive_mass_rolling,324,1.362199999,mass,1000,2,796,650,0.9535175879,0.9430769231,0.9453846154,3960.927692,3674,4906,0,0,raps_k50_lam0p0001,50,0.0001,True,raps_k50_lam0p0001,0.8986820428,3588.486767
43,0.3,adaptive_mass_rolling,325,1.117499706,mass,1000,2,398,360,0.8467336683,0.8305555556,0.8402777778,1891.641667,1227.5,4135.4,0,0,raps_k50_lam0p0001,50,0.0001,True,raps_k50_lam0p0001,0.8986820428,3588.486767
43,0.3,adaptive_mass_rolling,326,1.171729288,mass,1000,2,422,348,0.9241706161,0.9109195402,0.9190613027,2129.508621,1767,3386.8,0,0,raps_k50_lam0p0001,50,0.0001,True,raps_k50_lam0p0001,0.8986820428,3588.486767
43,0.3,adaptive_mass_rolling,327,1.171161951,mass,1000,3,738,621,0.8834688347,0.8647342995,0.8783682233,2311.144928,1764,4095,0,0,raps_k50_lam0p0001,50,0.0001,True,raps_k50_lam0p0001,0.8986820428,3588.486767
43,0.3,adaptive_mass_rolling,328,1.182093878,mass,1000,2,600,526,0.9316666667,0.9239543726,0.924904943,2354.136882,1875,4112.5,0,0,raps_k50_lam0p0001,50,0.0001,True,raps_k50_lam0p0001,0.8986820428,3588.486767
43,0.3,adaptive_mass_rolling,329,1.142208054,mass,1000,2,684,599,0.8801169591,0.8681135225,0.8819699499,2060.402337,1475,4021.6,0,0,raps_k50_lam0p0001,50,0.0001,True,raps_k50_lam0p0001,0.8986820428,3588.486767
43,0.3,adaptive_mass_rolling,330,1.17308063,mass,1000,2,640,580,0.8984375,0.8879310345,0.8905172414,2250.118966,1783,4143.1,0,0,raps_k50_lam0p0001,50,0.0001,True,raps_k50_lam0p0001,0.8986820428,3588.486767
43,0.3,adaptive_mass_rolling,331,1.205699133,mass,1000,2,506,474,0.9130434783,0.9071729958,0.9071729958,2565.970464,2109,4245.1,0,0,raps_k50_lam0p0001,50,0.0001,True,raps_k50_lam0p0001,0.8986820428,3588.486767
43,0.3,adaptive_mass_rolling,332,1.150016697,mass,1000,2,318,300,0.8710691824,0.8633333333,0.8633333333,2102.416667,1551,4050.1,0,0,raps_k50_lam0p0001,50,0.0001,True,raps_k50_lam0p0001,0.8986820428,3588.486767
43,0.3,adaptive_mass_rolling,333,1.197678273,mass,1000,3,342,312,0.8713450292,0.858974359,0.8659188034,2512.721154,2028,4136.3,0,0,raps_k50_lam0p0001,50,0.0001,True,raps_k50_lam0p0001,0.8986820428,3588.486767
43,0.3,adaptive_mass_rolling,334,1.271365489,mass,1000,3,700,633,0.8742857143,0.8641390205,0.8751974724,3130.339652,2764,4614.4,0,0,raps_k50_lam0p0001,50,0.0001,True,raps_k50_lam0p0001,0.8986820428,3588.486767
43,0.3,adaptive_mass_rolling,335,1.346288985,mass,1000,2,656,587,0.8948170732,0.8858603066,0.8949460534,3830.333901,3513,4979,0,0,raps_k50_lam0p0001,50,0.0001,True,raps_k50_lam0p0001,0.8986820428,3588.486767
43,0.3,adaptive_mass_rolling,336,1.3669,mass,1000,2,632,551,0.8987341772,0.8856624319,0.895523291,4025.519056,3720,5192,0,0,raps_k50_lam0p0001,50,0.0001,True,raps_k50_lam0p0001,0.8986820428,3588.486767
43,0.3,adaptive_mass_rolling,337,1.364571157,mass,1000,2,552,492,0.8985507246,0.8861788618,0.8905826558,3958.422764,3696,4999.2,0,0,raps_k50_lam0p0001,50,0.0001,True,raps_k50_lam0p0001,0.8986820428,3588.486767
43,0.3,adaptive_mass_rolling,338,1.374778381,mass,1000,2,496,457,0.8629032258,0.8533916849,0.859591539,4071.809628,3798,5080.4,0,0,raps_k50_lam0p0001,50,0.0001,True,raps_k50_lam0p0001,0.8986820428,3588.486767
43,0.3,adaptive_mass_rolling,339,1.44989622,mass,1000,2,328,297,0.9146341463,0.9158249158,0.9197530864,4668.824916,4549,5001.8,0,0,raps_k50_lam0p0001,50,0.0001,True,raps_k50_lam0p0001,0.8986820428,3588.486767
43,0.3,adaptive_mass_rolling,340,1.434321014,mass,1000,3,328,303,0.9207317073,0.9141914191,0.9141914191,4592.363036,4393,5422.8,0,0,raps_k50_lam0p0001,50,0.0001,True,raps_k50_lam0p0001,0.8986820428,3588.486767
43,0.3,adaptive_mass_rolling,341,1.413383058,mass,1000,3,576,519,0.9201388889,0.9113680154,0.9177263969,4405.55106,4184,5313.6,0,0,raps_k50_lam0p0001,50,0.0001,True,raps_k50_lam0p0001,0.8986820428,3588.486767
43,0.3,adaptive_mass_rolling,342,1.352297653,mass,1000,3,636,565,0.9245283019,0.9150442478,0.9203539823,3911.761062,3573,5103.4,0,0,raps_k50_lam0p0001,50,0.0001,True,raps_k50_lam0p0001,0.8986820428,3588.486767
43,0.3,adaptive_mass_rolling,343,1.314227508,mass,1000,2,642,567,0.8613707165,0.8447971781,0.8570840682,3589.710758,3195,4957,0,0,raps_k50_lam0p0001,50,0.0001,True,raps_k50_lam0p0001,0.8986820428,3588.486767
43,0.3,adaptive_mass_rolling,344,1.361999597,mass,1000,2,650,582,0.8969230769,0.8883161512,0.8928980527,3977.709622,3671,5060.4,0,0,raps_k50_lam0p0001,50,0.0001,True,raps_k50_lam0p0001,0.8986820428,3588.486767
43,0.3,adaptive_mass_rolling,345,1.374376085,mass,1000,2,586,501,0.9112627986,0.8962075848,0.9005322688,4104.427146,3795,5174,0,0,raps_k50_lam0p0001,50,0.0001,True,raps_k50_lam0p0001,0.8986820428,3588.486767
43,0.3,adaptive_mass_rolling,346,1.3364,mass,1000,2,224,197,0.9375,0.9289340102,0.9314720812,3665.878173,3414,4628.2,0,0,raps_k50_lam0p0001,50,0.0001,True,raps_k50_lam0p0001,0.8986820428,3588.486767
43,0.3,adaptive_mass_rolling,347,1.302475607,mass,1000,3,306,277,0.9444444444,0.9386281588,0.9410348977,3358.805054,3074,4481.6,0,0,raps_k50_lam0p0001,50,0.0001,True,raps_k50_lam0p0001,0.8986820428,3588.486767
43,0.3,adaptive_mass_rolling,348,1.250798831,mass,1000,3,714,610,0.8753501401,0.8540983607,0.8579234973,2937.227869,2558,4523.2,0,0,raps_k50_lam0p0001,50,0.0001,True,raps_k50_lam0p0001,0.8986820428,3588.486767
43,0.3,adaptive_mass_rolling,349,1.299999997,mass,1000,2,600,545,0.86,0.8458715596,0.8529051988,3391.906422,3050,4691.6,0,0,raps_k50_lam0p0001,50,0.0001,True,raps_k50_lam0p0001,0.8986820428,3588.486767
43,0.3,adaptive_mass_rolling,350,1.422670288,mass,1000,2,656,560,0.925304878,0.9160714286,0.918452381,4449.075,4276,5157.5,0,0,raps_k50_lam0p0001,50,0.0001,True,raps_k50_lam0p0001,0.8986820428,3588.486767
43,0.3,adaptive_mass_rolling,351,1.385671393,mass,1000,2,522,476,0.9118773946,0.9033613445,0.9044117647,4148.930672,3906,5291,0,0,raps_k50_lam0p0001,50,0.0001,True,raps_k50_lam0p0001,0.8986820428,3588.486767
43,0.3,adaptive_mass_rolling,352,1.331199997,mass,1000,2,462,415,0.880952381,0.8722891566,0.8759036145,3613.339759,3362,4605.2,0,0,raps_k50_lam0p0001,50,0.0001,True,raps_k50_lam0p0001,0.8986820428,3588.486767
43,0.3,adaptive_mass_rolling,353,1.352330547,mass,1000,3,242,226,0.8925619835,0.8849557522,0.8938053097,3774.862832,3573,4609.5,0,0,raps_k50_lam0p0001,50,0.0001,True,raps_k50_lam0p0001,0.8986820428,3588.486767
43,0.3,adaptive_mass_rolling,354,1.353081275,mass,1000,3,238,227,0.8865546218,0.8810572687,0.8810572687,3833.585903,3580,4780.2,0,0,raps_k50_lam0p0001,50,0.0001,True,raps_k50_lam0p0001,0.8986820428,3588.486767
43,0.3,adaptive_mass_rolling,355,1.364550308,mass,1000,4,578,506,0.875432526,0.8675889328,0.872859025,3991.719368,3695,5088.5,0,0,raps_k50_lam0p0001,50,0.0001,True,raps_k50_lam0p0001,0.8986820428,3588.486767
43,0.3,adaptive_mass_rolling,356,1.394025025,mass,1000,3,548,483,0.901459854,0.8923395445,0.9026915114,4226.012422,3990,5285.4,0,0,raps_k50_lam0p0001,50,0.0001,True,raps_k50_lam0p0001,0.8986820428,3588.486767
43,0.3,adaptive_mass_rolling,357,1.40044688,mass,1000,2,406,363,0.9137931034,0.9090909091,0.919651056,4188.931129,4054,4766,0,0,raps_k50_lam0p0001,50,0.0001,True,raps_k50_lam0p0001,0.8986820428,3588.486767
43,0.3,adaptive_mass_rolling,358,1.383561766,mass,1000,3,300,276,0.9166666667,0.9094202899,0.9094202899,4079.235507,3885,4743,0,0,raps_k50_lam0p0001,50,0.0001,True,raps_k50_lam0p0001,0.8986820428,3588.486767
43,0.3,adaptive_mass_rolling,359,1.374399993,mass,1000,3,330,312,0.9303030303,0.9262820513,0.9262820513,4099.846154,3794,5126.3,0,0,raps_k50_lam0p0001,50,0.0001,True,raps_k50_lam0p0001,0.8986820428,3588.486767
43,0.3,adaptive_mass_rolling,360,1.32962869,mass,1000,3,228,214,0.951754386,0.9485981308,0.9485981308,3588.35514,3346,4673.4,0,0,raps_k50_lam0p0001,50,0.0001,True,raps_k50_lam0p0001,0.8986820428,3588.486767
43,0.3,adaptive_mass_rolling,361,1.235040285,mass,1000,4,246,226,0.8617886179,0.8495575221,0.8584070796,2681.438053,2400,3939,0,0,raps_k50_lam0p0001,50,0.0001,True,raps_k50_lam0p0001,0.8986820428,3588.486767
43,0.3,adaptive_mass_rolling,362,1.269525866,mass,1000,4,620,530,0.9096774194,0.8962264151,0.9009433962,3034.562264,2745,4512.3,0,0,raps_k50_lam0p0001,50,0.0001,True,raps_k50_lam0p0001,0.8986820428,3588.486767
43,0.3,adaptive_mass_rolling,363,1.268899984,mass,1000,3,386,353,0.8834196891,0.8781869688,0.8805476865,3058.135977,2739,4324.8,0,0,raps_k50_lam0p0001,50,0.0001,True,raps_k50_lam0p0001,0.8986820428,3588.486767
43,0.3,adaptive_mass_rolling,364,1.271194103,mass,1000,2,354,329,0.8926553672,0.8844984802,0.8875379939,3048.835866,2761,4272.2,0,0,raps_k50_lam0p0001,50,0.0001,True,raps_k50_lam0p0001,0.8986820428,3588.486767
59,0.3,adaptive_mass_rolling,292,1.283364974,mass,1000,3,730,658,0.8849315068,0.8814589666,0.8877912867,3363.942249,2892.5,4802.8,0,0,raps_k50_lam0p0001,50,0.0001,True,raps_k50_lam0p0001,0.8942339374,3293.002406
59,0.3,adaptive_mass_rolling,293,1.288699893,mass,1000,2,658,581,0.9103343465,0.9053356282,0.9142283419,3479.432014,2955,4934,0,0,raps_k50_lam0p0001,50,0.0001,True,raps_k50_lam0p0001,0.8942339374,3293.002406
59,0.3,adaptive_mass_rolling,294,1.2824,mass,1000,2,618,538,0.8721682848,0.8550185874,0.8621437423,3373.193309,2888,4788.1,0,0,raps_k50_lam0p0001,50,0.0001,True,raps_k50_lam0p0001,0.8942339374,3293.002406
59,0.3,adaptive_mass_rolling,295,1.308244652,mass,1000,2,666,578,0.9219219219,0.9100346021,0.914071511,3581.131488,3145.5,4994.8,0,0,raps_k50_lam0p0001,50,0.0001,True,raps_k50_lam0p0001,0.8942339374,3293.002406
59,0.3,adaptive_mass_rolling,296,1.273352413,mass,1000,2,516,466,0.9166666667,0.9077253219,0.9077253219,3298.06867,2799.5,4758,0,0,raps_k50_lam0p0001,50,0.0001,True,raps_k50_lam0p0001,0.8942339374,3293.002406
59,0.3,adaptive_mass_rolling,297,1.23989983,mass,1000,2,292,254,0.8767123288,0.8622047244,0.8794619423,2934.326772,2451,4459.2,0,0,raps_k50_lam0p0001,50,0.0001,True,raps_k50_lam0p0001,0.8942339374,3293.002406
59,0.3,adaptive_mass_rolling,298,1.256177807,mass,1000,3,252,224,0.8452380952,0.8303571429,0.8422619048,3183.308036,2621.5,4961.4,0,0,raps_k50_lam0p0001,50,0.0001,True,raps_k50_lam0p0001,0.8942339374,3293.002406
59,0.3,adaptive_mass_rolling,299,1.317800221,mass,1000,3,702,615,0.9387464387,0.9300813008,0.9317073171,3591.221138,3235,4792.4,0,0,raps_k50_lam0p0001,50,0.0001,True,raps_k50_lam0p0001,0.8942339374,3293.002406
59,0.3,adaptive_mass_rolling,300,1.230796663,mass,1000,3,664,573,0.859939759,0.8411867365,0.8536940081,2897.055846,2375,4494.6,0,0,raps_k50_lam0p0001,50,0.0001,True,raps_k50_lam0p0001,0.8942339374,3293.002406
59,0.3,adaptive_mass_rolling,301,1.304756723,mass,1000,2,616,552,0.8652597403,0.8550724638,0.8637681159,3590.838768,3117,4840.5,0,0,raps_k50_lam0p0001,50,0.0001,True,raps_k50_lam0p0001,0.8942339374,3293.002406
59,0.3,adaptive_mass_rolling,302,1.458999506,mass,1000,2,570,490,0.9385964912,0.9326530612,0.937755102,4875.330612,4640,5612.7,0,0,raps_k50_lam0p0001,50,0.0001,True,raps_k50_lam0p0001,0.8942339374,3293.002406
59,0.3,adaptive_mass_rolling,303,1.353109579,mass,1000,2,542,485,0.9040590406,0.8927835052,0.8969072165,3989.156701,3586,5237.2,0,0,raps_k50_lam0p0001,50,0.0001,True,raps_k50_lam0p0001,0.8942339374,3293.002406
59,0.3,adaptive_mass_rolling,304,1.302866768,mass,1000,2,328,281,0.8993902439,0.896797153,0.9012455516,3501.47331,3082,4918,0,0,raps_k50_lam0p0001,50,0.0001,True,raps_k50_lam0p0001,0.8942339374,3293.002406
59,0.3,adaptive_mass_rolling,305,1.305891981,mass,1000,3,328,295,0.9298780488,0.9220338983,0.9237288136,3478.522034,3111,4785.4,0,0,raps_k50_lam0p0001,50,0.0001,True,raps_k50_lam0p0001,0.8942339374,3293.002406
59,0.3,adaptive_mass_rolling,306,1.287976261,mass,1000,3,582,513,0.9089347079,0.8966861598,0.9038336582,3379.335283,2936,4808.6,0,0,raps_k50_lam0p0001,50,0.0001,True,raps_k50_lam0p0001,0.8942339374,3293.002406
59,0.3,adaptive_mass_rolling,307,1.252407318,mass,1000,3,588,510,0.8860544218,0.8705882353,0.8796078431,3093.809804,2584,4658.6,0,0,raps_k50_lam0p0001,50,0.0001,True,raps_k50_lam0p0001,0.8942339374,3293.002406
59,0.3,adaptive_mass_rolling,308,1.26445793,mass,1000,2,562,497,0.8540925267,0.8390342052,0.8480214621,3247.591549,2703,4790.2,0,0,raps_k50_lam0p0001,50,0.0001,True,raps_k50_lam0p0001,0.8942339374,3293.002406
59,0.3,adaptive_mass_rolling,309,1.347122378,mass,1000,2,626,535,0.8881789137,0.8747663551,0.8800623053,3950.695327,3527,5122.6,0,0,raps_k50_lam0p0001,50,0.0001,True,raps_k50_lam0p0001,0.8942339374,3293.002406
59,0.3,adaptive_mass_rolling,310,1.426909109,mass,1000,2,620,527,0.9580645161,0.9506641366,0.9525616698,4554.760911,4320,5394,0,0,raps_k50_lam0p0001,50,0.0001,True,raps_k50_lam0p0001,0.8942339374,3293.002406
59,0.3,adaptive_mass_rolling,311,1.181493072,mass,1000,2,438,366,0.8858447489,0.8633879781,0.8738615665,2318.527322,1865,4091,0,0,raps_k50_lam0p0001,50,0.0001,True,raps_k50_lam0p0001,0.8942339374,3293.002406
59,0.3,adaptive_mass_rolling,312,1.137053231,mass,1000,2,460,368,0.9152173913,0.8967391304,0.9119565217,1848.586957,1421,3544,0,0,raps_k50_lam0p0001,50,0.0001,True,raps_k50_lam0p0001,0.8942339374,3293.002406
59,0.3,adaptive_mass_rolling,313,1.135653571,mass,1000,3,794,641,0.8740554156,0.8455538222,0.8564222569,1973.145086,1408,3921,0,0,raps_k50_lam0p0001,50,0.0001,True,raps_k50_lam0p0001,0.8942339374,3293.002406
59,0.3,adaptive_mass_rolling,314,1.240218373,mass,1000,2,678,585,0.9203539823,0.9076923077,0.915995116,2879.894017,2454,4418.2,0,0,raps_k50_lam0p0001,50,0.0001,True,raps_k50_lam0p0001,0.8942339374,3293.002406
59,0.3,adaptive_mass_rolling,315,1.176283312,mass,1000,2,774,660,0.8888888889,0.8742424242,0.8871464646,2247.143939,1814,3913.3,0,0,raps_k50_lam0p0001,50,0.0001,True,raps_k50_lam0p0001,0.8942339374,3293.002406
59,0.3,adaptive_mass_rolling,316,1.23096351,mass,1000,2,758,622,0.9142480211,0.8954983923,0.8971061093,2830.401929,2363,4459.5,0,0,raps_k50_lam0p0001,50,0.0001,True,raps_k50_lam0p0001,0.8942339374,3293.002406
59,0.3,adaptive_mass_rolling,317,1.185183945,mass,1000,2,630,559,0.8904761905,0.8765652952,0.88673226,2307.363148,1902,4026.2,0,0,raps_k50_lam0p0001,50,0.0001,True,raps_k50_lam0p0001,0.8942339374,3293.002406
59,0.3,adaptive_mass_rolling,318,1.21522012,mass,1000,2,342,308,0.9005847953,0.8896103896,0.8966450216,2616.590909,2202,4110.1,0,0,raps_k50_lam0p0001,50,0.0001,True,raps_k50_lam0p0001,0.8942339374,3293.002406
59,0.3,adaptive_mass_rolling,319,1.2403,mass,1000,3,324,290,0.9135802469,0.9034482759,0.9034482759,2812.462069,2454,4301.4,0,0,raps_k50_lam0p0001,50,0.0001,True,raps_k50_lam0p0001,0.8942339374,3293.002406
59,0.3,adaptive_mass_rolling,320,1.194899886,mass,1000,3,736,646,0.8872282609,0.8730650155,0.8800309598,2563.616099,2002,4287.5,0,0,raps_k50_lam0p0001,50,0.0001,True,raps_k50_lam0p0001,0.8942339374,3293.002406
59,0.3,adaptive_mass_rolling,321,1.225199642,mass,1000,2,680,603,0.8941176471,0.8839137645,0.8905472637,2741.39801,2305,4203,0,0,raps_k50_lam0p0001,50,0.0001,True,raps_k50_lam0p0001,0.8942339374,3293.002406
59,0.3,adaptive_mass_rolling,322,1.2437,mass,1000,2,668,595,0.8592814371,0.843697479,0.8509803922,2923.830252,2489,4468.2,0,0,raps_k50_lam0p0001,50,0.0001,True,raps_k50_lam0p0001,0.8942339374,3293.002406
59,0.3,adaptive_mass_rolling,323,1.343459682,mass,1000,2,668,600,0.9161676647,0.9083333333,0.9125,3772.671667,3485,4925.5,0,0,raps_k50_lam0p0001,50,0.0001,True,raps_k50_lam0p0001,0.8942339374,3293.002406
59,0.3,adaptive_mass_rolling,324,1.295099808,mass,1000,2,796,650,0.9334170854,0.9215384615,0.9265384615,3337.489231,3002,4522,0,0,raps_k50_lam0p0001,50,0.0001,True,raps_k50_lam0p0001,0.8942339374,3293.002406
59,0.3,adaptive_mass_rolling,325,1.142681444,mass,1000,2,398,360,0.8618090452,0.8472222222,0.8541666667,2073.816667,1477,4219.5,0,0,raps_k50_lam0p0001,50,0.0001,True,raps_k50_lam0p0001,0.8942339374,3293.002406
59,0.3,adaptive_mass_rolling,326,1.196099975,mass,1000,2,422,348,0.9265402844,0.9137931034,0.9219348659,2347.020115,2011,3405.3,0,0,raps_k50_lam0p0001,50,0.0001,True,raps_k50_lam0p0001,0.8942339374,3293.002406
59,0.3,adaptive_mass_rolling,327,1.173964461,mass,1000,3,738,621,0.8821138211,0.8663446055,0.877294686,2306.396135,1791,4125,0,0,raps_k50_lam0p0001,50,0.0001,True,raps_k50_lam0p0001,0.8942339374,3293.002406
59,0.3,adaptive_mass_rolling,328,1.201699867,mass,1000,2,600,526,0.905,0.8935361217,0.8963878327,2534.956274,2069,4224,0,0,raps_k50_lam0p0001,50,0.0001,True,raps_k50_lam0p0001,0.8942339374,3293.002406
59,0.3,adaptive_mass_rolling,329,1.207165832,mass,1000,2,684,599,0.8961988304,0.8948247078,0.903116305,2627.103506,2123,4325,0,0,raps_k50_lam0p0001,50,0.0001,True,raps_k50_lam0p0001,0.8942339374,3293.002406
59,0.3,adaptive_mass_rolling,330,1.201799896,mass,1000,2,640,580,0.9140625,0.9051724138,0.9060344828,2516.581034,2069,4215.6,0,0,raps_k50_lam0p0001,50,0.0001,True,raps_k50_lam0p0001,0.8942339374,3293.002406
59,0.3,adaptive_mass_rolling,331,1.192178548,mass,1000,2,506,474,0.9011857708,0.8945147679,0.8955696203,2419.774262,1973,4161.7,0,0,raps_k50_lam0p0001,50,0.0001,True,raps_k50_lam0p0001,0.8942339374,3293.002406
59,0.3,adaptive_mass_rolling,332,1.147827526,mass,1000,2,318,300,0.9056603774,0.9,0.9,2043.543333,1528,4070.6,0,0,raps_k50_lam0p0001,50,0.0001,True,raps_k50_lam0p0001,0.8942339374,3293.002406
59,0.3,adaptive_mass_rolling,333,1.147827526,mass,1000,3,342,312,0.8567251462,0.8429487179,0.8466880342,2050.455128,1529,4009.7,0,0,raps_k50_lam0p0001,50,0.0001,True,raps_k50_lam0p0001,0.8942339374,3293.002406
59,0.3,adaptive_mass_rolling,334,1.257317798,mass,1000,3,700,633,0.9028571429,0.8941548183,0.9020537125,2999.799368,2623,4415.2,0,0,raps_k50_lam0p0001,50,0.0001,True,raps_k50_lam0p0001,0.8942339374,3293.002406
59,0.3,adaptive_mass_rolling,335,1.279249997,mass,1000,2,656,587,0.8856707317,0.8756388416,0.8833049404,3232.279387,2843,4622.4,0,0,raps_k50_lam0p0001,50,0.0001,True,raps_k50_lam0p0001,0.8942339374,3293.002406
59,0.3,adaptive_mass_rolling,336,1.298999945,mass,1000,2,632,551,0.8734177215,0.8602540835,0.8692075015,3422.30853,3041,4838,0,0,raps_k50_lam0p0001,50,0.0001,True,raps_k50_lam0p0001,0.8942339374,3293.002406
59,0.3,adaptive_mass_rolling,337,1.346430932,mass,1000,2,552,492,0.8985507246,0.8861788618,0.8905826558,3797.563008,3514,4873.4,0,0,raps_k50_lam0p0001,50,0.0001,True,raps_k50_lam0p0001,0.8942339374,3293.002406
59,0.3,adaptive_mass_rolling,338,1.3569,mass,1000,2,496,457,0.8931451613,0.8840262582,0.8873085339,3904.004376,3619,4929.6,0,0,raps_k50_lam0p0001,50,0.0001,True,raps_k50_lam0p0001,0.8942339374,3293.002406
59,0.3,adaptive_mass_rolling,339,1.367850071,mass,1000,2,328,297,0.875,0.8720538721,0.8810325477,3893.69697,3728,4363.2,0,0,raps_k50_lam0p0001,50,0.0001,True,raps_k50_lam0p0001,0.8942339374,3293.002406
59,0.3,adaptive_mass_rolling,340,1.401262753,mass,1000,3,328,303,0.9420731707,0.9372937294,0.9372937294,4278.765677,4062,5238.6,0,0,raps_k50_lam0p0001,50,0.0001,True,raps_k50_lam0p0001,0.8942339374,3293.002406
59,0.3,adaptive_mass_rolling,341,1.367850071,mass,1000,3,576,519,0.90625,0.8959537572,0.9003853565,3999.967245,3728,5037,0,0,raps_k50_lam0p0001,50,0.0001,True,raps_k50_lam0p0001,0.8942339374,3293.002406
59,0.3,adaptive_mass_rolling,342,1.330896471,mass,1000,3,636,565,0.9135220126,0.9026548673,0.9073746313,3706.520354,3359,4932,0,0,raps_k50_lam0p0001,50,0.0001,True,raps_k50_lam0p0001,0.8942339374,3293.002406
59,0.3,adaptive_mass_rolling,343,1.305990336,mass,1000,2,642,567,0.8753894081,0.8624338624,0.8726631393,3503.902998,3111,4799.2,0,0,raps_k50_lam0p0001,50,0.0001,True,raps_k50_lam0p0001,0.8942339374,3293.002406
59,0.3,adaptive_mass_rolling,344,1.357790278,mass,1000,2,650,582,0.92,0.910652921,0.917812142,3924.194158,3628,4967.7,0,0,raps_k50_lam0p0001,50,0.0001,True,raps_k50_lam0p0001,0.8942339374,3293.002406
59,0.3,adaptive_mass_rolling,345,1.29948237,mass,1000,2,586,501,0.8993174061,0.8822355289,0.8902195609,3428.796407,3045,4874,0,0,raps_k50_lam0p0001,50,0.0001,True,raps_k50_lam0p0001,0.8942339374,3293.002406
59,0.3,adaptive_mass_rolling,346,1.280299861,mass,1000,2,224,197,0.9285714286,0.9187817259,0.9263959391,3138.492386,2853,4489,0,0,raps_k50_lam0p0001,50,0.0001,True,raps_k50_lam0p0001,0.8942339374,3293.002406
59,0.3,adaptive_mass_rolling,347,1.268324091,mass,1000,3,306,277,0.9346405229,0.9277978339,0.9302045728,3050.00361,2733,4397.6,0,0,raps_k50_lam0p0001,50,0.0001,True,raps_k50_lam0p0001,0.8942339374,3293.002406
59,0.3,adaptive_mass_rolling,348,1.253799982,mass,1000,3,714,610,0.8851540616,0.8655737705,0.8672131148,2962.829508,2588,4549.3,0,0,raps_k50_lam0p0001,50,0.0001,True,raps_k50_lam0p0001,0.8942339374,3293.002406
59,0.3,adaptive_mass_rolling,349,1.263478002,mass,1000,2,600,545,0.88,0.8678899083,0.8755351682,3052.557798,2684,4431.6,0,0,raps_k50_lam0p0001,50,0.0001,True,raps_k50_lam0p0001,0.8942339374,3293.002406
59,0.3,adaptive_mass_rolling,350,1.322899229,mass,1000,2,656,560,0.9054878049,0.8946428571,0.8992559524,3522.9625,3279,4581.2,0,0,raps_k50_lam0p0001,50,0.0001,True,raps_k50_lam0p0001,0.8942339374,3293.002406
59,0.3,adaptive_mass_rolling,351,1.313898048,mass,1000,2,522,476,0.9022988506,0.8928571429,0.8928571429,3512.39916,3188,4932,0,0,raps_k50_lam0p0001,50,0.0001,True,raps_k50_lam0p0001,0.8942339374,3293.002406
59,0.3,adaptive_mass_rolling,352,1.303672059,mass,1000,2,462,415,0.9069264069,0.9036144578,0.9064257028,3366.368675,3086,4594.6,0,0,raps_k50_lam0p0001,50,0.0001,True,raps_k50_lam0p0001,0.8942339374,3293.002406
59,0.3,adaptive_mass_rolling,353,1.294685826,mass,1000,3,242,226,0.8553719008,0.8451327434,0.8539823009,3227.929204,2996,4257,0,0,raps_k50_lam0p0001,50,0.0001,True,raps_k50_lam0p0001,0.8942339374,3293.002406
59,0.3,adaptive_mass_rolling,354,1.315399374,mass,1000,3,238,227,0.8613445378,0.8546255507,0.8546255507,3484.008811,3204,4623.2,0,0,raps_k50_lam0p0001,50,0.0001,True,raps_k50_lam0p0001,0.8942339374,3293.002406
59,0.3,adaptive_mass_rolling,355,1.336,mass,1000,4,578,506,0.8667820069,0.8577075099,0.8699887069,3726.187747,3410,4972.5,0,0,raps_k50_lam0p0001,50,0.0001,True,raps_k50_lam0p0001,0.8942339374,3293.002406
59,0.3,adaptive_mass_rolling,356,1.4421,mass,1000,3,548,483,0.9233576642,0.917184265,0.9192546584,4670.873706,4471,5486.8,0,0,raps_k50_lam0p0001,50,0.0001,True,raps_k50_lam0p0001,0.8942339374,3293.002406
59,0.3,adaptive_mass_rolling,357,1.3988,mass,1000,2,406,363,0.9334975369,0.9366391185,0.9380165289,4172.815427,4038,4523.4,0,0,raps_k50_lam0p0001,50,0.0001,True,raps_k50_lam0p0001,0.8942339374,3293.002406
59,0.3,adaptive_mass_rolling,358,1.351694012,mass,1000,3,300,276,0.9133333333,0.9057971014,0.9057971014,3782.615942,3566,4633,0,0,raps_k50_lam0p0001,50,0.0001,True,raps_k50_lam0p0001,0.8942339374,3293.002406
59,0.3,adaptive_mass_rolling,359,1.308753385,mass,1000,3,330,312,0.9,0.8942307692,0.8942307692,3503.528846,3138,4875.1,0,0,raps_k50_lam0p0001,50,0.0001,True,raps_k50_lam0p0001,0.8942339374,3293.002406
59,0.3,adaptive_mass_rolling,360,1.2947,mass,1000,3,228,214,0.9649122807,0.9626168224,0.964953271,3238.696262,2997,4412.1,0,0,raps_k50_lam0p0001,50,0.0001,True,raps_k50_lam0p0001,0.8942339374,3293.002406
59,0.3,adaptive_mass_rolling,361,1.2652,mass,1000,4,246,226,0.918699187,0.9115044248,0.9137168142,2954.99115,2702,4128,0,0,raps_k50_lam0p0001,50,0.0001,True,raps_k50_lam0p0001,0.8942339374,3293.002406
59,0.3,adaptive_mass_rolling,362,1.252129065,mass,1000,4,620,530,0.8870967742,0.8716981132,0.8783018868,2882.60566,2571,4410.9,0,0,raps_k50_lam0p0001,50,0.0001,True,raps_k50_lam0p0001,0.8942339374,3293.002406
59,0.3,adaptive_mass_rolling,363,1.241094565,mass,1000,3,386,353,0.8756476684,0.8696883853,0.8720491029,2794.144476,2460,4233.8,0,0,raps_k50_lam0p0001,50,0.0001,True,raps_k50_lam0p0001,0.8942339374,3293.002406
59,0.3,adaptive_mass_rolling,364,1.283094708,mass,1000,2,354,329,0.8813559322,0.8723404255,0.8753799392,3152.142857,2880,4371,0,0,raps_k50_lam0p0001,50,0.0001,True,raps_k50_lam0p0001,0.8942339374,3293.002406
71,0.3,adaptive_mass_rolling,292,1.352299727,mass,1000,3,730,658,0.8945205479,0.8920972644,0.8974164134,3959.159574,3581,5149.3,0,0,raps_k50_lam0p0001,50,0.0001,True,raps_k50_lam0p0001,0.9046128501,3359.704979
71,0.3,adaptive_mass_rolling,293,1.337982781,mass,1000,2,658,581,0.9042553191,0.8967297762,0.9067699369,3884.030981,3447,5184,0,0,raps_k50_lam0p0001,50,0.0001,True,raps_k50_lam0p0001,0.9046128501,3359.704979
71,0.3,adaptive_mass_rolling,294,1.332851802,mass,1000,2,618,538,0.9077669903,0.8959107807,0.8996282528,3799.33829,3386.5,5039.9,0,0,raps_k50_lam0p0001,50,0.0001,True,raps_k50_lam0p0001,0.9046128501,3359.704979
71,0.3,adaptive_mass_rolling,295,1.324076812,mass,1000,2,666,578,0.9099099099,0.8979238754,0.9039792388,3724.449827,3302,5032.7,0,0,raps_k50_lam0p0001,50,0.0001,True,raps_k50_lam0p0001,0.9046128501,3359.704979
71,0.3,adaptive_mass_rolling,296,1.301668341,mass,1000,2,516,466,0.9127906977,0.9034334764,0.9034334764,3530.081545,3076.5,4941.5,0,0,raps_k50_lam0p0001,50,0.0001,True,raps_k50_lam0p0001,0.9046128501,3359.704979
71,0.3,adaptive_mass_rolling,297,1.292371019,mass,1000,2,292,254,0.904109589,0.8937007874,0.9005905512,3364.311024,2975,4636.3,0,0,raps_k50_lam0p0001,50,0.0001,True,raps_k50_lam0p0001,0.9046128501,3359.704979
71,0.3,adaptive_mass_rolling,298,1.289999968,mass,1000,3,252,224,0.876984127,0.8616071429,0.8746279762,3475.549107,2953,5033.8,0,0,raps_k50_lam0p0001,50,0.0001,True,raps_k50_lam0p0001,0.9046128501,3359.704979
71,0.3,adaptive_mass_rolling,299,1.298298485,mass,1000,3,702,615,0.9116809117,0.8991869919,0.9,3392.258537,3040,4650.8,0,0,raps_k50_lam0p0001,50,0.0001,True,raps_k50_lam0p0001,0.9046128501,3359.704979
71,0.3,adaptive_mass_rolling,300,1.2977,mass,1000,3,664,573,0.8810240964,0.8673647469,0.8795811518,3490.780105,3039,4878.4,0,0,raps_k50_lam0p0001,50,0.0001,True,raps_k50_lam0p0001,0.9046128501,3359.704979
71,0.3,adaptive_mass_rolling,301,1.3222,mass,1000,2,616,552,0.8993506494,0.893115942,0.8979468599,3730.456522,3288,5008.9,0,0,raps_k50_lam0p0001,50,0.0001,True,raps_k50_lam0p0001,0.9046128501,3359.704979
71,0.3,adaptive_mass_rolling,302,1.329240388,mass,1000,2,570,490,0.9070175439,0.8959183673,0.9057823129,3732.181633,3345,4931,0,0,raps_k50_lam0p0001,50,0.0001,True,raps_k50_lam0p0001,0.9046128501,3359.704979
71,0.3,adaptive_mass_rolling,303,1.316907527,mass,1000,2,542,485,0.8911439114,0.8804123711,0.887628866,3674.886598,3224,5069.8,0,0,raps_k50_lam0p0001,50,0.0001,True,raps_k50_lam0p0001,0.9046128501,3359.704979
71,0.3,adaptive_mass_rolling,304,1.354999591,mass,1000,2,328,281,0.9420731707,0.9466192171,0.9466192171,3953.352313,3603,5194,0,0,raps_k50_lam0p0001,50,0.0001,True,raps_k50_lam0p0001,0.9046128501,3359.704979
71,0.3,adaptive_mass_rolling,305,1.308798654,mass,1000,3,328,295,0.9481707317,0.9423728814,0.9423728814,3508.572881,3140,4867,0,0,raps_k50_lam0p0001,50,0.0001,True,raps_k50_lam0p0001,0.9046128501,3359.704979
71,0.3,adaptive_mass_rolling,306,1.220639041,mass,1000,3,582,513,0.8900343643,0.8752436647,0.8836907083,2791.452242,2264,4467.4,0,0,raps_k50_lam0p0001,50,0.0001,True,raps_k50_lam0p0001,0.9046128501,3359.704979
71,0.3,adaptive_mass_rolling,307,1.191276122,mass,1000,3,588,510,0.869047619,0.8509803922,0.8616339869,2571.064706,1971.5,4411.1,0,0,raps_k50_lam0p0001,50,0.0001,True,raps_k50_lam0p0001,0.9046128501,3359.704979
71,0.3,adaptive_mass_rolling,308,1.3081,mass,1000,2,562,497,0.896797153,0.8893360161,0.8915492958,3625.289738,3138,5008.2,0,0,raps_k50_lam0p0001,50,0.0001,True,raps_k50_lam0p0001,0.9046128501,3359.704979
71,0.3,adaptive_mass_rolling,309,1.359276909,mass,1000,2,626,535,0.8881789137,0.8785046729,0.8822429907,4042.284112,3650,5194,0,0,raps_k50_lam0p0001,50,0.0001,True,raps_k50_lam0p0001,0.9046128501,3359.704979
71,0.3,adaptive_mass_rolling,310,1.387499022,mass,1000,2,620,527,0.9338709677,0.9222011385,0.9285262492,4204.776091,3926,5208.6,0,0,raps_k50_lam0p0001,50,0.0001,True,raps_k50_lam0p0001,0.9046128501,3359.704979
71,0.3,adaptive_mass_rolling,311,1.293146101,mass,1000,2,438,366,0.9155251142,0.8989071038,0.910291439,3305.688525,2982,4569,0,0,raps_k50_lam0p0001,50,0.0001,True,raps_k50_lam0p0001,0.9046128501,3359.704979
71,0.3,adaptive_mass_rolling,312,1.243820415,mass,1000,2,460,368,0.8956521739,0.8722826087,0.8902173913,2795.820652,2488,3971.5,0,0,raps_k50_lam0p0001,50,0.0001,True,raps_k50_lam0p0001,0.9046128501,3359.704979
71,0.3,adaptive_mass_rolling,313,1.253146538,mass,1000,3,794,641,0.9143576826,0.8939157566,0.9017160686,2999.184087,2582,4545,0,0,raps_k50_lam0p0001,50,0.0001,True,raps_k50_lam0p0001,0.9046128501,3359.704979
71,0.3,adaptive_mass_rolling,314,1.185966104,mass,1000,2,678,585,0.8967551622,0.8837606838,0.8923076923,2388.969231,1912,4092.2,0,0,raps_k50_lam0p0001,50,0.0001,True,raps_k50_lam0p0001,0.9046128501,3359.704979
71,0.3,adaptive_mass_rolling,315,1.19731746,mass,1000,2,774,660,0.9082687339,0.9,0.9087373737,2431.980303,2025,4144.8,0,0,raps_k50_lam0p0001,50,0.0001,True,raps_k50_lam0p0001,0.9046128501,3359.704979
71,0.3,adaptive_mass_rolling,316,1.185237049,mass,1000,2,758,622,0.8878627968,0.8633440514,0.868113612,2430.067524,1907,4271.7,0,0,raps_k50_lam0p0001,50,0.0001,True,raps_k50_lam0p0001,0.9046128501,3359.704979
71,0.3,adaptive_mass_rolling,317,1.229812953,mass,1000,2,630,559,0.880952381,0.8658318426,0.8768932618,2709.822898,2348,4262.4,0,0,raps_k50_lam0p0001,50,0.0001,True,raps_k50_lam0p0001,0.9046128501,3359.704979
71,0.3,adaptive_mass_rolling,318,1.304139274,mass,1000,2,342,308,0.9064327485,0.8961038961,0.9042207792,3421.551948,3091,4728.4,0,0,raps_k50_lam0p0001,50,0.0001,True,raps_k50_lam0p0001,0.9046128501,3359.704979
71,0.3,adaptive_mass_rolling,319,1.3134,mass,1000,3,324,290,0.9413580247,0.9344827586,0.9344827586,3468.22069,3184,4647.3,0,0,raps_k50_lam0p0001,50,0.0001,True,raps_k50_lam0p0001,0.9046128501,3359.704979
71,0.3,adaptive_mass_rolling,320,1.231994423,mass,1000,3,736,646,0.9171195652,0.907120743,0.913003096,2872.69969,2373,4485.5,0,0,raps_k50_lam0p0001,50,0.0001,True,raps_k50_lam0p0001,0.9046128501,3359.704979
71,0.3,adaptive_mass_rolling,321,1.188979882,mass,1000,2,680,603,0.8764705882,0.864013267,0.8739635158,2411.688226,1942,4124.2,0,0,raps_k50_lam0p0001,50,0.0001,True,raps_k50_lam0p0001,0.9046128501,3359.704979
71,0.3,adaptive_mass_rolling,322,1.230399792,mass,1000,2,668,595,0.874251497,0.8605042017,0.8652661064,2817.655462,2356,4446,0,0,raps_k50_lam0p0001,50,0.0001,True,raps_k50_lam0p0001,0.9046128501,3359.704979
71,0.3,adaptive_mass_rolling,323,1.305011571,mass,1000,2,668,600,0.9011976048,0.8916666667,0.8991666667,3433.521667,3101,4711.2,0,0,raps_k50_lam0p0001,50,0.0001,True,raps_k50_lam0p0001,0.9046128501,3359.704979
71,0.3,adaptive_mass_rolling,324,1.319499724,mass,1000,2,796,650,0.9484924623,0.9369230769,0.94,3557.815385,3246,4581.4,0,0,raps_k50_lam0p0001,50,0.0001,True,raps_k50_lam0p0001,0.9046128501,3359.704979
71,0.3,adaptive_mass_rolling,325,1.168670528,mass,1000,2,398,360,0.8341708543,0.8166666667,0.825,2312.061111,1737,4338.6,0,0,raps_k50_lam0p0001,50,0.0001,True,raps_k50_lam0p0001,0.9046128501,3359.704979
71,0.3,adaptive_mass_rolling,326,1.2305,mass,1000,2,422,348,0.9360189573,0.9252873563,0.9267241379,2637.623563,2355,3666.6,0,0,raps_k50_lam0p0001,50,0.0001,True,raps_k50_lam0p0001,0.9046128501,3359.704979
71,0.3,adaptive_mass_rolling,327,1.202499994,mass,1000,3,738,621,0.8970189702,0.885668277,0.8965646806,2557.937198,2076,4263,0,0,raps_k50_lam0p0001,50,0.0001,True,raps_k50_lam0p0001,0.9046128501,3359.704979
71,0.3,adaptive_mass_rolling,328,1.184897637,mass,1000,2,600,526,0.9033333333,0.8954372624,0.8992395437,2356.880228,1901,4102.5,0,0,raps_k50_lam0p0001,50,0.0001,True,raps_k50_lam0p0001,0.9046128501,3359.704979
71,0.3,adaptive_mass_rolling,329,1.211399986,mass,1000,2,684,599,0.8976608187,0.8864774624,0.9006677796,2654.42571,2165,4367.2,0,0,raps_k50_lam0p0001,50,0.0001,True,raps_k50_lam0p0001,0.9046128501,3359.704979
71,0.3,adaptive_mass_rolling,330,1.208042237,mass,1000,2,640,580,0.9015625,0.8913793103,0.8922413793,2567.793103,2131,4260.5,0,0,raps_k50_lam0p0001,50,0.0001,True,raps_k50_lam0p0001,0.9046128501,3359.704979
71,0.3,adaptive_mass_rolling,331,1.2122,mass,1000,2,506,474,0.8932806324,0.8860759494,0.8871308017,2608.476793,2173,4291.4,0,0,raps_k50_lam0p0001,50,0.0001,True,raps_k50_lam0p0001,0.9046128501,3359.704979
71,0.3,adaptive_mass_rolling,332,1.2191,mass,1000,2,318,300,0.8805031447,0.8733333333,0.8733333333,2669.266667,2241,4442.6,0,0,raps_k50_lam0p0001,50,0.0001,True,raps_k50_lam0p0001,0.9046128501,3359.704979
71,0.3,adaptive_mass_rolling,333,1.249858016,mass,1000,3,342,312,0.9035087719,0.8942307692,0.8974358974,2968.846154,2549,4457.8,0,0,raps_k50_lam0p0001,50,0.0001,True,raps_k50_lam0p0001,0.9046128501,3359.704979
71,0.3,adaptive_mass_rolling,334,1.276024344,mass,1000,3,700,633,0.92,0.9115323855,0.9165350184,3178.393365,2810,4631.8,0,0,raps_k50_lam0p0001,50,0.0001,True,raps_k50_lam0p0001,0.9046128501,3359.704979
71,0.3,adaptive_mass_rolling,335,1.2373,mass,1000,2,656,587,0.8826219512,0.870528109,0.8813174333,2846.453152,2423,4424.2,0,0,raps_k50_lam0p0001,50,0.0001,True,raps_k50_lam0p0001,0.9046128501,3359.704979
71,0.3,adaptive_mass_rolling,336,1.267526737,mass,1000,2,632,551,0.871835443,0.8584392015,0.8649425287,3140.936479,2726,4728,0,0,raps_k50_lam0p0001,50,0.0001,True,raps_k50_lam0p0001,0.9046128501,3359.704979
71,0.3,adaptive_mass_rolling,337,1.326823352,mass,1000,2,552,492,0.9003623188,0.8902439024,0.8973577236,3619.72561,3318,4815.8,0,0,raps_k50_lam0p0001,50,0.0001,True,raps_k50_lam0p0001,0.9046128501,3359.704979
71,0.3,adaptive_mass_rolling,338,1.3283,mass,1000,2,496,457,0.877016129,0.8687089716,0.87162655,3647.658643,3333,4791.8,0,0,raps_k50_lam0p0001,50,0.0001,True,raps_k50_lam0p0001,0.9046128501,3359.704979
71,0.3,adaptive_mass_rolling,339,1.3588,mass,1000,2,328,297,0.881097561,0.8787878788,0.8877665544,3803.222222,3638,4285.4,0,0,raps_k50_lam0p0001,50,0.0001,True,raps_k50_lam0p0001,0.9046128501,3359.704979
71,0.3,adaptive_mass_rolling,340,1.380631046,mass,1000,3,328,303,0.9298780488,0.9240924092,0.9240924092,4089.914191,3856,4970.8,0,0,raps_k50_lam0p0001,50,0.0001,True,raps_k50_lam0p0001,0.9046128501,3359.704979
71,0.3,adaptive_mass_rolling,341,1.366241532,mass,1000,3,576,519,0.9131944444,0.9036608863,0.9090558767,3978.055877,3712,4996.8,0,0,raps_k50_lam0p0001,50,0.0001,True,raps_k50_lam0p0001,0.9046128501,3359.704979
71,0.3,adaptive_mass_rolling,342,1.305314475,mass,1000,3,636,565,0.9072327044,0.8955752212,0.9005899705,3489.576991,3103,4847.8,0,0,raps_k50_lam0p0001,50,0.0001,True,raps_k50_lam0p0001,0.9046128501,3359.704979
71,0.3,adaptive_mass_rolling,343,1.305314475,mass,1000,2,642,567,0.8504672897,0.8342151675,0.8442092887,3501.834215,3104,4911.6,0,0,raps_k50_lam0p0001,50,0.0001,True,raps_k50_lam0p0001,0.9046128501,3359.704979
71,0.3,adaptive_mass_rolling,344,1.414399572,mass,1000,2,650,582,0.9076923077,0.8986254296,0.9020618557,4436.140893,4194,5322.9,0,0,raps_k50_lam0p0001,50,0.0001,True,raps_k50_lam0p0001,0.9046128501,3359.704979
71,0.3,adaptive_mass_rolling,345,1.41227817,mass,1000,2,586,501,0.9300341297,0.9181636727,0.9251497006,4427.642715,4172,5429,0,0,raps_k50_lam0p0001,50,0.0001,True,raps_k50_lam0p0001,0.9046128501,3359.704979
71,0.3,adaptive_mass_rolling,346,1.318099955,mass,1000,2,224,197,0.9598214286,0.9543147208,0.9568527919,3482.502538,3231,4721,0,0,raps_k50_lam0p0001,50,0.0001,True,raps_k50_lam0p0001,0.9046128501,3359.704979
71,0.3,adaptive_mass_rolling,347,1.267047275,mass,1000,3,306,277,0.9215686275,0.9133574007,0.9157641396,3023.108303,2720,4388.4,0,0,raps_k50_lam0p0001,50,0.0001,True,raps_k50_lam0p0001,0.9046128501,3359.704979
71,0.3,adaptive_mass_rolling,348,1.208494962,mass,1000,3,714,610,0.8865546218,0.8672131148,0.8718579235,2557.865574,2135,4341.1,0,0,raps_k50_lam0p0001,50,0.0001,True,raps_k50_lam0p0001,0.9046128501,3359.704979
71,0.3,adaptive_mass_rolling,349,1.239465892,mass,1000,2,600,545,0.88,0.8678899083,0.8782874618,2832.361468,2444,4249,0,0,raps_k50_lam0p0001,50,0.0001,True,raps_k50_lam0p0001,0.9046128501,3359.704979
71,0.3,adaptive_mass_rolling,350,1.304016045,mass,1000,2,656,560,0.8978658537,0.8857142857,0.8931547619,3355.842857,3090,4444.2,0,0,raps_k50_lam0p0001,50,0.0001,True,raps_k50_lam0p0001,0.9046128501,3359.704979
71,0.3,adaptive_mass_rolling,351,1.321084314,mass,1000,2,522,476,0.9003831418,0.8907563025,0.893557423,3582.880252,3260,5039.5,0,0,raps_k50_lam0p0001,50,0.0001,True,raps_k50_lam0p0001,0.9046128501,3359.704979
71,0.3,adaptive_mass_rolling,352,1.313694336,mass,1000,2,462,415,0.9004329004,0.8915662651,0.8979919679,3457.207229,3186,4567.4,0,0,raps_k50_lam0p0001,50,0.0001,True,raps_k50_lam0p0001,0.9046128501,3359.704979
71,0.3,adaptive_mass_rolling,353,1.312472088,mass,1000,3,242,226,0.8760330579,0.8672566372,0.8761061947,3381.323009,3174,4058,0,0,raps_k50_lam0p0001,50,0.0001,True,raps_k50_lam0p0001,0.9046128501,3359.704979
71,0.3,adaptive_mass_rolling,354,1.324992379,mass,1000,3,238,227,0.8529411765,0.845814978,0.8502202643,3575.061674,3299,4570.6,0,0,raps_k50_lam0p0001,50,0.0001,True,raps_k50_lam0p0001,0.9046128501,3359.704979
71,0.3,adaptive_mass_rolling,355,1.398398386,mass,1000,4,578,506,0.892733564,0.8913043478,0.8991624318,4282.422925,4034,5221,0,0,raps_k50_lam0p0001,50,0.0001,True,raps_k50_lam0p0001,0.9046128501,3359.704979
71,0.3,adaptive_mass_rolling,356,1.458298659,mass,1000,3,548,483,0.9306569343,0.9254658385,0.9275362319,4826.279503,4633,5649,0,0,raps_k50_lam0p0001,50,0.0001,True,raps_k50_lam0p0001,0.9046128501,3359.704979
71,0.3,adaptive_mass_rolling,357,1.378323986,mass,1000,2,406,363,0.8990147783,0.8980716253,0.9044995409,3998.820937,3833,4685.6,0,0,raps_k50_lam0p0001,50,0.0001,True,raps_k50_lam0p0001,0.9046128501,3359.704979
71,0.3,adaptive_mass_rolling,358,1.365558776,mass,1000,3,300,276,0.9166666667,0.9094202899,0.9094202899,3924.496377,3705,4926.5,0,0,raps_k50_lam0p0001,50,0.0001,True,raps_k50_lam0p0001,0.9046128501,3359.704979
71,0.3,adaptive_mass_rolling,359,1.3584986,mass,1000,3,330,312,0.9333333333,0.9294871795,0.9294871795,3937.788462,3635,5074.4,0,0,raps_k50_lam0p0001,50,0.0001,True,raps_k50_lam0p0001,0.9046128501,3359.704979
71,0.3,adaptive_mass_rolling,360,1.297399974,mass,1000,3,228,214,0.9254385965,0.9205607477,0.9252336449,3260.934579,3024,3892.9,0,0,raps_k50_lam0p0001,50,0.0001,True,raps_k50_lam0p0001,0.9046128501,3359.704979
71,0.3,adaptive_mass_rolling,361,1.248423162,mass,1000,4,246,226,0.8983739837,0.889380531,0.8938053097,2808.845133,2534,3932.5,0,0,raps_k50_lam0p0001,50,0.0001,True,raps_k50_lam0p0001,0.9046128501,3359.704979
71,0.3,adaptive_mass_rolling,362,1.225476545,mass,1000,4,620,530,0.9161290323,0.9018867925,0.9103773585,2640.256604,2304,4222.7,0,0,raps_k50_lam0p0001,50,0.0001,True,raps_k50_lam0p0001,0.9046128501,3359.704979
71,0.3,adaptive_mass_rolling,363,1.192083742,mass,1000,3,386,353,0.9067357513,0.9008498584,0.9041548631,2330.368272,1970,3904.8,0,0,raps_k50_lam0p0001,50,0.0001,True,raps_k50_lam0p0001,0.9046128501,3359.704979
71,0.3,adaptive_mass_rolling,364,1.161797975,mass,1000,2,354,329,0.8728813559,0.8632218845,0.8662613982,2016.942249,1667,3672.2,0,0,raps_k50_lam0p0001,50,0.0001,True,raps_k50_lam0p0001,0.9046128501,3359.704979
