deletion_rate,method,cap_label,cap_size,cap_rank,seed_count,query_count_mean,query_count_sd,label_count_mean,label_count_sd,answered_count_mean,answered_count_sd,answer_rate_mean,answer_rate_sd,abstention_rate_mean,abstention_rate_sd,label_answer_rate_mean,label_answer_rate_sd,conditional_full_set_coverage_mean,conditional_full_set_coverage_sd,unconditional_full_set_recall_mean,unconditional_full_set_recall_sd,conditional_partial_answer_recall_mean,conditional_partial_answer_recall_sd,unconditional_partial_answer_recall_mean,unconditional_partial_answer_recall_sd,conditional_label_recall_mean,conditional_label_recall_sd,unconditional_label_recall_mean,unconditional_label_recall_sd,candidate_load_mean,candidate_load_sd,mean_answered_set_size_mean,mean_answered_set_size_sd,median_answered_set_size_mean,median_answered_set_size_sd,p90_answered_set_size_mean,p90_answered_set_size_sd,top1_accuracy_on_answered_mean,top1_accuracy_on_answered_sd,full_vocabulary_answered_rate_mean,full_vocabulary_answered_rate_sd,candidate_load_saved_vs_uncapped_mean,candidate_load_saved_vs_uncapped_sd,candidate_load_reduction_vs_uncapped_mean,candidate_load_reduction_vs_uncapped_sd,unconditional_full_set_recall_loss_vs_uncapped_mean,unconditional_full_set_recall_loss_vs_uncapped_sd,conditional_full_set_coverage_delta_vs_uncapped_mean,conditional_full_set_coverage_delta_vs_uncapped_sd
0,static,1,1,1,5,33964,0,38596,0,1211.2,213.7210799,0.03566128842,0.006292576844,0.9643387116,0.006292576844,0.04176080423,0.009573757071,0.516929331,0.03071884159,0.01828995407,0.002479368247,0.5816542258,0.02276397059,0.02064201965,0.00312535308,0.5076018411,0.0409009104,0.02089335682,0.003661561276,0.03566128842,0.006292576844,1,0,1,0,1,0,0.6660482194,0.01073094164,0,0,2633.773584,254.7201242,0.9999865327,1.538063953e-06,0.7995230244,0.01104538056,-0.3008836474,0.04356395982
0,static,10,10,10,5,33964,0,38596,0,4745.4,726.5420153,0.1397185255,0.02139153266,0.8602814745,0.02139153266,0.1518032957,0.0273805886,0.6114685039,0.03316266151,0.08488399482,0.009484169095,0.656236453,0.02921344014,0.09120925892,0.01089746405,0.6153116935,0.03990255215,0.09255881438,0.01231131865,0.538311153,0.07269936802,3.863744637,0.09375762007,3,0,8.2,0.4472135955,0.5622608615,0.01864965465,0,0,2633.270934,254.6542835,0.9997962665,1.027679882e-05,0.7329289836,0.004059785289,-0.2063444746,0.04562719897
0,static,50,50,50,5,33964,0,38596,0,9393.4,132.3718248,0.2765693087,0.00389741564,0.7234306913,0.00389741564,0.2947559333,0.01079422971,0.6517643382,0.02428328813,0.1801907902,0.004529669707,0.6912214467,0.01951474855,0.1911170464,0.003225772707,0.6635018213,0.02962977964,0.1953259405,0.002587792157,4.276404428,0.5921067733,15.4849845,2.354183625,10.6,3.646916506,39,2.449489743,0.4419777457,0.003246446622,0,0,2629.532841,255.3027479,0.9983441724,0.0004235074039,0.6376221882,0.01734874342,-0.1660486403,0.0371946266
0,static,100,100,100,5,33964,0,38596,0,12208.4,657.3273918,0.3594511836,0.01935365068,0.6405488164,0.01935365068,0.382246865,0.01381139089,0.6647740931,0.01746880285,0.2392179955,0.01937896171,0.7025372908,0.01436821403,0.2527420905,0.01887700057,0.6786103216,0.02305972857,0.2596486683,0.01845631716,10.3485043,2.266017074,28.59690217,4.504454865,18.4,7.26636085,74.6,4.774934555,0.3978015447,0.009426979414,0,0,2623.460741,256.9447245,0.9959663664,0.001377614059,0.5785949829,0.03232964549,-0.1530388854,0.03041899802
0,static,250,250,250,5,33964,0,38596,0,16058.6,1467.507172,0.4728123896,0.043207725,0.5271876104,0.043207725,0.5035599544,0.04090214883,0.6811306334,0.0107290453,0.3224001884,0.03465865475,0.7181167762,0.008654453011,0.3398034515,0.0350146459,0.6961446129,0.01607618515,0.3510674681,0.03705690033,28.60668355,5.856748804,60.03974356,6.437825932,33.6,10.43072385,165.2,5.357238094,0.3552540875,0.01323276727,0,0,2605.202562,260.5671504,0.9888608234,0.003615916659,0.49541279,0.04759445219,-0.136682345,0.02336228426
0,static,500,500,500,5,33964,0,38596,0,18208.4,1553.190523,0.5361088211,0.04573049472,0.4638911789,0.04573049472,0.5684889626,0.04371673139,0.6935623217,0.005978822703,0.3720115416,0.03461016609,0.7286797757,0.004919577224,0.3907692827,0.03514059652,0.7082411972,0.01074865254,0.4029899471,0.03721951812,51.0675421,6.777245539,94.97269268,4.920566319,45.4,10.69111781,274.96,10.91366116,0.3360351332,0.01214516234,0,0,2582.741703,261.4188434,0.980238633,0.004816773621,0.4458014368,0.04757896319,-0.1242506568,0.01822433694
0,static,1000,1000,1000,5,33964,0,38596,0,19898.2,1417.94471,0.5858615004,0.04174846042,0.4141384996,0.04174846042,0.6161830241,0.03987492416,0.705140085,0.00274854474,0.4131433282,0.02994213055,0.7381256539,0.003255201093,0.4324180873,0.03040354317,0.7184239424,0.006747428968,0.4428852731,0.03277733008,86.53303498,4.622567664,147.9072229,5.545158267,56.8,9.257429449,452,44.55894972,0.3224519705,0.01025989359,0,0,2547.27621,258.5172423,0.9667605336,0.005018883706,0.4046696502,0.04287851117,-0.1126728934,0.01388633588
0,static,2000,2000,2000,5,33964,0,38596,0,21288,1244.364898,0.6267812978,0.03663776052,0.3732187022,0.03663776052,0.6552181573,0.03498006598,0.7155394369,0.00377109099,0.4484159699,0.02465451975,0.7469258774,0.004903852817,0.4680567047,0.02511655361,0.7276074565,0.004028787894,0.476831796,0.02766516776,144.9897244,4.549312711,232.1560276,18.30738338,68.2,7.395944835,727.74,110.8933632,0.3130733298,0.008055447306,0,0,2488.819521,251.4577104,0.9446123944,0.004462582045,0.3693970086,0.0375209656,-0.1022735416,0.01058216949
0,static,3000,3000,3000,5,33964,0,38596,0,21616.4,1301.033935,0.6364503592,0.03830626354,0.3635496408,0.03830626354,0.6643330915,0.0364098148,0.7177908865,0.003311160277,0.4567659875,0.02593050237,0.7488277482,0.004563284644,0.4764842554,0.02636761522,0.7295623358,0.003876207057,0.4847652606,0.02879960019,167.1513485,1.969009764,263.2844539,13.91046625,71,7.314369419,820.6,108.4748819,0.3115855775,0.008150327188,0,0,2466.657897,255.7799283,0.9359801973,0.007261307093,0.3610469909,0.0388625255,-0.1000220919,0.01065331722
0,static,4000,4000,4000,5,33964,0,38596,0,21830.8,1231.838139,0.6427629255,0.03626893589,0.3572370745,0.03626893589,0.6705668981,0.03435438429,0.7201141382,0.004120155199,0.4627723472,0.02404903018,0.7508628611,0.005290497709,0.4825068087,0.02450051406,0.7317132789,0.003341616911,0.4907296093,0.02684557583,190.6383995,8.479544093,297.7541952,26.72133089,72.8,6.457553716,894.48,135.1016358,0.3104677292,0.00757548413,0,0,2443.170846,248.0680874,0.9272535888,0.004992011997,0.3550406313,0.03691684168,-0.09769884021,0.009863992684
0,static,5000,5000,5000,5,33964,0,38596,0,22424.4,1141.752294,0.6602402544,0.0336165438,0.3397597456,0.0336165438,0.687299202,0.03162560285,0.7264508233,0.00535499076,0.4795077141,0.02128846698,0.7564531046,0.006387382359,0.49929321,0.02172972709,0.7373332786,0.002528991235,0.5067934501,0.02404543184,269.4352668,18.75658425,409.974596,46.74511487,78.8,4.91934955,1137.6,190.5224396,0.3072715378,0.006912471488,0,0,2364.373978,236.6072034,0.8974571146,0.003510197295,0.3383052644,0.03413985594,-0.09136215513,0.008355613891
0,static,inf,inf,1000000000000,5,33964,0,38596,0,33964,0,1,0,0,0,1,0,0.8178129784,0.01305892123,0.8178129784,0.01305892123,0.8376367502,0.01269393395,0.8376367502,0.01269393395,0.818203959,0.00823835245,0.818203959,0.00823835245,2633.809245,254.7256356,2633.809245,254.7256356,372.5,135.0564697,7128,0,0.2588505476,0.00275803505,0.2009303969,0.02767408912,0,0,0,0,0,0,0,0
0,rolling,1,1,1,5,33964,0,38596,0,452.6,89.95165368,0.01332587446,0.002648441105,0.9866741255,0.002648441105,0.01618302415,0.004675146581,0.4970158366,0.06335247772,0.006506889648,0.0007463073758,0.566470463,0.05046329984,0.007457929311,0.001027785114,0.4912142266,0.07018937113,0.007705461706,0.001365183086,0.01332587446,0.002648441105,1,0,1,0,1,0,0.6598839958,0.02457440022,0,0,3758.946402,190.9808858,0.9999964659,6.315883685e-07,0.8913143328,0.003350329677,-0.4008053858,0.06676963158
0,rolling,10,10,10,5,33964,0,38596,0,2408.8,508.6179313,0.07092215287,0.01497520702,0.9290778471,0.01497520702,0.08070266349,0.01997226814,0.664238361,0.04126773724,0.04663172771,0.007789713801,0.7189341124,0.03395880208,0.05059546531,0.008965973603,0.6709917303,0.04857920435,0.05340449788,0.01058531276,0.2980037687,0.06930943836,4.188095003,0.1573355683,3.4,0.5477225575,8.8,0.4472135955,0.6498372643,0.02646743305,0,0,3758.661724,190.9137986,0.9999213215,1.503601778e-05,0.8511894948,0.004472681982,-0.2335828614,0.04488361154
0,rolling,50,50,50,5,33964,0,38596,0,5302.8,742.6147723,0.15613002,0.02186476187,0.84386998,0.02186476187,0.1720540989,0.02890085604,0.7122230459,0.03440139463,0.1106053468,0.0112393693,0.7562675706,0.02735392983,0.1176085352,0.01312783358,0.7263177067,0.03803367509,0.1241113069,0.01602205349,2.626004004,0.2452815193,16.9326266,1.055624351,13,1.870828693,40.4,1.140175425,0.5218772919,0.02290935079,0,0,3756.333724,190.7752743,0.9993022833,4.188262403e-05,0.7872158756,0.007904072155,-0.1855981765,0.03800332412
0,rolling,100,100,100,5,33964,0,38596,0,7148.2,532.7632683,0.2104640207,0.01568611672,0.7895359793,0.01568611672,0.231039486,0.02224065636,0.733526244,0.02688344074,0.1540572371,0.006770455013,0.7746823781,0.02074868538,0.1627961007,0.008514256411,0.7504061926,0.03095703777,0.172852109,0.01098386184,6.625450477,0.2918329414,31.71322756,3.981900101,22.6,5.458937626,78.2,4.147288271,0.4732005997,0.008651512516,0,0,3752.334277,191.2337149,0.9982308392,0.0001675051419,0.7437639854,0.004107812413,-0.1642949784,0.03048743103
0,rolling,250,250,250,5,33964,0,38596,0,10047,155.0483795,0.295813214,0.004565080071,0.704186786,0.004565080071,0.3233184786,0.003014491783,0.7579781365,0.0193997476,0.2242845366,0.009068726508,0.7956040999,0.01576973915,0.235403946,0.008205961864,0.775392406,0.02453545515,0.2507513732,0.0101144352,20.75649511,3.701946893,70.04492943,11.40182209,46,16.41645516,181.6,11.41490254,0.4175325765,0.001503166958,0,0,3738.203233,194.4765108,0.9944268912,0.001317644606,0.6735366859,0.01270373283,-0.139843086,0.02298872544
0,rolling,500,500,500,5,33964,0,38596,0,12160,533.5906671,0.3580261453,0.01571047777,0.6419738547,0.01571047777,0.3914809825,0.0146267182,0.7653339863,0.01639265913,0.2742079849,0.01798177248,0.8027414001,0.01306898343,0.2875633379,0.0174019957,0.7836602362,0.02027864515,0.3070162711,0.01947927212,43.08283477,7.623689741,119.803679,15.44407058,68.8,23.72129845,331.76,15.78252198,0.3831723518,0.004439214515,0,0,3715.876893,198.3270265,0.9884315409,0.002717469049,0.6236132375,0.02161277827,-0.1324872362,0.01994285833
0,rolling,1000,1000,1000,5,33964,0,38596,0,14033.2,780.5127802,0.4131786598,0.02298059063,0.5868213402,0.02298059063,0.4514872007,0.02245318228,0.7752971629,0.0112231694,0.3205393947,0.0225438284,0.8112693464,0.008656717156,0.3353576131,0.02230414579,0.7938904548,0.01505953969,0.3587003835,0.02478044501,82.49419974,12.44441998,198.8385969,18.68035299,95.6,30.07158127,583.4,29.657714,0.3588003744,0.007465899802,0,0,3676.465528,203.3934772,0.9778689041,0.004564208529,0.5772818278,0.02608992023,-0.1225240595,0.01474916902
0,rolling,2000,2000,2000,5,33964,0,38596,0,15681,897.6196299,0.4616947356,0.02642856053,0.5383052644,0.02642856053,0.4988133485,0.02583345559,0.7876505822,0.008796858765,0.3638381816,0.02493851396,0.8208050296,0.006644845638,0.3791010726,0.02480070658,0.8040595422,0.01268107138,0.4013369261,0.02722101862,152.6038924,17.65235699,329.6755397,19.59716535,123.8,31.84650687,1032.74,28.21237317,0.3417384276,0.007182906614,0,0,3606.355836,208.325089,0.959123925,0.006902991042,0.5339830409,0.02841301945,-0.1101706402,0.01223691011
0,rolling,3000,3000,3000,5,33964,0,38596,0,16085.2,1035.568298,0.4735955718,0.03049017483,0.5264044282,0.03049017483,0.5102601306,0.02974606865,0.7900633041,0.008631079799,0.374378754,0.0283157405,0.8226213312,0.006433074916,0.3897446952,0.02820527277,0.8059904255,0.01245446697,0.4115607835,0.03056883774,179.822989,28.32556888,378.0346068,34.07535616,131.4,33.75351834,1199.6,78.21077292,0.3382258045,0.007912007705,0,0,3579.136739,218.329877,0.9517528659,0.01035988831,0.5234424685,0.03186446,-0.1077579184,0.01210845447
0,rolling,4000,4000,4000,5,33964,0,38596,0,16368.8,968.9565006,0.4819455894,0.0285289277,0.5180544106,0.0285289277,0.5184164162,0.02773904734,0.7928056113,0.00773274169,0.3822635732,0.02641899235,0.8249180478,0.005764450322,0.3976942889,0.02631918923,0.8083267774,0.01162176118,0.4193077003,0.02861818723,210.7966553,20.08501824,436.6692494,15.90792011,137.4,31.48491702,1345.1,34.58287148,0.3358798521,0.007562397773,0,0,3548.163073,210.9338748,0.943579884,0.00843539525,0.5155576493,0.02994668002,-0.1050156112,0.01118338488
0,rolling,5000,5000,5000,5,33964,0,38596,0,17194.4,987.7136731,0.5062536804,0.029081194,0.4937463196,0.029081194,0.5415898021,0.02800204555,0.8009664654,0.006574138619,0.4056412672,0.02662093929,0.8316852847,0.004829111783,0.421149516,0.0265310277,0.8150648505,0.01033937162,0.4416623484,0.02856082418,320.339854,23.61209244,632.3172435,12.05885121,155.8,30.24400767,1841.56,33.39600275,0.3289703092,0.007795400368,0,0,3438.619874,214.3040422,0.9143395968,0.01085995559,0.4921799552,0.03012123956,-0.09685475702,0.009928969455
0,rolling,inf,inf,1000000000000,5,33964,0,38596,0,33964,0,1,0,0,0,1,0,0.8978212225,0.003647159094,0.8978212225,0.003647159094,0.9134439061,0.003740349152,0.9134439061,0.003740349152,0.8986423464,0.0005614039973,0.8986423464,0.0005614039973,3758.959728,190.9824908,3758.959728,190.9824908,4557.6,1575.537345,7128,0,0.2588505476,0.00275803505,0.300170769,0.04183572348,0,0,0,0,0,0,0,0
0,weighted,1,1,1,5,33964,0,38596,0,459.6,91.45654706,0.01353197503,0.00269274959,0.986468025,0.00269274959,0.01648357343,0.004762028877,0.4978973665,0.06384905777,0.006618772818,0.0007664783824,0.5679577849,0.05105556127,0.007593072403,0.001054950967,0.4918511613,0.07139356422,0.007855736346,0.001397716591,0.01353197503,0.00269274959,1,0,1,0,1,0,0.6624507066,0.02498181797,0,0,3741.064027,194.8037692,0.9999963943,6.435368271e-07,0.8902838299,0.003646564825,-0.3990052363,0.06750609801
0,weighted,10,10,10,5,33964,0,38596,0,2434.8,507.3442618,0.0716876693,0.01493770645,0.9283123307,0.01493770645,0.08153176495,0.01987752787,0.6644002281,0.04027993987,0.04716758921,0.007805045064,0.7192216891,0.03358476071,0.0511750005,0.008955227044,0.6712943302,0.04840752223,0.05399523267,0.01050958411,0.3011836062,0.06825982369,4.191160286,0.1537733157,3.4,0.5477225575,8.8,0.4472135955,0.6489834405,0.02567358493,0,0,3740.776375,194.7375587,0.999920095,1.465433938e-05,0.8497350135,0.004168105421,-0.2325023747,0.04417407943
0,weighted,50,50,50,5,33964,0,38596,0,5347,744.3443424,0.157431398,0.0219156855,0.842568602,0.0219156855,0.1733806612,0.02899870399,0.7116368194,0.03395971035,0.1114474149,0.01129153815,0.7556393624,0.02682500156,0.11850325,0.01320205956,0.7256915607,0.03771857609,0.1249714996,0.01608086723,2.639924626,0.2471289995,16.87916193,1.04355678,12.8,1.923538406,40,1,0.5211066254,0.0228372282,0,0,3738.437634,194.5964745,0.9992952249,4.182545265e-05,0.7854551878,0.007640837086,-0.1852657833,0.03786198246
0,weighted,100,100,100,5,33964,0,38596,0,7205.6,526.6980159,0.2121540455,0.01550753786,0.7878459545,0.01550753786,0.2327028708,0.02208952177,0.7333806675,0.02671310183,0.1552702862,0.006583035714,0.774431865,0.02049274856,0.1640567913,0.008353767909,0.7501615275,0.03070882956,0.1740491243,0.01082431905,6.662154045,0.293197817,31.62886583,3.934596414,22.6,5.458937626,78,4.527692569,0.47245677,0.008774543033,0,0,3734.415405,195.0651572,0.9982121796,0.000172892085,0.7416323166,0.003591399033,-0.1635219352,0.03061128159
0,weighted,250,250,250,5,33964,0,38596,0,10122.8,176.7291713,0.2980449888,0.005203426314,0.7019550112,0.005203426314,0.3256347808,0.00356145698,0.757318391,0.01966159045,0.2257920151,0.009744042882,0.7949918541,0.01597837204,0.237007058,0.008868083559,0.7747337828,0.02478971539,0.2523473935,0.01079539572,20.8770875,3.783219868,69.90203608,11.37742438,45.8,16.51363073,181.6,11.41490254,0.4165837533,0.001630555218,0,0,3720.200471,198.3843752,0.9943652675,0.001358663639,0.6711105877,0.01368182388,-0.1395842118,0.02356551697
0,weighted,500,500,500,5,33964,0,38596,0,12245.8,563.1382601,0.3605523495,0.01658044577,0.6394476505,0.01658044577,0.3941755622,0.01536664128,0.7642774027,0.01607108714,0.2757684607,0.0185870948,0.801742605,0.01261991917,0.2892351922,0.01798078178,0.7826205946,0.01985498647,0.3087262929,0.0199630077,43.29253327,7.770773892,119.5148703,15.42535227,68.4,23.43715,331.4,16.00937226,0.3824211143,0.004785900754,0,0,3697.785025,202.3311596,0.9883144775,0.002795425062,0.621134142,0.0225207253,-0.1326252001,0.01994539178
0,weighted,1000,1000,1000,5,33964,0,38596,0,14115,797.4719431,0.4155870922,0.02347991824,0.5844129078,0.02347991824,0.453844958,0.02299985124,0.7745459204,0.01063100677,0.3220880933,0.02269631108,0.8105080282,0.008064140236,0.3369875041,0.02246306251,0.793049346,0.01454277177,0.3601875842,0.02499353712,82.59334001,12.36926251,197.929355,18.21141099,94.8,29.26943799,582.04,28.54834496,0.3582079222,0.007595975909,0,0,3658.484219,207.1223868,0.9777314918,0.004601073391,0.5748145095,0.02654177714,-0.1223566823,0.01446218805
0,weighted,2000,2000,2000,5,33964,0,38596,0,15761.8,910.9800766,0.4640737251,0.02682193136,0.5359262749,0.02682193136,0.5011141051,0.02618228685,0.7868352192,0.008382891346,0.3653279943,0.02506321477,0.8199777871,0.006220898303,0.3806629644,0.02491995496,0.8031881139,0.01232726944,0.4027463986,0.02733000314,152.5131669,17.24689628,327.8251324,18.37332869,122.8,31.23619695,1026.1,25.0031998,0.3413974224,0.007142691312,0,0,3588.564392,211.8046784,0.9589470482,0.006892574122,0.5315746084,0.0288516216,-0.1100673835,0.01215337965
0,weighted,3000,3000,3000,5,33964,0,38596,0,16181.6,1066.991706,0.4764338712,0.03141537233,0.5235661288,0.03141537233,0.5129443466,0.030712996,0.789233032,0.008215664261,0.376221882,0.02885449389,0.8217589018,0.006004163409,0.3916623559,0.02874563098,0.8050834883,0.01213734886,0.4132604415,0.0311875034,180.8489989,29.33978942,377.8302182,34.99102805,130.6,33.39610756,1201.8,80.05123359,0.3377345784,0.008018571535,0,0,3560.22856,223.166036,0.9512218039,0.01080250893,0.5206807208,0.03272681472,-0.1076695707,0.01202921564
0,weighted,4000,4000,4000,5,33964,0,38596,0,16458.4,991.5933138,0.4845836768,0.02919542203,0.5154163232,0.02919542203,0.5209607213,0.0283667633,0.7920479372,0.007338169718,0.3839830409,0.02675523029,0.8241185115,0.005379399746,0.3994765121,0.02665732632,0.8075066339,0.01127730396,0.4209348119,0.02894459539,211.1781946,20.16664206,435.0802519,15.4248179,136.6,31.4690324,1339.88,31.92063596,0.3353638963,0.00768407755,0,0,3529.899364,214.8753689,0.9431943938,0.008593700165,0.5129195619,0.03059416405,-0.1048546656,0.01110589594
0,weighted,5000,5000,5000,5,33964,0,38596,0,17276.4,1002.347644,0.5086680014,0.02951206113,0.4913319986,0.02951206113,0.5439320137,0.0283742913,0.8001047708,0.006227367954,0.40713108,0.02677870075,0.8308074551,0.004483926971,0.4227040471,0.0266847509,0.8141730773,0.01002682054,0.4430821847,0.02868380229,319.6147921,22.9111765,627.9828804,12.67776748,154.6,29.82951558,1828.06,36.57592104,0.3286072212,0.00805492048,0,0,3421.462766,217.0641362,0.9141214028,0.01074950959,0.4897715228,0.03058662033,-0.096797832,0.009897797304
0,weighted,inf,inf,1000000000000,5,33964,0,38596,0,33964,0,1,0,0,0,1,0,0.8969026028,0.003943079111,0.8969026028,0.003943079111,0.9125954027,0.004042293386,0.9125954027,0.004042293386,0.8977251529,0.0008531638221,0.8977251529,0.0008531638221,3741.077559,194.8054112,3741.077559,194.8054112,4475,1578.058617,7128,0,0.2588505476,0.00275803505,0.2984689671,0.04187132498,0,0,0,0,0,0,0,0
0,adaptive,1,1,1,5,33964,0,38596,0,457.4,90.96867593,0.01346720057,0.002678385229,0.9865327994,0.002678385229,0.01635920821,0.00472712392,0.4975742054,0.06321379498,0.006583441291,0.0007557148617,0.5675445535,0.05063970297,0.007551656002,0.001045409812,0.4921313261,0.07065982502,0.007803917504,0.001387956807,0.01346720057,0.002678385229,1,0,1,0,1,0,0.661255895,0.02547911793,0,0,3745.064345,193.9977668,0.9999964149,6.428704795e-07,0.8905134849,0.003535029239,-0.3995227208,0.06673630453
0,adaptive,10,10,10,5,33964,0,38596,0,2427.6,505.0933577,0.07147568013,0.01487143321,0.9285243199,0.01487143321,0.08127267074,0.01983228985,0.6646465113,0.04138135859,0.04703215169,0.007709261397,0.7192191929,0.03430914617,0.05101453648,0.008871352086,0.6712826476,0.04916963986,0.05380868484,0.01044564892,0.3001589919,0.06768263452,4.189650328,0.1484350743,3.4,0.5477225575,8.8,0.4472135955,0.648868523,0.02535403073,0,0,3744.777653,193.9322216,0.9999204441,1.454107447e-05,0.8500647745,0.004189886515,-0.2324504149,0.04515016385
0,adaptive,50,50,50,5,33964,0,38596,0,5335.6,744.6870484,0.1570957484,0.02192577577,0.8429042516,0.02192577577,0.1730542025,0.0290012908,0.7116270829,0.03399673923,0.1112059828,0.01130557124,0.7556880915,0.02689526866,0.1182557891,0.01321094942,0.7257166801,0.03774691115,0.1247383149,0.01609437655,2.634554234,0.2464868306,16.88218964,1.052532649,12.8,1.923538406,40,1,0.521119165,0.02300480689,0,0,3742.443258,193.7921514,0.9992973981,4.206971589e-05,0.7858909434,0.007783885795,-0.1854698433,0.03776398452
0,adaptive,100,100,100,5,33964,0,38596,0,7190.8,529.52592,0.21171829,0.01559079967,0.78828171,0.01559079967,0.2322675925,0.0221642911,0.7333667701,0.02665482701,0.1549464138,0.00665959332,0.7744531591,0.02042471282,0.1637230626,0.008435436222,0.7502312038,0.03063151799,0.1737382112,0.01090984451,6.648410081,0.2923062038,31.63019939,3.93903562,22.6,5.458937626,77.8,4.711687596,0.4727396233,0.008903018278,0,0,3738.429402,194.2562095,0.9982178693,0.0001710622282,0.7421505123,0.003734938722,-0.163730156,0.03042115936
0,adaptive,250,250,250,5,33964,0,38596,0,10108.6,176.0292589,0.2976268991,0.005182818836,0.7023731009,0.005182818836,0.3251891388,0.003556250858,0.757633933,0.01964585883,0.2255682487,0.009692394797,0.7952938125,0.01595791947,0.2367637191,0.008819544512,0.7751296188,0.02467471585,0.2521297544,0.01071838318,20.87304204,3.797967755,69.98811294,11.46700157,45.7,16.59668642,181.8,11.86170308,0.4168509155,0.001631252127,0,0,3724.20477,197.5873052,0.9943726765,0.001358076959,0.6715286774,0.01350335834,-0.1394629932,0.02342452136
0,adaptive,500,500,500,5,33964,0,38596,0,12227.4,558.681752,0.3600105995,0.01644923307,0.6399894005,0.01644923307,0.3936314644,0.01524675958,0.7646078381,0.01621410136,0.2754740313,0.01854112168,0.8020329572,0.01277514369,0.2889063706,0.01793323986,0.7829780165,0.01997822713,0.3084412893,0.0199193456,43.2558827,7.781372753,119.5942711,15.52405479,68.6,23.87048387,331.6,16.45600194,0.3825855523,0.00478814897,0,0,3701.821929,201.5108398,0.9883377704,0.00278817523,0.6216228948,0.02234949332,-0.1324890881,0.01997380342
0,adaptive,1000,1000,1000,5,33964,0,38596,0,14097,789.109308,0.4150571193,0.02323369768,0.5849428807,0.02323369768,0.4533267696,0.02270427173,0.7748060605,0.01085546554,0.3217877753,0.02260114723,0.8107338886,0.008231437616,0.3366533828,0.022336386,0.7933411429,0.01468351584,0.3599077625,0.02481376613,82.57288894,12.24486081,198.1478116,18.05676814,94.7,29.44825971,582.8,28.49912279,0.3583560806,0.007448294513,0,0,3662.504923,206.1944134,0.9777636049,0.004550899053,0.5753091509,0.02633089017,-0.1222908656,0.01458618416
0,adaptive,2000,2000,2000,5,33964,0,38596,0,15742.4,903.7230217,0.4635025321,0.02660826233,0.5364974679,0.02660826233,0.5005544616,0.02598848311,0.7870428632,0.008441281089,0.3649746791,0.02492376574,0.8201762773,0.006258290396,0.3802866416,0.02476983662,0.8034174932,0.01233488784,0.4024095761,0.02716769612,152.4570192,17.09534402,328.122129,18.21769508,122.8,31.23619695,1026.4,23.75499947,0.3414728022,0.007138481485,0,0,3592.620793,210.8454893,0.9590099185,0.006825414883,0.5321222471,0.02859925807,-0.1100540629,0.01211343863
0,adaptive,3000,3000,3000,5,33964,0,38596,0,16160,1063.624699,0.4757979037,0.03131623775,0.5242020963,0.03131623775,0.512343248,0.03057369056,0.7894503439,0.008382261276,0.3758273466,0.02886865287,0.8219781826,0.006143454811,0.3912477573,0.02874896141,0.8053289527,0.01221414413,0.4129028915,0.03111712577,180.6265163,29.54938962,377.8529528,35.66222461,130.8,33.81863392,1203.4,82.93853146,0.3378308034,0.008093448119,0,0,3564.451295,222.4449623,0.9513359104,0.01081480867,0.5212695796,0.03262070164,-0.1076465822,0.01209093807
0,adaptive,4000,4000,4000,5,33964,0,38596,0,16435.2,990.6496353,0.4839006006,0.02916763736,0.5160993994,0.02916763736,0.5202767126,0.02836600364,0.7922115226,0.007432964414,0.383523731,0.02678800291,0.8242928001,0.005448759518,0.3990000833,0.02668234817,0.8076895336,0.01132774934,0.4204788061,0.02896650287,210.7922918,20.56785628,434.8547099,16.32522733,137,31.69384798,1340.3,35.15728943,0.3354460388,0.007643823137,0,0,3534.28552,214.4642654,0.9433568796,0.008658631003,0.5135731951,0.0305103447,-0.1048854036,0.01110376248
0,adaptive,5000,5000,5000,5,33964,0,38596,0,17256.4,998.7168267,0.5080791426,0.02940515919,0.4919208574,0.02940515919,0.5433464608,0.02828498951,0.8002493135,0.006357379074,0.4067365446,0.02677196809,0.8309483332,0.004596642973,0.4222894485,0.02667061445,0.8143427641,0.01010329985,0.4426987253,0.02865097899,319.5897892,23.05381966,628.6419517,12.74785492,154.6,29.82951558,1830.32,37.46087292,0.3288438947,0.007981502011,0,0,3425.488023,216.4354114,0.9142216296,0.01074480955,0.4903603816,0.03046530973,-0.09684761265,0.00993666778
0,adaptive,inf,inf,1000000000000,5,33964,0,38596,0,33964,0,1,0,0,0,1,0,0.8970969262,0.003815616403,0.8970969262,0.003815616403,0.9127696628,0.003923899092,0.9127696628,0.003923899092,0.8979272463,0.0007539596896,0.8979272463,0.0007539596896,3745.077812,193.9993591,3745.077812,193.9993591,4492.3,1580.54281,7128,0,0.2588505476,0.00275803505,0.2987869509,0.04184429082,0,0,0,0,0,0,0,0
0,top1,1,1,1,5,33964,0,38596,0,33964,0,1,0,0,0,1,0,0.223507243,0.002628959399,0.223507243,0.002628959399,0.239442755,0.002677624454,0.239442755,0.002677624454,0.2277852627,0.002427036544,0.2277852627,0.002427036544,1,0,1,0,1,0,1,0,0.2588505476,0.00275803505,0,0,0,0,0,0,0,0,0,0
0,top1,10,10,10,5,33964,0,38596,0,33964,0,1,0,0,0,1,0,0.223507243,0.002628959399,0.223507243,0.002628959399,0.239442755,0.002677624454,0.239442755,0.002677624454,0.2277852627,0.002427036544,0.2277852627,0.002427036544,1,0,1,0,1,0,1,0,0.2588505476,0.00275803505,0,0,0,0,0,0,0,0,0,0
0,top1,50,50,50,5,33964,0,38596,0,33964,0,1,0,0,0,1,0,0.223507243,0.002628959399,0.223507243,0.002628959399,0.239442755,0.002677624454,0.239442755,0.002677624454,0.2277852627,0.002427036544,0.2277852627,0.002427036544,1,0,1,0,1,0,1,0,0.2588505476,0.00275803505,0,0,0,0,0,0,0,0,0,0
0,top1,100,100,100,5,33964,0,38596,0,33964,0,1,0,0,0,1,0,0.223507243,0.002628959399,0.223507243,0.002628959399,0.239442755,0.002677624454,0.239442755,0.002677624454,0.2277852627,0.002427036544,0.2277852627,0.002427036544,1,0,1,0,1,0,1,0,0.2588505476,0.00275803505,0,0,0,0,0,0,0,0,0,0
0,top1,250,250,250,5,33964,0,38596,0,33964,0,1,0,0,0,1,0,0.223507243,0.002628959399,0.223507243,0.002628959399,0.239442755,0.002677624454,0.239442755,0.002677624454,0.2277852627,0.002427036544,0.2277852627,0.002427036544,1,0,1,0,1,0,1,0,0.2588505476,0.00275803505,0,0,0,0,0,0,0,0,0,0
0,top1,500,500,500,5,33964,0,38596,0,33964,0,1,0,0,0,1,0,0.223507243,0.002628959399,0.223507243,0.002628959399,0.239442755,0.002677624454,0.239442755,0.002677624454,0.2277852627,0.002427036544,0.2277852627,0.002427036544,1,0,1,0,1,0,1,0,0.2588505476,0.00275803505,0,0,0,0,0,0,0,0,0,0
0,top1,1000,1000,1000,5,33964,0,38596,0,33964,0,1,0,0,0,1,0,0.223507243,0.002628959399,0.223507243,0.002628959399,0.239442755,0.002677624454,0.239442755,0.002677624454,0.2277852627,0.002427036544,0.2277852627,0.002427036544,1,0,1,0,1,0,1,0,0.2588505476,0.00275803505,0,0,0,0,0,0,0,0,0,0
0,top1,2000,2000,2000,5,33964,0,38596,0,33964,0,1,0,0,0,1,0,0.223507243,0.002628959399,0.223507243,0.002628959399,0.239442755,0.002677624454,0.239442755,0.002677624454,0.2277852627,0.002427036544,0.2277852627,0.002427036544,1,0,1,0,1,0,1,0,0.2588505476,0.00275803505,0,0,0,0,0,0,0,0,0,0
0,top1,3000,3000,3000,5,33964,0,38596,0,33964,0,1,0,0,0,1,0,0.223507243,0.002628959399,0.223507243,0.002628959399,0.239442755,0.002677624454,0.239442755,0.002677624454,0.2277852627,0.002427036544,0.2277852627,0.002427036544,1,0,1,0,1,0,1,0,0.2588505476,0.00275803505,0,0,0,0,0,0,0,0,0,0
0,top1,4000,4000,4000,5,33964,0,38596,0,33964,0,1,0,0,0,1,0,0.223507243,0.002628959399,0.223507243,0.002628959399,0.239442755,0.002677624454,0.239442755,0.002677624454,0.2277852627,0.002427036544,0.2277852627,0.002427036544,1,0,1,0,1,0,1,0,0.2588505476,0.00275803505,0,0,0,0,0,0,0,0,0,0
0,top1,5000,5000,5000,5,33964,0,38596,0,33964,0,1,0,0,0,1,0,0.223507243,0.002628959399,0.223507243,0.002628959399,0.239442755,0.002677624454,0.239442755,0.002677624454,0.2277852627,0.002427036544,0.2277852627,0.002427036544,1,0,1,0,1,0,1,0,0.2588505476,0.00275803505,0,0,0,0,0,0,0,0,0,0
0,top1,inf,inf,1000000000000,5,33964,0,38596,0,33964,0,1,0,0,0,1,0,0.223507243,0.002628959399,0.223507243,0.002628959399,0.239442755,0.002677624454,0.239442755,0.002677624454,0.2277852627,0.002427036544,0.2277852627,0.002427036544,1,0,1,0,1,0,1,0,0.2588505476,0.00275803505,0,0,0,0,0,0,0,0,0,0
0.1,static,1,1,1,5,33964,0,38596,0,1175.2,50.94801272,0.0346013426,0.00150005926,0.9653986574,0.00150005926,0.03963623173,0.002480913279,0.529995051,0.01763778422,0.01833117418,0.000810242736,0.592706378,0.0124924487,0.02050138055,0.000779055467,0.5186816153,0.01716198547,0.02053062494,0.0008028994616,0.0346013426,0.00150005926,1,0,1,0,1,0,0.6743728272,0.004542248685,0,0,2701.177747,105.7762454,0.9999871814,5.860768605e-07,0.8021375574,0.004359215881,-0.2904736806,0.02115780077
0.1,static,10,10,10,5,33964,0,38596,0,4968,126.6826744,0.1462725238,0.003729910329,0.8537274762,0.003729910329,0.1607835009,0.005747209447,0.6041254708,0.01271137951,0.08834648451,0.002019644015,0.6511904106,0.01248234122,0.09523533843,0.00235260545,0.6075531587,0.01770297932,0.09763187895,0.002781880392,0.5612413143,0.01580515536,3.836790733,0.02248722331,3,0,8.04,0.0894427191,0.5562753645,0.007794779611,0,0,2700.651107,105.7658693,0.9997920965,5.848771663e-06,0.7321222471,0.004956454567,-0.2163432608,0.01656658132
0.1,static,50,50,50,5,33964,0,38596,0,9629.4,156.0458266,0.2835178424,0.004594447845,0.7164821576,0.004594447845,0.305098974,0.005332861227,0.6445831722,0.007126619202,0.1827582146,0.004006101184,0.6863317889,0.006862236352,0.1945976231,0.004306138777,0.6574206966,0.01072848838,0.200580371,0.004855047976,4.241137675,0.1675929351,14.95686663,0.4645772474,9.8,0.8366600265,38.2,0.8366600265,0.4394096256,0.00235031958,0,0,2696.971211,105.9201951,0.998426243,0.0001210184683,0.637710517,0.007645969175,-0.1758855594,0.01102321673
0.1,static,100,100,100,5,33964,0,38596,0,12070.8,245.1422036,0.3553998351,0.007217707091,0.6446001649,0.007217707091,0.3804072961,0.006748730206,0.6603979573,0.008025411868,0.2347367801,0.007061844713,0.6996073114,0.007017817227,0.2486714043,0.007174153703,0.6744050332,0.01035741841,0.2565913566,0.008008832016,9.510222589,0.5782770856,26.74463592,1.14868957,16.2,1.643167673,72.2,1.788854382,0.3997269577,0.003973289229,0,0,2691.702126,106.3491022,0.9964679866,0.0003628939829,0.5857319515,0.011048135,-0.1600707743,0.01135662783
0.1,static,250,250,250,5,33964,0,38596,0,15653,523.8668724,0.4608703333,0.01542418067,0.5391296667,0.01542418067,0.4925536325,0.01444901049,0.6789061204,0.005970479664,0.3129490048,0.01292870288,0.7165832309,0.00491633262,0.3303077307,0.01322835658,0.692896623,0.0085196511,0.3413773448,0.013993083,26.67006831,1.855490452,57.81748205,2.116422102,29.4,3.286335345,165.8,2.167948339,0.359333839,0.006120292414,0,0,2674.54228,107.5971267,0.9900923598,0.001106882327,0.5075197268,0.01687343246,-0.1415626112,0.00939776767
0.1,static,500,500,500,5,33964,0,38596,0,17841.2,601.9623742,0.5252973737,0.01772354182,0.4747026263,0.01772354182,0.5583221059,0.01714433433,0.6917323454,0.00483251892,0.3634142033,0.01423611039,0.7277120298,0.003887063944,0.3823103039,0.01466140251,0.7053634866,0.006935646988,0.3939061043,0.01577119227,49.61846661,2.836522199,94.4091429,2.585233948,41.2,3.962322551,280.4,6.985699679,0.3382865974,0.006321182515,0,0,2651.593882,108.4329418,0.9815759717,0.001806204497,0.4570545283,0.01805911687,-0.1287363862,0.007763926726
0.1,static,1000,1000,1000,5,33964,0,38596,0,19586,580.8928473,0.5766694147,0.01710319301,0.4233305853,0.01710319301,0.6075655508,0.01615462871,0.7040099586,0.003065839118,0.4060122483,0.01343878138,0.7378160065,0.002335268949,0.4255040777,0.01384848302,0.7162837138,0.005229391508,0.4352523578,0.01463873096,86.36333176,2.819759967,149.7776249,3.176276053,52.8,4.438468204,464.2,16.08415369,0.3239577735,0.005449828974,0,0,2614.849017,107.8865562,0.9679626012,0.002202263996,0.4144564833,0.01723237931,-0.116458773,0.006177982387
0.1,static,2000,2000,2000,5,33964,0,38596,0,20982.2,515.9943798,0.6177776469,0.01519239135,0.3822223531,0.01519239135,0.6471655094,0.0141062936,0.7150146557,0.002150926716,0.4417324226,0.01155816335,0.7471296596,0.001334850385,0.4615713843,0.01195256604,0.7262253062,0.00386210045,0.4700279822,0.01261206621,145.0881345,1.572137563,234.9871413,7.098650647,65,3.872983346,748.44,42.82689575,0.3146972305,0.005004172952,0,0,2556.124214,105.0990446,0.9462283963,0.001962205446,0.378736309,0.01535973001,-0.1054540759,0.004930532468
0.1,static,3000,3000,3000,5,33964,0,38596,0,21236,526.6521622,0.625250265,0.01550618779,0.374749735,0.01550618779,0.6543061457,0.01432270337,0.7166609601,0.001964153897,0.4481038747,0.01174914592,0.748493226,0.001197267884,0.4680061387,0.0121602352,0.727701059,0.003746980867,0.4761788786,0.01275676053,162.0806619,1.204073106,259.3472589,6.461646814,67.8,3.701351105,819.56,44.42148129,0.3135592812,0.005135338837,0,0,2539.131686,105.8664981,0.9399202617,0.002497215489,0.3723648569,0.01556126904,-0.1038077715,0.004814522095
0.1,static,4000,4000,4000,5,33964,0,38596,0,21487.2,505.0165344,0.6326463314,0.01486917131,0.3673536686,0.01486917131,0.6613068712,0.01377531556,0.7194585229,0.001860618693,0.4551701802,0.01115093956,0.7509440046,0.001080786464,0.4750891285,0.01156576308,0.73015146,0.003558369975,0.4828894186,0.01224517706,189.6928513,3.104370821,300.0365068,10.89611768,70,3.464101615,901.94,56.88820616,0.3119342307,0.004814415357,0,0,2511.519497,103.5034548,0.9297145925,0.002049948829,0.3652985514,0.01499341046,-0.1010102087,0.004565601985
0.1,static,5000,5000,5000,5,33964,0,38596,0,22127.6,492.1273209,0.6515015899,0.01448967498,0.3484984101,0.01448967498,0.6791014613,0.01347240795,0.7265457603,0.001902074859,0.4733482511,0.01074240489,0.7572299241,0.001064266929,0.4933388439,0.01112633392,0.7363448857,0.003207551772,0.5000829101,0.01188434087,274.5074962,5.380029997,421.6136263,16.00465485,76.4,3.646916506,1164.62,76.22481223,0.3080064937,0.004521721312,0,0,2426.704852,101.8496914,0.8982969844,0.002822633752,0.3471204805,0.01456517551,-0.09392297125,0.004179285927
0.1,static,inf,inf,1000000000000,5,33964,0,38596,0,33964,0,1,0,0,0,1,0,0.8204687316,0.00405643148,0.8204687316,0.00405643148,0.8405402925,0.003480338154,0.8405402925,0.003480338154,0.8197637061,0.002025960968,0.8197637061,0.002025960968,2701.212348,105.7768876,2701.212348,105.7768876,383.6,64.14573252,7128,0,0.2581144741,0.003122173516,0.2061064657,0.01167668528,0,0,0,0,0,0,0,0
0.1,rolling,1,1,1,5,33964,0,38596,0,387.2,51.63041739,0.01140030621,0.00152015126,0.9885996938,0.00152015126,0.01378899368,0.002749659775,0.5208449054,0.03979371468,0.005894476505,0.0004329213585,0.597192319,0.03697324122,0.006769880527,0.0005904818506,0.5152100751,0.05337600836,0.007000725464,0.0008301937954,0.01140030621,0.00152015126,1,0,1,0,1,0,0.6999159686,0.03877268821,0,0,3810.914403,124.6507808,0.9999970038,4.349170955e-07,0.8921622895,0.002621546168,-0.3772118606,0.0394117315
0.1,rolling,10,10,10,5,33964,0,38596,0,2562.6,122.0934069,0.07545047698,0.003594788802,0.924549523,0.003594788802,0.08506580993,0.005786577784,0.6572567071,0.01538332263,0.04956424449,0.001905233488,0.711307516,0.01449364122,0.05364612072,0.002155021973,0.6638556156,0.01922051214,0.05642035444,0.003158272297,0.319291014,0.02450424444,4.228414727,0.1743308563,3.4,0.5477225575,8.6,0.5477225575,0.6441524867,0.01419688631,0,0,3810.606513,124.640266,0.999916217,5.720917544e-06,0.8484925215,0.002376448343,-0.2408000589,0.017600841
0.1,rolling,50,50,50,5,33964,0,38596,0,5609.6,123.9185216,0.1651631139,0.003648525545,0.8348368861,0.003648525545,0.1840242512,0.005148241656,0.7021605323,0.01097654633,0.1159698504,0.003065347978,0.749312944,0.008560399058,0.1237583595,0.00303500532,0.7188820267,0.01334583594,0.1322624106,0.003116430526,2.820362737,0.1279525037,17.07308457,0.5732373729,12.6,0.894427191,40.8,0.8366600265,0.5126796294,0.01356748273,0,0,3808.105441,124.706104,0.9992588742,5.034642888e-05,0.7820869156,0.004387610526,-0.1958962337,0.01314891083
0.1,rolling,100,100,100,5,33964,0,38596,0,7532.8,36.3964284,0.2217877753,0.001071617842,0.7782122247,0.001071617842,0.2456109441,0.002038183972,0.723717128,0.005801412561,0.1605111294,0.001437527215,0.7676447597,0.004450570501,0.1702531869,0.001101347566,0.7428144709,0.009455549646,0.1824334128,0.001775258599,6.945854434,0.1364712424,31.31941694,0.7053630109,22.8,1.303840481,77.2,1.923538406,0.4633776923,0.008175450546,0,0,3803.979949,124.7191459,0.9981752959,8.530568984e-05,0.7375456366,0.003512729019,-0.174339638,0.008029035764
0.1,rolling,250,250,250,5,33964,0,38596,0,10094.4,205.061698,0.2972088093,0.006037619186,0.7027911907,0.006037619186,0.325536325,0.005872517515,0.7484332354,0.00639788675,0.2224708515,0.00639217,0.7880128232,0.005383234439,0.2342293577,0.006325620925,0.766913299,0.008980092803,0.2496994507,0.007419546127,19.30296785,1.03546038,64.91621307,2.264079183,41,2.828427125,174.06,3.964593296,0.4164706936,0.005457154508,0,0,3791.622836,125.6407761,0.9949233732,0.0004451916379,0.6755859145,0.008346400883,-0.1496235306,0.008192268217
0.1,rolling,500,500,500,5,33964,0,38596,0,12040.8,297.3460946,0.3545165469,0.0087547431,0.6454834531,0.0087547431,0.3888434035,0.007495470463,0.7581155998,0.006651895744,0.2688081498,0.008935420414,0.7970292612,0.005075128756,0.2825947698,0.008787718477,0.7771497201,0.008094579059,0.3022333921,0.008840410513,40.0068131,2.216274267,112.7871913,3.563637516,58.8,3.492849839,326,9.055385138,0.3850426327,0.004949520299,0,0,3770.918991,126.4577141,0.9894799473,0.0009183788586,0.6292486162,0.0109106731,-0.1399411662,0.008441182487
0.1,rolling,1000,1000,1000,5,33964,0,38596,0,13876.6,546.2602859,0.4085678954,0.0160835086,0.5914321046,0.0160835086,0.4471136905,0.01532227805,0.770622238,0.006322912831,0.3149275704,0.01492105608,0.8077657592,0.004989694867,0.3300884092,0.0150229921,0.789314063,0.008027707816,0.3530106747,0.01577734169,78.66947945,7.448144305,192.2298603,10.35250463,81.9,8.720665112,585.62,33.96515862,0.361104241,0.006916194739,0,0,3732.256324,132.0414302,0.9792863647,0.002710058126,0.5831291956,0.01696485214,-0.127434528,0.008099753393
0.1,rolling,2000,2000,2000,5,33964,0,38596,0,15449.4,645.7513453,0.4548757508,0.01901281785,0.5451242492,0.01901281785,0.4925380868,0.01832744952,0.7831933122,0.006593558556,0.3563478978,0.01776999099,0.817592807,0.005214778069,0.371977987,0.01787447707,0.7997416687,0.008087619661,0.3940201057,0.01871139722,145.3195442,11.3716678,319.1082083,12.06229137,107.2,11.92476415,1010.84,30.69622127,0.3443602281,0.005913775608,0,0,3665.60626,135.8369924,0.9617553146,0.004323141321,0.5417088682,0.01980824609,-0.1148634538,0.008305427885
0.1,rolling,3000,3000,3000,5,33964,0,38596,0,15725.8,680.6641609,0.4630137793,0.02004075377,0.5369862207,0.02004075377,0.5003834594,0.01933542834,0.7851720407,0.006364783667,0.3636379696,0.01852492809,0.8190939255,0.005025135865,0.379326454,0.0186621949,0.801364432,0.007848907733,0.4011089232,0.01948343126,163.5956248,13.75619139,352.8628941,14.88731492,112.8,12.79453008,1127.64,39.93930395,0.3421097549,0.005909100378,0,0,3647.330179,138.1501677,0.956939208,0.005115955582,0.5344187964,0.02055506274,-0.1128847253,0.008024461504
0.1,rolling,4000,4000,4000,5,33964,0,38596,0,16070.4,635.455978,0.4731598163,0.01870969197,0.5268401837,0.01870969197,0.5101305835,0.01807524268,0.7890010927,0.005514450359,0.3733953598,0.01713192032,0.8222497177,0.004282080393,0.3891123057,0.01725326226,0.8045283102,0.007040019111,0.4105140429,0.01815776676,201.4956954,11.20577098,425.7863009,14.61909932,119.8,12.21474519,1297.04,51.13885998,0.3386172587,0.005670112539,0,0,3609.430108,133.32513,0.947021003,0.004460702705,0.5246614062,0.01915254281,-0.1090556733,0.007077325568
0.1,rolling,5000,5000,5000,5,33964,0,38596,0,16899.8,636.8557136,0.4975797904,0.0187509043,0.5024202096,0.0187509043,0.533454244,0.01811866554,0.7975975519,0.005116495639,0.3969320457,0.01715508736,0.8293531954,0.003939121501,0.4127186732,0.01724740017,0.8115767261,0.006371878654,0.4330293295,0.01810512794,311.2221293,15.62961553,625.5944301,24.80082955,138.2,11.90378091,1794.72,98.0461728,0.3316364064,0.006006923764,0,0,3499.703674,133.3143393,0.9182074322,0.005969928885,0.5011247203,0.01905047382,-0.100459214,0.00641724251
0.1,rolling,inf,inf,1000000000000,5,33964,0,38596,0,33964,0,1,0,0,0,1,0,0.898056766,0.002284305378,0.898056766,0.002284305378,0.9139248523,0.002011206885,0.9139248523,0.002011206885,0.898388434,0.0005756907692,0.898388434,0.0005756907692,3810.925804,124.6505121,3810.925804,124.6505121,5048.9,780.770725,7128,0,0.2581144741,0.003122173516,0.3084442351,0.01825933518,0,0,0,0,0,0,0,0
0.1,weighted,1,1,1,5,33964,0,38596,0,398.6,50.98333061,0.01173595572,0.001501099123,0.9882640443,0.001501099123,0.01420872629,0.002791888857,0.5235102653,0.03818803148,0.006100577082,0.0003935894457,0.5992352756,0.03478004137,0.006994137584,0.0005506278753,0.5159132431,0.05180049721,0.007223546482,0.0007999258273,0.01173595572,0.001501099123,1,0,1,0,1,0,0.7015097768,0.03579414862,0,0,3792.048875,125.6997722,0.9999969006,4.301413675e-07,0.8908491344,0.002573555459,-0.3734394461,0.03757944596
0.1,weighted,10,10,10,5,33964,0,38596,0,2591.4,126.8554295,0.07629843364,0.003734996747,0.9237015664,0.003734996747,0.08597782154,0.005956479453,0.656215209,0.01586165787,0.05004122012,0.002008453096,0.7103061235,0.01459556209,0.05417216791,0.002250147256,0.66265258,0.01920064521,0.05691781532,0.003185088827,0.3219291014,0.02395255972,4.216303778,0.1593228256,3.4,0.5477225575,8.6,0.5477225575,0.6426414162,0.01473042362,0,0,3791.738682,125.6900877,0.9999150976,5.6892982e-06,0.8469084913,0.002644510353,-0.2407345025,0.01813357554
0.1,weighted,50,50,50,5,33964,0,38596,0,5667.4,124.4278908,0.1668649158,0.00366352287,0.8331350842,0.00366352287,0.1857912737,0.005225404098,0.7018188684,0.01062391783,0.1171063479,0.002979532384,0.7489682538,0.008180028199,0.1249747455,0.002955541526,0.7185294131,0.01297395626,0.1334646077,0.002993261444,2.846519845,0.1274785383,17.05603082,0.574810353,12.6,0.894427191,40.8,0.8366600265,0.5117568487,0.01363013269,0,0,3789.214091,125.7486289,0.9992483065,5.005590732e-05,0.7798433636,0.004452050918,-0.1951308431,0.01289918834
0.1,weighted,100,100,100,5,33964,0,38596,0,7596.8,36.2381015,0.2236721234,0.001066956233,0.7763278766,0.001066956233,0.2476059695,0.002081528091,0.7229139069,0.005697611746,0.1616947356,0.001355558822,0.7668801216,0.004476092603,0.1715282624,0.001027972567,0.7420207305,0.009435534995,0.1837185201,0.001771662617,6.983576728,0.1398902652,31.22428006,0.7171987122,22.8,1.303840481,77.2,1.923538406,0.4624489708,0.00834612478,0,0,3785.077035,125.7712012,0.9981561886,8.788146957e-05,0.7352549759,0.003562680854,-0.1740358045,0.007970739218
0.1,weighted,250,250,250,5,33964,0,38596,0,10166.6,213.5083137,0.2993345896,0.006286312379,0.7006654104,0.006286312379,0.3276712613,0.006166071973,0.7473503065,0.005916285272,0.2237368979,0.006457709945,0.7869109503,0.00494665576,0.2355738205,0.006410636708,0.7657755048,0.00860814299,0.2509638304,0.007523941409,19.3933459,1.082351054,64.75441754,2.349174561,40.4,2.50998008,174.6,3.911521443,0.4156612043,0.00572239019,0,0,3772.667265,126.7400081,0.9948736839,0.0004639748671,0.6732128136,0.008530377234,-0.149599405,0.007890244264
0.1,weighted,500,500,500,5,33964,0,38596,0,12125,300.4554876,0.3569956424,0.008846292767,0.6430043576,0.008846292767,0.3914498912,0.007618220056,0.7569979648,0.006215300958,0.2702861854,0.008859634437,0.7959907232,0.004799666566,0.2841985127,0.008772091634,0.7760016879,0.007706431613,0.3038086848,0.008820500672,40.21543399,2.247797111,112.5875497,3.621637429,58.4,3.361547263,325.2,8.408329204,0.3840348265,0.005016729791,0,0,3751.845177,127.5029789,0.9893721435,0.0009350890188,0.6266635261,0.01097682779,-0.1399517466,0.008181292345
0.1,weighted,1000,1000,1000,5,33964,0,38596,0,13967.2,565.2151803,0.4112354257,0.0166415964,0.5887645743,0.0166415964,0.4498289978,0.01584027479,0.7696501668,0.006014030654,0.3165822636,0.01522704751,0.8068507837,0.004663346542,0.3318654168,0.01535574031,0.7882939427,0.007725491764,0.354694787,0.01606356291,79.01082911,7.792715205,191.7876111,10.87179182,81.2,9.011104261,584.8,34.12770136,0.3603751927,0.0068724034,0,0,3713.049782,133.3784866,0.9790899468,0.002827213122,0.5803674479,0.01740556672,-0.1272995447,0.007960157326
0.1,weighted,2000,2000,2000,5,33964,0,38596,0,15537,653.2782715,0.4574549523,0.01923443268,0.5425450477,0.01923443268,0.4950046637,0.01854141214,0.7821552677,0.006345525804,0.3578907078,0.01782731212,0.8165537263,0.004963621975,0.3736093221,0.01795182806,0.7986402085,0.00779867106,0.3954451238,0.01874827772,145.5477977,11.34016313,317.8108797,11.82898604,106.7,11.58447237,1004.8,30.36684047,0.3438918844,0.006007794817,0,0,3646.512814,136.8702365,0.9615029581,0.004356146448,0.5390590037,0.01997076415,-0.1147944437,0.008190016578
0.1,weighted,3000,3000,3000,5,33964,0,38596,0,15820.6,685.8617208,0.46580497,0.02019378521,0.53419503,0.02019378521,0.5030365841,0.01944454465,0.7841064791,0.005932668808,0.3653279943,0.01845326696,0.8180022171,0.004574254332,0.3810991152,0.01860166029,0.8002292825,0.00738923359,0.4026583066,0.01934857006,164.2516547,13.82383574,352.1651411,15.30815989,112.2,12.6964562,1128.74,41.88589261,0.3414643542,0.005997311432,0,0,3627.808957,139.0496524,0.9565508536,0.005158245786,0.5316217171,0.02059407872,-0.1128432324,0.007745826672
0.1,weighted,4000,4000,4000,5,33964,0,38596,0,16170,647.6387882,0.4760923331,0.01906838971,0.5239076669,0.01906838971,0.5129028915,0.01837476678,0.7879529955,0.005219134337,0.3752090449,0.01731622357,0.8211915319,0.003967233437,0.3910184416,0.01745091606,0.8034073648,0.006683686071,0.4121670639,0.01824165821,202.8227888,11.81405209,425.9179833,14.95317065,118.8,11.86170308,1300.44,55.63872752,0.3381606108,0.005872688585,0,0,3589.237822,135.0134872,0.9464006907,0.004688275128,0.5217406666,0.01942624537,-0.108996716,0.006942059227
0.1,weighted,5000,5000,5000,5,33964,0,38596,0,16992.4,637.0080847,0.5003062066,0.01875539055,0.4996937934,0.01875539055,0.5360400041,0.01807554907,0.7965663302,0.004692435879,0.3985867389,0.01700357929,0.8283128176,0.003523152207,0.4144560029,0.01711754873,0.810493834,0.005972284643,0.4345424396,0.0178836067,311.6849488,13.27621232,623.1796789,21.30100386,137.4,12.05404496,1789.36,99.38079794,0.3313618778,0.006089992377,0,0,3480.375662,133.431284,0.9176805995,0.005537222746,0.4983629726,0.01903340418,-0.1003833812,0.006219972388
0.1,weighted,inf,inf,1000000000000,5,33964,0,38596,0,33964,0,1,0,0,0,1,0,0.8969497115,0.002326830641,0.8969497115,0.002326830641,0.9129073043,0.00204082419,0.9129073043,0.00204082419,0.8972846927,0.000542738977,0.8972846927,0.000542738977,3792.060611,125.6995651,3792.060611,125.6995651,4924.9,819.6980694,7128,0,0.2581144741,0.003122173516,0.3065245554,0.01822299622,0,0,0,0,0,0,0,0
0.1,adaptive,1,1,1,5,33964,0,38596,0,398,51.59457336,0.01171828995,0.001519095906,0.98828171,0.001519095906,0.01419318064,0.002807043901,0.5227691773,0.03725296276,0.006082911318,0.0004061631905,0.5986182193,0.03400062493,0.00697647182,0.0005648483325,0.5153463372,0.0511335253,0.007208000829,0.0008124163166,0.01171828995,0.001519095906,1,0,1,0,1,0,0.701051656,0.03538324338,0,0,3792.446749,125.7336451,0.9999969056,4.349738864e-07,0.8909080203,0.002609847143,-0.3742217543,0.03661519184
0.1,adaptive,10,10,10,5,33964,0,38596,0,2589.6,125.7350389,0.07624543634,0.003702009153,0.9237545637,0.003702009153,0.08592082081,0.005924323737,0.6563569098,0.01571309648,0.05001766576,0.001987932685,0.7104099739,0.01450734862,0.05414272497,0.002227564363,0.6627247935,0.01914569548,0.05688672401,0.003166762976,0.3215993405,0.02368691718,4.21502181,0.1587427118,3.4,0.5477225575,8.64,0.4979959839,0.642772782,0.01464883493,0,0,3792.136868,125.7239803,0.9999151933,5.61594989e-06,0.8469732658,0.002630376922,-0.2406340218,0.01800576947
0.1,adaptive,50,50,50,5,33964,0,38596,0,5665.8,125.3223843,0.1668178071,0.003689859389,0.8331821929,0.003689859389,0.1857498186,0.005231759407,0.7018736426,0.01059543951,0.1170827935,0.003010502779,0.7490131046,0.008167748803,0.1249472654,0.002989633415,0.7186036182,0.01295296872,0.1334490621,0.003021009562,2.845730774,0.1277459774,17.05600442,0.5714767523,12.6,0.894427191,40.8,0.8366600265,0.511798417,0.01365700054,0,0,3789.612737,125.7845037,0.9992485791,5.036100598e-05,0.779908138,0.004488788338,-0.195117289,0.01288572609
0.1,adaptive,100,100,100,5,33964,0,38596,0,7595,36.97972417,0.2236191261,0.001088791785,0.7763808739,0.001088791785,0.2475541507,0.00206306355,0.7230321532,0.005683522342,0.1616829584,0.001375429688,0.7669915882,0.004494099116,0.1715125595,0.001048090285,0.7421328779,0.009454352504,0.1837081563,0.001807597616,6.982222353,0.1401338548,31.22561066,0.7168504787,22.8,1.303840481,77.2,1.923538406,0.462429073,0.008379688705,0,0,3785.476245,125.8072314,0.998156723,8.832757504e-05,0.7353079731,0.003595777385,-0.1739587783,0.007969677845
0.1,adaptive,250,250,250,5,33964,0,38596,0,10163.8,213.4085284,0.2992521493,0.006283374409,0.7007478507,0.006283374409,0.3275987149,0.006161078277,0.7474375901,0.005972356242,0.2237015664,0.006467884077,0.7870057825,0.004975117452,0.2355375075,0.006419424329,0.765865336,0.008631359134,0.250937921,0.007533660287,19.38386527,1.084710169,64.74046092,2.357670613,40.4,2.50998008,174.4,4.037325848,0.415656924,0.005634992212,0,0,3773.074603,126.7747906,0.9948767105,0.0004645388681,0.6732893652,0.008552923097,-0.1495533415,0.007934832939
0.1,adaptive,500,500,500,5,33964,0,38596,0,12124.2,300.7045061,0.3569720881,0.008853624606,0.6430279119,0.008853624606,0.3914239818,0.007644346139,0.7571149439,0.006228110182,0.2703097397,0.008850711209,0.7960962208,0.004767095264,0.2842171599,0.008763863923,0.7761074688,0.007689070828,0.3038294124,0.008807423479,40.22606878,2.243402209,112.6248403,3.601906377,58.4,3.361547263,325.2,8.408329204,0.3840607412,0.004959231685,0,0,3752.232399,127.5306936,0.9893704851,0.0009338420864,0.6266811919,0.0109797613,-0.1398759877,0.008189127283
0.1,adaptive,1000,1000,1000,5,33964,0,38596,0,13965.4,565.8597883,0.4111824285,0.01666057556,0.5888175715,0.01666057556,0.4497668152,0.01586594425,0.7697065037,0.006031778504,0.3165645978,0.01523943629,0.806902336,0.004671512373,0.3318438253,0.01536883231,0.7883451055,0.007731586211,0.3546688776,0.01608255574,79.00871511,7.79847243,191.8065778,10.87636111,81.2,9.011104261,584.66,34.08222411,0.3603936712,0.006891951835,0,0,3713.449753,133.4271801,0.9790925617,0.002829482973,0.5804263338,0.01742918323,-0.1272844279,0.007970832123
0.1,adaptive,2000,2000,2000,5,33964,0,38596,0,15533.8,654.1067956,0.4573607349,0.01925882686,0.5426392651,0.01925882686,0.4949217535,0.01856182614,0.782200734,0.006356398247,0.3578377105,0.01784194281,0.8165976138,0.00496975187,0.3735523991,0.01796826093,0.798690192,0.007804158453,0.3954036688,0.0187625445,145.4716288,11.37827005,317.7075384,11.91167701,106.6,11.56719499,1004.68,30.08275253,0.3439381319,0.006063101754,0,0,3646.986839,136.9366952,0.9615268175,0.004365975465,0.5391532211,0.01999688724,-0.1147901976,0.008195037208
0.1,adaptive,3000,3000,3000,5,33964,0,38596,0,15819,685.7670887,0.4657578613,0.02019099896,0.5342421387,0.02019099896,0.502995129,0.0194411196,0.7841866133,0.005951638269,0.3653279943,0.01844375158,0.8180771856,0.004584599932,0.3810951895,0.01859286133,0.8003060278,0.00738984631,0.4026634884,0.01934055733,164.2838712,13.80437667,352.2721717,15.28559416,112.2,12.6964562,1128.2,42.69309078,0.3414345783,0.005951060452,0,0,3628.174597,139.0595949,0.9565470296,0.005153359299,0.5316629372,0.02059370618,-0.1128043182,0.007747735876
0.1,adaptive,4000,4000,4000,5,33964,0,38596,0,16166.8,647.5806513,0.4759981157,0.01906667799,0.5240018843,0.01906667799,0.51278889,0.018350507,0.7879984763,0.005228807741,0.3751560476,0.01730490333,0.821235105,0.003976642312,0.3909615186,0.01744225625,0.8034454811,0.006670005646,0.4120945176,0.01821085245,202.6744141,11.69825784,425.6931859,14.66309103,118.8,11.86170308,1299.42,54.09012849,0.3382279838,0.005888014015,0,0,3589.784054,135.0239472,0.9464455027,0.004666786904,0.521834884,0.01942469461,-0.1089924553,0.006936535232
0.1,adaptive,5000,5000,5000,5,33964,0,38596,0,16992,637.221704,0.5002944294,0.01876168013,0.4997055706,0.01876168013,0.5360296404,0.01808092963,0.7966442036,0.004723700375,0.3986161818,0.01700665071,0.8283835413,0.003548663043,0.4144815201,0.0171206853,0.8105675597,0.005979095838,0.4345735309,0.01788742382,311.9130962,13.48482996,623.6486911,21.71801384,137.4,12.05404496,1791.32,100.9883508,0.3313820769,0.006113377993,0,0,3480.545372,133.4721935,0.9176291177,0.005570391648,0.4983747497,0.01904001624,-0.100346728,0.006224438312
0.1,adaptive,inf,inf,1000000000000,5,33964,0,38596,0,33964,0,1,0,0,0,1,0,0.8969909316,0.002350147905,0.8969909316,0.002350147905,0.9129445987,0.002057513599,0.9129445987,0.002057513599,0.8973261478,0.0005683560818,0.8973261478,0.0005683560818,3792.458468,125.7334322,3792.458468,125.7334322,4928.5,820.3526681,7128,0,0.2581144741,0.003122173516,0.3065716641,0.01824743372,0,0,0,0,0,0,0,0
0.1,top1,1,1,1,5,33964,0,38596,0,33964,0,1,0,0,0,1,0,0.2226769521,0.002484049007,0.2226769521,0.002484049007,0.2386091553,0.002803392168,0.2386091553,0.002803392168,0.2271375272,0.002747473865,0.2271375272,0.002747473865,1,0,1,0,1,0,1,0,0.2581144741,0.003122173516,0,0,0,0,0,0,0,0,0,0
0.1,top1,10,10,10,5,33964,0,38596,0,33964,0,1,0,0,0,1,0,0.2226769521,0.002484049007,0.2226769521,0.002484049007,0.2386091553,0.002803392168,0.2386091553,0.002803392168,0.2271375272,0.002747473865,0.2271375272,0.002747473865,1,0,1,0,1,0,1,0,0.2581144741,0.003122173516,0,0,0,0,0,0,0,0,0,0
0.1,top1,50,50,50,5,33964,0,38596,0,33964,0,1,0,0,0,1,0,0.2226769521,0.002484049007,0.2226769521,0.002484049007,0.2386091553,0.002803392168,0.2386091553,0.002803392168,0.2271375272,0.002747473865,0.2271375272,0.002747473865,1,0,1,0,1,0,1,0,0.2581144741,0.003122173516,0,0,0,0,0,0,0,0,0,0
0.1,top1,100,100,100,5,33964,0,38596,0,33964,0,1,0,0,0,1,0,0.2226769521,0.002484049007,0.2226769521,0.002484049007,0.2386091553,0.002803392168,0.2386091553,0.002803392168,0.2271375272,0.002747473865,0.2271375272,0.002747473865,1,0,1,0,1,0,1,0,0.2581144741,0.003122173516,0,0,0,0,0,0,0,0,0,0
0.1,top1,250,250,250,5,33964,0,38596,0,33964,0,1,0,0,0,1,0,0.2226769521,0.002484049007,0.2226769521,0.002484049007,0.2386091553,0.002803392168,0.2386091553,0.002803392168,0.2271375272,0.002747473865,0.2271375272,0.002747473865,1,0,1,0,1,0,1,0,0.2581144741,0.003122173516,0,0,0,0,0,0,0,0,0,0
0.1,top1,500,500,500,5,33964,0,38596,0,33964,0,1,0,0,0,1,0,0.2226769521,0.002484049007,0.2226769521,0.002484049007,0.2386091553,0.002803392168,0.2386091553,0.002803392168,0.2271375272,0.002747473865,0.2271375272,0.002747473865,1,0,1,0,1,0,1,0,0.2581144741,0.003122173516,0,0,0,0,0,0,0,0,0,0
0.1,top1,1000,1000,1000,5,33964,0,38596,0,33964,0,1,0,0,0,1,0,0.2226769521,0.002484049007,0.2226769521,0.002484049007,0.2386091553,0.002803392168,0.2386091553,0.002803392168,0.2271375272,0.002747473865,0.2271375272,0.002747473865,1,0,1,0,1,0,1,0,0.2581144741,0.003122173516,0,0,0,0,0,0,0,0,0,0
0.1,top1,2000,2000,2000,5,33964,0,38596,0,33964,0,1,0,0,0,1,0,0.2226769521,0.002484049007,0.2226769521,0.002484049007,0.2386091553,0.002803392168,0.2386091553,0.002803392168,0.2271375272,0.002747473865,0.2271375272,0.002747473865,1,0,1,0,1,0,1,0,0.2581144741,0.003122173516,0,0,0,0,0,0,0,0,0,0
0.1,top1,3000,3000,3000,5,33964,0,38596,0,33964,0,1,0,0,0,1,0,0.2226769521,0.002484049007,0.2226769521,0.002484049007,0.2386091553,0.002803392168,0.2386091553,0.002803392168,0.2271375272,0.002747473865,0.2271375272,0.002747473865,1,0,1,0,1,0,1,0,0.2581144741,0.003122173516,0,0,0,0,0,0,0,0,0,0
0.1,top1,4000,4000,4000,5,33964,0,38596,0,33964,0,1,0,0,0,1,0,0.2226769521,0.002484049007,0.2226769521,0.002484049007,0.2386091553,0.002803392168,0.2386091553,0.002803392168,0.2271375272,0.002747473865,0.2271375272,0.002747473865,1,0,1,0,1,0,1,0,0.2581144741,0.003122173516,0,0,0,0,0,0,0,0,0,0
0.1,top1,5000,5000,5000,5,33964,0,38596,0,33964,0,1,0,0,0,1,0,0.2226769521,0.002484049007,0.2226769521,0.002484049007,0.2386091553,0.002803392168,0.2386091553,0.002803392168,0.2271375272,0.002747473865,0.2271375272,0.002747473865,1,0,1,0,1,0,1,0,0.2581144741,0.003122173516,0,0,0,0,0,0,0,0,0,0
0.1,top1,inf,inf,1000000000000,5,33964,0,38596,0,33964,0,1,0,0,0,1,0,0.2226769521,0.002484049007,0.2226769521,0.002484049007,0.2386091553,0.002803392168,0.2386091553,0.002803392168,0.2271375272,0.002747473865,0.2271375272,0.002747473865,1,0,1,0,1,0,1,0,0.2581144741,0.003122173516,0,0,0,0,0,0,0,0,0,0
0.2,static,1,1,1,5,33964,0,38596,0,1260,97.96683112,0.03709810387,0.00288443149,0.9629018961,0.00288443149,0.04237744844,0.005389458445,0.5315090703,0.02312821134,0.01970910376,0.001599784229,0.5935774482,0.02055855561,0.02202027637,0.001852030031,0.5221531793,0.03312288319,0.02202818945,0.002070031376,0.03709810387,0.00288443149,1,0,1,0,1,0,0.6741777932,0.01655497051,0,0,2793.193852,149.7766552,0.9999866758,1.391803954e-06,0.7997880108,0.008717223585,-0.2879880443,0.02744474962
0.2,static,10,10,10,5,33964,0,38596,0,5083,155.826827,0.1496584619,0.004587999852,0.8503415381,0.004587999852,0.1659550212,0.005191054431,0.5927279323,0.01206561623,0.08871157696,0.003418171854,0.6412225178,0.01180025373,0.09596964947,0.003602569482,0.5950320314,0.01340288761,0.09875634781,0.004029085695,0.5714226828,0.02998141012,3.816234256,0.09177731689,3,0,8,0,0.5580135986,0.007936627082,0,0,2792.659528,149.7635525,0.9997951464,1.19037663e-05,0.7307855376,0.007822590665,-0.2267691823,0.01743094675
0.2,static,50,50,50,5,33964,0,38596,0,9600.6,158.9899368,0.2826698858,0.004681131103,0.7173301142,0.004681131103,0.3057363457,0.004309010076,0.6339640364,0.007145250573,0.1792191732,0.004502122963,0.6769408276,0.007291804287,0.1913691224,0.004795695131,0.64548154,0.007851402914,0.197362421,0.004576134758,4.127994347,0.1901417714,14.59968656,0.5023294404,9.2,0.8366600265,37.4,0.894427191,0.4396677223,0.004515860035,0,0,2789.102956,149.9463372,0.9985162668,0.0001409896678,0.6402779413,0.01201787076,-0.1855330782,0.01461584149
0.2,static,100,100,100,5,33964,0,38596,0,11963.4,319.8535602,0.3522376634,0.00941742905,0.6477623366,0.00941742905,0.3784070888,0.008847185131,0.6486817903,0.006299726541,0.2285184313,0.007638431474,0.6888568571,0.005686125842,0.2426714397,0.008019746703,0.6607107272,0.007387599099,0.2500518188,0.007953622454,9.222388411,0.5655081988,26.16414407,0.9552455459,15.2,1.788854382,72,0.7071067812,0.4007480672,0.005417894619,0,0,2784.008562,150.3060291,0.9966829414,0.0003669230154,0.5909786833,0.015318112,-0.1708153243,0.01324182669
0.2,static,250,250,250,5,33964,0,38596,0,15309.8,708.8481502,0.4507655164,0.02087057326,0.5492344836,0.02087057326,0.4838428853,0.02010752668,0.6675293211,0.004337266482,0.3009598398,0.01558532187,0.7065425232,0.003880009549,0.318541343,0.01628002481,0.6805643999,0.005736987543,0.3293657374,0.01610500703,25.20853256,2.51918414,55.81466821,3.131121765,27.6,3.577708764,161,6.595452979,0.3617961932,0.008458082561,0,0,2768.022418,152.2571233,0.9909176209,0.0013568503,0.5185372748,0.02325397329,-0.1519677935,0.0116496007
0.2,static,500,500,500,5,33964,0,38596,0,17417.6,883.0126273,0.5128253445,0.02599848744,0.4871746555,0.02599848744,0.5460254949,0.02530771946,0.6820810095,0.003693425033,0.3498351195,0.01888000119,0.7187968426,0.003072712586,0.3686545348,0.01960146079,0.6943295128,0.00528286849,0.3791999171,0.01968970736,47.3995348,4.416791965,92.26976659,4.289261413,38,4.301162634,279.4,7.436396977,0.3411268662,0.008105590358,0,0,2745.831416,154.130348,0.982927701,0.002412179511,0.4696619951,0.02651242788,-0.1374161051,0.01022995434
0.2,static,1000,1000,1000,5,33964,0,38596,0,19106.6,849.1526953,0.5625544694,0.02500155151,0.4374455306,0.02500155151,0.5941911079,0.02378617183,0.6952998727,0.002183393151,0.3911553409,0.0177082993,0.7299217757,0.001648992741,0.4106276557,0.01844151464,0.7063090136,0.003401058703,0.419722251,0.01804819075,82.89281003,3.977298369,147.3610316,3.328331335,50,4.847679857,463.6,21.7324642,0.3269572818,0.007360117752,0,0,2710.33814,153.1934236,0.9702073527,0.002795911763,0.4283417736,0.0252970406,-0.1241972419,0.00826356696
0.2,static,2000,2000,2000,5,33964,0,38596,0,20508.8,776.9875803,0.6038393593,0.02287679838,0.3961606407,0.02287679838,0.6337755208,0.02199123341,0.7074345499,0.002684344794,0.4271405017,0.01504177801,0.7402574536,0.002330785634,0.4469624023,0.01584662623,0.7171809842,0.002354856327,0.4545289667,0.01572285607,141.8893358,2.363125449,235.2186136,8.685143452,61.6,4.827007354,757.02,64.99924615,0.316646175,0.005938301885,0,0,2651.341615,150.3962484,0.9490808859,0.002924894686,0.3923566129,0.0226045568,-0.1120625647,0.00564591265
0.2,static,3000,3000,3000,5,33964,0,38596,0,20830.4,660.219509,0.6133082087,0.01943880311,0.3866917913,0.01943880311,0.642620997,0.01879778555,0.7099122586,0.003329629294,0.4353491933,0.01205528209,0.7423318252,0.002887807074,0.4552373405,0.01286266848,0.7193607038,0.002344068702,0.4622603379,0.01290908901,163.6306737,8.141142247,267.3382456,21.94293308,65,3.535533906,851.76,106.9943363,0.3145809151,0.004655551691,0,0,2629.600277,142.0928227,0.9414012327,0.001041787709,0.3841479213,0.01966360117,-0.109584856,0.004727976693
0.2,static,4000,4000,4000,5,33964,0,38596,0,21035.6,716.3028689,0.6193498999,0.02109006209,0.3806501001,0.02109006209,0.6484454348,0.02036318606,0.7122215253,0.002968558519,0.4410729007,0.01355837937,0.7443670443,0.002551208258,0.4609865651,0.01437730368,0.7214411048,0.002236810574,0.4678049539,0.01433921536,186.1434872,1.599615792,300.8861869,12.54207177,66.8,3.701351105,923.72,90.2817368,0.3133317403,0.005125716916,0,0,2607.087463,148.5462624,0.9332288894,0.003046634865,0.3784242139,0.02116071258,-0.1072755893,0.005223004803
0.2,static,5000,5000,5000,5,33964,0,38596,0,21650.8,712.6602978,0.6374631963,0.02098281409,0.3625368037,0.02098281409,0.6657995647,0.02000688321,0.719325337,0.003358188831,0.4584972324,0.01342029082,0.7506205261,0.002933596842,0.4784511355,0.01421916455,0.7277678788,0.002548986048,0.4845320759,0.0139984622,267.8535744,5.25587135,420.6364099,18.55400719,73,3.605551275,1189.02,108.1337228,0.3095645521,0.004837988118,0,0,2525.377376,147.7854409,0.9039254238,0.0044910065,0.3609998822,0.02096732177,-0.1001717776,0.004893892328
0.2,static,inf,inf,1000000000000,5,33964,0,38596,0,33964,0,1,0,0,0,1,0,0.8194971146,0.007717493777,0.8194971146,0.007717493777,0.8395491608,0.006881350628,0.8395491608,0.006881350628,0.8173696756,0.006301195609,0.8173696756,0.006301195609,2793.23095,149.7757031,2793.23095,149.7757031,459.4,157.3560453,7128,0,0.2559769167,0.002188206718,0.2187433753,0.02023397984,0,0,0,0,0,0,0,0
0.2,rolling,1,1,1,5,33964,0,38596,0,437.6,90.89169379,0.01288423036,0.002676118649,0.9871157696,0.002676118649,0.01580474661,0.004294208028,0.4970645016,0.03513148464,0.006430338005,0.001553599889,0.5745763012,0.0332861224,0.007445628705,0.001845921778,0.4933682911,0.03691462594,0.007762462431,0.002056055786,0.01288423036,0.002676118649,1,0,1,0,1,0,0.6786227707,0.04144864871,0,0,3943.007743,108.4836585,0.9999967216,7.258856889e-07,0.8932340125,0.003500516642,-0.4025998489,0.03642270265
0.2,rolling,10,10,10,5,33964,0,38596,0,2588.8,168.2162299,0.07622188199,0.004952780294,0.923778118,0.004952780294,0.08790548243,0.006888676203,0.6506064942,0.02385564367,0.04953480155,0.002520907169,0.7060385691,0.02059279458,0.05375982586,0.002598488398,0.650378756,0.03002966934,0.05705772619,0.003081718382,0.3185961606,0.03355296132,4.172995332,0.213208494,3.6,0.5477225575,8.8,0.4472135955,0.6467894797,0.01949597372,0,0,3942.702032,108.4534458,0.9999193077,6.621083233e-06,0.8501295489,0.002290444976,-0.2490578563,0.02539553789
0.2,rolling,50,50,50,5,33964,0,38596,0,5510,125.8411697,0.1622305971,0.003705133958,0.8377694029,0.003705133958,0.182246865,0.004202600679,0.6960901363,0.01158261831,0.1129254505,0.00312827596,0.743676087,0.01140246953,0.1206444614,0.003208877437,0.7077095598,0.0168346995,0.1289874598,0.004621277657,2.738075609,0.1327847736,16.87818872,0.7282243888,11.6,0.894427191,41.2,1.303840481,0.5192805888,0.005947307717,0,0,3940.282552,108.5640932,0.99930473,4.699971494e-05,0.7867389,0.004402108412,-0.2035742141,0.01355367532
0.2,rolling,100,100,100,5,33964,0,38596,0,7395.2,128.0613134,0.2177364268,0.003770501515,0.7822635732,0.003770501515,0.2427039071,0.003946005618,0.716141766,0.00996921419,0.1559533624,0.004566190823,0.7608157635,0.009891709256,0.1656789097,0.004650918877,0.7317247627,0.01395405712,0.1776298062,0.006000741527,6.761612295,0.4005959042,31.0409555,1.475835439,22.2,2.387467277,76.4,1.516575089,0.4659850711,0.004825031531,0,0,3936.259015,108.8269593,0.9982822726,0.0001406448946,0.7437109881,0.006550858871,-0.1835225845,0.01176128551
0.2,rolling,250,250,250,5,33964,0,38596,0,9743.2,116.761295,0.2868684489,0.003437795753,0.7131315511,0.003437795753,0.3158099285,0.00279281442,0.7400271347,0.008416964236,0.2123071487,0.004589482842,0.7806353968,0.007871160522,0.2239553901,0.004580307909,0.7552177047,0.01086684612,0.2385221266,0.005107508527,18.1688847,0.4788566597,63.33014252,1.185261305,39.5,2.958039892,173.66,2.455198566,0.4213246805,0.005522466522,0,0,3924.851743,108.8097546,0.9953876208,0.0002233829828,0.6873572017,0.006695974401,-0.1596372158,0.01018955647
0.2,rolling,500,500,500,5,33964,0,38596,0,11487.6,225.7671367,0.3382287128,0.006647248165,0.6617712872,0.006647248165,0.3737278474,0.006222485999,0.7505372071,0.007284848326,0.253886468,0.007190680785,0.7904226847,0.006444779786,0.267374837,0.007273769432,0.7672636338,0.008892739177,0.2867861955,0.007812891181,36.68299376,1.807202352,108.4072223,3.332989434,55,3.807886553,316,10.09950494,0.390649195,0.005177623663,0,0,3906.337634,109.9977032,0.9906829399,0.0006742410134,0.6457778825,0.009273787529,-0.1491271434,0.009248086323
0.2,rolling,1000,1000,1000,5,33964,0,38596,0,13242.8,430.8128364,0.3899069603,0.01268439631,0.6100930397,0.01268439631,0.4285832729,0.01244799504,0.7627696392,0.005482801526,0.2974620186,0.01168602846,0.8005907913,0.004935861749,0.3122049699,0.01200742863,0.7792640014,0.007134336471,0.3340501606,0.0126849306,73.86612295,6.35332275,189.183976,10.4979765,75,5.099019514,591.42,32.4489137,0.3662327815,0.007605873775,0,0,3869.154505,114.6732369,0.9812215357,0.002082501407,0.6022023319,0.01382168686,-0.1368947113,0.007510465961
0.2,rolling,2000,2000,2000,5,33964,0,38596,0,14799.8,544.5890194,0.4357496172,0.01603430159,0.5642503828,0.01603430159,0.4742563996,0.01587120259,0.7767256791,0.004323720624,0.338511365,0.01424243277,0.8117774602,0.003850397629,0.3537805644,0.01464121819,0.7913077319,0.00617181402,0.3753601409,0.01539386594,140.0467377,11.23206501,320.9801309,14.42835514,100.2,7.190271205,1034.52,31.18728908,0.3485373037,0.008841092326,0,0,3802.97389,119.6156958,0.9644001029,0.00376233758,0.5611529855,0.01637407348,-0.1229386714,0.006371846055
0.2,rolling,3000,3000,3000,5,33964,0,38596,0,15139.6,473.9006225,0.4457543281,0.0139530274,0.5542456719,0.0139530274,0.4838636128,0.01388292184,0.779963165,0.003594935281,0.3477093393,0.01237601316,0.8143538725,0.00316070896,0.3630362469,0.01272732071,0.7940111624,0.005448395542,0.3842522541,0.01358072134,162.6861442,8.174766291,364.8993796,11.97842094,107.8,6.379655163,1189.5,51.74582109,0.3450040047,0.007637101729,0,0,3780.334484,114.3949868,0.9586840517,0.00297605106,0.5519550112,0.01443774104,-0.1197011855,0.005475322936
0.2,rolling,4000,4000,4000,5,33964,0,38596,0,15405.2,546.2569908,0.4535743729,0.01608341158,0.5464256271,0.01608341158,0.4913980723,0.01594280152,0.7830247578,0.004154860034,0.3552114003,0.01438805996,0.8168907659,0.003687833395,0.3705677509,0.01476742439,0.7965571577,0.005988454748,0.39150171,0.01554827119,191.959304,14.95516676,422.7307999,19.09762245,113.8,8.043631021,1319.7,39.14038835,0.342464991,0.007958128038,0,0,3751.061324,122.7680327,0.9512096946,0.005016454644,0.5444529502,0.01650233295,-0.1166395927,0.006165346141
0.2,rolling,5000,5000,5000,5,33964,0,38596,0,16218,621.7543727,0.4775055942,0.01830627643,0.5224944058,0.01830627643,0.5143745466,0.01771230988,0.7923118533,0.00428672009,0.3783947709,0.01647536242,0.82460076,0.00382382456,0.3938070631,0.01686875169,0.8043481996,0.006005562542,0.413820085,0.01723723789,299.6805382,25.37539238,626.7565493,31.33583019,134,9.669539803,1825.84,73.75054576,0.3351965904,0.007775542145,0,0,3643.34009,132.3353007,0.9238230021,0.00828876073,0.5212695796,0.01859969709,-0.1073524972,0.006342335214
0.2,rolling,inf,inf,1000000000000,5,33964,0,38596,0,33964,0,1,0,0,0,1,0,0.8996643505,0.002172741323,0.8996643505,0.002172741323,0.9151796929,0.001718045386,0.9151796929,0.001718045386,0.898346979,0.000939301371,0.898346979,0.000939301371,3943.020628,108.4820295,3943.020628,108.4820295,5753.6,548.2387026,7128,0,0.2559769167,0.002188206718,0.3288717466,0.02743514376,0,0,0,0,0,0,0,0
0.2,weighted,1,1,1,5,33964,0,38596,0,445,92.09777413,0.01310210811,0.002711629199,0.9868978919,0.002711629199,0.01604829516,0.004349951764,0.497380809,0.03483304611,0.006542221175,0.001577383334,0.5749447568,0.03382789956,0.007576649786,0.001883397355,0.4942900695,0.03787654778,0.007897191419,0.002099014901,0.01310210811,0.002711629199,1,0,1,0,1,0,0.6788319225,0.04215005498,0,0,3925.473101,107.2220564,0.9999966517,7.368731519e-07,0.8921740667,0.003236675084,-0.4013354788,0.03589559962
0.2,weighted,10,10,10,5,33964,0,38596,0,2622.2,172.7634221,0.07720527617,0.005086662998,0.9227947238,0.005086662998,0.08907140636,0.00688994293,0.6499032191,0.02322382431,0.05012366035,0.002667845536,0.7053358704,0.02000627306,0.05440147164,0.002724994228,0.6494307099,0.02949965045,0.05773655301,0.003149812011,0.3227005064,0.03337194138,4.173243215,0.2004714413,3.6,0.5477225575,8.8,0.4472135955,0.6459778345,0.01954501299,0,0,3925.163503,107.1925989,0.9999178967,6.644252322e-06,0.8485926275,0.002313435768,-0.2488130688,0.02459009905
0.2,weighted,50,50,50,5,33964,0,38596,0,5569.6,138.8283112,0.1639853963,0.00408751358,0.8360146037,0.00408751358,0.184169344,0.004700485926,0.6950195769,0.01174703695,0.1139677305,0.00321935354,0.7425745277,0.01157003461,0.1217653962,0.003326948066,0.7067006496,0.01691525169,0.1301585657,0.004765206666,2.768342951,0.1307997794,16.88273548,0.700326355,11.6,0.894427191,41.2,0.8366600265,0.5183195527,0.005203399087,0,0,3922.71786,107.2976006,0.9992939436,4.658153915e-05,0.7847485573,0.004242563111,-0.2036967109,0.01354726318
0.2,weighted,100,100,100,5,33964,0,38596,0,7456.2,126.0186494,0.2195324461,0.003710359481,0.7804675539,0.003710359481,0.2446212043,0.003840087323,0.7145926099,0.01052474357,0.156901425,0.004694787276,0.759359522,0.01036740678,0.1667271204,0.004750026457,0.7303737737,0.01424220684,0.1787024562,0.006035933065,6.799299258,0.398999616,30.95995242,1.48826618,22.2,2.387467277,76.4,1.516575089,0.4648506389,0.004703331108,0,0,3918.686904,107.5662436,0.998265014,0.0001411334957,0.7418148628,0.006451699882,-0.1841236779,0.0122091408
0.2,weighted,250,250,250,5,33964,0,38596,0,9805.2,109.0719946,0.2886939112,0.003211400146,0.7113060888,0.003211400146,0.3177686807,0.002571997796,0.7391807296,0.008825801581,0.2134142033,0.004604531233,0.7798180111,0.008217939698,0.2251449269,0.004571035059,0.7543463467,0.01117658958,0.2397243238,0.005115834629,18.21175951,0.4799545755,63.07834711,1.228742274,39.4,2.966479395,173,3.16227766,0.42069664,0.004847758967,0,0,3907.274444,107.544371,0.9953561642,0.0002229744839,0.6853020846,0.006472847962,-0.1595355582,0.01047762849
0.2,weighted,500,500,500,5,33964,0,38596,0,11568.2,232.1964685,0.3406018137,0.006836546594,0.6593981863,0.006836546594,0.3761892424,0.00666299429,0.7496225182,0.007732466254,0.255358615,0.007465135256,0.7895497261,0.006853649606,0.2689562593,0.007569557591,0.7663503992,0.009301373049,0.2883355788,0.008299099268,36.92891297,1.99007978,108.3652803,3.776621402,54.6,3.847076812,316.4,12.66096363,0.3898724398,0.005398181102,0,0,3888.55729,108.8839816,0.9905779596,0.0007228032298,0.6433576728,0.00931225769,-0.1490937697,0.009482345264
0.2,weighted,1000,1000,1000,5,33964,0,38596,0,13321.4,423.3134772,0.3922211754,0.01246359313,0.6077788246,0.01246359313,0.4309151207,0.01236633605,0.7619071386,0.005988903241,0.2988929455,0.01171156719,0.7997852464,0.005374358873,0.3137452703,0.01200157188,0.7783562588,0.007595602374,0.3354803607,0.0128272489,74.04560122,6.283333359,188.5336466,10.4040415,74.6,5.412947441,587.6,31.22979347,0.3658984645,0.007649532966,0,0,3851.440602,113.3214941,0.9810927909,0.002070785533,0.5998233424,0.01359152234,-0.1368091492,0.007769676187
0.2,weighted,2000,2000,2000,5,33964,0,38596,0,14885.6,549.2629607,0.4382758215,0.01617191617,0.5617241785,0.01617191617,0.4767126127,0.01598760742,0.7757186103,0.005092119725,0.3400423978,0.01467250425,0.8107934575,0.004465377477,0.3554084085,0.01501363269,0.7902782679,0.006773976527,0.3768214323,0.01577503327,140.5381757,11.83948315,320.2140535,15.71524291,100.2,7.661592524,1032.42,37.95394578,0.3477686912,0.008848873176,0,0,3784.948027,118.8985264,0.9641135359,0.00392864167,0.55867389,0.01653591871,-0.1229976775,0.006869102918
0.2,weighted,3000,3000,3000,5,33964,0,38596,0,15225.2,467.7506815,0.4482746437,0.01377195505,0.5517253563,0.01377195505,0.4862369157,0.01372542114,0.778977916,0.004217735432,0.3492403722,0.01252693454,0.8133952879,0.003751368555,0.3646652687,0.0128450483,0.7929702141,0.005933245574,0.3856358172,0.01370949933,163.1857202,7.817008741,363.9738773,11.32811964,106.8,6.797058187,1187.82,47.88644902,0.3443966474,0.007382576765,0,0,3762.300483,112.8850477,0.9583740231,0.002898970624,0.5494759157,0.01433150925,-0.1197383718,0.005887203713
0.2,weighted,4000,4000,4000,5,33964,0,38596,0,15496.2,543.2004234,0.4562536804,0.01599341725,0.5437463196,0.01599341725,0.4940097419,0.01591597175,0.7822162447,0.004785931697,0.3569485337,0.01460731266,0.8160936684,0.004254342218,0.3723999289,0.01494981234,0.7956986286,0.006519121792,0.3931650948,0.01580268221,193.0497998,14.95906674,422.6329512,18.92550945,112.8,8.074651695,1318.42,38.65943611,0.3419727168,0.007843205773,0,0,3732.436403,121.6833597,0.9507136283,0.005048947024,0.5417677541,0.01645821609,-0.1165000431,0.006553002358
0.2,weighted,5000,5000,5000,5,33964,0,38596,0,16310.4,609.2776871,0.4802261218,0.01793892613,0.5197738782,0.01793892613,0.5169551249,0.01733937141,0.7915154839,0.004729064366,0.3801731245,0.0163971323,0.8238169195,0.004201874842,0.3956784984,0.01674769479,0.8034846239,0.006310284197,0.4154523785,0.01711139626,301.1070428,23.90214554,626.2637477,28.30730438,133.4,9.914635646,1822.1,66.24881131,0.3348093454,0.00765913888,0,0,3624.37916,129.9125409,0.923126427,0.007976391565,0.5185431633,0.01825358251,-0.1072008039,0.006527156264
0.2,weighted,inf,inf,1000000000000,5,33964,0,38596,0,33964,0,1,0,0,0,1,0,0.8987162878,0.00191050423,0.8987162878,0.00191050423,0.9143345263,0.001480562805,0.9143345263,0.001480562805,0.8973935123,0.0006821611456,0.8973935123,0.0006821611456,3925.486203,107.2204573,3925.486203,107.2204573,5672.7,566.175282,7128,0,0.2559769167,0.002188206718,0.3267577435,0.02715022208,0,0,0,0,0,0,0,0
0.2,adaptive,1,1,1,5,33964,0,38596,0,445,92.257791,0.01310210811,0.002716340566,0.9868978919,0.002716340566,0.01606384081,0.004360294549,0.4974451204,0.03545256488,0.006542221175,0.001577383334,0.5751123826,0.03426500067,0.007578121933,0.001883381054,0.4942482706,0.03854595313,0.007902373303,0.002099142823,0.01310210811,0.002716340566,1,0,1,0,1,0,0.6793075223,0.04196773078,0,0,3927.368867,107.0166038,0.9999966534,7.375739831e-07,0.8922152868,0.003246703266,-0.4013123875,0.03652208451
0.2,adaptive,10,10,10,5,33964,0,38596,0,2619,174.022987,0.07711105877,0.005123748292,0.9228889412,0.005123748292,0.08893149549,0.006955861589,0.650261356,0.02337065638,0.05008832882,0.002665797635,0.7056264259,0.02018654742,0.05435562477,0.002723631372,0.6497408583,0.02976177703,0.05766918852,0.003138111125,0.3224708515,0.03336731205,4.175497515,0.2005644512,3.6,0.5477225575,8.8,0.4472135955,0.6460104657,0.01948168771,0,0,3927.059498,106.9871168,0.9999179949,6.639456982e-06,0.8486691791,0.002292620201,-0.248496152,0.02470694817
0.2,adaptive,50,50,50,5,33964,0,38596,0,5565.2,138.7919306,0.1638558474,0.004086442427,0.8361441526,0.004086442427,0.183987978,0.004674744515,0.695284871,0.01178187002,0.1139206218,0.003197874643,0.7427537439,0.01154556846,0.1216981261,0.003303840609,0.7070025112,0.01678068754,0.1300860193,0.004737365934,2.768107408,0.1300194645,16.89500226,0.7059901882,11.6,0.894427191,41.4,0.894427191,0.5185524341,0.00534822389,0,0,3924.613862,107.0938562,0.9992943374,4.658246211e-05,0.7848368861,0.004221567242,-0.2034726369,0.01356390807
0.2,adaptive,100,100,100,5,33964,0,38596,0,7449.6,123.530563,0.2193381227,0.003637102904,0.7806618773,0.003637102904,0.244408747,0.003779819524,0.7147209023,0.01066041201,0.1567895419,0.004629306565,0.7594437901,0.01047054538,0.1665968424,0.004672814258,0.7305065564,0.01438651913,0.178578091,0.00597234908,6.795318573,0.3926241072,30.9699773,1.476571855,22.2,2.387467277,76.4,1.140175425,0.4649948684,0.004758147823,0,0,3920.586651,107.350325,0.998266932,0.0001389157034,0.7419679661,0.006386179704,-0.1840366057,0.01233287289
0.2,adaptive,250,250,250,5,33964,0,38596,0,9799,107.6870466,0.288511365,0.003170623206,0.711488635,0.003170623206,0.3175976785,0.002514014999,0.7392625074,0.008783232125,0.2133023201,0.004549224774,0.7798915074,0.008205703422,0.2250230892,0.004507841232,0.7544448119,0.01119788447,0.239625868,0.005059394079,18.21012248,0.4748417813,63.11294254,1.232762637,39.4,2.966479395,173,3.16227766,0.4208015423,0.00494753528,0,0,3909.171847,107.3301981,0.9953588863,0.0002207407814,0.6854551878,0.006428257519,-0.1594950005,0.01044907786
0.2,adaptive,500,500,500,5,33964,0,38596,0,11560.4,226.4140013,0.3403721588,0.006666293762,0.6596278412,0.006666293762,0.3759612395,0.006454686211,0.7496626647,0.007723294992,0.2551996231,0.007353623935,0.7896113164,0.006843869597,0.2687951644,0.007438627035,0.7664182461,0.009310205796,0.2881853042,0.008153843289,36.9132611,1.958712817,108.3946628,3.750110483,54.6,3.847076812,316.2,12.21474519,0.3898894819,0.005330744081,0,0,3890.468708,108.6349635,0.9905867812,0.0007123501731,0.6435578848,0.009210474369,-0.1490948433,0.009492398221
0.2,adaptive,1000,1000,1000,5,33964,0,38596,0,13313.8,420.447024,0.391997409,0.01237919633,0.608002591,0.01237919633,0.4306922997,0.01228713129,0.7619072452,0.005953008358,0.2987221764,0.01164613233,0.7998119352,0.005345099673,0.3135763239,0.0119288658,0.7783871562,0.007582398372,0.3353197223,0.01276229,74.04197974,6.264178274,188.633488,10.37892922,74.6,5.412947441,588.68,30.77518481,0.3658962278,0.007611541119,0,0,3853.339989,113.0903602,0.9811031001,0.002064013636,0.6000353315,0.01353731163,-0.1368502628,0.00775776842
0.2,adaptive,2000,2000,2000,5,33964,0,38596,0,14877.8,548.2537734,0.4380461665,0.01614220273,0.5619538335,0.01614220273,0.4764949736,0.01596573736,0.7756964583,0.005041937659,0.339853963,0.0146316806,0.8107874936,0.004405877149,0.355218852,0.01496652854,0.7902925845,0.006737414153,0.376655612,0.01573756425,140.5659286,11.83478555,320.4430885,15.66899198,100.2,7.661592524,1032.58,37.58779057,0.347845169,0.008970694835,0,0,3786.816041,118.7330537,0.9641237772,0.003926539154,0.5589035449,0.01650972768,-0.1230610497,0.006842035214
0.2,adaptive,3000,3000,3000,5,33964,0,38596,0,15216.8,468.0018162,0.448027323,0.0137793492,0.551972677,0.0137793492,0.486003731,0.01373616471,0.7789743992,0.004199742182,0.3490460488,0.01252697606,0.8134151469,0.003727817482,0.3644727679,0.0128405052,0.7929994106,0.005914520879,0.385464815,0.01370382546,163.21776,7.768878766,364.2392955,10.85016363,106.8,6.797058187,1189.8,44.31365478,0.344442637,0.007392654306,0,0,3764.164209,112.8428024,0.9583851805,0.002903922189,0.5497114592,0.01434733329,-0.1197831087,0.005889518882
0.2,adaptive,4000,4000,4000,5,33964,0,38596,0,15487.8,544.586724,0.4560063597,0.01603423401,0.5439936403,0.01603423401,0.493781739,0.01595179928,0.7821876284,0.004798235824,0.3567424332,0.01464734607,0.8160878288,0.004258089905,0.372195651,0.01498568489,0.7957090298,0.0065211099,0.3929889108,0.01582855048,193.0626722,15.14195644,422.8739349,19.14389125,113,8.246211251,1320.36,37.96396976,0.3420831297,0.007905521009,0,0,3734.319297,121.7610277,0.9507327788,0.005099937676,0.5420150748,0.01650981169,-0.1165698795,0.006581104745
0.2,adaptive,5000,5000,5000,5,33964,0,38596,0,16302.2,607.4369926,0.4799846897,0.01788473067,0.5200153103,0.01788473067,0.5167323039,0.01729386774,0.7915107699,0.004665832553,0.3799788011,0.01632783693,0.8238240507,0.00414368959,0.3954820719,0.01667676882,0.8035121879,0.006263429141,0.4152865582,0.01704572693,301.1772112,23.79335305,626.7324848,28.15851674,133.4,9.914635646,1823.46,66.22075203,0.3347831254,0.007698961008,0,0,3626.204758,129.5928122,0.9231467274,0.007942697738,0.5187787069,0.01819640841,-0.1072467381,0.006482313803
0.2,adaptive,inf,inf,1000000000000,5,33964,0,38596,0,33964,0,1,0,0,0,1,0,0.8987575079,0.001918383192,0.8987575079,0.001918383192,0.9143736434,0.001492005411,0.9143736434,0.001492005411,0.8974453311,0.0007171810011,0.8974453311,0.0007171810011,3927.381969,107.0150102,3927.381969,107.0150102,5686.3,565.3088315,7128,0,0.2559769167,0.002188206718,0.3269991756,0.02711743008,0,0,0,0,0,0,0,0
0.2,top1,1,1,1,5,33964,0,38596,0,33964,0,1,0,0,0,1,0,0.2205865034,0.001616280621,0.2205865034,0.001616280621,0.2365230529,0.001864845018,0.2365230529,0.001864845018,0.2252565033,0.001925594698,0.2252565033,0.001925594698,1,0,1,0,1,0,1,0,0.2559769167,0.002188206718,0,0,0,0,0,0,0,0,0,0
0.2,top1,10,10,10,5,33964,0,38596,0,33964,0,1,0,0,0,1,0,0.2205865034,0.001616280621,0.2205865034,0.001616280621,0.2365230529,0.001864845018,0.2365230529,0.001864845018,0.2252565033,0.001925594698,0.2252565033,0.001925594698,1,0,1,0,1,0,1,0,0.2559769167,0.002188206718,0,0,0,0,0,0,0,0,0,0
0.2,top1,50,50,50,5,33964,0,38596,0,33964,0,1,0,0,0,1,0,0.2205865034,0.001616280621,0.2205865034,0.001616280621,0.2365230529,0.001864845018,0.2365230529,0.001864845018,0.2252565033,0.001925594698,0.2252565033,0.001925594698,1,0,1,0,1,0,1,0,0.2559769167,0.002188206718,0,0,0,0,0,0,0,0,0,0
0.2,top1,100,100,100,5,33964,0,38596,0,33964,0,1,0,0,0,1,0,0.2205865034,0.001616280621,0.2205865034,0.001616280621,0.2365230529,0.001864845018,0.2365230529,0.001864845018,0.2252565033,0.001925594698,0.2252565033,0.001925594698,1,0,1,0,1,0,1,0,0.2559769167,0.002188206718,0,0,0,0,0,0,0,0,0,0
0.2,top1,250,250,250,5,33964,0,38596,0,33964,0,1,0,0,0,1,0,0.2205865034,0.001616280621,0.2205865034,0.001616280621,0.2365230529,0.001864845018,0.2365230529,0.001864845018,0.2252565033,0.001925594698,0.2252565033,0.001925594698,1,0,1,0,1,0,1,0,0.2559769167,0.002188206718,0,0,0,0,0,0,0,0,0,0
0.2,top1,500,500,500,5,33964,0,38596,0,33964,0,1,0,0,0,1,0,0.2205865034,0.001616280621,0.2205865034,0.001616280621,0.2365230529,0.001864845018,0.2365230529,0.001864845018,0.2252565033,0.001925594698,0.2252565033,0.001925594698,1,0,1,0,1,0,1,0,0.2559769167,0.002188206718,0,0,0,0,0,0,0,0,0,0
0.2,top1,1000,1000,1000,5,33964,0,38596,0,33964,0,1,0,0,0,1,0,0.2205865034,0.001616280621,0.2205865034,0.001616280621,0.2365230529,0.001864845018,0.2365230529,0.001864845018,0.2252565033,0.001925594698,0.2252565033,0.001925594698,1,0,1,0,1,0,1,0,0.2559769167,0.002188206718,0,0,0,0,0,0,0,0,0,0
0.2,top1,2000,2000,2000,5,33964,0,38596,0,33964,0,1,0,0,0,1,0,0.2205865034,0.001616280621,0.2205865034,0.001616280621,0.2365230529,0.001864845018,0.2365230529,0.001864845018,0.2252565033,0.001925594698,0.2252565033,0.001925594698,1,0,1,0,1,0,1,0,0.2559769167,0.002188206718,0,0,0,0,0,0,0,0,0,0
0.2,top1,3000,3000,3000,5,33964,0,38596,0,33964,0,1,0,0,0,1,0,0.2205865034,0.001616280621,0.2205865034,0.001616280621,0.2365230529,0.001864845018,0.2365230529,0.001864845018,0.2252565033,0.001925594698,0.2252565033,0.001925594698,1,0,1,0,1,0,1,0,0.2559769167,0.002188206718,0,0,0,0,0,0,0,0,0,0
0.2,top1,4000,4000,4000,5,33964,0,38596,0,33964,0,1,0,0,0,1,0,0.2205865034,0.001616280621,0.2205865034,0.001616280621,0.2365230529,0.001864845018,0.2365230529,0.001864845018,0.2252565033,0.001925594698,0.2252565033,0.001925594698,1,0,1,0,1,0,1,0,0.2559769167,0.002188206718,0,0,0,0,0,0,0,0,0,0
0.2,top1,5000,5000,5000,5,33964,0,38596,0,33964,0,1,0,0,0,1,0,0.2205865034,0.001616280621,0.2205865034,0.001616280621,0.2365230529,0.001864845018,0.2365230529,0.001864845018,0.2252565033,0.001925594698,0.2252565033,0.001925594698,1,0,1,0,1,0,1,0,0.2559769167,0.002188206718,0,0,0,0,0,0,0,0,0,0
0.2,top1,inf,inf,1000000000000,5,33964,0,38596,0,33964,0,1,0,0,0,1,0,0.2205865034,0.001616280621,0.2205865034,0.001616280621,0.2365230529,0.001864845018,0.2365230529,0.001864845018,0.2252565033,0.001925594698,0.2252565033,0.001925594698,1,0,1,0,1,0,1,0,0.2559769167,0.002188206718,0,0,0,0,0,0,0,0,0,0
0.3,static,1,1,1,5,33964,0,38596,0,1085.8,126.2525247,0.0319691438,0.003717245458,0.9680308562,0.003717245458,0.03511762877,0.005212032724,0.5469282346,0.02202541103,0.01745377458,0.001782015524,0.6074848759,0.0210009941,0.01939785917,0.00207292996,0.5482033752,0.02800302585,0.01916778941,0.002221073658,0.0319691438,0.003717245458,1,0,1,0,1,0,0.6814453827,0.01871239468,0,0,2965.612372,113.3278559,0.9999891766,1.576720379e-06,0.8092156401,0.007993348705,-0.27974118,0.0223075023
0.3,static,10,10,10,5,33964,0,38596,0,5123.4,103.8041425,0.1508479567,0.003056299096,0.8491520433,0.003056299096,0.1682557778,0.004222241992,0.5926999429,0.003361309171,0.08940054175,0.001403505122,0.642880415,0.003713300784,0.09696988455,0.001548279811,0.5970155055,0.005067435483,0.1004404602,0.002090217522,0.5777058061,0.01346927441,3.830092398,0.07440492792,3,0,8,0,0.5571042728,0.004534318341,0,0,2965.066635,113.3158849,0.9998050703,5.441055999e-06,0.7372688729,0.005831917272,-0.2339694718,0.006884370181
0.3,static,50,50,50,5,33964,0,38596,0,9493.8,225.2047957,0.2795253798,0.006630691193,0.7204746202,0.006630691193,0.3037724116,0.006248270463,0.6290385622,0.00543812933,0.175850901,0.005260061706,0.6728099986,0.005327553781,0.1880824211,0.005381031031,0.6411689442,0.006231392803,0.1947870246,0.005291138889,3.924343422,0.1811665124,14.0346977,0.3973244435,8.8,0.4472135955,36.4,1.140175425,0.4439305272,0.002670177799,0,0,2961.719998,113.4965803,0.9986735244,0.0001064345156,0.6508185137,0.01091800416,-0.1976308525,0.01038761036
0.3,static,100,100,100,5,33964,0,38596,0,11644.4,317.2968642,0.3428453657,0.009342152401,0.6571546343,0.009342152401,0.3704269873,0.008338748904,0.6430156237,0.004902959898,0.2204805088,0.007237293751,0.6845416219,0.004431446648,0.2347123822,0.007393755206,0.6556197928,0.005169599485,0.2428800912,0.006756186358,8.568337063,0.4054042112,24.98308599,0.6385277793,13.8,0.8366600265,70.6,0.5477225575,0.4066630685,0.003154406235,0,0,2957.076004,113.7139715,0.9971036306,0.000237993421,0.6061889059,0.01332758329,-0.183653791,0.01040348076
0.3,static,250,250,250,5,33964,0,38596,0,14613.2,588.0452364,0.4302555647,0.01731378037,0.5697444353,0.01731378037,0.4655819256,0.01692901204,0.6614584368,0.004580672448,0.2846366741,0.01274172934,0.7021805294,0.003953436557,0.3021466029,0.01311130861,0.6749170931,0.004870138981,0.3142760908,0.01307046687,22.70798493,1.803787087,52.71114547,2.217239775,23.8,2.167948339,156.2,4.969909456,0.3687577358,0.008012438433,0,0,2942.936356,115.0814252,0.9923167763,0.0008682678088,0.5420327405,0.01874407463,-0.1652109778,0.0094147157
0.3,static,500,500,500,5,33964,0,38596,0,16428.6,671.0456765,0.4837062772,0.01975755731,0.5162937228,0.01975755731,0.51878433,0.01942536244,0.6768923759,0.004473067624,0.3274467083,0.01439363205,0.7151266309,0.004031147741,0.3459305768,0.0148313718,0.6891834877,0.00477031031,0.3575759146,0.0147927477,41.92076905,2.707893524,86.60614094,2.46803062,32.6,3.209361307,266,6.595452979,0.3485777487,0.006792706557,0,0,2923.723572,115.9435805,0.9858221732,0.001412140288,0.4992227064,0.02028147994,-0.1497770387,0.00829884699
0.3,static,1000,1000,1000,5,33964,0,38596,0,18099.8,687.6948451,0.5329113179,0.02024775778,0.4670886821,0.02024775778,0.566053477,0.01915427063,0.6923050017,0.003667426065,0.3689318102,0.01399951559,0.7279234308,0.003595472943,0.3879040389,0.01441358685,0.702979985,0.003751284926,0.3979272463,0.01376269064,77.22093982,3.660614355,144.9042026,3.89915646,43,3.937003937,474.8,17.75387282,0.3318839007,0.005490539691,0,0,2888.423401,116.3410862,0.9739014414,0.002112868523,0.4577376045,0.01983939247,-0.134364413,0.005943085714
0.3,static,2000,2000,2000,5,33964,0,38596,0,19546.6,648.0492265,0.5755093629,0.01908047422,0.4244906371,0.01908047422,0.6067157218,0.01850752012,0.7061191792,0.003844747374,0.4063537864,0.01276265001,0.7397791248,0.003879356068,0.4257197654,0.01318024157,0.7152040842,0.003642844962,0.4339154317,0.01304873897,137.8021081,4.784807192,239.5777115,9.2008463,55.4,3.78153408,802.6,45.96520423,0.3207026906,0.003984293016,0,0,2827.842233,114.9381382,0.9534647248,0.002782803725,0.4203156283,0.01853112748,-0.1205502355,0.004596658582
0.3,static,3000,3000,3000,5,33964,0,38596,0,20053.8,485.2233506,0.5904428218,0.0142864018,0.4095571782,0.0142864018,0.6210591771,0.0137858766,0.7107078509,0.005610253291,0.4196031092,0.009185338357,0.7436978932,0.005480997291,0.4390799899,0.009500540647,0.7193647057,0.00510311672,0.4467509586,0.009494068741,173.0273702,14.84669271,293.5101684,30.87676873,60.6,3.646916506,981.78,112.6643333,0.3169010673,0.002942227393,0,0,2792.616971,102.094005,0.9417052953,0.003501720181,0.4070663055,0.01420708941,-0.1159615638,0.003586235628
0.3,static,4000,4000,4000,5,33964,0,38596,0,20295.8,359.6501077,0.5975680132,0.01058915639,0.4024319868,0.01058915639,0.6279718106,0.01030782132,0.713254423,0.006396709746,0.4261924391,0.006679505766,0.7459268886,0.00620809164,0.4457164285,0.006917246229,0.7216819944,0.005810560197,0.4531816769,0.007260395721,198.508085,27.57295454,332.7388435,51.32807402,63,4.472135955,1086.32,195.3254643,0.3150728773,0.002857710008,0,0,2767.136256,89.50333317,0.9332314277,0.006809232367,0.4004769756,0.01095036717,-0.1134149916,0.003013291887
0.3,static,5000,5000,5000,5,33964,0,38596,0,20831.4,513.6626325,0.6133376516,0.01512373785,0.3866623484,0.01512373785,0.6431806405,0.01438354902,0.7196862869,0.004010874617,0.4413791073,0.009513897209,0.7516345171,0.004034548933,0.4609717969,0.009857840669,0.7274675259,0.003682148867,0.4678723184,0.0095719794,269.7558061,6.997398156,440.0710988,17.08453645,69,2.915475947,1333.74,123.9166171,0.3116416195,0.002488087305,0,0,2695.888535,112.099798,0.9089515818,0.00368646346,0.3852903074,0.01529374379,-0.1069831278,0.00355955785
0.3,static,inf,inf,1000000000000,5,33964,0,38596,0,33964,0,1,0,0,0,1,0,0.8266694147,0.006250022496,0.8266694147,0.006250022496,0.846309213,0.005880149379,0.846309213,0.005880149379,0.8234842989,0.005578485396,0.8234842989,0.005578485396,2965.644341,113.3247195,2965.644341,113.3247195,647.8,208.4339224,7128,0,0.253715699,0.002000538874,0.2440937463,0.02475119626,0,0,0,0,0,0,0,0
0.3,rolling,1,1,1,5,33964,0,38596,0,322,82.86434698,0.009480626546,0.002439769962,0.9905193735,0.002439769962,0.01110995958,0.003407527181,0.500667122,0.01660269058,0.004734424685,0.00115568695,0.5733281198,0.0251894986,0.005441644094,0.001412718926,0.5075292373,0.02839735318,0.005606798632,0.001572234371,0.009480626546,0.002439769962,1,0,1,0,1,0,0.6680062126,0.04298714247,0,0,4069.426116,84.5482504,0.9999976689,6.163788412e-07,0.8972441409,0.00186166941,-0.4013114435,0.01659737575
0.3,rolling,10,10,10,5,33964,0,38596,0,2654.8,121.4751003,0.07816511601,0.00357658404,0.921834884,0.00357658404,0.09084361074,0.005866650389,0.6499436167,0.02013364128,0.05078907078,0.002456236537,0.7082094728,0.01532389482,0.0553479108,0.002554072714,0.6520613107,0.02296059135,0.05918748057,0.003472664695,0.3428748086,0.03551823362,4.379662361,0.2944045695,3.6,0.5477225575,8.6,0.5477225575,0.6501161934,0.0122772133,0,0,4069.092722,84.55465873,0.9999156887,9.26640501e-06,0.8511894948,0.003488609413,-0.2520349488,0.02123671997
0.3,rolling,50,50,50,5,33964,0,38596,0,5536.8,138.4221803,0.1630196679,0.004075555892,0.8369803321,0.004075555892,0.1852730853,0.004620253443,0.6872407379,0.005200322384,0.1120244965,0.002450618479,0.7378282387,0.006144220226,0.1202739833,0.002854511087,0.7002290047,0.007590434874,0.129738833,0.003778984709,2.655441055,0.1164828771,16.28857462,0.5618374713,11.4,0.5477225575,39.4,0.894427191,0.5193497301,0.009887567001,0,0,4066.780155,84.64641201,0.9993468358,4.104493698e-05,0.789954069,0.003660824334,-0.2147378276,0.005988688698
0.3,rolling,100,100,100,5,33964,0,38596,0,7139.8,204.7564407,0.2102167,0.006028631512,0.7897833,0.006028631512,0.2357912737,0.006291392086,0.7107877644,0.008733447188,0.1494405841,0.005441832677,0.7569459407,0.008808005938,0.1591447344,0.005744385707,0.7247118055,0.01041137322,0.1709192662,0.006575339311,6.133364739,0.5013400333,29.14819306,1.708931462,19.4,2.19089023,75,3.082207001,0.4753497957,0.003420715969,0,0,4063.302232,84.81622441,0.9984911895,0.0001434605237,0.7525379814,0.006862712801,-0.1911908011,0.00976788358
0.3,rolling,250,250,250,5,33964,0,38596,0,9441.8,254.8425004,0.277994347,0.007503312342,0.722005653,0.007503312342,0.3079438284,0.007267825724,0.7357733088,0.008458841488,0.2045695442,0.007122605528,0.777072324,0.007787706334,0.2160490477,0.007312269755,0.7499146627,0.009038559525,0.2309669396,0.007623197066,17.32211754,0.5704434066,62.3078343,0.9229344577,34.6,3.286335345,174,7.516648189,0.4278165704,0.00613651286,0,0,4052.113479,84.93577079,0.9957402977,0.0002117768842,0.6974090213,0.008606896958,-0.1662052568,0.009530938808
0.3,rolling,500,500,500,5,33964,0,38596,0,11132.4,318.6758541,0.3277705806,0.009382753919,0.6722294194,0.009382753919,0.3644989118,0.008845314564,0.7444366276,0.005418124096,0.2440348604,0.008398017249,0.7860656728,0.004578293852,0.2576792845,0.008714078159,0.7609852385,0.006009687534,0.2774173489,0.008788821502,35.22662819,1.910276891,107.4340387,3.795038618,51.6,4.098780306,314.8,12.59761882,0.3945886547,0.007035411569,0,0,4034.208968,85.74063361,0.991335782,0.0005972182335,0.6579437051,0.009757072111,-0.157541938,0.006355475366
0.3,rolling,1000,1000,1000,5,33964,0,38596,0,12648.2,439.5391905,0.3724001884,0.01294132583,0.6275998116,0.01294132583,0.4118146958,0.01319567583,0.7567483809,0.005434945581,0.2818631492,0.0116378298,0.7962743427,0.004556807196,0.2965784084,0.01195766377,0.7727785983,0.006394167661,0.3183075966,0.01278836092,67.3165646,4.458969912,180.6225694,6.390867076,71.8,5.540758071,559.68,21.84747125,0.3721613318,0.008373490295,0,0,4002.119032,88.61889241,0.983435715,0.001415141558,0.6201154163,0.01296416797,-0.1452301847,0.006507893583
0.3,rolling,2000,2000,2000,5,33964,0,38596,0,14126.2,451.2595705,0.4159168531,0.01328640827,0.5840831469,0.01328640827,0.4552907037,0.0129539408,0.7717884993,0.004840396228,0.3210458132,0.01209047705,0.8082522737,0.003884224022,0.3362057589,0.01231336392,0.7859298069,0.005409229202,0.3578816458,0.01261944925,129.9796196,5.975549955,312.4703967,8.793301548,97.6,5.683308895,1033.04,37.9829962,0.354292279,0.006505534045,0,0,3939.455977,89.94912179,0.9680266345,0.002075558836,0.5809327523,0.01340597211,-0.1301900663,0.005884018196
0.3,rolling,3000,3000,3000,5,33964,0,38596,0,14641.4,459.4728501,0.4310858556,0.01352823137,0.5689141444,0.01352823137,0.4699243445,0.01309760809,0.7771585038,0.005342569242,0.3350724296,0.01253817479,0.8125282157,0.003891779288,0.350308927,0.01256391746,0.7904463275,0.005289012612,0.3715048192,0.01280995664,165.8578495,22.34089623,384.3457414,46.68246646,108.6,9.81325634,1284.48,186.0547016,0.3481720668,0.006563308731,0,0,3903.577747,90.8177019,0.9592149728,0.005643161766,0.5669061359,0.01352534747,-0.1248200618,0.005905663212
0.3,rolling,4000,4000,4000,5,33964,0,38596,0,14930.4,479.8070446,0.4395948652,0.01412692982,0.5604051348,0.01412692982,0.478173904,0.01361361439,0.7804112182,0.006096491435,0.3431280179,0.01347115039,0.8152054482,0.004264860458,0.3584057353,0.01326441186,0.7931867729,0.005386069722,0.379339828,0.01332856502,196.3614121,36.84860265,445.7279803,75.12883408,115.3,13.73681186,1458.32,313.8511542,0.3451668976,0.007046887777,0,0,3873.074184,90.39128404,0.9517395815,0.008932881918,0.5588505476,0.01399585858,-0.1215673473,0.006254046743
0.3,rolling,5000,5000,5000,5,33964,0,38596,0,15540.8,405.1243019,0.4575668355,0.01192805034,0.5424331645,0.01192805034,0.4955798528,0.01162301925,0.7878782515,0.004143582114,0.3605405724,0.0110345955,0.8214118909,0.002849387503,0.3758761943,0.01101186366,0.7994956626,0.00426937696,0.3962534978,0.0113936276,277.576163,11.25005129,606.7515278,22.68261809,130.2,10.03493896,1867.76,175.4264176,0.3394946984,0.00554495171,0,0,3791.859434,88.60164919,0.9317525502,0.003490087077,0.5414379932,0.01206723467,-0.1141003141,0.004737911707
0.3,rolling,inf,inf,1000000000000,5,33964,0,38596,0,33964,0,1,0,0,0,1,0,0.9019785655,0.001500492624,0.9019785655,0.001500492624,0.9174103677,0.001192151307,0.9174103677,0.001192151307,0.8997823609,0.000453969724,0.8997823609,0.000453969724,4069.435597,84.54812614,4069.435597,84.54812614,6384.2,316.5702134,7128,0,0.253715699,0.002000538874,0.3647096926,0.02806946162,0,0,0,0,0,0,0,0
0.3,weighted,1,1,1,5,33964,0,38596,0,330.4,87.09936854,0.009727947238,0.002564461446,0.9902720528,0.002564461446,0.01138459944,0.003575575151,0.4989112243,0.01805159493,0.004840419267,0.001211032165,0.5707175545,0.0251441553,0.005556962274,0.001471574955,0.5057250622,0.02927723266,0.005720800083,0.001632745826,0.009727947238,0.002564461446,1,0,1,0,1,0,0.6643397242,0.04048999519,0,0,4052.490778,84.5458195,0.9999975979,6.513343138e-07,0.8961900836,0.002052829653,-0.4021192786,0.0181489794
0.3,weighted,10,10,10,5,33964,0,38596,0,2684.4,121.709901,0.07903662702,0.003583497262,0.920963373,0.003583497262,0.09185926003,0.005839014321,0.6482224563,0.01915074485,0.0512189377,0.002396535916,0.7063912776,0.01474505665,0.05582046999,0.002505808319,0.6502513296,0.02204694065,0.05968494144,0.00341801139,0.3453597927,0.03574889656,4.362833423,0.2955062678,3.6,0.5477225575,8.4,0.5477225575,0.6485382329,0.01219068586,0,0,4052.155147,84.55020329,0.9999147308,9.275653431e-06,0.8498115652,0.003275386427,-0.2528080466,0.02041079989
0.3,weighted,50,50,50,5,33964,0,38596,0,5586.8,145.7092996,0.1644918149,0.004290110106,0.8355081851,0.004290110106,0.1867861955,0.004851340976,0.6867408134,0.004652127652,0.1129548934,0.002637370932,0.7371658701,0.00578673619,0.1212522741,0.003054815637,0.6995411228,0.007338327083,0.1306715722,0.003977226883,2.672329525,0.1312006758,16.24357166,0.5918048751,11.4,0.5477225575,39.2,1.095445115,0.5184010352,0.009959056274,0,0,4049.828177,84.65446865,0.9993398897,4.481892107e-05,0.7880756095,0.003710125834,-0.2142896895,0.005560668392
0.3,weighted,100,100,100,5,33964,0,38596,0,7203.2,212.0488151,0.2120833824,0.006243340453,0.7879166176,0.006243340453,0.237703389,0.006443756783,0.7103325104,0.008902466235,0.150671299,0.00559817062,0.7564420199,0.008910502785,0.1604508232,0.005888480828,0.7241822716,0.01033816184,0.1721784641,0.006638188752,6.182139913,0.5119826251,29.11994609,1.709139221,19.2,2.167948339,75.2,3.1144823,0.4744413977,0.003630615865,0,0,4046.318367,84.846209,0.9984727004,0.0001484290882,0.7503592039,0.007066532452,-0.1906979925,0.009968824097
0.3,weighted,250,250,250,5,33964,0,38596,0,9509.6,255.2553623,0.2799905783,0.007515468211,0.7200094217,0.007515468211,0.3101564929,0.00721909646,0.7346372289,0.008028632883,0.2057178189,0.007009491454,0.7759713027,0.007485776734,0.2172894787,0.007206551617,0.7488838295,0.008732975673,0.2323038657,0.007470926525,17.39404075,0.5718969859,62.12071622,0.9558094771,34.4,3.130495168,173.6,6.985699679,0.4268248045,0.005856869871,0,0,4035.106466,84.90169547,0.9957048527,0.0002101365298,0.695312684,0.008482367306,-0.166393274,0.009066155062
0.3,weighted,500,500,500,5,33964,0,38596,0,11204.6,318.8546691,0.3298963609,0.009388018758,0.6701036391,0.009388018758,0.366815214,0.008918066252,0.7434804076,0.005786674848,0.2453009068,0.008397217216,0.7851624319,0.004797198162,0.2590519144,0.00871961055,0.760038821,0.006198044758,0.2788320033,0.008821794388,35.32625132,1.916744607,107.0439194,3.807158236,51.2,4.549725266,314.08,12.10917008,0.3939716351,0.006865793388,0,0,4017.174255,85.74617485,0.9912748963,0.0006030654305,0.655729596,0.009735854587,-0.1575500953,0.006515896646
0.3,weighted,1000,1000,1000,5,33964,0,38596,0,12720.4,438.5867075,0.3745259687,0.01291328193,0.6254740313,0.01291328193,0.4138978132,0.01317481175,0.7558040615,0.005670104959,0.2831174184,0.01161480865,0.7953665711,0.004751883725,0.2979313114,0.01195523987,0.7717451216,0.006464650892,0.3194890662,0.01276543247,67.36648805,4.349458173,179.7378295,6.088494332,71.5,5.14781507,558.66,22.6523288,0.3714451359,0.008296093399,0,0,3985.134018,88.5628896,0.9833542408,0.001399957352,0.6179130844,0.01288902135,-0.1452264414,0.006538622907
0.3,weighted,2000,2000,2000,5,33964,0,38596,0,14204.8,452.6231324,0.4182310682,0.01332655554,0.5817689318,0.01332655554,0.4574826407,0.01296172988,0.7708442642,0.004934261933,0.32243552,0.01207202532,0.8072862763,0.004008435931,0.3376717229,0.01232697081,0.7848853444,0.005410373961,0.359125298,0.01257767482,130.1894241,5.81415101,311.2456906,8.183597056,96.8,5.630275304,1029.88,36.8512822,0.353761317,0.006196569613,0,0,3922.311082,89.82920524,0.9678414817,0.002053608333,0.5785949829,0.01329756394,-0.1301862387,0.005738979847
0.3,weighted,3000,3000,3000,5,33964,0,38596,0,14725,456.5095837,0.4335472854,0.01344098409,0.5664527146,0.01344098409,0.472318375,0.01298463483,0.7761346448,0.005800045813,0.3365445766,0.01261860296,0.8115223715,0.004409547981,0.3518769598,0.01266973348,0.7893755751,0.005588568,0.3728935641,0.01283819507,166.4109646,21.69764828,383.4742316,45.19442036,107.8,9.338094024,1284.2,180.7185657,0.347590202,0.006545921081,0,0,3886.089542,90.44479783,0.958908756,0.005505436476,0.5644859263,0.01338526356,-0.124895858,0.006055644409
0.3,weighted,4000,4000,4000,5,33964,0,38596,0,15014.2,468.5661106,0.4420621835,0.01379596368,0.5579378165,0.01379596368,0.4805834802,0.01323858069,0.7795802459,0.006521351109,0.3446884937,0.01337503662,0.8143662597,0.004723782068,0.3600493384,0.01316678289,0.7922810828,0.00564115607,0.3808166649,0.01314330542,196.9186845,36.17085639,444.5813646,73.70207983,114.2,13.21741276,1456.4,312.8926333,0.3447178352,0.007126448369,0,0,3855.581822,89.14424241,0.951404383,0.008775260546,0.5563420092,0.01362337573,-0.121450257,0.006356960627
0.3,weighted,5000,5000,5000,5,33964,0,38596,0,15623,406.5661078,0.4599870451,0.01197050135,0.5400129549,0.01197050135,0.4978028811,0.01162893483,0.7869804002,0.004505491458,0.3620362737,0.01116860778,0.8205144818,0.003228574146,0.3774540414,0.01117315715,0.7984835862,0.0044621304,0.3975282413,0.01146846783,278.0255447,11.5623596,604.5170587,22.59628364,128.8,9.523654761,1863.64,170.7912995,0.3392371705,0.005398879763,0,0,3774.474962,89.13472022,0.931353845,0.003641513706,0.5389942292,0.01204501626,-0.1140501027,0.00483556723
0.3,weighted,inf,inf,1000000000000,5,33964,0,38596,0,33964,0,1,0,0,0,1,0,0.9010305029,0.001530976236,0.9010305029,0.001530976236,0.9165454323,0.001147098808,0.9165454323,0.001147098808,0.8988133485,0.0005528489988,0.8988133485,0.0005528489988,4052.500506,84.54563807,4052.500506,84.54563807,6328.7,334.4690942,7128,0,0.253715699,0.002000538874,0.3624543634,0.02797093672,0,0,0,0,0,0,0,0
0.3,adaptive,1,1,1,5,33964,0,38596,0,330.4,87.09936854,0.009727947238,0.002564461446,0.9902720528,0.002564461446,0.01138459944,0.003575575151,0.4989112243,0.01805159493,0.004840419267,0.001211032165,0.5707175545,0.0251441553,0.005556962274,0.001471574955,0.5057250622,0.02927723266,0.005720800083,0.001632745826,0.009727947238,0.002564461446,1,0,1,0,1,0,0.6643397242,0.04048999519,0,0,4053.768955,85.53303486,0.9999975986,6.514949537e-07,0.8962548581,0.002096618476,-0.402184053,0.01813434783
0.3,adaptive,10,10,10,5,33964,0,38596,0,2680.6,120.7696154,0.07892474385,0.003555812489,0.9210752562,0.003555812489,0.09168307597,0.005716231254,0.6482903026,0.01903629186,0.05115416323,0.002437334839,0.7064611204,0.01451039267,0.05574931621,0.002544161078,0.6503698747,0.02188197401,0.05958648565,0.003439440218,0.3449181486,0.03577798998,4.363387752,0.2965672916,3.6,0.5477225575,8.4,0.5477225575,0.648541524,0.01178046664,0,0,4053.433765,85.53761267,0.9999148649,9.29664998e-06,0.8499411141,0.003387128362,-0.2528049748,0.02033521105
0.3,adaptive,50,50,50,5,33964,0,38596,0,5583.4,144.358235,0.1643917089,0.00425033079,0.8356082911,0.00425033079,0.1866670121,0.004811156873,0.6868003159,0.004681390607,0.1128960075,0.002612934405,0.737183021,0.005808344541,0.121181611,0.003041378534,0.6995960054,0.007276545607,0.1305990258,0.003973511868,2.671846661,0.1304595815,16.25050384,0.5879792125,11.4,0.5477225575,39.2,1.095445115,0.5186756333,0.009816747103,0,0,4051.106837,85.6416307,0.9993402066,4.48117747e-05,0.7881992698,0.003777805668,-0.2142949615,0.005595767562
0.3,adaptive,100,100,100,5,33964,0,38596,0,7197.8,217.5906708,0.2119243905,0.006406508973,0.7880756095,0.006406508973,0.2375272049,0.006621811306,0.7103308865,0.008919004004,0.1505594159,0.005735315346,0.7564054638,0.008893088529,0.1603242186,0.006031735591,0.7241884382,0.01034419165,0.1720540989,0.006783410932,6.176592863,0.5157935059,29.11469307,1.705764917,19.2,2.167948339,75.2,3.1144823,0.4745481995,0.003709445263,0,0,4047.60209,85.84272672,0.9984744853,0.0001499272086,0.7505358615,0.007264188404,-0.1907643909,0.0100405857
0.3,adaptive,250,250,250,5,33964,0,38596,0,9505,260.2518011,0.2798551407,0.007662578058,0.7201448593,0.007662578058,0.3099803088,0.007365228498,0.734673774,0.007978361284,0.20562949,0.007122727236,0.7760072873,0.007450059182,0.2171952613,0.007324713681,0.7489037449,0.008705373843,0.2321795005,0.007598451695,17.3915381,0.5760491225,62.14210349,0.9521085414,34.4,3.130495168,173.62,7.008708868,0.4268832058,0.005829935857,0,0,4036.387145,85.89388613,0.9957067522,0.0002121422552,0.6954657873,0.008658737538,-0.1664215033,0.009070741452
0.3,adaptive,500,500,500,5,33964,0,38596,0,11197.8,326.4869063,0.3296961489,0.009612734258,0.6703038511,0.009612734258,0.366592393,0.009159264215,0.7435374631,0.005765635468,0.2451713579,0.008551666196,0.7852308901,0.004801793121,0.2589176546,0.008881857685,0.7601037773,0.006148295825,0.2786869106,0.008975275378,35.29959958,1.926115503,107.0271993,3.767776681,51.2,4.549725266,313.88,12.34390538,0.3939945194,0.006796404807,0,0,4018.479084,86.75519523,0.9912840041,0.0006079685402,0.6559239194,0.009954444081,-0.1575578143,0.00654676155
0.3,adaptive,1000,1000,1000,5,33964,0,38596,0,12715.2,444.782756,0.3743728654,0.01309571181,0.6256271346,0.01309571181,0.4137630843,0.0133306248,0.7558454197,0.005627010937,0.2830173124,0.01173153549,0.7954116029,0.00472477672,0.2978264946,0.01208117163,0.7718217975,0.006382277475,0.3194165198,0.0128454612,67.37503828,4.382965674,179.8337503,6.158307902,71.6,5.272570531,559,23.06512519,0.3714427854,0.008318118661,0,0,3986.403645,89.58062016,0.9833569303,0.001411335136,0.6180779649,0.01306279077,-0.1452498576,0.006540369415
0.3,adaptive,2000,2000,2000,5,33964,0,38596,0,14200,456.5057502,0.4180897421,0.01344087122,0.5819102579,0.01344087122,0.4573530936,0.01306886948,0.7709232496,0.004847628461,0.3223589683,0.01212074315,0.807366194,0.003940621297,0.3375904603,0.0123844703,0.7849846826,0.005314369528,0.3590682972,0.01261133699,130.2364916,5.818776683,311.4711931,8.472363258,96.7,5.563272418,1029.8,35.88098382,0.3538128384,0.006234662884,0,0,3923.542192,90.7526727,0.9678397789,0.002055700031,0.578736309,0.01340547095,-0.1301720277,0.005698572387
0.3,adaptive,3000,3000,3000,5,33964,0,38596,0,14719.6,460.220382,0.4333882935,0.0135502409,0.5666117065,0.0135502409,0.4721732822,0.01308957933,0.7762305251,0.005759622732,0.3364621364,0.01266615618,0.8116199471,0.004389684727,0.3517898087,0.01273086182,0.7894870781,0.005546826409,0.3728313815,0.01288985736,166.4153339,21.94671685,383.6248653,45.83952297,108,9.591663047,1284.16,182.2147853,0.3476229711,0.006544834485,0,0,3887.363349,91.2857263,0.9589209213,0.005557126935,0.564633141,0.01348476026,-0.1248647523,0.006030742296
0.3,adaptive,4000,4000,4000,5,33964,0,38596,0,15008.2,469.488232,0.4418855259,0.01382311365,0.5581144741,0.01382311365,0.4804228417,0.01326502371,0.7796543736,0.006474056151,0.3445824991,0.01335398149,0.8144335016,0.004719868699,0.3599347072,0.01316867437,0.7923739574,0.005621134613,0.3807337548,0.01314901695,196.9116653,36.19841029,444.7611088,73.96723593,114.2,13.21741276,1455.62,310.2066601,0.3447338871,0.007104436008,0,0,3856.867018,89.69012919,0.9514227683,0.008765368423,0.5565127782,0.01365091658,-0.1214409038,0.00631947234
0.3,adaptive,5000,5000,5000,5,33964,0,38596,0,15615.6,412.3369981,0.4597691674,0.01214041332,0.5402308326,0.01214041332,0.4976007876,0.01179527052,0.7870330605,0.004486959054,0.361889059,0.01128134192,0.8205723862,0.003247637068,0.3773021158,0.01130595992,0.7985573418,0.004453760301,0.397403876,0.01158793444,277.8007361,11.62217341,604.3106315,22.46417833,129,9.746794345,1861.26,165.3128791,0.3392969076,0.005423656162,0,0,3775.977947,90.34999975,0.9314292221,0.003685783211,0.5392062183,0.01222122479,-0.1140622169,0.004855301693
0.3,adaptive,inf,inf,1000000000000,5,33964,0,38596,0,33964,0,1,0,0,0,1,0,0.9010952774,0.001587108269,0.9010952774,0.001587108269,0.9166054959,0.00120739487,0.9166054959,0.00120739487,0.8988858949,0.0006211780227,0.8988858949,0.0006211780227,4053.778683,85.53284813,4053.778683,85.53284813,6331.7,337.0970928,7128,0,0.253715699,0.002000538874,0.3626015781,0.02815790886,0,0,0,0,0,0,0,0
0.3,top1,1,1,1,5,33964,0,38596,0,33964,0,1,0,0,0,1,0,0.2185137204,0.001596529655,0.2185137204,0.001596529655,0.2343664557,0.001794778642,0.2343664557,0.001794778642,0.2232666598,0.00176044933,0.2232666598,0.00176044933,1,0,1,0,1,0,1,0,0.253715699,0.002000538874,0,0,0,0,0,0,0,0,0,0
0.3,top1,10,10,10,5,33964,0,38596,0,33964,0,1,0,0,0,1,0,0.2185137204,0.001596529655,0.2185137204,0.001596529655,0.2343664557,0.001794778642,0.2343664557,0.001794778642,0.2232666598,0.00176044933,0.2232666598,0.00176044933,1,0,1,0,1,0,1,0,0.253715699,0.002000538874,0,0,0,0,0,0,0,0,0,0
0.3,top1,50,50,50,5,33964,0,38596,0,33964,0,1,0,0,0,1,0,0.2185137204,0.001596529655,0.2185137204,0.001596529655,0.2343664557,0.001794778642,0.2343664557,0.001794778642,0.2232666598,0.00176044933,0.2232666598,0.00176044933,1,0,1,0,1,0,1,0,0.253715699,0.002000538874,0,0,0,0,0,0,0,0,0,0
0.3,top1,100,100,100,5,33964,0,38596,0,33964,0,1,0,0,0,1,0,0.2185137204,0.001596529655,0.2185137204,0.001596529655,0.2343664557,0.001794778642,0.2343664557,0.001794778642,0.2232666598,0.00176044933,0.2232666598,0.00176044933,1,0,1,0,1,0,1,0,0.253715699,0.002000538874,0,0,0,0,0,0,0,0,0,0
0.3,top1,250,250,250,5,33964,0,38596,0,33964,0,1,0,0,0,1,0,0.2185137204,0.001596529655,0.2185137204,0.001596529655,0.2343664557,0.001794778642,0.2343664557,0.001794778642,0.2232666598,0.00176044933,0.2232666598,0.00176044933,1,0,1,0,1,0,1,0,0.253715699,0.002000538874,0,0,0,0,0,0,0,0,0,0
0.3,top1,500,500,500,5,33964,0,38596,0,33964,0,1,0,0,0,1,0,0.2185137204,0.001596529655,0.2185137204,0.001596529655,0.2343664557,0.001794778642,0.2343664557,0.001794778642,0.2232666598,0.00176044933,0.2232666598,0.00176044933,1,0,1,0,1,0,1,0,0.253715699,0.002000538874,0,0,0,0,0,0,0,0,0,0
0.3,top1,1000,1000,1000,5,33964,0,38596,0,33964,0,1,0,0,0,1,0,0.2185137204,0.001596529655,0.2185137204,0.001596529655,0.2343664557,0.001794778642,0.2343664557,0.001794778642,0.2232666598,0.00176044933,0.2232666598,0.00176044933,1,0,1,0,1,0,1,0,0.253715699,0.002000538874,0,0,0,0,0,0,0,0,0,0
0.3,top1,2000,2000,2000,5,33964,0,38596,0,33964,0,1,0,0,0,1,0,0.2185137204,0.001596529655,0.2185137204,0.001596529655,0.2343664557,0.001794778642,0.2343664557,0.001794778642,0.2232666598,0.00176044933,0.2232666598,0.00176044933,1,0,1,0,1,0,1,0,0.253715699,0.002000538874,0,0,0,0,0,0,0,0,0,0
0.3,top1,3000,3000,3000,5,33964,0,38596,0,33964,0,1,0,0,0,1,0,0.2185137204,0.001596529655,0.2185137204,0.001596529655,0.2343664557,0.001794778642,0.2343664557,0.001794778642,0.2232666598,0.00176044933,0.2232666598,0.00176044933,1,0,1,0,1,0,1,0,0.253715699,0.002000538874,0,0,0,0,0,0,0,0,0,0
0.3,top1,4000,4000,4000,5,33964,0,38596,0,33964,0,1,0,0,0,1,0,0.2185137204,0.001596529655,0.2185137204,0.001596529655,0.2343664557,0.001794778642,0.2343664557,0.001794778642,0.2232666598,0.00176044933,0.2232666598,0.00176044933,1,0,1,0,1,0,1,0,0.253715699,0.002000538874,0,0,0,0,0,0,0,0,0,0
0.3,top1,5000,5000,5000,5,33964,0,38596,0,33964,0,1,0,0,0,1,0,0.2185137204,0.001596529655,0.2185137204,0.001596529655,0.2343664557,0.001794778642,0.2343664557,0.001794778642,0.2232666598,0.00176044933,0.2232666598,0.00176044933,1,0,1,0,1,0,1,0,0.253715699,0.002000538874,0,0,0,0,0,0,0,0,0,0
0.3,top1,inf,inf,1000000000000,5,33964,0,38596,0,33964,0,1,0,0,0,1,0,0.2185137204,0.001596529655,0.2185137204,0.001596529655,0.2343664557,0.001794778642,0.2343664557,0.001794778642,0.2232666598,0.00176044933,0.2232666598,0.00176044933,1,0,1,0,1,0,1,0,0.253715699,0.002000538874,0,0,0,0,0,0,0,0,0,0
