seed,deletion_rate,method,query_count,label_count,cap_size,cap_label,cap_rank,answered_count,answer_rate,abstention_rate,answered_label_count,label_answer_rate,conditional_full_set_coverage,unconditional_full_set_recall,conditional_partial_answer_recall,unconditional_partial_answer_recall,conditional_label_recall,unconditional_label_recall,candidate_load,mean_answered_set_size,top1_accuracy_on_answered,full_vocabulary_answered_rate,median_answered_set_size,p90_answered_set_size,candidate_load_saved_vs_uncapped,candidate_load_reduction_vs_uncapped,unconditional_full_set_recall_loss_vs_uncapped,conditional_full_set_coverage_delta_vs_uncapped
17,0,adaptive,33964,38596,1,1,1,453,0.01333765163,0.9866623484,622,0.01611565965,0.4701986755,0.006271346131,0.5483811626,0.007314116908,0.4758842444,0.007669188517,0.01333765163,1,0.6534216336,0,1,1,3894.148216,0.999996575,0.8929454717,-0.4290181423
17,0,adaptive,33964,38596,10,10,10,2728,0.08032033918,0.9196796608,3550,0.09197844336,0.6532258065,0.05246731834,0.708954464,0.05694346301,0.6566197183,0.06039485957,0.3437463196,4.279692082,0.6407624633,0,4,8,3893.817807,0.9999117278,0.8467494995,-0.2459910114
17,0,adaptive,33964,38596,50,50,50,5768,0.1698268755,0.8301731245,7364,0.1907969738,0.6992024965,0.1187433753,0.7477152957,0.1269821524,0.7145573058,0.1363353715,2.81380285,16.56865465,0.5138696255,0,12,41,3891.347751,0.9992774304,0.7804734425,-0.2000143213
17,0,adaptive,33964,38596,100,100,100,7576,0.2230597103,0.7769402897,9567,0.2478754275,0.7241288279,0.1615239666,0.7676764867,0.1712376947,0.7408801087,0.1836459737,6.659433518,29.85493664,0.465813094,0,20,74,3887.50212,0.9982898928,0.7376928513,-0.1750879899
17,0,adaptive,33964,38596,250,250,250,10010,0.2947238252,0.7052761748,12490,0.3236086641,0.7456543457,0.219762101,0.7857709354,0.2315854158,0.7623698959,0.2467095036,18.59462961,63.09170829,0.4182817183,0,38,176,3875.566924,0.9952249979,0.6794547168,-0.1535624722
17,0,adaptive,33964,38596,500,500,500,11970,0.3524319868,0.6475680132,15076,0.390610426,0.7520467836,0.2650453421,0.7938964806,0.279794514,0.7708278058,0.3010933776,38.98733954,110.623726,0.386299081,0,54,320,3855.174214,0.9899882583,0.6341714757,-0.1471700342
17,0,adaptive,33964,38596,1000,1000,1000,13531,0.3983924155,0.6016075845,16896,0.4377655716,0.7651319193,0.3048227535,0.8040135644,0.320312906,0.7826112689,0.3426002695,72.193499,181.2120316,0.3637572981,0,72,545,3821.968054,0.981461093,0.5943940643,-0.1340848985
17,0,adaptive,33964,38596,2000,2000,2000,15003,0.4417324226,0.5582675774,18509,0.4795574671,0.7789108845,0.344070192,0.8147464422,0.3598999197,0.7937219731,0.380635299,135.200477,306.0687196,0.3476638006,0,98,988,3758.961076,0.9652812357,0.5551466258,-0.1203059333
17,0,adaptive,33964,38596,3000,3000,3000,15352,0.4520080085,0.5479919915,18881,0.4891957716,0.781591975,0.3532858321,0.8167431522,0.3691744457,0.7958794555,0.3893408643,157.9842775,349.5165451,0.3443199583,0,105,1154,3736.177276,0.9594304768,0.5459309857,-0.1176248428
17,0,adaptive,33964,38596,4000,4000,4000,15662,0.4611353198,0.5388646802,19220,0.4979790652,0.7852126165,0.362089271,0.819806381,0.3780416776,0.7989073881,0.3978391543,191.8251089,415.9844209,0.341335717,0,113,1312.9,3702.336444,0.9507403311,0.5371275468,-0.1140042013
17,0,adaptive,33964,38596,5000,5000,5000,16451,0.4843657991,0.5156342009,20095,0.5206498083,0.7938727129,0.384524791,0.8269289125,0.4005360835,0.8063199801,0.419810343,295.9348428,610.9738618,0.334143821,0,130,1833,3598.226711,0.9240055045,0.5146920269,-0.1053441049
17,0,adaptive,33964,38596,inf,inf,1000000000000,33964,1,0,38596,1,0.8992168178,0.8992168178,0.9152869962,0.9152869962,0.8983314333,0.8983314333,3894.161553,3894.161553,0.2616005182,0.3311447415,5640.5,7128,0,0,0,0
17,0,rolling,33964,38596,1,1,1,447,0.01316099399,0.986839006,614,0.01590838429,0.4675615213,0.006153574373,0.5453020134,0.007176716523,0.4739413681,0.007539641414,0.01316099399,1,0.6510067114,0,1,1,3904.843776,0.9999966296,0.8935048875,-0.4320969406
17,0,rolling,33964,38596,10,10,10,2707,0.07970203745,0.9202979625,3526,0.09135661727,0.6531215368,0.05205511718,0.7087283996,0.05648709745,0.656551333,0.05998030884,0.3412436698,4.281492427,0.6405615072,0,4,8,3904.515693,0.9999126105,0.8476033447,-0.2465369251
17,0,rolling,33964,38596,50,50,50,5728,0.1686491579,0.8313508421,7319,0.1896310498,0.6991969274,0.117918973,0.747699341,0.1260988643,0.714715125,0.1355321795,2.793016135,16.56110335,0.5146648045,0,12,41,3902.063921,0.9992847328,0.7817394889,-0.2004615345
17,0,rolling,33964,38596,100,100,100,7545,0.2221469792,0.7778530208,9531,0.2469426884,0.7243207422,0.1609056648,0.7677601586,0.1705556,0.7410555031,0.1829982382,6.659845719,29.97945659,0.4669317429,0,20,75,3898.197091,0.9982944713,0.7387527971,-0.1753377197
17,0,rolling,33964,38596,250,250,250,9964,0.29336945,0.70663055,12438,0.3222613742,0.7456844641,0.2187610411,0.7856433558,0.2304837592,0.7624216112,0.2456990362,18.52031563,63.1296668,0.4186069851,0,38,176,3886.336621,0.9952571078,0.6808974208,-0.1539739978
17,0,rolling,33964,38596,500,500,500,11924,0.3510776116,0.6489223884,15018,0.3891076796,0.7520966119,0.2640442822,0.793779286,0.2786781359,0.7708083633,0.2999274536,38.92603934,110.8758806,0.3863636364,0,55,320,3865.930897,0.9900313789,0.6356141797,-0.14756185
17,0,rolling,33964,38596,1000,1000,1000,13487,0.3970969262,0.6029030738,16850,0.4365737382,0.7651812857,0.3038511365,0.8039735207,0.3192554138,0.7827299703,0.3417193492,72.21458014,181.8563061,0.3644250019,0,73,545.4,3832.642357,0.9815064722,0.5958073254,-0.1344771762
17,0,rolling,33964,38596,2000,2000,2000,14946,0.440054175,0.559945825,18447,0.477951083,0.7789375084,0.3427747026,0.8147145863,0.3585185551,0.7937876077,0.3793916468,134.5196973,305.6889469,0.3480529908,0,98,987,3770.337239,0.965550672,0.5568837593,-0.1207209535
17,0,rolling,33964,38596,3000,3000,3000,15296,0.4503592039,0.5496407961,18824,0.4877189346,0.781707636,0.3520492286,0.8167968231,0.367851967,0.7960582235,0.3882526687,157.4909021,349.7006407,0.3447306485,0,105,1143.5,3747.366035,0.9596679457,0.5476092333,-0.1179508259
17,0,rolling,33964,38596,4000,4000,4000,15613,0.4596926157,0.5403073843,19171,0.4967095036,0.7853071159,0.3609998822,0.8198226397,0.3768664136,0.7990715143,0.3969064152,191.9146449,417.4847243,0.3418305258,0,113,1321.8,3712.942292,0.9508523237,0.5386585797,-0.114351346
17,0,rolling,33964,38596,5000,5000,5000,16407,0.4830703097,0.5169296903,20044,0.5193284278,0.7942951179,0.3837003886,0.8272317226,0.3996110845,0.8066753143,0.4189294227,296.8599694,614.5274578,0.3341256781,0,131,1850.4,3607.996967,0.9239767361,0.5159580733,-0.105363344
17,0,rolling,33964,38596,inf,inf,1000000000000,33964,1,0,38596,1,0.8996584619,0.8996584619,0.9156427651,0.9156427651,0.898745984,0.898745984,3904.856937,3904.856937,0.2616005182,0.3326757743,5692,7128,0,0,0,0
17,0,static,33964,38596,1,1,1,1259,0.03706866094,0.9629313391,1703,0.04412374339,0.4980142971,0.01846072312,0.5661062572,0.0209848009,0.4862008221,0.02145300031,0.03706866094,1,0.6576648133,0,1,1,2821.645301,0.9999868629,0.8093864091,-0.3298328352
17,0,static,33964,38596,10,10,10,5172,0.1522788835,0.8477211165,6447,0.167038035,0.6051817479,0.0921564009,0.6526885458,0.09939068304,0.609430743,0.1017981138,0.587209987,3.856148492,0.5580046404,0,3,8,2821.09516,0.9997918937,0.7356907314,-0.2226653844
17,0,static,33964,38596,50,50,50,9496,0.2795901543,0.7204098457,11690,0.3028811276,0.6404802022,0.1790719585,0.6847664347,0.1914539531,0.6541488452,0.1981293398,3.911111765,13.9887321,0.4399747262,0,9,37,2817.771258,0.9986139079,0.6487751737,-0.1873669301
17,0,static,33964,38596,100,100,100,11888,0.3500176658,0.6499823342,14554,0.3770857084,0.6535161507,0.2287421976,0.6952927055,0.2433647298,0.6672392469,0.2516063841,9.056707102,25.875,0.4007402423,0,14,71,2812.625662,0.9967903166,0.5991049346,-0.1743309815
17,0,static,33964,38596,250,250,250,15137,0.4456777765,0.5543222235,18563,0.4809565758,0.6749025566,0.3007890708,0.7158715478,0.3190480397,0.689274363,0.3315110374,24.39730303,54.74202286,0.3647354165,0,26,158,2797.285067,0.9913536324,0.5270580615,-0.1529445756
17,0,static,33964,38596,500,500,500,17081,0.502914851,0.497085149,20727,0.5370245621,0.6905333411,0.3472794724,0.7282329851,0.3662391832,0.7032855695,0.377681625,44.78839359,89.05760787,0.3452959429,0,37,270,2776.893976,0.9841270605,0.4805676599,-0.1373137911
17,0,static,33964,38596,1000,1000,1000,18821,0.5541455659,0.4458544341,22620,0.5860710955,0.7044259072,0.390354493,0.7395966006,0.4098441767,0.7155172414,0.4193439735,81.88673301,147.7711599,0.3284628872,0,49,473,2739.795637,0.9709794646,0.4374926393,-0.123421225
17,0,static,33964,38596,2000,2000,2000,20346,0.5990460488,0.4009539512,24294,0.6294434656,0.7181755628,0.4302202332,0.7513121802,0.450070593,0.7279163579,0.458182195,145.661259,243.1553622,0.3184901209,0,61,821,2676.021111,0.9483778683,0.3976268991,-0.1096715695
17,0,static,33964,38596,3000,3000,3000,20656,0.60817336,0.39182664,24626,0.6380453933,0.7205170411,0.4381992698,0.7532370394,0.4580987011,0.7299602047,0.4657477459,166.3205158,273.4755035,0.3175832688,0,64,918,2655.361854,0.9410562586,0.3896478624,-0.1073300912
17,0,static,33964,38596,4000,4000,4000,20912,0.6157107526,0.3842892474,24915,0.6455332159,0.7232689365,0.4453244612,0.7556362034,0.4652533355,0.7325306041,0.4728728366,194.5491992,315.9749904,0.3162777353,0,66,1000,2627.13317,0.9310520556,0.3825226711,-0.1045781958
17,0,static,33964,38596,5000,5000,5000,21590,0.6356730656,0.3643269344,25657,0.664758006,0.7308476146,0.4645801437,0.762267915,0.4845531824,0.7392914214,0.4914498912,284.3048522,447.2501158,0.3130152849,0,73,1287,2537.377517,0.8992427868,0.3632669886,-0.09699951762
17,0,static,33964,38596,inf,inf,1000000000000,33964,1,0,38596,1,0.8278471323,0.8278471323,0.8478496139,0.8478496139,0.825759146,0.825759146,2821.68237,2821.68237,0.2616005182,0.2212048051,479,7128,0,0,0,0
17,0,top1,33964,38596,1,1,1,33964,1,0,38596,1,0.2262101048,0.2262101048,0.2421586559,0.2421586559,0.2302052026,0.2302052026,1,1,0.2616005182,0,1,1,0,0,0,0
17,0,top1,33964,38596,10,10,10,33964,1,0,38596,1,0.2262101048,0.2262101048,0.2421586559,0.2421586559,0.2302052026,0.2302052026,1,1,0.2616005182,0,1,1,0,0,0,0
17,0,top1,33964,38596,50,50,50,33964,1,0,38596,1,0.2262101048,0.2262101048,0.2421586559,0.2421586559,0.2302052026,0.2302052026,1,1,0.2616005182,0,1,1,0,0,0,0
17,0,top1,33964,38596,100,100,100,33964,1,0,38596,1,0.2262101048,0.2262101048,0.2421586559,0.2421586559,0.2302052026,0.2302052026,1,1,0.2616005182,0,1,1,0,0,0,0
17,0,top1,33964,38596,250,250,250,33964,1,0,38596,1,0.2262101048,0.2262101048,0.2421586559,0.2421586559,0.2302052026,0.2302052026,1,1,0.2616005182,0,1,1,0,0,0,0
17,0,top1,33964,38596,500,500,500,33964,1,0,38596,1,0.2262101048,0.2262101048,0.2421586559,0.2421586559,0.2302052026,0.2302052026,1,1,0.2616005182,0,1,1,0,0,0,0
17,0,top1,33964,38596,1000,1000,1000,33964,1,0,38596,1,0.2262101048,0.2262101048,0.2421586559,0.2421586559,0.2302052026,0.2302052026,1,1,0.2616005182,0,1,1,0,0,0,0
17,0,top1,33964,38596,2000,2000,2000,33964,1,0,38596,1,0.2262101048,0.2262101048,0.2421586559,0.2421586559,0.2302052026,0.2302052026,1,1,0.2616005182,0,1,1,0,0,0,0
17,0,top1,33964,38596,3000,3000,3000,33964,1,0,38596,1,0.2262101048,0.2262101048,0.2421586559,0.2421586559,0.2302052026,0.2302052026,1,1,0.2616005182,0,1,1,0,0,0,0
17,0,top1,33964,38596,4000,4000,4000,33964,1,0,38596,1,0.2262101048,0.2262101048,0.2421586559,0.2421586559,0.2302052026,0.2302052026,1,1,0.2616005182,0,1,1,0,0,0,0
17,0,top1,33964,38596,5000,5000,5000,33964,1,0,38596,1,0.2262101048,0.2262101048,0.2421586559,0.2421586559,0.2302052026,0.2302052026,1,1,0.2616005182,0,1,1,0,0,0,0
17,0,top1,33964,38596,inf,inf,1000000000000,33964,1,0,38596,1,0.2262101048,0.2262101048,0.2421586559,0.2421586559,0.2302052026,0.2302052026,1,1,0.2616005182,0,1,1,0,0,0,0
17,0,weighted,33964,38596,1,1,1,457,0.01345542339,0.9865445766,633,0.01640066328,0.4682713348,0.006300789071,0.5468636032,0.007358281317,0.4723538705,0.007746916779,0.01345542339,1,0.6542669584,0,1,1,3888.380108,0.9999965396,0.8927099282,-0.4307393824
17,0,weighted,33964,38596,10,10,10,2741,0.0807030974,0.9192969026,3567,0.09241890351,0.6541408245,0.05279119067,0.710091613,0.0573065926,0.6574151948,0.06075759146,0.3460428689,4.287851149,0.6413717621,0,4,8,3888.047521,0.9999110062,0.8462195266,-0.2448698927
17,0,weighted,33964,38596,50,50,50,5787,0.1703862914,0.8296137086,7385,0.1913410716,0.6991532746,0.1191261336,0.7475973103,0.1273803331,0.7142857143,0.136672194,2.822930161,16.56782443,0.5140832901,0,12,41,3885.570634,0.9992740112,0.7798845837,-0.1998574426
17,0,weighted,33964,38596,100,100,100,7594,0.2235896832,0.7764103168,9588,0.2484195253,0.7243876745,0.1619656106,0.7679010894,0.1716947613,0.7409261577,0.1840605244,6.664409375,29.80642613,0.4656307611,0,20,74,3881.729154,0.9982860764,0.7370451066,-0.1746230428
17,0,weighted,33964,38596,250,250,250,10033,0.2954010128,0.7045989872,12517,0.3243082185,0.7449416924,0.2200565304,0.7851181973,0.2319247107,0.7615243269,0.2469685978,18.62324815,63.04395495,0.4176218479,0,38,176,3869.770316,0.9952105547,0.6789541868,-0.1540690248
17,0,weighted,33964,38596,500,500,500,11991,0.3530502885,0.6469497115,15101,0.3912581615,0.7516470686,0.2653692145,0.7935644524,0.2801681589,0.7703463347,0.3014042906,38.9839536,110.4203986,0.3862063214,0,54,319,3849.40961,0.9899742778,0.6336415028,-0.1473636486
17,0,weighted,33964,38596,1000,1000,1000,13554,0.3990696031,0.6009303969,16921,0.4384133071,0.7647926811,0.3052055117,0.8037330689,0.3207454368,0.7821641747,0.3429111825,72.25503474,181.0587281,0.3638040431,0,73,546,3816.138529,0.9814177671,0.5938052055,-0.1342180361
17,0,weighted,33964,38596,2000,2000,2000,15029,0.442497939,0.557502061,18540,0.4803606591,0.7786945239,0.3445707219,0.8145805675,0.3604502223,0.7934196332,0.381127578,135.4094924,306.0115776,0.3476611884,0,98,985,3752.984071,0.9651759807,0.5544399953,-0.1203161933
17,0,weighted,33964,38596,3000,3000,3000,15396,0.4533034978,0.5466965022,18927,0.4903876049,0.7815016888,0.3542574491,0.8166622077,0.3701958353,0.7956358641,0.3901699658,159.6028736,352.0883346,0.3439204988,0,105,1158,3728.79069,0.9589540331,0.5447532682,-0.1175090285
17,0,weighted,33964,38596,4000,4000,4000,15699,0.4622247085,0.5377752915,19265,0.4991449891,0.785018154,0.3628547874,0.819606218,0.3788422452,0.7986504023,0.3986423464,192.8043517,417.1225556,0.3413593222,0,112,1322.2,3695.589212,0.9504154226,0.5361559298,-0.1139925632
17,0,weighted,33964,38596,5000,5000,5000,16480,0.4852196443,0.5147803557,20130,0.521556638,0.79375,0.3851430927,0.826820268,0.4011894363,0.8061102832,0.4204321691,296.0575609,610.1516383,0.3338592233,0,130,1833.1,3592.336003,0.9238612152,0.5138676245,-0.1052607172
17,0,weighted,33964,38596,inf,inf,1000000000000,33964,1,0,38596,1,0.8990107172,0.8990107172,0.9151159468,0.9151159468,0.8980723391,0.8980723391,3888.393564,3888.393564,0.2616005182,0.3307619833,5604,7128,0,0,0,0
29,0,adaptive,33964,38596,1,1,1,490,0.0144270404,0.9855729596,731,0.01893978651,0.4408163265,0.00635967495,0.5172675737,0.007462640181,0.4213406293,0.007980101565,0.0144270404,1,0.6285714286,0,1,1,3942.591891,0.9999963407,0.894270404,-0.4598137524
29,0,adaptive,33964,38596,10,10,10,2846,0.08379460605,0.9162053939,3842,0.0995439942,0.6212227688,0.05205511718,0.6812980346,0.05708910041,0.6197293077,0.0616903306,0.3680073018,4.391777934,0.6194659171,0,4,9,3942.238311,0.9999066589,0.8485749617,-0.2794073101
29,0,adaptive,33964,38596,50,50,50,5790,0.1704746202,0.8295253798,7387,0.1913928905,0.6829015544,0.1164173831,0.73162109,0.1247228274,0.6910789224,0.1322675925,2.689789189,15.77823834,0.5077720207,0,11,39,3939.916529,0.9993177637,0.7842126958,-0.2177285245
29,0,adaptive,33964,38596,100,100,100,7469,0.2199093157,0.7800906843,9434,0.2444294746,0.7102691123,0.1561947945,0.7558085058,0.1662093314,0.7215391138,0.1763654265,6.300671299,28.65122506,0.4671308073,0,18,74,3936.305647,0.998401902,0.7444352844,-0.1903609666
29,0,adaptive,33964,38596,250,250,250,9902,0.2915439878,0.7084560122,12390,0.321017722,0.7421732983,0.216376163,0.782017141,0.2279923958,0.7531880549,0.2417867136,18.2742021,62.68077156,0.4186023026,0,34.5,177,3924.332116,0.9953649437,0.6842539159,-0.1584567806
29,0,adaptive,33964,38596,500,500,500,11641,0.3427452597,0.6572547403,14528,0.3764120634,0.7529421871,0.2580673654,0.7911990392,0.2711797202,0.7652120044,0.2880350295,36.74337534,107.2031612,0.3877673739,0,51,314,3905.862943,0.9906804351,0.6425627135,-0.1476878918
29,0,adaptive,33964,38596,1000,1000,1000,13246,0.3900011777,0.6099988223,16527,0.4282049953,0.7658160954,0.2986691791,0.8026349075,0.3130285592,0.7789677497,0.3335578816,70.84315746,181.6485732,0.3663747546,0,72,561,3871.763161,0.9820313895,0.6019608998,-0.1348139835
29,0,adaptive,33964,38596,2000,2000,2000,14797,0.435667177,0.564332823,18250,0.4728469271,0.7796850713,0.339683194,0.8134623224,0.3543988336,0.7910684932,0.3740543061,136.5719585,313.477732,0.3494627289,0,97,1031,3806.03436,0.9653599808,0.5609468849,-0.1209450076
29,0,adaptive,33964,38596,3000,3000,3000,15173,0.4467377223,0.5532622777,18662,0.4835216085,0.7827061227,0.3496643505,0.815712251,0.3644094331,0.7936448398,0.3837444295,161.727064,362.0179266,0.3458775456,0,106,1187,3780.879255,0.9589796569,0.5509657284,-0.1179239562
29,0,adaptive,33964,38596,4000,4000,4000,15446,0.4547756448,0.5452243552,18984,0.4918644419,0.7853813285,0.3571723001,0.8179551546,0.3719860828,0.7961967973,0.3916208934,191.8280238,421.8080409,0.3441667746,0,112,1338.5,3750.778295,0.9513448698,0.5434577788,-0.1152487504
29,0,adaptive,33964,38596,5000,5000,5000,16245,0.4783005535,0.5216994465,19867,0.5147424604,0.7941520468,0.3798433636,0.8253699795,0.3947749181,0.8037952383,0.4137475386,297.1316688,621.2237612,0.3388734995,0,132,1843.6,3645.47465,0.9246357245,0.5207867153,-0.1064780321
29,0,adaptive,33964,38596,inf,inf,1000000000000,33964,1,0,38596,1,0.9006300789,0.9006300789,0.9156450551,0.9156450551,0.8982018862,0.8982018862,3942.606318,3942.606318,0.2615416323,0.3418619715,5940.5,7128,0,0,0,0
29,0,rolling,33964,38596,1,1,1,488,0.01436815452,0.9856318455,729,0.01888796767,0.4405737705,0.00633023201,0.5173383424,0.007433197242,0.4211248285,0.007954192144,0.01436815452,1,0.6290983607,0,1,1,3953.896596,0.9999963661,0.8949181486,-0.4606746101
29,0,rolling,33964,38596,10,10,10,2835,0.08347073372,0.9165292663,3830,0.09923308115,0.6211640212,0.05184901661,0.681707539,0.05690262846,0.6203655352,0.0615607835,0.3684783889,4.414462081,0.6201058201,0,4,9,3953.542486,0.9999068066,0.849399364,-0.2800843595
29,0,rolling,33964,38596,50,50,50,5764,0.1697091038,0.8302908962,7353,0.1905119702,0.6832061069,0.1159462961,0.7317695081,0.1241879474,0.6911464708,0.1316716758,2.689818631,15.84958362,0.507980569,0,11,39,3951.221146,0.9993197068,0.7853020846,-0.2180422738
29,0,rolling,33964,38596,100,100,100,7433,0.2188493699,0.7811506301,9397,0.243470826,0.7102112202,0.1554292781,0.7557469479,0.1653947434,0.7215068639,0.1756658721,6.285832057,28.72218485,0.4673752186,0,18,75,3947.625132,0.9984102242,0.7458191026,-0.1910371604
29,0,rolling,33964,38596,250,250,250,9862,0.2903662702,0.7096337298,12340,0.319722251,0.7427499493,0.2156695324,0.7825187991,0.227217065,0.7535656402,0.2409317028,18.25674243,62.87487325,0.4192861489,0,35,177,3935.654222,0.9953826116,0.6855788482,-0.1584984313
29,0,rolling,33964,38596,500,500,500,11601,0.3415675421,0.6584324579,14482,0.3752202301,0.7537281269,0.2574490637,0.7919588555,0.2705074397,0.7660544124,0.2874391129,36.78765752,107.7024394,0.3883285924,0,51,315,3917.123307,0.9906958812,0.6437993169,-0.1475202538
29,0,rolling,33964,38596,1000,1000,1000,13185,0.3882051584,0.6117948416,16462,0.426520883,0.7660219947,0.2973736898,0.8029226634,0.3116987197,0.7793099259,0.3323919577,70.36747733,181.2636329,0.3670079636,0,72,558.6,3883.543487,0.9822030698,0.6038746908,-0.1352263859
29,0,rolling,33964,38596,2000,2000,2000,14744,0.4341067012,0.5658932988,18192,0.4713441807,0.7801139447,0.3386526911,0.813922182,0.3533290735,0.7915567282,0.3730956576,136.4535979,314.3319316,0.3497693977,0,98,1037.7,3817.457367,0.9654889553,0.5625956896,-0.121134436
29,0,rolling,33964,38596,3000,3000,3000,15118,0.4451183606,0.5548816394,18607,0.4820965903,0.7832385236,0.3486338476,0.8163206322,0.3633593015,0.7942709733,0.382915328,161.4180897,362.6408255,0.3460775235,0,106,1188,3792.492875,0.9591750823,0.552614533,-0.118009857
29,0,rolling,33964,38596,4000,4000,4000,15404,0.4535390413,0.5464609587,18938,0.4906726086,0.7859646845,0.3564656695,0.8185840464,0.3712598237,0.7968106453,0.3909731578,193.0142504,425.5736172,0.3442612308,0,113,1341.7,3760.896714,0.9511839664,0.5447827111,-0.1152836961
29,0,rolling,33964,38596,5000,5000,5000,16199,0.4769461783,0.5230538217,19816,0.5134210799,0.7948638805,0.3791072901,0.8261293074,0.394019216,0.804501413,0.4130479842,298.1927335,625.212544,0.3387246126,0,133,1856,3655.718231,0.9245828406,0.5221410906,-0.1063845002
29,0,rolling,33964,38596,inf,inf,1000000000000,33964,1,0,38596,1,0.9012483806,0.9012483806,0.9162437282,0.9162437282,0.8988237123,0.8988237123,3953.910965,3953.910965,0.2615416323,0.3430102461,5990.5,7128,0,0,0,0
29,0,static,33964,38596,1,1,1,1342,0.03951242492,0.9604875751,1840,0.04767333402,0.4910581222,0.01940289719,0.558937738,0.02208498541,0.4755434783,0.02267074308,0.03951242492,1,0.6520119225,0,1,1,2866.910611,0.999986218,0.8087681074,-0.3371128824
29,0,static,33964,38596,10,10,10,5279,0.1554292781,0.8445707219,6654,0.1724012851,0.5813601061,0.09036038158,0.627129582,0.09747429818,0.5773970544,0.0995439942,0.5900365092,3.796173518,0.5442318621,0,3,8,2866.360087,0.9997941937,0.737810623,-0.2468108985
29,0,static,33964,38596,50,50,50,9499,0.2796784831,0.7203215169,11673,0.3024406674,0.6304874197,0.1763337652,0.6716637257,0.1878498919,0.6359976013,0.192351539,3.8723943,13.84587851,0.4416254343,0,8,37,2863.077729,0.9986492983,0.6518372394,-0.1976835849
29,0,static,33964,38596,100,100,100,11680,0.3438935343,0.6561064657,14292,0.3702974401,0.6476027397,0.222706395,0.6861401595,0.2359591645,0.6556815001,0.2427971811,8.57231186,24.92722603,0.4065924658,0,13,70,2858.377812,0.9970099543,0.6054646096,-0.1805682649
29,0,static,33964,38596,250,250,250,14841,0.4369626664,0.5630373336,18097,0.4688827858,0.6690923792,0.2923683901,0.7067841608,0.3088382914,0.6785655081,0.3181676858,23.7305971,54.30806549,0.3665521191,0,25,161,2843.219527,0.9917227032,0.5358026145,-0.1590786254
29,0,static,33964,38596,500,500,500,16861,0.4964374043,0.5035625957,20463,0.5301844751,0.685605836,0.3403603816,0.721175169,0.3580183289,0.6952059815,0.3685874184,44.88985396,90.4239962,0.3487930728,0,35,275,2822.06027,0.9843422969,0.487810623,-0.1425651686
29,0,static,33964,38596,1000,1000,1000,18601,0.5476681192,0.4523318808,22365,0.5794641932,0.7017364658,0.3843186904,0.7349695101,0.4025193692,0.7098144422,0.4113120531,81.18749264,148.2421375,0.3346056664,0,47,478,2785.762631,0.9716815818,0.4438523142,-0.1264345388
29,0,static,33964,38596,2000,2000,2000,20134,0.5928041456,0.4071958544,24021,0.6223701938,0.7149101023,0.4238016724,0.7462377665,0.4423728416,0.7217851047,0.4492175355,145.5714286,245.5641204,0.3223403199,0,60,806.7,2721.378695,0.9492242898,0.4043693322,-0.1132609023
29,0,static,33964,38596,3000,3000,3000,20468,0.6026380874,0.3973619126,24384,0.6317753135,0.7177056869,0.4325167825,0.7486605689,0.4511713733,0.7242864173,0.4575862784,167.6977682,278.2727672,0.3204025796,0,63,916,2699.252355,0.9415065624,0.3956542221,-0.1104653177
29,0,static,33964,38596,4000,4000,4000,20681,0.6089094335,0.3910905665,24620,0.6378899368,0.7201779411,0.4385231422,0.7508140092,0.457177733,0.7265637693,0.4634677169,191.1440643,313.9121416,0.3188433828,0,66,1006,2675.806059,0.9333284305,0.3896478624,-0.1079930635
29,0,static,33964,38596,5000,5000,5000,21351,0.628636203,0.371363797,25359,0.6570369987,0.7279752705,0.4576316099,0.7577436431,0.4763450867,0.7336251429,0.4820188621,279.7589212,445.025151,0.3147861927,0,74,1303,2587.191202,0.9024193275,0.3705393947,-0.1001957341
29,0,static,33964,38596,inf,inf,1000000000000,33964,1,0,38596,1,0.8281710046,0.8281710046,0.8468992028,0.8468992028,0.8242563996,0.8242563996,2866.950124,2866.950124,0.2615416323,0.2302732305,520.5,7128,0,0,0,0
29,0,top1,33964,38596,1,1,1,33964,1,0,38596,1,0.2257390178,0.2257390178,0.2418985766,0.2418985766,0.2301533838,0.2301533838,1,1,0.2615416323,0,1,1,0,0,0,0
29,0,top1,33964,38596,10,10,10,33964,1,0,38596,1,0.2257390178,0.2257390178,0.2418985766,0.2418985766,0.2301533838,0.2301533838,1,1,0.2615416323,0,1,1,0,0,0,0
29,0,top1,33964,38596,50,50,50,33964,1,0,38596,1,0.2257390178,0.2257390178,0.2418985766,0.2418985766,0.2301533838,0.2301533838,1,1,0.2615416323,0,1,1,0,0,0,0
29,0,top1,33964,38596,100,100,100,33964,1,0,38596,1,0.2257390178,0.2257390178,0.2418985766,0.2418985766,0.2301533838,0.2301533838,1,1,0.2615416323,0,1,1,0,0,0,0
29,0,top1,33964,38596,250,250,250,33964,1,0,38596,1,0.2257390178,0.2257390178,0.2418985766,0.2418985766,0.2301533838,0.2301533838,1,1,0.2615416323,0,1,1,0,0,0,0
29,0,top1,33964,38596,500,500,500,33964,1,0,38596,1,0.2257390178,0.2257390178,0.2418985766,0.2418985766,0.2301533838,0.2301533838,1,1,0.2615416323,0,1,1,0,0,0,0
29,0,top1,33964,38596,1000,1000,1000,33964,1,0,38596,1,0.2257390178,0.2257390178,0.2418985766,0.2418985766,0.2301533838,0.2301533838,1,1,0.2615416323,0,1,1,0,0,0,0
29,0,top1,33964,38596,2000,2000,2000,33964,1,0,38596,1,0.2257390178,0.2257390178,0.2418985766,0.2418985766,0.2301533838,0.2301533838,1,1,0.2615416323,0,1,1,0,0,0,0
29,0,top1,33964,38596,3000,3000,3000,33964,1,0,38596,1,0.2257390178,0.2257390178,0.2418985766,0.2418985766,0.2301533838,0.2301533838,1,1,0.2615416323,0,1,1,0,0,0,0
29,0,top1,33964,38596,4000,4000,4000,33964,1,0,38596,1,0.2257390178,0.2257390178,0.2418985766,0.2418985766,0.2301533838,0.2301533838,1,1,0.2615416323,0,1,1,0,0,0,0
29,0,top1,33964,38596,5000,5000,5000,33964,1,0,38596,1,0.2257390178,0.2257390178,0.2418985766,0.2418985766,0.2301533838,0.2301533838,1,1,0.2615416323,0,1,1,0,0,0,0
29,0,top1,33964,38596,inf,inf,1000000000000,33964,1,0,38596,1,0.2257390178,0.2257390178,0.2418985766,0.2418985766,0.2301533838,0.2301533838,1,1,0.2615416323,0,1,1,0,0,0,0
29,0,weighted,33964,38596,1,1,1,493,0.01451536921,0.9854846308,740,0.01917297129,0.4401622718,0.00638911789,0.5172301104,0.007507786022,0.4202702703,0.008057829827,0.01451536921,1,0.630831643,0,1,1,3939.282505,0.9999963152,0.8941231893,-0.4603500353
29,0,weighted,33964,38596,10,10,10,2859,0.08417736427,0.9158226357,3859,0.09998445435,0.6218957678,0.05234954658,0.6819310504,0.05740315843,0.6206271055,0.06205306249,0.3701860794,4.397691501,0.6190975866,0,4,9,3938.926834,0.9999060274,0.8481627606,-0.2786165394
29,0,weighted,33964,38596,50,50,50,5801,0.1707984925,0.8292015075,7399,0.1917038035,0.6831580762,0.1166823696,0.7318714206,0.1250025354,0.6913096364,0.1325266867,2.694205629,15.77417687,0.5076710912,0,11,39,3936.602815,0.9993160694,0.7838299376,-0.217354231
29,0,weighted,33964,38596,100,100,100,7489,0.2204981745,0.7795018255,9454,0.244947663,0.7102416878,0.1566069956,0.7556995233,0.1666303654,0.7213877724,0.1767022489,6.32852432,28.70102817,0.4665509414,0,18,75,3932.968496,0.9983934889,0.7439053115,-0.1902706193
29,0,weighted,33964,38596,250,250,250,9919,0.2920445177,0.7079554823,12414,0.3216395481,0.7420102833,0.2167000353,0.781874893,0.228342276,0.7526985661,0.2420976267,18.30535273,62.68000807,0.4185905837,0,35,177,3920.991668,0.9953531423,0.6838122718,-0.1585020239
29,0,weighted,33964,38596,500,500,500,11659,0.3432752326,0.6567247674,14549,0.3769561613,0.7528089888,0.2584206807,0.7911182791,0.2715713113,0.765001031,0.288371852,36.79678483,107.1932413,0.3873402522,0,51,315,3902.500236,0.9906590479,0.6420916264,-0.1477033184
29,0,weighted,33964,38596,1000,1000,1000,13258,0.390354493,0.609645507,16538,0.428489999,0.7658017801,0.2989341656,0.8026098947,0.3133023785,0.778812432,0.3337133382,70.68366506,181.075577,0.3662694222,0,72,558,3868.613355,0.982056782,0.6015781416,-0.1347105271
29,0,weighted,33964,38596,2000,2000,2000,14808,0.4359910493,0.5640089507,18262,0.4731578402,0.779443544,0.3398304087,0.8132159633,0.3545548812,0.7907677144,0.3741579438,136.2124308,312.4202458,0.3492706645,0,97,1030.3,3803.08459,0.9654221476,0.5606818985,-0.1210687631
29,0,weighted,33964,38596,3000,3000,3000,15181,0.4469732658,0.5530267342,18670,0.4837288838,0.782491272,0.3497526793,0.8154997684,0.3645065948,0.7933583289,0.3837703389,160.9517136,360.092484,0.3457611488,0,106,1181,3778.345307,0.9591420213,0.5507596278,-0.1180210352
29,0,weighted,33964,38596,4000,4000,4000,15470,0.4554822754,0.5445177246,19010,0.4925380868,0.7853264383,0.357702273,0.817869122,0.3725248886,0.796054708,0.3920872629,192.7317454,423.1377505,0.343956044,0,112,1333,3746.565275,0.951074584,0.5428100342,-0.1151858689
29,0,weighted,33964,38596,5000,5000,5000,16263,0.4788305264,0.5211694736,19886,0.5152347394,0.7941954129,0.3802850077,0.8253972402,0.395225395,0.8037312682,0.4141102705,297.5018255,621.3092295,0.3386828998,0,132,1843.8,3641.795195,0.9244784478,0.5202272995,-0.1063168942
29,0,weighted,33964,38596,inf,inf,1000000000000,33964,1,0,38596,1,0.9005123071,0.9005123071,0.9155508377,0.9155508377,0.8980464297,0.8980464297,3939.29702,3939.29702,0.2615416323,0.3415086562,5928,7128,0,0,0,0
43,0,adaptive,33964,38596,1,1,1,329,0.009686727123,0.9903132729,387,0.0100269458,0.5866261398,0.00568248734,0.6350050659,0.006151120795,0.5839793282,0.00585552907,0.009686727123,1,0.6869300912,0,1,1,3448.387234,0.9999971909,0.8850842068,-0.3041405543
43,0,adaptive,33964,38596,10,10,10,1565,0.04607820045,0.9539217996,1848,0.04788060939,0.7322683706,0.03374160876,0.774227902,0.03567502846,0.7494588745,0.03588454762,0.1917324226,4.161022364,0.6869009585,0,3,9,3448.205188,0.9999443995,0.8570250854,-0.1584983235
43,0,adaptive,33964,38596,50,50,50,4020,0.1183606171,0.8816393829,4713,0.1221110996,0.77039801,0.09118478389,0.8015837479,0.09487594708,0.7895183535,0.0964089543,2.203892357,18.62014925,0.5619402985,0,16,41,3446.193028,0.9993608937,0.7995819103,-0.1203686842
43,0,adaptive,33964,38596,100,100,100,6263,0.1844011306,0.8155988694,7464,0.1933879158,0.7793389749,0.1437109881,0.8091356645,0.1492055313,0.8018488746,0.1550678827,7.105552938,38.53313109,0.4861887274,0,32,85,3441.291367,0.997939462,0.747055706,-0.1114277192
43,0,adaptive,33964,38596,250,250,250,10365,0.3051760688,0.6948239312,12745,0.3302155664,0.7914134105,0.2415204334,0.8224588243,0.2509947507,0.8168693605,0.2697429785,27.51492757,90.16082972,0.415918958,0,75,203,3420.881993,0.9920209511,0.6492462607,-0.09935328363
43,0,adaptive,33964,38596,500,500,500,13137,0.3867918973,0.6132081027,16144,0.4182816872,0.792037756,0.3063537864,0.8236141469,0.3185672785,0.8164023786,0.3414861644,56.60408079,146.3424678,0.3756565426,0,110,356,3391.792839,0.9835853928,0.5844129078,-0.09872893819
43,0,adaptive,33964,38596,1000,1000,1000,15289,0.4501531033,0.5498468967,18815,0.4874857498,0.7920073255,0.3565245554,0.8232689339,0.3705970654,0.8164230667,0.3979946108,101.1712696,224.7485774,0.3478317745,0,144,598,3347.225651,0.9706613618,0.5342421387,-0.09875936862
43,0,adaptive,33964,38596,2000,2000,2000,17070,0.5025909787,0.4974090213,20781,0.5384236708,0.7997070885,0.4019255682,0.8289079514,0.4166016585,0.8222414706,0.4427142709,176.4639913,351.108553,0.3324545987,0,174,1022,3271.932929,0.948827239,0.4888411259,-0.09105960569
43,0,adaptive,33964,38596,3000,3000,3000,17861,0.5258803439,0.4741196561,21652,0.5609907762,0.8025866413,0.4220645389,0.830988862,0.4370007085,0.8244503972,0.4625090683,231.4196797,440.0614747,0.3257936286,0,188,1350,3216.977241,0.9328906489,0.4687021552,-0.08818005286
43,0,adaptive,33964,38596,4000,4000,4000,17958,0.528736309,0.471263691,21757,0.5637112654,0.8032074841,0.4246849605,0.8314841332,0.4396358516,0.8249299076,0.4650222821,241.483247,456.7177303,0.3249248246,0,190,1395.3,3206.913673,0.9299723168,0.4660817336,-0.08755921002
43,0,adaptive,33964,38596,5000,5000,5000,18762,0.5524084325,0.4475915675,22622,0.5861229143,0.8089222897,0.4468554941,0.8361204596,0.4618799924,0.8293696402,0.4861125505,349.8161877,633.2564226,0.3180897559,0,204,1870.9,3098.580733,0.8985568669,0.4439112001,-0.08184440441
43,0,adaptive,33964,38596,inf,inf,1000000000000,33964,1,0,38596,1,0.8907666941,0.8907666941,0.9060223196,0.9060223196,0.8965955021,0.8965955021,3448.39692,3448.39692,0.2551819574,0.235396302,1928,7128,0,0,0,0
43,0,rolling,33964,38596,1,1,1,326,0.009598398304,0.9904016017,384,0.009949217535,0.5858895706,0.00562360146,0.6347137014,0.006092234915,0.5833333333,0.005803710229,0.009598398304,1,0.6871165644,0,1,1,3466.830998,0.9999972314,0.8861735956,-0.3059076265
43,0,rolling,33964,38596,10,10,10,1541,0.0453715699,0.9546284301,1818,0.04710332677,0.7319922128,0.03321163585,0.7737399957,0.0351057983,0.7486248625,0.03526272153,0.1869921093,4.121349773,0.6898118105,0,3,9,3466.653604,0.9999460627,0.8585855612,-0.1598049842
43,0,rolling,33964,38596,50,50,50,3991,0.1175067719,0.8824932281,4681,0.1212819981,0.7717364069,0.09068425392,0.8030234695,0.09436069564,0.790643025,0.09589076588,2.194971146,18.67952894,0.5625156602,0,16,42,3464.645625,0.999366867,0.8011129431,-0.1200607901
43,0,rolling,33964,38596,100,100,100,6218,0.1830761983,0.8169238017,7415,0.1921183542,0.7798327436,0.142768814,0.8098718773,0.1482682644,0.8025623736,0.1541869624,7.085943941,38.70488903,0.4866516565,0,32,85,3459.754652,0.9979560803,0.749028383,-0.1119644534
43,0,rolling,33964,38596,250,250,250,10265,0.3022317748,0.6977682252,12629,0.3272100736,0.7912323429,0.2391355553,0.822328532,0.2485338117,0.8168501069,0.2672815836,27.23468967,90.11193376,0.4167559669,0,75,202,3439.605906,0.9921442337,0.6526616417,-0.1005648541
43,0,rolling,33964,38596,500,500,500,13029,0.3836120598,0.6163879402,16025,0.4151984662,0.7929234784,0.3041750088,0.8247424244,0.3163811403,0.8176599064,0.339491139,56.19382287,146.4860695,0.3769283905,0,110,355,3410.646773,0.9837910566,0.5876221882,-0.09887371864
43,0,rolling,33964,38596,1000,1000,1000,15214,0.4479448828,0.5520551172,18734,0.4853870867,0.7930195872,0.3552290661,0.824435305,0.3693015761,0.8176043557,0.3968545963,101.4626958,226.5070987,0.3483633495,0,146,601,3365.3779,0.970733383,0.536568131,-0.09877760981
43,0,rolling,33964,38596,2000,2000,2000,17001,0.5005594159,0.4994405841,20708,0.5365322831,0.8007176048,0.4008067365,0.8300075719,0.4154681054,0.8234015839,0.4417815318,177.325315,354.2542792,0.3326863126,0,176,1030,3289.515281,0.9488510331,0.4909904605,-0.09107959219
43,0,rolling,33964,38596,3000,3000,3000,17736,0.5221999764,0.4778000236,21517,0.5574930045,0.8034506089,0.4195618891,0.8319966206,0.4344686157,0.8254868244,0.4602031299,228.2077788,437.012235,0.326511051,0,188,1336.5,3238.632817,0.9341741356,0.472235308,-0.0883465881
43,0,rolling,33964,38596,4000,4000,4000,17860,0.525850901,0.474149099,21651,0.5609648668,0.8042553191,0.4229183842,0.8326311346,0.4378398323,0.8261050298,0.463415898,241.0182841,458.3395857,0.3252519597,0,190,1397.1,3225.822312,0.930478983,0.4688788129,-0.08754187788
43,0,rolling,33964,38596,5000,5000,5000,18694,0.5504063126,0.4495936874,22548,0.5842056172,0.809992511,0.4458249912,0.8372628685,0.4608347681,0.830539294,0.4852057208,353.6437404,642.5139617,0.3183909276,0,206,1877.4,3113.196855,0.8979925005,0.4459722059,-0.08180468607
43,0,rolling,33964,38596,inf,inf,1000000000000,33964,1,0,38596,1,0.891797197,0.891797197,0.9070160188,0.9070160188,0.8976577884,0.8976577884,3466.840596,3466.840596,0.2551819574,0.2367212342,1991,7128,0,0,0,0
43,0,static,33964,38596,1,1,1,838,0.02467318337,0.9753268166,973,0.02520986631,0.5668257757,0.0139853963,0.6164478918,0.01520973187,0.5765673176,0.01453518499,0.02467318337,1,0.669451074,0,1,1,2222.161671,0.9999888969,0.7821222471,-0.2292818677
43,0,static,33964,38596,10,10,10,3482,0.1025203156,0.8974796844,4024,0.1042595088,0.6677197013,0.06845483453,0.7049253303,0.07226916735,0.6824055666,0.07114726915,0.4128194559,4.026708788,0.5939115451,0,3,9,2221.773525,0.9998142282,0.7276528089,-0.1283879421
43,0,static,33964,38596,50,50,50,9208,0.2711105877,0.7288894123,10686,0.2768680692,0.6933101651,0.1879637263,0.7238669273,0.1962479881,0.7140183418,0.1976888797,5.308503121,19.5805821,0.4395091225,0,17,43,2216.877841,0.997611135,0.6081439171,-0.1027974783
43,0,static,33964,38596,100,100,100,13350,0.3930632434,0.6069367566,15675,0.4061301689,0.6929588015,0.2723766341,0.7249174771,0.2849384148,0.7168740032,0.29114416,14.26327877,36.28749064,0.3817228464,0,31,82,2207.923066,0.9935814209,0.5237310093,-0.1031488419
43,0,static,33964,38596,250,250,250,18548,0.5461076434,0.4538923566,22130,0.5733754793,0.6968945439,0.3805794371,0.7299001938,0.3986040748,0.7217803886,0.4138511763,38.36582852,70.25323485,0.3334052189,0,51,169,2183.820516,0.9827350984,0.4155282063,-0.0992130995
43,0,static,33964,38596,500,500,500,20768,0.6114709693,0.3885290307,24719,0.6404549694,0.7003563174,0.4282475562,0.7322616633,0.447756749,0.7242606902,0.4638563582,61.24222706,100.1555759,0.3177484592,0,62,260,2160.944117,0.9724405529,0.3678600872,-0.09575132598
43,0,static,33964,38596,1000,1000,1000,22177,0.6529560711,0.3470439289,26253,0.6802000207,0.7048744194,0.4602520316,0.7352787523,0.4801047253,0.7279929913,0.4951808478,90.71767165,138.9338053,0.3072552645,0,70,373,2131.468673,0.9591763887,0.3358556118,-0.09123322394
43,0,static,33964,38596,2000,2000,2000,23278,0.6853727476,0.3146272524,27452,0.7112654161,0.7101125526,0.4866917913,0.7395728538,0.5068830789,0.7322235174,0.5208052648,137.3316747,200.3751611,0.3012715869,0,77,543,2084.85467,0.9381997486,0.3094158521,-0.08599509076
43,0,static,33964,38596,3000,3000,3000,23742,0.6990342716,0.3009657284,27938,0.7238573945,0.713040182,0.4984395242,0.7419738673,0.5186651619,0.7345192927,0.5316872215,169.5782299,242.5892932,0.2994271755,0,80,653,2052.608114,0.9236885645,0.2976681192,-0.08306746143
43,0,static,33964,38596,4000,4000,4000,23803,0.7008302909,0.2991697091,28001,0.7254896881,0.7136075285,0.5001177718,0.7424670654,0.5203434094,0.7349737509,0.5332158773,175.9096102,251.0017225,0.299500063,0,80,673,2046.276734,0.9208393974,0.2959898716,-0.08250011492
43,0,static,33964,38596,5000,5000,5000,24256,0.7141679425,0.2858320575,28483,0.7379780288,0.7175956464,0.5124838064,0.7459368221,0.5327241655,0.7383000386,0.5448492072,236.9888706,331.8391326,0.2974934037,0,83,829,1985.197474,0.8933532864,0.283623837,-0.07851199695
43,0,static,33964,38596,inf,inf,1000000000000,33964,1,0,38596,1,0.7961076434,0.7961076434,0.8164216099,0.8164216099,0.8049279718,0.8049279718,2222.186344,2222.186344,0.2551819574,0.1589624308,178,7128,0,0,0,0
43,0,top1,33964,38596,1,1,1,33964,1,0,38596,1,0.2197032152,0.2197032152,0.2357192747,0.2357192747,0.2245569489,0.2245569489,1,1,0.2551819574,0,1,1,0,0,0,0
43,0,top1,33964,38596,10,10,10,33964,1,0,38596,1,0.2197032152,0.2197032152,0.2357192747,0.2357192747,0.2245569489,0.2245569489,1,1,0.2551819574,0,1,1,0,0,0,0
43,0,top1,33964,38596,50,50,50,33964,1,0,38596,1,0.2197032152,0.2197032152,0.2357192747,0.2357192747,0.2245569489,0.2245569489,1,1,0.2551819574,0,1,1,0,0,0,0
43,0,top1,33964,38596,100,100,100,33964,1,0,38596,1,0.2197032152,0.2197032152,0.2357192747,0.2357192747,0.2245569489,0.2245569489,1,1,0.2551819574,0,1,1,0,0,0,0
43,0,top1,33964,38596,250,250,250,33964,1,0,38596,1,0.2197032152,0.2197032152,0.2357192747,0.2357192747,0.2245569489,0.2245569489,1,1,0.2551819574,0,1,1,0,0,0,0
43,0,top1,33964,38596,500,500,500,33964,1,0,38596,1,0.2197032152,0.2197032152,0.2357192747,0.2357192747,0.2245569489,0.2245569489,1,1,0.2551819574,0,1,1,0,0,0,0
43,0,top1,33964,38596,1000,1000,1000,33964,1,0,38596,1,0.2197032152,0.2197032152,0.2357192747,0.2357192747,0.2245569489,0.2245569489,1,1,0.2551819574,0,1,1,0,0,0,0
43,0,top1,33964,38596,2000,2000,2000,33964,1,0,38596,1,0.2197032152,0.2197032152,0.2357192747,0.2357192747,0.2245569489,0.2245569489,1,1,0.2551819574,0,1,1,0,0,0,0
43,0,top1,33964,38596,3000,3000,3000,33964,1,0,38596,1,0.2197032152,0.2197032152,0.2357192747,0.2357192747,0.2245569489,0.2245569489,1,1,0.2551819574,0,1,1,0,0,0,0
43,0,top1,33964,38596,4000,4000,4000,33964,1,0,38596,1,0.2197032152,0.2197032152,0.2357192747,0.2357192747,0.2245569489,0.2245569489,1,1,0.2551819574,0,1,1,0,0,0,0
43,0,top1,33964,38596,5000,5000,5000,33964,1,0,38596,1,0.2197032152,0.2197032152,0.2357192747,0.2357192747,0.2245569489,0.2245569489,1,1,0.2551819574,0,1,1,0,0,0,0
43,0,top1,33964,38596,inf,inf,1000000000000,33964,1,0,38596,1,0.2197032152,0.2197032152,0.2357192747,0.2357192747,0.2245569489,0.2245569489,1,1,0.2551819574,0,1,1,0,0,0,0
43,0,weighted,33964,38596,1,1,1,330,0.009716170062,0.9902838299,388,0.01005285522,0.5878787879,0.005711930279,0.6361111111,0.006180563734,0.5850515464,0.005881438491,0.009716170062,1,0.6878787879,0,1,1,3441.566453,0.9999971768,0.8846131198,-0.3024462622
43,0,weighted,33964,38596,10,10,10,1571,0.04625485809,0.9537451419,1859,0.04816561302,0.7301082113,0.0337710517,0.7730214301,0.03575599655,0.7482517483,0.03604000415,0.1926157108,4.164226607,0.6874602164,0,3,9,3441.383553,0.9999440327,0.8565539984,-0.1602168387
43,0,weighted,33964,38596,50,50,50,4033,0.1187433753,0.8812566247,4727,0.1224738315,0.7703942475,0.09147921328,0.8014794611,0.09517037648,0.7895070869,0.09669395792,2.208367683,18.597818,0.5616166625,0,16,41,3439.367801,0.9993583267,0.7988458368,-0.1199308026
43,0,weighted,33964,38596,100,100,100,6285,0.1850488753,0.8149511247,7488,0.1940097419,0.7794749403,0.144240961,0.8092468841,0.1497502257,0.8019497863,0.1555860711,7.130049464,38.53062848,0.4857597454,0,32,85,3434.446119,0.9979282604,0.746084089,-0.1108501097
43,0,weighted,33964,38596,250,250,250,10387,0.3058238134,0.6941761866,12770,0.3308633019,0.7910850101,0.2419326346,0.8221769886,0.251441302,0.8166014096,0.2701834387,27.4995878,89.91970733,0.4153268509,0,75,202,3414.076581,0.9920095949,0.6483924155,-0.09924003994
43,0,weighted,33964,38596,500,500,500,13166,0.3876457426,0.6123542574,16175,0.4190848793,0.7914324776,0.3067954305,0.8230532468,0.319053087,0.8158268934,0.3419007151,56.61576964,146.050281,0.3752848245,0,109,355,3384.960399,0.9835494649,0.5835296196,-0.09889257246
43,0,weighted,33964,38596,1000,1000,1000,15329,0.4513308209,0.5486691791,18863,0.488729402,0.7912453519,0.3571134142,0.8226863285,0.371303696,0.8157769178,0.3986941652,101.4353727,224.7472764,0.3473155457,0,144,597.2,3340.140796,0.9705264775,0.5332116358,-0.09907969811
43,0,weighted,33964,38596,2000,2000,2000,17109,0.5037392533,0.4962607467,20824,0.5395377759,0.799286925,0.4026321988,0.8285478635,0.4173720821,0.8218882059,0.4434397347,176.7949005,350.9651061,0.3322812555,0,174,1023.4,3264.781268,0.9486296709,0.4876928513,-0.09103812504
43,0,weighted,33964,38596,3000,3000,3000,17894,0.5268519609,0.4731480391,21691,0.5620012437,0.8020006706,0.422535626,0.8304436532,0.4375208671,0.8239822968,0.4630790756,231.3660935,439.1482061,0.3257516486,0,187,1344,3210.210075,0.9327732172,0.4677894241,-0.08832437944
43,0,weighted,33964,38596,4000,4000,4000,17993,0.5297668119,0.4702331881,21795,0.5646958234,0.8028122047,0.4253032623,0.8311264786,0.4403032249,0.8245927965,0.4656441082,241.5890354,456.0290113,0.3246818207,0,189,1392,3199.987133,0.9298027928,0.4650217878,-0.08751284531
43,0,weighted,33964,38596,5000,5000,5000,18797,0.5534389353,0.4465610647,22660,0.5871074723,0.8085332766,0.4474737958,0.8357694701,0.4625473657,0.8290379523,0.4867343766,349.8098575,632.0658616,0.317603873,0,204,1866.4,3091.766311,0.8983576593,0.4428512543,-0.08179177347
43,0,weighted,33964,38596,inf,inf,1000000000000,33964,1,0,38596,1,0.8903250501,0.8903250501,0.9056297471,0.9056297471,0.8962068608,0.8962068608,3441.576169,3441.576169,0.2551819574,0.2349252149,1911,7128,0,0,0,0
59,0,adaptive,33964,38596,1,1,1,580,0.01707690496,0.982923095,869,0.02251528656,0.45,0.007684607231,0.5310536398,0.009068752535,0.4338319908,0.009767851591,0.01707690496,1,0.65,0,1,1,3724.182281,0.9999954146,0.8904428218,-0.448127429
59,0,adaptive,33964,38596,10,10,10,2480,0.07301849017,0.9269815098,3228,0.08363560991,0.6487903226,0.04737368979,0.7081966846,0.05171145265,0.6477695167,0.05417659861,0.2931927924,4.015322581,0.6584677419,0,3,9,3723.906165,0.9999212736,0.8507537393,-0.2493371065
59,0,adaptive,33964,38596,50,50,50,5582,0.1643504888,0.8356495112,7041,0.1824282309,0.6986743103,0.1148274644,0.7438493485,0.122252004,0.7082800739,0.1292102809,2.772199976,16.86761018,0.5082407739,0,13,39,3721.427158,0.9992556252,0.7832999647,-0.1994531188
59,0,adaptive,33964,38596,100,100,100,7328,0.2157578613,0.7842421387,9190,0.2381075759,0.7236626638,0.1561359086,0.7659905797,0.1652684892,0.7368879217,0.1754585967,6.63561418,30.75491266,0.4669759825,0,22,80,3717.563744,0.9982182441,0.7419915204,-0.1744647653
59,0,adaptive,33964,38596,250,250,250,10085,0.2969320457,0.7030679543,12503,0.3239454866,0.7541893902,0.2239429985,0.7916621023,0.2350698475,0.7681356474,0.2488340761,19.78886468,66.64442241,0.4167575607,0,39,176,3704.410493,0.994686411,0.6741844306,-0.1439380389
59,0,adaptive,33964,38596,500,500,500,12128,0.3570839713,0.6429160287,15036,0.3895740491,0.7626978892,0.2723471911,0.8005210624,0.28585324,0.7789970737,0.3034770443,41.75285597,116.9272757,0.3808542216,0,64,338,3682.446502,0.9887887699,0.6257802379,-0.1354295399
59,0,adaptive,33964,38596,1000,1000,1000,14205,0.4182369568,0.5817630432,17602,0.4560576226,0.7755015839,0.3243434224,0.8113594308,0.3393404992,0.7926372003,0.3614882371,85.41585208,204.2283703,0.354311862,0,93,613,3638.783506,0.9770646402,0.5737840066,-0.1226258451
59,0,adaptive,33964,38596,2000,2000,2000,15916,0.4686138264,0.5313861736,19515,0.5056223443,0.7888916813,0.3696855494,0.8220256795,0.3852125991,0.8038944402,0.4064669914,157.6663232,336.4525635,0.3370193516,0,122,1048,3566.533035,0.9576643708,0.5284418796,-0.1092357477
59,0,adaptive,33964,38596,3000,3000,3000,16194,0.4767989636,0.5232010364,19821,0.513550627,0.7904779548,0.3768990696,0.8232850056,0.3925414374,0.8050552444,0.4134366256,176.1812213,369.5083982,0.3346918612,0,127,1158,3548.018137,0.9526928598,0.5212283594,-0.1076494742
59,0,adaptive,33964,38596,4000,4000,4000,16527,0.4866034625,0.5133965375,20193,0.5231889315,0.794094512,0.3864091391,0.8263817217,0.4021202071,0.8081513396,0.4228158358,212.8955953,437.5135233,0.3320021783,0,135,1307,3511.303763,0.942834533,0.51171829,-0.104032917
59,0,adaptive,33964,38596,5000,5000,5000,17374,0.5115416323,0.4884583677,21113,0.5470255985,0.8029814666,0.4107584501,0.8337521995,0.4264989611,0.8155638706,0.4461343144,324.2042751,633.778865,0.3264648325,0,154,1769,3399.995083,0.9129465842,0.4873689789,-0.09514596248
59,0,adaptive,33964,38596,inf,inf,1000000000000,33964,1,0,38596,1,0.898127429,0.898127429,0.9139660831,0.9139660831,0.8980982485,0.8980982485,3724.199358,3724.199358,0.2585090095,0.2950476976,4494.5,7128,0,0,0,0
59,0,rolling,33964,38596,1,1,1,573,0.01687080438,0.9831291956,857,0.02220437351,0.4502617801,0.007596278412,0.5309967035,0.008958341512,0.4340723454,0.009638304488,0.01687080438,1,0.6492146597,0,1,1,3741.074608,0.9999954904,0.8914733247,-0.448807823
59,0,rolling,33964,38596,10,10,10,2460,0.07242963137,0.9275703686,3204,0.08301378381,0.6487804878,0.04699093157,0.7084665763,0.05131397296,0.6479400749,0.0537879573,0.2915734307,4.025609756,0.6601626016,0,3,9,3740.799906,0.9999220619,0.8520786715,-0.2502891153
59,0,rolling,33964,38596,50,50,50,5539,0.1630844424,0.8369155576,6986,0.1810032128,0.6997653006,0.1141208338,0.7449750972,0.1214938483,0.7097051245,0.1284589077,2.763897067,16.94764398,0.5096587832,0,13,40,3738.327582,0.9992612057,0.7849487693,-0.1993043025
59,0,rolling,33964,38596,100,100,100,7255,0.2136085267,0.7863914733,9108,0.2359830034,0.7232253618,0.154487104,0.7659102644,0.1636049631,0.7366051823,0.1738263032,6.551907902,30.67250172,0.4678152998,0,22,79,3734.539571,0.9982486641,0.7445824991,-0.1758442413
59,0,rolling,33964,38596,250,250,250,10016,0.2949004829,0.7050995171,12422,0.3218468235,0.7548921725,0.2226180662,0.7924732729,0.2337007508,0.7687167928,0.2474090579,19.68086798,66.73732029,0.4175319489,0,40,176,3721.410611,0.9947392711,0.6764515369,-0.1441774306
59,0,rolling,33964,38596,500,500,500,12043,0.3545813214,0.6454186786,14924,0.386672194,0.7639292535,0.2708750442,0.8017129426,0.2842724346,0.7799517556,0.3015856565,41.48763397,117.004567,0.381466412,0,64,337.8,3699.603845,0.9889102862,0.6281945589,-0.1351403496
59,0,rolling,33964,38596,1000,1000,1000,14109,0.4154104346,0.5845895654,17488,0.4531039486,0.7761003615,0.3224001884,0.8120334369,0.3373271629,0.7932296432,0.3594154835,84.92486162,204.4360337,0.3549507407,0,94,614,3656.166618,0.9772994427,0.5766694147,-0.1229692416
59,0,rolling,33964,38596,2000,2000,2000,15844,0.4664939348,0.5335060652,19435,0.5035495906,0.7899520323,0.3685078318,0.8231103708,0.3839759956,0.8049395421,0.4053269769,158.3983924,339.5508079,0.3373516789,0,123,1062,3582.693087,0.9576598452,0.5305617713,-0.1091175708
59,0,rolling,33964,38596,3000,3000,3000,16121,0.474649629,0.525350371,19733,0.511270598,0.791576205,0.375721352,0.8243405525,0.3912729375,0.8060609132,0.4121152451,176.8813155,372.656597,0.335214937,0,129,1170,3564.210164,0.952719329,0.5233482511,-0.1074933982
59,0,rolling,33964,38596,4000,4000,4000,16442,0.4841008126,0.5158991874,20097,0.5207016271,0.7949154604,0.3848192204,0.8272428768,0.4004689489,0.8089764641,0.4212353612,212.1760393,438.2889551,0.3327454081,0,135,1307.9,3528.91544,0.9432849904,0.5142503828,-0.1041541427
59,0,rolling,33964,38596,5000,5000,5000,17300,0.5093628548,0.4906371452,21030,0.5448751166,0.8039884393,0.4095218467,0.8348089045,0.4252206468,0.8165477889,0.4449165717,325.2275939,638.4988439,0.3266473988,0,155,1788.1,3415.863885,0.913066121,0.4895477564,-0.0950811638
59,0,rolling,33964,38596,inf,inf,1000000000000,33964,1,0,38596,1,0.8990696031,0.8990696031,0.9148469177,0.9148469177,0.8990309877,0.8990309877,3741.091479,3741.091479,0.2585090095,0.2967259451,4587,7128,0,0,0,0
59,0,static,33964,38596,1,1,1,1359,0.04001295489,0.9599870451,1887,0.0488910768,0.5033112583,0.02013897067,0.576375603,0.023062491,0.4870164282,0.02381075759,0.04001295489,1,0.6762325239,0,1,1,2614.719085,0.9999846973,0.7993758097,-0.3162035221
59,0,static,33964,38596,10,10,10,4933,0.145242021,0.854757979,6185,0.1602497668,0.5947699169,0.08638558474,0.6429872997,0.09338877486,0.5957962813,0.09547621515,0.5536450359,3.811879181,0.5586863977,0,3,8,2614.205453,0.9997882616,0.7331291956,-0.2247448635
59,0,static,33964,38596,50,50,50,9465,0.2786774232,0.7213225768,11535,0.2988651674,0.6447966191,0.1796902603,0.685516984,0.1910381066,0.6533159948,0.1952533941,4.199505359,15.06941363,0.4412044374,0,10,39,2610.559593,0.9983939227,0.6398245201,-0.1747181612
59,0,static,33964,38596,100,100,100,12075,0.3555234955,0.6444765045,14609,0.3785107265,0.6664182195,0.2369273348,0.7043436196,0.2504107056,0.6765692381,0.2560887139,9.799110823,27.56248447,0.3990890269,0,17,74,2604.959987,0.9962523848,0.5825874455,-0.1530965609
59,0,static,33964,38596,250,250,250,15993,0.4708809328,0.5291190672,19332,0.5008809203,0.6859250922,0.3229890472,0.7225965924,0.3402569574,0.6986861163,0.3499585449,28.61847839,60.7764647,0.3542174701,0,33,170,2586.140619,0.9890550229,0.4965257331,-0.1335896881
59,0,static,33964,38596,500,500,500,18229,0.5367153457,0.4632846543,21965,0.5691004249,0.6984475287,0.3748675068,0.7338573545,0.3938725037,0.7113589802,0.4048346979,52.16187728,97.18722914,0.3339184815,0,46,281,2562.597221,0.9800509816,0.4446472736,-0.1210672517
59,0,static,33964,38596,1000,1000,1000,19975,0.5881227182,0.4118772818,23883,0.6187946938,0.7093867334,0.4172064539,0.7428294892,0.4368748984,0.7211405602,0.4462379521,88.75232599,150.9078348,0.32,0,58,462,2526.006772,0.9660571691,0.4023083265,-0.1101280469
59,0,static,33964,38596,2000,2000,2000,21408,0.6303144506,0.3696855494,25408,0.6583065603,0.7199177877,0.4537745849,0.7515579401,0.4737178301,0.7302030856,0.4806974816,149.3835826,236.9985052,0.3109585202,0,71,739,2465.375515,0.9428690839,0.3657401955,-0.09959699261
59,0,static,33964,38596,3000,3000,3000,21683,0.638411259,0.361588741,25706,0.6660275676,0.7212562837,0.4604581321,0.7527257474,0.4805485921,0.7314634716,0.4871748368,167.8597633,262.9335885,0.3096896186,0,73,814,2446.899335,0.9358029719,0.3590566482,-0.09825849663
59,0,static,33964,38596,4000,4000,4000,21947,0.646184195,0.353815805,26002,0.6736967561,0.7240169499,0.46784831,0.7551420413,0.4879608521,0.73402046,0.4945072028,196.7823283,304.5297763,0.3085615346,0,75,910.4,2417.97677,0.9247416986,0.3516664704,-0.09549783043
59,0,static,33964,38596,5000,5000,5000,22527,0.6632611,0.3367389,26636,0.6901233288,0.7301904381,0.4843069132,0.7605363511,0.5044341768,0.7395629974,0.5103896777,273.5530856,412.4364984,0.3055444578,0,81,1146,2341.206012,0.8953811516,0.3352078672,-0.08932434221
59,0,static,33964,38596,inf,inf,1000000000000,33964,1,0,38596,1,0.8195147804,0.8195147804,0.8397009298,0.8397009298,0.8188931495,0.8188931495,2614.759098,2614.759098,0.2585090095,0.1964727358,336,7128,0,0,0,0
59,0,top1,33964,38596,1,1,1,33964,1,0,38596,1,0.2232952538,0.2232952538,0.2391420164,0.2391420164,0.2274847134,0.2274847134,1,1,0.2585090095,0,1,1,0,0,0,0
59,0,top1,33964,38596,10,10,10,33964,1,0,38596,1,0.2232952538,0.2232952538,0.2391420164,0.2391420164,0.2274847134,0.2274847134,1,1,0.2585090095,0,1,1,0,0,0,0
59,0,top1,33964,38596,50,50,50,33964,1,0,38596,1,0.2232952538,0.2232952538,0.2391420164,0.2391420164,0.2274847134,0.2274847134,1,1,0.2585090095,0,1,1,0,0,0,0
59,0,top1,33964,38596,100,100,100,33964,1,0,38596,1,0.2232952538,0.2232952538,0.2391420164,0.2391420164,0.2274847134,0.2274847134,1,1,0.2585090095,0,1,1,0,0,0,0
59,0,top1,33964,38596,250,250,250,33964,1,0,38596,1,0.2232952538,0.2232952538,0.2391420164,0.2391420164,0.2274847134,0.2274847134,1,1,0.2585090095,0,1,1,0,0,0,0
59,0,top1,33964,38596,500,500,500,33964,1,0,38596,1,0.2232952538,0.2232952538,0.2391420164,0.2391420164,0.2274847134,0.2274847134,1,1,0.2585090095,0,1,1,0,0,0,0
59,0,top1,33964,38596,1000,1000,1000,33964,1,0,38596,1,0.2232952538,0.2232952538,0.2391420164,0.2391420164,0.2274847134,0.2274847134,1,1,0.2585090095,0,1,1,0,0,0,0
59,0,top1,33964,38596,2000,2000,2000,33964,1,0,38596,1,0.2232952538,0.2232952538,0.2391420164,0.2391420164,0.2274847134,0.2274847134,1,1,0.2585090095,0,1,1,0,0,0,0
59,0,top1,33964,38596,3000,3000,3000,33964,1,0,38596,1,0.2232952538,0.2232952538,0.2391420164,0.2391420164,0.2274847134,0.2274847134,1,1,0.2585090095,0,1,1,0,0,0,0
59,0,top1,33964,38596,4000,4000,4000,33964,1,0,38596,1,0.2232952538,0.2232952538,0.2391420164,0.2391420164,0.2274847134,0.2274847134,1,1,0.2585090095,0,1,1,0,0,0,0
59,0,top1,33964,38596,5000,5000,5000,33964,1,0,38596,1,0.2232952538,0.2232952538,0.2391420164,0.2391420164,0.2274847134,0.2274847134,1,1,0.2585090095,0,1,1,0,0,0,0
59,0,top1,33964,38596,inf,inf,1000000000000,33964,1,0,38596,1,0.2232952538,0.2232952538,0.2391420164,0.2391420164,0.2274847134,0.2274847134,1,1,0.2585090095,0,1,1,0,0,0,0
59,0,weighted,33964,38596,1,1,1,582,0.01713579084,0.9828642092,871,0.0225671054,0.4518900344,0.00774349311,0.5326651394,0.009127638415,0.4351320321,0.009819670432,0.01713579084,1,0.6512027491,0,1,1,3722.679219,0.9999953969,0.8903250501,-0.4461785088
59,0,weighted,33964,38596,10,10,10,2481,0.07304793311,0.9269520669,3229,0.08366151933,0.648528819,0.04737368979,0.7079112365,0.05171145265,0.6475689068,0.05417659861,0.2929278059,4.010076582,0.658605401,0,3,9,3722.403427,0.999921313,0.8506948534,-0.2495397241
59,0,weighted,33964,38596,50,50,50,5586,0.1644682605,0.8355317395,7046,0.182557778,0.6985320444,0.1148863503,0.7436747339,0.1223108899,0.7082032359,0.1292880091,2.774084325,16.8669889,0.5084138919,0,13,39,3719.922271,0.9992548185,0.7831821929,-0.1995364988
59,0,weighted,33964,38596,100,100,100,7333,0.215905076,0.784094924,9197,0.2382889419,0.7235783445,0.1562242374,0.7658773992,0.1653568181,0.7368707187,0.1755881438,6.640266164,30.75548889,0.4672030547,0,22,80,3716.056089,0.9982162751,0.7418443057,-0.1744901987
59,0,weighted,33964,38596,250,250,250,10087,0.2969909316,0.7030090684,12505,0.3239973054,0.7540398533,0.2239429985,0.7915051355,0.2350698475,0.7680127949,0.2488340761,19.77196443,66.57430356,0.4167740656,0,39,176,3702.924391,0.9946888055,0.6741255447,-0.1440286899
59,0,weighted,33964,38596,500,500,500,12138,0.3573784007,0.6426215993,15046,0.3898331433,0.7627286209,0.2725827347,0.8005206331,0.2860887835,0.7790110328,0.3036843196,41.8094453,116.9892898,0.380952381,0,64,338,3680.88691,0.9887690423,0.6254858085,-0.1353399223
59,0,weighted,33964,38596,1000,1000,1000,14211,0.4184136144,0.5815863856,17609,0.4562389885,0.775455633,0.3244611942,0.8112983403,0.3394582709,0.7926060537,0.3616177842,85.40339772,204.1123777,0.3543733727,0,93,613,3637.292957,0.9770587258,0.573607349,-0.1226129102
59,0,weighted,33964,38596,2000,2000,2000,15920,0.4687315982,0.5312684018,19520,0.5057518914,0.7888190955,0.3697444353,0.8219447685,0.3852714849,0.8038422131,0.4065447197,157.4974974,336.0078518,0.3369974874,0,122,1047,3565.198858,0.9576926286,0.5283241079,-0.1092494477
59,0,weighted,33964,38596,3000,3000,3000,16203,0.4770639501,0.5229360499,19830,0.5137838118,0.7904709005,0.3771051702,0.8232597285,0.392747538,0.8050428643,0.4136179915,176.3662996,369.6911066,0.3345676727,0,127,1158,3546.330055,0.9526240438,0.520963373,-0.1075976427
59,0,weighted,33964,38596,4000,4000,4000,16536,0.4868684489,0.5131315511,20205,0.5234998445,0.7940251572,0.3865857967,0.826294794,0.4022968647,0.8081168028,0.4230490206,213.0516724,437.5959724,0.3318819545,0,135,1308.5,3509.644683,0.9427695272,0.5114827464,-0.1040433859
59,0,weighted,33964,38596,5000,5000,5000,17379,0.511688847,0.488311153,21120,0.5472069645,0.8028655274,0.410817336,0.8336561778,0.4265725684,0.8154829545,0.4462379521,323.8681251,632.9395823,0.3264284481,0,154,1768,3398.82823,0.9130017347,0.4872512072,-0.0952030158
59,0,weighted,33964,38596,inf,inf,1000000000000,33964,1,0,38596,1,0.8980685432,0.8980685432,0.9139071973,0.9139071973,0.8980464297,0.8980464297,3722.696355,3722.696355,0.2585090095,0.294841597,4488,7128,0,0,0,0
71,0,adaptive,33964,38596,1,1,1,435,0.01280767872,0.9871923213,548,0.01419836252,0.5402298851,0.006919090802,0.6060153257,0.00776164959,0.545620438,0.007746916779,0.01280767872,1,0.6873563218,0,1,1,3716.012101,0.9999965534,0.8898245201,-0.3565137258
71,0,adaptive,33964,38596,10,10,10,2519,0.07416676481,0.9258332352,3216,0.08332469686,0.6677252878,0.04952302438,0.7234188793,0.05365363788,0.6828358209,0.05689708778,0.304116123,4.100436681,0.6387455339,0,3,9,3715.720793,0.9999181609,0.8472205865,-0.2290183231
71,0,adaptive,33964,38596,50,50,50,5518,0.1624661406,0.8375338594,6891,0.1785418178,0.7069590431,0.1148569073,0.7536709755,0.1224460147,0.7251487447,0.1294693751,2.693086798,16.57629576,0.5137731062,0,12,40,3713.331822,0.9992752775,0.7818867036,-0.1897845678
71,0,adaptive,33964,38596,100,100,100,7318,0.2154634319,0.7845365681,9168,0.2375375687,0.7294342717,0.1571664115,0.7736545588,0.1666942663,0.75,0.1781531765,6.540778471,30.35679147,0.4775895053,0,21,76,3709.48413,0.9982398454,0.7395771994,-0.1673093392
71,0,adaptive,33964,38596,250,250,250,10181,0.2997585679,0.7002414321,12627,0.3271582547,0.7547392201,0.2262395478,0.7945600596,0.2381761856,0.775085135,0.2535755001,20.19258627,67.36283273,0.4146940379,0,42,177,3695.832322,0.9945660789,0.6705040631,-0.1420043908
71,0,adaptive,33964,38596,500,500,500,12261,0.3609998822,0.6390001178,15179,0.3932790963,0.7633145747,0.2755564716,0.8009340571,0.2891371003,0.7834508202,0.3081148306,42.19176187,116.8747247,0.3823505424,0,64,330,3673.833147,0.9886459959,0.6211871393,-0.1334290362
71,0,adaptive,33964,38596,1000,1000,1000,14214,0.4185019432,0.5814980568,17643,0.4571199088,0.7755733784,0.324578966,0.8123926063,0.3399878844,0.7960664286,0.3638978132,83.24066659,198.9015056,0.3595047137,0,92.5,597,3632.784242,0.9775995402,0.5721646449,-0.1211702325
71,0,adaptive,33964,38596,2000,2000,2000,15926,0.4689082558,0.5310917442,19542,0.5063218986,0.7880195906,0.3695088918,0.8217389911,0.3853201971,0.8061610889,0.4081770132,156.382346,333.5030767,0.3407635313,0,123,1043,3559.642563,0.9579167659,0.5272347191,-0.1087240203
71,0,adaptive,33964,38596,3000,3000,3000,16220,0.47756448,0.52243552,19856,0.5144574567,0.7898890259,0.3772229419,0.8231616424,0.3931127617,0.8076148268,0.4154834698,175.8203392,368.1604192,0.3384710234,0,128,1168,3540.20457,0.9526859094,0.5195206689,-0.106854585
71,0,adaptive,33964,38596,4000,4000,4000,16583,0.4882522671,0.5117477329,20249,0.5246398591,0.7931616716,0.3872629843,0.8258366101,0.4032165972,0.8102622352,0.4250958649,215.9294842,442.2498342,0.3348006995,0,135,1347.8,3500.095425,0.9418923475,0.5094806265,-0.1035819393
71,0,adaptive,33964,38596,5000,5000,5000,17450,0.5137792957,0.4862207043,21158,0.5481915224,0.8013180516,0.4117006242,0.832570115,0.4277572873,0.8166650912,0.4476888797,330.8619715,643.9768481,0.3266475645,0,153,1835.1,3385.162937,0.9109634678,0.4850429867,-0.09542555931
71,0,adaptive,33964,38596,inf,inf,1000000000000,33964,1,0,38596,1,0.8967436109,0.8967436109,0.9129278601,0.9129278601,0.8984091616,0.8984091616,3716.024909,3716.024909,0.2574196208,0.2904840419,4458,7128,0,0,0,0
71,0,rolling,33964,38596,1,1,1,429,0.01263102108,0.9873689789,539,0.01396517774,0.5407925408,0.006830761983,0.604001554,0.007629156362,0.5435992579,0.007591460255,0.01263102108,1,0.682983683,0,1,1,3728.086032,0.9999966119,0.8905017077,-0.3565399289
71,0,rolling,33964,38596,10,10,10,2501,0.0736367919,0.9263632081,3196,0.08280650845,0.6661335466,0.04905193735,0.7220280515,0.05316782937,0.6814768461,0.05643071821,0.3017312448,4.097560976,0.6385445822,0,3,9,3727.796932,0.9999190656,0.8482805323,-0.2311989231
71,0,rolling,33964,38596,50,50,50,5492,0.1617006242,0.8382993758,6864,0.1778422634,0.707210488,0.1143563773,0.7538704375,0.1219013203,0.7253787879,0.1290030055,2.688317042,16.62527312,0.5145666424,0,13,40,3725.410346,0.999278904,0.7829760923,-0.1901219817
71,0,rolling,33964,38596,100,100,100,7290,0.2146390296,0.7853609704,9135,0.2366825578,0.7300411523,0.1566953245,0.7741226422,0.1661569327,0.75030104,0.1775831692,6.543722765,30.48710562,0.4772290809,0,21,77,3721.554941,0.998244756,0.7406371452,-0.1672913174
71,0,rolling,33964,38596,250,250,250,10128,0.2981980921,0.7018019079,12565,0.3255518707,0.7553317536,0.2252384878,0.7950565396,0.2370843432,0.775407879,0.2524354855,20.08985985,67.37085308,0.4154818325,0,42,177,3708.008803,0.9946112317,0.6720939819,-0.1420007161
71,0,rolling,33964,38596,500,500,500,12203,0.3592921917,0.6407078083,15099,0.3912063426,0.7639924609,0.2744965257,0.8015134918,0.2879775392,0.7838267435,0.3066379936,42.01902014,116.9494387,0.3827747275,0,64,331,3686.079643,0.9887291019,0.6228359439,-0.1333400088
71,0,rolling,33964,38596,1000,1000,1000,14171,0.4172358968,0.5827641032,17594,0.4558503472,0.7761625856,0.3238428925,0.812981806,0.3392051929,0.796578379,0.3631205306,83.50138382,200.1299132,0.3592548162,0,93,598,3644.597279,0.9776021529,0.5734895772,-0.1211698841
71,0,rolling,33964,38596,2000,2000,2000,15870,0.4672594512,0.5327405488,19479,0.5046896051,0.788531821,0.3684489459,0.8222704373,0.3842136332,0.8066122491,0.4070888175,156.3224591,334.5517328,0.340831758,0,124,1047,3571.776204,0.9580691196,0.5288835237,-0.1088006486
71,0,rolling,33964,38596,3000,3000,3000,16155,0.475650689,0.524349311,19789,0.5127215255,0.7903435469,0.3759274526,0.8236520276,0.3917706544,0.8080751933,0.4143175459,175.116859,368.162736,0.3385948623,0,129,1160,3552.981804,0.9530278367,0.5214050171,-0.1069889228
71,0,rolling,33964,38596,4000,4000,4000,16525,0.4865445766,0.5134554234,20187,0.523033475,0.7935854766,0.3861147097,0.8263095415,0.402036426,0.8106702333,0.4240076692,215.8600577,443.6593646,0.3353101362,0,136,1357,3512.238606,0.9420991564,0.51121776,-0.1037469931
71,0,rolling,33964,38596,5000,5000,5000,17372,0.5114827464,0.4885172536,21078,0.5461187688,0.8016923785,0.4100518196,0.8329936204,0.4260618647,0.8170604422,0.4462120427,327.7752326,640.8334101,0.3269629289,0,154,1835.9,3400.323431,0.9120797859,0.4872806501,-0.09564009113
71,0,rolling,33964,38596,inf,inf,1000000000000,33964,1,0,38596,1,0.8973324697,0.8973324697,0.9134701009,0.9134701009,0.8989532594,0.8989532594,3728.098663,3728.098663,0.2574196208,0.2917206454,4527.5,7128,0,0,0,0
71,0,static,33964,38596,1,1,1,1258,0.037039218,0.962960782,1656,0.04290600062,0.5254372019,0.01946178306,0.5904036389,0.02186808909,0.5126811594,0.02199709814,0.037039218,1,0.6748807631,0,1,1,2643.431251,0.9999859884,0.7979625486,-0.2919871297
71,0,static,33964,38596,10,10,10,4861,0.1431221293,0.8568778707,5985,0.1550678827,0.6083110471,0.08706277235,0.6534515075,0.09352337115,0.6115288221,0.09482847964,0.5478447768,3.827813207,0.5564698622,0,3,8,2642.920445,0.9997927553,0.7303615593,-0.2091132845
71,0,static,33964,38596,50,50,50,9299,0.2737898952,0.7262101048,11298,0.2927246347,0.6497472847,0.177894241,0.6902931617,0.1889952924,0.6600283236,0.1932065499,4.090507596,14.94031616,0.4475750081,0,9,39,2639.377782,0.9984525982,0.6395300907,-0.167677047
71,0,static,33964,38596,100,100,100,12049,0.354757979,0.645242021,14636,0.3792102809,0.6633745539,0.2353374161,0.7019924923,0.2490374379,0.6766876196,0.2566069023,10.05111294,28.33230974,0.4008631422,0,17,76,2633.417177,0.9961977554,0.5820869156,-0.1540497777
71,0,static,33964,38596,250,250,250,15774,0.464432929,0.535567071,19055,0.4937040108,0.6788385952,0.3152749971,0.715431386,0.3322698941,0.6924166885,0.3418488963,27.92121069,60.11892988,0.357360213,0,33,168,2615.547079,0.9894376601,0.5021493346,-0.1385857365
71,0,static,33964,38596,500,500,500,18103,0.5330055353,0.4669944647,21833,0.5656803814,0.6928685853,0.3693027912,0.7278717068,0.3879596487,0.7070947648,0.3999896362,52.25535862,98.0390543,0.3344197094,0,47,288.8,2591.212931,0.9802322733,0.4481215405,-0.1245557463
71,0,static,33964,38596,1000,1000,1000,19917,0.5864150277,0.4135849723,23790,0.6163851176,0.7052768991,0.4135849723,0.7379539175,0.4327472669,0.7176544767,0.442351539,90.1209516,153.6811769,0.3219360345,0,60,474,2553.347338,0.9659080641,0.4038393593,-0.1121474325
71,0,static,33964,38596,2000,2000,2000,21274,0.6263690967,0.3736309033,25269,0.6547051508,0.7145811789,0.4475915675,0.7459486466,0.46723918,0.7259092168,0.4752565033,147.0006772,234.6869888,0.3123061013,0,72,729,2496.467613,0.9443909814,0.3698327641,-0.1028431527
71,0,static,33964,38596,3000,3000,3000,21533,0.633994818,0.366005182,25549,0.6619597886,0.7164352389,0.4542162289,0.747541518,0.4739374487,0.7275822928,0.4816302207,164.3004652,259.1511169,0.310825245,0,75,802,2479.167825,0.9378466291,0.3632081027,-0.1009890927
71,0,static,33964,38596,4000,4000,4000,21811,0.6421799552,0.3578200448,25868,0.6702248938,0.7194993352,0.4620480509,0.7502549864,0.4817987136,0.7304778104,0.4895844129,194.8067954,303.3523451,0.3091559305,0,77,883,2448.661495,0.9263063619,0.3553762808,-0.09792499645
71,0,static,33964,38596,5000,5000,5000,22398,0.6594629608,0.3405370392,26500,0.6865996476,0.7256451469,0.478536097,0.7557807918,0.4984094387,0.7358867925,0.5052596124,272.5706042,413.3220823,0.3055183499,0,83,1123,2370.897686,0.8968890207,0.3388882346,-0.09177918476
71,0,static,33964,38596,inf,inf,1000000000000,33964,1,0,38596,1,0.8174243316,0.8174243316,0.8373123947,0.8373123947,0.8171831278,0.8171831278,2643.46829,2643.46829,0.2574196208,0.1977387822,349,7128,0,0,0,0
71,0,top1,33964,38596,1,1,1,33964,1,0,38596,1,0.2225886232,0.2225886232,0.2382952515,0.2382952515,0.2265260649,0.2265260649,1,1,0.2574196208,0,1,1,0,0,0,0
71,0,top1,33964,38596,10,10,10,33964,1,0,38596,1,0.2225886232,0.2225886232,0.2382952515,0.2382952515,0.2265260649,0.2265260649,1,1,0.2574196208,0,1,1,0,0,0,0
71,0,top1,33964,38596,50,50,50,33964,1,0,38596,1,0.2225886232,0.2225886232,0.2382952515,0.2382952515,0.2265260649,0.2265260649,1,1,0.2574196208,0,1,1,0,0,0,0
71,0,top1,33964,38596,100,100,100,33964,1,0,38596,1,0.2225886232,0.2225886232,0.2382952515,0.2382952515,0.2265260649,0.2265260649,1,1,0.2574196208,0,1,1,0,0,0,0
71,0,top1,33964,38596,250,250,250,33964,1,0,38596,1,0.2225886232,0.2225886232,0.2382952515,0.2382952515,0.2265260649,0.2265260649,1,1,0.2574196208,0,1,1,0,0,0,0
71,0,top1,33964,38596,500,500,500,33964,1,0,38596,1,0.2225886232,0.2225886232,0.2382952515,0.2382952515,0.2265260649,0.2265260649,1,1,0.2574196208,0,1,1,0,0,0,0
71,0,top1,33964,38596,1000,1000,1000,33964,1,0,38596,1,0.2225886232,0.2225886232,0.2382952515,0.2382952515,0.2265260649,0.2265260649,1,1,0.2574196208,0,1,1,0,0,0,0
71,0,top1,33964,38596,2000,2000,2000,33964,1,0,38596,1,0.2225886232,0.2225886232,0.2382952515,0.2382952515,0.2265260649,0.2265260649,1,1,0.2574196208,0,1,1,0,0,0,0
71,0,top1,33964,38596,3000,3000,3000,33964,1,0,38596,1,0.2225886232,0.2225886232,0.2382952515,0.2382952515,0.2265260649,0.2265260649,1,1,0.2574196208,0,1,1,0,0,0,0
71,0,top1,33964,38596,4000,4000,4000,33964,1,0,38596,1,0.2225886232,0.2225886232,0.2382952515,0.2382952515,0.2265260649,0.2265260649,1,1,0.2574196208,0,1,1,0,0,0,0
71,0,top1,33964,38596,5000,5000,5000,33964,1,0,38596,1,0.2225886232,0.2225886232,0.2382952515,0.2382952515,0.2265260649,0.2265260649,1,1,0.2574196208,0,1,1,0,0,0,0
71,0,top1,33964,38596,inf,inf,1000000000000,33964,1,0,38596,1,0.2225886232,0.2225886232,0.2382952515,0.2382952515,0.2265260649,0.2265260649,1,1,0.2574196208,0,1,1,0,0,0,0
71,0,weighted,33964,38596,1,1,1,436,0.01283712166,0.9871628783,549,0.01422427195,0.5412844037,0.006948533742,0.6069189602,0.007791092529,0.5464480874,0.0077728262,0.01283712166,1,0.6880733945,0,1,1,3713.411848,0.9999965431,0.8896478624,-0.3553119925
71,0,weighted,33964,38596,10,10,10,2522,0.07425509363,0.9257449064,3220,0.08342833454,0.6673275178,0.04955246732,0.7231531153,0.05369780229,0.6826086957,0.05694890662,0.3041455659,4.095955591,0.6383822363,0,3,9,3713.120539,0.9999180957,0.8470439289,-0.2292688783
71,0,weighted,33964,38596,50,50,50,5528,0.16276057,0.83723943,6902,0.1788268214,0.7069464544,0.1150630079,0.7535738861,0.1226521153,0.7251521298,0.1296766504,2.700035332,16.58900145,0.513748191,0,12,40,3710.72465,0.9992728989,0.7815333883,-0.1896499418
71,0,weighted,33964,38596,100,100,100,7327,0.2157284183,0.7842715817,9180,0.2378484817,0.7292206906,0.1573136262,0.773434429,0.1668517861,0.7496732026,0.178308633,6.547520904,30.35075747,0.4771393476,0,21,76,3706.877164,0.9982367972,0.73928277,-0.1673757056
71,0,weighted,33964,38596,250,250,250,10188,0.2999646685,0.7000353315,12635,0.3273655301,0.7545151158,0.2263278766,0.7942840564,0.2382571536,0.7748318164,0.2536532283,20.18528442,67.29220652,0.4146054181,0,42,177,3693.239401,0.9945642403,0.6702685196,-0.1420812804
71,0,weighted,33964,38596,500,500,500,12275,0.3614120834,0.6385879166,15197,0.3937454659,0.7627698574,0.2756742433,0.8004564134,0.28929462,0.7829176811,0.3082702871,42.25671299,116.9211405,0.3823217923,0,64,330,3671.167972,0.9886205547,0.6209221529,-0.1338265388
71,0,weighted,33964,38596,1000,1000,1000,14223,0.4187669297,0.5812330703,17652,0.4573530936,0.7754341559,0.3247261807,0.8122125083,0.3401277384,0.7958871516,0.3640014509,83.18922977,198.6528159,0.359277227,0,92,596,3630.235455,0.9775977065,0.5718702155,-0.1211622402
71,0,weighted,33964,38596,2000,2000,2000,15943,0.4694087858,0.5305912142,19559,0.5067623588,0.7879320078,0.369862207,0.8215997725,0.3856661516,0.8060228028,0.4084620168,156.6515134,333.7208806,0.3407765163,0,123,1044.8,3556.773172,0.9578148134,0.5267341891,-0.1086643884
71,0,weighted,33964,38596,3000,3000,3000,16234,0.4779766812,0.5220233188,19870,0.5148201886,0.7897006283,0.3774584855,0.8229291511,0.3933409445,0.8073980876,0.4156648357,175.9580144,368.1309597,0.3386719231,0,128,1168,3537.466671,0.952615704,0.5191379107,-0.1068957679
71,0,weighted,33964,38596,4000,4000,4000,16594,0.4885761394,0.5114238606,20260,0.5249248627,0.7930577317,0.3874690849,0.8256959447,0.403415337,0.81011846,0.4252513214,215.7141679,441.5159696,0.3349403399,0,135,1343.7,3497.710517,0.9419096424,0.5091273113,-0.1035386645
71,0,weighted,33964,38596,5000,5000,5000,17463,0.5141620539,0.4858379461,21172,0.5485542543,0.8011796369,0.4119361677,0.8323941193,0.4279854701,0.8165029284,0.447896155,330.8365917,643.4480902,0.3264616618,0,153,1829,3382.588093,0.910907957,0.4846602285,-0.09541675924
71,0,weighted,33964,38596,inf,inf,1000000000000,33964,1,0,38596,1,0.8965963962,0.8965963962,0.9127732846,0.9127732846,0.898253705,0.898253705,3713.424685,3713.424685,0.2574196208,0.2903073843,4444,7128,0,0,0,0
17,0.1,adaptive,33964,38596,1,1,1,453,0.01333765163,0.9866623484,692,0.0179293191,0.4768211921,0.00635967495,0.5764164827,0.007688042241,0.4710982659,0.008446471137,0.01333765163,1,0.7196467991,0,1,1,3892.673007,0.9999965737,0.8910316806,-0.4205701635
17,0.1,adaptive,33964,38596,10,10,10,2456,0.07231185962,0.9276881404,3099,0.08029329464,0.6506514658,0.04704981745,0.7018099504,0.05074918261,0.6508551146,0.05225930148,0.2944588388,4.072068404,0.6421009772,0,3,8,3892.391886,0.9999243559,0.8503415381,-0.2467398898
17,0.1,adaptive,33964,38596,50,50,50,5557,0.1636144153,0.8363855847,6998,0.1813141258,0.6974986504,0.1141208338,0.7433674388,0.1216256288,0.7136324664,0.1293916468,2.831763043,17.30754004,0.5191650171,0,14,41,3889.854581,0.9992725427,0.7832705217,-0.1998927052
17,0.1,adaptive,33964,38596,100,100,100,7548,0.222235308,0.777764692,9536,0.2470722355,0.722972973,0.1606701213,0.7676381213,0.1705962943,0.7422399329,0.1833868795,7.033771052,31.65010599,0.4664811871,0,24,76,3885.652573,0.9981930805,0.7367212342,-0.1744183826
17,0.1,adaptive,33964,38596,250,250,250,9966,0.2934283359,0.7065716641,12448,0.3225204684,0.7404174192,0.2172594512,0.7811826082,0.2292211127,0.7598811054,0.2450772101,18.90272053,64.42022878,0.4177202488,0,40,177,3873.783624,0.9951440422,0.6801319044,-0.1569739363
17,0.1,adaptive,33964,38596,500,500,500,11883,0.3498704511,0.6501295489,14911,0.3863353715,0.7494740385,0.2622188199,0.7908387866,0.276691123,0.7692978338,0.2972069645,39.06877871,111.6664142,0.3850037869,0,57,320,3853.617566,0.9899635431,0.6351725356,-0.147917317
17,0.1,adaptive,33964,38596,1000,1000,1000,13547,0.3988635025,0.6011364975,16901,0.4378951187,0.7627519008,0.3042338947,0.8017226915,0.3197779208,0.7816697237,0.3422893564,74.50585914,186.7953791,0.362441869,0,75,567.4,3818.180485,0.9808600405,0.5931574608,-0.1346394548
17,0.1,adaptive,33964,38596,2000,2000,2000,15035,0.4426745966,0.5573254034,18550,0.4806197533,0.7745261058,0.3428630314,0.8107208049,0.3588855053,0.7913207547,0.3803243859,137.6519256,310.9551048,0.3452610575,0,100,995.6,3755.034419,0.9646383208,0.5545283241,-0.1228652498
17,0.1,adaptive,33964,38596,3000,3000,3000,15313,0.4508597338,0.5491402662,18853,0.4884703078,0.7769215699,0.3502826522,0.812459172,0.3663051261,0.7932954967,0.3875012955,156.0700742,346.1610396,0.3425847319,0,105,1115,3736.61627,0.9599068457,0.5471087033,-0.1204697856
17,0.1,adaptive,33964,38596,4000,4000,4000,15697,0.4621658226,0.5378341774,19273,0.4993522645,0.7813594954,0.361117654,0.816091438,0.3771695708,0.7969698542,0.3979687014,198.1485102,428.7389947,0.3389182646,0,113,1315.4,3694.537834,0.9490972319,0.5362737016,-0.1160318601
17,0.1,adaptive,33964,38596,5000,5000,5000,16474,0.4850429867,0.5149570133,20125,0.5214270909,0.7901541823,0.3832587446,0.8233693882,0.3993695472,0.8043229814,0.4193957923,301.5037393,621.6021003,0.3327060823,0,131,1810.7,3591.182605,0.9225460999,0.514132611,-0.1072371732
17,0.1,adaptive,33964,38596,inf,inf,1000000000000,33964,1,0,38596,1,0.8973913556,0.8973913556,0.9135168797,0.9135168797,0.8971914188,0.8971914188,3892.686344,3892.686344,0.2581262513,0.3226651749,5595,7128,0,0,0,0
17,0.1,rolling,33964,38596,1,1,1,443,0.01304322224,0.9869567778,673,0.01743704011,0.4740406321,0.006183017312,0.5755079007,0.007506477447,0.4739970282,0.008265105192,0.01304322224,1,0.7200902935,0,1,1,3908.984042,0.9999966633,0.8919738547,-0.4241162399
17,0.1,rolling,33964,38596,10,10,10,2434,0.07166411495,0.9283358851,3071,0.07956783086,0.6511914544,0.04666705924,0.7023330203,0.0503320743,0.6506024096,0.05176702249,0.2918089742,4.07189811,0.6446179129,0,3,8,3908.705276,0.9999253494,0.8514898127,-0.2469654176
17,0.1,rolling,33964,38596,50,50,50,5492,0.1617006242,0.8382993758,6921,0.1793191004,0.6964675892,0.1126192439,0.7423936982,0.1200455244,0.7124692963,0.1277593533,2.789600754,17.25163875,0.5202112163,0,14,41,3906.207484,0.9992863641,0.7855376281,-0.2016892828
17,0.1,rolling,33964,38596,100,100,100,7489,0.2204981745,0.7795018255,9466,0.245258576,0.7227934304,0.159374632,0.7674098731,0.1692124761,0.741918445,0.1819618613,6.998145095,31.73788223,0.4672185873,0,24,76,3901.99894,0.9982097339,0.73878224,-0.1753634416
17,0.1,rolling,33964,38596,250,250,250,9905,0.2916323166,0.7083676834,12379,0.3207327184,0.7406360424,0.2159934048,0.7813325801,0.2278618304,0.7599967687,0.2437558296,18.85740784,64.66158506,0.4187783948,0,41,177,3890.139677,0.9951758962,0.6821634672,-0.1575208296
17,0.1,rolling,33964,38596,500,500,500,11796,0.3473089153,0.6526910847,14806,0.3836148824,0.75,0.2604816865,0.7912685629,0.2748146263,0.7697555045,0.2952896673,38.71443293,111.4697355,0.3863173957,0,57,320,3870.282652,0.9900960701,0.6376751855,-0.148156872
17,0.1,rolling,33964,38596,1000,1000,1000,13459,0.3962725238,0.6037274762,16803,0.4353559954,0.7632810759,0.3024673183,0.8021648935,0.3178759069,0.7821817533,0.3405275158,73.90896243,186.5104391,0.3628798573,0,76,563.2,3835.088123,0.9810926023,0.5956895536,-0.1348757961
17,0.1,rolling,33964,38596,2000,2000,2000,14965,0.4406135909,0.5593864091,18477,0.4787283656,0.7752088206,0.3415675421,0.8113990846,0.3575134643,0.7920116902,0.379158462,137.7259451,312.5776144,0.3456732376,0,100,1003,3771.27114,0.9647669358,0.5565893299,-0.1229480514
17,0.1,rolling,33964,38596,3000,3000,3000,15216,0.4480037687,0.5519962313,18745,0.4856720904,0.7771424816,0.3481627606,0.8127357585,0.3641086828,0.7935449453,0.3854026324,154.297727,344.4116719,0.3433885384,0,105,1106,3754.699358,0.960527541,0.5499941114,-0.1210143904
17,0.1,rolling,33964,38596,4000,4000,4000,15627,0.4601048169,0.5398951831,19196,0.4973572391,0.7817879311,0.3597043929,0.8165090741,0.375679758,0.7974057095,0.3965955021,199.2686963,433.094132,0.339156588,0,114,1318,3709.728389,0.9490230635,0.5384524791,-0.1163689408
17,0.1,rolling,33964,38596,5000,5000,5000,16385,0.4824225651,0.5175774349,20023,0.51878433,0.7904180653,0.3813155105,0.8236550077,0.3973497616,0.8045747391,0.4174007669,299.9730597,621.8056149,0.3327433628,0,132,1798.2,3609.024025,0.9232608638,0.5168413614,-0.1077388067
17,0.1,rolling,33964,38596,inf,inf,1000000000000,33964,1,0,38596,1,0.898156872,0.898156872,0.9142058445,0.9142058445,0.8979168826,0.8979168826,3908.997085,3908.997085,0.2581262513,0.3244906371,5673.5,7128,0,0,0,0
17,0.1,static,33964,38596,1,1,1,1203,0.03541985632,0.9645801437,1597,0.0413773448,0.5170407315,0.01831350842,0.5822111388,0.02062183488,0.5046963056,0.02088299306,0.03541985632,1,0.6699916874,0,1,1,2750.181192,0.9999871211,0.8021728889,-0.3034456659
17,0.1,static,33964,38596,10,10,10,5097,0.1500706631,0.8499293369,6352,0.1645766401,0.6066313518,0.09103756919,0.655149154,0.09831866795,0.6130352645,0.1008912841,0.5777293605,3.849715519,0.555032372,0,3,8,2749.638882,0.9997899331,0.7294488282,-0.2138550456
17,0.1,static,33964,38596,50,50,50,9773,0.2877458485,0.7122541515,11979,0.3103689502,0.6413588458,0.1845483453,0.6849773997,0.1970994031,0.6556473829,0.2034925899,4.241755977,14.74132815,0.4398853985,0,9,38,2745.974856,0.9984576648,0.6359380521,-0.1791275516
17,0.1,static,33964,38596,100,100,100,12086,0.3558473678,0.6441526322,14733,0.3817234947,0.6514148602,0.2318042633,0.693206885,0.2466758454,0.6672775402,0.2547155146,9.228241668,25.93314579,0.3989740195,0,15,71,2740.98837,0.9966445401,0.588682134,-0.1690715372
17,0.1,static,33964,38596,250,250,250,15508,0.4566011071,0.5433988929,18935,0.4905948803,0.672169203,0.3069132022,0.7122927849,0.3252336741,0.68745709,0.3372629288,25.67135791,56.22272376,0.3607170493,0,27,164,2724.545254,0.990665696,0.5135731951,-0.1483171944
17,0.1,static,33964,38596,500,500,500,17580,0.5176068779,0.4823931221,21255,0.5507047362,0.6849829352,0.3545518785,0.7228206205,0.3741369246,0.6992237121,0.3850658099,47.40169002,91.57855518,0.3412969283,0,38,273,2702.814922,0.9827643794,0.4659345189,-0.1355034622
17,0.1,static,33964,38596,1000,1000,1000,19308,0.5684842775,0.4315157225,23149,0.599777179,0.7001760928,0.3980391002,0.7356460107,0.4182031909,0.7127737699,0.427505441,83.79940525,147.4084835,0.3259788689,0,49,465,2666.417206,0.9695298891,0.4224472971,-0.1203103046
17,0.1,static,33964,38596,2000,2000,2000,20731,0.6103815805,0.3896184195,24717,0.6404031506,0.7115430997,0.4343128018,0.7451772631,0.4548424756,0.7232673868,0.4631827132,143.7333059,235.481067,0.3160484299,0,61,769,2606.483306,0.9477374599,0.3861735956,-0.1089432977
17,0.1,static,33964,38596,3000,3000,3000,20979,0.6176834295,0.3823165705,24978,0.6471655094,0.7134277134,0.4406724767,0.7467119425,0.4612315935,0.7248778925,0.4691159706,160.3723943,259.6352543,0.3154583155,0,64,839,2589.844217,0.9416873589,0.3798139206,-0.1070586839
17,0.1,static,33964,38596,4000,4000,4000,21261,0.6259863385,0.3740136615,25276,0.6548865167,0.7164291426,0.4484748557,0.7492954161,0.4690486939,0.7274489634,0.4763965178,191.3613532,305.695734,0.3133907154,0,67,936,2558.855259,0.9304195341,0.3720115416,-0.1040572548
17,0.1,static,33964,38596,5000,5000,5000,21899,0.6447709339,0.3552290661,25971,0.6728935641,0.7234120279,0.4664350489,0.755488219,0.4871168445,0.7336644719,0.4936781014,275.824314,427.7865199,0.3093748573,0,72,1194,2474.392298,0.8997081492,0.3540513485,-0.09707436942
17,0.1,static,33964,38596,inf,inf,1000000000000,33964,1,0,38596,1,0.8204863974,0.8204863974,0.8412123574,0.8412123574,0.8197481604,0.8197481604,2750.216612,2750.216612,0.2581262513,0.2111058768,405.5,7128,0,0,0,0
17,0.1,top1,33964,38596,1,1,1,33964,1,0,38596,1,0.2224708515,0.2224708515,0.238413584,0.238413584,0.227147891,0.227147891,1,1,0.2581262513,0,1,1,0,0,0,0
17,0.1,top1,33964,38596,10,10,10,33964,1,0,38596,1,0.2224708515,0.2224708515,0.238413584,0.238413584,0.227147891,0.227147891,1,1,0.2581262513,0,1,1,0,0,0,0
17,0.1,top1,33964,38596,50,50,50,33964,1,0,38596,1,0.2224708515,0.2224708515,0.238413584,0.238413584,0.227147891,0.227147891,1,1,0.2581262513,0,1,1,0,0,0,0
17,0.1,top1,33964,38596,100,100,100,33964,1,0,38596,1,0.2224708515,0.2224708515,0.238413584,0.238413584,0.227147891,0.227147891,1,1,0.2581262513,0,1,1,0,0,0,0
17,0.1,top1,33964,38596,250,250,250,33964,1,0,38596,1,0.2224708515,0.2224708515,0.238413584,0.238413584,0.227147891,0.227147891,1,1,0.2581262513,0,1,1,0,0,0,0
17,0.1,top1,33964,38596,500,500,500,33964,1,0,38596,1,0.2224708515,0.2224708515,0.238413584,0.238413584,0.227147891,0.227147891,1,1,0.2581262513,0,1,1,0,0,0,0
17,0.1,top1,33964,38596,1000,1000,1000,33964,1,0,38596,1,0.2224708515,0.2224708515,0.238413584,0.238413584,0.227147891,0.227147891,1,1,0.2581262513,0,1,1,0,0,0,0
17,0.1,top1,33964,38596,2000,2000,2000,33964,1,0,38596,1,0.2224708515,0.2224708515,0.238413584,0.238413584,0.227147891,0.227147891,1,1,0.2581262513,0,1,1,0,0,0,0
17,0.1,top1,33964,38596,3000,3000,3000,33964,1,0,38596,1,0.2224708515,0.2224708515,0.238413584,0.238413584,0.227147891,0.227147891,1,1,0.2581262513,0,1,1,0,0,0,0
17,0.1,top1,33964,38596,4000,4000,4000,33964,1,0,38596,1,0.2224708515,0.2224708515,0.238413584,0.238413584,0.227147891,0.227147891,1,1,0.2581262513,0,1,1,0,0,0,0
17,0.1,top1,33964,38596,5000,5000,5000,33964,1,0,38596,1,0.2224708515,0.2224708515,0.238413584,0.238413584,0.227147891,0.227147891,1,1,0.2581262513,0,1,1,0,0,0,0
17,0.1,top1,33964,38596,inf,inf,1000000000000,33964,1,0,38596,1,0.2224708515,0.2224708515,0.238413584,0.238413584,0.227147891,0.227147891,1,1,0.2581262513,0,1,1,0,0,0,0
17,0.1,weighted,33964,38596,1,1,1,453,0.01333765163,0.9866623484,692,0.0179293191,0.4768211921,0.00635967495,0.5764164827,0.007688042241,0.4710982659,0.008446471137,0.01333765163,1,0.7196467991,0,1,1,3892.610264,0.9999965736,0.8910316806,-0.4205701635
17,0.1,weighted,33964,38596,10,10,10,2456,0.07231185962,0.9276881404,3099,0.08029329464,0.6506514658,0.04704981745,0.7018099504,0.05074918261,0.6508551146,0.05225930148,0.2944588388,4.072068404,0.6421009772,0,3,8,3892.329143,0.9999243547,0.8503415381,-0.2467398898
17,0.1,weighted,33964,38596,50,50,50,5559,0.1636733011,0.8363266989,7000,0.1813659447,0.6976074834,0.1141797197,0.7434597692,0.1216845147,0.7137142857,0.1294434656,2.834501237,17.31804281,0.5189782335,0,14,41,3889.7891,0.9992718276,0.7832116358,-0.1997838722
17,0.1,weighted,33964,38596,100,100,100,7548,0.222235308,0.777764692,9536,0.2470722355,0.722972973,0.1606701213,0.7676381213,0.1705962943,0.7422399329,0.1833868795,7.033093864,31.64705882,0.4664811871,0,24,76,3885.590508,0.9981932253,0.7367212342,-0.1744183826
17,0.1,weighted,33964,38596,250,250,250,9966,0.2934283359,0.7065716641,12448,0.3225204684,0.7404174192,0.2172594512,0.7811826082,0.2292211127,0.7598811054,0.2450772101,18.90086562,64.41390728,0.4177202488,0,40,177,3873.722736,0.9951444405,0.6801319044,-0.1569739363
17,0.1,weighted,33964,38596,500,500,500,11883,0.3498704511,0.6501295489,14911,0.3863353715,0.7494740385,0.2622188199,0.7908387866,0.276691123,0.7692978338,0.2972069645,39.06459781,111.6544644,0.3850037869,0,57,320,3853.559004,0.9899644554,0.6351725356,-0.147917317
17,0.1,weighted,33964,38596,1000,1000,1000,13549,0.3989223884,0.6010776116,16905,0.4379987563,0.7627869215,0.3042927806,0.8017519597,0.3198368067,0.7817213842,0.3423929941,74.55532328,186.8918001,0.3624621743,0,75,568,3818.068278,0.9808470248,0.593098575,-0.134604434
17,0.1,weighted,33964,38596,2000,2000,2000,15036,0.4427040396,0.5572959604,18551,0.4806456628,0.7745411014,0.3428924744,0.8107333933,0.3589149482,0.7913320037,0.3803502954,137.6900836,311.0206172,0.3453046023,0,100,994.5,3754.933518,0.9646279482,0.5544988812,-0.1228502542
17,0.1,weighted,33964,38596,3000,3000,3000,15313,0.4508597338,0.5491402662,18853,0.4884703078,0.7769215699,0.3502826522,0.812459172,0.3663051261,0.7932954967,0.3875012955,156.0354787,346.0843075,0.3425847319,0,105,1114.8,3736.588123,0.9599150869,0.5471087033,-0.1204697856
17,0.1,weighted,33964,38596,4000,4000,4000,15699,0.4622247085,0.5377752915,19275,0.4994040833,0.7813873495,0.3611765399,0.8161148673,0.3772284566,0.7969909209,0.3980205203,198.3448357,429.1091152,0.3388750876,0,113,1316,3694.278766,0.9490459762,0.5362148157,-0.116004006
17,0.1,weighted,33964,38596,5000,5000,5000,16474,0.4850429867,0.5149570133,20125,0.5214270909,0.7901541823,0.3832587446,0.8233693882,0.3993695472,0.8043229814,0.4193957923,301.4595454,621.510987,0.3327060823,0,131,1810.7,3591.164056,0.9225562047,0.514132611,-0.1072371732
17,0.1,weighted,33964,38596,inf,inf,1000000000000,33964,1,0,38596,1,0.8973913556,0.8973913556,0.9135168797,0.9135168797,0.8971914188,0.8971914188,3892.623601,3892.623601,0.2581262513,0.3226651749,5592.5,7128,0,0,0,0
29,0.1,adaptive,33964,38596,1,1,1,397,0.01168884701,0.988311153,547,0.0141724531,0.5264483627,0.006153574373,0.5938287154,0.006941173007,0.4990859232,0.007073271842,0.01168884701,1,0.6876574307,0,1,1,3877.001119,0.9999969851,0.8930338005,-0.3727390121
29,0.1,adaptive,33964,38596,10,10,10,2744,0.08079142622,0.9192085738,3613,0.09361073686,0.6410349854,0.05179013073,0.6960893031,0.05623804757,0.6446166621,0.06034304073,0.3436285479,4.253279883,0.6231778426,0,4,9,3876.669179,0.9999113677,0.8473972441,-0.2581523894
29,0.1,adaptive,33964,38596,50,50,50,5861,0.1725650689,0.8274349311,7500,0.194320655,0.6928851732,0.1195677776,0.7422873284,0.128092864,0.7057333333,0.1371385636,2.963049111,17.17061935,0.4992322129,0,12,41,3874.049759,0.9992357391,0.7796195972,-0.2063022017
29,0.1,adaptive,33964,38596,100,100,100,7631,0.224679072,0.775320928,9589,0.2484454348,0.7156335998,0.1607878931,0.7600515233,0.1707676709,0.7286474085,0.1810291222,6.738399482,29.99122002,0.4587865286,0,22,75,3870.274408,0.998261961,0.7383994818,-0.1835537751
29,0.1,adaptive,33964,38596,250,250,250,10020,0.2950182546,0.7049817454,12458,0.3227795626,0.7434131737,0.219320457,0.7839937585,0.2312924703,0.7572644084,0.2444294746,18.23348251,61.80459082,0.4200598802,0,37,170,3858.779325,0.995297028,0.6798669179,-0.1557742012
29,0.1,adaptive,33964,38596,500,500,500,12024,0.3540219055,0.6459780945,15078,0.3906622448,0.755322688,0.2674007773,0.7951844327,0.2815127081,0.7719193527,0.3015597471,39.58158639,111.8054724,0.3839820359,0,54,332,3837.431221,0.9897907001,0.6317865976,-0.1438646869
29,0.1,adaptive,33964,38596,1000,1000,1000,13622,0.401071723,0.598928277,16987,0.4401233288,0.7679489062,0.308002591,0.805800316,0.3231837211,0.7835992229,0.3448802985,72.85646567,181.654456,0.3658787256,0,73,548.9,3804.156342,0.9812080926,0.5911847839,-0.1312384687
29,0.1,adaptive,33964,38596,2000,2000,2000,15074,0.4438228713,0.5561771287,18590,0.4816561302,0.7796868781,0.3460428689,0.8147657272,0.3616116645,0.7934911243,0.3821898642,134.9226828,304.0011941,0.3501393127,0,97,966,3742.090125,0.9651993198,0.5531445059,-0.1195004968
29,0.1,adaptive,33964,38596,3000,3000,3000,15311,0.450800848,0.549199152,18852,0.4884443984,0.7817908693,0.3524319868,0.8163920431,0.3680302253,0.7952471886,0.3884340346,150.6828995,334.2560251,0.3476585461,0,101,1079,3726.329908,0.9611342786,0.5467553881,-0.1173965056
29,0.1,adaptive,33964,38596,4000,4000,4000,15692,0.4620186079,0.5379813921,19268,0.4992227174,0.7865154219,0.3633847603,0.8203402098,0.3790124417,0.7992007474,0.3989791688,192.7732599,417.2413332,0.3441243946,0,108,1295,3684.239548,0.9502778893,0.5358026145,-0.112671953
29,0.1,adaptive,33964,38596,5000,5000,5000,16569,0.487840066,0.512159934,20214,0.5237330293,0.7964270626,0.3885290307,0.8285218523,0.4041861551,0.8074601761,0.4228935641,308.5963373,632.5768604,0.3370149074,0,128,1848.2,3568.41647,0.9204035806,0.5106583441,-0.1027603123
29,0.1,adaptive,33964,38596,inf,inf,1000000000000,33964,1,0,38596,1,0.8991873749,0.8991873749,0.915026064,0.915026064,0.8978132449,0.8978132449,3877.012808,3877.012808,0.2605994582,0.318719821,5460,7128,0,0,0,0
29,0.1,rolling,33964,38596,1,1,1,381,0.01121775998,0.98878224,528,0.01368017411,0.5170603675,0.005800259098,0.5846456693,0.006558414792,0.490530303,0.006710539952,0.01121775998,1,0.6797900262,0,1,1,3895.808856,0.9999971206,0.8946531622,-0.3833930538
29,0.1,rolling,33964,38596,10,10,10,2714,0.07990813803,0.920091862,3572,0.09254845062,0.6425939573,0.05134848663,0.6971514545,0.05570807466,0.6469764838,0.05987667116,0.3420091862,4.280029477,0.6245394252,0,4,9,3895.478065,0.9999122112,0.8491049346,-0.257859464
29,0.1,rolling,33964,38596,50,50,50,5801,0.1707984925,0.8292015075,7424,0.192351539,0.6929839683,0.1183606171,0.7423569554,0.1267934489,0.7058189655,0.1357653643,2.939965846,17.21306671,0.4997414239,0,12,41,3892.880108,0.9992453538,0.7820928041,-0.207469453
29,0.1,rolling,33964,38596,100,100,100,7568,0.2228241668,0.7771758332,9518,0.2466058659,0.7164376321,0.1596396184,0.7609169981,0.1695506961,0.7295650347,0.1799150171,6.705305618,30.09236258,0.4595665962,0,22,75,3889.114769,0.9982788462,0.7408138029,-0.1840157891
29,0.1,rolling,33964,38596,250,250,250,9949,0.2929278059,0.7070721941,12376,0.3206549902,0.7441953965,0.2179955247,0.7847305384,0.2298693949,0.7580801551,0.2430821847,18.15754917,61.9864308,0.4204442658,0,37,169,3877.662525,0.9953392229,0.6824578966,-0.1562580247
29,0.1,rolling,33964,38596,500,500,500,11936,0.3514309269,0.6485690731,14967,0.3877862991,0.756786193,0.2659580733,0.7963960567,0.2798782044,0.7731676355,0.2998238159,39.36892003,112.0246314,0.3847184987,0,54,333,3856.451154,0.9898945744,0.634495348,-0.1436672282
29,0.1,rolling,33964,38596,1000,1000,1000,13552,0.3990107172,0.6009892828,16904,0.4379728469,0.7694067296,0.307001531,0.8070601071,0.3220256322,0.7849029815,0.3437661934,73.04699093,183.0702479,0.3662927981,0,73.5,553.9,3822.773083,0.9812499064,0.5934518902,-0.1310466916
29,0.1,rolling,33964,38596,2000,2000,2000,14986,0.4412318926,0.5587681074,18491,0.4790910975,0.7810623248,0.3446296078,0.8160580033,0.3600708173,0.7947650208,0.3807648461,134.6129137,305.0842787,0.3505271587,0,97,969.5,3761.207161,0.965446835,0.5558238134,-0.1193910964
29,0.1,rolling,33964,38596,3000,3000,3000,15229,0.4483865269,0.5516134731,18766,0.4862161882,0.7832424979,0.3511953833,0.8177782677,0.3666807572,0.7966535223,0.3873458389,150.8853198,336.5072559,0.348151553,0,102,1086.2,3744.934754,0.9612699465,0.5492580379,-0.1172109234
29,0.1,rolling,33964,38596,4000,4000,4000,15586,0.4588976563,0.5411023437,19155,0.4962949528,0.7876940844,0.3614709693,0.8214708866,0.3769710646,0.8003654398,0.3972173282,190.1907314,414.4513025,0.3446041319,0,109,1285.5,3705.629343,0.9511808226,0.538982452,-0.1127593368
29,0.1,rolling,33964,38596,5000,5000,5000,16471,0.4849546579,0.5150453421,20113,0.5211161778,0.7978264829,0.3869096691,0.8298794996,0.4024539288,0.8088301099,0.4214944554,307.0141032,633.0779552,0.3373808512,0,129,1850,3588.805971,0.9211939727,0.5135437522,-0.1026269384
29,0.1,rolling,33964,38596,inf,inf,1000000000000,33964,1,0,38596,1,0.9004534213,0.9004534213,0.9161645243,0.9161645243,0.8990309877,0.8990309877,3895.820074,3895.820074,0.2605994582,0.3204275115,5572.5,7128,0,0,0,0
29,0.1,static,33964,38596,1,1,1,1244,0.03662701684,0.9633729832,1665,0.04313918541,0.5152733119,0.01887292427,0.5810691318,0.02128282888,0.5003003003,0.02158254741,0.03662701684,1,0.6696141479,0,1,1,2819.951007,0.9999870116,0.8067365446,-0.310336157
29,0.1,static,33964,38596,10,10,10,4999,0.147185255,0.852814745,6313,0.1635661727,0.5847169434,0.0860617124,0.6313868329,0.09293083199,0.5805480754,0.09495802674,0.5672771169,3.854170834,0.5459091818,0,3,8.2,2819.420357,0.999798837,0.7395477564,-0.2408925255
29,0.1,static,33964,38596,50,50,50,9432,0.2777058061,0.7222941939,11556,0.2994092652,0.6352841391,0.176422094,0.67594692,0.1877143843,0.6425233645,0.1923774484,4.013190437,14.45122986,0.4388252757,0,9,37,2815.974444,0.9985768766,0.6491873749,-0.1903253297
29,0.1,static,33964,38596,100,100,100,11734,0.3454834531,0.6545165469,14298,0.3704528967,0.6564683825,0.2267989636,0.6947428244,0.24002215,0.6658273884,0.2466576847,8.963166883,25.94383842,0.4046361002,0,15,71,2811.024467,0.9968215581,0.5988105052,-0.1691410864
29,0.1,static,33964,38596,250,250,250,15051,0.4431456837,0.5568543163,18362,0.4757487823,0.6761012557,0.2996113532,0.7134762706,0.3161739297,0.6856551574,0.3261996062,25.06916147,56.57092552,0.3647598166,0,27,167,2794.918473,0.9911101874,0.5259981157,-0.1495082131
29,0.1,static,33964,38596,500,500,500,17216,0.5068896479,0.4931103521,20871,0.5407555187,0.6895910781,0.3495465787,0.7254072209,0.3677014107,0.6995352403,0.3782775417,47.82881875,94.35745818,0.3439242565,0,39,285,2772.158815,0.9830393516,0.4760628901,-0.1360183908
29,0.1,static,33964,38596,1000,1000,1000,18965,0.5583853492,0.4416146508,22782,0.5902684216,0.7027682573,0.3924154988,0.7363227374,0.4111518288,0.7117022211,0.4200953467,84.73053822,151.7420511,0.3301871869,0,51,476,2735.257096,0.9699535781,0.4331939701,-0.1228412115
29,0.1,static,33964,38596,2000,2000,2000,20414,0.6010481686,0.3989518314,24380,0.6316716758,0.7148525522,0.4296608173,0.7466098779,0.4487484998,0.72292863,0.4566535392,145.9672006,242.8544136,0.3199275007,0,64,780.7,2674.020433,0.9482383544,0.3959486515,-0.1107569167
29,0.1,static,33964,38596,3000,3000,3000,20670,0.6085855612,0.3914144388,24665,0.6390558607,0.7167876149,0.4362265929,0.7482000023,0.4553437183,0.7246705859,0.463104985,163.010305,267.8510885,0.3187227866,0,67,857,2656.977329,0.9421946738,0.389382876,-0.1088218539
29,0.1,static,33964,38596,4000,4000,4000,20912,0.6157107526,0.3842892474,24924,0.6457664007,0.7195868401,0.4430573548,0.7506596235,0.4621892017,0.7271304766,0.4695564307,189.6624073,308.0381599,0.3169472073,0,69,939,2630.325227,0.9327435323,0.382552114,-0.1060226288
29,0.1,static,33964,38596,5000,5000,5000,21560,0.6347897774,0.3652102226,25605,0.6634107161,0.7273191095,0.4616947356,0.7575275532,0.4808707469,0.7338019918,0.4868121049,275.3806972,433.8140074,0.3128478664,0,76,1233.1,2544.606937,0.9023468423,0.3639147332,-0.09829035939
29,0.1,static,33964,38596,inf,inf,1000000000000,33964,1,0,38596,1,0.8256094688,0.8256094688,0.8448296446,0.8448296446,0.8222613742,0.8222613742,2819.987634,2819.987634,0.2605994582,0.2198504299,463.5,7128,0,0,0,0
29,0.1,top1,33964,38596,1,1,1,33964,1,0,38596,1,0.2245318573,0.2245318573,0.2408032992,0.2408032992,0.2293242823,0.2293242823,1,1,0.2605994582,0,1,1,0,0,0,0
29,0.1,top1,33964,38596,10,10,10,33964,1,0,38596,1,0.2245318573,0.2245318573,0.2408032992,0.2408032992,0.2293242823,0.2293242823,1,1,0.2605994582,0,1,1,0,0,0,0
29,0.1,top1,33964,38596,50,50,50,33964,1,0,38596,1,0.2245318573,0.2245318573,0.2408032992,0.2408032992,0.2293242823,0.2293242823,1,1,0.2605994582,0,1,1,0,0,0,0
29,0.1,top1,33964,38596,100,100,100,33964,1,0,38596,1,0.2245318573,0.2245318573,0.2408032992,0.2408032992,0.2293242823,0.2293242823,1,1,0.2605994582,0,1,1,0,0,0,0
29,0.1,top1,33964,38596,250,250,250,33964,1,0,38596,1,0.2245318573,0.2245318573,0.2408032992,0.2408032992,0.2293242823,0.2293242823,1,1,0.2605994582,0,1,1,0,0,0,0
29,0.1,top1,33964,38596,500,500,500,33964,1,0,38596,1,0.2245318573,0.2245318573,0.2408032992,0.2408032992,0.2293242823,0.2293242823,1,1,0.2605994582,0,1,1,0,0,0,0
29,0.1,top1,33964,38596,1000,1000,1000,33964,1,0,38596,1,0.2245318573,0.2245318573,0.2408032992,0.2408032992,0.2293242823,0.2293242823,1,1,0.2605994582,0,1,1,0,0,0,0
29,0.1,top1,33964,38596,2000,2000,2000,33964,1,0,38596,1,0.2245318573,0.2245318573,0.2408032992,0.2408032992,0.2293242823,0.2293242823,1,1,0.2605994582,0,1,1,0,0,0,0
29,0.1,top1,33964,38596,3000,3000,3000,33964,1,0,38596,1,0.2245318573,0.2245318573,0.2408032992,0.2408032992,0.2293242823,0.2293242823,1,1,0.2605994582,0,1,1,0,0,0,0
29,0.1,top1,33964,38596,4000,4000,4000,33964,1,0,38596,1,0.2245318573,0.2245318573,0.2408032992,0.2408032992,0.2293242823,0.2293242823,1,1,0.2605994582,0,1,1,0,0,0,0
29,0.1,top1,33964,38596,5000,5000,5000,33964,1,0,38596,1,0.2245318573,0.2245318573,0.2408032992,0.2408032992,0.2293242823,0.2293242823,1,1,0.2605994582,0,1,1,0,0,0,0
29,0.1,top1,33964,38596,inf,inf,1000000000000,33964,1,0,38596,1,0.2245318573,0.2245318573,0.2408032992,0.2408032992,0.2293242823,0.2293242823,1,1,0.2605994582,0,1,1,0,0,0,0
29,0.1,weighted,33964,38596,1,1,1,398,0.01171828995,0.98828171,548,0.01419836252,0.527638191,0.006183017312,0.5948492462,0.006970615946,0.5,0.007099181262,0.01171828995,1,0.6884422111,0,1,1,3877.201772,0.9999969777,0.8929454717,-0.371490298
29,0.1,weighted,33964,38596,10,10,10,2745,0.08082086916,0.9191791308,3614,0.09363664628,0.6408014572,0.05179013073,0.6958357186,0.05623804757,0.6444382955,0.06034304073,0.3439524202,4.255737705,0.6229508197,0,4,9,3876.869538,0.9999112888,0.8473383583,-0.2583270318
29,0.1,weighted,33964,38596,50,50,50,5862,0.1725945118,0.8274054882,7501,0.1943465644,0.6927669737,0.1195677776,0.7421607014,0.128092864,0.7056392481,0.1371385636,2.964992345,17.17894916,0.4991470488,0,12,41,3874.248498,0.9992352775,0.7795607113,-0.2063615153
29,0.1,weighted,33964,38596,100,100,100,7632,0.2247085149,0.7752914851,9591,0.2484972536,0.7156708595,0.160817336,0.7600829631,0.1707971138,0.7287039933,0.181080941,6.740872689,29.99829665,0.4589884696,0,22,75,3870.472618,0.9982614131,0.738311153,-0.1834576294
29,0.1,weighted,33964,38596,250,250,250,10021,0.2950476976,0.7049523024,12458,0.3227795626,0.7434387786,0.2193498999,0.7839654187,0.2313071917,0.7572644084,0.2444294746,18.24308091,61.83095499,0.4201177527,0,37,170,3858.97041,0.9952947959,0.6797785891,-0.1556897104
29,0.1,weighted,33964,38596,500,500,500,12019,0.3538746908,0.6461253092,15072,0.3905067883,0.7553041018,0.2672830055,0.7951408286,0.2813802149,0.7718949045,0.3014302,39.5244082,111.6904069,0.3838921707,0,54,332,3837.689083,0.9898059758,0.6318454835,-0.1438243871
29,0.1,weighted,33964,38596,1000,1000,1000,13620,0.4010128371,0.5989871629,16985,0.44007151,0.7678414097,0.3079142622,0.8056983777,0.3230953923,0.7835148661,0.3448025702,72.80779649,181.5597651,0.3657856094,0,73,548,3804.405694,0.9812216179,0.5912142268,-0.1312870793
29,0.1,weighted,33964,38596,2000,2000,2000,15075,0.4438523142,0.5561476858,18591,0.4816820396,0.7796351575,0.3460428689,0.8147116797,0.3616116645,0.7934484428,0.3821898642,135.0183724,304.1966169,0.3500497512,0,97,966,3742.195118,0.9651764411,0.5530856201,-0.1194933314
29,0.1,weighted,33964,38596,3000,3000,3000,15308,0.4507125191,0.5492874809,18849,0.4883666701,0.7816174549,0.3522847721,0.8162254097,0.3678830106,0.7951084938,0.3883044875,150.480126,333.8716357,0.3477920042,0,101,1081.9,3726.733365,0.9611885891,0.5468437169,-0.1175110341
29,0.1,weighted,33964,38596,4000,4000,4000,15689,0.4619302791,0.5380697209,19265,0.4991449891,0.7863471222,0.3632375456,0.8201783779,0.378865227,0.7990656631,0.3988496217,192.5639206,416.8679329,0.3440627191,0,108,1294.2,3684.64957,0.9503344551,0.5358909434,-0.1127813668
29,0.1,weighted,33964,38596,5000,5000,5000,16567,0.4877811801,0.5122188199,20212,0.5236812105,0.796281765,0.388411259,0.8283804293,0.4040683833,0.807342173,0.4227899264,308.4947003,632.4448603,0.3369348705,0,128,1848.4,3568.71879,0.9204339145,0.51071723,-0.102846724
29,0.1,weighted,33964,38596,inf,inf,1000000000000,33964,1,0,38596,1,0.899128489,0.899128489,0.9149671781,0.9149671781,0.8977614261,0.8977614261,3877.213491,3877.213491,0.2605994582,0.3186020492,5460,7128,0,0,0,0
43,0.1,adaptive,33964,38596,1,1,1,360,0.01059945825,0.9894005418,469,0.01215151829,0.5333333333,0.0056530444,0.6065740741,0.006429356574,0.5373134328,0.006529174008,0.01059945825,1,0.7,0,1,1,3851.891002,0.9999972483,0.8923860558,-0.3647057669
43,0.1,adaptive,33964,38596,10,10,10,2611,0.07687551525,0.9231244847,3395,0.08796248316,0.6480275756,0.04981745377,0.7084152517,0.05445978749,0.6606774669,0.05811483055,0.3438346485,4.472615856,0.6415166603,0,4,9,3851.557767,0.9999107364,0.8482216464,-0.2500115246
43,0.1,adaptive,33964,38596,50,50,50,5554,0.1635260864,0.8364739136,7112,0.1842677998,0.6953546993,0.1137086327,0.7461472784,0.1220145443,0.7137232846,0.1315162193,2.660729007,16.27097587,0.5322290241,0,12,40,3849.240873,0.9993092427,0.7843304676,-0.2026844009
43,0.1,adaptive,33964,38596,100,100,100,7567,0.2227947238,0.7772052762,9561,0.247719971,0.721289811,0.1606995642,0.7671927081,0.1709264875,0.7410312729,0.1835682454,7.030267342,31.55490948,0.474031981,0,21,80,3844.871334,0.998174858,0.737339536,-0.1767492892
43,0.1,adaptive,33964,38596,250,250,250,10080,0.296784831,0.703215169,12547,0.3250855011,0.7471230159,0.221734778,0.7868515763,0.2335256121,0.7648043357,0.2486268007,19.05885644,64.21775794,0.4211309524,0,40,172,3832.842745,0.9950520916,0.6763043222,-0.1509160844
43,0.1,adaptive,33964,38596,500,500,500,12034,0.3543163349,0.6456836651,15071,0.3904808788,0.7554429118,0.2676657637,0.7957086205,0.2819325621,0.7746002256,0.3024665768,39.89995289,112.6111019,0.3913079608,0,60,329,3812.001649,0.9896414922,0.6303733365,-0.1425961885
43,0.1,adaptive,33964,38596,1000,1000,1000,13725,0.4041043458,0.5958956542,17099,0.443025184,0.7666302368,0.3097986103,0.80477373,0.3252125617,0.7850751506,0.347808063,75.55979861,186.9809107,0.3666302368,0,81,568,3776.341803,0.9803837672,0.5882404899,-0.1314088634
43,0.1,adaptive,33964,38596,2000,2000,2000,15261,0.449328701,0.550671299,18817,0.4875375687,0.7795033091,0.3502532093,0.8146562771,0.3660484467,0.7957697826,0.387967665,140.8110058,313.38084,0.3486665356,0,102,1005,3711.090596,0.9634437687,0.5477858909,-0.1185357911
43,0.1,adaptive,33964,38596,3000,3000,3000,15514,0.4567777647,0.5432222353,19089,0.4945849311,0.7816810623,0.3570545283,0.8164219057,0.3729233731,0.7975273718,0.3944450202,157.3265516,344.4269047,0.3461389713,0,107,1119,3694.57505,0.9591561343,0.5409845719,-0.116358038
43,0.1,adaptive,33964,38596,4000,4000,4000,15829,0.4660522907,0.5339477093,19431,0.5034459529,0.7855202476,0.3660935108,0.8195697419,0.3819623556,0.8006793268,0.4030987667,192.2428454,412.4920083,0.3436730052,0,113,1269,3659.658756,0.9500914444,0.5319455894,-0.1125188526
43,0.1,adaptive,33964,38596,5000,5000,5000,16642,0.4899894005,0.5100105995,20304,0.5260648772,0.7942554981,0.3891767754,0.8266916703,0.405070156,0.8076733649,0.4248885895,300.4782711,613.2342267,0.3372190842,0,130,1766,3551.423331,0.9219922256,0.5088623248,-0.1037836021
43,0.1,adaptive,33964,38596,inf,inf,1000000000000,33964,1,0,38596,1,0.8980391002,0.8980391002,0.9139619237,0.9139619237,0.8977614261,0.8977614261,3851.901602,3851.901602,0.2613060888,0.3119185019,5361,7128,0,0,0,0
43,0.1,rolling,33964,38596,1,1,1,350,0.01030502885,0.9896949711,455,0.0117887864,0.5257142857,0.005417500883,0.5989047619,0.006171730852,0.5318681319,0.006270079801,0.01030502885,1,0.6914285714,0,1,1,3869.051054,0.9999973366,0.8935932163,-0.3732964315
43,0.1,rolling,33964,38596,10,10,10,2591,0.07628665646,0.9237133435,3367,0.08723701938,0.6495561559,0.04955246732,0.7097538488,0.05414474803,0.662013662,0.05775209866,0.3439524202,4.508683906,0.6426090313,0,4,9,3868.717407,0.9999111018,0.8494582499,-0.2494545613
43,0.1,rolling,33964,38596,50,50,50,5507,0.1621422683,0.8378577317,7056,0.1828168722,0.6960232431,0.1128547874,0.7470374646,0.121126349,0.7144274376,0.1306093896,2.643387116,16.30288723,0.5327764663,0,12,40,3866.417972,0.9993167885,0.7861559298,-0.2029874741
43,0.1,rolling,33964,38596,100,100,100,7504,0.2209398186,0.7790601814,9488,0.2458285833,0.7216151386,0.1594335178,0.7676813107,0.1696113696,0.7414629005,0.1822727744,6.993669768,31.65418443,0.4745469083,0,21,80,3862.067689,0.9981924118,0.7395771994,-0.1773955786
43,0.1,rolling,33964,38596,250,250,250,10018,0.2949593687,0.7050406313,12477,0.3232718416,0.748452785,0.220763161,0.7882608527,0.2325049235,0.7660495311,0.2476422427,19.01719468,64.4739469,0.4216410461,0,41,172.3,3850.044164,0.9950848041,0.6782475562,-0.1505579322
43,0.1,rolling,33964,38596,500,500,500,11958,0.3520786715,0.6479213285,14984,0.3882267592,0.7558956347,0.2661347309,0.7963405982,0.2803745399,0.7750266951,0.3008861022,39.77087504,112.960194,0.3922060545,0,61,331,3829.290484,0.989720795,0.6328759863,-0.1431150825
43,0.1,rolling,33964,38596,1000,1000,1000,13652,0.4019550112,0.5980449888,17019,0.4409524303,0.7672135951,0.3083853492,0.8053620552,0.3237193139,0.7856513309,0.3464348637,75.47520904,187.7702901,0.3678581893,0,82,568,3793.58615,0.9804926306,0.590625368,-0.1317971222
43,0.1,rolling,33964,38596,2000,2000,2000,15184,0.4470615946,0.5529384054,18734,0.4853870867,0.7801633298,0.3487810623,0.8153815054,0.364525756,0.796412939,0.3865685563,140.6622306,314.6372497,0.3488540569,0,103,1008.7,3728.399128,0.9636443526,0.5502296549,-0.1188473874
43,0.1,rolling,33964,38596,3000,3000,3000,15439,0.4545695442,0.5454304558,19007,0.4924603586,0.7824988665,0.3557001531,0.8172972847,0.3715184542,0.7982848424,0.3931236398,157.3722471,346.2005959,0.3466545761,0,108,1118,3711.689112,0.9593254714,0.5433105641,-0.1165118507
43,0.1,rolling,33964,38596,4000,4000,4000,15751,0.4637557414,0.5362442586,19345,0.5012177428,0.7865532347,0.3647685785,0.8206623565,0.3805868796,0.8016024813,0.4017773863,191.8404193,413.6669418,0.3435972319,0,114,1271,3677.22094,0.9504168062,0.5342421387,-0.1124574825
43,0.1,rolling,33964,38596,5000,5000,5000,16547,0.4871923213,0.5128076787,20200,0.5233702974,0.7949477247,0.3872924273,0.8274663752,0.4031352641,0.8083168317,0.4230490206,297.795401,611.2481417,0.3372816825,0,130,1764.4,3571.265958,0.9230316158,0.51171829,-0.1040629926
43,0.1,rolling,33964,38596,inf,inf,1000000000000,33964,1,0,38596,1,0.8990107172,0.8990107172,0.914882997,0.914882997,0.8986682558,0.8986682558,3869.061359,3869.061359,0.2613060888,0.3138028501,5463.5,7128,0,0,0,0
43,0.1,static,33964,38596,1,1,1,1122,0.03303497821,0.9669650218,1451,0.03759456939,0.5240641711,0.01731244847,0.5911764706,0.01952950183,0.5217091661,0.01961343144,0.03303497821,1,0.674688057,0,1,1,2699.994023,0.9999877649,0.8028500766,-0.2960983539
43,0.1,static,33964,38596,10,10,10,5064,0.149099046,0.850900954,6399,0.1657943828,0.6022906793,0.08980096573,0.6516024255,0.09715330004,0.6054070949,0.1003730957,0.5722235308,3.837875197,0.566943128,0,3,8,2699.454835,0.9997880675,0.7303615593,-0.2178718457
43,0.1,static,33964,38596,50,50,50,9795,0.2883935932,0.7116064068,12009,0.3111462328,0.6454313425,0.186138264,0.6874846658,0.1982661731,0.6564243484,0.2042439631,4.357378401,15.10913731,0.4426748341,0,10,39,2695.66968,0.9983861723,0.634024261,-0.1747311825
43,0.1,static,33964,38596,100,100,100,12135,0.3572900718,0.6427099282,14775,0.3828116903,0.6595797281,0.2356612884,0.698524372,0.249575823,0.6720135364,0.2572546378,9.397685785,26.3026782,0.4025545941,0,16,71,2690.629372,0.9965194105,0.5845012366,-0.160582797
43,0.1,static,33964,38596,250,250,250,15753,0.4638146273,0.5361853727,19227,0.4981604311,0.6789183013,0.3148922388,0.7170907985,0.3325972014,0.6922556821,0.3448543891,26.62348369,57.40112994,0.3632958801,0,29,165,2673.403574,0.9901395493,0.5052702862,-0.1412442238
43,0.1,static,33964,38596,500,500,500,17829,0.5249381698,0.4750618302,21542,0.55814074,0.6915699142,0.3630314451,0.7276365107,0.3819641782,0.7036022653,0.392709089,48.53562596,92.45970049,0.341802681,0,40,273,2651.491432,0.9820240224,0.45713108,-0.1285926108
43,0.1,static,33964,38596,1000,1000,1000,19531,0.575050053,0.424949947,23404,0.6063840813,0.7028313962,0.4041632317,0.7366425008,0.4236063091,0.7137241497,0.4327909628,84.45085973,146.8582766,0.3269673852,0,50,459,2615.576198,0.9687222173,0.4159992934,-0.1173311288
43,0.1,static,33964,38596,2000,2000,2000,20966,0.6173006713,0.3826993287,24947,0.6463623173,0.7151578747,0.4414674361,0.747153233,0.4612181923,0.7244959314,0.4682868691,144.8102991,234.5863302,0.3186110846,0,62,757,2555.216759,0.9463670934,0.3786950889,-0.1050046504
43,0.1,static,33964,38596,3000,3000,3000,21213,0.6245730774,0.3754269226,25213,0.6532542232,0.7166360251,0.4475915675,0.7484316857,0.4674502812,0.7258557094,0.4741683076,161.3321164,258.3078301,0.3173997077,0,65,834.8,2538.694942,0.9402479631,0.3725709575,-0.1035264999
43,0.1,static,33964,38596,4000,4000,4000,21494,0.6328465434,0.3671534566,25516,0.6611047777,0.7195496418,0.4553645036,0.7509528868,0.4752379387,0.7284448973,0.4815784019,192.1277529,303.5929562,0.3155299153,0,67,926.7,2507.899305,0.9288422861,0.3647980214,-0.1006128833
43,0.1,static,33964,38596,5000,5000,5000,22156,0.6523377694,0.3476622306,26230,0.6796041041,0.7267105976,0.4740607702,0.7572883801,0.4940078127,0.7348074724,0.4993781739,279.8599988,429.0108774,0.3112475176,0,74,1208,2420.167059,0.8963491873,0.3461017548,-0.09345192745
43,0.1,static,33964,38596,inf,inf,1000000000000,33964,1,0,38596,1,0.820162525,0.820162525,0.8402641429,0.8402641429,0.8183749611,0.8183749611,2700.027058,2700.027058,0.2613060888,0.2056883759,376,7128,0,0,0,0
43,0.1,top1,33964,38596,1,1,1,33964,1,0,38596,1,0.2254151454,0.2254151454,0.2416169759,0.2416169759,0.2299461084,0.2299461084,1,1,0.2613060888,0,1,1,0,0,0,0
43,0.1,top1,33964,38596,10,10,10,33964,1,0,38596,1,0.2254151454,0.2254151454,0.2416169759,0.2416169759,0.2299461084,0.2299461084,1,1,0.2613060888,0,1,1,0,0,0,0
43,0.1,top1,33964,38596,50,50,50,33964,1,0,38596,1,0.2254151454,0.2254151454,0.2416169759,0.2416169759,0.2299461084,0.2299461084,1,1,0.2613060888,0,1,1,0,0,0,0
43,0.1,top1,33964,38596,100,100,100,33964,1,0,38596,1,0.2254151454,0.2254151454,0.2416169759,0.2416169759,0.2299461084,0.2299461084,1,1,0.2613060888,0,1,1,0,0,0,0
43,0.1,top1,33964,38596,250,250,250,33964,1,0,38596,1,0.2254151454,0.2254151454,0.2416169759,0.2416169759,0.2299461084,0.2299461084,1,1,0.2613060888,0,1,1,0,0,0,0
43,0.1,top1,33964,38596,500,500,500,33964,1,0,38596,1,0.2254151454,0.2254151454,0.2416169759,0.2416169759,0.2299461084,0.2299461084,1,1,0.2613060888,0,1,1,0,0,0,0
43,0.1,top1,33964,38596,1000,1000,1000,33964,1,0,38596,1,0.2254151454,0.2254151454,0.2416169759,0.2416169759,0.2299461084,0.2299461084,1,1,0.2613060888,0,1,1,0,0,0,0
43,0.1,top1,33964,38596,2000,2000,2000,33964,1,0,38596,1,0.2254151454,0.2254151454,0.2416169759,0.2416169759,0.2299461084,0.2299461084,1,1,0.2613060888,0,1,1,0,0,0,0
43,0.1,top1,33964,38596,3000,3000,3000,33964,1,0,38596,1,0.2254151454,0.2254151454,0.2416169759,0.2416169759,0.2299461084,0.2299461084,1,1,0.2613060888,0,1,1,0,0,0,0
43,0.1,top1,33964,38596,4000,4000,4000,33964,1,0,38596,1,0.2254151454,0.2254151454,0.2416169759,0.2416169759,0.2299461084,0.2299461084,1,1,0.2613060888,0,1,1,0,0,0,0
43,0.1,top1,33964,38596,5000,5000,5000,33964,1,0,38596,1,0.2254151454,0.2254151454,0.2416169759,0.2416169759,0.2299461084,0.2299461084,1,1,0.2613060888,0,1,1,0,0,0,0
43,0.1,top1,33964,38596,inf,inf,1000000000000,33964,1,0,38596,1,0.2254151454,0.2254151454,0.2416169759,0.2416169759,0.2299461084,0.2299461084,1,1,0.2613060888,0,1,1,0,0,0,0
43,0.1,weighted,33964,38596,1,1,1,360,0.01059945825,0.9894005418,469,0.01215151829,0.5333333333,0.0056530444,0.6065740741,0.006429356574,0.5373134328,0.006529174008,0.01059945825,1,0.7,0,1,1,3850.725032,0.9999972474,0.8923271699,-0.364646881
43,0.1,weighted,33964,38596,10,10,10,2615,0.07699328701,0.923006713,3400,0.08809203026,0.647418738,0.04984689671,0.7079052475,0.0545039519,0.6602941176,0.05816664939,0.3444823931,4.47418738,0.6413001912,0,4,9,3850.391149,0.9999105411,0.8481333176,-0.2505614763
43,0.1,weighted,33964,38596,50,50,50,5558,0.1636438582,0.8363561418,7116,0.1843714375,0.6952141058,0.1137675185,0.7460600907,0.1220881517,0.7136031478,0.1315680381,2.663319986,16.27509896,0.5322058294,0,12,40,3848.072312,0.9993083607,0.7842126958,-0.2027661086
43,0.1,weighted,33964,38596,100,100,100,7574,0.2230008244,0.7769991756,9568,0.2479013369,0.7208872458,0.1607584501,0.7668137341,0.1710000949,0.7406981605,0.1836200643,7.043104464,31.58331133,0.4739899657,0,21,80,3843.692527,0.9981709717,0.7372217642,-0.1770929685
43,0.1,weighted,33964,38596,250,250,250,10086,0.2969614886,0.7030385114,12554,0.325266867,0.7470751537,0.2218525498,0.7868296539,0.2336581053,0.764776167,0.2487563478,19.07566835,64.23616895,0.4212770176,0,40,173,3831.659963,0.9950462275,0.6761276646,-0.1509050607
43,0.1,weighted,33964,38596,500,500,500,12038,0.3544341067,0.6455658933,15077,0.3906363354,0.7552749626,0.2676952067,0.7956242072,0.2819963552,0.7744909465,0.3025443051,39.90749028,112.5949493,0.3914271474,0,60,329,3810.828142,0.9896363983,0.6302850077,-0.1427052517
43,0.1,weighted,33964,38596,1000,1000,1000,13731,0.4042810034,0.5957189966,17105,0.4431806405,0.766586556,0.3099163821,0.8047497957,0.3253450549,0.7850336159,0.3479117007,75.62109881,187.0508339,0.3666156871,0,81,569,3775.114533,0.9803619085,0.5880638323,-0.1313936584
43,0.1,weighted,33964,38596,2000,2000,2000,15269,0.4495642445,0.5504357555,18825,0.487744844,0.779422359,0.350400424,0.8145896551,0.3662103829,0.7956972112,0.3880972121,140.9912849,313.6176567,0.3484838562,0,102,1006.2,3709.744347,0.963385883,0.5475797904,-0.1185578553
43,0.1,weighted,33964,38596,3000,3000,3000,15521,0.4569838653,0.5430161347,19096,0.494766297,0.7816506668,0.357201743,0.8164080565,0.3730853093,0.797496858,0.3945745673,157.4922271,344.6341086,0.3461761484,0,107,1119,3693.243405,0.9591007428,0.5407784713,-0.1163295475
43,0.1,weighted,33964,38596,4000,4000,4000,15837,0.4662878342,0.5337121658,19438,0.5036273189,0.7855023047,0.3662701684,0.8195661706,0.3821537347,0.8006482148,0.4032283138,192.521935,412.8821747,0.3435625434,0,113,1270,3658.213697,0.9500038555,0.5317100459,-0.1124779096
43,0.1,weighted,33964,38596,5000,5000,5000,16646,0.4901071723,0.5098928277,20308,0.5261685149,0.7941847891,0.3892356613,0.8266432042,0.4051437633,0.8076127634,0.4249404083,300.1962077,612.5113541,0.3371981257,0,130,1763,3550.539424,0.9220418547,0.5087445531,-0.1037954252
43,0.1,weighted,33964,38596,inf,inf,1000000000000,33964,1,0,38596,1,0.8979802143,0.8979802143,0.9139177593,0.9139177593,0.8977096072,0.8977096072,3850.735632,3850.735632,0.2613060888,0.3118301731,5353.5,7128,0,0,0,0
59,0.1,adaptive,33964,38596,1,1,1,445,0.01310210811,0.9868978919,610,0.01580474661,0.5011235955,0.006565775527,0.5641822722,0.007391977126,0.4754098361,0.007513731993,0.01310210811,1,0.6516853933,0,1,1,3590.695943,0.9999963511,0.886438582,-0.391880762
59,0.1,adaptive,33964,38596,10,10,10,2468,0.07266517489,0.9273348251,3071,0.07956783086,0.6815235008,0.04952302438,0.734013146,0.05333719363,0.6942364051,0.05523888486,0.299228595,4.117909238,0.6645056726,0,3,9,3590.409816,0.9999166659,0.8434813332,-0.2114808567
59,0.1,adaptive,33964,38596,50,50,50,5673,0.1670297963,0.8329702037,7029,0.1821173179,0.7191961925,0.1201271935,0.7623518236,0.1273354698,0.7399345568,0.1347548969,2.969497115,17.77824784,0.5046712498,0,13,42,3587.739548,0.9991730054,0.7728771641,-0.1738081651
59,0.1,adaptive,33964,38596,100,100,100,7600,0.2237663408,0.7762336592,9435,0.244455384,0.7314473684,0.1636733011,0.7726460514,0.1728921797,0.75527292,0.1846305317,7.097544459,31.71855263,0.4517105263,0,24,77,3583.6115,0.9980233585,0.7293310564,-0.1615569891
59,0.1,adaptive,33964,38596,250,250,250,10488,0.3087975503,0.6912024497,13004,0.3369261063,0.7556254767,0.2333352962,0.7942930687,0.2452757539,0.7793755767,0.2625919784,21.11441526,68.37623951,0.4086575133,0,44,180,3569.59463,0.9941197087,0.6596690614,-0.1373788808
59,0.1,adaptive,33964,38596,500,500,500,12650,0.3724531857,0.6275468143,15608,0.4043942377,0.7664822134,0.2854787422,0.8038903061,0.2994115055,0.7891465915,0.3191263343,44.11900836,118.4551779,0.3775494071,0,63,332,3546.590037,0.9877130094,0.6075256154,-0.1265221441
59,0.1,adaptive,33964,38596,1000,1000,1000,14929,0.439553645,0.560446355,18399,0.4767074308,0.7783508607,0.342126958,0.8142180707,0.3578925208,0.8008587423,0.3817753135,92.13452479,209.6092839,0.3501909036,0,96,633,3498.57452,0.9743408548,0.5508773996,-0.1146534968
59,0.1,adaptive,33964,38596,2000,2000,2000,16607,0.4889588977,0.5110411023,20274,0.5252875946,0.7903895947,0.386468025,0.8237216181,0.4027660143,0.8105455263,0.4257695098,162.396302,332.1266936,0.3356415969,0,126,1007,3428.312743,0.9547731938,0.5065363326,-0.1026147628
59,0.1,adaptive,33964,38596,3000,3000,3000,16928,0.4984100813,0.5015899187,20622,0.534304073,0.7914697543,0.3944765045,0.8244010857,0.4108898121,0.8113180099,0.4334905172,183.5417501,368.2544896,0.3335893195,0,133,1132,3407.167295,0.94888426,0.498527853,-0.1015346033
59,0.1,adaptive,33964,38596,4000,4000,4000,17192,0.5061830173,0.4938169827,20911,0.5417918955,0.7939157748,0.4018666824,0.8264189688,0.4183192472,0.8133040027,0.4406415173,212.7492639,420.3010703,0.3313750582,0,138,1237,3377.959781,0.9407500688,0.4911376752,-0.09908858278
59,0.1,adaptive,33964,38596,5000,5000,5000,17970,0.5290896243,0.4709103757,21750,0.5635298995,0.8011129661,0.4238605582,0.8322924269,0.4403572875,0.8190344828,0.4615504197,315.5293252,596.3627156,0.3252086811,0,157,1633.1,3275.17972,0.9121261786,0.4691437993,-0.0918913915
59,0.1,adaptive,33964,38596,inf,inf,1000000000000,33964,1,0,38596,1,0.8930043576,0.8930043576,0.9096090442,0.9096090442,0.8964141362,0.8964141362,3590.709045,3590.709045,0.2570663055,0.2768814038,3639.5,7128,0,0,0,0
59,0.1,rolling,33964,38596,1,1,1,436,0.01283712166,0.9871628783,596,0.01544201472,0.504587156,0.006477446708,0.5670361876,0.007279112524,0.4781879195,0.00738418489,0.01283712166,1,0.6536697248,0,1,1,3610.108527,0.9999964441,0.8878224002,-0.3897126909
59,0.1,rolling,33964,38596,10,10,10,2442,0.07189965846,0.9281003415,3043,0.07884236708,0.6822276822,0.04905193735,0.7348803349,0.05283764509,0.6956950378,0.05485024355,0.2966081734,4.125307125,0.6646191646,0,3,9,3609.824756,0.9999178398,0.8452479096,-0.2120721647
59,0.1,rolling,33964,38596,50,50,50,5621,0.1654987634,0.8345012366,6969,0.1805627526,0.7199786515,0.1191555765,0.7629227116,0.1262627653,0.7407088535,0.1337444295,2.95112472,17.83170254,0.5057818893,0,13,42,3607.170239,0.9991825414,0.7751442704,-0.1743211954
59,0.1,rolling,33964,38596,100,100,100,7534,0.2218231068,0.7781768932,9357,0.2424344492,0.7322803292,0.1624366977,0.7733355443,0.171543693,0.7560115422,0.1832832418,7.045665999,31.76254314,0.4527475445,0,24,77,3603.075698,0.9980483576,0.7318631492,-0.1620195177
59,0.1,rolling,33964,38596,250,250,250,10402,0.3062654575,0.6937345425,12899,0.3342056172,0.7569698135,0.2318337063,0.7954459756,0.2436176257,0.7806031475,0.2608819567,20.92524438,68.32388002,0.4090559508,0,45,179,3589.196119,0.9942037283,0.6624661406,-0.1373300334
59,0.1,rolling,33964,38596,500,500,500,12559,0.3697738782,0.6302261218,15499,0.4015701109,0.7682140298,0.2840654811,0.8052548535,0.2977622101,0.7908252145,0.3175717691,43.84386409,118.5693925,0.3785333227,0,63,333,3566.2775,0.9878552936,0.6102343658,-0.1260858171
59,0.1,rolling,33964,38596,1000,1000,1000,14805,0.4359027205,0.5640972795,18262,0.4731578402,0.779871665,0.3399481804,0.815585607,0.3555159849,0.802321761,0.3796248316,91.16994465,209.1520432,0.3509625127,0,96,632,3518.951419,0.9747460167,0.5543516665,-0.1144281819
59,0.1,rolling,33964,38596,2000,2000,2000,16510,0.4861029325,0.5138970675,20169,0.5225671054,0.7920048455,0.384995878,0.8251864473,0.4011255519,0.8120878576,0.4243704011,162.2641032,333.8060569,0.3363416111,0,127,1018.1,3447.857261,0.955053006,0.5093039689,-0.1022950013
59,0.1,rolling,33964,38596,3000,3000,3000,16835,0.4956718879,0.5043281121,20525,0.5317908592,0.7933471933,0.3932399011,0.8261505739,0.4094996146,0.8131546894,0.4324282309,183.6983571,370.604752,0.3338877339,0,134,1137,3426.423007,0.9491157392,0.5010599458,-0.1009526535
59,0.1,rolling,33964,38596,4000,4000,4000,17084,0.5030031798,0.4969968202,20799,0.5388900404,0.7954226177,0.400100106,0.8277869104,0.4163794482,0.8148468676,0.4391128614,211.1570781,419.79273,0.3320065558,0,140,1238,3398.964286,0.941509701,0.4941997409,-0.09887722924
59,0.1,rolling,33964,38596,5000,5000,5000,17871,0.5261747733,0.4738252267,21646,0.5608353197,0.8024732807,0.4222411966,0.8335335597,0.4385843318,0.8203825187,0.4600994922,314.8133318,598.3056348,0.3256672822,0,157,1650,3295.308032,0.9127970226,0.4720586503,-0.09182656616
59,0.1,rolling,33964,38596,inf,inf,1000000000000,33964,1,0,38596,1,0.8942998469,0.8942998469,0.9107509396,0.9107509396,0.8976577884,0.8976577884,3610.121364,3610.121364,0.2570663055,0.2785890943,3831,7128,0,0,0,0
59,0.1,static,33964,38596,1,1,1,1177,0.03465433989,0.9653456601,1472,0.03813866722,0.5581988105,0.01934401131,0.6114792788,0.02119041076,0.5434782609,0.02072753653,0.03465433989,1,0.6796941376,0,1,1,2533.122718,0.9999863197,0.7949888117,-0.2561340125
59,0.1,static,33964,38596,10,10,10,4792,0.1410905665,0.8589094335,5867,0.152010571,0.6199916528,0.0874749735,0.6658395801,0.09394368355,0.6296233169,0.09570939994,0.5423683901,3.844115192,0.5598914858,0,3,8,2532.615004,0.9997858923,0.7268578495,-0.1943411702
59,0.1,static,33964,38596,50,50,50,9619,0.2832116358,0.7167883642,11637,0.3015079283,0.6547458156,0.1854316335,0.6948896709,0.1968008404,0.6725100971,0.2027671261,4.439347544,15.67501819,0.4361160204,0,11,39,2528.718025,0.9982475042,0.6289011895,-0.1595870074
59,0.1,static,33964,38596,100,100,100,12411,0.3654163232,0.6345836768,15007,0.3888226759,0.6730319878,0.2459368743,0.7110235107,0.259819597,0.6916772173,0.2689397865,10.48245201,28.68632665,0.39448876,0,19,75,2522.674921,0.9958619026,0.5683959487,-0.1413008352
59,0.1,static,33964,38596,250,250,250,16474,0.4850429867,0.5149570133,19831,0.5138097212,0.6883574117,0.3338829349,0.7247518995,0.3515358259,0.7072764863,0.3634055343,29.82452008,61.48840597,0.3492169479,0,35,169,2503.332852,0.9882263453,0.4804498881,-0.1259754113
59,0.1,static,33964,38596,500,500,500,18832,0.5544694382,0.4455305618,22641,0.5866151933,0.6973237043,0.3866446826,0.7328896912,0.4063649354,0.7156486021,0.419810343,54.39285714,98.09892736,0.3281648258,0,48,283,2478.764515,0.9785276439,0.4276881404,-0.1170091187
59,0.1,static,33964,38596,1000,1000,1000,20526,0.6043457779,0.3956542221,24458,0.6336926106,0.7075903732,0.4276292545,0.7411833121,0.4479310053,0.7241393409,0.4588817494,89.76849017,148.5382929,0.3170125694,0,60,440,2443.388882,0.9645626083,0.3867035685,-0.1067424498
59,0.1,static,33964,38596,2000,2000,2000,21806,0.6420327405,0.3579672595,25849,0.6697326148,0.716362469,0.4599281592,0.7485070775,0.4805660503,0.73182715,0.4901285107,143.6052291,223.6727506,0.3089058057,0,70,673.5,2389.552143,0.9433097878,0.3544046638,-0.09797035394
59,0.1,static,33964,38596,3000,3000,3000,22086,0.6502767636,0.3497232364,26147,0.6774536221,0.7180566875,0.4669355788,0.7498692383,0.4876225415,0.7332772402,0.4967613224,162.4632552,249.8370914,0.3073892964,0,73,743,2370.694117,0.935865313,0.3473972441,-0.09627613549
59,0.1,static,33964,38596,4000,4000,4000,22286,0.6561653515,0.3438346485,26366,0.6831277853,0.720272817,0.4726180662,0.7517998743,0.4933050288,0.7352271865,0.5022541196,184.3745731,280.9879745,0.3059319752,0,75,803,2348.782799,0.9272155078,0.3417147568,-0.09406000597
59,0.1,static,33964,38596,5000,5000,5000,22898,0.6741844306,0.3258155694,27021,0.7000984558,0.7267446939,0.4899599576,0.7574509563,0.5106616417,0.7407941971,0.5186288735,265.4358438,393.7139925,0.3024718316,0,81,1040,2267.721529,0.8952154151,0.3243728654,-0.08758812913
59,0.1,static,33964,38596,inf,inf,1000000000000,33964,1,0,38596,1,0.814332823,0.814332823,0.8351522788,0.8351522788,0.817260856,0.817260856,2533.157373,2533.157373,0.2570663055,0.1879048404,286,7128,0,0,0,0
59,0.1,top1,33964,38596,1,1,1,33964,1,0,38596,1,0.2219114356,0.2219114356,0.2376878156,0.2376878156,0.2262151518,0.2262151518,1,1,0.2570663055,0,1,1,0,0,0,0
59,0.1,top1,33964,38596,10,10,10,33964,1,0,38596,1,0.2219114356,0.2219114356,0.2376878156,0.2376878156,0.2262151518,0.2262151518,1,1,0.2570663055,0,1,1,0,0,0,0
59,0.1,top1,33964,38596,50,50,50,33964,1,0,38596,1,0.2219114356,0.2219114356,0.2376878156,0.2376878156,0.2262151518,0.2262151518,1,1,0.2570663055,0,1,1,0,0,0,0
59,0.1,top1,33964,38596,100,100,100,33964,1,0,38596,1,0.2219114356,0.2219114356,0.2376878156,0.2376878156,0.2262151518,0.2262151518,1,1,0.2570663055,0,1,1,0,0,0,0
59,0.1,top1,33964,38596,250,250,250,33964,1,0,38596,1,0.2219114356,0.2219114356,0.2376878156,0.2376878156,0.2262151518,0.2262151518,1,1,0.2570663055,0,1,1,0,0,0,0
59,0.1,top1,33964,38596,500,500,500,33964,1,0,38596,1,0.2219114356,0.2219114356,0.2376878156,0.2376878156,0.2262151518,0.2262151518,1,1,0.2570663055,0,1,1,0,0,0,0
59,0.1,top1,33964,38596,1000,1000,1000,33964,1,0,38596,1,0.2219114356,0.2219114356,0.2376878156,0.2376878156,0.2262151518,0.2262151518,1,1,0.2570663055,0,1,1,0,0,0,0
59,0.1,top1,33964,38596,2000,2000,2000,33964,1,0,38596,1,0.2219114356,0.2219114356,0.2376878156,0.2376878156,0.2262151518,0.2262151518,1,1,0.2570663055,0,1,1,0,0,0,0
59,0.1,top1,33964,38596,3000,3000,3000,33964,1,0,38596,1,0.2219114356,0.2219114356,0.2376878156,0.2376878156,0.2262151518,0.2262151518,1,1,0.2570663055,0,1,1,0,0,0,0
59,0.1,top1,33964,38596,4000,4000,4000,33964,1,0,38596,1,0.2219114356,0.2219114356,0.2376878156,0.2376878156,0.2262151518,0.2262151518,1,1,0.2570663055,0,1,1,0,0,0,0
59,0.1,top1,33964,38596,5000,5000,5000,33964,1,0,38596,1,0.2219114356,0.2219114356,0.2376878156,0.2376878156,0.2262151518,0.2262151518,1,1,0.2570663055,0,1,1,0,0,0,0
59,0.1,top1,33964,38596,inf,inf,1000000000000,33964,1,0,38596,1,0.2219114356,0.2219114356,0.2376878156,0.2376878156,0.2262151518,0.2262151518,1,1,0.2570663055,0,1,1,0,0,0,0
59,0.1,weighted,33964,38596,1,1,1,445,0.01310210811,0.9868978919,610,0.01580474661,0.5011235955,0.006565775527,0.5641822722,0.007391977126,0.4754098361,0.007513731993,0.01310210811,1,0.6516853933,0,1,1,3590.695943,0.9999963511,0.886438582,-0.391880762
59,0.1,weighted,33964,38596,10,10,10,2468,0.07266517489,0.9273348251,3071,0.07956783086,0.6815235008,0.04952302438,0.734013146,0.05333719363,0.6942364051,0.05523888486,0.299228595,4.117909238,0.6645056726,0,3,9,3590.409816,0.9999166659,0.8434813332,-0.2114808567
59,0.1,weighted,33964,38596,50,50,50,5673,0.1670297963,0.8329702037,7029,0.1821173179,0.7191961925,0.1201271935,0.7623518236,0.1273354698,0.7399345568,0.1347548969,2.969497115,17.77824784,0.5046712498,0,13,42,3587.739548,0.9991730054,0.7728771641,-0.1738081651
59,0.1,weighted,33964,38596,100,100,100,7600,0.2237663408,0.7762336592,9435,0.244455384,0.7314473684,0.1636733011,0.7726460514,0.1728921797,0.75527292,0.1846305317,7.097544459,31.71855263,0.4517105263,0,24,77,3583.6115,0.9980233585,0.7293310564,-0.1615569891
59,0.1,weighted,33964,38596,250,250,250,10488,0.3087975503,0.6912024497,13004,0.3369261063,0.7556254767,0.2333352962,0.7942930687,0.2452757539,0.7793755767,0.2625919784,21.11441526,68.37623951,0.4086575133,0,44,180,3569.59463,0.9941197087,0.6596690614,-0.1373788808
59,0.1,weighted,33964,38596,500,500,500,12650,0.3724531857,0.6275468143,15608,0.4043942377,0.7664822134,0.2854787422,0.8038903061,0.2994115055,0.7891465915,0.3191263343,44.11900836,118.4551779,0.3775494071,0,63,332,3546.590037,0.9877130094,0.6075256154,-0.1265221441
59,0.1,weighted,33964,38596,1000,1000,1000,14929,0.439553645,0.560446355,18399,0.4767074308,0.7783508607,0.342126958,0.8142180707,0.3578925208,0.8008587423,0.3817753135,92.13452479,209.6092839,0.3501909036,0,96,633,3498.57452,0.9743408548,0.5508773996,-0.1146534968
59,0.1,weighted,33964,38596,2000,2000,2000,16607,0.4889588977,0.5110411023,20274,0.5252875946,0.7903895947,0.386468025,0.8237216181,0.4027660143,0.8105455263,0.4257695098,162.396302,332.1266936,0.3356415969,0,126,1007,3428.312743,0.9547731938,0.5065363326,-0.1026147628
59,0.1,weighted,33964,38596,3000,3000,3000,16928,0.4984100813,0.5015899187,20622,0.534304073,0.7914697543,0.3944765045,0.8244010857,0.4108898121,0.8113180099,0.4334905172,183.5417501,368.2544896,0.3335893195,0,133,1132,3407.167295,0.94888426,0.498527853,-0.1015346033
59,0.1,weighted,33964,38596,4000,4000,4000,17192,0.5061830173,0.4938169827,20911,0.5417918955,0.7939157748,0.4018666824,0.8264189688,0.4183192472,0.8133040027,0.4406415173,212.7492639,420.3010703,0.3313750582,0,138,1237,3377.959781,0.9407500688,0.4911376752,-0.09908858278
59,0.1,weighted,33964,38596,5000,5000,5000,17970,0.5290896243,0.4709103757,21750,0.5635298995,0.8011129661,0.4238605582,0.8322924269,0.4403572875,0.8190344828,0.4615504197,315.5293252,596.3627156,0.3252086811,0,157,1633.1,3275.17972,0.9121261786,0.4691437993,-0.0918913915
59,0.1,weighted,33964,38596,inf,inf,1000000000000,33964,1,0,38596,1,0.8930043576,0.8930043576,0.9096090442,0.9096090442,0.8964141362,0.8964141362,3590.709045,3590.709045,0.2570663055,0.2768814038,3639.5,7128,0,0,0,0
71,0.1,adaptive,33964,38596,1,1,1,335,0.00986338476,0.9901366152,421,0.0109078661,0.576119403,0.00568248734,0.6520895522,0.006431810152,0.593824228,0.006477355166,0.00986338476,1,0.7462686567,0,1,1,3749.972677,0.9999973698,0.8916499823,-0.3212130667
71,0.1,adaptive,33964,38596,10,10,10,2669,0.07858320575,0.9214167943,3403,0.08816975852,0.6605470214,0.05190790248,0.7117222185,0.05592941354,0.6632383191,0.05847756244,0.3268460723,4.159235669,0.6425627576,0,3,8.2,3749.655694,0.9999128406,0.8454245672,-0.2367854483
71,0.1,adaptive,33964,38596,50,50,50,5684,0.1673536686,0.8326463314,7207,0.1867291947,0.7044334975,0.1178895301,0.7509116537,0.12566782,0.7199944498,0.1344439838,2.803615593,16.75263899,0.5036945813,0,12,40,3747.178925,0.9992523657,0.7794429396,-0.1928989721
71,0.1,adaptive,33964,38596,100,100,100,7629,0.2246201861,0.7753798139,9652,0.2500777283,0.723817014,0.1625839124,0.7674295366,0.1723801653,0.7434728554,0.1859260027,7.011129431,31.21326517,0.4611351422,0,23,78,3742.971411,0.9981303568,0.7347485573,-0.1735154556
71,0.1,adaptive,33964,38596,250,250,250,10265,0.3022317748,0.6977682252,12763,0.330681936,0.7506088651,0.2268578495,0.7887079008,0.2383725887,0.7680012536,0.2539641414,19.60985161,64.88348758,0.4107160253,0,41,173,3730.372689,0.9947706819,0.6704746202,-0.1467236046
71,0.1,adaptive,33964,38596,500,500,500,12030,0.3541985632,0.6458014368,14869,0.3852471759,0.7588528678,0.2687845955,0.7948589583,0.281537901,0.7755733405,0.2987874391,38.46101755,108.5860349,0.3824605154,0,58,313,3711.521523,0.9897436809,0.6285478742,-0.1384796018
71,0.1,adaptive,33964,38596,1000,1000,1000,14004,0.4123189259,0.5876810741,17410,0.4510830138,0.7728506141,0.3186609351,0.8079968715,0.3331524022,0.7905226881,0.3565913566,79.98692733,193.9928592,0.356826621,0,81,606,3669.995613,0.9786700534,0.5786715346,-0.1244818556
71,0.1,adaptive,33964,38596,2000,2000,2000,15692,0.4620186079,0.5379813921,19279,0.499507721,0.7868977823,0.363561418,0.8191236419,0.3784503648,0.802323772,0.4007669189,151.5762278,328.0738593,0.3399821565,0,108,1049.8,3598.406313,0.9595794844,0.5337710517,-0.1104346874
71,0.1,adaptive,33964,38596,3000,3000,3000,16029,0.4719408786,0.5280591214,19652,0.5091719349,0.789069811,0.3723942998,0.8207117218,0.387327411,0.8041420721,0.4094465748,173.7980803,368.2623994,0.3372013226,0,115,1196,3576.18446,0.9536536295,0.5249381698,-0.1082626587
71,0.1,adaptive,33964,38596,4000,4000,4000,16424,0.4835708397,0.5164291603,20075,0.5201316199,0.7926814418,0.3833176304,0.8237551665,0.3983439776,0.8070734745,0.4197844336,217.458191,449.6925231,0.3330491963,0,122,1380.7,3532.524349,0.9420108791,0.5140148392,-0.1046510279
71,0.1,adaptive,33964,38596,5000,5000,5000,17305,0.5095100695,0.4904899305,21050,0.545393305,0.8012713089,0.4082558003,0.8310423686,0.423424455,0.8143467933,0.444139289,333.4578083,654.4675527,0.3247616296,0,141,1898.6,3416.524732,0.9110775038,0.4890766694,-0.0960611608
71,0.1,adaptive,33964,38596,inf,inf,1000000000000,33964,1,0,38596,1,0.8973324697,0.8973324697,0.9126090818,0.9126090818,0.897450513,0.897450513,3749.98254,3749.98254,0.2534742669,0.3026734189,4587,7128,0,0,0,0
71,0.1,rolling,33964,38596,1,1,1,326,0.009598398304,0.9904016017,409,0.01059695305,0.5828220859,0.005594158521,0.6598670757,0.00633366702,0.6014669927,0.006373717484,0.009598398304,1,0.754601227,0,1,1,3770.619538,0.9999974544,0.892768814,-0.3155408867
71,0.1,rolling,33964,38596,10,10,10,2632,0.07749381698,0.922506183,3363,0.0871333817,0.6607142857,0.05120127193,0.7124189215,0.05520806152,0.6639904847,0.05785573635,0.3220763161,4.156155015,0.6443768997,0,3,8,3770.30706,0.9999145829,0.8471617006,-0.2376486868
71,0.1,rolling,33964,38596,50,50,50,5627,0.165675421,0.834324579,7143,0.1850709918,0.7053492092,0.1168590272,0.7518538901,0.1245637098,0.7209855803,0.1334335164,2.777735249,16.7661276,0.5048871512,0,12,40,3767.851401,0.9992633231,0.7815039454,-0.1930137634
71,0.1,rolling,33964,38596,100,100,100,7569,0.2228536097,0.7771463903,9569,0.2479272463,0.7254591095,0.1616711813,0.7688800724,0.1713476996,0.745114432,0.1847341693,6.986485691,31.3501123,0.4628088255,0,23,78,3763.642651,0.99814713,0.7366917913,-0.172903863
71,0.1,rolling,33964,38596,250,250,250,10198,0.3002590979,0.6997409021,12691,0.3288164577,0.7519121396,0.2257684607,0.7902941689,0.2372930142,0.7698368923,0.2531350399,19.55744318,65.13522259,0.4124338106,0,41,173,3751.071694,0.9948132149,0.6725945118,-0.1464508329
71,0.1,rolling,33964,38596,500,500,500,11955,0.3519903427,0.6480096573,14783,0.3830189657,0.7596821414,0.2674007773,0.7958862346,0.2801442685,0.7769735507,0.2975956058,38.33597338,108.9120033,0.3834378921,0,59,313,3732.293163,0.9898330035,0.6309621953,-0.1386808312
71,0.1,rolling,33964,38596,1000,1000,1000,13915,0.4096985043,0.5903014957,17296,0.4481293398,0.7733381243,0.3168354729,0.8086561332,0.3313052083,0.7915124884,0.3546999689,79.74629019,194.646281,0.3575278476,0,82,611,3690.882847,0.9788506673,0.5815274997,-0.1250248482
71,0.1,rolling,33964,38596,2000,2000,2000,15602,0.4593687434,0.5406312566,19179,0.4969167789,0.7875272401,0.3617653987,0.8199389943,0.3766543454,0.8034308358,0.399238263,151.3325286,329.4358416,0.3404050763,0,109,1054.9,3619.296608,0.9598654434,0.5365975739,-0.1108357325
71,0.1,rolling,33964,38596,3000,3000,3000,15910,0.4684371688,0.5315628312,19521,0.5057778008,0.789629164,0.36989165,0.8215077428,0.3848247612,0.8051841606,0.407244274,171.724473,366.5901948,0.3384663734,0,115,1191,3598.904664,0.9544573421,0.5284713226,-0.1087338085
71,0.1,rolling,33964,38596,4000,4000,4000,16304,0.480037687,0.519962313,19950,0.5168929423,0.7935475957,0.3809327523,0.8248193606,0.395944378,0.8084210526,0.4178671365,215.0215522,447.9263984,0.3337217861,0,122,1372.7,3555.607585,0.9429746219,0.5174302202,-0.1048153769
71,0.1,rolling,33964,38596,5000,5000,5000,17225,0.5071546343,0.4928453657,20964,0.5431650948,0.8023222061,0.406901425,0.8322315349,0.4220700797,0.8157794314,0.4431029122,336.5147509,663.5348041,0.3251088534,0,143,1911,3434.114386,0.9107536863,0.4914615475,-0.09604076646
71,0.1,rolling,33964,38596,inf,inf,1000000000000,33964,1,0,38596,1,0.8983629726,0.8983629726,0.9136199561,0.9136199561,0.8986682558,0.8986682558,3770.629137,3770.629137,0.2534742669,0.3049110823,4704,7128,0,0,0,0
71,0.1,static,33964,38596,1,1,1,1130,0.03327052173,0.9667294783,1464,0.03793139185,0.5353982301,0.01781297845,0.5975958702,0.01988232638,0.5232240437,0.01984661623,0.03327052173,1,0.6778761062,0,1,1,2702.639795,0.9999876898,0.8039394653,-0.2863542137
71,0.1,static,33964,38596,10,10,10,4888,0.1439170887,0.8560829113,6097,0.1579697378,0.6069967267,0.08735720174,0.6519740602,0.09383020864,0.609152042,0.09622758835,0.5466081734,3.798076923,0.5536006547,0,3,8,2702.126457,0.9997977528,0.734395242,-0.2147557171
71,0.1,static,33964,38596,50,50,50,9528,0.2805323283,0.7194676717,11697,0.3030624935,0.6460957179,0.1812507361,0.6883602881,0.1931073144,0.6599982902,0.2000207275,4.154016017,14.80761965,0.4395465995,0,10,38,2698.51905,0.9984629972,0.6405017077,-0.1756567259
71,0.1,static,33964,38596,100,100,100,11988,0.3529619597,0.6470380403,14598,0.3782257229,0.6614948282,0.2334825109,0.7005389649,0.2472636059,0.6752294835,0.2553891595,9.4795666,26.85719052,0.3979813146,0,16,73,2693.193499,0.9964925219,0.5882699329,-0.1602576156
71,0.1,static,33964,38596,250,250,250,15479,0.4557472618,0.5442527382,18698,0.4844543476,0.6789844305,0.309445295,0.7153044011,0.3259980222,0.6918386993,0.3351642657,26.1618184,57.40422508,0.3586795013,0,29,164,2676.511247,0.990320021,0.5123071487,-0.1427680132
71,0.1,static,33964,38596,500,500,500,17749,0.5225827347,0.4774172653,21436,0.5553943414,0.6951940954,0.3632964315,0.7298061058,0.3813840705,0.7088076134,0.3936677376,49.93334118,95.5510733,0.3362442955,0,41,288,2652.739724,0.9815244612,0.4584560122,-0.1265583483
71,0.1,static,33964,38596,1000,1000,1000,19600,0.5770816158,0.4229183842,23455,0.6077054617,0.7066836735,0.4078141562,0.7392854713,0.4266280544,0.7190790876,0.4369882889,89.06736545,154.3410204,0.3196428571,0,54,481,2613.6057,0.9670447134,0.4139382876,-0.1150687703
71,0.1,static,33964,38596,2000,2000,2000,20994,0.6181250736,0.3818749264,24997,0.6476577884,0.717157283,0.4432928984,0.7482008465,0.4624817033,0.7286074329,0.4718882786,147.3246379,238.3411451,0.3099933314,0,68,762,2555.348428,0.9454892862,0.3784595454,-0.1045951607
71,0.1,static,33964,38596,3000,3000,3000,21232,0.6251324932,0.3748675068,25265,0.6546015131,0.7183967596,0.4490931575,0.749253261,0.4683825591,0.729823867,0.4777438076,163.2252385,261.1050301,0.3088262999,0,70,824,2539.447827,0.9396059995,0.3726592863,-0.1033556842
71,0.1,static,33964,38596,4000,4000,4000,21483,0.6325226711,0.3674773289,25537,0.6616488755,0.7214541731,0.4563361206,0.7520122223,0.4756647795,0.7325057759,0.484661623,190.9381698,301.8677094,0.3078713401,0,72,905,2511.734896,0.9293521025,0.3654163232,-0.1002982707
71,0.1,static,33964,38596,5000,5000,5000,22125,0.6514250383,0.3485749617,26226,0.6795004664,0.7285423729,0.4745907431,0.7583945117,0.4940371738,0.7386562953,0.5019172971,276.036627,423.7427345,0.3040903955,0,79,1148,2426.636439,0.897865328,0.3471617006,-0.09321007088
71,0.1,static,33964,38596,inf,inf,1000000000000,33964,1,0,38596,1,0.8217524438,0.8217524438,0.8412430388,0.8412430388,0.8211731786,0.8211731786,2702.673066,2702.673066,0.2534742669,0.2059828053,387,7128,0,0,0,0
71,0.1,top1,33964,38596,1,1,1,33964,1,0,38596,1,0.2190554705,0.2190554705,0.2345241016,0.2345241016,0.2230542025,0.2230542025,1,1,0.2534742669,0,1,1,0,0,0,0
71,0.1,top1,33964,38596,10,10,10,33964,1,0,38596,1,0.2190554705,0.2190554705,0.2345241016,0.2345241016,0.2230542025,0.2230542025,1,1,0.2534742669,0,1,1,0,0,0,0
71,0.1,top1,33964,38596,50,50,50,33964,1,0,38596,1,0.2190554705,0.2190554705,0.2345241016,0.2345241016,0.2230542025,0.2230542025,1,1,0.2534742669,0,1,1,0,0,0,0
71,0.1,top1,33964,38596,100,100,100,33964,1,0,38596,1,0.2190554705,0.2190554705,0.2345241016,0.2345241016,0.2230542025,0.2230542025,1,1,0.2534742669,0,1,1,0,0,0,0
71,0.1,top1,33964,38596,250,250,250,33964,1,0,38596,1,0.2190554705,0.2190554705,0.2345241016,0.2345241016,0.2230542025,0.2230542025,1,1,0.2534742669,0,1,1,0,0,0,0
71,0.1,top1,33964,38596,500,500,500,33964,1,0,38596,1,0.2190554705,0.2190554705,0.2345241016,0.2345241016,0.2230542025,0.2230542025,1,1,0.2534742669,0,1,1,0,0,0,0
71,0.1,top1,33964,38596,1000,1000,1000,33964,1,0,38596,1,0.2190554705,0.2190554705,0.2345241016,0.2345241016,0.2230542025,0.2230542025,1,1,0.2534742669,0,1,1,0,0,0,0
71,0.1,top1,33964,38596,2000,2000,2000,33964,1,0,38596,1,0.2190554705,0.2190554705,0.2345241016,0.2345241016,0.2230542025,0.2230542025,1,1,0.2534742669,0,1,1,0,0,0,0
71,0.1,top1,33964,38596,3000,3000,3000,33964,1,0,38596,1,0.2190554705,0.2190554705,0.2345241016,0.2345241016,0.2230542025,0.2230542025,1,1,0.2534742669,0,1,1,0,0,0,0
71,0.1,top1,33964,38596,4000,4000,4000,33964,1,0,38596,1,0.2190554705,0.2190554705,0.2345241016,0.2345241016,0.2230542025,0.2230542025,1,1,0.2534742669,0,1,1,0,0,0,0
71,0.1,top1,33964,38596,5000,5000,5000,33964,1,0,38596,1,0.2190554705,0.2190554705,0.2345241016,0.2345241016,0.2230542025,0.2230542025,1,1,0.2534742669,0,1,1,0,0,0,0
71,0.1,top1,33964,38596,inf,inf,1000000000000,33964,1,0,38596,1,0.2190554705,0.2190554705,0.2345241016,0.2345241016,0.2230542025,0.2230542025,1,1,0.2534742669,0,1,1,0,0,0,0
71,0.1,weighted,33964,38596,1,1,1,337,0.00992227064,0.9900777294,423,0.01095968494,0.5786350148,0.005741373219,0.6541543027,0.006490696031,0.5957446809,0.006529174008,0.00992227064,1,0.7477744807,0,1,1,3749.011365,0.9999973534,0.8915027676,-0.318609126
71,0.1,weighted,33964,38596,10,10,10,2673,0.07870097751,0.9212990225,3408,0.08829930563,0.6606808829,0.0519962313,0.7119665549,0.05603246382,0.6634389671,0.05858120012,0.3275232599,4.161616162,0.6423494201,0,3,8,3748.693764,0.9999126377,0.8452479096,-0.236563258
71,0.1,weighted,33964,38596,50,50,50,5685,0.1673831115,0.8326168885,7208,0.1867551042,0.7043095866,0.1178895301,0.7508088841,0.1256727272,0.7197558269,0.1344180744,2.800288541,16.7298153,0.5037818821,0,12,40,3746.220999,0.9992530614,0.7793546108,-0.1929345542
71,0.1,weighted,33964,38596,100,100,100,7630,0.224649629,0.775350371,9653,0.2501036377,0.7235910878,0.1625544694,0.767219738,0.1723556295,0.743188646,0.1858741839,7.003268166,31.17418087,0.4610747051,0,23,78,3742.018019,0.9981319743,0.7346896714,-0.173653053
71,0.1,weighted,33964,38596,250,250,250,10272,0.3024378754,0.6975621246,12770,0.3308633019,0.750194704,0.2268872924,0.7882840019,0.2384069388,0.7675802662,0.2539641414,19.63269933,64.91481698,0.4105334891,0,41,173,3729.388588,0.9947632468,0.6703568484,-0.1470494368
71,0.1,weighted,33964,38596,500,500,500,12035,0.3543457779,0.6456542221,14874,0.385376723,0.7584545077,0.2687551525,0.7944594877,0.2815133652,0.7751781632,0.2987356203,38.46166529,108.5427503,0.3823016203,0,58,313,3710.559622,0.9897408784,0.6284889883,-0.1387896332
71,0.1,weighted,33964,38596,1000,1000,1000,14007,0.4124072547,0.5875927453,17414,0.4511866515,0.772685086,0.3186609351,0.8078357147,0.3331573094,0.7903411049,0.3565913566,79.93540219,193.8263725,0.3568215892,0,81,606,3669.085885,0.978678328,0.5785832057,-0.1245590548
71,0.1,weighted,33964,38596,2000,2000,2000,15698,0.4621952656,0.5378047344,19285,0.4996631775,0.7867881259,0.3636497468,0.8190122853,0.3785436007,0.8021778584,0.4008187377,151.6429455,328.0928144,0.3399796152,0,108.5,1050.3,3597.378342,0.9595513245,0.5335943941,-0.110456015
71,0.1,weighted,33964,38596,3000,3000,3000,16033,0.4720586503,0.5279413497,19656,0.5092755726,0.7888729495,0.3723942998,0.8205173614,0.3873323182,0.8039275539,0.4094206654,173.7086916,367.9811638,0.3371795671,0,115,1196,3575.312596,0.9536655894,0.524849841,-0.1083711913
71,0.1,weighted,33964,38596,4000,4000,4000,16433,0.4838358262,0.5161641738,20091,0.5205461706,0.7926124262,0.3834942881,0.8236792747,0.3985255424,0.8070280225,0.4200953467,217.9339889,450.4296233,0.3329276456,0,122,1385,3531.087298,0.941869098,0.5137498528,-0.1046317146
71,0.1,weighted,33964,38596,5000,5000,5000,17305,0.5095100695,0.4904899305,21050,0.545393305,0.8010979486,0.4081674714,0.8308786394,0.4233410333,0.8141567696,0.4440356514,332.7449653,653.0684773,0.3247616296,0,141,1891.6,3416.276322,0.9112448451,0.4890766694,-0.09614619229
71,0.1,weighted,33964,38596,inf,inf,1000000000000,33964,1,0,38596,1,0.8972441409,0.8972441409,0.9125256602,0.9125256602,0.8973468753,0.8973468753,3749.021287,3749.021287,0.2534742669,0.302643976,4579,7128,0,0,0,0
17,0.2,adaptive,33964,38596,1,1,1,469,0.01380873866,0.9861912613,658,0.0170483988,0.4690831557,0.006477446708,0.5477967306,0.007564381895,0.4665653495,0.007954192144,0.01380873866,1,0.6545842217,0,1,1,3984.363503,0.9999965343,0.8927393711,-0.4301336622
17,0.2,adaptive,33964,38596,10,10,10,2581,0.07599222706,0.9240077729,3290,0.08524199399,0.6722200697,0.05108350018,0.7212560654,0.05480985469,0.6723404255,0.05731163851,0.3282004475,4.318868656,0.6524602867,0,4,9,3984.049111,0.9999176282,0.8481333176,-0.2269967481
17,0.2,adaptive,33964,38596,50,50,50,5595,0.164733247,0.835266753,7096,0.183853249,0.6997319035,0.1152691085,0.7457266267,0.1228459686,0.7136414882,0.1312053062,2.856877871,17.34244861,0.5233243968,0,12,42,3981.520433,0.9992829801,0.7839477093,-0.1994849143
17,0.2,adaptive,33964,38596,100,100,100,7492,0.2205865034,0.7794134966,9430,0.2443258369,0.713027229,0.1572841833,0.756107467,0.1667871023,0.730116649,0.1783863613,6.893858203,31.25240256,0.4674319274,0,23,76,3977.483453,0.9982697778,0.7419326346,-0.1861895888
17,0.2,adaptive,33964,38596,250,250,250,9785,0.2880991638,0.7119008362,12281,0.3181935952,0.731630046,0.2107820045,0.7744733192,0.2231251157,0.7493689439,0.2384443984,18.29027794,63.48605008,0.4270822688,0,39,178,3966.087033,0.9954095015,0.6884348133,-0.1675867718
17,0.2,adaptive,33964,38596,500,500,500,11568,0.3405959251,0.6594040749,14615,0.378666183,0.7437759336,0.2533270522,0.7857657413,0.2676286096,0.7630516593,0.2889418593,36.991226,108.6073651,0.3964384509,0,54,314,3947.386085,0.990715933,0.6458897656,-0.1554408842
17,0.2,adaptive,33964,38596,1000,1000,1000,13120,0.3862913673,0.6137086327,16432,0.4257436004,0.7567073171,0.2923095042,0.7960648955,0.307512997,0.7748296008,0.3298787439,69.81029914,180.7192835,0.3750762195,0,71,558,3914.567012,0.9824789939,0.6069073136,-0.1425095007
17,0.2,adaptive,33964,38596,2000,2000,2000,14573,0.4290719585,0.5709280415,18045,0.4675354959,0.7714266109,0.3309975268,0.8074890616,0.3464709132,0.7868661679,0.367887864,131.9468555,307.5168462,0.3579221849,0,93,997.8,3852.430456,0.9668839457,0.568219291,-0.127790207
17,0.2,adaptive,33964,38596,3000,3000,3000,14877,0.4380226122,0.5619773878,18369,0.4759301482,0.7744168851,0.3392121069,0.8098096454,0.3547149363,0.7892645217,0.3756347808,152.0248498,347.0707804,0.3533642535,0,98,1143,3832.352461,0.9618447657,0.5600047109,-0.1247999327
17,0.2,adaptive,33964,38596,4000,4000,4000,15175,0.4467966082,0.5532033918,18701,0.4845320759,0.7783196046,0.3477505594,0.8130502863,0.3632681102,0.792577937,0.3840294331,184.742021,413.4812521,0.3504448105,0,105,1307,3799.63529,0.953633402,0.5514662584,-0.1208972132
17,0.2,adaptive,33964,38596,5000,5000,5000,16007,0.4712931339,0.5287068661,19622,0.5083946523,0.7883426001,0.3715404546,0.8214242578,0.3871316127,0.8010906126,0.4072701834,294.919768,625.7671644,0.3422252764,0,128,1840,3689.457543,0.9259809639,0.5276763632,-0.1108742177
17,0.2,adaptive,33964,38596,inf,inf,1000000000000,33964,1,0,38596,1,0.8992168178,0.8992168178,0.9149110262,0.9149110262,0.8979687014,0.8979687014,3984.377311,3984.377311,0.2578907078,0.3361205983,6047.5,7128,0,0,0,0
17,0.2,rolling,33964,38596,1,1,1,462,0.01360263809,0.9863973619,647,0.01676339517,0.4675324675,0.00635967495,0.5468975469,0.007439249401,0.4667697063,0.007824645041,0.01360263809,1,0.6536796537,0,1,1,3997.573548,0.9999965973,0.893769874,-0.4325970814
17,0.2,rolling,33964,38596,10,10,10,2554,0.0751972677,0.9248027323,3258,0.08441289253,0.6722787784,0.05055352726,0.72150688,0.054255346,0.6721915285,0.05674163126,0.3250206101,4.322239624,0.6534847298,0,4,9,3997.26213,0.9999186958,0.8495760217,-0.2278507705
17,0.2,rolling,33964,38596,50,50,50,5551,0.1634377576,0.8365622424,7041,0.1824282309,0.7011349306,0.1145919209,0.7474041571,0.1221540595,0.714955262,0.1304280236,2.837681074,17.36245721,0.523869573,0,12,42,3994.74947,0.9992901515,0.7855376281,-0.1989946183
17,0.2,rolling,33964,38596,100,100,100,7445,0.2192026852,0.7807973148,9377,0.2429526376,0.7145735393,0.1566364386,0.757858582,0.1661246362,0.7313639757,0.1776868069,6.867860087,31.33109469,0.4679650772,0,23,76,3990.719291,0.9982819987,0.7434931104,-0.1855560096
17,0.2,rolling,33964,38596,250,250,250,9722,0.2862442586,0.7137557414,12206,0.3162503886,0.7323595968,0.2096337298,0.7752404953,0.2219081408,0.7500409635,0.2372007462,18.14827464,63.40135775,0.4286155112,0,39,177,3979.438876,0.9954601929,0.6904958191,-0.1677699521
17,0.2,rolling,33964,38596,500,500,500,11505,0.3387410199,0.6612589801,14542,0.3767747953,0.745067362,0.2523848781,0.7869611556,0.2665760245,0.7640627149,0.287879573,36.80214345,108.643894,0.3972186006,0,54,314,3960.785008,0.9907939109,0.6477446708,-0.1550621869
17,0.2,rolling,33964,38596,1000,1000,1000,13057,0.3844364621,0.6155635379,16365,0.4240076692,0.7577544612,0.2913084442,0.7970913249,0.3064309689,0.7757409105,0.3289200953,69.58352962,181.0013786,0.375047867,0,71,559,3928.003621,0.9825936179,0.6088211047,-0.1423750877
17,0.2,rolling,33964,38596,2000,2000,2000,14520,0.4275114827,0.5724885173,17991,0.4661363872,0.7728650138,0.330408668,0.8088697035,0.3458010863,0.7881162804,0.3673696756,132.1479213,309.1096419,0.3583333333,0,93,1007,3865.43923,0.9669430793,0.5697208809,-0.1272645352
17,0.2,rolling,33964,38596,3000,3000,3000,14806,0.4359321635,0.5640678365,18294,0.4739869417,0.7758341213,0.338211047,0.8112108669,0.3536329082,0.7904777523,0.3746761322,150.9933459,346.3689045,0.3543158179,0,99,1133.5,3846.593805,0.9622288795,0.5619185019,-0.1242954276
17,0.2,rolling,33964,38596,4000,4000,4000,15099,0.4445589448,0.5554410552,18615,0.4823038657,0.7793893635,0.346484513,0.8140796142,0.3619063743,0.7934461456,0.3826821432,183.3200742,412.3639314,0.3510166236,0,105,1300,3814.267077,0.9541423195,0.5536450359,-0.1207401854
17,0.2,rolling,33964,38596,5000,5000,5000,15936,0.4692026852,0.5307973148,19541,0.5062959892,0.7892821285,0.3703332941,0.8223386104,0.3858434841,0.8018525152,0.4059747124,293.816806,626.2044428,0.3424322289,0,129,1845,3703.770345,0.9265014633,0.5297962549,-0.1108474204
17,0.2,rolling,33964,38596,inf,inf,1000000000000,33964,1,0,38596,1,0.9001295489,0.9001295489,0.9157427893,0.9157427893,0.8987978029,0.8987978029,3997.587151,3997.587151,0.2578907078,0.3375927453,6091,7128,0,0,0,0
17,0.2,static,33964,38596,1,1,1,1195,0.0351843128,0.9648156872,1596,0.04135143538,0.5012552301,0.01763632081,0.5647698745,0.01987103992,0.4874686717,0.02015752928,0.0351843128,1,0.6510460251,0,1,1,2820.633347,0.9999875263,0.8043516665,-0.3207327572
17,0.2,static,33964,38596,10,10,10,5209,0.1533682723,0.8466317277,6538,0.1693957923,0.6060664235,0.09295136026,0.6540193712,0.100305821,0.6093606608,0.1032231319,0.6053173949,3.946822807,0.5622960261,0,3,8,2820.063214,0.9997853993,0.729036627,-0.2159215638
17,0.2,static,33964,38596,50,50,50,9692,0.2853609704,0.7146390296,11924,0.308943932,0.6308295501,0.1800141326,0.6745126483,0.1924795839,0.6444984904,0.1991138978,4.067129902,14.25257945,0.4447998349,0,9,36,2816.601401,0.9985580972,0.6419738547,-0.1911584371
17,0.2,static,33964,38596,100,100,100,11948,0.3517842421,0.6482157579,14630,0.3790548243,0.6409440911,0.2254740313,0.6829142886,0.2402384855,0.6546821599,0.2481604311,8.985101873,25.54151322,0.4054235018,0,14,72,2811.68343,0.9968145488,0.596513956,-0.1810438962
17,0.2,static,33964,38596,250,250,250,15139,0.4457366623,0.5542633377,18539,0.4803347497,0.663650175,0.295813214,0.7036042462,0.3136222083,0.6772209936,0.3252927765,24.02903074,53.90858049,0.3687165599,0,25,156,2796.639501,0.9914810867,0.5261747733,-0.1583378122
17,0.2,static,33964,38596,500,500,500,17214,0.506830762,0.493169238,20868,0.5406777904,0.6811897293,0.3452479096,0.7179358671,0.3638719826,0.6932144911,0.3748056793,45.93363561,90.62913907,0.3463459974,0,35,280,2774.734896,0.9837153373,0.4767400777,-0.140798258
17,0.2,static,33964,38596,1000,1000,1000,18907,0.5566776587,0.4433223413,22700,0.5881438491,0.6956153805,0.3872335414,0.7299614613,0.4063532372,0.7060352423,0.415250285,81.75774349,146.8672978,0.3319405511,0,47,469,2738.910788,0.9710147638,0.4347544459,-0.1263726067
17,0.2,static,33964,38596,2000,2000,2000,20405,0.6007831822,0.3992168178,24353,0.6309721215,0.7091889243,0.4260687787,0.7416057183,0.4455442434,0.71847411,0.4533371334,145.0951301,241.509973,0.3210977702,0,60,798,2675.573401,0.948560021,0.3959192086,-0.112799063
17,0.2,static,33964,38596,3000,3000,3000,20656,0.60817336,0.39182664,24615,0.6377603897,0.7112703331,0.4325756684,0.7433981095,0.4521149261,0.7202518789,0.459348119,161.7847132,266.0174284,0.3191808675,0,63,875,2658.883818,0.9426431318,0.3894123189,-0.1107176542
17,0.2,static,33964,38596,4000,4000,4000,20895,0.6152102226,0.3847897774,24870,0.6443672919,0.7142857143,0.4394358733,0.7460460086,0.458975131,0.7228789706,0.4657995647,188.1058768,305.7586983,0.3180665231,0,66,956,2632.562655,0.933311598,0.382552114,-0.107702273
17,0.2,static,33964,38596,5000,5000,5000,21553,0.6345836768,0.3654163232,25586,0.6629184371,0.7216628776,0.4579554823,0.7525618096,0.4775634402,0.7295005081,0.4835993367,275.5148098,434.1662414,0.3134134459,0,72,1243,2545.153722,0.9023228689,0.364032505,-0.1003251097
17,0.2,static,33964,38596,inf,inf,1000000000000,33964,1,0,38596,1,0.8219879873,0.8219879873,0.8416989955,0.8416989955,0.8194631568,0.8194631568,2820.668531,2820.668531,0.2578907078,0.2199976446,461.5,7128,0,0,0,0
17,0.2,top1,33964,38596,1,1,1,33964,1,0,38596,1,0.2215875633,0.2215875633,0.2379090582,0.2379090582,0.2269406156,0.2269406156,1,1,0.2578907078,0,1,1,0,0,0,0
17,0.2,top1,33964,38596,10,10,10,33964,1,0,38596,1,0.2215875633,0.2215875633,0.2379090582,0.2379090582,0.2269406156,0.2269406156,1,1,0.2578907078,0,1,1,0,0,0,0
17,0.2,top1,33964,38596,50,50,50,33964,1,0,38596,1,0.2215875633,0.2215875633,0.2379090582,0.2379090582,0.2269406156,0.2269406156,1,1,0.2578907078,0,1,1,0,0,0,0
17,0.2,top1,33964,38596,100,100,100,33964,1,0,38596,1,0.2215875633,0.2215875633,0.2379090582,0.2379090582,0.2269406156,0.2269406156,1,1,0.2578907078,0,1,1,0,0,0,0
17,0.2,top1,33964,38596,250,250,250,33964,1,0,38596,1,0.2215875633,0.2215875633,0.2379090582,0.2379090582,0.2269406156,0.2269406156,1,1,0.2578907078,0,1,1,0,0,0,0
17,0.2,top1,33964,38596,500,500,500,33964,1,0,38596,1,0.2215875633,0.2215875633,0.2379090582,0.2379090582,0.2269406156,0.2269406156,1,1,0.2578907078,0,1,1,0,0,0,0
17,0.2,top1,33964,38596,1000,1000,1000,33964,1,0,38596,1,0.2215875633,0.2215875633,0.2379090582,0.2379090582,0.2269406156,0.2269406156,1,1,0.2578907078,0,1,1,0,0,0,0
17,0.2,top1,33964,38596,2000,2000,2000,33964,1,0,38596,1,0.2215875633,0.2215875633,0.2379090582,0.2379090582,0.2269406156,0.2269406156,1,1,0.2578907078,0,1,1,0,0,0,0
17,0.2,top1,33964,38596,3000,3000,3000,33964,1,0,38596,1,0.2215875633,0.2215875633,0.2379090582,0.2379090582,0.2269406156,0.2269406156,1,1,0.2578907078,0,1,1,0,0,0,0
17,0.2,top1,33964,38596,4000,4000,4000,33964,1,0,38596,1,0.2215875633,0.2215875633,0.2379090582,0.2379090582,0.2269406156,0.2269406156,1,1,0.2578907078,0,1,1,0,0,0,0
17,0.2,top1,33964,38596,5000,5000,5000,33964,1,0,38596,1,0.2215875633,0.2215875633,0.2379090582,0.2379090582,0.2269406156,0.2269406156,1,1,0.2578907078,0,1,1,0,0,0,0
17,0.2,top1,33964,38596,inf,inf,1000000000000,33964,1,0,38596,1,0.2215875633,0.2215875633,0.2379090582,0.2379090582,0.2269406156,0.2269406156,1,1,0.2578907078,0,1,1,0,0,0,0
17,0.2,weighted,33964,38596,1,1,1,468,0.01377929572,0.9862207043,654,0.01694476112,0.4700854701,0.006477446708,0.5484330484,0.00755702116,0.4678899083,0.007928282724,0.01377929572,1,0.6538461538,0,1,1,3980.76902,0.9999965385,0.8926215993,-0.429013576
17,0.2,weighted,33964,38596,10,10,10,2588,0.07619832764,0.9238016724,3298,0.08544926935,0.671561051,0.051171829,0.7206576139,0.05491290498,0.6719223772,0.05741527619,0.328965964,4.317233385,0.6526275116,0,4,9,3980.453833,0.9999173615,0.8479272171,-0.227537995
17,0.2,weighted,33964,38596,50,50,50,5608,0.1651160052,0.8348839948,7110,0.1842159809,0.6991797432,0.1154457661,0.7452461619,0.1230520691,0.7132208158,0.1313866722,2.862354257,17.33541369,0.5226462197,0,12,42,3977.920445,0.9992809569,0.7836532799,-0.1999193028
17,0.2,weighted,33964,38596,100,100,100,7501,0.2208514898,0.7791485102,9444,0.2446885688,0.7127049727,0.157401955,0.7558801684,0.1669372613,0.7297755188,0.1785677272,6.884878106,31.17424343,0.4670043994,0,23,75,3973.897921,0.9982704713,0.741697091,-0.1863940734
17,0.2,weighted,33964,38596,250,250,250,9797,0.2884524791,0.7115475209,12295,0.3185563271,0.7313463305,0.2109586621,0.7742562106,0.2233361234,0.7490849939,0.2386257643,18.29116123,63.41135041,0.4268653669,0,39,178,3962.491638,0.9954051346,0.6881403839,-0.1677527155
17,0.2,weighted,33964,38596,500,500,500,11579,0.3409197974,0.6590802026,14624,0.3788993678,0.7435875291,0.2535037098,0.7855230528,0.26780036,0.7627188184,0.2889936781,36.98074432,108.4734433,0.3964072891,0,54,313,3943.802055,0.9907101829,0.6455953362,-0.1555115169
17,0.2,weighted,33964,38596,1000,1000,1000,13137,0.3867918973,0.6132081027,16452,0.4262617888,0.7566415468,0.2926628195,0.7959355075,0.3078614051,0.7746778507,0.3302155664,69.89082558,180.6936135,0.3750475755,0,71,556,3910.891974,0.9824429442,0.6064362266,-0.1424574993
17,0.2,weighted,33964,38596,2000,2000,2000,14585,0.4294252738,0.5705747262,18059,0.4678982278,0.7713404182,0.3312330703,0.8073617709,0.3467015495,0.7866991528,0.3680951394,131.712578,306.7182722,0.3575591361,0,93,995,3849.070221,0.9669128951,0.5678659757,-0.1277586278
17,0.2,weighted,33964,38596,3000,3000,3000,14890,0.4384053704,0.5615946296,18384,0.4763187895,0.7744123573,0.3395065363,0.8097630241,0.3550044585,0.7891644909,0.375893875,151.732452,346.1008059,0.3532572196,0,98,1136.1,3829.050347,0.9618837652,0.5595925097,-0.1246866888
17,0.2,weighted,33964,38596,4000,4000,4000,15195,0.447385467,0.552614533,18722,0.4850761737,0.778413952,0.3482510894,0.8130879519,0.363763733,0.7925435317,0.3844439838,185.2897774,414.1613689,0.3501809806,0,105,1305.2,3795.493022,0.9534539344,0.5508479567,-0.1206850941
17,0.2,weighted,33964,38596,5000,5000,5000,16020,0.4716758921,0.5283241079,19636,0.5087573842,0.7882022472,0.3717759981,0.8212882706,0.3873818777,0.8008759421,0.4074515494,294.4954658,624.3598002,0.3421972534,0,128,1834.3,3686.287334,0.9260207149,0.5273230479,-0.1108967989
17,0.2,weighted,33964,38596,inf,inf,1000000000000,33964,1,0,38596,1,0.899099046,0.899099046,0.914807976,0.914807976,0.8978132449,0.8978132449,3980.782799,3980.782799,0.2578907078,0.3355317395,6019,7128,0,0,0,0
29,0.2,adaptive,33964,38596,1,1,1,318,0.009362854787,0.9906371452,416,0.010778319,0.4748427673,0.004445883877,0.5462264151,0.005114238606,0.4879807692,0.005259612395,0.009362854787,1,0.6383647799,0,1,1,4087.916323,0.9999977096,0.8974796844,-0.427082801
29,0.2,adaptive,33964,38596,10,10,10,2893,0.08517842421,0.9148215758,3899,0.1010208312,0.6156239198,0.0524378754,0.6744126813,0.05744540946,0.6122082585,0.06184578713,0.3740136615,4.390943657,0.6149325959,0,4,9,4087.551672,0.9999085077,0.8494876929,-0.2863016484
29,0.2,adaptive,33964,38596,50,50,50,5629,0.1657343069,0.8342656931,7190,0.1862887346,0.6750755019,0.1118831704,0.7235552591,0.1199179294,0.6816411683,0.1269820707,2.594040749,15.65180316,0.5118138213,0,10,40,4085.331645,0.9993654384,0.7900423978,-0.2268500664
29,0.2,adaptive,33964,38596,100,100,100,7263,0.2138440702,0.7861559298,9212,0.2386775832,0.7002615999,0.1497467907,0.7461854516,0.1595673341,0.7105948762,0.1696030677,6.112265929,28.58281702,0.4678507504,0,18,75,4081.81342,0.9985048001,0.7521787775,-0.2016639684
29,0.2,adaptive,33964,38596,250,250,250,9619,0.2832116358,0.7167883642,12087,0.3131671676,0.7297016322,0.2066599929,0.7702285339,0.2181376831,0.7401340283,0.2317856773,17.51713579,61.85175174,0.4157396819,0,35,174,4070.40855,0.9957149085,0.6952655753,-0.1722239361
29,0.2,adaptive,33964,38596,500,500,500,11193,0.3295548228,0.6704451772,14149,0.366592393,0.7397480568,0.2437875397,0.7805046534,0.2572190727,0.7529154004,0.2760130583,33.93301731,102.9662289,0.3900652193,0,50,298,4053.992669,0.9916992089,0.6581380285,-0.1621775114
29,0.2,adaptive,33964,38596,1000,1000,1000,12662,0.372806501,0.627193499,15882,0.411493419,0.7542252409,0.281180073,0.7923081071,0.2953776131,0.7668429669,0.3155508343,65.102167,174.6272311,0.3713473385,0,68,554,4022.823519,0.9840745229,0.6207454952,-0.1477003274
29,0.2,adaptive,33964,38596,2000,2000,2000,14056,0.4138499588,0.5861500412,17469,0.4526116696,0.7692800228,0.3183665057,0.8047231492,0.3330346421,0.7802965253,0.3531713131,124.1286951,299.9364684,0.3565737052,0,91,994,3963.796991,0.9696352858,0.5835590625,-0.1326455455
29,0.2,adaptive,33964,38596,3000,3000,3000,14571,0.4290130727,0.5709869273,18028,0.4670950358,0.7746894517,0.332351902,0.8090056907,0.3470740172,0.7848347016,0.366592393,159.5754328,371.9593714,0.3508338481,0,101,1245,3928.350253,0.9609642041,0.5695736662,-0.1272361166
29,0.2,adaptive,33964,38596,4000,4000,4000,14684,0.4323401248,0.5676598752,18150,0.4702559851,0.7761509126,0.3355611824,0.8102030726,0.3502832976,0.7860606061,0.3696497046,171.6254564,396.9686053,0.3502451648,0,103,1318.7,3916.30023,0.9580164931,0.5663643858,-0.1257746557
29,0.2,adaptive,33964,38596,5000,5000,5000,15385,0.4529796255,0.5470203745,18935,0.4905948803,0.7852453689,0.3557001531,0.8177784803,0.3704369897,0.7940322155,0.3895481397,265.7999941,586.7813455,0.343841404,0,119,1799.6,3822.125692,0.93497925,0.5462254151,-0.1166801994
29,0.2,adaptive,33964,38596,inf,inf,1000000000000,33964,1,0,38596,1,0.9019255682,0.9019255682,0.9167065693,0.9167065693,0.898253705,0.898253705,4087.925686,4087.925686,0.2572724061,0.3700683076,6488.5,7128,0,0,0,0
29,0.2,rolling,33964,38596,1,1,1,312,0.00918619715,0.9908138029,410,0.01062286247,0.4711538462,0.004328112119,0.5439102564,0.004996466847,0.4853658537,0.005155974712,0.00918619715,1,0.6378205128,0,1,1,4108.178071,0.9999977639,0.8989518314,-0.4321260973
29,0.2,rolling,33964,38596,10,10,10,2855,0.08405959251,0.9159404075,3857,0.09993263551,0.6147110333,0.05167235897,0.6741947065,0.0566725323,0.6118745139,0.06114623277,0.3700977506,4.402802102,0.6161120841,0,4,9,4107.817159,0.9999099122,0.8516075845,-0.2885689102
29,0.2,rolling,33964,38596,50,50,50,5553,0.1634966435,0.8365033565,7104,0.1840605244,0.6763911399,0.1105876811,0.7248891087,0.1185169362,0.6825731982,0.1256347808,2.550023554,15.59679453,0.5116153431,0,10,39,4105.637234,0.9993792825,0.7926922624,-0.2268888035
29,0.2,rolling,33964,38596,100,100,100,7191,0.2117241785,0.7882758215,9123,0.2363716447,0.7031010986,0.1488635025,0.7486156216,0.1585000275,0.7125945413,0.1684371437,6.067453775,28.65734946,0.4693366708,0,18,75,4102.119803,0.9985230825,0.7544164409,-0.2001788449
29,0.2,rolling,33964,38596,250,250,250,9548,0.2811211871,0.7188788129,12000,0.310913048,0.7315668203,0.205658933,0.7719360007,0.2170075649,0.74175,0.2306197533,17.52308326,62.33284457,0.4158986175,0,35,175.3,4090.664174,0.9957345948,0.6976210105,-0.1717131232
29,0.2,rolling,33964,38596,500,500,500,11112,0.3271699446,0.6728300554,14064,0.3643900922,0.7412706983,0.2425214933,0.7819224189,0.2558215145,0.7544795222,0.2749248627,33.88779296,103.5785637,0.3904787617,0,51,301,4074.299464,0.9917511567,0.6607584501,-0.1620092451
29,0.2,rolling,33964,38596,1000,1000,1000,12568,0.3700388647,0.6299611353,15782,0.4089024769,0.7558879694,0.279707926,0.7937477657,0.293717522,0.7685337727,0.3142553633,64.78948298,175.0883195,0.3719764481,0,69,555,4043.397774,0.9842291797,0.6235720174,-0.147391974
29,0.2,rolling,33964,38596,2000,2000,2000,13969,0.411288423,0.588711577,17369,0.4500207275,0.7712792612,0.3172182311,0.8064646898,0.3316895905,0.7821405953,0.3519794797,124.2047462,301.9894051,0.3571479705,0,92,1002.2,3983.982511,0.9697665324,0.5860617124,-0.1320006822
29,0.2,rolling,33964,38596,3000,3000,3000,14477,0.4262454363,0.5737545637,17928,0.4645040937,0.7766111763,0.3310269697,0.810743841,0.3455758622,0.786702365,0.3654264691,159.0605936,373.1666782,0.3515231056,0,103,1252.4,3949.126664,0.9612820488,0.5722529737,-0.1266687671
29,0.2,rolling,33964,38596,4000,4000,4000,14591,0.4296019315,0.5703980685,18051,0.4676909524,0.7780138442,0.3342362501,0.8119140967,0.3487998641,0.7878787879,0.3684837807,171.3392121,398.8324995,0.3504900281,0,105,1323,3936.848045,0.9582932322,0.5690436933,-0.1252660993
29,0.2,rolling,33964,38596,5000,5000,5000,15266,0.4494759157,0.5505240843,18807,0.4872784745,0.7866500721,0.3535802615,0.8190841468,0.3681585969,0.7954485032,0.3876049332,261.9453539,582.77951,0.3445565309,0,120,1788.5,3846.241903,0.9362382147,0.549699682,-0.1166298714
29,0.2,rolling,33964,38596,inf,inf,1000000000000,33964,1,0,38596,1,0.9032799435,0.9032799435,0.9179024433,0.9179024433,0.8996009949,0.8996009949,4108.187257,4108.187257,0.2572724061,0.3727770581,6546,7128,0,0,0,0
29,0.2,static,33964,38596,1,1,1,1179,0.03471322577,0.9652867742,1435,0.03718001865,0.5351993215,0.01857849488,0.5929836962,0.02058437692,0.5442508711,0.02023525754,0.03471322577,1,0.6624257846,0,1,1,3029.152485,0.9999885404,0.8125073607,-0.2958865342
29,0.2,static,33964,38596,10,10,10,5232,0.1540454599,0.8459545401,6623,0.1715980931,0.5758792049,0.08871157696,0.6250160035,0.0962808777,0.5791937189,0.09938853767,0.5898304087,3.828937309,0.5451070336,0,3,8,3028.597368,0.9998052843,0.7423742786,-0.2552066507
29,0.2,static,33964,38596,50,50,50,9403,0.2768519609,0.7231480391,11614,0.3009120116,0.6235244071,0.1726239548,0.6661810483,0.1844335295,0.6334596177,0.1906156078,3.878547874,14.00946506,0.4402850154,0,8,37,3025.30865,0.9987196077,0.6584619008,-0.2075614485
29,0.2,static,33964,38596,100,100,100,11520,0.339182664,0.660817336,14158,0.3668255778,0.6428819444,0.2180544106,0.6826910067,0.2315569543,0.6514338183,0.2389625868,8.449829231,24.91232639,0.4030381944,0,13,71,3020.737369,0.9972105292,0.6130314451,-0.1882039112
29,0.2,static,33964,38596,250,250,250,14279,0.4204157343,0.5795842657,17577,0.455409887,0.6624413474,0.2785007655,0.7020636088,0.2951585876,0.6726972748,0.3063529899,21.62869509,51.44596961,0.3705441558,0,23,153,3007.558503,0.9928599015,0.5525850901,-0.1686445082
29,0.2,static,33964,38596,500,500,500,16063,0.4729419385,0.5270580615,19580,0.5073064566,0.6775820208,0.3204569544,0.7153437259,0.3383160485,0.6870275792,0.3485335268,40.48442468,85.60125755,0.352051298,0,32,267,2988.702774,0.9866352186,0.5106289012,-0.1535038348
29,0.2,static,33964,38596,1000,1000,1000,17768,0.5231421505,0.4768578495,21490,0.5567934501,0.6936064836,0.3628547874,0.7287858099,0.3812585758,0.7019543974,0.3908436107,76.70297963,146.6197659,0.3372354795,0,43,486,2952.484219,0.9746786928,0.4682310682,-0.137479372
29,0.2,static,33964,38596,2000,2000,2000,19267,0.5672771169,0.4327228831,23104,0.5986112551,0.7099704157,0.4027499706,0.7427414545,0.4213402309,0.71654259,0.4289304591,139.403751,245.7418903,0.3244926558,0,54,847,2889.783447,0.9539798164,0.4283358851,-0.1211154399
29,0.2,static,33964,38596,3000,3000,3000,19825,0.5837062772,0.4162937228,23696,0.6139496321,0.7143001261,0.4169414674,0.7463127164,0.4356274174,0.720416948,0.4422997202,177.8541986,304.6981084,0.3196973518,0,60,1026,2851.333,0.9412864947,0.4141443882,-0.1167857295
29,0.2,static,33964,38596,4000,4000,4000,19915,0.5863561418,0.4136438582,23798,0.616592393,0.7154406226,0.4195030032,0.7473085415,0.4381889531,0.7214892008,0.4448647528,187.3195442,319.463771,0.3194576952,0,61,1065.6,2841.867654,0.9381617801,0.4115828524,-0.115645233
29,0.2,static,33964,38596,5000,5000,5000,20514,0.6039924626,0.3960075374,24460,0.6337444295,0.7229696792,0.436668237,0.7539720648,0.4553934441,0.7282910875,0.4615504197,267.3284949,442.6023691,0.3156381008,0,68,1351,2761.858703,0.9117491005,0.3944176187,-0.1081161764
29,0.2,static,33964,38596,inf,inf,1000000000000,33964,1,0,38596,1,0.8310858556,0.8310858556,0.8499386489,0.8499386489,0.8264068815,0.8264068815,3029.187198,3029.187198,0.2572724061,0.2525320928,724.5,7128,0,0,0,0
29,0.2,top1,33964,38596,1,1,1,33964,1,0,38596,1,0.221734778,0.221734778,0.2377535014,0.2377535014,0.2263965178,0.2263965178,1,1,0.2572724061,0,1,1,0,0,0,0
29,0.2,top1,33964,38596,10,10,10,33964,1,0,38596,1,0.221734778,0.221734778,0.2377535014,0.2377535014,0.2263965178,0.2263965178,1,1,0.2572724061,0,1,1,0,0,0,0
29,0.2,top1,33964,38596,50,50,50,33964,1,0,38596,1,0.221734778,0.221734778,0.2377535014,0.2377535014,0.2263965178,0.2263965178,1,1,0.2572724061,0,1,1,0,0,0,0
29,0.2,top1,33964,38596,100,100,100,33964,1,0,38596,1,0.221734778,0.221734778,0.2377535014,0.2377535014,0.2263965178,0.2263965178,1,1,0.2572724061,0,1,1,0,0,0,0
29,0.2,top1,33964,38596,250,250,250,33964,1,0,38596,1,0.221734778,0.221734778,0.2377535014,0.2377535014,0.2263965178,0.2263965178,1,1,0.2572724061,0,1,1,0,0,0,0
29,0.2,top1,33964,38596,500,500,500,33964,1,0,38596,1,0.221734778,0.221734778,0.2377535014,0.2377535014,0.2263965178,0.2263965178,1,1,0.2572724061,0,1,1,0,0,0,0
29,0.2,top1,33964,38596,1000,1000,1000,33964,1,0,38596,1,0.221734778,0.221734778,0.2377535014,0.2377535014,0.2263965178,0.2263965178,1,1,0.2572724061,0,1,1,0,0,0,0
29,0.2,top1,33964,38596,2000,2000,2000,33964,1,0,38596,1,0.221734778,0.221734778,0.2377535014,0.2377535014,0.2263965178,0.2263965178,1,1,0.2572724061,0,1,1,0,0,0,0
29,0.2,top1,33964,38596,3000,3000,3000,33964,1,0,38596,1,0.221734778,0.221734778,0.2377535014,0.2377535014,0.2263965178,0.2263965178,1,1,0.2572724061,0,1,1,0,0,0,0
29,0.2,top1,33964,38596,4000,4000,4000,33964,1,0,38596,1,0.221734778,0.221734778,0.2377535014,0.2377535014,0.2263965178,0.2263965178,1,1,0.2572724061,0,1,1,0,0,0,0
29,0.2,top1,33964,38596,5000,5000,5000,33964,1,0,38596,1,0.221734778,0.221734778,0.2377535014,0.2377535014,0.2263965178,0.2263965178,1,1,0.2572724061,0,1,1,0,0,0,0
29,0.2,top1,33964,38596,inf,inf,1000000000000,33964,1,0,38596,1,0.221734778,0.221734778,0.2377535014,0.2377535014,0.2263965178,0.2263965178,1,1,0.2572724061,0,1,1,0,0,0,0
29,0.2,weighted,33964,38596,1,1,1,318,0.009362854787,0.9906371452,416,0.010778319,0.4748427673,0.004445883877,0.5462264151,0.005114238606,0.4879807692,0.005259612395,0.009362854787,1,0.6383647799,0,1,1,4087.265516,0.9999977093,0.8974502414,-0.427053358
29,0.2,weighted,33964,38596,10,10,10,2894,0.08520786715,0.9147921328,3901,0.10107265,0.6154111956,0.0524378754,0.6743524143,0.05746013093,0.6121507306,0.06187169655,0.3739253327,4.388389772,0.6147201106,0,4,9,4086.900954,0.9999085148,0.8494582499,-0.2864849297
29,0.2,weighted,33964,38596,50,50,50,5631,0.1657931928,0.8342068072,7200,0.1865478288,0.6748357308,0.1118831704,0.7233693045,0.1199297066,0.6809722222,0.1270338895,2.595100695,15.65263719,0.5116320369,0,10,40,4084.679779,0.999365078,0.7900129549,-0.2270603945
29,0.2,weighted,33964,38596,100,100,100,7264,0.2138735131,0.7861264869,9213,0.2387034926,0.7003028634,0.1497762337,0.746220393,0.159596777,0.7106262889,0.1696289771,6.109498292,28.56594163,0.4679240088,0,18,75,4081.165381,0.9985052392,0.7521198916,-0.2015932619
29,0.2,weighted,33964,38596,250,250,250,9620,0.2832410788,0.7167589212,12088,0.313193077,0.7296257796,0.2066599929,0.7701484686,0.2181376831,0.7400727995,0.2317856773,17.50794959,61.81288981,0.4155925156,0,35,174,4069.76693,0.9957164737,0.6952361324,-0.1722703457
29,0.2,weighted,33964,38596,500,500,500,11194,0.3295842657,0.6704157343,14150,0.3666183024,0.7397713061,0.2438169827,0.7804795949,0.2572337942,0.7529328622,0.2760389678,33.91508656,102.9026264,0.3902983741,0,50,298,4053.359793,0.9917022741,0.6580791426,-0.1621248193
29,0.2,weighted,33964,38596,1000,1000,1000,12661,0.3727770581,0.6272229419,15882,0.411493419,0.7542058289,0.2811506301,0.792291703,0.2953481702,0.7668429669,0.3155508343,65.015222,174.4077877,0.3714556512,0,68,553,4022.259657,0.9840932592,0.6207454952,-0.1476902964
29,0.2,weighted,33964,38596,2000,2000,2000,14060,0.4139677305,0.5860322695,17473,0.4527153073,0.7692745377,0.3184548345,0.8047075808,0.333122971,0.7802895897,0.3532490414,124.2384878,300.1163585,0.3565433855,0,91,996.1,3963.036391,0.9696035888,0.5834412908,-0.1326215876
29,0.2,weighted,33964,38596,3000,3000,3000,14577,0.4291897303,0.5708102697,18034,0.4672504923,0.7746449887,0.3324696738,0.8089471029,0.3471917889,0.7847953865,0.3666960307,159.8698916,372.492351,0.3508266447,0,101,1249,3927.404988,0.9608859457,0.5694264515,-0.1272511366
29,0.2,weighted,33964,38596,4000,4000,4000,14688,0.4324578966,0.5675421034,18154,0.4703596228,0.7761437908,0.3356495112,0.8101866775,0.3503716264,0.7860526606,0.3697274329,171.7185255,397.0757081,0.3501497821,0,103,1318.3,3915.556354,0.9579870377,0.5662466141,-0.1257523345
29,0.2,weighted,33964,38596,5000,5000,5000,15387,0.4530385114,0.5469614886,18937,0.4906466991,0.7852082927,0.355729596,0.8177371755,0.3704664327,0.7940011617,0.3895740491,265.6473325,586.3681029,0.3437967115,0,119,1800.4,3821.627547,0.9350062474,0.5461665293,-0.1166878326
29,0.2,weighted,33964,38596,inf,inf,1000000000000,33964,1,0,38596,1,0.9018961253,0.9018961253,0.9166771263,0.9166771263,0.8982277956,0.8982277956,4087.274879,4087.274879,0.2572724061,0.3700388647,6486,7128,0,0,0,0
43,0.2,adaptive,33964,38596,1,1,1,409,0.01204216229,0.9879578377,496,0.01285107265,0.5427872861,0.006536332587,0.6045232274,0.007279766812,0.5544354839,0.007125090683,0.01204216229,1,0.6723716381,0,1,1,3846.028648,0.9999968689,0.89082558,-0.3545746265
43,0.2,adaptive,33964,38596,10,10,10,2515,0.07404899305,0.9259510069,3280,0.08498289978,0.6656063618,0.04928748086,0.7238942071,0.05360363711,0.6820121951,0.05795937403,0.3135673066,4.234592445,0.6588469185,0,4,8,3845.727123,0.9999184701,0.8480744318,-0.2317555508
43,0.2,adaptive,33964,38596,50,50,50,5507,0.1621422683,0.8378577317,7113,0.1842937092,0.7052841838,0.1143563773,0.7544069241,0.1223212499,0.7257134824,0.1337444295,2.779914027,17.14490648,0.524241874,0,12,42,3843.260776,0.9992772011,0.7830055353,-0.1920777288
43,0.2,adaptive,33964,38596,100,100,100,7509,0.2210870333,0.7789129667,9509,0.2463726811,0.7297909176,0.1613473089,0.7749735083,0.1713365939,0.7500262909,0.1847859882,7.066334943,31.9617792,0.4693035025,0,23,77,3838.974355,0.9981626989,0.7360146037,-0.167570995
43,0.2,adaptive,33964,38596,250,250,250,9845,0.2898657402,0.7101342598,12289,0.3184008706,0.7510411376,0.2177010953,0.791700392,0.2294868201,0.7700382456,0.2451808478,18.38555529,63.42783139,0.4223463687,0,41,172,3827.655135,0.995219615,0.6796608173,-0.146320775
43,0.2,adaptive,33964,38596,500,500,500,11811,0.3477505594,0.6522494406,14798,0.383407607,0.7580221827,0.2636026381,0.7984106727,0.2776477581,0.7781456954,0.298346979,39.3963903,113.2892219,0.3837101008,0,58,332,3806.6443,0.9897566372,0.6337592745,-0.1393397299
43,0.2,adaptive,33964,38596,1000,1000,1000,13659,0.4021611118,0.5978388882,17058,0.4419628977,0.7657222344,0.3079437051,0.8043822407,0.3234912562,0.7854379177,0.3471344181,78.29808032,194.6933158,0.3608609708,0,79,600,3767.74261,0.9796419002,0.5894182075,-0.1316396782
43,0.2,adaptive,33964,38596,2000,2000,2000,15302,0.4505358615,0.5494641385,18867,0.4888330397,0.7787217357,0.3508420681,0.8141674526,0.3668116347,0.7957809933,0.3890040419,148.2525321,329.0582277,0.3417200366,0,105,1049,3697.788158,0.9614532076,0.5465198445,-0.1186401769
43,0.2,adaptive,33964,38596,3000,3000,3000,15586,0.4588976563,0.5411023437,19177,0.4968649601,0.7817271911,0.3587327759,0.8166553548,0.3747612283,0.7982479011,0.3966214115,167.0875339,364.1063134,0.3399204414,0,111,1180,3678.953156,0.956555963,0.5386291367,-0.1156347215
43,0.2,adaptive,33964,38596,4000,4000,4000,15879,0.4675244376,0.5324755624,19496,0.5051300653,0.7848731028,0.366947356,0.8192407389,0.3830150657,0.8007796471,0.4044978754,199.5627135,426.8498016,0.3380565527,0,119,1314,3646.477977,0.9481121679,0.5304145566,-0.1124888098
43,0.2,adaptive,33964,38596,5000,5000,5000,16714,0.4921092922,0.5078907078,20388,0.5282412685,0.7943041761,0.3908844659,0.8269847848,0.4069668971,0.8084167157,0.4270390714,309.9165882,629.7718679,0.3302620558,0,141,1789,3536.124102,0.9194193164,0.5064774467,-0.1030577365
43,0.2,adaptive,33964,38596,inf,inf,1000000000000,33964,1,0,38596,1,0.8973619126,0.8973619126,0.9135473941,0.9135473941,0.8975023318,0.8975023318,3846.04069,3846.04069,0.2575373925,0.3047933106,5297.5,7128,0,0,0,0
43,0.2,rolling,33964,38596,1,1,1,402,0.01183606171,0.9881639383,487,0.01261788786,0.5422885572,0.006418560829,0.6026119403,0.007132552114,0.5523613963,0.006969634159,0.01183606171,1,0.6691542289,0,1,1,3861.145095,0.9999969346,0.8918855259,-0.3560155295
43,0.2,rolling,33964,38596,10,10,10,2492,0.07337180544,0.9266281946,3248,0.08415379832,0.6673354735,0.04896360853,0.7253587203,0.0532208789,0.6838054187,0.0575448233,0.3109763279,4.238362761,0.6593097913,0,4,8,3860.845955,0.9999194603,0.8493404782,-0.2309686132
43,0.2,rolling,33964,38596,50,50,50,5456,0.1606406784,0.8393593216,7055,0.1827909628,0.7058284457,0.1133847603,0.7551965294,0.1213152828,0.7262934089,0.1327598715,2.751972677,17.13123167,0.526026393,0,12,42,3858.404958,0.9992872673,0.7849193263,-0.1924756409
43,0.2,rolling,33964,38596,100,100,100,7462,0.2197032152,0.7802967848,9455,0.2449735724,0.7307692308,0.1605523495,0.775856706,0.1704582128,0.7508196721,0.1839309773,7.051054057,32.09354061,0.4701152506,0,23,78,3854.105877,0.9981738494,0.7377517371,-0.1675348559
43,0.2,rolling,33964,38596,250,250,250,9800,0.2885408079,0.7114591921,12233,0.316949943,0.7518367347,0.2169355788,0.7924360911,0.2286501499,0.7706204529,0.2442481086,18.39215051,63.74193878,0.422755102,0,41,173,3842.76478,0.9952366219,0.6813685078,-0.146467352
43,0.2,rolling,33964,38596,500,500,500,11721,0.3451006949,0.6548993051,14689,0.3805834802,0.7586383414,0.2618066188,0.7988961512,0.2756996169,0.7786098441,0.2963260441,38.89061948,112.6935415,0.3849500896,0,59,329,3822.266311,0.9899277289,0.6364974679,-0.1396657452
43,0.2,rolling,33964,38596,1000,1000,1000,13591,0.4001589919,0.5998410081,16975,0.4398124158,0.7665366787,0.3067365446,0.8050492011,0.3221476767,0.7860382916,0.3457093999,78.19832764,195.4181444,0.3609741741,0,79,602,3782.958603,0.9797474361,0.5915675421,-0.131767408
43,0.2,rolling,33964,38596,2000,2000,2000,15222,0.4481804263,0.5518195737,18779,0.4865530107,0.7794639338,0.3493404782,0.8147477572,0.3651539972,0.7964215347,0.3875012955,147.6385585,329.4176849,0.3426619367,0,106,1048,3713.518372,0.9617631293,0.5489636085,-0.1188401529
43,0.2,rolling,33964,38596,3000,3000,3000,15517,0.4568660935,0.5431339065,19103,0.494947663,0.7825610621,0.3575256154,0.8173029812,0.3733980202,0.7989844527,0.3954554876,167.0360676,365.6127473,0.3402719598,0,112,1182,3694.120863,0.9567393736,0.5407784713,-0.1157430246
43,0.2,rolling,33964,38596,4000,4000,4000,15784,0.4647273584,0.5352726416,19393,0.502461395,0.7854156107,0.365004122,0.819654314,0.3809157841,0.8012684989,0.4026064877,196.5663938,422.9714268,0.3383806386,0,119,1307.7,3664.590537,0.9490913223,0.5332999647,-0.1128884759
43,0.2,rolling,33964,38596,5000,5000,5000,16637,0.4898421858,0.5101578142,20308,0.5261685149,0.7952755906,0.3895595336,0.8277888858,0.4054859172,0.8092869805,0.4258213286,309.1057885,631.0313758,0.3306485544,0,141,1801.4,3552.051142,0.9199447746,0.5087445531,-0.1030284961
43,0.2,rolling,33964,38596,inf,inf,1000000000000,33964,1,0,38596,1,0.8983040867,0.8983040867,0.9143335206,0.9143335206,0.8983573427,0.8983573427,3861.156931,3861.156931,0.2575373925,0.3068248734,5370.5,7128,0,0,0,0
43,0.2,static,33964,38596,1,1,1,1196,0.03521375574,0.9647862443,1451,0.03759456939,0.5652173913,0.01990342716,0.6226449275,0.02192566639,0.5678842178,0.02134936263,0.03521375574,1,0.6889632107,0,1,1,2623.949564,0.99998658,0.7903957131,-0.245081749
43,0.2,static,33964,38596,10,10,10,5080,0.1495701331,0.8504298669,6461,0.1674007669,0.5982283465,0.08947709339,0.6494022622,0.09713118278,0.6028478564,0.1009171935,0.5718407726,3.823228346,0.5657480315,0,3,8,2623.412937,0.9997820716,0.7208220469,-0.2120707938
43,0.2,static,33964,38596,50,50,50,9816,0.2890118949,0.7109881051,12015,0.3113016893,0.6410961695,0.1852844188,0.6846433099,0.1978700604,0.6527673741,0.2032075863,4.36668237,15.1090057,0.4367359413,0,10,38,2619.618096,0.9983358583,0.6250147215,-0.1692029707
43,0.2,static,33964,38596,100,100,100,12407,0.3652985514,0.6347014486,15092,0.3910249767,0.6538244539,0.2388411259,0.6944324185,0.2536751565,0.6677710045,0.2611151415,9.924066659,27.1670025,0.3950995406,0,17,73,2614.060711,0.9962179405,0.5714580144,-0.1564746863
43,0.2,static,33964,38596,250,250,250,16250,0.4784477682,0.5215522318,19754,0.5118146958,0.6715076923,0.3212813567,0.7108428816,0.3401011902,0.6855826668,0.3508912841,28.30479331,59.15963077,0.3532923077,0,32,168,2595.679985,0.9892130497,0.4890177835,-0.138791448
43,0.2,static,33964,38596,500,500,500,18472,0.54386998,0.45613002,22252,0.5765364286,0.682113469,0.3709810387,0.718976297,0.3910296243,0.695488046,0.4009741942,51.69108468,95.04309225,0.33315288,0,42,281,2572.293693,0.9803005394,0.4393181015,-0.1281856712
43,0.2,static,33964,38596,1000,1000,1000,20031,0.5897715228,0.4102284772,23930,0.6200124365,0.6936748041,0.4091096455,0.7284923448,0.4296440395,0.7054325115,0.4373769303,84.3006713,142.9378463,0.3220008986,0,54,428,2539.684107,0.9678730334,0.4011894948,-0.1166243362
43,0.2,static,33964,38596,2000,2000,2000,21366,0.6290778471,0.3709221529,25394,0.6579438284,0.7041093326,0.4429395831,0.7372677849,0.4637988309,0.7148539025,0.4703337133,140.7805029,223.788683,0.3130206871,0,65,683,2483.204275,0.9463485825,0.3673595572,-0.1061898077
43,0.2,static,33964,38596,3000,3000,3000,21617,0.636468025,0.363531975,25661,0.6648616437,0.7061571911,0.4494464727,0.7390771226,0.4703989565,0.7166517283,0.476474246,157.480126,247.4281815,0.3118841652,0,67,750.8,2466.504652,0.9399843599,0.3608526675,-0.1041419492
43,0.2,static,33964,38596,4000,4000,4000,21858,0.6435637734,0.3564362266,25925,0.6717017307,0.7086650197,0.4560711341,0.7412524854,0.4770432465,0.7189199614,0.4828997824,184.0296196,285.9539757,0.310275414,0,68,836,2439.955158,0.929866354,0.3542280061,-0.1016341206
43,0.2,static,33964,38596,5000,5000,5000,22441,0.6607290072,0.3392709928,26534,0.6874805679,0.7151642084,0.4725297374,0.7469273573,0.4935165712,0.7244667219,0.4980567935,260.929808,394.9119914,0.3072055612,0,74,1081,2363.05497,0.9005597097,0.3377694029,-0.0951349319
43,0.2,static,33964,38596,inf,inf,1000000000000,33964,1,0,38596,1,0.8102991403,0.8102991403,0.8313841173,0.8313841173,0.8092548451,0.8092548451,2623.984778,2623.984778,0.2575373925,0.1999764456,313,7128,0,0,0,0
43,0.2,top1,33964,38596,1,1,1,33964,1,0,38596,1,0.2219408786,0.2219408786,0.2379832264,0.2379832264,0.2266297026,0.2266297026,1,1,0.2575373925,0,1,1,0,0,0,0
43,0.2,top1,33964,38596,10,10,10,33964,1,0,38596,1,0.2219408786,0.2219408786,0.2379832264,0.2379832264,0.2266297026,0.2266297026,1,1,0.2575373925,0,1,1,0,0,0,0
43,0.2,top1,33964,38596,50,50,50,33964,1,0,38596,1,0.2219408786,0.2219408786,0.2379832264,0.2379832264,0.2266297026,0.2266297026,1,1,0.2575373925,0,1,1,0,0,0,0
43,0.2,top1,33964,38596,100,100,100,33964,1,0,38596,1,0.2219408786,0.2219408786,0.2379832264,0.2379832264,0.2266297026,0.2266297026,1,1,0.2575373925,0,1,1,0,0,0,0
43,0.2,top1,33964,38596,250,250,250,33964,1,0,38596,1,0.2219408786,0.2219408786,0.2379832264,0.2379832264,0.2266297026,0.2266297026,1,1,0.2575373925,0,1,1,0,0,0,0
43,0.2,top1,33964,38596,500,500,500,33964,1,0,38596,1,0.2219408786,0.2219408786,0.2379832264,0.2379832264,0.2266297026,0.2266297026,1,1,0.2575373925,0,1,1,0,0,0,0
43,0.2,top1,33964,38596,1000,1000,1000,33964,1,0,38596,1,0.2219408786,0.2219408786,0.2379832264,0.2379832264,0.2266297026,0.2266297026,1,1,0.2575373925,0,1,1,0,0,0,0
43,0.2,top1,33964,38596,2000,2000,2000,33964,1,0,38596,1,0.2219408786,0.2219408786,0.2379832264,0.2379832264,0.2266297026,0.2266297026,1,1,0.2575373925,0,1,1,0,0,0,0
43,0.2,top1,33964,38596,3000,3000,3000,33964,1,0,38596,1,0.2219408786,0.2219408786,0.2379832264,0.2379832264,0.2266297026,0.2266297026,1,1,0.2575373925,0,1,1,0,0,0,0
43,0.2,top1,33964,38596,4000,4000,4000,33964,1,0,38596,1,0.2219408786,0.2219408786,0.2379832264,0.2379832264,0.2266297026,0.2266297026,1,1,0.2575373925,0,1,1,0,0,0,0
43,0.2,top1,33964,38596,5000,5000,5000,33964,1,0,38596,1,0.2219408786,0.2219408786,0.2379832264,0.2379832264,0.2266297026,0.2266297026,1,1,0.2575373925,0,1,1,0,0,0,0
43,0.2,top1,33964,38596,inf,inf,1000000000000,33964,1,0,38596,1,0.2219408786,0.2219408786,0.2379832264,0.2379832264,0.2266297026,0.2266297026,1,1,0.2575373925,0,1,1,0,0,0,0
43,0.2,weighted,33964,38596,1,1,1,410,0.01207160523,0.9879283948,497,0.01287698207,0.5414634146,0.006536332587,0.6030487805,0.007279766812,0.5533199195,0.007125090683,0.01207160523,1,0.6707317073,0,1,1,3841.874249,0.9999968579,0.8907666941,-0.3558396121
43,0.2,weighted,33964,38596,10,10,10,2522,0.07425509363,0.9257449064,3296,0.08539745051,0.6649484536,0.04937580968,0.7233860607,0.05371509967,0.6811286408,0.05816664939,0.3141856083,4.231165741,0.659000793,0,4,8,3841.572135,0.999918221,0.8479272171,-0.2323545731
43,0.2,weighted,33964,38596,50,50,50,5513,0.1623189259,0.8376810741,7123,0.1845528034,0.704879376,0.1144152632,0.7543157519,0.1224397227,0.7253966026,0.1338739766,2.776851961,17.10738255,0.5240341012,0,12,41,3839.109469,0.9992772165,0.7828877635,-0.1924236507
43,0.2,weighted,33964,38596,100,100,100,7528,0.2216464492,0.7783535508,9530,0.2469167789,0.7294102019,0.1616711813,0.7746811747,0.1717053316,0.7496327387,0.1850969012,7.095571782,32.01301807,0.4690488842,0,23,78,3834.790749,0.9981531021,0.7356318455,-0.1678928248
43,0.2,weighted,33964,38596,250,250,250,9860,0.2903073843,0.7096926157,12304,0.3187895119,0.7509127789,0.2179955247,0.7915633031,0.229796672,0.7698309493,0.2454140325,18.40360382,63.39350913,0.4220081136,0,41,172,3823.482717,0.995209748,0.6793075021,-0.1463902478
43,0.2,weighted,33964,38596,500,500,500,11832,0.3483688611,0.6516311389,14826,0.3841330708,0.7578600406,0.2640148392,0.7982633759,0.2780901032,0.7780250911,0.2988651674,39.46502179,113.2851589,0.3835361731,0,58,333,3802.421299,0.9897276966,0.6332881875,-0.1394429862
43,0.2,weighted,33964,38596,1000,1000,1000,13678,0.4027205276,0.5972794724,17078,0.4424810861,0.7657552274,0.3083853492,0.8043510871,0.3239286942,0.7853964164,0.3475230594,78.35746673,194.5703319,0.3607983623,0,79,598,3763.528854,0.9796044286,0.5889176775,-0.1315477994
43,0.2,weighted,33964,38596,2000,2000,2000,15319,0.4510363915,0.5489636085,18884,0.4892734998,0.7788367387,0.3512837122,0.814266434,0.3672637941,0.7958059733,0.3893667738,148.1517784,328.4696782,0.3416672107,0,105,1048.2,3693.734542,0.9614377506,0.5460193146,-0.118466288
43,0.2,weighted,33964,38596,3000,3000,3000,15604,0.4594276293,0.5405723707,19196,0.4973572391,0.7817226352,0.359144977,0.8166013524,0.3751692234,0.7981871223,0.3969841434,166.9180897,363.3174827,0.3398487567,0,111,1173,3674.968231,0.9565530899,0.5381580497,-0.1155803915
43,0.2,weighted,33964,38596,4000,4000,4000,15892,0.4679071959,0.5320928041,19510,0.5054927972,0.7848603071,0.3672417854,0.8191908404,0.383305289,0.8007175807,0.4047569696,198.878754,425.0388875,0.3379058646,0,118,1307,3643.007567,0.9482340868,0.5300612413,-0.1124427197
43,0.2,weighted,33964,38596,5000,5000,5000,16736,0.4927570369,0.5072429631,20410,0.5288112758,0.7944550669,0.3914733247,0.82708418,0.4075515497,0.8084762371,0.4275313504,310.3111235,629.7446821,0.3305449331,0,141,1788.5,3531.575197,0.9192294884,0.505829702,-0.1028479598
43,0.2,weighted,33964,38596,inf,inf,1000000000000,33964,1,0,38596,1,0.8973030267,0.8973030267,0.9134843021,0.9134843021,0.8974246036,0.8974246036,3841.886321,3841.886321,0.2575373925,0.3044399953,5266,7128,0,0,0,0
59,0.2,adaptive,33964,38596,1,1,1,571,0.0168119185,0.9831880815,845,0.02189346046,0.5288966725,0.008891767754,0.6192644483,0.01041102344,0.5053254438,0.01106332262,0.0168119185,1,0.7478108581,0,1,1,3880.417795,0.9999956675,0.888882346,-0.3688774413
59,0.2,adaptive,33964,38596,10,10,10,2441,0.07187021552,0.9281297845,3268,0.08467198673,0.6374436706,0.04581321399,0.6981981103,0.05017964867,0.626376989,0.0530365841,0.2822400188,3.927079066,0.6636624334,0,3,9,3880.152367,0.9999272659,0.8519608998,-0.2603304431
59,0.2,adaptive,33964,38596,50,50,50,5363,0.157902485,0.842097515,6811,0.1764690642,0.6958791721,0.1098810505,0.7428569949,0.1172989655,0.700337689,0.1235879366,2.689524202,17.03281745,0.5185530487,0,12,41,3877.745083,0.9993069013,0.7878930632,-0.2018949417
59,0.2,adaptive,33964,38596,100,100,100,7399,0.21784831,0.78215169,9409,0.243781739,0.7125287201,0.1552231775,0.7577541581,0.1650754627,0.7259007333,0.1769613431,7.046284301,32.34491147,0.4577645628,0,24,78,3873.388323,0.9981841507,0.7425509363,-0.1852453937
59,0.2,adaptive,33964,38596,250,250,250,9854,0.2901307267,0.7098692733,12310,0.3189449684,0.7403085042,0.2147862443,0.7805787514,0.2264698803,0.7531275386,0.240206239,18.80882699,64.82880049,0.4157702456,0,43,171,3861.62578,0.9951529071,0.6829878695,-0.1574656096
59,0.2,adaptive,33964,38596,500,500,500,11590,0.3412436698,0.6587563302,14387,0.3727588351,0.7553925798,0.257772936,0.7930261446,0.2706151518,0.7679154793,0.2862472795,37.44261571,109.7239862,0.3855910267,0,59,319,3842.991992,0.9903509221,0.6400011777,-0.142381534
59,0.2,adaptive,33964,38596,1000,1000,1000,13551,0.3989812743,0.6010187257,16846,0.4364701005,0.7665854918,0.3058532564,0.8037563561,0.3206837352,0.7814317939,0.3410716136,79.29837475,198.7521216,0.3562836691,0,81,621,3801.136232,0.9795645636,0.5919208574,-0.1311886219
59,0.2,adaptive,33964,38596,2000,2000,2000,15168,0.4465905076,0.5534094924,18717,0.4849466266,0.7781513713,0.3475150159,0.8132001478,0.3631674668,0.7922209756,0.3841848896,147.5419267,330.374077,0.337882384,0,108,1038,3732.89268,0.9619779891,0.5502590979,-0.1196227425
59,0.2,adaptive,33964,38596,3000,3000,3000,15432,0.4543634436,0.5456365564,19007,0.4924603586,0.7803913945,0.3545813214,0.8150133818,0.3703122868,0.794128479,0.3910767955,164.973678,363.0874806,0.3359253499,0,113,1155,3715.460929,0.9574857729,0.5431927924,-0.1173827193
59,0.2,adaptive,33964,38596,4000,4000,4000,15736,0.4633140973,0.5366859027,19348,0.501295471,0.7838713777,0.3631786598,0.8179516083,0.378968511,0.797136655,0.3996009949,198.5428395,428.5275165,0.3327402135,0,119,1279.5,3681.891768,0.9488348962,0.534595454,-0.113902736
59,0.2,adaptive,33964,38596,5000,5000,5000,16533,0.4867801201,0.5132198799,20199,0.523344388,0.7928385653,0.3859380521,0.8253666309,0.4017720677,0.804495272,0.4210280858,304.2763514,625.0796589,0.3268614287,0,136,1758.8,3576.158256,0.9215870431,0.5118360617,-0.1049355485
59,0.2,adaptive,33964,38596,inf,inf,1000000000000,33964,1,0,38596,1,0.8977741138,0.8977741138,0.9137995085,0.9137995085,0.896465955,0.896465955,3880.434607,3880.434607,0.2535625957,0.3175126605,5462,7128,0,0,0,0
59,0.2,rolling,33964,38596,1,1,1,561,0.01651748911,0.9834825109,832,0.02155663799,0.5276292335,0.008715110117,0.6169340463,0.01019020139,0.5024038462,0.01083013784,0.01651748911,1,0.7450980392,0,1,1,3891.536833,0.9999957556,0.8897361913,-0.3708220679
59,0.2,rolling,33964,38596,10,10,10,2415,0.07110469909,0.9288953009,3226,0.08358379107,0.6385093168,0.04540101284,0.6988501101,0.04969152679,0.6280223187,0.05249248627,0.2778530208,3.907660455,0.665010352,0,3,9,3891.275498,0.999928601,0.8530502885,-0.2599419846
59,0.2,rolling,33964,38596,50,50,50,5327,0.1568425392,0.8431574608,6767,0.1753290496,0.6957011451,0.1091155341,0.7427774351,0.116499099,0.7001625536,0.1227588351,2.669826876,17.02233903,0.5196170452,0,12,41,3888.883524,0.9993139431,0.7893357673,-0.2027501563
59,0.2,rolling,33964,38596,100,100,100,7358,0.2166411495,0.7833588505,9356,0.2424085397,0.7137809187,0.1546343187,0.7589299197,0.1644154502,0.7270200941,0.1762358794,7.011953833,32.36667573,0.4584126121,0,24,78,3884.541397,0.9981981607,0.7438169827,-0.1846703827
59,0.2,rolling,33964,38596,250,250,250,9820,0.2891296667,0.7108703333,12266,0.3178049539,0.7407331976,0.2141679425,0.7810240681,0.2258172285,0.7535463884,0.2394807752,18.80979861,65.05661914,0.4156822811,0,43,172,3872.743552,0.9951665063,0.6842833589,-0.1577181038
59,0.2,rolling,33964,38596,500,500,500,11539,0.3397420798,0.6602579202,14322,0.3710747228,0.7559580553,0.256830762,0.7935846274,0.2696140919,0.7683284457,0.285107265,37.27305382,109.7098535,0.3863419707,0,59,319,3854.280297,0.9904220627,0.6416205394,-0.1424932461
59,0.2,rolling,33964,38596,1000,1000,1000,13500,0.3974796844,0.6025203156,16772,0.4345528034,0.7673333333,0.3049994111,0.8043038801,0.3196944524,0.7819580253,0.339802052,79.16105288,199.1574815,0.3565925926,0,81,624.1,3812.392298,0.9796582378,0.5934518902,-0.131117968
59,0.2,rolling,33964,38596,2000,2000,2000,15108,0.4448239312,0.5551760688,18654,0.4833143331,0.7792560233,0.3466317277,0.8143116125,0.3622252927,0.793234695,0.3833816976,146.8471617,330.1242388,0.3384299709,0,107,1037.3,3744.706189,0.9622651552,0.5518195737,-0.1191952781
59,0.2,rolling,33964,38596,3000,3000,3000,15365,0.4523907667,0.5476092333,18935,0.4905948803,0.7808656036,0.3532563891,0.8155083962,0.3689284686,0.7946131503,0.3898331433,163.7905135,362.0553856,0.3362837618,0,113,1147.6,3727.762837,0.9579112764,0.5451949123,-0.1175856977
59,0.2,rolling,33964,38596,4000,4000,4000,15680,0.4616652927,0.5383347073,19286,0.499689087,0.784502551,0.3621775998,0.8185450579,0.3778938437,0.7977289225,0.3986164369,198.3815216,429.7085459,0.3329719388,0,120,1283,3693.171829,0.9490225358,0.5362737016,-0.1139487504
59,0.2,rolling,33964,38596,5000,5000,5000,16463,0.4847191144,0.5152808856,20125,0.5214270909,0.7932940533,0.384524791,0.8258389424,0.4002999207,0.8049689441,0.4197326148,301.8583206,622.7489522,0.3270971269,0,136,1751,3589.69503,0.9224324342,0.5139265104,-0.105157248
59,0.2,rolling,33964,38596,inf,inf,1000000000000,33964,1,0,38596,1,0.8984513014,0.8984513014,0.9143981816,0.9143981816,0.8971136905,0.8971136905,3891.553351,3891.553351,0.2535625957,0.3187492639,5512.5,7128,0,0,0,0
59,0.2,static,33964,38596,1,1,1,1392,0.0409845719,0.9590154281,1907,0.04940926521,0.5229885057,0.02143446002,0.5909682312,0.02422057996,0.5002621919,0.02471758731,0.0409845719,1,0.6853448276,0,1,1,2756.763102,0.9999851333,0.794841597,-0.2932875513
59,0.2,static,33964,38596,10,10,10,4842,0.1425627135,0.8574372865,6132,0.1588765675,0.5850888063,0.08341184784,0.6337243399,0.09034546149,0.5823548598,0.0925225412,0.5261158874,3.690417183,0.5603056588,0,3,8,2756.277971,0.9998091573,0.7328642092,-0.2311872507
59,0.2,static,33964,38596,50,50,50,9572,0.2818278177,0.7181721823,11762,0.3047466059,0.6345591308,0.178836415,0.6767991878,0.1907408381,0.6443632035,0.1963674992,4.261659404,15.12150021,0.433660677,0,10,38,2752.542427,0.9984541305,0.637439642,-0.1817169262
59,0.2,static,33964,38596,100,100,100,12059,0.3550524084,0.6449475916,14688,0.3805575707,0.6515465627,0.2313331763,0.6907871944,0.2452656571,0.662377451,0.2520727537,9.584089035,26.99344888,0.3947259308,0,17,72,2747.219998,0.9965234784,0.5849428807,-0.1647294943
59,0.2,static,33964,38596,250,250,250,15441,0.4546284301,0.5453715699,18683,0.4840657063,0.6682857328,0.3038216936,0.7060793877,0.3210037636,0.6809934165,0.3296455591,25.71684725,56.56673791,0.3525678389,0,29,161,2731.087239,0.9906714999,0.5124543634,-0.1479903242
59,0.2,static,33964,38596,500,500,500,17626,0.5189612531,0.4810387469,21244,0.5504197326,0.6816634517,0.3537569191,0.7179900409,0.3726090113,0.6941254001,0.3820603171,48.64259216,93.73068195,0.3339384999,0,40,282,2708.161495,0.9823554411,0.4625191379,-0.1346126053
59,0.2,static,33964,38596,1000,1000,1000,19344,0.5695442233,0.4304557767,23207,0.6012799254,0.6946856907,0.3956542221,0.7297095322,0.4156018487,0.7066833283,0.4249144989,84.4046932,148.1969086,0.3197373863,0,52,462,2672.399393,0.9693831369,0.4206218349,-0.1215903663
59,0.2,static,33964,38596,2000,2000,2000,20690,0.60917442,0.39082558,24638,0.6383563064,0.7049782504,0.4294547168,0.7383446685,0.4497806852,0.7154395649,0.4567053581,140.5708397,230.7563074,0.3101981634,0,63,725.1,2616.233247,0.9490094924,0.3868213402,-0.1112978066
59,0.2,static,33964,38596,3000,3000,3000,20971,0.617447886,0.382552114,24937,0.6461032231,0.7070239855,0.4365504652,0.7399909966,0.4569058765,0.7172474636,0.463415898,159.4732658,258.2780983,0.309141195,0,66,799,2597.330821,0.9421528477,0.3797255918,-0.1092520715
59,0.2,static,33964,38596,4000,4000,4000,21209,0.6244553056,0.3755446944,25204,0.6530210384,0.7095572634,0.4430867978,0.7422486298,0.463501095,0.7196079987,0.4699191626,185.6931751,297.3682399,0.3077938611,0,68,881,2571.110912,0.9326418674,0.3731892592,-0.1067187936
59,0.2,static,33964,38596,5000,5000,5000,21816,0.6423271699,0.3576728301,25879,0.6705098974,0.7164924826,0.4602225886,0.7483200949,0.4806663288,0.7259167665,0.4867343766,266.4122012,414.7609094,0.3038137147,0,73,1143,2490.391886,0.9033619391,0.3560534684,-0.09978357442
59,0.2,static,33964,38596,inf,inf,1000000000000,33964,1,0,38596,1,0.816276057,0.816276057,0.836808126,0.836808126,0.8147735517,0.8147735517,2756.804087,2756.804087,0.2535625957,0.2128135673,403,7128,0,0,0,0
59,0.2,top1,33964,38596,1,1,1,33964,1,0,38596,1,0.2191143564,0.2191143564,0.2346151644,0.2346151644,0.2231319308,0.2231319308,1,1,0.2535625957,0,1,1,0,0,0,0
59,0.2,top1,33964,38596,10,10,10,33964,1,0,38596,1,0.2191143564,0.2191143564,0.2346151644,0.2346151644,0.2231319308,0.2231319308,1,1,0.2535625957,0,1,1,0,0,0,0
59,0.2,top1,33964,38596,50,50,50,33964,1,0,38596,1,0.2191143564,0.2191143564,0.2346151644,0.2346151644,0.2231319308,0.2231319308,1,1,0.2535625957,0,1,1,0,0,0,0
59,0.2,top1,33964,38596,100,100,100,33964,1,0,38596,1,0.2191143564,0.2191143564,0.2346151644,0.2346151644,0.2231319308,0.2231319308,1,1,0.2535625957,0,1,1,0,0,0,0
59,0.2,top1,33964,38596,250,250,250,33964,1,0,38596,1,0.2191143564,0.2191143564,0.2346151644,0.2346151644,0.2231319308,0.2231319308,1,1,0.2535625957,0,1,1,0,0,0,0
59,0.2,top1,33964,38596,500,500,500,33964,1,0,38596,1,0.2191143564,0.2191143564,0.2346151644,0.2346151644,0.2231319308,0.2231319308,1,1,0.2535625957,0,1,1,0,0,0,0
59,0.2,top1,33964,38596,1000,1000,1000,33964,1,0,38596,1,0.2191143564,0.2191143564,0.2346151644,0.2346151644,0.2231319308,0.2231319308,1,1,0.2535625957,0,1,1,0,0,0,0
59,0.2,top1,33964,38596,2000,2000,2000,33964,1,0,38596,1,0.2191143564,0.2191143564,0.2346151644,0.2346151644,0.2231319308,0.2231319308,1,1,0.2535625957,0,1,1,0,0,0,0
59,0.2,top1,33964,38596,3000,3000,3000,33964,1,0,38596,1,0.2191143564,0.2191143564,0.2346151644,0.2346151644,0.2231319308,0.2231319308,1,1,0.2535625957,0,1,1,0,0,0,0
59,0.2,top1,33964,38596,4000,4000,4000,33964,1,0,38596,1,0.2191143564,0.2191143564,0.2346151644,0.2346151644,0.2231319308,0.2231319308,1,1,0.2535625957,0,1,1,0,0,0,0
59,0.2,top1,33964,38596,5000,5000,5000,33964,1,0,38596,1,0.2191143564,0.2191143564,0.2346151644,0.2346151644,0.2231319308,0.2231319308,1,1,0.2535625957,0,1,1,0,0,0,0
59,0.2,top1,33964,38596,inf,inf,1000000000000,33964,1,0,38596,1,0.2191143564,0.2191143564,0.2346151644,0.2346151644,0.2231319308,0.2231319308,1,1,0.2535625957,0,1,1,0,0,0,0
59,0.2,weighted,33964,38596,1,1,1,571,0.0168119185,0.9831880815,845,0.02189346046,0.5288966725,0.008891767754,0.6192644483,0.01041102344,0.5053254438,0.01106332262,0.0168119185,1,0.7478108581,0,1,1,3879.384643,0.9999956664,0.888882346,-0.3688774413
59,0.2,weighted,33964,38596,10,10,10,2442,0.07189965846,0.9281003415,3269,0.08469789616,0.6371826372,0.04581321399,0.6979121979,0.05017964867,0.6261853778,0.0530365841,0.2820928041,3.923423423,0.6633906634,0,3,9,3879.119362,0.9999272845,0.8519608998,-0.2605914766
59,0.2,weighted,33964,38596,50,50,50,5364,0.1579319279,0.8420680721,6812,0.1764949736,0.6957494407,0.1098810505,0.7427185055,0.1172989655,0.7002348796,0.1235879366,2.687492639,17.01677852,0.5184563758,0,12,41,3876.713962,0.9993072404,0.7878930632,-0.2020246731
59,0.2,weighted,33964,38596,100,100,100,7403,0.2179660817,0.7820339183,9414,0.2439112861,0.7125489666,0.1553115063,0.7578175086,0.165178513,0.7259400892,0.1770649808,7.049346367,32.34148318,0.4576523031,0,24,78,3872.352108,0.9981828778,0.7424626075,-0.1852251471
59,0.2,weighted,33964,38596,250,250,250,9857,0.2902190555,0.7097809445,12313,0.3190226967,0.7403875418,0.2148745731,0.7806455327,0.2265582092,0.7531876878,0.2402839673,18.80844424,64.80775084,0.4159480572,0,43,171,3860.59301,0.9951517149,0.6828995407,-0.1573865719
59,0.2,weighted,33964,38596,500,500,500,11596,0.3414203274,0.6585796726,14393,0.3729142916,0.7555191445,0.2579495937,0.793133237,0.2707918094,0.7680122282,0.286402736,37.48339418,109.7866506,0.3854777509,0,59,320,3841.91806,0.9903378409,0.6398245201,-0.1422549692
59,0.2,weighted,33964,38596,1000,1000,1000,13553,0.3990401602,0.6009598398,16848,0.4365219194,0.7666199365,0.3059121423,0.8037853155,0.320742621,0.7814577398,0.3411234325,79.24099046,198.5789862,0.3562310927,0,81,620,3800.160464,0.9795739133,0.5918619715,-0.1311541772
59,0.2,weighted,33964,38596,2000,2000,2000,15173,0.4467377223,0.5532622777,18723,0.4851020831,0.7782244777,0.3476622306,0.8132617044,0.3633146815,0.7922875608,0.3843403461,147.5872689,330.366704,0.3379687603,0,108,1037.8,3731.814186,0.9619561753,0.5501118832,-0.1195496361
59,0.2,weighted,33964,38596,3000,3000,3000,15437,0.4545106583,0.5454893417,19012,0.4925899057,0.7804625251,0.3547285361,0.8150732984,0.3704595015,0.7941826215,0.3912063426,165.0017077,363.0315476,0.3358813241,0,113,1155,3714.399747,0.9574672254,0.5430455777,-0.1173115887
59,0.2,weighted,33964,38596,4000,4000,4000,15741,0.463461312,0.536538688,19353,0.5014250181,0.7839400292,0.3633258745,0.8180094345,0.3791157257,0.7971890663,0.399730542,198.5446649,428.395337,0.3326980497,0,119,1279,3680.85679,0.9488207995,0.5344482393,-0.1138340845
59,0.2,weighted,33964,38596,5000,5000,5000,16537,0.4868978919,0.5131021081,20204,0.5234739351,0.7928886739,0.3860558238,0.8254088715,0.4018898395,0.8045436547,0.4211576329,304.1372041,624.6426801,0.3267823668,0,136,1757.4,3575.26425,0.9216020286,0.51171829,-0.1048854399
59,0.2,weighted,33964,38596,inf,inf,1000000000000,33964,1,0,38596,1,0.8977741138,0.8977741138,0.9137995085,0.9137995085,0.896465955,0.896465955,3879.401454,3879.401454,0.2535625957,0.3172771169,5457.5,7128,0,0,0,0
71,0.2,adaptive,33964,38596,1,1,1,458,0.01348486633,0.9865151337,685,0.01774795316,0.4716157205,0.00635967495,0.5577510917,0.007521198916,0.4569343066,0.008109648668,0.01348486633,1,0.6834061135,0,1,1,3838.118066,0.9999964866,0.8911494524,-0.4258934068
71,0.2,adaptive,33964,38596,10,10,10,2665,0.07846543399,0.921534566,3425,0.08873976578,0.660412758,0.05181957367,0.7103710652,0.05573957393,0.6557664234,0.05819255881,0.314332823,4.006003752,0.6401500938,0,3,9,3837.817218,0.9999181026,0.8456895536,-0.2370963693
71,0.2,adaptive,33964,38596,50,50,50,5732,0.1687669297,0.8312330703,7296,0.1890351332,0.7004535939,0.1182134024,0.7472229145,0.1261065171,0.7136787281,0.1349103534,2.920180191,17.30303559,0.51482903,0,12,42,3835.211371,0.9992391662,0.7792957249,-0.1970555335
71,0.2,adaptive,33964,38596,100,100,100,7585,0.2233246967,0.7766753033,9606,0.2488858949,0.7179960448,0.160346249,0.7621983656,0.1702177189,0.7358942328,0.1831536947,6.857849488,30.70797627,0.4626235992,0,23,76,3831.273702,0.9982132323,0.7371628783,-0.1795130825
71,0.2,adaptive,33964,38596,250,250,250,9892,0.2912495584,0.7087504416,12323,0.3192817909,0.7436312171,0.2165822636,0.7824765403,0.2278959468,0.7595553031,0.2425121774,18.04881639,61.97027901,0.4230691468,0,39,170,3820.082735,0.9952974993,0.6809268637,-0.1538779102
71,0.2,adaptive,33964,38596,500,500,500,11640,0.3427158167,0.6572841833,14604,0.3783811794,0.7513745704,0.2575079496,0.79034937,0.2708652299,0.7700629964,0.2913773448,36.80305618,107.386512,0.3936426117,0,52,318,3801.328495,0.9904112051,0.6400011777,-0.1461345569
71,0.2,adaptive,33964,38596,1000,1000,1000,13577,0.3997467907,0.6002532093,16897,0.437791481,0.7662959417,0.3063243434,0.8025480768,0.3208160181,0.7833935018,0.3429630013,77.70097751,194.375488,0.365912941,0,74,610.4,3760.430574,0.97975552,0.5911847839,-0.1312131856
71,0.2,adaptive,33964,38596,2000,2000,2000,15290,0.4501825462,0.5498174538,18856,0.4885480361,0.7809025507,0.3515486986,0.8143576567,0.3666096034,0.7962982605,0.3890299513,150.9596337,335.3298234,0.3451275343,0,104,1084.1,3687.171917,0.9606684576,0.5459604287,-0.1166065766
71,0.2,adaptive,33964,38596,3000,3000,3000,15618,0.4598398304,0.5401601696,19208,0.4976681521,0.7836470739,0.3603521376,0.8165916616,0.3755013712,0.7985214494,0.3973986942,172.4273054,374.9725317,0.3421692918,0,111,1226,3665.704246,0.9550751966,0.5371569898,-0.1138620534
71,0.2,adaptive,33964,38596,4000,4000,4000,15965,0.4700565304,0.5299434696,19595,0.5076950979,0.7877231444,0.3702744082,0.819993438,0.3854432705,0.8019903036,0.4071665458,210.8403309,448.5424992,0.338928907,0,119,1382.6,3627.29122,0.9450669347,0.5272347191,-0.1097859829
71,0.2,adaptive,33964,38596,5000,5000,5000,16872,0.4967612766,0.5032387234,20575,0.5330863302,0.7968231389,0.3958308798,0.8275660999,0.4111027923,0.8095261239,0.4315473106,330.9733541,666.2623874,0.3307254623,0,143,1929.9,3507.158197,0.9137670635,0.5016782476,-0.1006859884
71,0.2,adaptive,33964,38596,inf,inf,1000000000000,33964,1,0,38596,1,0.8975091273,0.8975091273,0.9129037188,0.9129037188,0.8970359623,0.8970359623,3838.131551,3838.131551,0.2536214816,0.3065010011,5136,7128,0,0,0,0
71,0.2,rolling,33964,38596,1,1,1,451,0.01327876575,0.9867212342,674,0.01746294953,0.4767184035,0.00633023201,0.5625277162,0.007469673772,0.4599406528,0.008031920406,0.01327876575,1,0.6873614191,0,1,1,3856.60517,0.9999965569,0.89182664,-0.4214384684
71,0.2,rolling,33964,38596,10,10,10,2628,0.07737604522,0.9226239548,3375,0.08744429475,0.6601978691,0.05108350018,0.7102824285,0.05495884531,0.656,0.05736345735,0.3090330939,3.99391172,0.6400304414,0,3,9,3856.309416,0.9999198694,0.8470733718,-0.2379590029
71,0.2,rolling,33964,38596,50,50,50,5663,0.1667353669,0.8332646331,7203,0.1866255571,0.7013950203,0.116947356,0.7481132049,0.1247369297,0.7145633764,0.1333557882,2.880873866,17.27812114,0.5152745894,0,12,42,3853.737575,0.9992530052,0.781209516,-0.1967618517
71,0.2,rolling,33964,38596,100,100,100,7520,0.2214109057,0.7785890943,9526,0.2468131413,0.7184840426,0.1590802026,0.762817988,0.1688962216,0.7368255301,0.1818582237,6.809739724,30.75611702,0.4640957447,0,23,75,3849.808709,0.9982342719,0.7390766694,-0.1796728294
71,0.2,rolling,33964,38596,250,250,250,9826,0.2893063243,0.7106936757,12240,0.3171313089,0.7436393242,0.2151395595,0.7825403287,0.2263938661,0.760130719,0.2410612499,17.97111648,62.11795237,0.4236718909,0,39.5,171,3838.647332,0.9953401881,0.6830173124,-0.1545175477
71,0.2,rolling,33964,38596,500,500,500,11561,0.3403898245,0.6596101755,14505,0.3758161468,0.7517515786,0.2558885879,0.7907490701,0.2691629372,0.7708376422,0.2896932325,36.56135909,107.4102586,0.3942565522,0,52,317,3820.05709,0.9905198402,0.6422682841,-0.1464052934
71,0.2,rolling,33964,38596,1000,1000,1000,13498,0.3974207985,0.6025792015,16814,0.4356409991,0.7663357534,0.304557767,0.8027617848,0.3190342295,0.7840490068,0.3415638926,77.59822165,195.2545562,0.3665728256,0,75,617,3779.020227,0.979879207,0.5935991049,-0.1318211185
71,0.2,rolling,33964,38596,2000,2000,2000,15180,0.4469438229,0.5530561771,18729,0.4852575396,0.7807641634,0.3489577199,0.8144935379,0.3640328555,0.796625554,0.3865685563,149.3953009,334.2596838,0.346113307,0,103,1078.1,3707.223148,0.9612626183,0.549199152,-0.1173927086
71,0.2,rolling,33964,38596,3000,3000,3000,15533,0.4573371805,0.5426628195,19116,0.4952844854,0.7839438615,0.3585266753,0.8170032772,0.3736459753,0.7992780917,0.3958700383,172.5502002,377.2931823,0.3426253782,0,112,1232,3684.068249,0.95525868,0.5396301967,-0.1142130105
71,0.2,rolling,33964,38596,4000,4000,4000,15872,0.4673183371,0.5326816629,19485,0.5048450617,0.7878024194,0.3681545165,0.8202607467,0.3833228881,0.8024634334,0.4051197015,210.1893181,449.7775958,0.3394657258,0,120,1384.8,3646.429131,0.9454990633,0.5300023554,-0.1103544526
71,0.2,rolling,33964,38596,5000,5000,5000,16788,0.4942880697,0.5057119303,20483,0.5307026635,0.797057422,0.3939759746,0.8279532149,0.4092473964,0.8101840551,0.4299668359,331.6764221,671.0184656,0.3312485108,0,144,1943.3,3524.942027,0.9139981239,0.5041808974,-0.10109945
71,0.2,rolling,33964,38596,inf,inf,1000000000000,33964,1,0,38596,1,0.898156872,0.898156872,0.9135215298,0.9135215298,0.8978650637,0.8978650637,3856.618449,3856.618449,0.2536214816,0.3084147921,5248,7128,0,0,0,0
71,0.2,static,33964,38596,1,1,1,1338,0.03939465316,0.9606053468,1789,0.04635195357,0.5328849028,0.02099281592,0.5965205115,0.02349971866,0.5108999441,0.02368121049,0.03939465316,1,0.6831091181,0,1,1,2735.470763,0.9999855988,0.7968437169,-0.28495163
71,0.2,static,33964,38596,10,10,10,5052,0.1487457308,0.8512542692,6272,0.1625038864,0.5983768804,0.08900600636,0.643950612,0.09578490437,0.6014030612,0.09773033475,0.5640089507,3.791765637,0.5566112431,0,3,8,2734.946149,0.9997938195,0.7288305264,-0.2194596524
71,0.2,static,33964,38596,50,50,50,9520,0.2802967848,0.7197032152,11686,0.3027774899,0.6398109244,0.179336945,0.6825679438,0.1913216001,0.6523190142,0.1975075137,4.065952185,14.50588235,0.4428571429,0,9,38,2731.444206,0.9985136403,0.6384995878,-0.1780256084
71,0.2,static,33964,38596,100,100,100,11883,0.3498704511,0.6501295489,14457,0.3745724946,0.6542118994,0.2288894123,0.6934593771,0.2426209451,0.6672892025,0.2499481812,9.168855259,26.20642935,0.4054531684,0,15,72,2726.341303,0.9966482101,0.5889471205,-0.1636246334
71,0.2,static,33964,38596,250,250,250,15440,0.4545989872,0.5454010128,18819,0.4875893875,0.671761658,0.3053821694,0.7101224916,0.3228209654,0.6863276476,0.3346460773,26.36329643,57.99242228,0.3638601036,0,29,167,2709.146861,0.9903625668,0.5124543634,-0.1460748748
71,0.2,static,33964,38596,500,500,500,17713,0.5215227888,0.4784772112,21428,0.555187066,0.6878563767,0.3587327759,0.7237382821,0.3774460073,0.7017920478,0.389625868,50.24593687,96.34466211,0.3401456557,0,41,287,2685.264221,0.9816319685,0.4591037569,-0.1299801561
71,0.2,static,33964,38596,1000,1000,1000,19483,0.5736367919,0.4263632081,23340,0.6047258783,0.6989170046,0.4009245083,0.7326597302,0.4202805772,0.7114395887,0.4302259301,87.29796255,152.1833393,0.3238720936,0,54,473,2648.212195,0.9680871364,0.4169120245,-0.1189195282
71,0.2,static,33964,38596,2000,2000,2000,20816,0.6128842304,0.3871157696,24817,0.6429940927,0.7089258263,0.4344894594,0.7413276417,0.4543480212,0.7205947536,0.4633381698,143.5964551,234.2962145,0.3144215988,0,66,732,2591.913703,0.9475065173,0.3833470734,-0.1089107065
71,0.2,static,33964,38596,3000,3000,3000,21083,0.6207454952,0.3792545048,25104,0.6504300964,0.7108096571,0.4412318926,0.7428801811,0.4611395259,0.7222355003,0.4697637061,161.5610647,260.2694114,0.3130009961,0,69,808,2573.949093,0.9409393293,0.3766046402,-0.1070268757
71,0.2,static,33964,38596,4000,4000,4000,21301,0.6271640561,0.3728359439,25340,0.6565447197,0.7131590066,0.4472676952,0.7449795561,0.4672244001,0.7243093923,0.4755415069,185.5692204,295.8862495,0.3110652082,0,71,880,2549.940937,0.9321628473,0.3705688376,-0.1046775262
71,0.2,static,33964,38596,5000,5000,5000,21930,0.6456836651,0.3543163349,26027,0.6743444917,0.7203374373,0.4651101166,0.7513213037,0.485115893,0.7306643101,0.4927194528,269.082558,416.7405381,0.307751938,0,78,1127.1,2466.4276,0.9016335007,0.3527264162,-0.0974990955
71,0.2,static,33964,38596,inf,inf,1000000000000,33964,1,0,38596,1,0.8178365328,0.8178365328,0.8379159166,0.8379159166,0.816949943,0.816949943,2735.510158,2735.510158,0.2536214816,0.2083971264,395,7128,0,0,0,0
71,0.2,top1,33964,38596,1,1,1,33964,1,0,38596,1,0.2185549405,0.2185549405,0.234354314,0.234354314,0.2231837496,0.2231837496,1,1,0.2536214816,0,1,1,0,0,0,0
71,0.2,top1,33964,38596,10,10,10,33964,1,0,38596,1,0.2185549405,0.2185549405,0.234354314,0.234354314,0.2231837496,0.2231837496,1,1,0.2536214816,0,1,1,0,0,0,0
71,0.2,top1,33964,38596,50,50,50,33964,1,0,38596,1,0.2185549405,0.2185549405,0.234354314,0.234354314,0.2231837496,0.2231837496,1,1,0.2536214816,0,1,1,0,0,0,0
71,0.2,top1,33964,38596,100,100,100,33964,1,0,38596,1,0.2185549405,0.2185549405,0.234354314,0.234354314,0.2231837496,0.2231837496,1,1,0.2536214816,0,1,1,0,0,0,0
71,0.2,top1,33964,38596,250,250,250,33964,1,0,38596,1,0.2185549405,0.2185549405,0.234354314,0.234354314,0.2231837496,0.2231837496,1,1,0.2536214816,0,1,1,0,0,0,0
71,0.2,top1,33964,38596,500,500,500,33964,1,0,38596,1,0.2185549405,0.2185549405,0.234354314,0.234354314,0.2231837496,0.2231837496,1,1,0.2536214816,0,1,1,0,0,0,0
71,0.2,top1,33964,38596,1000,1000,1000,33964,1,0,38596,1,0.2185549405,0.2185549405,0.234354314,0.234354314,0.2231837496,0.2231837496,1,1,0.2536214816,0,1,1,0,0,0,0
71,0.2,top1,33964,38596,2000,2000,2000,33964,1,0,38596,1,0.2185549405,0.2185549405,0.234354314,0.234354314,0.2231837496,0.2231837496,1,1,0.2536214816,0,1,1,0,0,0,0
71,0.2,top1,33964,38596,3000,3000,3000,33964,1,0,38596,1,0.2185549405,0.2185549405,0.234354314,0.234354314,0.2231837496,0.2231837496,1,1,0.2536214816,0,1,1,0,0,0,0
71,0.2,top1,33964,38596,4000,4000,4000,33964,1,0,38596,1,0.2185549405,0.2185549405,0.234354314,0.234354314,0.2231837496,0.2231837496,1,1,0.2536214816,0,1,1,0,0,0,0
71,0.2,top1,33964,38596,5000,5000,5000,33964,1,0,38596,1,0.2185549405,0.2185549405,0.234354314,0.234354314,0.2231837496,0.2231837496,1,1,0.2536214816,0,1,1,0,0,0,0
71,0.2,top1,33964,38596,inf,inf,1000000000000,33964,1,0,38596,1,0.2185549405,0.2185549405,0.234354314,0.234354314,0.2231837496,0.2231837496,1,1,0.2536214816,0,1,1,0,0,0,0
71,0.2,weighted,33964,38596,1,1,1,458,0.01348486633,0.9865151337,685,0.01774795316,0.4716157205,0.00635967495,0.5577510917,0.007521198916,0.4569343066,0.008109648668,0.01348486633,1,0.6834061135,0,1,1,3838.072076,0.9999964866,0.8911494524,-0.4258934068
71,0.2,weighted,33964,38596,10,10,10,2665,0.07846543399,0.921534566,3425,0.08873976578,0.660412758,0.05181957367,0.7103710652,0.05573957393,0.6557664234,0.05819255881,0.314332823,4.006003752,0.6401500938,0,3,9,3837.771228,0.9999181017,0.8456895536,-0.2370963693
71,0.2,weighted,33964,38596,50,50,50,5732,0.1687669297,0.8312330703,7296,0.1890351332,0.7004535939,0.1182134024,0.7472229145,0.1261065171,0.7136787281,0.1349103534,2.919915204,17.30146546,0.51482903,0,12,42,3835.165646,0.9992392261,0.7792957249,-0.1970555335
71,0.2,weighted,33964,38596,100,100,100,7585,0.2233246967,0.7766753033,9606,0.2488858949,0.7179960448,0.160346249,0.7621983656,0.1702177189,0.7358942328,0.1831536947,6.857201743,30.70507581,0.4626235992,0,23,76,3831.228359,0.9982133797,0.7371628783,-0.1795130825
71,0.2,weighted,33964,38596,250,250,250,9892,0.2912495584,0.7087504416,12323,0.3192817909,0.7436312171,0.2165822636,0.7824765403,0.2278959468,0.7595553031,0.2425121774,18.04763868,61.96623534,0.4230691468,0,39,170,3820.037923,0.9952977498,0.6809268637,-0.1538779102
71,0.2,weighted,33964,38596,500,500,500,11640,0.3427158167,0.6572841833,14604,0.3783811794,0.7513745704,0.2575079496,0.79034937,0.2708652299,0.7700629964,0.2913773448,36.80031798,107.3785223,0.3936426117,0,52,318,3801.285243,0.9904118036,0.6400011777,-0.1461345569
71,0.2,weighted,33964,38596,1000,1000,1000,13578,0.3997762337,0.6002237663,16898,0.4378173904,0.7663131536,0.3063537864,0.8025626188,0.320845461,0.7834063203,0.3429889108,77.72350135,194.4175136,0.3659596406,0,74,611,3760.36206,0.9797494089,0.5911553409,-0.1311959737
71,0.2,weighted,33964,38596,2000,2000,2000,15291,0.4502119892,0.5497880108,18857,0.4885739455,0.7809168792,0.3515781416,0.8143697974,0.3666390464,0.7963090629,0.3890558607,151.0007655,335.3992545,0.3451049637,0,104,1085,3687.084796,0.9606572696,0.5459309857,-0.1165922481
71,0.2,weighted,33964,38596,3000,3000,3000,15618,0.4598398304,0.5401601696,19208,0.4976681521,0.7836470739,0.3603521376,0.8165916616,0.3755013712,0.7985214494,0.3973986942,172.4064598,374.9271994,0.3421692918,0,111,1226,3665.679101,0.9550800895,0.5371569898,-0.1138620534
71,0.2,weighted,33964,38596,4000,4000,4000,15965,0.4700565304,0.5299434696,19595,0.5076950979,0.7877231444,0.3702744082,0.819993438,0.3854432705,0.8019903036,0.4071665458,210.8172771,448.4934544,0.338928907,0,119,1382.6,3627.268284,0.9450722831,0.5272347191,-0.1097859829
71,0.2,weighted,33964,38596,5000,5000,5000,16872,0.4967612766,0.5032387234,20575,0.5330863302,0.7968231389,0.3958308798,0.8275660999,0.4111027923,0.8095261239,0.4315473106,330.9440879,666.2034732,0.3307254623,0,143,1929.9,3507.141473,0.9137736555,0.5016782476,-0.1006859884
71,0.2,weighted,33964,38596,inf,inf,1000000000000,33964,1,0,38596,1,0.8975091273,0.8975091273,0.9129037188,0.9129037188,0.8970359623,0.8970359623,3838.085561,3838.085561,0.2536214816,0.3065010011,5135,7128,0,0,0,0
17,0.3,adaptive,33964,38596,1,1,1,365,0.01074667295,0.9892533271,488,0.01264379728,0.5123287671,0.005505829702,0.6014611872,0.00646370667,0.5348360656,0.006762358794,0.01074667295,1,0.7150684932,0,1,1,4151.077199,0.9999974111,0.8955364504,-0.3887135129
17,0.3,adaptive,33964,38596,10,10,10,2542,0.07484395242,0.9251560476,3267,0.08464607731,0.6561762392,0.04911082322,0.7123877954,0.05331791826,0.6587082951,0.05575707327,0.3193970086,4.267505901,0.6628638867,0,3,9,4150.768549,0.999923057,0.8519314568,-0.2448660409
17,0.3,adaptive,33964,38596,50,50,50,5465,0.1609056648,0.8390943352,7027,0.182065499,0.6874656908,0.110617124,0.7368986796,0.1185711719,0.7001565391,0.1274743497,2.639500648,16.40402562,0.5264409881,0,12,40,4148.448445,0.9993641424,0.790425156,-0.2135765893
17,0.3,adaptive,33964,38596,100,100,100,7183,0.211488635,0.788511365,9155,0.2372007462,0.7068077405,0.1494818043,0.7529744633,0.1592455414,0.7224467504,0.1713649083,6.300524084,29.79131282,0.4759849645,0,19,75,4144.787422,0.9984821993,0.7515604758,-0.1942345396
17,0.3,adaptive,33964,38596,250,250,250,9454,0.2783535508,0.7216464492,11933,0.3091771168,0.7270996404,0.2023907667,0.7700266804,0.2143396607,0.74314925,0.2297647425,17.34745613,62.32166279,0.4356885974,0,37,174,4133.74049,0.9958209856,0.6986515134,-0.1739426397
17,0.3,adaptive,33964,38596,500,500,500,11050,0.3253444824,0.6746555176,14020,0.3632500777,0.7347511312,0.2390472265,0.7791031112,0.2534768985,0.752853067,0.2734739351,34.226004,105.199276,0.4042533937,0,52,308,4116.861942,0.9917549316,0.6619950536,-0.1662911488
17,0.3,adaptive,33964,38596,1000,1000,1000,12371,0.3642386056,0.6357613944,15572,0.4034614986,0.7476355994,0.2723177482,0.7892460746,0.2874738897,0.7643847932,0.3083998342,62.22679896,170.8407566,0.3826691456,0,67,522,4088.861147,0.9850095205,0.6287245319,-0.1534066807
17,0.3,adaptive,33964,38596,2000,2000,2000,13773,0.4055176069,0.5944823931,17184,0.4452274847,0.7632324112,0.3095041809,0.8016793622,0.3250950964,0.7782239292,0.3464866826,121.0494053,298.5059174,0.3619400276,0,88,1011.8,4030.038541,0.9708391133,0.5915380992,-0.1378098688
17,0.3,adaptive,33964,38596,3000,3000,3000,14102,0.415204334,0.584795666,17547,0.4546326044,0.7667706708,0.3183665057,0.8044624773,0.3340163071,0.7812161623,0.3551663385,143.0598281,344.5528294,0.3581761452,0,95,1153.8,4008.028118,0.965536787,0.5826757743,-0.1342716092
17,0.3,adaptive,33964,38596,4000,4000,4000,14318,0.421564009,0.578435991,17785,0.4607990465,0.7697304093,0.3244906371,0.8068536007,0.3401404386,0.7836941243,0.3611255052,166.8883818,395.8791032,0.3561949993,0,99,1269,3984.199564,0.9597964717,0.5765516429,-0.1313118708
17,0.3,adaptive,33964,38596,5000,5000,5000,15086,0.4441761866,0.5558238134,18616,0.4823297751,0.779663264,0.3463078554,0.8150954431,0.3620459856,0.7918994413,0.3819566794,268.9308385,605.4598303,0.3486013522,0,117,1802.5,3882.157108,0.9352143722,0.5547344247,-0.1213790161
17,0.3,adaptive,33964,38596,inf,inf,1000000000000,33964,1,0,38596,1,0.9010422801,0.9010422801,0.9168245747,0.9168245747,0.8986682558,0.8986682558,4151.087946,4151.087946,0.2554175009,0.3667118125,6610,7128,0,0,0,0
17,0.3,rolling,33964,38596,1,1,1,351,0.01033447179,0.9896655282,472,0.01222924655,0.5156695157,0.005329172065,0.6069325736,0.006272327563,0.5381355932,0.006580992849,0.01033447179,1,0.7236467236,0,1,1,4169.358733,0.9999975213,0.8970674832,-0.3867271396
17,0.3,rolling,33964,38596,10,10,10,2509,0.07387233541,0.9261276646,3222,0.08348015338,0.6596253487,0.04872806501,0.7161112432,0.05290080995,0.6626319056,0.05531661312,0.3158932988,4.27620566,0.6660023914,0,3,9,4169.053174,0.9999242347,0.8536685903,-0.2427713065
17,0.3,rolling,33964,38596,50,50,50,5410,0.1592863031,0.8407136969,6965,0.1804591149,0.6881700555,0.1096160641,0.7381117592,0.1175710934,0.7010768126,0.1265157011,2.620038865,16.44861368,0.5268022181,0,12,40,4166.749028,0.9993715982,0.7927805912,-0.2142265998
17,0.3,rolling,33964,38596,100,100,100,7132,0.2099870451,0.7900129549,9097,0.2356979998,0.7079360628,0.148657402,0.7543207473,0.1583975848,0.7236451577,0.1705617162,6.294606053,29.97616377,0.4767246214,0,20,75,4163.074461,0.9984902737,0.7537392533,-0.1944605925
17,0.3,rolling,33964,38596,250,250,250,9367,0.2757920151,0.7242079849,11833,0.3065861747,0.7280879684,0.200800848,0.7713105124,0.2127212805,0.7442744866,0.2281842678,17.16876693,62.25258888,0.4366392655,0,37,173,4152.2003,0.9958821667,0.7015958073,-0.1743086869
17,0.3,rolling,33964,38596,500,500,500,10967,0.3229007184,0.6770992816,13913,0.3604777697,0.7366645391,0.2378695089,0.7808400394,0.2521338097,0.754546108,0.2719970981,34.041279,105.423361,0.4056715601,0,52,308,4135.327788,0.9918353884,0.6645271464,-0.1657321162
17,0.3,rolling,33964,38596,1000,1000,1000,12295,0.3620009422,0.6379990578,15484,0.4011814696,0.7493289955,0.2712578024,0.7910529908,0.286361928,0.7660165332,0.3073116385,62.09197974,171.5243595,0.383651891,0,67,525,4107.277088,0.9851075837,0.6311388529,-0.1530676598
17,0.3,rolling,33964,38596,2000,2000,2000,13685,0.4029266282,0.5970733718,17090,0.4427919992,0.7645597369,0.3080614769,0.8032198165,0.3236386524,0.7796372147,0.3452171209,120.4514486,298.9413957,0.362805992,0,89,1010.2,4048.917619,0.9711103894,0.5943351784,-0.1378369183
17,0.3,rolling,33964,38596,3000,3000,3000,14021,0.4128194559,0.5871805441,17461,0.4524043942,0.7684188004,0.3172182311,0.8062950709,0.3328542924,0.782887578,0.3541817805,143.0242021,346.4570287,0.3588189145,0,95,1161,4026.344865,0.96569644,0.5851784242,-0.1339778549
17,0.3,rolling,33964,38596,4000,4000,4000,14222,0.4187374868,0.5812625132,17679,0.4580526479,0.7710589228,0.3228712755,0.8083998867,0.3385073368,0.7850557158,0.3595968494,165.1505418,394.4011391,0.356349318,0,99.5,1264.9,4004.218525,0.9603895604,0.5795253798,-0.1313377325
17,0.3,rolling,33964,38596,5000,5000,5000,14995,0.441496879,0.558503121,18521,0.4798683801,0.7811270423,0.3448651513,0.8167431269,0.3605895415,0.7934236812,0.3807389367,267.660729,606.2573525,0.3490496832,0,118,1799.2,3901.708338,0.9358030616,0.5575315039,-0.1212696129
17,0.3,rolling,33964,38596,inf,inf,1000000000000,33964,1,0,38596,1,0.9023966553,0.9023966553,0.9181652099,0.9181652099,0.9000155457,0.9000155457,4169.369067,4169.369067,0.2554175009,0.3693027912,6653.5,7128,0,0,0,0
17,0.3,static,33964,38596,1,1,1,1173,0.03453656813,0.9654634319,1450,0.03756865996,0.5294117647,0.01828406548,0.592625746,0.02046725945,0.5406896552,0.0203129858,0.03453656813,1,0.6683716965,0,1,1,2964.502738,0.9999883501,0.8078259333,-0.2966982341
17,0.3,static,33964,38596,10,10,10,5259,0.1548404193,0.8451595807,6666,0.1727121982,0.5890853774,0.09121422683,0.637999333,0.09878808421,0.5921092109,0.1022644834,0.5860322695,3.784749952,0.555618939,0,3,8,2963.951242,0.9998023191,0.734895772,-0.2370246214
17,0.3,static,33964,38596,50,50,50,9625,0.2833882935,0.7166117065,11892,0.3081148306,0.6243116883,0.176922624,0.667247784,0.1890902108,0.6358055836,0.1959011297,3.891561654,13.73225974,0.4452987013,0,9,35,2960.645713,0.9986872954,0.6491873749,-0.2017983105
17,0.3,static,33964,38596,100,100,100,11784,0.3469556,0.6530444,14508,0.375893875,0.6396809233,0.2219408786,0.6815195678,0.2364570306,0.6521918941,0.2451549383,8.517812978,24.55015275,0.4081805838,0,13,70,2956.019462,0.9971267648,0.6041691202,-0.1864290755
17,0.3,static,33964,38596,250,250,250,14657,0.4315451655,0.5684548345,18044,0.4675095865,0.6602988333,0.2849487693,0.7007219314,0.3023931619,0.672356462,0.3143330915,22.25709575,51.57535648,0.3750426417,0,23,155,2942.280179,0.9924922193,0.5411612295,-0.1658111655
17,0.3,static,33964,38596,500,500,500,16402,0.482923095,0.517076905,19986,0.5178256814,0.6752225338,0.3260805559,0.7130988913,0.3443719237,0.6861302912,0.3552958856,40.8023201,84.49030606,0.35404219,0,30,261,2923.734955,0.9862365299,0.5000294429,-0.150887465
17,0.3,static,33964,38596,1000,1000,1000,18111,0.5332410788,0.4667589212,21841,0.5658876568,0.6907956491,0.3683606171,0.7259445281,0.3871034433,0.7000595211,0.396155042,76.75256154,143.9359505,0.3357627961,0,40,481,2887.784713,0.9741097667,0.4577493817,-0.1353143498
17,0.3,static,33964,38596,2000,2000,2000,19562,0.5759627841,0.4240372159,23409,0.6065136284,0.7046825478,0.4058709222,0.7379740321,0.4250455781,0.7125464565,0.4321691367,137.1250442,238.0796953,0.3243022186,0,53,804,2827.412231,0.9537448743,0.4202390767,-0.121427451
17,0.3,static,33964,38596,3000,3000,3000,19938,0.5870333294,0.4129666706,23814,0.6170069437,0.7077941619,0.4154987634,0.7405079755,0.4347028623,0.7153355169,0.441366981,162.5504946,276.9016451,0.3217975725,0,56,936.3,2801.98678,0.9451683418,0.4106112354,-0.1183158369
17,0.3,static,33964,38596,4000,4000,4000,20147,0.5931869038,0.4068130962,24038,0.622810654,0.709981635,0.4211518078,0.7424553539,0.4404147926,0.7172809718,0.4467302311,185.5625957,312.8231498,0.3199483794,0,58,1010,2778.974679,0.9374058821,0.404958191,-0.1161283638
17,0.3,static,33964,38596,5000,5000,5000,20861,0.6142091626,0.3857908374,24853,0.6439268318,0.7188533627,0.441526322,0.7504553001,0.4609365215,0.7256669215,0.4672764017,280.0553527,455.9608839,0.315181439,0,66,1331,2684.481922,0.9055315124,0.3845836768,-0.1072566361
17,0.3,static,33964,38596,inf,inf,1000000000000,33964,1,0,38596,1,0.8261099988,0.8261099988,0.8455349198,0.8455349198,0.8222872837,0.8222872837,2964.537275,2964.537275,0.2554175009,0.2389294547,620,7128,0,0,0,0
17,0.3,top1,33964,38596,1,1,1,33964,1,0,38596,1,0.2195560005,0.2195560005,0.2357042728,0.2357042728,0.2247642243,0.2247642243,1,1,0.2554175009,0,1,1,0,0,0,0
17,0.3,top1,33964,38596,10,10,10,33964,1,0,38596,1,0.2195560005,0.2195560005,0.2357042728,0.2357042728,0.2247642243,0.2247642243,1,1,0.2554175009,0,1,1,0,0,0,0
17,0.3,top1,33964,38596,50,50,50,33964,1,0,38596,1,0.2195560005,0.2195560005,0.2357042728,0.2357042728,0.2247642243,0.2247642243,1,1,0.2554175009,0,1,1,0,0,0,0
17,0.3,top1,33964,38596,100,100,100,33964,1,0,38596,1,0.2195560005,0.2195560005,0.2357042728,0.2357042728,0.2247642243,0.2247642243,1,1,0.2554175009,0,1,1,0,0,0,0
17,0.3,top1,33964,38596,250,250,250,33964,1,0,38596,1,0.2195560005,0.2195560005,0.2357042728,0.2357042728,0.2247642243,0.2247642243,1,1,0.2554175009,0,1,1,0,0,0,0
17,0.3,top1,33964,38596,500,500,500,33964,1,0,38596,1,0.2195560005,0.2195560005,0.2357042728,0.2357042728,0.2247642243,0.2247642243,1,1,0.2554175009,0,1,1,0,0,0,0
17,0.3,top1,33964,38596,1000,1000,1000,33964,1,0,38596,1,0.2195560005,0.2195560005,0.2357042728,0.2357042728,0.2247642243,0.2247642243,1,1,0.2554175009,0,1,1,0,0,0,0
17,0.3,top1,33964,38596,2000,2000,2000,33964,1,0,38596,1,0.2195560005,0.2195560005,0.2357042728,0.2357042728,0.2247642243,0.2247642243,1,1,0.2554175009,0,1,1,0,0,0,0
17,0.3,top1,33964,38596,3000,3000,3000,33964,1,0,38596,1,0.2195560005,0.2195560005,0.2357042728,0.2357042728,0.2247642243,0.2247642243,1,1,0.2554175009,0,1,1,0,0,0,0
17,0.3,top1,33964,38596,4000,4000,4000,33964,1,0,38596,1,0.2195560005,0.2195560005,0.2357042728,0.2357042728,0.2247642243,0.2247642243,1,1,0.2554175009,0,1,1,0,0,0,0
17,0.3,top1,33964,38596,5000,5000,5000,33964,1,0,38596,1,0.2195560005,0.2195560005,0.2357042728,0.2357042728,0.2247642243,0.2247642243,1,1,0.2554175009,0,1,1,0,0,0,0
17,0.3,top1,33964,38596,inf,inf,1000000000000,33964,1,0,38596,1,0.2195560005,0.2195560005,0.2357042728,0.2357042728,0.2247642243,0.2247642243,1,1,0.2554175009,0,1,1,0,0,0,0
17,0.3,weighted,33964,38596,1,1,1,365,0.01074667295,0.9892533271,488,0.01264379728,0.5123287671,0.005505829702,0.6014611872,0.00646370667,0.5348360656,0.006762358794,0.01074667295,1,0.7150684932,0,1,1,4149.870922,0.9999974104,0.8954481215,-0.3886251841
17,0.3,weighted,33964,38596,10,10,10,2546,0.07496172418,0.9250382758,3272,0.08477562442,0.6563236449,0.04919915204,0.7127087363,0.05342587571,0.6589242054,0.05586071095,0.3201036391,4.270227808,0.6633935585,0,3,9,4149.561565,0.9999228644,0.8517547992,-0.2446303063
17,0.3,weighted,33964,38596,50,50,50,5467,0.1609645507,0.8390354493,7030,0.1821432273,0.6872141943,0.110617124,0.7368425006,0.118605522,0.7,0.1275002591,2.637940172,16.38832998,0.5262483995,0,12,40,4147.243729,0.9993643336,0.7903368272,-0.213739757
17,0.3,weighted,33964,38596,100,100,100,7189,0.2116652927,0.7883347073,9162,0.2373821121,0.7063569342,0.1495112472,0.7527169615,0.1593240559,0.7221130757,0.1714167271,6.308208692,29.80275421,0.4757268048,0,19,75,4143.57346,0.9984799064,0.751442704,-0.194597017
17,0.3,weighted,33964,38596,250,250,250,9457,0.2784418796,0.7215581204,11936,0.3092548451,0.7267632442,0.2023613238,0.769800032,0.2143445679,0.7428786863,0.229738833,17.34348133,62.28761764,0.4356561277,0,37,174,4132.538187,0.9958207287,0.6985926275,-0.1741907071
17,0.3,weighted,33964,38596,500,500,500,11052,0.3254033683,0.6745966317,14022,0.3633018966,0.7345276873,0.2390177835,0.7789772028,0.2534818056,0.7526743688,0.2734480257,34.19944647,105.0986247,0.4042707202,0,52,308,4115.682222,0.9917589345,0.6619361677,-0.1664262639
17,0.3,weighted,33964,38596,1000,1000,1000,12378,0.3644447062,0.6355552938,15579,0.4036428645,0.7475359509,0.27243552,0.7892171478,0.2876260115,0.7642980936,0.3085034719,62.31998587,170.9998384,0.3826951042,0,67,523,4087.561683,0.9849827077,0.6285184313,-0.1534180004
17,0.3,weighted,33964,38596,2000,2000,2000,13778,0.4056648216,0.5943351784,17189,0.4453570318,0.7630280157,0.3095336238,0.8015456904,0.3251588895,0.7780557333,0.346512592,121.0835591,298.4817826,0.3619538395,0,88,1010.3,4028.79811,0.9708224068,0.5914203274,-0.1379259356
17,0.3,weighted,33964,38596,3000,3000,3000,14109,0.4154104346,0.5845895654,17555,0.4548398798,0.7666028776,0.3184548345,0.8043586733,0.334138986,0.7810880091,0.3552699762,143.2714345,344.8912751,0.3581401942,0,95,1156,4006.610234,0.9654757784,0.5824991167,-0.1343510736
17,0.3,weighted,33964,38596,4000,4000,4000,14324,0.4217406666,0.5782593334,17791,0.4609545031,0.7696174253,0.324578966,0.8068065151,0.3402631175,0.7835984487,0.3612032335,166.9445589,395.8464814,0.3561854231,0,99,1269,3982.93711,0.9597712484,0.5763749853,-0.1313365259
17,0.3,weighted,33964,38596,5000,5000,5000,15097,0.4445000589,0.5554999411,18629,0.4826665976,0.7796250911,0.3465433989,0.8151087317,0.3623158792,0.7918836223,0.3822157737,269.6988576,606.7465059,0.3484798304,0,117,1807.8,3880.182811,0.9350104704,0.5544105523,-0.1213288602
17,0.3,weighted,33964,38596,inf,inf,1000000000000,33964,1,0,38596,1,0.9009539512,0.9009539512,0.916770596,0.916770596,0.8985905275,0.8985905275,4149.881669,4149.881669,0.2554175009,0.3665645978,6607.5,7128,0,0,0,0
29,0.3,adaptive,33964,38596,1,1,1,306,0.009009539512,0.9909904605,404,0.01046740595,0.4803921569,0.004328112119,0.5502178649,0.004957209594,0.4876237624,0.005104155871,0.009009539512,1,0.6437908497,0,1,1,4105.397774,0.9999978054,0.8989223884,-0.4228583437
29,0.3,adaptive,33964,38596,10,10,10,2821,0.08305853256,0.9169414674,3795,0.09832625143,0.6313364055,0.0524378754,0.6901068285,0.05731926049,0.6308300395,0.06202715307,0.374249205,4.50584899,0.6355902162,0,4,8,4105.032534,0.9999088399,0.8508126251,-0.271914095
29,0.3,adaptive,33964,38596,50,50,50,5652,0.1664114945,0.8335885055,7284,0.1887242201,0.6792285916,0.1130314451,0.7276835728,0.1210949109,0.6884953322,0.1299357446,2.555293841,15.35527247,0.5060155697,0,11,38,4102.85149,0.9993775784,0.7902190555,-0.2240219089
29,0.3,adaptive,33964,38596,100,100,100,6983,0.2056000471,0.7943999529,8919,0.2310861229,0.6964055564,0.1431810152,0.7423171827,0.1526204477,0.7072541765,0.1634366256,5.4643446,26.57754547,0.469998568,0,16,72,4099.942439,0.9986689883,0.7600694853,-0.2068449442
29,0.3,adaptive,33964,38596,250,250,250,9240,0.2720527617,0.7279472383,11732,0.3039693232,0.7248917749,0.1972088093,0.7660217926,0.2083983442,0.7367882714,0.2239610322,16.65731363,61.22824675,0.420995671,0,29,180.1,4088.74947,0.9959425912,0.7060416912,-0.1783587256
29,0.3,adaptive,33964,38596,500,500,500,10763,0.3168943587,0.6831056413,13686,0.3545963312,0.7408715042,0.2347780002,0.7810215566,0.2475013253,0.7547128452,0.2676184061,32.64409375,103.012543,0.3953358729,0,44,302,4072.76269,0.9920485118,0.6684725003,-0.1623789963
29,0.3,adaptive,33964,38596,1000,1000,1000,12209,0.3594688494,0.6405311506,15357,0.3978909732,0.754197723,0.2711105877,0.7919473351,0.2846803973,0.7668815524,0.3051352472,63.36777176,176.2816775,0.3777541158,0,66,560,4042.039012,0.9845648007,0.6321399128,-0.1490527775
29,0.3,adaptive,33964,38596,2000,2000,2000,13765,0.4052820634,0.5947179366,17158,0.4445538398,0.7704322557,0.3122423743,0.8053567028,0.3263966263,0.782084159,0.3476785159,130.1820163,321.2133672,0.3580094442,0,96,1086,3975.224767,0.9682901054,0.5910081263,-0.1328182448
29,0.3,adaptive,33964,38596,3000,3000,3000,14660,0.4316334943,0.5683665057,18140,0.4699968909,0.7804911323,0.3368861147,0.8135903829,0.3511728599,0.7906284454,0.3715929112,195.248469,452.3478172,0.3451568895,0,118,1571,3910.158315,0.9524411394,0.5663643858,-0.1227593682
29,0.3,adaptive,33964,38596,4000,4000,4000,15294,0.450300318,0.549699682,18857,0.4885739455,0.7872368249,0.3544929926,0.8191710266,0.3688729738,0.7965211858,0.3891594984,259.0502002,575.2831829,0.3379102916,0,134,1999,3846.356583,0.9369002357,0.5487575079,-0.1160136756
29,0.3,adaptive,33964,38596,5000,5000,5000,15473,0.4555706042,0.5444293958,19049,0.4935485543,0.7895689265,0.3597043929,0.8211336962,0.3740843741,0.7984671111,0.3940822883,282.7055117,620.5525755,0.3367801978,0,140,2154.8,3822.701272,0.9311382461,0.5435461076,-0.113681574
29,0.3,adaptive,33964,38596,inf,inf,1000000000000,33964,1,0,38596,1,0.9032505005,0.9032505005,0.9177826036,0.9177826036,0.8997564514,0.8997564514,4105.406784,4105.406784,0.2525909787,0.4035449299,6610,7128,0,0,0,0
29,0.3,rolling,33964,38596,1,1,1,302,0.008891767754,0.9911082322,400,0.01036376827,0.4834437086,0.004298669179,0.5541942605,0.004927766655,0.49,0.00507824645,0.008891767754,1,0.6490066225,0,1,1,4116.347368,0.9999978399,0.8994523613,-0.4203073219
29,0.3,rolling,33964,38596,10,10,10,2795,0.08229301613,0.9177069839,3768,0.09762669707,0.6325581395,0.05205511718,0.6919050793,0.05693895585,0.6321656051,0.06171624002,0.3719232128,4.519499106,0.6368515206,0,4,9,4115.984336,0.9999096475,0.8516959133,-0.271192891
29,0.3,rolling,33964,38596,50,50,50,5620,0.1654693205,0.8345306795,7245,0.1877137527,0.6786476868,0.1122953716,0.7273044283,0.1203465695,0.688336784,0.1292102809,2.549935226,15.41032028,0.5056939502,0,11,38,4113.806324,0.9993805358,0.7914556589,-0.2251033437
29,0.3,rolling,33964,38596,100,100,100,6945,0.2044812154,0.7955187846,8871,0.2298424707,0.6969042477,0.1425038276,0.742647116,0.1518573849,0.7075865179,0.1626334335,5.4491226,26.64852412,0.4711303096,0,16,72,4110.907137,0.9986762267,0.7612472029,-0.2068467828
29,0.3,rolling,33964,38596,250,250,250,9195,0.2707278295,0.7292721705,11667,0.3022852109,0.7251767265,0.1963255211,0.7662433964,0.2074434115,0.7371217965,0.2228210177,16.64724414,61.49070147,0.4212071778,0,29,182,4099.709015,0.9959558301,0.7074255094,-0.178574304
29,0.3,rolling,33964,38596,500,500,500,10714,0.3154516547,0.6845483453,13631,0.3531713131,0.741086429,0.2337769403,0.781342326,0.2464757296,0.7551170127,0.2666856669,32.6367919,103.4605189,0.395463879,0,45,304,4083.719468,0.9920714365,0.6699740902,-0.1626646015
29,0.3,rolling,33964,38596,1000,1000,1000,12152,0.3577906018,0.6422093982,15294,0.3962586797,0.754279131,0.2698739842,0.7920823744,0.2833996294,0.7671635936,0.3039952327,63.21072312,176.6696017,0.3782093483,0,66,559,4053.145536,0.9846440106,0.6338770463,-0.1494718995
29,0.3,rolling,33964,38596,2000,2000,2000,13711,0.4036921446,0.5963078554,17097,0.4429733651,0.7705491941,0.3110646567,0.8055017879,0.3251747443,0.7823594783,0.3465644108,130.2282711,322.5930275,0.3585442346,0,96,1092,3986.127988,0.9683632167,0.5926863738,-0.1332018364
29,0.3,rolling,33964,38596,3000,3000,3000,14611,0.4301907902,0.5698092098,18086,0.4685977822,0.7809869277,0.3359733836,0.8140831119,0.3502110572,0.791219728,0.3707638097,195.6869921,454.8841968,0.3454931216,0,119,1579,3920.669267,0.9524611137,0.5677776469,-0.1227641028
29,0.3,rolling,33964,38596,4000,4000,4000,15244,0.448828171,0.551171829,18799,0.4870711991,0.7874573603,0.3534330468,0.8194307059,0.367783585,0.7968508963,0.3881231216,259.479125,578.1257544,0.3381658357,0,136,2007.7,3856.877135,0.9369638805,0.5503179837,-0.1162936702
29,0.3,rolling,33964,38596,5000,5000,5000,15430,0.4543045578,0.5456954422,19002,0.4923308115,0.789889825,0.3588505476,0.8214777499,0.3732010859,0.7989159036,0.3933309151,284.035361,625.209138,0.3368114064,0,142,2180,3832.320899,0.9309983531,0.5449004829,-0.1138612055
29,0.3,rolling,33964,38596,inf,inf,1000000000000,33964,1,0,38596,1,0.9037510305,0.9037510305,0.918234062,0.918234062,0.9003005493,0.9003005493,4116.35626,4116.35626,0.2525909787,0.4054292781,6647.5,7128,0,0,0,0
29,0.3,static,33964,38596,1,1,1,901,0.02652808856,0.9734719114,1084,0.028085812,0.5427302997,0.01439759746,0.5990935997,0.01589280807,0.5525830258,0.01551974298,0.02652808856,1,0.6648168701,0,1,1,3153.854022,0.9999915887,0.8224885173,-0.294155815
29,0.3,static,33964,38596,10,10,10,5142,0.1513955953,0.8486044047,6532,0.1692403358,0.5931544146,0.08980096573,0.6429500596,0.09733980704,0.5987446418,0.1013317442,0.5877988458,3.882535978,0.550369506,0,3,8,3153.292751,0.9998136268,0.747085149,-0.2437317001
29,0.3,static,33964,38596,50,50,50,9105,0.2680779649,0.7319220351,11320,0.2932946419,0.6228445909,0.1669709104,0.6676830278,0.1789911073,0.634540636,0.1861073686,3.620627723,13.50587589,0.4451400329,0,8,36,3150.259922,0.9988520086,0.6699152043,-0.2140415238
29,0.3,static,33964,38596,100,100,100,11082,0.3262866565,0.6737133435,13727,0.3556586175,0.6365277026,0.2076904958,0.6791813122,0.2216077995,0.6490857434,0.2308529381,7.934842775,24.3186248,0.4100342898,0,13,71,3145.945707,0.9974841017,0.6291956189,-0.2003584121
29,0.3,static,33964,38596,250,250,250,13591,0.4001589919,0.5998410081,16827,0.4359778215,0.6562431021,0.2626015781,0.6984424216,0.2794880153,0.6690437987,0.2916882579,19.77008008,49.4055625,0.378044294,0,21,148,3134.11047,0.9937315064,0.5742845366,-0.1806430127
29,0.3,static,33964,38596,500,500,500,15291,0.4502119892,0.5497880108,18752,0.4858534563,0.6741874305,0.3035272642,0.7136592954,0.321297971,0.6857935154,0.3331951498,37.98772229,84.37741155,0.3566150023,0,29,269,3115.892828,0.9879552438,0.5333588505,-0.1626986842
29,0.3,static,33964,38596,1000,1000,1000,16956,0.4992344836,0.5007655164,20626,0.5344077106,0.6933828733,0.3461606407,0.7301150597,0.3644986148,0.7036749733,0.3760493315,73.3938582,147.0127978,0.3394668554,0,39,495,3080.486692,0.9767290305,0.490725474,-0.1435032414
29,0.3,static,33964,38596,2000,2000,2000,18497,0.5446060535,0.4553939465,22272,0.5770546171,0.7098448397,0.3865857967,0.7442187536,0.4053060383,0.7178520115,0.4142398176,137.6818396,252.8099692,0.324971617,0,53,878,3016.19871,0.9563452587,0.450300318,-0.127041275
29,0.3,static,33964,38596,3000,3000,3000,19289,0.5679248616,0.4320751384,23145,0.5996735413,0.7175073876,0.4074902838,0.7508198603,0.4264092653,0.7249513934,0.4347341693,195.149099,343.6178133,0.3173311214,0,63,1168,2958.731451,0.9381241312,0.4293958309,-0.1193787271
29,0.3,static,33964,38596,4000,4000,4000,19806,0.5831468614,0.4168531386,23720,0.6145714582,0.7224578411,0.4212990225,0.7551279555,0.4403504972,0.7295109612,0.4483366152,247.0698092,423.6836817,0.3128344946,0,69,1430,2906.810741,0.9216616466,0.4155870922,-0.1144282737
29,0.3,static,33964,38596,5000,5000,5000,19982,0.5883288187,0.4116711813,23918,0.6197015235,0.7246021419,0.4263043222,0.7570095229,0.4453705184,0.7314992892,0.453311224,270.387263,459.5852767,0.3120308277,0,71,1542.9,2883.493287,0.9142683882,0.4105817925,-0.1122839728
29,0.3,static,33964,38596,inf,inf,1000000000000,33964,1,0,38596,1,0.8368861147,0.8368861147,0.8560259182,0.8560259182,0.8326510519,0.8326510519,3153.88055,3153.88055,0.2525909787,0.2859498292,1012,7128,0,0,0,0
29,0.3,top1,33964,38596,1,1,1,33964,1,0,38596,1,0.2181132964,0.2181132964,0.2336138241,0.2336138241,0.2222769199,0.2222769199,1,1,0.2525909787,0,1,1,0,0,0,0
29,0.3,top1,33964,38596,10,10,10,33964,1,0,38596,1,0.2181132964,0.2181132964,0.2336138241,0.2336138241,0.2222769199,0.2222769199,1,1,0.2525909787,0,1,1,0,0,0,0
29,0.3,top1,33964,38596,50,50,50,33964,1,0,38596,1,0.2181132964,0.2181132964,0.2336138241,0.2336138241,0.2222769199,0.2222769199,1,1,0.2525909787,0,1,1,0,0,0,0
29,0.3,top1,33964,38596,100,100,100,33964,1,0,38596,1,0.2181132964,0.2181132964,0.2336138241,0.2336138241,0.2222769199,0.2222769199,1,1,0.2525909787,0,1,1,0,0,0,0
29,0.3,top1,33964,38596,250,250,250,33964,1,0,38596,1,0.2181132964,0.2181132964,0.2336138241,0.2336138241,0.2222769199,0.2222769199,1,1,0.2525909787,0,1,1,0,0,0,0
29,0.3,top1,33964,38596,500,500,500,33964,1,0,38596,1,0.2181132964,0.2181132964,0.2336138241,0.2336138241,0.2222769199,0.2222769199,1,1,0.2525909787,0,1,1,0,0,0,0
29,0.3,top1,33964,38596,1000,1000,1000,33964,1,0,38596,1,0.2181132964,0.2181132964,0.2336138241,0.2336138241,0.2222769199,0.2222769199,1,1,0.2525909787,0,1,1,0,0,0,0
29,0.3,top1,33964,38596,2000,2000,2000,33964,1,0,38596,1,0.2181132964,0.2181132964,0.2336138241,0.2336138241,0.2222769199,0.2222769199,1,1,0.2525909787,0,1,1,0,0,0,0
29,0.3,top1,33964,38596,3000,3000,3000,33964,1,0,38596,1,0.2181132964,0.2181132964,0.2336138241,0.2336138241,0.2222769199,0.2222769199,1,1,0.2525909787,0,1,1,0,0,0,0
29,0.3,top1,33964,38596,4000,4000,4000,33964,1,0,38596,1,0.2181132964,0.2181132964,0.2336138241,0.2336138241,0.2222769199,0.2222769199,1,1,0.2525909787,0,1,1,0,0,0,0
29,0.3,top1,33964,38596,5000,5000,5000,33964,1,0,38596,1,0.2181132964,0.2181132964,0.2336138241,0.2336138241,0.2222769199,0.2222769199,1,1,0.2525909787,0,1,1,0,0,0,0
29,0.3,top1,33964,38596,inf,inf,1000000000000,33964,1,0,38596,1,0.2181132964,0.2181132964,0.2336138241,0.2336138241,0.2222769199,0.2222769199,1,1,0.2525909787,0,1,1,0,0,0,0
29,0.3,weighted,33964,38596,1,1,1,306,0.009009539512,0.9909904605,404,0.01046740595,0.4803921569,0.004328112119,0.5502178649,0.004957209594,0.4876237624,0.005104155871,0.009009539512,1,0.6437908497,0,1,1,4101.864592,0.9999978036,0.8988046167,-0.4227405719
29,0.3,weighted,33964,38596,10,10,10,2831,0.08335296196,0.916647038,3816,0.09887034926,0.6305192511,0.05255564716,0.6892292582,0.05744930014,0.6294549266,0.06223442844,0.3751619362,4.50088308,0.634758036,0,4,8,4101.49844,0.9999085389,0.8505770816,-0.2726134776
29,0.3,weighted,33964,38596,50,50,50,5664,0.1667648098,0.8332351902,7301,0.1891646803,0.6792019774,0.1132669886,0.7277014278,0.1213549902,0.6883988495,0.1302207483,2.560829113,15.3559322,0.5052966102,0,11,38,4099.312772,0.9993756928,0.7898657402,-0.2239307514
29,0.3,weighted,33964,38596,100,100,100,6996,0.2059828053,0.7940171947,8935,0.2315006736,0.6966838193,0.1435048875,0.7424863094,0.1529394129,0.7073307219,0.1637475386,5.473501354,26.57261292,0.4699828473,0,16,72,4096.4001,0.9986656095,0.7596278412,-0.2064489094
29,0.3,weighted,33964,38596,250,250,250,9255,0.2724944058,0.7275055942,11755,0.3045652399,0.7250135062,0.1975621246,0.7660588543,0.2087467523,0.7368779243,0.2244274018,16.67188788,61.18249595,0.4208535927,0,29,180,4085.201714,0.9959355432,0.7055706042,-0.1781192226
29,0.3,weighted,33964,38596,500,500,500,10784,0.3175126605,0.6824873395,13710,0.3552181573,0.7410979228,0.2353079731,0.7810739689,0.2480008739,0.7547045952,0.2680847756,32.72850665,103.0778004,0.3954933234,0,44,303,4069.145095,0.9920210836,0.6678247556,-0.1620348059
29,0.3,weighted,33964,38596,1000,1000,1000,12225,0.3599399364,0.6400600636,15372,0.3982796145,0.754192229,0.271463903,0.7918624415,0.2850229168,0.766653656,0.3053425225,63.34409963,175.9851943,0.3776687117,0,66,559,4038.529502,0.9845572766,0.6316688258,-0.1489404997
29,0.3,weighted,33964,38596,2000,2000,2000,13776,0.4056059357,0.5943940643,17170,0.4448647528,0.7703252033,0.3124484749,0.8051951472,0.3265919311,0.7818287711,0.347808063,129.8468378,320.1305168,0.3577235772,0,96,1088,3972.026764,0.9683445054,0.5906842539,-0.1328075255
29,0.3,weighted,33964,38596,3000,3000,3000,14670,0.4319279237,0.5680720763,18150,0.4702559851,0.7802999318,0.3370333294,0.8133516256,0.3513092789,0.7903030303,0.37164473,194.7743788,450.9418541,0.3450579414,0,117,1570,3907.099223,0.9525157531,0.5660993994,-0.1228327969
29,0.3,weighted,33964,38596,4000,4000,4000,15310,0.450771405,0.549228595,18873,0.4889884962,0.7871979099,0.3548463079,0.8190747886,0.3692154933,0.7963227892,0.3893926832,259.0286774,574.634226,0.3377531025,0,134,2005,3842.844924,0.9368511313,0.5482864209,-0.1159348189
29,0.3,weighted,33964,38596,5000,5000,5000,15493,0.456159463,0.543840537,19069,0.4940667427,0.789582392,0.3601754799,0.821082748,0.3745446654,0.7983113955,0.3944191108,283.3080615,621.0724198,0.3366681727,0,140,2167,3818.56554,0.9309320352,0.5429572489,-0.1135503367
29,0.3,weighted,33964,38596,inf,inf,1000000000000,33964,1,0,38596,1,0.9031327288,0.9031327288,0.9176540361,0.9176540361,0.8995750855,0.8995750855,4101.873601,4101.873601,0.2525909787,0.4030444,6601.5,7128,0,0,0,0
43,0.3,adaptive,33964,38596,1,1,1,217,0.00638911789,0.9936108821,262,0.006788268214,0.5023041475,0.003209280415,0.5537634409,0.003538059907,0.5076335878,0.003445952948,0.00638911789,1,0.6129032258,0,1,1,3976.045607,0.9999983931,0.8962725238,-0.3971776568
43,0.3,adaptive,33964,38596,10,10,10,2788,0.08208691556,0.9179130844,3709,0.09609804125,0.6513629842,0.05346837828,0.7150602171,0.05869708766,0.6672957671,0.06412581615,0.3915616535,4.770086083,0.637374462,0,4,9,3975.660435,0.99990152,0.846013426,-0.24811882
43,0.3,adaptive,33964,38596,50,50,50,5749,0.1692674597,0.8307325403,7429,0.1924810861,0.6874238998,0.1163584972,0.7412390195,0.1254676458,0.7085745053,0.1363871904,2.817365446,16.64445991,0.5126108889,0,11,40,3973.234631,0.9992914163,0.783123307,-0.2120579045
43,0.3,adaptive,33964,38596,100,100,100,7342,0.2161700624,0.7838299376,9315,0.2413462535,0.7135657859,0.1542515605,0.7608121933,0.1644648193,0.7325818572,0.1768058866,6.224679072,28.79528739,0.4727594661,0,20,73,3969.827317,0.9984344573,0.7452302438,-0.1859160184
43,0.3,adaptive,33964,38596,250,250,250,9828,0.2893652102,0.7106347898,12332,0.3195149756,0.7396214896,0.2140207278,0.7816018644,0.2261683878,0.7573791761,0.241993989,18.25739018,63.09462759,0.4258241758,0,35,174,3957.794606,0.9954081611,0.6854610764,-0.1598603146
43,0.3,adaptive,33964,38596,500,500,500,11445,0.3369744435,0.6630255565,14428,0.3738211214,0.7460899956,0.2514132611,0.7890788058,0.2658993915,0.7658719157,0.2862990984,35.42771758,105.1347313,0.3944954128,0,50,305,3940.624279,0.9910897248,0.6480685432,-0.1533918086
43,0.3,adaptive,33964,38596,1000,1000,1000,13074,0.3849369921,0.6150630079,16386,0.424551767,0.7585283769,0.2919856318,0.7988371283,0.3075019614,0.7775540095,0.3301119287,70.11241314,182.1399725,0.3666054765,0,71,582,3905.939583,0.9823663239,0.6074961724,-0.1409534273
43,0.3,adaptive,33964,38596,2000,2000,2000,14636,0.4309268637,0.5690731363,18145,0.470126438,0.7743235857,0.3336768343,0.8111458014,0.3495445162,0.7907963626,0.3717742771,136.1777765,316.0113419,0.3509155507,0,99.5,1043.5,3839.87422,0.9657505041,0.56580497,-0.1251582186
43,0.3,adaptive,33964,38596,3000,3000,3000,15306,0.4506536333,0.5493463667,18876,0.4890662245,0.7806742454,0.3518136851,0.8161786194,0.3678138602,0.796037296,0.3893149549,183.44556,407.0655299,0.3431987456,0,113,1356,3792.606436,0.953862384,0.5476681192,-0.1188075589
43,0.3,adaptive,33964,38596,4000,4000,4000,15420,0.4540101284,0.5459898716,18998,0.4922271738,0.7819714656,0.3550229655,0.8172133559,0.3710231406,0.7970839036,0.3923463571,195.2083382,429.9647211,0.342542153,0,115,1423.1,3780.843658,0.9509039775,0.5444588388,-0.1175103386
43,0.3,adaptive,33964,38596,5000,5000,5000,15939,0.469291014,0.530708986,19560,0.5067882682,0.7878160487,0.3697149923,0.8220358836,0.3857740534,0.8018916155,0.4063892631,265.7299788,566.2370914,0.3377250769,0,126,1754.2,3710.322017,0.9331673783,0.5297668119,-0.1116657556
43,0.3,adaptive,33964,38596,inf,inf,1000000000000,33964,1,0,38596,1,0.8994818043,0.8994818043,0.9156046583,0.9156046583,0.8987200746,0.8987200746,3976.051996,3976.051996,0.2561535744,0.3571134142,6155,7128,0,0,0,0
43,0.3,rolling,33964,38596,1,1,1,214,0.006300789071,0.9936992109,258,0.006684630532,0.5046728972,0.003179837475,0.554517134,0.003493895497,0.507751938,0.003394134107,0.006300789071,1,0.6121495327,0,1,1,3989.683017,0.9999984207,0.8969791544,-0.3954860947
43,0.3,rolling,33964,38596,10,10,10,2762,0.08132139913,0.9186786009,3675,0.09521712095,0.6535119479,0.05314450595,0.7170243369,0.05830942228,0.6693877551,0.06373717484,0.3890295607,4.783852281,0.6390296886,0,4,9,3989.300289,0.9999024913,0.8470144859,-0.246647044
43,0.3,rolling,33964,38596,50,50,50,5692,0.1675892121,0.8324107879,7363,0.1907710644,0.6872803935,0.1151807796,0.7412537696,0.1242261352,0.7086785278,0.135195357,2.782122247,16.60084329,0.5142304989,0,11,40,3986.907196,0.999302672,0.7849782122,-0.2128785983
43,0.3,rolling,33964,38596,100,100,100,7282,0.214403486,0.785596514,9247,0.2395844129,0.7136775611,0.153014957,0.7610614927,0.1631742371,0.7328863415,0.1755881438,6.167795313,28.76723428,0.4736336171,0,20,73,3983.521523,0.9984540663,0.7471440349,-0.1864814308
43,0.3,rolling,33964,38596,250,250,250,9771,0.2876869627,0.7123130373,12260,0.3176494974,0.7404564528,0.2130196679,0.7823405782,0.2250691847,0.7582381729,0.2408539745,18.21231304,63.30600757,0.4270801351,0,35,175,3971.477005,0.9954351551,0.687139324,-0.1597025391
43,0.3,rolling,33964,38596,500,500,500,11391,0.3353845248,0.6646154752,14355,0.3719297337,0.7469054517,0.25050053,0.7896956895,0.2648517136,0.7665621735,0.285107265,35.43077965,105.6422614,0.394521991,0,51,305,3954.258538,0.9911194139,0.6496584619,-0.1532535402
43,0.3,rolling,33964,38596,1000,1000,1000,13011,0.3830820869,0.6169179131,16318,0.4227899264,0.7594343248,0.290925686,0.7996372261,0.3063266973,0.7785880623,0.3291791896,70.00792015,182.7491353,0.3676120206,0,71,583,3919.681398,0.982452789,0.6092333059,-0.1407246671
43,0.3,rolling,33964,38596,2000,2000,2000,14569,0.4289541868,0.5710458132,18073,0.4682609597,0.7748644382,0.332381345,0.8116443555,0.3481582445,0.7915122005,0.3706342626,136.0203451,317.0976045,0.350744732,0,101,1049,3853.668973,0.9659070333,0.5677776469,-0.1252945537
43,0.3,rolling,33964,38596,3000,3000,3000,15236,0.4485926275,0.5514073725,18803,0.4871748368,0.7813074298,0.3504887528,0.8167725529,0.3663981455,0.7968409296,0.3882008498,182.8826404,407.6808874,0.3437253872,0,114,1354,3806.806678,0.9541611825,0.5496702391,-0.1188515621
43,0.3,rolling,33964,38596,4000,4000,4000,15352,0.4520080085,0.5479919915,18926,0.4903616955,0.7826341845,0.3537569191,0.8178313324,0.3696663118,0.7978970728,0.3912581615,194.705865,430.757556,0.3430171965,0,116,1428,3794.983453,0.9511977376,0.5464020728,-0.1175248074
43,0.3,rolling,33964,38596,5000,5000,5000,15874,0.4673772229,0.5326227771,19494,0.5050782465,0.7885221116,0.3685372748,0.8226878301,0.3845055534,0.8027598235,0.405456524,265.6044341,568.2870732,0.3381630339,0,127,1764,3724.084884,0.933427289,0.5316217171,-0.1116368802
43,0.3,rolling,33964,38596,inf,inf,1000000000000,33964,1,0,38596,1,0.9001589919,0.9001589919,0.9161910635,0.9161910635,0.8994455384,0.8994455384,3989.689318,3989.689318,0.2561535744,0.3588799906,6209.5,7128,0,0,0,0
43,0.3,static,33964,38596,1,1,1,1016,0.02991402662,0.9700859734,1227,0.03179085916,0.5816929134,0.01740077729,0.6405347769,0.01916097437,0.586797066,0.01865478288,0.02991402662,1,0.7086614173,0,1,1,2930.480538,0.9999897922,0.8097397244,-0.2454475883
43,0.3,static,33964,38596,10,10,10,5092,0.1499234484,0.8500765516,6469,0.1676080423,0.59564022,0.08930043576,0.6473656935,0.09705529711,0.6030298346,0.10107265,0.588211047,3.923409269,0.5614689709,0,3,8,2929.922241,0.9997992803,0.737840066,-0.2315002818
43,0.3,static,33964,38596,50,50,50,9641,0.2838593805,0.7161406195,11899,0.3082961965,0.6357224354,0.1804557767,0.6798368986,0.1929780809,0.6499705858,0.2003834594,4.027735249,14.18919199,0.4426926667,0,9,36,2926.482717,0.9986255858,0.646684725,-0.1914180663
43,0.3,static,33964,38596,100,100,100,11723,0.3451595807,0.6548404193,14409,0.3733288424,0.6474451932,0.2234719114,0.6890492371,0.2378319458,0.6611839822,0.2468390507,8.549788011,24.77053655,0.4080013648,0,14,70,2921.960664,0.9970824919,0.6036685903,-0.1796953085
43,0.3,static,33964,38596,250,250,250,14832,0.4366976799,0.5633023201,18222,0.4721214634,0.6666666667,0.2911317866,0.7067250293,0.3086251806,0.6804412249,0.3212509068,23.39909905,53.58191748,0.3658980583,0,23,160,2907.111353,0.9920153504,0.5360087151,-0.160473835
43,0.3,static,33964,38596,500,500,500,16682,0.4911671181,0.5088328819,20304,0.5260648772,0.6824121808,0.3351784242,0.7200333075,0.3536566846,0.6948384555,0.3655301067,42.85914498,87.25980098,0.3463613476,0,33,264,2887.651307,0.9853748534,0.4919620775,-0.1447283209
43,0.3,static,33964,38596,1000,1000,1000,18290,0.538511365,0.461488635,22038,0.5709918126,0.6969382176,0.3753091509,0.7320445946,0.3942143339,0.7074598421,0.4039537776,76.67818867,142.3891744,0.3296336796,0,43,461,2853.832264,0.9738345282,0.4518313508,-0.1302022841
43,0.3,static,33964,38596,2000,2000,2000,19670,0.5791426216,0.4208573784,23534,0.6097523059,0.7089984748,0.4106112354,0.7422892206,0.4298913252,0.7180674768,0.4378432998,134.8051466,232.7667514,0.3208439248,0,54,767,2795.705306,0.9539994316,0.4165292663,-0.1181420269
43,0.3,static,33964,38596,3000,3000,3000,20340,0.5988693911,0.4011306089,24267,0.6287439113,0.7152900688,0.428365328,0.7476849706,0.4477656431,0.7237812667,0.4550730646,181.580497,303.2055064,0.3158800393,0,61,1005,2748.929955,0.9380379289,0.3987751737,-0.1118504329
43,0.3,static,33964,38596,4000,4000,4000,20440,0.6018136851,0.3981863149,24378,0.631619857,0.7162915851,0.4310740784,0.7485524609,0.450489115,0.7247108048,0.4577417349,191.8207514,318.7377691,0.3152152642,0,62,1054,2738.689701,0.9345435703,0.3960664233,-0.1108489166
43,0.3,static,33964,38596,5000,5000,5000,20948,0.6167706984,0.3832293016,24925,0.6457923101,0.7222646553,0.4454716759,0.7538386625,0.4649455983,0.7299899699,0.471421909,260.5147215,422.3850487,0.3124403284,0,68,1306,2669.995731,0.9111026131,0.3816688258,-0.1048758464
43,0.3,static,33964,38596,inf,inf,1000000000000,33964,1,0,38596,1,0.8271405017,0.8271405017,0.8466585886,0.8466585886,0.8242563996,0.8242563996,2930.510452,2930.510452,0.2561535744,0.2396949711,565,7128,0,0,0,0
43,0.3,top1,33964,38596,1,1,1,33964,1,0,38596,1,0.2206159463,0.2206159463,0.236674698,0.236674698,0.2254119598,0.2254119598,1,1,0.2561535744,0,1,1,0,0,0,0
43,0.3,top1,33964,38596,10,10,10,33964,1,0,38596,1,0.2206159463,0.2206159463,0.236674698,0.236674698,0.2254119598,0.2254119598,1,1,0.2561535744,0,1,1,0,0,0,0
43,0.3,top1,33964,38596,50,50,50,33964,1,0,38596,1,0.2206159463,0.2206159463,0.236674698,0.236674698,0.2254119598,0.2254119598,1,1,0.2561535744,0,1,1,0,0,0,0
43,0.3,top1,33964,38596,100,100,100,33964,1,0,38596,1,0.2206159463,0.2206159463,0.236674698,0.236674698,0.2254119598,0.2254119598,1,1,0.2561535744,0,1,1,0,0,0,0
43,0.3,top1,33964,38596,250,250,250,33964,1,0,38596,1,0.2206159463,0.2206159463,0.236674698,0.236674698,0.2254119598,0.2254119598,1,1,0.2561535744,0,1,1,0,0,0,0
43,0.3,top1,33964,38596,500,500,500,33964,1,0,38596,1,0.2206159463,0.2206159463,0.236674698,0.236674698,0.2254119598,0.2254119598,1,1,0.2561535744,0,1,1,0,0,0,0
43,0.3,top1,33964,38596,1000,1000,1000,33964,1,0,38596,1,0.2206159463,0.2206159463,0.236674698,0.236674698,0.2254119598,0.2254119598,1,1,0.2561535744,0,1,1,0,0,0,0
43,0.3,top1,33964,38596,2000,2000,2000,33964,1,0,38596,1,0.2206159463,0.2206159463,0.236674698,0.236674698,0.2254119598,0.2254119598,1,1,0.2561535744,0,1,1,0,0,0,0
43,0.3,top1,33964,38596,3000,3000,3000,33964,1,0,38596,1,0.2206159463,0.2206159463,0.236674698,0.236674698,0.2254119598,0.2254119598,1,1,0.2561535744,0,1,1,0,0,0,0
43,0.3,top1,33964,38596,4000,4000,4000,33964,1,0,38596,1,0.2206159463,0.2206159463,0.236674698,0.236674698,0.2254119598,0.2254119598,1,1,0.2561535744,0,1,1,0,0,0,0
43,0.3,top1,33964,38596,5000,5000,5000,33964,1,0,38596,1,0.2206159463,0.2206159463,0.236674698,0.236674698,0.2254119598,0.2254119598,1,1,0.2561535744,0,1,1,0,0,0,0
43,0.3,top1,33964,38596,inf,inf,1000000000000,33964,1,0,38596,1,0.2206159463,0.2206159463,0.236674698,0.236674698,0.2254119598,0.2254119598,1,1,0.2561535744,0,1,1,0,0,0,0
43,0.3,weighted,33964,38596,1,1,1,217,0.00638911789,0.9936108821,262,0.006788268214,0.5023041475,0.003209280415,0.5537634409,0.003538059907,0.5076335878,0.003445952948,0.00638911789,1,0.6129032258,0,1,1,3975.961341,0.9999983931,0.8962725238,-0.3971776568
43,0.3,weighted,33964,38596,10,10,10,2788,0.08208691556,0.9179130844,3709,0.09609804125,0.6513629842,0.05346837828,0.7150602171,0.05869708766,0.6672957671,0.06412581615,0.3915027676,4.769368723,0.637374462,0,4,9,3975.576228,0.9999015327,0.846013426,-0.24811882
43,0.3,weighted,33964,38596,50,50,50,5751,0.1693263455,0.8306736545,7431,0.192532905,0.687532603,0.1164173831,0.7413290077,0.1255265317,0.7086529404,0.1364390092,2.820162525,16.6551904,0.5124326204,0,11,40,3973.147568,0.9992906978,0.7830644212,-0.2119492012
43,0.3,weighted,33964,38596,100,100,100,7341,0.2161406195,0.7838593805,9314,0.2413203441,0.7135267675,0.1542221175,0.7607796108,0.1644353764,0.7325531458,0.1767799772,6.222618066,28.78967443,0.4726876447,0,20,73,3969.745112,0.9984349425,0.7452596867,-0.1859550368
43,0.3,weighted,33964,38596,250,250,250,9828,0.2893652102,0.7106347898,12334,0.3195667945,0.7396214896,0.2140207278,0.7816018644,0.2261683878,0.7574185179,0.2420458079,18.2585679,63.0986976,0.4257224257,0,35,174,3957.709163,0.9954077676,0.6854610764,-0.1598603146
43,0.3,weighted,33964,38596,500,500,500,11445,0.3369744435,0.6630255565,14428,0.3738211214,0.7460899956,0.2514132611,0.7890788058,0.2658993915,0.7658719157,0.2862990984,35.42603934,105.129751,0.3944080384,0,50,305,3940.541691,0.991089958,0.6480685432,-0.1533918086
43,0.3,weighted,33964,38596,1000,1000,1000,13073,0.3849075492,0.6150924508,16385,0.4245258576,0.7585863994,0.2919856318,0.7988982342,0.3075019614,0.7776014648,0.3301119287,70.07702273,182.0619598,0.3666335195,0,71,581.8,3905.890708,0.9823748512,0.6074961724,-0.1408954048
43,0.3,weighted,33964,38596,2000,2000,2000,14637,0.4309563067,0.5690436933,18146,0.4701523474,0.7743390039,0.3337062772,0.8111587039,0.3495739592,0.7908078915,0.3718001865,136.2046284,316.0520598,0.3509598962,0,100,1043.4,3839.763102,0.9657430247,0.565775527,-0.1251428004
43,0.3,weighted,33964,38596,3000,3000,3000,15306,0.4506536333,0.5493463667,18876,0.4890662245,0.7806742454,0.3518136851,0.8161786194,0.3678138602,0.796037296,0.3893149549,183.4067248,406.9793545,0.3431987456,0,113,1352,3792.561006,0.9538711737,0.5476681192,-0.1188075589
43,0.3,weighted,33964,38596,4000,4000,4000,15420,0.4540101284,0.5459898716,18998,0.4922271738,0.7819714656,0.3550229655,0.8172133559,0.3710231406,0.7970839036,0.3923463571,195.1485691,429.8330739,0.342542153,0,115,1421,3780.819161,0.9509179696,0.5444588388,-0.1175103386
43,0.3,weighted,33964,38596,5000,5000,5000,15939,0.469291014,0.530708986,19560,0.5067882682,0.7877533095,0.3696855494,0.8219731444,0.3857446104,0.8018404908,0.4063633537,265.688317,566.1483155,0.3377250769,0,126,1754.2,3710.279413,0.9331764403,0.5297962549,-0.1117284948
43,0.3,weighted,33964,38596,inf,inf,1000000000000,33964,1,0,38596,1,0.8994818043,0.8994818043,0.9156046583,0.9156046583,0.8987200746,0.8987200746,3975.967731,3975.967731,0.2561535744,0.3571428571,6155,7128,0,0,0,0
59,0.3,adaptive,33964,38596,1,1,1,310,0.009127311271,0.9908726887,404,0.01046740595,0.5193548387,0.004740313273,0.5947311828,0.005428296628,0.5321782178,0.005570525443,0.009127311271,1,0.6935483871,0,1,1,4083.555353,0.9999977649,0.8972735838,-0.3826590584
59,0.3,adaptive,33964,38596,10,10,10,2595,0.07640442822,0.9235955718,3545,0.09184889626,0.6281310212,0.04799199152,0.6921438106,0.0528828521,0.6234132581,0.05725981967,0.3286420916,4.301348748,0.6512524085,0,4,8,4083.235838,0.9999195208,0.8540219055,-0.2738828759
59,0.3,adaptive,33964,38596,50,50,50,5402,0.1590507596,0.8409492404,6997,0.1812882164,0.6921510552,0.1100871511,0.7424730431,0.1180909015,0.6985851079,0.1266452482,2.546519845,16.01073676,0.529988893,0,11,38,4081.01796,0.9993763978,0.791926746,-0.2098628419
59,0.3,adaptive,33964,38596,100,100,100,6997,0.2060122483,0.7939877517,8932,0.2314229454,0.717879091,0.1478918855,0.7635566737,0.157302027,0.7266009852,0.1681521401,6.003268166,29.14034586,0.4799199657,0,19,76,4077.561212,0.9985298951,0.7541220115,-0.184134806
59,0.3,adaptive,33964,38596,250,250,250,9285,0.273377694,0.726622306,11659,0.3020779355,0.7406569736,0.2024790955,0.7820451674,0.2137937045,0.7516939703,0.2270701627,17.2197621,62.98890684,0.4291868605,0,35,178,4066.344718,0.9957831541,0.6995348016,-0.1613569235
59,0.3,adaptive,33964,38596,500,500,500,11144,0.3281121187,0.6718878813,14039,0.3637423567,0.7468592965,0.2450535862,0.7877340656,0.2584650932,0.7610228649,0.2768162504,36.83988929,112.2783561,0.3864860014,0,55,327,4046.724591,0.990978497,0.6569603109,-0.1551546006
59,0.3,adaptive,33964,38596,1000,1000,1000,12672,0.3731009304,0.6268990696,15970,0.413773448,0.7559974747,0.2820633612,0.7964767728,0.297166225,0.7713838447,0.3191781532,68.82490284,184.4672506,0.3632417929,0,77,557,4014.739577,0.9831458758,0.6199505359,-0.1460164223
59,0.3,adaptive,33964,38596,2000,2000,2000,14112,0.4154987634,0.5845012366,17569,0.4552026117,0.770904195,0.3203097397,0.8079497589,0.3357021257,0.7839376174,0.3568504508,129.6192145,311.96053,0.3460175737,0,103,1012,3953.945266,0.9682583157,0.5817041573,-0.1311097021
59,0.3,adaptive,33964,38596,3000,3000,3000,14526,0.4276881404,0.5723118596,18029,0.4671209452,0.7750240947,0.3314686138,0.811231837,0.3469542358,0.7875090133,0.3678619546,156.9605465,366.9976594,0.342076277,0,113,1204,3926.603934,0.9615628583,0.5705452832,-0.1269898023
59,0.3,adaptive,33964,38596,4000,4000,4000,14727,0.4336061712,0.5663938288,18246,0.4727432895,0.7778909486,0.3372983159,0.8136045131,0.3527839378,0.7898717527,0.3734065706,179.1210694,413.0962178,0.3406668025,0,117,1318,3904.443411,0.9561360987,0.5647155812,-0.1241229485
59,0.3,adaptive,33964,38596,5000,5000,5000,15463,0.4552761748,0.5447238252,19044,0.4934190072,0.7867166785,0.35817336,0.8209243785,0.3737473108,0.7972589792,0.393382734,276.7829172,607.9450947,0.3346051866,0,138,1803.6,3806.781563,0.9322202653,0.543840537,-0.1152972185
59,0.3,adaptive,33964,38596,inf,inf,1000000000000,33964,1,0,38596,1,0.9020138971,0.9020138971,0.9176958053,0.9176958053,0.8991864442,0.8991864442,4083.56448,4083.56448,0.2530326228,0.3610587681,6455,7128,0,0,0,0
59,0.3,rolling,33964,38596,1,1,1,302,0.008891767754,0.9911082322,395,0.01023422116,0.5165562914,0.004593098575,0.5939293598,0.00528108193,0.5316455696,0.00544097834,0.008891767754,1,0.6953642384,0,1,1,4098.299111,0.9999978304,0.8982746437,-0.3863114509
59,0.3,rolling,33964,38596,10,10,10,2577,0.07587445531,0.9241255447,3524,0.09130479842,0.6274738068,0.04760923331,0.6916750182,0.05248046526,0.6228717367,0.05687117836,0.3282887764,4.326736515,0.6515327901,0,4,8,4097.979714,0.9999198965,0.855258509,-0.2753939356
59,0.3,rolling,33964,38596,50,50,50,5373,0.1581969144,0.8418030856,6965,0.1804591149,0.6925367579,0.1095571782,0.7428511779,0.1175167642,0.6989231874,0.1261270598,2.549110823,16.11353062,0.5304299274,0,11,39,4095.758892,0.999378009,0.7933105641,-0.2103309845
59,0.3,rolling,33964,38596,100,100,100,6938,0.2042751148,0.7957248852,8863,0.2296351954,0.7176419717,0.1465963962,0.7634197241,0.1559476518,0.7263906127,0.1668048502,5.93569662,29.05736523,0.4802536754,0,19,75,4092.372306,0.9985516714,0.7562713461,-0.1852257706
59,0.3,rolling,33964,38596,250,250,250,9232,0.2718172182,0.7281827818,11590,0.3002901855,0.742092721,0.2017135791,0.7831047132,0.2128613447,0.7526315789,0.2260078765,17.17221175,63.17558492,0.4307842288,0,35,178,4081.135791,0.9958099265,0.7011541632,-0.1607750213
59,0.3,rolling,33964,38596,500,500,500,11090,0.3265222,0.6734778,13974,0.3620582444,0.7477006312,0.244140855,0.7884888873,0.2574591261,0.7616287391,0.2757539641,36.82979037,112.7941389,0.3872858431,0,55,329,4061.478212,0.9910134157,0.6587268873,-0.1551671111
59,0.3,rolling,33964,38596,1000,1000,1000,12616,0.3714521258,0.6285478742,15908,0.4121670639,0.7568960051,0.2811506301,0.7972247145,0.2961308149,0.7721272316,0.318245414,68.89061948,185.4629835,0.3638237159,0,77,559,4029.417383,0.9831904729,0.6217171122,-0.1459717372
59,0.3,rolling,33964,38596,2000,2000,2000,14045,0.4135260864,0.5864739136,17496,0.453311224,0.7716625133,0.3191025792,0.8086711996,0.3344066364,0.7845793324,0.3556586175,129.3356495,312.7629761,0.346244215,0,104,1016,3968.972353,0.9684416961,0.5837651631,-0.131205229
59,0.3,rolling,33964,38596,3000,3000,3000,14442,0.4252149335,0.5747850665,17926,0.4644522748,0.775862069,0.329908138,0.8119688177,0.3452612668,0.7880731898,0.3660223857,155.715699,366.2046808,0.3428195541,0,113,1201,3942.592304,0.9620048813,0.5729596043,-0.1270056733
59,0.3,rolling,33964,38596,4000,4000,4000,14650,0.4313390649,0.5686609351,18153,0.4703337133,0.7786348123,0.3358556118,0.8142630488,0.351223462,0.7903927725,0.3717483677,178.685991,414.2587713,0.3411604096,0,118,1316,3919.622012,0.956400058,0.5670121305,-0.12423293
59,0.3,rolling,33964,38596,5000,5000,5000,15400,0.4534212696,0.5465787304,18978,0.4917089854,0.7876623377,0.3571428571,0.821750238,0.3725990362,0.7980819897,0.3924240854,278.0830585,613.2995455,0.3348051948,0,139,1811,3820.224944,0.932146862,0.5457248852,-0.1152054047
59,0.3,rolling,33964,38596,inf,inf,1000000000000,33964,1,0,38596,1,0.9028677423,0.9028677423,0.9184318788,0.9184318788,0.8999637268,0.8999637268,4098.308003,4098.308003,0.2530326228,0.3631197739,6492,7128,0,0,0,0
59,0.3,static,33964,38596,1,1,1,1130,0.03327052173,0.9667294783,1418,0.0367395585,0.5530973451,0.01840183724,0.6154818092,0.02047740091,0.5521861777,0.02028707638,0.03327052173,1,0.692920354,0,1,1,2929.300995,0.9999886423,0.8033506065,-0.2686550986
59,0.3,static,33964,38596,10,10,10,5151,0.1516605818,0.8483394182,6571,0.1702508032,0.5894001165,0.08938876457,0.6406819604,0.09716619885,0.5913863948,0.1006840087,0.5668354729,3.737526694,0.5610561056,0,3,8,2928.76743,0.9998064968,0.7323636792,-0.2323523273
59,0.3,static,33964,38596,50,50,50,9607,0.2828583206,0.7171416794,11821,0.3062752617,0.632559592,0.1789247438,0.6749756295,0.190922473,0.6425852297,0.1968079594,4.048256978,14.31196003,0.439887582,0,9,38,2925.286009,0.9986180283,0.6428276999,-0.1891928518
59,0.3,static,33964,38596,100,100,100,11844,0.3487221764,0.6512778236,14451,0.374417038,0.6436170213,0.2244435284,0.6839432798,0.2385061891,0.6553871704,0.2453881231,8.863060888,25.41582236,0.4019756839,0,14,71,2920.471205,0.9969743771,0.5973089153,-0.1781354225
59,0.3,static,33964,38596,250,250,250,14991,0.4413791073,0.5586208927,18386,0.4763706084,0.6583283303,0.2905723707,0.6989322429,0.3084940894,0.6732840205,0.3207327184,23.87845955,54.0996598,0.3578146888,0,26,159,2905.455806,0.991848503,0.531180073,-0.1634241134
59,0.3,static,33964,38596,500,500,500,16767,0.493669768,0.506330232,20424,0.5291740077,0.6719150713,0.3317041573,0.7103181467,0.3506625947,0.6852232667,0.3626023422,42.69835708,86.49173973,0.3396552752,0,34,260,2886.635909,0.98542387,0.4900482864,-0.1498373725
59,0.3,static,33964,38596,1000,1000,1000,18344,0.5401012837,0.4598987163,22121,0.5731422945,0.6870366332,0.3710693676,0.7228742022,0.3904252846,0.698340943,0.4002487304,75.98383583,140.68442,0.3267553423,0,44,452,2853.35043,0.9740610566,0.4506830762,-0.1347158105
59,0.3,static,33964,38596,2000,2000,2000,19730,0.580909198,0.419090802,23634,0.612343248,0.7002534212,0.4067836533,0.734232355,0.4265223285,0.7101210121,0.434837807,133.5786126,229.9474911,0.3170299037,0,55,764,2795.755653,0.9543996688,0.4149687905,-0.1214990226
59,0.3,static,33964,38596,3000,3000,3000,20145,0.5931280179,0.4068719821,24085,0.6240283967,0.7037974684,0.4174419974,0.7372873847,0.4373058051,0.713265518,0.4450979376,161.281239,271.9164061,0.3144700918,0,58,904.6,2768.053027,0.9449426988,0.4043104464,-0.1179549754
59,0.3,static,33964,38596,4000,4000,4000,20306,0.5978683312,0.4021316688,24260,0.6285625453,0.705702748,0.4219173242,0.7389517564,0.4417958534,0.7149629019,0.4493989014,178.9405253,299.2975475,0.3136511376,0,60,969.5,2750.39374,0.9389142689,0.3998351195,-0.1160496958
59,0.3,static,33964,38596,5000,5000,5000,20993,0.6180956307,0.3819043693,24990,0.6474764224,0.7140475397,0.4413496644,0.7462561028,0.4612576365,0.7221688675,0.4675873147,270.0398657,436.8901062,0.3089124946,0,67,1266,2659.2944,0.9078152777,0.3804027794,-0.1077049041
59,0.3,static,33964,38596,inf,inf,1000000000000,33964,1,0,38596,1,0.8217524438,0.8217524438,0.8416604159,0.8416604159,0.8187895119,0.8187895119,2929.334266,2929.334266,0.2530326228,0.2360440466,547,7128,0,0,0,0
59,0.3,top1,33964,38596,1,1,1,33964,1,0,38596,1,0.2177599812,0.2177599812,0.2336320506,0.2336320506,0.2226655612,0.2226655612,1,1,0.2530326228,0,1,1,0,0,0,0
59,0.3,top1,33964,38596,10,10,10,33964,1,0,38596,1,0.2177599812,0.2177599812,0.2336320506,0.2336320506,0.2226655612,0.2226655612,1,1,0.2530326228,0,1,1,0,0,0,0
59,0.3,top1,33964,38596,50,50,50,33964,1,0,38596,1,0.2177599812,0.2177599812,0.2336320506,0.2336320506,0.2226655612,0.2226655612,1,1,0.2530326228,0,1,1,0,0,0,0
59,0.3,top1,33964,38596,100,100,100,33964,1,0,38596,1,0.2177599812,0.2177599812,0.2336320506,0.2336320506,0.2226655612,0.2226655612,1,1,0.2530326228,0,1,1,0,0,0,0
59,0.3,top1,33964,38596,250,250,250,33964,1,0,38596,1,0.2177599812,0.2177599812,0.2336320506,0.2336320506,0.2226655612,0.2226655612,1,1,0.2530326228,0,1,1,0,0,0,0
59,0.3,top1,33964,38596,500,500,500,33964,1,0,38596,1,0.2177599812,0.2177599812,0.2336320506,0.2336320506,0.2226655612,0.2226655612,1,1,0.2530326228,0,1,1,0,0,0,0
59,0.3,top1,33964,38596,1000,1000,1000,33964,1,0,38596,1,0.2177599812,0.2177599812,0.2336320506,0.2336320506,0.2226655612,0.2226655612,1,1,0.2530326228,0,1,1,0,0,0,0
59,0.3,top1,33964,38596,2000,2000,2000,33964,1,0,38596,1,0.2177599812,0.2177599812,0.2336320506,0.2336320506,0.2226655612,0.2226655612,1,1,0.2530326228,0,1,1,0,0,0,0
59,0.3,top1,33964,38596,3000,3000,3000,33964,1,0,38596,1,0.2177599812,0.2177599812,0.2336320506,0.2336320506,0.2226655612,0.2226655612,1,1,0.2530326228,0,1,1,0,0,0,0
59,0.3,top1,33964,38596,4000,4000,4000,33964,1,0,38596,1,0.2177599812,0.2177599812,0.2336320506,0.2336320506,0.2226655612,0.2226655612,1,1,0.2530326228,0,1,1,0,0,0,0
59,0.3,top1,33964,38596,5000,5000,5000,33964,1,0,38596,1,0.2177599812,0.2177599812,0.2336320506,0.2336320506,0.2226655612,0.2226655612,1,1,0.2530326228,0,1,1,0,0,0,0
59,0.3,top1,33964,38596,inf,inf,1000000000000,33964,1,0,38596,1,0.2177599812,0.2177599812,0.2336320506,0.2336320506,0.2226655612,0.2226655612,1,1,0.2530326228,0,1,1,0,0,0,0
59,0.3,weighted,33964,38596,1,1,1,310,0.009127311271,0.9908726887,404,0.01046740595,0.5193548387,0.004740313273,0.5947311828,0.005428296628,0.5321782178,0.005570525443,0.009127311271,1,0.6935483871,0,1,1,4081.988193,0.999997764,0.897155812,-0.3825412866
59,0.3,weighted,33964,38596,10,10,10,2600,0.07655164292,0.9234483571,3553,0.09205617162,0.6284615385,0.04810976328,0.6923512264,0.05300062385,0.6239797354,0.05744118562,0.3292898363,4.301538462,0.6515384615,0,4,8,4081.668031,0.9999193312,0.853786362,-0.2734345868
59,0.3,weighted,33964,38596,50,50,50,5403,0.1590802026,0.8409197974,6998,0.1813141258,0.6920229502,0.1100871511,0.7423356245,0.1180909015,0.6984852815,0.1266452482,2.542162289,15.98038127,0.529705719,0,11,38,4079.455158,0.9993772259,0.7918089742,-0.2098731751
59,0.3,weighted,33964,38596,100,100,100,7006,0.2062772347,0.7937227653,8944,0.2317338584,0.7180987725,0.148127429,0.7638604119,0.1575670135,0.7268559928,0.1684371437,6.01622306,29.1657151,0.4797316586,0,19,76,4075.981098,0.998526157,0.7537686963,-0.1837973528
59,0.3,weighted,33964,38596,250,250,250,9290,0.2735249087,0.7264750913,11665,0.3022333921,0.7406889128,0.2025968673,0.7820548309,0.2139114762,0.7517359623,0.2271997098,17.22049817,62.95769645,0.4291711518,0,35,178,4064.776823,0.9957813549,0.699299258,-0.1612072125
59,0.3,weighted,33964,38596,500,500,500,11155,0.328435991,0.671564009,14056,0.3641828169,0.7465710444,0.2452008008,0.7874652706,0.2586319366,0.7608850313,0.277101254,36.91697091,112.4023308,0.3862841775,0,55,327,4045.08035,0.9909561501,0.6566953245,-0.1553250809
59,0.3,weighted,33964,38596,1000,1000,1000,12676,0.3732187022,0.6267812978,15975,0.4139029951,0.7558378037,0.2820928041,0.7963043282,0.2971956679,0.7712676056,0.319229972,68.74802732,184.2030609,0.3632849479,0,76.5,555.5,4013.249293,0.983158238,0.6198033212,-0.1460583216
59,0.3,weighted,33964,38596,2000,2000,2000,14119,0.415704864,0.584295136,17576,0.4553839776,0.7708052978,0.3204275115,0.8078324951,0.3358198975,0.7838529813,0.3569540885,129.6580497,311.8992847,0.3459876762,0,103,1012,3952.339271,0.9682366157,0.5814686138,-0.1310908275
59,0.3,weighted,33964,38596,3000,3000,3000,14536,0.4279825698,0.5720174302,18039,0.4673800394,0.7749036874,0.3316452715,0.8110865207,0.3471308934,0.7874050668,0.3680174111,157.2400188,367.3981838,0.3420473308,0,113,1207,3924.757302,0.9614796369,0.5702508538,-0.1269924379
59,0.3,weighted,33964,38596,4000,4000,4000,14735,0.4338417148,0.5661582852,18255,0.4729764742,0.777672209,0.3373866447,0.8134116275,0.3528918953,0.7897014517,0.3735102083,179.1812802,413.0107228,0.3407533084,0,117,1318,3902.816041,0.9561045081,0.5645094806,-0.1242239163
59,0.3,weighted,33964,38596,5000,5000,5000,15469,0.4554528324,0.5445471676,19050,0.4935744637,0.7865408236,0.3582322459,0.8207352553,0.3738061967,0.7971128609,0.3934345528,276.5780532,607.2594867,0.3345400478,0,137,1798,3805.419267,0.9322444305,0.5436638794,-0.1153553017
59,0.3,weighted,33964,38596,inf,inf,1000000000000,33964,1,0,38596,1,0.9018961253,0.9018961253,0.9175780335,0.9175780335,0.8990828065,0.8990828065,4081.997321,4081.997321,0.2530326228,0.3609409963,6451,7128,0,0,0,0
71,0.3,adaptive,33964,38596,1,1,1,454,0.01336709457,0.9866329054,639,0.01655611981,0.4801762115,0.006418560829,0.5534140969,0.00739753857,0.4663536776,0.007721007358,0.01336709457,1,0.6563876652,0,1,1,3952.768843,0.9999966183,0.893269344,-0.4195116934
71,0.3,adaptive,33964,38596,10,10,10,2657,0.07822989047,0.9217701095,3377,0.08749611359,0.6744448626,0.05276174773,0.7226069502,0.05652946257,0.6716020136,0.05876256607,0.3107407844,3.97214904,0.6556266466,0,3,8,3952.47147,0.9999213868,0.8469261571,-0.2252430422
71,0.3,adaptive,33964,38596,50,50,50,5649,0.1663231657,0.8336768343,7286,0.188776039,0.687732342,0.1143858203,0.7376207897,0.1226834248,0.7021685424,0.1325525961,2.800553527,16.83802443,0.5183218269,0,12,40,3949.981657,0.9992914981,0.7853020846,-0.2119555628
71,0.3,adaptive,33964,38596,100,100,100,7484,0.2203509598,0.7796490402,9517,0.2465799565,0.7169962587,0.1579908138,0.7623668058,0.1679882574,0.7320584218,0.1805109338,6.890148392,31.26897381,0.4740780331,0,22,80,3945.892062,0.9982568864,0.741697091,-0.1826916462
71,0.3,adaptive,33964,38596,250,250,250,9718,0.2861264869,0.7138735131,12164,0.315162193,0.7410989916,0.2120480509,0.7803409317,0.2232762094,0.7555080566,0.2381075759,17.47576846,61.07707347,0.4227207244,0,36,162,3935.306442,0.9955788689,0.687639854,-0.1585889133
71,0.3,adaptive,33964,38596,500,500,500,11587,0.3411553409,0.6588446591,14572,0.3775520779,0.7491153879,0.2555647156,0.7892169111,0.2692455644,0.7660581938,0.2892268629,37.36029325,109.51109,0.3894019159,0,55,327.4,3915.421917,0.9905483552,0.6441231893,-0.1505725169
71,0.3,adaptive,33964,38596,1000,1000,1000,13250,0.3901189495,0.6098810505,16563,0.4291377345,0.7628679245,0.2976092333,0.8005507038,0.3123099996,0.7789047878,0.334257436,72.34330468,185.4390943,0.3669433962,0,77,574,3880.438906,0.9816981304,0.6020786715,-0.1368199803
71,0.3,adaptive,33964,38596,2000,2000,2000,14714,0.433223413,0.566776587,18204,0.4716550938,0.7757238005,0.3360617124,0.8106993448,0.3512139371,0.7898813448,0.3725515597,134.1540455,309.664809,0.3521815958,0,97,995.7,3818.628165,0.9660608558,0.5636261924,-0.1239641044
71,0.3,adaptive,33964,38596,3000,3000,3000,15004,0.4417618655,0.5582381345,18528,0.4800497461,0.778192482,0.3437757626,0.8126364186,0.3589917803,0.7920444732,0.3802207483,153.3622659,347.1604905,0.3495067982,0,101,1136,3799.419945,0.9612014379,0.5559121423,-0.1214954228
71,0.3,adaptive,33964,38596,4000,4000,4000,15282,0.4499470027,0.5500529973,18826,0.4877707534,0.7814422196,0.3516075845,0.8153250115,0.3668530451,0.7946988208,0.3876308426,184.2903368,409.5823191,0.3463551891,0,106,1269,3768.491874,0.9533770577,0.5480803203,-0.1182456852
71,0.3,adaptive,33964,38596,5000,5000,5000,16117,0.4745318573,0.5254681427,19758,0.5119183335,0.7914003847,0.3755446944,0.8236725295,0.3908588552,0.8032695617,0.4112084154,294.8544341,621.3585655,0.3387727245,0,124,1791.2,3657.927776,0.9254058487,0.5241432105,-0.1082875202
71,0.3,adaptive,33964,38596,inf,inf,1000000000000,33964,1,0,38596,1,0.8996879048,0.8996879048,0.9151198374,0.9151198374,0.8980982485,0.8980982485,3952.782211,3952.782211,0.2513838182,0.324578966,5828.5,7128,0,0,0,0
71,0.3,rolling,33964,38596,1,1,1,441,0.01298433636,0.9870156636,619,0.01603793139,0.4829931973,0.006271346131,0.5570672714,0.007233148824,0.4701130856,0.007539641414,0.01298433636,1,0.6598639456,0,1,1,3973.442351,0.9999967322,0.8944470616,-0.4177252104
71,0.3,rolling,33964,38596,10,10,10,2631,0.07746437404,0.922535626,3342,0.08658928386,0.6765488407,0.05240843246,0.7243316863,0.05610990068,0.6732495512,0.0582961965,0.3092391944,3.992018244,0.6571645762,0,3,8,3973.146096,0.9999221737,0.8483099753,-0.224169567
71,0.3,rolling,33964,38596,50,50,50,5589,0.1645565893,0.8354434107,7216,0.1869623795,0.6895687958,0.1134730892,0.7396200587,0.1217093543,0.7041297118,0.1316457664,2.775998116,16.86956522,0.5195920558,0,12,40,3970.679337,0.9993013642,0.7872453186,-0.2111496119
71,0.3,rolling,33964,38596,100,100,100,7402,0.2179366388,0.7820633612,9425,0.2441962898,0.7177789787,0.156430338,0.7632806234,0.1663468135,0.7330503979,0.1790081874,6.819603109,31.29167792,0.4750067549,0,22,80,3966.635732,0.9982837096,0.7442880697,-0.1829394291
71,0.3,rolling,33964,38596,250,250,250,9644,0.2839477093,0.7160522907,12077,0.3129080734,0.7430526752,0.2109881051,0.7823624196,0.2221500169,0.7573072783,0.2369675614,17.41005182,61.31428868,0.4233720448,0,37,162,3956.045283,0.9956184101,0.6897303027,-0.1576657325
71,0.3,rolling,33964,38596,500,500,500,11500,0.3385938052,0.6614061948,14468,0.3748574982,0.749826087,0.253886468,0.7899614217,0.2674760437,0.7670721592,0.2875427505,37.19450006,109.849913,0.39,0,55,328,3936.260835,0.9906392555,0.6468319397,-0.1508923208
71,0.3,rolling,33964,38596,1000,1000,1000,13167,0.3876751855,0.6123248145,16468,0.4266763395,0.763803448,0.2961076434,0.8013744076,0.3106729721,0.779997571,0.3328065084,72.3815805,186.7067669,0.3675096833,0,78,572.4,3901.073755,0.9817837186,0.6046107643,-0.1369149597
71,0.3,rolling,33964,38596,2000,2000,2000,14621,0.4304852196,0.5695147804,18106,0.4691159706,0.7773066138,0.3346190084,0.8122242089,0.349650517,0.7915608086,0.371333817,133.8623837,310.9569797,0.3531222215,0,98,998,3839.592951,0.9663108372,0.5660993994,-0.123411794
71,0.3,rolling,33964,38596,3000,3000,3000,14897,0.438611471,0.561388529,18410,0.4769924344,0.7792172921,0.3417736427,0.8135215251,0.3568198728,0.7932102118,0.37835527,151.9797138,346.5019131,0.3500033564,0,102,1127.4,3821.475621,0.9617512465,0.558944765,-0.1215011157
71,0.3,rolling,33964,38596,4000,4000,4000,15184,0.4470615946,0.5529384054,18721,0.4850502643,0.7822708114,0.3497232364,0.8161022672,0.364847981,0.7957374072,0.3859726397,183.7855376,411.0966807,0.3471417281,0,107,1275,3789.669797,0.9537466708,0.5509951714,-0.1184475963
71,0.3,rolling,33964,38596,5000,5000,5000,16005,0.471234248,0.528765752,19642,0.5089128407,0.7921899406,0.373307031,0.8244005098,0.3884857543,0.8042969148,0.4093170277,292.4972324,620.7045298,0.3386441737,0,125,1784.6,3680.958103,0.926387185,0.5274113768,-0.1085284671
71,0.3,rolling,33964,38596,inf,inf,1000000000000,33964,1,0,38596,1,0.9007184077,0.9007184077,0.9160296243,0.9160296243,0.8991864442,0.8991864442,3973.455335,3973.455335,0.2513838182,0.3268166294,5918.5,7128,0,0,0,0
71,0.3,static,33964,38596,1,1,1,1209,0.03559651396,0.964403486,1598,0.04140325422,0.5277088503,0.01878459545,0.5896884478,0.02099085306,0.5087609512,0.021064359,0.03559651396,1,0.6724565757,0,1,1,2849.923566,0.9999875098,0.8026734189,-0.2937491641
71,0.3,static,33964,38596,10,10,10,4973,0.1464197385,0.8535802615,6232,0.1614675096,0.5962195858,0.08729831586,0.6454050284,0.09450003552,0.5998074454,0.09684941445,0.5596513956,3.822240097,0.5570078423,0,3,8,2849.399511,0.9998036283,0.7341596985,-0.2252384286
71,0.3,static,33964,38596,50,50,50,9491,0.2794429396,0.7205570604,11690,0.3028811276,0.6297545043,0.1759804499,0.6743066531,0.1884302333,0.6429426861,0.1947352057,4.033535508,14.43420082,0.4466336529,0,9,37,2845.925627,0.9985847041,0.6454775645,-0.1917035101
71,0.3,static,33964,38596,100,100,100,11789,0.3471028147,0.6528971853,14390,0.3728365634,0.647807278,0.2248557296,0.6890147124,0.2391589461,0.6602501737,0.2461654057,8.976180662,25.86029349,0.4051234201,0,15,71,2840.982982,0.9968504178,0.5966022848,-0.1736507364
71,0.3,static,33964,38596,250,250,250,14995,0.441496879,0.558503121,18369,0.4759301482,0.6657552518,0.2939288659,0.7060810217,0.3117325674,0.6794599597,0.3233754793,24.2351902,54.89323108,0.3669889963,0,26,159,2825.723972,0.9914963026,0.5275291485,-0.1557027626
71,0.3,static,33964,38596,500,500,500,17001,0.5005594159,0.4994405841,20649,0.5350036273,0.6807246633,0.3407431398,0.7185235136,0.3596637102,0.6939319095,0.3712560887,45.25630079,90.41144639,0.3462149285,0,37,276,2804.702862,0.9841203687,0.4807148746,-0.1407333511
71,0.3,static,33964,38596,1000,1000,1000,18798,0.5534683783,0.4465316217,22611,0.5858379107,0.6933716353,0.3837592745,0.7286387694,0.4032785181,0.7053646455,0.4132293502,83.29625486,150.4986701,0.3278008299,0,49,485,2766.662908,0.9707728251,0.4376987398,-0.1280863791
71,0.3,static,33964,38596,2000,2000,2000,20274,0.5969261571,0.4030738429,24235,0.6279148098,0.7068166124,0.4219173242,0.7401812627,0.4418335567,0.717433464,0.4504870971,145.8198975,244.2846503,0.3163657887,0,62,800,2704.139265,0.9488343905,0.3995406901,-0.114641402
71,0.3,static,33964,38596,3000,3000,3000,20557,0.605258509,0.394741491,24541,0.6358430925,0.7091501678,0.4292191732,0.7421892747,0.4492163738,0.7194898333,0.4574826407,164.5755211,271.9094712,0.3150265117,0,65,895,2685.383642,0.9422533757,0.3922388411,-0.1123078465
71,0.3,static,33964,38596,4000,4000,4000,20780,0.6118242845,0.3881757155,24790,0.6422945383,0.7118383061,0.4355199623,0.7445469163,0.4555318844,0.7219443324,0.4637009016,189.1467436,309.1520693,0.3137151107,0,66,968.1,2660.812419,0.9336317706,0.3859380521,-0.1096197083
71,0.3,static,33964,38596,5000,5000,5000,21373,0.6292839477,0.3707160523,25435,0.6590061146,0.7186637346,0.452243552,0.7506129971,0.47234871,0.7280125811,0.4797647425,267.7818278,425.5341786,0.3096430075,0,73,1222.8,2582.177335,0.9060401176,0.3692144624,-0.1027942797
71,0.3,static,33964,38596,inf,inf,1000000000000,33964,1,0,38596,1,0.8214580144,0.8214580144,0.8416662227,0.8416662227,0.8194372474,0.8194372474,2849.959163,2849.959163,0.2513838182,0.2198504299,495,7128,0,0,0,0
71,0.3,top1,33964,38596,1,1,1,33964,1,0,38596,1,0.2165233777,0.2165233777,0.232207433,0.232207433,0.2212146336,0.2212146336,1,1,0.2513838182,0,1,1,0,0,0,0
71,0.3,top1,33964,38596,10,10,10,33964,1,0,38596,1,0.2165233777,0.2165233777,0.232207433,0.232207433,0.2212146336,0.2212146336,1,1,0.2513838182,0,1,1,0,0,0,0
71,0.3,top1,33964,38596,50,50,50,33964,1,0,38596,1,0.2165233777,0.2165233777,0.232207433,0.232207433,0.2212146336,0.2212146336,1,1,0.2513838182,0,1,1,0,0,0,0
71,0.3,top1,33964,38596,100,100,100,33964,1,0,38596,1,0.2165233777,0.2165233777,0.232207433,0.232207433,0.2212146336,0.2212146336,1,1,0.2513838182,0,1,1,0,0,0,0
71,0.3,top1,33964,38596,250,250,250,33964,1,0,38596,1,0.2165233777,0.2165233777,0.232207433,0.232207433,0.2212146336,0.2212146336,1,1,0.2513838182,0,1,1,0,0,0,0
71,0.3,top1,33964,38596,500,500,500,33964,1,0,38596,1,0.2165233777,0.2165233777,0.232207433,0.232207433,0.2212146336,0.2212146336,1,1,0.2513838182,0,1,1,0,0,0,0
71,0.3,top1,33964,38596,1000,1000,1000,33964,1,0,38596,1,0.2165233777,0.2165233777,0.232207433,0.232207433,0.2212146336,0.2212146336,1,1,0.2513838182,0,1,1,0,0,0,0
71,0.3,top1,33964,38596,2000,2000,2000,33964,1,0,38596,1,0.2165233777,0.2165233777,0.232207433,0.232207433,0.2212146336,0.2212146336,1,1,0.2513838182,0,1,1,0,0,0,0
71,0.3,top1,33964,38596,3000,3000,3000,33964,1,0,38596,1,0.2165233777,0.2165233777,0.232207433,0.232207433,0.2212146336,0.2212146336,1,1,0.2513838182,0,1,1,0,0,0,0
71,0.3,top1,33964,38596,4000,4000,4000,33964,1,0,38596,1,0.2165233777,0.2165233777,0.232207433,0.232207433,0.2212146336,0.2212146336,1,1,0.2513838182,0,1,1,0,0,0,0
71,0.3,top1,33964,38596,5000,5000,5000,33964,1,0,38596,1,0.2165233777,0.2165233777,0.232207433,0.232207433,0.2212146336,0.2212146336,1,1,0.2513838182,0,1,1,0,0,0,0
71,0.3,top1,33964,38596,inf,inf,1000000000000,33964,1,0,38596,1,0.2165233777,0.2165233777,0.232207433,0.232207433,0.2212146336,0.2212146336,1,1,0.2513838182,0,1,1,0,0,0,0
71,0.3,weighted,33964,38596,1,1,1,454,0.01336709457,0.9866329054,639,0.01655611981,0.4801762115,0.006418560829,0.5534140969,0.00739753857,0.4663536776,0.007721007358,0.01336709457,1,0.6563876652,0,1,1,3952.768843,0.9999966183,0.893269344,-0.4195116934
71,0.3,weighted,33964,38596,10,10,10,2657,0.07822989047,0.9217701095,3377,0.08749611359,0.6744448626,0.05276174773,0.7226069502,0.05652946257,0.6716020136,0.05876256607,0.3107407844,3.97214904,0.6556266466,0,3,8,3952.47147,0.9999213868,0.8469261571,-0.2252430422
71,0.3,weighted,33964,38596,50,50,50,5649,0.1663231657,0.8336768343,7286,0.188776039,0.687732342,0.1143858203,0.7376207897,0.1226834248,0.7021685424,0.1325525961,2.800553527,16.83802443,0.5183218269,0,12,40,3949.981657,0.9992914981,0.7853020846,-0.2119555628
71,0.3,weighted,33964,38596,100,100,100,7484,0.2203509598,0.7796490402,9517,0.2465799565,0.7169962587,0.1579908138,0.7623668058,0.1679882574,0.7320584218,0.1805109338,6.890148392,31.26897381,0.4740780331,0,22,80,3945.892062,0.9982568864,0.741697091,-0.1826916462
71,0.3,weighted,33964,38596,250,250,250,9718,0.2861264869,0.7138735131,12164,0.315162193,0.7410989916,0.2120480509,0.7803409317,0.2232762094,0.7555080566,0.2381075759,17.47576846,61.07707347,0.4227207244,0,36,162,3935.306442,0.9955788689,0.687639854,-0.1585889133
71,0.3,weighted,33964,38596,500,500,500,11587,0.3411553409,0.6588446591,14572,0.3775520779,0.7491153879,0.2555647156,0.7892169111,0.2692455644,0.7660581938,0.2892268629,37.36029325,109.51109,0.3894019159,0,55,327.4,3915.421917,0.9905483552,0.6441231893,-0.1505725169
71,0.3,weighted,33964,38596,1000,1000,1000,13250,0.3901189495,0.6098810505,16563,0.4291377345,0.7628679245,0.2976092333,0.8005507038,0.3123099996,0.7789047878,0.334257436,72.34330468,185.4390943,0.3669433962,0,77,574,3880.438906,0.9816981304,0.6020786715,-0.1368199803
71,0.3,weighted,33964,38596,2000,2000,2000,14714,0.433223413,0.566776587,18204,0.4716550938,0.7757238005,0.3360617124,0.8106993448,0.3512139371,0.7898813448,0.3725515597,134.1540455,309.664809,0.3521815958,0,97,995.7,3818.628165,0.9660608558,0.5636261924,-0.1239641044
71,0.3,weighted,33964,38596,3000,3000,3000,15004,0.4417618655,0.5582381345,18528,0.4800497461,0.778192482,0.3437757626,0.8126364186,0.3589917803,0.7920444732,0.3802207483,153.3622659,347.1604905,0.3495067982,0,101,1136,3799.419945,0.9612014379,0.5559121423,-0.1214954228
71,0.3,weighted,33964,38596,4000,4000,4000,15282,0.4499470027,0.5500529973,18826,0.4877707534,0.7814422196,0.3516075845,0.8153250115,0.3668530451,0.7946988208,0.3876308426,184.2903368,409.5823191,0.3463551891,0,106,1269,3768.491874,0.9533770577,0.5480803203,-0.1182456852
71,0.3,weighted,33964,38596,5000,5000,5000,16117,0.4745318573,0.5254681427,19758,0.5119183335,0.7914003847,0.3755446944,0.8236725295,0.3908588552,0.8032695617,0.4112084154,294.8544341,621.3585655,0.3387727245,0,124,1791.2,3657.927776,0.9254058487,0.5241432105,-0.1082875202
71,0.3,weighted,33964,38596,inf,inf,1000000000000,33964,1,0,38596,1,0.8996879048,0.8996879048,0.9151198374,0.9151198374,0.8980982485,0.8980982485,3952.782211,3952.782211,0.2513838182,0.324578966,5828.5,7128,0,0,0,0
