seed,deletion_rate,method,timestamp,threshold,threshold_units,pool_score_count,pool_span_blocks,label_row_count,unique_query_count,observed_label_coverage,full_set_coverage,partial_answer_recall,mean_size,median_size,p90_size,singleton_rate,full_vocabulary_set_rate
17,0,margin_static,292,14.88379383,score_margin,11270,22,730,658,0.8835616438,0.8920972644,0.9023302938,3582.006079,3436,7128,0.01367781155,0.3054711246
17,0,margin_rolling,292,14.94489861,score_margin,1000,3,730,658,0.8863013699,0.8936170213,0.9043566363,3600.414894,4028,7128,0.01367781155,0.3085106383
17,0,rank_static,292,3547,rank,11270,22,730,658,0.9,0.8951367781,0.8981762918,3547,3547,3547,0,0
17,0,rank_expanding,292,3547,rank,11270,22,730,658,0.9,0.8951367781,0.8981762918,3547,3547,3547,0,0
17,0,rank_rolling,292,2598,rank,1000,3,730,658,0.8602739726,0.8571428571,0.8624620061,2598,2598,2598,0,0
17,0,margin_static,293,14.88379383,score_margin,12000,23,658,581,0.9164133739,0.9208261618,0.934595525,3834.69191,5213,7128,0.008605851979,0.3166953528
17,0,margin_rolling,293,15.21575308,score_margin,1000,2,658,581,0.9209726444,0.9242685026,0.9388984509,3948.359725,5721,7128,0.008605851979,0.3253012048
17,0,rank_static,293,3547,rank,12000,23,658,581,0.8799392097,0.8691910499,0.8780837636,3547,3547,3547,0,0
17,0,rank_expanding,293,3547,rank,12000,23,658,581,0.8799392097,0.8691910499,0.8780837636,3547,3547,3547,0,0
17,0,rank_rolling,293,3067,rank,1000,2,658,581,0.8556231003,0.8416523236,0.8505450373,3067,3067,3067,0,0
17,0,margin_static,294,14.88379383,score_margin,12658,24,618,538,0.8446601942,0.8364312268,0.8649628253,3704.864312,4256.5,7128,0.01858736059,0.312267658
17,0,margin_rolling,294,15.27624702,score_margin,1000,2,618,538,0.857605178,0.8513011152,0.8770446097,3841.830855,5077.5,7128,0.01858736059,0.3271375465
17,0,rank_static,294,3547,rank,12658,24,618,538,0.8689320388,0.8513011152,0.8559479554,3547,3547,3547,0,0
17,0,rank_expanding,294,3581,rank,12658,24,618,538,0.8689320388,0.8513011152,0.8559479554,3581,3581,3581,0,0
17,0,rank_rolling,294,3871,rank,1000,2,618,538,0.8737864078,0.8568773234,0.8615241636,3871,3871,3871,0,0
17,0,margin_static,295,14.88379383,score_margin,13276,25,666,578,0.8858858859,0.8875432526,0.9095155709,3645.058824,3212,7128,0.01384083045,0.2993079585
17,0,margin_rolling,295,16.07439041,score_margin,1000,2,666,578,0.9114114114,0.9134948097,0.9351787774,4119.16609,6059.5,7128,0.006920415225,0.3425605536
17,0,rank_static,295,3547,rank,13276,25,666,578,0.9084084084,0.8944636678,0.8985005767,3547,3547,3547,0,0
17,0,rank_expanding,295,3659,rank,13276,25,666,578,0.9129129129,0.8996539792,0.9025374856,3659,3659,3659,0,0
17,0,rank_rolling,295,4432,rank,1000,2,666,578,0.9249249249,0.9134948097,0.9152249135,4432,4432,4432,0,0
17,0,margin_static,296,14.88379383,score_margin,13942,26,516,466,0.8410852713,0.8412017167,0.8593705293,3522.665236,2020,7128,0.008583690987,0.3025751073
17,0,margin_rolling,296,16.17732906,score_margin,1000,2,516,466,0.8662790698,0.8605150215,0.8806151645,3965.328326,6079.5,7128,0.00643776824,0.3519313305
17,0,rank_static,296,3547,rank,13942,26,516,466,0.9205426357,0.9120171674,0.9141630901,3547,3547,3547,0,0
17,0,rank_expanding,296,3616,rank,13942,26,516,466,0.9244186047,0.9163090129,0.9184549356,3616,3616,3616,0,0
17,0,rank_rolling,296,3508,rank,1000,2,516,466,0.9205426357,0.9120171674,0.9141630901,3508,3508,3508,0,0
17,0,margin_static,297,14.88379383,score_margin,14458,27,292,254,0.8287671233,0.8503937008,0.8637795276,3006.232283,826,7128,0.01181102362,0.2401574803
17,0,margin_rolling,297,16.52709749,score_margin,1000,2,292,254,0.8767123288,0.8937007874,0.9080052493,3522.188976,2011.5,7128,0.007874015748,0.2952755906
17,0,rank_static,297,3547,rank,14458,27,292,254,0.904109589,0.8937007874,0.8989501312,3547,3547,3547,0,0
17,0,rank_expanding,297,3583,rank,14458,27,292,254,0.904109589,0.8937007874,0.8989501312,3583,3583,3583,0,0
17,0,rank_rolling,297,3104,rank,1000,2,292,254,0.8835616438,0.8700787402,0.8772965879,3104,3104,3104,0,0
17,0,margin_static,298,14.88379383,score_margin,14750,28,252,224,0.8611111111,0.8616071429,0.8854166667,3177.776786,1128,7128,0.01339285714,0.2991071429
17,0,margin_rolling,298,17.46262169,score_margin,1000,3,252,224,0.9404761905,0.9464285714,0.9583333333,4096.803571,6479,7128,0.004464285714,0.3616071429
17,0,rank_static,298,3547,rank,14750,28,252,224,0.873015873,0.8571428571,0.8638392857,3547,3547,3547,0,0
17,0,rank_expanding,298,3581,rank,14750,28,252,224,0.873015873,0.8571428571,0.8638392857,3581,3581,3581,0,0
17,0,rank_rolling,298,3330,rank,1000,3,252,224,0.8611111111,0.84375,0.8504464286,3330,3330,3330,0,0
17,0,margin_static,299,14.88379383,score_margin,15002,29,702,615,0.8646723647,0.8764227642,0.8929694154,3446.330081,2035,7128,0.0162601626,0.243902439
17,0,margin_rolling,299,16.71952009,score_margin,1000,3,702,615,0.8945868946,0.9040650407,0.9210762679,4047.84065,6389,7128,0.01138211382,0.3284552846
17,0,rank_static,299,3547,rank,15002,29,702,615,0.9387464387,0.9300813008,0.9300813008,3547,3547,3547,0,0
17,0,rank_expanding,299,3594,rank,15002,29,702,615,0.9387464387,0.9300813008,0.9300813008,3594,3594,3594,0,0
17,0,rank_rolling,299,3583,rank,1000,3,702,615,0.9387464387,0.9300813008,0.9300813008,3583,3583,3583,0,0
17,0,margin_static,300,14.88379383,score_margin,15704,30,664,573,0.8539156627,0.8638743455,0.8924762459,3606.317627,3807,7128,0.02443280977,0.2897033159
17,0,margin_rolling,300,16.71952009,score_margin,1000,3,664,573,0.8915662651,0.8935427574,0.9185573008,4222.247818,6816,7128,0.01396160558,0.3821989529
17,0,rank_static,300,3547,rank,15704,30,664,573,0.8945783133,0.8813263525,0.8880162885,3547,3547,3547,0,0
17,0,rank_expanding,300,3531,rank,15704,30,664,573,0.8945783133,0.8813263525,0.8880162885,3531,3531,3531,0,0
17,0,rank_rolling,300,2770,rank,1000,3,664,573,0.8674698795,0.84991274,0.8589296102,2770,2770,2770,0,0
17,0,margin_static,301,14.88379383,score_margin,16368,31,616,552,0.8733766234,0.8731884058,0.8913647343,3758.730072,5109,7128,0.01630434783,0.3170289855
17,0,margin_rolling,301,17.78324986,score_margin,1000,2,616,552,0.9172077922,0.9166666667,0.9303140097,4569.675725,7114,7128,0.001811594203,0.4239130435
17,0,rank_static,301,3547,rank,16368,31,616,552,0.8555194805,0.8442028986,0.8565217391,3547,3547,3547,0,0
17,0,rank_expanding,301,3547,rank,16368,31,616,552,0.8555194805,0.8442028986,0.8565217391,3547,3547,3547,0,0
17,0,rank_rolling,301,3242,rank,1000,2,616,552,0.8522727273,0.8405797101,0.8528985507,3242,3242,3242,0,0
17,0,margin_static,302,14.88379383,score_margin,16984,32,570,490,0.8456140351,0.8408163265,0.8624684159,3298.087755,1408,7128,0.02653061224,0.2734693878
17,0,margin_rolling,302,17.00041509,score_margin,1000,2,570,490,0.8789473684,0.8755102041,0.8957045675,3945.336735,6264,7128,0.01224489796,0.3489795918
17,0,rank_static,302,3547,rank,16984,32,570,490,0.8842105263,0.8714285714,0.8802721088,3547,3547,3547,0,0
17,0,rank_expanding,302,3600,rank,16984,32,570,490,0.8877192982,0.8755102041,0.8843537415,3600,3600,3600,0,0
17,0,rank_rolling,302,4835,rank,1000,2,570,490,0.9245614035,0.9163265306,0.9214285714,4835,4835,4835,0,0
17,0,margin_static,303,14.88379383,score_margin,17554,33,542,485,0.8782287823,0.8701030928,0.884467354,3381.872165,1561,7128,0.02474226804,0.2989690722
17,0,margin_rolling,303,17.99513578,score_margin,1000,2,542,485,0.9169741697,0.9113402062,0.9246735395,4335.082474,6867,7128,0.00618556701,0.3979381443
17,0,rank_static,303,3547,rank,17554,33,542,485,0.8708487085,0.8577319588,0.8659793814,3547,3547,3547,0,0
17,0,rank_expanding,303,3611,rank,17554,33,542,485,0.8708487085,0.8577319588,0.8659793814,3611,3611,3611,0,0
17,0,rank_rolling,303,4369,rank,1000,2,542,485,0.8856088561,0.8721649485,0.881443299,4369,4369,4369,0,0
17,0,margin_static,304,14.88379383,score_margin,18096,34,328,281,0.8567073171,0.8505338078,0.887603796,3190.932384,1067,7128,0.03202846975,0.2419928826
17,0,margin_rolling,304,16.8095347,score_margin,1000,2,328,281,0.875,0.8683274021,0.90628707,3817.377224,5208,7128,0.01423487544,0.3096085409
17,0,rank_static,304,3547,rank,18096,34,328,281,0.8841463415,0.8790035587,0.8807829181,3547,3547,3547,0,0
17,0,rank_expanding,304,3659,rank,18096,34,328,281,0.887195122,0.8825622776,0.8825622776,3659,3659,3659,0,0
17,0,rank_rolling,304,4637,rank,1000,2,328,281,0.9329268293,0.9359430605,0.9359430605,4637,4637,4637,0,0
17,0,margin_static,305,14.88379383,score_margin,18424,35,328,295,0.868902439,0.8644067797,0.885819209,2800.325424,796,7128,0.01016949153,0.2169491525
17,0,margin_rolling,305,17.95536423,score_margin,1000,3,328,295,0.9298780488,0.9288135593,0.9444067797,3961.172881,5775,7128,0.003389830508,0.3084745763
17,0,rank_static,305,3547,rank,18424,35,328,295,0.9268292683,0.9186440678,0.9203389831,3547,3547,3547,0,0
17,0,rank_expanding,305,3667,rank,18424,35,328,295,0.9268292683,0.9186440678,0.9203389831,3667,3667,3667,0,0
17,0,rank_rolling,305,4151,rank,1000,3,328,295,0.9298780488,0.9220338983,0.9237288136,4151,4151,4151,0,0
17,0,margin_static,306,14.88379383,score_margin,18752,36,582,513,0.8573883162,0.873294347,0.8915529565,3329.376218,1060,7128,0.02923976608,0.2807017544
17,0,margin_rolling,306,17.18708611,score_margin,1000,3,582,513,0.8934707904,0.9064327485,0.922157245,3966.233918,6123,7128,0.01169590643,0.3586744639
17,0,rank_static,306,3547,rank,18752,36,582,513,0.9175257732,0.9064327485,0.9106562703,3547,3547,3547,0,0
17,0,rank_expanding,306,3646,rank,18752,36,582,513,0.9175257732,0.9064327485,0.9106562703,3646,3646,3646,0,0
17,0,rank_rolling,306,3759,rank,1000,3,582,513,0.9192439863,0.9083820663,0.912605588,3759,3759,3759,0,0
17,0,margin_static,307,14.88379383,score_margin,19334,37,588,510,0.8554421769,0.868627451,0.8889215686,3486.486275,2313,7128,0.02549019608,0.2803921569
17,0,margin_rolling,307,17.34167004,score_margin,1000,3,588,510,0.8945578231,0.9019607843,0.9183333333,4284.327451,6811.5,7128,0.005882352941,0.3666666667
17,0,rank_static,307,3547,rank,19334,37,588,510,0.8639455782,0.8431372549,0.8492810458,3547,3547,3547,0,0
17,0,rank_expanding,307,3612,rank,19334,37,588,510,0.8639455782,0.8431372549,0.8492810458,3612,3612,3612,0,0
17,0,rank_rolling,307,2869,rank,1000,3,588,510,0.8452380952,0.8215686275,0.8277124183,2869,2869,2869,0,0
17,0,margin_static,308,14.88379383,score_margin,19922,38,562,497,0.8558718861,0.8591549296,0.8768803296,3482.569416,1975,7128,0.02615694165,0.3219315895
17,0,margin_rolling,308,17.65591836,score_margin,1000,2,562,497,0.8896797153,0.8893360161,0.9073009485,4217.444668,6923,7128,0.01006036217,0.3943661972
17,0,rank_static,308,3547,rank,19922,38,562,497,0.8665480427,0.8551307847,0.8581488934,3547,3547,3547,0,0
17,0,rank_expanding,308,3672,rank,19922,38,562,497,0.871886121,0.861167002,0.8641851107,3672,3672,3672,0,0
17,0,rank_rolling,308,4041,rank,1000,2,562,497,0.8790035587,0.8672032193,0.8712273642,4041,4041,4041,0,0
17,0,margin_static,309,14.88379383,score_margin,20484,39,626,535,0.8498402556,0.8560747664,0.8736137072,3592.633645,4150,7128,0.01869158879,0.308411215
17,0,margin_rolling,309,18.1419684,score_margin,1000,2,626,535,0.9073482428,0.9121495327,0.9282554517,4436.080374,7090,7128,0.007476635514,0.4093457944
17,0,rank_static,309,3547,rank,20484,39,626,535,0.8785942492,0.8635514019,0.8691588785,3547,3547,3547,0,0
17,0,rank_expanding,309,3696,rank,20484,39,626,535,0.8801916933,0.8654205607,0.8710280374,3696,3696,3696,0,0
17,0,rank_rolling,309,4560,rank,1000,2,626,535,0.9057507987,0.8953271028,0.8981308411,4560,4560,4560,0,0
17,0,margin_static,310,14.88379383,score_margin,21110,40,620,527,0.8725806452,0.8614800759,0.9000948767,2973.85389,791,7128,0.01707779886,0.2220113852
17,0,margin_rolling,310,17.70560127,score_margin,1000,2,620,527,0.9274193548,0.9184060721,0.9424414927,3988.005693,6121,7128,0.01138519924,0.3149905123
17,0,rank_static,310,3547,rank,21110,40,620,527,0.9387096774,0.9297912713,0.9297912713,3547,3547,3547,0,0
17,0,rank_expanding,310,3709,rank,21110,40,620,527,0.9387096774,0.9297912713,0.9297912713,3709,3709,3709,0,0
17,0,rank_rolling,310,4406,rank,1000,2,620,527,0.9516129032,0.944971537,0.944971537,4406,4406,4406,0,0
17,0,margin_static,311,14.88379383,score_margin,21730,41,438,366,0.8561643836,0.8415300546,0.8742258652,2602.221311,419,7128,0.02732240437,0.193989071
17,0,margin_rolling,311,16.87587738,score_margin,1000,2,438,366,0.901826484,0.8907103825,0.9166666667,3189.248634,1313,7128,0.01639344262,0.237704918
17,0,rank_static,311,3547,rank,21730,41,438,366,0.9200913242,0.9071038251,0.9071038251,3547,3547,3547,0,0
17,0,rank_expanding,311,3677,rank,21730,41,438,366,0.9246575342,0.912568306,0.912568306,3677,3677,3677,0,0
17,0,rank_rolling,311,2983,rank,1000,2,438,366,0.897260274,0.8797814208,0.8829690346,2983,2983,2983,0,0
17,0,margin_static,312,14.88379383,score_margin,22168,42,460,368,0.8260869565,0.8369565217,0.8710533126,2449.646739,405,7128,0.03260869565,0.1847826087
17,0,margin_rolling,312,16.40095425,score_margin,1000,2,460,368,0.8673913043,0.875,0.9024197723,2913.673913,1018.5,7128,0.02173913043,0.2309782609
17,0,rank_static,312,3547,rank,22168,42,460,368,0.9282608696,0.910326087,0.9205615942,3547,3547,3547,0,0
17,0,rank_expanding,312,3659,rank,22168,42,460,368,0.9326086957,0.9157608696,0.9246376812,3659,3659,3659,0,0
17,0,rank_rolling,312,2172,rank,1000,2,460,368,0.9065217391,0.8858695652,0.8951992754,2172,2172,2172,0,0
17,0,margin_static,313,14.88379383,score_margin,22628,43,794,641,0.8476070529,0.8471138846,0.8810972439,2820.460218,399,7128,0.03120124805,0.2262090484
17,0,margin_rolling,313,17.4004364,score_margin,1000,3,794,641,0.8967254408,0.8892355694,0.9198387936,3546.393136,2191,7128,0.01716068643,0.3010920437
17,0,rank_static,313,3547,rank,22628,43,794,641,0.9156171285,0.895475819,0.8998439938,3547,3547,3547,0,0
17,0,rank_expanding,313,3621,rank,22628,43,794,641,0.9168765743,0.8970358814,0.9014040562,3621,3621,3621,0,0
17,0,rank_rolling,313,2531,rank,1000,3,794,641,0.8904282116,0.864274571,0.8702028081,2531,2531,2531,0,0
17,0,margin_static,314,14.88379383,score_margin,23422,44,678,585,0.8569321534,0.8547008547,0.8785673586,2890.082051,634,7128,0.02735042735,0.2153846154
17,0,margin_rolling,314,17.77472782,score_margin,1000,2,678,585,0.8997050147,0.8991452991,0.9177411477,3742.847863,4330,7128,0.01367521368,0.3128205128
17,0,rank_static,314,3547,rank,23422,44,678,585,0.9115044248,0.8974358974,0.9056980057,3547,3547,3547,0,0
17,0,rank_expanding,314,3595,rank,23422,44,678,585,0.912979351,0.8991452991,0.9074074074,3595,3595,3595,0,0
17,0,rank_rolling,314,2730,rank,1000,2,678,585,0.9041297935,0.8888888889,0.8982905983,2730,2730,2730,0,0
17,0,margin_static,315,14.88379383,score_margin,24100,45,774,660,0.8410852713,0.8363636364,0.8613888889,2821.798485,675.5,7128,0.0303030303,0.1878787879
17,0,margin_rolling,315,18.27017021,score_margin,1000,2,774,660,0.8914728682,0.8878787879,0.9077272727,3951.24697,5849,7128,0.01212121212,0.3106060606
17,0,rank_static,315,3547,rank,24100,45,774,660,0.9237726098,0.9151515152,0.9198484848,3547,3547,3547,0,0
17,0,rank_expanding,315,3583,rank,24100,45,774,660,0.9237726098,0.9151515152,0.9198484848,3583,3583,3583,0,0
17,0,rank_rolling,315,2729,rank,1000,2,774,660,0.9018087855,0.8893939394,0.8996464646,2729,2729,2729,0,0
17,0,margin_static,316,14.88379383,score_margin,24874,46,758,622,0.8522427441,0.847266881,0.8744908896,3168.249196,1294.5,7128,0.02733118971,0.2379421222
17,0,margin_rolling,316,19.05775833,score_margin,1000,2,758,622,0.9182058047,0.9131832797,0.9329046088,4585.302251,6976,7128,0.004823151125,0.3665594855
17,0,rank_static,316,3547,rank,24874,46,758,622,0.9182058047,0.9003215434,0.9011254019,3547,3547,3547,0,0
17,0,rank_expanding,316,3557,rank,24874,46,758,622,0.9182058047,0.9003215434,0.9011254019,3557,3557,3557,0,0
17,0,rank_rolling,316,2729,rank,1000,2,758,622,0.8970976253,0.8745980707,0.8770096463,2729,2729,2729,0,0
17,0,margin_static,317,14.88379383,score_margin,25632,47,630,559,0.8380952381,0.8354203936,0.8580202743,2428.681574,321,7128,0.02862254025,0.1932021467
17,0,margin_rolling,317,17.81591392,score_margin,1000,2,630,559,0.8873015873,0.8890876565,0.9090041741,3396.966011,2053,7128,0.01610017889,0.2647584973
17,0,rank_static,317,3547,rank,25632,47,630,559,0.8936507937,0.8801431127,0.8879248658,3547,3547,3547,0,0
17,0,rank_expanding,317,3542,rank,25632,47,630,559,0.8936507937,0.8801431127,0.8879248658,3542,3542,3542,0,0
17,0,rank_rolling,317,2893,rank,1000,2,630,559,0.8857142857,0.8711985689,0.8810673822,2893,2893,2893,0,0
17,0,margin_static,318,14.88379383,score_margin,26262,48,342,308,0.8362573099,0.8409090909,0.8636363636,2500.175325,223.5,7128,0.02597402597,0.2012987013
17,0,margin_rolling,318,19.09903145,score_margin,1000,2,342,308,0.9152046784,0.9123376623,0.9285714286,3619.321429,4177,7128,0.00974025974,0.3116883117
17,0,rank_static,318,3547,rank,26262,48,342,308,0.9005847953,0.8896103896,0.8933982684,3547,3547,3547,0,0
17,0,rank_expanding,318,3545,rank,26262,48,342,308,0.9005847953,0.8896103896,0.8933982684,3545,3545,3545,0,0
17,0,rank_rolling,318,3490,rank,1000,2,342,308,0.9005847953,0.8896103896,0.8933982684,3490,3490,3490,0,0
17,0,margin_static,319,14.88379383,score_margin,26604,49,324,290,0.8641975309,0.8482758621,0.8586206897,2563.355172,368,7128,0.03103448276,0.1965517241
17,0,margin_rolling,319,18.77629185,score_margin,1000,3,324,290,0.9197530864,0.9103448276,0.9189655172,3712.968966,4327,7128,0.01379310345,0.2965517241
17,0,rank_static,319,3547,rank,26604,49,324,290,0.9259259259,0.9172413793,0.9172413793,3547,3547,3547,0,0
17,0,rank_expanding,319,3545,rank,26604,49,324,290,0.9259259259,0.9172413793,0.9172413793,3545,3545,3545,0,0
17,0,rank_rolling,319,3677,rank,1000,3,324,290,0.9290123457,0.9206896552,0.9206896552,3677,3677,3677,0,0
17,0,margin_static,320,14.88379383,score_margin,26928,50,736,646,0.8288043478,0.8390092879,0.8521327829,3140.280186,926,7128,0.02941176471,0.2507739938
17,0,margin_rolling,320,18.65745962,score_margin,1000,3,736,646,0.8967391304,0.907120743,0.9153938768,4180.125387,6763,7128,0.01393188854,0.3854489164
17,0,rank_static,320,3547,rank,26928,50,736,646,0.9035326087,0.8916408669,0.8964912281,3547,3547,3547,0,0
17,0,rank_expanding,320,3531,rank,26928,50,736,646,0.9035326087,0.8916408669,0.8964912281,3531,3531,3531,0,0
17,0,rank_rolling,320,3354,rank,1000,3,736,646,0.8980978261,0.8854489164,0.8902992776,3354,3354,3354,0,0
17,0,margin_static,321,14.88379383,score_margin,27664,51,680,603,0.8514705882,0.8424543947,0.8595909342,2957.155887,849,7128,0.03648424544,0.2089552239
17,0,margin_rolling,321,18.42174265,score_margin,1000,2,680,603,0.9220588235,0.9154228856,0.9259259259,4151.38806,6423,7128,0.01160862355,0.3366500829
17,0,rank_static,321,3547,rank,27664,51,680,603,0.9117647059,0.9004975124,0.903814262,3547,3547,3547,0,0
17,0,rank_expanding,321,3529,rank,27664,51,680,603,0.9117647059,0.9004975124,0.903814262,3529,3529,3529,0,0
17,0,rank_rolling,321,3085,rank,1000,2,680,603,0.8970588235,0.8839137645,0.8880597015,3085,3085,3085,0,0
17,0,margin_static,322,14.88379383,score_margin,28344,52,668,595,0.8443113772,0.8420168067,0.8577030812,3074.341176,992,7128,0.0268907563,0.2336134454
17,0,margin_rolling,322,18.3113308,score_margin,1000,2,668,595,0.9221556886,0.9226890756,0.9308123249,4135.090756,6575,7128,0.01008403361,0.3512605042
17,0,rank_static,322,3547,rank,28344,52,668,595,0.8907185629,0.8806722689,0.881512605,3547,3547,3547,0,0
17,0,rank_expanding,322,3516,rank,28344,52,668,595,0.8907185629,0.8806722689,0.881512605,3516,3516,3516,0,0
17,0,rank_rolling,322,3169,rank,1000,2,668,595,0.878742515,0.8672268908,0.8680672269,3169,3169,3169,0,0
17,0,margin_static,323,14.88379383,score_margin,29012,53,668,600,0.8173652695,0.8133333333,0.8372222222,2917.195,922,7128,0.02833333333,0.21
17,0,margin_rolling,323,17.26950002,score_margin,1000,2,668,600,0.875748503,0.8733333333,0.8947222222,3786.566667,5013.5,7128,0.015,0.265
17,0,rank_static,323,3547,rank,29012,53,668,600,0.8982035928,0.89,0.8925,3547,3547,3547,0,0
17,0,rank_expanding,323,3529,rank,29012,53,668,600,0.8982035928,0.89,0.8925,3529,3529,3529,0,0
17,0,rank_rolling,323,3585,rank,1000,2,668,600,0.8997005988,0.8916666667,0.8941666667,3585,3585,3585,0,0
17,0,margin_static,324,14.88379383,score_margin,29680,54,796,650,0.7977386935,0.8046153846,0.844974359,2977.998462,600.5,7128,0.02615384615,0.2046153846
17,0,margin_rolling,324,18.56366777,score_margin,1000,2,796,650,0.8894472362,0.8907692308,0.9197948718,4007.513846,6251,7128,0.01230769231,0.3353846154
17,0,rank_static,324,3547,rank,29680,54,796,650,0.9158291457,0.8969230769,0.9082051282,3547,3547,3547,0,0
17,0,rank_expanding,324,3529,rank,29680,54,796,650,0.9133165829,0.8938461538,0.9058974359,3529,3529,3529,0,0
17,0,rank_rolling,324,3809,rank,1000,2,796,650,0.9283919598,0.9123076923,0.9207692308,3809,3809,3809,0,0
17,0,margin_static,325,14.88379383,score_margin,30476,55,398,360,0.7688442211,0.7805555556,0.7921296296,2717.516667,271.5,7128,0.06666666667,0.2388888889
17,0,margin_rolling,325,18.85798836,score_margin,1000,2,398,360,0.8969849246,0.8916666667,0.9009259259,3628.333333,3689.5,7128,0.01944444444,0.3583333333
17,0,rank_static,325,3547,rank,30476,55,398,360,0.8944723618,0.8833333333,0.8847222222,3547,3547,3547,0,0
17,0,rank_expanding,325,3512,rank,30476,55,398,360,0.891959799,0.8805555556,0.8819444444,3512,3512,3512,0,0
17,0,rank_rolling,325,2884,rank,1000,2,398,360,0.8718592965,0.8583333333,0.8638888889,2884,2884,2884,0,0
17,0,margin_static,326,14.88379383,score_margin,30874,56,422,348,0.7701421801,0.7787356322,0.804717433,2234.597701,173,7128,0.04597701149,0.1494252874
17,0,margin_rolling,326,18.47715044,score_margin,1000,2,422,348,0.8767772512,0.8649425287,0.8846982759,3082.772989,857.5,7128,0.01724137931,0.2528735632
17,0,rank_static,326,3547,rank,30874,56,422,348,0.9573459716,0.9511494253,0.9540229885,3547,3547,3547,0,0
17,0,rank_expanding,326,3516,rank,30874,56,422,348,0.9573459716,0.9511494253,0.9540229885,3516,3516,3516,0,0
17,0,rank_rolling,326,3227,rank,1000,2,422,348,0.9549763033,0.9482758621,0.9511494253,3227,3227,3227,0,0
17,0,margin_static,327,14.88379383,score_margin,31296,57,738,621,0.8021680217,0.8164251208,0.8447396672,2839.022544,411,7128,0.03703703704,0.2222222222
17,0,margin_rolling,327,19.39013481,score_margin,1000,3,738,621,0.9078590786,0.9082125604,0.9344873859,4034.191626,6170,7128,0.009661835749,0.3703703704
17,0,rank_static,327,3547,rank,31296,57,738,621,0.9078590786,0.8937198068,0.8998389694,3547,3547,3547,0,0
17,0,rank_expanding,327,3497,rank,31296,57,738,621,0.9078590786,0.8937198068,0.8998389694,3497,3497,3497,0,0
17,0,rank_rolling,327,2415,rank,1000,3,738,621,0.8848238482,0.8663446055,0.8735373054,2415,2415,2415,0,0
17,0,margin_static,328,14.88379383,score_margin,32034,58,600,526,0.8183333333,0.8326996198,0.8488502625,2825.821293,547.5,7128,0.03802281369,0.216730038
17,0,margin_rolling,328,18.77626848,score_margin,1000,2,600,526,0.8933333333,0.8992395437,0.9159967409,4101.498099,6435,7128,0.01330798479,0.3384030418
17,0,rank_static,328,3547,rank,32034,58,600,526,0.935,0.9258555133,0.9287072243,3547,3547,3547,0,0
17,0,rank_expanding,328,3490,rank,32034,58,600,526,0.9266666667,0.9163498099,0.9201520913,3490,3490,3490,0,0
17,0,rank_rolling,328,2331,rank,1000,2,600,526,0.905,0.891634981,0.8963878327,2331,2331,2331,0,0
17,0,margin_static,329,14.88379383,score_margin,32634,59,684,599,0.831871345,0.8313856427,0.855147468,2855.63773,509,7128,0.03338898164,0.2186978297
17,0,margin_rolling,329,20.07390404,score_margin,1000,2,684,599,0.9210526316,0.9215358932,0.9311630495,4375.552588,6966,7128,0.005008347245,0.3806343907
17,0,rank_static,329,3547,rank,32634,59,684,599,0.9005847953,0.8914858097,0.9001112966,3547,3547,3547,0,0
17,0,rank_expanding,329,3477,rank,32634,59,684,599,0.8932748538,0.8831385643,0.8928770173,3477,3477,3477,0,0
17,0,rank_rolling,329,2666,rank,1000,2,684,599,0.8713450292,0.858096828,0.8695047301,2666,2666,2666,0,0
17,0,margin_static,330,14.88379383,score_margin,33318,60,640,580,0.8296875,0.8379310345,0.8501436782,2732.115517,549.5,7128,0.03275862069,0.1982758621
17,0,margin_rolling,330,18.4741168,score_margin,1000,2,640,580,0.9125,0.9189655172,0.9277298851,3879.275862,5351,7128,0.01206896552,0.3172413793
17,0,rank_static,330,3547,rank,33318,60,640,580,0.9125,0.9034482759,0.9043103448,3547,3547,3547,0,0
17,0,rank_expanding,330,3486,rank,33318,60,640,580,0.9046875,0.8948275862,0.8956896552,3486,3486,3486,0,0
17,0,rank_rolling,330,3437,rank,1000,2,640,580,0.9015625,0.8913793103,0.8922413793,3437,3437,3437,0,0
17,0,margin_static,331,14.88379383,score_margin,33958,61,506,474,0.837944664,0.8375527426,0.845464135,2756.242616,318,7128,0.02953586498,0.2004219409
17,0,margin_rolling,331,18.19311142,score_margin,1000,2,506,474,0.9051383399,0.9071729958,0.9103375527,3806.957806,5373.5,7128,0.01054852321,0.3101265823
17,0,rank_static,331,3547,rank,33958,61,506,474,0.9071146245,0.9008438819,0.9018987342,3547,3547,3547,0,0
17,0,rank_expanding,331,3484,rank,33958,61,506,474,0.9031620553,0.8966244726,0.8976793249,3484,3484,3484,0,0
17,0,rank_rolling,331,3474,rank,1000,2,506,474,0.9011857708,0.8945147679,0.8955696203,3474,3474,3474,0,0
17,0,margin_static,332,14.88379383,score_margin,34464,62,318,300,0.8427672956,0.84,0.8477777778,2641.923333,331.5,7128,0.04333333333,0.2166666667
17,0,margin_rolling,332,17.76044473,score_margin,1000,2,318,300,0.9213836478,0.92,0.9266666667,3424.296667,1936,7128,0.03,0.2866666667
17,0,rank_static,332,3547,rank,34464,62,318,300,0.9402515723,0.9366666667,0.9366666667,3547,3547,3547,0,0
17,0,rank_expanding,332,3477,rank,34464,62,318,300,0.9402515723,0.9366666667,0.9366666667,3477,3477,3477,0,0
17,0,rank_rolling,332,3422,rank,1000,2,318,300,0.9339622642,0.93,0.93,3422,3422,3422,0,0
17,0,margin_static,333,14.88379383,score_margin,34782,63,342,312,0.8187134503,0.8173076923,0.8338675214,2665.038462,381.5,7128,0.05448717949,0.1987179487
17,0,margin_rolling,333,17.38910007,score_margin,1000,3,342,312,0.8625730994,0.858974359,0.875534188,3360.314103,1722,7128,0.03846153846,0.2980769231
17,0,rank_static,333,3547,rank,34782,63,342,312,0.9122807018,0.9038461538,0.9038461538,3547,3547,3547,0,0
17,0,rank_expanding,333,3466,rank,34782,63,342,312,0.9093567251,0.9006410256,0.9006410256,3466,3466,3466,0,0
17,0,rank_rolling,333,3112,rank,1000,3,342,312,0.9005847953,0.891025641,0.8947649573,3112,3112,3112,0,0
17,0,margin_static,334,14.88379383,score_margin,35124,64,700,633,0.84,0.8404423381,0.8537914692,2619.410742,391,7128,0.0458135861,0.1943127962
17,0,margin_rolling,334,17.80807018,score_margin,1000,3,700,633,0.8957142857,0.8988941548,0.9103212217,3550.876777,3632,7128,0.03001579779,0.2764612954
17,0,rank_static,334,3547,rank,35124,64,700,633,0.9014285714,0.897314376,0.8981042654,3547,3547,3547,0,0
17,0,rank_expanding,334,3464,rank,35124,64,700,633,0.9014285714,0.897314376,0.8981042654,3464,3464,3464,0,0
17,0,rank_rolling,334,3014,rank,1000,3,700,633,0.8942857143,0.8909952607,0.8909952607,3014,3014,3014,0,0
17,0,margin_static,335,14.88379383,score_margin,35824,65,656,587,0.824695122,0.8177172061,0.8362294151,2666.696763,389,7128,0.03236797274,0.206132879
17,0,margin_rolling,335,18.69903874,score_margin,1000,2,656,587,0.8948170732,0.8875638842,0.9052810903,3764.13799,4988,7128,0.0136286201,0.3270868825
17,0,rank_static,335,3547,rank,35824,65,656,587,0.881097561,0.8722316865,0.8818852924,3547,3547,3547,0,0
17,0,rank_expanding,335,3464,rank,35824,65,656,587,0.8765243902,0.867120954,0.8776263487,3464,3464,3464,0,0
17,0,rank_rolling,335,3222,rank,1000,2,656,587,0.8719512195,0.8620102215,0.8733674049,3222,3222,3222,0,0
17,0,margin_static,336,14.88379383,score_margin,36480,66,632,551,0.7958860759,0.7912885662,0.81784634,2822.878403,614,7128,0.03992740472,0.2105263158
17,0,margin_rolling,336,19.39777493,score_margin,1000,2,632,551,0.8955696203,0.8965517241,0.9099213551,4022.486388,6589,7128,0.01633393829,0.3611615245
17,0,rank_static,336,3547,rank,36480,66,632,551,0.8876582278,0.8747731397,0.8765880218,3547,3547,3547,0,0
17,0,rank_expanding,336,3474,rank,36480,66,632,551,0.8876582278,0.8747731397,0.8765880218,3474,3474,3474,0,0
17,0,rank_rolling,336,3801,rank,1000,2,632,551,0.9003164557,0.889292196,0.891107078,3801,3801,3801,0,0
17,0,margin_static,337,14.88379383,score_margin,37112,67,552,492,0.8242753623,0.8292682927,0.8464769648,2675.792683,368.5,7128,0.02642276423,0.1869918699
17,0,margin_rolling,337,19.49459094,score_margin,1000,2,552,492,0.9076086957,0.9146341463,0.9230352304,3928.347561,5942,7128,0.008130081301,0.3394308943
17,0,rank_static,337,3547,rank,37112,67,552,492,0.8967391304,0.8841463415,0.8885501355,3547,3547,3547,0,0
17,0,rank_expanding,337,3485,rank,37112,67,552,492,0.8967391304,0.8841463415,0.8885501355,3485,3485,3485,0,0
17,0,rank_rolling,337,3861,rank,1000,2,552,492,0.9076086957,0.8963414634,0.9007452575,3861,3861,3861,0,0
17,0,margin_static,338,14.88379383,score_margin,37664,68,496,457,0.7983870968,0.8140043764,0.8216630197,2689.129103,497,7128,0.04376367615,0.2122538293
17,0,margin_rolling,338,19.77782154,score_margin,1000,2,496,457,0.9112903226,0.9212253829,0.9315098468,4111.573304,6537,7128,0.01094091904,0.3457330416
17,0,rank_static,338,3547,rank,37664,68,496,457,0.8870967742,0.8774617068,0.8785557987,3547,3547,3547,0,0
17,0,rank_expanding,338,3487,rank,37664,68,496,457,0.8830645161,0.8730853392,0.8741794311,3487,3487,3487,0,0
17,0,rank_rolling,338,3736,rank,1000,2,496,457,0.8911290323,0.8818380744,0.8829321663,3736,3736,3736,0,0
17,0,margin_static,339,14.88379383,score_margin,38160,69,328,297,0.8262195122,0.8282828283,0.8465207632,2019.622896,225,7128,0.05723905724,0.1212121212
17,0,margin_rolling,339,18.59902287,score_margin,1000,2,328,297,0.8993902439,0.8956228956,0.9088103255,3209.360269,1274,7128,0.0404040404,0.2053872054
17,0,rank_static,339,3547,rank,38160,69,328,297,0.8932926829,0.8922558923,0.8995510662,3547,3547,3547,0,0
17,0,rank_expanding,339,3490,rank,38160,69,328,297,0.8902439024,0.8888888889,0.8961840629,3490,3490,3490,0,0
17,0,rank_rolling,339,3745,rank,1000,2,328,297,0.8963414634,0.8956228956,0.9029180696,3745,3745,3745,0,0
17,0,margin_static,340,14.88379383,score_margin,38488,70,328,303,0.8048780488,0.8085808581,0.8206820682,2448.435644,267,7128,0.0396039604,0.1782178218
17,0,margin_rolling,340,19.30199236,score_margin,1000,3,328,303,0.9085365854,0.9108910891,0.9191419142,3726.808581,4423,7128,0.01650165017,0.3135313531
17,0,rank_static,340,3547,rank,38488,70,328,303,0.9420731707,0.9372937294,0.9389438944,3547,3547,3547,0,0
17,0,rank_expanding,340,3492,rank,38488,70,328,303,0.9420731707,0.9372937294,0.9389438944,3492,3492,3492,0,0
17,0,rank_rolling,340,3745,rank,1000,3,328,303,0.9420731707,0.9372937294,0.9389438944,3745,3745,3745,0,0
17,0,margin_static,341,14.88379383,score_margin,38816,71,576,519,0.8142361111,0.8265895954,0.8385356455,2696.876686,404,7128,0.05009633911,0.1888246628
17,0,margin_rolling,341,18.97982454,score_margin,1000,3,576,519,0.8888888889,0.901734104,0.9136801541,3846.263969,5589,7128,0.01926782274,0.3179190751
17,0,rank_static,341,3547,rank,38816,71,576,519,0.8993055556,0.8882466281,0.8946050096,3547,3547,3547,0,0
17,0,rank_expanding,341,3486,rank,38816,71,576,519,0.8993055556,0.8882466281,0.8946050096,3486,3486,3486,0,0
17,0,rank_rolling,341,3432,rank,1000,3,576,519,0.8993055556,0.8882466281,0.8946050096,3432,3432,3432,0,0
17,0,margin_static,342,14.88379383,score_margin,39392,72,636,565,0.8317610063,0.8353982301,0.8536873156,2721.244248,414,7128,0.04247787611,0.2353982301
17,0,margin_rolling,342,19.18696982,score_margin,1000,3,636,565,0.8977987421,0.8955752212,0.9115044248,3905.235398,5357,7128,0.01769911504,0.3451327434
17,0,rank_static,342,3547,rank,39392,72,636,565,0.8962264151,0.8831858407,0.8911504425,3547,3547,3547,0,0
17,0,rank_expanding,342,3486,rank,39392,72,636,565,0.893081761,0.8796460177,0.8876106195,3486,3486,3486,0,0
17,0,rank_rolling,342,3196,rank,1000,3,636,565,0.8899371069,0.8761061947,0.8840707965,3196,3196,3196,0,0
17,0,margin_static,343,14.88379383,score_margin,40028,73,642,567,0.8130841121,0.8077601411,0.8239858907,2894.839506,662,7128,0.03880070547,0.2257495591
17,0,margin_rolling,343,20.34692907,score_margin,1000,2,642,567,0.8971962617,0.897707231,0.9104056437,4540.821869,7022,7128,0.01410934744,0.3950617284
17,0,rank_static,343,3547,rank,40028,73,642,567,0.8831775701,0.8677248677,0.8746325691,3547,3547,3547,0,0
17,0,rank_expanding,343,3488,rank,40028,73,642,567,0.8800623053,0.8641975309,0.8711052322,3488,3488,3488,0,0
17,0,rank_rolling,343,3802,rank,1000,2,642,567,0.8940809969,0.8800705467,0.8852145797,3802,3802,3802,0,0
17,0,margin_static,344,14.88379383,score_margin,40670,74,650,582,0.7907692308,0.7835051546,0.8032646048,2694.24055,279.5,7128,0.04467353952,0.2182130584
17,0,margin_rolling,344,20.06521654,score_margin,1000,2,650,582,0.8753846154,0.8745704467,0.8854524628,3989.365979,5971,7128,0.01202749141,0.3591065292
17,0,rank_static,344,3547,rank,40670,74,650,582,0.9015384615,0.8900343643,0.8980526919,3547,3547,3547,0,0
17,0,rank_expanding,344,3494,rank,40670,74,650,582,0.8984615385,0.8865979381,0.8946162658,3494,3494,3494,0,0
17,0,rank_rolling,344,3906,rank,1000,2,650,582,0.9107692308,0.9003436426,0.9066437572,3906,3906,3906,0,0
17,0,margin_static,345,14.88379383,score_margin,41320,75,586,501,0.8412969283,0.8243512974,0.8443113772,2848.467066,412,7128,0.04790419162,0.2255489022
17,0,margin_rolling,345,21.98911762,score_margin,1000,2,586,501,0.9146757679,0.9061876248,0.9168330007,4467.481038,7090,7128,0.005988023952,0.4391217565
17,0,rank_static,345,3547,rank,41320,75,586,501,0.8976109215,0.880239521,0.8852295409,3547,3547,3547,0,0
17,0,rank_expanding,345,3496,rank,41320,75,586,501,0.8976109215,0.880239521,0.8852295409,3496,3496,3496,0,0
17,0,rank_rolling,345,3688,rank,1000,2,586,501,0.8993174061,0.8822355289,0.8872255489,3688,3688,3688,0,0
17,0,margin_static,346,14.88379383,score_margin,41906,76,224,197,0.8169642857,0.8223350254,0.8434856176,1906.030457,106,7128,0.03553299492,0.1624365482
17,0,margin_rolling,346,21.27283764,score_margin,1000,2,224,197,0.8973214286,0.8934010152,0.9137055838,3327.609137,1332,7128,0.005076142132,0.2741116751
17,0,rank_static,346,3547,rank,41906,76,224,197,0.9598214286,0.9543147208,0.9543147208,3547,3547,3547,0,0
17,0,rank_expanding,346,3497,rank,41906,76,224,197,0.9598214286,0.9543147208,0.9543147208,3497,3497,3497,0,0
17,0,rank_rolling,346,3723,rank,1000,2,224,197,0.9598214286,0.9543147208,0.9543147208,3723,3723,3723,0,0
17,0,margin_static,347,14.88379383,score_margin,42130,77,306,277,0.8202614379,0.8231046931,0.8375451264,2140.620939,96,7128,0.03249097473,0.155234657
17,0,margin_rolling,347,20.90618801,score_margin,1000,3,306,277,0.9183006536,0.9277978339,0.9308062575,3418.404332,1750,7128,0.01805054152,0.3032490975
17,0,rank_static,347,3547,rank,42130,77,306,277,0.9117647059,0.9025270758,0.9049338147,3547,3547,3547,0,0
17,0,rank_expanding,347,3488,rank,42130,77,306,277,0.908496732,0.8989169675,0.9013237064,3488,3488,3488,0,0
17,0,rank_rolling,347,3184,rank,1000,3,306,277,0.908496732,0.8989169675,0.9013237064,3184,3184,3184,0,0
17,0,margin_static,348,14.88379383,score_margin,42436,78,714,610,0.81232493,0.8049180328,0.8259562842,2435.329508,201,7128,0.04754098361,0.1852459016
17,0,margin_rolling,348,20.48925805,score_margin,1000,3,714,610,0.9047619048,0.9,0.9169398907,3856.536066,5002.5,7128,0.01147540984,0.3262295082
17,0,rank_static,348,3547,rank,42436,78,714,610,0.8977591036,0.8803278689,0.8827868852,3547,3547,3547,0,0
17,0,rank_expanding,348,3488,rank,42436,78,714,610,0.8977591036,0.8803278689,0.8827868852,3488,3488,3488,0,0
17,0,rank_rolling,348,3175,rank,1000,3,714,610,0.8921568627,0.8737704918,0.8762295082,3175,3175,3175,0,0
17,0,margin_static,349,14.88379383,score_margin,43150,79,600,545,0.77,0.7706422018,0.7862385321,2476.937615,208,7128,0.04220183486,0.1944954128
17,0,margin_rolling,349,20.00189304,score_margin,1000,2,600,545,0.8616666667,0.8587155963,0.873088685,3661.644037,4414,7128,0.005504587156,0.3247706422
17,0,rank_static,349,3547,rank,43150,79,600,545,0.9183333333,0.9100917431,0.9128440367,3547,3547,3547,0,0
17,0,rank_expanding,349,3488,rank,43150,79,600,545,0.9183333333,0.9100917431,0.9128440367,3488,3488,3488,0,0
17,0,rank_rolling,349,3542,rank,1000,2,600,545,0.9183333333,0.9100917431,0.9128440367,3542,3542,3542,0,0
17,0,margin_static,350,14.88379383,score_margin,43750,80,656,560,0.7774390244,0.775,0.7991666667,2166.303571,152.5,7128,0.06785714286,0.1589285714
17,0,margin_rolling,350,22.03433466,score_margin,1000,2,656,560,0.9161585366,0.9107142857,0.930327381,3812.242857,5091.5,7128,0.01071428571,0.325
17,0,rank_static,350,3547,rank,43750,80,656,560,0.9100609756,0.8982142857,0.9026785714,3547,3547,3547,0,0
17,0,rank_expanding,350,3476,rank,43750,80,656,560,0.9100609756,0.8982142857,0.9026785714,3476,3476,3476,0,0
17,0,rank_rolling,350,3215,rank,1000,2,656,560,0.9100609756,0.8982142857,0.9026785714,3215,3215,3215,0,0
17,0,margin_static,351,14.88379383,score_margin,44406,81,522,476,0.7528735632,0.7584033613,0.7769607843,2122.273109,142.5,7128,0.06932773109,0.1764705882
17,0,margin_rolling,351,21.24725342,score_margin,1000,2,522,476,0.8869731801,0.8865546218,0.9068627451,3567.995798,2268,7128,0.0231092437,0.3004201681
17,0,rank_static,351,3547,rank,44406,81,522,476,0.8754789272,0.8634453782,0.8648459384,3547,3547,3547,0,0
17,0,rank_expanding,351,3473,rank,44406,81,522,476,0.8716475096,0.8592436975,0.8606442577,3473,3473,3473,0,0
17,0,rank_rolling,351,3021,rank,1000,2,522,476,0.8544061303,0.8403361345,0.843837535,3021,3021,3021,0,0
17,0,margin_static,352,14.88379383,score_margin,44928,82,462,415,0.7424242424,0.7493975904,0.7701807229,2135.922892,192,7128,0.06265060241,0.1542168675
17,0,margin_rolling,352,21.71980987,score_margin,1000,2,462,415,0.8874458874,0.8915662651,0.9096385542,3954.66747,5827,7128,0.01686746988,0.3036144578
17,0,rank_static,352,3547,rank,44928,82,462,415,0.9155844156,0.913253012,0.9168674699,3547,3547,3547,0,0
17,0,rank_expanding,352,3487,rank,44928,82,462,415,0.9134199134,0.9108433735,0.9144578313,3487,3487,3487,0,0
17,0,rank_rolling,352,3916,rank,1000,2,462,415,0.9307359307,0.9301204819,0.9325301205,3916,3916,3916,0,0
17,0,margin_static,353,14.88379383,score_margin,45390,83,242,226,0.7107438017,0.7123893805,0.7234513274,2044.938053,94,7128,0.09292035398,0.1460176991
17,0,margin_rolling,353,22.92491913,score_margin,1000,3,242,226,0.8760330579,0.8672566372,0.8849557522,3715.044248,4919.5,7128,0.01327433628,0.3362831858
17,0,rank_static,353,3547,rank,45390,83,242,226,0.9173553719,0.9115044248,0.9137168142,3547,3547,3547,0,0
17,0,rank_expanding,353,3477,rank,45390,83,242,226,0.9132231405,0.907079646,0.9092920354,3477,3477,3477,0,0
17,0,rank_rolling,353,3770,rank,1000,3,242,226,0.9173553719,0.9115044248,0.9137168142,3770,3770,3770,0,0
17,0,margin_static,354,14.88379383,score_margin,45632,84,238,227,0.7731092437,0.7665198238,0.7767988253,2183.162996,172,7128,0.04845814978,0.1585903084
17,0,margin_rolling,354,23.086088,score_margin,1000,3,238,227,0.9075630252,0.9074889868,0.9133627019,4184.53304,6331,7128,0.008810572687,0.3612334802
17,0,rank_static,354,3547,rank,45632,84,238,227,0.8949579832,0.8898678414,0.8898678414,3547,3547,3547,0,0
17,0,rank_expanding,354,3475,rank,45632,84,238,227,0.8949579832,0.8898678414,0.8898678414,3475,3475,3475,0,0
17,0,rank_rolling,354,3341,rank,1000,3,238,227,0.8949579832,0.8898678414,0.8898678414,3341,3341,3341,0,0
17,0,margin_static,355,14.88379383,score_margin,45870,85,578,506,0.7214532872,0.7391304348,0.7638339921,2524.15415,188.5,7128,0.07312252964,0.2055335968
17,0,margin_rolling,355,23.41303396,score_margin,1000,4,578,506,0.8996539792,0.9090909091,0.9268774704,4461.543478,7067,7128,0.005928853755,0.4249011858
17,0,rank_static,355,3547,rank,45870,85,578,506,0.8564013841,0.8458498024,0.8553312629,3547,3547,3547,0,0
17,0,rank_expanding,355,3476,rank,45870,85,578,506,0.8546712803,0.8438735178,0.8533549784,3476,3476,3476,0,0
17,0,rank_rolling,355,3047,rank,1000,4,578,506,0.839100346,0.8260869565,0.8395209863,3047,3047,3047,0,0
17,0,margin_static,356,14.88379383,score_margin,46448,86,548,483,0.7664233577,0.7722567288,0.7895100069,2418.066253,151,7128,0.05797101449,0.1759834369
17,0,margin_rolling,356,23.46904063,score_margin,1000,3,548,483,0.8996350365,0.900621118,0.9082125604,4257.031056,6809,7128,0.006211180124,0.3892339545
17,0,rank_static,356,3547,rank,46448,86,548,483,0.8813868613,0.8819875776,0.8819875776,3547,3547,3547,0,0
17,0,rank_expanding,356,3497,rank,46448,86,548,483,0.8759124088,0.8757763975,0.8757763975,3497,3497,3497,0,0
17,0,rank_rolling,356,4695,rank,1000,3,548,483,0.9142335766,0.9068322981,0.9130434783,4695,4695,4695,0,0
17,0,margin_static,357,14.88379383,score_margin,46996,87,406,363,0.7586206897,0.7685950413,0.7819100092,1611.225895,125,7128,0.05785123967,0.1212121212
17,0,margin_rolling,357,23.53157616,score_margin,1000,2,406,363,0.9162561576,0.914600551,0.9292929293,4019.947658,6135,7128,0.01101928375,0.2947658402
17,0,rank_static,357,3547,rank,46996,87,406,363,0.9384236453,0.9393939394,0.9407713499,3547,3547,3547,0,0
17,0,rank_expanding,357,3505,rank,46996,87,406,363,0.9384236453,0.9393939394,0.9407713499,3505,3505,3505,0,0
17,0,rank_rolling,357,4775,rank,1000,2,406,363,0.9482758621,0.9504132231,0.9517906336,4775,4775,4775,0,0
17,0,margin_static,358,14.88379383,score_margin,47402,88,300,276,0.7966666667,0.8043478261,0.818236715,1658.492754,88,7128,0.05434782609,0.1630434783
17,0,margin_rolling,358,23.04834747,score_margin,1000,3,300,276,0.8966666667,0.8949275362,0.9100241546,3537.358696,2930,7128,0.007246376812,0.2644927536
17,0,rank_static,358,3547,rank,47402,88,300,276,0.93,0.9239130435,0.9239130435,3547,3547,3547,0,0
17,0,rank_expanding,358,3494,rank,47402,88,300,276,0.9233333333,0.9166666667,0.9166666667,3494,3494,3494,0,0
17,0,rank_rolling,358,3568,rank,1000,3,300,276,0.93,0.9239130435,0.9239130435,3568,3568,3568,0,0
17,0,margin_static,359,14.88379383,score_margin,47702,89,330,312,0.8181818182,0.8269230769,0.8365384615,2730.464744,381.5,7128,0.04166666667,0.2435897436
17,0,margin_rolling,359,23.05772831,score_margin,1000,3,330,312,0.9606060606,0.9615384615,0.969017094,4689.205128,7125,7128,0.003205128205,0.4551282051
17,0,rank_static,359,3547,rank,47702,89,330,312,0.9454545455,0.9423076923,0.9423076923,3547,3547,3547,0,0
17,0,rank_expanding,359,3490,rank,47702,89,330,312,0.9424242424,0.9391025641,0.9391025641,3490,3490,3490,0,0
17,0,rank_rolling,359,3179,rank,1000,3,330,312,0.9363636364,0.9326923077,0.9342948718,3179,3179,3179,0,0
17,0,margin_static,360,14.88379383,score_margin,48032,90,228,214,0.7850877193,0.7803738318,0.7990654206,1905.018692,94,7128,0.06542056075,0.1542056075
17,0,margin_rolling,360,20.31118393,score_margin,1000,3,228,214,0.899122807,0.9018691589,0.9088785047,3088.757009,810,7128,0.01869158879,0.2710280374
17,0,rank_static,360,3547,rank,48032,90,228,214,0.9692982456,0.9672897196,0.9672897196,3547,3547,3547,0,0
17,0,rank_expanding,360,3481,rank,48032,90,228,214,0.9649122807,0.9626168224,0.9626168224,3481,3481,3481,0,0
17,0,rank_rolling,360,2624,rank,1000,3,228,214,0.9561403509,0.953271028,0.9556074766,2624,2624,2624,0,0
17,0,margin_static,361,14.88379383,score_margin,48260,91,246,226,0.7764227642,0.7699115044,0.7898230088,1821.889381,61,7128,0.09292035398,0.1327433628
17,0,margin_rolling,361,21.33926868,score_margin,1000,4,246,226,0.8943089431,0.889380531,0.8989675516,3234.685841,888.5,7128,0.03982300885,0.2654867257
17,0,rank_static,361,3547,rank,48260,91,246,226,0.9308943089,0.9247787611,0.9247787611,3547,3547,3547,0,0
17,0,rank_expanding,361,3470,rank,48260,91,246,226,0.9268292683,0.9203539823,0.9203539823,3470,3470,3470,0,0
17,0,rank_rolling,361,2115,rank,1000,4,246,226,0.8902439024,0.8805309735,0.8849557522,2115,2115,2115,0,0
17,0,margin_static,362,14.88379383,score_margin,48506,92,620,530,0.7661290323,0.8,0.8268823001,1811.718868,88.5,7128,0.06603773585,0.1509433962
17,0,margin_rolling,362,20.01840973,score_margin,1000,4,620,530,0.8548387097,0.8867924528,0.9084636119,3017.1,775.5,7128,0.01886792453,0.2320754717
17,0,rank_static,362,3547,rank,48506,92,620,530,0.9306451613,0.9188679245,0.9226415094,3547,3547,3547,0,0
17,0,rank_expanding,362,3464,rank,48506,92,620,530,0.9290322581,0.9169811321,0.920754717,3464,3464,3464,0,0
17,0,rank_rolling,362,1811,rank,1000,4,620,530,0.8806451613,0.8622641509,0.870754717,1811,1811,1811,0,0
17,0,margin_static,363,14.88379383,score_margin,49126,93,386,353,0.8056994819,0.8130311615,0.8295561851,1932.507082,75,7128,0.09631728045,0.1473087819
17,0,margin_rolling,363,22.88402939,score_margin,1000,3,386,353,0.9170984456,0.9235127479,0.9350802644,3592.345609,3935,7128,0.02266288952,0.3144475921
17,0,rank_static,363,3547,rank,49126,93,386,353,0.8937823834,0.8866855524,0.8914069877,3547,3547,3547,0,0
17,0,rank_expanding,363,3444,rank,49126,93,386,353,0.8911917098,0.8838526912,0.8885741265,3444,3444,3444,0,0
17,0,rank_rolling,363,2221,rank,1000,3,386,353,0.8626943005,0.8555240793,0.8593012276,2221,2221,2221,0,0
17,0,margin_static,364,14.88379383,score_margin,49512,94,354,329,0.7711864407,0.7689969605,0.7831813576,1703.753799,77,7128,0.1003039514,0.1428571429
17,0,margin_rolling,364,22.58382225,score_margin,1000,2,354,329,0.8926553672,0.8936170213,0.9027355623,3578.711246,2352,7128,0.0273556231,0.2796352584
17,0,rank_static,364,3547,rank,49512,94,354,329,0.9152542373,0.9088145897,0.9103343465,3547,3547,3547,0,0
17,0,rank_expanding,364,3445,rank,49512,94,354,329,0.9152542373,0.9088145897,0.9103343465,3445,3445,3445,0,0
17,0,rank_rolling,364,2915,rank,1000,2,354,329,0.9124293785,0.905775076,0.9072948328,2915,2915,2915,0,0
17,0.1,margin_static,292,14.4408226,score_margin,11270,22,730,658,0.8849315068,0.8936170213,0.9032928065,3584.545593,3984.5,7128,0.01519756839,0.282674772
17,0.1,margin_rolling,292,14.4408226,score_margin,1000,3,730,658,0.8849315068,0.8936170213,0.9032928065,3584.545593,3984.5,7128,0.01519756839,0.282674772
17,0.1,rank_static,292,3606,rank,11270,22,730,658,0.9082191781,0.9042553191,0.9042553191,3606,3606,3606,0,0
17,0.1,rank_expanding,292,3606,rank,11270,22,730,658,0.9082191781,0.9042553191,0.9042553191,3606,3606,3606,0,0
17,0.1,rank_rolling,292,2496,rank,1000,3,730,658,0.8753424658,0.8693009119,0.8723404255,2496,2496,2496,0,0
17,0.1,margin_static,293,14.4408226,score_margin,12000,23,658,581,0.8981762918,0.900172117,0.9188181297,3741.648881,4795,7128,0.005163511188,0.3115318417
17,0.1,margin_rolling,293,14.7183075,score_margin,1000,2,658,581,0.9012158055,0.900172117,0.9196787149,3840.710843,5307,7128,0.005163511188,0.3253012048
17,0.1,rank_static,293,3606,rank,12000,23,658,581,0.8723404255,0.8605851979,0.8703384968,3606,3606,3606,0,0
17,0.1,rank_expanding,293,3591,rank,12000,23,658,581,0.8723404255,0.8605851979,0.8703384968,3591,3591,3591,0,0
17,0.1,rank_rolling,293,2765,rank,1000,2,658,581,0.8434650456,0.8278829604,0.8402180149,2765,2765,2765,0,0
17,0.1,margin_static,294,14.4408226,score_margin,12658,24,618,538,0.8462783172,0.8382899628,0.8652726146,3594.3829,3942,7128,0.02044609665,0.3066914498
17,0.1,margin_rolling,294,15.3276968,score_margin,1000,2,618,538,0.8737864078,0.8698884758,0.8931536555,3932.814126,5739.5,7128,0.01672862454,0.3327137546
17,0.1,rank_static,294,3606,rank,12658,24,618,538,0.8883495146,0.873605948,0.8782527881,3606,3606,3606,0,0
17,0.1,rank_expanding,294,3639,rank,12658,24,618,538,0.8883495146,0.873605948,0.8782527881,3639,3639,3639,0,0
17,0.1,rank_rolling,294,3870,rank,1000,2,618,538,0.8964401294,0.8828996283,0.8875464684,3870,3870,3870,0,0
17,0.1,margin_static,295,14.4408226,score_margin,13276,25,666,578,0.8858858859,0.8892733564,0.9095155709,3605.423875,3152,7128,0.01038062284,0.2923875433
17,0.1,margin_rolling,295,16.16079974,score_margin,1000,2,666,578,0.9204204204,0.9221453287,0.9415224913,4307.487889,6513,7128,0.006920415225,0.3529411765
17,0.1,rank_static,295,3606,rank,13276,25,666,578,0.9039039039,0.8910034602,0.8941753172,3606,3606,3606,0,0
17,0.1,rank_expanding,295,3671,rank,13276,25,666,578,0.9054054054,0.892733564,0.895905421,3671,3671,3671,0,0
17,0.1,rank_rolling,295,4291,rank,1000,2,666,578,0.9174174174,0.9065743945,0.9065743945,4291,4291,4291,0,0
17,0.1,margin_static,296,14.4408226,score_margin,13942,26,516,466,0.8333333333,0.8261802575,0.8477110157,3429.371245,1785,7128,0.01072961373,0.2961373391
17,0.1,margin_rolling,296,16.17019701,score_margin,1000,2,516,466,0.8585271318,0.8519313305,0.8728183119,4039.233906,6290,7128,0.00643776824,0.3454935622
17,0.1,rank_static,296,3606,rank,13942,26,516,466,0.9050387597,0.8948497854,0.8980686695,3606,3606,3606,0,0
17,0.1,rank_expanding,296,3663,rank,13942,26,516,466,0.9069767442,0.8969957082,0.9002145923,3663,3663,3663,0,0
17,0.1,rank_rolling,296,3445,rank,1000,2,516,466,0.9031007752,0.8927038627,0.8959227468,3445,3445,3445,0,0
17,0.1,margin_static,297,14.4408226,score_margin,14458,27,292,254,0.8321917808,0.8543307087,0.867191601,2951.086614,663,7128,0,0.2322834646
17,0.1,margin_rolling,297,16.55836678,score_margin,1000,2,292,254,0.8801369863,0.8937007874,0.9112860892,3613.267717,3009,7128,0,0.2834645669
17,0.1,rank_static,297,3606,rank,14458,27,292,254,0.8938356164,0.8818897638,0.8871391076,3606,3606,3606,0,0
17,0.1,rank_expanding,297,3644,rank,14458,27,292,254,0.897260274,0.8858267717,0.8910761155,3644,3644,3644,0,0
17,0.1,rank_rolling,297,3374,rank,1000,2,292,254,0.8869863014,0.874015748,0.8822178478,3374,3374,3374,0,0
17,0.1,margin_static,298,14.4408226,score_margin,14750,28,252,224,0.8531746032,0.8571428571,0.8764880952,3048.6875,913,7128,0.004464285714,0.28125
17,0.1,margin_rolling,298,17.15593863,score_margin,1000,3,252,224,0.9444444444,0.9464285714,0.9572172619,4072.263393,6350,7128,0.004464285714,0.3482142857
17,0.1,rank_static,298,3606,rank,14750,28,252,224,0.876984127,0.8616071429,0.8638392857,3606,3606,3606,0,0
17,0.1,rank_expanding,298,3644,rank,14750,28,252,224,0.876984127,0.8616071429,0.8638392857,3644,3644,3644,0,0
17,0.1,rank_rolling,298,3663,rank,1000,3,252,224,0.876984127,0.8616071429,0.8638392857,3663,3663,3663,0,0
17,0.1,margin_static,299,14.4408226,score_margin,15002,29,702,615,0.8660968661,0.8764227642,0.8938521099,3361.569106,1631,7128,0.02926829268,0.2390243902
17,0.1,margin_rolling,299,16.86619774,score_margin,1000,3,702,615,0.9116809117,0.918699187,0.9315911731,4206.534959,6747,7128,0.008130081301,0.3300813008
17,0.1,rank_static,299,3606,rank,15002,29,702,615,0.9245014245,0.9138211382,0.916802168,3606,3606,3606,0,0
17,0.1,rank_expanding,299,3668,rank,15002,29,702,615,0.9273504274,0.9170731707,0.9189701897,3668,3668,3668,0,0
17,0.1,rank_rolling,299,3919,rank,1000,3,702,615,0.933048433,0.9235772358,0.9235772358,3919,3919,3919,0,0
17,0.1,margin_static,300,14.4408226,score_margin,15704,30,664,573,0.8629518072,0.8603839442,0.8868528214,3568.635253,3889,7128,0.01919720768,0.2862129145
17,0.1,margin_rolling,300,16.28437996,score_margin,1000,3,664,573,0.8975903614,0.8970331588,0.9223385689,4261.467714,6834,7128,0.01396160558,0.352530541
17,0.1,rank_static,300,3606,rank,15704,30,664,573,0.8930722892,0.8795811518,0.8862710878,3606,3606,3606,0,0
17,0.1,rank_expanding,300,3609,rank,15704,30,664,573,0.8930722892,0.8795811518,0.8862710878,3609,3609,3609,0,0
17,0.1,rank_rolling,300,3256,rank,1000,3,664,573,0.8780120482,0.8621291449,0.8696916812,3256,3256,3256,0,0
17,0.1,margin_static,301,14.4408226,score_margin,16368,31,616,552,0.862012987,0.856884058,0.8778381643,3753.817029,4415.5,7128,0.01811594203,0.3079710145
17,0.1,margin_rolling,301,16.36221313,score_margin,1000,2,616,552,0.9025974026,0.8985507246,0.9143719807,4328.755435,6923.5,7128,0.01086956522,0.3858695652
17,0.1,rank_static,301,3606,rank,16368,31,616,552,0.8587662338,0.8423913043,0.8516908213,3606,3606,3606,0,0
17,0.1,rank_expanding,301,3617,rank,16368,31,616,552,0.8587662338,0.8423913043,0.8516908213,3617,3617,3617,0,0
17,0.1,rank_rolling,301,3406,rank,1000,2,616,552,0.8474025974,0.8315217391,0.8402173913,3406,3406,3406,0,0
17,0.1,margin_static,302,14.4408226,score_margin,16984,32,570,490,0.8421052632,0.8387755102,0.8601603499,3244.07551,1024,7128,0.03469387755,0.2632653061
17,0.1,margin_rolling,302,16.31706047,score_margin,1000,2,570,490,0.8771929825,0.8755102041,0.8972351798,3873.438776,5447.5,7128,0.02040816327,0.3306122449
17,0.1,rank_static,302,3606,rank,16984,32,570,490,0.8842105263,0.8714285714,0.8792517007,3606,3606,3606,0,0
17,0.1,rank_expanding,302,3695,rank,16984,32,570,490,0.8859649123,0.8734693878,0.881292517,3695,3695,3695,0,0
17,0.1,rank_rolling,302,5186,rank,1000,2,570,490,0.9315789474,0.9244897959,0.9275510204,5186,5186,5186,0,0
17,0.1,margin_static,303,14.4408226,score_margin,17554,33,542,485,0.8782287823,0.8680412371,0.8834364261,3346.581443,1482,7128,0.02268041237,0.2886597938
17,0.1,margin_rolling,303,17.11175156,score_margin,1000,2,542,485,0.905904059,0.8989690722,0.9102405498,4240.756701,6819,7128,0.01237113402,0.3670103093
17,0.1,rank_static,303,3606,rank,17554,33,542,485,0.8505535055,0.8371134021,0.8422680412,3606,3606,3606,0,0
17,0.1,rank_expanding,303,3703,rank,17554,33,542,485,0.8579335793,0.8453608247,0.8505154639,3703,3703,3703,0,0
17,0.1,rank_rolling,303,4502,rank,1000,2,542,485,0.889298893,0.8783505155,0.8804123711,4502,4502,4502,0,0
17,0.1,margin_static,304,14.4408226,score_margin,18096,34,328,281,0.8506097561,0.8398576512,0.8778173191,3178.423488,1126,7128,0.02846975089,0.2526690391
17,0.1,margin_rolling,304,16.2979691,score_margin,1000,2,328,281,0.8841463415,0.871886121,0.9116251483,3889.007117,5570,7128,0.01423487544,0.3060498221
17,0.1,rank_static,304,3606,rank,18096,34,328,281,0.887195122,0.8825622776,0.8825622776,3606,3606,3606,0,0
17,0.1,rank_expanding,304,3741,rank,18096,34,328,281,0.9054878049,0.9039145907,0.9039145907,3741,3741,3741,0,0
17,0.1,rank_rolling,304,4556,rank,1000,2,328,281,0.9329268293,0.9359430605,0.9359430605,4556,4556,4556,0,0
17,0.1,margin_static,305,14.4408226,score_margin,18424,35,328,295,0.8658536585,0.8576271186,0.8807344633,2767.271186,635,7128,0.01355932203,0.2033898305
17,0.1,margin_rolling,305,17.12116277,score_margin,1000,3,328,295,0.9298780488,0.9254237288,0.9415819209,3909.322034,5487,7128,0.006779661017,0.2949152542
17,0.1,rank_static,305,3606,rank,18424,35,328,295,0.9115853659,0.9016949153,0.9033898305,3606,3606,3606,0,0
17,0.1,rank_expanding,305,3729,rank,18424,35,328,295,0.9115853659,0.9016949153,0.9033898305,3729,3729,3729,0,0
17,0.1,rank_rolling,305,4408,rank,1000,3,328,295,0.9176829268,0.9084745763,0.9101694915,4408,4408,4408,0,0
17,0.1,margin_static,306,14.4408226,score_margin,18752,36,582,513,0.8625429553,0.8771929825,0.8954515919,3237.908382,918,7128,0.03898635478,0.2670565302
17,0.1,margin_rolling,306,16.71402872,score_margin,1000,3,582,513,0.9003436426,0.9083820663,0.9263807667,3945.754386,6116,7128,0.01559454191,0.3469785575
17,0.1,rank_static,306,3606,rank,18752,36,582,513,0.9140893471,0.9025341131,0.905782976,3606,3606,3606,0,0
17,0.1,rank_expanding,306,3725,rank,18752,36,582,513,0.9158075601,0.9044834308,0.9077322937,3725,3725,3725,0,0
17,0.1,rank_rolling,306,4174,rank,1000,3,582,513,0.9278350515,0.918128655,0.9213775179,4174,4174,4174,0,0
17,0.1,margin_static,307,14.4408226,score_margin,19334,37,588,510,0.8520408163,0.8568627451,0.8798366013,3446.694118,1888.5,7128,0.03137254902,0.2666666667
17,0.1,margin_rolling,307,16.71402872,score_margin,1000,3,588,510,0.8945578231,0.8960784314,0.9176470588,4246.096078,6654.5,7128,0.0137254902,0.3490196078
17,0.1,rank_static,307,3606,rank,19334,37,588,510,0.8775510204,0.8588235294,0.8639869281,3606,3606,3606,0,0
17,0.1,rank_expanding,307,3711,rank,19334,37,588,510,0.880952381,0.862745098,0.8679084967,3711,3711,3711,0,0
17,0.1,rank_rolling,307,3084,rank,1000,3,588,510,0.862244898,0.8411764706,0.8473202614,3084,3084,3084,0,0
17,0.1,margin_static,308,14.4408226,score_margin,19922,38,562,497,0.8558718861,0.8571428571,0.8789594711,3405.024145,1711,7128,0.02816901408,0.2977867203
17,0.1,margin_rolling,308,16.85083342,score_margin,1000,2,562,497,0.8914590747,0.8913480885,0.9085369359,4116.909457,6661,7128,0.01810865191,0.3742454728
17,0.1,rank_static,308,3606,rank,19922,38,562,497,0.8701067616,0.8571428571,0.861167002,3606,3606,3606,0,0
17,0.1,rank_expanding,308,3729,rank,19922,38,562,497,0.8754448399,0.8631790744,0.8672032193,3729,3729,3729,0,0
17,0.1,rank_rolling,308,3854,rank,1000,2,562,497,0.8790035587,0.8672032193,0.8712273642,3854,3854,3854,0,0
17,0.1,margin_static,309,14.4408226,score_margin,20484,39,626,535,0.8498402556,0.8542056075,0.8745482866,3447.798131,1630,7128,0.02056074766,0.291588785
17,0.1,margin_rolling,309,16.95534229,score_margin,1000,2,626,535,0.8993610224,0.9028037383,0.9203115265,4261.179439,6701,7128,0.01495327103,0.3757009346
17,0.1,rank_static,309,3606,rank,20484,39,626,535,0.8801916933,0.8654205607,0.8725856698,3606,3606,3606,0,0
17,0.1,rank_expanding,309,3762,rank,20484,39,626,535,0.8881789137,0.8747663551,0.8819314642,3762,3762,3762,0,0
17,0.1,rank_rolling,309,4471,rank,1000,2,626,535,0.8961661342,0.8841121495,0.8903426791,4471,4471,4471,0,0
17,0.1,margin_static,310,14.4408226,score_margin,21110,40,620,527,0.8693548387,0.8614800759,0.897659709,2872.910816,643,7128,0.01897533207,0.2239089184
17,0.1,margin_rolling,310,17.25325377,score_margin,1000,2,620,527,0.9322580645,0.9259962049,0.9449082859,3935.409867,5748,7128,0.009487666034,0.3055028463
17,0.1,rank_static,310,3606,rank,21110,40,620,527,0.9370967742,0.9278937381,0.9288425047,3606,3606,3606,0,0
17,0.1,rank_expanding,310,3786,rank,21110,40,620,527,0.9387096774,0.9297912713,0.930740038,3786,3786,3786,0,0
17,0.1,rank_rolling,310,4471,rank,1000,2,620,527,0.9516129032,0.944971537,0.944971537,4471,4471,4471,0,0
17,0.1,margin_static,311,14.4408226,score_margin,21730,41,438,366,0.8607305936,0.8415300546,0.8719489982,2503.20765,353.5,7128,0.01366120219,0.1857923497
17,0.1,margin_rolling,311,16.32073498,score_margin,1000,2,438,366,0.899543379,0.8825136612,0.9074681239,3126.010929,827.5,7128,0.008196721311,0.2295081967
17,0.1,rank_static,311,3606,rank,21730,41,438,366,0.9132420091,0.8989071038,0.900273224,3606,3606,3606,0,0
17,0.1,rank_expanding,311,3729,rank,21730,41,438,366,0.9200913242,0.9071038251,0.9084699454,3729,3729,3729,0,0
17,0.1,rank_rolling,311,3035,rank,1000,2,438,366,0.901826484,0.8852459016,0.8866120219,3035,3035,3035,0,0
17,0.1,margin_static,312,14.4408226,score_margin,22168,42,460,368,0.847826087,0.8505434783,0.8835274327,2446.798913,325,7128,0.02717391304,0.1766304348
17,0.1,margin_rolling,312,16.15764952,score_margin,1000,2,460,368,0.8760869565,0.875,0.9030538302,2940.548913,865.5,7128,0.008152173913,0.222826087
17,0.1,rank_static,312,3606,rank,22168,42,460,368,0.9195652174,0.8994565217,0.9142210145,3606,3606,3606,0,0
17,0.1,rank_expanding,312,3714,rank,22168,42,460,368,0.9195652174,0.8994565217,0.9142210145,3714,3714,3714,0,0
17,0.1,rank_rolling,312,2487,rank,1000,2,460,368,0.9,0.875,0.8911231884,2487,2487,2487,0,0
17,0.1,margin_static,313,14.4408226,score_margin,22628,43,794,641,0.8413098237,0.8330733229,0.8723868955,2751.042122,390,7128,0.03276131045,0.2152886115
17,0.1,margin_rolling,313,16.57589436,score_margin,1000,3,794,641,0.8904282116,0.8814352574,0.9106604264,3414.725429,1801,7128,0.01716068643,0.2652106084
17,0.1,rank_static,313,3606,rank,22628,43,794,641,0.9118387909,0.8907956318,0.8951638066,3606,3606,3606,0,0
17,0.1,rank_expanding,313,3705,rank,22628,43,794,641,0.9168765743,0.8970358814,0.9014040562,3705,3705,3705,0,0
17,0.1,rank_rolling,313,2817,rank,1000,3,794,641,0.8929471033,0.8673946958,0.8717628705,2817,2817,2817,0,0
17,0.1,margin_static,314,14.4408226,score_margin,23422,44,678,585,0.8466076696,0.8427350427,0.8666422466,2760.747009,547,7128,0.03247863248,0.211965812
17,0.1,margin_rolling,314,17.51942062,score_margin,1000,2,678,585,0.9100294985,0.9094017094,0.9266870167,3805.835897,5149,7128,0.01196581197,0.3025641026
17,0.1,rank_static,314,3606,rank,23422,44,678,585,0.918879056,0.905982906,0.9133903134,3606,3606,3606,0,0
17,0.1,rank_expanding,314,3695,rank,23422,44,678,585,0.918879056,0.905982906,0.9133903134,3695,3695,3695,0,0
17,0.1,rank_rolling,314,3076,rank,1000,2,678,585,0.901179941,0.8854700855,0.8937321937,3076,3076,3076,0,0
17,0.1,margin_static,315,14.4408226,score_margin,24100,45,774,660,0.830749354,0.8242424242,0.849520202,2731.195455,554,7128,0.0303030303,0.1833333333
17,0.1,margin_rolling,315,17.56672668,score_margin,1000,2,774,660,0.8927648579,0.8909090909,0.9108838384,3851.007576,5318.5,7128,0.01060606061,0.2909090909
17,0.1,rank_static,315,3606,rank,24100,45,774,660,0.9224806202,0.9136363636,0.9178787879,3606,3606,3606,0,0
17,0.1,rank_expanding,315,3678,rank,24100,45,774,660,0.9237726098,0.9151515152,0.9193939394,3678,3678,3678,0,0
17,0.1,rank_rolling,315,2975,rank,1000,2,774,660,0.9095607235,0.8984848485,0.9077272727,2975,2975,2975,0,0
17,0.1,margin_static,316,14.4408226,score_margin,24874,46,758,622,0.8416886544,0.8327974277,0.8595927117,3094.012862,1138,7128,0.02572347267,0.2379421222
17,0.1,margin_rolling,316,18.77263451,score_margin,1000,2,758,622,0.9208443272,0.9131832797,0.9319399786,4587.548232,7003.5,7128,0.006430868167,0.3488745981
17,0.1,rank_static,316,3606,rank,24874,46,758,622,0.9116094987,0.8922829582,0.8946945338,3606,3606,3606,0,0
17,0.1,rank_expanding,316,3658,rank,24874,46,758,622,0.9116094987,0.8922829582,0.8946945338,3658,3658,3658,0,0
17,0.1,rank_rolling,316,2589,rank,1000,2,758,622,0.8918205805,0.8681672026,0.8705787781,2589,2589,2589,0,0
17,0.1,margin_static,317,14.4408226,score_margin,25632,47,630,559,0.8365079365,0.831842576,0.8553369112,2418.223614,302,7128,0.03041144902,0.1788908766
17,0.1,margin_rolling,317,17.70601463,score_margin,1000,2,630,559,0.8904761905,0.8890876565,0.910614192,3500.876565,3077,7128,0.01788908766,0.2683363148
17,0.1,rank_static,317,3606,rank,25632,47,630,559,0.9015873016,0.8890876565,0.8968694097,3606,3606,3606,0,0
17,0.1,rank_expanding,317,3634,rank,25632,47,630,559,0.9031746032,0.8908765653,0.8986583184,3634,3634,3634,0,0
17,0.1,rank_rolling,317,2843,rank,1000,2,630,559,0.880952381,0.8658318426,0.8757006559,2843,2843,2843,0,0
17,0.1,margin_static,318,14.4408226,score_margin,26262,48,342,308,0.8362573099,0.8376623377,0.862012987,2499.314935,228.5,7128,0.02272727273,0.2045454545
17,0.1,margin_rolling,318,18.17348266,score_margin,1000,2,342,308,0.9093567251,0.9090909091,0.9285714286,3503.574675,1643,7128,0.00974025974,0.3051948052
17,0.1,rank_static,318,3606,rank,26262,48,342,308,0.9093567251,0.8993506494,0.9031385281,3606,3606,3606,0,0
17,0.1,rank_expanding,318,3627,rank,26262,48,342,308,0.9093567251,0.8993506494,0.9031385281,3627,3627,3627,0,0
17,0.1,rank_rolling,318,3539,rank,1000,2,342,308,0.9093567251,0.8993506494,0.9031385281,3539,3539,3539,0,0
17,0.1,margin_static,319,14.4408226,score_margin,26604,49,324,290,0.8549382716,0.8379310345,0.8482758621,2529.834483,336,7128,0.0275862069,0.1896551724
17,0.1,margin_rolling,319,17.96243191,score_margin,1000,3,324,290,0.9197530864,0.9103448276,0.9189655172,3608.306897,3913.5,7128,0.01034482759,0.2896551724
17,0.1,rank_static,319,3606,rank,26604,49,324,290,0.9382716049,0.9310344828,0.9310344828,3606,3606,3606,0,0
17,0.1,rank_expanding,319,3623,rank,26604,49,324,290,0.9382716049,0.9310344828,0.9310344828,3623,3623,3623,0,0
17,0.1,rank_rolling,319,3539,rank,1000,3,324,290,0.9382716049,0.9310344828,0.9310344828,3539,3539,3539,0,0
17,0.1,margin_static,320,14.4408226,score_margin,26928,50,736,646,0.8315217391,0.8374613003,0.8538527692,3156.123839,856,7128,0.02167182663,0.2476780186
17,0.1,margin_rolling,320,17.85149765,score_margin,1000,3,736,646,0.8953804348,0.907120743,0.9158582731,4049.128483,6706,7128,0.01393188854,0.3699690402
17,0.1,rank_static,320,3606,rank,26928,50,736,646,0.9171195652,0.9086687307,0.9119711042,3606,3606,3606,0,0
17,0.1,rank_expanding,320,3609,rank,26928,50,736,646,0.9171195652,0.9086687307,0.9119711042,3609,3609,3609,0,0
17,0.1,rank_rolling,320,2986,rank,1000,3,736,646,0.8967391304,0.8854489164,0.8910732714,2986,2986,2986,0,0
17,0.1,margin_static,321,14.4408226,score_margin,27664,51,680,603,0.8426470588,0.8358208955,0.8521282477,2795.281924,534,7128,0.03316749585,0.2089552239
17,0.1,margin_rolling,321,17.69613409,score_margin,1000,2,680,603,0.9073529412,0.8988391376,0.9129353234,4016.880597,5875,7128,0.01326699834,0.2968490879
17,0.1,rank_static,321,3606,rank,27664,51,680,603,0.9191176471,0.9087893864,0.9112769486,3606,3606,3606,0,0
17,0.1,rank_expanding,321,3591,rank,27664,51,680,603,0.9176470588,0.9071310116,0.9096185738,3591,3591,3591,0,0
17,0.1,rank_rolling,321,2677,rank,1000,2,680,603,0.8897058824,0.8756218905,0.8789386401,2677,2677,2677,0,0
17,0.1,margin_static,322,14.4408226,score_margin,28344,52,668,595,0.8517964072,0.8504201681,0.8658263305,2974.132773,724,7128,0.0218487395,0.2201680672
17,0.1,margin_rolling,322,18.28432655,score_margin,1000,2,668,595,0.9176646707,0.9176470588,0.9280112045,4189.994958,6686,7128,0.005042016807,0.3445378151
17,0.1,rank_static,322,3606,rank,28344,52,668,595,0.8982035928,0.887394958,0.8887955182,3606,3606,3606,0,0
17,0.1,rank_expanding,322,3588,rank,28344,52,668,595,0.8982035928,0.887394958,0.8887955182,3588,3588,3588,0,0
17,0.1,rank_rolling,322,2984,rank,1000,2,668,595,0.871257485,0.8588235294,0.8630252101,2984,2984,2984,0,0
17,0.1,margin_static,323,14.4408226,score_margin,29012,53,668,600,0.8008982036,0.7983333333,0.8208333333,2765.095,647.5,7128,0.025,0.185
17,0.1,margin_rolling,323,17.52625656,score_margin,1000,2,668,600,0.872754491,0.87,0.8902777778,3937.895,5978,7128,0.015,0.2683333333
17,0.1,rank_static,323,3606,rank,29012,53,668,600,0.8967065868,0.8883333333,0.8930555556,3606,3606,3606,0,0
17,0.1,rank_expanding,323,3589,rank,29012,53,668,600,0.8967065868,0.8883333333,0.8930555556,3589,3589,3589,0,0
17,0.1,rank_rolling,323,3476,rank,1000,2,668,600,0.8937125749,0.8866666667,0.8905555556,3476,3476,3476,0,0
17,0.1,margin_static,324,14.4408226,score_margin,29680,54,796,650,0.8027638191,0.8076923077,0.8481794872,2878.915385,577,7128,0.02307692308,0.1861538462
17,0.1,margin_rolling,324,18.51265746,score_margin,1000,2,796,650,0.8944723618,0.8969230769,0.9228717949,4158.175385,6546.5,7128,0.006153846154,0.3415384615
17,0.1,rank_static,324,3606,rank,29680,54,796,650,0.9208542714,0.9030769231,0.9124358974,3606,3606,3606,0,0
17,0.1,rank_expanding,324,3590,rank,29680,54,796,650,0.9208542714,0.9030769231,0.9124358974,3590,3590,3590,0,0
17,0.1,rank_rolling,324,3654,rank,1000,2,796,650,0.9233668342,0.9061538462,0.9155128205,3654,3654,3654,0,0
17,0.1,margin_static,325,14.4408226,score_margin,30476,55,398,360,0.7587939698,0.7666666667,0.7814814815,2690.147222,267.5,7128,0.06111111111,0.2194444444
17,0.1,margin_rolling,325,18.53627872,score_margin,1000,2,398,360,0.8768844221,0.875,0.8856481481,3721.422222,5382,7128,0.01666666667,0.3416666667
17,0.1,rank_static,325,3606,rank,30476,55,398,360,0.8894472362,0.8777777778,0.8791666667,3606,3606,3606,0,0
17,0.1,rank_expanding,325,3575,rank,30476,55,398,360,0.8894472362,0.8777777778,0.8791666667,3575,3575,3575,0,0
17,0.1,rank_rolling,325,2818,rank,1000,2,398,360,0.8467336683,0.8305555556,0.8361111111,2818,2818,2818,0,0
17,0.1,margin_static,326,14.4408226,score_margin,30874,56,422,348,0.7748815166,0.7816091954,0.8061542146,2142.301724,167,7128,0.0316091954,0.132183908
17,0.1,margin_rolling,326,18.54301834,score_margin,1000,2,422,348,0.8909952607,0.882183908,0.9009818008,3246.387931,1077.5,7128,0.008620689655,0.2672413793
17,0.1,rank_static,326,3606,rank,30874,56,422,348,0.9668246445,0.9626436782,0.9626436782,3606,3606,3606,0,0
17,0.1,rank_expanding,326,3582,rank,30874,56,422,348,0.9668246445,0.9626436782,0.9626436782,3582,3582,3582,0,0
17,0.1,rank_rolling,326,3249,rank,1000,2,422,348,0.9597156398,0.9540229885,0.9540229885,3249,3249,3249,0,0
17,0.1,margin_static,327,14.4408226,score_margin,31296,57,738,621,0.7845528455,0.8019323671,0.8305152979,2798.346216,379,7128,0.03381642512,0.2093397746
17,0.1,margin_rolling,327,18.98443985,score_margin,1000,3,738,621,0.8983739837,0.8985507246,0.9257648953,4045.710145,6354,7128,0.01288244767,0.3655394525
17,0.1,rank_static,327,3606,rank,31296,57,738,621,0.9037940379,0.885668277,0.8926462695,3606,3606,3606,0,0
17,0.1,rank_expanding,327,3552,rank,31296,57,738,621,0.9037940379,0.885668277,0.8926462695,3552,3552,3552,0,0
17,0.1,rank_rolling,327,2572,rank,1000,3,738,621,0.8848238482,0.8647342995,0.871712292,2572,2572,2572,0,0
17,0.1,margin_static,328,14.4408226,score_margin,32034,58,600,526,0.8133333333,0.825095057,0.8445410103,2796.984791,481.5,7128,0.03992395437,0.1901140684
17,0.1,margin_rolling,328,19.01109169,score_margin,1000,2,600,526,0.905,0.9068441065,0.9248053594,4199.598859,6487,7128,0.01330798479,0.3517110266
17,0.1,rank_static,328,3606,rank,32034,58,600,526,0.9316666667,0.9220532319,0.9268060837,3606,3606,3606,0,0
17,0.1,rank_expanding,328,3549,rank,32034,58,600,526,0.9316666667,0.9220532319,0.9268060837,3549,3549,3549,0,0
17,0.1,rank_rolling,328,2481,rank,1000,2,600,526,0.9066666667,0.8954372624,0.9001901141,2481,2481,2481,0,0
17,0.1,margin_static,329,14.4408226,score_margin,32634,59,684,599,0.8201754386,0.8196994992,0.8440178075,2796.233723,376,7128,0.02671118531,0.2170283806
17,0.1,margin_rolling,329,19.21783471,score_margin,1000,2,684,599,0.9269005848,0.9282136895,0.9352810239,4198.796327,6776,7128,0.006677796327,0.367278798
17,0.1,rank_static,329,3606,rank,32634,59,684,599,0.8961988304,0.8864774624,0.8953811909,3606,3606,3606,0,0
17,0.1,rank_expanding,329,3517,rank,32634,59,684,599,0.8918128655,0.8814691152,0.8903728436,3517,3517,3517,0,0
17,0.1,rank_rolling,329,2644,rank,1000,2,684,599,0.8742690058,0.8631051753,0.8714524207,2644,2644,2644,0,0
17,0.1,margin_static,330,14.4408226,score_margin,33318,60,640,580,0.8203125,0.8275862069,0.8415229885,2606.42931,357,7128,0.03275862069,0.2
17,0.1,margin_rolling,330,17.94411945,score_margin,1000,2,640,580,0.9,0.9017241379,0.9150862069,3716.491379,4499,7128,0.01551724138,0.3034482759
17,0.1,rank_static,330,3606,rank,33318,60,640,580,0.909375,0.9,0.9017241379,3606,3606,3606,0,0
17,0.1,rank_expanding,330,3525,rank,33318,60,640,580,0.903125,0.8931034483,0.8948275862,3525,3525,3525,0,0
17,0.1,rank_rolling,330,3255,rank,1000,2,640,580,0.9,0.8896551724,0.8913793103,3255,3255,3255,0,0
17,0.1,margin_static,331,14.4408226,score_margin,33958,61,506,474,0.847826087,0.8481012658,0.8549578059,2682.689873,336,7128,0.03375527426,0.1877637131
17,0.1,margin_rolling,331,18.04842091,score_margin,1000,2,506,474,0.9031620553,0.9050632911,0.9108649789,3868.605485,5306.5,7128,0.01265822785,0.3101265823
17,0.1,rank_static,331,3606,rank,33958,61,506,474,0.9288537549,0.9240506329,0.9240506329,3606,3606,3606,0,0
17,0.1,rank_expanding,331,3521,rank,33958,61,506,474,0.9249011858,0.9198312236,0.9198312236,3521,3521,3521,0,0
17,0.1,rank_rolling,331,3576,rank,1000,2,506,474,0.9268774704,0.9219409283,0.9219409283,3576,3576,3576,0,0
17,0.1,margin_static,332,14.4408226,score_margin,34464,62,318,300,0.8396226415,0.8366666667,0.8477777778,2647.776667,270.5,7128,0.04333333333,0.21
17,0.1,margin_rolling,332,17.6882844,score_margin,1000,2,318,300,0.9182389937,0.9166666667,0.9233333333,3489.043333,1916.5,7128,0.02333333333,0.3033333333
17,0.1,rank_static,332,3606,rank,34464,62,318,300,0.9371069182,0.9333333333,0.9333333333,3606,3606,3606,0,0
17,0.1,rank_expanding,332,3510,rank,34464,62,318,300,0.9371069182,0.9333333333,0.9333333333,3510,3510,3510,0,0
17,0.1,rank_rolling,332,3165,rank,1000,2,318,300,0.9339622642,0.93,0.93,3165,3165,3165,0,0
17,0.1,margin_static,333,14.4408226,score_margin,34782,63,342,312,0.8099415205,0.8044871795,0.8226495726,2624.416667,339,7128,0.04807692308,0.2179487179
17,0.1,margin_rolling,333,17.34235573,score_margin,1000,3,342,312,0.8567251462,0.8557692308,0.8707264957,3413.525641,1612.5,7128,0.03846153846,0.2948717949
17,0.1,rank_static,333,3606,rank,34782,63,342,312,0.9269005848,0.9198717949,0.921474359,3606,3606,3606,0,0
17,0.1,rank_expanding,333,3494,rank,34782,63,342,312,0.9152046784,0.9070512821,0.9086538462,3494,3494,3494,0,0
17,0.1,rank_rolling,333,2545,rank,1000,3,342,312,0.8888888889,0.8782051282,0.8835470085,2545,2545,2545,0,0
17,0.1,margin_static,334,14.4408226,score_margin,35124,64,700,633,0.8385714286,0.8388625592,0.8530015798,2486.459716,296,7128,0.05213270142,0.1864139021
17,0.1,margin_rolling,334,18.00545022,score_margin,1000,3,700,633,0.9114285714,0.9178515008,0.9273828331,3672.698262,4146,7128,0.02211690363,0.2890995261
17,0.1,rank_static,334,3606,rank,35124,64,700,633,0.8985714286,0.8941548183,0.8981042654,3606,3606,3606,0,0
17,0.1,rank_expanding,334,3487,rank,35124,64,700,633,0.8957142857,0.8909952607,0.8959978936,3487,3487,3487,0,0
17,0.1,rank_rolling,334,2662,rank,1000,3,700,633,0.8714285714,0.8657187994,0.8720379147,2662,2662,2662,0,0
17,0.1,margin_static,335,14.4408226,score_margin,35824,65,656,587,0.8216463415,0.8160136286,0.8336740488,2573.212947,310,7128,0.03747870528,0.1976149915
17,0.1,margin_rolling,335,18.28925228,score_margin,1000,2,656,587,0.8948170732,0.8909710392,0.9052243044,3698.492334,4365,7128,0.01703577513,0.3083475298
17,0.1,rank_static,335,3606,rank,35824,65,656,587,0.8948170732,0.8858603066,0.8946621238,3606,3606,3606,0,0
17,0.1,rank_expanding,335,3490,rank,35824,65,656,587,0.8856707317,0.8756388416,0.8844406587,3490,3490,3490,0,0
17,0.1,rank_rolling,335,3482,rank,1000,2,656,587,0.8856707317,0.8756388416,0.8844406587,3482,3482,3482,0,0
17,0.1,margin_static,336,14.4408226,score_margin,36480,66,632,551,0.7658227848,0.7622504537,0.787477314,2732.673321,443,7128,0.03448275862,0.2087114338
17,0.1,margin_rolling,336,19.38177502,score_margin,1000,2,632,551,0.8987341772,0.8983666062,0.9135511192,4089.696915,6657,7128,0.01451905626,0.3666061706
17,0.1,rank_static,336,3606,rank,36480,66,632,551,0.8797468354,0.8656987296,0.8743496673,3606,3606,3606,0,0
17,0.1,rank_expanding,336,3507,rank,36480,66,632,551,0.878164557,0.8638838475,0.8737447066,3507,3507,3507,0,0
17,0.1,rank_rolling,336,3619,rank,1000,2,632,551,0.8797468354,0.8656987296,0.8743496673,3619,3619,3619,0,0
17,0.1,margin_static,337,14.4408226,score_margin,37112,67,552,492,0.8242753623,0.831300813,0.8503726287,2607.542683,373.5,7128,0.02235772358,0.1727642276
17,0.1,margin_rolling,337,19.4916687,score_margin,1000,2,552,492,0.9130434783,0.9146341463,0.9241869919,4042.847561,6328.5,7128,0.006097560976,0.3414634146
17,0.1,rank_static,337,3606,rank,37112,67,552,492,0.8949275362,0.8821138211,0.8868563686,3606,3606,3606,0,0
17,0.1,rank_expanding,337,3517,rank,37112,67,552,492,0.8949275362,0.8821138211,0.8868563686,3517,3517,3517,0,0
17,0.1,rank_rolling,337,4025,rank,1000,2,552,492,0.9112318841,0.9004065041,0.9051490515,4025,4025,4025,0,0
17,0.1,margin_static,338,14.4408226,score_margin,37664,68,496,457,0.8044354839,0.8205689278,0.8282275711,2570.905908,390,7128,0.03938730853,0.1838074398
17,0.1,margin_rolling,338,19.4916687,score_margin,1000,2,496,457,0.9092741935,0.9256017505,0.9336250912,4143.483589,6343,7128,0.01531728665,0.3347921225
17,0.1,rank_static,338,3606,rank,37664,68,496,457,0.8951612903,0.886214442,0.8924142961,3606,3606,3606,0,0
17,0.1,rank_expanding,338,3520,rank,37664,68,496,457,0.8911290323,0.8818380744,0.8880379285,3520,3520,3520,0,0
17,0.1,rank_rolling,338,3819,rank,1000,2,496,457,0.8971774194,0.8884026258,0.8946024799,3819,3819,3819,0,0
17,0.1,margin_static,339,14.4408226,score_margin,38160,69,328,297,0.7957317073,0.8080808081,0.8218294052,1967.946128,180,7128,0.05387205387,0.1077441077
17,0.1,margin_rolling,339,18.3269968,score_margin,1000,2,328,297,0.8658536585,0.8653198653,0.8785072952,3236.343434,1406,7128,0.02356902357,0.1952861953
17,0.1,rank_static,339,3606,rank,38160,69,328,297,0.8902439024,0.8888888889,0.8922558923,3606,3606,3606,0,0
17,0.1,rank_expanding,339,3525,rank,38160,69,328,297,0.8902439024,0.8888888889,0.8922558923,3525,3525,3525,0,0
17,0.1,rank_rolling,339,3768,rank,1000,2,328,297,0.8902439024,0.8888888889,0.8922558923,3768,3768,3768,0,0
17,0.1,margin_static,340,14.4408226,score_margin,38488,70,328,303,0.7865853659,0.7887788779,0.8091309131,2503.458746,254,7128,0.03630363036,0.1716171617
17,0.1,margin_rolling,340,19.13522339,score_margin,1000,3,328,303,0.9237804878,0.9273927393,0.9356435644,3846.966997,4845,7128,0.006600660066,0.3135313531
17,0.1,rank_static,340,3606,rank,38488,70,328,303,0.9359756098,0.9306930693,0.9323432343,3606,3606,3606,0,0
17,0.1,rank_expanding,340,3527,rank,38488,70,328,303,0.9359756098,0.9306930693,0.9323432343,3527,3527,3527,0,0
17,0.1,rank_rolling,340,3927,rank,1000,3,328,303,0.9359756098,0.9306930693,0.9323432343,3927,3927,3927,0,0
17,0.1,margin_static,341,14.4408226,score_margin,38816,71,576,519,0.8072916667,0.8227360308,0.8346820809,2624.414258,348,7128,0.0366088632,0.183044316
17,0.1,margin_rolling,341,19.00929761,score_margin,1000,3,576,519,0.8993055556,0.9094412331,0.9213872832,3964.71869,5810,7128,0.01734104046,0.3314065511
17,0.1,rank_static,341,3606,rank,38816,71,576,519,0.8819444444,0.8689788054,0.876300578,3606,3606,3606,0,0
17,0.1,rank_expanding,341,3517,rank,38816,71,576,519,0.8802083333,0.8670520231,0.8743737958,3517,3517,3517,0,0
17,0.1,rank_rolling,341,3224,rank,1000,3,576,519,0.8680555556,0.8535645472,0.861849711,3224,3224,3224,0,0
17,0.1,margin_static,342,14.4408226,score_margin,39392,72,636,565,0.8128930818,0.8194690265,0.8340707965,2682.40708,300,7128,0.0407079646,0.2123893805
17,0.1,margin_rolling,342,18.76415443,score_margin,1000,3,636,565,0.8946540881,0.8920353982,0.9073746313,3863.520354,5229,7128,0.01061946903,0.3380530973
17,0.1,rank_static,342,3606,rank,39392,72,636,565,0.9088050314,0.8973451327,0.9014749263,3606,3606,3606,0,0
17,0.1,rank_expanding,342,3527,rank,39392,72,636,565,0.9040880503,0.8920353982,0.8973451327,3527,3527,3527,0,0
17,0.1,rank_rolling,342,3628,rank,1000,3,636,565,0.9088050314,0.8973451327,0.9014749263,3628,3628,3628,0,0
17,0.1,margin_static,343,14.4408226,score_margin,40028,73,642,567,0.7990654206,0.7954144621,0.8116402116,2775.47619,487,7128,0.0405643739,0.2098765432
17,0.1,margin_rolling,343,19.43621635,score_margin,1000,2,642,567,0.8816199377,0.8765432099,0.8899470899,4474.652557,6826,7128,0.0176366843,0.3562610229
17,0.1,rank_static,343,3606,rank,40028,73,642,567,0.8800623053,0.8659611993,0.8731628454,3606,3606,3606,0,0
17,0.1,rank_expanding,343,3525,rank,40028,73,642,567,0.8769470405,0.8624338624,0.8696355085,3525,3525,3525,0,0
17,0.1,rank_rolling,343,3758,rank,1000,2,642,567,0.8862928349,0.873015873,0.8784538507,3758,3758,3758,0,0
17,0.1,margin_static,344,14.4408226,score_margin,40670,74,650,582,0.78,0.7749140893,0.7942439863,2625.757732,229,7128,0.03780068729,0.206185567
17,0.1,margin_rolling,344,19.91492486,score_margin,1000,2,650,582,0.8815384615,0.8797250859,0.8934707904,4063.623711,6237.5,7128,0.01718213058,0.3573883162
17,0.1,rank_static,344,3606,rank,40670,74,650,582,0.8830769231,0.8711340206,0.8765750286,3606,3606,3606,0,0
17,0.1,rank_expanding,344,3539,rank,40670,74,650,582,0.88,0.8676975945,0.8731386025,3539,3539,3539,0,0
17,0.1,rank_rolling,344,3952,rank,1000,2,650,582,0.8969230769,0.8865979381,0.8920389462,3952,3952,3952,0,0
17,0.1,margin_static,345,14.4408226,score_margin,41320,75,586,501,0.8259385666,0.8083832335,0.8313373253,2823.872255,347,7128,0.0499001996,0.2155688623
17,0.1,margin_rolling,345,21.41195202,score_margin,1000,2,586,501,0.9129692833,0.9021956088,0.9141716567,4453.151697,6992,7128,0.00998003992,0.4211576846
17,0.1,rank_static,345,3606,rank,41320,75,586,501,0.9163822526,0.9021956088,0.9071856287,3606,3606,3606,0,0
17,0.1,rank_expanding,345,3556,rank,41320,75,586,501,0.9163822526,0.9021956088,0.9071856287,3556,3556,3556,0,0
17,0.1,rank_rolling,345,4077,rank,1000,2,586,501,0.9300341297,0.9181636727,0.9231536926,4077,4077,4077,0,0
17,0.1,margin_static,346,14.4408226,score_margin,41906,76,224,197,0.8214285714,0.8274111675,0.8510998308,1846.213198,103,7128,0.03553299492,0.1573604061
17,0.1,margin_rolling,346,19.91481733,score_margin,1000,2,224,197,0.8839285714,0.8883248731,0.9035532995,3166.913706,967,7128,0,0.2538071066
17,0.1,rank_static,346,3606,rank,41906,76,224,197,0.9553571429,0.9492385787,0.9517766497,3606,3606,3606,0,0
17,0.1,rank_expanding,346,3544,rank,41906,76,224,197,0.9553571429,0.9492385787,0.9517766497,3544,3544,3544,0,0
17,0.1,rank_rolling,346,3244,rank,1000,2,224,197,0.9508928571,0.9441624365,0.9467005076,3244,3244,3244,0,0
17,0.1,margin_static,347,14.4408226,score_margin,42130,77,306,277,0.8267973856,0.8303249097,0.8375451264,2004.65343,101,7128,0.02527075812,0.1516245487
17,0.1,margin_rolling,347,20.17048836,score_margin,1000,3,306,277,0.908496732,0.9133574007,0.9175691937,3376.379061,1534,7128,0.003610108303,0.2888086643
17,0.1,rank_static,347,3606,rank,42130,77,306,277,0.9281045752,0.9205776173,0.9229843562,3606,3606,3606,0,0
17,0.1,rank_expanding,347,3528,rank,42130,77,306,277,0.9281045752,0.9205776173,0.9229843562,3528,3528,3528,0,0
17,0.1,rank_rolling,347,3021,rank,1000,3,306,277,0.908496732,0.8989169675,0.9013237064,3021,3021,3021,0,0
17,0.1,margin_static,348,14.4408226,score_margin,42436,78,714,610,0.8039215686,0.793442623,0.8165300546,2365.427869,195,7128,0.04754098361,0.1737704918
17,0.1,margin_rolling,348,19.81257877,score_margin,1000,3,714,610,0.9047619048,0.9,0.9121584699,3827.103279,5298.5,7128,0.0131147541,0.3131147541
17,0.1,rank_static,348,3606,rank,42436,78,714,610,0.9075630252,0.8918032787,0.8950819672,3606,3606,3606,0,0
17,0.1,rank_expanding,348,3525,rank,42436,78,714,610,0.9047619048,0.8885245902,0.8918032787,3525,3525,3525,0,0
17,0.1,rank_rolling,348,2990,rank,1000,3,714,610,0.8907563025,0.8721311475,0.8754098361,2990,2990,2990,0,0
17,0.1,margin_static,349,14.4408226,score_margin,43150,79,600,545,0.7633333333,0.7614678899,0.7795107034,2399.750459,178,7128,0.0495412844,0.1871559633
17,0.1,margin_rolling,349,19.44257212,score_margin,1000,2,600,545,0.85,0.8513761468,0.8657492355,3597.499083,4187,7128,0.01467889908,0.3119266055
17,0.1,rank_static,349,3606,rank,43150,79,600,545,0.915,0.9064220183,0.9100917431,3606,3606,3606,0,0
17,0.1,rank_expanding,349,3519,rank,43150,79,600,545,0.915,0.9064220183,0.9100917431,3519,3519,3519,0,0
17,0.1,rank_rolling,349,3289,rank,1000,2,600,545,0.9083333333,0.8990825688,0.9027522936,3289,3289,3289,0,0
17,0.1,margin_static,350,14.4408226,score_margin,43750,80,656,560,0.7698170732,0.7642857143,0.7933928571,2119.521429,120,7128,0.06428571429,0.1410714286
17,0.1,margin_rolling,350,21.8536346,score_margin,1000,2,656,560,0.9085365854,0.9017857143,0.9202678571,3893.785714,5411,7128,0.01607142857,0.3303571429
17,0.1,rank_static,350,3606,rank,43750,80,656,560,0.9115853659,0.9,0.9032738095,3606,3606,3606,0,0
17,0.1,rank_expanding,350,3512,rank,43750,80,656,560,0.9070121951,0.8946428571,0.8979166667,3512,3512,3512,0,0
17,0.1,rank_rolling,350,3131,rank,1000,2,656,560,0.8963414634,0.8821428571,0.8854166667,3131,3131,3131,0,0
17,0.1,margin_static,351,14.4408226,score_margin,44406,81,522,476,0.7586206897,0.762605042,0.7808123249,2077.411765,102.5,7128,0.07352941176,0.1722689076
17,0.1,margin_rolling,351,21.67502213,score_margin,1000,2,522,476,0.8754789272,0.8802521008,0.8984593838,3736.119748,4521,7128,0.01680672269,0.3130252101
17,0.1,rank_static,351,3606,rank,44406,81,522,476,0.8754789272,0.8634453782,0.8634453782,3606,3606,3606,0,0
17,0.1,rank_expanding,351,3510,rank,44406,81,522,476,0.8716475096,0.8592436975,0.8592436975,3510,3510,3510,0,0
17,0.1,rank_rolling,351,3232,rank,1000,2,522,476,0.8620689655,0.8487394958,0.8518907563,3232,3232,3232,0,0
17,0.1,margin_static,352,14.4408226,score_margin,44928,82,462,415,0.7121212121,0.7108433735,0.7328313253,2044.055422,141,7128,0.06024096386,0.1518072289
17,0.1,margin_rolling,352,22.48165321,score_margin,1000,2,462,415,0.9047619048,0.9060240964,0.9272088353,4216.949398,6683,7128,0.01445783133,0.3253012048
17,0.1,rank_static,352,3606,rank,44928,82,462,415,0.9155844156,0.9108433735,0.9136546185,3606,3606,3606,0,0
17,0.1,rank_expanding,352,3520,rank,44928,82,462,415,0.9155844156,0.9108433735,0.9136546185,3520,3520,3520,0,0
17,0.1,rank_rolling,352,3937,rank,1000,2,462,415,0.9177489177,0.913253012,0.916064257,3937,3937,3937,0,0
17,0.1,margin_static,353,14.4408226,score_margin,45390,83,242,226,0.7024793388,0.703539823,0.7146017699,1855.230088,110.5,7128,0.08407079646,0.1238938053
17,0.1,margin_rolling,353,22.69754791,score_margin,1000,3,242,226,0.8801652893,0.8761061947,0.8871681416,3834.699115,5796,7128,0.01327433628,0.3451327434
17,0.1,rank_static,353,3606,rank,45390,83,242,226,0.8842975207,0.8761061947,0.8849557522,3606,3606,3606,0,0
17,0.1,rank_expanding,353,3513,rank,45390,83,242,226,0.8842975207,0.8761061947,0.8849557522,3513,3513,3513,0,0
17,0.1,rank_rolling,353,3819,rank,1000,3,242,226,0.8966942149,0.889380531,0.8960176991,3819,3819,3819,0,0
17,0.1,margin_static,354,14.4408226,score_margin,45632,84,238,227,0.7226890756,0.718061674,0.7283406755,2150.590308,149,7128,0.03964757709,0.1585903084
17,0.1,margin_rolling,354,22.88516271,score_margin,1000,3,238,227,0.9033613445,0.9030837004,0.9089574156,4244.453744,6498,7128,0.004405286344,0.3920704846
17,0.1,rank_static,354,3606,rank,45632,84,238,227,0.8865546218,0.8810572687,0.8854625551,3606,3606,3606,0,0
17,0.1,rank_expanding,354,3517,rank,45632,84,238,227,0.8781512605,0.872246696,0.8766519824,3517,3517,3517,0,0
17,0.1,rank_rolling,354,3550,rank,1000,3,238,227,0.8823529412,0.8766519824,0.8810572687,3550,3550,3550,0,0
17,0.1,margin_static,355,14.4408226,score_margin,45870,85,578,506,0.7128027682,0.7312252964,0.7549407115,2416.662055,152.5,7128,0.07114624506,0.1719367589
17,0.1,margin_rolling,355,23.04936886,score_margin,1000,4,578,506,0.8875432526,0.9011857708,0.9196310935,4506.824111,7060.5,7128,0.009881422925,0.4209486166
17,0.1,rank_static,355,3606,rank,45870,85,578,506,0.8581314879,0.8438735178,0.8541784303,3606,3606,3606,0,0
17,0.1,rank_expanding,355,3521,rank,45870,85,578,506,0.8546712803,0.8399209486,0.8502258611,3521,3521,3521,0,0
17,0.1,rank_rolling,355,3600,rank,1000,4,578,506,0.8581314879,0.8438735178,0.8541784303,3600,3600,3600,0,0
17,0.1,margin_static,356,14.4408226,score_margin,46448,86,548,483,0.7408759124,0.7432712215,0.7636300897,2296.026915,141,7128,0.04968944099,0.16563147
17,0.1,margin_rolling,356,23.43413365,score_margin,1000,3,548,483,0.9051094891,0.9089026915,0.9161490683,4284.275362,6934,7128,0.006211180124,0.4037267081
17,0.1,rank_static,356,3606,rank,46448,86,548,483,0.8959854015,0.8985507246,0.8995859213,3606,3606,3606,0,0
17,0.1,rank_expanding,356,3545,rank,46448,86,548,483,0.8923357664,0.8944099379,0.8954451346,3545,3545,3545,0,0
17,0.1,rank_rolling,356,4784,rank,1000,3,548,483,0.9197080292,0.9130434783,0.9192546584,4784,4784,4784,0,0
17,0.1,margin_static,357,14.4408226,score_margin,46996,87,406,363,0.7807881773,0.7878787879,0.8050964187,1573.506887,120,7128,0.04132231405,0.1157024793
17,0.1,margin_rolling,357,23.49215508,score_margin,1000,2,406,363,0.9187192118,0.9173553719,0.9306703398,4138.763085,6599,7128,0.01101928375,0.3250688705
17,0.1,rank_static,357,3606,rank,46996,87,406,363,0.9482758621,0.9504132231,0.9517906336,3606,3606,3606,0,0
17,0.1,rank_expanding,357,3550,rank,46996,87,406,363,0.9458128079,0.9476584022,0.9490358127,3550,3550,3550,0,0
17,0.1,rank_rolling,357,4420,rank,1000,2,406,363,0.9507389163,0.9531680441,0.9545454545,4420,4420,4420,0,0
17,0.1,margin_static,358,14.4408226,score_margin,47402,88,300,276,0.8066666667,0.8115942029,0.8266908213,1625.797101,67.5,7128,0.03985507246,0.152173913
17,0.1,margin_rolling,358,22.93526649,score_margin,1000,3,300,276,0.9133333333,0.9130434783,0.9263285024,3646.92029,4107.5,7128,0.003623188406,0.2789855072
17,0.1,rank_static,358,3606,rank,47402,88,300,276,0.9266666667,0.9202898551,0.9202898551,3606,3606,3606,0,0
17,0.1,rank_expanding,358,3533,rank,47402,88,300,276,0.9233333333,0.9166666667,0.9166666667,3533,3533,3533,0,0
17,0.1,rank_rolling,358,3254,rank,1000,3,300,276,0.9133333333,0.9057971014,0.9057971014,3254,3254,3254,0,0
17,0.1,margin_static,359,14.4408226,score_margin,47702,89,330,312,0.8212121212,0.8301282051,0.8381410256,2612.596154,352,7128,0.03846153846,0.2051282051
17,0.1,margin_rolling,359,22.52033615,score_margin,1000,3,330,312,0.9606060606,0.9583333333,0.9674145299,4665.416667,7122.5,7128,0.00641025641,0.4455128205
17,0.1,rank_static,359,3606,rank,47702,89,330,312,0.9424242424,0.9391025641,0.9391025641,3606,3606,3606,0,0
17,0.1,rank_expanding,359,3525,rank,47702,89,330,312,0.9424242424,0.9391025641,0.9391025641,3525,3525,3525,0,0
17,0.1,rank_rolling,359,2876,rank,1000,3,330,312,0.9333333333,0.9294871795,0.9294871795,2876,2876,2876,0,0
17,0.1,margin_static,360,14.4408226,score_margin,48032,90,228,214,0.7456140351,0.7429906542,0.7663551402,1762.149533,88,7128,0.04672897196,0.1355140187
17,0.1,margin_rolling,360,19.21228799,score_margin,1000,3,228,214,0.8903508772,0.8925233645,0.9042056075,2959.654206,626,7128,0.01401869159,0.2429906542
17,0.1,rank_static,360,3606,rank,48032,90,228,214,0.9561403509,0.953271028,0.953271028,3606,3606,3606,0,0
17,0.1,rank_expanding,360,3513,rank,48032,90,228,214,0.951754386,0.9485981308,0.9485981308,3513,3513,3513,0,0
17,0.1,rank_rolling,360,2339,rank,1000,3,228,214,0.9342105263,0.9299065421,0.9322429907,2339,2339,2339,0,0
17,0.1,margin_static,361,14.4408226,score_margin,48260,91,246,226,0.7601626016,0.7522123894,0.7750737463,1743.079646,57.5,7128,0.09292035398,0.1283185841
17,0.1,margin_rolling,361,20.07513607,score_margin,1000,4,246,226,0.8739837398,0.8716814159,0.8812684366,3029.482301,706.5,7128,0.02654867257,0.2345132743
17,0.1,rank_static,361,3606,rank,48260,91,246,226,0.9146341463,0.907079646,0.907079646,3606,3606,3606,0,0
17,0.1,rank_expanding,361,3508,rank,48260,91,246,226,0.9146341463,0.907079646,0.907079646,3508,3508,3508,0,0
17,0.1,rank_rolling,361,2135,rank,1000,4,246,226,0.8902439024,0.8805309735,0.8827433628,2135,2135,2135,0,0
17,0.1,margin_static,362,14.4408226,score_margin,48506,92,620,530,0.7564516129,0.7886792453,0.8168643306,1754.128302,76,7128,0.06226415094,0.1471698113
17,0.1,margin_rolling,362,19.46426964,score_margin,1000,4,620,530,0.8403225806,0.8716981132,0.8951437556,2924.573585,611.5,7128,0.02452830189,0.2245283019
17,0.1,rank_static,362,3606,rank,48506,92,620,530,0.9306451613,0.920754717,0.9235849057,3606,3606,3606,0,0
17,0.1,rank_expanding,362,3502,rank,48506,92,620,530,0.9290322581,0.9188679245,0.9216981132,3502,3502,3502,0,0
17,0.1,rank_rolling,362,2255,rank,1000,4,620,530,0.8903225806,0.8735849057,0.8820754717,2255,2255,2255,0,0
17,0.1,margin_static,363,14.4408226,score_margin,49126,93,386,353,0.7875647668,0.7960339943,0.8111425873,1871.458924,62,7128,0.09348441926,0.1416430595
17,0.1,margin_rolling,363,22.31639314,score_margin,1000,3,386,353,0.9196891192,0.9235127479,0.9360245515,3509.966006,1938,7128,0.01983002833,0.2917847025
17,0.1,rank_static,363,3606,rank,49126,93,386,353,0.8860103627,0.8781869688,0.8814919736,3606,3606,3606,0,0
17,0.1,rank_expanding,363,3486,rank,49126,93,386,353,0.8808290155,0.8725212465,0.8758262512,3486,3486,3486,0,0
17,0.1,rank_rolling,363,2437,rank,1000,3,386,353,0.8575129534,0.8498583569,0.8522190746,2437,2437,2437,0,0
17,0.1,margin_static,364,14.4408226,score_margin,49512,94,354,329,0.7457627119,0.7446808511,0.7601317123,1642.844985,66,7128,0.09726443769,0.1428571429
17,0.1,margin_rolling,364,22.09161568,score_margin,1000,2,354,329,0.8898305085,0.8844984802,0.8961499493,3583.133739,3596,7128,0.03039513678,0.26443769
17,0.1,rank_static,364,3606,rank,49512,94,354,329,0.9124293785,0.905775076,0.9088145897,3606,3606,3606,0,0
17,0.1,rank_expanding,364,3490,rank,49512,94,354,329,0.9096045198,0.9027355623,0.905775076,3490,3490,3490,0,0
17,0.1,rank_rolling,364,2958,rank,1000,2,354,329,0.895480226,0.8875379939,0.8920972644,2958,2958,2958,0,0
17,0.2,margin_static,292,14.28878152,score_margin,11270,22,730,658,0.8698630137,0.8844984802,0.8929078014,3619.320669,3791.5,7128,0.02127659574,0.3024316109
17,0.2,margin_rolling,292,14.42218304,score_margin,1000,3,730,658,0.8726027397,0.8875379939,0.8959473151,3659.8769,4205,7128,0.01975683891,0.3054711246
17,0.2,rank_static,292,3584,rank,11270,22,730,658,0.8945205479,0.8890577508,0.8943768997,3584,3584,3584,0,0
17,0.2,rank_expanding,292,3584,rank,11270,22,730,658,0.8945205479,0.8890577508,0.8943768997,3584,3584,3584,0,0
17,0.2,rank_rolling,292,2619,rank,1000,3,730,658,0.8589041096,0.8571428571,0.8639817629,2619,2619,2619,0,0
17,0.2,margin_static,293,14.28878152,score_margin,12000,23,658,581,0.914893617,0.917383821,0.9325874928,3776.874355,5078,7128,0.01204819277,0.3339070568
17,0.2,margin_rolling,293,14.9232325,score_margin,1000,2,658,581,0.9240121581,0.9277108434,0.94205393,3991.07401,6128,7128,0.006884681583,0.3511187608
17,0.2,rank_static,293,3584,rank,12000,23,658,581,0.8936170213,0.8846815835,0.8904188181,3584,3584,3584,0,0
17,0.2,rank_expanding,293,3590,rank,12000,23,658,581,0.8936170213,0.8846815835,0.8904188181,3590,3590,3590,0,0
17,0.2,rank_rolling,293,3341,rank,1000,2,658,581,0.8814589666,0.8726333907,0.879804934,3341,3341,3341,0,0
17,0.2,margin_static,294,14.28878152,score_margin,12658,24,618,538,0.8495145631,0.8420074349,0.8680607187,3604.193309,2192.5,7128,0.02973977695,0.3159851301
17,0.2,margin_rolling,294,14.92362431,score_margin,1000,2,618,538,0.8608414239,0.8550185874,0.8792131351,3831.95539,5330.5,7128,0.02230483271,0.3364312268
17,0.2,rank_static,294,3584,rank,12658,24,618,538,0.8818770227,0.8661710037,0.8689591078,3584,3584,3584,0,0
17,0.2,rank_expanding,294,3595,rank,12658,24,618,538,0.8818770227,0.8661710037,0.8689591078,3595,3595,3595,0,0
17,0.2,rank_rolling,294,3720,rank,1000,2,618,538,0.8834951456,0.8680297398,0.8708178439,3720,3720,3720,0,0
17,0.2,margin_static,295,14.28878152,score_margin,13276,25,666,578,0.8828828829,0.8858131488,0.9074971165,3625.304498,3747.5,7128,0.01730103806,0.2837370242
17,0.2,margin_rolling,295,15.86718941,score_margin,1000,2,666,578,0.9159159159,0.9204152249,0.9361014994,4295.934256,6400,7128,0.008650519031,0.3512110727
17,0.2,rank_static,295,3584,rank,13276,25,666,578,0.9114114114,0.8979238754,0.9028258362,3584,3584,3584,0,0
17,0.2,rank_expanding,295,3624,rank,13276,25,666,578,0.9129129129,0.8996539792,0.90455594,3624,3624,3624,0,0
17,0.2,rank_rolling,295,4396,rank,1000,2,666,578,0.9279279279,0.9169550173,0.9201268743,4396,4396,4396,0,0
17,0.2,margin_static,296,14.28878152,score_margin,13942,26,516,466,0.8430232558,0.8433476395,0.8605865522,3585.270386,3781,7128,0.02145922747,0.30472103
17,0.2,margin_rolling,296,15.99952297,score_margin,1000,2,516,466,0.8798449612,0.8755364807,0.8924892704,4195.877682,6549.5,7128,0.004291845494,0.3497854077
17,0.2,rank_static,296,3584,rank,13942,26,516,466,0.9205426357,0.9120171674,0.9130901288,3584,3584,3584,0,0
17,0.2,rank_expanding,296,3598,rank,13942,26,516,466,0.9205426357,0.9120171674,0.9130901288,3598,3598,3598,0,0
17,0.2,rank_rolling,296,3400,rank,1000,2,516,466,0.9147286822,0.9055793991,0.9091559371,3400,3400,3400,0,0
17,0.2,margin_static,297,14.28878152,score_margin,14458,27,292,254,0.8356164384,0.8661417323,0.8793963255,2975.082677,827,7128,0.003937007874,0.2480314961
17,0.2,margin_rolling,297,16.0117408,score_margin,1000,2,292,254,0.8664383562,0.8897637795,0.9024934383,3597.287402,4239.5,7128,0.003937007874,0.2992125984
17,0.2,rank_static,297,3584,rank,14458,27,292,254,0.9280821918,0.9212598425,0.9265091864,3584,3584,3584,0,0
17,0.2,rank_expanding,297,3589,rank,14458,27,292,254,0.9280821918,0.9212598425,0.9265091864,3589,3589,3589,0,0
17,0.2,rank_rolling,297,3168,rank,1000,2,292,254,0.9178082192,0.9094488189,0.9146981627,3168,3168,3168,0,0
17,0.2,margin_static,298,14.28878152,score_margin,14750,28,252,224,0.869047619,0.8794642857,0.8976934524,3153.683036,1341,7128,0.01339285714,0.2991071429
17,0.2,margin_rolling,298,17.09329543,score_margin,1000,3,252,224,0.9484126984,0.9598214286,0.9672619048,4263.424107,6847.5,7128,0.004464285714,0.3616071429
17,0.2,rank_static,298,3584,rank,14750,28,252,224,0.8928571429,0.8794642857,0.8794642857,3584,3584,3584,0,0
17,0.2,rank_expanding,298,3581,rank,14750,28,252,224,0.8928571429,0.8794642857,0.8794642857,3581,3581,3581,0,0
17,0.2,rank_rolling,298,3001,rank,1000,3,252,224,0.8531746032,0.8348214286,0.8404017857,3001,3001,3001,0,0
17,0.2,margin_static,299,14.28878152,score_margin,15002,29,702,615,0.8675213675,0.8796747967,0.8969879985,3453.760976,2167,7128,0.03414634146,0.2422764228
17,0.2,margin_rolling,299,16.24278927,score_margin,1000,3,702,615,0.8974358974,0.9073170732,0.9216415021,4141.463415,6671,7128,0.01138211382,0.3300813008
17,0.2,rank_static,299,3584,rank,15002,29,702,615,0.9287749288,0.918699187,0.9208672087,3584,3584,3584,0,0
17,0.2,rank_expanding,299,3582,rank,15002,29,702,615,0.9287749288,0.918699187,0.9208672087,3582,3582,3582,0,0
17,0.2,rank_rolling,299,3313,rank,1000,3,702,615,0.9230769231,0.912195122,0.9159891599,3313,3313,3313,0,0
17,0.2,margin_static,300,14.28878152,score_margin,15704,30,664,573,0.8704819277,0.8691099476,0.8947062245,3635.010471,4265,7128,0.02792321117,0.294938918
17,0.2,margin_rolling,300,16.15083599,score_margin,1000,3,664,573,0.9036144578,0.9040139616,0.9264107039,4341.331588,6849,7128,0.01570680628,0.3682373473
17,0.2,rank_static,300,3584,rank,15704,30,664,573,0.8885542169,0.8743455497,0.88336242,3584,3584,3584,0,0
17,0.2,rank_expanding,300,3551,rank,15704,30,664,573,0.8825301205,0.8673647469,0.8781268179,3551,3551,3551,0,0
17,0.2,rank_rolling,300,2940,rank,1000,3,664,573,0.8719879518,0.8568935428,0.8673647469,2940,2940,2940,0,0
17,0.2,margin_static,301,14.28878152,score_margin,16368,31,616,552,0.8717532468,0.8695652174,0.8890096618,3780.972826,4806.5,7128,0.01449275362,0.3260869565
17,0.2,margin_rolling,301,16.56240796,score_margin,1000,2,616,552,0.913961039,0.9094202899,0.9210748792,4453.434783,7054.5,7128,0.007246376812,0.3913043478
17,0.2,rank_static,301,3584,rank,16368,31,616,552,0.875,0.8605072464,0.8713164251,3584,3584,3584,0,0
17,0.2,rank_expanding,301,3568,rank,16368,31,616,552,0.875,0.8605072464,0.8713164251,3568,3568,3568,0,0
17,0.2,rank_rolling,301,3567,rank,1000,2,616,552,0.875,0.8605072464,0.8713164251,3567,3567,3567,0,0
17,0.2,margin_static,302,14.28878152,score_margin,16984,32,570,490,0.8473684211,0.8448979592,0.8655344995,3328.5,1307.5,7128,0.03469387755,0.2755102041
17,0.2,margin_rolling,302,16.07564378,score_margin,1000,2,570,490,0.8754385965,0.8714285714,0.8916229349,3885.304082,5749,7128,0.01836734694,0.3326530612
17,0.2,rank_static,302,3584,rank,16984,32,570,490,0.8877192982,0.8755102041,0.8836734694,3584,3584,3584,0,0
17,0.2,rank_expanding,302,3583,rank,16984,32,570,490,0.8877192982,0.8755102041,0.8836734694,3583,3583,3583,0,0
17,0.2,rank_rolling,302,4374,rank,1000,2,570,490,0.9052631579,0.8959183673,0.9030612245,4374,4374,4374,0,0
17,0.2,margin_static,303,14.28878152,score_margin,17554,33,542,485,0.86900369,0.8577319588,0.8731271478,3452.581443,1784,7128,0.02680412371,0.2969072165
17,0.2,margin_rolling,303,17.07124424,score_margin,1000,2,542,485,0.9095940959,0.9010309278,0.9102405498,4320.54433,6931,7128,0.01030927835,0.387628866
17,0.2,rank_static,303,3584,rank,17554,33,542,485,0.8653136531,0.8536082474,0.8567010309,3584,3584,3584,0,0
17,0.2,rank_expanding,303,3590,rank,17554,33,542,485,0.8653136531,0.8536082474,0.8567010309,3590,3590,3590,0,0
17,0.2,rank_rolling,303,4478,rank,1000,2,542,485,0.8874538745,0.8762886598,0.8804123711,4478,4478,4478,0,0
17,0.2,margin_static,304,14.28878152,score_margin,18096,34,328,281,0.8567073171,0.846975089,0.8846381969,3272.231317,1268,7128,0.01779359431,0.2526690391
17,0.2,margin_rolling,304,16.38938475,score_margin,1000,2,328,281,0.875,0.8647686833,0.9036180308,3978.814947,6067,7128,0.01067615658,0.3309608541
17,0.2,rank_static,304,3584,rank,18096,34,328,281,0.9054878049,0.9039145907,0.9074733096,3584,3584,3584,0,0
17,0.2,rank_expanding,304,3608,rank,18096,34,328,281,0.9085365854,0.9074733096,0.9110320285,3608,3608,3608,0,0
17,0.2,rank_rolling,304,4781,rank,1000,2,328,281,0.9451219512,0.9501779359,0.9501779359,4781,4781,4781,0,0
17,0.2,margin_static,305,14.28878152,score_margin,18424,35,328,295,0.875,0.8711864407,0.891920904,2890.491525,763,7128,0.006779661017,0.2101694915
17,0.2,margin_rolling,305,17.09840631,score_margin,1000,3,328,295,0.9390243902,0.9389830508,0.9505084746,4013.19661,6075,7128,0.003389830508,0.3186440678
17,0.2,rank_static,305,3584,rank,18424,35,328,295,0.9268292683,0.9186440678,0.9203389831,3584,3584,3584,0,0
17,0.2,rank_expanding,305,3605,rank,18424,35,328,295,0.9268292683,0.9186440678,0.9203389831,3605,3605,3605,0,0
17,0.2,rank_rolling,305,3801,rank,1000,3,328,295,0.9298780488,0.9220338983,0.9237288136,3801,3801,3801,0,0
17,0.2,margin_static,306,14.28878152,score_margin,18752,36,582,513,0.8642611684,0.8752436647,0.8948018194,3297.578947,1122,7128,0.0350877193,0.2592592593
17,0.2,margin_rolling,306,16.54932737,score_margin,1000,3,582,513,0.8865979381,0.8986354776,0.9168940871,3983.797271,6264,7128,0.01754385965,0.3547758285
17,0.2,rank_static,306,3584,rank,18752,36,582,513,0.9054982818,0.8947368421,0.8992852502,3584,3584,3584,0,0
17,0.2,rank_expanding,306,3596,rank,18752,36,582,513,0.9054982818,0.8947368421,0.8992852502,3596,3596,3596,0,0
17,0.2,rank_rolling,306,3600,rank,1000,3,582,513,0.9054982818,0.8947368421,0.8992852502,3600,3600,3600,0,0
17,0.2,margin_static,307,14.28878152,score_margin,19334,37,588,510,0.8520408163,0.8568627451,0.8769607843,3497.427451,3665,7128,0.03333333333,0.2607843137
17,0.2,margin_rolling,307,16.70671797,score_margin,1000,3,588,510,0.8962585034,0.9019607843,0.9217320261,4313.682353,6876,7128,0.009803921569,0.3666666667
17,0.2,rank_static,307,3584,rank,19334,37,588,510,0.8639455782,0.8431372549,0.8512418301,3584,3584,3584,0,0
17,0.2,rank_expanding,307,3594,rank,19334,37,588,510,0.8639455782,0.8431372549,0.8512418301,3594,3594,3594,0,0
17,0.2,rank_rolling,307,3062,rank,1000,3,588,510,0.8469387755,0.8235294118,0.8335947712,3062,3062,3062,0,0
17,0.2,margin_static,308,14.28878152,score_margin,19922,38,562,497,0.8612099644,0.8651911469,0.8836543068,3549.613682,2695,7128,0.02615694165,0.3179074447
17,0.2,margin_rolling,308,16.82828712,score_margin,1000,2,562,497,0.8914590747,0.8913480885,0.9100507809,4235.619718,6996,7128,0.01408450704,0.3963782696
17,0.2,rank_static,308,3584,rank,19922,38,562,497,0.8523131673,0.8370221328,0.8400402414,3584,3584,3584,0,0
17,0.2,rank_expanding,308,3632,rank,19922,38,562,497,0.8558718861,0.8410462777,0.8440643863,3632,3632,3632,0,0
17,0.2,rank_rolling,308,4000,rank,1000,2,562,497,0.871886121,0.8591549296,0.861167002,4000,4000,4000,0,0
17,0.2,margin_static,309,14.28878152,score_margin,20484,39,626,535,0.8434504792,0.8485981308,0.8661370717,3582.041121,3741,7128,0.02056074766,0.3065420561
17,0.2,margin_rolling,309,17.07365823,score_margin,1000,2,626,535,0.9009584665,0.9046728972,0.9223364486,4379.31215,7015,7128,0.01121495327,0.4130841121
17,0.2,rank_static,309,3584,rank,20484,39,626,535,0.8722044728,0.8560747664,0.861682243,3584,3584,3584,0,0
17,0.2,rank_expanding,309,3667,rank,20484,39,626,535,0.8817891374,0.8672897196,0.8728971963,3667,3667,3667,0,0
17,0.2,rank_rolling,309,4801,rank,1000,2,626,535,0.8945686901,0.8822429907,0.8859813084,4801,4801,4801,0,0
17,0.2,margin_static,310,14.28878152,score_margin,21110,40,620,527,0.8661290323,0.8538899431,0.8879506641,2939.956357,753,7128,0.02087286528,0.2258064516
17,0.2,margin_rolling,310,17.18890667,score_margin,1000,2,620,527,0.935483871,0.9278937381,0.9487033523,3962.413662,5699,7128,0.009487666034,0.320683112
17,0.2,rank_static,310,3584,rank,21110,40,620,527,0.9387096774,0.9278937381,0.9297912713,3584,3584,3584,0,0
17,0.2,rank_expanding,310,3695,rank,21110,40,620,527,0.9419354839,0.9316888046,0.9335863378,3695,3695,3695,0,0
17,0.2,rank_rolling,310,5115,rank,1000,2,620,527,0.9532258065,0.944971537,0.9459203036,5115,5115,5115,0,0
17,0.2,margin_static,311,14.28878152,score_margin,21730,41,438,366,0.8630136986,0.8469945355,0.8824225865,2618.729508,405,7128,0.01366120219,0.193989071
17,0.2,margin_rolling,311,16.35102129,score_margin,1000,2,438,366,0.901826484,0.8907103825,0.9174863388,3214.461749,1273,7128,0.008196721311,0.2459016393
17,0.2,rank_static,311,3584,rank,21730,41,438,366,0.8949771689,0.8770491803,0.8816029144,3584,3584,3584,0,0
17,0.2,rank_expanding,311,3643,rank,21730,41,438,366,0.8949771689,0.8770491803,0.8816029144,3643,3643,3643,0,0
17,0.2,rank_rolling,311,3125,rank,1000,2,438,366,0.8858447489,0.8661202186,0.8720400729,3125,3125,3125,0,0
17,0.2,margin_static,312,14.28878152,score_margin,22168,42,460,368,0.8413043478,0.847826087,0.8747800207,2491.858696,392,7128,0.02445652174,0.1793478261
17,0.2,margin_rolling,312,15.87267876,score_margin,1000,2,460,368,0.8695652174,0.875,0.9001423395,3052.921196,1156,7128,0.01630434783,0.214673913
17,0.2,rank_static,312,3584,rank,22168,42,460,368,0.9217391304,0.902173913,0.9155797101,3584,3584,3584,0,0
17,0.2,rank_expanding,312,3644,rank,22168,42,460,368,0.9239130435,0.9048913043,0.9182971014,3644,3644,3644,0,0
17,0.2,rank_rolling,312,2680,rank,1000,2,460,368,0.9086956522,0.8885869565,0.9010869565,2680,2680,2680,0,0
17,0.2,margin_static,313,14.28878152,score_margin,22628,43,794,641,0.8450881612,0.8346333853,0.871398856,2800.411856,468,7128,0.03276131045,0.2277691108
17,0.2,margin_rolling,313,16.81462479,score_margin,1000,3,794,641,0.9042821159,0.8923556942,0.9211908476,3598.223089,3899,7128,0.01716068643,0.2901716069
17,0.2,rank_static,313,3584,rank,22628,43,794,641,0.9256926952,0.9079563183,0.912324493,3584,3584,3584,0,0
17,0.2,rank_expanding,313,3637,rank,22628,43,794,641,0.9256926952,0.9079563183,0.912324493,3637,3637,3637,0,0
17,0.2,rank_rolling,313,3042,rank,1000,3,794,641,0.9042821159,0.8829953198,0.8881435257,3042,3042,3042,0,0
17,0.2,margin_static,314,14.28878152,score_margin,23422,44,678,585,0.8495575221,0.8478632479,0.8716280016,2879.109402,613,7128,0.02905982906,0.2153846154
17,0.2,margin_rolling,314,17.15543127,score_margin,1000,2,678,585,0.9056047198,0.9042735043,0.9253032153,3805.164103,5024,7128,0.01538461538,0.3042735043
17,0.2,rank_static,314,3584,rank,23422,44,678,585,0.9321533923,0.9213675214,0.9262108262,3584,3584,3584,0,0
17,0.2,rank_expanding,314,3605,rank,23422,44,678,585,0.9321533923,0.9213675214,0.9262108262,3605,3605,3605,0,0
17,0.2,rank_rolling,314,2735,rank,1000,2,678,585,0.9026548673,0.8871794872,0.894017094,2735,2735,2735,0,0
17,0.2,margin_static,315,14.28878152,score_margin,24100,45,774,660,0.8281653747,0.8212121212,0.850530303,2831.060606,609,7128,0.02727272727,0.1909090909
17,0.2,margin_rolling,315,17.37816095,score_margin,1000,2,774,660,0.8927648579,0.8893939394,0.907979798,3898.89697,5822.5,7128,0.009090909091,0.2954545455
17,0.2,rank_static,315,3584,rank,24100,45,774,660,0.9315245478,0.9242424242,0.9265151515,3584,3584,3584,0,0
17,0.2,rank_expanding,315,3584,rank,24100,45,774,660,0.9315245478,0.9242424242,0.9265151515,3584,3584,3584,0,0
17,0.2,rank_rolling,315,2869,rank,1000,2,774,660,0.9173126615,0.9075757576,0.9126262626,2869,2869,2869,0,0
17,0.2,margin_static,316,14.28878152,score_margin,24874,46,758,622,0.8548812665,0.8408360129,0.872079314,3079.266881,1195,7128,0.02572347267,0.2411575563
17,0.2,margin_rolling,316,18.35450745,score_margin,1000,2,758,622,0.9182058047,0.9099678457,0.927920686,4541.170418,6973.5,7128,0.01125401929,0.3553054662
17,0.2,rank_static,316,3584,rank,24874,46,758,622,0.9036939314,0.8826366559,0.8861200429,3584,3584,3584,0,0
17,0.2,rank_expanding,316,3568,rank,24874,46,758,622,0.9036939314,0.8826366559,0.8861200429,3568,3568,3568,0,0
17,0.2,rank_rolling,316,2629,rank,1000,2,758,622,0.8852242744,0.8601286174,0.8644158628,2629,2629,2629,0,0
17,0.2,margin_static,317,14.28878152,score_margin,25632,47,630,559,0.8444444444,0.8425760286,0.8669648181,2440.275492,282,7128,0.03220035778,0.1967799642
17,0.2,margin_rolling,317,17.50053596,score_margin,1000,2,630,559,0.8936507937,0.8908765653,0.9105545617,3527.184258,2191,7128,0.01967799642,0.2737030411
17,0.2,rank_static,317,3584,rank,25632,47,630,559,0.8873015873,0.8729874776,0.8819618366,3584,3584,3584,0,0
17,0.2,rank_expanding,317,3565,rank,25632,47,630,559,0.8857142857,0.8711985689,0.8810673822,3565,3565,3565,0,0
17,0.2,rank_rolling,317,3222,rank,1000,2,630,559,0.8793650794,0.8640429338,0.8739117472,3222,3222,3222,0,0
17,0.2,margin_static,318,14.28878152,score_margin,26262,48,342,308,0.8304093567,0.8344155844,0.8576839827,2503.532468,252,7128,0.01948051948,0.2045454545
17,0.2,margin_rolling,318,17.82950974,score_margin,1000,2,342,308,0.9035087719,0.9058441558,0.9237012987,3526.603896,1937,7128,0.01298701299,0.3051948052
17,0.2,rank_static,318,3584,rank,26262,48,342,308,0.8918128655,0.8831168831,0.8831168831,3584,3584,3584,0,0
17,0.2,rank_expanding,318,3570,rank,26262,48,342,308,0.8918128655,0.8831168831,0.8831168831,3570,3570,3570,0,0
17,0.2,rank_rolling,318,3884,rank,1000,2,342,308,0.9064327485,0.8961038961,0.8977272727,3884,3884,3884,0,0
17,0.2,margin_static,319,14.28878152,score_margin,26604,49,324,290,0.8487654321,0.8344827586,0.8431034483,2566.186207,378,7128,0.02413793103,0.1827586207
17,0.2,margin_rolling,319,17.75165272,score_margin,1000,3,324,290,0.9043209877,0.8931034483,0.9034482759,3720.896552,4378.5,7128,0.01034482759,0.2827586207
17,0.2,rank_static,319,3584,rank,26604,49,324,290,0.9228395062,0.9137931034,0.9137931034,3584,3584,3584,0,0
17,0.2,rank_expanding,319,3573,rank,26604,49,324,290,0.9228395062,0.9137931034,0.9137931034,3573,3573,3573,0,0
17,0.2,rank_rolling,319,3917,rank,1000,3,324,290,0.9259259259,0.9172413793,0.9172413793,3917,3917,3917,0,0
17,0.2,margin_static,320,14.28878152,score_margin,26928,50,736,646,0.8369565217,0.846749226,0.8612659099,3165.342105,914.5,7128,0.02631578947,0.2430340557
17,0.2,margin_rolling,320,17.85423708,score_margin,1000,3,736,646,0.8980978261,0.9024767802,0.9123323013,4192.25387,6857.5,7128,0.01083591331,0.3715170279
17,0.2,rank_static,320,3584,rank,26928,50,736,646,0.9008152174,0.8885448916,0.8945562436,3584,3584,3584,0,0
17,0.2,rank_expanding,320,3569,rank,26928,50,736,646,0.8994565217,0.8885448916,0.8937822497,3569,3569,3569,0,0
17,0.2,rank_rolling,320,3724,rank,1000,3,736,646,0.9089673913,0.8978328173,0.9016511868,3724,3724,3724,0,0
17,0.2,margin_static,321,14.28878152,score_margin,27664,51,680,603,0.8441176471,0.8358208955,0.8532338308,2919.185738,808,7128,0.03482587065,0.2139303483
17,0.2,margin_rolling,321,17.85423708,score_margin,1000,2,680,603,0.9117647059,0.9054726368,0.917634052,4219.824212,6507,7128,0.009950248756,0.3250414594
17,0.2,rank_static,321,3584,rank,27664,51,680,603,0.9088235294,0.8971807629,0.9004975124,3584,3584,3584,0,0
17,0.2,rank_expanding,321,3569,rank,27664,51,680,603,0.9088235294,0.8971807629,0.9004975124,3569,3569,3569,0,0
17,0.2,rank_rolling,321,3364,rank,1000,2,680,603,0.9029411765,0.8905472637,0.8938640133,3364,3364,3364,0,0
17,0.2,margin_static,322,14.28878152,score_margin,28344,52,668,595,0.8517964072,0.8487394958,0.8633053221,3043.823529,920,7128,0.0268907563,0.2151260504
17,0.2,margin_rolling,322,18.23426151,score_margin,1000,2,668,595,0.9266467066,0.9294117647,0.9355742297,4262.290756,6919,7128,0.006722689076,0.356302521
17,0.2,rank_static,322,3584,rank,28344,52,668,595,0.8952095808,0.8857142857,0.8865546218,3584,3584,3584,0,0
17,0.2,rank_expanding,322,3565,rank,28344,52,668,595,0.8952095808,0.8857142857,0.8865546218,3565,3565,3565,0,0
17,0.2,rank_rolling,322,3445,rank,1000,2,668,595,0.8877245509,0.8773109244,0.8806722689,3445,3445,3445,0,0
17,0.2,margin_static,323,14.28878152,score_margin,29012,53,668,600,0.8143712575,0.815,0.8358333333,2830.918333,807,7128,0.025,0.2
17,0.2,margin_rolling,323,16.92999077,score_margin,1000,2,668,600,0.878742515,0.875,0.895,3863.195,5421.5,7128,0.01333333333,0.2666666667
17,0.2,rank_static,323,3584,rank,29012,53,668,600,0.9041916168,0.895,0.8983333333,3584,3584,3584,0,0
17,0.2,rank_expanding,323,3567,rank,29012,53,668,600,0.9026946108,0.8933333333,0.8977777778,3567,3567,3567,0,0
17,0.2,rank_rolling,323,3564,rank,1000,2,668,600,0.9026946108,0.8933333333,0.8977777778,3564,3564,3564,0,0
17,0.2,margin_static,324,14.28878152,score_margin,29680,54,796,650,0.7927135678,0.7984615385,0.8361794872,2883.475385,588,7128,0.02307692308,0.2092307692
17,0.2,margin_rolling,324,18.16915751,score_margin,1000,2,796,650,0.8881909548,0.8923076923,0.9178717949,4120.56,6394.5,7128,0.007692307692,0.3215384615
17,0.2,rank_static,324,3584,rank,29680,54,796,650,0.9145728643,0.8984615385,0.9125641026,3584,3584,3584,0,0
17,0.2,rank_expanding,324,3565,rank,29680,54,796,650,0.9145728643,0.8984615385,0.9125641026,3565,3565,3565,0,0
17,0.2,rank_rolling,324,3568,rank,1000,2,796,650,0.9145728643,0.8984615385,0.9125641026,3568,3568,3568,0,0
17,0.2,margin_static,325,14.28878152,score_margin,30476,55,398,360,0.7713567839,0.7833333333,0.7939814815,2835.411111,332.5,7128,0.05277777778,0.2305555556
17,0.2,margin_rolling,325,18.44327164,score_margin,1000,2,398,360,0.8793969849,0.8722222222,0.8925925926,3803.452778,5423.5,7128,0.01666666667,0.3611111111
17,0.2,rank_static,325,3584,rank,30476,55,398,360,0.8768844221,0.8638888889,0.8652777778,3584,3584,3584,0,0
17,0.2,rank_expanding,325,3553,rank,30476,55,398,360,0.8768844221,0.8638888889,0.8652777778,3553,3553,3553,0,0
17,0.2,rank_rolling,325,3341,rank,1000,2,398,360,0.864321608,0.85,0.8513888889,3341,3341,3341,0,0
17,0.2,margin_static,326,14.28878152,score_margin,30874,56,422,348,0.7630331754,0.775862069,0.8022030651,2211.66954,150.5,7128,0.03448275862,0.1436781609
17,0.2,margin_rolling,326,18.54450226,score_margin,1000,2,422,348,0.8720379147,0.8620689655,0.8846982759,3320.985632,1487,7128,0.005747126437,0.2873563218
17,0.2,rank_static,326,3584,rank,30874,56,422,348,0.9620853081,0.9568965517,0.9568965517,3584,3584,3584,0,0
17,0.2,rank_expanding,326,3564,rank,30874,56,422,348,0.9620853081,0.9568965517,0.9568965517,3564,3564,3564,0,0
17,0.2,rank_rolling,326,3450,rank,1000,2,422,348,0.9597156398,0.9540229885,0.9540229885,3450,3450,3450,0,0
17,0.2,margin_static,327,14.28878152,score_margin,31296,57,738,621,0.7994579946,0.8196457327,0.8452764359,2829.462158,416,7128,0.038647343,0.2238325282
17,0.2,margin_rolling,327,19.44695282,score_margin,1000,3,738,621,0.9092140921,0.9130434783,0.9388888889,4269.075684,6753,7128,0.01127214171,0.3913043478
17,0.2,rank_static,327,3584,rank,31296,57,738,621,0.906504065,0.8921095008,0.8993558776,3584,3584,3584,0,0
17,0.2,rank_expanding,327,3533,rank,31296,57,738,621,0.9037940379,0.8888888889,0.8961352657,3533,3533,3533,0,0
17,0.2,rank_rolling,327,2788,rank,1000,3,738,621,0.8929539295,0.8760064412,0.8843263553,2788,2788,2788,0,0
17,0.2,margin_static,328,14.28878152,score_margin,32034,58,600,526,0.8066666667,0.8212927757,0.8389281188,2787.024715,577,7128,0.036121673,0.2053231939
17,0.2,margin_rolling,328,19.02866626,score_margin,1000,2,600,526,0.9,0.9106463878,0.9193373167,4330.534221,6963,7128,0.01140684411,0.3669201521
17,0.2,rank_static,328,3584,rank,32034,58,600,526,0.9316666667,0.9220532319,0.924904943,3584,3584,3584,0,0
17,0.2,rank_expanding,328,3529,rank,32034,58,600,526,0.9316666667,0.9220532319,0.924904943,3529,3529,3529,0,0
17,0.2,rank_rolling,328,2325,rank,1000,2,600,526,0.9,0.8859315589,0.8906844106,2325,2325,2325,0,0
17,0.2,margin_static,329,14.28878152,score_margin,32634,59,684,599,0.8347953216,0.83639399,0.8562047858,2939.145242,468,7128,0.02504173623,0.2270450751
17,0.2,margin_rolling,329,19.38062775,score_margin,1000,2,684,599,0.9166666667,0.9165275459,0.9299944352,4314.500835,6977,7128,0.005008347245,0.4006677796
17,0.2,rank_static,329,3584,rank,32634,59,684,599,0.9005847953,0.8914858097,0.897607123,3584,3584,3584,0,0
17,0.2,rank_expanding,329,3510,rank,32634,59,684,599,0.899122807,0.8898163606,0.8959376739,3510,3510,3510,0,0
17,0.2,rank_rolling,329,2616,rank,1000,2,684,599,0.8830409357,0.8714524207,0.8816917084,2616,2616,2616,0,0
17,0.2,margin_static,330,14.28878152,score_margin,33318,60,640,580,0.8015625,0.8068965517,0.8204022989,2699.282759,463.5,7128,0.03275862069,0.2068965517
17,0.2,margin_rolling,330,18.74193296,score_margin,1000,2,640,580,0.9203125,0.9206896552,0.9329022989,4127.394828,6573.5,7128,0.006896551724,0.3344827586
17,0.2,rank_static,330,3584,rank,33318,60,640,580,0.89375,0.8827586207,0.8862068966,3584,3584,3584,0,0
17,0.2,rank_expanding,330,3511,rank,33318,60,640,580,0.890625,0.8793103448,0.8827586207,3511,3511,3511,0,0
17,0.2,rank_rolling,330,3068,rank,1000,2,640,580,0.875,0.8620689655,0.8655172414,3068,3068,3068,0,0
17,0.2,margin_static,331,14.28878152,score_margin,33958,61,506,474,0.8438735178,0.8438818565,0.8510900141,2689.050633,311.5,7128,0.03164556962,0.2004219409
17,0.2,margin_rolling,331,17.99681854,score_margin,1000,2,506,474,0.9071146245,0.9113924051,0.9140295359,3895.668776,6173.5,7128,0.01476793249,0.3185654008
17,0.2,rank_static,331,3584,rank,33958,61,506,474,0.9169960474,0.9113924051,0.9124472574,3584,3584,3584,0,0
17,0.2,rank_expanding,331,3515,rank,33958,61,506,474,0.9110671937,0.9050632911,0.9061181435,3515,3515,3515,0,0
17,0.2,rank_rolling,331,3634,rank,1000,2,506,474,0.918972332,0.9135021097,0.914556962,3634,3634,3634,0,0
17,0.2,margin_static,332,14.28878152,score_margin,34464,62,318,300,0.8427672956,0.8466666667,0.8522222222,2669.313333,312.5,7128,0.05333333333,0.21
17,0.2,margin_rolling,332,17.66370606,score_margin,1000,2,318,300,0.8993710692,0.8966666667,0.905,3574.826667,2245.5,7128,0.02666666667,0.3133333333
17,0.2,rank_static,332,3584,rank,34464,62,318,300,0.9433962264,0.94,0.94,3584,3584,3584,0,0
17,0.2,rank_expanding,332,3511,rank,34464,62,318,300,0.9433962264,0.94,0.94,3511,3511,3511,0,0
17,0.2,rank_rolling,332,3359,rank,1000,2,318,300,0.9433962264,0.94,0.94,3359,3359,3359,0,0
17,0.2,margin_static,333,14.28878152,score_margin,34782,63,342,312,0.8011695906,0.7948717949,0.8146367521,2734.724359,379,7128,0.05769230769,0.2307692308
17,0.2,margin_rolling,333,17.64433712,score_margin,1000,3,342,312,0.8801169591,0.875,0.891025641,3652.810897,4407.5,7128,0.02884615385,0.3237179487
17,0.2,rank_static,333,3584,rank,34782,63,342,312,0.9122807018,0.9038461538,0.9038461538,3584,3584,3584,0,0
17,0.2,rank_expanding,333,3501,rank,34782,63,342,312,0.9122807018,0.9038461538,0.9038461538,3501,3501,3501,0,0
17,0.2,rank_rolling,333,2975,rank,1000,3,342,312,0.8801169591,0.8685897436,0.8707264957,2975,2975,2975,0,0
17,0.2,margin_static,334,14.28878152,score_margin,35124,64,700,633,0.8357142857,0.8404423381,0.8533965245,2580.71564,372,7128,0.05213270142,0.1911532385
17,0.2,margin_rolling,334,17.86148298,score_margin,1000,3,700,633,0.9057142857,0.9115323855,0.9222485519,3775.483412,5026,7128,0.02843601896,0.3033175355
17,0.2,rank_static,334,3584,rank,35124,64,700,633,0.9114285714,0.9083728278,0.9141653502,3584,3584,3584,0,0
17,0.2,rank_expanding,334,3497,rank,35124,64,700,633,0.91,0.906793049,0.9136387572,3497,3497,3497,0,0
17,0.2,rank_rolling,334,2994,rank,1000,3,700,633,0.8914285714,0.887835703,0.8941548183,2994,2994,2994,0,0
17,0.2,margin_static,335,14.28878152,score_margin,35824,65,656,587,0.8155487805,0.8091993186,0.8298409994,2652.311755,349,7128,0.03577512777,0.2095400341
17,0.2,margin_rolling,335,18.08505154,score_margin,1000,2,656,587,0.8856707317,0.8807495741,0.8984099943,3781.492334,4919,7128,0.01873935264,0.3253833049
17,0.2,rank_static,335,3584,rank,35824,65,656,587,0.8856707317,0.8773424191,0.8833049404,3584,3584,3584,0,0
17,0.2,rank_expanding,335,3485,rank,35824,65,656,587,0.881097561,0.8722316865,0.8793299262,3485,3485,3485,0,0
17,0.2,rank_rolling,335,3321,rank,1000,2,656,587,0.8795731707,0.870528109,0.8776263487,3321,3321,3321,0,0
17,0.2,margin_static,336,14.28878152,score_margin,36480,66,632,551,0.7626582278,0.7622504537,0.788384755,2757.482759,469,7128,0.03992740472,0.2159709619
17,0.2,margin_rolling,336,19.24543327,score_margin,1000,2,632,551,0.9050632911,0.9056261343,0.9176346038,4206.150635,6780,7128,0.01270417423,0.3756805808
17,0.2,rank_static,336,3584,rank,36480,66,632,551,0.8765822785,0.8620689655,0.8647912886,3584,3584,3584,0,0
17,0.2,rank_expanding,336,3501,rank,36480,66,632,551,0.8734177215,0.8584392015,0.862522686,3501,3501,3501,0,0
17,0.2,rank_rolling,336,3658,rank,1000,2,632,551,0.8797468354,0.8656987296,0.8684210526,3658,3658,3658,0,0
17,0.2,margin_static,337,14.28878152,score_margin,37112,67,552,492,0.8152173913,0.8191056911,0.8373306233,2656.575203,407.5,7128,0.02642276423,0.2032520325
17,0.2,margin_rolling,337,18.92903328,score_margin,1000,2,552,492,0.9076086957,0.9085365854,0.9160569106,4033.481707,6077,7128,0.01219512195,0.331300813
17,0.2,rank_static,337,3584,rank,37112,67,552,492,0.902173913,0.8902439024,0.8987127371,3584,3584,3584,0,0
17,0.2,rank_expanding,337,3511,rank,37112,67,552,492,0.902173913,0.8902439024,0.8987127371,3511,3511,3511,0,0
17,0.2,rank_rolling,337,4143,rank,1000,2,552,492,0.9148550725,0.9044715447,0.9105691057,4143,4143,4143,0,0
17,0.2,margin_static,338,14.28878152,score_margin,37664,68,496,457,0.7983870968,0.818380744,0.8260393873,2660.067834,407,7128,0.04376367615,0.1925601751
17,0.2,margin_rolling,338,19.20096064,score_margin,1000,2,496,457,0.9032258065,0.9212253829,0.928519329,4163.008753,6337,7128,0.01094091904,0.3391684902
17,0.2,rank_static,338,3584,rank,37664,68,496,457,0.9032258065,0.8949671772,0.8989788476,3584,3584,3584,0,0
17,0.2,rank_expanding,338,3510,rank,37664,68,496,457,0.9012096774,0.8927789934,0.8967906637,3510,3510,3510,0,0
17,0.2,rank_rolling,338,3986,rank,1000,2,496,457,0.9112903226,0.9037199125,0.9077315828,3986,3986,3986,0,0
17,0.2,margin_static,339,14.28878152,score_margin,38160,69,328,297,0.8201219512,0.8282828283,0.8451178451,2054.845118,188,7128,0.05050505051,0.1144781145
17,0.2,margin_rolling,339,18.27181339,score_margin,1000,2,328,297,0.887195122,0.8855218855,0.9009539843,3417.228956,1877,7128,0.0303030303,0.2255892256
17,0.2,rank_static,339,3584,rank,38160,69,328,297,0.8841463415,0.8821548822,0.8860830527,3584,3584,3584,0,0
17,0.2,rank_expanding,339,3510,rank,38160,69,328,297,0.8841463415,0.8821548822,0.8860830527,3510,3510,3510,0,0
17,0.2,rank_rolling,339,3500,rank,1000,2,328,297,0.8841463415,0.8821548822,0.8860830527,3500,3500,3500,0,0
17,0.2,margin_static,340,14.28878152,score_margin,38488,70,328,303,0.7896341463,0.795379538,0.8085808581,2596.234323,309,7128,0.02640264026,0.1848184818
17,0.2,margin_rolling,340,18.77663779,score_margin,1000,3,328,303,0.9146341463,0.9174917492,0.9301430143,3899.029703,5137,7128,0.009900990099,0.3366336634
17,0.2,rank_static,340,3584,rank,38488,70,328,303,0.9298780488,0.9240924092,0.9240924092,3584,3584,3584,0,0
17,0.2,rank_expanding,340,3514,rank,38488,70,328,303,0.9268292683,0.9207920792,0.9207920792,3514,3514,3514,0,0
17,0.2,rank_rolling,340,3599,rank,1000,3,328,303,0.9298780488,0.9240924092,0.9240924092,3599,3599,3599,0,0
17,0.2,margin_static,341,14.28878152,score_margin,38816,71,576,519,0.8055555556,0.8188824663,0.8317919075,2774.633911,478,7128,0.0366088632,0.1868978805
17,0.2,margin_rolling,341,18.4649086,score_margin,1000,3,576,519,0.8923611111,0.9036608863,0.9162491972,3961.393064,5863,7128,0.02504816956,0.3333333333
17,0.2,rank_static,341,3584,rank,38816,71,576,519,0.8767361111,0.8631984586,0.8695568401,3584,3584,3584,0,0
17,0.2,rank_expanding,341,3509,rank,38816,71,576,519,0.8732638889,0.859344894,0.8657032755,3509,3509,3509,0,0
17,0.2,rank_rolling,341,3418,rank,1000,3,576,519,0.8715277778,0.8574181118,0.8637764933,3418,3418,3418,0,0
17,0.2,margin_static,342,14.28878152,score_margin,39392,72,636,565,0.8050314465,0.817699115,0.8336283186,2743.063717,379,7128,0.03539823009,0.2265486726
17,0.2,margin_rolling,342,18.55322266,score_margin,1000,3,636,565,0.893081761,0.8973451327,0.9122418879,3919.614159,5297,7128,0.01592920354,0.3345132743
17,0.2,rank_static,342,3584,rank,39392,72,636,565,0.9040880503,0.8920353982,0.8963126844,3584,3584,3584,0,0
17,0.2,rank_expanding,342,3517,rank,39392,72,636,565,0.8993710692,0.8867256637,0.8923303835,3517,3517,3517,0,0
17,0.2,rank_rolling,342,3804,rank,1000,3,636,565,0.9150943396,0.9044247788,0.9061946903,3804,3804,3804,0,0
17,0.2,margin_static,343,14.28878152,score_margin,40028,73,642,567,0.7819314642,0.7795414462,0.7948853616,2891.375661,525,7128,0.03880070547,0.2134038801
17,0.2,margin_rolling,343,19.94005537,score_margin,1000,2,642,567,0.8862928349,0.8871252205,0.8978835979,4706.0194,7033,7128,0.01234567901,0.3968253968
17,0.2,rank_static,343,3584,rank,40028,73,642,567,0.8691588785,0.8571428571,0.8612580835,3584,3584,3584,0,0
17,0.2,rank_expanding,343,3518,rank,40028,73,642,567,0.8691588785,0.8571428571,0.8612580835,3518,3518,3518,0,0
17,0.2,rank_rolling,343,3761,rank,1000,2,642,567,0.8769470405,0.8659611993,0.8700764256,3761,3761,3761,0,0
17,0.2,margin_static,344,14.28878152,score_margin,40670,74,650,582,0.7769230769,0.7766323024,0.793814433,2668.67354,287,7128,0.03608247423,0.2182130584
17,0.2,margin_rolling,344,20.99544811,score_margin,1000,2,650,582,0.9030769231,0.9003436426,0.9115120275,4445.702749,6989,7128,0.008591065292,0.3969072165
17,0.2,rank_static,344,3584,rank,40670,74,650,582,0.9030769231,0.8917525773,0.89604811,3584,3584,3584,0,0
17,0.2,rank_expanding,344,3540,rank,40670,74,650,582,0.8984615385,0.8865979381,0.8920389462,3540,3540,3540,0,0
17,0.2,rank_rolling,344,4154,rank,1000,2,650,582,0.9153846154,0.9054982818,0.9089347079,4154,4154,4154,0,0
17,0.2,margin_static,345,14.28878152,score_margin,41320,75,586,501,0.8293515358,0.8123752495,0.8323353293,2850.684631,483,7128,0.03193612774,0.2315369261
17,0.2,margin_rolling,345,21.02112961,score_margin,1000,2,586,501,0.9078498294,0.8982035928,0.9108449767,4476.01996,7083,7128,0.00998003992,0.4231536926
17,0.2,rank_static,345,3584,rank,41320,75,586,501,0.9129692833,0.8982035928,0.9011976048,3584,3584,3584,0,0
17,0.2,rank_expanding,345,3540,rank,41320,75,586,501,0.9129692833,0.8982035928,0.9011976048,3540,3540,3540,0,0
17,0.2,rank_rolling,345,3798,rank,1000,2,586,501,0.9232081911,0.9101796407,0.9131736527,3798,3798,3798,0,0
17,0.2,margin_static,346,14.28878152,score_margin,41906,76,224,197,0.8035714286,0.807106599,0.8307952623,1918.116751,106,7128,0.03045685279,0.1624365482
17,0.2,margin_rolling,346,20.53433514,score_margin,1000,2,224,197,0.9151785714,0.9137055838,0.9314720812,3519.913706,2008,7128,0,0.2741116751
17,0.2,rank_static,346,3584,rank,41906,76,224,197,0.9508928571,0.9441624365,0.9441624365,3584,3584,3584,0,0
17,0.2,rank_expanding,346,3531,rank,41906,76,224,197,0.9464285714,0.9390862944,0.9390862944,3531,3531,3531,0,0
17,0.2,rank_rolling,346,3063,rank,1000,2,224,197,0.9419642857,0.9340101523,0.9365482234,3063,3063,3063,0,0
17,0.2,margin_static,347,14.28878152,score_margin,42130,77,306,277,0.8039215686,0.8086642599,0.821299639,2170.111913,109,7128,0.03610108303,0.1660649819
17,0.2,margin_rolling,347,19.9246664,score_margin,1000,3,306,277,0.9117647059,0.916967509,0.921179302,3428.613718,1808,7128,0.007220216606,0.3104693141
17,0.2,rank_static,347,3584,rank,42130,77,306,277,0.9019607843,0.8916967509,0.8941034898,3584,3584,3584,0,0
17,0.2,rank_expanding,347,3519,rank,42130,77,306,277,0.9019607843,0.8916967509,0.8941034898,3519,3519,3519,0,0
17,0.2,rank_rolling,347,2898,rank,1000,3,306,277,0.9019607843,0.8916967509,0.8941034898,2898,2898,2898,0,0
17,0.2,margin_static,348,14.28878152,score_margin,42436,78,714,610,0.7927170868,0.7836065574,0.8057377049,2463.114754,221,7128,0.04590163934,0.193442623
17,0.2,margin_rolling,348,19.31042671,score_margin,1000,3,714,610,0.8977591036,0.893442623,0.9076502732,3823.745902,5463,7128,0.01803278689,0.3196721311
17,0.2,rank_static,348,3584,rank,42436,78,714,610,0.8991596639,0.8819672131,0.8836065574,3584,3584,3584,0,0
17,0.2,rank_expanding,348,3519,rank,42436,78,714,610,0.893557423,0.8754098361,0.8770491803,3519,3519,3519,0,0
17,0.2,rank_rolling,348,2963,rank,1000,3,714,610,0.880952381,0.8606557377,0.8631147541,2963,2963,2963,0,0
17,0.2,margin_static,349,14.28878152,score_margin,43150,79,600,545,0.775,0.7743119266,0.7899082569,2513.055046,215,7128,0.03853211009,0.1963302752
17,0.2,margin_rolling,349,19.24793625,score_margin,1000,2,600,545,0.8533333333,0.8568807339,0.8697247706,3656.550459,4222,7128,0.01651376147,0.3247706422
17,0.2,rank_static,349,3584,rank,43150,79,600,545,0.9183333333,0.9100917431,0.9131498471,3584,3584,3584,0,0
17,0.2,rank_expanding,349,3523,rank,43150,79,600,545,0.9133333333,0.904587156,0.9076452599,3523,3523,3523,0,0
17,0.2,rank_rolling,349,3628,rank,1000,2,600,545,0.92,0.9119266055,0.9137614679,3628,3628,3628,0,0
17,0.2,margin_static,350,14.28878152,score_margin,43750,80,656,560,0.7652439024,0.7625,0.7913095238,2121.192857,153,7128,0.05,0.1410714286
17,0.2,margin_rolling,350,21.47898674,score_margin,1000,2,656,560,0.9024390244,0.8982142857,0.9189583333,3851.721429,5465,7128,0.01607142857,0.3267857143
17,0.2,rank_static,350,3584,rank,43750,80,656,560,0.9070121951,0.8946428571,0.8988095238,3584,3584,3584,0,0
17,0.2,rank_expanding,350,3517,rank,43750,80,656,560,0.9054878049,0.8928571429,0.8970238095,3517,3517,3517,0,0
17,0.2,rank_rolling,350,3195,rank,1000,2,656,560,0.8948170732,0.8803571429,0.8845238095,3195,3195,3195,0,0
17,0.2,margin_static,351,14.28878152,score_margin,44406,81,522,476,0.7471264368,0.756302521,0.7731092437,2110.777311,115,7128,0.06302521008,0.1743697479
17,0.2,margin_rolling,351,21.61467075,score_margin,1000,2,522,476,0.8754789272,0.8802521008,0.9019607843,3859.97479,5067,7128,0.01890756303,0.3214285714
17,0.2,rank_static,351,3584,rank,44406,81,522,476,0.8620689655,0.8487394958,0.8532913165,3584,3584,3584,0,0
17,0.2,rank_expanding,351,3515,rank,44406,81,522,476,0.8620689655,0.8487394958,0.8532913165,3515,3515,3515,0,0
17,0.2,rank_rolling,351,3399,rank,1000,2,522,476,0.8601532567,0.8466386555,0.8511904762,3399,3399,3399,0,0
17,0.2,margin_static,352,14.28878152,score_margin,44928,82,462,415,0.7316017316,0.7301204819,0.753313253,2072.378313,155,7128,0.04819277108,0.1590361446
17,0.2,margin_rolling,352,22.15691879,score_margin,1000,2,462,415,0.8982683983,0.9036144578,0.9201807229,4221.248193,6519,7128,0.01445783133,0.3325301205
17,0.2,rank_static,352,3584,rank,44928,82,462,415,0.9069264069,0.9012048193,0.9080321285,3584,3584,3584,0,0
17,0.2,rank_expanding,352,3535,rank,44928,82,462,415,0.9047619048,0.8987951807,0.9068273092,3535,3535,3535,0,0
17,0.2,rank_rolling,352,4150,rank,1000,2,462,415,0.9242424242,0.9204819277,0.9273092369,4150,4150,4150,0,0
17,0.2,margin_static,353,14.28878152,score_margin,45390,83,242,226,0.6983471074,0.7079646018,0.7123893805,2090.787611,97,7128,0.06637168142,0.1371681416
17,0.2,margin_rolling,353,22.84156895,score_margin,1000,3,242,226,0.9008264463,0.8938053097,0.907079646,3917.022124,5646,7128,0.01769911504,0.3805309735
17,0.2,rank_static,353,3584,rank,45390,83,242,226,0.8925619835,0.8849557522,0.889380531,3584,3584,3584,0,0
17,0.2,rank_expanding,353,3531,rank,45390,83,242,226,0.8925619835,0.8849557522,0.889380531,3531,3531,3531,0,0
17,0.2,rank_rolling,353,3951,rank,1000,3,242,226,0.9090909091,0.9026548673,0.9048672566,3951,3951,3951,0,0
17,0.2,margin_static,354,14.28878152,score_margin,45632,84,238,227,0.718487395,0.718061674,0.7261380323,2250.903084,145,7128,0.03524229075,0.1629955947
17,0.2,margin_rolling,354,22.84156895,score_margin,1000,3,238,227,0.9075630252,0.9074889868,0.9155653451,4320.052863,6643,7128,0.008810572687,0.3876651982
17,0.2,rank_static,354,3584,rank,45632,84,238,227,0.8865546218,0.8810572687,0.8810572687,3584,3584,3584,0,0
17,0.2,rank_expanding,354,3533,rank,45632,84,238,227,0.8865546218,0.8810572687,0.8810572687,3533,3533,3533,0,0
17,0.2,rank_rolling,354,3707,rank,1000,3,238,227,0.8949579832,0.8898678414,0.8898678414,3707,3707,3707,0,0
17,0.2,margin_static,355,14.28878152,score_margin,45870,85,578,506,0.714532872,0.7371541502,0.7605401845,2463.241107,207.5,7128,0.07114624506,0.1996047431
17,0.2,margin_rolling,355,23.3586036,score_margin,1000,4,578,506,0.8910034602,0.9051383399,0.9223131941,4681.555336,7115.5,7128,0.01185770751,0.4545454545
17,0.2,rank_static,355,3584,rank,45870,85,578,506,0.8702422145,0.8596837945,0.87130623,3584,3584,3584,0,0
17,0.2,rank_expanding,355,3538,rank,45870,85,578,506,0.8667820069,0.8557312253,0.8683418031,3538,3538,3538,0,0
17,0.2,rank_rolling,355,3624,rank,1000,4,578,506,0.8702422145,0.8596837945,0.87130623,3624,3624,3624,0,0
17,0.2,margin_static,356,14.28878152,score_margin,46448,86,548,483,0.7354014599,0.7391304348,0.757073844,2376.871636,145,7128,0.06211180124,0.1759834369
17,0.2,margin_rolling,356,23.3714323,score_margin,1000,3,548,483,0.9051094891,0.9047619048,0.9151138716,4407.718427,7062,7128,0.01242236025,0.4140786749
17,0.2,rank_static,356,3584,rank,46448,86,548,483,0.8704379562,0.8695652174,0.8716356108,3584,3584,3584,0,0
17,0.2,rank_expanding,356,3552,rank,46448,86,548,483,0.8704379562,0.8695652174,0.8716356108,3552,3552,3552,0,0
17,0.2,rank_rolling,356,4396,rank,1000,3,548,483,0.8941605839,0.8881987578,0.8923395445,4396,4396,4396,0,0
17,0.2,margin_static,357,14.28878152,score_margin,46996,87,406,363,0.7610837438,0.7685950413,0.7853535354,1651.730028,100,7128,0.04132231405,0.1239669421
17,0.2,margin_rolling,357,23.43138885,score_margin,1000,2,406,363,0.9236453202,0.9201101928,0.9354912764,4218.658402,6416,7128,0.01377410468,0.3305785124
17,0.2,rank_static,357,3584,rank,46996,87,406,363,0.9359605911,0.9366391185,0.9380165289,3584,3584,3584,0,0
17,0.2,rank_expanding,357,3559,rank,46996,87,406,363,0.9359605911,0.9366391185,0.9380165289,3559,3559,3559,0,0
17,0.2,rank_rolling,357,4550,rank,1000,2,406,363,0.9458128079,0.9476584022,0.9490358127,4550,4550,4550,0,0
17,0.2,margin_static,358,14.28878152,score_margin,47402,88,300,276,0.79,0.7971014493,0.8109903382,1637.014493,83,7128,0.03985507246,0.152173913
17,0.2,margin_rolling,358,21.81972885,score_margin,1000,3,300,276,0.9,0.8985507246,0.9154589372,3458.166667,1985,7128,0.003623188406,0.2608695652
17,0.2,rank_static,358,3584,rank,47402,88,300,276,0.91,0.902173913,0.902173913,3584,3584,3584,0,0
17,0.2,rank_expanding,358,3553,rank,47402,88,300,276,0.91,0.902173913,0.902173913,3553,3553,3553,0,0
17,0.2,rank_rolling,358,3800,rank,1000,3,300,276,0.9133333333,0.9057971014,0.9057971014,3800,3800,3800,0,0
17,0.2,margin_static,359,14.28878152,score_margin,47702,89,330,312,0.8363636364,0.8429487179,0.8509615385,2759.394231,431.5,7128,0.03846153846,0.2403846154
17,0.2,margin_rolling,359,21.68429326,score_margin,1000,3,330,312,0.9575757576,0.9551282051,0.9642094017,4637.189103,7122.5,7128,0.009615384615,0.4487179487
17,0.2,rank_static,359,3584,rank,47702,89,330,312,0.9424242424,0.9391025641,0.9391025641,3584,3584,3584,0,0
17,0.2,rank_expanding,359,3552,rank,47702,89,330,312,0.9393939394,0.9358974359,0.9358974359,3552,3552,3552,0,0
17,0.2,rank_rolling,359,3214,rank,1000,3,330,312,0.9303030303,0.9262820513,0.9294871795,3214,3214,3214,0,0
17,0.2,margin_static,360,14.28878152,score_margin,48032,90,228,214,0.75,0.7570093458,0.7710280374,1944.799065,84.5,7128,0.05140186916,0.1542056075
17,0.2,margin_rolling,360,18.83168697,score_margin,1000,3,228,214,0.8947368421,0.8971962617,0.9018691589,2932.593458,771.5,7128,0.009345794393,0.2336448598
17,0.2,rank_static,360,3584,rank,48032,90,228,214,0.951754386,0.9485981308,0.9509345794,3584,3584,3584,0,0
17,0.2,rank_expanding,360,3544,rank,48032,90,228,214,0.951754386,0.9485981308,0.9509345794,3544,3544,3544,0,0
17,0.2,rank_rolling,360,2713,rank,1000,3,228,214,0.9385964912,0.9345794393,0.9369158879,2713,2713,2713,0,0
17,0.2,margin_static,361,14.28878152,score_margin,48260,91,246,226,0.7601626016,0.7610619469,0.7802359882,1856.415929,63,7128,0.09734513274,0.1238938053
17,0.2,margin_rolling,361,19.4953208,score_margin,1000,4,246,226,0.8780487805,0.8805309735,0.889380531,2970.548673,720,7128,0.03539823009,0.2256637168
17,0.2,rank_static,361,3584,rank,48260,91,246,226,0.9105691057,0.9026548673,0.9026548673,3584,3584,3584,0,0
17,0.2,rank_expanding,361,3529,rank,48260,91,246,226,0.9105691057,0.9026548673,0.9026548673,3529,3529,3529,0,0
17,0.2,rank_rolling,361,2298,rank,1000,4,246,226,0.8739837398,0.8628318584,0.8672566372,2298,2298,2298,0,0
17,0.2,margin_static,362,14.28878152,score_margin,48506,92,620,530,0.7387096774,0.779245283,0.8027583109,1833.869811,99.5,7128,0.05849056604,0.141509434
17,0.2,margin_rolling,362,18.90998101,score_margin,1000,4,620,530,0.8370967742,0.8754716981,0.900197664,2952.343396,781.5,7128,0.0320754717,0.2264150943
17,0.2,rank_static,362,3584,rank,48506,92,620,530,0.9129032258,0.9018867925,0.9047169811,3584,3584,3584,0,0
17,0.2,rank_expanding,362,3528,rank,48506,92,620,530,0.9096774194,0.8981132075,0.9009433962,3528,3528,3528,0,0
17,0.2,rank_rolling,362,2636,rank,1000,4,620,530,0.8806451613,0.8641509434,0.8716981132,2636,2636,2636,0,0
17,0.2,margin_static,363,14.28878152,score_margin,49126,93,386,353,0.7979274611,0.8130311615,0.8253068933,1910.362606,78,7128,0.0821529745,0.1444759207
17,0.2,margin_rolling,363,23.76343727,score_margin,1000,3,386,353,0.9248704663,0.9320113314,0.9438149197,4107.796034,6408,7128,0.01699716714,0.3597733711
17,0.2,rank_static,363,3584,rank,49126,93,386,353,0.9170984456,0.9121813031,0.9159584514,3584,3584,3584,0,0
17,0.2,rank_expanding,363,3522,rank,49126,93,386,353,0.9170984456,0.9121813031,0.9159584514,3522,3522,3522,0,0
17,0.2,rank_rolling,363,3036,rank,1000,3,386,353,0.9015544041,0.895184136,0.8989612842,3036,3036,3036,0,0
17,0.2,margin_static,364,14.28878152,score_margin,49512,94,354,329,0.7485875706,0.7507598784,0.7641843972,1792.413374,76,7128,0.09422492401,0.1367781155
17,0.2,margin_rolling,364,23.76768684,score_margin,1000,2,354,329,0.918079096,0.9179331307,0.9270516717,4125.659574,6643,7128,0.02431610942,0.3495440729
17,0.2,rank_static,364,3584,rank,49512,94,354,329,0.8926553672,0.8844984802,0.8875379939,3584,3584,3584,0,0
17,0.2,rank_expanding,364,3515,rank,49512,94,354,329,0.8926553672,0.8844984802,0.8875379939,3515,3515,3515,0,0
17,0.2,rank_rolling,364,3162,rank,1000,2,354,329,0.8813559322,0.8723404255,0.8753799392,3162,3162,3162,0,0
17,0.3,margin_static,292,14.24727869,score_margin,11270,22,730,658,0.8863013699,0.8936170213,0.9049138804,3752.246201,4964.5,7128,0.01671732523,0.3176291793
17,0.3,margin_rolling,292,14.07808496,score_margin,1000,3,730,658,0.8849315068,0.8920972644,0.9033941236,3683.753799,4549,7128,0.01823708207,0.3100303951
17,0.3,rank_static,292,3686,rank,11270,22,730,658,0.8849315068,0.8814589666,0.8862715299,3686,3686,3686,0,0
17,0.3,rank_expanding,292,3686,rank,11270,22,730,658,0.8849315068,0.8814589666,0.8862715299,3686,3686,3686,0,0
17,0.3,rank_rolling,292,2676,rank,1000,3,730,658,0.8534246575,0.8495440729,0.8551165147,2676,2676,2676,0,0
17,0.3,margin_static,293,14.24727869,score_margin,12000,23,658,581,0.8981762918,0.9053356282,0.9213998853,3967.127367,5817,7128,0.008605851979,0.3580034423
17,0.3,margin_rolling,293,14.35615206,score_margin,1000,2,658,581,0.9027355623,0.9104991394,0.9257028112,4005.881239,5954,7128,0.008605851979,0.3614457831
17,0.3,rank_static,293,3686,rank,12000,23,658,581,0.8951367781,0.8864027539,0.8955823293,3686,3686,3686,0,0
17,0.3,rank_expanding,293,3713,rank,12000,23,658,581,0.8951367781,0.8864027539,0.8955823293,3713,3713,3713,0,0
17,0.3,rank_rolling,293,3560,rank,1000,2,658,581,0.8875379939,0.8777969019,0.8869764773,3560,3560,3560,0,0
17,0.3,margin_static,294,14.24727869,score_margin,12658,24,618,538,0.855987055,0.8494423792,0.878283767,3766,4582,7128,0.02602230483,0.343866171
17,0.3,margin_rolling,294,14.94443274,score_margin,1000,2,618,538,0.8705501618,0.8643122677,0.8891263941,4043.605948,6030.5,7128,0.02230483271,0.3717472119
17,0.3,rank_static,294,3686,rank,12658,24,618,538,0.8802588997,0.8643122677,0.8680297398,3686,3686,3686,0,0
17,0.3,rank_expanding,294,3734,rank,12658,24,618,538,0.8802588997,0.8643122677,0.8680297398,3734,3734,3734,0,0
17,0.3,rank_rolling,294,3865,rank,1000,2,618,538,0.8883495146,0.873605948,0.8773234201,3865,3865,3865,0,0
17,0.3,margin_static,295,14.24727869,score_margin,13276,25,666,578,0.8693693694,0.875432526,0.8982122261,3732.83391,4390.5,7128,0.01384083045,0.3131487889
17,0.3,margin_rolling,295,16.15933299,score_margin,1000,2,666,578,0.9114114114,0.9152249135,0.9325836217,4531.953287,6892,7128,0.006920415225,0.3875432526
17,0.3,rank_static,295,3686,rank,13276,25,666,578,0.9129129129,0.8996539792,0.9019607843,3686,3686,3686,0,0
17,0.3,rank_expanding,295,3764,rank,13276,25,666,578,0.9144144144,0.901384083,0.9036908881,3764,3764,3764,0,0
17,0.3,rank_rolling,295,4229,rank,1000,2,666,578,0.9294294294,0.9186851211,0.9209919262,4229,4229,4229,0,0
17,0.3,margin_static,296,14.24727869,score_margin,13942,26,516,466,0.8333333333,0.8326180258,0.8509298999,3667.160944,4324.5,7128,0.01287553648,0.3175965665
17,0.3,margin_rolling,296,16.23587894,score_margin,1000,2,516,466,0.8759689922,0.8733905579,0.8909871245,4313.566524,6948.5,7128,0.002145922747,0.3948497854
17,0.3,rank_static,296,3686,rank,13942,26,516,466,0.9263565891,0.9184549356,0.919527897,3686,3686,3686,0,0
17,0.3,rank_expanding,296,3741,rank,13942,26,516,466,0.9263565891,0.9184549356,0.919527897,3741,3741,3741,0,0
17,0.3,rank_rolling,296,3412,rank,1000,2,516,466,0.9166666667,0.9077253219,0.913304721,3412,3412,3412,0,0
17,0.3,margin_static,297,14.24727869,score_margin,14458,27,292,254,0.8253424658,0.8543307087,0.8656167979,3130.015748,1091.5,7128,0.01181102362,0.2637795276
17,0.3,margin_rolling,297,16.61833143,score_margin,1000,2,292,254,0.8561643836,0.8818897638,0.8933070866,3929.744094,5968.5,7128,0,0.3346456693
17,0.3,rank_static,297,3686,rank,14458,27,292,254,0.9109589041,0.9015748031,0.9117454068,3686,3686,3686,0,0
17,0.3,rank_expanding,297,3698,rank,14458,27,292,254,0.9109589041,0.9015748031,0.9117454068,3698,3698,3698,0,0
17,0.3,rank_rolling,297,3299,rank,1000,2,292,254,0.897260274,0.8858267717,0.8999343832,3299,3299,3299,0,0
17,0.3,margin_static,298,14.24727869,score_margin,14750,28,252,224,0.8531746032,0.8616071429,0.8798363095,3252.607143,1071.5,7128,0.008928571429,0.2991071429
17,0.3,margin_rolling,298,18.01814079,score_margin,1000,3,252,224,0.9444444444,0.9508928571,0.9616815476,4674.589286,7092.5,7128,0,0.4151785714
17,0.3,rank_static,298,3686,rank,14750,28,252,224,0.8888888889,0.875,0.8805803571,3686,3686,3686,0,0
17,0.3,rank_expanding,298,3687,rank,14750,28,252,224,0.8888888889,0.875,0.8805803571,3687,3687,3687,0,0
17,0.3,rank_rolling,298,3383,rank,1000,3,252,224,0.869047619,0.8526785714,0.8582589286,3383,3383,3383,0,0
17,0.3,margin_static,299,14.24727869,score_margin,15002,29,702,615,0.8646723647,0.8829268293,0.8998219125,3575.827642,4182,7128,0.02601626016,0.2650406504
17,0.3,margin_rolling,299,17.18140078,score_margin,1000,3,702,615,0.9031339031,0.9089430894,0.9267363531,4512.458537,7051,7128,0.006504065041,0.393495935
17,0.3,rank_static,299,3686,rank,15002,29,702,615,0.9373219373,0.9284552846,0.9292682927,3686,3686,3686,0,0
17,0.3,rank_expanding,299,3697,rank,15002,29,702,615,0.9373219373,0.9284552846,0.9292682927,3697,3697,3697,0,0
17,0.3,rank_rolling,299,3479,rank,1000,3,702,615,0.9358974359,0.9268292683,0.9276422764,3479,3479,3479,0,0
17,0.3,margin_static,300,14.24727869,score_margin,15704,30,664,573,0.8719879518,0.8743455497,0.9002326934,3789.076789,4857,7128,0.02617801047,0.3106457243
17,0.3,margin_rolling,300,16.52508545,score_margin,1000,3,664,573,0.9036144578,0.9040139616,0.9269924375,4504.448517,7077,7128,0.006980802792,0.4083769634
17,0.3,rank_static,300,3686,rank,15704,30,664,573,0.9021084337,0.890052356,0.8952879581,3686,3686,3686,0,0
17,0.3,rank_expanding,300,3645,rank,15704,30,664,573,0.9006024096,0.8883071553,0.8935427574,3645,3645,3645,0,0
17,0.3,rank_rolling,300,2769,rank,1000,3,664,573,0.859939759,0.8411867365,0.8536940081,2769,2769,2769,0,0
17,0.3,margin_static,301,14.24727869,score_margin,16368,31,616,552,0.8782467532,0.8786231884,0.8949879227,3892.528986,5147,7128,0.01449275362,0.3351449275
17,0.3,margin_rolling,301,16.97725046,score_margin,1000,2,616,552,0.9253246753,0.9239130435,0.935205314,4661.38587,7110,7128,0.001811594203,0.4311594203
17,0.3,rank_static,301,3686,rank,16368,31,616,552,0.8701298701,0.856884058,0.8676932367,3686,3686,3686,0,0
17,0.3,rank_expanding,301,3645,rank,16368,31,616,552,0.8701298701,0.856884058,0.8676932367,3645,3645,3645,0,0
17,0.3,rank_rolling,301,3170,rank,1000,2,616,552,0.8555194805,0.8405797101,0.8532004831,3170,3170,3170,0,0
17,0.3,margin_static,302,14.24727869,score_margin,16984,32,570,490,0.8368421053,0.8326530612,0.8528474247,3502.232653,1977,7128,0.02857142857,0.2897959184
17,0.3,margin_rolling,302,16.15073799,score_margin,1000,2,570,490,0.8824561404,0.8836734694,0.9018950437,4047.540816,6464,7128,0.01020408163,0.3591836735
17,0.3,rank_static,302,3686,rank,16984,32,570,490,0.8912280702,0.8775510204,0.8846938776,3686,3686,3686,0,0
17,0.3,rank_expanding,302,3678,rank,16984,32,570,490,0.8912280702,0.8775510204,0.8846938776,3678,3678,3678,0,0
17,0.3,rank_rolling,302,4387,rank,1000,2,570,490,0.9157894737,0.906122449,0.912244898,4387,4387,4387,0,0
17,0.3,margin_static,303,14.24727869,score_margin,17554,33,542,485,0.86900369,0.8597938144,0.875532646,3579.123711,3784,7128,0.02474226804,0.3154639175
17,0.3,margin_rolling,303,16.90478611,score_margin,1000,2,542,485,0.9169741697,0.9092783505,0.921580756,4379.608247,6968,7128,0.00412371134,0.393814433
17,0.3,rank_static,303,3686,rank,17554,33,542,485,0.8726937269,0.8577319588,0.8628865979,3686,3686,3686,0,0
17,0.3,rank_expanding,303,3686,rank,17554,33,542,485,0.8726937269,0.8577319588,0.8628865979,3686,3686,3686,0,0
17,0.3,rank_rolling,303,4239,rank,1000,2,542,485,0.8929889299,0.8804123711,0.8855670103,4239,4239,4239,0,0
17,0.3,margin_static,304,14.24727869,score_margin,18096,34,328,281,0.8567073171,0.8540925267,0.8899762752,3318.409253,1446,7128,0.02491103203,0.2740213523
17,0.3,margin_rolling,304,16.05802917,score_margin,1000,2,328,281,0.8780487805,0.871886121,0.9080664294,3955.626335,6098,7128,0.01779359431,0.3167259786
17,0.3,rank_static,304,3686,rank,18096,34,328,281,0.9054878049,0.9039145907,0.9074733096,3686,3686,3686,0,0
17,0.3,rank_expanding,304,3708,rank,18096,34,328,281,0.9085365854,0.9074733096,0.9110320285,3708,3708,3708,0,0
17,0.3,rank_rolling,304,4232,rank,1000,2,328,281,0.9268292683,0.9288256228,0.9288256228,4232,4232,4232,0,0
17,0.3,margin_static,305,14.24727869,score_margin,18424,35,328,295,0.8658536585,0.8644067797,0.8842937853,3211.461017,1399,7128,0.006779661017,0.2338983051
17,0.3,margin_rolling,305,16.93003917,score_margin,1000,3,328,295,0.9268292683,0.9288135593,0.9476836158,4079.159322,6666,7128,0.003389830508,0.3322033898
17,0.3,rank_static,305,3686,rank,18424,35,328,295,0.9176829268,0.9084745763,0.9101694915,3686,3686,3686,0,0
17,0.3,rank_expanding,305,3704,rank,18424,35,328,295,0.9176829268,0.9084745763,0.9101694915,3704,3704,3704,0,0
17,0.3,rank_rolling,305,3844,rank,1000,3,328,295,0.9176829268,0.9084745763,0.9101694915,3844,3844,3844,0,0
17,0.3,margin_static,306,14.24727869,score_margin,18752,36,582,513,0.8573883162,0.8713450292,0.8896036387,3431.732943,1678,7128,0.0253411306,0.298245614
17,0.3,margin_rolling,306,16.3922596,score_margin,1000,3,582,513,0.8883161512,0.9025341131,0.92014295,4151.621832,6656,7128,0.01754385965,0.3859649123
17,0.3,rank_static,306,3686,rank,18752,36,582,513,0.9226804124,0.9122807018,0.9155295647,3686,3686,3686,0,0
17,0.3,rank_expanding,306,3698,rank,18752,36,582,513,0.9226804124,0.9122807018,0.9155295647,3698,3698,3698,0,0
17,0.3,rank_rolling,306,3649,rank,1000,3,582,513,0.9209621993,0.910331384,0.9135802469,3649,3649,3649,0,0
17,0.3,margin_static,307,14.24727869,score_margin,19334,37,588,510,0.8537414966,0.868627451,0.8895751634,3673.535294,4216.5,7128,0.02549019608,0.3
17,0.3,margin_rolling,307,16.77090359,score_margin,1000,3,588,510,0.8945578231,0.9039215686,0.9219934641,4509.186275,7063.5,7128,0.01176470588,0.3901960784
17,0.3,rank_static,307,3686,rank,19334,37,588,510,0.887755102,0.8705882353,0.8761437908,3686,3686,3686,0,0
17,0.3,rank_expanding,307,3675,rank,19334,37,588,510,0.8860544218,0.868627451,0.8741830065,3675,3675,3675,0,0
17,0.3,rank_rolling,307,2713,rank,1000,3,588,510,0.8605442177,0.8411764706,0.8488888889,2713,2713,2713,0,0
17,0.3,margin_static,308,14.24727869,score_margin,19922,38,562,497,0.8523131673,0.8571428571,0.8780540385,3664.730382,4082,7128,0.02615694165,0.3340040241
17,0.3,margin_rolling,308,17.15991831,score_margin,1000,2,562,497,0.8932384342,0.8913480885,0.9100507809,4444.422535,7094,7128,0.01207243461,0.4466800805
17,0.3,rank_static,308,3686,rank,19922,38,562,497,0.859430605,0.8430583501,0.8480885312,3686,3686,3686,0,0
17,0.3,rank_expanding,308,3687,rank,19922,38,562,497,0.859430605,0.8430583501,0.8480885312,3687,3687,3687,0,0
17,0.3,rank_rolling,308,3655,rank,1000,2,562,497,0.859430605,0.8430583501,0.8480885312,3655,3655,3655,0,0
17,0.3,margin_static,309,14.24727869,score_margin,20484,39,626,535,0.8594249201,0.8654205607,0.8829595016,3675.788785,4614,7128,0.02242990654,0.3177570093
17,0.3,margin_rolling,309,17.94423738,score_margin,1000,2,626,535,0.9057507987,0.9177570093,0.9331152648,4687.364486,7123,7128,0.005607476636,0.4542056075
17,0.3,rank_static,309,3686,rank,20484,39,626,535,0.892971246,0.8785046729,0.8822429907,3686,3686,3686,0,0
17,0.3,rank_expanding,309,3719,rank,20484,39,626,535,0.8945686901,0.8803738318,0.8841121495,3719,3719,3719,0,0
17,0.3,rank_rolling,309,4557,rank,1000,2,626,535,0.910543131,0.8990654206,0.9018691589,4557,4557,4557,0,0
17,0.3,margin_static,310,14.24727869,score_margin,21110,40,620,527,0.8629032258,0.8576850095,0.893769766,3082.396584,987,7128,0.02087286528,0.2428842505
17,0.3,margin_rolling,310,18.05944175,score_margin,1000,2,620,527,0.9483870968,0.9411764706,0.9615117015,4315.548387,6723,7128,0.003795066414,0.3719165085
17,0.3,rank_static,310,3686,rank,21110,40,620,527,0.9290322581,0.9184060721,0.9184060721,3686,3686,3686,0,0
17,0.3,rank_expanding,310,3725,rank,21110,40,620,527,0.9290322581,0.9184060721,0.9184060721,3725,3725,3725,0,0
17,0.3,rank_rolling,310,4557,rank,1000,2,620,527,0.9467741935,0.9392789374,0.9392789374,4557,4557,4557,0,0
17,0.3,margin_static,311,14.24727869,score_margin,21730,41,438,366,0.8607305936,0.8415300546,0.8737704918,2748.628415,504.5,7128,0.01912568306,0.2213114754
17,0.3,margin_rolling,311,16.61185837,score_margin,1000,2,438,366,0.9178082192,0.9043715847,0.9285063752,3459.368852,1856.5,7128,0.01366120219,0.262295082
17,0.3,rank_static,311,3686,rank,21730,41,438,366,0.8949771689,0.8770491803,0.8829690346,3686,3686,3686,0,0
17,0.3,rank_expanding,311,3699,rank,21730,41,438,366,0.8949771689,0.8770491803,0.8829690346,3699,3699,3699,0,0
17,0.3,rank_rolling,311,3181,rank,1000,2,438,366,0.8835616438,0.8633879781,0.8693078324,3181,3181,3181,0,0
17,0.3,margin_static,312,14.24727869,score_margin,22168,42,460,368,0.8369565217,0.8505434783,0.8764104555,2582.63587,448.5,7128,0.02717391304,0.2010869565
17,0.3,margin_rolling,312,15.64228275,score_margin,1000,2,460,368,0.8652173913,0.8777173913,0.9017080745,3067.839674,1008.5,7128,0.01630434783,0.222826087
17,0.3,rank_static,312,3686,rank,22168,42,460,368,0.9326086957,0.9157608696,0.9291666667,3686,3686,3686,0,0
17,0.3,rank_expanding,312,3702,rank,22168,42,460,368,0.9326086957,0.9157608696,0.9291666667,3702,3702,3702,0,0
17,0.3,rank_rolling,312,3210,rank,1000,2,460,368,0.9217391304,0.9048913043,0.9173913043,3210,3210,3210,0,0
17,0.3,margin_static,313,14.24727869,score_margin,22628,43,794,641,0.8463476071,0.8439937598,0.8757670307,2968.964119,641,7128,0.03588143526,0.2527301092
17,0.3,margin_rolling,313,16.65672302,score_margin,1000,3,794,641,0.8967254408,0.8892355694,0.9182787311,3679.279251,4552,7128,0.01716068643,0.3104524181
17,0.3,rank_static,313,3686,rank,22628,43,794,641,0.9156171285,0.895475819,0.8998439938,3686,3686,3686,0,0
17,0.3,rank_expanding,313,3684,rank,22628,43,794,641,0.9156171285,0.895475819,0.8998439938,3684,3684,3684,0,0
17,0.3,rank_rolling,313,3035,rank,1000,3,794,641,0.8992443325,0.8751950078,0.8826833073,3035,3035,3035,0,0
17,0.3,margin_static,314,14.24727869,score_margin,23422,44,678,585,0.8510324484,0.8461538462,0.8743752544,2983.924786,596,7128,0.03418803419,0.2376068376
17,0.3,margin_rolling,314,17.28801489,score_margin,1000,2,678,585,0.9041297935,0.9008547009,0.9221286121,3928.234188,6123,7128,0.01367521368,0.3367521368
17,0.3,rank_static,314,3686,rank,23422,44,678,585,0.9085545723,0.8974358974,0.9031339031,3686,3686,3686,0,0
17,0.3,rank_expanding,314,3664,rank,23422,44,678,585,0.9085545723,0.8974358974,0.9031339031,3664,3664,3664,0,0
17,0.3,rank_rolling,314,2934,rank,1000,2,678,585,0.8997050147,0.8871794872,0.8937321937,2934,2934,2934,0,0
17,0.3,margin_static,315,14.24727869,score_margin,24100,45,774,660,0.8320413437,0.8272727273,0.8550757576,2981.798485,657.5,7128,0.02575757576,0.2106060606
17,0.3,margin_rolling,315,17.46122932,score_margin,1000,2,774,660,0.8927648579,0.8939393939,0.9113888889,4037.619697,6332,7128,0.007575757576,0.3333333333
17,0.3,rank_static,315,3686,rank,24100,45,774,660,0.9328165375,0.9257575758,0.9265151515,3686,3686,3686,0,0
17,0.3,rank_expanding,315,3651,rank,24100,45,774,660,0.9328165375,0.9257575758,0.9265151515,3651,3651,3651,0,0
17,0.3,rank_rolling,315,3011,rank,1000,2,774,660,0.9147286822,0.9045454545,0.9075757576,3011,3011,3011,0,0
17,0.3,margin_static,316,14.24727869,score_margin,24874,46,758,622,0.8390501319,0.8295819936,0.8616291533,3242.742765,1372,7128,0.02893890675,0.2556270096
17,0.3,margin_rolling,316,18.57574081,score_margin,1000,2,758,622,0.9248021108,0.921221865,0.9369239014,4720.083601,7071.5,7128,0.008038585209,0.3987138264
17,0.3,rank_static,316,3686,rank,24874,46,758,622,0.9023746702,0.8810289389,0.884244373,3686,3686,3686,0,0
17,0.3,rank_expanding,316,3629,rank,24874,46,758,622,0.9023746702,0.8810289389,0.884244373,3629,3629,3629,0,0
17,0.3,rank_rolling,316,2726,rank,1000,2,758,622,0.8720316623,0.8440514469,0.8480707395,2726,2726,2726,0,0
17,0.3,margin_static,317,14.24727869,score_margin,25632,47,630,559,0.8365079365,0.8389982111,0.8599582588,2663.597496,519,7128,0.03577817531,0.2057245081
17,0.3,margin_rolling,317,17.35401487,score_margin,1000,2,630,559,0.8968253968,0.8980322004,0.9168157424,3721.583184,4879,7128,0.01431127013,0.2915921288
17,0.3,rank_static,317,3686,rank,25632,47,630,559,0.9031746032,0.8908765653,0.897763864,3686,3686,3686,0,0
17,0.3,rank_expanding,317,3626,rank,25632,47,630,559,0.9031746032,0.8908765653,0.897763864,3626,3626,3626,0,0
17,0.3,rank_rolling,317,3406,rank,1000,2,630,559,0.8968253968,0.8837209302,0.890608229,3406,3406,3406,0,0
17,0.3,margin_static,318,14.24727869,score_margin,26262,48,342,308,0.8274853801,0.8344155844,0.854978355,2631.925325,322,7128,0.02922077922,0.224025974
17,0.3,margin_rolling,318,17.78363371,score_margin,1000,2,342,308,0.8976608187,0.8961038961,0.920995671,3585.285714,3140.5,7128,0.006493506494,0.3149350649
17,0.3,rank_static,318,3686,rank,26262,48,342,308,0.9093567251,0.9025974026,0.9047619048,3686,3686,3686,0,0
17,0.3,rank_expanding,318,3621,rank,26262,48,342,308,0.9064327485,0.8993506494,0.9015151515,3621,3621,3621,0,0
17,0.3,rank_rolling,318,3548,rank,1000,2,342,308,0.9035087719,0.8961038961,0.8982683983,3548,3548,3548,0,0
17,0.3,margin_static,319,14.24727869,score_margin,26604,49,324,290,0.8425925926,0.8275862069,0.8379310345,2691.503448,457,7128,0.01724137931,0.2137931034
17,0.3,margin_rolling,319,17.876333,score_margin,1000,3,324,290,0.9228395062,0.9137931034,0.9224137931,3790.793103,4734.5,7128,0,0.3068965517
17,0.3,rank_static,319,3686,rank,26604,49,324,290,0.9290123457,0.9206896552,0.9206896552,3686,3686,3686,0,0
17,0.3,rank_expanding,319,3618,rank,26604,49,324,290,0.9290123457,0.9206896552,0.9206896552,3618,3618,3618,0,0
17,0.3,rank_rolling,319,3589,rank,1000,3,324,290,0.9290123457,0.9206896552,0.9206896552,3589,3589,3589,0,0
17,0.3,margin_static,320,14.24727869,score_margin,26928,50,736,646,0.8301630435,0.8405572755,0.8573959408,3316.936533,1091.5,7128,0.02786377709,0.2616099071
17,0.3,margin_rolling,320,17.78363371,score_margin,1000,3,736,646,0.8899456522,0.9024767802,0.9116443068,4333.287926,7000,7128,0.004643962848,0.4148606811
17,0.3,rank_static,320,3686,rank,26928,50,736,646,0.902173913,0.8931888545,0.8972652219,3686,3686,3686,0,0
17,0.3,rank_expanding,320,3611,rank,26928,50,736,646,0.9008152174,0.8916408669,0.8957172343,3611,3611,3611,0,0
17,0.3,rank_rolling,320,3286,rank,1000,3,736,646,0.8967391304,0.886996904,0.8910732714,3286,3286,3286,0,0
17,0.3,margin_static,321,14.24727869,score_margin,27664,51,680,603,0.8485294118,0.8391376451,0.8562741846,3163.135987,1110,7128,0.03648424544,0.2338308458
17,0.3,margin_rolling,321,17.95881629,score_margin,1000,2,680,603,0.9102941176,0.9021558872,0.9154228856,4383.897181,6933,7128,0.009950248756,0.3797678275
17,0.3,rank_static,321,3686,rank,27664,51,680,603,0.9161764706,0.9054726368,0.9096185738,3686,3686,3686,0,0
17,0.3,rank_expanding,321,3611,rank,27664,51,680,603,0.9161764706,0.9054726368,0.9096185738,3611,3611,3611,0,0
17,0.3,rank_rolling,321,3195,rank,1000,2,680,603,0.9073529412,0.8955223881,0.899668325,3195,3195,3195,0,0
17,0.3,margin_static,322,14.24727869,score_margin,28344,52,668,595,0.8532934132,0.8504201681,0.868627451,3219.786555,1447,7128,0.0218487395,0.2487394958
17,0.3,margin_rolling,322,18.50392342,score_margin,1000,2,668,595,0.9161676647,0.9159663866,0.9274509804,4464.157983,7051,7128,0.003361344538,0.3949579832
17,0.3,rank_static,322,3686,rank,28344,52,668,595,0.8892215569,0.8789915966,0.8789915966,3686,3686,3686,0,0
17,0.3,rank_expanding,322,3595,rank,28344,52,668,595,0.8892215569,0.8789915966,0.8789915966,3595,3595,3595,0,0
17,0.3,rank_rolling,322,3053,rank,1000,2,668,595,0.869760479,0.8571428571,0.8596638655,3053,3053,3053,0,0
17,0.3,margin_static,323,14.24727869,score_margin,29012,53,668,600,0.8203592814,0.8183333333,0.8422222222,3056.283333,1098.5,7128,0.03,0.2166666667
17,0.3,margin_rolling,323,17.54225206,score_margin,1000,2,668,600,0.8922155689,0.8866666667,0.9108333333,4222.598333,6598.5,7128,0.01,0.325
17,0.3,rank_static,323,3686,rank,29012,53,668,600,0.9041916168,0.8983333333,0.9016666667,3686,3686,3686,0,0
17,0.3,rank_expanding,323,3601,rank,29012,53,668,600,0.9026946108,0.8966666667,0.9,3601,3601,3601,0,0
17,0.3,rank_rolling,323,3851,rank,1000,2,668,600,0.9071856287,0.9016666667,0.9033333333,3851,3851,3851,0,0
17,0.3,margin_static,324,14.24727869,score_margin,29680,54,796,650,0.8065326633,0.8153846154,0.8515128205,3065.58,968,7128,0.02461538462,0.2230769231
17,0.3,margin_rolling,324,18.38637865,score_margin,1000,2,796,650,0.898241206,0.9061538462,0.9304358974,4251.496923,6922,7128,0.006153846154,0.3830769231
17,0.3,rank_static,324,3686,rank,29680,54,796,650,0.9208542714,0.9061538462,0.9166666667,3686,3686,3686,0,0
17,0.3,rank_expanding,324,3599,rank,29680,54,796,650,0.9208542714,0.9061538462,0.9166666667,3599,3599,3599,0,0
17,0.3,rank_rolling,324,3879,rank,1000,2,796,650,0.9221105528,0.9076923077,0.9182051282,3879,3879,3879,0,0
17,0.3,margin_static,325,14.24727869,score_margin,30476,55,398,360,0.7914572864,0.8027777778,0.8152777778,2941.85,384,7128,0.05555555556,0.25
17,0.3,margin_rolling,325,18.29393196,score_margin,1000,2,398,360,0.8768844221,0.8777777778,0.8898148148,3820.372222,5358.5,7128,0.01388888889,0.3861111111
17,0.3,rank_static,325,3686,rank,30476,55,398,360,0.8994974874,0.8888888889,0.8916666667,3686,3686,3686,0,0
17,0.3,rank_expanding,325,3588,rank,30476,55,398,360,0.8869346734,0.875,0.8777777778,3588,3588,3588,0,0
17,0.3,rank_rolling,325,3129,rank,1000,2,398,360,0.864321608,0.85,0.8555555556,3129,3129,3129,0,0
17,0.3,margin_static,326,14.24727869,score_margin,30874,56,422,348,0.7535545024,0.7701149425,0.7945402299,2369.014368,161.5,7128,0.04022988506,0.1637931034
17,0.3,margin_rolling,326,18.46331978,score_margin,1000,2,422,348,0.8601895735,0.8620689655,0.8812260536,3359.689655,1733,7128,0.008620689655,0.3103448276
17,0.3,rank_static,326,3686,rank,30874,56,422,348,0.9549763033,0.9482758621,0.9504310345,3686,3686,3686,0,0
17,0.3,rank_expanding,326,3589,rank,30874,56,422,348,0.9549763033,0.9482758621,0.9504310345,3589,3589,3589,0,0
17,0.3,rank_rolling,326,3399,rank,1000,2,422,348,0.9549763033,0.9482758621,0.9504310345,3399,3399,3399,0,0
17,0.3,margin_static,327,14.24727869,score_margin,31296,57,738,621,0.7913279133,0.8099838969,0.8409822866,2977.288245,574,7128,0.04025764895,0.2463768116
17,0.3,margin_rolling,327,19.44442081,score_margin,1000,3,738,621,0.9024390244,0.9114331723,0.93647343,4383.653784,6903,7128,0.01127214171,0.4202898551
17,0.3,rank_static,327,3686,rank,31296,57,738,621,0.9119241192,0.8969404187,0.9023081052,3686,3686,3686,0,0
17,0.3,rank_expanding,327,3563,rank,31296,57,738,621,0.9078590786,0.8921095008,0.8974771873,3563,3563,3563,0,0
17,0.3,rank_rolling,327,2407,rank,1000,3,738,621,0.8861788618,0.8663446055,0.8727858293,2407,2407,2407,0,0
17,0.3,margin_static,328,14.24727869,score_margin,32034,58,600,526,0.835,0.8479087452,0.867255115,2944.969582,774,7128,0.036121673,0.2224334601
17,0.3,margin_rolling,328,19.67168617,score_margin,1000,2,600,526,0.9183333333,0.927756654,0.9377602752,4627.072243,7107.5,7128,0.005703422053,0.4315589354
17,0.3,rank_static,328,3686,rank,32034,58,600,526,0.94,0.933460076,0.9363117871,3686,3686,3686,0,0
17,0.3,rank_expanding,328,3559,rank,32034,58,600,526,0.93,0.9220532319,0.9258555133,3559,3559,3559,0,0
17,0.3,rank_rolling,328,2312,rank,1000,2,600,526,0.9016666667,0.8897338403,0.894486692,2312,2312,2312,0,0
17,0.3,margin_static,329,14.24727869,score_margin,32634,59,684,599,0.8187134503,0.8297161937,0.8425709516,3108.282137,584,7128,0.03171953255,0.2554257095
17,0.3,margin_rolling,329,19.3715775,score_margin,1000,2,684,599,0.9152046784,0.9148580968,0.9291597106,4453.338898,7058,7128,0.001669449082,0.4407345576
17,0.3,rank_static,329,3686,rank,32634,59,684,599,0.8976608187,0.8864774624,0.8942682248,3686,3686,3686,0,0
17,0.3,rank_expanding,329,3550,rank,32634,59,684,599,0.8903508772,0.878130217,0.8875904285,3550,3550,3550,0,0
17,0.3,rank_rolling,329,2586,rank,1000,2,684,599,0.865497076,0.8497495826,0.8592097941,2586,2586,2586,0,0
17,0.3,margin_static,330,14.24727869,score_margin,33318,60,640,580,0.8109375,0.8189655172,0.8307471264,2799.703448,568,7128,0.03275862069,0.2155172414
17,0.3,margin_rolling,330,18.52409291,score_margin,1000,2,640,580,0.903125,0.9086206897,0.9182471264,4226.981034,6600.5,7128,0.01034482759,0.3465517241
17,0.3,rank_static,330,3686,rank,33318,60,640,580,0.8953125,0.8844827586,0.8879310345,3686,3686,3686,0,0
17,0.3,rank_expanding,330,3554,rank,33318,60,640,580,0.89375,0.8827586207,0.8862068966,3554,3554,3554,0,0
17,0.3,rank_rolling,330,3465,rank,1000,2,640,580,0.89375,0.8827586207,0.8862068966,3465,3465,3465,0,0
17,0.3,margin_static,331,14.24727869,score_margin,33958,61,506,474,0.847826087,0.8459915612,0.8512658228,2893.424051,463.5,7128,0.0358649789,0.2130801688
17,0.3,margin_rolling,331,18.5258708,score_margin,1000,2,506,474,0.9150197628,0.9135021097,0.9193037975,4248.407173,6772.5,7128,0.004219409283,0.3607594937
17,0.3,rank_static,331,3686,rank,33958,61,506,474,0.9308300395,0.9261603376,0.9261603376,3686,3686,3686,0,0
17,0.3,rank_expanding,331,3554,rank,33958,61,506,474,0.9288537549,0.9240506329,0.9240506329,3554,3554,3554,0,0
17,0.3,rank_rolling,331,3767,rank,1000,2,506,474,0.9308300395,0.9261603376,0.9261603376,3767,3767,3767,0,0
17,0.3,margin_static,332,14.24727869,score_margin,34464,62,318,300,0.8427672956,0.8466666667,0.8522222222,2754.31,413.5,7128,0.05666666667,0.2333333333
17,0.3,margin_rolling,332,18.20265388,score_margin,1000,2,318,300,0.9088050314,0.9133333333,0.9188888889,3882.543333,5624,7128,0.03,0.3366666667
17,0.3,rank_static,332,3686,rank,34464,62,318,300,0.9339622642,0.93,0.93,3686,3686,3686,0,0
17,0.3,rank_expanding,332,3548,rank,34464,62,318,300,0.9308176101,0.9266666667,0.9266666667,3548,3548,3548,0,0
17,0.3,rank_rolling,332,3056,rank,1000,2,318,300,0.9119496855,0.9066666667,0.9066666667,3056,3056,3056,0,0
17,0.3,margin_static,333,14.24727869,score_margin,34782,63,342,312,0.8216374269,0.8173076923,0.8322649573,2771.201923,493.5,7128,0.05128205128,0.2307692308
17,0.3,margin_rolling,333,17.47470474,score_margin,1000,3,342,312,0.8771929825,0.875,0.8883547009,3720.092949,4760,7128,0.03525641026,0.3301282051
17,0.3,rank_static,333,3686,rank,34782,63,342,312,0.9005847953,0.891025641,0.891025641,3686,3686,3686,0,0
17,0.3,rank_expanding,333,3542,rank,34782,63,342,312,0.8947368421,0.8846153846,0.8846153846,3542,3542,3542,0,0
17,0.3,rank_rolling,333,2866,rank,1000,3,342,312,0.8684210526,0.8557692308,0.8573717949,2866,2866,2866,0,0
17,0.3,margin_static,334,14.24727869,score_margin,35124,64,700,633,0.8342857143,0.8357030016,0.8489731438,2735.031596,570,7128,0.05371248025,0.2085308057
17,0.3,margin_rolling,334,18.27018395,score_margin,1000,3,700,633,0.9128571429,0.916271722,0.9291995787,4094.263823,6537,7128,0.0205371248,0.3396524487
17,0.3,rank_static,334,3686,rank,35124,64,700,633,0.9228571429,0.9178515008,0.9220642443,3686,3686,3686,0,0
17,0.3,rank_expanding,334,3542,rank,35124,64,700,633,0.9185714286,0.9131121643,0.9173249078,3542,3542,3542,0,0
17,0.3,rank_rolling,334,3107,rank,1000,3,700,633,0.9042857143,0.9004739336,0.9031068984,3107,3107,3107,0,0
17,0.3,margin_static,335,14.24727869,score_margin,35824,65,656,587,0.8140243902,0.8126064736,0.8289040318,2789.110733,530,7128,0.03747870528,0.2299829642
17,0.3,margin_rolling,335,17.91650772,score_margin,1000,2,656,587,0.8917682927,0.8841567291,0.8999432141,3943.962521,5774,7128,0.01703577513,0.3424190801
17,0.3,rank_static,335,3686,rank,35824,65,656,587,0.9039634146,0.8943781942,0.9023282226,3686,3686,3686,0,0
17,0.3,rank_expanding,335,3531,rank,35824,65,656,587,0.9009146341,0.8909710392,0.8997728563,3531,3531,3531,0,0
17,0.3,rank_rolling,335,3362,rank,1000,2,656,587,0.887195122,0.8756388416,0.8864281658,3362,3362,3362,0,0
17,0.3,margin_static,336,14.24727869,score_margin,36480,66,632,551,0.7784810127,0.77676951,0.8019661222,2935.854809,601,7128,0.03811252269,0.2359346642
17,0.3,margin_rolling,336,19.26619148,score_margin,1000,2,632,551,0.8971518987,0.8947368421,0.9106473079,4300.145191,6976,7128,0.01451905626,0.4101633394
17,0.3,rank_static,336,3686,rank,36480,66,632,551,0.8797468354,0.8656987296,0.8708408953,3686,3686,3686,0,0
17,0.3,rank_expanding,336,3531,rank,36480,66,632,551,0.8734177215,0.8584392015,0.8653962492,3531,3531,3531,0,0
17,0.3,rank_rolling,336,3416,rank,1000,2,632,551,0.8702531646,0.8548094374,0.8617664852,3416,3416,3416,0,0
17,0.3,margin_static,337,14.24727869,score_margin,37112,67,552,492,0.8115942029,0.8170731707,0.8349593496,2815.006098,551.5,7128,0.02235772358,0.2154471545
17,0.3,margin_rolling,337,19.63627648,score_margin,1000,2,552,492,0.9166666667,0.9207317073,0.9298102981,4281.384146,6814.5,7128,0.006097560976,0.3841463415
17,0.3,rank_static,337,3686,rank,37112,67,552,492,0.9076086957,0.8963414634,0.902100271,3686,3686,3686,0,0
17,0.3,rank_expanding,337,3545,rank,37112,67,552,492,0.902173913,0.8902439024,0.8980352304,3545,3545,3545,0,0
17,0.3,rank_rolling,337,3891,rank,1000,2,552,492,0.9148550725,0.9044715447,0.9092140921,3891,3891,3891,0,0
17,0.3,margin_static,338,14.24727869,score_margin,37664,68,496,457,0.8064516129,0.818380744,0.8289569657,2837.522976,502,7128,0.04376367615,0.2188183807
17,0.3,margin_rolling,338,19.53138065,score_margin,1000,2,496,457,0.9092741935,0.9277899344,0.9339897885,4337.181619,6860,7128,0.01312910284,0.3829321663
17,0.3,rank_static,338,3686,rank,37664,68,496,457,0.9012096774,0.8927789934,0.8956965718,3686,3686,3686,0,0
17,0.3,rank_expanding,338,3545,rank,37664,68,496,457,0.8971774194,0.8884026258,0.8913202042,3545,3545,3545,0,0
17,0.3,rank_rolling,338,3808,rank,1000,2,496,457,0.9032258065,0.8949671772,0.8978847557,3808,3808,3808,0,0
17,0.3,margin_static,339,14.24727869,score_margin,38160,69,328,297,0.8201219512,0.8282828283,0.8400673401,2196.882155,270,7128,0.06397306397,0.1481481481
17,0.3,margin_rolling,339,18.15079117,score_margin,1000,2,328,297,0.887195122,0.8855218855,0.8975869809,3602.59596,3588,7128,0.0303030303,0.2390572391
17,0.3,rank_static,339,3686,rank,38160,69,328,297,0.9085365854,0.9023569024,0.9107744108,3686,3686,3686,0,0
17,0.3,rank_expanding,339,3545,rank,38160,69,328,297,0.8963414634,0.8888888889,0.8995510662,3545,3545,3545,0,0
17,0.3,rank_rolling,339,3582,rank,1000,2,328,297,0.8993902439,0.8922558923,0.9006734007,3582,3582,3582,0,0
17,0.3,margin_static,340,14.24727869,score_margin,38488,70,328,303,0.7926829268,0.801980198,0.8168316832,2678.49835,356,7128,0.03630363036,0.198019802
17,0.3,margin_rolling,340,18.53455544,score_margin,1000,3,328,303,0.8993902439,0.904290429,0.9163916392,3984.557756,6257,7128,0.01320132013,0.3432343234
17,0.3,rank_static,340,3686,rank,38488,70,328,303,0.9359756098,0.9306930693,0.9306930693,3686,3686,3686,0,0
17,0.3,rank_expanding,340,3546,rank,38488,70,328,303,0.9329268293,0.9273927393,0.9273927393,3546,3546,3546,0,0
17,0.3,rank_rolling,340,3515,rank,1000,3,328,303,0.9329268293,0.9273927393,0.9273927393,3515,3515,3515,0,0
17,0.3,margin_static,341,14.24727869,score_margin,38816,71,576,519,0.8055555556,0.816955684,0.8317919075,2863.684008,609,7128,0.04238921002,0.2100192678
17,0.3,margin_rolling,341,18.60094118,score_margin,1000,3,576,519,0.8871527778,0.8959537572,0.9095054592,4031.568401,6494,7128,0.01541425819,0.3564547206
17,0.3,rank_static,341,3686,rank,38816,71,576,519,0.8871527778,0.8747591522,0.8820809249,3686,3686,3686,0,0
17,0.3,rank_expanding,341,3538,rank,38816,71,576,519,0.8802083333,0.8670520231,0.8753371869,3538,3538,3538,0,0
17,0.3,rank_rolling,341,3015,rank,1000,3,576,519,0.8611111111,0.8477842004,0.8556840077,3015,3015,3015,0,0
17,0.3,margin_static,342,14.24727869,score_margin,39392,72,636,565,0.822327044,0.8300884956,0.8461651917,2848.263717,472,7128,0.03716814159,0.2442477876
17,0.3,margin_rolling,342,18.78857136,score_margin,1000,3,636,565,0.8946540881,0.8973451327,0.9138643068,4127.465487,6408,7128,0.01238938053,0.3716814159
17,0.3,rank_static,342,3686,rank,39392,72,636,565,0.9072327044,0.8955752212,0.8985250737,3686,3686,3686,0,0
17,0.3,rank_expanding,342,3546,rank,39392,72,636,565,0.9040880503,0.8920353982,0.8973451327,3546,3546,3546,0,0
17,0.3,rank_rolling,342,3645,rank,1000,3,636,565,0.9040880503,0.8920353982,0.8973451327,3645,3645,3645,0,0
17,0.3,margin_static,343,14.24727869,score_margin,40028,73,642,567,0.7943925234,0.7918871252,0.8072310406,3068.973545,811,7128,0.03174603175,0.2345679012
17,0.3,margin_rolling,343,19.90123558,score_margin,1000,2,642,567,0.8940809969,0.8941798942,0.9068783069,4802.31746,7119,7128,0.01234567901,0.4356261023
17,0.3,rank_static,343,3686,rank,40028,73,642,567,0.8831775701,0.8712522046,0.876925338,3686,3686,3686,0,0
17,0.3,rank_expanding,343,3545,rank,40028,73,642,567,0.8800623053,0.8677248677,0.8733980012,3545,3545,3545,0,0
17,0.3,rank_rolling,343,3806,rank,1000,2,642,567,0.8925233645,0.8818342152,0.8847736626,3806,3806,3806,0,0
17,0.3,margin_static,344,14.24727869,score_margin,40670,74,650,582,0.7876923077,0.7869415808,0.8034077892,2834.027491,346,7128,0.03780068729,0.2371134021
17,0.3,margin_rolling,344,20.20228386,score_margin,1000,2,650,582,0.8861538462,0.8883161512,0.8979095074,4405.785223,6961,7128,0.01374570447,0.412371134
17,0.3,rank_static,344,3686,rank,40670,74,650,582,0.8923076923,0.883161512,0.886884307,3686,3686,3686,0,0
17,0.3,rank_expanding,344,3550,rank,40670,74,650,582,0.8876923077,0.8780068729,0.8834478809,3550,3550,3550,0,0
17,0.3,rank_rolling,344,3824,rank,1000,2,650,582,0.8953846154,0.8865979381,0.8903207331,3824,3824,3824,0,0
17,0.3,margin_static,345,14.24727869,score_margin,41320,75,586,501,0.8276450512,0.8123752495,0.8323353293,3024.876248,570,7128,0.0379241517,0.249500998
17,0.3,margin_rolling,345,21.33209419,score_margin,1000,2,586,501,0.9163822526,0.9081836327,0.9178310047,4577.359281,7114,7128,0.003992015968,0.4570858283
17,0.3,rank_static,345,3686,rank,41320,75,586,501,0.9044368601,0.8882235529,0.8922155689,3686,3686,3686,0,0
17,0.3,rank_expanding,345,3554,rank,41320,75,586,501,0.8993174061,0.8822355289,0.8882235529,3554,3554,3554,0,0
17,0.3,rank_rolling,345,3891,rank,1000,2,586,501,0.9112627986,0.8962075848,0.8992015968,3891,3891,3891,0,0
17,0.3,margin_static,346,14.24727869,score_margin,41906,76,224,197,0.8035714286,0.8121827411,0.8358714044,2083.675127,108,7128,0.02538071066,0.1624365482
17,0.3,margin_rolling,346,20.39263916,score_margin,1000,2,224,197,0.8794642857,0.8883248731,0.9035532995,3576.685279,2184,7128,0,0.3096446701
17,0.3,rank_static,346,3686,rank,41906,76,224,197,0.9464285714,0.9390862944,0.9390862944,3686,3686,3686,0,0
17,0.3,rank_expanding,346,3554,rank,41906,76,224,197,0.9419642857,0.9340101523,0.9365482234,3554,3554,3554,0,0
17,0.3,rank_rolling,346,3661,rank,1000,2,224,197,0.9464285714,0.9390862944,0.9390862944,3661,3661,3661,0,0
17,0.3,margin_static,347,14.24727869,score_margin,42130,77,306,277,0.8235294118,0.8267148014,0.8357400722,2298.877256,96,7128,0.03610108303,0.1768953069
17,0.3,margin_rolling,347,20.404998,score_margin,1000,3,306,277,0.9019607843,0.9097472924,0.912755716,3585.144404,3958,7128,0.003610108303,0.321299639
17,0.3,rank_static,347,3686,rank,42130,77,306,277,0.931372549,0.9241877256,0.9265944645,3686,3686,3686,0,0
17,0.3,rank_expanding,347,3550,rank,42130,77,306,277,0.9248366013,0.916967509,0.9193742479,3550,3550,3550,0,0
17,0.3,rank_rolling,347,3432,rank,1000,3,306,277,0.9183006536,0.9097472924,0.9121540313,3432,3432,3432,0,0
17,0.3,margin_static,348,14.24727869,score_margin,42436,78,714,610,0.8095238095,0.8016393443,0.8218579235,2546.5,304,7128,0.04262295082,0.2
17,0.3,margin_rolling,348,20.40413761,score_margin,1000,3,714,610,0.9075630252,0.9049180328,0.9193989071,4176.896721,6782.5,7128,0.006557377049,0.3721311475
17,0.3,rank_static,348,3686,rank,42436,78,714,610,0.9033613445,0.8868852459,0.887704918,3686,3686,3686,0,0
17,0.3,rank_expanding,348,3547,rank,42436,78,714,610,0.8963585434,0.8786885246,0.881147541,3547,3547,3547,0,0
17,0.3,rank_rolling,348,3324,rank,1000,3,714,610,0.8907563025,0.8721311475,0.8745901639,3324,3324,3324,0,0
17,0.3,margin_static,349,14.24727869,score_margin,43150,79,600,545,0.775,0.7724770642,0.7883792049,2592.655046,262,7128,0.03302752294,0.2146788991
17,0.3,margin_rolling,349,19.72099972,score_margin,1000,2,600,545,0.8583333333,0.8550458716,0.8706422018,3863.231193,5609,7128,0.0128440367,0.3486238532
17,0.3,rank_static,349,3686,rank,43150,79,600,545,0.91,0.9009174312,0.9036697248,3686,3686,3686,0,0
17,0.3,rank_expanding,349,3548,rank,43150,79,600,545,0.9066666667,0.8972477064,0.9,3548,3548,3548,0,0
17,0.3,rank_rolling,349,3440,rank,1000,2,600,545,0.9066666667,0.8972477064,0.9,3440,3440,3440,0,0
17,0.3,margin_static,350,14.24727869,score_margin,43750,80,656,560,0.7743902439,0.775,0.7991071429,2265.158929,162.5,7128,0.04821428571,0.1714285714
17,0.3,margin_rolling,350,21.55521107,score_margin,1000,2,656,560,0.9024390244,0.8982142857,0.9205059524,4046.501786,6134,7128,0.008928571429,0.3517857143
17,0.3,rank_static,350,3686,rank,43750,80,656,560,0.9131097561,0.9017857143,0.90625,3686,3686,3686,0,0
17,0.3,rank_expanding,350,3546,rank,43750,80,656,560,0.9100609756,0.8982142857,0.9026785714,3546,3546,3546,0,0
17,0.3,rank_rolling,350,3323,rank,1000,2,656,560,0.9024390244,0.8892857143,0.8961309524,3323,3323,3323,0,0
17,0.3,margin_static,351,14.24727869,score_margin,44406,81,522,476,0.7662835249,0.7794117647,0.7955182073,2258.55042,143,7128,0.05882352941,0.1890756303
17,0.3,margin_rolling,351,21.68955803,score_margin,1000,2,522,476,0.8888888889,0.8928571429,0.9142156863,4002.470588,5740.5,7128,0.01470588235,0.3508403361
17,0.3,rank_static,351,3686,rank,44406,81,522,476,0.8659003831,0.8529411765,0.856442577,3686,3686,3686,0,0
17,0.3,rank_expanding,351,3542,rank,44406,81,522,476,0.8620689655,0.8487394958,0.8532913165,3542,3542,3542,0,0
17,0.3,rank_rolling,351,3368,rank,1000,2,522,476,0.8582375479,0.8445378151,0.850140056,3368,3368,3368,0,0
17,0.3,margin_static,352,14.24727869,score_margin,44928,82,462,415,0.7337662338,0.7421686747,0.7609437751,2274.279518,218,7128,0.04578313253,0.178313253
17,0.3,margin_rolling,352,22.14887047,score_margin,1000,2,462,415,0.8961038961,0.9012048193,0.9213855422,4319.498795,6880,7128,0.004819277108,0.378313253
17,0.3,rank_static,352,3686,rank,44928,82,462,415,0.9220779221,0.9180722892,0.9196787149,3686,3686,3686,0,0
17,0.3,rank_expanding,352,3551,rank,44928,82,462,415,0.9155844156,0.9108433735,0.9124497992,3551,3551,3551,0,0
17,0.3,rank_rolling,352,3871,rank,1000,2,462,415,0.9285714286,0.9253012048,0.9269076305,3871,3871,3871,0,0
17,0.3,margin_static,353,14.24727869,score_margin,45390,83,242,226,0.7272727273,0.7300884956,0.7367256637,2153.893805,100,7128,0.06637168142,0.1592920354
17,0.3,margin_rolling,353,22.98078563,score_margin,1000,3,242,226,0.8925619835,0.889380531,0.9004424779,4006.261062,6593,7128,0.004424778761,0.3628318584
17,0.3,rank_static,353,3686,rank,45390,83,242,226,0.9090909091,0.9026548673,0.9048672566,3686,3686,3686,0,0
17,0.3,rank_expanding,353,3549,rank,45390,83,242,226,0.9090909091,0.9026548673,0.9048672566,3549,3549,3549,0,0
17,0.3,rank_rolling,353,3744,rank,1000,3,242,226,0.9132231405,0.907079646,0.9092920354,3744,3744,3744,0,0
17,0.3,margin_static,354,14.24727869,score_margin,45632,84,238,227,0.7478991597,0.7488986784,0.7547723935,2436.022026,173,7128,0.03964757709,0.1938325991
17,0.3,margin_rolling,354,23.20243073,score_margin,1000,3,238,227,0.9159663866,0.9162995595,0.9243759178,4495.559471,7048,7128,0,0.4273127753
17,0.3,rank_static,354,3686,rank,45632,84,238,227,0.8865546218,0.8810572687,0.8810572687,3686,3686,3686,0,0
17,0.3,rank_expanding,354,3548,rank,45632,84,238,227,0.8739495798,0.8678414097,0.8678414097,3548,3548,3548,0,0
17,0.3,rank_rolling,354,3546,rank,1000,3,238,227,0.8739495798,0.8678414097,0.8678414097,3546,3546,3546,0,0
17,0.3,margin_static,355,14.24727869,score_margin,45870,85,578,506,0.714532872,0.7391304348,0.7582345191,2617.610672,254.5,7128,0.06324110672,0.2233201581
17,0.3,margin_rolling,355,23.33509454,score_margin,1000,4,578,506,0.892733564,0.9071146245,0.9251129305,4745.355731,7125,7128,0.009881422925,0.4782608696
17,0.3,rank_static,355,3686,rank,45870,85,578,506,0.8477508651,0.8339920949,0.8432147563,3686,3686,3686,0,0
17,0.3,rank_expanding,355,3550,rank,45870,85,578,506,0.8477508651,0.8339920949,0.8432147563,3550,3550,3550,0,0
17,0.3,rank_rolling,355,3534,rank,1000,4,578,506,0.8477508651,0.8339920949,0.8432147563,3534,3534,3534,0,0
17,0.3,margin_static,356,14.24727869,score_margin,46448,86,548,483,0.7427007299,0.751552795,0.768115942,2457.341615,186,7128,0.04761904762,0.1904761905
17,0.3,margin_rolling,356,23.72979474,score_margin,1000,3,548,483,0.9142335766,0.9130434783,0.9220151829,4620.395445,7096,7128,0.002070393375,0.4472049689
17,0.3,rank_static,356,3686,rank,46448,86,548,483,0.8813868613,0.8778467909,0.8819875776,3686,3686,3686,0,0
17,0.3,rank_expanding,356,3566,rank,46448,86,548,483,0.8795620438,0.8757763975,0.8799171843,3566,3566,3566,0,0
17,0.3,rank_rolling,356,5074,rank,1000,3,548,483,0.9178832117,0.9109730849,0.917184265,5074,5074,5074,0,0
17,0.3,margin_static,357,14.24727869,score_margin,46996,87,406,363,0.7881773399,0.7933884298,0.8115243343,1818.22865,142,7128,0.0303030303,0.1157024793
17,0.3,margin_rolling,357,23.57890257,score_margin,1000,2,406,363,0.9162561576,0.9173553719,0.9299816345,4348.801653,6714,7128,0.005509641873,0.3663911846
17,0.3,rank_static,357,3686,rank,46996,87,406,363,0.9359605911,0.9366391185,0.9380165289,3686,3686,3686,0,0
17,0.3,rank_expanding,357,3577,rank,46996,87,406,363,0.9359605911,0.9366391185,0.9380165289,3577,3577,3577,0,0
17,0.3,rank_rolling,357,4921,rank,1000,2,406,363,0.9507389163,0.9531680441,0.9545454545,4921,4921,4921,0,0
17,0.3,margin_static,358,14.24727869,score_margin,47402,88,300,276,0.7933333333,0.7971014493,0.8128019324,1736.449275,85,7128,0.04710144928,0.1557971014
17,0.3,margin_rolling,358,22.61874771,score_margin,1000,3,300,276,0.9266666667,0.9275362319,0.9371980676,3846.847826,5436,7128,0.003623188406,0.2934782609
17,0.3,rank_static,358,3686,rank,47402,88,300,276,0.9166666667,0.9094202899,0.9094202899,3686,3686,3686,0,0
17,0.3,rank_expanding,358,3563,rank,47402,88,300,276,0.9133333333,0.9057971014,0.9057971014,3563,3563,3563,0,0
17,0.3,rank_rolling,358,3823,rank,1000,3,300,276,0.9266666667,0.9202898551,0.9202898551,3823,3823,3823,0,0
17,0.3,margin_static,359,14.24727869,score_margin,47702,89,330,312,0.8515151515,0.8621794872,0.8685897436,2922.426282,591,7128,0.03846153846,0.2467948718
17,0.3,margin_rolling,359,22.01172256,score_margin,1000,3,330,312,0.9606060606,0.9615384615,0.969017094,4865.823718,7127,7128,0.003205128205,0.4935897436
17,0.3,rank_static,359,3686,rank,47702,89,330,312,0.9515151515,0.9487179487,0.9503205128,3686,3686,3686,0,0
17,0.3,rank_expanding,359,3560,rank,47702,89,330,312,0.9515151515,0.9487179487,0.9503205128,3560,3560,3560,0,0
17,0.3,rank_rolling,359,3300,rank,1000,3,330,312,0.9484848485,0.9455128205,0.9471153846,3300,3300,3300,0,0
17,0.3,margin_static,360,14.24727869,score_margin,48032,90,228,214,0.7894736842,0.785046729,0.8060747664,2051.528037,91.5,7128,0.04205607477,0.1682242991
17,0.3,margin_rolling,360,19.30106831,score_margin,1000,3,228,214,0.9078947368,0.9112149533,0.9182242991,3336.107477,1575.5,7128,0.01401869159,0.2710280374
17,0.3,rank_static,360,3686,rank,48032,90,228,214,0.951754386,0.9485981308,0.9485981308,3686,3686,3686,0,0
17,0.3,rank_expanding,360,3552,rank,48032,90,228,214,0.951754386,0.9485981308,0.9485981308,3552,3552,3552,0,0
17,0.3,rank_rolling,360,2453,rank,1000,3,228,214,0.9298245614,0.9252336449,0.9275700935,2453,2453,2453,0,0
17,0.3,margin_static,361,14.24727869,score_margin,48260,91,246,226,0.7398373984,0.7433628319,0.7603244838,1962.154867,74.5,7128,0.09734513274,0.1283185841
17,0.3,margin_rolling,361,20.28008842,score_margin,1000,4,246,226,0.8739837398,0.8716814159,0.8842182891,3341.477876,1361,7128,0.02654867257,0.2654867257
17,0.3,rank_static,361,3686,rank,48260,91,246,226,0.9146341463,0.907079646,0.907079646,3686,3686,3686,0,0
17,0.3,rank_expanding,361,3548,rank,48260,91,246,226,0.906504065,0.8982300885,0.8982300885,3548,3548,3548,0,0
17,0.3,rank_rolling,361,2123,rank,1000,4,246,226,0.8821138211,0.8716814159,0.8761061947,2123,2123,2123,0,0
17,0.3,margin_static,362,14.24727869,score_margin,48506,92,620,530,0.75,0.7924528302,0.8162803235,1957.286792,101,7128,0.06226415094,0.1698113208
17,0.3,margin_rolling,362,19.73870182,score_margin,1000,4,620,530,0.8451612903,0.8811320755,0.9034083822,3417.079245,1869,7128,0.02264150943,0.258490566
17,0.3,rank_static,362,3686,rank,48506,92,620,530,0.9258064516,0.9132075472,0.9169811321,3686,3686,3686,0,0
17,0.3,rank_expanding,362,3547,rank,48506,92,620,530,0.9258064516,0.9132075472,0.9169811321,3547,3547,3547,0,0
17,0.3,rank_rolling,362,2123,rank,1000,4,620,530,0.8725806452,0.8528301887,0.8613207547,2123,2123,2123,0,0
17,0.3,margin_static,363,14.24727869,score_margin,49126,93,386,353,0.792746114,0.8045325779,0.8196411709,2000.592068,82,7128,0.07648725212,0.1671388102
17,0.3,margin_rolling,363,23.11327958,score_margin,1000,3,386,353,0.9196891192,0.9263456091,0.9407459868,4018.654391,6436,7128,0.01133144476,0.3484419263
17,0.3,rank_static,363,3686,rank,49126,93,386,353,0.8937823834,0.8866855524,0.8914069877,3686,3686,3686,0,0
17,0.3,rank_expanding,363,3536,rank,49126,93,386,353,0.8911917098,0.8838526912,0.8885741265,3536,3536,3536,0,0
17,0.3,rank_rolling,363,2492,rank,1000,3,386,353,0.8601036269,0.8526912181,0.8564683664,2492,2492,2492,0,0
17,0.3,margin_static,364,14.24727869,score_margin,49512,94,354,329,0.7514124294,0.7507598784,0.7619047619,1965.50152,75,7128,0.0820668693,0.1550151976
17,0.3,margin_rolling,364,23.15527153,score_margin,1000,2,354,329,0.9039548023,0.905775076,0.9154002026,4152.422492,6398,7128,0.01215805471,0.3404255319
17,0.3,rank_static,364,3686,rank,49512,94,354,329,0.884180791,0.8784194529,0.8799392097,3686,3686,3686,0,0
17,0.3,rank_expanding,364,3541,rank,49512,94,354,329,0.884180791,0.8784194529,0.8799392097,3541,3541,3541,0,0
17,0.3,rank_rolling,364,3182,rank,1000,2,354,329,0.8728813559,0.8662613982,0.867781155,3182,3182,3182,0,0
29,0,margin_static,292,15.06269741,score_margin,11270,22,730,658,0.897260274,0.9072948328,0.916514691,3589.822188,2410.5,7128,0.006079027356,0.3237082067
29,0,margin_rolling,292,15.03301668,score_margin,1000,3,730,658,0.897260274,0.9072948328,0.916514691,3580.276596,2365.5,7128,0.007598784195,0.3221884498
29,0,rank_static,292,3529,rank,11270,22,730,658,0.8917808219,0.8875379939,0.8898176292,3529,3529,3529,0,0
29,0,rank_expanding,292,3529,rank,11270,22,730,658,0.8917808219,0.8875379939,0.8898176292,3529,3529,3529,0,0
29,0,rank_rolling,292,2563,rank,1000,3,730,658,0.8575342466,0.8571428571,0.8596757852,2563,2563,2563,0,0
29,0,margin_static,293,15.06269741,score_margin,12000,23,658,581,0.8996960486,0.9053356282,0.9205393001,3902.693632,5689,7128,0.008605851979,0.339070568
29,0,margin_rolling,293,14.8787365,score_margin,1000,2,658,581,0.8996960486,0.9053356282,0.9205393001,3834.480207,5376,7128,0.01032702238,0.3339070568
29,0,rank_static,293,3529,rank,12000,23,658,581,0.8556231003,0.8416523236,0.8514056225,3529,3529,3529,0,0
29,0,rank_expanding,293,3557,rank,12000,23,658,581,0.8556231003,0.8416523236,0.8514056225,3557,3557,3557,0,0
29,0,rank_rolling,293,3283,rank,1000,2,658,581,0.8434650456,0.8296041308,0.8387837063,3283,3283,3283,0,0
29,0,margin_static,294,15.06269741,score_margin,12658,24,618,538,0.8365695793,0.8382899628,0.8631040892,3589.271375,2063,7128,0.02230483271,0.3271375465
29,0,margin_rolling,294,15.99287271,score_margin,1000,2,618,538,0.8673139159,0.8624535316,0.8866480793,3932.568773,5464,7128,0.01672862454,0.3550185874
29,0,rank_static,294,3529,rank,12658,24,618,538,0.8705501618,0.8531598513,0.8568773234,3529,3529,3529,0,0
29,0,rank_expanding,294,3624,rank,12658,24,618,538,0.8721682848,0.8550185874,0.8587360595,3624,3624,3624,0,0
29,0,rank_rolling,294,4226,rank,1000,2,618,538,0.8883495146,0.873605948,0.876394052,4226,4226,4226,0,0
29,0,margin_static,295,15.06269741,score_margin,13276,25,666,578,0.8723723724,0.8737024221,0.896828143,3690.198962,4119,7128,0.01557093426,0.3148788927
29,0,margin_rolling,295,16.89047432,score_margin,1000,2,666,578,0.9129129129,0.9134948097,0.9351787774,4448.564014,6825,7128,0.006920415225,0.3719723183
29,0,rank_static,295,3529,rank,13276,25,666,578,0.9144144144,0.9048442907,0.9068627451,3529,3529,3529,0,0
29,0,rank_expanding,295,3677,rank,13276,25,666,578,0.9174174174,0.9083044983,0.9103229527,3677,3677,3677,0,0
29,0,rank_rolling,295,4960,rank,1000,2,666,578,0.9279279279,0.9169550173,0.9201268743,4960,4960,4960,0,0
29,0,margin_static,296,15.06269741,score_margin,13942,26,516,466,0.8527131783,0.8454935622,0.8657367668,3607.954936,2622,7128,0.01072961373,0.321888412
29,0,margin_rolling,296,16.8333168,score_margin,1000,2,516,466,0.8875968992,0.8798283262,0.899713877,4200.738197,6446,7128,0.00643776824,0.3841201717
29,0,rank_static,296,3529,rank,13942,26,516,466,0.9127906977,0.9034334764,0.9066523605,3529,3529,3529,0,0
29,0,rank_expanding,296,3632,rank,13942,26,516,466,0.9166666667,0.9077253219,0.910944206,3632,3632,3632,0,0
29,0,rank_rolling,296,3247,rank,1000,2,516,466,0.9089147287,0.8991416309,0.9034334764,3247,3247,3247,0,0
29,0,margin_static,297,15.06269741,score_margin,14458,27,292,254,0.8356164384,0.8622047244,0.8733595801,3157.122047,761.5,7128,0.01181102362,0.2480314961
29,0,margin_rolling,297,16.92027664,score_margin,1000,2,292,254,0.8767123288,0.8976377953,0.9097112861,3582.492126,2016.5,7128,0.01181102362,0.3307086614
29,0,rank_static,297,3529,rank,14458,27,292,254,0.8904109589,0.8779527559,0.8832020997,3529,3529,3529,0,0
29,0,rank_expanding,297,3610,rank,14458,27,292,254,0.8904109589,0.8779527559,0.8832020997,3610,3610,3610,0,0
29,0,rank_rolling,297,3061,rank,1000,2,292,254,0.8664383562,0.8503937008,0.8615485564,3061,3061,3061,0,0
29,0,margin_static,298,15.06269741,score_margin,14750,28,252,224,0.869047619,0.875,0.8909970238,3345.642857,1622,7128,0.008928571429,0.3035714286
29,0,margin_rolling,298,17.7265811,score_margin,1000,3,252,224,0.9166666667,0.9241071429,0.9389880952,4146.392857,6891,7128,0.004464285714,0.3482142857
29,0,rank_static,298,3529,rank,14750,28,252,224,0.869047619,0.8526785714,0.859375,3529,3529,3529,0,0
29,0,rank_expanding,298,3616,rank,14750,28,252,224,0.873015873,0.8571428571,0.8638392857,3616,3616,3616,0,0
29,0,rank_rolling,298,3278,rank,1000,3,252,224,0.8531746032,0.8348214286,0.8415178571,3278,3278,3278,0,0
29,0,margin_static,299,15.06269741,score_margin,15002,29,702,615,0.858974359,0.8764227642,0.8895780101,3469.712195,2043,7128,0.02764227642,0.2634146341
29,0,margin_rolling,299,17.23262978,score_margin,1000,3,702,615,0.8945868946,0.9089430894,0.9218041038,4157.764228,6776,7128,0.01300813008,0.3528455285
29,0,rank_static,299,3529,rank,15002,29,702,615,0.933048433,0.9235772358,0.9273712737,3529,3529,3529,0,0
29,0,rank_expanding,299,3632,rank,15002,29,702,615,0.9344729345,0.925203252,0.9281842818,3632,3632,3632,0,0
29,0,rank_rolling,299,3814,rank,1000,3,702,615,0.9387464387,0.9300813008,0.9330623306,3814,3814,3814,0,0
29,0,margin_static,300,15.06269741,score_margin,15704,30,664,573,0.8659638554,0.8656195462,0.8934942796,3685.39267,4422,7128,0.02617801047,0.3071553229
29,0,margin_rolling,300,17.40438825,score_margin,1000,3,664,573,0.9036144578,0.9005235602,0.9258774481,4455.109948,7043,7128,0.01047120419,0.3979057592
29,0,rank_static,300,3529,rank,15704,30,664,573,0.8930722892,0.8795811518,0.8865619546,3529,3529,3529,0,0
29,0,rank_expanding,300,3584,rank,15704,30,664,573,0.8975903614,0.8848167539,0.8903432228,3584,3584,3584,0,0
29,0,rank_rolling,300,3269,rank,1000,3,664,573,0.8810240964,0.8656195462,0.8743455497,3269,3269,3269,0,0
29,0,margin_static,301,15.06269741,score_margin,16368,31,616,552,0.8912337662,0.8913043478,0.9025362319,3766.163043,4832,7128,0.01811594203,0.3315217391
29,0,margin_rolling,301,17.92373872,score_margin,1000,2,616,552,0.9269480519,0.9239130435,0.9360507246,4633.036232,7106.5,7128,0.005434782609,0.4202898551
29,0,rank_static,301,3529,rank,16368,31,616,552,0.8652597403,0.8514492754,0.8631642512,3529,3529,3529,0,0
29,0,rank_expanding,301,3586,rank,16368,31,616,552,0.8701298701,0.856884058,0.8667874396,3586,3586,3586,0,0
29,0,rank_rolling,301,3415,rank,1000,2,616,552,0.8636363636,0.8496376812,0.861352657,3415,3415,3415,0,0
29,0,margin_static,302,15.06269741,score_margin,16984,32,570,490,0.8421052632,0.8346938776,0.8553012634,3337.871429,1231.5,7128,0.03265306122,0.2755102041
29,0,margin_rolling,302,16.27601242,score_margin,1000,2,570,490,0.8719298246,0.8653061224,0.8833624879,3671.728571,4093.5,7128,0.01632653061,0.3346938776
29,0,rank_static,302,3529,rank,16984,32,570,490,0.8894736842,0.8795918367,0.8840136054,3529,3529,3529,0,0
29,0,rank_expanding,302,3630,rank,16984,32,570,490,0.8947368421,0.8857142857,0.8887755102,3630,3630,3630,0,0
29,0,rank_rolling,302,4396,rank,1000,2,570,490,0.9157894737,0.9102040816,0.912244898,4396,4396,4396,0,0
29,0,margin_static,303,15.06269741,score_margin,17554,33,542,485,0.8579335793,0.8515463918,0.8638487973,3427.903093,1748,7128,0.02886597938,0.3030927835
29,0,margin_rolling,303,17.01872134,score_margin,1000,2,542,485,0.8911439114,0.8845360825,0.8954639175,4030.397938,6353,7128,0.01649484536,0.3649484536
29,0,rank_static,303,3529,rank,17554,33,542,485,0.8763837638,0.8659793814,0.8701030928,3529,3529,3529,0,0
29,0,rank_expanding,303,3631,rank,17554,33,542,485,0.8874538745,0.8783505155,0.8804123711,3631,3631,3631,0,0
29,0,rank_rolling,303,4263,rank,1000,2,542,485,0.8966789668,0.8886597938,0.8896907216,4263,4263,4263,0,0
29,0,margin_static,304,15.06269741,score_margin,18096,34,328,281,0.8384146341,0.8398576512,0.8680308422,3239.199288,1235,7128,0.02135231317,0.2633451957
29,0,margin_rolling,304,16.90860963,score_margin,1000,2,328,281,0.8780487805,0.8754448399,0.9051008304,3833.455516,5230,7128,0.01423487544,0.3024911032
29,0,rank_static,304,3529,rank,18096,34,328,281,0.8963414634,0.8932384342,0.8932384342,3529,3529,3529,0,0
29,0,rank_expanding,304,3648,rank,18096,34,328,281,0.9024390244,0.9003558719,0.9003558719,3648,3648,3648,0,0
29,0,rank_rolling,304,4149,rank,1000,2,328,281,0.9146341463,0.9145907473,0.9145907473,4149,4149,4149,0,0
29,0,margin_static,305,15.06269741,score_margin,18424,35,328,295,0.8780487805,0.8813559322,0.8970056497,2933.745763,759,7128,0.01694915254,0.2338983051
29,0,margin_rolling,305,17.98923775,score_margin,1000,3,328,295,0.9237804878,0.9254237288,0.9352542373,3910.169492,6206,7128,0.01016949153,0.3254237288
29,0,rank_static,305,3529,rank,18424,35,328,295,0.9298780488,0.9220338983,0.9237288136,3529,3529,3529,0,0
29,0,rank_expanding,305,3648,rank,18424,35,328,295,0.9359756098,0.9288135593,0.9305084746,3648,3648,3648,0,0
29,0,rank_rolling,305,3827,rank,1000,3,328,295,0.9420731707,0.9355932203,0.9355932203,3827,3827,3827,0,0
29,0,margin_static,306,15.06269741,score_margin,18752,36,582,513,0.852233677,0.8693957115,0.8874593892,3350.34308,1249,7128,0.02923976608,0.3001949318
29,0,margin_rolling,306,17.29793215,score_margin,1000,3,582,513,0.8986254296,0.9122807018,0.9257959714,3983.181287,6501,7128,0.01364522417,0.3684210526
29,0,rank_static,306,3529,rank,18752,36,582,513,0.912371134,0.9005847953,0.9028589994,3529,3529,3529,0,0
29,0,rank_expanding,306,3624,rank,18752,36,582,513,0.9158075601,0.9044834308,0.9067576348,3624,3624,3624,0,0
29,0,rank_rolling,306,3530,rank,1000,3,582,513,0.912371134,0.9005847953,0.9028589994,3530,3530,3530,0,0
29,0,margin_static,307,15.06269741,score_margin,19334,37,588,510,0.8486394558,0.8666666667,0.8812091503,3545.819608,3091.5,7128,0.02549019608,0.2843137255
29,0,margin_rolling,307,17.09696102,score_margin,1000,3,588,510,0.8928571429,0.9058823529,0.9184640523,4202.507843,6669.5,7128,0.007843137255,0.3607843137
29,0,rank_static,307,3529,rank,19334,37,588,510,0.8911564626,0.8745098039,0.8816339869,3529,3529,3529,0,0
29,0,rank_expanding,307,3603,rank,19334,37,588,510,0.8911564626,0.8745098039,0.8816339869,3603,3603,3603,0,0
29,0,rank_rolling,307,2889,rank,1000,3,588,510,0.8639455782,0.8431372549,0.8512418301,2889,2889,2889,0,0
29,0,margin_static,308,15.06269741,score_margin,19922,38,562,497,0.8505338078,0.8511066398,0.8713231772,3537.847082,2972,7128,0.02615694165,0.3219315895
29,0,margin_rolling,308,17.59035572,score_margin,1000,2,562,497,0.884341637,0.8853118712,0.9048577177,4221.221328,6976,7128,0.01609657948,0.4004024145
29,0,rank_static,308,3529,rank,19922,38,562,497,0.8683274021,0.8551307847,0.8607645875,3529,3529,3529,0,0
29,0,rank_expanding,308,3609,rank,19922,38,562,497,0.8772241993,0.8651911469,0.8708249497,3609,3609,3609,0,0
29,0,rank_rolling,308,3517,rank,1000,2,562,497,0.8683274021,0.8551307847,0.8607645875,3517,3517,3517,0,0
29,0,margin_static,309,15.06269741,score_margin,20484,39,626,535,0.8498402556,0.8560747664,0.8752959502,3641.691589,4409,7128,0.03177570093,0.3327102804
29,0,margin_rolling,309,18.38959193,score_margin,1000,2,626,535,0.8993610224,0.9065420561,0.9231152648,4543.031776,7093,7128,0.01121495327,0.4317757009
29,0,rank_static,309,3529,rank,20484,39,626,535,0.9025559105,0.8897196262,0.8934579439,3529,3529,3529,0,0
29,0,rank_expanding,309,3632,rank,20484,39,626,535,0.9041533546,0.891588785,0.8953271028,3632,3632,3632,0,0
29,0,rank_rolling,309,4223,rank,1000,2,626,535,0.910543131,0.8990654206,0.9028037383,4223,4223,4223,0,0
29,0,margin_static,310,15.06269741,score_margin,21110,40,620,527,0.8870967742,0.8823529412,0.9116382037,3019.459203,833,7128,0.02466793169,0.2371916509
29,0,margin_rolling,310,18.83565521,score_margin,1000,2,620,527,0.9338709677,0.9240986717,0.9491777356,4218.296015,6854,7128,0.007590132827,0.3605313093
29,0,rank_static,310,3529,rank,21110,40,620,527,0.9306451613,0.9184060721,0.9244149273,3529,3529,3529,0,0
29,0,rank_expanding,310,3631,rank,21110,40,620,527,0.9322580645,0.9203036053,0.9263124605,3631,3631,3631,0,0
29,0,rank_rolling,310,3894,rank,1000,2,620,527,0.9403225806,0.9297912713,0.9335863378,3894,3894,3894,0,0
29,0,margin_static,311,15.06269741,score_margin,21730,41,438,366,0.8607305936,0.8524590164,0.8824225865,2708.513661,412.5,7128,0.03278688525,0.2131147541
29,0,margin_rolling,311,16.86660385,score_margin,1000,2,438,366,0.9086757991,0.893442623,0.9230418944,3250.57377,1238.5,7128,0.02459016393,0.2404371585
29,0,rank_static,311,3529,rank,21730,41,438,366,0.9269406393,0.9153005464,0.9166666667,3529,3529,3529,0,0
29,0,rank_expanding,311,3601,rank,21730,41,438,366,0.9315068493,0.9207650273,0.9207650273,3601,3601,3601,0,0
29,0,rank_rolling,311,3045,rank,1000,2,438,366,0.9132420091,0.8989071038,0.900273224,3045,3045,3045,0,0
29,0,margin_static,312,15.06269741,score_margin,22168,42,460,368,0.8152173913,0.8288043478,0.8564117495,2506.334239,377.5,7128,0.03260869565,0.1902173913
29,0,margin_rolling,312,16.46350765,score_margin,1000,2,460,368,0.8586956522,0.8641304348,0.8932324017,2967.788043,838,7128,0.01902173913,0.2201086957
29,0,rank_static,312,3529,rank,22168,42,460,368,0.9326086957,0.9157608696,0.9259963768,3529,3529,3529,0,0
29,0,rank_expanding,312,3581,rank,22168,42,460,368,0.9326086957,0.9157608696,0.9259963768,3581,3581,3581,0,0
29,0,rank_rolling,312,2438,rank,1000,2,460,368,0.9195652174,0.8994565217,0.9110507246,2438,2438,2438,0,0
29,0,margin_static,313,15.06269741,score_margin,22628,43,794,641,0.8324937028,0.8361934477,0.8721268851,2862.803432,509,7128,0.03432137285,0.2308892356
29,0,margin_rolling,313,17.7905724,score_margin,1000,3,794,641,0.8929471033,0.8892355694,0.9143785751,3688.620905,4377,7128,0.01872074883,0.3088923557
29,0,rank_static,313,3529,rank,22628,43,794,641,0.9244332494,0.9063962559,0.9087363495,3529,3529,3529,0,0
29,0,rank_expanding,313,3562,rank,22628,43,794,641,0.9244332494,0.9063962559,0.9087363495,3562,3562,3562,0,0
29,0,rank_rolling,313,1829,rank,1000,3,794,641,0.8916876574,0.8673946958,0.8736349454,1829,1829,1829,0,0
29,0,margin_static,314,15.06269741,score_margin,23422,44,678,585,0.8510324484,0.8495726496,0.8740618641,2947.912821,670,7128,0.03418803419,0.2358974359
29,0,margin_rolling,314,18.49311447,score_margin,1000,2,678,585,0.9174041298,0.9162393162,0.9328245828,4000.618803,6216,7128,0.01709401709,0.3367521368
29,0,rank_static,314,3529,rank,23422,44,678,585,0.9410029499,0.9316239316,0.9364672365,3529,3529,3529,0,0
29,0,rank_expanding,314,3540,rank,23422,44,678,585,0.9410029499,0.9316239316,0.9364672365,3540,3540,3540,0,0
29,0,rank_rolling,314,2661,rank,1000,2,678,585,0.9100294985,0.8974358974,0.9034188034,2661,2661,2661,0,0
29,0,margin_static,315,15.06269741,score_margin,24100,45,774,660,0.842377261,0.8393939394,0.8623989899,2892.974242,639,7128,0.03636363636,0.2045454545
29,0,margin_rolling,315,18.2245388,score_margin,1000,2,774,660,0.8953488372,0.8924242424,0.9118939394,3923.168182,5910,7128,0.01515151515,0.3121212121
29,0,rank_static,315,3529,rank,24100,45,774,660,0.9263565891,0.9181818182,0.9224747475,3529,3529,3529,0,0
29,0,rank_expanding,315,3511,rank,24100,45,774,660,0.9263565891,0.9181818182,0.9224747475,3511,3511,3511,0,0
29,0,rank_rolling,315,2477,rank,1000,2,774,660,0.9043927649,0.8924242424,0.901010101,2477,2477,2477,0,0
29,0,margin_static,316,15.06269741,score_margin,24874,46,758,622,0.8588390501,0.8520900322,0.8775991426,3209.586817,1271.5,7128,0.03215434084,0.2475884244
29,0,margin_rolling,316,19.48420715,score_margin,1000,2,758,622,0.919525066,0.9163987138,0.932261522,4626.697749,7079.5,7128,0.009646302251,0.3890675241
29,0,rank_static,316,3529,rank,24874,46,758,622,0.9116094987,0.8922829582,0.8938906752,3529,3529,3529,0,0
29,0,rank_expanding,316,3494,rank,24874,46,758,622,0.9102902375,0.8906752412,0.8922829582,3494,3494,3494,0,0
29,0,rank_rolling,316,2477,rank,1000,2,758,622,0.8812664908,0.8553054662,0.8577170418,2477,2477,2477,0,0
29,0,margin_static,317,15.06269741,score_margin,25632,47,630,559,0.8253968254,0.8228980322,0.8466607036,2600.536673,375,7128,0.03041144902,0.1878354204
29,0,margin_rolling,317,18.1093874,score_margin,1000,2,630,559,0.8904761905,0.8872987478,0.9076028623,3563.892665,2701,7128,0.01431127013,0.2754919499
29,0,rank_static,317,3529,rank,25632,47,630,559,0.8984126984,0.885509839,0.8923971377,3529,3529,3529,0,0
29,0,rank_expanding,317,3481,rank,25632,47,630,559,0.8968253968,0.8837209302,0.890608229,3481,3481,3481,0,0
29,0,rank_rolling,317,3088,rank,1000,2,630,559,0.8904761905,0.8765652952,0.8855396541,3088,3088,3088,0,0
29,0,margin_static,318,15.06269741,score_margin,26262,48,342,308,0.8421052632,0.8474025974,0.8652597403,2548.769481,282,7128,0.02272727273,0.2045454545
29,0,margin_rolling,318,18.87277031,score_margin,1000,2,342,308,0.9239766082,0.9220779221,0.9377705628,3613.168831,4139.5,7128,0.01623376623,0.3149350649
29,0,rank_static,318,3529,rank,26262,48,342,308,0.9298245614,0.9220779221,0.9237012987,3529,3529,3529,0,0
29,0,rank_expanding,318,3485,rank,26262,48,342,308,0.9298245614,0.9220779221,0.9237012987,3485,3485,3485,0,0
29,0,rank_rolling,318,3718,rank,1000,2,342,308,0.932748538,0.9253246753,0.9269480519,3718,3718,3718,0,0
29,0,margin_static,319,15.06269741,score_margin,26604,49,324,290,0.8518518519,0.8379310345,0.8465517241,2577.441379,423.5,7128,0.03448275862,0.1965517241
29,0,margin_rolling,319,18.24533176,score_margin,1000,3,324,290,0.9135802469,0.9034482759,0.9137931034,3529.296552,2790,7128,0.02068965517,0.275862069
29,0,rank_static,319,3529,rank,26604,49,324,290,0.9413580247,0.9344827586,0.9344827586,3529,3529,3529,0,0
29,0,rank_expanding,319,3457,rank,26604,49,324,290,0.9382716049,0.9310344828,0.9310344828,3457,3457,3457,0,0
29,0,rank_rolling,319,3106,rank,1000,3,324,290,0.9351851852,0.9275862069,0.9275862069,3106,3106,3106,0,0
29,0,margin_static,320,15.06269741,score_margin,26928,50,736,646,0.8369565217,0.8513931889,0.8615239078,3169.640867,1040,7128,0.03405572755,0.2693498452
29,0,margin_rolling,320,18.13870811,score_margin,1000,3,736,646,0.8777173913,0.8900928793,0.8987272102,4040.233746,6588,7128,0.01857585139,0.366873065
29,0,rank_static,320,3529,rank,26928,50,736,646,0.8926630435,0.8823529412,0.8844169247,3529,3529,3529,0,0
29,0,rank_expanding,320,3430,rank,26928,50,736,646,0.8913043478,0.8808049536,0.882868937,3430,3430,3430,0,0
29,0,rank_rolling,320,2567,rank,1000,3,736,646,0.8777173913,0.8653250774,0.8681630547,2567,2567,2567,0,0
29,0,margin_static,321,15.06269741,score_margin,27664,51,680,603,0.8558823529,0.8441127695,0.864013267,2989.076285,658,7128,0.03814262023,0.2222222222
29,0,margin_rolling,321,19.10052395,score_margin,1000,2,680,603,0.9161764706,0.9087893864,0.9212271973,4283.19403,6805,7128,0.01492537313,0.3515754561
29,0,rank_static,321,3529,rank,27664,51,680,603,0.9029411765,0.8905472637,0.8955223881,3529,3529,3529,0,0
29,0,rank_expanding,321,3443,rank,27664,51,680,603,0.9,0.8872305141,0.8922056385,3443,3443,3443,0,0
29,0,rank_rolling,321,3248,rank,1000,2,680,603,0.8955882353,0.8822553897,0.8880597015,3248,3248,3248,0,0
29,0,margin_static,322,15.06269741,score_margin,28344,52,668,595,0.8517964072,0.8487394958,0.862745098,3138.216807,1061,7128,0.02857142857,0.2470588235
29,0,margin_rolling,322,19.31597871,score_margin,1000,2,668,595,0.9326347305,0.9378151261,0.9434173669,4396.677311,6911,7128,0.01008403361,0.3781512605
29,0,rank_static,322,3529,rank,28344,52,668,595,0.8907185629,0.8789915966,0.8803921569,3529,3529,3529,0,0
29,0,rank_expanding,322,3443,rank,28344,52,668,595,0.8877245509,0.8773109244,0.8781512605,3443,3443,3443,0,0
29,0,rank_rolling,322,3579,rank,1000,2,668,595,0.8922155689,0.8806722689,0.8820728291,3579,3579,3579,0,0
29,0,margin_static,323,15.06269741,score_margin,29012,53,668,600,0.8458083832,0.8383333333,0.8611111111,2952.036667,957.5,7128,0.03,0.22
29,0,margin_rolling,323,17.64072418,score_margin,1000,2,668,600,0.8982035928,0.8933333333,0.9080555556,3885.388333,5280,7128,0.015,0.2816666667
29,0,rank_static,323,3529,rank,29012,53,668,600,0.8967065868,0.8866666667,0.8925,3529,3529,3529,0,0
29,0,rank_expanding,323,3460,rank,29012,53,668,600,0.8937125749,0.8833333333,0.8891666667,3460,3460,3460,0,0
29,0,rank_rolling,323,3639,rank,1000,2,668,600,0.9071856287,0.8983333333,0.9016666667,3639,3639,3639,0,0
29,0,margin_static,324,15.06269741,score_margin,29680,54,796,650,0.8015075377,0.8123076923,0.8524102564,3033.690769,765,7128,0.03230769231,0.2169230769
29,0,margin_rolling,324,17.86784554,score_margin,1000,2,796,650,0.8756281407,0.8861538462,0.9131794872,3882.341538,5557,7128,0.01692307692,0.32
29,0,rank_static,324,3529,rank,29680,54,796,650,0.925879397,0.9092307692,0.9182051282,3529,3529,3529,0,0
29,0,rank_expanding,324,3470,rank,29680,54,796,650,0.9233668342,0.9061538462,0.9151282051,3470,3470,3470,0,0
29,0,rank_rolling,324,3605,rank,1000,2,796,650,0.9296482412,0.9138461538,0.9228205128,3605,3605,3605,0,0
29,0,margin_static,325,15.06269741,score_margin,30476,55,398,360,0.7713567839,0.7861111111,0.7958333333,2764.111111,325.5,7128,0.05833333333,0.2305555556
29,0,margin_rolling,325,18.52776814,score_margin,1000,2,398,360,0.8668341709,0.8777777778,0.8851851852,3647.813889,4035.5,7128,0.025,0.3361111111
29,0,rank_static,325,3529,rank,30476,55,398,360,0.8894472362,0.8777777778,0.8791666667,3529,3529,3529,0,0
29,0,rank_expanding,325,3438,rank,30476,55,398,360,0.8844221106,0.8722222222,0.8736111111,3438,3438,3438,0,0
29,0,rank_rolling,325,2799,rank,1000,2,398,360,0.8567839196,0.8416666667,0.8472222222,2799,2799,2799,0,0
29,0,margin_static,326,15.06269741,score_margin,30874,56,422,348,0.7701421801,0.7931034483,0.8084291188,2252.255747,179.5,7128,0.04885057471,0.1666666667
29,0,margin_rolling,326,19.40538311,score_margin,1000,2,422,348,0.8767772512,0.882183908,0.9005028736,3301.117816,1422.5,7128,0.01149425287,0.2902298851
29,0,rank_static,326,3529,rank,30874,56,422,348,0.9620853081,0.9568965517,0.9583333333,3529,3529,3529,0,0
29,0,rank_expanding,326,3445,rank,30874,56,422,348,0.9620853081,0.9568965517,0.9583333333,3445,3445,3445,0,0
29,0,rank_rolling,326,3119,rank,1000,2,422,348,0.9549763033,0.9482758621,0.9497126437,3119,3119,3119,0,0
29,0,margin_static,327,15.06269741,score_margin,31296,57,738,621,0.8075880759,0.8260869565,0.8528985507,2875.333333,466,7128,0.038647343,0.2351046699
29,0,margin_rolling,327,20.20668602,score_margin,1000,3,738,621,0.9078590786,0.9146537842,0.9365271068,4249.52657,6726,7128,0.01127214171,0.3977455717
29,0,rank_static,327,3529,rank,31296,57,738,621,0.9281842818,0.9162640902,0.9208266237,3529,3529,3529,0,0
29,0,rank_expanding,327,3417,rank,31296,57,738,621,0.9227642276,0.9098228663,0.9143853999,3417,3417,3417,0,0
29,0,rank_rolling,327,2530,rank,1000,3,738,621,0.9105691057,0.8953301127,0.9030595813,2530,2530,2530,0,0
29,0,margin_static,328,15.06269741,score_margin,32034,58,600,526,0.8266666667,0.8384030418,0.8573058121,2883.064639,516,7128,0.03992395437,0.2072243346
29,0,margin_rolling,328,20.24185538,score_margin,1000,2,600,526,0.9266666667,0.9315589354,0.9431015752,4449.418251,6952.5,7128,0.009505703422,0.3878326996
29,0,rank_static,328,3529,rank,32034,58,600,526,0.9433333333,0.9353612167,0.9363117871,3529,3529,3529,0,0
29,0,rank_expanding,328,3410,rank,32034,58,600,526,0.94,0.9315589354,0.9325095057,3410,3410,3410,0,0
29,0,rank_rolling,328,1642,rank,1000,2,600,526,0.89,0.8745247148,0.8808618504,1642,1642,1642,0,0
29,0,margin_static,329,15.06269741,score_margin,32634,59,684,599,0.8187134503,0.8263772955,0.8464663328,2913.599332,469,7128,0.02504173623,0.2287145242
29,0,margin_rolling,329,19.49835181,score_margin,1000,2,684,599,0.9225146199,0.9232053422,0.9319421258,4168.253756,6511,7128,0.01001669449,0.3789649416
29,0,rank_static,329,3529,rank,32634,59,684,599,0.8976608187,0.8864774624,0.8962159154,3529,3529,3529,0,0
29,0,rank_expanding,329,3387,rank,32634,59,684,599,0.8932748538,0.8814691152,0.8920422927,3387,3387,3387,0,0
29,0,rank_rolling,329,1956,rank,1000,2,684,599,0.8611111111,0.8464106845,0.8585976628,1956,1956,1956,0,0
29,0,margin_static,330,15.06269741,score_margin,33318,60,640,580,0.8203125,0.8293103448,0.8397988506,2772.7,506.5,7128,0.03448275862,0.2103448276
29,0,margin_rolling,330,18.54461956,score_margin,1000,2,640,580,0.9234375,0.9293103448,0.9360632184,3821.87931,4847,7128,0.01724137931,0.3172413793
29,0,rank_static,330,3529,rank,33318,60,640,580,0.925,0.9172413793,0.9198275862,3529,3529,3529,0,0
29,0,rank_expanding,330,3391,rank,33318,60,640,580,0.921875,0.9137931034,0.9163793103,3391,3391,3391,0,0
29,0,rank_rolling,330,3082,rank,1000,2,640,580,0.903125,0.8931034483,0.8956896552,3082,3082,3082,0,0
29,0,margin_static,331,15.06269741,score_margin,33958,61,506,474,0.8458498024,0.8459915612,0.8549578059,2792.808017,395,7128,0.04219409283,0.2025316456
29,0,margin_rolling,331,17.9184494,score_margin,1000,2,506,474,0.8932806324,0.8924050633,0.8976793249,3601.907173,3854,7128,0.01265822785,0.2848101266
29,0,rank_static,331,3529,rank,33958,61,506,474,0.9229249012,0.917721519,0.9187763713,3529,3529,3529,0,0
29,0,rank_expanding,331,3380,rank,33958,61,506,474,0.918972332,0.9135021097,0.914556962,3380,3380,3380,0,0
29,0,rank_rolling,331,3156,rank,1000,2,506,474,0.9130434783,0.9071729958,0.9082278481,3156,3156,3156,0,0
29,0,margin_static,332,15.06269741,score_margin,34464,62,318,300,0.8396226415,0.84,0.8472222222,2616.22,307.5,7128,0.05,0.2233333333
29,0,margin_rolling,332,17.83051109,score_margin,1000,2,318,300,0.8899371069,0.8933333333,0.9005555556,3400.92,1603,7128,0.02333333333,0.2833333333
29,0,rank_static,332,3529,rank,34464,62,318,300,0.9371069182,0.9333333333,0.9333333333,3529,3529,3529,0,0
29,0,rank_expanding,332,3364,rank,34464,62,318,300,0.9339622642,0.93,0.93,3364,3364,3364,0,0
29,0,rank_rolling,332,2734,rank,1000,2,318,300,0.9182389937,0.9133333333,0.9133333333,2734,2734,2734,0,0
29,0,margin_static,333,15.06269741,score_margin,34782,63,342,312,0.8274853801,0.8301282051,0.8450854701,2785.445513,446,7128,0.05128205128,0.2243589744
29,0,margin_rolling,333,18.01071167,score_margin,1000,3,342,312,0.8830409357,0.8814102564,0.8963675214,3613.794872,4419,7128,0.02564102564,0.3269230769
29,0,rank_static,333,3529,rank,34782,63,342,312,0.9210526316,0.9134615385,0.9150641026,3529,3529,3529,0,0
29,0,rank_expanding,333,3353,rank,34782,63,342,312,0.918128655,0.9102564103,0.9118589744,3353,3353,3353,0,0
29,0,rank_rolling,333,2468,rank,1000,3,342,312,0.8742690058,0.8621794872,0.8675213675,2468,2468,2468,0,0
29,0,margin_static,334,15.06269741,score_margin,35124,64,700,633,0.8371428571,0.8388625592,0.8537914692,2605.745656,426,7128,0.05055292259,0.2101105845
29,0,margin_rolling,334,18.14150592,score_margin,1000,3,700,633,0.9,0.9036334913,0.9150605582,3593.162717,3813,7128,0.02369668246,0.2954186414
29,0,rank_static,334,3529,rank,35124,64,700,633,0.8942857143,0.8909952607,0.8917851501,3529,3529,3529,0,0
29,0,rank_expanding,334,3349,rank,35124,64,700,633,0.8871428571,0.8830963665,0.8838862559,3349,3349,3349,0,0
29,0,rank_rolling,334,2654,rank,1000,3,700,633,0.8728571429,0.8672985782,0.8701948394,2654,2654,2654,0,0
29,0,margin_static,335,15.06269741,score_margin,35824,65,656,587,0.8216463415,0.8177172061,0.8336740488,2636.53833,379,7128,0.03918228279,0.2180579216
29,0,margin_rolling,335,18.30394578,score_margin,1000,2,656,587,0.8841463415,0.8841567291,0.899318569,3604.962521,2409,7128,0.01192504259,0.3134582624
29,0,rank_static,335,3529,rank,35824,65,656,587,0.8932926829,0.8841567291,0.893810335,3529,3529,3529,0,0
29,0,rank_expanding,335,3355,rank,35824,65,656,587,0.8902439024,0.8807495741,0.8915388984,3355,3355,3355,0,0
29,0,rank_rolling,335,3694,rank,1000,2,656,587,0.8978658537,0.8892674617,0.8989210676,3694,3694,3694,0,0
29,0,margin_static,336,15.06269741,score_margin,36480,66,632,551,0.7863924051,0.77676951,0.8028433152,2758.738657,589,7128,0.05081669691,0.2250453721
29,0,margin_rolling,336,19.54573137,score_margin,1000,2,632,551,0.8987341772,0.8947368421,0.9120387175,4101.789474,6443,7128,0.01633393829,0.3430127042
29,0,rank_static,336,3529,rank,36480,66,632,551,0.871835443,0.8566243194,0.8632788869,3529,3529,3529,0,0
29,0,rank_expanding,336,3362,rank,36480,66,632,551,0.8670886076,0.8511796733,0.8578342408,3362,3362,3362,0,0
29,0,rank_rolling,336,3694,rank,1000,2,632,551,0.8734177215,0.8584392015,0.8650937689,3694,3694,3694,0,0
29,0,margin_static,337,15.06269741,score_margin,37112,67,552,492,0.8188405797,0.8272357724,0.8420731707,2699.25813,421,7128,0.03658536585,0.1991869919
29,0,margin_rolling,337,19.64600134,score_margin,1000,2,552,492,0.9148550725,0.9227642276,0.9321815718,3923.855691,5963.5,7128,0.01219512195,0.3495934959
29,0,rank_static,337,3529,rank,37112,67,552,492,0.8876811594,0.8739837398,0.8763550136,3529,3529,3529,0,0
29,0,rank_expanding,337,3387,rank,37112,67,552,492,0.8822463768,0.8678861789,0.8702574526,3387,3387,3387,0,0
29,0,rank_rolling,337,4154,rank,1000,2,552,492,0.9057971014,0.8943089431,0.8943089431,4154,4154,4154,0,0
29,0,margin_static,338,15.06269741,score_margin,37664,68,496,457,0.7943548387,0.8118161926,0.8161925602,2705.4814,411,7128,0.04814004376,0.2188183807
29,0,margin_rolling,338,19.65637052,score_margin,1000,2,496,457,0.8971774194,0.9080962801,0.9168490153,3984.800875,5891,7128,0.01094091904,0.3457330416
29,0,rank_static,338,3529,rank,37664,68,496,457,0.875,0.8665207877,0.8698030635,3529,3529,3529,0,0
29,0,rank_expanding,338,3393,rank,37664,68,496,457,0.872983871,0.8643326039,0.8676148796,3393,3393,3393,0,0
29,0,rank_rolling,338,4194,rank,1000,2,496,457,0.8891129032,0.8818380744,0.8829321663,4194,4194,4194,0,0
29,0,margin_static,339,15.06269741,score_margin,38160,69,328,297,0.8109756098,0.8114478114,0.8288439955,2132.309764,211,7128,0.05723905724,0.1212121212
29,0,margin_rolling,339,19.08408642,score_margin,1000,2,328,297,0.9024390244,0.8956228956,0.9034792368,3468.949495,1921,7128,0.03367003367,0.228956229
29,0,rank_static,339,3529,rank,38160,69,328,297,0.875,0.8720538721,0.8759820426,3529,3529,3529,0,0
29,0,rank_expanding,339,3406,rank,38160,69,328,297,0.875,0.8720538721,0.8759820426,3406,3406,3406,0,0
29,0,rank_rolling,339,4232,rank,1000,2,328,297,0.8932926829,0.8922558923,0.8939393939,4232,4232,4232,0,0
29,0,margin_static,340,15.06269741,score_margin,38488,70,328,303,0.8018292683,0.8151815182,0.8278327833,2632.316832,308,7128,0.03300330033,0.201320132
29,0,margin_rolling,340,19.47762871,score_margin,1000,3,328,303,0.8963414634,0.904290429,0.9158415842,3828.848185,4763,7128,0.02310231023,0.3201320132
29,0,rank_static,340,3529,rank,38488,70,328,303,0.9268292683,0.9207920792,0.9207920792,3529,3529,3529,0,0
29,0,rank_expanding,340,3411,rank,38488,70,328,303,0.9268292683,0.9207920792,0.9207920792,3411,3411,3411,0,0
29,0,rank_rolling,340,4262,rank,1000,3,328,303,0.9420731707,0.9372937294,0.9372937294,4262,4262,4262,0,0
29,0,margin_static,341,15.06269741,score_margin,38816,71,576,519,0.828125,0.8420038536,0.8568400771,2633.159923,450,7128,0.05202312139,0.1907514451
29,0,margin_rolling,341,19.58599281,score_margin,1000,3,576,519,0.8940972222,0.9075144509,0.9191393706,3972.208092,6273,7128,0.01348747592,0.3256262042
29,0,rank_static,341,3529,rank,38816,71,576,519,0.9045138889,0.894026975,0.8959537572,3529,3529,3529,0,0
29,0,rank_expanding,341,3406,rank,38816,71,576,519,0.9045138889,0.894026975,0.8959537572,3406,3406,3406,0,0
29,0,rank_rolling,341,3791,rank,1000,3,576,519,0.9114583333,0.901734104,0.9036608863,3791,3791,3791,0,0
29,0,margin_static,342,15.06269741,score_margin,39392,72,636,565,0.8238993711,0.8247787611,0.8404129794,2738.762832,395,7128,0.05132743363,0.2371681416
29,0,margin_rolling,342,19.8156704,score_margin,1000,3,636,565,0.8867924528,0.8814159292,0.9014749263,3974.095575,5814,7128,0.008849557522,0.3628318584
29,0,rank_static,342,3529,rank,39392,72,636,565,0.9040880503,0.8920353982,0.892920354,3529,3529,3529,0,0
29,0,rank_expanding,342,3403,rank,39392,72,636,565,0.9040880503,0.8920353982,0.892920354,3403,3403,3403,0,0
29,0,rank_rolling,342,3005,rank,1000,3,636,565,0.8977987421,0.8849557522,0.887020649,3005,3005,3005,0,0
29,0,margin_static,343,15.06269741,score_margin,40028,73,642,567,0.7990654206,0.7971781305,0.8098765432,2943.772487,633,7128,0.04409171076,0.2310405644
29,0,margin_rolling,343,20.74883652,score_margin,1000,2,642,567,0.8925233645,0.8888888889,0.9042328042,4628.876543,7087,7128,0.01234567901,0.4144620811
29,0,rank_static,343,3529,rank,40028,73,642,567,0.8769470405,0.8641975309,0.8684597296,3529,3529,3529,0,0
29,0,rank_expanding,343,3401,rank,40028,73,642,567,0.8707165109,0.8589065256,0.863462669,3401,3401,3401,0,0
29,0,rank_rolling,343,3385,rank,1000,2,642,567,0.8707165109,0.8589065256,0.863462669,3385,3385,3385,0,0
29,0,margin_static,344,15.06269741,score_margin,40670,74,650,582,0.7892307692,0.7886597938,0.8089919817,2785.814433,340,7128,0.05498281787,0.2250859107
29,0,margin_rolling,344,20.92653894,score_margin,1000,2,650,582,0.88,0.8762886598,0.8940435281,4232.214777,6710.5,7128,0.01202749141,0.3900343643
29,0,rank_static,344,3529,rank,40670,74,650,582,0.8984615385,0.8900343643,0.8941867125,3529,3529,3529,0,0
29,0,rank_expanding,344,3414,rank,40670,74,650,582,0.8984615385,0.8900343643,0.8941867125,3414,3414,3414,0,0
29,0,rank_rolling,344,4170,rank,1000,2,650,582,0.9230769231,0.9158075601,0.9196735395,4170,4170,4170,0,0
29,0,margin_static,345,15.06269741,score_margin,41320,75,586,501,0.837883959,0.8243512974,0.8439787092,2935.840319,562,7128,0.04790419162,0.2375249501
29,0,margin_rolling,345,22.87825871,score_margin,1000,2,586,501,0.9351535836,0.9281437126,0.9374584165,4612.033932,7125,7128,0.005988023952,0.4690618762
29,0,rank_static,345,3529,rank,41320,75,586,501,0.909556314,0.8942115768,0.8992015968,3529,3529,3529,0,0
29,0,rank_expanding,345,3414,rank,41320,75,586,501,0.9061433447,0.8902195609,0.8952095808,3414,3414,3414,0,0
29,0,rank_rolling,345,3780,rank,1000,2,586,501,0.9129692833,0.8982035928,0.9031936128,3780,3780,3780,0,0
29,0,margin_static,346,15.06269741,score_margin,41906,76,224,197,0.8080357143,0.807106599,0.8333333333,2086.878173,128,7128,0.04060913706,0.1725888325
29,0,margin_rolling,346,20.80144787,score_margin,1000,2,224,197,0.9196428571,0.9187817259,0.9314720812,3321.411168,1570,7128,0.01015228426,0.269035533
29,0,rank_static,346,3529,rank,41906,76,224,197,0.9330357143,0.923857868,0.9289340102,3529,3529,3529,0,0
29,0,rank_expanding,346,3411,rank,41906,76,224,197,0.9285714286,0.9187817259,0.923857868,3411,3411,3411,0,0
29,0,rank_rolling,346,3325,rank,1000,2,224,197,0.9285714286,0.9187817259,0.923857868,3325,3325,3325,0,0
29,0,margin_static,347,15.06269741,score_margin,42130,77,306,277,0.8464052288,0.8483754513,0.8628158845,2195.444043,128,7128,0.04693140794,0.1805054152
29,0,margin_rolling,347,19.83515835,score_margin,1000,3,306,277,0.8986928105,0.9061371841,0.9109506619,3181.353791,943,7128,0.02166064982,0.285198556
29,0,rank_static,347,3529,rank,42130,77,306,277,0.9150326797,0.9061371841,0.908543923,3529,3529,3529,0,0
29,0,rank_expanding,347,3410,rank,42130,77,306,277,0.908496732,0.8989169675,0.9013237064,3410,3410,3410,0,0
29,0,rank_rolling,347,3204,rank,1000,3,306,277,0.9019607843,0.8916967509,0.8941034898,3204,3204,3204,0,0
29,0,margin_static,348,15.06269741,score_margin,42436,78,714,610,0.8151260504,0.8131147541,0.8300546448,2484.580328,217,7128,0.04590163934,0.1918032787
29,0,margin_rolling,348,19.72148418,score_margin,1000,3,714,610,0.8893557423,0.8950819672,0.9072404372,3584.960656,2546.5,7128,0.01803278689,0.3147540984
29,0,rank_static,348,3529,rank,42436,78,714,610,0.9159663866,0.9016393443,0.9016393443,3529,3529,3529,0,0
29,0,rank_expanding,348,3408,rank,42436,78,714,610,0.9145658263,0.9,0.9,3408,3408,3408,0,0
29,0,rank_rolling,348,3319,rank,1000,3,714,610,0.9103641457,0.8950819672,0.8972677596,3319,3319,3319,0,0
29,0,margin_static,349,15.06269741,score_margin,43150,79,600,545,0.76,0.7633027523,0.7804281346,2558.950459,209,7128,0.04587155963,0.2036697248
29,0,margin_rolling,349,20.35027003,score_margin,1000,2,600,545,0.8683333333,0.8697247706,0.8810397554,3671.361468,4119,7128,0.009174311927,0.3229357798
29,0,rank_static,349,3529,rank,43150,79,600,545,0.895,0.8844036697,0.8914373089,3529,3529,3529,0,0
29,0,rank_expanding,349,3400,rank,43150,79,600,545,0.895,0.8844036697,0.8914373089,3400,3400,3400,0,0
29,0,rank_rolling,349,2921,rank,1000,2,600,545,0.8883333333,0.8770642202,0.8840978593,2921,2921,2921,0,0
29,0,margin_static,350,15.06269741,score_margin,43750,80,656,560,0.7743902439,0.7732142857,0.7994642857,2233.826786,153,7128,0.0625,0.1517857143
29,0,margin_rolling,350,22.30468082,score_margin,1000,2,656,560,0.9131097561,0.9107142857,0.9314583333,3826.526786,5211.5,7128,0.0125,0.35
29,0,rank_static,350,3529,rank,43750,80,656,560,0.9146341463,0.9053571429,0.9071428571,3529,3529,3529,0,0
29,0,rank_expanding,350,3402,rank,43750,80,656,560,0.9146341463,0.9053571429,0.9071428571,3402,3402,3402,0,0
29,0,rank_rolling,350,3253,rank,1000,2,656,560,0.9100609756,0.9,0.9017857143,3253,3253,3253,0,0
29,0,margin_static,351,15.06269741,score_margin,44406,81,522,476,0.7681992337,0.781512605,0.7976190476,2238.098739,124.5,7128,0.06932773109,0.1722689076
29,0,margin_rolling,351,21.78022861,score_margin,1000,2,522,476,0.8850574713,0.8886554622,0.906162465,3622.119748,3852,7128,0.02100840336,0.3298319328
29,0,rank_static,351,3529,rank,44406,81,522,476,0.8869731801,0.8760504202,0.8760504202,3529,3529,3529,0,0
29,0,rank_expanding,351,3393,rank,44406,81,522,476,0.8754789272,0.8634453782,0.8634453782,3393,3393,3393,0,0
29,0,rank_rolling,351,3167,rank,1000,2,522,476,0.8697318008,0.8571428571,0.8571428571,3167,3167,3167,0,0
29,0,margin_static,352,15.06269741,score_margin,44928,82,462,415,0.7445887446,0.7493975904,0.7685742972,2115.816867,203,7128,0.0578313253,0.1662650602
29,0,margin_rolling,352,22.41043377,score_margin,1000,2,462,415,0.9025974026,0.913253012,0.9291164659,4005.585542,6136,7128,0.01927710843,0.3180722892
29,0,rank_static,352,3529,rank,44928,82,462,415,0.9220779221,0.9180722892,0.9204819277,3529,3529,3529,0,0
29,0,rank_expanding,352,3403,rank,44928,82,462,415,0.9199134199,0.9156626506,0.9180722892,3403,3403,3403,0,0
29,0,rank_rolling,352,3565,rank,1000,2,462,415,0.9242424242,0.9204819277,0.921686747,3565,3565,3565,0,0
29,0,margin_static,353,15.06269741,score_margin,45390,83,242,226,0.7024793388,0.703539823,0.7168141593,1983.880531,123,7128,0.09734513274,0.1371681416
29,0,margin_rolling,353,22.79162836,score_margin,1000,3,242,226,0.8719008264,0.8716814159,0.8827433628,3739.977876,5286.5,7128,0.02654867257,0.3230088496
29,0,rank_static,353,3529,rank,45390,83,242,226,0.9132231405,0.907079646,0.9092920354,3529,3529,3529,0,0
29,0,rank_expanding,353,3398,rank,45390,83,242,226,0.9132231405,0.907079646,0.9092920354,3398,3398,3398,0,0
29,0,rank_rolling,353,3434,rank,1000,3,242,226,0.9132231405,0.907079646,0.9092920354,3434,3434,3434,0,0
29,0,margin_static,354,15.06269741,score_margin,45632,84,238,227,0.756302521,0.7621145374,0.7657856094,2367.273128,230,7128,0.04845814978,0.1629955947
29,0,margin_rolling,354,23.22916698,score_margin,1000,3,238,227,0.9243697479,0.9207048458,0.9302496329,4298.612335,6871,7128,0.008810572687,0.4008810573
29,0,rank_static,354,3529,rank,45632,84,238,227,0.9033613445,0.8986784141,0.8986784141,3529,3529,3529,0,0
29,0,rank_expanding,354,3393,rank,45632,84,238,227,0.8991596639,0.8942731278,0.8942731278,3393,3393,3393,0,0
29,0,rank_rolling,354,3255,rank,1000,3,238,227,0.8949579832,0.8898678414,0.8898678414,3255,3255,3255,0,0
29,0,margin_static,355,15.06269741,score_margin,45870,85,578,506,0.714532872,0.7371541502,0.7588932806,2584.83004,291.5,7128,0.06916996047,0.209486166
29,0,margin_rolling,355,23.44548643,score_margin,1000,4,578,506,0.8944636678,0.9031620553,0.9204780727,4502.199605,7097.5,7128,0.01383399209,0.4407114625
29,0,rank_static,355,3529,rank,45870,85,578,506,0.8546712803,0.847826087,0.8555900621,3529,3529,3529,0,0
29,0,rank_expanding,355,3393,rank,45870,85,578,506,0.8477508651,0.8399209486,0.8503199699,3393,3393,3393,0,0
29,0,rank_rolling,355,3127,rank,1000,4,578,506,0.8425605536,0.8339920949,0.8443911161,3127,3127,3127,0,0
29,0,margin_static,356,15.06269741,score_margin,46448,86,548,483,0.7554744526,0.7556935818,0.7732919255,2455.509317,191,7128,0.06625258799,0.1739130435
29,0,margin_rolling,356,23.58685112,score_margin,1000,3,548,483,0.901459854,0.9026915114,0.9126984127,4243.846791,6930,7128,0.008281573499,0.4099378882
29,0,rank_static,356,3529,rank,46448,86,548,483,0.8886861314,0.8861283644,0.8881987578,3529,3529,3529,0,0
29,0,rank_expanding,356,3413,rank,46448,86,548,483,0.8813868613,0.8819875776,0.884057971,3413,3413,3413,0,0
29,0,rank_rolling,356,4249,rank,1000,3,548,483,0.897810219,0.8964803313,0.8985507246,4249,4249,4249,0,0
29,0,margin_static,357,15.06269741,score_margin,46996,87,406,363,0.7807881773,0.782369146,0.7998163453,1587.250689,121,7128,0.06060606061,0.1074380165
29,0,margin_rolling,357,23.73778164,score_margin,1000,2,406,363,0.9285714286,0.9311294766,0.9405417815,3974.316804,5991,7128,0.01652892562,0.3002754821
29,0,rank_static,357,3529,rank,46996,87,406,363,0.9088669951,0.9063360882,0.9104683196,3529,3529,3529,0,0
29,0,rank_expanding,357,3417,rank,46996,87,406,363,0.9088669951,0.9063360882,0.9104683196,3417,3417,3417,0,0
29,0,rank_rolling,357,4430,rank,1000,2,406,363,0.9310344828,0.9311294766,0.9325068871,4430,4430,4430,0,0
29,0,margin_static,358,15.06269741,score_margin,47402,88,300,276,0.7633333333,0.7753623188,0.7892512077,1730.195652,62,7128,0.04710144928,0.152173913
29,0,margin_rolling,358,22.71373558,score_margin,1000,3,300,276,0.8866666667,0.8804347826,0.8991545894,3313.496377,1132,7128,0.01449275362,0.2644927536
29,0,rank_static,358,3529,rank,47402,88,300,276,0.9166666667,0.9094202899,0.9094202899,3529,3529,3529,0,0
29,0,rank_expanding,358,3415,rank,47402,88,300,276,0.9133333333,0.9057971014,0.9057971014,3415,3415,3415,0,0
29,0,rank_rolling,358,4037,rank,1000,3,300,276,0.92,0.9130434783,0.9130434783,4037,4037,4037,0,0
29,0,margin_static,359,15.06269741,score_margin,47702,89,330,312,0.8363636364,0.8397435897,0.8498931624,2775.307692,462.5,7128,0.03205128205,0.2467948718
29,0,margin_rolling,359,22.80165768,score_margin,1000,3,330,312,0.9545454545,0.9551282051,0.9626068376,4613.923077,7123.5,7128,0.009615384615,0.4423076923
29,0,rank_static,359,3529,rank,47702,89,330,312,0.9515151515,0.9487179487,0.9487179487,3529,3529,3529,0,0
29,0,rank_expanding,359,3414,rank,47702,89,330,312,0.9484848485,0.9455128205,0.9455128205,3414,3414,3414,0,0
29,0,rank_rolling,359,3469,rank,1000,3,330,312,0.9515151515,0.9487179487,0.9487179487,3469,3469,3469,0,0
29,0,margin_static,360,15.06269741,score_margin,48032,90,228,214,0.7543859649,0.7570093458,0.7757009346,1872.850467,133.5,7128,0.06542056075,0.1448598131
29,0,margin_rolling,360,20.70828614,score_margin,1000,3,228,214,0.8684210526,0.8785046729,0.8855140187,3295.261682,1604.5,7128,0.01401869159,0.2803738318
29,0,rank_static,360,3529,rank,48032,90,228,214,0.9298245614,0.9252336449,0.9252336449,3529,3529,3529,0,0
29,0,rank_expanding,360,3406,rank,48032,90,228,214,0.9254385965,0.9205607477,0.9205607477,3406,3406,3406,0,0
29,0,rank_rolling,360,2532,rank,1000,3,228,214,0.9166666667,0.9112149533,0.9135514019,2532,2532,2532,0,0
29,0,margin_static,361,15.06269741,score_margin,48260,91,246,226,0.756097561,0.7477876106,0.7662241888,1816.707965,80.5,7128,0.08849557522,0.1283185841
29,0,margin_rolling,361,21.74612045,score_margin,1000,4,246,226,0.8739837398,0.8716814159,0.8797935103,3257.924779,1201,7128,0.03982300885,0.2699115044
29,0,rank_static,361,3529,rank,48260,91,246,226,0.9430894309,0.9380530973,0.9380530973,3529,3529,3529,0,0
29,0,rank_expanding,361,3402,rank,48260,91,246,226,0.9390243902,0.9336283186,0.9336283186,3402,3402,3402,0,0
29,0,rank_rolling,361,2422,rank,1000,4,246,226,0.9105691057,0.9026548673,0.9048672566,2422,2422,2422,0,0
29,0,margin_static,362,15.06269741,score_margin,48506,92,620,530,0.7419354839,0.7849056604,0.8112488769,1852.973585,104,7128,0.06981132075,0.1490566038
29,0,margin_rolling,362,21.10765409,score_margin,1000,4,620,530,0.8403225806,0.8830188679,0.9019272237,3273.788679,1127.5,7128,0.02264150943,0.2622641509
29,0,rank_static,362,3529,rank,48506,92,620,530,0.9274193548,0.9169811321,0.9198113208,3529,3529,3529,0,0
29,0,rank_expanding,362,3396,rank,48506,92,620,530,0.9258064516,0.9150943396,0.9179245283,3396,3396,3396,0,0
29,0,rank_rolling,362,2303,rank,1000,4,620,530,0.8838709677,0.8660377358,0.8716981132,2303,2303,2303,0,0
29,0,margin_static,363,15.06269741,score_margin,49126,93,386,353,0.7953367876,0.8016997167,0.8182247403,1962.184136,77,7128,0.09065155807,0.1501416431
29,0,margin_rolling,363,24.66178066,score_margin,1000,3,386,353,0.9274611399,0.9320113314,0.943578848,3986.609065,6235,7128,0.01699716714,0.3484419263
29,0,rank_static,363,3529,rank,49126,93,386,353,0.9119170984,0.9065155807,0.9084041549,3529,3529,3529,0,0
29,0,rank_expanding,363,3388,rank,49126,93,386,353,0.9119170984,0.9065155807,0.9084041549,3388,3388,3388,0,0
29,0,rank_rolling,363,2476,rank,1000,3,386,353,0.878238342,0.8725212465,0.8734655335,2476,2476,2476,0,0
29,0,margin_static,364,15.06269741,score_margin,49512,94,354,329,0.7655367232,0.7689969605,0.7829280648,1790.635258,79,7128,0.1003039514,0.1519756839
29,0,margin_rolling,364,23.95046198,score_margin,1000,2,354,329,0.918079096,0.9179331307,0.9255319149,3945.018237,5511,7128,0.02127659574,0.3221884498
29,0,rank_static,364,3529,rank,49512,94,354,329,0.9152542373,0.9088145897,0.9118541033,3529,3529,3529,0,0
29,0,rank_expanding,364,3386,rank,49512,94,354,329,0.9152542373,0.9088145897,0.9118541033,3386,3386,3386,0,0
29,0,rank_rolling,364,2720,rank,1000,2,354,329,0.9039548023,0.896656535,0.8996960486,2720,2720,2720,0,0
29,0.1,margin_static,292,14.83292723,score_margin,11270,22,730,658,0.8794520548,0.8905775076,0.9010131712,3625.196049,4107,7128,0.01215805471,0.3100303951
29,0.1,margin_rolling,292,14.6586256,score_margin,1000,3,730,658,0.8767123288,0.8890577508,0.8994934144,3558.183891,2772,7128,0.01367781155,0.3024316109
29,0.1,rank_static,292,3537,rank,11270,22,730,658,0.904109589,0.8996960486,0.9019756839,3537,3537,3537,0,0
29,0.1,rank_expanding,292,3537,rank,11270,22,730,658,0.904109589,0.8996960486,0.9019756839,3537,3537,3537,0,0
29,0.1,rank_rolling,292,2882,rank,1000,3,730,658,0.8753424658,0.8708206687,0.8776595745,2882,2882,2882,0,0
29,0.1,margin_static,293,14.83292723,score_margin,12000,23,658,581,0.9088145897,0.9156626506,0.9285714286,3917.814114,5544,7128,0.01032702238,0.3149741824
29,0.1,margin_rolling,293,15.08099318,score_margin,1000,2,658,581,0.9103343465,0.917383821,0.930292599,3990.777969,5861,7128,0.006884681583,0.3184165232
29,0.1,rank_static,293,3537,rank,12000,23,658,581,0.8708206687,0.8588640275,0.8677567413,3537,3537,3537,0,0
29,0.1,rank_expanding,293,3529,rank,12000,23,658,581,0.8708206687,0.8588640275,0.8677567413,3529,3529,3529,0,0
29,0.1,rank_rolling,293,3095,rank,1000,2,658,581,0.8510638298,0.8364888124,0.8462421113,3095,3095,3095,0,0
29,0.1,margin_static,294,14.83292723,score_margin,12658,24,618,538,0.854368932,0.8494423792,0.8777881041,3602.86803,3308.5,7128,0.01858736059,0.3159851301
29,0.1,margin_rolling,294,15.84965828,score_margin,1000,2,618,538,0.8786407767,0.873605948,0.9007125155,3966.001859,6111,7128,0.01115241636,0.3494423792
29,0.1,rank_static,294,3537,rank,12658,24,618,538,0.8754045307,0.8587360595,0.8624535316,3537,3537,3537,0,0
29,0.1,rank_expanding,294,3592,rank,12658,24,618,538,0.8786407767,0.8624535316,0.8652416357,3592,3592,3592,0,0
29,0.1,rank_rolling,294,3876,rank,1000,2,618,538,0.8883495146,0.873605948,0.876394052,3876,3876,3876,0,0
29,0.1,margin_static,295,14.83292723,score_margin,13276,25,666,578,0.8783783784,0.8788927336,0.9038062284,3653.631488,3885,7128,0.01211072664,0.3010380623
29,0.1,margin_rolling,295,16.30876402,score_margin,1000,2,666,578,0.9069069069,0.9031141869,0.927739331,4316.842561,6326.5,7128,0.003460207612,0.3460207612
29,0.1,rank_static,295,3537,rank,13276,25,666,578,0.9054054054,0.8910034602,0.895905421,3537,3537,3537,0,0
29,0.1,rank_expanding,295,3631,rank,13276,25,666,578,0.9084084084,0.8944636678,0.8993656286,3631,3631,3631,0,0
29,0.1,rank_rolling,295,4876,rank,1000,2,666,578,0.9219219219,0.9100346021,0.914071511,4876,4876,4876,0,0
29,0.1,margin_static,296,14.83292723,score_margin,13942,26,516,466,0.8740310078,0.8669527897,0.8879113019,3656.137339,4374,7128,0.008583690987,0.3175965665
29,0.1,margin_rolling,296,16.43309593,score_margin,1000,2,516,466,0.8992248062,0.8927038627,0.913304721,4171.135193,6630.5,7128,0.004291845494,0.3583690987
29,0.1,rank_static,296,3537,rank,13942,26,516,466,0.9031007752,0.8927038627,0.8959227468,3537,3537,3537,0,0
29,0.1,rank_expanding,296,3615,rank,13942,26,516,466,0.9089147287,0.8991416309,0.902360515,3615,3615,3615,0,0
29,0.1,rank_rolling,296,3497,rank,1000,2,516,466,0.9031007752,0.8927038627,0.8959227468,3497,3497,3497,0,0
29,0.1,margin_static,297,14.83292723,score_margin,14458,27,292,254,0.8561643836,0.8700787402,0.882808399,3108.165354,801,7128,0.007874015748,0.2440944882
29,0.1,margin_rolling,297,16.35983086,score_margin,1000,2,292,254,0.8767123288,0.8937007874,0.9044619423,3559.996063,2943.5,7128,0.003937007874,0.2795275591
29,0.1,rank_static,297,3537,rank,14458,27,292,254,0.897260274,0.8858267717,0.8910761155,3537,3537,3537,0,0
29,0.1,rank_expanding,297,3599,rank,14458,27,292,254,0.897260274,0.8858267717,0.8910761155,3599,3599,3599,0,0
29,0.1,rank_rolling,297,3352,rank,1000,2,292,254,0.8869863014,0.874015748,0.8792650919,3352,3352,3352,0,0
29,0.1,margin_static,298,14.83292723,score_margin,14750,28,252,224,0.8650793651,0.8705357143,0.8909970238,3279.205357,1439,7128,0.008928571429,0.2991071429
29,0.1,margin_rolling,298,17.00476742,score_margin,1000,3,252,224,0.9246031746,0.9330357143,0.9479166667,4063.147321,6370.5,7128,0,0.3348214286
29,0.1,rank_static,298,3537,rank,14750,28,252,224,0.8650793651,0.8482142857,0.8578869048,3537,3537,3537,0,0
29,0.1,rank_expanding,298,3599,rank,14750,28,252,224,0.8650793651,0.8482142857,0.8578869048,3599,3599,3599,0,0
29,0.1,rank_rolling,298,3577,rank,1000,3,252,224,0.8650793651,0.8482142857,0.8578869048,3577,3577,3577,0,0
29,0.1,margin_static,299,14.83292723,score_margin,15002,29,702,615,0.8675213675,0.8780487805,0.8938908246,3438.84878,2039,7128,0.02276422764,0.243902439
29,0.1,margin_rolling,299,16.46826553,score_margin,1000,3,702,615,0.9031339031,0.9105691057,0.9265195509,4029.029268,6118,7128,0.009756097561,0.312195122
29,0.1,rank_static,299,3537,rank,15002,29,702,615,0.9373219373,0.9284552846,0.9292682927,3537,3537,3537,0,0
29,0.1,rank_expanding,299,3622,rank,15002,29,702,615,0.9373219373,0.9284552846,0.9292682927,3622,3622,3622,0,0
29,0.1,rank_rolling,299,3865,rank,1000,3,702,615,0.9373219373,0.9284552846,0.9292682927,3865,3865,3865,0,0
29,0.1,margin_static,300,14.83292723,score_margin,15704,30,664,573,0.8584337349,0.8534031414,0.8827322086,3636.603839,3946,7128,0.02268760908,0.2931937173
29,0.1,margin_rolling,300,16.41718024,score_margin,1000,3,664,573,0.8975903614,0.890052356,0.9186057786,4255.207679,6601,7128,0.006980802792,0.369982548
29,0.1,rank_static,300,3537,rank,15704,30,664,573,0.8885542169,0.8743455497,0.8798720186,3537,3537,3537,0,0
29,0.1,rank_expanding,300,3556,rank,15704,30,664,573,0.8885542169,0.8743455497,0.8798720186,3556,3556,3556,0,0
29,0.1,rank_rolling,300,3060,rank,1000,3,664,573,0.8689759036,0.8516579407,0.8612565445,3060,3060,3060,0,0
29,0.1,margin_static,301,14.83292723,score_margin,16368,31,616,552,0.8831168831,0.8804347826,0.8980676329,3759.744565,4902.5,7128,0.01811594203,0.3170289855
29,0.1,margin_rolling,301,17.09144214,score_margin,1000,2,616,552,0.9123376623,0.9112318841,0.9216183575,4496.15942,7055,7128,0.001811594203,0.4076086957
29,0.1,rank_static,301,3537,rank,16368,31,616,552,0.862012987,0.8460144928,0.8595410628,3537,3537,3537,0,0
29,0.1,rank_expanding,301,3572,rank,16368,31,616,552,0.862012987,0.8460144928,0.8595410628,3572,3572,3572,0,0
29,0.1,rank_rolling,301,3408,rank,1000,2,616,552,0.8603896104,0.8442028986,0.8577294686,3408,3408,3408,0,0
29,0.1,margin_static,302,14.83292723,score_margin,16984,32,570,490,0.8421052632,0.8387755102,0.860111759,3258.3,1056.5,7128,0.0387755102,0.2673469388
29,0.1,margin_rolling,302,16.42878246,score_margin,1000,2,570,490,0.8824561404,0.8795918367,0.8962876579,3735.932653,4502,7128,0.01020408163,0.3204081633
29,0.1,rank_static,302,3537,rank,16984,32,570,490,0.8912280702,0.8816326531,0.887755102,3537,3537,3537,0,0
29,0.1,rank_expanding,302,3632,rank,16984,32,570,490,0.8929824561,0.8836734694,0.8897959184,3632,3632,3632,0,0
29,0.1,rank_rolling,302,4927,rank,1000,2,570,490,0.9122807018,0.9040816327,0.9102040816,4927,4927,4927,0,0
29,0.1,margin_static,303,14.83292723,score_margin,17554,33,542,485,0.8726937269,0.8680412371,0.8801718213,3339.715464,1463,7128,0.02886597938,0.2824742268
29,0.1,margin_rolling,303,17.18021488,score_margin,1000,2,542,485,0.9132841328,0.9072164948,0.9171134021,4132.119588,6707,7128,0.00206185567,0.3628865979
29,0.1,rank_static,303,3537,rank,17554,33,542,485,0.8708487085,0.8577319588,0.8618556701,3537,3537,3537,0,0
29,0.1,rank_expanding,303,3641,rank,17554,33,542,485,0.8800738007,0.8680412371,0.8721649485,3641,3641,3641,0,0
29,0.1,rank_rolling,303,4603,rank,1000,2,542,485,0.8985239852,0.8865979381,0.8907216495,4603,4603,4603,0,0
29,0.1,margin_static,304,14.83292723,score_margin,18096,34,328,281,0.8323170732,0.8220640569,0.8609134045,3251.252669,1267,7128,0.03558718861,0.2491103203
29,0.1,margin_rolling,304,16.46820162,score_margin,1000,2,328,281,0.881097561,0.871886121,0.900059312,3872.83274,5257,7128,0.007117437722,0.3024911032
29,0.1,rank_static,304,3537,rank,18096,34,328,281,0.8932926829,0.8896797153,0.8914590747,3537,3537,3537,0,0
29,0.1,rank_expanding,304,3658,rank,18096,34,328,281,0.8932926829,0.8896797153,0.8914590747,3658,3658,3658,0,0
29,0.1,rank_rolling,304,4438,rank,1000,2,328,281,0.9207317073,0.9217081851,0.9217081851,4438,4438,4438,0,0
29,0.1,margin_static,305,14.83292723,score_margin,18424,35,328,295,0.887195122,0.8847457627,0.9061581921,2974.708475,782,7128,0.01016949153,0.213559322
29,0.1,margin_rolling,305,17.13795567,score_margin,1000,3,328,295,0.9451219512,0.9457627119,0.9555932203,3837.884746,5513,7128,0.01016949153,0.2983050847
29,0.1,rank_static,305,3537,rank,18424,35,328,295,0.9359756098,0.9288135593,0.9288135593,3537,3537,3537,0,0
29,0.1,rank_expanding,305,3659,rank,18424,35,328,295,0.9390243902,0.9322033898,0.9322033898,3659,3659,3659,0,0
29,0.1,rank_rolling,305,4124,rank,1000,3,328,295,0.9481707317,0.9423728814,0.9423728814,4124,4124,4124,0,0
29,0.1,margin_static,306,14.83292723,score_margin,18752,36,582,513,0.8642611684,0.8752436647,0.8946068876,3309.124756,1154,7128,0.03118908382,0.2670565302
29,0.1,margin_rolling,306,16.3758707,score_margin,1000,3,582,513,0.8917525773,0.9025341131,0.9177387914,3798.136452,5116,7128,0.01559454191,0.3274853801
29,0.1,rank_static,306,3537,rank,18752,36,582,513,0.9020618557,0.8908382066,0.895711501,3537,3537,3537,0,0
29,0.1,rank_expanding,306,3642,rank,18752,36,582,513,0.9037800687,0.8927875244,0.8976608187,3642,3642,3642,0,0
29,0.1,rank_rolling,306,3416,rank,1000,3,582,513,0.9020618557,0.8908382066,0.895711501,3416,3416,3416,0,0
29,0.1,margin_static,307,14.83292723,score_margin,19334,37,588,510,0.8503401361,0.8588235294,0.8817320261,3500.378431,2214.5,7128,0.02745098039,0.2725490196
29,0.1,margin_rolling,307,16.22207737,score_margin,1000,3,588,510,0.8945578231,0.9019607843,0.9174836601,4032.77451,5883,7128,0.007843137255,0.3352941176
29,0.1,rank_static,307,3537,rank,19334,37,588,510,0.8775510204,0.8588235294,0.8653594771,3537,3537,3537,0,0
29,0.1,rank_expanding,307,3639,rank,19334,37,588,510,0.8792517007,0.8607843137,0.8663398693,3639,3639,3639,0,0
29,0.1,rank_rolling,307,3014,rank,1000,3,588,510,0.8656462585,0.8450980392,0.8526143791,3014,3014,3014,0,0
29,0.1,margin_static,308,14.83292723,score_margin,19922,38,562,497,0.8434163701,0.8511066398,0.8700776085,3493.384306,1848,7128,0.03420523139,0.3279678068
29,0.1,margin_rolling,308,16.61140156,score_margin,1000,2,562,497,0.8879003559,0.8873239437,0.9065536074,4034.547284,6475,7128,0.01408450704,0.3682092555
29,0.1,rank_static,308,3537,rank,19922,38,562,497,0.8612099644,0.8490945674,0.8531187123,3537,3537,3537,0,0
29,0.1,rank_expanding,308,3657,rank,19922,38,562,497,0.8647686833,0.8531187123,0.8571428571,3657,3657,3657,0,0
29,0.1,rank_rolling,308,3980,rank,1000,2,562,497,0.8701067616,0.8571428571,0.861167002,3980,3980,3980,0,0
29,0.1,margin_static,309,14.83292723,score_margin,20484,39,626,535,0.857827476,0.8691588785,0.8880996885,3609.158879,4130,7128,0.02429906542,0.308411215
29,0.1,margin_rolling,309,16.86135483,score_margin,1000,2,626,535,0.8961661342,0.9028037383,0.9189096573,4180.938318,6933,7128,0.01308411215,0.3644859813
29,0.1,rank_static,309,3537,rank,20484,39,626,535,0.8977635783,0.8859813084,0.8878504673,3537,3537,3537,0,0
29,0.1,rank_expanding,309,3682,rank,20484,39,626,535,0.8993610224,0.8878504673,0.8897196262,3682,3682,3682,0,0
29,0.1,rank_rolling,309,4459,rank,1000,2,626,535,0.9201277955,0.9121495327,0.9140186916,4459,4459,4459,0,0
29,0.1,margin_static,310,14.83292723,score_margin,21110,40,620,527,0.8919354839,0.8880455408,0.9182795699,2975.00759,778,7128,0.01897533207,0.2239089184
29,0.1,margin_rolling,310,17.55547088,score_margin,1000,2,620,527,0.9290322581,0.9203036053,0.9469006958,3961.658444,5716,7128,0.007590132827,0.3036053131
29,0.1,rank_static,310,3537,rank,21110,40,620,527,0.9370967742,0.9278937381,0.9278937381,3537,3537,3537,0,0
29,0.1,rank_expanding,310,3682,rank,21110,40,620,527,0.9387096774,0.9297912713,0.9297912713,3682,3682,3682,0,0
29,0.1,rank_rolling,310,4072,rank,1000,2,620,527,0.95,0.9430740038,0.9430740038,4072,4072,4072,0,0
29,0.1,margin_static,311,14.83292723,score_margin,21730,41,438,366,0.8538812785,0.8524590164,0.8765027322,2681.382514,407.5,7128,0.02459016393,0.1885245902
29,0.1,margin_rolling,311,16.56112206,score_margin,1000,2,438,366,0.897260274,0.8907103825,0.9180327869,3271.994536,1063.5,7128,0.01366120219,0.2213114754
29,0.1,rank_static,311,3537,rank,21730,41,438,366,0.9292237443,0.9180327869,0.9239526412,3537,3537,3537,0,0
29,0.1,rank_expanding,311,3654,rank,21730,41,438,366,0.9337899543,0.9234972678,0.929417122,3654,3654,3654,0,0
29,0.1,rank_rolling,311,2717,rank,1000,2,438,366,0.9178082192,0.9043715847,0.910291439,2717,2717,2717,0,0
29,0.1,margin_static,312,14.83292723,score_margin,22168,42,460,368,0.8152173913,0.8423913043,0.8659679089,2413.328804,392,7128,0.02445652174,0.1875
29,0.1,margin_rolling,312,16.27792835,score_margin,1000,2,460,368,0.8717391304,0.8885869565,0.9129140787,2977.951087,868,7128,0.01086956522,0.2255434783
29,0.1,rank_static,312,3537,rank,22168,42,460,368,0.9413043478,0.9266304348,0.9374094203,3537,3537,3537,0,0
29,0.1,rank_expanding,312,3634,rank,22168,42,460,368,0.9434782609,0.9293478261,0.9401268116,3634,3634,3634,0,0
29,0.1,rank_rolling,312,1919,rank,1000,2,460,368,0.9195652174,0.8994565217,0.9155797101,1919,1919,1919,0,0
29,0.1,margin_static,313,14.83292723,score_margin,22628,43,794,641,0.8450881612,0.8502340094,0.8833073323,2856.942278,467,7128,0.02808112324,0.224648986
29,0.1,margin_rolling,313,17.34531307,score_margin,1000,3,794,641,0.8979848866,0.8923556942,0.922698908,3646.193448,4079,7128,0.01092043682,0.2995319813
29,0.1,rank_static,313,3537,rank,22628,43,794,641,0.9294710327,0.9126365055,0.9149765991,3537,3537,3537,0,0
29,0.1,rank_expanding,313,3599,rank,22628,43,794,641,0.9319899244,0.9157566303,0.9180967239,3599,3599,3599,0,0
29,0.1,rank_rolling,313,1620,rank,1000,3,794,641,0.8929471033,0.8705148206,0.8769110764,1620,1620,1620,0,0
29,0.1,margin_static,314,14.83292723,score_margin,23422,44,678,585,0.8539823009,0.8581196581,0.8791330891,2985.876923,731,7128,0.03247863248,0.2256410256
29,0.1,margin_rolling,314,17.70479202,score_margin,1000,2,678,585,0.9144542773,0.9111111111,0.9287952788,3929.688889,6089,7128,0.008547008547,0.3025641026
29,0.1,rank_static,314,3537,rank,23422,44,678,585,0.9498525074,0.9418803419,0.9447293447,3537,3537,3537,0,0
29,0.1,rank_expanding,314,3552,rank,23422,44,678,585,0.9498525074,0.9418803419,0.9447293447,3552,3552,3552,0,0
29,0.1,rank_rolling,314,1902,rank,1000,2,678,585,0.907079646,0.8923076923,0.9,1902,1902,1902,0,0
29,0.1,margin_static,315,14.83292723,score_margin,24100,45,774,660,0.8488372093,0.8484848485,0.8699747475,2814.587879,631.5,7128,0.02878787879,0.1878787879
29,0.1,margin_rolling,315,17.7292881,score_margin,1000,2,774,660,0.8888888889,0.8863636364,0.9036868687,3859.733333,5160.5,7128,0.01060606061,0.2893939394
29,0.1,rank_static,315,3537,rank,24100,45,774,660,0.9328165375,0.9257575758,0.9265151515,3537,3537,3537,0,0
29,0.1,rank_expanding,315,3501,rank,24100,45,774,660,0.9328165375,0.9257575758,0.9265151515,3501,3501,3501,0,0
29,0.1,rank_rolling,315,1898,rank,1000,2,774,660,0.8927648579,0.8787878788,0.8873737374,1898,1898,1898,0,0
29,0.1,margin_static,316,14.83292723,score_margin,24874,46,758,622,0.8482849604,0.8424437299,0.8699892819,3074.048232,1201,7128,0.02572347267,0.2395498392
29,0.1,margin_rolling,316,18.98976159,score_margin,1000,2,758,622,0.9300791557,0.9260450161,0.9461950697,4565.448553,7006.5,7128,0.004823151125,0.345659164
29,0.1,rank_static,316,3537,rank,24874,46,758,622,0.907651715,0.8874598071,0.8890675241,3537,3537,3537,0,0
29,0.1,rank_expanding,316,3477,rank,24874,46,758,622,0.9023746702,0.8810289389,0.8826366559,3477,3477,3477,0,0
29,0.1,rank_rolling,316,2273,rank,1000,2,758,622,0.8799472296,0.8536977492,0.8569131833,2273,2273,2273,0,0
29,0.1,margin_static,317,14.83292723,score_margin,25632,47,630,559,0.826984127,0.8282647585,0.850417412,2544.205725,328,7128,0.02683363148,0.1699463327
29,0.1,margin_rolling,317,17.29703045,score_margin,1000,2,630,559,0.8857142857,0.885509839,0.90509839,3377.838998,1707,7128,0.01788908766,0.2468694097
29,0.1,rank_static,317,3537,rank,25632,47,630,559,0.9,0.8872987478,0.8941860465,3537,3537,3537,0,0
29,0.1,rank_expanding,317,3471,rank,25632,47,630,559,0.9,0.8872987478,0.8941860465,3471,3471,3471,0,0
29,0.1,rank_rolling,317,3080,rank,1000,2,630,559,0.8873015873,0.8729874776,0.8807692308,3080,3080,3080,0,0
29,0.1,margin_static,318,14.83292723,score_margin,26262,48,342,308,0.8216374269,0.8279220779,0.8522727273,2538.801948,225.5,7128,0.01623376623,0.2077922078
29,0.1,margin_rolling,318,18.0144189,score_margin,1000,2,342,308,0.9093567251,0.9058441558,0.9237012987,3475.902597,2324.5,7128,0.00974025974,0.2727272727
29,0.1,rank_static,318,3537,rank,26262,48,342,308,0.932748538,0.9253246753,0.9269480519,3537,3537,3537,0,0
29,0.1,rank_expanding,318,3471,rank,26262,48,342,308,0.932748538,0.9253246753,0.9269480519,3471,3471,3471,0,0
29,0.1,rank_rolling,318,3497,rank,1000,2,342,308,0.932748538,0.9253246753,0.9269480519,3497,3497,3497,0,0
29,0.1,margin_static,319,14.83292723,score_margin,26604,49,324,290,0.8487654321,0.8344827586,0.8431034483,2548.041379,364.5,7128,0.02413793103,0.1965517241
29,0.1,margin_rolling,319,17.94970304,score_margin,1000,3,324,290,0.9166666667,0.9068965517,0.9155172414,3477.693103,1971,7128,0.01034482759,0.2724137931
29,0.1,rank_static,319,3537,rank,26604,49,324,290,0.9475308642,0.9413793103,0.9413793103,3537,3537,3537,0,0
29,0.1,rank_expanding,319,3461,rank,26604,49,324,290,0.9444444444,0.9379310345,0.9379310345,3461,3461,3461,0,0
29,0.1,rank_rolling,319,3022,rank,1000,3,324,290,0.9320987654,0.924137931,0.924137931,3022,3022,3022,0,0
29,0.1,margin_static,320,14.83292723,score_margin,26928,50,736,646,0.8383152174,0.8544891641,0.8674578603,3085.447368,802.5,7128,0.02476780186,0.2554179567
29,0.1,margin_rolling,320,17.69925418,score_margin,1000,3,736,646,0.8872282609,0.8978328173,0.9090127279,3946.130031,6170,7128,0.01083591331,0.3482972136
29,0.1,rank_static,320,3537,rank,26928,50,736,646,0.8940217391,0.8823529412,0.8890608875,3537,3537,3537,0,0
29,0.1,rank_expanding,320,3432,rank,26928,50,736,646,0.8940217391,0.8823529412,0.8890608875,3432,3432,3432,0,0
29,0.1,rank_rolling,320,2350,rank,1000,3,736,646,0.8627717391,0.8529411765,0.8578431373,2350,2350,2350,0,0
29,0.1,margin_static,321,14.83292723,score_margin,27664,51,680,603,0.8411764706,0.8291873964,0.8490878939,2869.669983,654,7128,0.02985074627,0.2122719735
29,0.1,margin_rolling,321,18.18120193,score_margin,1000,2,680,603,0.9117647059,0.9021558872,0.9170812604,4092.227197,6295,7128,0.008291873964,0.3266998342
29,0.1,rank_static,321,3537,rank,27664,51,680,603,0.9117647059,0.903814262,0.9096185738,3537,3537,3537,0,0
29,0.1,rank_expanding,321,3440,rank,27664,51,680,603,0.9073529412,0.8988391376,0.9046434494,3440,3440,3440,0,0
29,0.1,rank_rolling,321,3264,rank,1000,2,680,603,0.9,0.8905472637,0.8963515755,3264,3264,3264,0,0
29,0.1,margin_static,322,14.83292723,score_margin,28344,52,668,595,0.8488023952,0.8470588235,0.8638655462,3108.255462,933,7128,0.0218487395,0.2285714286
29,0.1,margin_rolling,322,18.53220367,score_margin,1000,2,668,595,0.9191616766,0.9210084034,0.9282913165,4279.131092,6793,7128,0.005042016807,0.3478991597
29,0.1,rank_static,322,3537,rank,28344,52,668,595,0.8967065868,0.887394958,0.8882352941,3537,3537,3537,0,0
29,0.1,rank_expanding,322,3430,rank,28344,52,668,595,0.8952095808,0.8857142857,0.8865546218,3430,3430,3430,0,0
29,0.1,rank_rolling,322,3397,rank,1000,2,668,595,0.8907185629,0.8806722689,0.881512605,3397,3397,3397,0,0
29,0.1,margin_static,323,14.83292723,score_margin,29012,53,668,600,0.8293413174,0.8233333333,0.8461111111,2863.851667,798.5,7128,0.025,0.2083333333
29,0.1,margin_rolling,323,17.61232662,score_margin,1000,2,668,600,0.9026946108,0.9,0.9119444444,3933.92,5185,7128,0.01,0.2616666667
29,0.1,rank_static,323,3537,rank,29012,53,668,600,0.9071856287,0.8983333333,0.9022222222,3537,3537,3537,0,0
29,0.1,rank_expanding,323,3437,rank,29012,53,668,600,0.9056886228,0.8966666667,0.9005555556,3437,3437,3437,0,0
29,0.1,rank_rolling,323,3459,rank,1000,2,668,600,0.9056886228,0.8966666667,0.9005555556,3459,3459,3459,0,0
29,0.1,margin_static,324,14.83292723,score_margin,29680,54,796,650,0.8065326633,0.8184615385,0.8524102564,2928.867692,617,7128,0.02769230769,0.2092307692
29,0.1,margin_rolling,324,17.95433807,score_margin,1000,2,796,650,0.8944723618,0.8984615385,0.9232564103,3904.007692,5358,7128,0.01076923077,0.3
29,0.1,rank_static,324,3537,rank,29680,54,796,650,0.9409547739,0.9276923077,0.9338461538,3537,3537,3537,0,0
29,0.1,rank_expanding,324,3428,rank,29680,54,796,650,0.9396984925,0.9261538462,0.9323076923,3428,3428,3428,0,0
29,0.1,rank_rolling,324,3394,rank,1000,2,796,650,0.9396984925,0.9261538462,0.9323076923,3394,3394,3394,0,0
29,0.1,margin_static,325,14.83292723,score_margin,30476,55,398,360,0.7587939698,0.7694444444,0.7833333333,2760.552778,271,7128,0.06666666667,0.2194444444
29,0.1,margin_rolling,325,17.69312572,score_margin,1000,2,398,360,0.8693467337,0.8694444444,0.8810185185,3413.952778,1430.5,7128,0.02777777778,0.3027777778
29,0.1,rank_static,325,3537,rank,30476,55,398,360,0.9120603015,0.9027777778,0.9041666667,3537,3537,3537,0,0
29,0.1,rank_expanding,325,3397,rank,30476,55,398,360,0.9020100503,0.8916666667,0.8930555556,3397,3397,3397,0,0
29,0.1,rank_rolling,325,2162,rank,1000,2,398,360,0.8391959799,0.8222222222,0.8291666667,2162,2162,2162,0,0
29,0.1,margin_static,326,14.83292723,score_margin,30874,56,422,348,0.7677725118,0.7902298851,0.808908046,2263.313218,172.5,7128,0.04597701149,0.1551724138
29,0.1,margin_rolling,326,18.42230177,score_margin,1000,2,422,348,0.8625592417,0.867816092,0.8862547893,3143.755747,839,7128,0.008620689655,0.2471264368
29,0.1,rank_static,326,3537,rank,30874,56,422,348,0.9431279621,0.933908046,0.9375,3537,3537,3537,0,0
29,0.1,rank_expanding,326,3396,rank,30874,56,422,348,0.9431279621,0.933908046,0.9375,3396,3396,3396,0,0
29,0.1,rank_rolling,326,2864,rank,1000,2,422,348,0.9289099526,0.9166666667,0.9202586207,2864,2864,2864,0,0
29,0.1,margin_static,327,14.83292723,score_margin,31296,57,738,621,0.7940379404,0.808373591,0.8365807837,2865.73591,551,7128,0.03381642512,0.231884058
29,0.1,margin_rolling,327,19.62324286,score_margin,1000,3,738,621,0.9024390244,0.9082125604,0.930891036,4215.565217,6457,7128,0.008051529791,0.3735909823
29,0.1,rank_static,327,3537,rank,31296,57,738,621,0.9078590786,0.8921095008,0.902791197,3537,3537,3537,0,0
29,0.1,rank_expanding,327,3386,rank,31296,57,738,621,0.9037940379,0.8888888889,0.8992485239,3386,3386,3386,0,0
29,0.1,rank_rolling,327,2853,rank,1000,3,738,621,0.8997289973,0.884057971,0.8954911433,2853,2853,2853,0,0
29,0.1,margin_static,328,14.83292723,score_margin,32034,58,600,526,0.8033333333,0.8155893536,0.8337316676,2853.313688,521.5,7128,0.03231939163,0.1958174905
29,0.1,margin_rolling,328,19.63343358,score_margin,1000,2,600,526,0.9066666667,0.9182509506,0.9306807894,4318.23384,6850,7128,0.003802281369,0.3650190114
29,0.1,rank_static,328,3537,rank,32034,58,600,526,0.935,0.9258555133,0.9283903676,3537,3537,3537,0,0
29,0.1,rank_expanding,328,3383,rank,32034,58,600,526,0.9316666667,0.9220532319,0.9245880862,3383,3383,3383,0,0
29,0.1,rank_rolling,328,2406,rank,1000,2,600,526,0.9133333333,0.9011406844,0.9055766793,2406,2406,2406,0,0
29,0.1,margin_static,329,14.83292723,score_margin,32634,59,684,599,0.8230994152,0.8347245409,0.8514190317,2877.584307,479,7128,0.02170283806,0.2287145242
29,0.1,margin_rolling,329,19.82005787,score_margin,1000,2,684,599,0.9254385965,0.9248747913,0.9380634391,4309.24207,6785,7128,0.001669449082,0.3806343907
29,0.1,rank_static,329,3537,rank,32634,59,684,599,0.9035087719,0.8931552588,0.9015025042,3537,3537,3537,0,0
29,0.1,rank_expanding,329,3360,rank,32634,59,684,599,0.8961988304,0.8848080134,0.8931552588,3360,3360,3360,0,0
29,0.1,rank_rolling,329,2386,rank,1000,2,684,599,0.8728070175,0.858096828,0.8705620479,2386,2386,2386,0,0
29,0.1,margin_static,330,14.83292723,score_margin,33318,60,640,580,0.8140625,0.8206896552,0.8308908046,2717.087931,468,7128,0.0275862069,0.1931034483
29,0.1,margin_rolling,330,18.89787292,score_margin,1000,2,640,580,0.925,0.9275862069,0.9386494253,4114.617241,6208,7128,0.006896551724,0.3275862069
29,0.1,rank_static,330,3537,rank,33318,60,640,580,0.915625,0.9068965517,0.9086206897,3537,3537,3537,0,0
29,0.1,rank_expanding,330,3362,rank,33318,60,640,580,0.9140625,0.9051724138,0.9068965517,3362,3362,3362,0,0
29,0.1,rank_rolling,330,3305,rank,1000,2,640,580,0.9125,0.9034482759,0.9051724138,3305,3305,3305,0,0
29,0.1,margin_static,331,14.83292723,score_margin,33958,61,506,474,0.837944664,0.8375527426,0.845464135,2746.390295,342.5,7128,0.02742616034,0.1962025316
29,0.1,margin_rolling,331,17.5749321,score_margin,1000,2,506,474,0.8972332016,0.8987341772,0.9024261603,3560.985232,1981,7128,0.01687763713,0.2721518987
29,0.1,rank_static,331,3537,rank,33958,61,506,474,0.9071146245,0.9008438819,0.9029535865,3537,3537,3537,0,0
29,0.1,rank_expanding,331,3353,rank,33958,61,506,474,0.9031620553,0.8966244726,0.8987341772,3353,3353,3353,0,0
29,0.1,rank_rolling,331,3256,rank,1000,2,506,474,0.8992094862,0.8924050633,0.8945147679,3256,3256,3256,0,0
29,0.1,margin_static,332,14.83292723,score_margin,34464,62,318,300,0.8176100629,0.82,0.8266666667,2620.266667,314,7128,0.05,0.22
29,0.1,margin_rolling,332,17.34790039,score_margin,1000,2,318,300,0.893081761,0.8933333333,0.9011111111,3279.056667,1383.5,7128,0.02666666667,0.27
29,0.1,rank_static,332,3537,rank,34464,62,318,300,0.9433962264,0.94,0.94,3537,3537,3537,0,0
29,0.1,rank_expanding,332,3353,rank,34464,62,318,300,0.9371069182,0.9333333333,0.9333333333,3353,3353,3353,0,0
29,0.1,rank_rolling,332,3130,rank,1000,2,318,300,0.927672956,0.9233333333,0.9233333333,3130,3130,3130,0,0
29,0.1,margin_static,333,14.83292723,score_margin,34782,63,342,312,0.8011695906,0.7948717949,0.8151709402,2745.198718,362,7128,0.04807692308,0.2179487179
29,0.1,margin_rolling,333,17.38923836,score_margin,1000,3,342,312,0.8684210526,0.8621794872,0.8814102564,3468.653846,1558.5,7128,0.02564102564,0.2916666667
29,0.1,rank_static,333,3537,rank,34782,63,342,312,0.918128655,0.9102564103,0.9102564103,3537,3537,3537,0,0
29,0.1,rank_expanding,333,3345,rank,34782,63,342,312,0.9122807018,0.9038461538,0.9038461538,3345,3345,3345,0,0
29,0.1,rank_rolling,333,2839,rank,1000,3,342,312,0.8830409357,0.8717948718,0.8733974359,2839,2839,2839,0,0
29,0.1,margin_static,334,14.83292723,score_margin,35124,64,700,633,0.8385714286,0.8404423381,0.8518167457,2555.879937,369,7128,0.04107424961,0.1990521327
29,0.1,margin_rolling,334,18.10497616,score_margin,1000,3,700,633,0.9028571429,0.9083728278,0.9186940495,3676.935229,4538,7128,0.02369668246,0.2859399684
29,0.1,rank_static,334,3537,rank,35124,64,700,633,0.8957142857,0.8894154818,0.8917851501,3537,3537,3537,0,0
29,0.1,rank_expanding,334,3343,rank,35124,64,700,633,0.8885714286,0.8846761453,0.8875724065,3343,3343,3343,0,0
29,0.1,rank_rolling,334,2965,rank,1000,3,700,633,0.8814285714,0.8767772512,0.8807266983,2965,2965,2965,0,0
29,0.1,margin_static,335,14.83292723,score_margin,35824,65,656,587,0.8277439024,0.8279386712,0.8438955139,2644.824532,383,7128,0.03066439523,0.2163543441
29,0.1,margin_rolling,335,18.34412098,score_margin,1000,2,656,587,0.887195122,0.8892674617,0.904088586,3683.642249,4259,7128,0.01703577513,0.3100511073
29,0.1,rank_static,335,3537,rank,35824,65,656,587,0.9009146341,0.8926746167,0.8994889267,3537,3537,3537,0,0
29,0.1,rank_expanding,335,3348,rank,35824,65,656,587,0.8932926829,0.8841567291,0.8940942646,3348,3348,3348,0,0
29,0.1,rank_rolling,335,3546,rank,1000,2,656,587,0.9024390244,0.8943781942,0.9003407155,3546,3546,3546,0,0
29,0.1,margin_static,336,14.83292723,score_margin,36480,66,632,551,0.7800632911,0.7749546279,0.8006049607,2722.488203,474,7128,0.04174228675,0.2250453721
29,0.1,margin_rolling,336,19.13067627,score_margin,1000,2,632,551,0.8908227848,0.8856624319,0.9029643073,4026.784029,5931,7128,0.0108892922,0.3375680581
29,0.1,rank_static,336,3537,rank,36480,66,632,551,0.8655063291,0.8529945554,0.8599818512,3537,3537,3537,0,0
29,0.1,rank_expanding,336,3351,rank,36480,66,632,551,0.8481012658,0.833030853,0.8444041137,3351,3351,3351,0,0
29,0.1,rank_rolling,336,3471,rank,1000,2,632,551,0.8639240506,0.8511796733,0.8595281307,3471,3471,3471,0,0
29,0.1,margin_static,337,14.83292723,score_margin,37112,67,552,492,0.8170289855,0.8231707317,0.8386856369,2664.121951,391,7128,0.0325203252,0.1829268293
29,0.1,margin_rolling,337,19.59536982,score_margin,1000,2,552,492,0.9039855072,0.912601626,0.9233739837,3954.99187,6023.5,7128,0.006097560976,0.3394308943
29,0.1,rank_static,337,3537,rank,37112,67,552,492,0.893115942,0.8800813008,0.8824525745,3537,3537,3537,0,0
29,0.1,rank_expanding,337,3383,rank,37112,67,552,492,0.8858695652,0.8719512195,0.8763550136,3383,3383,3383,0,0
29,0.1,rank_rolling,337,4133,rank,1000,2,552,492,0.9184782609,0.9085365854,0.9085365854,4133,4133,4133,0,0
29,0.1,margin_static,338,14.83292723,score_margin,37664,68,496,457,0.7963709677,0.8096280088,0.8154631656,2624.881838,408,7128,0.04595185996,0.1947483589
29,0.1,margin_rolling,338,19.81841755,score_margin,1000,2,496,457,0.9092741935,0.9234135667,0.9310722101,4164.16849,6171,7128,0.006564551422,0.3260393873
29,0.1,rank_static,338,3537,rank,37664,68,496,457,0.8568548387,0.8512035011,0.8580598104,3537,3537,3537,0,0
29,0.1,rank_expanding,338,3388,rank,37664,68,496,457,0.8508064516,0.8446389497,0.8514952589,3388,3388,3388,0,0
29,0.1,rank_rolling,338,3961,rank,1000,2,496,457,0.877016129,0.8730853392,0.8781911014,3961,3961,3961,0,0
29,0.1,margin_static,339,14.83292723,score_margin,38160,69,328,297,0.8170731707,0.8148148148,0.8344556678,1984.117845,175,7128,0.06397306397,0.1077441077
29,0.1,margin_rolling,339,18.94481677,score_margin,1000,2,328,297,0.9054878049,0.8956228956,0.9048821549,3415.636364,2015,7128,0.0303030303,0.2188552189
29,0.1,rank_static,339,3537,rank,38160,69,328,297,0.8902439024,0.8888888889,0.8945005612,3537,3537,3537,0,0
29,0.1,rank_expanding,339,3398,rank,38160,69,328,297,0.8902439024,0.8888888889,0.8945005612,3398,3398,3398,0,0
29,0.1,rank_rolling,339,4197,rank,1000,2,328,297,0.8993902439,0.898989899,0.9046015713,4197,4197,4197,0,0
29,0.1,margin_static,340,14.83292723,score_margin,38488,70,328,303,0.7896341463,0.795379538,0.8096809681,2564.656766,276,7128,0.0396039604,0.1782178218
29,0.1,margin_rolling,340,18.9263134,score_margin,1000,3,328,303,0.8902439024,0.8943894389,0.9053905391,3708.217822,3994,7128,0.02310231023,0.3102310231
29,0.1,rank_static,340,3537,rank,38488,70,328,303,0.8993902439,0.8910891089,0.8910891089,3537,3537,3537,0,0
29,0.1,rank_expanding,340,3401,rank,38488,70,328,303,0.8963414634,0.8877887789,0.8894389439,3401,3401,3401,0,0
29,0.1,rank_rolling,340,4314,rank,1000,3,328,303,0.9115853659,0.904290429,0.904290429,4314,4314,4314,0,0
29,0.1,margin_static,341,14.83292723,score_margin,38816,71,576,519,0.8194444444,0.8304431599,0.8452793834,2533.308285,385,7128,0.04624277457,0.1791907514
29,0.1,margin_rolling,341,19.14335155,score_margin,1000,3,576,519,0.8975694444,0.9132947977,0.9236351959,3922.55106,6166,7128,0.01156069364,0.3082851638
29,0.1,rank_static,341,3537,rank,38816,71,576,519,0.9184027778,0.9094412331,0.9113680154,3537,3537,3537,0,0
29,0.1,rank_expanding,341,3401,rank,38816,71,576,519,0.9166666667,0.9075144509,0.910982659,3401,3401,3401,0,0
29,0.1,rank_rolling,341,4315,rank,1000,3,576,519,0.9409722222,0.9344894027,0.936416185,4315,4315,4315,0,0
29,0.1,margin_static,342,14.83292723,score_margin,39392,72,636,565,0.8081761006,0.814159292,0.8303834808,2651.764602,298,7128,0.04424778761,0.2230088496
29,0.1,margin_rolling,342,19.3082304,score_margin,1000,3,636,565,0.8867924528,0.8849557522,0.901179941,3861.697345,5137,7128,0.01238938053,0.3362831858
29,0.1,rank_static,342,3537,rank,39392,72,636,565,0.8993710692,0.8867256637,0.8935103245,3537,3537,3537,0,0
29,0.1,rank_expanding,342,3397,rank,39392,72,636,565,0.891509434,0.8778761062,0.885840708,3397,3397,3397,0,0
29,0.1,rank_rolling,342,3082,rank,1000,3,636,565,0.8852201258,0.8707964602,0.8805309735,3082,3082,3082,0,0
29,0.1,margin_static,343,14.83292723,score_margin,40028,73,642,567,0.7959501558,0.7901234568,0.8063492063,2908.12522,576,7128,0.03703703704,0.2239858907
29,0.1,margin_rolling,343,20.39088368,score_margin,1000,2,642,567,0.9003115265,0.897707231,0.911287478,4640.026455,7020,7128,0.01058201058,0.3897707231
29,0.1,rank_static,343,3537,rank,40028,73,642,567,0.8769470405,0.8641975309,0.8707524985,3537,3537,3537,0,0
29,0.1,rank_expanding,343,3399,rank,40028,73,642,567,0.8691588785,0.8553791887,0.8628159906,3399,3399,3399,0,0
29,0.1,rank_rolling,343,3407,rank,1000,2,642,567,0.8691588785,0.8553791887,0.8628159906,3407,3407,3407,0,0
29,0.1,margin_static,344,14.83292723,score_margin,40670,74,650,582,0.7892307692,0.7852233677,0.8064146621,2713.958763,269.5,7128,0.04467353952,0.2130584192
29,0.1,margin_rolling,344,20.19785547,score_margin,1000,2,650,582,0.8815384615,0.8780068729,0.8940435281,4111.331615,6381,7128,0.01030927835,0.3573883162
29,0.1,rank_static,344,3537,rank,40670,74,650,582,0.8892307692,0.8762886598,0.8788659794,3537,3537,3537,0,0
29,0.1,rank_expanding,344,3411,rank,40670,74,650,582,0.8861538462,0.8728522337,0.8754295533,3411,3411,3411,0,0
29,0.1,rank_rolling,344,3934,rank,1000,2,650,582,0.9046153846,0.8934707904,0.89604811,3934,3934,3934,0,0
29,0.1,margin_static,345,14.83292723,score_margin,41320,75,586,501,0.8156996587,0.8003992016,0.8210246174,2855.07984,409,7128,0.04191616766,0.2315369261
29,0.1,margin_rolling,345,21.38486862,score_margin,1000,2,586,501,0.9215017065,0.9141716567,0.9271457086,4421.902196,7043,7128,0.003992015968,0.3952095808
29,0.1,rank_static,345,3537,rank,41320,75,586,501,0.9061433447,0.8902195609,0.8942115768,3537,3537,3537,0,0
29,0.1,rank_expanding,345,3416,rank,41320,75,586,501,0.9010238908,0.8842315369,0.8902195609,3416,3416,3416,0,0
29,0.1,rank_rolling,345,3922,rank,1000,2,586,501,0.9180887372,0.9041916168,0.9081836327,3922,3922,3922,0,0
29,0.1,margin_static,346,14.83292723,score_margin,41906,76,224,197,0.7991071429,0.7969543147,0.8257191201,1981.568528,125,7128,0.05076142132,0.1827411168
29,0.1,margin_rolling,346,20.35369635,score_margin,1000,2,224,197,0.90625,0.9086294416,0.923857868,3277.903553,1129,7128,0.005076142132,0.2588832487
29,0.1,rank_static,346,3537,rank,41906,76,224,197,0.9330357143,0.923857868,0.9314720812,3537,3537,3537,0,0
29,0.1,rank_expanding,346,3416,rank,41906,76,224,197,0.9285714286,0.9187817259,0.9263959391,3416,3416,3416,0,0
29,0.1,rank_rolling,346,3663,rank,1000,2,224,197,0.9375,0.9289340102,0.9365482234,3663,3663,3663,0,0
29,0.1,margin_static,347,14.83292723,score_margin,42130,77,306,277,0.8300653595,0.8303249097,0.8423586041,2103.083032,147,7128,0.05054151625,0.1768953069
29,0.1,margin_rolling,347,19.92079544,score_margin,1000,3,306,277,0.9150326797,0.9205776173,0.9265944645,3335.545126,1200,7128,0.01805054152,0.2779783394
29,0.1,rank_static,347,3537,rank,42130,77,306,277,0.9117647059,0.9025270758,0.9049338147,3537,3537,3537,0,0
29,0.1,rank_expanding,347,3412,rank,42130,77,306,277,0.9052287582,0.8953068592,0.8977135981,3412,3412,3412,0,0
29,0.1,rank_rolling,347,3370,rank,1000,3,306,277,0.9052287582,0.8953068592,0.8977135981,3370,3370,3370,0,0
29,0.1,margin_static,348,14.83292723,score_margin,42436,78,714,610,0.8053221289,0.8,0.8207650273,2472.609836,229.5,7128,0.05573770492,0.1770491803
29,0.1,margin_rolling,348,19.3563318,score_margin,1000,3,714,610,0.893557423,0.8950819672,0.9069672131,3582.927869,3170,7128,0.01967213115,0.3147540984
29,0.1,rank_static,348,3537,rank,42436,78,714,610,0.9019607843,0.8852459016,0.8868852459,3537,3537,3537,0,0
29,0.1,rank_expanding,348,3411,rank,42436,78,714,610,0.8977591036,0.8803278689,0.8827868852,3411,3411,3411,0,0
29,0.1,rank_rolling,348,3332,rank,1000,3,714,610,0.8977591036,0.8803278689,0.8827868852,3332,3332,3332,0,0
29,0.1,margin_static,349,14.83292723,score_margin,43150,79,600,545,0.7716666667,0.7779816514,0.7951070336,2490.07156,201,7128,0.03302752294,0.1779816514
29,0.1,margin_rolling,349,19.61287045,score_margin,1000,2,600,545,0.8583333333,0.8587155963,0.8718654434,3551.111927,3613,7128,0.0128440367,0.3064220183
29,0.1,rank_static,349,3537,rank,43150,79,600,545,0.9016666667,0.8917431193,0.8944954128,3537,3537,3537,0,0
29,0.1,rank_expanding,349,3412,rank,43150,79,600,545,0.9,0.8899082569,0.8926605505,3412,3412,3412,0,0
29,0.1,rank_rolling,349,3453,rank,1000,2,600,545,0.9016666667,0.8917431193,0.8944954128,3453,3453,3453,0,0
29,0.1,margin_static,350,14.83292723,score_margin,43750,80,656,560,0.7759146341,0.7732142857,0.7975297619,2120.855357,169.5,7128,0.06428571429,0.1357142857
29,0.1,margin_rolling,350,21.57999039,score_margin,1000,2,656,560,0.9115853659,0.9053571429,0.9253571429,3830.208929,5158,7128,0.008928571429,0.3214285714
29,0.1,rank_static,350,3537,rank,43750,80,656,560,0.9085365854,0.8982142857,0.9014880952,3537,3537,3537,0,0
29,0.1,rank_expanding,350,3412,rank,43750,80,656,560,0.9070121951,0.8964285714,0.9005952381,3412,3412,3412,0,0
29,0.1,rank_rolling,350,3371,rank,1000,2,656,560,0.9054878049,0.8946428571,0.8988095238,3371,3371,3371,0,0
29,0.1,margin_static,351,14.83292723,score_margin,44406,81,522,476,0.7720306513,0.7794117647,0.7990196078,2128.260504,126.5,7128,0.06722689076,0.1743697479
29,0.1,margin_rolling,351,21.27553248,score_margin,1000,2,522,476,0.867816092,0.8718487395,0.893557423,3638.079832,4027.5,7128,0.01470588235,0.3004201681
29,0.1,rank_static,351,3537,rank,44406,81,522,476,0.8831417625,0.8718487395,0.8718487395,3537,3537,3537,0,0
29,0.1,rank_expanding,351,3409,rank,44406,81,522,476,0.8831417625,0.8718487395,0.8718487395,3409,3409,3409,0,0
29,0.1,rank_rolling,351,3371,rank,1000,2,522,476,0.8793103448,0.8676470588,0.8676470588,3371,3371,3371,0,0
29,0.1,margin_static,352,14.83292723,score_margin,44928,82,462,415,0.7359307359,0.7397590361,0.7593373494,2075.643373,174,7128,0.06987951807,0.1590361446
29,0.1,margin_rolling,352,22.07932663,score_margin,1000,2,462,415,0.9069264069,0.9156626506,0.9343373494,4004.318072,6114,7128,0.01204819277,0.3180722892
29,0.1,rank_static,352,3537,rank,44928,82,462,415,0.9415584416,0.9397590361,0.9409638554,3537,3537,3537,0,0
29,0.1,rank_expanding,352,3414,rank,44928,82,462,415,0.9372294372,0.934939759,0.9373493976,3414,3414,3414,0,0
29,0.1,rank_rolling,352,3707,rank,1000,2,462,415,0.9437229437,0.9421686747,0.943373494,3707,3707,3707,0,0
29,0.1,margin_static,353,14.83292723,score_margin,45390,83,242,226,0.7148760331,0.7168141593,0.7278761062,1895.575221,120,7128,0.1061946903,0.1460176991
29,0.1,margin_rolling,353,22.64703369,score_margin,1000,3,242,226,0.8884297521,0.889380531,0.8982300885,3816.017699,5267.5,7128,0.008849557522,0.3362831858
29,0.1,rank_static,353,3537,rank,45390,83,242,226,0.9090909091,0.9026548673,0.907079646,3537,3537,3537,0,0
29,0.1,rank_expanding,353,3403,rank,45390,83,242,226,0.9090909091,0.9026548673,0.907079646,3403,3403,3403,0,0
29,0.1,rank_rolling,353,3241,rank,1000,3,242,226,0.9008264463,0.8938053097,0.9004424779,3241,3241,3241,0,0
29,0.1,margin_static,354,14.83292723,score_margin,45632,84,238,227,0.7521008403,0.7533039648,0.7591776799,2271.277533,183,7128,0.04845814978,0.1806167401
29,0.1,margin_rolling,354,22.86717415,score_margin,1000,3,238,227,0.9159663866,0.9118942731,0.9214390602,4342.14978,6927,7128,0.004405286344,0.3700440529
29,0.1,rank_static,354,3537,rank,45632,84,238,227,0.8991596639,0.8942731278,0.8942731278,3537,3537,3537,0,0
29,0.1,rank_expanding,354,3402,rank,45632,84,238,227,0.8907563025,0.8854625551,0.8854625551,3402,3402,3402,0,0
29,0.1,rank_rolling,354,3135,rank,1000,3,238,227,0.8697478992,0.8634361233,0.8634361233,3135,3135,3135,0,0
29,0.1,margin_static,355,14.83292723,score_margin,45870,85,578,506,0.7058823529,0.7233201581,0.7460003764,2475.215415,244.5,7128,0.06719367589,0.1996047431
29,0.1,margin_rolling,355,23.23420763,score_margin,1000,4,578,506,0.9031141869,0.9130434783,0.9293713533,4553.928854,7097,7128,0.009881422925,0.4268774704
29,0.1,rank_static,355,3537,rank,45870,85,578,506,0.8529411765,0.8458498024,0.8571899115,3537,3537,3537,0,0
29,0.1,rank_expanding,355,3403,rank,45870,85,578,506,0.8477508651,0.8418972332,0.8539431583,3403,3403,3403,0,0
29,0.1,rank_rolling,355,3129,rank,1000,4,578,506,0.839100346,0.8320158103,0.8440617354,3129,3129,3129,0,0
29,0.1,margin_static,356,14.83292723,score_margin,46448,86,548,483,0.7445255474,0.7474120083,0.7632850242,2409.258799,176,7128,0.06004140787,0.1759834369
29,0.1,margin_rolling,356,22.76505122,score_margin,1000,3,548,483,0.9032846715,0.900621118,0.9123533471,4162.654244,6799,7128,0.004140786749,0.380952381
29,0.1,rank_static,356,3537,rank,46448,86,548,483,0.8740875912,0.8778467909,0.8806073154,3537,3537,3537,0,0
29,0.1,rank_expanding,356,3425,rank,46448,86,548,483,0.8740875912,0.8778467909,0.8806073154,3425,3425,3425,0,0
29,0.1,rank_rolling,356,4675,rank,1000,3,548,483,0.9051094891,0.900621118,0.9047619048,4675,4675,4675,0,0
29,0.1,margin_static,357,14.83292723,score_margin,46996,87,406,363,0.7684729064,0.7768595041,0.7906336088,1593.730028,121,7128,0.06887052342,0.1046831956
29,0.1,margin_rolling,357,22.6550293,score_margin,1000,2,406,363,0.9310344828,0.9283746556,0.9432966024,3813.796143,5363,7128,0.01377410468,0.2644628099
29,0.1,rank_static,357,3537,rank,46996,87,406,363,0.9113300493,0.91184573,0.9159779614,3537,3537,3537,0,0
29,0.1,rank_expanding,357,3438,rank,46996,87,406,363,0.9113300493,0.91184573,0.9159779614,3438,3438,3438,0,0
29,0.1,rank_rolling,357,4801,rank,1000,2,406,363,0.9310344828,0.9338842975,0.935261708,4801,4801,4801,0,0
29,0.1,margin_static,358,14.83292723,score_margin,47402,88,300,276,0.76,0.7717391304,0.7820048309,1700.221014,78.5,7128,0.03985507246,0.1557971014
29,0.1,margin_rolling,358,21.91377831,score_margin,1000,3,300,276,0.8966666667,0.8876811594,0.9064009662,3224.351449,1087,7128,0.01086956522,0.2427536232
29,0.1,rank_static,358,3537,rank,47402,88,300,276,0.9233333333,0.9166666667,0.9166666667,3537,3537,3537,0,0
29,0.1,rank_expanding,358,3434,rank,47402,88,300,276,0.9133333333,0.9057971014,0.9076086957,3434,3434,3434,0,0
29,0.1,rank_rolling,358,3793,rank,1000,3,300,276,0.93,0.9239130435,0.9239130435,3793,3793,3793,0,0
29,0.1,margin_static,359,14.83292723,score_margin,47702,89,330,312,0.8363636364,0.8397435897,0.8482905983,2782.192308,413.5,7128,0.02564102564,0.2275641026
29,0.1,margin_rolling,359,21.67819643,score_margin,1000,3,330,312,0.9484848485,0.9455128205,0.9545940171,4578.557692,7097.5,7128,0.00641025641,0.4070512821
29,0.1,rank_static,359,3537,rank,47702,89,330,312,0.9272727273,0.9230769231,0.9230769231,3537,3537,3537,0,0
29,0.1,rank_expanding,359,3430,rank,47702,89,330,312,0.9212121212,0.9166666667,0.9182692308,3430,3430,3430,0,0
29,0.1,rank_rolling,359,3455,rank,1000,3,330,312,0.9212121212,0.9166666667,0.9182692308,3455,3455,3455,0,0
29,0.1,margin_static,360,14.83292723,score_margin,48032,90,228,214,0.7543859649,0.7523364486,0.7710280374,1864.448598,101.5,7128,0.07943925234,0.1308411215
29,0.1,margin_rolling,360,19.68205589,score_margin,1000,3,228,214,0.8728070175,0.8738317757,0.8831775701,3072.098131,938.5,7128,0.03271028037,0.2476635514
29,0.1,rank_static,360,3537,rank,48032,90,228,214,0.9254385965,0.9205607477,0.9228971963,3537,3537,3537,0,0
29,0.1,rank_expanding,360,3424,rank,48032,90,228,214,0.9254385965,0.9205607477,0.9228971963,3424,3424,3424,0,0
29,0.1,rank_rolling,360,2846,rank,1000,3,228,214,0.9210526316,0.9158878505,0.9182242991,2846,2846,2846,0,0
29,0.1,margin_static,361,14.83292723,score_margin,48260,91,246,226,0.7601626016,0.7566371681,0.7728613569,1787.40708,62.5,7128,0.09292035398,0.1238938053
29,0.1,margin_rolling,361,21.31058407,score_margin,1000,4,246,226,0.8861788618,0.8805309735,0.889380531,3166.654867,1105,7128,0.03539823009,0.2477876106
29,0.1,rank_static,361,3537,rank,48260,91,246,226,0.9349593496,0.9292035398,0.9292035398,3537,3537,3537,0,0
29,0.1,rank_expanding,361,3416,rank,48260,91,246,226,0.9349593496,0.9292035398,0.9292035398,3416,3416,3416,0,0
29,0.1,rank_rolling,361,2540,rank,1000,4,246,226,0.8983739837,0.889380531,0.8915929204,2540,2540,2540,0,0
29,0.1,margin_static,362,14.83292723,score_margin,48506,92,620,530,0.7483870968,0.7867924528,0.8124618149,1785.739623,91.5,7128,0.07169811321,0.1471698113
29,0.1,margin_rolling,362,20.34046936,score_margin,1000,4,620,530,0.8483870968,0.8773584906,0.9003773585,3117.635849,1044,7128,0.01886792453,0.2452830189
29,0.1,rank_static,362,3537,rank,48506,92,620,530,0.9209677419,0.9113207547,0.9122641509,3537,3537,3537,0,0
29,0.1,rank_expanding,362,3413,rank,48506,92,620,530,0.914516129,0.9037735849,0.9047169811,3413,3413,3413,0,0
29,0.1,rank_rolling,362,2426,rank,1000,4,620,530,0.8806451613,0.8641509434,0.870754717,2426,2426,2426,0,0
29,0.1,margin_static,363,14.83292723,score_margin,49126,93,386,353,0.8082901554,0.8130311615,0.8288479698,1912.025496,79,7128,0.09631728045,0.1529745042
29,0.1,margin_rolling,363,23.17403412,score_margin,1000,3,386,353,0.9248704663,0.9291784703,0.9393295562,3755.634561,4672,7128,0.01416430595,0.2946175637
29,0.1,rank_static,363,3537,rank,49126,93,386,353,0.9041450777,0.8980169972,0.9013220019,3537,3537,3537,0,0
29,0.1,rank_expanding,363,3407,rank,49126,93,386,353,0.9041450777,0.8980169972,0.9013220019,3407,3407,3407,0,0
29,0.1,rank_rolling,363,2940,rank,1000,3,386,353,0.8886010363,0.88101983,0.8843248347,2940,2940,2940,0,0
29,0.1,margin_static,364,14.83292723,score_margin,49512,94,354,329,0.7542372881,0.7537993921,0.7677304965,1696.972644,89,7128,0.08510638298,0.1550151976
29,0.1,margin_rolling,364,22.62521553,score_margin,1000,2,354,329,0.8983050847,0.8996960486,0.9078014184,3665.054711,4126,7128,0.02431610942,0.2765957447
29,0.1,rank_static,364,3537,rank,49512,94,354,329,0.9237288136,0.9179331307,0.9209726444,3537,3537,3537,0,0
29,0.1,rank_expanding,364,3407,rank,49512,94,354,329,0.9209039548,0.914893617,0.9179331307,3407,3407,3407,0,0
29,0.1,rank_rolling,364,3190,rank,1000,2,354,329,0.9152542373,0.9088145897,0.9118541033,3190,3190,3190,0,0
29,0.2,margin_static,292,14.67058563,score_margin,11270,22,730,658,0.8876712329,0.8981762918,0.9092198582,3796.021277,5057,7128,0.007598784195,0.358662614
29,0.2,margin_rolling,292,14.24217987,score_margin,1000,3,730,658,0.8863013699,0.8981762918,0.9084599797,3659.834347,4229.5,7128,0.009118541033,0.3419452888
29,0.2,rank_static,292,3619,rank,11270,22,730,658,0.897260274,0.8920972644,0.8958966565,3619,3619,3619,0,0
29,0.2,rank_expanding,292,3619,rank,11270,22,730,658,0.897260274,0.8920972644,0.8958966565,3619,3619,3619,0,0
29,0.2,rank_rolling,292,2716,rank,1000,3,730,658,0.8643835616,0.8617021277,0.8655015198,2716,2716,2716,0,0
29,0.2,margin_static,293,14.67058563,score_margin,12000,23,658,581,0.8981762918,0.9053356282,0.9231210557,4109.289157,6430,7128,0.01204819277,0.3511187608
29,0.2,margin_rolling,293,14.5790143,score_margin,1000,2,658,581,0.8951367781,0.9018932874,0.9196787149,4080.815835,6331,7128,0.01204819277,0.3459552496
29,0.2,rank_static,293,3619,rank,12000,23,658,581,0.8753799392,0.8640275387,0.8714859438,3619,3619,3619,0,0
29,0.2,rank_expanding,293,3629,rank,12000,23,658,581,0.8753799392,0.8640275387,0.8714859438,3629,3629,3629,0,0
29,0.2,rank_rolling,293,3374,rank,1000,2,658,581,0.8632218845,0.8502581756,0.8591508893,3374,3374,3374,0,0
29,0.2,margin_static,294,14.67058563,score_margin,12658,24,618,538,0.8349514563,0.8401486989,0.8663878563,3748.44052,4392,7128,0.01672862454,0.3475836431
29,0.2,margin_rolling,294,15.65586281,score_margin,1000,2,618,538,0.8754045307,0.8791821561,0.9002168525,4082.827138,6254.5,7128,0.01301115242,0.3940520446
29,0.2,rank_static,294,3619,rank,12658,24,618,538,0.8754045307,0.8587360595,0.8652416357,3619,3619,3619,0,0
29,0.2,rank_expanding,294,3668,rank,12658,24,618,538,0.8770226537,0.8605947955,0.8671003717,3668,3668,3668,0,0
29,0.2,rank_rolling,294,3949,rank,1000,2,618,538,0.8899676375,0.875464684,0.8819702602,3949,3949,3949,0,0
29,0.2,margin_static,295,14.67058563,score_margin,13276,25,666,578,0.8783783784,0.8858131488,0.9057670127,3900.216263,5225.5,7128,0.008650519031,0.339100346
29,0.2,margin_rolling,295,16.57697487,score_margin,1000,2,666,578,0.9114114114,0.9134948097,0.933160323,4645.470588,7037,7128,0.005190311419,0.4083044983
29,0.2,rank_static,295,3619,rank,13276,25,666,578,0.8948948949,0.8806228374,0.8855247982,3619,3619,3619,0,0
29,0.2,rank_expanding,295,3693,rank,13276,25,666,578,0.8948948949,0.8806228374,0.8855247982,3693,3693,3693,0,0
29,0.2,rank_rolling,295,4381,rank,1000,2,666,578,0.9234234234,0.9117647059,0.9166666667,4381,4381,4381,0,0
29,0.2,margin_static,296,14.67058563,score_margin,13942,26,516,466,0.8565891473,0.8605150215,0.8766809728,3866.332618,5600.5,7128,0.01072961373,0.3519313305
29,0.2,margin_rolling,296,16.59823976,score_margin,1000,2,516,466,0.8953488372,0.8927038627,0.9115164521,4403.197425,7075.5,7128,0.002145922747,0.4334763948
29,0.2,rank_static,296,3619,rank,13942,26,516,466,0.9166666667,0.9077253219,0.910944206,3619,3619,3619,0,0
29,0.2,rank_expanding,296,3697,rank,13942,26,516,466,0.9166666667,0.9077253219,0.910944206,3697,3697,3697,0,0
29,0.2,rank_rolling,296,3819,rank,1000,2,516,466,0.9186046512,0.9098712446,0.9130901288,3819,3819,3819,0,0
29,0.2,margin_static,297,14.67058563,score_margin,14458,27,292,254,0.8356164384,0.8661417323,0.875984252,3242.874016,817,7128,0.0157480315,0.2795275591
29,0.2,margin_rolling,297,16.59823976,score_margin,1000,2,292,254,0.8698630137,0.8976377953,0.9101049869,3752.846457,4757.5,7128,0.007874015748,0.3503937008
29,0.2,rank_static,297,3619,rank,14458,27,292,254,0.8630136986,0.8464566929,0.8556430446,3619,3619,3619,0,0
29,0.2,rank_expanding,297,3686,rank,14458,27,292,254,0.8664383562,0.8503937008,0.8595800525,3686,3686,3686,0,0
29,0.2,rank_rolling,297,3287,rank,1000,2,292,254,0.8595890411,0.842519685,0.8546587927,3287,3287,3287,0,0
29,0.2,margin_static,298,14.67058563,score_margin,14750,28,252,224,0.8650793651,0.8705357143,0.888764881,3256.450893,1249,7128,0.01785714286,0.3125
29,0.2,margin_rolling,298,17.83734727,score_margin,1000,3,252,224,0.9285714286,0.9419642857,0.9505208333,4427.209821,7062.5,7128,0.004464285714,0.3839285714
29,0.2,rank_static,298,3619,rank,14750,28,252,224,0.8571428571,0.8392857143,0.8459821429,3619,3619,3619,0,0
29,0.2,rank_expanding,298,3700,rank,14750,28,252,224,0.8571428571,0.8392857143,0.8459821429,3700,3700,3700,0,0
29,0.2,rank_rolling,298,3838,rank,1000,3,252,224,0.8650793651,0.8482142857,0.8526785714,3838,3838,3838,0,0
29,0.2,margin_static,299,14.67058563,score_margin,15002,29,702,615,0.8504273504,0.8682926829,0.8834920635,3603.239024,4238,7128,0.0243902439,0.2780487805
29,0.2,margin_rolling,299,16.94033718,score_margin,1000,3,702,615,0.8931623932,0.9105691057,0.9218815331,4274.045528,6919,7128,0.00325203252,0.3804878049
29,0.2,rank_static,299,3619,rank,15002,29,702,615,0.9273504274,0.9170731707,0.9178861789,3619,3619,3619,0,0
29,0.2,rank_expanding,299,3727,rank,15002,29,702,615,0.9273504274,0.9170731707,0.9178861789,3727,3727,3727,0,0
29,0.2,rank_rolling,299,3904,rank,1000,3,702,615,0.933048433,0.9235772358,0.9235772358,3904,3904,3904,0,0
29,0.2,margin_static,300,14.67058563,score_margin,15704,30,664,573,0.859939759,0.8638743455,0.8915551677,3807.230366,5317,7128,0.01919720768,0.3455497382
29,0.2,margin_rolling,300,17.08553982,score_margin,1000,3,664,573,0.9036144578,0.9057591623,0.9273802598,4521.478185,7095,7128,0.006980802792,0.427574171
29,0.2,rank_static,300,3619,rank,15704,30,664,573,0.8765060241,0.8603839442,0.8679464805,3619,3619,3619,0,0
29,0.2,rank_expanding,300,3687,rank,15704,30,664,573,0.8780120482,0.8621291449,0.8696916812,3687,3687,3687,0,0
29,0.2,rank_rolling,300,3549,rank,1000,3,664,573,0.8734939759,0.8568935428,0.865910413,3549,3549,3549,0,0
29,0.2,margin_static,301,14.67058563,score_margin,16368,31,616,552,0.8733766234,0.8786231884,0.8931763285,3927.393116,5820.5,7128,0.01449275362,0.3677536232
29,0.2,margin_rolling,301,17.73204207,score_margin,1000,2,616,552,0.9237012987,0.9257246377,0.9357487923,4820.101449,7123.5,7128,0.001811594203,0.4692028986
29,0.2,rank_static,301,3619,rank,16368,31,616,552,0.8685064935,0.8550724638,0.8649758454,3619,3619,3619,0,0
29,0.2,rank_expanding,301,3720,rank,16368,31,616,552,0.8733766234,0.8605072464,0.870410628,3720,3720,3720,0,0
29,0.2,rank_rolling,301,3863,rank,1000,2,616,552,0.8766233766,0.8641304348,0.8740338164,3863,3863,3863,0,0
29,0.2,margin_static,302,14.67058563,score_margin,16984,32,570,490,0.8456140351,0.8428571429,0.8623712342,3454.153061,1786,7128,0.02653061224,0.2959183673
29,0.2,margin_rolling,302,16.32877278,score_margin,1000,2,570,490,0.8859649123,0.8836734694,0.8996890185,3930.283673,6070,7128,0.008163265306,0.3632653061
29,0.2,rank_static,302,3619,rank,16984,32,570,490,0.898245614,0.887755102,0.8928571429,3619,3619,3619,0,0
29,0.2,rank_expanding,302,3732,rank,16984,32,570,490,0.9,0.8897959184,0.893877551,3732,3732,3732,0,0
29,0.2,rank_rolling,302,5177,rank,1000,2,570,490,0.9245614035,0.9183673469,0.9204081633,5177,5177,5177,0,0
29,0.2,margin_static,303,14.67058563,score_margin,17554,33,542,485,0.852398524,0.8474226804,0.8634364261,3598.173196,3271,7128,0.02680412371,0.3257731959
29,0.2,margin_rolling,303,17.16060448,score_margin,1000,2,542,485,0.9077490775,0.9030927835,0.9140206186,4311.430928,6957,7128,0.00412371134,0.4082474227
29,0.2,rank_static,303,3619,rank,17554,33,542,485,0.8819188192,0.8680412371,0.8711340206,3619,3619,3619,0,0
29,0.2,rank_expanding,303,3732,rank,17554,33,542,485,0.889298893,0.8762886598,0.8783505155,3732,3732,3732,0,0
29,0.2,rank_rolling,303,4192,rank,1000,2,542,485,0.905904059,0.8948453608,0.8969072165,4192,4192,4192,0,0
29,0.2,margin_static,304,14.67058563,score_margin,18096,34,328,281,0.8353658537,0.8291814947,0.8641755635,3364.398577,1573,7128,0.03202846975,0.2633451957
29,0.2,margin_rolling,304,16.26912117,score_margin,1000,2,328,281,0.8719512195,0.871886121,0.9003558719,3883.505338,5772,7128,0.01067615658,0.3309608541
29,0.2,rank_static,304,3619,rank,18096,34,328,281,0.8780487805,0.871886121,0.8790035587,3619,3619,3619,0,0
29,0.2,rank_expanding,304,3742,rank,18096,34,328,281,0.8841463415,0.8790035587,0.8861209964,3742,3742,3742,0,0
29,0.2,rank_rolling,304,3993,rank,1000,2,328,281,0.8902439024,0.8861209964,0.8896797153,3993,3993,3993,0,0
29,0.2,margin_static,305,14.67058563,score_margin,18424,35,328,295,0.8658536585,0.8677966102,0.8885310734,3129.528814,1066,7128,0.01355932203,0.2406779661
29,0.2,margin_rolling,305,17.66345531,score_margin,1000,3,328,295,0.9298780488,0.9355932203,0.946440678,4025.257627,6588,7128,0.003389830508,0.3728813559
29,0.2,rank_static,305,3619,rank,18424,35,328,295,0.9390243902,0.9322033898,0.936440678,3619,3619,3619,0,0
29,0.2,rank_expanding,305,3747,rank,18424,35,328,295,0.9420731707,0.9355932203,0.9398305085,3747,3747,3747,0,0
29,0.2,rank_rolling,305,4024,rank,1000,3,328,295,0.9451219512,0.9389830508,0.943220339,4024,4024,4024,0,0
29,0.2,margin_static,306,14.67058563,score_margin,18752,36,582,513,0.8556701031,0.8752436647,0.8910331384,3432.22807,1652,7128,0.02339181287,0.3177387914
29,0.2,margin_rolling,306,16.69694901,score_margin,1000,3,582,513,0.8934707904,0.9122807018,0.9235217674,4022.333333,6326,7128,0.007797270955,0.395711501
29,0.2,rank_static,306,3619,rank,18752,36,582,513,0.9072164948,0.8947368421,0.8992852502,3619,3619,3619,0,0
29,0.2,rank_expanding,306,3732,rank,18752,36,582,513,0.9072164948,0.8947368421,0.8992852502,3732,3732,3732,0,0
29,0.2,rank_rolling,306,3609,rank,1000,3,582,513,0.9072164948,0.8947368421,0.8992852502,3609,3609,3609,0,0
29,0.2,margin_static,307,14.67058563,score_margin,19334,37,588,510,0.8537414966,0.8745098039,0.8908823529,3674.47451,4241,7128,0.01568627451,0.3
29,0.2,margin_rolling,307,16.7467289,score_margin,1000,3,588,510,0.9030612245,0.9156862745,0.9318627451,4372.25098,6988.5,7128,0.003921568627,0.3803921569
29,0.2,rank_static,307,3619,rank,19334,37,588,510,0.8894557823,0.8725490196,0.8816339869,3619,3619,3619,0,0
29,0.2,rank_expanding,307,3730,rank,19334,37,588,510,0.8928571429,0.8764705882,0.8855555556,3730,3730,3730,0,0
29,0.2,rank_rolling,307,3048,rank,1000,3,588,510,0.8775510204,0.8588235294,0.8679084967,3048,3048,3048,0,0
29,0.2,margin_static,308,14.67058563,score_margin,19922,38,562,497,0.8416370107,0.8490945674,0.868161349,3628.243461,3722,7128,0.02414486922,0.3501006036
29,0.2,margin_rolling,308,17.02888393,score_margin,1000,2,562,497,0.8914590747,0.893360161,0.910893935,4320.567404,6991,7128,0.01408450704,0.4245472837
29,0.2,rank_static,308,3619,rank,19922,38,562,497,0.8612099644,0.8490945674,0.8560697518,3619,3619,3619,0,0
29,0.2,rank_expanding,308,3732,rank,19922,38,562,497,0.8665480427,0.8551307847,0.8610999329,3732,3732,3732,0,0
29,0.2,rank_rolling,308,3833,rank,1000,2,562,497,0.8683274021,0.8571428571,0.8631120054,3833,3833,3833,0,0
29,0.2,margin_static,309,14.67058563,score_margin,20484,39,626,535,0.8594249201,0.8691588785,0.8882554517,3760.942056,5071,7128,0.0261682243,0.3439252336
29,0.2,margin_rolling,309,17.21894956,score_margin,1000,2,626,535,0.8961661342,0.9028037383,0.9198442368,4461.594393,7084,7128,0.007476635514,0.4242990654
29,0.2,rank_static,309,3619,rank,20484,39,626,535,0.9057507987,0.8971962617,0.8971962617,3619,3619,3619,0,0
29,0.2,rank_expanding,309,3766,rank,20484,39,626,535,0.9057507987,0.8971962617,0.8971962617,3766,3766,3766,0,0
29,0.2,rank_rolling,309,4512,rank,1000,2,626,535,0.9201277955,0.9140186916,0.9140186916,4512,4512,4512,0,0
29,0.2,margin_static,310,14.67058563,score_margin,21110,40,620,527,0.885483871,0.8823529412,0.9122707147,3173.434535,1206,7128,0.01707779886,0.2561669829
29,0.2,margin_rolling,310,18.21462941,score_margin,1000,2,620,527,0.9403225806,0.9316888046,0.9532890576,4291.648956,6948,7128,0.007590132827,0.385199241
29,0.2,rank_static,310,3619,rank,21110,40,620,527,0.9274193548,0.9165085389,0.9174573055,3619,3619,3619,0,0
29,0.2,rank_expanding,310,3747,rank,21110,40,620,527,0.9290322581,0.9184060721,0.9193548387,3747,3747,3747,0,0
29,0.2,rank_rolling,310,3884,rank,1000,2,620,527,0.9338709677,0.9240986717,0.9240986717,3884,3884,3884,0,0
29,0.2,margin_static,311,14.67058563,score_margin,21730,41,438,366,0.8561643836,0.8606557377,0.8865209472,2906.081967,696,7128,0.02732240437,0.2240437158
29,0.2,margin_rolling,311,16.92171049,score_margin,1000,2,438,366,0.8926940639,0.8852459016,0.9116575592,3573.480874,2537.5,7128,0.01092896175,0.2950819672
29,0.2,rank_static,311,3619,rank,21730,41,438,366,0.9292237443,0.9180327869,0.9180327869,3619,3619,3619,0,0
29,0.2,rank_expanding,311,3731,rank,21730,41,438,366,0.9292237443,0.9180327869,0.9180327869,3731,3731,3731,0,0
29,0.2,rank_rolling,311,2681,rank,1000,2,438,366,0.8949771689,0.8770491803,0.8802367942,2681,2681,2681,0,0
29,0.2,margin_static,312,14.67058563,score_margin,22168,42,460,368,0.8217391304,0.839673913,0.8646092133,2732.608696,531.5,7128,0.02173913043,0.2010869565
29,0.2,margin_rolling,312,16.31933355,score_margin,1000,2,460,368,0.852173913,0.8722826087,0.8983048654,3338.182065,1465.5,7128,0.01086956522,0.2445652174
29,0.2,rank_static,312,3619,rank,22168,42,460,368,0.9326086957,0.9157608696,0.9273550725,3619,3619,3619,0,0
29,0.2,rank_expanding,312,3721,rank,22168,42,460,368,0.9347826087,0.9184782609,0.9287137681,3721,3721,3721,0,0
29,0.2,rank_rolling,312,2264,rank,1000,2,460,368,0.9152173913,0.8967391304,0.9074275362,2264,2264,2264,0,0
29,0.2,margin_static,313,14.67058563,score_margin,22628,43,794,641,0.8350125945,0.8377535101,0.8683567343,2980.653666,674,7128,0.02340093604,0.2652106084
29,0.2,margin_rolling,313,17.85619545,score_margin,1000,3,794,641,0.9080604534,0.9063962559,0.93049922,3923.312012,5980,7128,0.01092043682,0.3541341654
29,0.2,rank_static,313,3619,rank,22628,43,794,641,0.9256926952,0.9079563183,0.9134165367,3619,3619,3619,0,0
29,0.2,rank_expanding,313,3690,rank,22628,43,794,641,0.9282115869,0.9110764431,0.9165366615,3690,3690,3690,0,0
29,0.2,rank_rolling,313,2090,rank,1000,3,794,641,0.8929471033,0.8689547582,0.8751950078,2090,2090,2090,0,0
29,0.2,margin_static,314,14.67058563,score_margin,23422,44,678,585,0.8525073746,0.8547008547,0.8745177045,3175.205128,1058,7128,0.02222222222,0.2564102564
29,0.2,margin_rolling,314,18.11542511,score_margin,1000,2,678,585,0.9085545723,0.905982906,0.9244607245,4107.217094,6748,7128,0.01025641026,0.3811965812
29,0.2,rank_static,314,3619,rank,23422,44,678,585,0.9410029499,0.935042735,0.9381766382,3619,3619,3619,0,0
29,0.2,rank_expanding,314,3654,rank,23422,44,678,585,0.9410029499,0.935042735,0.9381766382,3654,3654,3654,0,0
29,0.2,rank_rolling,314,2360,rank,1000,2,678,585,0.9056047198,0.894017094,0.9,2360,2360,2360,0,0
29,0.2,margin_static,315,14.67058563,score_margin,24100,45,774,660,0.8436692506,0.8409090909,0.8629040404,3090.498485,927,7128,0.02727272727,0.2272727273
29,0.2,margin_rolling,315,17.91622543,score_margin,1000,2,774,660,0.9018087855,0.9,0.9177020202,4042.192424,6498,7128,0.009090909091,0.3424242424
29,0.2,rank_static,315,3619,rank,24100,45,774,660,0.9289405685,0.9212121212,0.9234848485,3619,3619,3619,0,0
29,0.2,rank_expanding,315,3614,rank,24100,45,774,660,0.9289405685,0.9212121212,0.9234848485,3614,3614,3614,0,0
29,0.2,rank_rolling,315,2322,rank,1000,2,774,660,0.8992248062,0.8863636364,0.8949494949,2322,2322,2322,0,0
29,0.2,margin_static,316,14.67058563,score_margin,24874,46,758,622,0.8575197889,0.8504823151,0.8810825295,3414.601286,1866.5,7128,0.02411575563,0.270096463
29,0.2,margin_rolling,316,18.65730572,score_margin,1000,2,758,622,0.9234828496,0.921221865,0.938960343,4661.205788,7099,7128,0.008038585209,0.4115755627
29,0.2,rank_static,316,3619,rank,24874,46,758,622,0.9036939314,0.8826366559,0.8850482315,3619,3619,3619,0,0
29,0.2,rank_expanding,316,3583,rank,24874,46,758,622,0.9036939314,0.8826366559,0.8850482315,3583,3583,3583,0,0
29,0.2,rank_rolling,316,2701,rank,1000,2,758,622,0.8773087071,0.8504823151,0.8536977492,2701,2701,2701,0,0
29,0.2,margin_static,317,14.67058563,score_margin,25632,47,630,559,0.8285714286,0.8300536673,0.8531007752,2802.495528,458,7128,0.03756708408,0.2075134168
29,0.2,margin_rolling,317,17.03832483,score_margin,1000,2,630,559,0.8793650794,0.8819320215,0.9011627907,3526.345259,2419,7128,0.008944543828,0.2862254025
29,0.2,rank_static,317,3619,rank,25632,47,630,559,0.9,0.8872987478,0.8962731067,3619,3619,3619,0,0
29,0.2,rank_expanding,317,3575,rank,25632,47,630,559,0.9,0.8872987478,0.8962731067,3575,3575,3575,0,0
29,0.2,rank_rolling,317,3284,rank,1000,2,630,559,0.8968253968,0.8837209302,0.8926952892,3284,3284,3284,0,0
29,0.2,margin_static,318,14.67058563,score_margin,26262,48,342,308,0.8479532164,0.8571428571,0.8771645022,2715.795455,302.5,7128,0.02597402597,0.2175324675
29,0.2,margin_rolling,318,18.46615028,score_margin,1000,2,342,308,0.918128655,0.9188311688,0.9334415584,3692.886364,4422,7128,0.01298701299,0.3344155844
29,0.2,rank_static,318,3619,rank,26262,48,342,308,0.9239766082,0.9155844156,0.9172077922,3619,3619,3619,0,0
29,0.2,rank_expanding,318,3575,rank,26262,48,342,308,0.9239766082,0.9155844156,0.9172077922,3575,3575,3575,0,0
29,0.2,rank_rolling,318,3712,rank,1000,2,342,308,0.9239766082,0.9155844156,0.9172077922,3712,3712,3712,0,0
29,0.2,margin_static,319,14.67058563,score_margin,26604,49,324,290,0.8611111111,0.8482758621,0.8568965517,2723.937931,500.5,7128,0.03103448276,0.2379310345
29,0.2,margin_rolling,319,17.65471768,score_margin,1000,3,324,290,0.9166666667,0.9103448276,0.9189655172,3632.893103,4317.5,7128,0.006896551724,0.3068965517
29,0.2,rank_static,319,3619,rank,26604,49,324,290,0.9351851852,0.9275862069,0.9275862069,3619,3619,3619,0,0
29,0.2,rank_expanding,319,3569,rank,26604,49,324,290,0.9320987654,0.924137931,0.924137931,3569,3569,3569,0,0
29,0.2,rank_rolling,319,3182,rank,1000,3,324,290,0.9259259259,0.9172413793,0.9172413793,3182,3182,3182,0,0
29,0.2,margin_static,320,14.67058563,score_margin,26928,50,736,646,0.8369565217,0.8498452012,0.8610079119,3345.803406,1464,7128,0.03095975232,0.2956656347
29,0.2,margin_rolling,320,17.57670259,score_margin,1000,3,736,646,0.8872282609,0.9024767802,0.9108015136,4169.472136,6676.5,7128,0.009287925697,0.3978328173
29,0.2,rank_static,320,3619,rank,26928,50,736,646,0.9076086957,0.8978328173,0.903379773,3619,3619,3619,0,0
29,0.2,rank_expanding,320,3552,rank,26928,50,736,646,0.9008152174,0.8900928793,0.8956398349,3552,3552,3552,0,0
29,0.2,rank_rolling,320,2878,rank,1000,3,736,646,0.8804347826,0.8684210526,0.8753869969,2878,2878,2878,0,0
29,0.2,margin_static,321,14.67058563,score_margin,27664,51,680,603,0.8544117647,0.8441127695,0.8637368712,3173.6733,1161,7128,0.02653399668,0.2537313433
29,0.2,margin_rolling,321,18.07698703,score_margin,1000,2,680,603,0.9176470588,0.9104477612,0.9248203427,4275.84743,6803,7128,0.009950248756,0.3648424544
29,0.2,rank_static,321,3619,rank,27664,51,680,603,0.8970588235,0.8872305141,0.8913764511,3619,3619,3619,0,0
29,0.2,rank_expanding,321,3550,rank,27664,51,680,603,0.8955882353,0.8855721393,0.8905472637,3550,3550,3550,0,0
29,0.2,rank_rolling,321,3267,rank,1000,2,680,603,0.8926470588,0.8822553897,0.8880597015,3267,3267,3267,0,0
29,0.2,margin_static,322,14.67058563,score_margin,28344,52,668,595,0.8637724551,0.8605042017,0.875070028,3257.09916,1299,7128,0.02352941176,0.268907563
29,0.2,margin_rolling,322,18.64223862,score_margin,1000,2,668,595,0.9236526946,0.9277310924,0.9350140056,4443.058824,6992,7128,0.006722689076,0.3932773109
29,0.2,rank_static,322,3619,rank,28344,52,668,595,0.8997005988,0.8890756303,0.8896358543,3619,3619,3619,0,0
29,0.2,rank_expanding,322,3552,rank,28344,52,668,595,0.8997005988,0.8890756303,0.8896358543,3552,3552,3552,0,0
29,0.2,rank_rolling,322,3666,rank,1000,2,668,595,0.9011976048,0.8907563025,0.8913165266,3666,3666,3666,0,0
29,0.2,margin_static,323,14.67058563,score_margin,29012,53,668,600,0.8488023952,0.84,0.86,3183.286667,1086.5,7128,0.02333333333,0.2333333333
29,0.2,margin_rolling,323,17.29123688,score_margin,1000,2,668,600,0.8937125749,0.8883333333,0.9041666667,4057.791667,5821.5,7128,0.008333333333,0.3166666667
29,0.2,rank_static,323,3619,rank,29012,53,668,600,0.9161676647,0.9116666667,0.9125,3619,3619,3619,0,0
29,0.2,rank_expanding,323,3552,rank,29012,53,668,600,0.9101796407,0.905,0.9058333333,3552,3552,3552,0,0
29,0.2,rank_rolling,323,3723,rank,1000,2,668,600,0.9176646707,0.9133333333,0.9141666667,3723,3723,3723,0,0
29,0.2,margin_static,324,14.67058563,score_margin,29680,54,796,650,0.8216080402,0.8246153846,0.8644615385,3217.255385,1134,7128,0.02769230769,0.2384615385
29,0.2,margin_rolling,324,18.0072834,score_margin,1000,2,796,650,0.891959799,0.8984615385,0.9232820513,4170.949231,6805.5,7128,0.009230769231,0.3784615385
29,0.2,rank_static,324,3619,rank,29680,54,796,650,0.9434673367,0.9307692308,0.9361538462,3619,3619,3619,0,0
29,0.2,rank_expanding,324,3546,rank,29680,54,796,650,0.9434673367,0.9307692308,0.9361538462,3546,3546,3546,0,0
29,0.2,rank_rolling,324,3339,rank,1000,2,796,650,0.9384422111,0.9246153846,0.93,3339,3339,3339,0,0
29,0.2,margin_static,325,14.67058563,score_margin,30476,55,398,360,0.7788944724,0.7888888889,0.7986111111,2963.633333,607,7128,0.05,0.2694444444
29,0.2,margin_rolling,325,18.27487707,score_margin,1000,2,398,360,0.8693467337,0.8722222222,0.8791666667,3807.522222,5733.5,7128,0.01666666667,0.3722222222
29,0.2,rank_static,325,3619,rank,30476,55,398,360,0.891959799,0.8805555556,0.8819444444,3619,3619,3619,0,0
29,0.2,rank_expanding,325,3504,rank,30476,55,398,360,0.8894472362,0.8777777778,0.8791666667,3504,3504,3504,0,0
29,0.2,rank_rolling,325,2016,rank,1000,2,398,360,0.8366834171,0.8194444444,0.8263888889,2016,2016,2016,0,0
29,0.2,margin_static,326,14.67058563,score_margin,30874,56,422,348,0.7796208531,0.7931034483,0.8132183908,2349.577586,161,7128,0.03735632184,0.183908046
29,0.2,margin_rolling,326,18.45326066,score_margin,1000,2,422,348,0.8672985782,0.8706896552,0.8884099617,3320.591954,1052,7128,0.008620689655,0.2931034483
29,0.2,rank_static,326,3619,rank,30874,56,422,348,0.9502369668,0.9425287356,0.9461206897,3619,3619,3619,0,0
29,0.2,rank_expanding,326,3509,rank,30874,56,422,348,0.9478672986,0.9396551724,0.9432471264,3509,3509,3509,0,0
29,0.2,rank_rolling,326,2866,rank,1000,2,422,348,0.9431279621,0.933908046,0.9375,2866,2866,2866,0,0
29,0.2,margin_static,327,14.67058563,score_margin,31296,57,738,621,0.8197831978,0.8325281804,0.8606816962,3035.228663,864,7128,0.03381642512,0.2560386473
29,0.2,margin_rolling,327,20.25591755,score_margin,1000,3,738,621,0.9200542005,0.922705314,0.945222759,4569.320451,7079,7128,0.008051529791,0.4428341385
29,0.2,rank_static,327,3619,rank,31296,57,738,621,0.9308943089,0.9194847021,0.9224369297,3619,3619,3619,0,0
29,0.2,rank_expanding,327,3487,rank,31296,57,738,621,0.9295392954,0.9178743961,0.9208266237,3487,3487,3487,0,0
29,0.2,rank_rolling,327,2633,rank,1000,3,738,621,0.9051490515,0.8888888889,0.8950080515,2633,2633,2633,0,0
29,0.2,margin_static,328,14.67058563,score_margin,32034,58,600,526,0.8233333333,0.8422053232,0.8565453558,3008.802281,696,7128,0.03231939163,0.2376425856
29,0.2,margin_rolling,328,18.97992516,score_margin,1000,2,600,526,0.9033333333,0.9163498099,0.926697447,4345.840304,6881,7128,0.005703422053,0.3783269962
29,0.2,rank_static,328,3619,rank,32034,58,600,526,0.945,0.9372623574,0.9397972117,3619,3619,3619,0,0
29,0.2,rank_expanding,328,3466,rank,32034,58,600,526,0.9433333333,0.9353612167,0.937896071,3466,3466,3466,0,0
29,0.2,rank_rolling,328,1810,rank,1000,2,600,526,0.8983333333,0.8840304183,0.8884664132,1810,1810,1810,0,0
29,0.2,margin_static,329,14.67058563,score_margin,32634,59,684,599,0.8157894737,0.8196994992,0.8386755704,3063.601002,598,7128,0.02337228715,0.2637729549
29,0.2,margin_rolling,329,19.57675171,score_margin,1000,2,684,599,0.9312865497,0.9348914858,0.9416249304,4362.193656,6975,7128,0.003338898164,0.4190317195
29,0.2,rank_static,329,3619,rank,32634,59,684,599,0.9064327485,0.898163606,0.9070673344,3619,3619,3619,0,0
29,0.2,rank_expanding,329,3446,rank,32634,59,684,599,0.9005847953,0.8914858097,0.9003895381,3446,3446,3446,0,0
29,0.2,rank_rolling,329,2199,rank,1000,2,684,599,0.8494152047,0.8397328881,0.8513633834,2199,2199,2199,0,0
29,0.2,margin_static,330,14.67058563,score_margin,33318,60,640,580,0.8140625,0.8224137931,0.8329022989,2904.284483,647,7128,0.03275862069,0.2362068966
29,0.2,margin_rolling,330,18.23473978,score_margin,1000,2,640,580,0.9203125,0.925862069,0.9317528736,4008.215517,5842.5,7128,0.006896551724,0.3413793103
29,0.2,rank_static,330,3619,rank,33318,60,640,580,0.9109375,0.9017241379,0.9017241379,3619,3619,3619,0,0
29,0.2,rank_expanding,330,3446,rank,33318,60,640,580,0.9078125,0.8982758621,0.8982758621,3446,3446,3446,0,0
29,0.2,rank_rolling,330,3180,rank,1000,2,640,580,0.8984375,0.8879310345,0.8879310345,3180,3180,3180,0,0
29,0.2,margin_static,331,14.67058563,score_margin,33958,61,506,474,0.8399209486,0.8375527426,0.8459915612,2961.006329,488.5,7128,0.04430379747,0.2299578059
29,0.2,margin_rolling,331,17.89523888,score_margin,1000,2,506,474,0.9130434783,0.9113924051,0.9171940928,3865.35443,5503.5,7128,0.004219409283,0.3417721519
29,0.2,rank_static,331,3619,rank,33958,61,506,474,0.918972332,0.9135021097,0.914556962,3619,3619,3619,0,0
29,0.2,rank_expanding,331,3441,rank,33958,61,506,474,0.9110671937,0.9050632911,0.9061181435,3441,3441,3441,0,0
29,0.2,rank_rolling,331,3417,rank,1000,2,506,474,0.9110671937,0.9050632911,0.9061181435,3417,3417,3417,0,0
29,0.2,margin_static,332,14.67058563,score_margin,34464,62,318,300,0.8364779874,0.84,0.8466666667,2752.54,393.5,7128,0.04,0.23
29,0.2,margin_rolling,332,17.06348455,score_margin,1000,2,318,300,0.893081761,0.8966666667,0.9038888889,3416.063333,1748,7128,0.02333333333,0.3033333333
29,0.2,rank_static,332,3619,rank,34464,62,318,300,0.9402515723,0.9366666667,0.9366666667,3619,3619,3619,0,0
29,0.2,rank_expanding,332,3436,rank,34464,62,318,300,0.9308176101,0.9266666667,0.9266666667,3436,3436,3436,0,0
29,0.2,rank_rolling,332,3313,rank,1000,2,318,300,0.9245283019,0.92,0.92,3313,3313,3313,0,0
29,0.2,margin_static,333,14.67058563,score_margin,34782,63,342,312,0.8216374269,0.8269230769,0.8424145299,2838.089744,423.5,7128,0.04487179487,0.25
29,0.2,margin_rolling,333,17.33260441,score_margin,1000,3,342,312,0.8742690058,0.8717948718,0.8835470085,3606.237179,4077.5,7128,0.01602564103,0.3269230769
29,0.2,rank_static,333,3619,rank,34782,63,342,312,0.8918128655,0.8814102564,0.8830128205,3619,3619,3619,0,0
29,0.2,rank_expanding,333,3421,rank,34782,63,342,312,0.8859649123,0.875,0.8766025641,3421,3421,3421,0,0
29,0.2,rank_rolling,333,3102,rank,1000,3,342,312,0.8771929825,0.8653846154,0.8669871795,3102,3102,3102,0,0
29,0.2,margin_static,334,14.67058563,score_margin,35124,64,700,633,0.8428571429,0.8420221169,0.858056872,2820.908373,564,7128,0.04265402844,0.2322274882
29,0.2,margin_rolling,334,17.73474598,score_margin,1000,3,700,633,0.9,0.9020537125,0.9130068457,3756.612954,4949,7128,0.01421800948,0.3127962085
29,0.2,rank_static,334,3619,rank,35124,64,700,633,0.9157142857,0.906793049,0.9115323855,3619,3619,3619,0,0
29,0.2,rank_expanding,334,3430,rank,35124,64,700,633,0.9142857143,0.9052132701,0.9099526066,3430,3430,3430,0,0
29,0.2,rank_rolling,334,3225,rank,1000,3,700,633,0.8985714286,0.8941548183,0.896787783,3225,3225,3225,0,0
29,0.2,margin_static,335,14.67058563,score_margin,35824,65,656,587,0.8292682927,0.8279386712,0.8450880182,2819.633731,676,7128,0.03236797274,0.2402044293
29,0.2,margin_rolling,335,17.9736681,score_margin,1000,2,656,587,0.8917682927,0.8875638842,0.9056218058,3853.577513,5291,7128,0.01192504259,0.33560477
29,0.2,rank_static,335,3619,rank,35824,65,656,587,0.9024390244,0.8943781942,0.9017603634,3619,3619,3619,0,0
29,0.2,rank_expanding,335,3417,rank,35824,65,656,587,0.8932926829,0.8841567291,0.8915388984,3417,3417,3417,0,0
29,0.2,rank_rolling,335,3387,rank,1000,2,656,587,0.8917682927,0.8824531516,0.8898353208,3387,3387,3387,0,0
29,0.2,margin_static,336,14.67058563,score_margin,36480,66,632,551,0.7832278481,0.7749546279,0.8012099214,3001.125227,753,7128,0.04355716878,0.2377495463
29,0.2,margin_rolling,336,18.87942886,score_margin,1000,2,632,551,0.8924050633,0.8856624319,0.9036902601,4193.900181,6769,7128,0.0108892922,0.388384755
29,0.2,rank_static,336,3619,rank,36480,66,632,551,0.8813291139,0.8711433757,0.8759830611,3619,3619,3619,0,0
29,0.2,rank_expanding,336,3420,rank,36480,66,632,551,0.875,0.8638838475,0.868723533,3420,3420,3420,0,0
29,0.2,rank_rolling,336,3402,rank,1000,2,632,551,0.8734177215,0.8620689655,0.8669086509,3402,3402,3402,0,0
29,0.2,margin_static,337,14.67058563,score_margin,37112,67,552,492,0.8152173913,0.8211382114,0.8369918699,2888.376016,546.5,7128,0.0243902439,0.2052845528
29,0.2,margin_rolling,337,19.57240951,score_margin,1000,2,552,492,0.9003623188,0.9044715447,0.9159214092,4132.597561,6540,7128,0.00406504065,0.3780487805
29,0.2,rank_static,337,3619,rank,37112,67,552,492,0.8949275362,0.8821138211,0.8867208672,3619,3619,3619,0,0
29,0.2,rank_expanding,337,3441,rank,37112,67,552,492,0.8876811594,0.8739837398,0.8785907859,3441,3441,3441,0,0
29,0.2,rank_rolling,337,3888,rank,1000,2,552,492,0.9094202899,0.8983739837,0.8983739837,3888,3888,3888,0,0
29,0.2,margin_static,338,14.67058563,score_margin,37664,68,496,457,0.8064516129,0.8227571116,0.8300510576,2914.921225,621,7128,0.03719912473,0.2231947484
29,0.2,margin_rolling,338,19.9578619,score_margin,1000,2,496,457,0.9153225806,0.9299781182,0.9376367615,4435.588621,6866,7128,0.004376367615,0.4048140044
29,0.2,rank_static,338,3619,rank,37664,68,496,457,0.8790322581,0.8708971554,0.8749088257,3619,3619,3619,0,0
29,0.2,rank_expanding,338,3447,rank,37664,68,496,457,0.875,0.8665207877,0.8705324581,3447,3447,3447,0,0
29,0.2,rank_rolling,338,3860,rank,1000,2,496,457,0.8870967742,0.8796498906,0.8836615609,3860,3860,3860,0,0
29,0.2,margin_static,339,14.67058563,score_margin,38160,69,328,297,0.8018292683,0.8047138047,0.8187429854,2373.612795,282,7128,0.06734006734,0.1245791246
29,0.2,margin_rolling,339,19.04840446,score_margin,1000,2,328,297,0.8993902439,0.898989899,0.906285073,3742.121212,4481,7128,0.02693602694,0.2861952862
29,0.2,rank_static,339,3619,rank,38160,69,328,297,0.8567073171,0.8518518519,0.8591470258,3619,3619,3619,0,0
29,0.2,rank_expanding,339,3456,rank,38160,69,328,297,0.8506097561,0.8451178451,0.8524130191,3456,3456,3456,0,0
29,0.2,rank_rolling,339,3912,rank,1000,2,328,297,0.8597560976,0.8552188552,0.8625140292,3912,3912,3912,0,0
29,0.2,margin_static,340,14.67058563,score_margin,38488,70,328,303,0.8292682927,0.8382838284,0.8542354235,2674.848185,336,7128,0.03300330033,0.2211221122
29,0.2,margin_rolling,340,19.04840446,score_margin,1000,3,328,303,0.9054878049,0.9141914191,0.9257425743,4058.066007,6222,7128,0.0198019802,0.3465346535
29,0.2,rank_static,340,3619,rank,38488,70,328,303,0.9298780488,0.9240924092,0.9240924092,3619,3619,3619,0,0
29,0.2,rank_expanding,340,3466,rank,38488,70,328,303,0.9268292683,0.9207920792,0.9224422442,3466,3466,3466,0,0
29,0.2,rank_rolling,340,4435,rank,1000,3,328,303,0.9390243902,0.9339933993,0.9339933993,4435,4435,4435,0,0
29,0.2,margin_static,341,14.67058563,score_margin,38816,71,576,519,0.8315972222,0.8458574181,0.8568400771,2774.982659,621,7128,0.04431599229,0.2215799615
29,0.2,margin_rolling,341,18.99173355,score_margin,1000,3,576,519,0.8836805556,0.894026975,0.9082209377,4084.236994,6575,7128,0.009633911368,0.3506743738
29,0.2,rank_static,341,3619,rank,38816,71,576,519,0.8993055556,0.8882466281,0.8917148362,3619,3619,3619,0,0
29,0.2,rank_expanding,341,3460,rank,38816,71,576,519,0.8958333333,0.8863198459,0.8894026975,3460,3460,3460,0,0
29,0.2,rank_rolling,341,4124,rank,1000,3,576,519,0.9166666667,0.9075144509,0.910982659,4124,4124,4124,0,0
29,0.2,margin_static,342,14.67058563,score_margin,39392,72,636,565,0.8144654088,0.817699115,0.8342182891,2839.323894,439,7128,0.03539823009,0.2619469027
29,0.2,margin_rolling,342,19.31341171,score_margin,1000,3,636,565,0.8883647799,0.8902654867,0.9053097345,4043.295575,6295,7128,0.01061946903,0.3752212389
29,0.2,rank_static,342,3619,rank,39392,72,636,565,0.9040880503,0.8920353982,0.896460177,3619,3619,3619,0,0
29,0.2,rank_expanding,342,3461,rank,39392,72,636,565,0.8993710692,0.8867256637,0.8935103245,3461,3461,3461,0,0
29,0.2,rank_rolling,342,3497,rank,1000,3,636,565,0.8993710692,0.8867256637,0.8935103245,3497,3497,3497,0,0
29,0.2,margin_static,343,14.67058563,score_margin,40028,73,642,567,0.8068535826,0.8059964727,0.8186948854,3157.190476,953,7128,0.0405643739,0.241622575
29,0.2,margin_rolling,343,20.37864685,score_margin,1000,2,642,567,0.8909657321,0.8888888889,0.9042328042,4779.791887,7120,7128,0.01058201058,0.455026455
29,0.2,rank_static,343,3619,rank,40028,73,642,567,0.8847352025,0.8747795414,0.8802175191,3619,3619,3619,0,0
29,0.2,rank_expanding,343,3462,rank,40028,73,642,567,0.8831775701,0.873015873,0.8784538507,3462,3462,3462,0,0
29,0.2,rank_rolling,343,3524,rank,1000,2,642,567,0.8847352025,0.8747795414,0.8802175191,3524,3524,3524,0,0
29,0.2,margin_static,344,14.67058563,score_margin,40670,74,650,582,0.7876923077,0.7903780069,0.8114261168,2941.829897,492.5,7128,0.0412371134,0.2491408935
29,0.2,margin_rolling,344,20.64124775,score_margin,1000,2,650,582,0.8861538462,0.883161512,0.8991981672,4384.094502,6961,7128,0.006872852234,0.4295532646
29,0.2,rank_static,344,3619,rank,40670,74,650,582,0.9138461538,0.9054982818,0.9076460481,3619,3619,3619,0,0
29,0.2,rank_expanding,344,3471,rank,40670,74,650,582,0.9046153846,0.8951890034,0.8990549828,3471,3471,3471,0,0
29,0.2,rank_rolling,344,3930,rank,1000,2,650,582,0.9184615385,0.910652921,0.9128006873,3930,3930,3930,0,0
29,0.2,margin_static,345,14.67058563,score_margin,41320,75,586,501,0.8395904437,0.8263473054,0.8456420492,3126.964072,945,7128,0.04790419162,0.2774451098
29,0.2,margin_rolling,345,21.54627991,score_margin,1000,2,586,501,0.9351535836,0.9281437126,0.9384564205,4576.431138,7123,7128,0.005988023952,0.4810379242
29,0.2,rank_static,345,3619,rank,41320,75,586,501,0.8873720137,0.8682634731,0.878243513,3619,3619,3619,0,0
29,0.2,rank_expanding,345,3469,rank,41320,75,586,501,0.8788395904,0.8582834331,0.869261477,3469,3469,3469,0,0
29,0.2,rank_rolling,345,3556,rank,1000,2,586,501,0.885665529,0.8662674651,0.876247505,3556,3556,3556,0,0
29,0.2,margin_static,346,14.67058563,score_margin,41906,76,224,197,0.8125,0.8121827411,0.8460236887,2178.360406,112,7128,0.04060913706,0.1827411168
29,0.2,margin_rolling,346,20.43744946,score_margin,1000,2,224,197,0.9151785714,0.9137055838,0.9314720812,3502.116751,1803,7128,0.005076142132,0.3147208122
29,0.2,rank_static,346,3619,rank,41906,76,224,197,0.9330357143,0.923857868,0.9289340102,3619,3619,3619,0,0
29,0.2,rank_expanding,346,3478,rank,41906,76,224,197,0.9330357143,0.923857868,0.9289340102,3478,3478,3478,0,0
29,0.2,rank_rolling,346,3634,rank,1000,2,224,197,0.9330357143,0.923857868,0.9289340102,3634,3634,3634,0,0
29,0.2,margin_static,347,14.67058563,score_margin,42130,77,306,277,0.839869281,0.8411552347,0.857400722,2318.635379,118,7128,0.05054151625,0.2129963899
29,0.2,margin_rolling,347,19.07560062,score_margin,1000,3,306,277,0.8954248366,0.9025270758,0.9109506619,3264.33213,1018,7128,0.01805054152,0.3032490975
29,0.2,rank_static,347,3619,rank,42130,77,306,277,0.9379084967,0.9314079422,0.9338146811,3619,3619,3619,0,0
29,0.2,rank_expanding,347,3474,rank,42130,77,306,277,0.9248366013,0.916967509,0.9193742479,3474,3474,3474,0,0
29,0.2,rank_rolling,347,3555,rank,1000,3,306,277,0.9346405229,0.9277978339,0.9302045728,3555,3555,3555,0,0
29,0.2,margin_static,348,14.67058563,score_margin,42436,78,714,610,0.81232493,0.8081967213,0.8278688525,2660.086885,298,7128,0.05081967213,0.2180327869
29,0.2,margin_rolling,348,19.07560062,score_margin,1000,3,714,610,0.8823529412,0.8836065574,0.8993169399,3770.847541,5171.5,7128,0.0131147541,0.3409836066
29,0.2,rank_static,348,3619,rank,42436,78,714,610,0.9005602241,0.8836065574,0.8868852459,3619,3619,3619,0,0
29,0.2,rank_expanding,348,3466,rank,42436,78,714,610,0.8949579832,0.8770491803,0.8803278689,3466,3466,3466,0,0
29,0.2,rank_rolling,348,3546,rank,1000,3,714,610,0.8991596639,0.8819672131,0.8852459016,3546,3546,3546,0,0
29,0.2,margin_static,349,14.67058563,score_margin,43150,79,600,545,0.7866666667,0.7871559633,0.8033639144,2711.154128,279,7128,0.03302752294,0.2183486239
29,0.2,margin_rolling,349,19.91174555,score_margin,1000,2,600,545,0.8683333333,0.8660550459,0.8795107034,3845.862385,5604,7128,0.003669724771,0.3669724771
29,0.2,rank_static,349,3619,rank,43150,79,600,545,0.8983333333,0.8880733945,0.8902140673,3619,3619,3619,0,0
29,0.2,rank_expanding,349,3469,rank,43150,79,600,545,0.8933333333,0.8825688073,0.8847094801,3469,3469,3469,0,0
29,0.2,rank_rolling,349,3436,rank,1000,2,600,545,0.8933333333,0.8825688073,0.8847094801,3436,3436,3436,0,0
29,0.2,margin_static,350,14.67058563,score_margin,43750,80,656,560,0.7728658537,0.7714285714,0.7993154762,2371.014286,234.5,7128,0.0625,0.175
29,0.2,margin_rolling,350,22.14869833,score_margin,1000,2,656,560,0.9237804878,0.9232142857,0.9383035714,4148.319643,6410.5,7128,0.005357142857,0.3767857143
29,0.2,rank_static,350,3619,rank,43750,80,656,560,0.9070121951,0.8946428571,0.8964285714,3619,3619,3619,0,0
29,0.2,rank_expanding,350,3474,rank,43750,80,656,560,0.9070121951,0.8946428571,0.8964285714,3474,3474,3474,0,0
29,0.2,rank_rolling,350,3641,rank,1000,2,656,560,0.9070121951,0.8946428571,0.8964285714,3641,3641,3641,0,0
29,0.2,margin_static,351,14.67058563,score_margin,44406,81,522,476,0.7662835249,0.7773109244,0.793767507,2364.27521,167,7128,0.06302521008,0.1827731092
29,0.2,margin_rolling,351,20.74869013,score_margin,1000,2,522,476,0.8735632184,0.8760504202,0.893907563,3731.12395,5036,7128,0.01470588235,0.3340336134
29,0.2,rank_static,351,3619,rank,44406,81,522,476,0.8965517241,0.8865546218,0.8865546218,3619,3619,3619,0,0
29,0.2,rank_expanding,351,3469,rank,44406,81,522,476,0.8908045977,0.8802521008,0.8802521008,3469,3469,3469,0,0
29,0.2,rank_rolling,351,3686,rank,1000,2,522,476,0.9003831418,0.8907563025,0.8907563025,3686,3686,3686,0,0
29,0.2,margin_static,352,14.67058563,score_margin,44928,82,462,415,0.7532467532,0.7590361446,0.7794176707,2333.320482,177,7128,0.06024096386,0.1879518072
29,0.2,margin_rolling,352,21.66875076,score_margin,1000,2,462,415,0.9004329004,0.913253012,0.9272088353,4054.838554,6361,7128,0.009638554217,0.3493975904
29,0.2,rank_static,352,3619,rank,44928,82,462,415,0.9134199134,0.9084337349,0.9096385542,3619,3619,3619,0,0
29,0.2,rank_expanding,352,3474,rank,44928,82,462,415,0.9134199134,0.9084337349,0.9096385542,3474,3474,3474,0,0
29,0.2,rank_rolling,352,3563,rank,1000,2,462,415,0.9134199134,0.9084337349,0.9096385542,3563,3563,3563,0,0
29,0.2,margin_static,353,14.67058563,score_margin,45390,83,242,226,0.7396694215,0.7345132743,0.75,2194.969027,141.5,7128,0.08849557522,0.1592920354
29,0.2,margin_rolling,353,22.48117256,score_margin,1000,3,242,226,0.8966942149,0.9026548673,0.9092920354,4009.035398,6579.5,7128,0.008849557522,0.3584070796
29,0.2,rank_static,353,3619,rank,45390,83,242,226,0.9008264463,0.8938053097,0.8982300885,3619,3619,3619,0,0
29,0.2,rank_expanding,353,3466,rank,45390,83,242,226,0.9008264463,0.8938053097,0.8982300885,3466,3466,3466,0,0
29,0.2,rank_rolling,353,3449,rank,1000,3,242,226,0.9008264463,0.8938053097,0.8982300885,3449,3449,3449,0,0
29,0.2,margin_static,354,14.67058563,score_margin,45632,84,238,227,0.7731092437,0.7709251101,0.7790014684,2471.15859,361,7128,0.05286343612,0.2026431718
29,0.2,margin_rolling,354,22.30427265,score_margin,1000,3,238,227,0.9285714286,0.9251101322,0.9317180617,4376.321586,6927,7128,0.008810572687,0.4052863436
29,0.2,rank_static,354,3619,rank,45632,84,238,227,0.9117647059,0.9074889868,0.9074889868,3619,3619,3619,0,0
29,0.2,rank_expanding,354,3466,rank,45632,84,238,227,0.9075630252,0.9030837004,0.9030837004,3466,3466,3466,0,0
29,0.2,rank_rolling,354,3399,rank,1000,3,238,227,0.9075630252,0.9030837004,0.9030837004,3399,3399,3399,0,0
29,0.2,margin_static,355,14.67058563,score_margin,45870,85,578,506,0.7110726644,0.7351778656,0.7562582345,2760.598814,311.5,7128,0.05731225296,0.2371541502
29,0.2,margin_rolling,355,22.39728889,score_margin,1000,4,578,506,0.8719723183,0.8873517787,0.9060794278,4529.523715,7110.5,7128,0.005928853755,0.4466403162
29,0.2,rank_static,355,3619,rank,45870,85,578,506,0.8460207612,0.8399209486,0.8493318276,3619,3619,3619,0,0
29,0.2,rank_expanding,355,3464,rank,45870,85,578,506,0.8425605536,0.8359683794,0.8453792584,3464,3464,3464,0,0
29,0.2,rank_rolling,355,3289,rank,1000,4,578,506,0.8269896194,0.8181818182,0.8302277433,3289,3289,3289,0,0
29,0.2,margin_static,356,14.67058563,score_margin,46448,86,548,483,0.7554744526,0.7577639752,0.7729468599,2595.467909,238,7128,0.05590062112,0.2008281573
29,0.2,margin_rolling,356,23.32108378,score_margin,1000,3,548,483,0.901459854,0.9026915114,0.9140786749,4446.52795,7094,7128,0.004140786749,0.4368530021
29,0.2,rank_static,356,3619,rank,46448,86,548,483,0.8850364964,0.8778467909,0.8857832988,3619,3619,3619,0,0
29,0.2,rank_expanding,356,3493,rank,46448,86,548,483,0.8850364964,0.8778467909,0.8857832988,3493,3493,3493,0,0
29,0.2,rank_rolling,356,4858,rank,1000,3,548,483,0.9251824818,0.9192546584,0.9213250518,4858,4858,4858,0,0
29,0.2,margin_static,357,14.67058563,score_margin,46996,87,406,363,0.7955665025,0.8071625344,0.8227731864,1745.807163,180,7128,0.06060606061,0.1267217631
29,0.2,margin_rolling,357,23.75983858,score_margin,1000,2,406,363,0.9285714286,0.9311294766,0.9423783287,4219.143251,6969,7128,0.01377410468,0.3581267218
29,0.2,rank_static,357,3619,rank,46996,87,406,363,0.9261083744,0.9256198347,0.9269972452,3619,3619,3619,0,0
29,0.2,rank_expanding,357,3497,rank,46996,87,406,363,0.921182266,0.9201101928,0.9214876033,3497,3497,3497,0,0
29,0.2,rank_rolling,357,4543,rank,1000,2,406,363,0.9433497537,0.9449035813,0.9462809917,4543,4543,4543,0,0
29,0.2,margin_static,358,14.67058563,score_margin,47402,88,300,276,0.76,0.7717391304,0.7874396135,1830.775362,74,7128,0.05797101449,0.1739130435
29,0.2,margin_rolling,358,22.51110637,score_margin,1000,3,300,276,0.8866666667,0.8913043478,0.9051932367,3595.644928,1826.5,7128,0.01449275362,0.3043478261
29,0.2,rank_static,358,3619,rank,47402,88,300,276,0.92,0.9130434783,0.9130434783,3619,3619,3619,0,0
29,0.2,rank_expanding,358,3491,rank,47402,88,300,276,0.9166666667,0.9094202899,0.9094202899,3491,3491,3491,0,0
29,0.2,rank_rolling,358,3739,rank,1000,3,300,276,0.92,0.9130434783,0.9130434783,3739,3739,3739,0,0
29,0.2,margin_static,359,14.67058563,score_margin,47702,89,330,312,0.8515151515,0.8557692308,0.8659188034,3105.157051,905,7128,0.03205128205,0.2820512821
29,0.2,margin_rolling,359,22.79466712,score_margin,1000,3,330,312,0.9484848485,0.9487179487,0.9561965812,4938.730769,7128,7128,0.00641025641,0.5192307692
29,0.2,rank_static,359,3619,rank,47702,89,330,312,0.9212121212,0.9166666667,0.9166666667,3619,3619,3619,0,0
29,0.2,rank_expanding,359,3487,rank,47702,89,330,312,0.9151515152,0.9102564103,0.9102564103,3487,3487,3487,0,0
29,0.2,rank_rolling,359,3221,rank,1000,3,330,312,0.9090909091,0.9038461538,0.9038461538,3221,3221,3221,0,0
29,0.2,margin_static,360,14.67058563,score_margin,48032,90,228,214,0.75,0.7523364486,0.7686915888,2233.981308,210.5,7128,0.07009345794,0.191588785
29,0.2,margin_rolling,360,19.63973677,score_margin,1000,3,228,214,0.8771929825,0.8831775701,0.8948598131,3504.481308,2301,7128,0.02803738318,0.3130841121
29,0.2,rank_static,360,3619,rank,48032,90,228,214,0.9298245614,0.9252336449,0.9275700935,3619,3619,3619,0,0
29,0.2,rank_expanding,360,3483,rank,48032,90,228,214,0.9298245614,0.9252336449,0.9275700935,3483,3483,3483,0,0
29,0.2,rank_rolling,360,3014,rank,1000,3,228,214,0.9254385965,0.9205607477,0.9228971963,3014,3014,3014,0,0
29,0.2,margin_static,361,14.67058563,score_margin,48260,91,246,226,0.7642276423,0.7610619469,0.7772861357,2054.048673,76,7128,0.08849557522,0.1371681416
29,0.2,margin_rolling,361,21.3773303,score_margin,1000,4,246,226,0.8780487805,0.8761061947,0.8842182891,3430.637168,1639.5,7128,0.03097345133,0.3008849558
29,0.2,rank_static,361,3619,rank,48260,91,246,226,0.918699187,0.9115044248,0.9115044248,3619,3619,3619,0,0
29,0.2,rank_expanding,361,3478,rank,48260,91,246,226,0.906504065,0.8982300885,0.8982300885,3478,3478,3478,0,0
29,0.2,rank_rolling,361,3003,rank,1000,4,246,226,0.8943089431,0.8849557522,0.8849557522,3003,3003,3003,0,0
29,0.2,margin_static,362,14.67058563,score_margin,48506,92,620,530,0.7403225806,0.779245283,0.8046001797,1957.098113,115.5,7128,0.05660377358,0.1716981132
29,0.2,margin_rolling,362,21.12963295,score_margin,1000,4,620,530,0.8548387097,0.8905660377,0.9114272501,3628.439623,4597,7128,0.009433962264,0.2962264151
29,0.2,rank_static,362,3619,rank,48506,92,620,530,0.9290322581,0.9188679245,0.920754717,3619,3619,3619,0,0
29,0.2,rank_expanding,362,3478,rank,48506,92,620,530,0.9225806452,0.9113207547,0.9132075472,3478,3478,3478,0,0
29,0.2,rank_rolling,362,2949,rank,1000,4,620,530,0.9032258065,0.8886792453,0.8933962264,2949,2949,2949,0,0
29,0.2,margin_static,363,14.67058563,score_margin,49126,93,386,353,0.8186528497,0.821529745,0.8387629839,1993.203966,90,7128,0.08781869688,0.1728045326
29,0.2,margin_rolling,363,24.25655413,score_margin,1000,3,386,353,0.9196891192,0.9263456091,0.9372049103,4125.022663,6863,7128,0.01133144476,0.3739376771
29,0.2,rank_static,363,3619,rank,49126,93,386,353,0.9041450777,0.8980169972,0.8999055713,3619,3619,3619,0,0
29,0.2,rank_expanding,363,3466,rank,49126,93,386,353,0.9041450777,0.8980169972,0.8999055713,3466,3466,3466,0,0
29,0.2,rank_rolling,363,2892,rank,1000,3,386,353,0.8937823834,0.8866855524,0.8885741265,2892,2892,2892,0,0
29,0.2,margin_static,364,14.67058563,score_margin,49512,94,354,329,0.7881355932,0.7933130699,0.8057244174,1870.765957,103,7128,0.08510638298,0.1641337386
29,0.2,margin_rolling,364,24.249156,score_margin,1000,2,354,329,0.9209039548,0.9240121581,0.930597771,4263.136778,6870,7128,0.01215805471,0.3647416413
29,0.2,rank_static,364,3619,rank,49512,94,354,329,0.9237288136,0.9179331307,0.9194528875,3619,3619,3619,0,0
29,0.2,rank_expanding,364,3463,rank,49512,94,354,329,0.9237288136,0.9179331307,0.9194528875,3463,3463,3463,0,0
29,0.2,rank_rolling,364,2999,rank,1000,2,354,329,0.9124293785,0.905775076,0.9072948328,2999,2999,2999,0,0
29,0.3,margin_static,292,12.62260509,score_margin,11270,22,730,658,0.8849315068,0.896656535,0.9084599797,3788.010638,4486.5,7128,0.006079027356,0.376899696
29,0.3,margin_rolling,292,12.39958906,score_margin,1000,3,730,658,0.8794520548,0.8905775076,0.9031408308,3714.12766,3567,7128,0.006079027356,0.3723404255
29,0.3,rank_static,292,4102,rank,11270,22,730,658,0.8698630137,0.8708206687,0.8753799392,4102,4102,4102,0,0
29,0.3,rank_expanding,292,4102,rank,11270,22,730,658,0.8698630137,0.8708206687,0.8753799392,4102,4102,4102,0,0
29,0.3,rank_rolling,292,3843,rank,1000,3,730,658,0.8561643836,0.858662614,0.8632218845,3843,3843,3843,0,0
29,0.3,margin_static,293,12.62260509,score_margin,12000,23,658,581,0.9103343465,0.9208261618,0.9364601262,4098.786575,6511,7128,0.008605851979,0.395869191
29,0.3,margin_rolling,293,12.68957758,score_margin,1000,2,658,581,0.9133738602,0.9242685026,0.9386115892,4119.466437,6584,7128,0.008605851979,0.395869191
29,0.3,rank_static,293,4102,rank,12000,23,658,581,0.8860182371,0.8760757315,0.8835341365,4102,4102,4102,0,0
29,0.3,rank_expanding,293,4164,rank,12000,23,658,581,0.8936170213,0.8846815835,0.8904188181,4164,4164,4164,0,0
29,0.3,rank_rolling,293,4286,rank,1000,2,658,581,0.8981762918,0.8898450947,0.8955823293,4286,4286,4286,0,0
29,0.3,margin_static,294,12.62260509,score_margin,12658,24,618,538,0.8462783172,0.8531598513,0.8762391574,3887.553903,6139.5,7128,0.01486988848,0.3791821561
29,0.3,margin_rolling,294,13.11388397,score_margin,1000,2,618,538,0.8624595469,0.8643122677,0.8862143742,4019.141264,6739,7128,0.01301115242,0.4126394052
29,0.3,rank_static,294,4102,rank,12658,24,618,538,0.8689320388,0.8513011152,0.8593556382,4102,4102,4102,0,0
29,0.3,rank_expanding,294,4166,rank,12658,24,618,538,0.8770226537,0.8605947955,0.8667905824,4166,4166,4166,0,0
29,0.3,rank_rolling,294,4573,rank,1000,2,618,538,0.8932038835,0.8791821561,0.885377943,4573,4573,4573,0,0
29,0.3,margin_static,295,12.62260509,score_margin,13276,25,666,578,0.8723723724,0.884083045,0.9065167243,3922.50346,5936,7128,0.006920415225,0.3685121107
29,0.3,margin_rolling,295,14.15599537,score_margin,1000,2,666,578,0.9009009009,0.9048442907,0.9262399077,4492.025952,7094,7128,0.006920415225,0.4429065744
29,0.3,rank_static,295,4102,rank,13276,25,666,578,0.8858858859,0.8685121107,0.8755767013,4102,4102,4102,0,0
29,0.3,rank_expanding,295,4185,rank,13276,25,666,578,0.8903903904,0.8737024221,0.8794694348,4185,4185,4185,0,0
29,0.3,rank_rolling,295,4645,rank,1000,2,666,578,0.9069069069,0.892733564,0.895905421,4645,4645,4645,0,0
29,0.3,margin_static,296,12.62260509,score_margin,13942,26,516,466,0.8410852713,0.8433476395,0.858869814,3914.487124,6025.5,7128,0.004291845494,0.3755364807
29,0.3,margin_rolling,296,14.69972169,score_margin,1000,2,516,466,0.8992248062,0.8969957082,0.9136623748,4479.251073,7124,7128,0.004291845494,0.4678111588
29,0.3,rank_static,296,4102,rank,13942,26,516,466,0.9089147287,0.8991416309,0.9040057225,4102,4102,4102,0,0
29,0.3,rank_expanding,296,4206,rank,13942,26,516,466,0.9108527132,0.9012875536,0.9061516452,4206,4206,4206,0,0
29,0.3,rank_rolling,296,4439,rank,1000,2,516,466,0.9127906977,0.9034334764,0.908297568,4439,4439,4439,0,0
29,0.3,margin_static,297,12.62260509,score_margin,14458,27,292,254,0.8253424658,0.8464566929,0.8659448819,3335.759843,1279,7128,0.01181102362,0.2992125984
29,0.3,margin_rolling,297,14.79753214,score_margin,1000,2,292,254,0.8664383562,0.8858267717,0.9024934383,3949.637795,6096,7128,0.01181102362,0.3897637795
29,0.3,rank_static,297,4102,rank,14458,27,292,254,0.8835616438,0.8700787402,0.875,4102,4102,4102,0,0
29,0.3,rank_expanding,297,4197,rank,14458,27,292,254,0.8904109589,0.8779527559,0.8779527559,4197,4197,4197,0,0
29,0.3,rank_rolling,297,4197,rank,1000,2,292,254,0.8904109589,0.8779527559,0.8779527559,4197,4197,4197,0,0
29,0.3,margin_static,298,12.62260509,score_margin,14750,28,252,224,0.873015873,0.8794642857,0.8954613095,3451.776786,2576.5,7128,0.008928571429,0.3303571429
29,0.3,margin_rolling,298,15.25138661,score_margin,1000,3,252,224,0.9285714286,0.9375,0.9479166667,4318.09375,7068.5,7128,0.008928571429,0.4196428571
29,0.3,rank_static,298,4102,rank,14750,28,252,224,0.8452380952,0.8258928571,0.8411458333,4102,4102,4102,0,0
29,0.3,rank_expanding,298,4203,rank,14750,28,252,224,0.8492063492,0.8303571429,0.8422619048,4203,4203,4203,0,0
29,0.3,rank_rolling,298,4225,rank,1000,3,252,224,0.8492063492,0.8303571429,0.8422619048,4225,4225,4225,0,0
29,0.3,margin_static,299,12.62260509,score_margin,15002,29,702,615,0.8675213675,0.8861788618,0.9014479288,3626.822764,2989,7128,0.01300813008,0.312195122
29,0.3,margin_rolling,299,14.86123085,score_margin,1000,3,702,615,0.9088319088,0.9235772358,0.9340534262,4352.598374,7079,7128,0.006504065041,0.4130081301
29,0.3,rank_static,299,4102,rank,15002,29,702,615,0.9216524217,0.9105691057,0.9113821138,4102,4102,4102,0,0
29,0.3,rank_expanding,299,4226,rank,15002,29,702,615,0.9216524217,0.9105691057,0.9113821138,4226,4226,4226,0,0
29,0.3,rank_rolling,299,4549,rank,1000,3,702,615,0.9245014245,0.9138211382,0.9146341463,4549,4549,4549,0,0
29,0.3,margin_static,300,12.62260509,score_margin,15704,30,664,573,0.859939759,0.8656195462,0.8914582121,3907.582897,6127,7128,0.00872600349,0.3507853403
29,0.3,margin_rolling,300,14.36136818,score_margin,1000,3,664,573,0.8975903614,0.9005235602,0.9217083576,4391.923211,7112,7128,0.006980802792,0.4554973822
29,0.3,rank_static,300,4102,rank,15704,30,664,573,0.875,0.8586387435,0.8653286795,4102,4102,4102,0,0
29,0.3,rank_expanding,300,4197,rank,15704,30,664,573,0.8795180723,0.8638743455,0.8696916812,4197,4197,4197,0,0
29,0.3,rank_rolling,300,4276,rank,1000,3,664,573,0.8795180723,0.8638743455,0.8696916812,4276,4276,4276,0,0
29,0.3,margin_static,301,12.62260509,score_margin,16368,31,616,552,0.8798701299,0.8822463768,0.8948369565,4000.585145,6393,7128,0.003623188406,0.393115942
29,0.3,margin_rolling,301,15.09849739,score_margin,1000,2,616,552,0.9237012987,0.9221014493,0.9318236715,4742.193841,7128,7128,0.001811594203,0.5018115942
29,0.3,rank_static,301,4102,rank,16368,31,616,552,0.862012987,0.8514492754,0.860205314,4102,4102,4102,0,0
29,0.3,rank_expanding,301,4226,rank,16368,31,616,552,0.8668831169,0.856884058,0.8656400966,4226,4226,4226,0,0
29,0.3,rank_rolling,301,4451,rank,1000,2,616,552,0.8766233766,0.865942029,0.8725845411,4451,4451,4451,0,0
29,0.3,margin_static,302,12.62260509,score_margin,16984,32,570,490,0.8596491228,0.8612244898,0.8772691934,3600.608163,3209.5,7128,0.01224489796,0.3346938776
29,0.3,margin_rolling,302,13.98894691,score_margin,1000,2,570,490,0.8789473684,0.8775510204,0.8915257532,4005.855102,6406,7128,0.01020408163,0.393877551
29,0.3,rank_static,302,4102,rank,16984,32,570,490,0.9070175439,0.8959183673,0.8979591837,4102,4102,4102,0,0
29,0.3,rank_expanding,302,4259,rank,16984,32,570,490,0.9070175439,0.8959183673,0.8979591837,4259,4259,4259,0,0
29,0.3,rank_rolling,302,5193,rank,1000,2,570,490,0.9245614035,0.9163265306,0.9173469388,5193,5193,5193,0,0
29,0.3,margin_static,303,12.62260509,score_margin,17554,33,542,485,0.8708487085,0.8639175258,0.8813058419,3673.940206,3539,7128,0.00824742268,0.3608247423
29,0.3,margin_rolling,303,14.82483768,score_margin,1000,2,542,485,0.9040590406,0.8989690722,0.9105154639,4308.296907,7061,7128,0.00618556701,0.4432989691
29,0.3,rank_static,303,4102,rank,17554,33,542,485,0.8763837638,0.8618556701,0.8649484536,4102,4102,4102,0,0
29,0.3,rank_expanding,303,4252,rank,17554,33,542,485,0.8763837638,0.8618556701,0.8649484536,4252,4252,4252,0,0
29,0.3,rank_rolling,303,4821,rank,1000,2,542,485,0.8966789668,0.8845360825,0.887628866,4821,4821,4821,0,0
29,0.3,margin_static,304,12.62260509,score_margin,18096,34,328,281,0.8292682927,0.8398576512,0.8680308422,3283.562278,1708,7128,0.01067615658,0.2989323843
29,0.3,margin_rolling,304,14.26792049,score_margin,1000,2,328,281,0.8780487805,0.8861209964,0.9128113879,3822.701068,5809,7128,0.007117437722,0.359430605
29,0.3,rank_static,304,4102,rank,18096,34,328,281,0.8932926829,0.8896797153,0.8932384342,4102,4102,4102,0,0
29,0.3,rank_expanding,304,4269,rank,18096,34,328,281,0.9024390244,0.9003558719,0.9003558719,4269,4269,4269,0,0
29,0.3,rank_rolling,304,4718,rank,1000,2,328,281,0.9054878049,0.9039145907,0.9039145907,4718,4718,4718,0,0
29,0.3,margin_static,305,12.62260509,score_margin,18424,35,328,295,0.8536585366,0.8576271186,0.8772316384,3196.050847,1261,7128,0.006779661017,0.3016949153
29,0.3,margin_rolling,305,15.43101048,score_margin,1000,3,328,295,0.9268292683,0.9322033898,0.9437288136,4031.671186,6379,7128,0.003389830508,0.4033898305
29,0.3,rank_static,305,4102,rank,18424,35,328,295,0.9329268293,0.9254237288,0.9296610169,4102,4102,4102,0,0
29,0.3,rank_expanding,305,4268,rank,18424,35,328,295,0.9329268293,0.9254237288,0.9296610169,4268,4268,4268,0,0
29,0.3,rank_rolling,305,4693,rank,1000,3,328,295,0.9451219512,0.9389830508,0.9406779661,4693,4693,4693,0,0
29,0.3,margin_static,306,12.62260509,score_margin,18752,36,582,513,0.85395189,0.8752436647,0.8913580247,3525.645224,2328,7128,0.009746588694,0.3664717349
29,0.3,margin_rolling,306,14.97026157,score_margin,1000,3,582,513,0.8934707904,0.9122807018,0.9205977908,4194.551657,7024,7128,0.007797270955,0.4463937622
29,0.3,rank_static,306,4102,rank,18752,36,582,513,0.9140893471,0.9025341131,0.9067576348,4102,4102,4102,0,0
29,0.3,rank_expanding,306,4255,rank,18752,36,582,513,0.9158075601,0.9044834308,0.9087069526,4255,4255,4255,0,0
29,0.3,rank_rolling,306,4048,rank,1000,3,582,513,0.9140893471,0.9025341131,0.9067576348,4048,4048,4048,0,0
29,0.3,margin_static,307,12.62260509,score_margin,19334,37,588,510,0.8469387755,0.862745098,0.8823856209,3785.35098,4223,7128,0.009803921569,0.337254902
29,0.3,margin_rolling,307,15.05560112,score_margin,1000,3,588,510,0.9047619048,0.9196078431,0.9338235294,4618.492157,7109.5,7128,0.005882352941,0.4450980392
29,0.3,rank_static,307,4102,rank,19334,37,588,510,0.8911564626,0.8745098039,0.8816339869,4102,4102,4102,0,0
29,0.3,rank_expanding,307,4247,rank,19334,37,588,510,0.8979591837,0.8823529412,0.888496732,4247,4247,4247,0,0
29,0.3,rank_rolling,307,3575,rank,1000,3,588,510,0.8826530612,0.8647058824,0.8718300654,3575,3575,3575,0,0
29,0.3,margin_static,308,12.62260509,score_margin,19922,38,562,497,0.8434163701,0.847082495,0.8689997126,3757.334004,4734,7128,0.01408450704,0.3883299799
29,0.3,margin_rolling,308,14.80263519,score_margin,1000,2,562,497,0.8932384342,0.893360161,0.9092651145,4381.460765,7113,7128,0.01207243461,0.4607645875
29,0.3,rank_static,308,4102,rank,19922,38,562,497,0.8576512456,0.8450704225,0.8530516432,4102,4102,4102,0,0
29,0.3,rank_expanding,308,4248,rank,19922,38,562,497,0.8629893238,0.8511066398,0.8580818243,4248,4248,4248,0,0
29,0.3,rank_rolling,308,3960,rank,1000,2,562,497,0.8505338078,0.8370221328,0.8450033535,3960,3960,3960,0,0
29,0.3,margin_static,309,12.62260509,score_margin,20484,39,626,535,0.8482428115,0.8523364486,0.8782866044,3771.272897,4218,7128,0.01869158879,0.3757009346
29,0.3,margin_rolling,309,15.21896076,score_margin,1000,2,626,535,0.8993610224,0.9046728972,0.9202180685,4510.829907,7118,7128,0.009345794393,0.4822429907
29,0.3,rank_static,309,4102,rank,20484,39,626,535,0.8801916933,0.8672897196,0.8783800623,4102,4102,4102,0,0
29,0.3,rank_expanding,309,4271,rank,20484,39,626,535,0.8881789137,0.876635514,0.8852336449,4271,4271,4271,0,0
29,0.3,rank_rolling,309,5258,rank,1000,2,626,535,0.9089456869,0.8990654206,0.9037383178,5258,5258,5258,0,0
29,0.3,margin_static,310,12.62260509,score_margin,21110,40,620,527,0.8822580645,0.8766603416,0.9086970272,3253.068311,1312,7128,0.01138519924,0.2789373814
29,0.3,margin_rolling,310,15.47052431,score_margin,1000,2,620,527,0.9258064516,0.9165085389,0.9439595193,4174.455408,6724,7128,0.007590132827,0.4060721063
29,0.3,rank_static,310,4102,rank,21110,40,620,527,0.9435483871,0.935483871,0.935483871,4102,4102,4102,0,0
29,0.3,rank_expanding,310,4281,rank,21110,40,620,527,0.9467741935,0.9392789374,0.9392789374,4281,4281,4281,0,0
29,0.3,rank_rolling,310,5140,rank,1000,2,620,527,0.9596774194,0.9525616698,0.9535104364,5140,5140,5140,0,0
29,0.3,margin_static,311,12.62260509,score_margin,21730,41,438,366,0.8607305936,0.8551912568,0.8856102004,2882.554645,839.5,7128,0.01912568306,0.2404371585
29,0.3,margin_rolling,311,14.6106348,score_margin,1000,2,438,366,0.904109589,0.8961748634,0.9189435337,3510.639344,2278.5,7128,0.01092896175,0.3032786885
29,0.3,rank_static,311,4102,rank,21730,41,438,366,0.9269406393,0.912568306,0.9157559199,4102,4102,4102,0,0
29,0.3,rank_expanding,311,4248,rank,21730,41,438,366,0.9383561644,0.9262295082,0.929417122,4248,4248,4248,0,0
29,0.3,rank_rolling,311,3138,rank,1000,2,438,366,0.9109589041,0.893442623,0.8966302368,3138,3138,3138,0,0
29,0.3,margin_static,312,12.62260509,score_margin,22168,42,460,368,0.8434782609,0.8641304348,0.8921713251,2781.967391,489,7128,0.02445652174,0.2282608696
29,0.3,margin_rolling,312,13.86386919,score_margin,1000,2,460,368,0.8608695652,0.8804347826,0.9068452381,3217.429348,1184,7128,0.01358695652,0.2554347826
29,0.3,rank_static,312,4102,rank,22168,42,460,368,0.9391304348,0.9266304348,0.9325181159,4102,4102,4102,0,0
29,0.3,rank_expanding,312,4223,rank,22168,42,460,368,0.9413043478,0.9293478261,0.933423913,4223,4223,4223,0,0
29,0.3,rank_rolling,312,2182,rank,1000,2,460,368,0.9065217391,0.8940217391,0.9019927536,2182,2182,2182,0,0
29,0.3,margin_static,313,12.62260509,score_margin,22628,43,794,641,0.8312342569,0.8346333853,0.8673166927,3048.26209,822,7128,0.02496099844,0.2870514821
29,0.3,margin_rolling,313,15.24604225,score_margin,1000,3,794,641,0.8942065491,0.8892355694,0.9177587103,3817.00624,4238,7128,0.01248049922,0.3853354134
29,0.3,rank_static,313,4102,rank,22628,43,794,641,0.9168765743,0.8985959438,0.9009360374,4102,4102,4102,0,0
29,0.3,rank_expanding,313,4199,rank,22628,43,794,641,0.919395466,0.9017160686,0.9040561622,4199,4199,4199,0,0
29,0.3,rank_rolling,313,2182,rank,1000,3,794,641,0.8816120907,0.856474259,0.8639625585,2182,2182,2182,0,0
29,0.3,margin_static,314,12.62260509,score_margin,23422,44,678,585,0.8569321534,0.8564102564,0.8827391127,3215.075214,1076,7128,0.0188034188,0.294017094
29,0.3,margin_rolling,314,15.89002466,score_margin,1000,2,678,585,0.9277286136,0.9264957265,0.9402319902,4113.437607,6690,7128,0.01196581197,0.4205128205
29,0.3,rank_static,314,4102,rank,23422,44,678,585,0.9380530973,0.9316239316,0.9324786325,4102,4102,4102,0,0
29,0.3,rank_expanding,314,4174,rank,23422,44,678,585,0.9395280236,0.9333333333,0.9341880342,4174,4174,4174,0,0
29,0.3,rank_rolling,314,2825,rank,1000,2,678,585,0.912979351,0.9025641026,0.9085470085,2825,2825,2825,0,0
29,0.3,margin_static,315,12.62260509,score_margin,24100,45,774,660,0.8514211886,0.8439393939,0.868459596,3230.615152,1165,7128,0.01363636364,0.2727272727
29,0.3,margin_rolling,315,15.60042822,score_margin,1000,2,774,660,0.9082687339,0.9060606061,0.9219949495,4060.122727,6593,7128,0.009090909091,0.4075757576
29,0.3,rank_static,315,4102,rank,24100,45,774,660,0.9108527132,0.9,0.9078282828,4102,4102,4102,0,0
29,0.3,rank_expanding,315,4151,rank,24100,45,774,660,0.9121447028,0.9015151515,0.9085858586,4151,4151,4151,0,0
29,0.3,rank_rolling,315,2640,rank,1000,2,774,660,0.8940568475,0.8803030303,0.8888888889,2640,2640,2640,0,0
29,0.3,margin_static,316,12.62260509,score_margin,24874,46,758,622,0.8562005277,0.8424437299,0.8736334405,3488.506431,2338.5,7128,0.01446945338,0.3022508039
29,0.3,margin_rolling,316,15.78683949,score_margin,1000,2,758,622,0.9208443272,0.9163987138,0.9344051447,4512.008039,7087.5,7128,0.009646302251,0.4308681672
29,0.3,rank_static,316,4102,rank,24874,46,758,622,0.8931398417,0.8697749196,0.8737942122,4102,4102,4102,0,0
29,0.3,rank_expanding,316,4142,rank,24874,46,758,622,0.8944591029,0.8713826367,0.8754019293,4142,4142,4142,0,0
29,0.3,rank_rolling,316,2955,rank,1000,2,758,622,0.8720316623,0.8440514469,0.8480707395,2955,2955,2955,0,0
29,0.3,margin_static,317,12.62260509,score_margin,25632,47,630,559,0.8380952381,0.8372093023,0.8611508646,2869.309481,564,7128,0.01788908766,0.2558139535
29,0.3,margin_rolling,317,14.51970851,score_margin,1000,2,630,559,0.8841269841,0.885509839,0.9024150268,3448.357782,1915,7128,0.005366726297,0.3166368515
29,0.3,rank_static,317,4102,rank,25632,47,630,559,0.8920634921,0.8783542039,0.8855396541,4102,4102,4102,0,0
29,0.3,rank_expanding,317,4148,rank,25632,47,630,559,0.8920634921,0.8783542039,0.8855396541,4148,4148,4148,0,0
29,0.3,rank_rolling,317,4205,rank,1000,2,630,559,0.8920634921,0.8783542039,0.8855396541,4205,4205,4205,0,0
29,0.3,margin_static,318,12.62260509,score_margin,26262,48,342,308,0.850877193,0.8506493506,0.8728354978,2777.672078,465.5,7128,0.02272727273,0.2694805195
29,0.3,margin_rolling,318,16.07294989,score_margin,1000,2,342,308,0.9210526316,0.9188311688,0.9334415584,3707.853896,2907,7128,0.01623376623,0.3474025974
29,0.3,rank_static,318,4102,rank,26262,48,342,308,0.9005847953,0.8896103896,0.8928571429,4102,4102,4102,0,0
29,0.3,rank_expanding,318,4151,rank,26262,48,342,308,0.9064327485,0.8961038961,0.8993506494,4151,4151,4151,0,0
29,0.3,rank_rolling,318,4612,rank,1000,2,342,308,0.918128655,0.9090909091,0.9123376623,4612,4612,4612,0,0
29,0.3,margin_static,319,12.62260509,score_margin,26604,49,324,290,0.8549382716,0.8413793103,0.8465517241,2822.744828,568,7128,0.01724137931,0.2793103448
29,0.3,margin_rolling,319,15.46469605,score_margin,1000,3,324,290,0.9135802469,0.9034482759,0.9103448276,3658.286207,2619,7128,0.006896551724,0.3413793103
29,0.3,rank_static,319,4102,rank,26604,49,324,290,0.9259259259,0.9172413793,0.9172413793,4102,4102,4102,0,0
29,0.3,rank_expanding,319,4149,rank,26604,49,324,290,0.9259259259,0.9172413793,0.9172413793,4149,4149,4149,0,0
29,0.3,rank_rolling,319,4417,rank,1000,3,324,290,0.9259259259,0.9172413793,0.9172413793,4417,4417,4417,0,0
29,0.3,margin_static,320,12.62260509,score_margin,26928,50,736,646,0.8423913043,0.8544891641,0.8671998624,3466.065015,1953,7128,0.02631578947,0.3328173375
29,0.3,margin_rolling,320,15.45514727,score_margin,1000,3,736,646,0.8940217391,0.907120743,0.9145166839,4326.236842,7038,7128,0.009287925697,0.4256965944
29,0.3,rank_static,320,4102,rank,26928,50,736,646,0.9035326087,0.8931888545,0.8968008256,4102,4102,4102,0,0
29,0.3,rank_expanding,320,4141,rank,26928,50,736,646,0.9048913043,0.8947368421,0.8983488132,4141,4141,4141,0,0
29,0.3,rank_rolling,320,3569,rank,1000,3,736,646,0.8940217391,0.8823529412,0.886996904,3569,3569,3569,0,0
29,0.3,margin_static,321,12.62260509,score_margin,27664,51,680,603,0.8588235294,0.8507462687,0.8711995578,3301.276949,1611,7128,0.01990049751,0.2868988391
29,0.3,margin_rolling,321,15.54428053,score_margin,1000,2,680,603,0.9102941176,0.9054726368,0.9223327805,4275.45937,6987,7128,0.009950248756,0.407960199
29,0.3,rank_static,321,4102,rank,27664,51,680,603,0.9044117647,0.8955223881,0.899668325,4102,4102,4102,0,0
29,0.3,rank_expanding,321,4138,rank,27664,51,680,603,0.9044117647,0.8955223881,0.899668325,4138,4138,4138,0,0
29,0.3,rank_rolling,321,3652,rank,1000,2,680,603,0.8970588235,0.8872305141,0.8913764511,3652,3652,3652,0,0
29,0.3,margin_static,322,12.62260509,score_margin,28344,52,668,595,0.8577844311,0.8554621849,0.8719887955,3455.465546,2388,7128,0.01680672269,0.3008403361
29,0.3,margin_rolling,322,15.92139173,score_margin,1000,2,668,595,0.9311377246,0.9361344538,0.9425770308,4474.485714,7088,7128,0.006722689076,0.4302521008
29,0.3,rank_static,322,4102,rank,28344,52,668,595,0.878742515,0.8655462185,0.8694677871,4102,4102,4102,0,0
29,0.3,rank_expanding,322,4133,rank,28344,52,668,595,0.880239521,0.8672268908,0.8711484594,4133,4133,4133,0,0
29,0.3,rank_rolling,322,4088,rank,1000,2,668,595,0.878742515,0.8655462185,0.8694677871,4088,4088,4088,0,0
29,0.3,margin_static,323,12.62260509,score_margin,29012,53,668,600,0.8473053892,0.84,0.8605555556,3258.893333,1415,7128,0.01833333333,0.2733333333
29,0.3,margin_rolling,323,15.01025672,score_margin,1000,2,668,600,0.8967065868,0.8916666667,0.9069444444,4150.305,6581,7128,0.008333333333,0.37
29,0.3,rank_static,323,4102,rank,29012,53,668,600,0.9041916168,0.8983333333,0.9047222222,4102,4102,4102,0,0
29,0.3,rank_expanding,323,4148,rank,29012,53,668,600,0.9041916168,0.8983333333,0.9047222222,4148,4148,4148,0,0
29,0.3,rank_rolling,323,4583,rank,1000,2,668,600,0.9131736527,0.9066666667,0.9138888889,4583,4583,4583,0,0
29,0.3,margin_static,324,12.62260509,score_margin,29680,54,796,650,0.8278894472,0.8446153846,0.8731794872,3352.518462,1761,7128,0.02307692308,0.2876923077
29,0.3,margin_rolling,324,15.27995014,score_margin,1000,2,796,650,0.8881909548,0.8969230769,0.9192051282,4092.32,6728.5,7128,0.01076923077,0.4092307692
29,0.3,rank_static,324,4102,rank,29680,54,796,650,0.9283919598,0.9123076923,0.9176923077,4102,4102,4102,0,0
29,0.3,rank_expanding,324,4145,rank,29680,54,796,650,0.9296482412,0.9138461538,0.9192307692,4145,4145,4145,0,0
29,0.3,rank_rolling,324,4330,rank,1000,2,796,650,0.9384422111,0.9246153846,0.9292307692,4330,4330,4330,0,0
29,0.3,margin_static,325,12.62260509,score_margin,30476,55,398,360,0.8040201005,0.8166666667,0.825,3159.911111,846.5,7128,0.04166666667,0.3277777778
29,0.3,margin_rolling,325,15.54268217,score_margin,1000,2,398,360,0.8618090452,0.875,0.8814814815,3791.633333,6504,7128,0.01666666667,0.4027777778
29,0.3,rank_static,325,4102,rank,30476,55,398,360,0.8819095477,0.8694444444,0.875,4102,4102,4102,0,0
29,0.3,rank_expanding,325,4115,rank,30476,55,398,360,0.8819095477,0.8694444444,0.875,4115,4115,4115,0,0
29,0.3,rank_rolling,325,2470,rank,1000,2,398,360,0.8366834171,0.8194444444,0.8277777778,2470,2470,2470,0,0
29,0.3,margin_static,326,12.62260509,score_margin,30874,56,422,348,0.7772511848,0.7844827586,0.8080699234,2523.755747,148.5,7128,0.02298850575,0.2270114943
29,0.3,margin_rolling,326,15.82028484,score_margin,1000,2,422,348,0.8530805687,0.8649425287,0.881585249,3216.954023,931.5,7128,0.01149425287,0.3247126437
29,0.3,rank_static,326,4102,rank,30874,56,422,348,0.9573459716,0.9511494253,0.9511494253,4102,4102,4102,0,0
29,0.3,rank_expanding,326,4126,rank,30874,56,422,348,0.9573459716,0.9511494253,0.9511494253,4126,4126,4126,0,0
29,0.3,rank_rolling,326,3371,rank,1000,2,422,348,0.9407582938,0.9310344828,0.933908046,3371,3371,3371,0,0
29,0.3,margin_static,327,12.62260509,score_margin,31296,57,738,621,0.8211382114,0.8357487923,0.8610842727,3204.57971,959,7128,0.0305958132,0.2962962963
29,0.3,margin_rolling,327,17.41586876,score_margin,1000,3,738,621,0.9092140921,0.9130434783,0.9394793344,4530.94847,7102,7128,0.006441223833,0.460547504
29,0.3,rank_static,327,4102,rank,31296,57,738,621,0.9376693767,0.9307568438,0.9341921632,4102,4102,4102,0,0
29,0.3,rank_expanding,327,4099,rank,31296,57,738,621,0.9376693767,0.9307568438,0.9341921632,4099,4099,4099,0,0
29,0.3,rank_rolling,327,2878,rank,1000,3,738,621,0.9051490515,0.8921095008,0.8998389694,2878,2878,2878,0,0
29,0.3,margin_static,328,12.62260509,score_margin,32034,58,600,526,0.8483333333,0.8574144487,0.8738638421,3110.340304,1063.5,7128,0.02851711027,0.288973384
29,0.3,margin_rolling,328,17.38812077,score_margin,1000,2,600,526,0.9233333333,0.9258555133,0.9374434184,4624.673004,7114,7128,0.005703422053,0.4505703422
29,0.3,rank_static,328,4102,rank,32034,58,600,526,0.94,0.9315589354,0.933460076,4102,4102,4102,0,0
29,0.3,rank_expanding,328,4078,rank,32034,58,600,526,0.94,0.9315589354,0.933460076,4078,4078,4078,0,0
29,0.3,rank_rolling,328,2354,rank,1000,2,600,526,0.9116666667,0.9011406844,0.9020912548,2354,2354,2354,0,0
29,0.3,margin_static,329,12.62260509,score_margin,32634,59,684,599,0.831871345,0.83639399,0.8531997774,3194.200334,910,7128,0.02504173623,0.2888146912
29,0.3,margin_rolling,329,16.90379906,score_margin,1000,2,684,599,0.9269005848,0.9248747913,0.935837507,4352.510851,7065,7128,0.006677796327,0.449081803
29,0.3,rank_static,329,4102,rank,32634,59,684,599,0.9093567251,0.9015025042,0.9070116861,4102,4102,4102,0,0
29,0.3,rank_expanding,329,4061,rank,32634,59,684,599,0.9078947368,0.8998330551,0.9053422371,4061,4061,4061,0,0
29,0.3,rank_rolling,329,2333,rank,1000,2,684,599,0.8611111111,0.8480801336,0.8594323873,2333,2333,2333,0,0
29,0.3,margin_static,330,12.62260509,score_margin,33318,60,640,580,0.8484375,0.85,0.8622126437,2965.715517,884.5,7128,0.02931034483,0.2672413793
29,0.3,margin_rolling,330,15.90562248,score_margin,1000,2,640,580,0.9109375,0.9137931034,0.9242816092,4108.644828,6242.5,7128,0.005172413793,0.374137931
29,0.3,rank_static,330,4102,rank,33318,60,640,580,0.928125,0.9206896552,0.9206896552,4102,4102,4102,0,0
29,0.3,rank_expanding,330,4059,rank,33318,60,640,580,0.928125,0.9206896552,0.9206896552,4059,4059,4059,0,0
29,0.3,rank_rolling,330,3319,rank,1000,2,640,580,0.9140625,0.9051724138,0.9051724138,3319,3319,3319,0,0
29,0.3,margin_static,331,12.62260509,score_margin,33958,61,506,474,0.8656126482,0.864978903,0.8702531646,3116.881857,860.5,7128,0.03375527426,0.253164557
29,0.3,margin_rolling,331,15.64199734,score_margin,1000,2,506,474,0.918972332,0.917721519,0.9235232068,4099.065401,6536,7128,0.004219409283,0.3818565401
29,0.3,rank_static,331,4102,rank,33958,61,506,474,0.9169960474,0.9113924051,0.9113924051,4102,4102,4102,0,0
29,0.3,rank_expanding,331,4046,rank,33958,61,506,474,0.9150197628,0.9092827004,0.9092827004,4046,4046,4046,0,0
29,0.3,rank_rolling,331,3160,rank,1000,2,506,474,0.8893280632,0.8818565401,0.8818565401,3160,3160,3160,0,0
29,0.3,margin_static,332,12.62260509,score_margin,34464,62,318,300,0.8553459119,0.8566666667,0.8638888889,2862.74,486,7128,0.02666666667,0.2633333333
29,0.3,margin_rolling,332,14.3872757,score_margin,1000,2,318,300,0.8993710692,0.9033333333,0.9105555556,3401.593333,1642.5,7128,0.01666666667,0.3366666667
29,0.3,rank_static,332,4102,rank,34464,62,318,300,0.9213836478,0.9166666667,0.9166666667,4102,4102,4102,0,0
29,0.3,rank_expanding,332,4041,rank,34464,62,318,300,0.9182389937,0.9133333333,0.9133333333,4041,4041,4041,0,0
29,0.3,rank_rolling,332,3118,rank,1000,2,318,300,0.9056603774,0.9,0.9,3118,3118,3118,0,0
29,0.3,margin_static,333,12.62260509,score_margin,34782,63,342,312,0.8362573099,0.8365384615,0.8530982906,2986.980769,660.5,7128,0.03205128205,0.2788461538
29,0.3,margin_rolling,333,14.76011407,score_margin,1000,3,342,312,0.8830409357,0.8782051282,0.8915598291,3563.61859,2737.5,7128,0.01602564103,0.3653846154
29,0.3,rank_static,333,4102,rank,34782,63,342,312,0.8684210526,0.8557692308,0.859508547,4102,4102,4102,0,0
29,0.3,rank_expanding,333,4037,rank,34782,63,342,312,0.8684210526,0.8557692308,0.859508547,4037,4037,4037,0,0
29,0.3,rank_rolling,333,3189,rank,1000,3,342,312,0.850877193,0.8365384615,0.8402777778,3189,3189,3189,0,0
29,0.3,margin_static,334,12.62260509,score_margin,35124,64,700,633,0.85,0.8499210111,0.8659557662,2946.671406,768,7128,0.03633491311,0.2606635071
29,0.3,margin_rolling,334,14.87469363,score_margin,1000,3,700,633,0.9014285714,0.9052132701,0.9168246445,3659.875197,2982,7128,0.01263823065,0.3380726698
29,0.3,rank_static,334,4102,rank,35124,64,700,633,0.9257142857,0.9178515008,0.9231174302,4102,4102,4102,0,0
29,0.3,rank_expanding,334,4045,rank,35124,64,700,633,0.9257142857,0.9178515008,0.9231174302,4045,4045,4045,0,0
29,0.3,rank_rolling,334,4141,rank,1000,3,700,633,0.9285714286,0.9210110585,0.9241706161,4141,4141,4141,0,0
29,0.3,margin_static,335,12.62260509,score_margin,35824,65,656,587,0.8338414634,0.8296422487,0.8482112436,3051.400341,909,7128,0.02385008518,0.2844974446
29,0.3,margin_rolling,335,15.11819506,score_margin,1000,2,656,587,0.8887195122,0.8841567291,0.9005110733,3785.136286,4000,7128,0.006814310051,0.3628620102
29,0.3,rank_static,335,4102,rank,35824,65,656,587,0.9085365854,0.9011925043,0.9057353776,4102,4102,4102,0,0
29,0.3,rank_expanding,335,4033,rank,35824,65,656,587,0.9085365854,0.9011925043,0.9057353776,4033,4033,4033,0,0
29,0.3,rank_rolling,335,3721,rank,1000,2,656,587,0.9009146341,0.8926746167,0.8972174901,3721,3721,3721,0,0
29,0.3,margin_static,336,12.62260509,score_margin,36480,66,632,551,0.8022151899,0.7985480944,0.8198427102,3251.112523,1203,7128,0.03266787659,0.2704174229
29,0.3,margin_rolling,336,16.44562149,score_margin,1000,2,632,551,0.8939873418,0.889292196,0.9065940714,4334.970962,7065,7128,0.009074410163,0.444646098
29,0.3,rank_static,336,4102,rank,36480,66,632,551,0.875,0.8656987296,0.8732909861,4102,4102,4102,0,0
29,0.3,rank_expanding,336,4028,rank,36480,66,632,551,0.875,0.8656987296,0.8732909861,4028,4028,4028,0,0
29,0.3,rank_rolling,336,3411,rank,1000,2,632,551,0.8465189873,0.833030853,0.8436479129,3411,3411,3411,0,0
29,0.3,margin_static,337,12.62260509,score_margin,37112,67,552,492,0.8333333333,0.8394308943,0.8569783198,3057.239837,824,7128,0.01422764228,0.243902439
29,0.3,margin_rolling,337,16.75742412,score_margin,1000,2,552,492,0.9057971014,0.912601626,0.9220189702,4132.851626,6406.5,7128,0.00406504065,0.412601626
29,0.3,rank_static,337,4102,rank,37112,67,552,492,0.8913043478,0.8780487805,0.8823170732,4102,4102,4102,0,0
29,0.3,rank_expanding,337,4039,rank,37112,67,552,492,0.8894927536,0.8760162602,0.8802845528,4039,4039,4039,0,0
29,0.3,rank_rolling,337,4393,rank,1000,2,552,492,0.902173913,0.8902439024,0.893495935,4393,4393,4393,0,0
29,0.3,margin_static,338,12.62260509,score_margin,37664,68,496,457,0.814516129,0.8227571116,0.8336980306,3112.183807,1101,7128,0.03282275711,0.2582056893
29,0.3,margin_rolling,338,16.78034258,score_margin,1000,2,496,457,0.9153225806,0.9256017505,0.9365426696,4298.73523,6875,7128,0.004376367615,0.4288840263
29,0.3,rank_static,338,4102,rank,37664,68,496,457,0.8790322581,0.8687089716,0.8727206419,4102,4102,4102,0,0
29,0.3,rank_expanding,338,4043,rank,37664,68,496,457,0.877016129,0.8665207877,0.8705324581,4043,4043,4043,0,0
29,0.3,rank_rolling,338,4488,rank,1000,2,496,457,0.8951612903,0.886214442,0.8902261123,4488,4488,4488,0,0
29,0.3,margin_static,339,12.62260509,score_margin,38160,69,328,297,0.8262195122,0.8215488215,0.8389450056,2619.622896,496,7128,0.05387205387,0.1784511785
29,0.3,margin_rolling,339,15.47376537,score_margin,1000,2,328,297,0.8841463415,0.8754208754,0.888047138,3583.824916,2757,7128,0.0303030303,0.3063973064
29,0.3,rank_static,339,4102,rank,38160,69,328,297,0.9054878049,0.9057239057,0.9057239057,4102,4102,4102,0,0
29,0.3,rank_expanding,339,4051,rank,38160,69,328,297,0.9054878049,0.9057239057,0.9057239057,4051,4051,4051,0,0
29,0.3,rank_rolling,339,4384,rank,1000,2,328,297,0.9115853659,0.9124579125,0.9124579125,4384,4384,4384,0,0
29,0.3,margin_static,340,12.62260509,score_margin,38488,70,328,303,0.8262195122,0.8349834983,0.8459845985,2838.653465,455,7128,0.0297029703,0.2673267327
29,0.3,margin_rolling,340,16.15198231,score_margin,1000,3,328,303,0.9176829268,0.9306930693,0.9405940594,4055.782178,5952,7128,0.01650165017,0.3729372937
29,0.3,rank_static,340,4102,rank,38488,70,328,303,0.9115853659,0.904290429,0.9059405941,4102,4102,4102,0,0
29,0.3,rank_expanding,340,4050,rank,38488,70,328,303,0.9085365854,0.900990099,0.902640264,4050,4050,4050,0,0
29,0.3,rank_rolling,340,4384,rank,1000,3,328,303,0.9207317073,0.9141914191,0.9158415842,4384,4384,4384,0,0
29,0.3,margin_static,341,12.62260509,score_margin,38816,71,576,519,0.8298611111,0.838150289,0.8539499037,3093.874759,889,7128,0.0289017341,0.2581888247
29,0.3,margin_rolling,341,15.80691433,score_margin,1000,3,576,519,0.8802083333,0.8863198459,0.9011560694,4003.564547,6387,7128,0.007707129094,0.3757225434
29,0.3,rank_static,341,4102,rank,38816,71,576,519,0.8975694444,0.8882466281,0.8913294798,4102,4102,4102,0,0
29,0.3,rank_expanding,341,4048,rank,38816,71,576,519,0.8940972222,0.8843930636,0.8874759152,4048,4048,4048,0,0
29,0.3,rank_rolling,341,4040,rank,1000,3,576,519,0.8940972222,0.8843930636,0.8874759152,4040,4040,4040,0,0
29,0.3,margin_static,342,12.62260509,score_margin,39392,72,636,565,0.8270440252,0.8300884956,0.8474926254,3036.674336,672,7128,0.03716814159,0.2831858407
29,0.3,margin_rolling,342,16.48942924,score_margin,1000,3,636,565,0.8883647799,0.8884955752,0.905899705,4110.389381,6470,7128,0.008849557522,0.4053097345
29,0.3,rank_static,342,4102,rank,39392,72,636,565,0.8867924528,0.8743362832,0.8799410029,4102,4102,4102,0,0
29,0.3,rank_expanding,342,4050,rank,39392,72,636,565,0.8852201258,0.8725663717,0.8781710914,4050,4050,4050,0,0
29,0.3,rank_rolling,342,4056,rank,1000,3,636,565,0.8852201258,0.8725663717,0.8781710914,4056,4056,4056,0,0
29,0.3,margin_static,343,12.62260509,score_margin,40028,73,642,567,0.8099688474,0.8042328042,0.8195767196,3353.216931,1714,7128,0.03527336861,0.2768959436
29,0.3,margin_rolling,343,17.94095135,score_margin,1000,2,642,567,0.9065420561,0.9047619048,0.9183421517,4848.213404,7128,7128,0.01058201058,0.5061728395
29,0.3,rank_static,343,4102,rank,40028,73,642,567,0.8769470405,0.8641975309,0.8729570841,4102,4102,4102,0,0
29,0.3,rank_expanding,343,4056,rank,40028,73,642,567,0.8738317757,0.860670194,0.8703115814,4056,4056,4056,0,0
29,0.3,rank_rolling,343,4341,rank,1000,2,642,567,0.8862928349,0.8747795414,0.8817754262,4341,4341,4341,0,0
29,0.3,margin_static,344,12.62260509,score_margin,40670,74,650,582,0.7984615385,0.7989690722,0.8208762887,3140.508591,832,7128,0.03264604811,0.295532646
29,0.3,margin_rolling,344,17.72641778,score_margin,1000,2,650,582,0.8953846154,0.8934707904,0.9060710195,4374.95189,7101,7128,0.006872852234,0.4553264605
29,0.3,rank_static,344,4102,rank,40670,74,650,582,0.9184615385,0.910652921,0.9132302405,4102,4102,4102,0,0
29,0.3,rank_expanding,344,4064,rank,40670,74,650,582,0.9184615385,0.910652921,0.9132302405,4064,4064,4064,0,0
29,0.3,rank_rolling,344,4561,rank,1000,2,650,582,0.9292307692,0.9226804124,0.9235395189,4561,4561,4561,0,0
29,0.3,margin_static,345,12.62260509,score_margin,41320,75,586,501,0.8395904437,0.8303393214,0.8469727212,3260.323353,1791,7128,0.03992015968,0.3113772455
29,0.3,margin_rolling,345,18.28480178,score_margin,1000,2,586,501,0.9215017065,0.9141716567,0.9268130406,4555.363273,7128,7128,0.005988023952,0.5089820359
29,0.3,rank_static,345,4102,rank,41320,75,586,501,0.885665529,0.8662674651,0.877245509,4102,4102,4102,0,0
29,0.3,rank_expanding,345,4057,rank,41320,75,586,501,0.885665529,0.8662674651,0.877245509,4057,4057,4057,0,0
29,0.3,rank_rolling,345,3982,rank,1000,2,586,501,0.8839590444,0.8642714571,0.875249501,3982,3982,3982,0,0
29,0.3,margin_static,346,12.62260509,score_margin,41906,76,224,197,0.8303571429,0.8375634518,0.8604060914,2409.624365,187,7128,0.03553299492,0.192893401
29,0.3,margin_rolling,346,17.33433962,score_margin,1000,2,224,197,0.90625,0.9086294416,0.921319797,3553.695431,2537,7128,0.005076142132,0.345177665
29,0.3,rank_static,346,4102,rank,41906,76,224,197,0.9285714286,0.9187817259,0.923857868,4102,4102,4102,0,0
29,0.3,rank_expanding,346,4062,rank,41906,76,224,197,0.9285714286,0.9187817259,0.923857868,4062,4062,4062,0,0
29,0.3,rank_rolling,346,4214,rank,1000,2,224,197,0.9330357143,0.923857868,0.9289340102,4214,4214,4214,0,0
29,0.3,margin_static,347,12.62260509,score_margin,42130,77,306,277,0.8300653595,0.8303249097,0.8501805054,2473.364621,141,7128,0.03971119134,0.2454873646
29,0.3,margin_rolling,347,16.59593487,score_margin,1000,3,306,277,0.8986928105,0.9061371841,0.9163658243,3398.631769,1390,7128,0.01444043321,0.3393501805
29,0.3,rank_static,347,4102,rank,42130,77,306,277,0.9281045752,0.9205776173,0.9229843562,4102,4102,4102,0,0
29,0.3,rank_expanding,347,4060,rank,42130,77,306,277,0.9281045752,0.9205776173,0.9229843562,4060,4060,4060,0,0
29,0.3,rank_rolling,347,4239,rank,1000,3,306,277,0.9281045752,0.9205776173,0.9229843562,4239,4239,4239,0,0
29,0.3,margin_static,348,12.62260509,score_margin,42436,78,714,610,0.8263305322,0.8262295082,0.8450819672,2748.22459,358.5,7128,0.03606557377,0.2540983607
29,0.3,margin_rolling,348,16.59593487,score_margin,1000,3,714,610,0.8977591036,0.9,0.9144808743,3869.588525,5571,7128,0.008196721311,0.3721311475
29,0.3,rank_static,348,4102,rank,42436,78,714,610,0.9047619048,0.8885245902,0.8931693989,4102,4102,4102,0,0
29,0.3,rank_expanding,348,4055,rank,42436,78,714,610,0.9033613445,0.8868852459,0.8915300546,4055,4055,4055,0,0
29,0.3,rank_rolling,348,4028,rank,1000,3,714,610,0.9005602241,0.8852459016,0.8890710383,4028,4028,4028,0,0
29,0.3,margin_static,349,12.62260509,score_margin,43150,79,600,545,0.7916666667,0.7871559633,0.8058103976,2790.884404,446,7128,0.02568807339,0.2605504587
29,0.3,margin_rolling,349,16.88043046,score_margin,1000,2,600,545,0.8716666667,0.871559633,0.8816513761,3934.313761,6373,7128,0.001834862385,0.3798165138
29,0.3,rank_static,349,4102,rank,43150,79,600,545,0.9016666667,0.8917431193,0.896941896,4102,4102,4102,0,0
29,0.3,rank_expanding,349,4054,rank,43150,79,600,545,0.9,0.8899082569,0.8951070336,4054,4054,4054,0,0
29,0.3,rank_rolling,349,3664,rank,1000,2,600,545,0.8883333333,0.8770642202,0.8822629969,3664,3664,3664,0,0
29,0.3,margin_static,350,12.62260509,score_margin,43750,80,656,560,0.8018292683,0.8035714286,0.8277380952,2497.875,301.5,7128,0.04642857143,0.2232142857
29,0.3,margin_rolling,350,18.38350677,score_margin,1000,2,656,560,0.9268292683,0.9232142857,0.93875,4014.385714,6241.5,7128,0.005357142857,0.3803571429
29,0.3,rank_static,350,4102,rank,43750,80,656,560,0.9176829268,0.9071428571,0.9080357143,4102,4102,4102,0,0
29,0.3,rank_expanding,350,4054,rank,43750,80,656,560,0.9176829268,0.9071428571,0.9080357143,4054,4054,4054,0,0
29,0.3,rank_rolling,350,4044,rank,1000,2,656,560,0.9176829268,0.9071428571,0.9080357143,4044,4044,4044,0,0
29,0.3,margin_static,351,12.62260509,score_margin,44406,81,522,476,0.7624521073,0.7731092437,0.7895658263,2477.565126,222,7128,0.04621848739,0.2121848739
29,0.3,margin_rolling,351,17.05625498,score_margin,1000,2,522,476,0.8639846743,0.8718487395,0.8865546218,3619.846639,3140,7128,0.01260504202,0.3298319328
29,0.3,rank_static,351,4102,rank,44406,81,522,476,0.9022988506,0.8928571429,0.893907563,4102,4102,4102,0,0
29,0.3,rank_expanding,351,4046,rank,44406,81,522,476,0.898467433,0.8886554622,0.8897058824,4046,4046,4046,0,0
29,0.3,rank_rolling,351,3790,rank,1000,2,522,476,0.8946360153,0.8844537815,0.8855042017,3790,3790,3790,0,0
29,0.3,margin_static,352,12.62260509,score_margin,44928,82,462,415,0.7640692641,0.7710843373,0.7890562249,2534.484337,268,7128,0.04578313253,0.221686747
29,0.3,margin_rolling,352,18.29547596,score_margin,1000,2,462,415,0.8917748918,0.9036144578,0.918373494,4010.306024,6185,7128,0.009638554217,0.3855421687
29,0.3,rank_static,352,4102,rank,44928,82,462,415,0.8961038961,0.8915662651,0.8939759036,4102,4102,4102,0,0
29,0.3,rank_expanding,352,4047,rank,44928,82,462,415,0.8961038961,0.8915662651,0.8939759036,4047,4047,4047,0,0
29,0.3,rank_rolling,352,3929,rank,1000,2,462,415,0.8939393939,0.8891566265,0.8915662651,3929,3929,3929,0,0
29,0.3,margin_static,353,12.62260509,score_margin,45390,83,242,226,0.7355371901,0.7300884956,0.7455752212,2333.438053,195.5,7128,0.07522123894,0.1946902655
29,0.3,margin_rolling,353,19.34597731,score_margin,1000,3,242,226,0.8842975207,0.889380531,0.8982300885,4014.048673,6724,7128,0.008849557522,0.389380531
29,0.3,rank_static,353,4102,rank,45390,83,242,226,0.9173553719,0.9115044248,0.9159292035,4102,4102,4102,0,0
29,0.3,rank_expanding,353,4048,rank,45390,83,242,226,0.9090909091,0.9026548673,0.907079646,4048,4048,4048,0,0
29,0.3,rank_rolling,353,4132,rank,1000,3,242,226,0.9173553719,0.9115044248,0.9159292035,4132,4132,4132,0,0
29,0.3,margin_static,354,12.62260509,score_margin,45632,84,238,227,0.7773109244,0.7753303965,0.7834067548,2710.052863,455,7128,0.04845814978,0.2334801762
29,0.3,margin_rolling,354,19.34597731,score_margin,1000,3,238,227,0.9243697479,0.9207048458,0.9295154185,4441.453744,7074,7128,0.008810572687,0.4405286344
29,0.3,rank_static,354,4102,rank,45632,84,238,227,0.9159663866,0.9118942731,0.9118942731,4102,4102,4102,0,0
29,0.3,rank_expanding,354,4046,rank,45632,84,238,227,0.8991596639,0.8942731278,0.8942731278,4046,4046,4046,0,0
29,0.3,rank_rolling,354,4019,rank,1000,3,238,227,0.8949579832,0.8898678414,0.8898678414,4019,4019,4019,0,0
29,0.3,margin_static,355,12.62260509,score_margin,45870,85,578,506,0.7283737024,0.7549407115,0.7747035573,2897.897233,583,7128,0.04940711462,0.2648221344
29,0.3,margin_rolling,355,19.38669634,score_margin,1000,4,578,506,0.8806228374,0.895256917,0.9120082816,4610.600791,7124.5,7128,0.00790513834,0.4841897233
29,0.3,rank_static,355,4102,rank,45870,85,578,506,0.8442906574,0.8339920949,0.8423207228,4102,4102,4102,0,0
29,0.3,rank_expanding,355,4046,rank,45870,85,578,506,0.8442906574,0.8339920949,0.8423207228,4046,4046,4046,0,0
29,0.3,rank_rolling,355,4019,rank,1000,4,578,506,0.8425605536,0.8320158103,0.8403444382,4019,4019,4019,0,0
29,0.3,margin_static,356,12.62260509,score_margin,46448,86,548,483,0.75,0.7474120083,0.7729468599,2666.478261,323,7128,0.04761904762,0.2194616977
29,0.3,margin_rolling,356,20.13802338,score_margin,1000,3,548,483,0.9069343066,0.9089026915,0.9178743961,4499.985507,7112,7128,0.004140786749,0.4554865424
29,0.3,rank_static,356,4102,rank,46448,86,548,483,0.8795620438,0.867494824,0.8781918565,4102,4102,4102,0,0
29,0.3,rank_expanding,356,4064,rank,46448,86,548,483,0.8795620438,0.867494824,0.8781918565,4064,4064,4064,0,0
29,0.3,rank_rolling,356,5125,rank,1000,3,548,483,0.9160583942,0.9089026915,0.9123533471,5125,5125,5125,0,0
29,0.3,margin_static,357,12.62260509,score_margin,46996,87,406,363,0.8054187192,0.8126721763,0.8305785124,1888.944904,188,7128,0.04132231405,0.1487603306
29,0.3,margin_rolling,357,20.35896111,score_margin,1000,2,406,363,0.9310344828,0.9338842975,0.9416896235,4196.826446,6870,7128,0.01377410468,0.3939393939
29,0.3,rank_static,357,4102,rank,46996,87,406,363,0.9137931034,0.914600551,0.914600551,4102,4102,4102,0,0
29,0.3,rank_expanding,357,4070,rank,46996,87,406,363,0.9113300493,0.91184573,0.91184573,4070,4070,4070,0,0
29,0.3,rank_rolling,357,5092,rank,1000,2,406,363,0.9359605911,0.9366391185,0.9380165289,5092,5092,5092,0,0
29,0.3,margin_static,358,12.62260509,score_margin,47402,88,300,276,0.7866666667,0.7971014493,0.8109903382,1951.282609,85.5,7128,0.05072463768,0.1847826087
29,0.3,margin_rolling,358,18.85776615,score_margin,1000,3,300,276,0.87,0.8695652174,0.8852657005,3489.351449,1760,7128,0.01449275362,0.3043478261
29,0.3,rank_static,358,4102,rank,47402,88,300,276,0.9,0.8949275362,0.8991545894,4102,4102,4102,0,0
29,0.3,rank_expanding,358,4068,rank,47402,88,300,276,0.8966666667,0.8913043478,0.895531401,4068,4068,4068,0,0
29,0.3,rank_rolling,358,4525,rank,1000,3,300,276,0.9166666667,0.9130434783,0.9130434783,4525,4525,4525,0,0
29,0.3,margin_static,359,12.62260509,score_margin,47702,89,330,312,0.8545454545,0.8557692308,0.8643162393,3473.846154,1649.5,7128,0.02243589744,0.2948717949
29,0.3,margin_rolling,359,19.34410167,score_margin,1000,3,330,312,0.9484848485,0.9487179487,0.9561965812,4923.086538,7128,7128,0.00641025641,0.5352564103
29,0.3,rank_static,359,4102,rank,47702,89,330,312,0.9151515152,0.9102564103,0.9118589744,4102,4102,4102,0,0
29,0.3,rank_expanding,359,4068,rank,47702,89,330,312,0.9151515152,0.9102564103,0.9118589744,4068,4068,4068,0,0
29,0.3,rank_rolling,359,4206,rank,1000,3,330,312,0.9212121212,0.9166666667,0.9166666667,4206,4206,4206,0,0
29,0.3,margin_static,360,12.62260509,score_margin,48032,90,228,214,0.7587719298,0.761682243,0.7757009346,2492.588785,314.5,7128,0.06542056075,0.191588785
29,0.3,margin_rolling,360,17.01741803,score_margin,1000,3,228,214,0.8552631579,0.8644859813,0.8761682243,3674.836449,2839,7128,0.009345794393,0.3364485981
29,0.3,rank_static,360,4102,rank,48032,90,228,214,0.9342105263,0.9299065421,0.9322429907,4102,4102,4102,0,0
29,0.3,rank_expanding,360,4066,rank,48032,90,228,214,0.9342105263,0.9299065421,0.9322429907,4066,4066,4066,0,0
29,0.3,rank_rolling,360,3874,rank,1000,3,228,214,0.9342105263,0.9299065421,0.9322429907,3874,3874,3874,0,0
29,0.3,margin_static,361,12.62260509,score_margin,48260,91,246,226,0.7601626016,0.7610619469,0.7817109145,2227.154867,113.5,7128,0.07079646018,0.1725663717
29,0.3,margin_rolling,361,19.0204668,score_margin,1000,4,246,226,0.906504065,0.9026548673,0.9122418879,3635.628319,2740,7128,0.02212389381,0.3761061947
29,0.3,rank_static,361,4102,rank,48260,91,246,226,0.9146341463,0.907079646,0.9115044248,4102,4102,4102,0,0
29,0.3,rank_expanding,361,4061,rank,48260,91,246,226,0.9146341463,0.907079646,0.9115044248,4061,4061,4061,0,0
29,0.3,rank_rolling,361,3644,rank,1000,4,246,226,0.8861788618,0.8761061947,0.8805309735,3644,3644,3644,0,0
29,0.3,margin_static,362,12.62260509,score_margin,48506,92,620,530,0.7387096774,0.7830188679,0.8055884996,2165.722642,140,7128,0.05849056604,0.1924528302
29,0.3,margin_rolling,362,18.09812737,score_margin,1000,4,620,530,0.8564516129,0.9,0.9176042492,3662.277358,3478.5,7128,0.009433962264,0.3358490566
29,0.3,rank_static,362,4102,rank,48506,92,620,530,0.9209677419,0.9094339623,0.9113207547,4102,4102,4102,0,0
29,0.3,rank_expanding,362,4060,rank,48506,92,620,530,0.9209677419,0.9094339623,0.9113207547,4060,4060,4060,0,0
29,0.3,rank_rolling,362,3644,rank,1000,4,620,530,0.9080645161,0.8943396226,0.8981132075,3644,3644,3644,0,0
29,0.3,margin_static,363,12.62260509,score_margin,49126,93,386,353,0.8056994819,0.8186968839,0.8323890463,2182.739377,153,7128,0.07365439093,0.1954674221
29,0.3,margin_rolling,363,20.2579174,score_margin,1000,3,386,353,0.9300518135,0.9320113314,0.944523135,4049.90085,6562,7128,0.01133144476,0.3937677054
29,0.3,rank_static,363,4102,rank,49126,93,386,353,0.8989637306,0.8923512748,0.8942398489,4102,4102,4102,0,0
29,0.3,rank_expanding,363,4054,rank,49126,93,386,353,0.8937823834,0.8895184136,0.8904627007,4054,4054,4054,0,0
29,0.3,rank_rolling,363,3171,rank,1000,3,386,353,0.8704663212,0.8640226629,0.86496695,3171,3171,3171,0,0
29,0.3,margin_static,364,12.62260509,score_margin,49512,94,354,329,0.8079096045,0.811550152,0.8226950355,2164.768997,192,7128,0.06686930091,0.1914893617
29,0.3,margin_rolling,364,19.99497795,score_margin,1000,2,354,329,0.9265536723,0.9270516717,0.9346504559,4280.428571,6838,7128,0.01519756839,0.3951367781
29,0.3,rank_static,364,4102,rank,49512,94,354,329,0.9152542373,0.9088145897,0.9103343465,4102,4102,4102,0,0
29,0.3,rank_expanding,364,4054,rank,49512,94,354,329,0.9152542373,0.9088145897,0.9103343465,4054,4054,4054,0,0
29,0.3,rank_rolling,364,3905,rank,1000,2,354,329,0.9124293785,0.905775076,0.9072948328,3905,3905,3905,0,0
43,0,margin_static,292,12.82156682,score_margin,11270,22,730,658,0.8767123288,0.876899696,0.8867274569,3034.475684,713.5,7128,0.01215805471,0.2006079027
43,0,margin_rolling,292,13.28475975,score_margin,1000,3,730,658,0.8849315068,0.8860182371,0.895845998,3233.092705,1039.5,7128,0.01063829787,0.2234042553
43,0,rank_static,292,3777,rank,11270,22,730,658,0.8726027397,0.8708206687,0.8738601824,3777,3777,3777,0,0
43,0,rank_expanding,292,3777,rank,11270,22,730,658,0.8726027397,0.8708206687,0.8738601824,3777,3777,3777,0,0
43,0,rank_rolling,292,3112,rank,1000,3,730,658,0.8479452055,0.8434650456,0.8503039514,3112,3112,3112,0,0
43,0,margin_static,293,12.82156682,score_margin,12000,23,658,581,0.8617021277,0.8623063683,0.876649455,3314.862306,1680,7128,0.008605851979,0.230636833
43,0,margin_rolling,293,13.43286133,score_margin,1000,2,658,581,0.8814589666,0.8846815835,0.8973034997,3624.839931,4280,7128,0.008605851979,0.2495697074
43,0,rank_static,293,3777,rank,12000,23,658,581,0.876899696,0.8657487091,0.8763625932,3777,3777,3777,0,0
43,0,rank_expanding,293,3845,rank,12000,23,658,581,0.8799392097,0.8691910499,0.879804934,3845,3845,3845,0,0
43,0,rank_rolling,293,3932,rank,1000,2,658,581,0.8814589666,0.8709122203,0.8815261044,3932,3932,3932,0,0
43,0,margin_static,294,12.82156682,score_margin,12658,24,618,538,0.8656957929,0.8550185874,0.8767038414,2997.998141,645,7128,0.007434944238,0.2100371747
43,0,margin_rolling,294,14.5086937,score_margin,1000,2,618,538,0.9158576052,0.907063197,0.9200743494,3774.866171,4663.5,7128,0.005576208178,0.2620817844
43,0,rank_static,294,3777,rank,12658,24,618,538,0.8964401294,0.8810408922,0.8912639405,3777,3777,3777,0,0
43,0,rank_expanding,294,3874,rank,12658,24,618,538,0.8964401294,0.8810408922,0.8912639405,3874,3874,3874,0,0
43,0,rank_rolling,294,4448,rank,1000,2,618,538,0.9061488673,0.8921933086,0.9024163569,4448,4448,4448,0,0
43,0,margin_static,295,12.82156682,score_margin,13276,25,666,578,0.8693693694,0.8598615917,0.8801903114,2999.617647,802,7128,0.01211072664,0.2093425606
43,0,margin_rolling,295,13.95588708,score_margin,1000,2,666,578,0.9129129129,0.9031141869,0.9195213379,3586.115917,2784,7128,0.008650519031,0.2301038062
43,0,rank_static,295,3777,rank,13276,25,666,578,0.8918918919,0.8788927336,0.8851211073,3777,3777,3777,0,0
43,0,rank_expanding,295,3876,rank,13276,25,666,578,0.8978978979,0.8858131488,0.8903114187,3876,3876,3876,0,0
43,0,rank_rolling,295,4358,rank,1000,2,666,578,0.9189189189,0.9100346021,0.910899654,4358,4358,4358,0,0
43,0,margin_static,296,12.82156682,score_margin,13942,26,516,466,0.8701550388,0.8605150215,0.8773962804,2864.403433,568,7128,0.004291845494,0.2253218884
43,0,margin_rolling,296,13.71299791,score_margin,1000,2,516,466,0.8837209302,0.8755364807,0.8902718169,3262.639485,1351.5,7128,0.002145922747,0.2489270386
43,0,rank_static,296,3777,rank,13942,26,516,466,0.9224806202,0.9141630901,0.9163090129,3777,3777,3777,0,0
43,0,rank_expanding,296,3876,rank,13942,26,516,466,0.9244186047,0.9163090129,0.9184549356,3876,3876,3876,0,0
43,0,rank_rolling,296,3838,rank,1000,2,516,466,0.9224806202,0.9141630901,0.9163090129,3838,3838,3838,0,0
43,0,margin_static,297,12.82156682,score_margin,14458,27,292,254,0.8356164384,0.8503937008,0.8614173228,2471.846457,333,7128,0.01181102362,0.1732283465
43,0,margin_rolling,297,14.0042429,score_margin,1000,2,292,254,0.8630136986,0.8818897638,0.8897637795,2938.582677,764,7128,0.007874015748,0.2007874016
43,0,rank_static,297,3777,rank,14458,27,292,254,0.9075342466,0.8976377953,0.9028871391,3777,3777,3777,0,0
43,0,rank_expanding,297,3861,rank,14458,27,292,254,0.9075342466,0.8976377953,0.9028871391,3861,3861,3861,0,0
43,0,rank_rolling,297,3749,rank,1000,2,292,254,0.904109589,0.8937007874,0.8989501312,3749,3749,3749,0,0
43,0,margin_static,298,12.82156682,score_margin,14750,28,252,224,0.8373015873,0.8392857143,0.8623511905,2675.651786,365,7128,0.01785714286,0.2410714286
43,0,margin_rolling,298,14.40402937,score_margin,1000,3,252,224,0.880952381,0.8794642857,0.8980654762,3391.107143,1805.5,7128,0.008928571429,0.2857142857
43,0,rank_static,298,3777,rank,14750,28,252,224,0.873015873,0.8616071429,0.8701636905,3777,3777,3777,0,0
43,0,rank_expanding,298,3856,rank,14750,28,252,224,0.876984127,0.8660714286,0.8746279762,3856,3856,3856,0,0
43,0,rank_rolling,298,3670,rank,1000,3,252,224,0.8531746032,0.8392857143,0.8478422619,3670,3670,3670,0,0
43,0,margin_static,299,12.82156682,score_margin,15002,29,702,615,0.8689458689,0.8601626016,0.8794270228,2665.04065,585,7128,0.01300813008,0.1739837398
43,0,margin_rolling,299,14.61631393,score_margin,1000,3,702,615,0.9145299145,0.9040650407,0.9202942315,3598.96748,3307,7128,0.00487804878,0.2146341463
43,0,rank_static,299,3777,rank,15002,29,702,615,0.9131054131,0.9008130081,0.9032520325,3777,3777,3777,0,0
43,0,rank_expanding,299,3866,rank,15002,29,702,615,0.9188034188,0.9073170732,0.9089430894,3866,3866,3866,0,0
43,0,rank_rolling,299,3768,rank,1000,3,702,615,0.9131054131,0.9008130081,0.9032520325,3768,3768,3768,0,0
43,0,margin_static,300,12.82156682,score_margin,15704,30,664,573,0.8388554217,0.8342059337,0.8635834788,2974.722513,644,7128,0.01570680628,0.2146596859
43,0,margin_rolling,300,14.42318749,score_margin,1000,3,664,573,0.8885542169,0.8865619546,0.9135156099,3704.986038,4340,7128,0.01047120419,0.2617801047
43,0,rank_static,300,3777,rank,15704,30,664,573,0.8734939759,0.8568935428,0.8679464805,3777,3777,3777,0,0
43,0,rank_expanding,300,3838,rank,15704,30,664,573,0.8765060241,0.8603839442,0.8714368819,3838,3838,3838,0,0
43,0,rank_rolling,300,3699,rank,1000,3,664,573,0.8659638554,0.8481675393,0.8603839442,3699,3699,3699,0,0
43,0,margin_static,301,12.82156682,score_margin,16368,31,616,552,0.8668831169,0.8713768116,0.8881642512,3124.018116,1104.5,7128,0.009057971014,0.2246376812
43,0,margin_rolling,301,14.62212956,score_margin,1000,2,616,552,0.9058441558,0.9112318841,0.9222826087,3955.838768,5614.5,7128,0.007246376812,0.2844202899
43,0,rank_static,301,3777,rank,16368,31,616,552,0.8457792208,0.8405797101,0.8498188406,3777,3777,3777,0,0
43,0,rank_expanding,301,3873,rank,16368,31,616,552,0.8538961039,0.8496376812,0.8588768116,3873,3873,3873,0,0
43,0,rank_rolling,301,4030,rank,1000,2,616,552,0.862012987,0.8532608696,0.8640700483,4030,4030,4030,0,0
43,0,margin_static,302,12.82156682,score_margin,16984,32,570,490,0.8561403509,0.8428571429,0.8563168124,2743.602041,442,7128,0.01836734694,0.2081632653
43,0,margin_rolling,302,14.50830173,score_margin,1000,2,570,490,0.8824561404,0.8693877551,0.8816812439,3446.136735,1622.5,7128,0.01224489796,0.2469387755
43,0,rank_static,302,3777,rank,16984,32,570,490,0.8754385965,0.8612244898,0.8697278912,3777,3777,3777,0,0
43,0,rank_expanding,302,3908,rank,16984,32,570,490,0.8807017544,0.8673469388,0.874829932,3908,3908,3908,0,0
43,0,rank_rolling,302,5122,rank,1000,2,570,490,0.9105263158,0.9020408163,0.9071428571,5122,5122,5122,0,0
43,0,margin_static,303,12.82156682,score_margin,17554,33,542,485,0.8726937269,0.8597938144,0.8748453608,2800.729897,495,7128,0.00824742268,0.2329896907
43,0,margin_rolling,303,15.19628334,score_margin,1000,2,542,485,0.9243542435,0.9175257732,0.9229553265,3812.729897,4794,7128,0.00618556701,0.2845360825
43,0,rank_static,303,3777,rank,17554,33,542,485,0.889298893,0.8783505155,0.8804123711,3777,3777,3777,0,0
43,0,rank_expanding,303,3928,rank,17554,33,542,485,0.8911439114,0.8804123711,0.8824742268,3928,3928,3928,0,0
43,0,rank_rolling,303,5039,rank,1000,2,542,485,0.9317343173,0.9257731959,0.9278350515,5039,5039,5039,0,0
43,0,margin_static,304,12.82156682,score_margin,18096,34,328,281,0.8170731707,0.793594306,0.8327402135,2528.170819,457,7128,0.01423487544,0.1921708185
43,0,margin_rolling,304,14.62875599,score_margin,1000,2,328,281,0.881097561,0.8612099644,0.9015421115,3474.647687,1800,7128,0.01067615658,0.2277580071
43,0,rank_static,304,3777,rank,18096,34,328,281,0.8902439024,0.8861209964,0.8959074733,3777,3777,3777,0,0
43,0,rank_expanding,304,3938,rank,18096,34,328,281,0.8932926829,0.8896797153,0.8994661922,3938,3938,3938,0,0
43,0,rank_rolling,304,4488,rank,1000,2,328,281,0.9237804878,0.9252669039,0.9279359431,4488,4488,4488,0,0
43,0,margin_static,305,12.82156682,score_margin,18424,35,328,295,0.8719512195,0.8610169492,0.8798305085,2375.416949,276,7128,0.01694915254,0.1762711864
43,0,margin_rolling,305,14.67572713,score_margin,1000,3,328,295,0.9359756098,0.9288135593,0.9416949153,3236.037288,1271,7128,0.01355932203,0.213559322
43,0,rank_static,305,3777,rank,18424,35,328,295,0.9329268293,0.9254237288,0.9279661017,3777,3777,3777,0,0
43,0,rank_expanding,305,3941,rank,18424,35,328,295,0.9359756098,0.9288135593,0.9313559322,3941,3941,3941,0,0
43,0,rank_rolling,305,4193,rank,1000,3,328,295,0.9420731707,0.9355932203,0.9355932203,4193,4193,4193,0,0
43,0,margin_static,306,12.82156682,score_margin,18752,36,582,513,0.8625429553,0.8576998051,0.8781026641,2738.465887,395,7128,0.01559454191,0.1773879142
43,0,margin_rolling,306,14.41815567,score_margin,1000,3,582,513,0.8969072165,0.8947368421,0.9125406108,3374.419103,1642,7128,0.009746588694,0.2261208577
43,0,rank_static,306,3777,rank,18752,36,582,513,0.9158075601,0.9064327485,0.910331384,3777,3777,3777,0,0
43,0,rank_expanding,306,3915,rank,18752,36,582,513,0.9158075601,0.9064327485,0.910331384,3915,3915,3915,0,0
43,0,rank_rolling,306,3627,rank,1000,3,582,513,0.910652921,0.9025341131,0.9054580897,3627,3627,3627,0,0
43,0,margin_static,307,12.82156682,score_margin,19334,37,588,510,0.8537414966,0.8490196078,0.8696078431,2829.488235,558.5,7128,0.0137254902,0.2117647059
43,0,margin_rolling,307,14.29666805,score_margin,1000,3,588,510,0.880952381,0.8764705882,0.895751634,3503.543137,2294.5,7128,0.01176470588,0.2411764706
43,0,rank_static,307,3777,rank,19334,37,588,510,0.8894557823,0.8725490196,0.8796732026,3777,3777,3777,0,0
43,0,rank_expanding,307,3906,rank,19334,37,588,510,0.8945578231,0.8784313725,0.8855555556,3906,3906,3906,0,0
43,0,rank_rolling,307,3043,rank,1000,3,588,510,0.8673469388,0.8470588235,0.8541830065,3043,3043,3043,0,0
43,0,margin_static,308,12.82156682,score_margin,19922,38,562,497,0.8487544484,0.8430583501,0.8646066877,2875.283702,416,7128,0.01408450704,0.2354124748
43,0,margin_rolling,308,14.85969417,score_margin,1000,2,562,497,0.8790035587,0.8772635815,0.8934463926,3641.390342,3429,7128,0.008048289738,0.2977867203
43,0,rank_static,308,3777,rank,19922,38,562,497,0.8807829181,0.8651911469,0.8746766312,3777,3777,3777,0,0
43,0,rank_expanding,308,3908,rank,19922,38,562,497,0.8861209964,0.8712273642,0.8807128485,3908,3908,3908,0,0
43,0,rank_rolling,308,3631,rank,1000,2,562,497,0.8736654804,0.8571428571,0.8666283415,3631,3631,3631,0,0
43,0,margin_static,309,12.82156682,score_margin,20484,39,626,535,0.8226837061,0.8112149533,0.8455451713,2962.605607,632,7128,0.01308411215,0.2317757009
43,0,margin_rolling,309,15.24742758,score_margin,1000,2,626,535,0.8801916933,0.8672897196,0.8981619938,3979.441121,5961,7128,0.01121495327,0.2990654206
43,0,rank_static,309,3777,rank,20484,39,626,535,0.8801916933,0.861682243,0.8735202492,3777,3777,3777,0,0
43,0,rank_expanding,309,3918,rank,20484,39,626,535,0.8817891374,0.8635514019,0.8744548287,3918,3918,3918,0,0
43,0,rank_rolling,309,4682,rank,1000,2,626,535,0.9041533546,0.8897196262,0.8971962617,4682,4682,4682,0,0
43,0,margin_static,310,12.82156682,score_margin,21110,40,620,527,0.864516129,0.8500948767,0.8742567995,2307.434535,258,7128,0.009487666034,0.174573055
43,0,margin_rolling,310,15.85629904,score_margin,1000,2,620,527,0.9370967742,0.9297912713,0.9444339026,3616.442125,2986,7128,0.007590132827,0.2220113852
43,0,rank_static,310,3777,rank,21110,40,620,527,0.9080645161,0.8956356736,0.9013282732,3777,3777,3777,0,0
43,0,rank_expanding,310,3941,rank,21110,40,620,527,0.9080645161,0.8956356736,0.9013282732,3941,3941,3941,0,0
43,0,rank_rolling,310,4479,rank,1000,2,620,527,0.9209677419,0.9108159393,0.9155597723,4479,4479,4479,0,0
43,0,margin_static,311,12.82156682,score_margin,21730,41,438,366,0.8630136986,0.8360655738,0.8670309654,2082.685792,194,7128,0.01092896175,0.1202185792
43,0,margin_rolling,311,15.22981095,score_margin,1000,2,438,366,0.899543379,0.8797814208,0.9039162113,2912.256831,700.5,7128,0.005464480874,0.193989071
43,0,rank_static,311,3777,rank,21730,41,438,366,0.9178082192,0.9043715847,0.914845173,3777,3777,3777,0,0
43,0,rank_expanding,311,3932,rank,21730,41,438,366,0.9246575342,0.912568306,0.9212204007,3932,3932,3932,0,0
43,0,rank_rolling,311,4079,rank,1000,2,438,366,0.9269406393,0.9153005464,0.9239526412,4079,4079,4079,0,0
43,0,margin_static,312,12.82156682,score_margin,22168,42,460,368,0.8652173913,0.8532608696,0.879076087,1899.035326,214,7128,0.01086956522,0.1331521739
43,0,margin_rolling,312,14.37404847,score_margin,1000,2,460,368,0.897826087,0.8858695652,0.9125905797,2491.831522,490.5,7128,0.008152173913,0.1684782609
43,0,rank_static,312,3777,rank,22168,42,460,368,0.9043478261,0.8831521739,0.8949275362,3777,3777,3777,0,0
43,0,rank_expanding,312,3913,rank,22168,42,460,368,0.9065217391,0.8858695652,0.8958333333,3913,3913,3913,0,0
43,0,rank_rolling,312,3343,rank,1000,2,460,368,0.897826087,0.875,0.8867753623,3343,3343,3343,0,0
43,0,margin_static,313,12.82156682,score_margin,22628,43,794,641,0.8564231738,0.8330733229,0.8677587103,2307.882995,229,7128,0.02028081123,0.1747269891
43,0,margin_rolling,313,14.56778145,score_margin,1000,3,794,641,0.8979848866,0.8814352574,0.9070202808,2931.984399,694,7128,0.01248049922,0.2012480499
43,0,rank_static,313,3777,rank,22628,43,794,641,0.9130982368,0.8939157566,0.8995319813,3777,3777,3777,0,0
43,0,rank_expanding,313,3910,rank,22628,43,794,641,0.9143576826,0.895475819,0.9010920437,3910,3910,3910,0,0
43,0,rank_rolling,313,3261,rank,1000,3,794,641,0.9017632242,0.8814352574,0.8878315133,3261,3261,3261,0,0
43,0,margin_static,314,12.82156682,score_margin,23422,44,678,585,0.8407079646,0.8256410256,0.8484289784,2276.82906,216,7128,0.02051282051,0.147008547
43,0,margin_rolling,314,14.5803405,score_margin,1000,2,678,585,0.8746312684,0.864957265,0.8834717135,2933.899145,614,7128,0.01025641026,0.1897435897
43,0,rank_static,314,3777,rank,23422,44,678,585,0.9100294985,0.8957264957,0.9026048026,3777,3777,3777,0,0
43,0,rank_expanding,314,3898,rank,23422,44,678,585,0.9159292035,0.9025641026,0.9083028083,3898,3898,3898,0,0
43,0,rank_rolling,314,3303,rank,1000,2,678,585,0.8997050147,0.8837606838,0.8914936915,3303,3303,3303,0,0
43,0,margin_static,315,12.82156682,score_margin,24100,45,774,660,0.834625323,0.8196969697,0.8419444444,2219.677273,242,7128,0.01666666667,0.1287878788
43,0,margin_rolling,315,15.39856434,score_margin,1000,2,774,660,0.8966408269,0.8863636364,0.9029292929,3269.374242,1482.5,7128,0.009090909091,0.1833333333
43,0,rank_static,315,3777,rank,24100,45,774,660,0.9328165375,0.9257575758,0.9299242424,3777,3777,3777,0,0
43,0,rank_expanding,315,3881,rank,24100,45,774,660,0.9341085271,0.9272727273,0.9314393939,3881,3881,3881,0,0
43,0,rank_rolling,315,3427,rank,1000,2,774,660,0.9198966408,0.9106060606,0.9167929293,3427,3427,3427,0,0
43,0,margin_static,316,12.82156682,score_margin,24874,46,758,622,0.8364116095,0.8183279743,0.8504019293,2345.823151,287.5,7128,0.01286173633,0.1720257235
43,0,margin_rolling,316,16.05404758,score_margin,1000,2,758,622,0.926121372,0.9147909968,0.9303322615,3845.771704,4903,7128,0.008038585209,0.2379421222
43,0,rank_static,316,3777,rank,24874,46,758,622,0.907651715,0.8874598071,0.8906752412,3777,3777,3777,0,0
43,0,rank_expanding,316,3848,rank,24874,46,758,622,0.907651715,0.8874598071,0.8906752412,3848,3848,3848,0,0
43,0,rank_rolling,316,2965,rank,1000,2,758,622,0.8865435356,0.8617363344,0.8649517685,2965,2965,2965,0,0
43,0,margin_static,317,12.82156682,score_margin,25632,47,630,559,0.8095238095,0.7960644007,0.818783542,1930.645796,153,7128,0.02504472272,0.1216457961
43,0,margin_rolling,317,15.16119957,score_margin,1000,2,630,559,0.8920634921,0.8872987478,0.9055456172,2733.307692,608,7128,0.01252236136,0.1663685152
43,0,rank_static,317,3777,rank,25632,47,630,559,0.9095238095,0.8980322004,0.9034287418,3777,3777,3777,0,0
43,0,rank_expanding,317,3841,rank,25632,47,630,559,0.9095238095,0.8980322004,0.9034287418,3841,3841,3841,0,0
43,0,rank_rolling,317,3311,rank,1000,2,630,559,0.9031746032,0.8908765653,0.898360167,3311,3311,3311,0,0
43,0,margin_static,318,12.82156682,score_margin,26262,48,342,308,0.8070175439,0.7954545455,0.8181818182,1953.811688,142,7128,0.00974025974,0.1493506494
43,0,margin_rolling,318,15.25763726,score_margin,1000,2,342,308,0.8859649123,0.8798701299,0.8993506494,2752.837662,499,7128,0.006493506494,0.1948051948
43,0,rank_static,318,3777,rank,26262,48,342,308,0.9005847953,0.8896103896,0.8933982684,3777,3777,3777,0,0
43,0,rank_expanding,318,3836,rank,26262,48,342,308,0.9005847953,0.8896103896,0.8933982684,3836,3836,3836,0,0
43,0,rank_rolling,318,3388,rank,1000,2,342,308,0.8976608187,0.8863636364,0.8901515152,3388,3388,3388,0,0
43,0,margin_static,319,12.82156682,score_margin,26604,49,324,290,0.8364197531,0.8206896552,0.8310344828,2125.948276,161,7128,0.02413793103,0.1275862069
43,0,margin_rolling,319,15.68521625,score_margin,1000,3,324,290,0.9228395062,0.9137931034,0.9224137931,2916.886207,823,7128,0.01379310345,0.1965517241
43,0,rank_static,319,3777,rank,26604,49,324,290,0.9228395062,0.9137931034,0.9137931034,3777,3777,3777,0,0
43,0,rank_expanding,319,3836,rank,26604,49,324,290,0.9228395062,0.9137931034,0.9137931034,3836,3836,3836,0,0
43,0,rank_rolling,319,3036,rank,1000,3,324,290,0.9135802469,0.9034482759,0.9034482759,3036,3036,3036,0,0
43,0,margin_static,320,12.82156682,score_margin,26928,50,736,646,0.8057065217,0.8034055728,0.8182662539,2492.660991,236,7128,0.02012383901,0.173374613
43,0,margin_rolling,320,15.4726612,score_margin,1000,3,736,646,0.8845108696,0.8839009288,0.8964396285,3449.952012,2002,7128,0.009287925697,0.2523219814
43,0,rank_static,320,3777,rank,26928,50,736,646,0.8913043478,0.8808049536,0.8891812865,3777,3777,3777,0,0
43,0,rank_expanding,320,3810,rank,26928,50,736,646,0.8940217391,0.8839009288,0.891503268,3810,3810,3810,0,0
43,0,rank_rolling,320,2971,rank,1000,3,736,646,0.8614130435,0.8513931889,0.8600275198,2971,2971,2971,0,0
43,0,margin_static,321,12.82156682,score_margin,27664,51,680,603,0.8073529412,0.7943615257,0.8098396904,2190.950249,200,7128,0.01326699834,0.1475953566
43,0,margin_rolling,321,15.70384145,score_margin,1000,2,680,603,0.8941176471,0.8872305141,0.8963515755,3297.155887,1786,7128,0.008291873964,0.223880597
43,0,rank_static,321,3777,rank,27664,51,680,603,0.9073529412,0.8971807629,0.9013266998,3777,3777,3777,0,0
43,0,rank_expanding,321,3823,rank,27664,51,680,603,0.9088235294,0.8988391376,0.9029850746,3823,3823,3823,0,0
43,0,rank_rolling,321,3793,rank,1000,2,680,603,0.9073529412,0.8971807629,0.9013266998,3793,3793,3793,0,0
43,0,margin_static,322,12.82156682,score_margin,28344,52,668,595,0.8083832335,0.7983193277,0.8159663866,2388.652101,215,7128,0.02352941176,0.1546218487
43,0,margin_rolling,322,16.25162609,score_margin,1000,2,668,595,0.9206586826,0.9193277311,0.9257703081,3715.798319,4488,7128,0.01176470588,0.2487394958
43,0,rank_static,322,3777,rank,28344,52,668,595,0.9041916168,0.8957983193,0.8988795518,3777,3777,3777,0,0
43,0,rank_expanding,322,3809,rank,28344,52,668,595,0.9071856287,0.8974789916,0.9011204482,3809,3809,3809,0,0
43,0,rank_rolling,322,3639,rank,1000,2,668,595,0.8982035928,0.8890756303,0.893837535,3639,3639,3639,0,0
43,0,margin_static,323,12.82156682,score_margin,29012,53,668,600,0.7754491018,0.765,0.7916666667,2077.5,218,7128,0.01166666667,0.14
43,0,margin_rolling,323,15.85826111,score_margin,1000,2,668,600,0.877245509,0.8683333333,0.8872222222,3403.813333,1970.5,7128,0.005,0.2133333333
43,0,rank_static,323,3777,rank,29012,53,668,600,0.869760479,0.86,0.8663888889,3777,3777,3777,0,0
43,0,rank_expanding,323,3805,rank,29012,53,668,600,0.871257485,0.86,0.8672222222,3805,3805,3805,0,0
43,0,rank_rolling,323,3639,rank,1000,2,668,600,0.8682634731,0.8583333333,0.8647222222,3639,3639,3639,0,0
43,0,margin_static,324,12.82156682,score_margin,29680,54,796,650,0.7864321608,0.7692307692,0.8099230769,2255.770769,193,7128,0.01692307692,0.1353846154
43,0,margin_rolling,324,16.4412092,score_margin,1000,2,796,650,0.8831658291,0.8723076923,0.9019487179,3638.516923,4304,7128,0.009230769231,0.2323076923
43,0,rank_static,324,3777,rank,29680,54,796,650,0.9120603015,0.8953846154,0.9074358974,3777,3777,3777,0,0
43,0,rank_expanding,324,3838,rank,29680,54,796,650,0.9145728643,0.8984615385,0.9105128205,3838,3838,3838,0,0
43,0,rank_rolling,324,4291,rank,1000,2,796,650,0.925879397,0.9123076923,0.9243589744,4291,4291,4291,0,0
43,0,margin_static,325,12.82156682,score_margin,30476,55,398,360,0.7462311558,0.7305555556,0.7546296296,2244.680556,131.5,7128,0.04166666667,0.175
43,0,margin_rolling,325,17.08714294,score_margin,1000,2,398,360,0.8693467337,0.8638888889,0.8782407407,3387.405556,1542,7128,0.01388888889,0.2694444444
43,0,rank_static,325,3777,rank,30476,55,398,360,0.8944723618,0.8833333333,0.8861111111,3777,3777,3777,0,0
43,0,rank_expanding,325,3816,rank,30476,55,398,360,0.8944723618,0.8833333333,0.8861111111,3816,3816,3816,0,0
43,0,rank_rolling,325,3396,rank,1000,2,398,360,0.8844221106,0.8722222222,0.8777777778,3396,3396,3396,0,0
43,0,margin_static,326,12.82156682,score_margin,30874,56,422,348,0.8127962085,0.7873563218,0.8163314176,1699.359195,102,7127,0.02011494253,0.09770114943
43,0,margin_rolling,326,17.67976773,score_margin,1000,2,422,348,0.9004739336,0.8793103448,0.900862069,3223.905172,943.5,7128,0.008620689655,0.1896551724
43,0,rank_static,326,3777,rank,30874,56,422,348,0.9004739336,0.882183908,0.8864942529,3777,3777,3777,0,0
43,0,rank_expanding,326,3819,rank,30874,56,422,348,0.9004739336,0.882183908,0.8864942529,3819,3819,3819,0,0
43,0,rank_rolling,326,3432,rank,1000,2,422,348,0.8957345972,0.8764367816,0.8807471264,3432,3432,3432,0,0
43,0,margin_static,327,12.82156682,score_margin,31296,57,738,621,0.7926829268,0.7890499195,0.8165593129,2221.877617,166,7128,0.0193236715,0.1433172303
43,0,margin_rolling,327,17.81946911,score_margin,1000,3,738,621,0.9119241192,0.9066022544,0.92568438,3993.607085,5608,7128,0.006441223833,0.2930756844
43,0,rank_static,327,3777,rank,31296,57,738,621,0.9024390244,0.8872785829,0.8981749866,3777,3777,3777,0,0
43,0,rank_expanding,327,3819,rank,31296,57,738,621,0.9024390244,0.8872785829,0.8981749866,3819,3819,3819,0,0
43,0,rank_rolling,327,3718,rank,1000,3,738,621,0.8983739837,0.8824476651,0.894417606,3718,3718,3718,0,0
43,0,margin_static,328,12.82156682,score_margin,32034,58,600,526,0.775,0.7756653992,0.7911280101,2204.288973,184.5,7128,0.02091254753,0.1463878327
43,0,margin_rolling,328,17.38096824,score_margin,1000,2,600,526,0.9066666667,0.9049429658,0.9162230672,3979.404943,5763.5,7128,0.005703422053,0.2642585551
43,0,rank_static,328,3777,rank,32034,58,600,526,0.875,0.86121673,0.8694550063,3777,3777,3777,0,0
43,0,rank_expanding,328,3816,rank,32034,58,600,526,0.8766666667,0.8631178707,0.871356147,3816,3816,3816,0,0
43,0,rank_rolling,328,3752,rank,1000,2,600,526,0.875,0.86121673,0.8694550063,3752,3752,3752,0,0
43,0,margin_static,329,12.82156682,score_margin,32634,59,684,599,0.7909356725,0.7879799666,0.8112966055,2252.065109,187,7128,0.01669449082,0.1719532554
43,0,margin_rolling,329,17.32622719,score_margin,1000,2,684,599,0.9342105263,0.9315525876,0.9409571508,3865.828047,5011,7128,0.005008347245,0.2737896494
43,0,rank_static,329,3777,rank,32634,59,684,599,0.9166666667,0.9065108514,0.9140233723,3777,3777,3777,0,0
43,0,rank_expanding,329,3840,rank,32634,59,684,599,0.9210526316,0.9115191987,0.9190317195,3840,3840,3840,0,0
43,0,rank_rolling,329,4519,rank,1000,2,684,599,0.9400584795,0.9332220367,0.9365609349,4519,4519,4519,0,0
43,0,margin_static,330,12.82156682,score_margin,33318,60,640,580,0.784375,0.774137931,0.7877873563,2121.574138,170.5,7128,0.02586206897,0.1568965517
43,0,margin_rolling,330,16.08044034,score_margin,1000,2,640,580,0.8859375,0.8775862069,0.8895114943,3284.486207,1561.5,7128,0.01034482759,0.2086206897
43,0,rank_static,330,3777,rank,33318,60,640,580,0.875,0.8655172414,0.8663793103,3777,3777,3777,0,0
43,0,rank_expanding,330,3816,rank,33318,60,640,580,0.878125,0.8689655172,0.8698275862,3816,3816,3816,0,0
43,0,rank_rolling,330,3715,rank,1000,2,640,580,0.8734375,0.8637931034,0.8646551724,3715,3715,3715,0,0
43,0,margin_static,331,12.82156682,score_margin,33958,61,506,474,0.8280632411,0.8206751055,0.8263009845,2124.770042,160,7128,0.01265822785,0.1476793249
43,0,margin_rolling,331,16.47670078,score_margin,1000,2,506,474,0.9110671937,0.9071729958,0.9096343179,3436.985232,1841.5,7128,0.006329113924,0.2130801688
43,0,rank_static,331,3777,rank,33958,61,506,474,0.9328063241,0.9282700422,0.9282700422,3777,3777,3777,0,0
43,0,rank_expanding,331,3840,rank,33958,61,506,474,0.9347826087,0.9303797468,0.9303797468,3840,3840,3840,0,0
43,0,rank_rolling,331,3952,rank,1000,2,506,474,0.9446640316,0.94092827,0.94092827,3952,3952,3952,0,0
43,0,margin_static,332,12.82156682,score_margin,34464,62,318,300,0.8113207547,0.8033333333,0.8094444444,2147.593333,136,7128,0.03,0.1566666667
43,0,margin_rolling,332,16.43947649,score_margin,1000,2,318,300,0.893081761,0.8866666667,0.8905555556,3194.296667,827.5,7128,0.01333333333,0.2633333333
43,0,rank_static,332,3777,rank,34464,62,318,300,0.8993710692,0.8933333333,0.8933333333,3777,3777,3777,0,0
43,0,rank_expanding,332,3809,rank,34464,62,318,300,0.8993710692,0.8933333333,0.8933333333,3809,3809,3809,0,0
43,0,rank_rolling,332,3475,rank,1000,2,318,300,0.8962264151,0.89,0.89,3475,3475,3475,0,0
43,0,margin_static,333,12.82156682,score_margin,34782,63,342,312,0.7251461988,0.7115384615,0.7355769231,2104.003205,138.5,7128,0.01923076923,0.1442307692
43,0,margin_rolling,333,16.00991732,score_margin,1000,3,342,312,0.8391812865,0.8333333333,0.8520299145,3030.25641,735.5,7128,0.00641025641,0.2147435897
43,0,rank_static,333,3777,rank,34782,63,342,312,0.9152046784,0.9070512821,0.9086538462,3777,3777,3777,0,0
43,0,rank_expanding,333,3809,rank,34782,63,342,312,0.918128655,0.9102564103,0.9118589744,3809,3809,3809,0,0
43,0,rank_rolling,333,2988,rank,1000,3,342,312,0.8771929825,0.8653846154,0.8707264957,2988,2988,2988,0,0
43,0,margin_static,334,12.82156682,score_margin,35124,64,700,633,0.7814285714,0.7725118483,0.7903633491,1903.909953,143,7128,0.02685624013,0.1390205371
43,0,margin_rolling,334,17.38920009,score_margin,1000,3,700,633,0.9157142857,0.9131121643,0.9236440232,3607.900474,4313,7128,0.01263823065,0.2180094787
43,0,rank_static,334,3777,rank,35124,64,700,633,0.9114285714,0.9020537125,0.9094260137,3777,3777,3777,0,0
43,0,rank_expanding,334,3805,rank,35124,64,700,633,0.9142857143,0.9052132701,0.9125855714,3805,3805,3805,0,0
43,0,rank_rolling,334,3325,rank,1000,3,700,633,0.8971428571,0.8894154818,0.8962611901,3325,3325,3325,0,0
43,0,margin_static,335,12.82156682,score_margin,35824,65,656,587,0.7942073171,0.7853492334,0.8053662692,2010.172061,135,7128,0.01533219761,0.1516183986
43,0,margin_rolling,335,17.41037369,score_margin,1000,2,656,587,0.9054878049,0.8994889267,0.9131175468,3639.713799,4316,7128,0.008517887564,0.2521294719
43,0,rank_static,335,3777,rank,35824,65,656,587,0.8841463415,0.8739352641,0.8837308348,3777,3777,3777,0,0
43,0,rank_expanding,335,3798,rank,35824,65,656,587,0.8841463415,0.8739352641,0.8837308348,3798,3798,3798,0,0
43,0,rank_rolling,335,3439,rank,1000,2,656,587,0.8734756098,0.8620102215,0.8737932993,3439,3439,3439,0,0
43,0,margin_static,336,12.82156682,score_margin,36480,66,632,551,0.7674050633,0.7731397459,0.7906231095,2139.009074,152,7128,0.03085299456,0.1705989111
43,0,margin_rolling,336,17.37759769,score_margin,1000,2,632,551,0.8971518987,0.8965517241,0.9138535995,3712.720508,4287,7128,0.01270417423,0.2577132486
43,0,rank_static,336,3777,rank,36480,66,632,551,0.8955696203,0.8838475499,0.8921960073,3777,3777,3777,0,0
43,0,rank_expanding,336,3805,rank,36480,66,632,551,0.8955696203,0.8838475499,0.8921960073,3805,3805,3805,0,0
43,0,rank_rolling,336,3921,rank,1000,2,632,551,0.9003164557,0.889292196,0.8976406534,3921,3921,3921,0,0
43,0,margin_static,337,12.82156682,score_margin,37112,67,552,492,0.7554347826,0.7520325203,0.7700542005,1874.028455,123.5,7128,0.03048780488,0.1341463415
43,0,margin_rolling,337,17.46207809,score_margin,1000,2,552,492,0.9094202899,0.9044715447,0.9187669377,3554.47561,2733,7128,0.00406504065,0.2195121951
43,0,rank_static,337,3777,rank,37112,67,552,492,0.9003623188,0.8882113821,0.8926151762,3777,3777,3777,0,0
43,0,rank_expanding,337,3808,rank,37112,67,552,492,0.9003623188,0.8882113821,0.8926151762,3808,3808,3808,0,0
43,0,rank_rolling,337,4060,rank,1000,2,552,492,0.9039855072,0.8922764228,0.8966802168,4060,4060,4060,0,0
43,0,margin_static,338,12.82156682,score_margin,37664,68,496,457,0.7721774194,0.7768052516,0.7850474106,2050.80744,148,7128,0.03719912473,0.1553610503
43,0,margin_rolling,338,17.42774224,score_margin,1000,2,496,457,0.8911290323,0.8993435449,0.9053975201,3598.962801,3701,7128,0.006564551422,0.2450765864
43,0,rank_static,338,3777,rank,37664,68,496,457,0.9173387097,0.9102844639,0.9113785558,3777,3777,3777,0,0
43,0,rank_expanding,338,3808,rank,37664,68,496,457,0.9173387097,0.9102844639,0.9113785558,3808,3808,3808,0,0
43,0,rank_rolling,338,3683,rank,1000,2,496,457,0.9133064516,0.9059080963,0.9070021882,3683,3683,3683,0,0
43,0,margin_static,339,12.82156682,score_margin,38160,69,328,297,0.8018292683,0.8080808081,0.8240740741,1495.185185,98,7088,0.05050505051,0.07744107744
43,0,margin_rolling,339,17.41378117,score_margin,1000,2,328,297,0.8902439024,0.8956228956,0.9048821549,3094.599327,1117,7128,0.01683501684,0.1515151515
43,0,rank_static,339,3777,rank,38160,69,328,297,0.8993902439,0.898989899,0.9071268238,3777,3777,3777,0,0
43,0,rank_expanding,339,3800,rank,38160,69,328,297,0.8993902439,0.898989899,0.9071268238,3800,3800,3800,0,0
43,0,rank_rolling,339,3461,rank,1000,2,328,297,0.8932926829,0.8922558923,0.9003928171,3461,3461,3461,0,0
43,0,margin_static,340,12.82156682,score_margin,38488,70,328,303,0.7682926829,0.7689768977,0.7838283828,2021.158416,131,7128,0.01650165017,0.1254125413
43,0,margin_rolling,340,17.98474717,score_margin,1000,3,328,303,0.9176829268,0.9174917492,0.9279427943,3622.719472,4072,7128,0.009900990099,0.2607260726
43,0,rank_static,340,3777,rank,38488,70,328,303,0.8841463415,0.8745874587,0.8789878988,3777,3777,3777,0,0
43,0,rank_expanding,340,3801,rank,38488,70,328,303,0.8841463415,0.8745874587,0.8789878988,3801,3801,3801,0,0
43,0,rank_rolling,340,3430,rank,1000,3,328,303,0.8719512195,0.8613861386,0.8657865787,3430,3430,3430,0,0
43,0,margin_static,341,12.82156682,score_margin,38816,71,576,519,0.7829861111,0.7842003854,0.8026974952,2015.05395,128,7128,0.0366088632,0.1502890173
43,0,margin_rolling,341,17.7517786,score_margin,1000,3,576,519,0.9027777778,0.901734104,0.9166987797,3622.323699,2993,7128,0.01348747592,0.2389210019
43,0,rank_static,341,3777,rank,38816,71,576,519,0.8784722222,0.8651252408,0.8750160565,3777,3777,3777,0,0
43,0,rank_expanding,341,3805,rank,38816,71,576,519,0.8802083333,0.8670520231,0.8769428388,3805,3805,3805,0,0
43,0,rank_rolling,341,3870,rank,1000,3,576,519,0.8836805556,0.8709055877,0.8807964033,3870,3870,3870,0,0
43,0,margin_static,342,12.82156682,score_margin,39392,72,636,565,0.7987421384,0.796460177,0.814159292,2170.918584,130,7128,0.0389380531,0.1610619469
43,0,margin_rolling,342,17.37835312,score_margin,1000,3,636,565,0.9009433962,0.9026548673,0.9191740413,3488.561062,1996,7128,0.01238938053,0.2672566372
43,0,rank_static,342,3777,rank,39392,72,636,565,0.891509434,0.8778761062,0.889380531,3777,3777,3777,0,0
43,0,rank_expanding,342,3816,rank,39392,72,636,565,0.891509434,0.8778761062,0.889380531,3816,3816,3816,0,0
43,0,rank_rolling,342,4333,rank,1000,3,636,565,0.9150943396,0.9044247788,0.910619469,4333,4333,4333,0,0
43,0,margin_static,343,12.82156682,score_margin,40028,73,642,567,0.7352024922,0.7301587302,0.7485596708,2219.800705,157,7128,0.03703703704,0.1657848325
43,0,margin_rolling,343,17.6502533,score_margin,1000,2,642,567,0.8785046729,0.8677248677,0.8878894768,3910.17284,5820,7128,0.007054673721,0.2574955908
43,0,rank_static,343,3777,rank,40028,73,642,567,0.8722741433,0.8589065256,0.8633156966,3777,3777,3777,0,0
43,0,rank_expanding,343,3823,rank,40028,73,642,567,0.8738317757,0.860670194,0.8650793651,3823,3823,3823,0,0
43,0,rank_rolling,343,4176,rank,1000,2,642,567,0.8925233645,0.8818342152,0.8835978836,4176,4176,4176,0,0
43,0,margin_static,344,12.82156682,score_margin,40670,74,650,582,0.7661538462,0.7542955326,0.7739117984,2135.178694,121,7128,0.03608247423,0.1494845361
43,0,margin_rolling,344,18.14641464,score_margin,1000,2,650,582,0.8846153846,0.8728522337,0.8891752577,3785.56701,5128.5,7128,0.006872852234,0.2766323024
43,0,rank_static,344,3777,rank,40670,74,650,582,0.9,0.8900343643,0.8920389462,3777,3777,3777,0,0
43,0,rank_expanding,344,3842,rank,40670,74,650,582,0.9015384615,0.8917525773,0.8937571592,3842,3842,3842,0,0
43,0,rank_rolling,344,4247,rank,1000,2,650,582,0.9138461538,0.9054982818,0.9066437572,4247,4247,4247,0,0
43,0,margin_static,345,12.82156682,score_margin,41320,75,586,501,0.8037542662,0.7824351297,0.8060545576,2284.846307,131,7128,0.02195608782,0.1696606786
43,0,margin_rolling,345,18.85023856,score_margin,1000,2,586,501,0.9146757679,0.9021956088,0.9181636727,3955.437126,5847,7128,0.007984031936,0.3333333333
43,0,rank_static,345,3777,rank,41320,75,586,501,0.8771331058,0.8562874251,0.8685961411,3777,3777,3777,0,0
43,0,rank_expanding,345,3841,rank,41320,75,586,501,0.8771331058,0.8562874251,0.8685961411,3841,3841,3841,0,0
43,0,rank_rolling,345,3992,rank,1000,2,586,501,0.8839590444,0.8642714571,0.876580173,3992,3992,3992,0,0
43,0,margin_static,346,12.82156682,score_margin,41906,76,224,197,0.7678571429,0.7664974619,0.796108291,1464.862944,75,7128,0.02030456853,0.116751269
43,0,margin_rolling,346,18.04806805,score_margin,1000,2,224,197,0.9107142857,0.9035532995,0.9263959391,2839.690355,525,7128,0,0.1776649746
43,0,rank_static,346,3777,rank,41906,76,224,197,0.9419642857,0.9340101523,0.9390862944,3777,3777,3777,0,0
43,0,rank_expanding,346,3859,rank,41906,76,224,197,0.9419642857,0.9340101523,0.9390862944,3859,3859,3859,0,0
43,0,rank_rolling,346,4314,rank,1000,2,224,197,0.9464285714,0.9390862944,0.9416243655,4314,4314,4314,0,0
43,0,margin_static,347,12.82156682,score_margin,42130,77,306,277,0.8366013072,0.8375451264,0.8441636582,1629.01444,75,7128,0.01805054152,0.1083032491
43,0,margin_rolling,347,17.74265146,score_margin,1000,3,306,277,0.908496732,0.9133574007,0.9193742479,2791.093863,432,7128,0.01083032491,0.1985559567
43,0,rank_static,347,3777,rank,42130,77,306,277,0.9183006536,0.9097472924,0.9121540313,3777,3777,3777,0,0
43,0,rank_expanding,347,3844,rank,42130,77,306,277,0.9281045752,0.9205776173,0.9229843562,3844,3844,3844,0,0
43,0,rank_rolling,347,4023,rank,1000,3,306,277,0.9346405229,0.9277978339,0.9302045728,4023,4023,4023,0,0
43,0,margin_static,348,12.82156682,score_margin,42436,78,714,610,0.8053221289,0.7885245902,0.8020491803,1926.744262,102.5,7128,0.0262295082,0.1459016393
43,0,margin_rolling,348,17.69570606,score_margin,1000,3,714,610,0.906162465,0.8967213115,0.9076502732,3282.639344,1413.5,7128,0.0131147541,0.2409836066
43,0,rank_static,348,3777,rank,42436,78,714,610,0.8963585434,0.8786885246,0.8826502732,3777,3777,3777,0,0
43,0,rank_expanding,348,3839,rank,42436,78,714,610,0.8963585434,0.8786885246,0.8826502732,3839,3839,3839,0,0
43,0,rank_rolling,348,3900,rank,1000,3,714,610,0.8963585434,0.8786885246,0.8826502732,3900,3900,3900,0,0
43,0,margin_static,349,12.82156682,score_margin,43150,79,600,545,0.7366666667,0.7376146789,0.7529051988,1832.568807,87,7128,0.02385321101,0.1266055046
43,0,margin_rolling,349,17.16855478,score_margin,1000,2,600,545,0.8466666667,0.8403669725,0.8577981651,2925.688073,655,7128,0.003669724771,0.2110091743
43,0,rank_static,349,3777,rank,43150,79,600,545,0.8716666667,0.8587155963,0.8685015291,3777,3777,3777,0,0
43,0,rank_expanding,349,3841,rank,43150,79,600,545,0.8733333333,0.8605504587,0.8703363914,3841,3841,3841,0,0
43,0,rank_rolling,349,3771,rank,1000,2,600,545,0.8716666667,0.8587155963,0.8685015291,3771,3771,3771,0,0
43,0,margin_static,350,12.82156682,score_margin,43750,80,656,560,0.7179878049,0.6928571429,0.7281547619,1539.360714,79,7128,0.05535714286,0.1125
43,0,margin_rolling,350,19.52814865,score_margin,1000,2,656,560,0.8948170732,0.8839285714,0.9042559524,3422.517857,1805,7128,0.0125,0.2232142857
43,0,rank_static,350,3777,rank,43750,80,656,560,0.8887195122,0.8732142857,0.8825892857,3777,3777,3777,0,0
43,0,rank_expanding,350,3858,rank,43750,80,656,560,0.8887195122,0.8732142857,0.8825892857,3858,3858,3858,0,0
43,0,rank_rolling,350,4566,rank,1000,2,656,560,0.9146341463,0.9035714286,0.9104166667,4566,4566,4566,0,0
43,0,margin_static,351,12.82156682,score_margin,44406,81,522,476,0.7318007663,0.724789916,0.7471988796,1620.789916,68,7128,0.05462184874,0.1554621849
43,0,margin_rolling,351,20.24399853,score_margin,1000,2,522,476,0.8754789272,0.8739495798,0.8914565826,3615.634454,4203,7128,0.01260504202,0.237394958
43,0,rank_static,351,3777,rank,44406,81,522,476,0.8793103448,0.8676470588,0.8718487395,3777,3777,3777,0,0
43,0,rank_expanding,351,3863,rank,44406,81,522,476,0.8831417625,0.8718487395,0.8760504202,3863,3863,3863,0,0
43,0,rank_rolling,351,4485,rank,1000,2,522,476,0.9003831418,0.8907563025,0.8949579832,4485,4485,4485,0,0
43,0,margin_static,352,12.82156682,score_margin,44928,82,462,415,0.7251082251,0.713253012,0.7343373494,1638.120482,83,7128,0.05301204819,0.1180722892
43,0,margin_rolling,352,20.77940273,score_margin,1000,2,462,415,0.9199134199,0.913253012,0.9347389558,3884.498795,5226,7128,0.01445783133,0.2409638554
43,0,rank_static,352,3777,rank,44928,82,462,415,0.8701298701,0.8674698795,0.8738955823,3777,3777,3777,0,0
43,0,rank_expanding,352,3870,rank,44928,82,462,415,0.8701298701,0.8674698795,0.8738955823,3870,3870,3870,0,0
43,0,rank_rolling,352,4369,rank,1000,2,462,415,0.8896103896,0.8891566265,0.89437751,4369,4369,4369,0,0
43,0,margin_static,353,12.82156682,score_margin,45390,83,242,226,0.6900826446,0.6946902655,0.7057522124,1396.845133,77.5,7126,0.07522123894,0.09292035398
43,0,margin_rolling,353,20.71610212,score_margin,1000,3,242,226,0.8719008264,0.8716814159,0.8849557522,3663.044248,4471,7128,0.01769911504,0.203539823
43,0,rank_static,353,3777,rank,45390,83,242,226,0.847107438,0.8362831858,0.8451327434,3777,3777,3777,0,0
43,0,rank_expanding,353,3877,rank,45390,83,242,226,0.8512396694,0.8407079646,0.8495575221,3877,3877,3877,0,0
43,0,rank_rolling,353,4587,rank,1000,3,242,226,0.867768595,0.8584070796,0.8650442478,4587,4587,4587,0,0
43,0,margin_static,354,12.82156682,score_margin,45632,84,238,227,0.6974789916,0.7004405286,0.7085168869,1727.396476,76,7128,0.06167400881,0.1365638767
43,0,margin_rolling,354,20.84510708,score_margin,1000,3,238,227,0.8991596639,0.8986784141,0.9045521292,3903.162996,4936,7128,0.008810572687,0.281938326
43,0,rank_static,354,3777,rank,45632,84,238,227,0.8949579832,0.8898678414,0.892804699,3777,3777,3777,0,0
43,0,rank_expanding,354,3882,rank,45632,84,238,227,0.9033613445,0.8986784141,0.9016152717,3882,3882,3882,0,0
43,0,rank_rolling,354,4940,rank,1000,3,238,227,0.9369747899,0.9339207048,0.9339207048,4940,4940,4940,0,0
43,0,margin_static,355,12.82156682,score_margin,45870,85,578,506,0.6903114187,0.6877470356,0.7120976849,1891.067194,90,7128,0.04545454545,0.1501976285
43,0,margin_rolling,355,20.99882436,score_margin,1000,4,578,506,0.901384083,0.895256917,0.9186664784,4329.387352,6711.5,7128,0.01185770751,0.3122529644
43,0,rank_static,355,3777,rank,45870,85,578,506,0.8996539792,0.8913043478,0.8949275362,3777,3777,3777,0,0
43,0,rank_expanding,355,3882,rank,45870,85,578,506,0.9048442907,0.8972332016,0.8998682477,3882,3882,3882,0,0
43,0,rank_rolling,355,4587,rank,1000,4,578,506,0.9117647059,0.9051383399,0.907773386,4587,4587,4587,0,0
43,0,margin_static,356,12.82156682,score_margin,46448,86,548,483,0.7299270073,0.7267080745,0.740510697,1877.289855,94,7128,0.03726708075,0.1345755694
43,0,margin_rolling,356,21.27048206,score_margin,1000,3,548,483,0.9105839416,0.9068322981,0.9120082816,4121.838509,6284,7128,0.008281573499,0.314699793
43,0,rank_static,356,3777,rank,46448,86,548,483,0.8959854015,0.884057971,0.8940648723,3777,3777,3777,0,0
43,0,rank_expanding,356,3881,rank,46448,86,548,483,0.8996350365,0.8881987578,0.8982056591,3881,3881,3881,0,0
43,0,rank_rolling,356,4096,rank,1000,3,548,483,0.901459854,0.8902691511,0.9002760524,4096,4096,4096,0,0
43,0,margin_static,357,12.82156682,score_margin,46996,87,406,363,0.7413793103,0.7465564738,0.758953168,1162.157025,66,7065.6,0.04958677686,0.07438016529
43,0,margin_rolling,357,20.72033882,score_margin,1000,2,406,363,0.9113300493,0.91184573,0.9214876033,3468.231405,2289,7128,0.01928374656,0.1790633609
43,0,rank_static,357,3777,rank,46996,87,406,363,0.8965517241,0.8980716253,0.9031221304,3777,3777,3777,0,0
43,0,rank_expanding,357,3881,rank,46996,87,406,363,0.8965517241,0.8980716253,0.9031221304,3881,3881,3881,0,0
43,0,rank_rolling,357,3908,rank,1000,2,406,363,0.8965517241,0.8980716253,0.9031221304,3908,3908,3908,0,0
43,0,margin_static,358,12.82156682,score_margin,47402,88,300,276,0.77,0.7753623188,0.7868357488,1367.07971,59,7128,0.04710144928,0.1086956522
43,0,margin_rolling,358,20.21060859,score_margin,1000,3,300,276,0.91,0.9057971014,0.9154589372,2989.474638,653.5,7128,0.007246376812,0.2028985507
43,0,rank_static,358,3777,rank,47402,88,300,276,0.93,0.9239130435,0.9311594203,3777,3777,3777,0,0
43,0,rank_expanding,358,3882,rank,47402,88,300,276,0.93,0.9239130435,0.9311594203,3882,3882,3882,0,0
43,0,rank_rolling,358,3936,rank,1000,3,300,276,0.93,0.9239130435,0.9311594203,3936,3936,3936,0,0
43,0,margin_static,359,12.82156682,score_margin,47702,89,330,312,0.8181818182,0.8173076923,0.8242521368,2139.576923,111.5,7128,0.01282051282,0.1442307692
43,0,margin_rolling,359,19.9138931,score_margin,1000,3,330,312,0.9333333333,0.9326923077,0.9375,4203.560897,6654,7128,0.003205128205,0.3173076923
43,0,rank_static,359,3777,rank,47702,89,330,312,0.9575757576,0.9551282051,0.9551282051,3777,3777,3777,0,0
43,0,rank_expanding,359,3878,rank,47702,89,330,312,0.9606060606,0.9583333333,0.9583333333,3878,3878,3878,0,0
43,0,rank_rolling,359,3683,rank,1000,3,330,312,0.9575757576,0.9551282051,0.9551282051,3683,3683,3683,0,0
43,0,margin_static,360,12.82156682,score_margin,48032,90,228,214,0.7368421053,0.7336448598,0.7507788162,1463.504673,51.5,7122.4,0.06074766355,0.08878504673
43,0,margin_rolling,360,18.90044785,score_margin,1000,3,228,214,0.8815789474,0.8738317757,0.8862928349,2830.672897,566.5,7128,0.009345794393,0.1962616822
43,0,rank_static,360,3777,rank,48032,90,228,214,0.9298245614,0.9252336449,0.9275700935,3777,3777,3777,0,0
43,0,rank_expanding,360,3864,rank,48032,90,228,214,0.9342105263,0.9299065421,0.9322429907,3864,3864,3864,0,0
43,0,rank_rolling,360,2762,rank,1000,3,228,214,0.9166666667,0.9112149533,0.9158878505,2762,2762,2762,0,0
43,0,margin_static,361,12.82156682,score_margin,48260,91,246,226,0.7357723577,0.7256637168,0.7470501475,1316.123894,51,7127.5,0.07079646018,0.1017699115
43,0,margin_rolling,361,19.44130796,score_margin,1000,4,246,226,0.8943089431,0.889380531,0.8967551622,2913.49115,676.5,7128,0.03097345133,0.1814159292
43,0,rank_static,361,3777,rank,48260,91,246,226,0.8902439024,0.8805309735,0.8871681416,3777,3777,3777,0,0
43,0,rank_expanding,361,3859,rank,48260,91,246,226,0.8983739837,0.889380531,0.8938053097,3859,3859,3859,0,0
43,0,rank_rolling,361,2435,rank,1000,4,246,226,0.8658536585,0.8539823009,0.8628318584,2435,2435,2435,0,0
43,0,margin_static,362,12.82156682,score_margin,48506,92,620,530,0.7983870968,0.7754716981,0.8081549601,1405.496226,58.5,7128,0.04150943396,0.1113207547
43,0,margin_rolling,362,19.25792217,score_margin,1000,4,620,530,0.9274193548,0.9169811321,0.9299191375,2974.433962,778,7128,0.009433962264,0.2
43,0,rank_static,362,3777,rank,48506,92,620,530,0.9258064516,0.9150943396,0.9160377358,3777,3777,3777,0,0
43,0,rank_expanding,362,3860,rank,48506,92,620,530,0.9274193548,0.9169811321,0.9179245283,3860,3860,3860,0,0
43,0,rank_rolling,362,2552,rank,1000,4,620,530,0.885483871,0.8679245283,0.8764150943,2552,2552,2552,0,0
43,0,margin_static,363,12.82156682,score_margin,49126,93,386,353,0.8005181347,0.790368272,0.8106704438,1455.813031,51,7128,0.05099150142,0.11898017
43,0,margin_rolling,363,18.33294678,score_margin,1000,3,386,353,0.8937823834,0.8895184136,0.9041548631,2639.974504,432,7128,0.01416430595,0.1813031161
43,0,rank_static,363,3777,rank,49126,93,386,353,0.8989637306,0.8923512748,0.8970727101,3777,3777,3777,0,0
43,0,rank_expanding,363,3845,rank,49126,93,386,353,0.8989637306,0.8923512748,0.8970727101,3845,3845,3845,0,0
43,0,rank_rolling,363,3221,rank,1000,3,386,353,0.8834196891,0.8753541076,0.880075543,3221,3221,3221,0,0
43,0,margin_static,364,12.82156682,score_margin,49512,94,354,329,0.7316384181,0.7234042553,0.7350557244,1413.617021,56,7127,0.07598784195,0.09726443769
43,0,margin_rolling,364,18.03484917,score_margin,1000,2,354,329,0.8276836158,0.820668693,0.829787234,2455.115502,433,7128,0.02431610942,0.1732522796
43,0,rank_static,364,3777,rank,49512,94,354,329,0.918079096,0.9118541033,0.9133738602,3777,3777,3777,0,0
43,0,rank_expanding,364,3845,rank,49512,94,354,329,0.9209039548,0.914893617,0.9164133739,3845,3845,3845,0,0
43,0,rank_rolling,364,3412,rank,1000,2,354,329,0.9011299435,0.8936170213,0.896656535,3412,3412,3412,0,0
43,0.1,margin_static,292,14.53429127,score_margin,11270,22,730,658,0.8726027397,0.8829787234,0.8937183384,3507.802432,2201.5,7128,0.01215805471,0.2902735562
43,0.1,margin_rolling,292,14.42627597,score_margin,1000,3,730,658,0.8712328767,0.8814589666,0.89295846,3470.199088,1985,7128,0.01215805471,0.2872340426
43,0.1,rank_static,292,3519,rank,11270,22,730,658,0.8821917808,0.8814589666,0.8844984802,3519,3519,3519,0,0
43,0.1,rank_expanding,292,3519,rank,11270,22,730,658,0.8821917808,0.8814589666,0.8844984802,3519,3519,3519,0,0
43,0.1,rank_rolling,292,2498,rank,1000,3,730,658,0.8397260274,0.8373860182,0.844224924,2498,2498,2498,0,0
43,0.1,margin_static,293,14.53429127,score_margin,12000,23,658,581,0.8829787234,0.8846815835,0.9024670109,3700.380379,4327,7128,0.01032702238,0.2994836489
43,0.1,margin_rolling,293,15.58583623,score_margin,1000,2,658,581,0.9012158055,0.9018932874,0.9205393001,4094.772806,6271,7128,0.003442340792,0.330464716
43,0.1,rank_static,293,3519,rank,12000,23,658,581,0.867781155,0.8571428571,0.8683304647,3519,3519,3519,0,0
43,0.1,rank_expanding,293,3567,rank,12000,23,658,581,0.867781155,0.8571428571,0.8683304647,3567,3567,3567,0,0
43,0.1,rank_rolling,293,3470,rank,1000,2,658,581,0.8662613982,0.8554216867,0.8666092943,3470,3470,3470,0,0
43,0.1,margin_static,294,14.53429127,score_margin,12658,24,618,538,0.855987055,0.8494423792,0.8758054523,3503.048327,1792,7128,0.01301115242,0.3029739777
43,0.1,margin_rolling,294,16.39313316,score_margin,1000,2,618,538,0.8964401294,0.8940520446,0.9160780669,4178.345725,6664,7128,0.01115241636,0.3643122677
43,0.1,rank_static,294,3519,rank,12658,24,618,538,0.8996763754,0.8866171004,0.8921933086,3519,3519,3519,0,0
43,0.1,rank_expanding,294,3596,rank,12658,24,618,538,0.9012944984,0.8884758364,0.8940520446,3596,3596,3596,0,0
43,0.1,rank_rolling,294,4587,rank,1000,2,618,538,0.9093851133,0.8977695167,0.9033457249,4587,4587,4587,0,0
43,0.1,margin_static,295,14.53429127,score_margin,13276,25,666,578,0.8798798799,0.8823529412,0.9017301038,3556.704152,2217,7128,0.008650519031,0.2629757785
43,0.1,margin_rolling,295,16.38045883,score_margin,1000,2,666,578,0.9159159159,0.9169550173,0.9346020761,4306.352941,6663.5,7128,0.003460207612,0.330449827
43,0.1,rank_static,295,3519,rank,13276,25,666,578,0.9279279279,0.9169550173,0.9186851211,3519,3519,3519,0,0
43,0.1,rank_expanding,295,3595,rank,13276,25,666,578,0.9294294294,0.9186851211,0.9204152249,3595,3595,3595,0,0
43,0.1,rank_rolling,295,4227,rank,1000,2,666,578,0.9354354354,0.9256055363,0.9273356401,4227,4227,4227,0,0
43,0.1,margin_static,296,14.53429127,score_margin,13942,26,516,466,0.8449612403,0.8433476395,0.8602288984,3402.012876,1817,7128,0.004291845494,0.2896995708
43,0.1,margin_rolling,296,15.89391041,score_margin,1000,2,516,466,0.8798449612,0.8733905579,0.8942060086,3889.06867,5440,7128,0.004291845494,0.3347639485
43,0.1,rank_static,296,3519,rank,13942,26,516,466,0.8972868217,0.8862660944,0.8873390558,3519,3519,3519,0,0
43,0.1,rank_expanding,296,3568,rank,13942,26,516,466,0.8992248062,0.8884120172,0.8894849785,3568,3568,3568,0,0
43,0.1,rank_rolling,296,3089,rank,1000,2,516,466,0.8895348837,0.8776824034,0.8809012876,3089,3089,3089,0,0
43,0.1,margin_static,297,14.53429127,score_margin,14458,27,292,254,0.8082191781,0.8307086614,0.849015748,2796.783465,441.5,7128,0.01181102362,0.2322834646
43,0.1,margin_rolling,297,16.63353729,score_margin,1000,2,292,254,0.8595890411,0.8700787402,0.8925853018,3484.649606,1896.5,7128,0.003937007874,0.2913385827
43,0.1,rank_static,297,3519,rank,14458,27,292,254,0.8801369863,0.8661417323,0.8769685039,3519,3519,3519,0,0
43,0.1,rank_expanding,297,3569,rank,14458,27,292,254,0.8869863014,0.874015748,0.8848425197,3569,3569,3569,0,0
43,0.1,rank_rolling,297,3153,rank,1000,2,292,254,0.8767123288,0.8622047244,0.8730314961,3153,3153,3153,0,0
43,0.1,margin_static,298,14.53429127,score_margin,14750,28,252,224,0.8531746032,0.8571428571,0.8787202381,2988.098214,650,7128,0.008928571429,0.2857142857
43,0.1,margin_rolling,298,17.56831741,score_margin,1000,3,252,224,0.9206349206,0.9241071429,0.9423363095,4109.232143,6466.5,7128,0.004464285714,0.34375
43,0.1,rank_static,298,3519,rank,14750,28,252,224,0.8531746032,0.8348214286,0.8422619048,3519,3519,3519,0,0
43,0.1,rank_expanding,298,3571,rank,14750,28,252,224,0.8571428571,0.8392857143,0.8467261905,3571,3571,3571,0,0
43,0.1,rank_rolling,298,3536,rank,1000,3,252,224,0.8571428571,0.8392857143,0.8467261905,3536,3536,3536,0,0
43,0.1,margin_static,299,14.53429127,score_margin,15002,29,702,615,0.8547008547,0.8682926829,0.8853813395,3217.830894,1152,7128,0.01788617886,0.2260162602
43,0.1,margin_rolling,299,17.12351453,score_margin,1000,3,702,615,0.9145299145,0.918699187,0.9336662795,4155.508943,6682,7128,0.00487804878,0.3333333333
43,0.1,rank_static,299,3519,rank,15002,29,702,615,0.9287749288,0.918699187,0.9197831978,3519,3519,3519,0,0
43,0.1,rank_expanding,299,3584,rank,15002,29,702,615,0.9301994302,0.9203252033,0.9203252033,3584,3584,3584,0,0
43,0.1,rank_rolling,299,4379,rank,1000,3,702,615,0.9373219373,0.9284552846,0.9284552846,4379,4379,4379,0,0
43,0.1,margin_static,300,14.53429127,score_margin,15704,30,664,573,0.8448795181,0.8481675393,0.8789994183,3462.820244,1944,7128,0.02094240838,0.2652705061
43,0.1,margin_rolling,300,16.55826473,score_margin,1000,3,664,573,0.8930722892,0.8935427574,0.9186542564,4322.04363,6721,7128,0.00872600349,0.3542757417
43,0.1,rank_static,300,3519,rank,15704,30,664,573,0.8915662651,0.8778359511,0.88336242,3519,3519,3519,0,0
43,0.1,rank_expanding,300,3556,rank,15704,30,664,573,0.8915662651,0.8778359511,0.88336242,3556,3556,3556,0,0
43,0.1,rank_rolling,300,3396,rank,1000,3,664,573,0.8780120482,0.8621291449,0.8711460151,3396,3396,3396,0,0
43,0.1,margin_static,301,14.53429127,score_margin,16368,31,616,552,0.875,0.8786231884,0.8980072464,3701.394928,4594,7128,0.01268115942,0.3007246377
43,0.1,margin_rolling,301,17.09044468,score_margin,1000,2,616,552,0.9090909091,0.9094202899,0.926147343,4515.467391,7078,7128,0.003623188406,0.3894927536
43,0.1,rank_static,301,3519,rank,16368,31,616,552,0.8685064935,0.8586956522,0.8640700483,3519,3519,3519,0,0
43,0.1,rank_expanding,301,3567,rank,16368,31,616,552,0.8701298701,0.8586956522,0.864673913,3567,3567,3567,0,0
43,0.1,rank_rolling,301,3487,rank,1000,2,616,552,0.8685064935,0.8586956522,0.8640700483,3487,3487,3487,0,0
43,0.1,margin_static,302,14.53429127,score_margin,16984,32,570,490,0.8403508772,0.8387755102,0.8586977648,3218.120408,1120.5,7128,0.01836734694,0.2571428571
43,0.1,margin_rolling,302,16.66109085,score_margin,1000,2,570,490,0.8771929825,0.8734693878,0.89101069,3907.567347,5470.5,7128,0.01224489796,0.3244897959
43,0.1,rank_static,302,3519,rank,16984,32,570,490,0.8912280702,0.8755102041,0.8846938776,3519,3519,3519,0,0
43,0.1,rank_expanding,302,3584,rank,16984,32,570,490,0.8964912281,0.8816326531,0.8908163265,3584,3584,3584,0,0
43,0.1,rank_rolling,302,4648,rank,1000,2,570,490,0.9228070175,0.9102040816,0.9183673469,4648,4648,4648,0,0
43,0.1,margin_static,303,14.53429127,score_margin,17554,33,542,485,0.8708487085,0.8639175258,0.8778694158,3273.77732,1269,7128,0.01649484536,0.2639175258
43,0.1,margin_rolling,303,17.46658182,score_margin,1000,2,542,485,0.9132841328,0.9051546392,0.9145360825,4277.047423,6813,7128,0.00206185567,0.3670103093
43,0.1,rank_static,303,3519,rank,17554,33,542,485,0.8800738007,0.8680412371,0.8711340206,3519,3519,3519,0,0
43,0.1,rank_expanding,303,3585,rank,17554,33,542,485,0.8800738007,0.8680412371,0.8711340206,3585,3585,3585,0,0
43,0.1,rank_rolling,303,4186,rank,1000,2,542,485,0.8966789668,0.8845360825,0.8886597938,4186,4186,4186,0,0
43,0.1,margin_static,304,14.53429127,score_margin,18096,34,328,281,0.8109756098,0.8078291815,0.8448991696,3150.875445,1045,7128,0.02491103203,0.2241992883
43,0.1,margin_rolling,304,16.69535828,score_margin,1000,2,328,281,0.868902439,0.8612099644,0.8956109134,3855.320285,5258,7128,0.007117437722,0.3060498221
43,0.1,rank_static,304,3519,rank,18096,34,328,281,0.8993902439,0.896797153,0.896797153,3519,3519,3519,0,0
43,0.1,rank_expanding,304,3602,rank,18096,34,328,281,0.8993902439,0.896797153,0.896797153,3602,3602,3602,0,0
43,0.1,rank_rolling,304,4092,rank,1000,2,328,281,0.9176829268,0.9181494662,0.9181494662,4092,4092,4092,0,0
43,0.1,margin_static,305,14.53429127,score_margin,18424,35,328,295,0.8719512195,0.8711864407,0.8942937853,2809.532203,563,7128,0.01694915254,0.2033898305
43,0.1,margin_rolling,305,17.1748085,score_margin,1000,3,328,295,0.9268292683,0.9220338983,0.9376271186,3727.030508,4915,7128,0.006779661017,0.2915254237
43,0.1,rank_static,305,3519,rank,18424,35,328,295,0.9146341463,0.9050847458,0.9050847458,3519,3519,3519,0,0
43,0.1,rank_expanding,305,3602,rank,18424,35,328,295,0.9176829268,0.9084745763,0.9084745763,3602,3602,3602,0,0
43,0.1,rank_rolling,305,3857,rank,1000,3,328,295,0.9237804878,0.9152542373,0.9152542373,3857,3857,3857,0,0
43,0.1,margin_static,306,14.53429127,score_margin,18752,36,582,513,0.8487972509,0.865497076,0.887394412,3214.68616,1164,7128,0.01949317739,0.2514619883
43,0.1,margin_rolling,306,16.72493281,score_margin,1000,3,582,513,0.8848797251,0.8966861598,0.915237167,3962.138402,6213,7128,0.01169590643,0.3333333333
43,0.1,rank_static,306,3519,rank,18752,36,582,513,0.9089347079,0.8966861598,0.9018843405,3519,3519,3519,0,0
43,0.1,rank_expanding,306,3596,rank,18752,36,582,513,0.9089347079,0.8966861598,0.9018843405,3596,3596,3596,0,0
43,0.1,rank_rolling,306,3614,rank,1000,3,582,513,0.910652921,0.8986354776,0.9038336582,3614,3614,3614,0,0
43,0.1,margin_static,307,14.53429127,score_margin,19334,37,588,510,0.8418367347,0.8549019608,0.8755228758,3320.837255,1453.5,7128,0.01960784314,0.262745098
43,0.1,margin_rolling,307,17.02120495,score_margin,1000,3,588,510,0.8962585034,0.9,0.9183986928,4319.688235,6720.5,7128,0.005882352941,0.3568627451
43,0.1,rank_static,307,3519,rank,19334,37,588,510,0.8673469388,0.8470588235,0.8532026144,3519,3519,3519,0,0
43,0.1,rank_expanding,307,3585,rank,19334,37,588,510,0.869047619,0.8490196078,0.8551633987,3585,3585,3585,0,0
43,0.1,rank_rolling,307,3154,rank,1000,3,588,510,0.8537414966,0.8333333333,0.8390849673,3154,3154,3154,0,0
43,0.1,margin_static,308,14.53429127,score_margin,19922,38,562,497,0.8487544484,0.847082495,0.8688320399,3388.492958,1515,7128,0.02012072435,0.2997987928
43,0.1,margin_rolling,308,17.30580044,score_margin,1000,2,562,497,0.9021352313,0.9054325956,0.9212129922,4190.496982,6789,7128,0.01006036217,0.3903420523
43,0.1,rank_static,308,3519,rank,19922,38,562,497,0.8523131673,0.8370221328,0.8440643863,3519,3519,3519,0,0
43,0.1,rank_expanding,308,3608,rank,19922,38,562,497,0.8540925267,0.8390342052,0.8460764588,3608,3608,3608,0,0
43,0.1,rank_rolling,308,3908,rank,1000,2,562,497,0.871886121,0.8591549296,0.8641851107,3908,3908,3908,0,0
43,0.1,margin_static,309,14.53429127,score_margin,20484,39,626,535,0.8466453674,0.8485981308,0.8759190031,3513.173832,2095,7128,0.02056074766,0.2934579439
43,0.1,margin_rolling,309,17.13682407,score_margin,1000,2,626,535,0.9009584665,0.9065420561,0.9231152648,4357.171963,6953,7128,0.009345794393,0.3719626168
43,0.1,rank_static,309,3519,rank,20484,39,626,535,0.8849840256,0.8691588785,0.8761682243,3519,3519,3519,0,0
43,0.1,rank_expanding,309,3651,rank,20484,39,626,535,0.8865814696,0.8710280374,0.876635514,3651,3651,3651,0,0
43,0.1,rank_rolling,309,4642,rank,1000,2,626,535,0.9089456869,0.8971962617,0.9028037383,4642,4642,4642,0,0
43,0.1,margin_static,310,14.53429127,score_margin,21110,40,620,527,0.885483871,0.8766603416,0.9086337761,2854.018975,731,7128,0.01897533207,0.2087286528
43,0.1,margin_rolling,310,17.05252448,score_margin,1000,2,620,527,0.9387096774,0.9335863378,0.952972802,3817.132827,5446,7128,0.009487666034,0.2808349146
43,0.1,rank_static,310,3519,rank,21110,40,620,527,0.9290322581,0.9184060721,0.9212523719,3519,3519,3519,0,0
43,0.1,rank_expanding,310,3657,rank,21110,40,620,527,0.9322580645,0.9222011385,0.9250474383,3657,3657,3657,0,0
43,0.1,rank_rolling,310,4166,rank,1000,2,620,527,0.9387096774,0.9297912713,0.9316888046,4166,4166,4166,0,0
43,0.1,margin_static,311,14.53429127,score_margin,21730,41,438,366,0.8721461187,0.849726776,0.8869763206,2621.281421,415.5,7128,0.01639344262,0.1721311475
43,0.1,margin_rolling,311,16.14074898,score_margin,1000,2,438,366,0.899543379,0.8825136612,0.9170309654,3075.516393,987,7128,0.01092896175,0.2213114754
43,0.1,rank_static,311,3519,rank,21730,41,438,366,0.9155251142,0.9016393443,0.9075591985,3519,3519,3519,0,0
43,0.1,rank_expanding,311,3628,rank,21730,41,438,366,0.9178082192,0.9043715847,0.910291439,3628,3628,3628,0,0
43,0.1,rank_rolling,311,3141,rank,1000,2,438,366,0.904109589,0.8879781421,0.8959471767,3141,3141,3141,0,0
43,0.1,margin_static,312,14.53429127,score_margin,22168,42,460,368,0.8369565217,0.8505434783,0.8799042443,2348.855978,320,7128,0.03260869565,0.1657608696
43,0.1,margin_rolling,312,15.4958964,score_margin,1000,2,460,368,0.8608695652,0.8695652174,0.8990230331,2734.478261,564,7128,0.02173913043,0.1929347826
43,0.1,rank_static,312,3519,rank,22168,42,460,368,0.9282608696,0.910326087,0.9246376812,3519,3519,3519,0,0
43,0.1,rank_expanding,312,3614,rank,22168,42,460,368,0.9304347826,0.9130434783,0.9273550725,3614,3614,3614,0,0
43,0.1,rank_rolling,312,2868,rank,1000,2,460,368,0.9130434783,0.8913043478,0.9087862319,2868,2868,2868,0,0
43,0.1,margin_static,313,14.53429127,score_margin,22628,43,794,641,0.8425692695,0.8393135725,0.8727769111,2741.733229,394,7128,0.03432137285,0.2121684867
43,0.1,margin_rolling,313,16.76895523,score_margin,1000,3,794,641,0.8828715365,0.8736349454,0.9070982839,3424.120125,1645,7128,0.01404056162,0.263650546
43,0.1,rank_static,313,3519,rank,22628,43,794,641,0.90302267,0.8814352574,0.8862714509,3519,3519,3519,0,0
43,0.1,rank_expanding,313,3602,rank,22628,43,794,641,0.90302267,0.8814352574,0.8862714509,3602,3602,3602,0,0
43,0.1,rank_rolling,313,2887,rank,1000,3,794,641,0.8841309824,0.8580343214,0.8652106084,2887,2887,2887,0,0
43,0.1,margin_static,314,14.53429127,score_margin,23422,44,678,585,0.8584070796,0.8564102564,0.8786080586,2761.625641,489,7128,0.03247863248,0.2034188034
43,0.1,margin_rolling,314,17.2132957,score_margin,1000,2,678,585,0.9056047198,0.9042735043,0.9214041514,3672.505983,4595,7128,0.01196581197,0.2735042735
43,0.1,rank_static,314,3519,rank,23422,44,678,585,0.9159292035,0.905982906,0.9122914123,3519,3519,3519,0,0
43,0.1,rank_expanding,314,3599,rank,23422,44,678,585,0.9174041298,0.9076923077,0.914000814,3599,3599,3599,0,0
43,0.1,rank_rolling,314,3223,rank,1000,2,678,585,0.9085545723,0.8974358974,0.9045991046,3223,3223,3223,0,0
43,0.1,margin_static,315,14.53429127,score_margin,24100,45,774,660,0.8320413437,0.8272727273,0.8480050505,2672.006061,478,7128,0.02727272727,0.1651515152
43,0.1,margin_rolling,315,17.59359741,score_margin,1000,2,774,660,0.8979328165,0.8939393939,0.9127777778,3797.586364,5213.5,7128,0.007575757576,0.2621212121
43,0.1,rank_static,315,3519,rank,24100,45,774,660,0.9250645995,0.9166666667,0.9223484848,3519,3519,3519,0,0
43,0.1,rank_expanding,315,3585,rank,24100,45,774,660,0.9250645995,0.9166666667,0.9223484848,3585,3585,3585,0,0
43,0.1,rank_rolling,315,3089,rank,1000,2,774,660,0.9147286822,0.9045454545,0.9119949495,3089,3089,3089,0,0
43,0.1,margin_static,316,14.53429127,score_margin,24874,46,758,622,0.8430079156,0.8295819936,0.8610932476,2940.212219,848.5,7128,0.0192926045,0.2234726688
43,0.1,margin_rolling,316,18.14138317,score_margin,1000,2,758,622,0.9221635884,0.9131832797,0.9327974277,4322.625402,6536,7128,0.008038585209,0.307073955
43,0.1,rank_static,316,3519,rank,24874,46,758,622,0.9168865435,0.8987138264,0.9019292605,3519,3519,3519,0,0
43,0.1,rank_expanding,316,3569,rank,24874,46,758,622,0.9208443272,0.9035369775,0.9067524116,3569,3569,3569,0,0
43,0.1,rank_rolling,316,2713,rank,1000,2,758,622,0.8984168865,0.8762057878,0.8802250804,2713,2713,2713,0,0
43,0.1,margin_static,317,14.53429127,score_margin,25632,47,630,559,0.8285714286,0.8264758497,0.8460942159,2394.363148,293,7128,0.02504472272,0.1645796064
43,0.1,margin_rolling,317,16.79366589,score_margin,1000,2,630,559,0.8777777778,0.8747763864,0.891234347,3134.481216,1009,7128,0.01073345259,0.2182468694
43,0.1,rank_static,317,3519,rank,25632,47,630,559,0.8984126984,0.885509839,0.8926952892,3519,3519,3519,0,0
43,0.1,rank_expanding,317,3555,rank,25632,47,630,559,0.9015873016,0.8890876565,0.8962731067,3555,3555,3555,0,0
43,0.1,rank_rolling,317,2996,rank,1000,2,630,559,0.8888888889,0.8747763864,0.8819618366,2996,2996,2996,0,0
43,0.1,margin_static,318,14.53429127,score_margin,26262,48,342,308,0.8099415205,0.8084415584,0.8311688312,2372.86039,171.5,7128,0.01948051948,0.1980519481
43,0.1,margin_rolling,318,18.04165459,score_margin,1000,2,342,308,0.9064327485,0.9025974026,0.9253246753,3391.493506,1262,7128,0.00974025974,0.2662337662
43,0.1,rank_static,318,3519,rank,26262,48,342,308,0.9064327485,0.8961038961,0.8998917749,3519,3519,3519,0,0
43,0.1,rank_expanding,318,3555,rank,26262,48,342,308,0.9064327485,0.8961038961,0.8998917749,3555,3555,3555,0,0
43,0.1,rank_rolling,318,3403,rank,1000,2,342,308,0.9035087719,0.8928571429,0.8966450216,3403,3403,3403,0,0
43,0.1,margin_static,319,14.53429127,score_margin,26604,49,324,290,0.8611111111,0.8448275862,0.8534482759,2439.172414,254.5,7128,0.02413793103,0.1827586207
43,0.1,margin_rolling,319,18.12113094,score_margin,1000,3,324,290,0.9320987654,0.924137931,0.9327586207,3511.27931,2049.5,7128,0.01034482759,0.2620689655
43,0.1,rank_static,319,3519,rank,26604,49,324,290,0.9382716049,0.9310344828,0.9310344828,3519,3519,3519,0,0
43,0.1,rank_expanding,319,3545,rank,26604,49,324,290,0.9382716049,0.9310344828,0.9310344828,3545,3545,3545,0,0
43,0.1,rank_rolling,319,3517,rank,1000,3,324,290,0.9382716049,0.9310344828,0.9310344828,3517,3517,3517,0,0
43,0.1,margin_static,320,14.53429127,score_margin,26928,50,736,646,0.8206521739,0.8359133127,0.8481596147,3048.74613,689,7128,0.02941176471,0.226006192
43,0.1,margin_rolling,320,17.46167183,score_margin,1000,3,736,646,0.8926630435,0.9024767802,0.913243894,3930.095975,5692,7128,0.01083591331,0.3436532508
43,0.1,rank_static,320,3519,rank,26928,50,736,646,0.8872282609,0.8761609907,0.8786893705,3519,3519,3519,0,0
43,0.1,rank_expanding,320,3524,rank,26928,50,736,646,0.8872282609,0.8761609907,0.8786893705,3524,3524,3524,0,0
43,0.1,rank_rolling,320,3111,rank,1000,3,736,646,0.8831521739,0.8715170279,0.8750773994,3111,3111,3111,0,0
43,0.1,margin_static,321,14.53429127,score_margin,27664,51,680,603,0.8397058824,0.8291873964,0.8457711443,2760.951907,530,7128,0.03150912106,0.2006633499
43,0.1,margin_rolling,321,17.38571167,score_margin,1000,2,680,603,0.8955882353,0.8905472637,0.901050304,3809.547264,5003,7128,0.009950248756,0.2769485904
43,0.1,rank_static,321,3519,rank,27664,51,680,603,0.9205882353,0.9104477612,0.9145936982,3519,3519,3519,0,0
43,0.1,rank_expanding,321,3542,rank,27664,51,680,603,0.9205882353,0.9104477612,0.9145936982,3542,3542,3542,0,0
43,0.1,rank_rolling,321,3480,rank,1000,2,680,603,0.9205882353,0.9104477612,0.9145936982,3480,3480,3480,0,0
43,0.1,margin_static,322,14.53429127,score_margin,28344,52,668,595,0.8547904192,0.8521008403,0.8652661064,2939.452101,596,7128,0.02857142857,0.2134453782
43,0.1,margin_rolling,322,18.77204943,score_margin,1000,2,668,595,0.9266467066,0.9277310924,0.9366946779,4265.117647,6640,7128,0.008403361345,0.356302521
43,0.1,rank_static,322,3519,rank,28344,52,668,595,0.878742515,0.8672268908,0.868907563,3519,3519,3519,0,0
43,0.1,rank_expanding,322,3519,rank,28344,52,668,595,0.878742515,0.8672268908,0.868907563,3519,3519,3519,0,0
43,0.1,rank_rolling,322,3294,rank,1000,2,668,595,0.872754491,0.8605042017,0.8621848739,3294,3294,3294,0,0
43,0.1,margin_static,323,14.53429127,score_margin,29012,53,668,600,0.8008982036,0.795,0.82,2711.641667,584.5,7128,0.02833333333,0.1966666667
43,0.1,margin_rolling,323,17.52933693,score_margin,1000,2,668,600,0.8847305389,0.88,0.8975,3873.96,5406.5,7128,0.008333333333,0.275
43,0.1,rank_static,323,3519,rank,29012,53,668,600,0.9011976048,0.8916666667,0.8961111111,3519,3519,3519,0,0
43,0.1,rank_expanding,323,3540,rank,29012,53,668,600,0.9011976048,0.8916666667,0.8961111111,3540,3540,3540,0,0
43,0.1,rank_rolling,323,3760,rank,1000,2,668,600,0.9071856287,0.8983333333,0.9019444444,3760,3760,3760,0,0
43,0.1,margin_static,324,14.53429127,score_margin,29680,54,796,650,0.7914572864,0.7969230769,0.8368974359,2806.283077,638.5,7128,0.02923076923,0.1953846154
43,0.1,margin_rolling,324,18.23946762,score_margin,1000,2,796,650,0.8957286432,0.9,0.9260769231,4039.741538,6187.5,7128,0.01076923077,0.3153846154
43,0.1,rank_static,324,3519,rank,29680,54,796,650,0.9208542714,0.9030769231,0.9125641026,3519,3519,3519,0,0
43,0.1,rank_expanding,324,3537,rank,29680,54,796,650,0.9208542714,0.9030769231,0.9125641026,3537,3537,3537,0,0
43,0.1,rank_rolling,324,3923,rank,1000,2,796,650,0.9309045226,0.9153846154,0.9225641026,3923,3923,3923,0,0
43,0.1,margin_static,325,14.53429127,score_margin,30476,55,398,360,0.7638190955,0.775,0.7898148148,2715.047222,274,7128,0.05277777778,0.2083333333
43,0.1,margin_rolling,325,18.29325104,score_margin,1000,2,398,360,0.8793969849,0.875,0.8893518519,3614.358333,4062,7128,0.01944444444,0.3361111111
43,0.1,rank_static,325,3519,rank,30476,55,398,360,0.891959799,0.8805555556,0.8805555556,3519,3519,3519,0,0
43,0.1,rank_expanding,325,3519,rank,30476,55,398,360,0.891959799,0.8805555556,0.8805555556,3519,3519,3519,0,0
43,0.1,rank_rolling,325,2931,rank,1000,2,398,360,0.8668341709,0.8527777778,0.8555555556,2931,2931,2931,0,0
43,0.1,margin_static,326,14.53429127,score_margin,30874,56,422,348,0.7748815166,0.7844827586,0.8060344828,2165.626437,146.5,7128,0.04597701149,0.1436781609
43,0.1,margin_rolling,326,18.37225723,score_margin,1000,2,422,348,0.8909952607,0.8850574713,0.9039750958,3172.508621,838.5,7128,0.008620689655,0.25
43,0.1,rank_static,326,3519,rank,30874,56,422,348,0.9360189573,0.9252873563,0.9281609195,3519,3519,3519,0,0
43,0.1,rank_expanding,326,3519,rank,30874,56,422,348,0.9360189573,0.9252873563,0.9281609195,3519,3519,3519,0,0
43,0.1,rank_rolling,326,3177,rank,1000,2,422,348,0.9336492891,0.9224137931,0.9267241379,3177,3177,3177,0,0
43,0.1,margin_static,327,14.53429127,score_margin,31296,57,738,621,0.7913279133,0.8051529791,0.8335212024,2765.1562,357,7128,0.03703703704,0.2077294686
43,0.1,margin_rolling,327,18.84080434,score_margin,1000,3,738,621,0.8902439024,0.8953301127,0.9180085883,3975.10628,5890,7128,0.01127214171,0.346215781
43,0.1,rank_static,327,3519,rank,31296,57,738,621,0.8875338753,0.8776167472,0.8830112721,3519,3519,3519,0,0
43,0.1,rank_expanding,327,3513,rank,31296,57,738,621,0.8848238482,0.8743961353,0.8805958132,3513,3513,3513,0,0
43,0.1,rank_rolling,327,2931,rank,1000,3,738,621,0.8726287263,0.8615136876,0.8673913043,2931,2931,2931,0,0
43,0.1,margin_static,328,14.53429127,score_margin,32034,58,600,526,0.8216666667,0.8326996198,0.8511950027,2753.302281,396,7128,0.036121673,0.1863117871
43,0.1,margin_rolling,328,19.56769848,score_margin,1000,2,600,526,0.93,0.9315589354,0.9473202969,4318.393536,6885.5,7128,0.005703422053,0.3498098859
43,0.1,rank_static,328,3519,rank,32034,58,600,526,0.9266666667,0.9163498099,0.9173003802,3519,3519,3519,0,0
43,0.1,rank_expanding,328,3518,rank,32034,58,600,526,0.9266666667,0.9163498099,0.9173003802,3518,3518,3518,0,0
43,0.1,rank_rolling,328,3518,rank,1000,2,600,526,0.9266666667,0.9163498099,0.9173003802,3518,3518,3518,0,0
43,0.1,margin_static,329,14.53429127,score_margin,32634,59,684,599,0.8289473684,0.8280467446,0.8487479132,2717.779633,407,7128,0.02170283806,0.2186978297
43,0.1,margin_rolling,329,18.74610519,score_margin,1000,2,684,599,0.9137426901,0.9131886477,0.9241513634,4089.826377,5861,7128,0.006677796327,0.3372287145
43,0.1,rank_static,329,3519,rank,32634,59,684,599,0.9035087719,0.8931552588,0.9003895381,3519,3519,3519,0,0
43,0.1,rank_expanding,329,3509,rank,32634,59,684,599,0.9035087719,0.8931552588,0.9003895381,3509,3509,3509,0,0
43,0.1,rank_rolling,329,2628,rank,1000,2,684,599,0.8874269006,0.8764607679,0.8839732888,2628,2628,2628,0,0
43,0.1,margin_static,330,14.53429127,score_margin,33318,60,640,580,0.821875,0.825862069,0.8363505747,2636.17931,338.5,7128,0.03275862069,0.1862068966
43,0.1,margin_rolling,330,17.54276848,score_margin,1000,2,640,580,0.9046875,0.9120689655,0.9182471264,3604.42931,3837,7128,0.01034482759,0.2689655172
43,0.1,rank_static,330,3519,rank,33318,60,640,580,0.903125,0.8931034483,0.8965517241,3519,3519,3519,0,0
43,0.1,rank_expanding,330,3509,rank,33318,60,640,580,0.9015625,0.8913793103,0.8948275862,3509,3509,3509,0,0
43,0.1,rank_rolling,330,2720,rank,1000,2,640,580,0.8796875,0.8672413793,0.8706896552,2720,2720,2720,0,0
43,0.1,margin_static,331,14.53429127,score_margin,33958,61,506,474,0.8438735178,0.8438818565,0.8496835443,2720.628692,298.5,7128,0.02320675105,0.1898734177
43,0.1,margin_rolling,331,17.55550766,score_margin,1000,2,506,474,0.9031620553,0.9050632911,0.9082278481,3638.299578,4095,7128,0.01054852321,0.2594936709
43,0.1,rank_static,331,3519,rank,33958,61,506,474,0.9268774704,0.9219409283,0.9219409283,3519,3519,3519,0,0
43,0.1,rank_expanding,331,3508,rank,33958,61,506,474,0.9249011858,0.9198312236,0.9198312236,3508,3508,3508,0,0
43,0.1,rank_rolling,331,3404,rank,1000,2,506,474,0.9209486166,0.9156118143,0.9156118143,3404,3404,3404,0,0
43,0.1,margin_static,332,14.53429127,score_margin,34464,62,318,300,0.8176100629,0.8133333333,0.8227777778,2544.206667,242.5,7128,0.06333333333,0.1966666667
43,0.1,margin_rolling,332,17.52143669,score_margin,1000,2,318,300,0.9088050314,0.9066666667,0.915,3308.5,1220,7128,0.02,0.2966666667
43,0.1,rank_static,332,3519,rank,34464,62,318,300,0.9213836478,0.9166666667,0.9166666667,3519,3519,3519,0,0
43,0.1,rank_expanding,332,3493,rank,34464,62,318,300,0.9182389937,0.9133333333,0.9133333333,3493,3493,3493,0,0
43,0.1,rank_rolling,332,3107,rank,1000,2,318,300,0.9088050314,0.9033333333,0.9033333333,3107,3107,3107,0,0
43,0.1,margin_static,333,14.53429127,score_margin,34782,63,342,312,0.7748538012,0.7724358974,0.7911324786,2545.580128,282,7128,0.04487179487,0.1923076923
43,0.1,margin_rolling,333,17.43626091,score_margin,1000,3,342,312,0.8742690058,0.8717948718,0.8867521368,3379.358974,1427,7128,0.01282051282,0.2884615385
43,0.1,rank_static,333,3519,rank,34782,63,342,312,0.9093567251,0.9006410256,0.9006410256,3519,3519,3519,0,0
43,0.1,rank_expanding,333,3488,rank,34782,63,342,312,0.9093567251,0.9006410256,0.9006410256,3488,3488,3488,0,0
43,0.1,rank_rolling,333,2889,rank,1000,3,342,312,0.8859649123,0.875,0.8771367521,2889,2889,2889,0,0
43,0.1,margin_static,334,14.53429127,score_margin,35124,64,700,633,0.83,0.8293838863,0.8437862033,2394.420221,331,7128,0.04423380727,0.1690363349
43,0.1,margin_rolling,334,18.12200475,score_margin,1000,3,700,633,0.8957142857,0.9004739336,0.9117693523,3660.505529,4022,7128,0.01579778831,0.2669826224
43,0.1,rank_static,334,3519,rank,35124,64,700,633,0.8957142857,0.8909952607,0.892838336,3519,3519,3519,0,0
43,0.1,rank_expanding,334,3486,rank,35124,64,700,633,0.8957142857,0.8909952607,0.892838336,3486,3486,3486,0,0
43,0.1,rank_rolling,334,3053,rank,1000,3,700,633,0.8842857143,0.87835703,0.8812532912,3053,3053,3053,0,0
43,0.1,margin_static,335,14.53429127,score_margin,35824,65,656,587,0.8155487805,0.8109028961,0.8289892107,2522.686542,285,7128,0.03747870528,0.1976149915
43,0.1,margin_rolling,335,18.93113661,score_margin,1000,2,656,587,0.8932926829,0.8892674617,0.9044293015,3833.46678,5149,7128,0.01022146508,0.32879046
43,0.1,rank_static,335,3519,rank,35824,65,656,587,0.8658536585,0.8568994889,0.8658432709,3519,3519,3519,0,0
43,0.1,rank_expanding,335,3488,rank,35824,65,656,587,0.8658536585,0.8568994889,0.8658432709,3488,3488,3488,0,0
43,0.1,rank_rolling,335,3533,rank,1000,2,656,587,0.8673780488,0.8586030664,0.8675468484,3533,3533,3533,0,0
43,0.1,margin_static,336,14.53429127,score_margin,36480,66,632,551,0.7990506329,0.7985480944,0.818723533,2600.417423,374,7128,0.04355716878,0.2141560799
43,0.1,margin_rolling,336,19.99336052,score_margin,1000,2,632,551,0.9113924051,0.9110707804,0.9268602541,4330.540835,6822,7128,0.009074410163,0.3629764065
43,0.1,rank_static,336,3519,rank,36480,66,632,551,0.8813291139,0.8675136116,0.8729582577,3519,3519,3519,0,0
43,0.1,rank_expanding,336,3509,rank,36480,66,632,551,0.8797468354,0.8656987296,0.8711433757,3509,3509,3509,0,0
43,0.1,rank_rolling,336,4083,rank,1000,2,632,551,0.8955696203,0.8838475499,0.887477314,4083,4083,4083,0,0
43,0.1,margin_static,337,14.53429127,score_margin,37112,67,552,492,0.8007246377,0.8089430894,0.8275067751,2442.105691,233,7128,0.0325203252,0.174796748
43,0.1,margin_rolling,337,19.18804455,score_margin,1000,2,552,492,0.902173913,0.9085365854,0.9196476965,3786.96748,5085.5,7128,0.008130081301,0.2967479675
43,0.1,rank_static,337,3519,rank,37112,67,552,492,0.8967391304,0.8841463415,0.8899051491,3519,3519,3519,0,0
43,0.1,rank_expanding,337,3515,rank,37112,67,552,492,0.8967391304,0.8841463415,0.8899051491,3515,3515,3515,0,0
43,0.1,rank_rolling,337,4155,rank,1000,2,552,492,0.9202898551,0.9105691057,0.914295393,4155,4155,4155,0,0
43,0.1,margin_static,338,14.53429127,score_margin,37664,68,496,457,0.8084677419,0.8249452954,0.8315098468,2493.135667,289,7128,0.04595185996,0.1991247265
43,0.1,margin_rolling,338,19.48708344,score_margin,1000,2,496,457,0.9153225806,0.9277899344,0.9347921225,3978.013129,6267,7128,0.00875273523,0.3216630197
43,0.1,rank_static,338,3519,rank,37664,68,496,457,0.8971774194,0.8905908096,0.8956965718,3519,3519,3519,0,0
43,0.1,rank_expanding,338,3517,rank,37664,68,496,457,0.8971774194,0.8905908096,0.8956965718,3517,3517,3517,0,0
43,0.1,rank_rolling,338,3657,rank,1000,2,496,457,0.8991935484,0.8927789934,0.8978847557,3657,3657,3657,0,0
43,0.1,margin_static,339,14.53429127,score_margin,38160,69,328,297,0.8048780488,0.8148148148,0.8302469136,1914.552189,163,7127,0.05723905724,0.09764309764
43,0.1,margin_rolling,339,18.68805218,score_margin,1000,2,328,297,0.8963414634,0.898989899,0.9054433221,3378,1542,7128,0.02356902357,0.228956229
43,0.1,rank_static,339,3519,rank,38160,69,328,297,0.8841463415,0.8821548822,0.8877665544,3519,3519,3519,0,0
43,0.1,rank_expanding,339,3517,rank,38160,69,328,297,0.8841463415,0.8821548822,0.8877665544,3517,3517,3517,0,0
43,0.1,rank_rolling,339,3537,rank,1000,2,328,297,0.8841463415,0.8821548822,0.8877665544,3537,3537,3537,0,0
43,0.1,margin_static,340,14.53429127,score_margin,38488,70,328,303,0.7926829268,0.8052805281,0.8206820682,2427.257426,254,7128,0.02310231023,0.1617161716
43,0.1,margin_rolling,340,18.96119118,score_margin,1000,3,328,303,0.9207317073,0.9240924092,0.9339933993,3845.963696,5111,7128,0.01320132013,0.2937293729
43,0.1,rank_static,340,3519,rank,38488,70,328,303,0.8993902439,0.8910891089,0.8927392739,3519,3519,3519,0,0
43,0.1,rank_expanding,340,3518,rank,38488,70,328,303,0.8993902439,0.8910891089,0.8927392739,3518,3518,3518,0,0
43,0.1,rank_rolling,340,3742,rank,1000,3,328,303,0.9146341463,0.9075907591,0.9075907591,3742,3742,3742,0,0
43,0.1,margin_static,341,14.53429127,score_margin,38816,71,576,519,0.8038194444,0.816955684,0.8298651252,2441.626204,278,7128,0.04624277457,0.1676300578
43,0.1,margin_rolling,341,18.52028596,score_margin,1000,3,576,519,0.8802083333,0.8882466281,0.8985870263,3685.564547,4787,7128,0.02119460501,0.2813102119
43,0.1,rank_static,341,3519,rank,38816,71,576,519,0.8958333333,0.8843930636,0.8917148362,3519,3519,3519,0,0
43,0.1,rank_expanding,341,3518,rank,38816,71,576,519,0.8958333333,0.8843930636,0.8917148362,3518,3518,3518,0,0
43,0.1,rank_rolling,341,3758,rank,1000,3,576,519,0.9079861111,0.8978805395,0.9032755299,3758,3758,3758,0,0
43,0.1,margin_static,342,14.53429127,score_margin,39392,72,636,565,0.8176100629,0.8247787611,0.8407079646,2628.812389,266,7128,0.0407079646,0.217699115
43,0.1,margin_rolling,342,18.83239746,score_margin,1000,3,636,565,0.8993710692,0.8973451327,0.910619469,3740.925664,4550,7128,0.01061946903,0.3256637168
43,0.1,rank_static,342,3519,rank,39392,72,636,565,0.9182389937,0.9079646018,0.912979351,3519,3519,3519,0,0
43,0.1,rank_expanding,342,3519,rank,39392,72,636,565,0.9182389937,0.9079646018,0.912979351,3519,3519,3519,0,0
43,0.1,rank_rolling,342,3646,rank,1000,3,636,565,0.9198113208,0.9097345133,0.9138643068,3646,3646,3646,0,0
43,0.1,margin_static,343,14.53429127,score_margin,40028,73,642,567,0.7866043614,0.7777777778,0.7992945326,2781.460317,451,7128,0.04232804233,0.2045855379
43,0.1,margin_rolling,343,20.09165356,score_margin,1000,2,642,567,0.8894080997,0.8888888889,0.90335097,4497.559083,6979,7128,0.01058201058,0.3774250441
43,0.1,rank_static,343,3519,rank,40028,73,642,567,0.8691588785,0.8553791887,0.8602292769,3519,3519,3519,0,0
43,0.1,rank_expanding,343,3515,rank,40028,73,642,567,0.8676012461,0.8536155203,0.8584656085,3515,3515,3515,0,0
43,0.1,rank_rolling,343,3277,rank,1000,2,642,567,0.8629283489,0.848324515,0.8540564374,3277,3277,3277,0,0
43,0.1,margin_static,344,14.53429127,score_margin,40670,74,650,582,0.8030769231,0.7972508591,0.8152920962,2583.912371,211,7128,0.03608247423,0.2079037801
43,0.1,margin_rolling,344,20.58497977,score_margin,1000,2,650,582,0.8907692308,0.8865979381,0.8997709049,4203.938144,6705,7128,0.01202749141,0.3556701031
43,0.1,rank_static,344,3519,rank,40670,74,650,582,0.9061538462,0.8969072165,0.8980526919,3519,3519,3519,0,0
43,0.1,rank_expanding,344,3522,rank,40670,74,650,582,0.9061538462,0.8969072165,0.8980526919,3522,3522,3522,0,0
43,0.1,rank_rolling,344,4058,rank,1000,2,650,582,0.9123076923,0.9037800687,0.9049255441,4058,4058,4058,0,0
43,0.1,margin_static,345,14.53429127,score_margin,41320,75,586,501,0.8208191126,0.8023952096,0.8243512974,2840.976048,379,7128,0.0379241517,0.2195608782
43,0.1,margin_rolling,345,21.6960144,score_margin,1000,2,586,501,0.9283276451,0.9221556886,0.9324683965,4474.814371,7087,7128,0.003992015968,0.4331337325
43,0.1,rank_static,345,3519,rank,41320,75,586,501,0.8993174061,0.8822355289,0.8865602129,3519,3519,3519,0,0
43,0.1,rank_expanding,345,3521,rank,41320,75,586,501,0.8993174061,0.8822355289,0.8865602129,3521,3521,3521,0,0
43,0.1,rank_rolling,345,3922,rank,1000,2,586,501,0.9180887372,0.9041916168,0.9085163007,3922,3922,3922,0,0
43,0.1,margin_static,346,14.53429127,score_margin,41906,76,224,197,0.8035714286,0.807106599,0.834179357,1891.294416,118,7128,0.02538071066,0.1472081218
43,0.1,margin_rolling,346,20.16776466,score_margin,1000,2,224,197,0.9151785714,0.9137055838,0.9314720812,3237.370558,1108,7128,0.005076142132,0.2538071066
43,0.1,rank_static,346,3519,rank,41906,76,224,197,0.9464285714,0.9390862944,0.9390862944,3519,3519,3519,0,0
43,0.1,rank_expanding,346,3521,rank,41906,76,224,197,0.9464285714,0.9390862944,0.9390862944,3521,3521,3521,0,0
43,0.1,rank_rolling,346,3595,rank,1000,2,224,197,0.9464285714,0.9390862944,0.9390862944,3595,3595,3595,0,0
43,0.1,margin_static,347,14.53429127,score_margin,42130,77,306,277,0.8235294118,0.8303249097,0.8393501805,1977.649819,93,7128,0.03610108303,0.1444043321
43,0.1,margin_rolling,347,19.68712425,score_margin,1000,3,306,277,0.908496732,0.916967509,0.9235860409,3182.703971,971,7128,0.003610108303,0.2599277978
43,0.1,rank_static,347,3519,rank,42130,77,306,277,0.9281045752,0.9205776173,0.9229843562,3519,3519,3519,0,0
43,0.1,rank_expanding,347,3518,rank,42130,77,306,277,0.9281045752,0.9205776173,0.9229843562,3518,3518,3518,0,0
43,0.1,rank_rolling,347,3459,rank,1000,3,306,277,0.9281045752,0.9205776173,0.9229843562,3459,3459,3459,0,0
43,0.1,margin_static,348,14.53429127,score_margin,42436,78,714,610,0.7983193277,0.793442623,0.8128415301,2313.034426,155,7128,0.03770491803,0.1786885246
43,0.1,margin_rolling,348,19.49085045,score_margin,1000,3,714,610,0.8949579832,0.8885245902,0.906284153,3578.680328,3417,7128,0.01639344262,0.306557377
43,0.1,rank_static,348,3519,rank,42436,78,714,610,0.9005602241,0.8836065574,0.8852459016,3519,3519,3519,0,0
43,0.1,rank_expanding,348,3514,rank,42436,78,714,610,0.9005602241,0.8836065574,0.8852459016,3514,3514,3514,0,0
43,0.1,rank_rolling,348,3301,rank,1000,3,714,610,0.8963585434,0.8786885246,0.8803278689,3301,3301,3301,0,0
43,0.1,margin_static,349,14.53429127,score_margin,43150,79,600,545,0.7583333333,0.7596330275,0.776146789,2337.462385,141,7128,0.03302752294,0.1889908257
43,0.1,margin_rolling,349,19.57357514,score_margin,1000,2,600,545,0.845,0.8366972477,0.8547400612,3436.344954,1666,7128,0,0.3155963303
43,0.1,rank_static,349,3519,rank,43150,79,600,545,0.89,0.8788990826,0.8825688073,3519,3519,3519,0,0
43,0.1,rank_expanding,349,3513,rank,43150,79,600,545,0.89,0.8788990826,0.8825688073,3513,3513,3513,0,0
43,0.1,rank_rolling,349,3218,rank,1000,2,600,545,0.88,0.8678899083,0.871559633,3218,3218,3218,0,0
43,0.1,margin_static,350,14.53429127,score_margin,43750,80,656,560,0.7652439024,0.7571428571,0.7875595238,2019.476786,129,7128,0.05,0.1339285714
43,0.1,margin_rolling,350,21.76520157,score_margin,1000,2,656,560,0.9115853659,0.9053571429,0.9191666667,3810.875,4872,7128,0.01071428571,0.3107142857
43,0.1,rank_static,350,3519,rank,43750,80,656,560,0.9070121951,0.8946428571,0.9005952381,3519,3519,3519,0,0
43,0.1,rank_expanding,350,3517,rank,43750,80,656,560,0.9070121951,0.8946428571,0.9005952381,3517,3517,3517,0,0
43,0.1,rank_rolling,350,3722,rank,1000,2,656,560,0.9085365854,0.8964285714,0.9023809524,3722,3722,3722,0,0
43,0.1,margin_static,351,14.53429127,score_margin,44406,81,522,476,0.7567049808,0.7605042017,0.7808123249,1969.060924,99.5,7128,0.05462184874,0.1743697479
43,0.1,margin_rolling,351,21.51871753,score_margin,1000,2,522,476,0.8754789272,0.8760504202,0.8942577031,3612.304622,3512.5,7128,0.01680672269,0.2857142857
43,0.1,rank_static,351,3519,rank,44406,81,522,476,0.8735632184,0.8613445378,0.8662464986,3519,3519,3519,0,0
43,0.1,rank_expanding,351,3514,rank,44406,81,522,476,0.8735632184,0.8613445378,0.8662464986,3514,3514,3514,0,0
43,0.1,rank_rolling,351,3728,rank,1000,2,522,476,0.877394636,0.8655462185,0.8704481793,3728,3728,3728,0,0
43,0.1,margin_static,352,14.53429127,score_margin,44928,82,462,415,0.7272727273,0.7301204819,0.7513052209,2024.228916,143,7128,0.06265060241,0.1493975904
43,0.1,margin_rolling,352,22.18577695,score_margin,1000,2,462,415,0.9047619048,0.9036144578,0.9243975904,4050.236145,6140,7128,0.01445783133,0.3036144578
43,0.1,rank_static,352,3519,rank,44928,82,462,415,0.9047619048,0.9036144578,0.9092369478,3519,3519,3519,0,0
43,0.1,rank_expanding,352,3519,rank,44928,82,462,415,0.9047619048,0.9036144578,0.9092369478,3519,3519,3519,0,0
43,0.1,rank_rolling,352,3903,rank,1000,2,462,415,0.9069264069,0.9060240964,0.9116465863,3903,3903,3903,0,0
43,0.1,margin_static,353,14.53429127,score_margin,45390,83,242,226,0.7231404959,0.7256637168,0.7367256637,1841.163717,115,7128,0.06194690265,0.1283185841
43,0.1,margin_rolling,353,22.99866658,score_margin,1000,3,242,226,0.8760330579,0.8849557522,0.8938053097,3860.29646,5976,7128,0.008849557522,0.3362831858
43,0.1,rank_static,353,3519,rank,45390,83,242,226,0.8842975207,0.8761061947,0.8849557522,3519,3519,3519,0,0
43,0.1,rank_expanding,353,3518,rank,45390,83,242,226,0.8842975207,0.8761061947,0.8849557522,3518,3518,3518,0,0
43,0.1,rank_rolling,353,4113,rank,1000,3,242,226,0.8884297521,0.8805309735,0.8871681416,4113,4113,4113,0,0
43,0.1,margin_static,354,14.53429127,score_margin,45632,84,238,227,0.7394957983,0.7444933921,0.7503671072,2173.696035,130,7128,0.03964757709,0.1585903084
43,0.1,margin_rolling,354,23.1697998,score_margin,1000,3,238,227,0.9201680672,0.9162995595,0.9258443465,4313.929515,6627,7128,0.008810572687,0.3832599119
43,0.1,rank_static,354,3519,rank,45632,84,238,227,0.9033613445,0.8986784141,0.8986784141,3519,3519,3519,0,0
43,0.1,rank_expanding,354,3519,rank,45632,84,238,227,0.9033613445,0.8986784141,0.8986784141,3519,3519,3519,0,0
43,0.1,rank_rolling,354,4116,rank,1000,3,238,227,0.9117647059,0.9074889868,0.9074889868,4116,4116,4116,0,0
43,0.1,margin_static,355,14.53429127,score_margin,45870,85,578,506,0.7058823529,0.7272727273,0.7476943347,2353.719368,175,7128,0.06324110672,0.1897233202
43,0.1,margin_rolling,355,23.30146408,score_margin,1000,4,578,506,0.9100346021,0.9130434783,0.930524186,4580.193676,7037.5,7128,0.005928853755,0.418972332
43,0.1,rank_static,355,3519,rank,45870,85,578,506,0.8702422145,0.8656126482,0.871070958,3519,3519,3519,0,0
43,0.1,rank_expanding,355,3519,rank,45870,85,578,506,0.8702422145,0.8656126482,0.871070958,3519,3519,3519,0,0
43,0.1,rank_rolling,355,3646,rank,1000,4,578,506,0.8737024221,0.8695652174,0.8723884811,3646,3646,3646,0,0
43,0.1,margin_static,356,14.53429127,score_margin,46448,86,548,483,0.7481751825,0.7474120083,0.7657004831,2298.200828,146,7128,0.04140786749,0.1635610766
43,0.1,margin_rolling,356,22.76634502,score_margin,1000,3,548,483,0.8959854015,0.8944099379,0.9040717736,4164.020704,6700,7128,0.008281573499,0.3706004141
43,0.1,rank_static,356,3519,rank,46448,86,548,483,0.8704379562,0.8654244306,0.8723257419,3519,3519,3519,0,0
43,0.1,rank_expanding,356,3528,rank,46448,86,548,483,0.8704379562,0.8654244306,0.8723257419,3528,3528,3528,0,0
43,0.1,rank_rolling,356,4668,rank,1000,3,548,483,0.9105839416,0.9026915114,0.9102829538,4668,4668,4668,0,0
43,0.1,margin_static,357,14.53429127,score_margin,46996,87,406,363,0.7684729064,0.7741046832,0.7904040404,1543.438017,109,7128,0.0523415978,0.1046831956
43,0.1,margin_rolling,357,22.81996727,score_margin,1000,2,406,363,0.9187192118,0.9201101928,0.9308999082,3930.371901,5981,7128,0.01377410468,0.2561983471
43,0.1,rank_static,357,3519,rank,46996,87,406,363,0.9162561576,0.9173553719,0.9237832874,3519,3519,3519,0,0
43,0.1,rank_expanding,357,3540,rank,46996,87,406,363,0.9187192118,0.9173553719,0.9251606979,3540,3540,3540,0,0
43,0.1,rank_rolling,357,4445,rank,1000,2,406,363,0.9261083744,0.9256198347,0.9297520661,4445,4445,4445,0,0
43,0.1,margin_static,358,14.53429127,score_margin,47402,88,300,276,0.78,0.7826086957,0.8031400966,1601.833333,73,7128,0.04347826087,0.1304347826
43,0.1,margin_rolling,358,22.38737106,score_margin,1000,3,300,276,0.9033333333,0.8949275362,0.9118357488,3503.818841,3814,7128,0.003623188406,0.2536231884
43,0.1,rank_static,358,3519,rank,47402,88,300,276,0.9166666667,0.9094202899,0.9094202899,3519,3519,3519,0,0
43,0.1,rank_expanding,358,3534,rank,47402,88,300,276,0.9166666667,0.9094202899,0.9094202899,3534,3534,3534,0,0
43,0.1,rank_rolling,358,3878,rank,1000,3,300,276,0.9233333333,0.9166666667,0.9166666667,3878,3878,3878,0,0
43,0.1,margin_static,359,14.53429127,score_margin,47702,89,330,312,0.8181818182,0.8205128205,0.8290598291,2635.983974,252.5,7128,0.04166666667,0.2083333333
43,0.1,margin_rolling,359,21.96531382,score_margin,1000,3,330,312,0.9575757576,0.9551282051,0.9642094017,4566.137821,7072,7128,0.00641025641,0.4262820513
43,0.1,rank_static,359,3519,rank,47702,89,330,312,0.9393939394,0.9358974359,0.9375,3519,3519,3519,0,0
43,0.1,rank_expanding,359,3531,rank,47702,89,330,312,0.9393939394,0.9358974359,0.9375,3531,3531,3531,0,0
43,0.1,rank_rolling,359,3488,rank,1000,3,330,312,0.9393939394,0.9358974359,0.9375,3488,3488,3488,0,0
43,0.1,margin_static,360,14.53429127,score_margin,48032,90,228,214,0.7631578947,0.7570093458,0.7803738318,1775.742991,78,7128,0.07009345794,0.1401869159
43,0.1,margin_rolling,360,20.13492203,score_margin,1000,3,228,214,0.8903508772,0.8925233645,0.8995327103,2999.813084,778.5,7128,0.01401869159,0.2757009346
43,0.1,rank_static,360,3519,rank,48032,90,228,214,0.9473684211,0.9439252336,0.9439252336,3519,3519,3519,0,0
43,0.1,rank_expanding,360,3522,rank,48032,90,228,214,0.9473684211,0.9439252336,0.9439252336,3522,3522,3522,0,0
43,0.1,rank_rolling,360,2803,rank,1000,3,228,214,0.9342105263,0.9299065421,0.9322429907,2803,2803,2803,0,0
43,0.1,margin_static,361,14.53429127,score_margin,48260,91,246,226,0.7967479675,0.7920353982,0.8126843658,1636.818584,43,7128,0.07079646018,0.1327433628
43,0.1,margin_rolling,361,20.85737187,score_margin,1000,4,246,226,0.8739837398,0.8672566372,0.8768436578,3123.871681,607,7128,0.03539823009,0.2477876106
43,0.1,rank_static,361,3519,rank,48260,91,246,226,0.918699187,0.9115044248,0.9159292035,3519,3519,3519,0,0
43,0.1,rank_expanding,361,3519,rank,48260,91,246,226,0.918699187,0.9115044248,0.9159292035,3519,3519,3519,0,0
43,0.1,rank_rolling,361,2480,rank,1000,4,246,226,0.8902439024,0.8805309735,0.8871681416,2480,2480,2480,0,0
43,0.1,margin_static,362,14.53429127,score_margin,48506,92,620,530,0.7612903226,0.7981132075,0.8241419587,1744.179245,86.5,7128,0.05471698113,0.1396226415
43,0.1,margin_rolling,362,20.56725277,score_margin,1000,4,620,530,0.8629032258,0.8962264151,0.9182569632,3258.649057,1332,7128,0.01886792453,0.241509434
43,0.1,rank_static,362,3519,rank,48506,92,620,530,0.9258064516,0.9169811321,0.9179245283,3519,3519,3519,0,0
43,0.1,rank_expanding,362,3518,rank,48506,92,620,530,0.9258064516,0.9169811321,0.9179245283,3518,3518,3518,0,0
43,0.1,rank_rolling,362,2420,rank,1000,4,620,530,0.885483871,0.8698113208,0.8745283019,2420,2420,2420,0,0
43,0.1,margin_static,363,14.53429127,score_margin,49126,93,386,353,0.8056994819,0.8101983003,0.8253068933,1856.983003,81,7128,0.07082152975,0.1444759207
43,0.1,margin_rolling,363,22.51695967,score_margin,1000,3,386,353,0.9093264249,0.9150141643,0.9279981114,3607.736544,3974,7128,0.01983002833,0.3087818697
43,0.1,rank_static,363,3519,rank,49126,93,386,353,0.9015544041,0.8980169972,0.8994334278,3519,3519,3519,0,0
43,0.1,rank_expanding,363,3510,rank,49126,93,386,353,0.9015544041,0.8980169972,0.8994334278,3510,3510,3510,0,0
43,0.1,rank_rolling,363,2574,rank,1000,3,386,353,0.8756476684,0.8696883853,0.87299339,2574,2574,2574,0,0
43,0.1,margin_static,364,14.53429127,score_margin,49512,94,354,329,0.7570621469,0.7568389058,0.7710233029,1623.838906,71,7128,0.1003039514,0.1367781155
43,0.1,margin_rolling,364,23.06127381,score_margin,1000,2,354,329,0.8870056497,0.8844984802,0.8951367781,3775.544073,4679,7128,0.02127659574,0.2887537994
43,0.1,rank_static,364,3519,rank,49512,94,354,329,0.884180791,0.8753799392,0.8784194529,3519,3519,3519,0,0
43,0.1,rank_expanding,364,3510,rank,49512,94,354,329,0.884180791,0.8753799392,0.8784194529,3510,3510,3510,0,0
43,0.1,rank_rolling,364,3098,rank,1000,2,354,329,0.8785310734,0.8693009119,0.8723404255,3098,3098,3098,0,0
43,0.2,margin_static,292,13.85771561,score_margin,11270,22,730,658,0.8835616438,0.8920972644,0.902887538,3457.56231,1664.5,7128,0.01671732523,0.282674772
43,0.2,margin_rolling,292,14.20146656,score_margin,1000,3,730,658,0.8890410959,0.896656535,0.9079533941,3577.00152,3775.5,7128,0.01367781155,0.2887537994
43,0.2,rank_static,292,3618,rank,11270,22,730,658,0.895890411,0.8936170213,0.8958966565,3618,3618,3618,0,0
43,0.2,rank_expanding,292,3618,rank,11270,22,730,658,0.895890411,0.8936170213,0.8958966565,3618,3618,3618,0,0
43,0.2,rank_rolling,292,2775,rank,1000,3,730,658,0.8602739726,0.8601823708,0.8657548126,2775,2775,2775,0,0
43,0.2,margin_static,293,13.85771561,score_margin,12000,23,658,581,0.8814589666,0.8881239243,0.9036144578,3667.475043,4630,7128,0.008605851979,0.2960413081
43,0.2,margin_rolling,293,14.38245916,score_margin,1000,2,658,581,0.8936170213,0.900172117,0.9136546185,3872.648881,5693,7128,0.008605851979,0.313253012
43,0.2,rank_static,293,3618,rank,12000,23,658,581,0.8617021277,0.8485370052,0.8591508893,3618,3618,3618,0,0
43,0.2,rank_expanding,293,3634,rank,12000,23,658,581,0.8617021277,0.8485370052,0.8591508893,3634,3634,3634,0,0
43,0.2,rank_rolling,293,3421,rank,1000,2,658,581,0.8571428571,0.843373494,0.8539873781,3421,3421,3421,0,0
43,0.2,margin_static,294,13.85771561,score_margin,12658,24,618,538,0.8624595469,0.8550185874,0.8806071871,3456.622677,1585,7128,0.01115241636,0.2695167286
43,0.2,margin_rolling,294,15.41441366,score_margin,1000,2,618,538,0.9061488673,0.9033457249,0.9261462206,4063.089219,6316,7128,0.007434944238,0.3475836431
43,0.2,rank_static,294,3618,rank,12658,24,618,538,0.8834951456,0.8680297398,0.874535316,3618,3618,3618,0,0
43,0.2,rank_expanding,294,3698,rank,12658,24,618,538,0.8851132686,0.8698884758,0.876394052,3698,3698,3698,0,0
43,0.2,rank_rolling,294,4402,rank,1000,2,618,538,0.8964401294,0.8828996283,0.8884758364,4402,4402,4402,0,0
43,0.2,margin_static,295,13.85771561,score_margin,13276,25,666,578,0.8753753754,0.8823529412,0.9016147636,3433.086505,1556,7128,0.01211072664,0.2577854671
43,0.2,margin_rolling,295,15.0612371,score_margin,1000,2,666,578,0.8948948949,0.8996539792,0.9194925029,3962.752595,5631,7128,0.005190311419,0.2871972318
43,0.2,rank_static,295,3618,rank,13276,25,666,578,0.9129129129,0.8996539792,0.9054209919,3618,3618,3618,0,0
43,0.2,rank_expanding,295,3723,rank,13276,25,666,578,0.9129129129,0.8996539792,0.9054209919,3723,3723,3723,0,0
43,0.2,rank_rolling,295,4593,rank,1000,2,666,578,0.9294294294,0.9186851211,0.9204152249,4593,4593,4593,0,0
43,0.2,margin_static,296,13.85771561,score_margin,13942,26,516,466,0.8565891473,0.8519313305,0.8698855508,3386.714592,1492,7128,0.004291845494,0.2660944206
43,0.2,margin_rolling,296,15.42516947,score_margin,1000,2,516,466,0.8856589147,0.8841201717,0.8988555079,3983.263948,5945,7128,0.002145922747,0.3197424893
43,0.2,rank_static,296,3618,rank,13942,26,516,466,0.9147286822,0.9055793991,0.9066523605,3618,3618,3618,0,0
43,0.2,rank_expanding,296,3698,rank,13942,26,516,466,0.9147286822,0.9055793991,0.9066523605,3698,3698,3698,0,0
43,0.2,rank_rolling,296,3419,rank,1000,2,516,466,0.9069767442,0.8969957082,0.8991416309,3419,3419,3419,0,0
43,0.2,margin_static,297,13.85771561,score_margin,14458,27,292,254,0.8082191781,0.8346456693,0.8536089239,2792.232283,440.5,7128,0.01968503937,0.2244094488
43,0.2,margin_rolling,297,15.63017777,score_margin,1000,2,292,254,0.8287671233,0.8503937008,0.8700131234,3340.346457,1381,7128,0.007874015748,0.2677165354
43,0.2,rank_static,297,3618,rank,14458,27,292,254,0.8835616438,0.8700787402,0.8809055118,3618,3618,3618,0,0
43,0.2,rank_expanding,297,3683,rank,14458,27,292,254,0.8869863014,0.874015748,0.8848425197,3683,3683,3683,0,0
43,0.2,rank_rolling,297,3166,rank,1000,2,292,254,0.8664383562,0.8503937008,0.8612204724,3166,3166,3166,0,0
43,0.2,margin_static,298,13.85771561,score_margin,14750,28,252,224,0.8452380952,0.8482142857,0.8735119048,2978.370536,492,7128,0.01339285714,0.2767857143
43,0.2,margin_rolling,298,16.78708458,score_margin,1000,3,252,224,0.9087301587,0.9107142857,0.9267113095,4055.5,6130.5,7128,0.01339285714,0.3526785714
43,0.2,rank_static,298,3618,rank,14750,28,252,224,0.8531746032,0.8348214286,0.8444940476,3618,3618,3618,0,0
43,0.2,rank_expanding,298,3691,rank,14750,28,252,224,0.8571428571,0.8392857143,0.8467261905,3691,3691,3691,0,0
43,0.2,rank_rolling,298,3475,rank,1000,3,252,224,0.8452380952,0.8258928571,0.8355654762,3475,3475,3475,0,0
43,0.2,margin_static,299,13.85771561,score_margin,15002,29,702,615,0.8475783476,0.8585365854,0.8767634533,3083.152846,854,7128,0.0162601626,0.2162601626
43,0.2,margin_rolling,299,16.56894684,score_margin,1000,3,702,615,0.9031339031,0.9089430894,0.9246767325,4185.386992,6664,7128,0.00487804878,0.318699187
43,0.2,rank_static,299,3618,rank,15002,29,702,615,0.9287749288,0.918699187,0.9195121951,3618,3618,3618,0,0
43,0.2,rank_expanding,299,3716,rank,15002,29,702,615,0.9301994302,0.9203252033,0.9211382114,3716,3716,3716,0,0
43,0.2,rank_rolling,299,4050,rank,1000,3,702,615,0.933048433,0.9235772358,0.9235772358,4050,4050,4050,0,0
43,0.2,margin_static,300,13.85771561,score_margin,15704,30,664,573,0.8478915663,0.8516579407,0.8801628854,3322.113438,1365,7128,0.02094240838,0.2705061082
43,0.2,margin_rolling,300,16.56765127,score_margin,1000,3,664,573,0.9006024096,0.8970331588,0.9217568354,4504.628272,6928,7128,0.00872600349,0.3682373473
43,0.2,rank_static,300,3618,rank,15704,30,664,573,0.8734939759,0.8568935428,0.8667830134,3618,3618,3618,0,0
43,0.2,rank_expanding,300,3676,rank,15704,30,664,573,0.8734939759,0.8568935428,0.8667830134,3676,3676,3676,0,0
43,0.2,rank_rolling,300,3474,rank,1000,3,664,573,0.8689759036,0.8516579407,0.8630017452,3474,3474,3474,0,0
43,0.2,margin_static,301,13.85771561,score_margin,16368,31,616,552,0.875,0.884057971,0.9005736715,3677.860507,4202,7128,0.01630434783,0.2844202899
43,0.2,margin_rolling,301,16.84066963,score_margin,1000,2,616,552,0.9204545455,0.9275362319,0.9376207729,4658.744565,7098,7128,0.003623188406,0.3967391304
43,0.2,rank_static,301,3618,rank,16368,31,616,552,0.8571428571,0.8460144928,0.8598429952,3618,3618,3618,0,0
43,0.2,rank_expanding,301,3709,rank,16368,31,616,552,0.8603896104,0.8496376812,0.8634661836,3709,3709,3709,0,0
43,0.2,rank_rolling,301,3795,rank,1000,2,616,552,0.8636363636,0.8514492754,0.8658816425,3795,3795,3795,0,0
43,0.2,margin_static,302,13.85771561,score_margin,16984,32,570,490,0.8245614035,0.8204081633,0.841180758,3087.2,969.5,7128,0.02448979592,0.2591836735
43,0.2,margin_rolling,302,16.0325737,score_margin,1000,2,570,490,0.8807017544,0.8775510204,0.8945821186,3869.216327,5603.5,7128,0.01224489796,0.3142857143
43,0.2,rank_static,302,3618,rank,16984,32,570,490,0.9052631579,0.8897959184,0.8979591837,3618,3618,3618,0,0
43,0.2,rank_expanding,302,3754,rank,16984,32,570,490,0.9070175439,0.8918367347,0.9,3754,3754,3754,0,0
43,0.2,rank_rolling,302,4949,rank,1000,2,570,490,0.9403508772,0.9306122449,0.9367346939,4949,4949,4949,0,0
43,0.2,margin_static,303,13.85771561,score_margin,17554,33,542,485,0.8616236162,0.8556701031,0.8699656357,3208.581443,950,7128,0.01030927835,0.2701030928
43,0.2,margin_rolling,303,16.81705141,score_margin,1000,2,542,485,0.9188191882,0.9092783505,0.9183161512,4301.195876,6746,7128,0.00412371134,0.3690721649
43,0.2,rank_static,303,3618,rank,17554,33,542,485,0.8874538745,0.8742268041,0.8762886598,3618,3618,3618,0,0
43,0.2,rank_expanding,303,3751,rank,17554,33,542,485,0.8966789668,0.8845360825,0.8865979381,3751,3751,3751,0,0
43,0.2,rank_rolling,303,4147,rank,1000,2,542,485,0.9003690037,0.8886597938,0.8907216495,4147,4147,4147,0,0
43,0.2,margin_static,304,13.85771561,score_margin,18096,34,328,281,0.8140243902,0.8149466192,0.8543890866,3047.124555,611,7128,0.01779359431,0.2384341637
43,0.2,margin_rolling,304,16.11461997,score_margin,1000,2,328,281,0.8932926829,0.8754448399,0.918742586,3899.608541,5763,7128,0.01423487544,0.3131672598
43,0.2,rank_static,304,3618,rank,18096,34,328,281,0.9054878049,0.9039145907,0.909252669,3618,3618,3618,0,0
43,0.2,rank_expanding,304,3753,rank,18096,34,328,281,0.9176829268,0.9181494662,0.9199288256,3753,3753,3753,0,0
43,0.2,rank_rolling,304,3836,rank,1000,2,328,281,0.9176829268,0.9181494662,0.9199288256,3836,3836,3836,0,0
43,0.2,margin_static,305,13.85771561,score_margin,18424,35,328,295,0.8475609756,0.8474576271,0.8705649718,2643.637288,544,7128,0.02033898305,0.2203389831
43,0.2,margin_rolling,305,16.26629078,score_margin,1000,3,328,295,0.9085365854,0.9050847458,0.9216949153,3684.457627,4886,7128,0.006779661017,0.2711864407
43,0.2,rank_static,305,3618,rank,18424,35,328,295,0.9420731707,0.9355932203,0.9355932203,3618,3618,3618,0,0
43,0.2,rank_expanding,305,3746,rank,18424,35,328,295,0.9451219512,0.9389830508,0.9389830508,3746,3746,3746,0,0
43,0.2,rank_rolling,305,3733,rank,1000,3,328,295,0.9451219512,0.9389830508,0.9389830508,3733,3733,3733,0,0
43,0.2,margin_static,306,13.85771561,score_margin,18752,36,582,513,0.8453608247,0.8557504873,0.8790123457,3123.009747,746,7128,0.01949317739,0.2397660819
43,0.2,margin_rolling,306,16.12155724,score_margin,1000,3,582,513,0.8986254296,0.9044834308,0.926185835,3963.417154,6310,7128,0.009746588694,0.3372319688
43,0.2,rank_static,306,3618,rank,18752,36,582,513,0.9037800687,0.8908382066,0.8937621832,3618,3618,3618,0,0
43,0.2,rank_expanding,306,3722,rank,18752,36,582,513,0.9072164948,0.8947368421,0.8976608187,3722,3722,3722,0,0
43,0.2,rank_rolling,306,3460,rank,1000,3,582,513,0.9003436426,0.8869395712,0.8898635478,3460,3460,3460,0,0
43,0.2,margin_static,307,13.85771561,score_margin,19334,37,588,510,0.8503401361,0.8607843137,0.8804248366,3185.254902,1069.5,7128,0.01764705882,0.262745098
43,0.2,margin_rolling,307,16.17748737,score_margin,1000,3,588,510,0.8962585034,0.9019607843,0.9216013072,4195.95098,6457,7128,0.007843137255,0.3294117647
43,0.2,rank_static,307,3618,rank,19334,37,588,510,0.8792517007,0.8607843137,0.8659477124,3618,3618,3618,0,0
43,0.2,rank_expanding,307,3715,rank,19334,37,588,510,0.8860544218,0.868627451,0.8721568627,3715,3715,3715,0,0
43,0.2,rank_rolling,307,3203,rank,1000,3,588,510,0.8656462585,0.8450980392,0.8502614379,3203,3203,3203,0,0
43,0.2,margin_static,308,13.85771561,score_margin,19922,38,562,497,0.8398576512,0.8390342052,0.8627958226,3287.748491,1071,7128,0.02012072435,0.2857142857
43,0.2,margin_rolling,308,16.350811,score_margin,1000,2,562,497,0.8950177936,0.8993963783,0.9147743604,4095.700201,6292,7128,0.01408450704,0.3762575453
43,0.2,rank_static,308,3618,rank,19922,38,562,497,0.8879003559,0.8752515091,0.8802816901,3618,3618,3618,0,0
43,0.2,rank_expanding,308,3728,rank,19922,38,562,497,0.8896797153,0.8772635815,0.8822937626,3728,3728,3728,0,0
43,0.2,rank_rolling,308,3833,rank,1000,2,562,497,0.8950177936,0.8832997988,0.8883299799,3833,3833,3833,0,0
43,0.2,margin_static,309,13.85771561,score_margin,20484,39,626,535,0.8162939297,0.8261682243,0.8537383178,3366.642991,1324,7128,0.02056074766,0.2934579439
43,0.2,margin_rolling,309,16.59896374,score_margin,1000,2,626,535,0.8801916933,0.8841121495,0.9041121495,4338.37757,6816,7128,0.01308411215,0.3700934579
43,0.2,rank_static,309,3618,rank,20484,39,626,535,0.875399361,0.8579439252,0.8663551402,3618,3618,3618,0,0
43,0.2,rank_expanding,309,3735,rank,20484,39,626,535,0.8785942492,0.861682243,0.8691588785,3735,3735,3735,0,0
43,0.2,rank_rolling,309,4150,rank,1000,2,626,535,0.8881789137,0.8728971963,0.8794392523,4150,4150,4150,0,0
43,0.2,margin_static,310,13.85771561,score_margin,21110,40,620,527,0.8725806452,0.8595825427,0.8900695762,2783.833017,491,7128,0.01707779886,0.2087286528
43,0.2,margin_rolling,310,17.24059868,score_margin,1000,2,620,527,0.9370967742,0.9316888046,0.9485452245,4033.256167,6216,7128,0.003795066414,0.3168880455
43,0.2,rank_static,310,3618,rank,21110,40,620,527,0.9129032258,0.9013282732,0.9041745731,3618,3618,3618,0,0
43,0.2,rank_expanding,310,3752,rank,21110,40,620,527,0.9177419355,0.9070208729,0.9098671727,3752,3752,3752,0,0
43,0.2,rank_rolling,310,4303,rank,1000,2,620,527,0.9258064516,0.9146110057,0.9174573055,4303,4303,4303,0,0
43,0.2,margin_static,311,13.85771561,score_margin,21730,41,438,366,0.8493150685,0.8360655738,0.8714025501,2528.584699,361.5,7128,0.01639344262,0.1721311475
43,0.2,margin_rolling,311,16.23295784,score_margin,1000,2,438,366,0.9086757991,0.893442623,0.9265938069,3255.827869,1184.5,7128,0.01366120219,0.2322404372
43,0.2,rank_static,311,3618,rank,21730,41,438,366,0.9086757991,0.8907103825,0.8998178506,3618,3618,3618,0,0
43,0.2,rank_expanding,311,3740,rank,21730,41,438,366,0.9155251142,0.8989071038,0.9043715847,3740,3740,3740,0,0
43,0.2,rank_rolling,311,3733,rank,1000,2,438,366,0.9155251142,0.8989071038,0.9043715847,3733,3733,3733,0,0
43,0.2,margin_static,312,13.85771561,score_margin,22168,42,460,368,0.8304347826,0.8505434783,0.8755499482,2378.605978,327.5,7128,0.01630434783,0.1657608696
43,0.2,margin_rolling,312,14.92128348,score_margin,1000,2,460,368,0.8630434783,0.8777173913,0.90623706,2809.203804,573.5,7128,0.01358695652,0.1875
43,0.2,rank_static,312,3618,rank,22168,42,460,368,0.9195652174,0.8994565217,0.9092391304,3618,3618,3618,0,0
43,0.2,rank_expanding,312,3733,rank,22168,42,460,368,0.9217391304,0.902173913,0.9119565217,3733,3733,3733,0,0
43,0.2,rank_rolling,312,3288,rank,1000,2,460,368,0.9173913043,0.8967391304,0.9065217391,3288,3288,3288,0,0
43,0.2,margin_static,313,13.85771561,score_margin,22628,43,794,641,0.8413098237,0.8315132605,0.8704368175,2711.697348,338,7128,0.02652106084,0.2028081123
43,0.2,margin_rolling,313,15.86980724,score_margin,1000,3,794,641,0.8879093199,0.8751950078,0.9099583983,3333.814353,1318,7128,0.01716068643,0.2511700468
43,0.2,rank_static,313,3618,rank,22628,43,794,641,0.9156171285,0.8970358814,0.9010920437,3618,3618,3618,0,0
43,0.2,rank_expanding,313,3721,rank,22628,43,794,641,0.9156171285,0.8970358814,0.9010920437,3721,3721,3721,0,0
43,0.2,rank_rolling,313,2913,rank,1000,3,794,641,0.8967254408,0.8751950078,0.8800312012,2913,2913,2913,0,0
43,0.2,margin_static,314,13.85771561,score_margin,23422,44,678,585,0.8333333333,0.8239316239,0.8521123321,2754.694017,392,7128,0.02222222222,0.2085470085
43,0.2,margin_rolling,314,16.30764103,score_margin,1000,2,678,585,0.8982300885,0.894017094,0.9117582418,3593.116239,4116,7128,0.01367521368,0.2752136752
43,0.2,rank_static,314,3618,rank,23422,44,678,585,0.9292035398,0.9213675214,0.9271062271,3618,3618,3618,0,0
43,0.2,rank_expanding,314,3698,rank,23422,44,678,585,0.9306784661,0.9230769231,0.9288156288,3698,3698,3698,0,0
43,0.2,rank_rolling,314,3028,rank,1000,2,678,585,0.8997050147,0.8871794872,0.8946275946,3028,3028,3028,0,0
43,0.2,margin_static,315,13.85771561,score_margin,24100,45,774,660,0.8333333333,0.8227272727,0.8504040404,2605.568182,369.5,7128,0.02121212121,0.1590909091
43,0.2,margin_rolling,315,16.57042217,score_margin,1000,2,774,660,0.8979328165,0.8924242424,0.9101262626,3629.381818,3986.5,7128,0.01212121212,0.2560606061
43,0.2,rank_static,315,3618,rank,24100,45,774,660,0.9302325581,0.9227272727,0.9276515152,3618,3618,3618,0,0
43,0.2,rank_expanding,315,3675,rank,24100,45,774,660,0.9302325581,0.9227272727,0.9276515152,3675,3675,3675,0,0
43,0.2,rank_rolling,315,3050,rank,1000,2,774,660,0.9147286822,0.9045454545,0.9127525253,3050,3050,3050,0,0
43,0.2,margin_static,316,13.85771561,score_margin,24874,46,758,622,0.8482849604,0.8344051447,0.8638263666,2821.747588,644.5,7128,0.01768488746,0.2025723473
43,0.2,margin_rolling,316,17.27146626,score_margin,1000,2,758,622,0.9116094987,0.9051446945,0.9239549839,4212.541801,6388,7128,0.006430868167,0.2990353698
43,0.2,rank_static,316,3618,rank,24874,46,758,622,0.9168865435,0.8987138264,0.9011254019,3618,3618,3618,0,0
43,0.2,rank_expanding,316,3633,rank,24874,46,758,622,0.9168865435,0.8987138264,0.9011254019,3633,3633,3633,0,0
43,0.2,rank_rolling,316,2782,rank,1000,2,758,622,0.889182058,0.8649517685,0.8689710611,2782,2782,2782,0,0
43,0.2,margin_static,317,13.85771561,score_margin,25632,47,630,559,0.8142857143,0.8157423971,0.8367024448,2258.270125,267,7128,0.02862254025,0.1592128801
43,0.2,margin_rolling,317,16.37126279,score_margin,1000,2,630,559,0.873015873,0.8729874776,0.8906380441,3163.320215,1230,7128,0.01610017889,0.2164579606
43,0.2,rank_static,317,3618,rank,25632,47,630,559,0.9,0.8872987478,0.8923971377,3618,3618,3618,0,0
43,0.2,rank_expanding,317,3614,rank,25632,47,630,559,0.9,0.8872987478,0.8923971377,3614,3614,3614,0,0
43,0.2,rank_rolling,317,3014,rank,1000,2,630,559,0.8873015873,0.8729874776,0.8780858676,3014,3014,3014,0,0
43,0.2,margin_static,318,13.85771561,score_margin,26262,48,342,308,0.8157894737,0.8116883117,0.8392857143,2348.256494,186.5,7128,0.01948051948,0.1915584416
43,0.2,margin_rolling,318,17.82514191,score_margin,1000,2,342,308,0.918128655,0.9155844156,0.933982684,3595.941558,4195,7128,0.00974025974,0.275974026
43,0.2,rank_static,318,3618,rank,26262,48,342,308,0.9005847953,0.8896103896,0.8955627706,3618,3618,3618,0,0
43,0.2,rank_expanding,318,3614,rank,26262,48,342,308,0.9005847953,0.8896103896,0.8955627706,3614,3614,3614,0,0
43,0.2,rank_rolling,318,3549,rank,1000,2,342,308,0.9005847953,0.8896103896,0.8955627706,3549,3549,3549,0,0
43,0.2,margin_static,319,13.85771561,score_margin,26604,49,324,290,0.8425925926,0.824137931,0.8396551724,2333.434483,272,7128,0.03103448276,0.1655172414
43,0.2,margin_rolling,319,17.66929841,score_margin,1000,3,324,290,0.9290123457,0.9206896552,0.9293103448,3625.896552,4019,7128,0.01034482759,0.275862069
43,0.2,rank_static,319,3618,rank,26604,49,324,290,0.9290123457,0.9206896552,0.9206896552,3618,3618,3618,0,0
43,0.2,rank_expanding,319,3614,rank,26604,49,324,290,0.9290123457,0.9206896552,0.9206896552,3614,3614,3614,0,0
43,0.2,rank_rolling,319,3635,rank,1000,3,324,290,0.9290123457,0.9206896552,0.9206896552,3635,3635,3635,0,0
43,0.2,margin_static,320,13.85771561,score_margin,26928,50,736,646,0.8152173913,0.8235294118,0.8414516684,3012.98452,480,7128,0.03250773994,0.2275541796
43,0.2,margin_rolling,320,17.16292095,score_margin,1000,3,736,646,0.8940217391,0.899380805,0.9103543172,3969.804954,5631,7128,0.01702786378,0.3390092879
43,0.2,rank_static,320,3618,rank,26928,50,736,646,0.8967391304,0.886996904,0.8918472652,3618,3618,3618,0,0
43,0.2,rank_expanding,320,3592,rank,26928,50,736,646,0.8953804348,0.8854489164,0.8902992776,3592,3592,3592,0,0
43,0.2,rank_rolling,320,3369,rank,1000,3,736,646,0.8845108696,0.8730650155,0.8786893705,3369,3369,3369,0,0
43,0.2,margin_static,321,13.85771561,score_margin,27664,51,680,603,0.8397058824,0.8325041459,0.8485351023,2653.655058,417,7128,0.02819237148,0.1873963516
43,0.2,margin_rolling,321,17.04965973,score_margin,1000,2,680,603,0.8970588235,0.8922056385,0.9046434494,3911.19403,5574,7128,0.01326699834,0.2902155887
43,0.2,rank_static,321,3618,rank,27664,51,680,603,0.9117647059,0.9021558872,0.9087893864,3618,3618,3618,0,0
43,0.2,rank_expanding,321,3602,rank,27664,51,680,603,0.9117647059,0.9021558872,0.9087893864,3602,3602,3602,0,0
43,0.2,rank_rolling,321,3445,rank,1000,2,680,603,0.9102941176,0.9004975124,0.9071310116,3445,3445,3445,0,0
43,0.2,margin_static,322,13.85771561,score_margin,28344,52,668,595,0.8413173653,0.8319327731,0.850140056,2787.872269,413,7128,0.03193277311,0.2033613445
43,0.2,margin_rolling,322,18.10510731,score_margin,1000,2,668,595,0.9341317365,0.9361344538,0.9408963585,4264.031933,6507,7128,0.01176470588,0.3344537815
43,0.2,rank_static,322,3618,rank,28344,52,668,595,0.8847305389,0.8739495798,0.8759103641,3618,3618,3618,0,0
43,0.2,rank_expanding,322,3586,rank,28344,52,668,595,0.8847305389,0.8739495798,0.8759103641,3586,3586,3586,0,0
43,0.2,rank_rolling,322,3391,rank,1000,2,668,595,0.874251497,0.8621848739,0.8641456583,3391,3391,3391,0,0
43,0.2,margin_static,323,13.85771561,score_margin,29012,53,668,600,0.7754491018,0.7633333333,0.7916666667,2558.97,379.5,7128,0.02833333333,0.1833333333
43,0.2,margin_rolling,323,16.89392908,score_margin,1000,2,668,600,0.8862275449,0.8833333333,0.8997222222,3759.075,4419,7128,0.01,0.26
43,0.2,rank_static,323,3618,rank,29012,53,668,600,0.8982035928,0.89,0.8938888889,3618,3618,3618,0,0
43,0.2,rank_expanding,323,3609,rank,29012,53,668,600,0.8982035928,0.89,0.8938888889,3609,3609,3609,0,0
43,0.2,rank_rolling,323,3830,rank,1000,2,668,600,0.9086826347,0.9016666667,0.9047222222,3830,3830,3830,0,0
43,0.2,margin_static,324,13.85771561,score_margin,29680,54,796,650,0.7939698492,0.8061538462,0.8401025641,2718.067692,409.5,7128,0.03076923077,0.1846153846
43,0.2,margin_rolling,324,17.60551953,score_margin,1000,2,796,650,0.8894472362,0.8907692308,0.9199230769,3976.713846,6139,7128,0.01384615385,0.3015384615
43,0.2,rank_static,324,3618,rank,29680,54,796,650,0.9447236181,0.9338461538,0.938974359,3618,3618,3618,0,0
43,0.2,rank_expanding,324,3611,rank,29680,54,796,650,0.9447236181,0.9338461538,0.938974359,3611,3611,3611,0,0
43,0.2,rank_rolling,324,3830,rank,1000,2,796,650,0.9510050251,0.9415384615,0.9466666667,3830,3830,3830,0,0
43,0.2,margin_static,325,13.85771561,score_margin,30476,55,398,360,0.7537688442,0.7666666667,0.7763888889,2555.488889,221,7128,0.05833333333,0.2222222222
43,0.2,margin_rolling,325,17.93173528,score_margin,1000,2,398,360,0.8894472362,0.8833333333,0.8949074074,3671.530556,4308,7128,0.02222222222,0.3194444444
43,0.2,rank_static,325,3618,rank,30476,55,398,360,0.8844221106,0.8722222222,0.8722222222,3618,3618,3618,0,0
43,0.2,rank_expanding,325,3563,rank,30476,55,398,360,0.8844221106,0.8722222222,0.8722222222,3563,3563,3563,0,0
43,0.2,rank_rolling,325,2256,rank,1000,2,398,360,0.8316582915,0.8138888889,0.8180555556,2256,2256,2256,0,0
43,0.2,margin_static,326,13.85771561,score_margin,30874,56,422,348,0.7654028436,0.7816091954,0.804717433,2107.965517,158,7128,0.05459770115,0.1264367816
43,0.2,margin_rolling,326,17.91460991,score_margin,1000,2,422,348,0.8886255924,0.8735632184,0.9003831418,3208.04023,1049,7128,0.01724137931,0.2413793103
43,0.2,rank_static,326,3618,rank,30874,56,422,348,0.9289099526,0.9166666667,0.9262452107,3618,3618,3618,0,0
43,0.2,rank_expanding,326,3566,rank,30874,56,422,348,0.9265402844,0.9137931034,0.9233716475,3566,3566,3566,0,0
43,0.2,rank_rolling,326,2900,rank,1000,2,422,348,0.9194312796,0.9051724138,0.9147509579,2900,2900,2900,0,0
43,0.2,margin_static,327,13.85771561,score_margin,31296,57,738,621,0.7737127371,0.7809983897,0.8115136876,2731.409018,322,7128,0.02898550725,0.1996779388
43,0.2,margin_rolling,327,18.10136223,score_margin,1000,3,738,621,0.8970189702,0.8985507246,0.9225711218,3981.352657,5681,7128,0.008051529791,0.3365539452
43,0.2,rank_static,327,3618,rank,31296,57,738,621,0.8929539295,0.8776167472,0.8840042941,3618,3618,3618,0,0
43,0.2,rank_expanding,327,3555,rank,31296,57,738,621,0.891598916,0.8760064412,0.8823939882,3555,3555,3555,0,0
43,0.2,rank_rolling,327,2911,rank,1000,3,738,621,0.879403794,0.8647342995,0.8710681696,2911,2911,2911,0,0
43,0.2,margin_static,328,13.85771561,score_margin,32034,58,600,526,0.7916666667,0.8041825095,0.8243527069,2681.980989,344,7128,0.03422053232,0.1863117871
43,0.2,margin_rolling,328,18.36926746,score_margin,1000,2,600,526,0.9183333333,0.9220532319,0.9360220894,4161.768061,6558.5,7128,0.007604562738,0.3403041825
43,0.2,rank_static,328,3618,rank,32034,58,600,526,0.9,0.8859315589,0.8906844106,3618,3618,3618,0,0
43,0.2,rank_expanding,328,3563,rank,32034,58,600,526,0.9,0.8859315589,0.8906844106,3563,3563,3563,0,0
43,0.2,rank_rolling,328,3417,rank,1000,2,600,526,0.8983333333,0.8840304183,0.88878327,3417,3417,3417,0,0
43,0.2,margin_static,329,13.85771561,score_margin,32634,59,684,599,0.8084795322,0.8096828047,0.8306065665,2673.043406,296,7128,0.02671118531,0.2086811352
43,0.2,margin_rolling,329,18.15238285,score_margin,1000,2,684,599,0.9064327485,0.9048414023,0.9196994992,4015.130217,5781,7128,0.006677796327,0.3322203673
43,0.2,rank_static,329,3618,rank,32634,59,684,599,0.8947368421,0.8814691152,0.8898163606,3618,3618,3618,0,0
43,0.2,rank_expanding,329,3563,rank,32634,59,684,599,0.8947368421,0.8814691152,0.8898163606,3563,3563,3563,0,0
43,0.2,rank_rolling,329,3636,rank,1000,2,684,599,0.8947368421,0.8814691152,0.8898163606,3636,3636,3636,0,0
43,0.2,margin_static,330,13.85771561,score_margin,33318,60,640,580,0.8109375,0.8103448276,0.8242816092,2496.491379,285,7128,0.03793103448,0.1827586207
43,0.2,margin_rolling,330,17.89543271,score_margin,1000,2,640,580,0.9171875,0.924137931,0.929454023,3886.37931,5187,7128,0.01551724138,0.2931034483
43,0.2,rank_static,330,3618,rank,33318,60,640,580,0.915625,0.9068965517,0.9068965517,3618,3618,3618,0,0
43,0.2,rank_expanding,330,3566,rank,33318,60,640,580,0.915625,0.9068965517,0.9068965517,3566,3566,3566,0,0
43,0.2,rank_rolling,330,3778,rank,1000,2,640,580,0.925,0.9172413793,0.9172413793,3778,3778,3778,0,0
43,0.2,margin_static,331,13.85771561,score_margin,33958,61,506,474,0.8458498024,0.8417721519,0.8488045007,2633.867089,235,7128,0.02742616034,0.1751054852
43,0.2,margin_rolling,331,17.05518937,score_margin,1000,2,506,474,0.9130434783,0.9113924051,0.9168424754,3577.031646,2218.5,7128,0.006329113924,0.2658227848
43,0.2,rank_static,331,3618,rank,33958,61,506,474,0.9347826087,0.9303797468,0.9303797468,3618,3618,3618,0,0
43,0.2,rank_expanding,331,3555,rank,33958,61,506,474,0.9308300395,0.9261603376,0.9261603376,3555,3555,3555,0,0
43,0.2,rank_rolling,331,3387,rank,1000,2,506,474,0.9249011858,0.9198312236,0.9198312236,3387,3387,3387,0,0
43,0.2,margin_static,332,13.85771561,score_margin,34464,62,318,300,0.820754717,0.8166666667,0.8288888889,2502.636667,215,7128,0.08,0.1966666667
43,0.2,margin_rolling,332,16.73760915,score_margin,1000,2,318,300,0.8993710692,0.8933333333,0.9033333333,3295.946667,958.5,7128,0.02,0.2666666667
43,0.2,rank_static,332,3618,rank,34464,62,318,300,0.9025157233,0.8966666667,0.8988888889,3618,3618,3618,0,0
43,0.2,rank_expanding,332,3539,rank,34464,62,318,300,0.9025157233,0.8966666667,0.8988888889,3539,3539,3539,0,0
43,0.2,rank_rolling,332,2834,rank,1000,2,318,300,0.8836477987,0.8766666667,0.8788888889,2834,2834,2834,0,0
43,0.2,margin_static,333,13.85771561,score_margin,34782,63,342,312,0.7807017544,0.7724358974,0.7943376068,2511.352564,183,7128,0.04487179487,0.1923076923
43,0.2,margin_rolling,333,16.77239037,score_margin,1000,3,342,312,0.8567251462,0.8461538462,0.8707264957,3322.150641,1305,7128,0.01282051282,0.2820512821
43,0.2,rank_static,333,3618,rank,34782,63,342,312,0.9035087719,0.8974358974,0.8990384615,3618,3618,3618,0,0
43,0.2,rank_expanding,333,3538,rank,34782,63,342,312,0.9005847953,0.8942307692,0.8958333333,3538,3538,3538,0,0
43,0.2,rank_rolling,333,2968,rank,1000,3,342,312,0.8801169591,0.8717948718,0.8733974359,2968,2968,2968,0,0
43,0.2,margin_static,334,13.85771561,score_margin,35124,64,700,633,0.81,0.8104265403,0.8285676672,2334.791469,254,7128,0.04423380727,0.1690363349
43,0.2,margin_rolling,334,17.27651548,score_margin,1000,3,700,633,0.8942857143,0.8941548183,0.9065560821,3558.965245,3483,7128,0.01737756714,0.2543443918
43,0.2,rank_static,334,3618,rank,35124,64,700,633,0.88,0.8767772512,0.8786203265,3618,3618,3618,0,0
43,0.2,rank_expanding,334,3538,rank,35124,64,700,633,0.88,0.8767772512,0.8786203265,3538,3538,3538,0,0
43,0.2,rank_rolling,334,3216,rank,1000,3,700,633,0.8728571429,0.868878357,0.8723012112,3216,3216,3216,0,0
43,0.2,margin_static,335,13.85771561,score_margin,35824,65,656,587,0.7911585366,0.7836456559,0.8060477002,2428.076661,233,7128,0.03066439523,0.2010221465
43,0.2,margin_rolling,335,18.09552872,score_margin,1000,2,656,587,0.9039634146,0.9045996593,0.9149914821,3791.453152,4735,7128,0.008517887564,0.3066439523
43,0.2,rank_static,335,3618,rank,35824,65,656,587,0.8658536585,0.8568994889,0.8641396934,3618,3618,3618,0,0
43,0.2,rank_expanding,335,3553,rank,35824,65,656,587,0.8643292683,0.8551959114,0.8624361158,3553,3553,3553,0,0
43,0.2,rank_rolling,335,4101,rank,1000,2,656,587,0.8765243902,0.8688245315,0.8743611584,4101,4101,4101,0,0
43,0.2,margin_static,336,13.85771561,score_margin,36480,66,632,551,0.7753164557,0.7731397459,0.7966727163,2522.744102,290,7128,0.03992740472,0.2087114338
43,0.2,margin_rolling,336,18.09824324,score_margin,1000,2,632,551,0.8876582278,0.8838475499,0.9011494253,3903.631579,5766,7128,0.01633393829,0.3176043557
43,0.2,rank_static,336,3618,rank,36480,66,632,551,0.8639240506,0.8493647913,0.8588021779,3618,3618,3618,0,0
43,0.2,rank_expanding,336,3579,rank,36480,66,632,551,0.8623417722,0.8493647913,0.8578947368,3579,3579,3579,0,0
43,0.2,rank_rolling,336,4293,rank,1000,2,632,551,0.8908227848,0.8747731397,0.8849364791,4293,4293,4293,0,0
43,0.2,margin_static,337,13.85771561,score_margin,37112,67,552,492,0.7880434783,0.7967479675,0.8156504065,2336.512195,213.5,7128,0.0325203252,0.156504065
43,0.2,margin_rolling,337,18.32406893,score_margin,1000,2,552,492,0.893115942,0.8983739837,0.910501355,3783.745935,5147.5,7128,0.01016260163,0.2825203252
43,0.2,rank_static,337,3618,rank,37112,67,552,492,0.9039855072,0.8922764228,0.8970189702,3618,3618,3618,0,0
43,0.2,rank_expanding,337,3609,rank,37112,67,552,492,0.9039855072,0.8922764228,0.8970189702,3609,3609,3609,0,0
43,0.2,rank_rolling,337,4595,rank,1000,2,552,492,0.9221014493,0.912601626,0.9173441734,4595,4595,4595,0,0
43,0.2,margin_static,338,13.85771561,score_margin,37664,68,496,457,0.7943548387,0.8030634573,0.8118161926,2421.354486,201,7128,0.04814004376,0.1925601751
43,0.2,margin_rolling,338,19.16379309,score_margin,1000,2,496,457,0.9112903226,0.9190371991,0.9281546317,4059.730853,6460,7128,0.01094091904,0.3304157549
43,0.2,rank_static,338,3618,rank,37664,68,496,457,0.9072580645,0.8993435449,0.9044493071,3618,3618,3618,0,0
43,0.2,rank_expanding,338,3602,rank,37664,68,496,457,0.9072580645,0.8993435449,0.9044493071,3602,3602,3602,0,0
43,0.2,rank_rolling,338,4159,rank,1000,2,496,457,0.9173387097,0.9102844639,0.9153902261,4159,4159,4159,0,0
43,0.2,margin_static,339,13.85771561,score_margin,38160,69,328,297,0.7835365854,0.8047138047,0.815375982,1850.090909,153,7128,0.07744107744,0.1043771044
43,0.2,margin_rolling,339,18.1806469,score_margin,1000,2,328,297,0.881097561,0.8855218855,0.8930976431,3472.498316,2125,7128,0.0303030303,0.2154882155
43,0.2,rank_static,339,3618,rank,38160,69,328,297,0.9024390244,0.898989899,0.9046015713,3618,3618,3618,0,0
43,0.2,rank_expanding,339,3594,rank,38160,69,328,297,0.9024390244,0.898989899,0.9046015713,3594,3594,3594,0,0
43,0.2,rank_rolling,339,3515,rank,1000,2,328,297,0.9024390244,0.898989899,0.9046015713,3515,3515,3515,0,0
43,0.2,margin_static,340,13.85771561,score_margin,38488,70,328,303,0.7896341463,0.8052805281,0.8184818482,2451.778878,202,7128,0.0297029703,0.1782178218
43,0.2,margin_rolling,340,18.92094135,score_margin,1000,3,328,303,0.9237804878,0.9273927393,0.9372937294,4023.752475,5931,7128,0.01650165017,0.3333333333
43,0.2,rank_static,340,3618,rank,38488,70,328,303,0.9054878049,0.897689769,0.897689769,3618,3618,3618,0,0
43,0.2,rank_expanding,340,3594,rank,38488,70,328,303,0.9024390244,0.8943894389,0.896039604,3594,3594,3594,0,0
43,0.2,rank_rolling,340,3515,rank,1000,3,328,303,0.9024390244,0.8943894389,0.896039604,3515,3515,3515,0,0
43,0.2,margin_static,341,13.85771561,score_margin,38816,71,576,519,0.8020833333,0.816955684,0.8317919075,2439.82659,237,7128,0.04431599229,0.1637764933
43,0.2,margin_rolling,341,18.34889746,score_margin,1000,3,576,519,0.8940972222,0.9036608863,0.9143224149,3751.040462,4442,7128,0.02119460501,0.2832369942
43,0.2,rank_static,341,3618,rank,38816,71,576,519,0.8888888889,0.8766859345,0.883044316,3618,3618,3618,0,0
43,0.2,rank_expanding,341,3593,rank,38816,71,576,519,0.8854166667,0.8728323699,0.8791907514,3593,3593,3593,0,0
43,0.2,rank_rolling,341,3515,rank,1000,3,576,519,0.8802083333,0.8670520231,0.8734104046,3515,3515,3515,0,0
43,0.2,margin_static,342,13.85771561,score_margin,39392,72,636,565,0.8018867925,0.8053097345,0.8235988201,2557.458407,245,7128,0.04778761062,0.217699115
43,0.2,margin_rolling,342,18.24482489,score_margin,1000,3,636,565,0.893081761,0.8920353982,0.9061946903,3788.162832,5160,7128,0.01592920354,0.3061946903
43,0.2,rank_static,342,3618,rank,39392,72,636,565,0.9308176101,0.9221238938,0.9238938053,3618,3618,3618,0,0
43,0.2,rank_expanding,342,3608,rank,39392,72,636,565,0.9308176101,0.9221238938,0.9238938053,3608,3608,3608,0,0
43,0.2,rank_rolling,342,3882,rank,1000,3,636,565,0.9402515723,0.9327433628,0.9345132743,3882,3882,3882,0,0
43,0.2,margin_static,343,13.85771561,score_margin,40028,73,642,567,0.761682243,0.7566137566,0.7748971193,2635.756614,345,7128,0.04761904762,0.1992945326
43,0.2,margin_rolling,343,19.53162766,score_margin,1000,2,642,567,0.8909657321,0.8906525573,0.9042328042,4471.560847,6953,7128,0.01587301587,0.3439153439
43,0.2,rank_static,343,3618,rank,40028,73,642,567,0.8722741433,0.8571428571,0.8628747795,3618,3618,3618,0,0
43,0.2,rank_expanding,343,3584,rank,40028,73,642,567,0.8707165109,0.8553791887,0.8625220459,3584,3584,3584,0,0
43,0.2,rank_rolling,343,3155,rank,1000,2,642,567,0.8582554517,0.8412698413,0.8504703116,3155,3155,3155,0,0
43,0.2,margin_static,344,13.85771561,score_margin,40670,74,650,582,0.7830769231,0.7800687285,0.8004009164,2556.463918,180,7128,0.03608247423,0.1890034364
43,0.2,margin_rolling,344,19.94075537,score_margin,1000,2,650,582,0.8923076923,0.8848797251,0.901489118,4300.998282,6862.5,7128,0.008591065292,0.3608247423
43,0.2,rank_static,344,3618,rank,40670,74,650,582,0.9015384615,0.8934707904,0.8946162658,3618,3618,3618,0,0
43,0.2,rank_expanding,344,3602,rank,40670,74,650,582,0.9015384615,0.8934707904,0.8946162658,3602,3602,3602,0,0
43,0.2,rank_rolling,344,3755,rank,1000,2,650,582,0.9030769231,0.8951890034,0.8963344788,3755,3755,3755,0,0
43,0.2,margin_static,345,13.85771561,score_margin,41320,75,586,501,0.8293515358,0.8143712575,0.8349966733,2740.89022,277,7128,0.03592814371,0.2095808383
43,0.2,margin_rolling,345,20.74673474,score_margin,1000,2,586,501,0.9163822526,0.9081836327,0.9174983367,4418.243513,7050,7128,0.007984031936,0.4051896208
43,0.2,rank_static,345,3618,rank,41320,75,586,501,0.8976109215,0.880239521,0.8845642049,3618,3618,3618,0,0
43,0.2,rank_expanding,345,3602,rank,41320,75,586,501,0.8976109215,0.880239521,0.8845642049,3602,3602,3602,0,0
43,0.2,rank_rolling,345,4111,rank,1000,2,586,501,0.909556314,0.8942115768,0.8985362608,4111,4111,4111,0,0
43,0.2,margin_static,346,13.85771561,score_margin,41906,76,224,197,0.7901785714,0.7868020305,0.8181049069,1801.725888,93,7128,0.04568527919,0.1370558376
43,0.2,margin_rolling,346,19.63261223,score_margin,1000,2,224,197,0.9017857143,0.8984771574,0.9162436548,3265.807107,1128,7128,0.005076142132,0.2538071066
43,0.2,rank_static,346,3618,rank,41906,76,224,197,0.9285714286,0.9187817259,0.921319797,3618,3618,3618,0,0
43,0.2,rank_expanding,346,3607,rank,41906,76,224,197,0.9285714286,0.9187817259,0.921319797,3607,3607,3607,0,0
43,0.2,rank_rolling,346,3876,rank,1000,2,224,197,0.9330357143,0.923857868,0.923857868,3876,3876,3876,0,0
43,0.2,margin_static,347,13.85771561,score_margin,42130,77,306,277,0.8071895425,0.8122743682,0.8243080626,1928.815884,77,7128,0.03249097473,0.1407942238
43,0.2,margin_rolling,347,19.00510043,score_margin,1000,3,306,277,0.8986928105,0.9061371841,0.9145607702,3183.776173,861,7128,0.007220216606,0.2671480144
43,0.2,rank_static,347,3618,rank,42130,77,306,277,0.9248366013,0.916967509,0.9193742479,3618,3618,3618,0,0
43,0.2,rank_expanding,347,3593,rank,42130,77,306,277,0.9248366013,0.916967509,0.9193742479,3593,3593,3593,0,0
43,0.2,rank_rolling,347,3749,rank,1000,3,306,277,0.9281045752,0.9205776173,0.9229843562,3749,3749,3749,0,0
43,0.2,margin_static,348,13.85771561,score_margin,42436,78,714,610,0.8067226891,0.8,0.818442623,2299.645902,134,7128,0.04426229508,0.168852459
43,0.2,margin_rolling,348,19.2903738,score_margin,1000,3,714,610,0.9005602241,0.893442623,0.9106557377,3679.531148,4207.5,7128,0.01639344262,0.3081967213
43,0.2,rank_static,348,3618,rank,42436,78,714,610,0.9145658263,0.9,0.9008196721,3618,3618,3618,0,0
43,0.2,rank_expanding,348,3586,rank,42436,78,714,610,0.9131652661,0.8983606557,0.8991803279,3586,3586,3586,0,0
43,0.2,rank_rolling,348,3466,rank,1000,3,714,610,0.9103641457,0.8950819672,0.8959016393,3466,3466,3466,0,0
43,0.2,margin_static,349,13.85771561,score_margin,43150,79,600,545,0.7516666667,0.7541284404,0.7721712538,2224.302752,118,7128,0.03853211009,0.176146789
43,0.2,margin_rolling,349,19.39138412,score_margin,1000,2,600,545,0.865,0.8623853211,0.8764525994,3550.078899,2370,7128,0.003669724771,0.3064220183
43,0.2,rank_static,349,3618,rank,43150,79,600,545,0.885,0.8733944954,0.8782874618,3618,3618,3618,0,0
43,0.2,rank_expanding,349,3582,rank,43150,79,600,545,0.8833333333,0.871559633,0.8764525994,3582,3582,3582,0,0
43,0.2,rank_rolling,349,3078,rank,1000,2,600,545,0.8666666667,0.8532110092,0.8611620795,3078,3078,3078,0,0
43,0.2,margin_static,350,13.85771561,score_margin,43750,80,656,560,0.7240853659,0.7125,0.7443452381,1950.432143,101,7128,0.05714285714,0.1339285714
43,0.2,margin_rolling,350,21.21018982,score_margin,1000,2,656,560,0.9100609756,0.9017857143,0.9176785714,3756.048214,4602,7128,0.0125,0.3178571429
43,0.2,rank_static,350,3618,rank,43750,80,656,560,0.9070121951,0.8946428571,0.9014880952,3618,3618,3618,0,0
43,0.2,rank_expanding,350,3586,rank,43750,80,656,560,0.9070121951,0.8946428571,0.9014880952,3586,3586,3586,0,0
43,0.2,rank_rolling,350,3851,rank,1000,2,656,560,0.9085365854,0.8964285714,0.9032738095,3851,3851,3851,0,0
43,0.2,margin_static,351,13.85771561,score_margin,44406,81,522,476,0.7509578544,0.75,0.7720588235,1914.081933,95,7128,0.06932773109,0.1722689076
43,0.2,margin_rolling,351,20.98788834,score_margin,1000,2,522,476,0.8793103448,0.8823529412,0.9012605042,3687.344538,4210,7128,0.01890756303,0.2857142857
43,0.2,rank_static,351,3618,rank,44406,81,522,476,0.8544061303,0.8403361345,0.8466386555,3618,3618,3618,0,0
43,0.2,rank_expanding,351,3584,rank,44406,81,522,476,0.8524904215,0.8382352941,0.8445378151,3584,3584,3584,0,0
43,0.2,rank_rolling,351,3895,rank,1000,2,522,476,0.867816092,0.8550420168,0.8613445378,3895,3895,3895,0,0
43,0.2,margin_static,352,13.85771561,score_margin,44928,82,462,415,0.7121212121,0.7180722892,0.7364457831,1930.73012,116,7128,0.07228915663,0.1421686747
43,0.2,margin_rolling,352,21.70612931,score_margin,1000,2,462,415,0.9090909091,0.9108433735,0.9314257028,4072.855422,6179,7128,0.01204819277,0.3084337349
43,0.2,rank_static,352,3618,rank,44928,82,462,415,0.9047619048,0.8963855422,0.9068273092,3618,3618,3618,0,0
43,0.2,rank_expanding,352,3612,rank,44928,82,462,415,0.9004329004,0.8915662651,0.9020080321,3612,3612,3612,0,0
43,0.2,rank_rolling,352,4227,rank,1000,2,462,415,0.9155844156,0.9084337349,0.9176706827,4227,4227,4227,0,0
43,0.2,margin_static,353,13.85771561,score_margin,45390,83,242,226,0.7190082645,0.7256637168,0.7367256637,1745,115.5,7128,0.08849557522,0.1238938053
43,0.2,margin_rolling,353,22.08429718,score_margin,1000,3,242,226,0.8842975207,0.8849557522,0.9004424779,3875.553097,6009.5,7128,0.008849557522,0.314159292
43,0.2,rank_static,353,3618,rank,45390,83,242,226,0.8760330579,0.8672566372,0.8761061947,3618,3618,3618,0,0
43,0.2,rank_expanding,353,3611,rank,45390,83,242,226,0.8719008264,0.8628318584,0.8738938053,3611,3611,3611,0,0
43,0.2,rank_rolling,353,4214,rank,1000,3,242,226,0.8842975207,0.8761061947,0.8827433628,4214,4214,4214,0,0
43,0.2,margin_static,354,13.85771561,score_margin,45632,84,238,227,0.7142857143,0.7092511013,0.721732746,2156.215859,132,7128,0.05286343612,0.1629955947
43,0.2,margin_rolling,354,22.10802105,score_margin,1000,3,238,227,0.9117647059,0.9074889868,0.9126284875,4212.088106,6466,7128,0.01321585903,0.3832599119
43,0.2,rank_static,354,3618,rank,45632,84,238,227,0.8739495798,0.8678414097,0.8678414097,3618,3618,3618,0,0
43,0.2,rank_expanding,354,3614,rank,45632,84,238,227,0.8739495798,0.8678414097,0.8678414097,3614,3614,3614,0,0
43,0.2,rank_rolling,354,4176,rank,1000,3,238,227,0.8949579832,0.8898678414,0.8898678414,4176,4176,4176,0,0
43,0.2,margin_static,355,13.85771561,score_margin,45870,85,578,506,0.6989619377,0.7173913043,0.739036326,2254.786561,127,7128,0.06719367589,0.1818181818
43,0.2,margin_rolling,355,22.21568298,score_margin,1000,4,578,506,0.8979238754,0.9090909091,0.9237718803,4488.644269,6993,7128,0.00790513834,0.3992094862
43,0.2,rank_static,355,3618,rank,45870,85,578,506,0.8633217993,0.8537549407,0.8666948993,3618,3618,3618,0,0
43,0.2,rank_expanding,355,3617,rank,45870,85,578,506,0.8633217993,0.8537549407,0.8666948993,3617,3617,3617,0,0
43,0.2,rank_rolling,355,4136,rank,1000,4,578,506,0.8806228374,0.8695652174,0.8791172596,4136,4136,4136,0,0
43,0.2,margin_static,356,13.85771561,score_margin,46448,86,548,483,0.7354014599,0.7391304348,0.7567287785,2211.00207,113,7128,0.06004140787,0.1635610766
43,0.2,margin_rolling,356,22.32987309,score_margin,1000,3,548,483,0.9051094891,0.9068322981,0.9140786749,4254.772257,6729,7128,0.004140786749,0.3850931677
43,0.2,rank_static,356,3618,rank,46448,86,548,483,0.8740875912,0.8716356108,0.8788819876,3618,3618,3618,0,0
43,0.2,rank_expanding,356,3633,rank,46448,86,548,483,0.8740875912,0.8716356108,0.8788819876,3633,3633,3633,0,0
43,0.2,rank_rolling,356,4866,rank,1000,3,548,483,0.9051094891,0.8964803313,0.9051069703,4866,4866,4866,0,0
43,0.2,margin_static,357,13.85771561,score_margin,46996,87,406,363,0.7512315271,0.7575757576,0.7724977043,1509.278237,92,7126.8,0.06611570248,0.09366391185
43,0.2,margin_rolling,357,22.09435463,score_margin,1000,2,406,363,0.9261083744,0.9201101928,0.9357208448,3894.14876,5235,7128,0.01377410468,0.258953168
43,0.2,rank_static,357,3618,rank,46996,87,406,363,0.9187192118,0.9173553719,0.9251606979,3618,3618,3618,0,0
43,0.2,rank_expanding,357,3641,rank,46996,87,406,363,0.9187192118,0.9173553719,0.9251606979,3641,3641,3641,0,0
43,0.2,rank_rolling,357,4934,rank,1000,2,406,363,0.9261083744,0.9256198347,0.9297520661,4934,4934,4934,0,0
43,0.2,margin_static,358,13.85771561,score_margin,47402,88,300,276,0.76,0.7608695652,0.7814009662,1541.521739,64.5,7128,0.05434782609,0.1376811594
43,0.2,margin_rolling,358,21.28653908,score_margin,1000,3,300,276,0.9166666667,0.9094202899,0.9245169082,3438.036232,1838,7128,0.01449275362,0.2391304348
43,0.2,rank_static,358,3618,rank,47402,88,300,276,0.92,0.9130434783,0.9148550725,3618,3618,3618,0,0
43,0.2,rank_expanding,358,3636,rank,47402,88,300,276,0.92,0.9130434783,0.9148550725,3636,3636,3636,0,0
43,0.2,rank_rolling,358,4165,rank,1000,3,300,276,0.93,0.9239130435,0.9257246377,4165,4165,4165,0,0
43,0.2,margin_static,359,13.85771561,score_margin,47702,89,330,312,0.8090909091,0.8108974359,0.8194444444,2550.916667,252.5,7128,0.04166666667,0.2051282051
43,0.2,margin_rolling,359,20.96767092,score_margin,1000,3,330,312,0.9454545455,0.9455128205,0.952457265,4483.682692,7083,7128,0.00641025641,0.3846153846
43,0.2,rank_static,359,3618,rank,47702,89,330,312,0.9242424242,0.9198717949,0.9198717949,3618,3618,3618,0,0
43,0.2,rank_expanding,359,3633,rank,47702,89,330,312,0.9242424242,0.9198717949,0.9198717949,3633,3633,3633,0,0
43,0.2,rank_rolling,359,3556,rank,1000,3,330,312,0.9242424242,0.9198717949,0.9198717949,3556,3556,3556,0,0
43,0.2,margin_static,360,13.85771561,score_margin,48032,90,228,214,0.7587719298,0.7570093458,0.7757009346,1768.280374,67,7128,0.07476635514,0.1308411215
43,0.2,margin_rolling,360,20.23367691,score_margin,1000,3,228,214,0.8815789474,0.8831775701,0.8925233645,3237.186916,1290,7128,0.009345794393,0.2757009346
43,0.2,rank_static,360,3618,rank,48032,90,228,214,0.9429824561,0.9392523364,0.9392523364,3618,3618,3618,0,0
43,0.2,rank_expanding,360,3628,rank,48032,90,228,214,0.9429824561,0.9392523364,0.9392523364,3628,3628,3628,0,0
43,0.2,rank_rolling,360,3033,rank,1000,3,228,214,0.9385964912,0.9345794393,0.9345794393,3033,3033,3033,0,0
43,0.2,margin_static,361,13.85771561,score_margin,48260,91,246,226,0.7682926829,0.7566371681,0.7772861357,1667.632743,41,7128,0.07522123894,0.1283185841
43,0.2,margin_rolling,361,20.69908166,score_margin,1000,4,246,226,0.8902439024,0.8849557522,0.8923303835,3160.39823,818,7128,0.03982300885,0.2477876106
43,0.2,rank_static,361,3618,rank,48260,91,246,226,0.9024390244,0.8938053097,0.8982300885,3618,3618,3618,0,0
43,0.2,rank_expanding,361,3620,rank,48260,91,246,226,0.9024390244,0.8938053097,0.8982300885,3620,3620,3620,0,0
43,0.2,rank_rolling,361,2588,rank,1000,4,246,226,0.8780487805,0.8672566372,0.8716814159,2588,2588,2588,0,0
43,0.2,margin_static,362,13.85771561,score_margin,48506,92,620,530,0.7693548387,0.8,0.8259838275,1656.681132,74.5,7128,0.05849056604,0.1339622642
43,0.2,margin_rolling,362,20.35088587,score_margin,1000,4,620,530,0.8774193548,0.8943396226,0.9209663866,3384.030189,1738,7128,0.01509433962,0.2377358491
43,0.2,rank_static,362,3618,rank,48506,92,620,530,0.9258064516,0.9150943396,0.9179245283,3618,3618,3618,0,0
43,0.2,rank_expanding,362,3620,rank,48506,92,620,530,0.9258064516,0.9150943396,0.9179245283,3620,3620,3620,0,0
43,0.2,rank_rolling,362,2691,rank,1000,4,620,530,0.8919354839,0.8754716981,0.8811320755,2691,2691,2691,0,0
43,0.2,margin_static,363,13.85771561,score_margin,49126,93,386,353,0.810880829,0.8101983003,0.8295561851,1743.436261,69,7128,0.09065155807,0.1388101983
43,0.2,margin_rolling,363,21.48827744,score_margin,1000,3,386,353,0.9041450777,0.9093484419,0.9237488196,3514.512748,2271,7128,0.02266288952,0.2776203966
43,0.2,rank_static,363,3618,rank,49126,93,386,353,0.9015544041,0.895184136,0.9008498584,3618,3618,3618,0,0
43,0.2,rank_expanding,363,3612,rank,49126,93,386,353,0.9015544041,0.895184136,0.9008498584,3612,3612,3612,0,0
43,0.2,rank_rolling,363,2824,rank,1000,3,386,353,0.8808290155,0.8725212465,0.8781869688,2824,2824,2824,0,0
43,0.2,margin_static,364,13.85771561,score_margin,49512,94,354,329,0.7344632768,0.7325227964,0.7492401216,1633.486322,59,7128,0.103343465,0.1428571429
43,0.2,margin_rolling,364,21.57303619,score_margin,1000,2,354,329,0.8728813559,0.8753799392,0.8850050659,3534.629179,1975,7128,0.02431610942,0.2522796353
43,0.2,rank_static,364,3618,rank,49512,94,354,329,0.895480226,0.8875379939,0.8890577508,3618,3618,3618,0,0
43,0.2,rank_expanding,364,3612,rank,49512,94,354,329,0.895480226,0.8875379939,0.8890577508,3612,3612,3612,0,0
43,0.2,rank_rolling,364,3190,rank,1000,2,354,329,0.8898305085,0.8814589666,0.8844984802,3190,3190,3190,0,0
43,0.3,margin_static,292,13.70929861,score_margin,11270,22,730,658,0.8753424658,0.8844984802,0.8973150963,3660.831307,4722.5,7128,0.007598784195,0.3161094225
43,0.3,margin_rolling,292,14.21214437,score_margin,1000,3,730,658,0.8835616438,0.8920972644,0.9044072948,3808.958967,5490.5,7128,0.004559270517,0.3480243161
43,0.3,rank_static,292,3755,rank,11270,22,730,658,0.8794520548,0.8784194529,0.884751773,3755,3755,3755,0,0
43,0.3,rank_expanding,292,3755,rank,11270,22,730,658,0.8794520548,0.8784194529,0.884751773,3755,3755,3755,0,0
43,0.3,rank_rolling,292,3231,rank,1000,3,730,658,0.8616438356,0.8632218845,0.8687943262,3231,3231,3231,0,0
43,0.3,margin_static,293,13.70929861,score_margin,12000,23,658,581,0.8905775076,0.8950086059,0.9127940333,3906.561102,5631,7128,0.008605851979,0.3407917384
43,0.3,margin_rolling,293,14.5901382,score_margin,1000,2,658,581,0.9164133739,0.9191049914,0.9323006311,4221.812392,6566,7128,0.006884681583,0.3820998279
43,0.3,rank_static,293,3755,rank,12000,23,658,581,0.8905775076,0.8829604131,0.8904188181,3755,3755,3755,0,0
43,0.3,rank_expanding,293,3790,rank,12000,23,658,581,0.8936170213,0.8864027539,0.8938611589,3790,3790,3790,0,0
43,0.3,rank_rolling,293,3863,rank,1000,2,658,581,0.8951367781,0.8881239243,0.8955823293,3863,3863,3863,0,0
43,0.3,margin_static,294,13.70929861,score_margin,12658,24,618,538,0.857605178,0.8513011152,0.8786864932,3711.637546,4784,7128,0.01672862454,0.3457249071
43,0.3,margin_rolling,294,14.65557194,score_margin,1000,2,618,538,0.8932038835,0.8847583643,0.907094176,4001.890335,6508.5,7128,0.01301115242,0.3717472119
43,0.3,rank_static,294,3755,rank,12658,24,618,538,0.8624595469,0.843866171,0.8519206939,3755,3755,3755,0,0
43,0.3,rank_expanding,294,3808,rank,12658,24,618,538,0.8656957929,0.8475836431,0.855638166,3808,3808,3808,0,0
43,0.3,rank_rolling,294,4063,rank,1000,2,618,538,0.8770226537,0.8605947955,0.8661710037,4063,4063,4063,0,0
43,0.3,margin_static,295,13.70929861,score_margin,13276,25,666,578,0.8783783784,0.8806228374,0.9003171857,3658.115917,4289,7128,0.006920415225,0.3148788927
43,0.3,margin_rolling,295,14.71495485,score_margin,1000,2,666,578,0.9024024024,0.9048442907,0.9231545559,4011.859862,6102.5,7128,0.005190311419,0.3477508651
43,0.3,rank_static,295,3755,rank,13276,25,666,578,0.9114114114,0.8979238754,0.9016724337,3755,3755,3755,0,0
43,0.3,rank_expanding,295,3863,rank,13276,25,666,578,0.9129129129,0.8996539792,0.9022491349,3863,3863,3863,0,0
43,0.3,rank_rolling,295,4824,rank,1000,2,666,578,0.9294294294,0.9186851211,0.9204152249,4824,4824,4824,0,0
43,0.3,margin_static,296,13.70929861,score_margin,13942,26,516,466,0.8468992248,0.8497854077,0.862732475,3580.946352,2614,7128,0.00643776824,0.339055794
43,0.3,margin_rolling,296,14.75432301,score_margin,1000,2,516,466,0.8643410853,0.8690987124,0.8809728183,3956.38412,5940.5,7128,0.002145922747,0.3605150215
43,0.3,rank_static,296,3755,rank,13942,26,516,466,0.9089147287,0.8991416309,0.9016452074,3755,3755,3755,0,0
43,0.3,rank_expanding,296,3825,rank,13942,26,516,466,0.9108527132,0.9012875536,0.902360515,3825,3825,3825,0,0
43,0.3,rank_rolling,296,3712,rank,1000,2,516,466,0.9089147287,0.8991416309,0.9016452074,3712,3712,3712,0,0
43,0.3,margin_static,297,13.70929861,score_margin,14458,27,292,254,0.8150684932,0.8346456693,0.8562335958,3167.870079,932.5,7128,0.01181102362,0.2874015748
43,0.3,margin_rolling,297,15.17496669,score_margin,1000,2,292,254,0.8424657534,0.8582677165,0.879855643,3563.826772,2061,7128,0.003937007874,0.3031496063
43,0.3,rank_static,297,3755,rank,14458,27,292,254,0.8732876712,0.8582677165,0.8720472441,3755,3755,3755,0,0
43,0.3,rank_expanding,297,3820,rank,14458,27,292,254,0.8732876712,0.8582677165,0.8720472441,3820,3820,3820,0,0
43,0.3,rank_rolling,297,3541,rank,1000,2,292,254,0.8630136986,0.8464566929,0.8622047244,3541,3541,3541,0,0
43,0.3,margin_static,298,13.70929861,score_margin,14750,28,252,224,0.8452380952,0.8526785714,0.865327381,3163.379464,822.5,7128,0.008928571429,0.3080357143
43,0.3,margin_rolling,298,16.42684251,score_margin,1000,3,252,224,0.9007936508,0.9017857143,0.920014881,4053.870536,6375,7128,0,0.3839285714
43,0.3,rank_static,298,3755,rank,14750,28,252,224,0.8650793651,0.8482142857,0.861235119,3755,3755,3755,0,0
43,0.3,rank_expanding,298,3835,rank,14750,28,252,224,0.869047619,0.8526785714,0.8656994048,3835,3835,3835,0,0
43,0.3,rank_rolling,298,3927,rank,1000,3,252,224,0.876984127,0.8616071429,0.8746279762,3927,3927,3927,0,0
43,0.3,margin_static,299,13.70929861,score_margin,15002,29,702,615,0.858974359,0.8682926829,0.8882384824,3364.95122,1519,7128,0.0162601626,0.2601626016
43,0.3,margin_rolling,299,16.42168427,score_margin,1000,3,702,615,0.905982906,0.912195122,0.9266666667,4284.471545,6893,7128,0.00325203252,0.3788617886
43,0.3,rank_static,299,3755,rank,15002,29,702,615,0.9173789174,0.9056910569,0.906504065,3755,3755,3755,0,0
43,0.3,rank_expanding,299,3863,rank,15002,29,702,615,0.9173789174,0.9056910569,0.906504065,3863,3863,3863,0,0
43,0.3,rank_rolling,299,4212,rank,1000,3,702,615,0.9216524217,0.9105691057,0.9113821138,4212,4212,4212,0,0
43,0.3,margin_static,300,13.70929861,score_margin,15704,30,664,573,0.8478915663,0.8446771379,0.874054683,3711.102967,4779,7128,0.01396160558,0.3246073298
43,0.3,margin_rolling,300,16.40343499,score_margin,1000,3,664,573,0.9156626506,0.907504363,0.9335854179,4517.944154,7116,7128,0,0.4397905759
43,0.3,rank_static,300,3755,rank,15704,30,664,573,0.8825301205,0.8673647469,0.8757998837,3755,3755,3755,0,0
43,0.3,rank_expanding,300,3824,rank,15704,30,664,573,0.8840361446,0.8691099476,0.876672484,3824,3824,3824,0,0
43,0.3,rank_rolling,300,3856,rank,1000,3,664,573,0.8855421687,0.8708551483,0.8784176847,3856,3856,3856,0,0
43,0.3,margin_static,301,13.70929861,score_margin,16368,31,616,552,0.8847402597,0.8913043478,0.9079710145,3936.818841,5822,7128,0.007246376812,0.347826087
43,0.3,margin_rolling,301,15.97094345,score_margin,1000,2,616,552,0.9269480519,0.9275362319,0.9382246377,4596.016304,7115.5,7128,0,0.4456521739
43,0.3,rank_static,301,3755,rank,16368,31,616,552,0.8636363636,0.8496376812,0.8604468599,3755,3755,3755,0,0
43,0.3,rank_expanding,301,3856,rank,16368,31,616,552,0.8717532468,0.8586956522,0.8680555556,3856,3856,3856,0,0
43,0.3,rank_rolling,301,4028,rank,1000,2,616,552,0.8798701299,0.8677536232,0.8740942029,4028,4028,4028,0,0
43,0.3,margin_static,302,13.70929861,score_margin,16984,32,570,490,0.8368421053,0.8346938776,0.8518950437,3374.869388,1482,7128,0.02448979592,0.2897959184
43,0.3,margin_rolling,302,15.1570015,score_margin,1000,2,570,490,0.8701754386,0.8653061224,0.8823372206,3821.75102,5345,7128,0.008163265306,0.3448979592
43,0.3,rank_static,302,3755,rank,16984,32,570,490,0.8912280702,0.8775510204,0.8816326531,3755,3755,3755,0,0
43,0.3,rank_expanding,302,3885,rank,16984,32,570,490,0.8947368421,0.8816326531,0.8857142857,3885,3885,3885,0,0
43,0.3,rank_rolling,302,4646,rank,1000,2,570,490,0.9175438596,0.9081632653,0.9112244898,4646,4646,4646,0,0
43,0.3,margin_static,303,13.70929861,score_margin,17554,33,542,485,0.8597785978,0.8556701031,0.8698969072,3545.564948,2282,7128,0.01030927835,0.3154639175
43,0.3,margin_rolling,303,15.72744656,score_margin,1000,2,542,485,0.9040590406,0.8969072165,0.9087972509,4190.579381,6586,7128,0.00206185567,0.3835051546
43,0.3,rank_static,303,3755,rank,17554,33,542,485,0.8782287823,0.8639175258,0.8670103093,3755,3755,3755,0,0
43,0.3,rank_expanding,303,3891,rank,17554,33,542,485,0.8800738007,0.8659793814,0.8690721649,3891,3891,3891,0,0
43,0.3,rank_rolling,303,4385,rank,1000,2,542,485,0.905904059,0.8948453608,0.8969072165,4385,4385,4385,0,0
43,0.3,margin_static,304,13.70929861,score_margin,18096,34,328,281,0.8292682927,0.8327402135,0.8695136418,3259.327402,995,7128,0.01423487544,0.28113879
43,0.3,margin_rolling,304,15.66194421,score_margin,1000,2,328,281,0.875,0.8647686833,0.9021352313,3800.302491,5669,7128,0.003558718861,0.3487544484
43,0.3,rank_static,304,3755,rank,18096,34,328,281,0.9329268293,0.9359430605,0.9359430605,3755,3755,3755,0,0
43,0.3,rank_expanding,304,3911,rank,18096,34,328,281,0.9329268293,0.9359430605,0.9359430605,3911,3911,3911,0,0
43,0.3,rank_rolling,304,4259,rank,1000,2,328,281,0.9329268293,0.9359430605,0.9359430605,4259,4259,4259,0,0
43,0.3,margin_static,305,13.70929861,score_margin,18424,35,328,295,0.8536585366,0.8542372881,0.8739548023,3035.067797,857,7128,0.01355932203,0.2406779661
43,0.3,margin_rolling,305,16.60009098,score_margin,1000,3,328,295,0.9207317073,0.9220338983,0.9352542373,4036.674576,6214,7128,0.003389830508,0.3355932203
43,0.3,rank_static,305,3755,rank,18424,35,328,295,0.9329268293,0.9254237288,0.9254237288,3755,3755,3755,0,0
43,0.3,rank_expanding,305,3891,rank,18424,35,328,295,0.9329268293,0.9254237288,0.9254237288,3891,3891,3891,0,0
43,0.3,rank_rolling,305,3697,rank,1000,3,328,295,0.9329268293,0.9254237288,0.9254237288,3697,3697,3697,0,0
43,0.3,margin_static,306,13.70929861,score_margin,18752,36,582,513,0.8487972509,0.8635477583,0.8842105263,3406.561404,2100,7128,0.01949317739,0.2962962963
43,0.3,margin_rolling,306,16.56313515,score_margin,1000,3,582,513,0.910652921,0.918128655,0.9343079922,4267.231969,7046,7128,0.001949317739,0.4132553606
43,0.3,rank_static,306,3755,rank,18752,36,582,513,0.9072164948,0.8966861598,0.8976608187,3755,3755,3755,0,0
43,0.3,rank_expanding,306,3878,rank,18752,36,582,513,0.9089347079,0.8986354776,0.8996101365,3878,3878,3878,0,0
43,0.3,rank_rolling,306,3209,rank,1000,3,582,513,0.8969072165,0.8849902534,0.8869395712,3209,3209,3209,0,0
43,0.3,margin_static,307,13.70929861,score_margin,19334,37,588,510,0.8265306122,0.8431372549,0.8650653595,3574.462745,2835.5,7128,0.02352941176,0.2901960784
43,0.3,margin_rolling,307,15.86862183,score_margin,1000,3,588,510,0.887755102,0.9019607843,0.9172875817,4345.22549,6889,7128,0.003921568627,0.3803921569
43,0.3,rank_static,307,3755,rank,19334,37,588,510,0.8792517007,0.862745098,0.868496732,3755,3755,3755,0,0
43,0.3,rank_expanding,307,3866,rank,19334,37,588,510,0.8843537415,0.8666666667,0.8728104575,3866,3866,3866,0,0
43,0.3,rank_rolling,307,2982,rank,1000,3,588,510,0.862244898,0.8431372549,0.849869281,2982,2982,2982,0,0
43,0.3,margin_static,308,13.70929861,score_margin,19922,38,562,497,0.8380782918,0.8410462777,0.8621251317,3528.291751,2309,7128,0.02012072435,0.3299798793
43,0.3,margin_rolling,308,16.33783007,score_margin,1000,2,562,497,0.884341637,0.8832997988,0.9013318003,4293.784708,7006,7128,0.008048289738,0.4285714286
43,0.3,rank_static,308,3755,rank,19922,38,562,497,0.871886121,0.8591549296,0.866130114,3755,3755,3755,0,0
43,0.3,rank_expanding,308,3882,rank,19922,38,562,497,0.8790035587,0.8672032193,0.8715627096,3882,3882,3882,0,0
43,0.3,rank_rolling,308,4074,rank,1000,2,562,497,0.8879003559,0.8772635815,0.8802816901,4074,4074,4074,0,0
43,0.3,margin_static,309,13.70929861,score_margin,20484,39,626,535,0.838658147,0.846728972,0.8714330218,3693.618692,4705,7128,0.01682242991,0.3214953271
43,0.3,margin_rolling,309,17.15601349,score_margin,1000,2,626,535,0.9121405751,0.9158878505,0.9314953271,4614.250467,7123,7128,0.001869158879,0.4579439252
43,0.3,rank_static,309,3755,rank,20484,39,626,535,0.8626198083,0.8448598131,0.8548286604,3755,3755,3755,0,0
43,0.3,rank_expanding,309,3898,rank,20484,39,626,535,0.8642172524,0.846728972,0.8566978193,3898,3898,3898,0,0
43,0.3,rank_rolling,309,4470,rank,1000,2,626,535,0.8801916933,0.8654205607,0.8710280374,4470,4470,4470,0,0
43,0.3,margin_static,310,13.70929861,score_margin,21110,40,620,527,0.8887096774,0.8747628083,0.9111638204,3051.540797,953,7128,0.01328273245,0.2409867173
43,0.3,margin_rolling,310,16.7119365,score_margin,1000,2,620,527,0.9467741935,0.9411764706,0.9592979127,4090.56926,6443,7128,0,0.3453510436
43,0.3,rank_static,310,3755,rank,21110,40,620,527,0.9193548387,0.9070208729,0.9079696395,3755,3755,3755,0,0
43,0.3,rank_expanding,310,3938,rank,21110,40,620,527,0.9193548387,0.9070208729,0.9079696395,3938,3938,3938,0,0
43,0.3,rank_rolling,310,4850,rank,1000,2,620,527,0.9387096774,0.9297912713,0.930740038,4850,4850,4850,0,0
43,0.3,margin_static,311,13.70929861,score_margin,21730,41,438,366,0.8584474886,0.8360655738,0.877276867,2836.784153,484.5,7128,0.008196721311,0.218579235
43,0.3,margin_rolling,311,14.90232658,score_margin,1000,2,438,366,0.8904109589,0.8743169399,0.9093806922,3186.150273,1012.5,7128,0.008196721311,0.2486338798
43,0.3,rank_static,311,3755,rank,21730,41,438,366,0.9132420091,0.8961748634,0.9016393443,3755,3755,3755,0,0
43,0.3,rank_expanding,311,3917,rank,21730,41,438,366,0.9223744292,0.9071038251,0.912568306,3917,3917,3917,0,0
43,0.3,rank_rolling,311,3843,rank,1000,2,438,366,0.9200913242,0.9043715847,0.9098360656,3843,3843,3843,0,0
43,0.3,margin_static,312,13.70929861,score_margin,22168,42,460,368,0.8326086957,0.847826087,0.8787008282,2591.730978,455.5,7128,0.02717391304,0.2065217391
43,0.3,margin_rolling,312,14.43383503,score_margin,1000,2,460,368,0.8434782609,0.8586956522,0.8877587992,2871.831522,696,7128,0.01902173913,0.2282608696
43,0.3,rank_static,312,3755,rank,22168,42,460,368,0.9304347826,0.9130434783,0.922826087,3755,3755,3755,0,0
43,0.3,rank_expanding,312,3900,rank,22168,42,460,368,0.9304347826,0.9130434783,0.922826087,3900,3900,3900,0,0
43,0.3,rank_rolling,312,3105,rank,1000,2,460,368,0.9173913043,0.8967391304,0.9083333333,3105,3105,3105,0,0
43,0.3,margin_static,313,13.70929861,score_margin,22628,43,794,641,0.8438287154,0.8424336973,0.8756370255,2902.290172,475,7128,0.03276131045,0.248049922
43,0.3,margin_rolling,313,16.26181352,score_margin,1000,3,794,641,0.8942065491,0.8892355694,0.9172386895,3640.396256,2633,7128,0.004680187207,0.3213728549
43,0.3,rank_static,313,3755,rank,22628,43,794,641,0.9068010076,0.8861154446,0.8904836193,3755,3755,3755,0,0
43,0.3,rank_expanding,313,3882,rank,22628,43,794,641,0.9130982368,0.8939157566,0.8982839314,3882,3882,3882,0,0
43,0.3,rank_rolling,313,2937,rank,1000,3,794,641,0.8866498741,0.8611544462,0.8670826833,2937,2937,2937,0,0
43,0.3,margin_static,314,13.70929861,score_margin,23422,44,678,585,0.8495575221,0.8427350427,0.8656450956,2981.798291,663,7128,0.03076923077,0.2444444444
43,0.3,margin_rolling,314,17.47610986,score_margin,1000,2,678,585,0.9247787611,0.9230769231,0.9404029304,4084.724786,6777,7128,0.001709401709,0.3811965812
43,0.3,rank_static,314,3755,rank,23422,44,678,585,0.9218289086,0.9128205128,0.9150997151,3755,3755,3755,0,0
43,0.3,rank_expanding,314,3866,rank,23422,44,678,585,0.9247787611,0.9162393162,0.9185185185,3866,3866,3866,0,0
43,0.3,rank_rolling,314,3304,rank,1000,2,678,585,0.9115044248,0.9008547009,0.9031339031,3304,3304,3304,0,0
43,0.3,margin_static,315,13.70929861,score_margin,24100,45,774,660,0.8449612403,0.8378787879,0.8592424242,2941.309091,713,7128,0.0196969697,0.2015151515
43,0.3,margin_rolling,315,16.44863963,score_margin,1000,2,774,660,0.8953488372,0.8893939394,0.908989899,3879.884848,5599,7128,0.00303030303,0.3227272727
43,0.3,rank_static,315,3755,rank,24100,45,774,660,0.9198966408,0.9106060606,0.9143939394,3755,3755,3755,0,0
43,0.3,rank_expanding,315,3831,rank,24100,45,774,660,0.9211886305,0.9121212121,0.9151515152,3831,3831,3831,0,0
43,0.3,rank_rolling,315,3060,rank,1000,2,774,660,0.9031007752,0.8909090909,0.8977272727,3060,3060,3060,0,0
43,0.3,margin_static,316,13.70929861,score_margin,24874,46,758,622,0.8680738786,0.8536977492,0.8823687031,3234.808682,1597.5,7128,0.02250803859,0.2524115756
43,0.3,margin_rolling,316,16.78804111,score_margin,1000,2,758,622,0.9182058047,0.9083601286,0.927170418,4302.524116,6708.5,7128,0.001607717042,0.3633440514
43,0.3,rank_static,316,3755,rank,24874,46,758,622,0.9142480211,0.8954983923,0.8987138264,3755,3755,3755,0,0
43,0.3,rank_expanding,316,3813,rank,24874,46,758,622,0.919525066,0.9019292605,0.9051446945,3813,3813,3813,0,0
43,0.3,rank_rolling,316,2909,rank,1000,2,758,622,0.8852242744,0.8601286174,0.86414791,2909,2909,2909,0,0
43,0.3,margin_static,317,13.70929861,score_margin,25632,47,630,559,0.8412698413,0.8443649374,0.8608527132,2652.37746,427,7128,0.02146690519,0.1914132379
43,0.3,margin_rolling,317,16.18977547,score_margin,1000,2,630,559,0.8920634921,0.8926654741,0.9119558736,3491.781753,2189,7128,0.007155635063,0.2754919499
43,0.3,rank_static,317,3755,rank,25632,47,630,559,0.9174603175,0.9069767442,0.9120751342,3755,3755,3755,0,0
43,0.3,rank_expanding,317,3793,rank,25632,47,630,559,0.9174603175,0.9069767442,0.9120751342,3793,3793,3793,0,0
43,0.3,rank_rolling,317,3326,rank,1000,2,630,559,0.9047619048,0.8926654741,0.8998509243,3326,3326,3326,0,0
43,0.3,margin_static,318,13.70929861,score_margin,26262,48,342,308,0.8391812865,0.8376623377,0.8544372294,2599.142857,249.5,7128,0.02272727273,0.211038961
43,0.3,margin_rolling,318,16.49068713,score_margin,1000,2,342,308,0.8947368421,0.8928571429,0.9101731602,3384.850649,1378.5,7128,0.006493506494,0.2987012987
43,0.3,rank_static,318,3755,rank,26262,48,342,308,0.9035087719,0.8961038961,0.9004329004,3755,3755,3755,0,0
43,0.3,rank_expanding,318,3780,rank,26262,48,342,308,0.9064327485,0.8993506494,0.9036796537,3780,3780,3780,0,0
43,0.3,rank_rolling,318,3363,rank,1000,2,342,308,0.8918128655,0.8831168831,0.8874458874,3363,3363,3363,0,0
43,0.3,margin_static,319,13.70929861,score_margin,26604,49,324,290,0.8641975309,0.8482758621,0.8586206897,2618.582759,343,7128,0.02413793103,0.224137931
43,0.3,margin_rolling,319,16.79433489,score_margin,1000,3,324,290,0.9320987654,0.924137931,0.9327586207,3576.217241,1946.5,7128,0.003448275862,0.2896551724
43,0.3,rank_static,319,3755,rank,26604,49,324,290,0.9228395062,0.9137931034,0.9137931034,3755,3755,3755,0,0
43,0.3,rank_expanding,319,3779,rank,26604,49,324,290,0.9228395062,0.9137931034,0.9137931034,3779,3779,3779,0,0
43,0.3,rank_rolling,319,3363,rank,1000,3,324,290,0.9135802469,0.9034482759,0.9034482759,3363,3363,3363,0,0
43,0.3,margin_static,320,13.70929861,score_margin,26928,50,736,646,0.8328804348,0.8436532508,0.8574475404,3210.349845,847,7128,0.02476780186,0.2755417957
43,0.3,margin_rolling,320,16.50273371,score_margin,1000,3,736,646,0.8831521739,0.886996904,0.899380805,3970.334365,6257,7128,0.00773993808,0.3808049536
43,0.3,rank_static,320,3755,rank,26928,50,736,646,0.9089673913,0.899380805,0.9022187822,3755,3755,3755,0,0
43,0.3,rank_expanding,320,3775,rank,26928,50,736,646,0.910326087,0.9009287926,0.9037667699,3775,3775,3775,0,0
43,0.3,rank_rolling,320,3262,rank,1000,3,736,646,0.8967391304,0.886996904,0.8898348813,3262,3262,3262,0,0
43,0.3,margin_static,321,13.70929861,score_margin,27664,51,680,603,0.8617647059,0.8540630182,0.8706467662,3027.699834,960,7128,0.02487562189,0.223880597
43,0.3,margin_rolling,321,16.62096858,score_margin,1000,2,680,603,0.9029411765,0.8971807629,0.9137645108,4065.046434,6226,7128,0.009950248756,0.3217247098
43,0.3,rank_static,321,3755,rank,27664,51,680,603,0.9073529412,0.8988391376,0.903814262,3755,3755,3755,0,0
43,0.3,rank_expanding,321,3767,rank,27664,51,680,603,0.9088235294,0.9004975124,0.9054726368,3767,3767,3767,0,0
43,0.3,rank_rolling,321,3296,rank,1000,2,680,603,0.8867647059,0.8756218905,0.8805970149,3296,3296,3296,0,0
43,0.3,margin_static,322,13.70929861,score_margin,28344,52,668,595,0.8682634731,0.8655462185,0.8801120448,3120.262185,802,7128,0.0218487395,0.2470588235
43,0.3,margin_rolling,322,18.05628633,score_margin,1000,2,668,595,0.9371257485,0.9394957983,0.9459383754,4413.759664,7029,7128,0.001680672269,0.4084033613
43,0.3,rank_static,322,3755,rank,28344,52,668,595,0.877245509,0.8638655462,0.8669467787,3755,3755,3755,0,0
43,0.3,rank_expanding,322,3760,rank,28344,52,668,595,0.877245509,0.8638655462,0.8669467787,3760,3760,3760,0,0
43,0.3,rank_rolling,322,3557,rank,1000,2,668,595,0.869760479,0.8554621849,0.8585434174,3557,3557,3557,0,0
43,0.3,margin_static,323,13.70929861,score_margin,29012,53,668,600,0.8323353293,0.8266666667,0.85,3002.086667,922.5,7128,0.025,0.2283333333
43,0.3,margin_rolling,323,16.02282763,score_margin,1000,2,668,600,0.875748503,0.8716666667,0.8925,3815.221667,5011.5,7128,0.005,0.2966666667
43,0.3,rank_static,323,3755,rank,29012,53,668,600,0.8997005988,0.89,0.8933333333,3755,3755,3755,0,0
43,0.3,rank_expanding,323,3775,rank,29012,53,668,600,0.9011976048,0.8916666667,0.895,3775,3775,3775,0,0
43,0.3,rank_rolling,323,4264,rank,1000,2,668,600,0.9176646707,0.91,0.9108333333,4264,4264,4264,0,0
43,0.3,margin_static,324,13.70929861,score_margin,29680,54,796,650,0.8203517588,0.8353846154,0.8667692308,3191.835385,1141.5,7128,0.02615384615,0.2353846154
43,0.3,margin_rolling,324,17.03794193,score_margin,1000,2,796,650,0.8881909548,0.8907692308,0.9207435897,4067.186154,6647.5,7128,0.007692307692,0.3676923077
43,0.3,rank_static,324,3755,rank,29680,54,796,650,0.9422110553,0.9292307692,0.9315384615,3755,3755,3755,0,0
43,0.3,rank_expanding,324,3775,rank,29680,54,796,650,0.9434673367,0.9307692308,0.9330769231,3775,3775,3775,0,0
43,0.3,rank_rolling,324,3957,rank,1000,2,796,650,0.9484924623,0.9369230769,0.9392307692,3957,3957,3957,0,0
43,0.3,margin_static,325,13.70929861,score_margin,30476,55,398,360,0.7889447236,0.7944444444,0.8083333333,2945.363889,430,7128,0.04166666667,0.2555555556
43,0.3,margin_rolling,325,17.43944502,score_margin,1000,2,398,360,0.8894472362,0.8944444444,0.900462963,3796.844444,5739.5,7128,0.008333333333,0.3777777778
43,0.3,rank_static,325,3755,rank,30476,55,398,360,0.9020100503,0.8916666667,0.8958333333,3755,3755,3755,0,0
43,0.3,rank_expanding,325,3737,rank,30476,55,398,360,0.9020100503,0.8916666667,0.8958333333,3737,3737,3737,0,0
43,0.3,rank_rolling,325,2679,rank,1000,2,398,360,0.8442211055,0.8277777778,0.8375,2679,2679,2679,0,0
43,0.3,margin_static,326,13.70929861,score_margin,30874,56,422,348,0.7606635071,0.7701149425,0.7986111111,2379.436782,186,7128,0.04022988506,0.1752873563
43,0.3,margin_rolling,326,17.23325729,score_margin,1000,2,422,348,0.855450237,0.8620689655,0.8751197318,3238.396552,1075.5,7128,0.005747126437,0.2931034483
43,0.3,rank_static,326,3755,rank,30874,56,422,348,0.9312796209,0.9195402299,0.9276819923,3755,3755,3755,0,0
43,0.3,rank_expanding,326,3737,rank,30874,56,422,348,0.9312796209,0.9195402299,0.9276819923,3737,3737,3737,0,0
43,0.3,rank_rolling,326,3135,rank,1000,2,422,348,0.9265402844,0.9137931034,0.9219348659,3135,3135,3135,0,0
43,0.3,margin_static,327,13.70929861,score_margin,31296,57,738,621,0.8008130081,0.8164251208,0.8435050993,3035.202899,677,7128,0.0305958132,0.2512077295
43,0.3,margin_rolling,327,18.98566532,score_margin,1000,3,738,621,0.9078590786,0.9162640902,0.9378690284,4440.919485,7044,7128,0.004830917874,0.4283413849
43,0.3,rank_static,327,3755,rank,31296,57,738,621,0.9119241192,0.8969404187,0.9073537305,3755,3755,3755,0,0
43,0.3,rank_expanding,327,3724,rank,31296,57,738,621,0.9105691057,0.8953301127,0.9057434246,3724,3724,3724,0,0
43,0.3,rank_rolling,327,3100,rank,1000,3,738,621,0.891598916,0.8727858293,0.8842726785,3100,3100,3100,0,0
43,0.3,margin_static,328,13.70929861,score_margin,32034,58,600,526,0.825,0.8422053232,0.8556309976,3017.558935,728.5,7128,0.03422053232,0.2300380228
43,0.3,margin_rolling,328,19.08084953,score_margin,1000,2,600,526,0.9283333333,0.9353612167,0.9463154083,4592.391635,7088.5,7128,0.001901140684,0.4220532319
43,0.3,rank_static,328,3755,rank,32034,58,600,526,0.94,0.933460076,0.9344106464,3755,3755,3755,0,0
43,0.3,rank_expanding,328,3717,rank,32034,58,600,526,0.94,0.933460076,0.9344106464,3717,3717,3717,0,0
43,0.3,rank_rolling,328,3093,rank,1000,2,600,526,0.93,0.9220532319,0.9230038023,3093,3093,3093,0,0
43,0.3,margin_static,329,13.70929861,score_margin,32634,59,684,599,0.8274853801,0.8330550918,0.8537562604,2866.557596,478,7128,0.0183639399,0.2404006678
43,0.3,margin_rolling,329,17.47854614,score_margin,1000,2,684,599,0.9166666667,0.9165275459,0.9324986088,4076.30384,6464,7128,0.003338898164,0.3622704508
43,0.3,rank_static,329,3755,rank,32634,59,684,599,0.9064327485,0.898163606,0.9078464107,3755,3755,3755,0,0
43,0.3,rank_expanding,329,3693,rank,32634,59,684,599,0.9020467836,0.8931552588,0.9028380634,3693,3693,3693,0,0
43,0.3,rank_rolling,329,2543,rank,1000,2,684,599,0.8625730994,0.8480801336,0.8602671119,2543,2543,2543,0,0
43,0.3,margin_static,330,13.70929861,score_margin,33318,60,640,580,0.8265625,0.8344827586,0.8441091954,2821.568966,576,7128,0.03103448276,0.1982758621
43,0.3,margin_rolling,330,16.74381018,score_margin,1000,2,640,580,0.9078125,0.9120689655,0.9208333333,3788.736207,5204,7128,0.01034482759,0.3120689655
43,0.3,rank_static,330,3755,rank,33318,60,640,580,0.9140625,0.9051724138,0.9060344828,3755,3755,3755,0,0
43,0.3,rank_expanding,330,3691,rank,33318,60,640,580,0.9125,0.9034482759,0.9043103448,3691,3691,3691,0,0
43,0.3,rank_rolling,330,3260,rank,1000,2,640,580,0.9,0.8896551724,0.8905172414,3260,3260,3260,0,0
43,0.3,margin_static,331,13.70929861,score_margin,33958,61,506,474,0.8616600791,0.8607594937,0.864978903,2879.582278,541,7128,0.02742616034,0.2067510549
43,0.3,margin_rolling,331,16.62974262,score_margin,1000,2,506,474,0.9169960474,0.9135021097,0.9178973277,3846.360759,5450,7128,0.008438818565,0.3164556962
43,0.3,rank_static,331,3755,rank,33958,61,506,474,0.9288537549,0.9240506329,0.9240506329,3755,3755,3755,0,0
43,0.3,rank_expanding,331,3682,rank,33958,61,506,474,0.9288537549,0.9240506329,0.9240506329,3682,3682,3682,0,0
43,0.3,rank_rolling,331,3495,rank,1000,2,506,474,0.9169960474,0.9113924051,0.9113924051,3495,3495,3495,0,0
43,0.3,margin_static,332,13.70929861,score_margin,34464,62,318,300,0.8616352201,0.86,0.8694444444,2800.05,290,7128,0.06333333333,0.2466666667
43,0.3,margin_rolling,332,15.96204376,score_margin,1000,2,318,300,0.9056603774,0.9066666667,0.9144444444,3357.7,1336,7128,0.02666666667,0.3133333333
43,0.3,rank_static,332,3755,rank,34464,62,318,300,0.8993710692,0.8933333333,0.8933333333,3755,3755,3755,0,0
43,0.3,rank_expanding,332,3671,rank,34464,62,318,300,0.8993710692,0.8933333333,0.8933333333,3671,3671,3671,0,0
43,0.3,rank_rolling,332,3106,rank,1000,2,318,300,0.8867924528,0.88,0.88,3106,3106,3106,0,0
43,0.3,margin_static,333,13.70929861,score_margin,34782,63,342,312,0.8011695906,0.8012820513,0.8221153846,2799.695513,429,7128,0.04166666667,0.2147435897
43,0.3,margin_rolling,333,15.81030059,score_margin,1000,3,342,312,0.8625730994,0.8621794872,0.8771367521,3346.403846,1692.5,7128,0.01282051282,0.3108974359
43,0.3,rank_static,333,3755,rank,34782,63,342,312,0.9005847953,0.891025641,0.8926282051,3755,3755,3755,0,0
43,0.3,rank_expanding,333,3671,rank,34782,63,342,312,0.8976608187,0.8878205128,0.8894230769,3671,3671,3671,0,0
43,0.3,rank_rolling,333,3137,rank,1000,3,342,312,0.8830409357,0.8717948718,0.875,3137,3137,3137,0,0
43,0.3,margin_static,334,13.70929861,score_margin,35124,64,700,633,0.84,0.8404423381,0.8568720379,2792.977883,414,7128,0.04107424961,0.2069510269
43,0.3,margin_rolling,334,16.68103409,score_margin,1000,3,700,633,0.8914285714,0.8925750395,0.9039231174,3684.804107,4292,7128,0.01579778831,0.3159557662
43,0.3,rank_static,334,3755,rank,35124,64,700,633,0.8785714286,0.8736176935,0.8802001053,3755,3755,3755,0,0
43,0.3,rank_expanding,334,3671,rank,35124,64,700,633,0.8728571429,0.8672985782,0.87388099,3671,3671,3671,0,0
43,0.3,rank_rolling,334,3529,rank,1000,3,700,633,0.8685714286,0.8625592417,0.8691416535,3529,3529,3529,0,0
43,0.3,margin_static,335,13.70929861,score_margin,35824,65,656,587,0.8155487805,0.8074957411,0.8274843839,2842.778535,451,7128,0.03407155026,0.2419080068
43,0.3,margin_rolling,335,17.23679844,score_margin,1000,2,656,587,0.8993902439,0.8943781942,0.9093696763,3847.959114,5796,7128,0.006814310051,0.3458262351
43,0.3,rank_static,335,3755,rank,35824,65,656,587,0.8719512195,0.8620102215,0.8727995457,3755,3755,3755,0,0
43,0.3,rank_expanding,335,3685,rank,35824,65,656,587,0.868902439,0.860306644,0.8702441794,3685,3685,3685,0,0
43,0.3,rank_rolling,335,4146,rank,1000,2,656,587,0.887195122,0.8790459966,0.8889835321,4146,4146,4146,0,0
43,0.3,margin_static,336,13.70929861,score_margin,36480,66,632,551,0.7911392405,0.7840290381,0.8111615245,2876.638838,500,7128,0.03992740472,0.2413793103
43,0.3,margin_rolling,336,17.82260895,score_margin,1000,2,632,551,0.8939873418,0.889292196,0.9094373866,4068.604356,6481,7128,0.007259528131,0.3756805808
43,0.3,rank_static,336,3755,rank,36480,66,632,551,0.8686708861,0.8584392015,0.8617664852,3755,3755,3755,0,0
43,0.3,rank_expanding,336,3708,rank,36480,66,632,551,0.8639240506,0.8529945554,0.8592256503,3708,3708,3708,0,0
43,0.3,rank_rolling,336,4353,rank,1000,2,632,551,0.9018987342,0.891107078,0.8956442831,4353,4353,4353,0,0
43,0.3,margin_static,337,13.70929861,score_margin,37112,67,552,492,0.7971014493,0.8069105691,0.8261517615,2699.520325,338,7128,0.02235772358,0.2073170732
43,0.3,margin_rolling,337,18.15419197,score_margin,1000,2,552,492,0.9148550725,0.918699187,0.9304878049,3954.75,6410,7128,0.00406504065,0.343495935
43,0.3,rank_static,337,3755,rank,37112,67,552,492,0.8913043478,0.8780487805,0.8824525745,3755,3755,3755,0,0
43,0.3,rank_expanding,337,3724,rank,37112,67,552,492,0.8858695652,0.8719512195,0.8763550136,3724,3724,3724,0,0
43,0.3,rank_rolling,337,4353,rank,1000,2,552,492,0.8985507246,0.8861788618,0.8905826558,4353,4353,4353,0,0
43,0.3,margin_static,338,13.70929861,score_margin,37664,68,496,457,0.8024193548,0.8118161926,0.8216630197,2733.899344,508,7128,0.04376367615,0.2166301969
43,0.3,margin_rolling,338,17.99222136,score_margin,1000,2,496,457,0.9032258065,0.9168490153,0.9256017505,3978.78337,6422,7128,0.006564551422,0.3544857768
43,0.3,rank_static,338,3755,rank,37664,68,496,457,0.8548387097,0.8468271335,0.8519328957,3755,3755,3755,0,0
43,0.3,rank_expanding,338,3732,rank,37664,68,496,457,0.8508064516,0.8424507659,0.8475565281,3732,3732,3732,0,0
43,0.3,rank_rolling,338,4359,rank,1000,2,496,457,0.872983871,0.8643326039,0.8705324581,4359,4359,4359,0,0
43,0.3,margin_static,339,13.70929861,score_margin,38160,69,328,297,0.8353658537,0.835016835,0.8476430976,2301.602694,331,7128,0.06397306397,0.1178451178
43,0.3,margin_rolling,339,17.39471306,score_margin,1000,2,328,297,0.8902439024,0.8922558923,0.8992704826,3656.390572,4678,7128,0.02693602694,0.2760942761
43,0.3,rank_static,339,3755,rank,38160,69,328,297,0.8902439024,0.8888888889,0.8928170595,3755,3755,3755,0,0
43,0.3,rank_expanding,339,3748,rank,38160,69,328,297,0.8902439024,0.8888888889,0.8928170595,3748,3748,3748,0,0
43,0.3,rank_rolling,339,5136,rank,1000,2,328,297,0.9054878049,0.9057239057,0.9074074074,5136,5136,5136,0,0
43,0.3,margin_static,340,13.70929861,score_margin,38488,70,328,303,0.8231707317,0.8250825083,0.8437843784,2706.755776,434,7128,0.0297029703,0.2112211221
43,0.3,margin_rolling,340,17.98783875,score_margin,1000,3,328,303,0.9176829268,0.9240924092,0.9317931793,4072.148515,6335,7128,0.009900990099,0.3597359736
43,0.3,rank_static,340,3755,rank,38488,70,328,303,0.8963414634,0.8877887789,0.8877887789,3755,3755,3755,0,0
43,0.3,rank_expanding,340,3750,rank,38488,70,328,303,0.8963414634,0.8877887789,0.8877887789,3750,3750,3750,0,0
43,0.3,rank_rolling,340,4941,rank,1000,3,328,303,0.9237804878,0.9174917492,0.9174917492,4941,4941,4941,0,0
43,0.3,margin_static,341,13.70929861,score_margin,38816,71,576,519,0.8090277778,0.8208092486,0.8366088632,2830.587669,527,7128,0.03853564547,0.2023121387
43,0.3,margin_rolling,341,17.71279766,score_margin,1000,3,576,519,0.8819444444,0.8901734104,0.9027617213,3947.021195,6067,7128,0.009633911368,0.3487475915
43,0.3,rank_static,341,3755,rank,38816,71,576,519,0.8888888889,0.8766859345,0.883044316,3755,3755,3755,0,0
43,0.3,rank_expanding,341,3750,rank,38816,71,576,519,0.8888888889,0.8766859345,0.883044316,3750,3750,3750,0,0
43,0.3,rank_rolling,341,4668,rank,1000,3,576,519,0.9149305556,0.9055876686,0.9119460501,4668,4668,4668,0,0
43,0.3,margin_static,342,13.70929861,score_margin,39392,72,636,565,0.8128930818,0.817699115,0.8353982301,2862.171681,424,7128,0.0389380531,0.2477876106
43,0.3,margin_rolling,342,18.20848751,score_margin,1000,3,636,565,0.9119496855,0.9044247788,0.9253687316,4068.927434,6117,7128,0.01238938053,0.382300885
43,0.3,rank_static,342,3755,rank,39392,72,636,565,0.927672956,0.9185840708,0.9203539823,3755,3755,3755,0,0
43,0.3,rank_expanding,342,3758,rank,39392,72,636,565,0.927672956,0.9185840708,0.9203539823,3758,3758,3758,0,0
43,0.3,rank_rolling,342,4064,rank,1000,3,636,565,0.9323899371,0.9238938053,0.9247787611,4064,4064,4064,0,0
43,0.3,margin_static,343,13.70929861,score_margin,40028,73,642,567,0.8099688474,0.8042328042,0.8222222222,3069.296296,797,7128,0.0405643739,0.2239858907
43,0.3,margin_rolling,343,18.65234721,score_margin,1000,2,642,567,0.8909657321,0.8888888889,0.9037037037,4547.606702,7074,7128,0.01234567901,0.4162257496
43,0.3,rank_static,343,3755,rank,40028,73,642,567,0.8676012461,0.8518518519,0.8589065256,3755,3755,3755,0,0
43,0.3,rank_expanding,343,3742,rank,40028,73,642,567,0.8676012461,0.8518518519,0.8589065256,3742,3742,3742,0,0
43,0.3,rank_rolling,343,3573,rank,1000,2,642,567,0.8582554517,0.8412698413,0.8495002939,3573,3573,3573,0,0
43,0.3,margin_static,344,13.70929861,score_margin,40670,74,650,582,0.7876923077,0.7886597938,0.8079896907,2868.723368,397.5,7128,0.03264604811,0.2319587629
43,0.3,margin_rolling,344,18.75536931,score_margin,1000,2,650,582,0.8938461538,0.8883161512,0.9057846506,4223.25945,6936.5,7128,0.008591065292,0.3917525773
43,0.3,rank_static,344,3755,rank,40670,74,650,582,0.8984615385,0.8917525773,0.8937571592,3755,3755,3755,0,0
43,0.3,rank_expanding,344,3761,rank,40670,74,650,582,0.8984615385,0.8917525773,0.8937571592,3761,3761,3761,0,0
43,0.3,rank_rolling,344,4284,rank,1000,2,650,582,0.9030769231,0.8969072165,0.8989117984,4284,4284,4284,0,0
43,0.3,margin_static,345,13.70929861,score_margin,41320,75,586,501,0.8481228669,0.8343313373,0.8536260812,3018.872255,760,7128,0.03393213573,0.2814371257
43,0.3,margin_rolling,345,19.76626968,score_margin,1000,2,586,501,0.9112627986,0.9041916168,0.9158349967,4423.742515,7108,7128,0.001996007984,0.4471057884
43,0.3,rank_static,345,3755,rank,41320,75,586,501,0.8959044369,0.878243513,0.8825681969,3755,3755,3755,0,0
43,0.3,rank_expanding,345,3761,rank,41320,75,586,501,0.8959044369,0.878243513,0.8825681969,3761,3761,3761,0,0
43,0.3,rank_rolling,345,4644,rank,1000,2,586,501,0.9180887372,0.9041916168,0.9065202927,4644,4644,4644,0,0
43,0.3,margin_static,346,13.70929861,score_margin,41906,76,224,197,0.8125,0.8121827411,0.8409475465,2138.614213,160,7128,0.02538071066,0.1827411168
43,0.3,margin_rolling,346,19.19882584,score_margin,1000,2,224,197,0.8928571429,0.8934010152,0.9086294416,3533.22335,1524,7128,0,0.2994923858
43,0.3,rank_static,346,3755,rank,41906,76,224,197,0.9375,0.9289340102,0.9289340102,3755,3755,3755,0,0
43,0.3,rank_expanding,346,3763,rank,41906,76,224,197,0.9375,0.9289340102,0.9289340102,3763,3763,3763,0,0
43,0.3,rank_rolling,346,3787,rank,1000,2,224,197,0.9375,0.9289340102,0.9289340102,3787,3787,3787,0,0
43,0.3,margin_static,347,13.70929861,score_margin,42130,77,306,277,0.8169934641,0.8194945848,0.8363417569,2196.267148,98,7128,0.03610108303,0.1985559567
43,0.3,margin_rolling,347,19.04422146,score_margin,1000,3,306,277,0.9248366013,0.9277978339,0.93622142,3359.920578,1220,7128,0.007220216606,0.3032490975
43,0.3,rank_static,347,3755,rank,42130,77,306,277,0.9444444444,0.9386281588,0.9410348977,3755,3755,3755,0,0
43,0.3,rank_expanding,347,3755,rank,42130,77,306,277,0.9444444444,0.9386281588,0.9410348977,3755,3755,3755,0,0
43,0.3,rank_rolling,347,3737,rank,1000,3,306,277,0.9444444444,0.9386281588,0.9410348977,3737,3737,3737,0,0
43,0.3,margin_static,348,13.70929861,score_margin,42436,78,714,610,0.8151260504,0.8147540984,0.8344262295,2532.672131,180,7128,0.03606557377,0.206557377
43,0.3,margin_rolling,348,18.75649309,score_margin,1000,3,714,610,0.9019607843,0.8983606557,0.9159836066,3815.068852,5443,7128,0.004918032787,0.3459016393
43,0.3,rank_static,348,3755,rank,42436,78,714,610,0.893557423,0.8754098361,0.8762295082,3755,3755,3755,0,0
43,0.3,rank_expanding,348,3745,rank,42436,78,714,610,0.893557423,0.8754098361,0.8762295082,3745,3745,3745,0,0
43,0.3,rank_rolling,348,3302,rank,1000,3,714,610,0.880952381,0.8606557377,0.862295082,3302,3302,3302,0,0
43,0.3,margin_static,349,13.70929861,score_margin,43150,79,600,545,0.7766666667,0.7743119266,0.7908256881,2534.585321,171,7128,0.02568807339,0.2036697248
43,0.3,margin_rolling,349,18.55890131,score_margin,1000,2,600,545,0.865,0.8642201835,0.8773700306,3652.511927,4325,7128,0.001834862385,0.3467889908
43,0.3,rank_static,349,3755,rank,43150,79,600,545,0.87,0.8568807339,0.8620795107,3755,3755,3755,0,0
43,0.3,rank_expanding,349,3748,rank,43150,79,600,545,0.87,0.8568807339,0.8620795107,3748,3748,3748,0,0
43,0.3,rank_rolling,349,3462,rank,1000,2,600,545,0.8616666667,0.8495412844,0.8559633028,3462,3462,3462,0,0
43,0.3,margin_static,350,13.70929861,score_margin,43750,80,656,560,0.7728658537,0.7714285714,0.7961309524,2260.778571,168.5,7128,0.04821428571,0.1821428571
43,0.3,margin_rolling,350,20.80507159,score_margin,1000,2,656,560,0.9009146341,0.8964285714,0.916577381,3984.467857,6087.5,7128,0.001785714286,0.3642857143
43,0.3,rank_static,350,3755,rank,43750,80,656,560,0.9039634146,0.8910714286,0.8967261905,3755,3755,3755,0,0
43,0.3,rank_expanding,350,3763,rank,43750,80,656,560,0.9054878049,0.8928571429,0.8985119048,3763,3763,3763,0,0
43,0.3,rank_rolling,350,4517,rank,1000,2,656,560,0.9237804878,0.9142857143,0.9175595238,4517,4517,4517,0,0
43,0.3,margin_static,351,13.70929861,score_margin,44406,81,522,476,0.7567049808,0.768907563,0.7853641457,2187.136555,137,7128,0.05672268908,0.1806722689
43,0.3,margin_rolling,351,20.84620309,score_margin,1000,2,522,476,0.8946360153,0.8970588235,0.9149159664,3894.97479,5988.5,7128,0.004201680672,0.3676470588
43,0.3,rank_static,351,3755,rank,44406,81,522,476,0.8869731801,0.8760504202,0.8771008403,3755,3755,3755,0,0
43,0.3,rank_expanding,351,3761,rank,44406,81,522,476,0.8869731801,0.8760504202,0.8771008403,3761,3761,3761,0,0
43,0.3,rank_rolling,351,4223,rank,1000,2,522,476,0.9118773946,0.9033613445,0.9044117647,4223,4223,4223,0,0
43,0.3,margin_static,352,13.70929861,score_margin,44928,82,462,415,0.7467532468,0.7518072289,0.7677710843,2258.036145,175,7128,0.05060240964,0.1855421687
43,0.3,margin_rolling,352,21.14752102,score_margin,1000,2,462,415,0.8939393939,0.9036144578,0.9190763052,4204.860241,6764,7128,0.002409638554,0.3614457831
43,0.3,rank_static,352,3755,rank,44928,82,462,415,0.8917748918,0.886746988,0.8891566265,3755,3755,3755,0,0
43,0.3,rank_expanding,352,3766,rank,44928,82,462,415,0.8917748918,0.886746988,0.8891566265,3766,3766,3766,0,0
43,0.3,rank_rolling,352,3914,rank,1000,2,462,415,0.8961038961,0.8915662651,0.8939759036,3914,3914,3914,0,0
43,0.3,margin_static,353,13.70929861,score_margin,45390,83,242,226,0.7066115702,0.7168141593,0.7256637168,2032.938053,109,7128,0.04867256637,0.1548672566
43,0.3,margin_rolling,353,21.76093674,score_margin,1000,3,242,226,0.8719008264,0.8716814159,0.8871681416,3873.358407,5607,7128,0,0.3716814159
43,0.3,rank_static,353,3755,rank,45390,83,242,226,0.8842975207,0.8761061947,0.8849557522,3755,3755,3755,0,0
43,0.3,rank_expanding,353,3768,rank,45390,83,242,226,0.8842975207,0.8761061947,0.8849557522,3768,3768,3768,0,0
43,0.3,rank_rolling,353,3997,rank,1000,3,242,226,0.8966942149,0.889380531,0.8960176991,3997,3997,3997,0,0
43,0.3,margin_static,354,13.70929861,score_margin,45632,84,238,227,0.7478991597,0.7533039648,0.7569750367,2305.286344,205,7128,0.05286343612,0.1938325991
43,0.3,margin_rolling,354,22.14340401,score_margin,1000,3,238,227,0.9453781513,0.9427312775,0.9500734214,4445.334802,7027,7128,0.004405286344,0.4185022026
43,0.3,rank_static,354,3755,rank,45632,84,238,227,0.8865546218,0.8810572687,0.8810572687,3755,3755,3755,0,0
43,0.3,rank_expanding,354,3770,rank,45632,84,238,227,0.8865546218,0.8810572687,0.8810572687,3770,3770,3770,0,0
43,0.3,rank_rolling,354,3992,rank,1000,3,238,227,0.9033613445,0.8986784141,0.8986784141,3992,3992,3992,0,0
43,0.3,margin_static,355,13.70929861,score_margin,45870,85,578,506,0.7041522491,0.7292490119,0.7470355731,2583.387352,258,7128,0.04940711462,0.2134387352
43,0.3,margin_rolling,355,22.01797485,score_margin,1000,4,578,506,0.8910034602,0.8992094862,0.9176783362,4714.464427,7114,7128,0.005928853755,0.45256917
43,0.3,rank_static,355,3755,rank,45870,85,578,506,0.8581314879,0.847826087,0.8530961792,3755,3755,3755,0,0
43,0.3,rank_expanding,355,3773,rank,45870,85,578,506,0.8581314879,0.847826087,0.8530961792,3773,3773,3773,0,0
43,0.3,rank_rolling,355,3993,rank,1000,4,578,506,0.8719723183,0.8636363636,0.8662714097,3993,3993,3993,0,0
43,0.3,margin_static,356,13.70929861,score_margin,46448,86,548,483,0.7427007299,0.7453416149,0.759489303,2477.488613,171,7128,0.03933747412,0.1863354037
43,0.3,margin_rolling,356,22.0193615,score_margin,1000,3,548,483,0.9142335766,0.9130434783,0.9223602484,4351.225673,7019,7128,0,0.4202898551
43,0.3,rank_static,356,3755,rank,46448,86,548,483,0.8722627737,0.8633540373,0.8737060041,3755,3755,3755,0,0
43,0.3,rank_expanding,356,3784,rank,46448,86,548,483,0.8740875912,0.8654244306,0.8757763975,3784,3784,3784,0,0
43,0.3,rank_rolling,356,4467,rank,1000,3,548,483,0.9142335766,0.9068322981,0.9130434783,4467,4467,4467,0,0
43,0.3,margin_static,357,13.70929861,score_margin,46996,87,406,363,0.7684729064,0.7768595041,0.7924701561,1716.088154,109,7128,0.04407713499,0.1184573003
43,0.3,margin_rolling,357,21.27979946,score_margin,1000,2,406,363,0.9187192118,0.914600551,0.9267676768,3905.550964,5552,7128,0.01101928375,0.303030303
43,0.3,rank_static,357,3755,rank,46996,87,406,363,0.8891625616,0.8980716253,0.9012855831,3755,3755,3755,0,0
43,0.3,rank_expanding,357,3792,rank,46996,87,406,363,0.8891625616,0.8980716253,0.9012855831,3792,3792,3792,0,0
43,0.3,rank_rolling,357,4467,rank,1000,2,406,363,0.9088669951,0.9090909091,0.9168962351,4467,4467,4467,0,0
43,0.3,margin_static,358,13.70929861,score_margin,47402,88,300,276,0.76,0.7717391304,0.7874396135,1698.565217,77,7128,0.05072463768,0.1775362319
43,0.3,margin_rolling,358,20.31892896,score_margin,1000,3,300,276,0.91,0.902173913,0.9208937198,3368.072464,1466,7128,0.01086956522,0.2608695652
43,0.3,rank_static,358,3755,rank,47402,88,300,276,0.91,0.902173913,0.902173913,3755,3755,3755,0,0
43,0.3,rank_expanding,358,3794,rank,47402,88,300,276,0.91,0.902173913,0.902173913,3794,3794,3794,0,0
43,0.3,rank_rolling,358,4288,rank,1000,3,300,276,0.93,0.9239130435,0.9239130435,4288,4288,4288,0,0
43,0.3,margin_static,359,13.70929861,score_margin,47702,89,330,312,0.8393939394,0.8461538462,0.8530982906,2942.365385,508,7128,0.03525641026,0.25
43,0.3,margin_rolling,359,19.93258572,score_margin,1000,3,330,312,0.9393939394,0.9358974359,0.9465811966,4464.88141,7092,7128,0.00641025641,0.4455128205
43,0.3,rank_static,359,3755,rank,47702,89,330,312,0.9151515152,0.9102564103,0.9102564103,3755,3755,3755,0,0
43,0.3,rank_expanding,359,3793,rank,47702,89,330,312,0.9151515152,0.9102564103,0.9102564103,3793,3793,3793,0,0
43,0.3,rank_rolling,359,4071,rank,1000,3,330,312,0.9272727273,0.9230769231,0.9230769231,4071,4071,4071,0,0
43,0.3,margin_static,360,13.70929861,score_margin,48032,90,228,214,0.7938596491,0.7990654206,0.8107476636,2029.883178,97,7128,0.06074766355,0.1495327103
43,0.3,margin_rolling,360,18.50429535,score_margin,1000,3,228,214,0.8771929825,0.8785046729,0.8925233645,3274.453271,1328,7128,0.004672897196,0.285046729
43,0.3,rank_static,360,3755,rank,48032,90,228,214,0.9385964912,0.9345794393,0.9345794393,3755,3755,3755,0,0
43,0.3,rank_expanding,360,3790,rank,48032,90,228,214,0.9429824561,0.9392523364,0.9392523364,3790,3790,3790,0,0
43,0.3,rank_rolling,360,3749,rank,1000,3,228,214,0.9385964912,0.9345794393,0.9345794393,3749,3749,3749,0,0
43,0.3,margin_static,361,13.70929861,score_margin,48260,91,246,226,0.7845528455,0.7743362832,0.7949852507,1972.774336,64.5,7128,0.07522123894,0.1415929204
43,0.3,margin_rolling,361,19.30922604,score_margin,1000,4,246,226,0.8699186992,0.8628318584,0.8694690265,3219.181416,1069,7128,0.02212389381,0.2831858407
43,0.3,rank_static,361,3755,rank,48260,91,246,226,0.8739837398,0.8628318584,0.8716814159,3755,3755,3755,0,0
43,0.3,rank_expanding,361,3784,rank,48260,91,246,226,0.8739837398,0.8628318584,0.8716814159,3784,3784,3784,0,0
43,0.3,rank_rolling,361,3108,rank,1000,4,246,226,0.8617886179,0.8495575221,0.8584070796,3108,3108,3108,0,0
43,0.3,margin_static,362,13.70929861,score_margin,48506,92,620,530,0.764516129,0.8075471698,0.8316891285,1986.039623,100.5,7128,0.04905660377,0.1660377358
43,0.3,margin_rolling,362,19.14232862,score_margin,1000,4,620,530,0.8580645161,0.8886792453,0.9131734581,3375.04717,1434,7128,0.01509433962,0.2849056604
43,0.3,rank_static,362,3755,rank,48506,92,620,530,0.9225806452,0.9113207547,0.9132075472,3755,3755,3755,0,0
43,0.3,rank_expanding,362,3788,rank,48506,92,620,530,0.9241935484,0.9132075472,0.9141509434,3788,3788,3788,0,0
43,0.3,rank_rolling,362,3256,rank,1000,4,620,530,0.9129032258,0.9,0.9037735849,3256,3256,3256,0,0
43,0.3,margin_static,363,13.70929861,score_margin,49126,93,386,353,0.7953367876,0.8045325779,0.8182247403,2037.507082,86,7128,0.06798866856,0.178470255
43,0.3,margin_rolling,363,22.46539879,score_margin,1000,3,386,353,0.9170984456,0.9178470255,0.9346081209,4011.563739,6435,7128,0.00566572238,0.3654390935
43,0.3,rank_static,363,3755,rank,49126,93,386,353,0.8886010363,0.88101983,0.8843248347,3755,3755,3755,0,0
43,0.3,rank_expanding,363,3780,rank,49126,93,386,353,0.8886010363,0.88101983,0.8843248347,3780,3780,3780,0,0
43,0.3,rank_rolling,363,3161,rank,1000,3,386,353,0.878238342,0.8696883853,0.87299339,3161,3161,3161,0,0
43,0.3,margin_static,364,13.70929861,score_margin,49512,94,354,329,0.7655367232,0.7659574468,0.7771023303,1887.325228,91,7128,0.0820668693,0.1489361702
43,0.3,margin_rolling,364,21.94202423,score_margin,1000,2,354,329,0.9039548023,0.905775076,0.9138804458,4018.948328,6317,7128,0.009118541033,0.3434650456
43,0.3,rank_static,364,3755,rank,49512,94,354,329,0.9011299435,0.8936170213,0.896656535,3755,3755,3755,0,0
43,0.3,rank_expanding,364,3781,rank,49512,94,354,329,0.9011299435,0.8936170213,0.896656535,3781,3781,3781,0,0
43,0.3,rank_rolling,364,3267,rank,1000,2,354,329,0.895480226,0.8875379939,0.8905775076,3267,3267,3267,0,0
59,0,margin_static,292,14.49814749,score_margin,11270,22,730,658,0.8589041096,0.8693009119,0.8812563323,3374.43617,1448,7128,0.01823708207,0.2537993921
59,0,margin_rolling,292,14.84237766,score_margin,1000,3,730,658,0.8726027397,0.8814589666,0.8949341439,3494.256839,1923.5,7128,0.01367781155,0.2689969605
59,0,rank_static,292,3753,rank,11270,22,730,658,0.8890410959,0.8860182371,0.8915906788,3753,3753,3753,0,0
59,0,rank_expanding,292,3753,rank,11270,22,730,658,0.8890410959,0.8860182371,0.8915906788,3753,3753,3753,0,0
59,0,rank_rolling,292,3194,rank,1000,3,730,658,0.8684931507,0.8632218845,0.8725937183,3194,3194,3194,0,0
59,0,margin_static,293,14.49814749,score_margin,12000,23,658,581,0.9072948328,0.9104991394,0.9234079174,3684.473322,4443,7128,0.01721170396,0.2874354561
59,0,margin_rolling,293,15.63547552,score_margin,1000,2,658,581,0.9209726444,0.9242685026,0.934595525,4087.540448,6358,7128,0.01032702238,0.3425129088
59,0,rank_static,293,3753,rank,12000,23,658,581,0.905775076,0.8984509466,0.90562249,3753,3753,3753,0,0
59,0,rank_expanding,293,3770,rank,12000,23,658,581,0.9072948328,0.900172117,0.9073436604,3770,3770,3770,0,0
59,0,rank_rolling,293,3733,rank,1000,2,658,581,0.905775076,0.8984509466,0.90562249,3733,3733,3733,0,0
59,0,margin_static,294,14.49814749,score_margin,12658,24,618,538,0.8446601942,0.8401486989,0.8631040892,3433.741636,1608.5,7128,0.02416356877,0.282527881
59,0,margin_rolling,294,15.57862884,score_margin,1000,2,618,538,0.8851132686,0.8791821561,0.9021995043,3872.150558,4983,7128,0.01858736059,0.3271375465
59,0,rank_static,294,3753,rank,12658,24,618,538,0.8786407767,0.8624535316,0.8680297398,3753,3753,3753,0,0
59,0,rank_expanding,294,3760,rank,12658,24,618,538,0.8802588997,0.8643122677,0.8689591078,3760,3760,3760,0,0
59,0,rank_rolling,294,3728,rank,1000,2,618,538,0.8786407767,0.8624535316,0.8680297398,3728,3728,3728,0,0
59,0,margin_static,295,14.49814749,score_margin,13276,25,666,578,0.8783783784,0.8788927336,0.9059400231,3453.555363,1809.5,7128,0.02076124567,0.2629757785
59,0,margin_rolling,295,15.95683169,score_margin,1000,2,666,578,0.9054054054,0.9031141869,0.9271626298,4091.880623,5816.5,7128,0.008650519031,0.3114186851
59,0,rank_static,295,3753,rank,13276,25,666,578,0.9279279279,0.9169550173,0.9218569781,3753,3753,3753,0,0
59,0,rank_expanding,295,3782,rank,13276,25,666,578,0.9294294294,0.9186851211,0.9235870819,3782,3782,3782,0,0
59,0,rank_rolling,295,4212,rank,1000,2,666,578,0.9339339339,0.9238754325,0.9287773933,4212,4212,4212,0,0
59,0,margin_static,296,14.49814749,score_margin,13942,26,516,466,0.8662790698,0.8583690987,0.8743204578,3438.388412,1740.5,7128,0.01287553648,0.2896995708
59,0,margin_rolling,296,16.31424209,score_margin,1000,2,516,466,0.9089147287,0.8991416309,0.9140200286,4106.092275,6322.5,7128,0.00643776824,0.3433476395
59,0,rank_static,296,3753,rank,13942,26,516,466,0.9031007752,0.8927038627,0.8959227468,3753,3753,3753,0,0
59,0,rank_expanding,296,3753,rank,13942,26,516,466,0.9031007752,0.8927038627,0.8959227468,3753,3753,3753,0,0
59,0,rank_rolling,296,3369,rank,1000,2,516,466,0.8972868217,0.8862660944,0.8894849785,3369,3369,3369,0,0
59,0,margin_static,297,14.49814749,score_margin,14458,27,292,254,0.852739726,0.8700787402,0.8841207349,2681.956693,510.5,7128,0.02755905512,0.2283464567
59,0,margin_rolling,297,15.72414851,score_margin,1000,2,292,254,0.8869863014,0.9015748031,0.9137795276,3185.901575,1152,7128,0.0157480315,0.2440944882
59,0,rank_static,297,3753,rank,14458,27,292,254,0.9280821918,0.9212598425,0.9265091864,3753,3753,3753,0,0
59,0,rank_expanding,297,3752,rank,14458,27,292,254,0.9280821918,0.9212598425,0.9265091864,3752,3752,3752,0,0
59,0,rank_rolling,297,3279,rank,1000,2,292,254,0.9109589041,0.905511811,0.9127296588,3279,3279,3279,0,0
59,0,margin_static,298,14.49814749,score_margin,14750,28,252,224,0.8452380952,0.8482142857,0.873139881,2965.607143,867.5,7128,0.008928571429,0.2901785714
59,0,margin_rolling,298,16.59628394,score_margin,1000,3,252,224,0.9126984127,0.9196428571,0.9367559524,3865.669643,5457.5,7128,0.004464285714,0.3258928571
59,0,rank_static,298,3753,rank,14750,28,252,224,0.8611111111,0.84375,0.8493303571,3753,3753,3753,0,0
59,0,rank_expanding,298,3728,rank,14750,28,252,224,0.8611111111,0.84375,0.8493303571,3728,3728,3728,0,0
59,0,rank_rolling,298,3345,rank,1000,3,252,224,0.8492063492,0.8303571429,0.8381696429,3345,3345,3345,0,0
59,0,margin_static,299,14.49814749,score_margin,15002,29,702,615,0.8717948718,0.8845528455,0.9003406891,3243.037398,1162,7128,0.02601626016,0.2097560976
59,0,margin_rolling,299,15.9967401,score_margin,1000,3,702,615,0.8931623932,0.9040650407,0.9177003484,3814.655285,5121,7128,0.0162601626,0.2650406504
59,0,rank_static,299,3753,rank,15002,29,702,615,0.9401709402,0.9317073171,0.9338753388,3753,3753,3753,0,0
59,0,rank_expanding,299,3753,rank,15002,29,702,615,0.9401709402,0.9317073171,0.9338753388,3753,3753,3753,0,0
59,0,rank_rolling,299,3947,rank,1000,3,702,615,0.9444444444,0.9365853659,0.9387533875,3947,3947,3947,0,0
59,0,margin_static,300,14.49814749,score_margin,15704,30,664,573,0.8614457831,0.8621291449,0.891021912,3385.710297,1493,7128,0.02617801047,0.2652705061
59,0,margin_rolling,300,16.35258913,score_margin,1000,3,664,573,0.906626506,0.9092495637,0.9329067287,4118.472949,6239,7128,0.01919720768,0.3246073298
59,0,rank_static,300,3753,rank,15704,30,664,573,0.9111445783,0.9005235602,0.9060500291,3753,3753,3753,0,0
59,0,rank_expanding,300,3697,rank,15704,30,664,573,0.9096385542,0.8987783595,0.9043048284,3697,3697,3697,0,0
59,0,rank_rolling,300,3127,rank,1000,3,664,573,0.8825301205,0.8673647469,0.8737638162,3127,3127,3127,0,0
59,0,margin_static,301,14.49814749,score_margin,16368,31,616,552,0.8766233766,0.8731884058,0.8928743961,3688.403986,4445,7128,0.01992753623,0.2844202899
59,0,margin_rolling,301,16.66322803,score_margin,1000,2,616,552,0.9220779221,0.9221014493,0.9300120773,4365.222826,6941,7128,0.01268115942,0.3677536232
59,0,rank_static,301,3753,rank,16368,31,616,552,0.8717532468,0.8586956522,0.8685990338,3753,3753,3753,0,0
59,0,rank_expanding,301,3685,rank,16368,31,616,552,0.8685064935,0.8550724638,0.8649758454,3685,3685,3685,0,0
59,0,rank_rolling,301,3206,rank,1000,2,616,552,0.8603896104,0.8496376812,0.8583333333,3206,3206,3206,0,0
59,0,margin_static,302,14.49814749,score_margin,16984,32,570,490,0.8421052632,0.8346938776,0.8573420797,3118.363265,693,7128,0.03265306122,0.2387755102
59,0,margin_rolling,302,15.82273245,score_margin,1000,2,570,490,0.8859649123,0.8795918367,0.8993488824,3528.336735,1794,7128,0.02448979592,0.2836734694
59,0,rank_static,302,3753,rank,16984,32,570,490,0.9070175439,0.8959183673,0.9034013605,3753,3753,3753,0,0
59,0,rank_expanding,302,3717,rank,16984,32,570,490,0.9070175439,0.8959183673,0.9034013605,3717,3717,3717,0,0
59,0,rank_rolling,302,4412,rank,1000,2,570,490,0.9298245614,0.9204081633,0.9268707483,4412,4412,4412,0,0
59,0,margin_static,303,14.49814749,score_margin,17554,33,542,485,0.8837638376,0.8762886598,0.8865292096,3193.049485,1010,7128,0.02680412371,0.2577319588
59,0,margin_rolling,303,16.12570095,score_margin,1000,2,542,485,0.9040590406,0.8989690722,0.9071477663,3774.612371,4587,7128,0.01855670103,0.3216494845
59,0,rank_static,303,3753,rank,17554,33,542,485,0.8671586716,0.8577319588,0.8597938144,3753,3753,3753,0,0
59,0,rank_expanding,303,3710,rank,17554,33,542,485,0.8671586716,0.8577319588,0.8597938144,3710,3710,3710,0,0
59,0,rank_rolling,303,4132,rank,1000,2,542,485,0.8819188192,0.8742268041,0.8762886598,4132,4132,4132,0,0
59,0,margin_static,304,14.49814749,score_margin,18096,34,328,281,0.8292682927,0.8185053381,0.8549822064,3062.793594,698,7128,0.02491103203,0.2277580071
59,0,margin_rolling,304,15.55522418,score_margin,1000,2,328,281,0.8475609756,0.8398576512,0.8739620403,3394.893238,1266,7128,0.01779359431,0.256227758
59,0,rank_static,304,3753,rank,18096,34,328,281,0.8993902439,0.896797153,0.9012455516,3753,3753,3753,0,0
59,0,rank_expanding,304,3746,rank,18096,34,328,281,0.8993902439,0.896797153,0.9012455516,3746,3746,3746,0,0
59,0,rank_rolling,304,4110,rank,1000,2,328,281,0.9176829268,0.9181494662,0.9225978648,4110,4110,4110,0,0
59,0,margin_static,305,14.49814749,score_margin,18424,35,328,295,0.8780487805,0.8745762712,0.8959887006,2642.311864,470,7128,0.02372881356,0.206779661
59,0,margin_rolling,305,16.80150071,score_margin,1000,3,328,295,0.9298780488,0.9288135593,0.9410169492,3598.494915,3759,7128,0.01016949153,0.2677966102
59,0,rank_static,305,3753,rank,18424,35,328,295,0.9512195122,0.9457627119,0.9457627119,3753,3753,3753,0,0
59,0,rank_expanding,305,3746,rank,18424,35,328,295,0.9512195122,0.9457627119,0.9457627119,3746,3746,3746,0,0
59,0,rank_rolling,305,4042,rank,1000,3,328,295,0.9573170732,0.9525423729,0.9525423729,4042,4042,4042,0,0
59,0,margin_static,306,14.49814749,score_margin,18752,36,582,513,0.8591065292,0.8674463938,0.8892462638,3044.898635,728,7128,0.03313840156,0.2300194932
59,0,margin_rolling,306,16.32420635,score_margin,1000,3,582,513,0.8934707904,0.9064327485,0.9218973359,3664.185185,4129,7128,0.01754385965,0.306042885
59,0,rank_static,306,3753,rank,18752,36,582,513,0.912371134,0.9025341131,0.9061078622,3753,3753,3753,0,0
59,0,rank_expanding,306,3711,rank,18752,36,582,513,0.912371134,0.9025341131,0.9061078622,3711,3711,3711,0,0
59,0,rank_rolling,306,3452,rank,1000,3,582,513,0.9037800687,0.8927875244,0.8963612736,3452,3452,3452,0,0
59,0,margin_static,307,14.49814749,score_margin,19334,37,588,510,0.8452380952,0.8490196078,0.8729084967,3242.968627,1303.5,7128,0.03333333333,0.2549019608
59,0,margin_rolling,307,16.67482066,score_margin,1000,3,588,510,0.8911564626,0.8980392157,0.9102941176,4047.476471,6080,7128,0.0137254902,0.3294117647
59,0,rank_static,307,3753,rank,19334,37,588,510,0.8928571429,0.8764705882,0.8809803922,3753,3753,3753,0,0
59,0,rank_expanding,307,3698,rank,19334,37,588,510,0.8911564626,0.8745098039,0.8790196078,3698,3698,3698,0,0
59,0,rank_rolling,307,2943,rank,1000,3,588,510,0.8656462585,0.8450980392,0.8515686275,2943,2943,2943,0,0
59,0,margin_static,308,14.49814749,score_margin,19922,38,562,497,0.8612099644,0.8591549296,0.8834914247,3325.806841,1210,7128,0.02414486922,0.2756539235
59,0,margin_rolling,308,16.9900507,score_margin,1000,2,562,497,0.8985765125,0.8953722334,0.9104627767,4034.070423,6373,7128,0.02012072435,0.3782696177
59,0,rank_static,308,3753,rank,19922,38,562,497,0.8736654804,0.8631790744,0.8651911469,3753,3753,3753,0,0
59,0,rank_expanding,308,3708,rank,19922,38,562,497,0.871886121,0.861167002,0.8631790744,3708,3708,3708,0,0
59,0,rank_rolling,308,3657,rank,1000,2,562,497,0.871886121,0.861167002,0.8631790744,3657,3657,3657,0,0
59,0,margin_static,309,14.49814749,score_margin,20484,39,626,535,0.8354632588,0.8411214953,0.8692523364,3362.814953,1546,7128,0.02803738318,0.2803738318
59,0,margin_rolling,309,17.12229824,score_margin,1000,2,626,535,0.9009584665,0.9065420561,0.9248286604,4228.342056,6700,7128,0.01869158879,0.3700934579
59,0,rank_static,309,3753,rank,20484,39,626,535,0.8849840256,0.8710280374,0.877258567,3753,3753,3753,0,0
59,0,rank_expanding,309,3733,rank,20484,39,626,535,0.8849840256,0.8710280374,0.877258567,3733,3733,3733,0,0
59,0,rank_rolling,309,4382,rank,1000,2,626,535,0.8945686901,0.8822429907,0.8884735202,4382,4382,4382,0,0
59,0,margin_static,310,14.49814749,score_margin,21110,40,620,527,0.8806451613,0.880455408,0.9075268817,2688.328273,473,7128,0.02087286528,0.2011385199
59,0,margin_rolling,310,17.14876008,score_margin,1000,2,620,527,0.9338709677,0.9335863378,0.9521821632,3736.833017,4645,7128,0.01328273245,0.275142315
59,0,rank_static,310,3753,rank,21110,40,620,527,0.9387096774,0.9278937381,0.9297912713,3753,3753,3753,0,0
59,0,rank_expanding,310,3753,rank,21110,40,620,527,0.9387096774,0.9278937381,0.9297912713,3753,3753,3753,0,0
59,0,rank_rolling,310,4667,rank,1000,2,620,527,0.95,0.9411764706,0.9430740038,4667,4667,4667,0,0
59,0,margin_static,311,14.49814749,score_margin,21730,41,438,366,0.8538812785,0.8278688525,0.8692167577,2419.516393,360.5,7128,0.02732240437,0.1639344262
59,0,margin_rolling,311,16.00805688,score_margin,1000,2,438,366,0.8926940639,0.8715846995,0.9047358834,2967.128415,723,7128,0.0218579235,0.2158469945
59,0,rank_static,311,3753,rank,21730,41,438,366,0.9178082192,0.9043715847,0.9057377049,3753,3753,3753,0,0
59,0,rank_expanding,311,3710,rank,21730,41,438,366,0.9178082192,0.9043715847,0.9057377049,3710,3710,3710,0,0
59,0,rank_rolling,311,2911,rank,1000,2,438,366,0.8926940639,0.8743169399,0.8775045537,2911,2911,2911,0,0
59,0,margin_static,312,14.49814749,score_margin,22168,42,460,368,0.8326086957,0.847826087,0.870005176,2323.30163,355,7128,0.02717391304,0.160326087
59,0,margin_rolling,312,15.42429733,score_margin,1000,2,460,368,0.8586956522,0.8641304348,0.8898680124,2697.453804,587,7128,0.02173913043,0.1902173913
59,0,rank_static,312,3753,rank,22168,42,460,368,0.9260869565,0.9076086957,0.9223731884,3753,3753,3753,0,0
59,0,rank_expanding,312,3702,rank,22168,42,460,368,0.9260869565,0.9076086957,0.9223731884,3702,3702,3702,0,0
59,0,rank_rolling,312,2586,rank,1000,2,460,368,0.9108695652,0.8913043478,0.9051630435,2586,2586,2586,0,0
59,0,margin_static,313,14.49814749,score_margin,22628,43,794,641,0.8337531486,0.8268330733,0.8635465419,2657.954758,344,7128,0.03588143526,0.2043681747
59,0,margin_rolling,313,16.95094931,score_margin,1000,3,794,641,0.8891687657,0.8783151326,0.9089183567,3471.570983,1834,7128,0.01872074883,0.2605304212
59,0,rank_static,313,3753,rank,22628,43,794,641,0.919395466,0.9001560062,0.904524181,3753,3753,3753,0,0
59,0,rank_expanding,313,3685,rank,22628,43,794,641,0.919395466,0.9001560062,0.904524181,3685,3685,3685,0,0
59,0,rank_rolling,313,2590,rank,1000,3,794,641,0.8866498741,0.8611544462,0.8678627145,2590,2590,2590,0,0
59,0,margin_static,314,14.49814749,score_margin,23422,44,678,585,0.8421828909,0.8393162393,0.8660724461,2647.116239,497,7128,0.03076923077,0.2034188034
59,0,margin_rolling,314,17.59503412,score_margin,1000,2,678,585,0.9056047198,0.9042735043,0.922983313,3775.687179,5020,7128,0.0188034188,0.2786324786
59,0,rank_static,314,3753,rank,23422,44,678,585,0.9351032448,0.9247863248,0.9310948311,3753,3753,3753,0,0
59,0,rank_expanding,314,3658,rank,23422,44,678,585,0.9321533923,0.9213675214,0.9276760277,3658,3658,3658,0,0
59,0,rank_rolling,314,2823,rank,1000,2,678,585,0.9174041298,0.9042735043,0.9122914123,2823,2823,2823,0,0
59,0,margin_static,315,14.49814749,score_margin,24100,45,774,660,0.8514211886,0.8454545455,0.8673232323,2535.563636,411,7128,0.03636363636,0.1681818182
59,0,margin_rolling,315,17.74859428,score_margin,1000,2,774,660,0.9018087855,0.8984848485,0.9175757576,3784.292424,5093.5,7128,0.01515151515,0.2803030303
59,0,rank_static,315,3753,rank,24100,45,774,660,0.9366925065,0.9303030303,0.9337121212,3753,3753,3753,0,0
59,0,rank_expanding,315,3631,rank,24100,45,774,660,0.9328165375,0.9257575758,0.9301767677,3631,3631,3631,0,0
59,0,rank_rolling,315,2467,rank,1000,2,774,660,0.9043927649,0.8924242424,0.9021464646,2467,2467,2467,0,0
59,0,margin_static,316,14.49814749,score_margin,24874,46,758,622,0.8548812665,0.845659164,0.8695069668,2879.921222,677.5,7128,0.02411575563,0.2041800643
59,0,margin_rolling,316,18.78865147,score_margin,1000,2,758,622,0.9366754617,0.9324758842,0.94528403,4492.808682,6759.5,7128,0.01286173633,0.3183279743
59,0,rank_static,316,3753,rank,24874,46,758,622,0.9221635884,0.9051446945,0.9059485531,3753,3753,3753,0,0
59,0,rank_expanding,316,3587,rank,24874,46,758,622,0.9182058047,0.9003215434,0.9011254019,3587,3587,3587,0,0
59,0,rank_rolling,316,2362,rank,1000,2,758,622,0.8905013193,0.8665594855,0.8681672026,2362,2362,2362,0,0
59,0,margin_static,317,14.49814749,score_margin,25632,47,630,559,0.826984127,0.8228980322,0.8463923673,2305.484794,274,7128,0.02862254025,0.1610017889
59,0,margin_rolling,317,16.52362442,score_margin,1000,2,630,559,0.8746031746,0.8676207513,0.8856887299,3000.799642,989,7128,0.01967799642,0.2021466905
59,0,rank_static,317,3753,rank,25632,47,630,559,0.9174603175,0.9069767442,0.9120751342,3753,3753,3753,0,0
59,0,rank_expanding,317,3571,rank,25632,47,630,559,0.9095238095,0.8980322004,0.9031305903,3571,3571,3571,0,0
59,0,rank_rolling,317,2908,rank,1000,2,630,559,0.9015873016,0.8890876565,0.8953786524,2908,2908,2908,0,0
59,0,margin_static,318,14.49814749,score_margin,26262,48,342,308,0.783625731,0.788961039,0.8100649351,2274.493506,237.5,7128,0.02272727273,0.1785714286
59,0,margin_rolling,318,17.85542202,score_margin,1000,2,342,308,0.9064327485,0.9090909091,0.9253246753,3307.399351,1257,7128,0.01623376623,0.25
59,0,rank_static,318,3753,rank,26262,48,342,308,0.8947368421,0.8831168831,0.8869047619,3753,3753,3753,0,0
59,0,rank_expanding,318,3556,rank,26262,48,342,308,0.8888888889,0.8766233766,0.8804112554,3556,3556,3556,0,0
59,0,rank_rolling,318,2973,rank,1000,2,342,308,0.8713450292,0.8571428571,0.8625541126,2973,2973,2973,0,0
59,0,margin_static,319,14.49814749,score_margin,26604,49,324,290,0.8425925926,0.8275862069,0.8396551724,2310.141379,261.5,7128,0.03103448276,0.1724137931
59,0,margin_rolling,319,17.81780338,score_margin,1000,3,324,290,0.9320987654,0.924137931,0.9327586207,3501.906897,2038.5,7128,0.01724137931,0.2551724138
59,0,rank_static,319,3753,rank,26604,49,324,290,0.9413580247,0.9344827586,0.9344827586,3753,3753,3753,0,0
59,0,rank_expanding,319,3569,rank,26604,49,324,290,0.9382716049,0.9310344828,0.9310344828,3569,3569,3569,0,0
59,0,rank_rolling,319,3484,rank,1000,3,324,290,0.9382716049,0.9310344828,0.9310344828,3484,3484,3484,0,0
59,0,margin_static,320,14.49814749,score_margin,26928,50,736,646,0.8301630435,0.8390092879,0.8550739594,2935.837461,547.5,7128,0.02631578947,0.2229102167
59,0,margin_rolling,320,17.59321606,score_margin,1000,3,736,646,0.8994565217,0.9055727554,0.9176642587,3873.540248,5584,7128,0.01702786378,0.3281733746
59,0,rank_static,320,3753,rank,26928,50,736,646,0.9089673913,0.899380805,0.9011867905,3753,3753,3753,0,0
59,0,rank_expanding,320,3541,rank,26928,50,736,646,0.9048913043,0.8947368421,0.8977812178,3541,3541,3541,0,0
59,0,rank_rolling,320,3032,rank,1000,3,736,646,0.8899456522,0.8777089783,0.8823013416,3032,3032,3032,0,0
59,0,margin_static,321,14.49814749,score_margin,27664,51,680,603,0.8558823529,0.8457711443,0.864013267,2678.81592,384,7128,0.03150912106,0.1956882255
59,0,margin_rolling,321,17.14765739,score_margin,1000,2,680,603,0.9029411765,0.8955223881,0.9096185738,3608.766169,2849,7128,0.01824212272,0.2769485904
59,0,rank_static,321,3753,rank,27664,51,680,603,0.9161764706,0.9087893864,0.9137645108,3753,3753,3753,0,0
59,0,rank_expanding,321,3537,rank,27664,51,680,603,0.9102941176,0.9021558872,0.9071310116,3537,3537,3537,0,0
59,0,rank_rolling,321,3093,rank,1000,2,680,603,0.9029411765,0.8938640133,0.8988391376,3093,3093,3093,0,0
59,0,margin_static,322,14.49814749,score_margin,28344,52,668,595,0.8532934132,0.8504201681,0.8621848739,2799.747899,607,7128,0.03361344538,0.2050420168
59,0,margin_rolling,322,18.14680576,score_margin,1000,2,668,595,0.9266467066,0.9260504202,0.9366946779,4049.838655,5998,7128,0.01176470588,0.3226890756
59,0,rank_static,322,3753,rank,28344,52,668,595,0.8922155689,0.8806722689,0.8820728291,3753,3753,3753,0,0
59,0,rank_expanding,322,3525,rank,28344,52,668,595,0.8877245509,0.8773109244,0.8781512605,3525,3525,3525,0,0
59,0,rank_rolling,322,3322,rank,1000,2,668,595,0.8817365269,0.8705882353,0.8731092437,3322,3322,3322,0,0
59,0,margin_static,323,14.49814749,score_margin,29012,53,668,600,0.8203592814,0.8183333333,0.8386111111,2642.703333,485,7128,0.02666666667,0.1783333333
59,0,margin_rolling,323,17.02589607,score_margin,1000,2,668,600,0.8847305389,0.885,0.9036111111,3579.973333,2262,7128,0.01166666667,0.2333333333
59,0,rank_static,323,3753,rank,29012,53,668,600,0.9011976048,0.8933333333,0.895,3753,3753,3753,0,0
59,0,rank_expanding,323,3537,rank,29012,53,668,600,0.8982035928,0.89,0.8925,3537,3537,3537,0,0
59,0,rank_rolling,323,3643,rank,1000,2,668,600,0.8997005988,0.8916666667,0.8933333333,3643,3643,3643,0,0
59,0,margin_static,324,14.49814749,score_margin,29680,54,796,650,0.7914572864,0.7953846154,0.8295384615,2660.423077,428.5,7128,0.03076923077,0.1938461538
59,0,margin_rolling,324,17.36526096,score_margin,1000,2,796,650,0.8756281407,0.8753846154,0.9067179487,3654.556923,4070.5,7128,0.01692307692,0.2553846154
59,0,rank_static,324,3753,rank,29680,54,796,650,0.925879397,0.9092307692,0.9180769231,3753,3753,3753,0,0
59,0,rank_expanding,324,3538,rank,29680,54,796,650,0.9195979899,0.9015384615,0.9121794872,3538,3538,3538,0,0
59,0,rank_rolling,324,3788,rank,1000,2,796,650,0.9296482412,0.9138461538,0.9226923077,3788,3788,3788,0,0
59,0,margin_static,325,14.49814749,score_margin,30476,55,398,360,0.7713567839,0.7722222222,0.7925925926,2531.419444,212,7128,0.05833333333,0.2138888889
59,0,margin_rolling,325,18.22236443,score_margin,1000,2,398,360,0.8793969849,0.8777777778,0.8893518519,3455.727778,1269,7128,0.025,0.3083333333
59,0,rank_static,325,3753,rank,30476,55,398,360,0.9170854271,0.9083333333,0.9097222222,3753,3753,3753,0,0
59,0,rank_expanding,325,3520,rank,30476,55,398,360,0.9095477387,0.9,0.9055555556,3520,3520,3520,0,0
59,0,rank_rolling,325,3044,rank,1000,2,398,360,0.8969849246,0.8861111111,0.8916666667,3044,3044,3044,0,0
59,0,margin_static,326,14.49814749,score_margin,30874,56,422,348,0.7914691943,0.7873563218,0.819085249,2075.827586,160,7128,0.04310344828,0.1350574713
59,0,margin_rolling,326,18.59259701,score_margin,1000,2,422,348,0.8886255924,0.8649425287,0.8926005747,3116.284483,870.5,7128,0.01436781609,0.2557471264
59,0,rank_static,326,3753,rank,30874,56,422,348,0.9360189573,0.9252873563,0.9355842912,3753,3753,3753,0,0
59,0,rank_expanding,326,3514,rank,30874,56,422,348,0.9360189573,0.9252873563,0.9355842912,3514,3514,3514,0,0
59,0,rank_rolling,326,2912,rank,1000,2,422,348,0.9289099526,0.9166666667,0.9269636015,2912,2912,2912,0,0
59,0,margin_static,327,14.49814749,score_margin,31296,57,738,621,0.7940379404,0.8051529791,0.8322866345,2665.120773,312,7128,0.03703703704,0.2061191626
59,0,margin_rolling,327,19.14528894,score_margin,1000,3,738,621,0.906504065,0.9049919485,0.9309447128,3960.561997,5787,7128,0.01610305958,0.3317230274
59,0,rank_static,327,3753,rank,31296,57,738,621,0.906504065,0.8904991948,0.898819109,3753,3753,3753,0,0
59,0,rank_expanding,327,3500,rank,31296,57,738,621,0.8956639566,0.8776167472,0.8859366613,3500,3500,3500,0,0
59,0,rank_rolling,327,2696,rank,1000,3,738,621,0.879403794,0.8582930757,0.8666129898,2696,2696,2696,0,0
59,0,margin_static,328,14.49814749,score_margin,32034,58,600,526,0.8116666667,0.825095057,0.8447582835,2689.815589,422,7128,0.04182509506,0.174904943
59,0,margin_rolling,328,18.75699615,score_margin,1000,2,600,526,0.92,0.9182509506,0.9332337498,4006.762357,6417,7128,0.01520912548,0.3231939163
59,0,rank_static,328,3753,rank,32034,58,600,526,0.94,0.9315589354,0.9315589354,3753,3753,3753,0,0
59,0,rank_expanding,328,3502,rank,32034,58,600,526,0.935,0.9258555133,0.9271229404,3502,3502,3502,0,0
59,0,rank_rolling,328,3393,rank,1000,2,600,526,0.9316666667,0.9220532319,0.9233206591,3393,3393,3393,0,0
59,0,margin_static,329,14.49814749,score_margin,32634,59,684,599,0.7997076023,0.8130217028,0.8278241514,2653.866444,314,7128,0.03005008347,0.2086811352
59,0,margin_rolling,329,18.52680766,score_margin,1000,2,684,599,0.9078947368,0.9065108514,0.9196994992,3873.006678,5265,7128,0.01001669449,0.3138564274
59,0,rank_static,329,3753,rank,32634,59,684,599,0.9005847953,0.8898163606,0.8984418475,3753,3753,3753,0,0
59,0,rank_expanding,329,3478,rank,32634,59,684,599,0.8932748538,0.8814691152,0.8900946021,3478,3478,3478,0,0
59,0,rank_rolling,329,2716,rank,1000,2,684,599,0.8728070175,0.858096828,0.8686700056,2716,2716,2716,0,0
59,0,margin_static,330,14.49814749,score_margin,33318,60,640,580,0.8265625,0.8327586207,0.8406609195,2493.356897,338,7128,0.03275862069,0.1827586207
59,0,margin_rolling,330,18.11911941,score_margin,1000,2,640,580,0.9125,0.9137931034,0.9222701149,3718.744828,4679.5,7128,0.01379310345,0.2844827586
59,0,rank_static,330,3753,rank,33318,60,640,580,0.90625,0.8965517241,0.9,3753,3753,3753,0,0
59,0,rank_expanding,330,3481,rank,33318,60,640,580,0.903125,0.8931034483,0.8965517241,3481,3481,3481,0,0
59,0,rank_rolling,330,3204,rank,1000,2,640,580,0.8984375,0.8879310345,0.8913793103,3204,3204,3204,0,0
59,0,margin_static,331,14.49814749,score_margin,33958,61,506,474,0.847826087,0.8481012658,0.8549578059,2615.761603,296,7128,0.03164556962,0.1835443038
59,0,margin_rolling,331,17.85261059,score_margin,1000,2,506,474,0.9110671937,0.9156118143,0.9193037975,3664.637131,4267,7128,0.01476793249,0.2679324895
59,0,rank_static,331,3753,rank,33958,61,506,474,0.9407114625,0.9367088608,0.9377637131,3753,3753,3753,0,0
59,0,rank_expanding,331,3480,rank,33958,61,506,474,0.9387351779,0.9345991561,0.9356540084,3480,3480,3480,0,0
59,0,rank_rolling,331,3518,rank,1000,2,506,474,0.9387351779,0.9345991561,0.9356540084,3518,3518,3518,0,0
59,0,margin_static,332,14.49814749,score_margin,34464,62,318,300,0.8364779874,0.8366666667,0.8472222222,2462.71,260,7128,0.05333333333,0.2
59,0,margin_rolling,332,17.5840435,score_margin,1000,2,318,300,0.8962264151,0.8933333333,0.9016666667,3314.513333,1259,7128,0.02,0.27
59,0,rank_static,332,3753,rank,34464,62,318,300,0.9213836478,0.9166666667,0.9166666667,3753,3753,3753,0,0
59,0,rank_expanding,332,3459,rank,34464,62,318,300,0.9213836478,0.9166666667,0.9166666667,3459,3459,3459,0,0
59,0,rank_rolling,332,2844,rank,1000,2,318,300,0.9025157233,0.8966666667,0.8966666667,2844,2844,2844,0,0
59,0,margin_static,333,14.49814749,score_margin,34782,63,342,312,0.798245614,0.7884615385,0.813034188,2572.128205,239,7128,0.05448717949,0.1762820513
59,0,margin_rolling,333,17.64881146,score_margin,1000,3,342,312,0.8830409357,0.8782051282,0.8958333333,3331.032051,1281,7128,0.02564102564,0.2788461538
59,0,rank_static,333,3753,rank,34782,63,342,312,0.9269005848,0.9198717949,0.921474359,3753,3753,3753,0,0
59,0,rank_expanding,333,3447,rank,34782,63,342,312,0.9239766082,0.9166666667,0.9182692308,3447,3447,3447,0,0
59,0,rank_rolling,333,2668,rank,1000,3,342,312,0.8918128655,0.8814102564,0.8867521368,2668,2668,2668,0,0
59,0,margin_static,334,14.49814749,score_margin,35124,64,700,633,0.8342857143,0.8388625592,0.8524749868,2354.489731,244,7128,0.0458135861,0.1690363349
59,0,margin_rolling,334,17.74789774,score_margin,1000,3,700,633,0.8971428571,0.9036334913,0.9147446024,3429.671406,2031,7128,0.02369668246,0.2417061611
59,0,rank_static,334,3753,rank,35124,64,700,633,0.9114285714,0.9083728278,0.9117956819,3753,3753,3753,0,0
59,0,rank_expanding,334,3441,rank,35124,64,700,633,0.8957142857,0.8909952607,0.8944181148,3441,3441,3441,0,0
59,0,rank_rolling,334,2761,rank,1000,3,700,633,0.8842857143,0.87835703,0.8846761453,2761,2761,2761,0,0
59,0,margin_static,335,14.49814749,score_margin,35824,65,656,587,0.8170731707,0.8126064736,0.8299829642,2401.080068,248,7128,0.04599659284,0.195911414
59,0,margin_rolling,335,18.16077518,score_margin,1000,2,656,587,0.8887195122,0.8875638842,0.900681431,3496.981261,1842,7128,0.01873935264,0.2844974446
59,0,rank_static,335,3753,rank,35824,65,656,587,0.8963414634,0.8875638842,0.8918228279,3753,3753,3753,0,0
59,0,rank_expanding,335,3445,rank,35824,65,656,587,0.8841463415,0.8756388416,0.8818852924,3445,3445,3445,0,0
59,0,rank_rolling,335,3333,rank,1000,2,656,587,0.8841463415,0.8756388416,0.8818852924,3333,3333,3333,0,0
59,0,margin_static,336,14.49814749,score_margin,36480,66,632,551,0.7911392405,0.7858439201,0.8136116152,2489.335753,343,7128,0.04718693285,0.1960072595
59,0,margin_rolling,336,18.95746714,score_margin,1000,2,632,551,0.8971518987,0.8965517241,0.9138535995,3956.716878,5670,7128,0.01996370236,0.3049001815
59,0,rank_static,336,3753,rank,36480,66,632,551,0.9003164557,0.889292196,0.8956442831,3753,3753,3753,0,0
59,0,rank_expanding,336,3457,rank,36480,66,632,551,0.8892405063,0.8765880218,0.8841500302,3457,3457,3457,0,0
59,0,rank_rolling,336,3647,rank,1000,2,632,551,0.8987341772,0.887477314,0.8950393224,3647,3647,3647,0,0
59,0,margin_static,337,14.49814749,score_margin,37112,67,552,492,0.8115942029,0.825203252,0.8411246612,2465.050813,269.5,7128,0.0325203252,0.168699187
59,0,margin_rolling,337,19.18881035,score_margin,1000,2,552,492,0.9039855072,0.906504065,0.9211382114,3762.985772,4512.5,7128,0.01422764228,0.2865853659
59,0,rank_static,337,3753,rank,37112,67,552,492,0.9076086957,0.8963414634,0.8997289973,3753,3753,3753,0,0
59,0,rank_expanding,337,3461,rank,37112,67,552,492,0.8985507246,0.8861788618,0.8895663957,3461,3461,3461,0,0
59,0,rank_rolling,337,3736,rank,1000,2,552,492,0.9076086957,0.8963414634,0.8997289973,3736,3736,3736,0,0
59,0,margin_static,338,14.49814749,score_margin,37664,68,496,457,0.7963709677,0.8074398249,0.8154631656,2393.792123,266,7128,0.04595185996,0.1772428884
59,0,margin_rolling,338,19.43563628,score_margin,1000,2,496,457,0.9112903226,0.9212253829,0.9303428155,3964.90372,5767,7128,0.01312910284,0.306345733
59,0,rank_static,338,3753,rank,37664,68,496,457,0.9254032258,0.9190371991,0.9190371991,3753,3753,3753,0,0
59,0,rank_expanding,338,3465,rank,37664,68,496,457,0.9213709677,0.9146608315,0.9146608315,3465,3465,3465,0,0
59,0,rank_rolling,338,3737,rank,1000,2,496,457,0.9254032258,0.9190371991,0.9190371991,3737,3737,3737,0,0
59,0,margin_static,339,14.49814749,score_margin,38160,69,328,297,0.7957317073,0.7912457912,0.8108866442,1946.878788,157,7128,0.05387205387,0.1077441077
59,0,margin_rolling,339,18.72210693,score_margin,1000,2,328,297,0.9054878049,0.9023569024,0.9116161616,3132.468013,1171,7128,0.03367003367,0.2255892256
59,0,rank_static,339,3753,rank,38160,69,328,297,0.8902439024,0.8888888889,0.8945005612,3753,3753,3753,0,0
59,0,rank_expanding,339,3451,rank,38160,69,328,297,0.8902439024,0.8888888889,0.8945005612,3451,3451,3451,0,0
59,0,rank_rolling,339,3373,rank,1000,2,328,297,0.8902439024,0.8888888889,0.8945005612,3373,3373,3373,0,0
59,0,margin_static,340,14.49814749,score_margin,38488,70,328,303,0.7835365854,0.7887788779,0.803080308,2418.293729,203,7128,0.02640264026,0.1551155116
59,0,margin_rolling,340,18.92822599,score_margin,1000,3,328,303,0.8963414634,0.897689769,0.9075907591,3591.669967,2060,7128,0.01650165017,0.303630363
59,0,rank_static,340,3753,rank,38488,70,328,303,0.9146341463,0.9075907591,0.9075907591,3753,3753,3753,0,0
59,0,rank_expanding,340,3457,rank,38488,70,328,303,0.9054878049,0.897689769,0.899339934,3457,3457,3457,0,0
59,0,rank_rolling,340,3373,rank,1000,3,328,303,0.9024390244,0.8943894389,0.896039604,3373,3373,3373,0,0
59,0,margin_static,341,14.49814749,score_margin,38816,71,576,519,0.8246527778,0.8400770713,0.8520231214,2402.759152,244,7128,0.04624277457,0.1657032755
59,0,margin_rolling,341,18.65834999,score_margin,1000,3,576,519,0.8819444444,0.894026975,0.905973025,3638.537572,4235,7128,0.02312138728,0.2716763006
59,0,rank_static,341,3753,rank,38816,71,576,519,0.8993055556,0.8882466281,0.8958895311,3753,3753,3753,0,0
59,0,rank_expanding,341,3453,rank,38816,71,576,519,0.8836805556,0.8709055877,0.8785484907,3453,3453,3453,0,0
59,0,rank_rolling,341,3439,rank,1000,3,576,519,0.8836805556,0.8709055877,0.8785484907,3439,3439,3439,0,0
59,0,margin_static,342,14.49814749,score_margin,39392,72,636,565,0.8191823899,0.8088495575,0.8306784661,2572.644248,241,7128,0.04955752212,0.1982300885
59,0,margin_rolling,342,19.43259076,score_margin,1000,3,636,565,0.8962264151,0.8920353982,0.9073746313,3910.513274,5687,7128,0.01415929204,0.3327433628
59,0,rank_static,342,3753,rank,39392,72,636,565,0.9213836478,0.9115044248,0.9156342183,3753,3753,3753,0,0
59,0,rank_expanding,342,3465,rank,39392,72,636,565,0.9119496855,0.9008849558,0.9050147493,3465,3465,3465,0,0
59,0,rank_rolling,342,3713,rank,1000,3,636,565,0.9213836478,0.9115044248,0.9156342183,3713,3713,3713,0,0
59,0,margin_static,343,14.49814749,score_margin,40028,73,642,567,0.7710280374,0.7671957672,0.7834215168,2736.763668,455,7128,0.04232804233,0.1922398589
59,0,margin_rolling,343,20.53830671,score_margin,1000,2,642,567,0.8894080997,0.8906525573,0.9051146384,4552.511464,6968,7128,0.01587301587,0.3844797178
59,0,rank_static,343,3753,rank,40028,73,642,567,0.8909657321,0.8765432099,0.8840388007,3753,3753,3753,0,0
59,0,rank_expanding,343,3457,rank,40028,73,642,567,0.8816199377,0.8659611993,0.8743386243,3457,3457,3457,0,0
59,0,rank_rolling,343,3443,rank,1000,2,642,567,0.8816199377,0.8659611993,0.8743386243,3443,3443,3443,0,0
59,0,margin_static,344,14.49814749,score_margin,40670,74,650,582,0.7753846154,0.7680412371,0.7909507446,2500.400344,189.5,7128,0.05154639175,0.1958762887
59,0,margin_rolling,344,20.69060898,score_margin,1000,2,650,582,0.8938461538,0.8883161512,0.9034936999,4156.281787,6485.5,7128,0.01374570447,0.3470790378
59,0,rank_static,344,3753,rank,40670,74,650,582,0.92,0.910652921,0.9140893471,3753,3753,3753,0,0
59,0,rank_expanding,344,3472,rank,40670,74,650,582,0.9184615385,0.9089347079,0.912371134,3472,3472,3472,0,0
59,0,rank_rolling,344,3730,rank,1000,2,650,582,0.92,0.910652921,0.9140893471,3730,3730,3730,0,0
59,0,margin_static,345,14.49814749,score_margin,41320,75,586,501,0.8344709898,0.8203592814,0.8399866933,2652.550898,276,7128,0.05389221557,0.2035928144
59,0,margin_rolling,345,21.38215232,score_margin,1000,2,586,501,0.9249146758,0.9161676647,0.9281437126,4333.712575,6889,7128,0.00998003992,0.4031936128
59,0,rank_static,345,3753,rank,41320,75,586,501,0.9163822526,0.9021956088,0.9091816367,3753,3753,3753,0,0
59,0,rank_expanding,345,3457,rank,41320,75,586,501,0.9010238908,0.8842315369,0.8922155689,3457,3457,3457,0,0
59,0,rank_rolling,345,3320,rank,1000,2,586,501,0.8941979522,0.876247505,0.8842315369,3320,3320,3320,0,0
59,0,margin_static,346,14.49814749,score_margin,41906,76,224,197,0.7991071429,0.8020304569,0.8257191201,1711.654822,101,7128,0.03553299492,0.1472081218
59,0,margin_rolling,346,19.9884007,score_margin,1000,2,224,197,0.8794642857,0.8781725888,0.9010152284,2951.837563,1068,7128,0.01015228426,0.2385786802
59,0,rank_static,346,3753,rank,41906,76,224,197,0.9598214286,0.9543147208,0.9568527919,3753,3753,3753,0,0
59,0,rank_expanding,346,3457,rank,41906,76,224,197,0.9508928571,0.9441624365,0.9467005076,3457,3457,3457,0,0
59,0,rank_rolling,346,3118,rank,1000,2,224,197,0.9464285714,0.9390862944,0.9416243655,3118,3118,3118,0,0
59,0,margin_static,347,14.49814749,score_margin,42130,77,306,277,0.839869281,0.8411552347,0.853188929,1917.98917,114,7128,0.03971119134,0.1371841155
59,0,margin_rolling,347,19.42960584,score_margin,1000,3,306,277,0.931372549,0.9314079422,0.9392298436,3075.115523,750,7128,0.01083032491,0.2563176895
59,0,rank_static,347,3753,rank,42130,77,306,277,0.9379084967,0.9314079422,0.9338146811,3753,3753,3753,0,0
59,0,rank_expanding,347,3445,rank,42130,77,306,277,0.9117647059,0.9025270758,0.9049338147,3445,3445,3445,0,0
59,0,rank_rolling,347,3041,rank,1000,3,306,277,0.908496732,0.8989169675,0.9013237064,3041,3041,3041,0,0
59,0,margin_static,348,14.49814749,score_margin,42436,78,714,610,0.799719888,0.7868852459,0.8084699454,2246.588525,151,7128,0.04590163934,0.1655737705
59,0,margin_rolling,348,18.97921467,score_margin,1000,3,714,610,0.8865546218,0.8836065574,0.8978142077,3339.818033,1501.5,7128,0.0262295082,0.2672131148
59,0,rank_static,348,3753,rank,42436,78,714,610,0.9033613445,0.8868852459,0.8901639344,3753,3753,3753,0,0
59,0,rank_expanding,348,3442,rank,42436,78,714,610,0.8921568627,0.8754098361,0.8778688525,3442,3442,3442,0,0
59,0,rank_rolling,348,3078,rank,1000,3,714,610,0.8865546218,0.868852459,0.8713114754,3078,3078,3078,0,0
59,0,margin_static,349,14.49814749,score_margin,43150,79,600,545,0.7583333333,0.7559633028,0.7755351682,2187.711927,136,7128,0.03302752294,0.1706422018
59,0,margin_rolling,349,19.21385384,score_margin,1000,2,600,545,0.845,0.8440366972,0.855351682,3268.484404,1338,7128,0.01100917431,0.271559633
59,0,rank_static,349,3753,rank,43150,79,600,545,0.93,0.9229357798,0.9259938838,3753,3753,3753,0,0
59,0,rank_expanding,349,3446,rank,43150,79,600,545,0.9183333333,0.9100917431,0.9143730887,3446,3446,3446,0,0
59,0,rank_rolling,349,3498,rank,1000,2,600,545,0.9283333333,0.9211009174,0.9241590214,3498,3498,3498,0,0
59,0,margin_static,350,14.49814749,score_margin,43750,80,656,560,0.7515243902,0.7410714286,0.771577381,1930.785714,109,7128,0.07321428571,0.1321428571
59,0,margin_rolling,350,21.69722724,score_margin,1000,2,656,560,0.8993902439,0.8928571429,0.9172916667,3669.333929,4134,7128,0.01428571429,0.2982142857
59,0,rank_static,350,3753,rank,43750,80,656,560,0.9161585366,0.9071428571,0.9117559524,3753,3753,3753,0,0
59,0,rank_expanding,350,3438,rank,43750,80,656,560,0.9100609756,0.9,0.9046130952,3438,3438,3438,0,0
59,0,rank_rolling,350,3088,rank,1000,2,656,560,0.9039634146,0.8928571429,0.8974702381,3088,3088,3088,0,0
59,0,margin_static,351,14.49814749,score_margin,44406,81,522,476,0.754789272,0.7584033613,0.7780112045,1993.834034,103,7128,0.06722689076,0.1617647059
59,0,margin_rolling,351,21.76467705,score_margin,1000,2,522,476,0.8850574713,0.8865546218,0.9072128852,3609.89916,3841,7128,0.02521008403,0.2920168067
59,0,rank_static,351,3753,rank,44406,81,522,476,0.898467433,0.8886554622,0.8897058824,3753,3753,3753,0,0
59,0,rank_expanding,351,3431,rank,44406,81,522,476,0.8812260536,0.8697478992,0.8728991597,3431,3431,3431,0,0
59,0,rank_rolling,351,3062,rank,1000,2,522,476,0.867816092,0.8550420168,0.8581932773,3062,3062,3062,0,0
59,0,margin_static,352,14.49814749,score_margin,44928,82,462,415,0.7316017316,0.7373493976,0.7553212851,1903.573494,129,7128,0.07951807229,0.134939759
59,0,margin_rolling,352,22.1620034,score_margin,1000,2,462,415,0.9069264069,0.9084337349,0.9293172691,3974.448193,5946,7128,0.01686746988,0.2843373494
59,0,rank_static,352,3753,rank,44928,82,462,415,0.9134199134,0.9108433735,0.9148594378,3753,3753,3753,0,0
59,0,rank_expanding,352,3441,rank,44928,82,462,415,0.9134199134,0.9108433735,0.9148594378,3441,3441,3441,0,0
59,0,rank_rolling,352,3488,rank,1000,2,462,415,0.9134199134,0.9108433735,0.9148594378,3488,3488,3488,0,0
59,0,margin_static,353,14.49814749,score_margin,45390,83,242,226,0.7190082645,0.7256637168,0.7367256637,1731.29646,99,7128,0.08849557522,0.110619469
59,0,margin_rolling,353,22.335706,score_margin,1000,3,242,226,0.8636363636,0.8628318584,0.8761061947,3656.216814,4142.5,7128,0.03097345133,0.3053097345
59,0,rank_static,353,3753,rank,45390,83,242,226,0.8760330579,0.8672566372,0.8761061947,3753,3753,3753,0,0
59,0,rank_expanding,353,3435,rank,45390,83,242,226,0.8636363636,0.8539823009,0.8650442478,3435,3435,3435,0,0
59,0,rank_rolling,353,3488,rank,1000,3,242,226,0.867768595,0.8584070796,0.8694690265,3488,3488,3488,0,0
59,0,margin_static,354,14.49814749,score_margin,45632,84,238,227,0.731092437,0.7356828194,0.7393538913,2073.004405,144,7128,0.04845814978,0.154185022
59,0,margin_rolling,354,22.59696519,score_margin,1000,3,238,227,0.8907563025,0.8898678414,0.8979441997,4174.114537,6455,7128,0.008810572687,0.3436123348
59,0,rank_static,354,3753,rank,45632,84,238,227,0.8697478992,0.8634361233,0.8634361233,3753,3753,3753,0,0
59,0,rank_expanding,354,3442,rank,45632,84,238,227,0.8655462185,0.859030837,0.859030837,3442,3442,3442,0,0
59,0,rank_rolling,354,3691,rank,1000,3,238,227,0.8655462185,0.859030837,0.859030837,3691,3691,3691,0,0
59,0,margin_static,355,14.49814749,score_margin,45870,85,578,506,0.7041522491,0.7193675889,0.7415772633,2232.424901,155.5,7128,0.08300395257,0.1699604743
59,0,margin_rolling,355,23.53944206,score_margin,1000,4,578,506,0.901384083,0.9071146245,0.926242236,4566.444664,7065,7128,0.01383399209,0.4110671937
59,0,rank_static,355,3753,rank,45870,85,578,506,0.8633217993,0.8517786561,0.8627423301,3753,3753,3753,0,0
59,0,rank_expanding,355,3447,rank,45870,85,578,506,0.8546712803,0.847826087,0.858789761,3447,3447,3447,0,0
59,0,rank_rolling,355,3963,rank,1000,4,578,506,0.8685121107,0.8557312253,0.8673536608,3963,3963,3963,0,0
59,0,margin_static,356,14.49814749,score_margin,46448,86,548,483,0.7390510949,0.7391304348,0.7584541063,2143.619048,124,7128,0.06625258799,0.1594202899
59,0,margin_rolling,356,23.85264063,score_margin,1000,3,548,483,0.9215328467,0.9213250518,0.9289164941,4395.490683,6858,7128,0.01035196687,0.3892339545
59,0,rank_static,356,3753,rank,46448,86,548,483,0.8905109489,0.8881987578,0.8940648723,3753,3753,3753,0,0
59,0,rank_expanding,356,3473,rank,46448,86,548,483,0.8740875912,0.8737060041,0.8806073154,3473,3473,3473,0,0
59,0,rank_rolling,356,5059,rank,1000,3,548,483,0.9178832117,0.9109730849,0.9195997239,5059,5059,5059,0,0
59,0,margin_static,357,14.49814749,score_margin,46996,87,406,363,0.7487684729,0.7658402204,0.7775482094,1450.407713,84,7126.8,0.07713498623,0.09917355372
59,0,margin_rolling,357,22.8403616,score_margin,1000,2,406,363,0.9310344828,0.9338842975,0.9426078972,3750.322314,4510,7128,0.02479338843,0.2561983471
59,0,rank_static,357,3753,rank,46996,87,406,363,0.9310344828,0.9311294766,0.9338842975,3753,3753,3753,0,0
59,0,rank_expanding,357,3479,rank,46996,87,406,363,0.9261083744,0.9256198347,0.9283746556,3479,3479,3479,0,0
59,0,rank_rolling,357,4866,rank,1000,2,406,363,0.9433497537,0.9449035813,0.9476584022,4866,4866,4866,0,0
59,0,margin_static,358,14.49814749,score_margin,47402,88,300,276,0.7533333333,0.7572463768,0.7747584541,1598.434783,66,7128,0.0615942029,0.1413043478
59,0,margin_rolling,358,22.0409584,score_margin,1000,3,300,276,0.8833333333,0.8768115942,0.8973429952,3161.184783,969,7128,0.01449275362,0.2427536232
59,0,rank_static,358,3753,rank,47402,88,300,276,0.9233333333,0.9166666667,0.9166666667,3753,3753,3753,0,0
59,0,rank_expanding,358,3474,rank,47402,88,300,276,0.9166666667,0.9094202899,0.9094202899,3474,3474,3474,0,0
59,0,rank_rolling,358,3702,rank,1000,3,300,276,0.9233333333,0.9166666667,0.9166666667,3702,3702,3702,0,0
59,0,margin_static,359,14.49814749,score_margin,47702,89,330,312,0.8363636364,0.8429487179,0.8498931624,2569.740385,267.5,7128,0.04166666667,0.1826923077
59,0,margin_rolling,359,22.07195526,score_margin,1000,3,330,312,0.9545454545,0.9551282051,0.9599358974,4589.650641,7097.5,7128,0.009615384615,0.3974358974
59,0,rank_static,359,3753,rank,47702,89,330,312,0.9393939394,0.9358974359,0.9358974359,3753,3753,3753,0,0
59,0,rank_expanding,359,3472,rank,47702,89,330,312,0.9333333333,0.9294871795,0.9294871795,3472,3472,3472,0,0
59,0,rank_rolling,359,3251,rank,1000,3,330,312,0.9272727273,0.9230769231,0.9230769231,3251,3251,3251,0,0
59,0,margin_static,360,14.49814749,score_margin,48032,90,228,214,0.7719298246,0.7663551402,0.7827102804,1692.406542,90.5,7128,0.07476635514,0.1121495327
59,0,margin_rolling,360,20.2830869,score_margin,1000,3,228,214,0.899122807,0.9018691589,0.9088785047,3080.883178,840,7128,0.01401869159,0.2523364486
59,0,rank_static,360,3753,rank,48032,90,228,214,0.9561403509,0.953271028,0.953271028,3753,3753,3753,0,0
59,0,rank_expanding,360,3460,rank,48032,90,228,214,0.9561403509,0.953271028,0.953271028,3460,3460,3460,0,0
59,0,rank_rolling,360,2489,rank,1000,3,228,214,0.9429824561,0.9392523364,0.941588785,2489,2489,2489,0,0
59,0,margin_static,361,14.49814749,score_margin,48260,91,246,226,0.7479674797,0.7389380531,0.7566371681,1601.676991,46,7128,0.09292035398,0.1150442478
59,0,margin_rolling,361,21.17475605,score_margin,1000,4,246,226,0.8861788618,0.8805309735,0.8871681416,2949.530973,708.5,7128,0.04424778761,0.2300884956
59,0,rank_static,361,3753,rank,48260,91,246,226,0.9430894309,0.9380530973,0.9380530973,3753,3753,3753,0,0
59,0,rank_expanding,361,3447,rank,48260,91,246,226,0.9349593496,0.9292035398,0.9292035398,3447,3447,3447,0,0
59,0,rank_rolling,361,1927,rank,1000,4,246,226,0.906504065,0.8982300885,0.9026548673,1927,1927,1927,0,0
59,0,margin_static,362,14.49814749,score_margin,48506,92,620,530,0.7580645161,0.7924528302,0.8190655885,1688.35283,82,7128,0.06981132075,0.1301886792
59,0,margin_rolling,362,20.19353676,score_margin,1000,4,620,530,0.8612903226,0.8943396226,0.9116531896,2956.364151,727.5,7128,0.02641509434,0.2169811321
59,0,rank_static,362,3753,rank,48506,92,620,530,0.9209677419,0.9113207547,0.9113207547,3753,3753,3753,0,0
59,0,rank_expanding,362,3442,rank,48506,92,620,530,0.9080645161,0.8962264151,0.8990566038,3442,3442,3442,0,0
59,0,rank_rolling,362,1632,rank,1000,4,620,530,0.8661290323,0.8471698113,0.8547169811,1632,1632,1632,0,0
59,0,margin_static,363,14.49814749,score_margin,49126,93,386,353,0.7875647668,0.7932011331,0.8111425873,1792.611898,73,7128,0.09065155807,0.1416430595
59,0,margin_rolling,363,22.75927734,score_margin,1000,3,386,353,0.9196891192,0.9235127479,0.936496695,3586.314448,3870,7128,0.02266288952,0.2889518414
59,0,rank_static,363,3753,rank,49126,93,386,353,0.8886010363,0.8838526912,0.8871576959,3753,3753,3753,0,0
59,0,rank_expanding,363,3439,rank,49126,93,386,353,0.8834196891,0.8781869688,0.8814919736,3439,3439,3439,0,0
59,0,rank_rolling,363,2660,rank,1000,3,386,353,0.8601036269,0.8555240793,0.857884797,2660,2660,2660,0,0
59,0,margin_static,364,14.49814749,score_margin,49512,94,354,329,0.7429378531,0.7386018237,0.7535460993,1605.194529,66,7128,0.1063829787,0.1428571429
59,0,margin_rolling,364,22.52404447,score_margin,1000,2,354,329,0.9039548023,0.8996960486,0.9098277609,3488.823708,2071,7128,0.03039513678,0.2674772036
59,0,rank_static,364,3753,rank,49512,94,354,329,0.9096045198,0.9027355623,0.9042553191,3753,3753,3753,0,0
59,0,rank_expanding,364,3443,rank,49512,94,354,329,0.9039548023,0.896656535,0.8981762918,3443,3443,3443,0,0
59,0,rank_rolling,364,3480,rank,1000,2,354,329,0.906779661,0.8996960486,0.9012158055,3480,3480,3480,0,0
59,0.1,margin_static,292,13.89756203,score_margin,11270,22,730,658,0.8547945205,0.858662614,0.8747720365,3276.036474,1223,7128,0.009118541033,0.2553191489
59,0.1,margin_rolling,292,14.59203924,score_margin,1000,3,730,658,0.8739726027,0.8784194529,0.8912360689,3557.718845,3458,7128,0.007598784195,0.2750759878
59,0.1,rank_static,292,3550,rank,11270,22,730,658,0.8794520548,0.8723404255,0.8779128673,3550,3550,3550,0,0
59,0.1,rank_expanding,292,3550,rank,11270,22,730,658,0.8794520548,0.8723404255,0.8779128673,3550,3550,3550,0,0
59,0.1,rank_rolling,292,3378,rank,1000,3,730,658,0.8726027397,0.8647416413,0.8703140831,3378,3378,3378,0,0
59,0.1,margin_static,293,13.89756203,score_margin,12000,23,658,581,0.9012158055,0.9036144578,0.917383821,3595.256454,3978,7128,0.01204819277,0.2736660929
59,0.1,margin_rolling,293,15.36805248,score_margin,1000,2,658,581,0.9285714286,0.9311531842,0.9414802065,4127.802065,6384,7128,0.005163511188,0.3339070568
59,0.1,rank_static,293,3550,rank,12000,23,658,581,0.8738601824,0.8623063683,0.8697647734,3550,3550,3550,0,0
59,0.1,rank_expanding,293,3582,rank,12000,23,658,581,0.8738601824,0.8623063683,0.8697647734,3582,3582,3582,0,0
59,0.1,rank_rolling,293,3747,rank,1000,2,658,581,0.8814589666,0.8709122203,0.8775100402,3747,3747,3747,0,0
59,0.1,margin_static,294,13.89756203,score_margin,12658,24,618,538,0.859223301,0.8550185874,0.8812267658,3396.5,1506,7128,0.01486988848,0.2750929368
59,0.1,margin_rolling,294,15.01759458,score_margin,1000,2,618,538,0.8948220065,0.8828996283,0.9063816605,3822.981413,5428,7128,0.01115241636,0.3178438662
59,0.1,rank_static,294,3550,rank,12658,24,618,538,0.8851132686,0.8698884758,0.8726765799,3550,3550,3550,0,0
59,0.1,rank_expanding,294,3611,rank,12658,24,618,538,0.8851132686,0.8698884758,0.8726765799,3611,3611,3611,0,0
59,0.1,rank_rolling,294,4070,rank,1000,2,618,538,0.8964401294,0.8828996283,0.8847583643,4070,4070,4070,0,0
59,0.1,margin_static,295,13.89756203,score_margin,13276,25,666,578,0.8528528529,0.8598615917,0.8809976932,3329.510381,1485,7128,0.01384083045,0.2456747405
59,0.1,margin_rolling,295,14.88711405,score_margin,1000,2,666,578,0.8858858859,0.8892733564,0.9087370242,3805.273356,4594.5,7128,0.003460207612,0.2802768166
59,0.1,rank_static,295,3550,rank,13276,25,666,578,0.9099099099,0.8961937716,0.9002306805,3550,3550,3550,0,0
59,0.1,rank_expanding,295,3625,rank,13276,25,666,578,0.9129129129,0.8996539792,0.9036908881,3625,3625,3625,0,0
59,0.1,rank_rolling,295,4511,rank,1000,2,666,578,0.9279279279,0.9169550173,0.9178200692,4511,4511,4511,0,0
59,0.1,margin_static,296,13.89756203,score_margin,13942,26,516,466,0.8488372093,0.8433476395,0.8597997139,3266.618026,1280,7128,0.01072961373,0.2746781116
59,0.1,margin_rolling,296,15.36314297,score_margin,1000,2,516,466,0.8992248062,0.8927038627,0.9057939914,3833.156652,5448.5,7128,0.00643776824,0.313304721
59,0.1,rank_static,296,3550,rank,13942,26,516,466,0.9127906977,0.9034334764,0.9055793991,3550,3550,3550,0,0
59,0.1,rank_expanding,296,3611,rank,13942,26,516,466,0.9127906977,0.9034334764,0.9055793991,3611,3611,3611,0,0
59,0.1,rank_rolling,296,3380,rank,1000,2,516,466,0.9089147287,0.8991416309,0.9012875536,3380,3380,3380,0,0
59,0.1,margin_static,297,13.89756203,score_margin,14458,27,292,254,0.845890411,0.8622047244,0.8797900262,2676.433071,469.5,7128,0.02755905512,0.2007874016
59,0.1,margin_rolling,297,15.27452087,score_margin,1000,2,292,254,0.8835616438,0.8858267717,0.9040682415,3123.637795,949.5,7128,0.02362204724,0.2559055118
59,0.1,rank_static,297,3550,rank,14458,27,292,254,0.9212328767,0.9133858268,0.9186351706,3550,3550,3550,0,0
59,0.1,rank_expanding,297,3598,rank,14458,27,292,254,0.9246575342,0.9173228346,0.9225721785,3598,3598,3598,0,0
59,0.1,rank_rolling,297,3083,rank,1000,2,292,254,0.9109589041,0.9015748031,0.9087926509,3083,3083,3083,0,0
59,0.1,margin_static,298,13.89756203,score_margin,14750,28,252,224,0.880952381,0.8794642857,0.9010416667,3036.459821,1039.5,7128,0.008928571429,0.2723214286
59,0.1,margin_rolling,298,15.7186985,score_margin,1000,3,252,224,0.9206349206,0.9241071429,0.9389880952,3830.116071,5371,7128,0.004464285714,0.3080357143
59,0.1,rank_static,298,3550,rank,14750,28,252,224,0.869047619,0.8526785714,0.8634672619,3550,3550,3550,0,0
59,0.1,rank_expanding,298,3593,rank,14750,28,252,224,0.876984127,0.8616071429,0.8723958333,3593,3593,3593,0,0
59,0.1,rank_rolling,298,2931,rank,1000,3,252,224,0.8452380952,0.8258928571,0.8389136905,2931,2931,2931,0,0
59,0.1,margin_static,299,13.89756203,score_margin,15002,29,702,615,0.8760683761,0.8861788618,0.9023925668,3152.96748,1039,7128,0.01951219512,0.2032520325
59,0.1,margin_rolling,299,15.30970955,score_margin,1000,3,702,615,0.9031339031,0.9073170732,0.9223925668,3729.691057,4952,7128,0.01463414634,0.2617886179
59,0.1,rank_static,299,3550,rank,15002,29,702,615,0.9316239316,0.9219512195,0.9249322493,3550,3550,3550,0,0
59,0.1,rank_expanding,299,3597,rank,15002,29,702,615,0.9344729345,0.925203252,0.9273712737,3597,3597,3597,0,0
59,0.1,rank_rolling,299,3570,rank,1000,3,702,615,0.9316239316,0.9219512195,0.9249322493,3570,3570,3570,0,0
59,0.1,margin_static,300,13.89756203,score_margin,15704,30,664,573,0.8343373494,0.8394415358,0.8682858251,3222.26178,964,7128,0.01919720768,0.2460732984
59,0.1,margin_rolling,300,15.24629319,score_margin,1000,3,664,573,0.8975903614,0.8935427574,0.9215144464,3791.561955,5125,7128,0.01221640489,0.2966841187
59,0.1,rank_static,300,3550,rank,15704,30,664,573,0.9051204819,0.8935427574,0.900814427,3550,3550,3550,0,0
59,0.1,rank_expanding,300,3570,rank,15704,30,664,573,0.9051204819,0.8935427574,0.900814427,3570,3570,3570,0,0
59,0.1,rank_rolling,300,3084,rank,1000,3,664,573,0.8885542169,0.8743455497,0.8816172193,3084,3084,3084,0,0
59,0.1,margin_static,301,13.89756203,score_margin,16368,31,616,552,0.8717532468,0.865942029,0.8883454106,3534.375,3719.5,7128,0.01630434783,0.2735507246
59,0.1,margin_rolling,301,15.48924613,score_margin,1000,2,616,552,0.9107142857,0.9094202899,0.9233695652,4120.440217,6557.5,7128,0.009057971014,0.3333333333
59,0.1,rank_static,301,3550,rank,16368,31,616,552,0.8652597403,0.8550724638,0.864673913,3550,3550,3550,0,0
59,0.1,rank_expanding,301,3566,rank,16368,31,616,552,0.8652597403,0.8550724638,0.864673913,3566,3566,3566,0,0
59,0.1,rank_rolling,301,3183,rank,1000,2,616,552,0.8555194805,0.8442028986,0.8538043478,3183,3183,3183,0,0
59,0.1,margin_static,302,13.89756203,score_margin,16984,32,570,490,0.8333333333,0.8306122449,0.8493731778,3034.54898,612,7128,0.02448979592,0.2306122449
59,0.1,margin_rolling,302,15.26981311,score_margin,1000,2,570,490,0.8666666667,0.8551020408,0.8757094266,3447.683673,1752,7128,0.01428571429,0.2673469388
59,0.1,rank_static,302,3550,rank,16984,32,570,490,0.8964912281,0.8857142857,0.8962585034,3550,3550,3550,0,0
59,0.1,rank_expanding,302,3592,rank,16984,32,570,490,0.8964912281,0.8857142857,0.8962585034,3592,3592,3592,0,0
59,0.1,rank_rolling,302,4767,rank,1000,2,570,490,0.9157894737,0.906122449,0.9146258503,4767,4767,4767,0,0
59,0.1,margin_static,303,13.89756203,score_margin,17554,33,542,485,0.8782287823,0.8701030928,0.8834364261,3083.237113,858,7128,0.01855670103,0.2639175258
59,0.1,margin_rolling,303,16.33044744,score_margin,1000,2,542,485,0.9188191882,0.9134020619,0.919862543,4017.969072,5869,7128,0.00824742268,0.3237113402
59,0.1,rank_static,303,3550,rank,17554,33,542,485,0.8560885609,0.8453608247,0.8474226804,3550,3550,3550,0,0
59,0.1,rank_expanding,303,3593,rank,17554,33,542,485,0.8560885609,0.8453608247,0.8474226804,3593,3593,3593,0,0
59,0.1,rank_rolling,303,4701,rank,1000,2,542,485,0.8929889299,0.8824742268,0.8855670103,4701,4701,4701,0,0
59,0.1,margin_static,304,13.89756203,score_margin,18096,34,328,281,0.8262195122,0.8149466192,0.8478647687,2970.715302,815,7128,0.03202846975,0.2241992883
59,0.1,margin_rolling,304,15.59586421,score_margin,1000,2,328,281,0.875,0.8683274021,0.893831554,3759.419929,5040,7128,0.01423487544,0.2633451957
59,0.1,rank_static,304,3550,rank,18096,34,328,281,0.8993902439,0.896797153,0.9012455516,3550,3550,3550,0,0
59,0.1,rank_expanding,304,3617,rank,18096,34,328,281,0.8993902439,0.896797153,0.9012455516,3617,3617,3617,0,0
59,0.1,rank_rolling,304,4701,rank,1000,2,328,281,0.9268292683,0.9288256228,0.9288256228,4701,4701,4701,0,0
59,0.1,margin_static,305,13.89756203,score_margin,18424,35,328,295,0.8780487805,0.8677966102,0.892259887,2544.101695,392,7128,0.02372881356,0.193220339
59,0.1,margin_rolling,305,16.23630185,score_margin,1000,3,328,295,0.9359756098,0.9322033898,0.9433898305,3494.081356,1675,7128,0.01016949153,0.2576271186
59,0.1,rank_static,305,3550,rank,18424,35,328,295,0.9451219512,0.9389830508,0.9389830508,3550,3550,3550,0,0
59,0.1,rank_expanding,305,3617,rank,18424,35,328,295,0.9481707317,0.9423728814,0.9423728814,3617,3617,3617,0,0
59,0.1,rank_rolling,305,4404,rank,1000,3,328,295,0.9573170732,0.9525423729,0.9525423729,4404,4404,4404,0,0
59,0.1,margin_static,306,13.89756203,score_margin,18752,36,582,513,0.85395189,0.8557504873,0.8779402209,2977.927875,609,7128,0.02339181287,0.22417154
59,0.1,margin_rolling,306,15.35815483,score_margin,1000,3,582,513,0.8986254296,0.9025341131,0.9224496426,3513.750487,2054,7128,0.01169590643,0.2904483431
59,0.1,rank_static,306,3550,rank,18752,36,582,513,0.9089347079,0.8966861598,0.9018843405,3550,3550,3550,0,0
59,0.1,rank_expanding,306,3598,rank,18752,36,582,513,0.910652921,0.8986354776,0.9038336582,3598,3598,3598,0,0
59,0.1,rank_rolling,306,3421,rank,1000,3,582,513,0.9003436426,0.8888888889,0.8944119558,3421,3421,3421,0,0
59,0.1,margin_static,307,13.89756203,score_margin,19334,37,588,510,0.8486394558,0.8490196078,0.8729084967,3191.003922,1067,7128,0.02745098039,0.2431372549
59,0.1,margin_rolling,307,15.3121748,score_margin,1000,3,588,510,0.8945578231,0.8980392157,0.9104575163,3741.554902,4919.5,7128,0.009803921569,0.2882352941
59,0.1,rank_static,307,3550,rank,19334,37,588,510,0.8945578231,0.8784313725,0.8829411765,3550,3550,3550,0,0
59,0.1,rank_expanding,307,3594,rank,19334,37,588,510,0.8979591837,0.8823529412,0.8858823529,3594,3594,3594,0,0
59,0.1,rank_rolling,307,3023,rank,1000,3,588,510,0.8843537415,0.8666666667,0.8721568627,3023,3023,3023,0,0
59,0.1,margin_static,308,13.89756203,score_margin,19922,38,562,497,0.8540925267,0.8531187123,0.8747724442,3281.181087,969,7128,0.02012072435,0.2575452716
59,0.1,margin_rolling,308,15.57859612,score_margin,1000,2,562,497,0.8879003559,0.8832997988,0.9028456453,3796.096579,5121,7128,0.01207243461,0.3319919517
59,0.1,rank_static,308,3550,rank,19922,38,562,497,0.8629893238,0.8511066398,0.8541247485,3550,3550,3550,0,0
59,0.1,rank_expanding,308,3595,rank,19922,38,562,497,0.8629893238,0.8511066398,0.8541247485,3595,3595,3595,0,0
59,0.1,rank_rolling,308,3494,rank,1000,2,562,497,0.8629893238,0.8511066398,0.8541247485,3494,3494,3494,0,0
59,0.1,margin_static,309,13.89756203,score_margin,20484,39,626,535,0.8322683706,0.8299065421,0.8586604361,3234.499065,962,7128,0.02056074766,0.2691588785
59,0.1,margin_rolling,309,15.80666637,score_margin,1000,2,626,535,0.8769968051,0.876635514,0.9013084112,3907.691589,5707,7128,0.01495327103,0.3308411215
59,0.1,rank_static,309,3550,rank,20484,39,626,535,0.8722044728,0.8560747664,0.8613707165,3550,3550,3550,0,0
59,0.1,rank_expanding,309,3617,rank,20484,39,626,535,0.8722044728,0.8560747664,0.8613707165,3617,3617,3617,0,0
59,0.1,rank_rolling,309,4038,rank,1000,2,626,535,0.8849840256,0.8710280374,0.8763239875,4038,4038,4038,0,0
59,0.1,margin_static,310,13.89756203,score_margin,21110,40,620,527,0.9096774194,0.89943074,0.9279253637,2707.324478,464,7128,0.01897533207,0.1992409867
59,0.1,margin_rolling,310,16.75771978,score_margin,1000,2,620,527,0.9564516129,0.9506641366,0.9656230234,3768.003795,4514,7128,0.007590132827,0.275142315
59,0.1,rank_static,310,3550,rank,21110,40,620,527,0.9419354839,0.9316888046,0.9335863378,3550,3550,3550,0,0
59,0.1,rank_expanding,310,3654,rank,21110,40,620,527,0.9435483871,0.9335863378,0.935483871,3654,3654,3654,0,0
59,0.1,rank_rolling,310,4560,rank,1000,2,620,527,0.9580645161,0.9506641366,0.9516129032,4560,4560,4560,0,0
59,0.1,margin_static,311,13.89756203,score_margin,21730,41,438,366,0.8675799087,0.8442622951,0.8828779599,2378.84153,317,7128,0.02459016393,0.1475409836
59,0.1,margin_rolling,311,14.81453705,score_margin,1000,2,438,366,0.8789954338,0.8579234973,0.8965391621,2644.636612,458,7128,0.01912568306,0.1639344262
59,0.1,rank_static,311,3550,rank,21730,41,438,366,0.9269406393,0.9153005464,0.9166666667,3550,3550,3550,0,0
59,0.1,rank_expanding,311,3604,rank,21730,41,438,366,0.9315068493,0.9207650273,0.9221311475,3604,3604,3604,0,0
59,0.1,rank_rolling,311,2973,rank,1000,2,438,366,0.9063926941,0.8907103825,0.8952641166,2973,2973,2973,0,0
59,0.1,margin_static,312,13.89756203,score_margin,22168,42,460,368,0.852173913,0.847826087,0.8792572464,2225.853261,315.5,7128,0.02989130435,0.1548913043
59,0.1,margin_rolling,312,14.26710624,score_margin,1000,2,460,368,0.8565217391,0.8532608696,0.8833333333,2352.543478,356,7128,0.02989130435,0.1684782609
59,0.1,rank_static,312,3550,rank,22168,42,460,368,0.9326086957,0.9157608696,0.9287137681,3550,3550,3550,0,0
59,0.1,rank_expanding,312,3595,rank,22168,42,460,368,0.9326086957,0.9157608696,0.9287137681,3595,3595,3595,0,0
59,0.1,rank_rolling,312,1994,rank,1000,2,460,368,0.9108695652,0.8885869565,0.9047101449,1994,1994,1994,0,0
59,0.1,margin_static,313,13.89756203,score_margin,22628,43,794,641,0.8425692695,0.8268330733,0.8634165367,2570.463339,303,7128,0.02808112324,0.1950078003
59,0.1,margin_rolling,313,15.66491199,score_margin,1000,3,794,641,0.8853904282,0.872074883,0.9026781071,3142.365055,927,7128,0.01248049922,0.2293291732
59,0.1,rank_static,313,3550,rank,22628,43,794,641,0.9055415617,0.8829953198,0.8897035881,3550,3550,3550,0,0
59,0.1,rank_expanding,313,3579,rank,22628,43,794,641,0.9055415617,0.8829953198,0.8897035881,3579,3579,3579,0,0
59,0.1,rank_rolling,313,1978,rank,1000,3,794,641,0.8727959698,0.8439937598,0.8538221529,1978,1978,1978,0,0
59,0.1,margin_static,314,13.89756203,score_margin,23422,44,678,585,0.8643067847,0.8512820513,0.8773463573,2619.991453,345,7128,0.02564102564,0.1914529915
59,0.1,margin_rolling,314,16.60529709,score_margin,1000,2,678,585,0.912979351,0.9042735043,0.9231013431,3546.825641,2313,7128,0.01025641026,0.2683760684
59,0.1,rank_static,314,3550,rank,23422,44,678,585,0.9277286136,0.9162393162,0.9225478225,3550,3550,3550,0,0
59,0.1,rank_expanding,314,3574,rank,23422,44,678,585,0.9277286136,0.9162393162,0.9225478225,3574,3574,3574,0,0
59,0.1,rank_rolling,314,3178,rank,1000,2,678,585,0.9174041298,0.9042735043,0.9134310134,3178,3178,3178,0,0
59,0.1,margin_static,315,13.89756203,score_margin,24100,45,774,660,0.8514211886,0.8393939394,0.8641666667,2456.207576,334,7128,0.0303030303,0.1545454545
59,0.1,margin_rolling,315,16.24150085,score_margin,1000,2,774,660,0.8940568475,0.8848484848,0.9052020202,3336.351515,1531.5,7128,0.01060606061,0.2303030303
59,0.1,rank_static,315,3550,rank,24100,45,774,660,0.9250645995,0.9166666667,0.9200757576,3550,3550,3550,0,0
59,0.1,rank_expanding,315,3543,rank,24100,45,774,660,0.9237726098,0.9151515152,0.9197727273,3543,3543,3543,0,0
59,0.1,rank_rolling,315,2767,rank,1000,2,774,660,0.9134366925,0.903030303,0.9084090909,2767,2767,2767,0,0
59,0.1,margin_static,316,13.89756203,score_margin,24874,46,758,622,0.8522427441,0.8327974277,0.8659163987,2738.9791,564.5,7128,0.01768488746,0.192926045
59,0.1,margin_rolling,316,17.23495309,score_margin,1000,2,758,622,0.9221635884,0.9131832797,0.9297427653,4046.189711,5673.5,7128,0.009646302251,0.2974276527
59,0.1,rank_static,316,3550,rank,24874,46,758,622,0.9234828496,0.9067524116,0.9075562701,3550,3550,3550,0,0
59,0.1,rank_expanding,316,3518,rank,24874,46,758,622,0.9234828496,0.9067524116,0.9075562701,3518,3518,3518,0,0
59,0.1,rank_rolling,316,2483,rank,1000,2,758,622,0.8984168865,0.8762057878,0.8786173633,2483,2483,2483,0,0
59,0.1,margin_static,317,13.89756203,score_margin,25632,47,630,559,0.8333333333,0.8282647585,0.8507751938,2215.778175,274,7128,0.02862254025,0.1574239714
59,0.1,margin_rolling,317,16.07640945,score_margin,1000,2,630,559,0.8777777778,0.8694096601,0.8916517591,3022.146691,958,7128,0.01073345259,0.2003577818
59,0.1,rank_static,317,3550,rank,25632,47,630,559,0.9047619048,0.8926654741,0.8998509243,3550,3550,3550,0,0
59,0.1,rank_expanding,317,3502,rank,25632,47,630,559,0.9047619048,0.8926654741,0.8998509243,3502,3502,3502,0,0
59,0.1,rank_rolling,317,2533,rank,1000,2,630,559,0.8857142857,0.8711985689,0.8822599881,2533,2533,2533,0,0
59,0.1,margin_static,318,13.89756203,score_margin,26262,48,342,308,0.8274853801,0.8279220779,0.8468614719,2192.422078,212.5,7128,0.01623376623,0.1753246753
59,0.1,margin_rolling,318,16.71690941,score_margin,1000,2,342,308,0.8947368421,0.8961038961,0.9101731602,3030.915584,866.5,7128,0.01298701299,0.224025974
59,0.1,rank_static,318,3550,rank,26262,48,342,308,0.9298245614,0.9220779221,0.9258658009,3550,3550,3550,0,0
59,0.1,rank_expanding,318,3497,rank,26262,48,342,308,0.9269005848,0.9188311688,0.9226190476,3497,3497,3497,0,0
59,0.1,rank_rolling,318,2916,rank,1000,2,342,308,0.9035087719,0.8928571429,0.9020562771,2916,2916,2916,0,0
59,0.1,margin_static,319,13.89756203,score_margin,26604,49,324,290,0.8302469136,0.8103448276,0.8224137931,2280.958621,291.5,7128,0.03103448276,0.1551724138
59,0.1,margin_rolling,319,16.8501513,score_margin,1000,3,324,290,0.9197530864,0.9103448276,0.9189655172,3398.472414,1824,7128,0.01724137931,0.2413793103
59,0.1,rank_static,319,3550,rank,26604,49,324,290,0.9413580247,0.9344827586,0.9344827586,3550,3550,3550,0,0
59,0.1,rank_expanding,319,3490,rank,26604,49,324,290,0.9413580247,0.9344827586,0.9344827586,3490,3490,3490,0,0
59,0.1,rank_rolling,319,2965,rank,1000,3,324,290,0.9259259259,0.9172413793,0.9172413793,2965,2965,2965,0,0
59,0.1,margin_static,320,13.89756203,score_margin,26928,50,736,646,0.8355978261,0.8359133127,0.8531389749,2815.424149,422.5,7128,0.02786377709,0.2182662539
59,0.1,margin_rolling,320,16.79641294,score_margin,1000,3,736,646,0.9035326087,0.907120743,0.9198314413,3743.236842,4460,7128,0.01238390093,0.3049535604
59,0.1,rank_static,320,3550,rank,26928,50,736,646,0.9089673913,0.899380805,0.903250774,3550,3550,3550,0,0
59,0.1,rank_expanding,320,3474,rank,26928,50,736,646,0.9048913043,0.8947368421,0.8986068111,3474,3474,3474,0,0
59,0.1,rank_rolling,320,2650,rank,1000,3,736,646,0.8804347826,0.8684210526,0.8730650155,2650,2650,2650,0,0
59,0.1,margin_static,321,13.89756203,score_margin,27664,51,680,603,0.8382352941,0.8225538972,0.8432835821,2576.81592,367,7128,0.02819237148,0.175787728
59,0.1,margin_rolling,321,16.41865134,score_margin,1000,2,680,603,0.8867647059,0.8756218905,0.8905472637,3518.05141,2092,7128,0.009950248756,0.2520729685
59,0.1,rank_static,321,3550,rank,27664,51,680,603,0.9161764706,0.9087893864,0.9145936982,3550,3550,3550,0,0
59,0.1,rank_expanding,321,3469,rank,27664,51,680,603,0.9132352941,0.9054726368,0.9112769486,3469,3469,3469,0,0
59,0.1,rank_rolling,321,3097,rank,1000,2,680,603,0.9,0.8905472637,0.8963515755,3097,3097,3097,0,0
59,0.1,margin_static,322,13.89756203,score_margin,28344,52,668,595,0.8473053892,0.8420168067,0.8574229692,2715.914286,411,7128,0.03025210084,0.1899159664
59,0.1,margin_rolling,322,17.82049322,score_margin,1000,2,668,595,0.9296407186,0.9277310924,0.9366946779,4059.589916,6202,7128,0.008403361345,0.3092436975
59,0.1,rank_static,322,3550,rank,28344,52,668,595,0.8682634731,0.8554621849,0.8571428571,3550,3550,3550,0,0
59,0.1,rank_expanding,322,3457,rank,28344,52,668,595,0.8637724551,0.8504201681,0.8529411765,3457,3457,3457,0,0
59,0.1,rank_rolling,322,3150,rank,1000,2,668,595,0.8473053892,0.8319327731,0.8378151261,3150,3150,3150,0,0
59,0.1,margin_static,323,13.89756203,score_margin,29012,53,668,600,0.7934131737,0.7866666667,0.8116666667,2486.498333,296,7128,0.02666666667,0.17
59,0.1,margin_rolling,323,16.6461544,score_margin,1000,2,668,600,0.8877245509,0.8816666667,0.9002777778,3495.271667,1725.5,7128,0.008333333333,0.2333333333
59,0.1,rank_static,323,3550,rank,29012,53,668,600,0.9161676647,0.9083333333,0.9083333333,3550,3550,3550,0,0
59,0.1,rank_expanding,323,3482,rank,29012,53,668,600,0.9131736527,0.905,0.9058333333,3482,3482,3482,0,0
59,0.1,rank_rolling,323,4153,rank,1000,2,668,600,0.9206586826,0.9133333333,0.9133333333,4153,4153,4153,0,0
59,0.1,margin_static,324,13.89756203,score_margin,29680,54,796,650,0.7927135678,0.7953846154,0.8299230769,2524.712308,346.5,7128,0.03076923077,0.1753846154
59,0.1,margin_rolling,324,17.03198016,score_margin,1000,2,796,650,0.8693467337,0.8646153846,0.9001794872,3659.12,4386.5,7128,0.01384615385,0.2615384615
59,0.1,rank_static,324,3550,rank,29680,54,796,650,0.9095477387,0.8907692308,0.9026923077,3550,3550,3550,0,0
59,0.1,rank_expanding,324,3475,rank,29680,54,796,650,0.9070351759,0.8876923077,0.9003846154,3475,3475,3475,0,0
59,0.1,rank_rolling,324,3645,rank,1000,2,796,650,0.9108040201,0.8923076923,0.9042307692,3645,3645,3645,0,0
59,0.1,margin_static,325,13.89756203,score_margin,30476,55,398,360,0.7512562814,0.75,0.7666666667,2462.972222,192.5,7128,0.05555555556,0.2027777778
59,0.1,margin_rolling,325,17.85042,score_margin,1000,2,398,360,0.8718592965,0.8694444444,0.8837962963,3492.677778,1239.5,7128,0.01944444444,0.3111111111
59,0.1,rank_static,325,3550,rank,30476,55,398,360,0.8743718593,0.8611111111,0.8652777778,3550,3550,3550,0,0
59,0.1,rank_expanding,325,3469,rank,30476,55,398,360,0.8718592965,0.8583333333,0.8625,3469,3469,3469,0,0
59,0.1,rank_rolling,325,3029,rank,1000,2,398,360,0.8542713568,0.8388888889,0.8444444444,3029,3029,3029,0,0
59,0.1,margin_static,326,13.89756203,score_margin,30874,56,422,348,0.7867298578,0.7672413793,0.8005268199,2044.143678,135.5,7128,0.04310344828,0.1350574713
59,0.1,margin_rolling,326,18.4648838,score_margin,1000,2,422,348,0.8981042654,0.882183908,0.9058908046,3164.454023,1003,7128,0.01436781609,0.2528735632
59,0.1,rank_static,326,3550,rank,30874,56,422,348,0.9383886256,0.9281609195,0.9391762452,3550,3550,3550,0,0
59,0.1,rank_expanding,326,3481,rank,30874,56,422,348,0.9383886256,0.9281609195,0.9391762452,3481,3481,3481,0,0
59,0.1,rank_rolling,326,3784,rank,1000,2,422,348,0.9383886256,0.9281609195,0.9391762452,3784,3784,3784,0,0
59,0.1,margin_static,327,13.89756203,score_margin,31296,57,738,621,0.7940379404,0.7938808374,0.8258990875,2547.003221,222,7128,0.03220611916,0.1980676329
59,0.1,margin_rolling,327,18.94376594,score_margin,1000,3,738,621,0.9037940379,0.8969404187,0.9268652711,3971.594203,5833,7128,0.008051529791,0.3365539452
59,0.1,rank_static,327,3550,rank,31296,57,738,621,0.8983739837,0.884057971,0.8931830381,3550,3550,3550,0,0
59,0.1,rank_expanding,327,3463,rank,31296,57,738,621,0.8956639566,0.8808373591,0.8899624262,3463,3463,3463,0,0
59,0.1,rank_rolling,327,3136,rank,1000,3,738,621,0.8902439024,0.8743961353,0.8848094471,3136,3136,3136,0,0
59,0.1,margin_static,328,13.89756203,score_margin,32034,58,600,526,0.8183333333,0.8136882129,0.8388285352,2694.655894,331,7128,0.03231939163,0.1692015209
59,0.1,margin_rolling,328,18.81702614,score_margin,1000,2,600,526,0.9416666667,0.9372623574,0.9486692015,4174.13308,6611,7128,0.007604562738,0.3536121673
59,0.1,rank_static,328,3550,rank,32034,58,600,526,0.935,0.927756654,0.9287072243,3550,3550,3550,0,0
59,0.1,rank_expanding,328,3466,rank,32034,58,600,526,0.9283333333,0.9201520913,0.9211026616,3466,3466,3466,0,0
59,0.1,rank_rolling,328,3067,rank,1000,2,600,526,0.9266666667,0.9182509506,0.9192015209,3067,3067,3067,0,0
59,0.1,margin_static,329,13.89756203,score_margin,32634,59,684,599,0.8070175439,0.8096828047,0.8271007234,2569.580968,237,7128,0.02337228715,0.1936560935
59,0.1,margin_rolling,329,17.67699289,score_margin,1000,2,684,599,0.9137426901,0.9098497496,0.9209237618,3760.677796,5203,7128,0.01168614357,0.3005008347
59,0.1,rank_static,329,3550,rank,32634,59,684,599,0.9035087719,0.8914858097,0.898720089,3550,3550,3550,0,0
59,0.1,rank_expanding,329,3451,rank,32634,59,684,599,0.8932748538,0.8797996661,0.8870339455,3451,3451,3451,0,0
59,0.1,rank_rolling,329,2600,rank,1000,2,684,599,0.8742690058,0.8597662771,0.8697273233,2600,2600,2600,0,0
59,0.1,margin_static,330,13.89756203,score_margin,33318,60,640,580,0.8234375,0.825862069,0.8352011494,2441.510345,272.5,7128,0.03448275862,0.1655172414
59,0.1,margin_rolling,330,16.81513977,score_margin,1000,2,640,580,0.9015625,0.9017241379,0.9127873563,3393.644828,1615.5,7128,0.01724137931,0.2517241379
59,0.1,rank_static,330,3550,rank,33318,60,640,580,0.9125,0.9034482759,0.9043103448,3550,3550,3550,0,0
59,0.1,rank_expanding,330,3455,rank,33318,60,640,580,0.9078125,0.8982758621,0.899137931,3455,3455,3455,0,0
59,0.1,rank_rolling,330,3217,rank,1000,2,640,580,0.9,0.8896551724,0.8905172414,3217,3217,3217,0,0
59,0.1,margin_static,331,13.89756203,score_margin,33958,61,506,474,0.837944664,0.8333333333,0.839838256,2473.341772,222,7128,0.02742616034,0.164556962
59,0.1,margin_rolling,331,16.81878448,score_margin,1000,2,506,474,0.9090909091,0.9050632911,0.9112165963,3409.527426,1355,7128,0.01687763713,0.2320675105
59,0.1,rank_static,331,3550,rank,33958,61,506,474,0.9169960474,0.9113924051,0.9124472574,3550,3550,3550,0,0
59,0.1,rank_expanding,331,3451,rank,33958,61,506,474,0.9130434783,0.9071729958,0.9082278481,3451,3451,3451,0,0
59,0.1,rank_rolling,331,3398,rank,1000,2,506,474,0.9130434783,0.9071729958,0.9082278481,3398,3398,3398,0,0
59,0.1,margin_static,332,13.89756203,score_margin,34464,62,318,300,0.820754717,0.81,0.8188888889,2483.466667,205.5,7128,0.05333333333,0.1866666667
59,0.1,margin_rolling,332,16.5071373,score_margin,1000,2,318,300,0.9056603774,0.9,0.9072222222,3136.336667,736.5,7128,0.02333333333,0.2566666667
59,0.1,rank_static,332,3550,rank,34464,62,318,300,0.9339622642,0.93,0.93,3550,3550,3550,0,0
59,0.1,rank_expanding,332,3442,rank,34464,62,318,300,0.9339622642,0.93,0.93,3442,3442,3442,0,0
59,0.1,rank_rolling,332,2999,rank,1000,2,318,300,0.9308176101,0.9266666667,0.9266666667,2999,2999,2999,0,0
59,0.1,margin_static,333,13.89756203,score_margin,34782,63,342,312,0.7865497076,0.7756410256,0.797008547,2478.974359,233,7128,0.05128205128,0.1762820513
59,0.1,margin_rolling,333,16.5071373,score_margin,1000,3,342,312,0.8625730994,0.858974359,0.8803418803,3209.022436,1003,7128,0.02243589744,0.2467948718
59,0.1,rank_static,333,3550,rank,34782,63,342,312,0.9093567251,0.9006410256,0.9022435897,3550,3550,3550,0,0
59,0.1,rank_expanding,333,3427,rank,34782,63,342,312,0.9035087719,0.8942307692,0.8958333333,3427,3427,3427,0,0
59,0.1,rank_rolling,333,2541,rank,1000,3,342,312,0.865497076,0.8525641026,0.8563034188,2541,2541,2541,0,0
59,0.1,margin_static,334,13.89756203,score_margin,35124,64,700,633,0.8328571429,0.8309636651,0.845076356,2278.263823,187,7128,0.04423380727,0.1611374408
59,0.1,margin_rolling,334,16.59063148,score_margin,1000,3,700,633,0.8928571429,0.8909952607,0.9032648763,3178.101106,953,7128,0.0252764613,0.2227488152
59,0.1,rank_static,334,3550,rank,35124,64,700,633,0.8871428571,0.8815165877,0.8854660348,3550,3550,3550,0,0
59,0.1,rank_expanding,334,3427,rank,35124,64,700,633,0.8814285714,0.8751974724,0.8791469194,3427,3427,3427,0,0
59,0.1,rank_rolling,334,2899,rank,1000,3,700,633,0.8757142857,0.868878357,0.8728278041,2899,2899,2899,0,0
59,0.1,margin_static,335,13.89756203,score_margin,35824,65,656,587,0.8094512195,0.800681431,0.819875071,2359.005111,229,7128,0.03066439523,0.1805792164
59,0.1,margin_rolling,335,17.55049407,score_margin,1000,2,656,587,0.8917682927,0.8858603066,0.8991482112,3510.74276,1996,7128,0.01022146508,0.2674616695
59,0.1,rank_static,335,3550,rank,35824,65,656,587,0.8917682927,0.8841567291,0.89040318,3550,3550,3550,0,0
59,0.1,rank_expanding,335,3439,rank,35824,65,656,587,0.887195122,0.8790459966,0.8861442362,3439,3439,3439,0,0
59,0.1,rank_rolling,335,3680,rank,1000,2,656,587,0.8917682927,0.8841567291,0.89040318,3680,3680,3680,0,0
59,0.1,margin_static,336,13.89756203,score_margin,36480,66,632,551,0.7737341772,0.7695099819,0.7948275862,2415.313975,260,7128,0.03629764065,0.1869328494
59,0.1,margin_rolling,336,18.00842667,score_margin,1000,2,632,551,0.8892405063,0.8838475499,0.9015124017,3803.00726,5121,7128,0.0108892922,0.2849364791
59,0.1,rank_static,336,3550,rank,36480,66,632,551,0.8702531646,0.8548094374,0.8587416818,3550,3550,3550,0,0
59,0.1,rank_expanding,336,3450,rank,36480,66,632,551,0.8655063291,0.8493647913,0.854506957,3450,3450,3450,0,0
59,0.1,rank_rolling,336,3740,rank,1000,2,632,551,0.8734177215,0.8584392015,0.8623714459,3740,3740,3740,0,0
59,0.1,margin_static,337,13.89756203,score_margin,37112,67,552,492,0.8242753623,0.831300813,0.8512195122,2377.410569,233,7128,0.0325203252,0.1544715447
59,0.1,margin_rolling,337,18.31785822,score_margin,1000,2,552,492,0.9057971014,0.906504065,0.9184281843,3700.132114,4325,7128,0.01219512195,0.2743902439
59,0.1,rank_static,337,3550,rank,37112,67,552,492,0.9057971014,0.8943089431,0.8956639566,3550,3550,3550,0,0
59,0.1,rank_expanding,337,3466,rank,37112,67,552,492,0.9057971014,0.8943089431,0.8956639566,3466,3466,3466,0,0
59,0.1,rank_rolling,337,4062,rank,1000,2,552,492,0.9184782609,0.9085365854,0.9098915989,4062,4062,4062,0,0
59,0.1,margin_static,338,13.89756203,score_margin,37664,68,496,457,0.8004032258,0.8074398249,0.815536105,2322.993435,202,7128,0.04157549234,0.181619256
59,0.1,margin_rolling,338,18.47898579,score_margin,1000,2,496,457,0.9032258065,0.9059080963,0.9148796499,3773.463895,4620,7128,0.00875273523,0.2822757112
59,0.1,rank_static,338,3550,rank,37664,68,496,457,0.9153225806,0.9080962801,0.9117432531,3550,3550,3550,0,0
59,0.1,rank_expanding,338,3464,rank,37664,68,496,457,0.9133064516,0.9059080963,0.9095550693,3464,3464,3464,0,0
59,0.1,rank_rolling,338,3938,rank,1000,2,496,457,0.9193548387,0.9124726477,0.9161196207,3938,3938,3938,0,0
59,0.1,margin_static,339,13.89756203,score_margin,38160,69,328,297,0.7743902439,0.7845117845,0.8044332211,1882.814815,123,7124.4,0.05723905724,0.09090909091
59,0.1,margin_rolling,339,17.88632202,score_margin,1000,2,328,297,0.8963414634,0.8922558923,0.8998316498,3023.272727,1038,7128,0.02693602694,0.1784511785
59,0.1,rank_static,339,3550,rank,38160,69,328,297,0.881097561,0.8754208754,0.8843995511,3550,3550,3550,0,0
59,0.1,rank_expanding,339,3458,rank,38160,69,328,297,0.881097561,0.8754208754,0.8843995511,3458,3458,3458,0,0
59,0.1,rank_rolling,339,3219,rank,1000,2,328,297,0.881097561,0.8754208754,0.8843995511,3219,3219,3219,0,0
59,0.1,margin_static,340,13.89756203,score_margin,38488,70,328,303,0.7713414634,0.7821782178,0.7948294829,2365.518152,183,7128,0.02640264026,0.1518151815
59,0.1,margin_rolling,340,18.59896469,score_margin,1000,3,328,303,0.9176829268,0.9174917492,0.9262926293,3621.115512,3675,7128,0.01320132013,0.2838283828
59,0.1,rank_static,340,3550,rank,38488,70,328,303,0.9268292683,0.9207920792,0.9224422442,3550,3550,3550,0,0
59,0.1,rank_expanding,340,3464,rank,38488,70,328,303,0.9268292683,0.9207920792,0.9224422442,3464,3464,3464,0,0
59,0.1,rank_rolling,340,3445,rank,1000,3,328,303,0.9268292683,0.9207920792,0.9224422442,3445,3445,3445,0,0
59,0.1,margin_static,341,13.89756203,score_margin,38816,71,576,519,0.8090277778,0.816955684,0.8308285164,2283.884393,208,7128,0.03468208092,0.1657032755
59,0.1,margin_rolling,341,17.8448925,score_margin,1000,3,576,519,0.8854166667,0.8921001927,0.9037251124,3558.953757,3716,7128,0.01734104046,0.2504816956
59,0.1,rank_static,341,3550,rank,38816,71,576,519,0.8958333333,0.8843930636,0.8910725755,3550,3550,3550,0,0
59,0.1,rank_expanding,341,3457,rank,38816,71,576,519,0.8958333333,0.8843930636,0.8910725755,3457,3457,3457,0,0
59,0.1,rank_rolling,341,3382,rank,1000,3,576,519,0.8854166667,0.8728323699,0.8795118818,3382,3382,3382,0,0
59,0.1,margin_static,342,13.89756203,score_margin,39392,72,636,565,0.822327044,0.8194690265,0.8380530973,2463.19646,227,7128,0.0407079646,0.1911504425
59,0.1,margin_rolling,342,18.00095797,score_margin,1000,3,636,565,0.891509434,0.8884955752,0.9026548673,3657.897345,4487,7128,0.01592920354,0.2991150442
59,0.1,rank_static,342,3550,rank,39392,72,636,565,0.9229559748,0.9132743363,0.917699115,3550,3550,3550,0,0
59,0.1,rank_expanding,342,3458,rank,39392,72,636,565,0.9166666667,0.9061946903,0.910619469,3458,3458,3458,0,0
59,0.1,rank_rolling,342,3410,rank,1000,3,636,565,0.9166666667,0.9061946903,0.910619469,3410,3410,3410,0,0
59,0.1,margin_static,343,13.89756203,score_margin,40028,73,642,567,0.7757009346,0.7707231041,0.7890064668,2685.077601,331,7128,0.03880070547,0.1851851852
59,0.1,margin_rolling,343,19.2590133,score_margin,1000,2,642,567,0.8956386293,0.8959435626,0.9086419753,4342.858907,6769,7128,0.01410934744,0.3562610229
59,0.1,rank_static,343,3550,rank,40028,73,642,567,0.8971962617,0.8835978836,0.891622575,3550,3550,3550,0,0
59,0.1,rank_expanding,343,3451,rank,40028,73,642,567,0.8940809969,0.8800705467,0.8889770723,3451,3451,3451,0,0
59,0.1,rank_rolling,343,3299,rank,1000,2,642,567,0.8878504673,0.873015873,0.8819223986,3299,3299,3299,0,0
59,0.1,margin_static,344,13.89756203,score_margin,40670,74,650,582,0.7815384615,0.7749140893,0.7945303551,2439.974227,158.5,7128,0.03951890034,0.1838487973
59,0.1,margin_rolling,344,19.30897284,score_margin,1000,2,650,582,0.8753846154,0.8745704467,0.8880297824,3894.075601,5902,7128,0.01202749141,0.3298969072
59,0.1,rank_static,344,3550,rank,40670,74,650,582,0.8815384615,0.8711340206,0.8757159221,3550,3550,3550,0,0
59,0.1,rank_expanding,344,3454,rank,40670,74,650,582,0.8815384615,0.8711340206,0.8757159221,3454,3454,3454,0,0
59,0.1,rank_rolling,344,3320,rank,1000,2,650,582,0.8815384615,0.8711340206,0.8757159221,3320,3320,3320,0,0
59,0.1,margin_static,345,13.89756203,score_margin,41320,75,586,501,0.8208191126,0.8043912176,0.8216899534,2584.233533,224,7128,0.03592814371,0.1976047904
59,0.1,margin_rolling,345,20.75421095,score_margin,1000,2,586,501,0.9197952218,0.9101796407,0.9231536926,4298.207585,6807,7128,0.005988023952,0.377245509
59,0.1,rank_static,345,3550,rank,41320,75,586,501,0.8941979522,0.876247505,0.880239521,3550,3550,3550,0,0
59,0.1,rank_expanding,345,3463,rank,41320,75,586,501,0.8941979522,0.876247505,0.880239521,3463,3463,3463,0,0
59,0.1,rank_rolling,345,3737,rank,1000,2,586,501,0.9061433447,0.8902195609,0.8942115768,3737,3737,3737,0,0
59,0.1,margin_static,346,13.89756203,score_margin,41906,76,224,197,0.7678571429,0.7614213198,0.7901861252,1707.005076,98,7128,0.04568527919,0.1370558376
59,0.1,margin_rolling,346,19.75596774,score_margin,1000,2,224,197,0.8794642857,0.883248731,0.9035532995,3241.700508,1351,7128,0.01015228426,0.2487309645
59,0.1,rank_static,346,3550,rank,41906,76,224,197,0.9464285714,0.9390862944,0.9416243655,3550,3550,3550,0,0
59,0.1,rank_expanding,346,3464,rank,41906,76,224,197,0.9464285714,0.9390862944,0.9416243655,3464,3464,3464,0,0
59,0.1,rank_rolling,346,3714,rank,1000,2,224,197,0.9464285714,0.9390862944,0.9416243655,3714,3714,3714,0,0
59,0.1,margin_static,347,13.89756203,score_margin,42130,77,306,277,0.8464052288,0.8483754513,0.8567990373,1884.227437,103,7128,0.03971119134,0.1516245487
59,0.1,margin_rolling,347,19.51819706,score_margin,1000,3,306,277,0.9281045752,0.9277978339,0.9356197353,3226.064982,863,7128,0.01083032491,0.2671480144
59,0.1,rank_static,347,3550,rank,42130,77,306,277,0.9248366013,0.916967509,0.9193742479,3550,3550,3550,0,0
59,0.1,rank_expanding,347,3457,rank,42130,77,306,277,0.9183006536,0.9097472924,0.9121540313,3457,3457,3457,0,0
59,0.1,rank_rolling,347,3565,rank,1000,3,306,277,0.9248366013,0.916967509,0.9193742479,3565,3565,3565,0,0
59,0.1,margin_static,348,13.89756203,score_margin,42436,78,714,610,0.8011204482,0.7885245902,0.8076502732,2193.372131,138.5,7128,0.05409836066,0.1590163934
59,0.1,margin_rolling,348,18.59933197,score_margin,1000,3,714,610,0.8823529412,0.8754098361,0.8928961749,3455.193443,2009.5,7128,0.01803278689,0.2737704918
59,0.1,rank_static,348,3550,rank,42436,78,714,610,0.8837535014,0.8639344262,0.8663934426,3550,3550,3550,0,0
59,0.1,rank_expanding,348,3454,rank,42436,78,714,610,0.8837535014,0.8639344262,0.8663934426,3454,3454,3454,0,0
59,0.1,rank_rolling,348,3174,rank,1000,3,714,610,0.8753501401,0.8540983607,0.856557377,3174,3174,3174,0,0
59,0.1,margin_static,349,13.89756203,score_margin,43150,79,600,545,0.7516666667,0.752293578,0.7709480122,2010.833028,112,7128,0.02568807339,0.1688073394
59,0.1,margin_rolling,349,18.94152451,score_margin,1000,2,600,545,0.8566666667,0.8495412844,0.8666666667,3351.205505,1362,7128,0.003669724771,0.2513761468
59,0.1,rank_static,349,3550,rank,43150,79,600,545,0.9016666667,0.8917431193,0.8975535168,3550,3550,3550,0,0
59,0.1,rank_expanding,349,3463,rank,43150,79,600,545,0.8983333333,0.8880733945,0.8957186544,3463,3463,3463,0,0
59,0.1,rank_rolling,349,3663,rank,1000,2,600,545,0.905,0.895412844,0.9012232416,3663,3663,3663,0,0
59,0.1,margin_static,350,13.89756203,score_margin,43750,80,656,560,0.7591463415,0.7482142857,0.7745238095,1868.619643,107.5,7128,0.07142857143,0.1267857143
59,0.1,margin_rolling,350,20.97827721,score_margin,1000,2,656,560,0.9085365854,0.9017857143,0.9241964286,3605.160714,3731.5,7128,0.003571428571,0.2803571429
59,0.1,rank_static,350,3550,rank,43750,80,656,560,0.9161585366,0.9017857143,0.9058035714,3550,3550,3550,0,0
59,0.1,rank_expanding,350,3463,rank,43750,80,656,560,0.9146341463,0.9,0.9040178571,3463,3463,3463,0,0
59,0.1,rank_rolling,350,3728,rank,1000,2,656,560,0.9176829268,0.9035714286,0.9075892857,3728,3728,3728,0,0
59,0.1,margin_static,351,13.89756203,score_margin,44406,81,522,476,0.7605363985,0.762605042,0.7818627451,1894.054622,95.5,7128,0.06722689076,0.1680672269
59,0.1,margin_rolling,351,20.26864584,score_margin,1000,2,522,476,0.8869731801,0.8844537815,0.9072128852,3393.018908,1452,7128,0.01890756303,0.256302521
59,0.1,rank_static,351,3550,rank,44406,81,522,476,0.898467433,0.8886554622,0.8886554622,3550,3550,3550,0,0
59,0.1,rank_expanding,351,3456,rank,44406,81,522,476,0.8927203065,0.8823529412,0.8823529412,3456,3456,3456,0,0
59,0.1,rank_rolling,351,3341,rank,1000,2,522,476,0.8850574713,0.8739495798,0.8739495798,3341,3341,3341,0,0
59,0.1,margin_static,352,13.89756203,score_margin,44928,82,462,415,0.7294372294,0.7277108434,0.7477911647,1824.274699,111,7128,0.06746987952,0.1277108434
59,0.1,margin_rolling,352,20.66434383,score_margin,1000,2,462,415,0.9069264069,0.9012048193,0.9202811245,3635.219277,4116,7128,0.01686746988,0.2722891566
59,0.1,rank_static,352,3550,rank,44928,82,462,415,0.9090909091,0.9036144578,0.9076305221,3550,3550,3550,0,0
59,0.1,rank_expanding,352,3458,rank,44928,82,462,415,0.8982683983,0.8915662651,0.8955823293,3458,3458,3458,0,0
59,0.1,rank_rolling,352,3376,rank,1000,2,462,415,0.8939393939,0.886746988,0.8907630522,3376,3376,3376,0,0
59,0.1,margin_static,353,13.89756203,score_margin,45390,83,242,226,0.6776859504,0.6814159292,0.6924778761,1535.840708,97.5,7128,0.08849557522,0.1061946903
59,0.1,margin_rolling,353,20.93917757,score_margin,1000,3,242,226,0.8595041322,0.8584070796,0.8738938053,3549.19469,1721.5,7128,0.02212389381,0.2433628319
59,0.1,rank_static,353,3550,rank,45390,83,242,226,0.867768595,0.8584070796,0.8694690265,3550,3550,3550,0,0
59,0.1,rank_expanding,353,3458,rank,45390,83,242,226,0.8553719008,0.8451327434,0.8584070796,3458,3458,3458,0,0
59,0.1,rank_rolling,353,3526,rank,1000,3,242,226,0.8553719008,0.8451327434,0.8584070796,3526,3526,3526,0,0
59,0.1,margin_static,354,13.89756203,score_margin,45632,84,238,227,0.718487395,0.7268722467,0.7290748899,2026.590308,133,7128,0.04845814978,0.1497797357
59,0.1,margin_rolling,354,21.36299753,score_margin,1000,3,238,227,0.9033613445,0.9030837004,0.9111600587,4079.867841,6137,7128,0.008810572687,0.3348017621
59,0.1,rank_static,354,3550,rank,45632,84,238,227,0.8487394958,0.8414096916,0.845814978,3550,3550,3550,0,0
59,0.1,rank_expanding,354,3466,rank,45632,84,238,227,0.8487394958,0.8414096916,0.845814978,3466,3466,3466,0,0
59,0.1,rank_rolling,354,3729,rank,1000,3,238,227,0.8487394958,0.8414096916,0.845814978,3729,3729,3729,0,0
59,0.1,margin_static,355,13.89756203,score_margin,45870,85,578,506,0.6955017301,0.7154150198,0.7378129117,2181.772727,123.5,7128,0.05731225296,0.1660079051
59,0.1,margin_rolling,355,21.71254921,score_margin,1000,4,578,506,0.8979238754,0.9011857708,0.9159608507,4197.893281,6467.5,7128,0.009881422925,0.3596837945
59,0.1,rank_static,355,3550,rank,45870,85,578,506,0.8719723183,0.8596837945,0.8666948993,3550,3550,3550,0,0
59,0.1,rank_expanding,355,3476,rank,45870,85,578,506,0.8702422145,0.8577075099,0.8647186147,3476,3476,3476,0,0
59,0.1,rank_rolling,355,4197,rank,1000,4,578,506,0.8858131488,0.8754940711,0.8808582722,4197,4197,4197,0,0
59,0.1,margin_static,356,13.89756203,score_margin,46448,86,548,483,0.7372262774,0.7412008282,0.7581090407,2014.15735,114,7128,0.05383022774,0.1552795031
59,0.1,margin_rolling,356,22.05893707,score_margin,1000,3,548,483,0.9069343066,0.900621118,0.9092477571,4055.296066,6340,7128,0.008281573499,0.3457556936
59,0.1,rank_static,356,3550,rank,46448,86,548,483,0.8777372263,0.8778467909,0.8799171843,3550,3550,3550,0,0
59,0.1,rank_expanding,356,3485,rank,46448,86,548,483,0.8686131387,0.8716356108,0.8716356108,3485,3485,3485,0,0
59,0.1,rank_rolling,356,5338,rank,1000,3,548,483,0.9197080292,0.9130434783,0.9192546584,5338,5338,5338,0,0
59,0.1,margin_static,357,13.89756203,score_margin,46996,87,406,363,0.7610837438,0.7713498623,0.7876492195,1462.190083,78,7126.6,0.05785123967,0.09366391185
59,0.1,margin_rolling,357,21.9197408,score_margin,1000,2,406,363,0.9310344828,0.9283746556,0.939164371,3647.07438,4049,7128,0.01101928375,0.2644628099
59,0.1,rank_static,357,3550,rank,46996,87,406,363,0.9359605911,0.9366391185,0.9393939394,3550,3550,3550,0,0
59,0.1,rank_expanding,357,3496,rank,46996,87,406,363,0.9334975369,0.9338842975,0.9366391185,3496,3496,3496,0,0
59,0.1,rank_rolling,357,4730,rank,1000,2,406,363,0.9458128079,0.9476584022,0.9504132231,4730,4730,4730,0,0
59,0.1,margin_static,358,13.89756203,score_margin,47402,88,300,276,0.7633333333,0.768115942,0.7820048309,1553.286232,58.5,7128,0.05072463768,0.1268115942
59,0.1,margin_rolling,358,21.02301407,score_margin,1000,3,300,276,0.8733333333,0.8695652174,0.88647343,2968.347826,696,7128,0.01811594203,0.231884058
59,0.1,rank_static,358,3550,rank,47402,88,300,276,0.8866666667,0.8768115942,0.8768115942,3550,3550,3550,0,0
59,0.1,rank_expanding,358,3486,rank,47402,88,300,276,0.8866666667,0.8768115942,0.8768115942,3486,3486,3486,0,0
59,0.1,rank_rolling,358,3650,rank,1000,3,300,276,0.8866666667,0.8768115942,0.8768115942,3650,3650,3650,0,0
59,0.1,margin_static,359,13.89756203,score_margin,47702,89,330,312,0.8242424242,0.8301282051,0.8402777778,2432.102564,287.5,7128,0.03846153846,0.1698717949
59,0.1,margin_rolling,359,21.31577956,score_margin,1000,3,330,312,0.9424242424,0.9455128205,0.9503205128,4562.810897,7099,7128,0.009615384615,0.391025641
59,0.1,rank_static,359,3550,rank,47702,89,330,312,0.9454545455,0.9423076923,0.9423076923,3550,3550,3550,0,0
59,0.1,rank_expanding,359,3490,rank,47702,89,330,312,0.9454545455,0.9423076923,0.9423076923,3490,3490,3490,0,0
59,0.1,rank_rolling,359,3523,rank,1000,3,330,312,0.9454545455,0.9423076923,0.9423076923,3523,3523,3523,0,0
59,0.1,margin_static,360,13.89756203,score_margin,48032,90,228,214,0.7850877193,0.785046729,0.7990654206,1748.607477,61.5,7128,0.05140186916,0.1121495327
59,0.1,margin_rolling,360,19.27394702,score_margin,1000,3,228,214,0.8771929825,0.8691588785,0.8839563863,2921.317757,523,7128,0.01401869159,0.238317757
59,0.1,rank_static,360,3550,rank,48032,90,228,214,0.9429824561,0.9392523364,0.9392523364,3550,3550,3550,0,0
59,0.1,rank_expanding,360,3481,rank,48032,90,228,214,0.9385964912,0.9345794393,0.9345794393,3481,3481,3481,0,0
59,0.1,rank_rolling,360,2822,rank,1000,3,228,214,0.9342105263,0.9299065421,0.9299065421,2822,2822,2822,0,0
59,0.1,margin_static,361,13.89756203,score_margin,48260,91,246,226,0.7479674797,0.7345132743,0.7507374631,1508.477876,46.5,7128,0.09292035398,0.1194690265
59,0.1,margin_rolling,361,20.53579283,score_margin,1000,4,246,226,0.8861788618,0.8805309735,0.889380531,2955.681416,555,7128,0.04424778761,0.2256637168
59,0.1,rank_static,361,3550,rank,48260,91,246,226,0.9268292683,0.9203539823,0.9203539823,3550,3550,3550,0,0
59,0.1,rank_expanding,361,3477,rank,48260,91,246,226,0.9268292683,0.9203539823,0.9203539823,3477,3477,3477,0,0
59,0.1,rank_rolling,361,2682,rank,1000,4,246,226,0.9105691057,0.9026548673,0.9048672566,2682,2682,2682,0,0
59,0.1,margin_static,362,13.89756203,score_margin,48506,92,620,530,0.7677419355,0.7886792453,0.8190418054,1636.158491,72.5,7128,0.05471698113,0.1283018868
59,0.1,margin_rolling,362,20.00832272,score_margin,1000,4,620,530,0.8870967742,0.8981132075,0.9183941124,3063.103774,737.5,7128,0.01698113208,0.2169811321
59,0.1,rank_static,362,3550,rank,48506,92,620,530,0.9161290323,0.9056603774,0.9066037736,3550,3550,3550,0,0
59,0.1,rank_expanding,362,3472,rank,48506,92,620,530,0.9161290323,0.9056603774,0.9066037736,3472,3472,3472,0,0
59,0.1,rank_rolling,362,2384,rank,1000,4,620,530,0.8758064516,0.858490566,0.8660377358,2384,2384,2384,0,0
59,0.1,margin_static,363,13.89756203,score_margin,49126,93,386,353,0.7953367876,0.7932011331,0.8118508026,1700.909348,73,7128,0.07365439093,0.1388101983
59,0.1,margin_rolling,363,20.86858749,score_margin,1000,3,386,353,0.9170984456,0.9178470255,0.9315391879,3268.810198,1257,7128,0.02549575071,0.2492917847
59,0.1,rank_static,363,3550,rank,49126,93,386,353,0.8937823834,0.8895184136,0.8914069877,3550,3550,3550,0,0
59,0.1,rank_expanding,363,3464,rank,49126,93,386,353,0.8937823834,0.8895184136,0.8914069877,3464,3464,3464,0,0
59,0.1,rank_rolling,363,2700,rank,1000,3,386,353,0.8704663212,0.8668555241,0.8677998111,2700,2700,2700,0,0
59,0.1,margin_static,364,13.89756203,score_margin,49512,94,354,329,0.7344632768,0.7294832827,0.7436676798,1563.43465,59,7128,0.1124620061,0.1458966565
59,0.1,margin_rolling,364,20.25716972,score_margin,1000,2,354,329,0.895480226,0.8875379939,0.8961499493,3038.869301,791,7128,0.02431610942,0.2127659574
59,0.1,rank_static,364,3550,rank,49512,94,354,329,0.8813559322,0.8723404255,0.8753799392,3550,3550,3550,0,0
59,0.1,rank_expanding,364,3466,rank,49512,94,354,329,0.8785310734,0.8693009119,0.8723404255,3466,3466,3466,0,0
59,0.1,rank_rolling,364,3219,rank,1000,2,354,329,0.8757062147,0.8662613982,0.8693009119,3219,3219,3219,0,0
59,0.2,margin_static,292,14.33351898,score_margin,11270,22,730,658,0.8575342466,0.8693009119,0.8817629179,3515.448328,1982,7128,0.01823708207,0.2720364742
59,0.2,margin_rolling,292,14.8434236,score_margin,1000,3,730,658,0.8739726027,0.8829787234,0.8951874367,3676.843465,4523.5,7128,0.01671732523,0.2917933131
59,0.2,rank_static,292,3698,rank,11270,22,730,658,0.8876712329,0.8844984802,0.8877912867,3698,3698,3698,0,0
59,0.2,rank_expanding,292,3698,rank,11270,22,730,658,0.8876712329,0.8844984802,0.8877912867,3698,3698,3698,0,0
59,0.2,rank_rolling,292,3259,rank,1000,3,730,658,0.8739726027,0.8693009119,0.8725937183,3259,3259,3259,0,0
59,0.2,margin_static,293,14.33351898,score_margin,12000,23,658,581,0.905775076,0.9104991394,0.9272805508,3809.079174,5300,7128,0.01376936317,0.3063683305
59,0.2,margin_rolling,293,15.433465,score_margin,1000,2,658,581,0.9361702128,0.9432013769,0.9518072289,4194.363167,6752,7128,0.01032702238,0.3545611015
59,0.2,rank_static,293,3698,rank,12000,23,658,581,0.8905775076,0.8812392427,0.8895582329,3698,3698,3698,0,0
59,0.2,rank_expanding,293,3722,rank,12000,23,658,581,0.8905775076,0.8812392427,0.8895582329,3722,3722,3722,0,0
59,0.2,rank_rolling,293,3624,rank,1000,2,658,581,0.8860182371,0.8760757315,0.8852553069,3624,3624,3624,0,0
59,0.2,margin_static,294,14.33351898,score_margin,12658,24,618,538,0.8462783172,0.8364312268,0.8654275093,3592.905204,2237,7128,0.02044609665,0.3029739777
59,0.2,margin_rolling,294,15.26059771,score_margin,1000,2,618,538,0.8705501618,0.8624535316,0.8885068154,3944.754647,5737,7128,0.01486988848,0.3364312268
59,0.2,rank_static,294,3698,rank,12658,24,618,538,0.8834951456,0.8680297398,0.8717472119,3698,3698,3698,0,0
59,0.2,rank_expanding,294,3755,rank,12658,24,618,538,0.8834951456,0.8680297398,0.8717472119,3755,3755,3755,0,0
59,0.2,rank_rolling,294,3891,rank,1000,2,618,538,0.8867313916,0.8717472119,0.875464684,3891,3891,3891,0,0
59,0.2,margin_static,295,14.33351898,score_margin,13276,25,666,578,0.8693693694,0.8737024221,0.8981545559,3600.382353,3568.5,7128,0.01384083045,0.276816609
59,0.2,margin_rolling,295,15.53870392,score_margin,1000,2,666,578,0.9009009009,0.8996539792,0.9247404844,4104.847751,6065,7128,0.006920415225,0.321799308
59,0.2,rank_static,295,3698,rank,13276,25,666,578,0.9219219219,0.9100346021,0.9132064591,3698,3698,3698,0,0
59,0.2,rank_expanding,295,3777,rank,13276,25,666,578,0.9249249249,0.9134948097,0.9166666667,3777,3777,3777,0,0
59,0.2,rank_rolling,295,4283,rank,1000,2,666,578,0.9279279279,0.9169550173,0.9201268743,4283,4283,4283,0,0
59,0.2,margin_static,296,14.33351898,score_margin,13942,26,516,466,0.8643410853,0.8626609442,0.8788268956,3609.594421,3966.5,7128,0.01502145923,0.2961373391
59,0.2,margin_rolling,296,15.86602211,score_margin,1000,2,516,466,0.8972868217,0.8927038627,0.9061516452,4138.038627,6394,7128,0.008583690987,0.339055794
59,0.2,rank_static,296,3698,rank,13942,26,516,466,0.9263565891,0.9184549356,0.9184549356,3698,3698,3698,0,0
59,0.2,rank_expanding,296,3723,rank,13942,26,516,466,0.9263565891,0.9184549356,0.9184549356,3723,3723,3723,0,0
59,0.2,rank_rolling,296,3373,rank,1000,2,516,466,0.9186046512,0.9098712446,0.910944206,3373,3373,3373,0,0
59,0.2,margin_static,297,14.33351898,score_margin,14458,27,292,254,0.8390410959,0.8582677165,0.8734908136,2799.212598,603.5,7128,0.02755905512,0.2362204724
59,0.2,margin_rolling,297,15.78829646,score_margin,1000,2,292,254,0.8801369863,0.8897637795,0.9077427822,3399.543307,1864,7128,0.01181102362,0.2834645669
59,0.2,rank_static,297,3698,rank,14458,27,292,254,0.9280821918,0.9212598425,0.9212598425,3698,3698,3698,0,0
59,0.2,rank_expanding,297,3697,rank,14458,27,292,254,0.9280821918,0.9212598425,0.9212598425,3697,3697,3697,0,0
59,0.2,rank_rolling,297,3005,rank,1000,2,292,254,0.9143835616,0.905511811,0.9081364829,3005,3005,3005,0,0
59,0.2,margin_static,298,14.33351898,score_margin,14750,28,252,224,0.876984127,0.8839285714,0.908110119,3201.017857,1131.5,7128,0.01785714286,0.2991071429
59,0.2,margin_rolling,298,16.58842373,score_margin,1000,3,252,224,0.9365079365,0.9464285714,0.959077381,4081.196429,6261,7128,0,0.3392857143
59,0.2,rank_static,298,3698,rank,14750,28,252,224,0.876984127,0.8616071429,0.8671875,3698,3698,3698,0,0
59,0.2,rank_expanding,298,3682,rank,14750,28,252,224,0.876984127,0.8616071429,0.8671875,3682,3682,3682,0,0
59,0.2,rank_rolling,298,3000,rank,1000,3,252,224,0.8452380952,0.8258928571,0.8337053571,3000,3000,3000,0,0
59,0.2,margin_static,299,14.33351898,score_margin,15002,29,702,615,0.858974359,0.8715447154,0.8910569106,3365.6,1383,7128,0.0243902439,0.2357723577
59,0.2,margin_rolling,299,15.96604633,score_margin,1000,3,702,615,0.8945868946,0.9040650407,0.9206658924,3983.97561,5975,7128,0.0162601626,0.2991869919
59,0.2,rank_static,299,3698,rank,15002,29,702,615,0.9301994302,0.9203252033,0.9224932249,3698,3698,3698,0,0
59,0.2,rank_expanding,299,3691,rank,15002,29,702,615,0.9301994302,0.9203252033,0.9224932249,3691,3691,3691,0,0
59,0.2,rank_rolling,299,3341,rank,1000,3,702,615,0.9230769231,0.912195122,0.9159891599,3341,3341,3341,0,0
59,0.2,margin_static,300,14.33351898,score_margin,15704,30,664,573,0.8554216867,0.8568935428,0.8870952104,3557.343805,3759,7128,0.02792321117,0.2809773124
59,0.2,margin_rolling,300,16.20965105,score_margin,1000,3,664,573,0.9051204819,0.9057591623,0.9322765174,4265.897033,6713,7128,0.01221640489,0.3577661431
59,0.2,rank_static,300,3698,rank,15704,30,664,573,0.9126506024,0.9022687609,0.9089586969,3698,3698,3698,0,0
59,0.2,rank_expanding,300,3652,rank,15704,30,664,573,0.9111445783,0.9005235602,0.9072134962,3652,3652,3652,0,0
59,0.2,rank_rolling,300,3225,rank,1000,3,664,573,0.8960843373,0.8830715532,0.8906340896,3225,3225,3225,0,0
59,0.2,margin_static,301,14.33351898,score_margin,16368,31,616,552,0.8701298701,0.8731884058,0.8934782609,3779.153986,4707.5,7128,0.02355072464,0.3097826087
59,0.2,margin_rolling,301,16.43043567,score_margin,1000,2,616,552,0.9188311688,0.9184782609,0.9327294686,4423.778986,7041.5,7128,0.01086956522,0.393115942
59,0.2,rank_static,301,3698,rank,16368,31,616,552,0.862012987,0.8532608696,0.8601449275,3698,3698,3698,0,0
59,0.2,rank_expanding,301,3646,rank,16368,31,616,552,0.8603896104,0.8514492754,0.8583333333,3646,3646,3646,0,0
59,0.2,rank_rolling,301,3234,rank,1000,2,616,552,0.8506493506,0.8423913043,0.8495772947,3234,3234,3234,0,0
59,0.2,margin_static,302,14.33351898,score_margin,16984,32,570,490,0.8456140351,0.8428571429,0.8639018465,3216.583673,979.5,7128,0.03469387755,0.2632653061
59,0.2,margin_rolling,302,15.90456954,score_margin,1000,2,570,490,0.8842105263,0.8816326531,0.8964091351,3745.432653,4827.5,7128,0.02040816327,0.3040816327
59,0.2,rank_static,302,3698,rank,16984,32,570,490,0.9122807018,0.9040816327,0.912585034,3698,3698,3698,0,0
59,0.2,rank_expanding,302,3682,rank,16984,32,570,490,0.9122807018,0.9040816327,0.912585034,3682,3682,3682,0,0
59,0.2,rank_rolling,302,4658,rank,1000,2,570,490,0.9298245614,0.9224489796,0.9319727891,4658,4658,4658,0,0
59,0.2,margin_static,303,14.33351898,score_margin,17554,33,542,485,0.8708487085,0.8618556701,0.8751890034,3318.375258,1343,7128,0.02886597938,0.2783505155
59,0.2,margin_rolling,303,16.3572607,score_margin,1000,2,542,485,0.9169741697,0.9113402062,0.921580756,3988.82268,6098,7128,0.01030927835,0.3443298969
59,0.2,rank_static,303,3698,rank,17554,33,542,485,0.8911439114,0.8804123711,0.8835051546,3698,3698,3698,0,0
59,0.2,rank_expanding,303,3665,rank,17554,33,542,485,0.889298893,0.8783505155,0.881443299,3665,3665,3665,0,0
59,0.2,rank_rolling,303,4376,rank,1000,2,542,485,0.8929889299,0.8824742268,0.8855670103,4376,4376,4376,0,0
59,0.2,margin_static,304,14.33351898,score_margin,18096,34,328,281,0.8140243902,0.8078291815,0.84371293,3156.989324,976,7128,0.03558718861,0.2491103203
59,0.2,margin_rolling,304,15.71781445,score_margin,1000,2,328,281,0.8384146341,0.8327402135,0.8647686833,3668.071174,4077,7128,0.02135231317,0.2775800712
59,0.2,rank_static,304,3698,rank,18096,34,328,281,0.862804878,0.8540925267,0.8603202847,3698,3698,3698,0,0
59,0.2,rank_expanding,304,3678,rank,18096,34,328,281,0.862804878,0.8540925267,0.8603202847,3678,3678,3678,0,0
59,0.2,rank_rolling,304,3747,rank,1000,2,328,281,0.8658536585,0.8576512456,0.8638790036,3747,3747,3747,0,0
59,0.2,margin_static,305,14.33351898,score_margin,18424,35,328,295,0.8841463415,0.8847457627,0.905480226,2830.918644,692,7128,0.02033898305,0.213559322
59,0.2,margin_rolling,305,16.64535809,score_margin,1000,3,328,295,0.9176829268,0.9186440678,0.9301694915,3776.59322,4728,7128,0.01016949153,0.2881355932
59,0.2,rank_static,305,3698,rank,18424,35,328,295,0.9451219512,0.9389830508,0.9389830508,3698,3698,3698,0,0
59,0.2,rank_expanding,305,3698,rank,18424,35,328,295,0.9451219512,0.9389830508,0.9389830508,3698,3698,3698,0,0
59,0.2,rank_rolling,305,4357,rank,1000,3,328,295,0.9481707317,0.9423728814,0.9423728814,4357,4357,4357,0,0
59,0.2,margin_static,306,14.33351898,score_margin,18752,36,582,513,0.8573883162,0.8674463938,0.8895711501,3190.226121,811,7128,0.04093567251,0.2651072125
59,0.2,margin_rolling,306,16.52992378,score_margin,1000,3,582,513,0.9054982818,0.9142300195,0.9317089019,3912.651072,5560,7128,0.01754385965,0.3469785575
59,0.2,rank_static,306,3698,rank,18752,36,582,513,0.9192439863,0.9083820663,0.912605588,3698,3698,3698,0,0
59,0.2,rank_expanding,306,3670,rank,18752,36,582,513,0.9192439863,0.9083820663,0.912605588,3670,3670,3670,0,0
59,0.2,rank_rolling,306,3678,rank,1000,3,582,513,0.9192439863,0.9083820663,0.912605588,3678,3678,3678,0,0
59,0.2,margin_static,307,14.33351898,score_margin,19334,37,588,510,0.8367346939,0.8450980392,0.8680065359,3389.731373,1631.5,7128,0.02745098039,0.2745098039
59,0.2,margin_rolling,307,16.43423271,score_margin,1000,3,588,510,0.8962585034,0.8980392157,0.9171568627,4160.841176,6427.5,7128,0.01764705882,0.331372549
59,0.2,rank_static,307,3698,rank,19334,37,588,510,0.887755102,0.8705882353,0.8770588235,3698,3698,3698,0,0
59,0.2,rank_expanding,307,3657,rank,19334,37,588,510,0.8860544218,0.868627451,0.8750980392,3657,3657,3657,0,0
59,0.2,rank_rolling,307,2852,rank,1000,3,588,510,0.862244898,0.8431372549,0.8511764706,2852,2852,2852,0,0
59,0.2,margin_static,308,14.33351898,score_margin,19922,38,562,497,0.8487544484,0.8511066398,0.8727603718,3452.488934,1648,7128,0.02213279678,0.2997987928
59,0.2,margin_rolling,308,16.49343145,score_margin,1000,2,562,497,0.8950177936,0.8913480885,0.9097920858,4068.740443,6773,7128,0.02012072435,0.3802816901
59,0.2,rank_static,308,3698,rank,19922,38,562,497,0.8629893238,0.8511066398,0.8541247485,3698,3698,3698,0,0
59,0.2,rank_expanding,308,3665,rank,19922,38,562,497,0.8629893238,0.8511066398,0.8541247485,3665,3665,3665,0,0
59,0.2,rank_rolling,308,3611,rank,1000,2,562,497,0.8576512456,0.8450704225,0.8480885312,3611,3611,3611,0,0
59,0.2,margin_static,309,14.33351898,score_margin,20484,39,626,535,0.8322683706,0.8411214953,0.86894081,3507.048598,1975,7128,0.02803738318,0.2897196262
59,0.2,margin_rolling,309,16.80958152,score_margin,1000,2,626,535,0.8833865815,0.8897196262,0.90894081,4304.88785,6901,7128,0.01495327103,0.3831775701
59,0.2,rank_static,309,3698,rank,20484,39,626,535,0.8706070288,0.8542056075,0.8613707165,3698,3698,3698,0,0
59,0.2,rank_expanding,309,3703,rank,20484,39,626,535,0.8706070288,0.8542056075,0.8613707165,3703,3703,3703,0,0
59,0.2,rank_rolling,309,4674,rank,1000,2,626,535,0.892971246,0.8803738318,0.8866043614,4674,4674,4674,0,0
59,0.2,margin_static,310,14.33351898,score_margin,21110,40,620,527,0.8903225806,0.8785578748,0.9102150538,2896.922201,601,7128,0.02466793169,0.2220113852
59,0.2,margin_rolling,310,17.38958502,score_margin,1000,2,620,527,0.9451612903,0.9411764706,0.9631562302,3978.675522,5852,7128,0.01328273245,0.3320683112
59,0.2,rank_static,310,3698,rank,21110,40,620,527,0.9419354839,0.9316888046,0.9345351044,3698,3698,3698,0,0
59,0.2,rank_expanding,310,3734,rank,21110,40,620,527,0.9419354839,0.9316888046,0.9345351044,3734,3734,3734,0,0
59,0.2,rank_rolling,310,4788,rank,1000,2,620,527,0.9596774194,0.9525616698,0.9535104364,4788,4788,4788,0,0
59,0.2,margin_static,311,14.33351898,score_margin,21730,41,438,366,0.8584474886,0.8387978142,0.8746812386,2584.915301,409,7128,0.03005464481,0.1830601093
59,0.2,margin_rolling,311,15.83829856,score_margin,1000,2,438,366,0.8904109589,0.8715846995,0.901867031,3005.762295,859.5,7128,0.02459016393,0.2103825137
59,0.2,rank_static,311,3698,rank,21730,41,438,366,0.9292237443,0.9180327869,0.9193989071,3698,3698,3698,0,0
59,0.2,rank_expanding,311,3687,rank,21730,41,438,366,0.9292237443,0.9180327869,0.9193989071,3687,3687,3687,0,0
59,0.2,rank_rolling,311,3208,rank,1000,2,438,366,0.9178082192,0.9043715847,0.9057377049,3208,3208,3208,0,0
59,0.2,margin_static,312,14.33351898,score_margin,22168,42,460,368,0.8130434783,0.8342391304,0.8595367495,2468.8125,436,7128,0.03532608696,0.1766304348
59,0.2,margin_rolling,312,15.32211018,score_margin,1000,2,460,368,0.85,0.8614130435,0.8926242236,2884.217391,711.5,7128,0.03260869565,0.1929347826
59,0.2,rank_static,312,3698,rank,22168,42,460,368,0.9391304348,0.9239130435,0.936865942,3698,3698,3698,0,0
59,0.2,rank_expanding,312,3667,rank,22168,42,460,368,0.9391304348,0.9239130435,0.936865942,3667,3667,3667,0,0
59,0.2,rank_rolling,312,2335,rank,1000,2,460,368,0.9173913043,0.8967391304,0.9128623188,2335,2335,2335,0,0
59,0.2,margin_static,313,14.33351898,score_margin,22628,43,794,641,0.8249370277,0.8252730109,0.8565262611,2777.50078,427,7128,0.03432137285,0.2199687988
59,0.2,margin_rolling,313,16.79749572,score_margin,1000,3,794,641,0.8816120907,0.872074883,0.9054082163,3547.374415,1983,7128,0.02028081123,0.27925117
59,0.2,rank_static,313,3698,rank,22628,43,794,641,0.9080604534,0.8861154446,0.8920436817,3698,3698,3698,0,0
59,0.2,rank_expanding,313,3648,rank,22628,43,794,641,0.9080604534,0.8861154446,0.8920436817,3648,3648,3648,0,0
59,0.2,rank_rolling,313,1928,rank,1000,3,794,641,0.8740554156,0.8455538222,0.8546021841,1928,1928,1928,0,0
59,0.2,margin_static,314,14.33351898,score_margin,23422,44,678,585,0.8510324484,0.8461538462,0.8744322344,2820.340171,477,7128,0.02564102564,0.2153846154
59,0.2,margin_rolling,314,17.72544193,score_margin,1000,2,678,585,0.9144542773,0.9145299145,0.9299348799,3957.225641,6114,7128,0.01196581197,0.3128205128
59,0.2,rank_static,314,3698,rank,23422,44,678,585,0.9336283186,0.9230769231,0.9293854294,3698,3698,3698,0,0
59,0.2,rank_expanding,314,3644,rank,23422,44,678,585,0.9321533923,0.9213675214,0.9276760277,3644,3644,3644,0,0
59,0.2,rank_rolling,314,3045,rank,1000,2,678,585,0.9174041298,0.9042735043,0.9131461131,3045,3045,3045,0,0
59,0.2,margin_static,315,14.33351898,score_margin,24100,45,774,660,0.854005168,0.8454545455,0.8702272727,2736.306061,550.5,7128,0.02575757576,0.1909090909
59,0.2,margin_rolling,315,17.28991127,score_margin,1000,2,774,660,0.8992248062,0.896969697,0.9153030303,3870.34697,5191,7128,0.01363636364,0.2909090909
59,0.2,rank_static,315,3698,rank,24100,45,774,660,0.9250645995,0.9181818182,0.9215909091,3698,3698,3698,0,0
59,0.2,rank_expanding,315,3621,rank,24100,45,774,660,0.9224806202,0.9151515152,0.9185606061,3621,3621,3621,0,0
59,0.2,rank_rolling,315,2899,rank,1000,2,774,660,0.9043927649,0.8939393939,0.9008838384,2899,2899,2899,0,0
59,0.2,margin_static,316,14.33351898,score_margin,24874,46,758,622,0.8588390501,0.8440514469,0.8734726688,3030.726688,837.5,7128,0.02572347267,0.2266881029
59,0.2,margin_rolling,316,18.46389771,score_margin,1000,2,758,622,0.9248021108,0.9180064309,0.9348874598,4532.573955,6870,7128,0.01125401929,0.345659164
59,0.2,rank_static,316,3698,rank,24874,46,758,622,0.9234828496,0.9067524116,0.9075562701,3698,3698,3698,0,0
59,0.2,rank_expanding,316,3598,rank,24874,46,758,622,0.9221635884,0.9051446945,0.9059485531,3598,3598,3598,0,0
59,0.2,rank_rolling,316,2803,rank,1000,2,758,622,0.901055409,0.8794212219,0.8818327974,2803,2803,2803,0,0
59,0.2,margin_static,317,14.33351898,score_margin,25632,47,630,559,0.8365079365,0.8336314848,0.856946929,2442.509839,378,7128,0.02146690519,0.1788908766
59,0.2,margin_rolling,317,16.41849923,score_margin,1000,2,630,559,0.8857142857,0.8819320215,0.9038163387,3209.19678,1373,7128,0.01252236136,0.2307692308
59,0.2,rank_static,317,3698,rank,25632,47,630,559,0.9015873016,0.8890876565,0.8950805009,3698,3698,3698,0,0
59,0.2,rank_expanding,317,3578,rank,25632,47,630,559,0.9015873016,0.8890876565,0.8950805009,3578,3578,3578,0,0
59,0.2,rank_rolling,317,2900,rank,1000,2,630,559,0.8920634921,0.8783542039,0.8852415027,2900,2900,2900,0,0
59,0.2,margin_static,318,14.33351898,score_margin,26262,48,342,308,0.8070175439,0.8116883117,0.8317099567,2459.886364,242.5,7128,0.02597402597,0.1948051948
59,0.2,margin_rolling,318,17.02605939,score_margin,1000,2,342,308,0.9035087719,0.9058441558,0.9220779221,3253.474026,1239.5,7128,0.01298701299,0.25
59,0.2,rank_static,318,3698,rank,26262,48,342,308,0.9093567251,0.8993506494,0.9047619048,3698,3698,3698,0,0
59,0.2,rank_expanding,318,3577,rank,26262,48,342,308,0.9093567251,0.8993506494,0.9047619048,3577,3577,3577,0,0
59,0.2,rank_rolling,318,3208,rank,1000,2,342,308,0.8976608187,0.8863636364,0.8933982684,3208,3208,3208,0,0
59,0.2,margin_static,319,14.33351898,score_margin,26604,49,324,290,0.8302469136,0.8137931034,0.8275862069,2460.810345,385.5,7128,0.03103448276,0.175862069
59,0.2,margin_rolling,319,16.95942307,score_margin,1000,3,324,290,0.8919753086,0.8827586207,0.8913793103,3440.113793,2289,7128,0.02068965517,0.2517241379
59,0.2,rank_static,319,3698,rank,26604,49,324,290,0.9351851852,0.9275862069,0.9275862069,3698,3698,3698,0,0
59,0.2,rank_expanding,319,3572,rank,26604,49,324,290,0.9351851852,0.9275862069,0.9275862069,3572,3572,3572,0,0
59,0.2,rank_rolling,319,3508,rank,1000,3,324,290,0.9290123457,0.9206896552,0.9206896552,3508,3508,3508,0,0
59,0.2,margin_static,320,14.33351898,score_margin,26928,50,736,646,0.8247282609,0.8343653251,0.8519779842,3097.631579,731,7128,0.03095975232,0.2368421053
59,0.2,margin_rolling,320,17.11890793,score_margin,1000,3,736,646,0.8899456522,0.8978328173,0.9080667355,3929.527864,6010,7128,0.01238390093,0.3405572755
59,0.2,rank_static,320,3698,rank,26928,50,736,646,0.8967391304,0.8854489164,0.8882868937,3698,3698,3698,0,0
59,0.2,rank_expanding,320,3558,rank,26928,50,736,646,0.8885869565,0.8761609907,0.8797729618,3558,3558,3558,0,0
59,0.2,rank_rolling,320,3043,rank,1000,3,736,646,0.870923913,0.8575851393,0.8611971104,3043,3043,3043,0,0
59,0.2,margin_static,321,14.33351898,score_margin,27664,51,680,603,0.8455882353,0.8341625207,0.8540630182,2889.167496,543,7128,0.03814262023,0.2089552239
59,0.2,margin_rolling,321,17.37299162,score_margin,1000,2,680,603,0.8955882353,0.8888888889,0.9029850746,3909.086235,5802,7128,0.01658374793,0.3034825871
59,0.2,rank_static,321,3698,rank,27664,51,680,603,0.9264705882,0.92039801,0.9245439469,3698,3698,3698,0,0
59,0.2,rank_expanding,321,3567,rank,27664,51,680,603,0.9264705882,0.92039801,0.9245439469,3567,3567,3567,0,0
59,0.2,rank_rolling,321,3558,rank,1000,2,680,603,0.925,0.9187396352,0.9228855721,3558,3558,3558,0,0
59,0.2,margin_static,322,14.33351898,score_margin,28344,52,668,595,0.8562874251,0.8537815126,0.8666666667,2952.601681,784,7128,0.03193277311,0.2151260504
59,0.2,margin_rolling,322,18.14936876,score_margin,1000,2,668,595,0.9161676647,0.9159663866,0.9268907563,4267.435294,6656,7128,0.008403361345,0.3411764706
59,0.2,rank_static,322,3698,rank,28344,52,668,595,0.8862275449,0.8756302521,0.8756302521,3698,3698,3698,0,0
59,0.2,rank_expanding,322,3553,rank,28344,52,668,595,0.880239521,0.868907563,0.8705882353,3553,3553,3553,0,0
59,0.2,rank_rolling,322,3244,rank,1000,2,668,595,0.869760479,0.8571428571,0.8605042017,3244,3244,3244,0,0
59,0.2,margin_static,323,14.33351898,score_margin,29012,53,668,600,0.8218562874,0.8183333333,0.8380555556,2805.803333,540,7128,0.035,0.1916666667
59,0.2,margin_rolling,323,17.21508995,score_margin,1000,2,668,600,0.8937125749,0.8933333333,0.9102777778,3821.745,4650.5,7128,0.01666666667,0.265
59,0.2,rank_static,323,3698,rank,29012,53,668,600,0.9146706587,0.9066666667,0.9094444444,3698,3698,3698,0,0
59,0.2,rank_expanding,323,3560,rank,29012,53,668,600,0.9101796407,0.9016666667,0.9052777778,3560,3560,3560,0,0
59,0.2,rank_rolling,323,3636,rank,1000,2,668,600,0.9131736527,0.905,0.9086111111,3636,3636,3636,0,0
59,0.2,margin_static,324,14.33351898,score_margin,29680,54,796,650,0.7801507538,0.7876923077,0.8261282051,2787.703077,458.5,7128,0.03692307692,0.1984615385
59,0.2,margin_rolling,324,17.3590374,score_margin,1000,2,796,650,0.864321608,0.8707692308,0.9012307692,3808.047692,5292.5,7128,0.02,0.2861538462
59,0.2,rank_static,324,3698,rank,29680,54,796,650,0.9346733668,0.92,0.926025641,3698,3698,3698,0,0
59,0.2,rank_expanding,324,3556,rank,29680,54,796,650,0.932160804,0.9169230769,0.9229487179,3556,3556,3556,0,0
59,0.2,rank_rolling,324,3602,rank,1000,2,796,650,0.932160804,0.9169230769,0.9229487179,3602,3602,3602,0,0
59,0.2,margin_static,325,14.33351898,score_margin,30476,55,398,360,0.7487437186,0.7611111111,0.7763888889,2650.052778,271,7128,0.06666666667,0.225
59,0.2,margin_rolling,325,18.7666769,score_margin,1000,2,398,360,0.8743718593,0.8777777778,0.8912037037,3766.95,4766,7128,0.025,0.3444444444
59,0.2,rank_static,325,3698,rank,30476,55,398,360,0.8994974874,0.8888888889,0.8902777778,3698,3698,3698,0,0
59,0.2,rank_expanding,325,3541,rank,30476,55,398,360,0.8969849246,0.8861111111,0.8875,3541,3541,3541,0,0
59,0.2,rank_rolling,325,2592,rank,1000,2,398,360,0.8618090452,0.8472222222,0.8513888889,2592,2592,2592,0,0
59,0.2,margin_static,326,14.33351898,score_margin,30874,56,422,348,0.7677725118,0.7816091954,0.8029214559,2213.804598,144.5,7128,0.05747126437,0.1609195402
59,0.2,margin_rolling,326,18.98939323,score_margin,1000,2,422,348,0.8862559242,0.8735632184,0.8972701149,3328.445402,1026,7128,0.01436781609,0.275862069
59,0.2,rank_static,326,3698,rank,30874,56,422,348,0.9312796209,0.9195402299,0.9305555556,3698,3698,3698,0,0
59,0.2,rank_expanding,326,3543,rank,30874,56,422,348,0.9312796209,0.9195402299,0.9305555556,3543,3543,3543,0,0
59,0.2,rank_rolling,326,2911,rank,1000,2,422,348,0.9289099526,0.9166666667,0.9276819923,2911,2911,2911,0,0
59,0.2,margin_static,327,14.33351898,score_margin,31296,57,738,621,0.8048780488,0.8132045089,0.8427536232,2772.755233,373,7128,0.04186795491,0.2061191626
59,0.2,margin_rolling,327,19.6757679,score_margin,1000,3,738,621,0.9078590786,0.9082125604,0.9352925389,4245.012882,6651,7128,0.01127214171,0.3735909823
59,0.2,rank_static,327,3698,rank,31296,57,738,621,0.9024390244,0.8888888889,0.9014492754,3698,3698,3698,0,0
59,0.2,rank_expanding,327,3525,rank,31296,57,738,621,0.8970189702,0.8824476651,0.8950080515,3525,3525,3525,0,0
59,0.2,rank_rolling,327,2783,rank,1000,3,738,621,0.879403794,0.8631239936,0.8753623188,2783,2783,2783,0,0
59,0.2,margin_static,328,14.33351898,score_margin,32034,58,600,526,0.8183333333,0.8288973384,0.8495111353,2851.496198,516.5,7128,0.03992395437,0.2034220532
59,0.2,margin_rolling,328,19.37107563,score_margin,1000,2,600,526,0.9266666667,0.9296577947,0.9414720261,4324.498099,7014,7128,0.009505703422,0.3764258555
59,0.2,rank_static,328,3698,rank,32034,58,600,526,0.9183333333,0.9068441065,0.9106463878,3698,3698,3698,0,0
59,0.2,rank_expanding,328,3526,rank,32034,58,600,526,0.9183333333,0.9068441065,0.9106463878,3526,3526,3526,0,0
59,0.2,rank_rolling,328,3292,rank,1000,2,600,526,0.9116666667,0.9011406844,0.9039923954,3292,3292,3292,0,0
59,0.2,margin_static,329,14.33351898,score_margin,32634,59,684,599,0.7953216374,0.8013355593,0.8203116305,2800.290484,483,7128,0.0367278798,0.2270450751
59,0.2,margin_rolling,329,18.66192055,score_margin,1000,2,684,599,0.9195906433,0.9232053422,0.9311074012,4099.327212,6311,7128,0.01168614357,0.3572621035
59,0.2,rank_static,329,3698,rank,32634,59,684,599,0.8903508772,0.8848080134,0.8945464663,3698,3698,3698,0,0
59,0.2,rank_expanding,329,3519,rank,32634,59,684,599,0.884502924,0.878130217,0.88786867,3519,3519,3519,0,0
59,0.2,rank_rolling,329,3208,rank,1000,2,684,599,0.8742690058,0.8681135225,0.8772954925,3208,3208,3208,0,0
59,0.2,margin_static,330,14.33351898,score_margin,33318,60,640,580,0.80625,0.8103448276,0.8221264368,2669.87931,380,7128,0.03793103448,0.1965517241
59,0.2,margin_rolling,330,17.64603543,score_margin,1000,2,640,580,0.9078125,0.9086206897,0.919683908,3719.42931,4505,7128,0.01896551724,0.2965517241
59,0.2,rank_static,330,3698,rank,33318,60,640,580,0.921875,0.9137931034,0.9137931034,3698,3698,3698,0,0
59,0.2,rank_expanding,330,3526,rank,33318,60,640,580,0.915625,0.9068965517,0.9068965517,3526,3526,3526,0,0
59,0.2,rank_rolling,330,3712,rank,1000,2,640,580,0.921875,0.9137931034,0.9137931034,3712,3712,3712,0,0
59,0.2,margin_static,331,14.33351898,score_margin,33958,61,506,474,0.8320158103,0.8333333333,0.8391350211,2710.453586,328.5,7128,0.04219409283,0.1919831224
59,0.2,margin_rolling,331,17.60978711,score_margin,1000,2,506,474,0.895256917,0.8987341772,0.9024261603,3746.343882,4778.5,7128,0.01687763713,0.2679324895
59,0.2,rank_static,331,3698,rank,33958,61,506,474,0.9130434783,0.9071729958,0.9082278481,3698,3698,3698,0,0
59,0.2,rank_expanding,331,3520,rank,33958,61,506,474,0.8992094862,0.8924050633,0.8934599156,3520,3520,3520,0,0
59,0.2,rank_rolling,331,3489,rank,1000,2,506,474,0.8992094862,0.8924050633,0.8934599156,3489,3489,3489,0,0
59,0.2,margin_static,332,14.33351898,score_margin,34464,62,318,300,0.8333333333,0.8333333333,0.8405555556,2645.866667,255,7128,0.06666666667,0.2033333333
59,0.2,margin_rolling,332,17.60978711,score_margin,1000,2,318,300,0.9025157233,0.9066666667,0.9122222222,3480.823333,1560.5,7128,0.03,0.29
59,0.2,rank_static,332,3698,rank,34464,62,318,300,0.9402515723,0.9366666667,0.9366666667,3698,3698,3698,0,0
59,0.2,rank_expanding,332,3520,rank,34464,62,318,300,0.9308176101,0.9266666667,0.9266666667,3520,3520,3520,0,0
59,0.2,rank_rolling,332,3143,rank,1000,2,318,300,0.9245283019,0.92,0.92,3143,3143,3143,0,0
59,0.2,margin_static,333,14.33351898,score_margin,34782,63,342,312,0.8040935673,0.7980769231,0.8162393162,2686.99359,281,7128,0.0641025641,0.2019230769
59,0.2,margin_rolling,333,17.67157769,score_margin,1000,3,342,312,0.8742690058,0.8717948718,0.8894230769,3503.294872,2258.5,7128,0.03205128205,0.2948717949
59,0.2,rank_static,333,3698,rank,34782,63,342,312,0.9035087719,0.8942307692,0.8958333333,3698,3698,3698,0,0
59,0.2,rank_expanding,333,3509,rank,34782,63,342,312,0.9005847953,0.891025641,0.8926282051,3509,3509,3509,0,0
59,0.2,rank_rolling,333,2794,rank,1000,3,342,312,0.8713450292,0.858974359,0.8627136752,2794,2794,2794,0,0
59,0.2,margin_static,334,14.33351898,score_margin,35124,64,700,633,0.8371428571,0.8372827804,0.8515534492,2543.601896,290,7128,0.06161137441,0.1848341232
59,0.2,margin_rolling,334,17.85391998,score_margin,1000,3,700,633,0.9028571429,0.9083728278,0.9202738283,3625.292259,3767,7128,0.02685624013,0.2748815166
59,0.2,rank_static,334,3698,rank,35124,64,700,633,0.9042857143,0.9004739336,0.9028436019,3698,3698,3698,0,0
59,0.2,rank_expanding,334,3509,rank,35124,64,700,633,0.8971428571,0.8925750395,0.8949447077,3509,3509,3509,0,0
59,0.2,rank_rolling,334,3217,rank,1000,3,700,633,0.8914285714,0.8862559242,0.8886255924,3217,3217,3217,0,0
59,0.2,margin_static,335,14.33351898,score_margin,35824,65,656,587,0.8216463415,0.8160136286,0.8370812039,2611.206133,338,7128,0.03747870528,0.2078364566
59,0.2,margin_rolling,335,18.11070633,score_margin,1000,2,656,587,0.8948170732,0.8960817717,0.9094832482,3738.896082,4756,7128,0.01703577513,0.2964224872
59,0.2,rank_static,335,3698,rank,35824,65,656,587,0.9009146341,0.8926746167,0.8977853492,3698,3698,3698,0,0
59,0.2,rank_expanding,335,3512,rank,35824,65,656,587,0.8917682927,0.8824531516,0.8875638842,3512,3512,3512,0,0
59,0.2,rank_rolling,335,3620,rank,1000,2,656,587,0.8993902439,0.8909710392,0.8960817717,3620,3620,3620,0,0
59,0.2,margin_static,336,14.33351898,score_margin,36480,66,632,551,0.7705696203,0.7713248639,0.7971566848,2580.165154,334,7128,0.03992740472,0.2087114338
59,0.2,margin_rolling,336,18.94953203,score_margin,1000,2,632,551,0.8844936709,0.8784029038,0.9020568663,4124.842105,5928,7128,0.01996370236,0.3266787659
59,0.2,rank_static,336,3698,rank,36480,66,632,551,0.8797468354,0.8656987296,0.8729582577,3698,3698,3698,0,0
59,0.2,rank_expanding,336,3518,rank,36480,66,632,551,0.871835443,0.8566243194,0.8667876588,3518,3518,3518,0,0
59,0.2,rank_rolling,336,3535,rank,1000,2,632,551,0.8734177215,0.8584392015,0.8686025408,3535,3535,3535,0,0
59,0.2,margin_static,337,14.33351898,score_margin,37112,67,552,492,0.8043478261,0.8130081301,0.8288617886,2648.961382,322,7128,0.03455284553,0.1808943089
59,0.2,margin_rolling,337,19.42327583,score_margin,1000,2,552,492,0.9094202899,0.918699187,0.927100271,3989.849593,6338.5,7128,0.01422764228,0.3414634146
59,0.2,rank_static,337,3698,rank,37112,67,552,492,0.9003623188,0.8882113821,0.8905826558,3698,3698,3698,0,0
59,0.2,rank_expanding,337,3530,rank,37112,67,552,492,0.8967391304,0.8841463415,0.8865176152,3530,3530,3530,0,0
59,0.2,rank_rolling,337,4099,rank,1000,2,552,492,0.9057971014,0.8943089431,0.8956639566,4099,4099,4099,0,0
59,0.2,margin_static,338,14.33351898,score_margin,37664,68,496,457,0.7943548387,0.8096280088,0.8165572575,2560.295405,322,7128,0.04814004376,0.1903719912
59,0.2,margin_rolling,338,19.42384291,score_margin,1000,2,496,457,0.9012096774,0.9190371991,0.9248723559,4145.041575,6636,7128,0.01531728665,0.3369803063
59,0.2,rank_static,338,3698,rank,37664,68,496,457,0.9072580645,0.8993435449,0.9015317287,3698,3698,3698,0,0
59,0.2,rank_expanding,338,3532,rank,37664,68,496,457,0.9052419355,0.8971553611,0.8993435449,3532,3532,3532,0,0
59,0.2,rank_rolling,338,4099,rank,1000,2,496,457,0.9193548387,0.9124726477,0.9146608315,4099,4099,4099,0,0
59,0.2,margin_static,339,14.33351898,score_margin,38160,69,328,297,0.7682926829,0.771043771,0.7946127946,2050.249158,165,7128,0.06397306397,0.1111111111
59,0.2,margin_rolling,339,18.61374605,score_margin,1000,2,328,297,0.8963414634,0.8855218855,0.8987093154,3327.441077,1527,7128,0.0404040404,0.2525252525
59,0.2,rank_static,339,3698,rank,38160,69,328,297,0.8658536585,0.861952862,0.8675645342,3698,3698,3698,0,0
59,0.2,rank_expanding,339,3530,rank,38160,69,328,297,0.862804878,0.8585858586,0.8658810325,3530,3530,3530,0,0
59,0.2,rank_rolling,339,3535,rank,1000,2,328,297,0.862804878,0.8585858586,0.8658810325,3535,3535,3535,0,0
59,0.2,margin_static,340,14.33351898,score_margin,38488,70,328,303,0.7682926829,0.7788778878,0.795379538,2534.544554,240,7128,0.0297029703,0.1683168317
59,0.2,margin_rolling,340,19.01550075,score_margin,1000,3,328,303,0.8993902439,0.900990099,0.9125412541,3861.39604,5470,7128,0.0198019802,0.3102310231
59,0.2,rank_static,340,3698,rank,38488,70,328,303,0.9390243902,0.9339933993,0.9339933993,3698,3698,3698,0,0
59,0.2,rank_expanding,340,3541,rank,38488,70,328,303,0.9329268293,0.9273927393,0.9306930693,3541,3541,3541,0,0
59,0.2,rank_rolling,340,3810,rank,1000,3,328,303,0.9390243902,0.9339933993,0.9339933993,3810,3810,3810,0,0
59,0.2,margin_static,341,14.33351898,score_margin,38816,71,576,519,0.8125,0.8246628131,0.8375722543,2559.768786,264,7128,0.04238921002,0.1868978805
59,0.2,margin_rolling,341,18.95128886,score_margin,1000,3,576,519,0.8871527778,0.8998073218,0.9091843288,3922.643545,5766,7128,0.01926782274,0.3121387283
59,0.2,rank_static,341,3698,rank,38816,71,576,519,0.8888888889,0.8766859345,0.8820809249,3698,3698,3698,0,0
59,0.2,rank_expanding,341,3530,rank,38816,71,576,519,0.8802083333,0.8689788054,0.8739884393,3530,3530,3530,0,0
59,0.2,rank_rolling,341,3739,rank,1000,3,576,519,0.890625,0.8786127168,0.8840077071,3739,3739,3739,0,0
59,0.2,margin_static,342,14.33351898,score_margin,39392,72,636,565,0.8018867925,0.803539823,0.8215339233,2637.332743,327,7128,0.04778761062,0.2159292035
59,0.2,margin_rolling,342,19.13803303,score_margin,1000,3,636,565,0.8946540881,0.8938053097,0.9085545723,4033.253097,6061,7128,0.01769911504,0.3362831858
59,0.2,rank_static,342,3698,rank,39392,72,636,565,0.927672956,0.9185840708,0.9206489676,3698,3698,3698,0,0
59,0.2,rank_expanding,342,3540,rank,39392,72,636,565,0.9229559748,0.9132743363,0.916519174,3540,3540,3540,0,0
59,0.2,rank_rolling,342,3712,rank,1000,3,636,565,0.927672956,0.9185840708,0.9206489676,3712,3712,3712,0,0
59,0.2,margin_static,343,14.33351898,score_margin,40028,73,642,567,0.7647975078,0.758377425,0.7781305115,2918.382716,536,7128,0.04585537919,0.2151675485
59,0.2,margin_rolling,343,19.97239876,score_margin,1000,2,642,567,0.8894080997,0.885361552,0.9024691358,4522.878307,7045,7128,0.0176366843,0.39329806
59,0.2,rank_static,343,3698,rank,40028,73,642,567,0.8956386293,0.8818342152,0.8866843034,3698,3698,3698,0,0
59,0.2,rank_expanding,343,3527,rank,40028,73,642,567,0.8925233645,0.8783068783,0.8831569665,3527,3527,3527,0,0
59,0.2,rank_rolling,343,3323,rank,1000,2,642,567,0.8847352025,0.8694885362,0.8763962375,3323,3323,3323,0,0
59,0.2,margin_static,344,14.33351898,score_margin,40670,74,650,582,0.7707692308,0.7680412371,0.785652921,2681.118557,300,7128,0.04295532646,0.206185567
59,0.2,margin_rolling,344,20.31816763,score_margin,1000,2,650,582,0.88,0.8797250859,0.8910366552,4251.228522,6822.5,7128,0.01890034364,0.3883161512
59,0.2,rank_static,344,3698,rank,40670,74,650,582,0.8984615385,0.8865979381,0.8928980527,3698,3698,3698,0,0
59,0.2,rank_expanding,344,3532,rank,40670,74,650,582,0.8953846154,0.883161512,0.8894616266,3532,3532,3532,0,0
59,0.2,rank_rolling,344,3377,rank,1000,2,650,582,0.8953846154,0.883161512,0.8894616266,3377,3377,3377,0,0
59,0.2,margin_static,345,14.33351898,score_margin,41320,75,586,501,0.8293515358,0.8143712575,0.8336660013,2820.063872,384,7128,0.05788423154,0.2375249501
59,0.2,margin_rolling,345,21.55541325,score_margin,1000,2,586,501,0.9232081911,0.9141716567,0.9221556886,4523.644711,7104,7128,0.00998003992,0.4451097804
59,0.2,rank_static,345,3698,rank,41320,75,586,501,0.8924914676,0.874251497,0.879241517,3698,3698,3698,0,0
59,0.2,rank_expanding,345,3533,rank,41320,75,586,501,0.8873720137,0.8682634731,0.874251497,3533,3533,3533,0,0
59,0.2,rank_rolling,345,3714,rank,1000,2,586,501,0.8924914676,0.874251497,0.879241517,3714,3714,3714,0,0
59,0.2,margin_static,346,14.33351898,score_margin,41906,76,224,197,0.7678571429,0.7614213198,0.7901861252,1951.13198,100,7128,0.02538071066,0.1573604061
59,0.2,margin_rolling,346,20.11134607,score_margin,1000,2,224,197,0.8883928571,0.8934010152,0.9111675127,3318.13198,1339,7128,0.0152284264,0.2741116751
59,0.2,rank_static,346,3698,rank,41906,76,224,197,0.9375,0.9289340102,0.9314720812,3698,3698,3698,0,0
59,0.2,rank_expanding,346,3541,rank,41906,76,224,197,0.9375,0.9289340102,0.9314720812,3541,3541,3541,0,0
59,0.2,rank_rolling,346,3817,rank,1000,2,224,197,0.9375,0.9289340102,0.9314720812,3817,3817,3817,0,0
59,0.2,margin_static,347,14.33351898,score_margin,42130,77,306,277,0.839869281,0.8411552347,0.853188929,2066.924188,98,7128,0.03971119134,0.1624548736
59,0.2,margin_rolling,347,20.06085968,score_margin,1000,3,306,277,0.9248366013,0.9314079422,0.9356197353,3326.3213,1287,7128,0.007220216606,0.2960288809
59,0.2,rank_static,347,3698,rank,42130,77,306,277,0.9281045752,0.9205776173,0.9229843562,3698,3698,3698,0,0
59,0.2,rank_expanding,347,3532,rank,42130,77,306,277,0.9248366013,0.916967509,0.9193742479,3532,3532,3532,0,0
59,0.2,rank_rolling,347,3571,rank,1000,3,306,277,0.9248366013,0.916967509,0.9193742479,3571,3571,3571,0,0
59,0.2,margin_static,348,14.33351898,score_margin,42436,78,714,610,0.7829131653,0.7704918033,0.7946721311,2366.254098,166,7128,0.05901639344,0.1852459016
59,0.2,margin_rolling,348,19.17855358,score_margin,1000,3,714,610,0.8753501401,0.8704918033,0.8879781421,3605.306557,2567,7128,0.02295081967,0.2950819672
59,0.2,rank_static,348,3698,rank,42436,78,714,610,0.8991596639,0.8819672131,0.8852459016,3698,3698,3698,0,0
59,0.2,rank_expanding,348,3527,rank,42436,78,714,610,0.8949579832,0.8770491803,0.8803278689,3527,3527,3527,0,0
59,0.2,rank_rolling,348,3449,rank,1000,3,714,610,0.8949579832,0.8770491803,0.8803278689,3449,3449,3449,0,0
59,0.2,margin_static,349,14.33351898,score_margin,43150,79,600,545,0.7733333333,0.7724770642,0.7911314985,2241.06422,151,7128,0.03486238532,0.1889908257
59,0.2,margin_rolling,349,19.91645527,score_margin,1000,2,600,545,0.865,0.8605504587,0.8764525994,3641.442202,3881,7128,0.01100917431,0.3064220183
59,0.2,rank_static,349,3698,rank,43150,79,600,545,0.9,0.8917431193,0.8975535168,3698,3698,3698,0,0
59,0.2,rank_expanding,349,3530,rank,43150,79,600,545,0.8983333333,0.8899082569,0.8957186544,3530,3530,3530,0,0
59,0.2,rank_rolling,349,3379,rank,1000,2,600,545,0.895,0.8862385321,0.8920489297,3379,3379,3379,0,0
59,0.2,margin_static,350,14.33351898,score_margin,43750,80,656,560,0.7606707317,0.7571428571,0.7807142857,2071.060714,134.5,7128,0.07142857143,0.1464285714
59,0.2,margin_rolling,350,21.9695425,score_margin,1000,2,656,560,0.9146341463,0.9160714286,0.9347321429,3914.760714,5310,7128,0.008928571429,0.3285714286
59,0.2,rank_static,350,3698,rank,43750,80,656,560,0.9024390244,0.8910714286,0.8947321429,3698,3698,3698,0,0
59,0.2,rank_expanding,350,3530,rank,43750,80,656,560,0.9009146341,0.8892857143,0.8929464286,3530,3530,3530,0,0
59,0.2,rank_rolling,350,3704,rank,1000,2,656,560,0.9024390244,0.8910714286,0.8947321429,3704,3704,3704,0,0
59,0.2,margin_static,351,14.33351898,score_margin,44406,81,522,476,0.7701149425,0.7710084034,0.7920168067,2071.785714,113,7128,0.0756302521,0.1785714286
59,0.2,margin_rolling,351,21.09267902,score_margin,1000,2,522,476,0.8812260536,0.8907563025,0.9082633053,3621.846639,4101,7128,0.0231092437,0.2962184874
59,0.2,rank_static,351,3698,rank,44406,81,522,476,0.8965517241,0.8865546218,0.8883053221,3698,3698,3698,0,0
59,0.2,rank_expanding,351,3530,rank,44406,81,522,476,0.8888888889,0.8781512605,0.8799019608,3530,3530,3530,0,0
59,0.2,rank_rolling,351,3924,rank,1000,2,522,476,0.9118773946,0.9033613445,0.9033613445,3924,3924,3924,0,0
59,0.2,margin_static,352,14.33351898,score_margin,44928,82,462,415,0.7359307359,0.7445783133,0.7625502008,2056.424096,153,7128,0.06746987952,0.1614457831
59,0.2,margin_rolling,352,21.4813292,score_margin,1000,2,462,415,0.9004329004,0.9084337349,0.925502008,4017.53253,6078,7128,0.01927710843,0.3036144578
59,0.2,rank_static,352,3698,rank,44928,82,462,415,0.9090909091,0.9060240964,0.9113453815,3698,3698,3698,0,0
59,0.2,rank_expanding,352,3535,rank,44928,82,462,415,0.9069264069,0.9036144578,0.908935743,3535,3535,3535,0,0
59,0.2,rank_rolling,352,3857,rank,1000,2,462,415,0.9155844156,0.913253012,0.9185742972,3857,3857,3857,0,0
59,0.2,margin_static,353,14.33351898,score_margin,45390,83,242,226,0.6900826446,0.6946902655,0.7079646018,1846.362832,115.5,7128,0.09292035398,0.1327433628
59,0.2,margin_rolling,353,21.82526517,score_margin,1000,3,242,226,0.867768595,0.8716814159,0.8827433628,3776.053097,5542,7128,0.02212389381,0.3185840708
59,0.2,rank_static,353,3698,rank,45390,83,242,226,0.8636363636,0.8539823009,0.8628318584,3698,3698,3698,0,0
59,0.2,rank_expanding,353,3532,rank,45390,83,242,226,0.8553719008,0.8451327434,0.8539823009,3532,3532,3532,0,0
59,0.2,rank_rolling,353,3677,rank,1000,3,242,226,0.8636363636,0.8539823009,0.8628318584,3677,3677,3677,0,0
59,0.2,margin_static,354,14.33351898,score_margin,45632,84,238,227,0.718487395,0.7224669604,0.7261380323,2310.299559,145,7128,0.03964757709,0.1762114537
59,0.2,margin_rolling,354,22.20458508,score_margin,1000,3,238,227,0.8991596639,0.8986784141,0.9067547724,4344.577093,6584,7128,0.004405286344,0.3700440529
59,0.2,rank_static,354,3698,rank,45632,84,238,227,0.8823529412,0.8766519824,0.8766519824,3698,3698,3698,0,0
59,0.2,rank_expanding,354,3543,rank,45632,84,238,227,0.8655462185,0.859030837,0.859030837,3543,3543,3543,0,0
59,0.2,rank_rolling,354,3857,rank,1000,3,238,227,0.8823529412,0.8766519824,0.8766519824,3857,3857,3857,0,0
59,0.2,margin_static,355,14.33351898,score_margin,45870,85,578,506,0.6903114187,0.7114624506,0.7308018069,2369.270751,147.5,7128,0.06719367589,0.185770751
59,0.2,margin_rolling,355,22.7656498,score_margin,1000,4,578,506,0.8979238754,0.9090909091,0.9260775456,4508.347826,7049,7128,0.01185770751,0.4071146245
59,0.2,rank_static,355,3698,rank,45870,85,578,506,0.8598615917,0.8458498024,0.8571428571,3698,3698,3698,0,0
59,0.2,rank_expanding,355,3546,rank,45870,85,578,506,0.8581314879,0.8438735178,0.8551665726,3546,3546,3546,0,0
59,0.2,rank_rolling,355,3970,rank,1000,4,578,506,0.8702422145,0.8577075099,0.8690005647,3970,3970,3970,0,0
59,0.2,margin_static,356,14.33351898,score_margin,46448,86,548,483,0.7317518248,0.7246376812,0.7443064182,2249.768116,156,7128,0.06625258799,0.1759834369
59,0.2,margin_rolling,356,22.80119026,score_margin,1000,3,548,483,0.9069343066,0.9068322981,0.9144237405,4298.962733,6644,7128,0.008281573499,0.3788819876
59,0.2,rank_static,356,3698,rank,46448,86,548,483,0.8886861314,0.8902691511,0.8902691511,3698,3698,3698,0,0
59,0.2,rank_expanding,356,3558,rank,46448,86,548,483,0.8886861314,0.8902691511,0.8902691511,3558,3558,3558,0,0
59,0.2,rank_rolling,356,5073,rank,1000,3,548,483,0.9215328467,0.9151138716,0.9213250518,5073,5073,5073,0,0
59,0.2,margin_static,357,14.33351898,score_margin,46996,87,406,363,0.7463054187,0.7630853994,0.7759412305,1608.198347,93,7128,0.06060606061,0.1157024793
59,0.2,margin_rolling,357,22.83583021,score_margin,1000,2,406,363,0.9261083744,0.9256198347,0.9368686869,3863.887052,5591,7128,0.01652892562,0.2865013774
59,0.2,rank_static,357,3698,rank,46996,87,406,363,0.921182266,0.9201101928,0.9228650138,3698,3698,3698,0,0
59,0.2,rank_expanding,357,3562,rank,46996,87,406,363,0.9137931034,0.91184573,0.914600551,3562,3562,3562,0,0
59,0.2,rank_rolling,357,4667,rank,1000,2,406,363,0.9285714286,0.9283746556,0.9297520661,4667,4667,4667,0,0
59,0.2,margin_static,358,14.33351898,score_margin,47402,88,300,276,0.75,0.7572463768,0.7693236715,1571.528986,63.5,7128,0.0652173913,0.1413043478
59,0.2,margin_rolling,358,21.66165113,score_margin,1000,3,300,276,0.9,0.8985507246,0.9115338164,3144.586957,920,7128,0.01811594203,0.2355072464
59,0.2,rank_static,358,3698,rank,47402,88,300,276,0.91,0.902173913,0.902173913,3698,3698,3698,0,0
59,0.2,rank_expanding,358,3558,rank,47402,88,300,276,0.8966666667,0.8876811594,0.8876811594,3558,3558,3558,0,0
59,0.2,rank_rolling,358,4086,rank,1000,3,300,276,0.9133333333,0.9057971014,0.9057971014,4086,4086,4086,0,0
59,0.2,margin_static,359,14.33351898,score_margin,47702,89,330,312,0.8212121212,0.8237179487,0.8354700855,2672.503205,391,7128,0.04166666667,0.2019230769
59,0.2,margin_rolling,359,21.66165113,score_margin,1000,3,330,312,0.9515151515,0.9519230769,0.9567307692,4586.951923,7111,7128,0.01282051282,0.4262820513
59,0.2,rank_static,359,3698,rank,47702,89,330,312,0.9393939394,0.9358974359,0.9375,3698,3698,3698,0,0
59,0.2,rank_expanding,359,3558,rank,47702,89,330,312,0.9393939394,0.9358974359,0.9375,3558,3558,3558,0,0
59,0.2,rank_rolling,359,3620,rank,1000,3,330,312,0.9393939394,0.9358974359,0.9375,3620,3620,3620,0,0
59,0.2,margin_static,360,14.33351898,score_margin,48032,90,228,214,0.7850877193,0.7803738318,0.7920560748,1888.294393,101,7128,0.06542056075,0.1355140187
59,0.2,margin_rolling,360,19.74633408,score_margin,1000,3,228,214,0.8859649123,0.8878504673,0.8948598131,3121.434579,993.5,7128,0.02336448598,0.2663551402
59,0.2,rank_static,360,3698,rank,48032,90,228,214,0.9692982456,0.9672897196,0.9672897196,3698,3698,3698,0,0
59,0.2,rank_expanding,360,3553,rank,48032,90,228,214,0.9649122807,0.9626168224,0.9626168224,3553,3553,3553,0,0
59,0.2,rank_rolling,360,3085,rank,1000,3,228,214,0.951754386,0.9485981308,0.9509345794,3085,3085,3085,0,0
59,0.2,margin_static,361,14.33351898,score_margin,48260,91,246,226,0.7357723577,0.7256637168,0.7455752212,1598.49115,52,7128,0.09734513274,0.1238938053
59,0.2,margin_rolling,361,20.60541427,score_margin,1000,4,246,226,0.8861788618,0.8805309735,0.8923303835,3092.495575,678,7128,0.04867256637,0.2168141593
59,0.2,rank_static,361,3698,rank,48260,91,246,226,0.9227642276,0.9159292035,0.9159292035,3698,3698,3698,0,0
59,0.2,rank_expanding,361,3546,rank,48260,91,246,226,0.9227642276,0.9159292035,0.9159292035,3546,3546,3546,0,0
59,0.2,rank_rolling,361,2667,rank,1000,4,246,226,0.9105691057,0.9026548673,0.9048672566,2667,2667,2667,0,0
59,0.2,margin_static,362,14.33351898,score_margin,48506,92,620,530,0.7483870968,0.779245283,0.8064869721,1797.583019,81.5,7128,0.0641509434,0.141509434
59,0.2,margin_rolling,362,19.98746967,score_margin,1000,4,620,530,0.8516129032,0.8849056604,0.9051392633,3164.539623,1111.5,7128,0.02452830189,0.2433962264
59,0.2,rank_static,362,3698,rank,48506,92,620,530,0.9129032258,0.9018867925,0.9037735849,3698,3698,3698,0,0
59,0.2,rank_expanding,362,3544,rank,48506,92,620,530,0.9129032258,0.9018867925,0.9037735849,3544,3544,3544,0,0
59,0.2,rank_rolling,362,2347,rank,1000,4,620,530,0.8741935484,0.8566037736,0.8632075472,2347,2347,2347,0,0
59,0.2,margin_static,363,14.33351898,score_margin,49126,93,386,353,0.792746114,0.7960339943,0.8125590179,1896.725212,75,7128,0.1076487252,0.1444759207
59,0.2,margin_rolling,363,22.70999718,score_margin,1000,3,386,353,0.914507772,0.9178470255,0.9322474032,3761.96034,4880,7128,0.0283286119,0.3087818697
59,0.2,rank_static,363,3698,rank,49126,93,386,353,0.9041450777,0.9036827195,0.9046270066,3698,3698,3698,0,0
59,0.2,rank_expanding,363,3535,rank,49126,93,386,353,0.9041450777,0.9036827195,0.9046270066,3535,3535,3535,0,0
59,0.2,rank_rolling,363,2641,rank,1000,3,386,353,0.8808290155,0.88101983,0.88101983,2641,2641,2641,0,0
59,0.2,margin_static,364,14.33351898,score_margin,49512,94,354,329,0.7457627119,0.7416413374,0.7573454914,1670.81155,76,7128,0.103343465,0.1550151976
59,0.2,margin_rolling,364,22.65601921,score_margin,1000,2,354,329,0.8870056497,0.8844984802,0.896656535,3740.197568,4938,7128,0.0273556231,0.2948328267
59,0.2,rank_static,364,3698,rank,49512,94,354,329,0.8926553672,0.8844984802,0.8875379939,3698,3698,3698,0,0
59,0.2,rank_expanding,364,3533,rank,49512,94,354,329,0.8898305085,0.8814589666,0.8844984802,3533,3533,3533,0,0
59,0.2,rank_rolling,364,3296,rank,1000,2,354,329,0.8870056497,0.8784194529,0.8814589666,3296,3296,3296,0,0
59,0.3,margin_static,292,14.34985628,score_margin,11270,22,730,658,0.8684931507,0.8814589666,0.8909827761,3678.237082,4286.5,7128,0.01367781155,0.3069908815
59,0.3,margin_rolling,292,14.90464926,score_margin,1000,3,730,658,0.8780821918,0.8890577508,0.8995947315,3858.392097,5364,7128,0.01063829787,0.3343465046
59,0.3,rank_static,292,3720,rank,11270,22,730,658,0.8945205479,0.8920972644,0.8953900709,3720,3720,3720,0,0
59,0.3,rank_expanding,292,3720,rank,11270,22,730,658,0.8945205479,0.8920972644,0.8953900709,3720,3720,3720,0,0
59,0.3,rank_rolling,292,3239,rank,1000,3,730,658,0.8794520548,0.8753799392,0.8786727457,3239,3239,3239,0,0
59,0.3,margin_static,293,14.34985628,score_margin,12000,23,658,581,0.8996960486,0.9070567986,0.9234079174,3896.72117,5575,7128,0.01204819277,0.3407917384
59,0.3,margin_rolling,293,15.68234515,score_margin,1000,2,658,581,0.9285714286,0.934595525,0.9480780264,4353.592083,6884,7128,0.01032702238,0.3924268503
59,0.3,rank_static,293,3720,rank,12000,23,658,581,0.8920972644,0.8829604131,0.8904188181,3720,3720,3720,0,0
59,0.3,rank_expanding,293,3732,rank,12000,23,658,581,0.8920972644,0.8829604131,0.8904188181,3732,3732,3732,0,0
59,0.3,rank_rolling,293,3405,rank,1000,2,658,581,0.8753799392,0.8640275387,0.8726333907,3405,3405,3405,0,0
59,0.3,margin_static,294,14.34985628,score_margin,12658,24,618,538,0.8462783172,0.8382899628,0.8671313507,3749.788104,4971,7128,0.01486988848,0.3382899628
59,0.3,margin_rolling,294,15.50398493,score_margin,1000,2,618,538,0.8818770227,0.8773234201,0.898110285,4104.302974,6583,7128,0.01486988848,0.373605948
59,0.3,rank_static,294,3720,rank,12658,24,618,538,0.8721682848,0.8550185874,0.8587360595,3720,3720,3720,0,0
59,0.3,rank_expanding,294,3738,rank,12658,24,618,538,0.8721682848,0.8550185874,0.8587360595,3738,3738,3738,0,0
59,0.3,rank_rolling,294,3749,rank,1000,2,618,538,0.8737864078,0.8568773234,0.8596654275,3749,3749,3749,0,0
59,0.3,margin_static,295,14.34985628,score_margin,13276,25,666,578,0.8798798799,0.884083045,0.906805075,3820.759516,5249,7128,0.006920415225,0.3079584775
59,0.3,margin_rolling,295,15.8996973,score_margin,1000,2,666,578,0.9039039039,0.9117647059,0.9318915802,4347.513841,6866,7128,0.005190311419,0.3788927336
59,0.3,rank_static,295,3720,rank,13276,25,666,578,0.9159159159,0.9031141869,0.9071510957,3720,3720,3720,0,0
59,0.3,rank_expanding,295,3753,rank,13276,25,666,578,0.9159159159,0.9031141869,0.9071510957,3753,3753,3753,0,0
59,0.3,rank_rolling,295,4371,rank,1000,2,666,578,0.9294294294,0.9186851211,0.9218569781,4371,4371,4371,0,0
59,0.3,margin_static,296,14.34985628,score_margin,13942,26,516,466,0.8604651163,0.8669527897,0.8790414878,3809.092275,5490,7128,0.01072961373,0.3261802575
59,0.3,margin_rolling,296,16.2227186,score_margin,1000,2,516,466,0.8914728682,0.8927038627,0.9080829757,4360.787554,7012,7128,0.004291845494,0.4055793991
59,0.3,rank_static,296,3720,rank,13942,26,516,466,0.9147286822,0.9055793991,0.9066523605,3720,3720,3720,0,0
59,0.3,rank_expanding,296,3740,rank,13942,26,516,466,0.9147286822,0.9055793991,0.9066523605,3740,3740,3740,0,0
59,0.3,rank_rolling,296,3232,rank,1000,2,516,466,0.9069767442,0.8969957082,0.8980686695,3232,3232,3232,0,0
59,0.3,margin_static,297,14.34985628,score_margin,14458,27,292,254,0.8287671233,0.8582677165,0.8681102362,3109.838583,807,7128,0.01968503937,0.2598425197
59,0.3,margin_rolling,297,16.20170212,score_margin,1000,2,292,254,0.852739726,0.8858267717,0.8956692913,3665.027559,3671,7128,0.003937007874,0.3188976378
59,0.3,rank_static,297,3720,rank,14458,27,292,254,0.8938356164,0.8818897638,0.8932414698,3720,3720,3720,0,0
59,0.3,rank_expanding,297,3736,rank,14458,27,292,254,0.8938356164,0.8818897638,0.8932414698,3736,3736,3736,0,0
59,0.3,rank_rolling,297,2886,rank,1000,2,292,254,0.8801369863,0.8661417323,0.8814304462,2886,2886,2886,0,0
59,0.3,margin_static,298,14.34985628,score_margin,14750,28,252,224,0.8492063492,0.8571428571,0.8857886905,3373.625,1787,7128,0.004464285714,0.3080357143
59,0.3,margin_rolling,298,17.38274193,score_margin,1000,3,252,224,0.9285714286,0.9419642857,0.9534970238,4289.125,7057,7128,0,0.3928571429
59,0.3,rank_static,298,3720,rank,14750,28,252,224,0.8571428571,0.84375,0.8511904762,3720,3720,3720,0,0
59,0.3,rank_expanding,298,3738,rank,14750,28,252,224,0.8611111111,0.8482142857,0.8556547619,3738,3738,3738,0,0
59,0.3,rank_rolling,298,3284,rank,1000,3,252,224,0.8412698413,0.8258928571,0.8333333333,3284,3284,3284,0,0
59,0.3,margin_static,299,14.34985628,score_margin,15002,29,702,615,0.8518518519,0.8666666667,0.8849554781,3539.643902,2288,7128,0.01300813008,0.2682926829
59,0.3,margin_rolling,299,16.81475186,score_margin,1000,3,702,615,0.8917378917,0.9024390244,0.9193883082,4329.936585,6901,7128,0.00325203252,0.3723577236
59,0.3,rank_static,299,3720,rank,15002,29,702,615,0.9358974359,0.9268292683,0.9276422764,3720,3720,3720,0,0
59,0.3,rank_expanding,299,3741,rank,15002,29,702,615,0.9373219373,0.9284552846,0.9284552846,3741,3741,3741,0,0
59,0.3,rank_rolling,299,3846,rank,1000,3,702,615,0.9373219373,0.9284552846,0.9284552846,3846,3846,3846,0,0
59,0.3,margin_static,300,14.34985628,score_margin,15704,30,664,573,0.8478915663,0.8568935428,0.8826837309,3743.605585,4941,7128,0.01047120419,0.3036649215
59,0.3,margin_rolling,300,17.07872963,score_margin,1000,3,664,573,0.9036144578,0.9057591623,0.9307737056,4598.554974,7098,7128,0.005235602094,0.4240837696
59,0.3,rank_static,300,3720,rank,15704,30,664,573,0.8780120482,0.8621291449,0.8723094823,3720,3720,3720,0,0
59,0.3,rank_expanding,300,3715,rank,15704,30,664,573,0.8780120482,0.8621291449,0.8723094823,3715,3715,3715,0,0
59,0.3,rank_rolling,300,3407,rank,1000,3,664,573,0.8644578313,0.8464223386,0.856602676,3407,3407,3407,0,0
59,0.3,margin_static,301,14.34985628,score_margin,16368,31,616,552,0.8555194805,0.8641304348,0.8823067633,3939.625,5509,7128,0.01268115942,0.347826087
59,0.3,margin_rolling,301,17.39311504,score_margin,1000,2,616,552,0.9269480519,0.9275362319,0.9400362319,4774.769928,7125,7128,0,0.4619565217
59,0.3,rank_static,301,3720,rank,16368,31,616,552,0.8571428571,0.847826087,0.855615942,3720,3720,3720,0,0
59,0.3,rank_expanding,301,3736,rank,16368,31,616,552,0.8571428571,0.847826087,0.855615942,3736,3736,3736,0,0
59,0.3,rank_rolling,301,3762,rank,1000,2,616,552,0.8571428571,0.847826087,0.855615942,3762,3762,3762,0,0
59,0.3,margin_static,302,14.34985628,score_margin,16984,32,570,490,0.8350877193,0.8346938776,0.8515840622,3319.457143,1171,7128,0.01836734694,0.2816326531
59,0.3,margin_rolling,302,16.33293104,score_margin,1000,2,570,490,0.8754385965,0.8734693878,0.8891933916,3908.710204,5494,7128,0.00612244898,0.3591836735
59,0.3,rank_static,302,3720,rank,16984,32,570,490,0.9087719298,0.8979591837,0.9051020408,3720,3720,3720,0,0
59,0.3,rank_expanding,302,3773,rank,16984,32,570,490,0.9087719298,0.8979591837,0.9051020408,3773,3773,3773,0,0
59,0.3,rank_rolling,302,5130,rank,1000,2,570,490,0.9368421053,0.9306122449,0.9357142857,5130,5130,5130,0,0
59,0.3,margin_static,303,14.34985628,score_margin,17554,33,542,485,0.8745387454,0.8680412371,0.8817182131,3474.158763,1933,7128,0.01443298969,0.3010309278
59,0.3,margin_rolling,303,16.93809652,score_margin,1000,2,542,485,0.9095940959,0.9051546392,0.9160824742,4295.810309,6927,7128,0.00412371134,0.3979381443
59,0.3,rank_static,303,3720,rank,17554,33,542,485,0.8911439114,0.8804123711,0.8845360825,3720,3720,3720,0,0
59,0.3,rank_expanding,303,3754,rank,17554,33,542,485,0.8911439114,0.8804123711,0.8845360825,3754,3754,3754,0,0
59,0.3,rank_rolling,303,4499,rank,1000,2,542,485,0.9040590406,0.8927835052,0.8969072165,4499,4499,4499,0,0
59,0.3,margin_static,304,14.34985628,score_margin,18096,34,328,281,0.8201219512,0.8220640569,0.8555753262,3254.067616,1194,7128,0.02135231317,0.2704626335
59,0.3,margin_rolling,304,16.64164162,score_margin,1000,2,328,281,0.862804878,0.8612099644,0.8970937129,3951.548043,6197,7128,0.007117437722,0.3309608541
59,0.3,rank_static,304,3720,rank,18096,34,328,281,0.8932926829,0.8896797153,0.8941281139,3720,3720,3720,0,0
59,0.3,rank_expanding,304,3773,rank,18096,34,328,281,0.8932926829,0.8896797153,0.8941281139,3773,3773,3773,0,0
59,0.3,rank_rolling,304,4021,rank,1000,2,328,281,0.9085365854,0.9074733096,0.9119217082,4021,4021,4021,0,0
59,0.3,margin_static,305,14.34985628,score_margin,18424,35,328,295,0.875,0.8745762712,0.8970056497,3029.955932,899,7128,0.01355932203,0.2338983051
59,0.3,margin_rolling,305,17.36825562,score_margin,1000,3,328,295,0.9085365854,0.9118644068,0.9244067797,4053.220339,6539,7128,0.003389830508,0.3389830508
59,0.3,rank_static,305,3720,rank,18424,35,328,295,0.9176829268,0.9084745763,0.9101694915,3720,3720,3720,0,0
59,0.3,rank_expanding,305,3774,rank,18424,35,328,295,0.9176829268,0.9084745763,0.9101694915,3774,3774,3774,0,0
59,0.3,rank_rolling,305,3982,rank,1000,3,328,295,0.9176829268,0.9084745763,0.9101694915,3982,3982,3982,0,0
59,0.3,margin_static,306,14.34985628,score_margin,18752,36,582,513,0.8659793814,0.8771929825,0.8973684211,3441.153996,1898,7128,0.0253411306,0.2865497076
59,0.3,margin_rolling,306,17.36076736,score_margin,1000,3,582,513,0.9037800687,0.9122807018,0.926445744,4288.214425,7000,7128,0.007797270955,0.4054580897
59,0.3,rank_static,306,3720,rank,18752,36,582,513,0.9175257732,0.9064327485,0.9106562703,3720,3720,3720,0,0
59,0.3,rank_expanding,306,3756,rank,18752,36,582,513,0.9192439863,0.9083820663,0.912605588,3756,3756,3756,0,0
59,0.3,rank_rolling,306,3669,rank,1000,3,582,513,0.9158075601,0.9044834308,0.9096816114,3669,3669,3669,0,0
59,0.3,margin_static,307,14.34985628,score_margin,19334,37,588,510,0.8384353741,0.8470588235,0.870620915,3595.843137,3333,7128,0.01764705882,0.2960784314
59,0.3,margin_rolling,307,17.44543338,score_margin,1000,3,588,510,0.9013605442,0.9137254902,0.9310784314,4602.576471,7074.5,7128,0.003921568627,0.4254901961
59,0.3,rank_static,307,3720,rank,19334,37,588,510,0.8945578231,0.8784313725,0.8858823529,3720,3720,3720,0,0
59,0.3,rank_expanding,307,3741,rank,19334,37,588,510,0.8945578231,0.8784313725,0.8858823529,3741,3741,3741,0,0
59,0.3,rank_rolling,307,3110,rank,1000,3,588,510,0.8775510204,0.8607843137,0.8698039216,3110,3110,3110,0,0
59,0.3,margin_static,308,14.34985628,score_margin,19922,38,562,497,0.8434163701,0.847082495,0.8661492766,3563.847082,2324,7128,0.01810865191,0.3440643863
59,0.3,margin_rolling,308,17.12151092,score_margin,1000,2,562,497,0.8879003559,0.8853118712,0.9045223723,4316.458753,7003,7128,0.01408450704,0.4386317907
59,0.3,rank_static,308,3720,rank,19922,38,562,497,0.8523131673,0.8390342052,0.8430583501,3720,3720,3720,0,0
59,0.3,rank_expanding,308,3744,rank,19922,38,562,497,0.8540925267,0.8410462777,0.8450704225,3744,3744,3744,0,0
59,0.3,rank_rolling,308,3549,rank,1000,2,562,497,0.8416370107,0.8269617706,0.8309859155,3549,3549,3549,0,0
59,0.3,margin_static,309,14.34985628,score_margin,20484,39,626,535,0.8450479233,0.8504672897,0.8785981308,3603.93271,3229,7128,0.01869158879,0.3158878505
59,0.3,margin_rolling,309,18.1240634,score_margin,1000,2,626,535,0.9009584665,0.9121495327,0.9284423676,4698.229907,7115,7128,0.001869158879,0.4429906542
59,0.3,rank_static,309,3720,rank,20484,39,626,535,0.875399361,0.8598130841,0.8651090343,3720,3720,3720,0,0
59,0.3,rank_expanding,309,3791,rank,20484,39,626,535,0.8769968051,0.861682243,0.8669781931,3791,3791,3791,0,0
59,0.3,rank_rolling,309,4477,rank,1000,2,626,535,0.8961661342,0.8841121495,0.8884735202,4477,4477,4477,0,0
59,0.3,margin_static,310,14.34985628,score_margin,21110,40,620,527,0.8935483871,0.8842504744,0.9174889311,3117.605313,1059,7128,0.02087286528,0.2485768501
59,0.3,margin_rolling,310,18.56742299,score_margin,1000,2,620,527,0.9564516129,0.9506641366,0.9655281467,4407.781784,6940,7128,0.00569259962,0.385199241
59,0.3,rank_static,310,3720,rank,21110,40,620,527,0.9322580645,0.9222011385,0.9231499051,3720,3720,3720,0,0
59,0.3,rank_expanding,310,3803,rank,21110,40,620,527,0.935483871,0.9259962049,0.9269449715,3803,3803,3803,0,0
59,0.3,rank_rolling,310,4735,rank,1000,2,620,527,0.9516129032,0.9430740038,0.9440227704,4735,4735,4735,0,0
59,0.3,margin_static,311,14.34985628,score_margin,21730,41,438,366,0.8675799087,0.8469945355,0.8842440801,2746.15847,422.5,7128,0.01912568306,0.2131147541
59,0.3,margin_rolling,311,16.16192913,score_margin,1000,2,438,366,0.8858447489,0.868852459,0.902003643,3276.989071,1175.5,7128,0.01639344262,0.2568306011
59,0.3,rank_static,311,3720,rank,21730,41,438,366,0.899543379,0.8825136612,0.8884335155,3720,3720,3720,0,0
59,0.3,rank_expanding,311,3782,rank,21730,41,438,366,0.899543379,0.8825136612,0.8884335155,3782,3782,3782,0,0
59,0.3,rank_rolling,311,3020,rank,1000,2,438,366,0.8767123288,0.8551912568,0.864298725,3020,3020,3020,0,0
59,0.3,margin_static,312,14.34985628,score_margin,22168,42,460,368,0.8130434783,0.8315217391,0.8618012422,2567.383152,475.5,7128,0.02173913043,0.2038043478
59,0.3,margin_rolling,312,15.56528473,score_margin,1000,2,460,368,0.8347826087,0.8559782609,0.8830874741,3102.486413,984,7128,0.02173913043,0.2173913043
59,0.3,rank_static,312,3720,rank,22168,42,460,368,0.9326086957,0.9157608696,0.9300724638,3720,3720,3720,0,0
59,0.3,rank_expanding,312,3783,rank,22168,42,460,368,0.9326086957,0.9157608696,0.9300724638,3783,3783,3783,0,0
59,0.3,rank_rolling,312,2945,rank,1000,2,460,368,0.9217391304,0.902173913,0.9164855072,2945,2945,2945,0,0
59,0.3,margin_static,313,14.34985628,score_margin,22628,43,794,641,0.8350125945,0.8315132605,0.8644565783,2958.461778,575,7128,0.02964118565,0.248049922
59,0.3,margin_rolling,313,17.36779404,score_margin,1000,3,794,641,0.895465995,0.895475819,0.9229589184,3847.310452,5247,7128,0.00624024961,0.3432137285
59,0.3,rank_static,313,3720,rank,22628,43,794,641,0.9068010076,0.8845553822,0.8881435257,3720,3720,3720,0,0
59,0.3,rank_expanding,313,3752,rank,22628,43,794,641,0.9068010076,0.8845553822,0.8881435257,3752,3752,3752,0,0
59,0.3,rank_rolling,313,2591,rank,1000,3,794,641,0.879093199,0.8517940718,0.8577223089,2591,2591,2591,0,0
59,0.3,margin_static,314,14.34985628,score_margin,23422,44,678,585,0.8525073746,0.8478632479,0.8740903541,3002,751,7128,0.02393162393,0.2376068376
59,0.3,margin_rolling,314,18.15271759,score_margin,1000,2,678,585,0.9233038348,0.9247863248,0.9411843712,4116.302564,6615,7128,0.008547008547,0.3623931624
59,0.3,rank_static,314,3720,rank,23422,44,678,585,0.9321533923,0.9213675214,0.9276760277,3720,3720,3720,0,0
59,0.3,rank_expanding,314,3744,rank,23422,44,678,585,0.9351032448,0.9247863248,0.9310948311,3744,3744,3744,0,0
59,0.3,rank_rolling,314,3259,rank,1000,2,678,585,0.9262536873,0.9145299145,0.9208384208,3259,3259,3259,0,0
59,0.3,margin_static,315,14.34985628,score_margin,24100,45,774,660,0.8410852713,0.8348484848,0.8583585859,2913.007576,654.5,7128,0.02121212121,0.2045454545
59,0.3,margin_rolling,315,17.69786739,score_margin,1000,2,774,660,0.9082687339,0.9060606061,0.9252777778,4028.1,5898.5,7128,0.009090909091,0.3242424242
59,0.3,rank_static,315,3720,rank,24100,45,774,660,0.9186046512,0.9090909091,0.9125,3720,3720,3720,0,0
59,0.3,rank_expanding,315,3732,rank,24100,45,774,660,0.9198966408,0.9106060606,0.9140151515,3732,3732,3732,0,0
59,0.3,rank_rolling,315,2837,rank,1000,2,774,660,0.9005167959,0.8878787879,0.8938131313,2837,2837,2837,0,0
59,0.3,margin_static,316,14.34985628,score_margin,24874,46,758,622,0.8575197889,0.8424437299,0.8702572347,3196.715434,1322,7128,0.02090032154,0.2443729904
59,0.3,margin_rolling,316,17.71261406,score_margin,1000,2,758,622,0.9208443272,0.9131832797,0.9327438371,4377.625402,6835.5,7128,0.009646302251,0.3504823151
59,0.3,rank_static,316,3720,rank,24874,46,758,622,0.9300791557,0.9147909968,0.9155948553,3720,3720,3720,0,0
59,0.3,rank_expanding,316,3706,rank,24874,46,758,622,0.9287598945,0.9131832797,0.9147909968,3706,3706,3706,0,0
59,0.3,rank_rolling,316,2944,rank,1000,2,758,622,0.9116094987,0.8922829582,0.8938906752,2944,2944,2944,0,0
59,0.3,margin_static,317,14.34985628,score_margin,25632,47,630,559,0.8428571429,0.8461538462,0.8651759094,2643.978533,542,7128,0.01967799642,0.2057245081
59,0.3,margin_rolling,317,16.66097307,score_margin,1000,2,630,559,0.8746031746,0.8747763864,0.8948121646,3445.398927,2284,7128,0.01073345259,0.2701252236
59,0.3,rank_static,317,3720,rank,25632,47,630,559,0.9126984127,0.9016100179,0.9084973166,3720,3720,3720,0,0
59,0.3,rank_expanding,317,3673,rank,25632,47,630,559,0.9111111111,0.8998211091,0.9067084079,3673,3673,3673,0,0
59,0.3,rank_rolling,317,2803,rank,1000,2,630,559,0.8936507937,0.8801431127,0.8891174717,2803,2803,2803,0,0
59,0.3,margin_static,318,14.34985628,score_margin,26262,48,342,308,0.8216374269,0.8279220779,0.8425324675,2552.149351,209.5,7128,0.02272727273,0.2175324675
59,0.3,margin_rolling,318,18.10417175,score_margin,1000,2,342,308,0.9064327485,0.9090909091,0.9253246753,3629.233766,4266.5,7128,0.006493506494,0.3116883117
59,0.3,rank_static,318,3720,rank,26262,48,342,308,0.918128655,0.9090909091,0.9128787879,3720,3720,3720,0,0
59,0.3,rank_expanding,318,3664,rank,26262,48,342,308,0.918128655,0.9090909091,0.9128787879,3664,3664,3664,0,0
59,0.3,rank_rolling,318,2876,rank,1000,2,342,308,0.8947368421,0.8831168831,0.8885281385,2876,2876,2876,0,0
59,0.3,margin_static,319,14.34985628,score_margin,26604,49,324,290,0.8518518519,0.8379310345,0.8482758621,2702.272414,600.5,7128,0.03448275862,0.2034482759
59,0.3,margin_rolling,319,18.10417175,score_margin,1000,3,324,290,0.9074074074,0.9,0.9086206897,3877.496552,5820,7128,0.003448275862,0.3275862069
59,0.3,rank_static,319,3720,rank,26604,49,324,290,0.9413580247,0.9344827586,0.9344827586,3720,3720,3720,0,0
59,0.3,rank_expanding,319,3649,rank,26604,49,324,290,0.9413580247,0.9344827586,0.9344827586,3649,3649,3649,0,0
59,0.3,rank_rolling,319,3101,rank,1000,3,324,290,0.9259259259,0.9172413793,0.9172413793,3101,3101,3101,0,0
59,0.3,margin_static,320,14.34985628,score_margin,26928,50,736,646,0.847826087,0.8591331269,0.8692638459,3282.078947,1086.5,7128,0.02631578947,0.2693498452
59,0.3,margin_rolling,320,18.20189297,score_margin,1000,3,736,646,0.9089673913,0.919504644,0.9289043688,4351.950464,6984.5,7128,0.004643962848,0.419504644
59,0.3,rank_static,320,3720,rank,26928,50,736,646,0.9198369565,0.9102167183,0.9130546956,3720,3720,3720,0,0
59,0.3,rank_expanding,320,3639,rank,26928,50,736,646,0.9157608696,0.9055727554,0.9084107327,3639,3639,3639,0,0
59,0.3,rank_rolling,320,2769,rank,1000,3,736,646,0.8845108696,0.8715170279,0.875128999,2769,2769,2769,0,0
59,0.3,margin_static,321,14.34985628,score_margin,27664,51,680,603,0.8602941176,0.8490878939,0.8676064124,3110.902156,1019,7128,0.02985074627,0.2305140962
59,0.3,margin_rolling,321,17.54201889,score_margin,1000,2,680,603,0.8941176471,0.8855721393,0.9021558872,4096.761194,6357,7128,0.01326699834,0.3416252073
59,0.3,rank_static,321,3720,rank,27664,51,680,603,0.9161764706,0.9087893864,0.9137645108,3720,3720,3720,0,0
59,0.3,rank_expanding,321,3628,rank,27664,51,680,603,0.9117647059,0.903814262,0.9087893864,3628,3628,3628,0,0
59,0.3,rank_rolling,321,2946,rank,1000,2,680,603,0.8897058824,0.8789386401,0.8839137645,2946,2946,2946,0,0
59,0.3,margin_static,322,14.34985628,score_margin,28344,52,668,595,0.8577844311,0.8537815126,0.8719887955,3179.645378,1025,7128,0.0218487395,0.2403361345
59,0.3,margin_rolling,322,19.09695721,score_margin,1000,2,668,595,0.9416167665,0.9445378151,0.9518207283,4546.235294,7011,7128,0.003361344538,0.4
59,0.3,rank_static,322,3720,rank,28344,52,668,595,0.874251497,0.8605042017,0.8619047619,3720,3720,3720,0,0
59,0.3,rank_expanding,322,3618,rank,28344,52,668,595,0.872754491,0.8588235294,0.8602240896,3618,3618,3618,0,0
59,0.3,rank_rolling,322,3227,rank,1000,2,668,595,0.8682634731,0.8554621849,0.856302521,3227,3227,3227,0,0
59,0.3,margin_static,323,14.34985628,score_margin,29012,53,668,600,0.8218562874,0.8183333333,0.8386111111,2986.665,838,7128,0.03166666667,0.205
59,0.3,margin_rolling,323,17.12364721,score_margin,1000,2,668,600,0.8847305389,0.8816666667,0.8991666667,3883.1,5176.5,7128,0.008333333333,0.2966666667
59,0.3,rank_static,323,3720,rank,29012,53,668,600,0.9131736527,0.905,0.9066666667,3720,3720,3720,0,0
59,0.3,rank_expanding,323,3636,rank,29012,53,668,600,0.9101796407,0.9016666667,0.9033333333,3636,3636,3636,0,0
59,0.3,rank_rolling,323,4092,rank,1000,2,668,600,0.9251497006,0.9183333333,0.9191666667,4092,4092,4092,0,0
59,0.3,margin_static,324,14.34985628,score_margin,29680,54,796,650,0.7952261307,0.8,0.8403589744,2945.961538,577,7128,0.02769230769,0.2230769231
59,0.3,margin_rolling,324,17.6546874,score_margin,1000,2,796,650,0.8781407035,0.8830769231,0.9106153846,3969.246154,5978,7128,0.01230769231,0.32
59,0.3,rank_static,324,3720,rank,29680,54,796,650,0.9309045226,0.9184615385,0.9242307692,3720,3720,3720,0,0
59,0.3,rank_expanding,324,3629,rank,29680,54,796,650,0.9283919598,0.9153846154,0.9211538462,3629,3629,3629,0,0
59,0.3,rank_rolling,324,3723,rank,1000,2,796,650,0.9309045226,0.9184615385,0.9242307692,3723,3723,3723,0,0
59,0.3,margin_static,325,14.34985628,score_margin,30476,55,398,360,0.7738693467,0.7861111111,0.7986111111,2785.133333,269,7128,0.05,0.2444444444
59,0.3,margin_rolling,325,18.15284157,score_margin,1000,2,398,360,0.8592964824,0.8638888889,0.8726851852,3684.641667,4101.5,7128,0.01944444444,0.3472222222
59,0.3,rank_static,325,3720,rank,30476,55,398,360,0.8969849246,0.8861111111,0.8875,3720,3720,3720,0,0
59,0.3,rank_expanding,325,3610,rank,30476,55,398,360,0.8944723618,0.8833333333,0.8847222222,3610,3610,3610,0,0
59,0.3,rank_rolling,325,2779,rank,1000,2,398,360,0.851758794,0.8361111111,0.8388888889,2779,2779,2779,0,0
59,0.3,margin_static,326,14.34985628,score_margin,30874,56,422,348,0.7606635071,0.7787356322,0.8067528736,2292.293103,151.5,7128,0.04022988506,0.1810344828
59,0.3,margin_rolling,326,19.03725338,score_margin,1000,2,422,348,0.86492891,0.8764367816,0.8943965517,3399.068966,1395.5,7128,0.008620689655,0.2959770115
59,0.3,rank_static,326,3720,rank,30874,56,422,348,0.9360189573,0.9252873563,0.9334291188,3720,3720,3720,0,0
59,0.3,rank_expanding,326,3611,rank,30874,56,422,348,0.9336492891,0.9224137931,0.9305555556,3611,3611,3611,0,0
59,0.3,rank_rolling,326,3191,rank,1000,2,422,348,0.9265402844,0.9137931034,0.9219348659,3191,3191,3191,0,0
59,0.3,margin_static,327,14.34985628,score_margin,31296,57,738,621,0.7899728997,0.8148148148,0.8410359635,2903.544283,524,7128,0.03703703704,0.2351046699
59,0.3,margin_rolling,327,20.26640487,score_margin,1000,3,738,621,0.9078590786,0.9178743961,0.9400161031,4449.594203,7096,7128,0.004830917874,0.423510467
59,0.3,rank_static,327,3720,rank,31296,57,738,621,0.906504065,0.8953301127,0.9012345679,3720,3720,3720,0,0
59,0.3,rank_expanding,327,3600,rank,31296,57,738,621,0.9010840108,0.8888888889,0.8958668814,3600,3600,3600,0,0
59,0.3,rank_rolling,327,2960,rank,1000,3,738,621,0.8780487805,0.8615136876,0.8697799249,2960,2960,2960,0,0
59,0.3,margin_static,328,14.34985628,score_margin,32034,58,600,526,0.84,0.8498098859,0.8694731124,2975.492395,771,7128,0.03231939163,0.2433460076
59,0.3,margin_rolling,328,20.54801989,score_margin,1000,2,600,526,0.93,0.9315589354,0.9476281007,4684.903042,7121,7128,0.003802281369,0.4581749049
59,0.3,rank_static,328,3720,rank,32034,58,600,526,0.9066666667,0.8935361217,0.8963878327,3720,3720,3720,0,0
59,0.3,rank_expanding,328,3599,rank,32034,58,600,526,0.905,0.891634981,0.894486692,3599,3599,3599,0,0
59,0.3,rank_rolling,328,3159,rank,1000,2,600,526,0.8983333333,0.8840304183,0.8868821293,3159,3159,3159,0,0
59,0.3,margin_static,329,14.34985628,score_margin,32634,59,684,599,0.8070175439,0.8113522538,0.8319421258,2955.45409,390,7128,0.02337228715,0.2420701169
59,0.3,margin_rolling,329,19.29957938,score_margin,1000,2,684,599,0.9166666667,0.9131886477,0.9285475793,4283.345576,7024,7128,0.005008347245,0.3989983306
59,0.3,rank_static,329,3720,rank,32634,59,684,599,0.8932748538,0.8898163606,0.8939899833,3720,3720,3720,0,0
59,0.3,rank_expanding,329,3596,rank,32634,59,684,599,0.884502924,0.8797996661,0.8839732888,3596,3596,3596,0,0
59,0.3,rank_rolling,329,3503,rank,1000,2,684,599,0.8830409357,0.878130217,0.8823038397,3503,3503,3503,0,0
59,0.3,margin_static,330,14.34985628,score_margin,33318,60,640,580,0.8140625,0.8224137931,0.8290229885,2836.47931,513.5,7128,0.03103448276,0.225862069
59,0.3,margin_rolling,330,18.6818161,score_margin,1000,2,640,580,0.9125,0.9172413793,0.9234195402,4205.07069,6679,7128,0.006896551724,0.3551724138
59,0.3,rank_static,330,3720,rank,33318,60,640,580,0.9078125,0.8982758621,0.899137931,3720,3720,3720,0,0
59,0.3,rank_expanding,330,3606,rank,33318,60,640,580,0.90625,0.8965517241,0.8974137931,3606,3606,3606,0,0
59,0.3,rank_rolling,330,3793,rank,1000,2,640,580,0.9140625,0.9051724138,0.9060344828,3793,3793,3793,0,0
59,0.3,margin_static,331,14.34985628,score_margin,33958,61,506,474,0.8537549407,0.8523206751,0.8602320675,2862.208861,507,7128,0.04430379747,0.2067510549
59,0.3,margin_rolling,331,18.31691027,score_margin,1000,2,506,474,0.9268774704,0.9261603376,0.9319620253,4112.122363,6430.5,7128,0.01054852321,0.3396624473
59,0.3,rank_static,331,3720,rank,33958,61,506,474,0.9209486166,0.9156118143,0.9166666667,3720,3720,3720,0,0
59,0.3,rank_expanding,331,3602,rank,33958,61,506,474,0.9150197628,0.9092827004,0.9103375527,3602,3602,3602,0,0
59,0.3,rank_rolling,331,3677,rank,1000,2,506,474,0.9169960474,0.9113924051,0.9124472574,3677,3677,3677,0,0
59,0.3,margin_static,332,14.34985628,score_margin,34464,62,318,300,0.8176100629,0.82,0.8283333333,2770.583333,443,7128,0.05666666667,0.22
59,0.3,margin_rolling,332,17.32499981,score_margin,1000,2,318,300,0.8962264151,0.9,0.9072222222,3593.166667,3188.5,7128,0.02,0.2833333333
59,0.3,rank_static,332,3720,rank,34464,62,318,300,0.9433962264,0.94,0.94,3720,3720,3720,0,0
59,0.3,rank_expanding,332,3595,rank,34464,62,318,300,0.9402515723,0.9366666667,0.9366666667,3595,3595,3595,0,0
59,0.3,rank_rolling,332,3189,rank,1000,2,318,300,0.9213836478,0.9166666667,0.9166666667,3189,3189,3189,0,0
59,0.3,margin_static,333,14.34985628,score_margin,34782,63,342,312,0.7923976608,0.7916666667,0.8098290598,2793.785256,499,7128,0.05769230769,0.2147435897
59,0.3,margin_rolling,333,17.22153878,score_margin,1000,3,342,312,0.8801169591,0.8782051282,0.8963675214,3588.61859,3510.5,7128,0.02564102564,0.2916666667
59,0.3,rank_static,333,3720,rank,34782,63,342,312,0.8947368421,0.8846153846,0.8846153846,3720,3720,3720,0,0
59,0.3,rank_expanding,333,3585,rank,34782,63,342,312,0.8947368421,0.8846153846,0.8846153846,3585,3585,3585,0,0
59,0.3,rank_rolling,333,2959,rank,1000,3,342,312,0.8771929825,0.8653846154,0.8691239316,2959,2959,2959,0,0
59,0.3,margin_static,334,14.34985628,score_margin,35124,64,700,633,0.8314285714,0.8293838863,0.8461295419,2731.911532,399,7128,0.05055292259,0.2037914692
59,0.3,margin_rolling,334,17.40216255,score_margin,1000,3,700,633,0.8985714286,0.9004739336,0.9134017904,3690.151659,4586,7128,0.01895734597,0.3048973144
59,0.3,rank_static,334,3720,rank,35124,64,700,633,0.9014285714,0.8941548183,0.8991574513,3720,3720,3720,0,0
59,0.3,rank_expanding,334,3586,rank,35124,64,700,633,0.8942857143,0.8909952607,0.8936282254,3586,3586,3586,0,0
59,0.3,rank_rolling,334,3241,rank,1000,3,700,633,0.8871428571,0.8830963665,0.8867825171,3241,3241,3241,0,0
59,0.3,margin_static,335,14.34985628,score_margin,35824,65,656,587,0.8231707317,0.8194207836,0.8386144236,2832.320273,452,7128,0.02896081772,0.2385008518
59,0.3,margin_rolling,335,17.83061564,score_margin,1000,2,656,587,0.8902439024,0.8875638842,0.9042021579,3790.451448,5824,7128,0.01192504259,0.32879046
59,0.3,rank_static,335,3720,rank,35824,65,656,587,0.8826219512,0.8722316865,0.8798977853,3720,3720,3720,0,0
59,0.3,rank_expanding,335,3588,rank,35824,65,656,587,0.881097561,0.870528109,0.8781942078,3588,3588,3588,0,0
59,0.3,rank_rolling,335,3748,rank,1000,2,656,587,0.887195122,0.8773424191,0.8850085179,3748,3748,3748,0,0
59,0.3,margin_static,336,14.34985628,score_margin,36480,66,632,551,0.7974683544,0.7949183303,0.8218390805,2904.611615,531,7128,0.03266787659,0.2359346642
59,0.3,margin_rolling,336,19.09634113,score_margin,1000,2,632,551,0.8892405063,0.8838475499,0.9024198427,4255.825771,6886,7128,0.0108892922,0.3647912886
59,0.3,rank_static,336,3720,rank,36480,66,632,551,0.8797468354,0.8656987296,0.870538415,3720,3720,3720,0,0
59,0.3,rank_expanding,336,3599,rank,36480,66,632,551,0.8765822785,0.8620689655,0.8669086509,3599,3599,3599,0,0
59,0.3,rank_rolling,336,3836,rank,1000,2,632,551,0.8813291139,0.8675136116,0.8711433757,3836,3836,3836,0,0
59,0.3,margin_static,337,14.34985628,score_margin,37112,67,552,492,0.8134057971,0.825203252,0.8380081301,2891.563008,509.5,7128,0.02642276423,0.2154471545
59,0.3,margin_rolling,337,19.4912734,score_margin,1000,2,552,492,0.9166666667,0.924796748,0.9352303523,4111.843496,6774.5,7128,0.006097560976,0.3739837398
59,0.3,rank_static,337,3720,rank,37112,67,552,492,0.893115942,0.8800813008,0.8844850949,3720,3720,3720,0,0
59,0.3,rank_expanding,337,3611,rank,37112,67,552,492,0.8876811594,0.8739837398,0.8783875339,3611,3611,3611,0,0
59,0.3,rank_rolling,337,4136,rank,1000,2,552,492,0.9003623188,0.8882113821,0.8926151762,4136,4136,4136,0,0
59,0.3,margin_static,338,14.34985628,score_margin,37664,68,496,457,0.7923387097,0.8074398249,0.8129102845,2796.995624,494,7128,0.04376367615,0.2188183807
59,0.3,margin_rolling,338,19.20825696,score_margin,1000,2,496,457,0.9092741935,0.9212253829,0.9310722101,4244.030635,6739,7128,0.00875273523,0.363238512
59,0.3,rank_static,338,3720,rank,37664,68,496,457,0.875,0.8643326039,0.8676148796,3720,3720,3720,0,0
59,0.3,rank_expanding,338,3617,rank,37664,68,496,457,0.875,0.8643326039,0.8676148796,3617,3617,3617,0,0
59,0.3,rank_rolling,338,4349,rank,1000,2,496,457,0.8991935484,0.8905908096,0.8916849015,4349,4349,4349,0,0
59,0.3,margin_static,339,14.34985628,score_margin,38160,69,328,297,0.7865853659,0.7912457912,0.8080808081,2258.989899,222,7128,0.07070707071,0.1313131313
59,0.3,margin_rolling,339,18.61041284,score_margin,1000,2,328,297,0.881097561,0.8720538721,0.8872053872,3599.771044,3827,7128,0.02693602694,0.303030303
59,0.3,rank_static,339,3720,rank,38160,69,328,297,0.868902439,0.8653198653,0.874298541,3720,3720,3720,0,0
59,0.3,rank_expanding,339,3627,rank,38160,69,328,297,0.868902439,0.8653198653,0.874298541,3627,3627,3627,0,0
59,0.3,rank_rolling,339,4346,rank,1000,2,328,297,0.8841463415,0.8821548822,0.8860830527,4346,4346,4346,0,0
59,0.3,margin_static,340,14.34985628,score_margin,38488,70,328,303,0.762195122,0.7722772277,0.7887788779,2730.574257,279,7128,0.02640264026,0.198019802
59,0.3,margin_rolling,340,18.92282486,score_margin,1000,3,328,303,0.9085365854,0.9174917492,0.9279427943,3985.630363,5948,7128,0.01320132013,0.3531353135
59,0.3,rank_static,340,3720,rank,38488,70,328,303,0.9176829268,0.9108910891,0.9108910891,3720,3720,3720,0,0
59,0.3,rank_expanding,340,3632,rank,38488,70,328,303,0.9176829268,0.9108910891,0.9108910891,3632,3632,3632,0,0
59,0.3,rank_rolling,340,4588,rank,1000,3,328,303,0.9329268293,0.9273927393,0.9273927393,4588,4588,4588,0,0
59,0.3,margin_static,341,14.34985628,score_margin,38816,71,576,519,0.8055555556,0.816955684,0.8327552987,2790.566474,498,7128,0.03853564547,0.2023121387
59,0.3,margin_rolling,341,19.00155234,score_margin,1000,3,576,519,0.8888888889,0.8978805395,0.9133590238,4109.583815,6621,7128,0.01348747592,0.3468208092
59,0.3,rank_static,341,3720,rank,38816,71,576,519,0.8836805556,0.8709055877,0.876300578,3720,3720,3720,0,0
59,0.3,rank_expanding,341,3628,rank,38816,71,576,519,0.8836805556,0.8709055877,0.876300578,3628,3628,3628,0,0
59,0.3,rank_rolling,341,4338,rank,1000,3,576,519,0.9131944444,0.9036608863,0.9080924855,4338,4338,4338,0,0
59,0.3,margin_static,342,14.34985628,score_margin,39392,72,636,565,0.8144654088,0.817699115,0.835840708,2919.431858,412,7128,0.04601769912,0.2371681416
59,0.3,margin_rolling,342,19.28425753,score_margin,1000,3,636,565,0.8946540881,0.8920353982,0.9079646018,4173.939823,6589,7128,0.01238938053,0.3982300885
59,0.3,rank_static,342,3720,rank,39392,72,636,565,0.9072327044,0.8955752212,0.8994100295,3720,3720,3720,0,0
59,0.3,rank_expanding,342,3634,rank,39392,72,636,565,0.9040880503,0.8920353982,0.8958702065,3634,3634,3634,0,0
59,0.3,rank_rolling,342,3976,rank,1000,3,636,565,0.9198113208,0.9097345133,0.910619469,3976,3976,3976,0,0
59,0.3,margin_static,343,14.34985628,score_margin,40028,73,642,567,0.7741433022,0.7689594356,0.7860670194,3098.379189,947,7128,0.04585537919,0.2363315697
59,0.3,margin_rolling,343,20.43082809,score_margin,1000,2,642,567,0.8925233645,0.8924162257,0.9068783069,4736.144621,7114,7128,0.007054673721,0.442680776
59,0.3,rank_static,343,3720,rank,40028,73,642,567,0.8785046729,0.8659611993,0.8725749559,3720,3720,3720,0,0
59,0.3,rank_expanding,343,3633,rank,40028,73,642,567,0.8722741433,0.8589065256,0.8664021164,3633,3633,3633,0,0
59,0.3,rank_rolling,343,3785,rank,1000,2,642,567,0.8847352025,0.873015873,0.8756613757,3785,3785,3785,0,0
59,0.3,margin_static,344,14.34985628,score_margin,40670,74,650,582,0.76,0.764604811,0.7804982818,2829.972509,360.5,7128,0.04467353952,0.2250859107
59,0.3,margin_rolling,344,20.80437422,score_margin,1000,2,650,582,0.8969230769,0.8951890034,0.9100801833,4445.262887,7006,7128,0.006872852234,0.4295532646
59,0.3,rank_static,344,3720,rank,40670,74,650,582,0.9107692308,0.9003436426,0.9075028637,3720,3720,3720,0,0
59,0.3,rank_expanding,344,3644,rank,40670,74,650,582,0.9107692308,0.9003436426,0.9075028637,3644,3644,3644,0,0
59,0.3,rank_rolling,344,4159,rank,1000,2,650,582,0.9153846154,0.9054982818,0.9126575029,4159,4159,4159,0,0
59,0.3,margin_static,345,14.34985628,score_margin,41320,75,586,501,0.8361774744,0.8243512974,0.8429807053,2979.52495,537,7128,0.04391217565,0.255489022
59,0.3,margin_rolling,345,21.58808708,score_margin,1000,2,586,501,0.9197952218,0.9101796407,0.9208250166,4588.441118,7122,7128,0.005988023952,0.4750499002
59,0.3,rank_static,345,3720,rank,41320,75,586,501,0.8890784983,0.870259481,0.876247505,3720,3720,3720,0,0
59,0.3,rank_expanding,345,3642,rank,41320,75,586,501,0.8890784983,0.870259481,0.876247505,3642,3642,3642,0,0
59,0.3,rank_rolling,345,3636,rank,1000,2,586,501,0.8890784983,0.870259481,0.876247505,3636,3636,3636,0,0
59,0.3,margin_static,346,14.34985628,score_margin,41906,76,224,197,0.7767857143,0.7715736041,0.7994923858,2062.649746,127,7128,0.03553299492,0.1725888325
59,0.3,margin_rolling,346,20.11357498,score_margin,1000,2,224,197,0.8883928571,0.8934010152,0.9111675127,3461.167513,1757,7128,0.01015228426,0.3045685279
59,0.3,rank_static,346,3720,rank,41906,76,224,197,0.9330357143,0.923857868,0.9263959391,3720,3720,3720,0,0
59,0.3,rank_expanding,346,3644,rank,41906,76,224,197,0.9330357143,0.923857868,0.9263959391,3644,3644,3644,0,0
59,0.3,rank_rolling,346,3823,rank,1000,2,224,197,0.9330357143,0.923857868,0.9263959391,3823,3823,3823,0,0
59,0.3,margin_static,347,14.34985628,score_margin,42130,77,306,277,0.8267973856,0.8267148014,0.8423586041,2266.126354,96,7128,0.03971119134,0.1949458484
59,0.3,margin_rolling,347,20.06079006,score_margin,1000,3,306,277,0.9215686275,0.9241877256,0.9308062575,3461.209386,1398,7128,0.01083032491,0.3249097473
59,0.3,rank_static,347,3720,rank,42130,77,306,277,0.9379084967,0.9314079422,0.9338146811,3720,3720,3720,0,0
59,0.3,rank_expanding,347,3639,rank,42130,77,306,277,0.931372549,0.9241877256,0.9265944645,3639,3639,3639,0,0
59,0.3,rank_rolling,347,3823,rank,1000,3,306,277,0.9379084967,0.9314079422,0.9338146811,3823,3823,3823,0,0
59,0.3,margin_static,348,14.34985628,score_margin,42436,78,714,610,0.7913165266,0.7803278689,0.8009562842,2482.3,198.5,7128,0.04590163934,0.2081967213
59,0.3,margin_rolling,348,19.32687211,score_margin,1000,3,714,610,0.8907563025,0.8885245902,0.906010929,3816.1,5675.5,7128,0.01147540984,0.3098360656
59,0.3,rank_static,348,3720,rank,42436,78,714,610,0.8963585434,0.8786885246,0.8786885246,3720,3720,3720,0,0
59,0.3,rank_expanding,348,3633,rank,42436,78,714,610,0.8963585434,0.8786885246,0.8786885246,3633,3633,3633,0,0
59,0.3,rank_rolling,348,3496,rank,1000,3,714,610,0.893557423,0.8754098361,0.8754098361,3496,3496,3496,0,0
59,0.3,margin_static,349,14.34985628,score_margin,43150,79,600,545,0.7733333333,0.7706422018,0.7874617737,2458.211009,184,7128,0.03486238532,0.2018348624
59,0.3,margin_rolling,349,19.66468716,score_margin,1000,2,600,545,0.87,0.871559633,0.8825688073,3798.541284,5483,7128,0.001834862385,0.3247706422
59,0.3,rank_static,349,3720,rank,43150,79,600,545,0.8983333333,0.8880733945,0.8920489297,3720,3720,3720,0,0
59,0.3,rank_expanding,349,3635,rank,43150,79,600,545,0.8966666667,0.8862385321,0.8902140673,3635,3635,3635,0,0
59,0.3,rank_rolling,349,3428,rank,1000,2,600,545,0.8883333333,0.8770642202,0.8837920489,3428,3428,3428,0,0
59,0.3,margin_static,350,14.34985628,score_margin,43750,80,656,560,0.7728658537,0.7660714286,0.7945535714,2224.6875,131.5,7128,0.05,0.1589285714
59,0.3,margin_rolling,350,21.7547226,score_margin,1000,2,656,560,0.9161585366,0.9142857143,0.9329464286,3923.480357,5397,7128,0.003571428571,0.3589285714
59,0.3,rank_static,350,3720,rank,43750,80,656,560,0.9085365854,0.8982142857,0.902827381,3720,3720,3720,0,0
59,0.3,rank_expanding,350,3636,rank,43750,80,656,560,0.9085365854,0.8982142857,0.902827381,3636,3636,3636,0,0
59,0.3,rank_rolling,350,3882,rank,1000,2,656,560,0.9100609756,0.9,0.9046130952,3882,3882,3882,0,0
59,0.3,margin_static,351,14.34985628,score_margin,44406,81,522,476,0.7662835249,0.768907563,0.7892156863,2210.039916,107,7128,0.06512605042,0.1869747899
59,0.3,margin_rolling,351,21.01861191,score_margin,1000,2,522,476,0.8888888889,0.8928571429,0.9135154062,3682.220588,4857,7128,0.01470588235,0.3235294118
59,0.3,rank_static,351,3720,rank,44406,81,522,476,0.9042145594,0.8949579832,0.8949579832,3720,3720,3720,0,0
59,0.3,rank_expanding,351,3633,rank,44406,81,522,476,0.9042145594,0.8949579832,0.8949579832,3633,3633,3633,0,0
59,0.3,rank_rolling,351,3573,rank,1000,2,522,476,0.9022988506,0.8928571429,0.8928571429,3573,3573,3573,0,0
59,0.3,margin_static,352,14.34985628,score_margin,44928,82,462,415,0.7510822511,0.756626506,0.7758032129,2187.421687,176,7128,0.0578313253,0.178313253
59,0.3,margin_rolling,352,21.40637887,score_margin,1000,2,462,415,0.9004329004,0.913253012,0.9304216867,4037.840964,6293,7128,0.009638554217,0.3228915663
59,0.3,rank_static,352,3720,rank,44928,82,462,415,0.9177489177,0.9156626506,0.9172690763,3720,3720,3720,0,0
59,0.3,rank_expanding,352,3632,rank,44928,82,462,415,0.9177489177,0.9156626506,0.9172690763,3632,3632,3632,0,0
59,0.3,rank_rolling,352,3479,rank,1000,2,462,415,0.9134199134,0.9108433735,0.9136546185,3479,3479,3479,0,0
59,0.3,margin_static,353,14.34985628,score_margin,45390,83,242,226,0.7148760331,0.7168141593,0.7300884956,1990.185841,113.5,7128,0.07079646018,0.1504424779
59,0.3,margin_rolling,353,22.01890513,score_margin,1000,3,242,226,0.867768595,0.8628318584,0.8805309735,3788.756637,5621.5,7128,0.004424778761,0.3451327434
59,0.3,rank_static,353,3720,rank,45390,83,242,226,0.8760330579,0.8672566372,0.8716814159,3720,3720,3720,0,0
59,0.3,rank_expanding,353,3628,rank,45390,83,242,226,0.8760330579,0.8672566372,0.8716814159,3628,3628,3628,0,0
59,0.3,rank_rolling,353,3332,rank,1000,3,242,226,0.867768595,0.8584070796,0.8672566372,3332,3332,3332,0,0
59,0.3,margin_static,354,14.34985628,score_margin,45632,84,238,227,0.7142857143,0.718061674,0.7261380323,2362.23348,162,7128,0.03524229075,0.1850220264
59,0.3,margin_rolling,354,22.77402449,score_margin,1000,3,238,227,0.8991596639,0.8986784141,0.9089574156,4400.788546,6976,7128,0.004405286344,0.4008810573
59,0.3,rank_static,354,3720,rank,45632,84,238,227,0.8739495798,0.8678414097,0.8678414097,3720,3720,3720,0,0
59,0.3,rank_expanding,354,3629,rank,45632,84,238,227,0.8655462185,0.859030837,0.859030837,3629,3629,3629,0,0
59,0.3,rank_rolling,354,3460,rank,1000,3,238,227,0.8655462185,0.859030837,0.859030837,3460,3460,3460,0,0
59,0.3,margin_static,355,14.34985628,score_margin,45870,85,578,506,0.7162629758,0.7391304348,0.761198946,2531.106719,206.5,7128,0.06126482213,0.209486166
59,0.3,margin_rolling,355,23.31112242,score_margin,1000,4,578,506,0.9031141869,0.9130434783,0.9275597591,4687.594862,7122,7128,0.005928853755,0.4486166008
59,0.3,rank_static,355,3720,rank,45870,85,578,506,0.8581314879,0.847826087,0.860107284,3720,3720,3720,0,0
59,0.3,rank_expanding,355,3635,rank,45870,85,578,506,0.8581314879,0.847826087,0.860107284,3635,3635,3635,0,0
59,0.3,rank_rolling,355,3739,rank,1000,4,578,506,0.8581314879,0.847826087,0.860107284,3739,3739,3739,0,0
59,0.3,margin_static,356,14.34985628,score_margin,46448,86,548,483,0.746350365,0.7432712215,0.7601794341,2384.26087,170,7128,0.05383022774,0.182194617
59,0.3,margin_rolling,356,23.13033104,score_margin,1000,3,548,483,0.9142335766,0.9130434783,0.9223602484,4451.623188,7024,7128,0.002070393375,0.4037267081
59,0.3,rank_static,356,3720,rank,46448,86,548,483,0.8832116788,0.8716356108,0.8792270531,3720,3720,3720,0,0
59,0.3,rank_expanding,356,3649,rank,46448,86,548,483,0.8722627737,0.8612836439,0.869910283,3649,3649,3649,0,0
59,0.3,rank_rolling,356,4932,rank,1000,3,548,483,0.9142335766,0.9068322981,0.9130434783,4932,4932,4932,0,0
59,0.3,margin_static,357,14.34985628,score_margin,46996,87,406,363,0.7438423645,0.7603305785,0.7738751148,1749.487603,98,7128,0.05509641873,0.1184573003
59,0.3,margin_rolling,357,22.92767467,score_margin,1000,2,406,363,0.9236453202,0.9228650138,0.9322773186,3964.033058,6079,7128,0.00826446281,0.3278236915
59,0.3,rank_static,357,3720,rank,46996,87,406,363,0.9261083744,0.9283746556,0.9297520661,3720,3720,3720,0,0
59,0.3,rank_expanding,357,3665,rank,46996,87,406,363,0.921182266,0.9228650138,0.9269972452,3665,3665,3665,0,0
59,0.3,rank_rolling,357,4843,rank,1000,2,406,363,0.9334975369,0.9366391185,0.9380165289,4843,4843,4843,0,0
59,0.3,margin_static,358,14.34985628,score_margin,47402,88,300,276,0.77,0.7753623188,0.7928743961,1650.351449,55,7128,0.05434782609,0.1630434783
59,0.3,margin_rolling,358,21.81877136,score_margin,1000,3,300,276,0.88,0.884057971,0.8970410628,3329.289855,1184,7128,0.02173913043,0.2608695652
59,0.3,rank_static,358,3720,rank,47402,88,300,276,0.9033333333,0.8949275362,0.8949275362,3720,3720,3720,0,0
59,0.3,rank_expanding,358,3657,rank,47402,88,300,276,0.9033333333,0.8949275362,0.8949275362,3657,3657,3657,0,0
59,0.3,rank_rolling,358,3987,rank,1000,3,300,276,0.91,0.902173913,0.902173913,3987,3987,3987,0,0
59,0.3,margin_static,359,14.34985628,score_margin,47702,89,330,312,0.8272727273,0.8333333333,0.8402777778,2950.217949,557,7128,0.03205128205,0.2435897436
59,0.3,margin_rolling,359,22.64775801,score_margin,1000,3,330,312,0.9575757576,0.9583333333,0.9631410256,4854.778846,7127.5,7128,0.00641025641,0.5
59,0.3,rank_static,359,3720,rank,47702,89,330,312,0.8909090909,0.8846153846,0.8846153846,3720,3720,3720,0,0
59,0.3,rank_expanding,359,3657,rank,47702,89,330,312,0.8878787879,0.8814102564,0.8814102564,3657,3657,3657,0,0
59,0.3,rank_rolling,359,3660,rank,1000,3,330,312,0.8878787879,0.8814102564,0.8814102564,3660,3660,3660,0,0
59,0.3,margin_static,360,14.34985628,score_margin,48032,90,228,214,0.7894736842,0.785046729,0.8060747664,1995.658879,103.5,7128,0.05140186916,0.1588785047
59,0.3,margin_rolling,360,20.89724016,score_margin,1000,3,228,214,0.9078947368,0.9112149533,0.9182242991,3577.780374,2548,7128,0.009345794393,0.3224299065
59,0.3,rank_static,360,3720,rank,48032,90,228,214,0.9605263158,0.9579439252,0.9602803738,3720,3720,3720,0,0
59,0.3,rank_expanding,360,3660,rank,48032,90,228,214,0.9605263158,0.9579439252,0.9602803738,3660,3660,3660,0,0
59,0.3,rank_rolling,360,3450,rank,1000,3,228,214,0.9605263158,0.9579439252,0.9602803738,3450,3450,3450,0,0
59,0.3,margin_static,361,14.34985628,score_margin,48260,91,246,226,0.7520325203,0.7433628319,0.7662241888,1855.522124,52.5,7128,0.08849557522,0.1415929204
59,0.3,margin_rolling,361,21.69182348,score_margin,1000,4,246,226,0.8861788618,0.8849557522,0.8930678466,3418.89823,1585,7128,0.03097345133,0.296460177
59,0.3,rank_static,361,3720,rank,48260,91,246,226,0.9471544715,0.9424778761,0.9424778761,3720,3720,3720,0,0
59,0.3,rank_expanding,361,3646,rank,48260,91,246,226,0.9471544715,0.9424778761,0.9424778761,3646,3646,3646,0,0
59,0.3,rank_rolling,361,2995,rank,1000,4,246,226,0.9268292683,0.9203539823,0.9203539823,2995,2995,2995,0,0
59,0.3,margin_static,362,14.34985628,score_margin,48506,92,620,530,0.7516129032,0.7849056604,0.8137646002,1939.022642,93.5,7128,0.0641509434,0.1509433962
59,0.3,margin_rolling,362,20.20279549,score_margin,1000,4,620,530,0.8596774194,0.9,0.9179187147,3376.835849,1738.5,7128,0.01320754717,0.2735849057
59,0.3,rank_static,362,3720,rank,48506,92,620,530,0.9225806452,0.9132075472,0.9141509434,3720,3720,3720,0,0
59,0.3,rank_expanding,362,3642,rank,48506,92,620,530,0.9177419355,0.9075471698,0.908490566,3642,3642,3642,0,0
59,0.3,rank_rolling,362,2828,rank,1000,4,620,530,0.8887096774,0.8735849057,0.8764150943,2828,2828,2828,0,0
59,0.3,margin_static,363,14.34985628,score_margin,49126,93,386,353,0.792746114,0.7988668555,0.8153918791,1968.084986,89,7128,0.07365439093,0.1813031161
59,0.3,margin_rolling,363,23.21135139,score_margin,1000,3,386,353,0.914507772,0.9206798867,0.9329556185,3971.215297,5968,7128,0.008498583569,0.3512747875
59,0.3,rank_static,363,3720,rank,49126,93,386,353,0.9041450777,0.8980169972,0.9013220019,3720,3720,3720,0,0
59,0.3,rank_expanding,363,3633,rank,49126,93,386,353,0.9041450777,0.8980169972,0.9013220019,3633,3633,3633,0,0
59,0.3,rank_rolling,363,2647,rank,1000,3,386,353,0.8704663212,0.8640226629,0.865911237,2647,2647,2647,0,0
59,0.3,margin_static,364,14.34985628,score_margin,49512,94,354,329,0.7372881356,0.7386018237,0.7489868288,1903.449848,80,7128,0.09118541033,0.1489361702
59,0.3,margin_rolling,364,23.21135139,score_margin,1000,2,354,329,0.906779661,0.905775076,0.9164133739,3991.802432,6389,7128,0.009118541033,0.3465045593
59,0.3,rank_static,364,3720,rank,49512,94,354,329,0.8926553672,0.8844984802,0.8875379939,3720,3720,3720,0,0
59,0.3,rank_expanding,364,3632,rank,49512,94,354,329,0.8926553672,0.8844984802,0.8875379939,3632,3632,3632,0,0
59,0.3,rank_rolling,364,3185,rank,1000,2,354,329,0.884180791,0.8753799392,0.8784194529,3185,3185,3185,0,0
71,0,margin_static,292,14.53734303,score_margin,11270,22,730,658,0.8643835616,0.876899696,0.887639311,3440.591185,1444,7128,0.01215805471,0.2765957447
71,0,margin_rolling,292,15.62716246,score_margin,1000,3,730,658,0.9,0.9042553191,0.9155521783,3783.179331,4446,7128,0.006079027356,0.329787234
71,0,rank_static,292,3747,rank,11270,22,730,658,0.904109589,0.8996960486,0.9027355623,3747,3747,3747,0,0
71,0,rank_expanding,292,3747,rank,11270,22,730,658,0.904109589,0.8996960486,0.9027355623,3747,3747,3747,0,0
71,0,rank_rolling,292,2716,rank,1000,3,730,658,0.8780821918,0.8738601824,0.876899696,2716,2716,2716,0,0
71,0,margin_static,293,14.53734303,score_margin,12000,23,658,581,0.8996960486,0.8984509466,0.9188181297,3684.851979,4390,7128,0.01204819277,0.2788296041
71,0,margin_rolling,293,15.47556305,score_margin,1000,2,658,581,0.9224924012,0.9225473322,0.9383247275,4054.046472,6106,7128,0.01032702238,0.3201376936
71,0,rank_static,293,3747,rank,12000,23,658,581,0.876899696,0.8657487091,0.8746414228,3747,3747,3747,0,0
71,0,rank_expanding,293,3734,rank,12000,23,658,581,0.8753799392,0.8640275387,0.8729202524,3734,3734,3734,0,0
71,0,rank_rolling,293,3148,rank,1000,2,658,581,0.8510638298,0.8364888124,0.8471026965,3148,3148,3148,0,0
71,0,margin_static,294,14.53734303,score_margin,12658,24,618,538,0.8640776699,0.8605947955,0.8832403965,3492.078067,1820.5,7128,0.01486988848,0.2788104089
71,0,margin_rolling,294,15.46453606,score_margin,1000,2,618,538,0.8786407767,0.8698884758,0.8950123916,3793.650558,4955,7128,0.01486988848,0.3104089219
71,0,rank_static,294,3747,rank,12658,24,618,538,0.9045307443,0.8921933086,0.8949814126,3747,3747,3747,0,0
71,0,rank_expanding,294,3777,rank,12658,24,618,538,0.9045307443,0.8921933086,0.8949814126,3777,3777,3777,0,0
71,0,rank_rolling,294,4166,rank,1000,2,618,538,0.9077669903,0.8959107807,0.8968401487,4166,4166,4166,0,0
71,0,margin_static,295,14.53734303,score_margin,13276,25,666,578,0.8753753754,0.8719723183,0.8974048443,3557.576125,2559.5,7128,0.01038062284,0.2595155709
71,0,margin_rolling,295,16.00429097,score_margin,1000,2,666,578,0.9114114114,0.9100346021,0.9320069204,4201.858131,6172.5,7128,0.005190311419,0.3114186851
71,0,rank_static,295,3747,rank,13276,25,666,578,0.8978978979,0.8858131488,0.8912918108,3747,3747,3747,0,0
71,0,rank_expanding,295,3769,rank,13276,25,666,578,0.8978978979,0.8858131488,0.8912918108,3769,3769,3769,0,0
71,0,rank_rolling,295,4185,rank,1000,2,666,578,0.9159159159,0.9048442907,0.9091695502,4185,4185,4185,0,0
71,0,margin_static,296,14.53734303,score_margin,13942,26,516,466,0.8527131783,0.8497854077,0.8643061516,3411.32618,1712.5,7128,0.00643776824,0.2875536481
71,0,margin_rolling,296,16.00429097,score_margin,1000,2,516,466,0.8779069767,0.8733905579,0.8900572246,3946.158798,5618,7128,0.004291845494,0.3326180258
71,0,rank_static,296,3747,rank,13942,26,516,466,0.9147286822,0.9055793991,0.9087982833,3747,3747,3747,0,0
71,0,rank_expanding,296,3769,rank,13942,26,516,466,0.9147286822,0.9055793991,0.9087982833,3769,3769,3769,0,0
71,0,rank_rolling,296,3518,rank,1000,2,516,466,0.9108527132,0.9012875536,0.9045064378,3518,3518,3518,0,0
71,0,margin_static,297,14.53734303,score_margin,14458,27,292,254,0.8390410959,0.8503937008,0.8673228346,2852.38189,568.5,7128,0.01968503937,0.2283464567
71,0,margin_rolling,297,16.27889252,score_margin,1000,2,292,254,0.8732876712,0.8858267717,0.9014435696,3401.555118,1433.5,7128,0.01968503937,0.2716535433
71,0,rank_static,297,3747,rank,14458,27,292,254,0.9178082192,0.9094488189,0.9173228346,3747,3747,3747,0,0
71,0,rank_expanding,297,3760,rank,14458,27,292,254,0.9178082192,0.9094488189,0.9173228346,3760,3760,3760,0,0
71,0,rank_rolling,297,3518,rank,1000,2,292,254,0.9109589041,0.9015748031,0.9094488189,3518,3518,3518,0,0
71,0,margin_static,298,14.53734303,score_margin,14750,28,252,224,0.8412698413,0.8392857143,0.8616071429,2934.924107,676.5,7128,0.008928571429,0.2901785714
71,0,margin_rolling,298,17.60132217,score_margin,1000,3,252,224,0.9285714286,0.9330357143,0.943452381,4135.522321,6517.5,7128,0.004464285714,0.3303571429
71,0,rank_static,298,3747,rank,14750,28,252,224,0.869047619,0.8526785714,0.8549107143,3747,3747,3747,0,0
71,0,rank_expanding,298,3746,rank,14750,28,252,224,0.869047619,0.8526785714,0.8549107143,3746,3746,3746,0,0
71,0,rank_rolling,298,3295,rank,1000,3,252,224,0.8611111111,0.84375,0.8459821429,3295,3295,3295,0,0
71,0,margin_static,299,14.53734303,score_margin,15002,29,702,615,0.8660968661,0.8796747967,0.8935423926,3275.356098,1433,7128,0.0162601626,0.2113821138
71,0,margin_rolling,299,16.80667257,score_margin,1000,3,702,615,0.9202279202,0.925203252,0.9402787456,4084.258537,6203,7128,0.00487804878,0.3056910569
71,0,rank_static,299,3747,rank,15002,29,702,615,0.9387464387,0.9300813008,0.9300813008,3747,3747,3747,0,0
71,0,rank_expanding,299,3762,rank,15002,29,702,615,0.9387464387,0.9300813008,0.9300813008,3762,3762,3762,0,0
71,0,rank_rolling,299,3766,rank,1000,3,702,615,0.9387464387,0.9300813008,0.9300813008,3766,3766,3766,0,0
71,0,margin_static,300,14.53734303,score_margin,15704,30,664,573,0.875,0.8708551483,0.8951910025,3446.970332,1696,7128,0.02094240838,0.2635253054
71,0,margin_rolling,300,15.59235883,score_margin,1000,3,664,573,0.8870481928,0.8813263525,0.9053713399,3854.710297,5549,7128,0.01570680628,0.2984293194
71,0,rank_static,300,3747,rank,15704,30,664,573,0.9051204819,0.8935427574,0.8990692263,3747,3747,3747,0,0
71,0,rank_expanding,300,3688,rank,15704,30,664,573,0.9036144578,0.8917975567,0.8973240256,3688,3688,3688,0,0
71,0,rank_rolling,300,2847,rank,1000,3,664,573,0.8674698795,0.84991274,0.8598022106,2847,2847,2847,0,0
71,0,margin_static,301,14.53734303,score_margin,16368,31,616,552,0.8912337662,0.8858695652,0.9068236715,3695.980072,4251.5,7128,0.01268115942,0.2789855072
71,0,margin_rolling,301,16.11832237,score_margin,1000,2,616,552,0.913961039,0.9112318841,0.9272041063,4254.625,6706,7128,0.007246376812,0.3297101449
71,0,rank_static,301,3747,rank,16368,31,616,552,0.8782467532,0.8695652174,0.875,3747,3747,3747,0,0
71,0,rank_expanding,301,3687,rank,16368,31,616,552,0.8782467532,0.8695652174,0.875,3687,3687,3687,0,0
71,0,rank_rolling,301,3237,rank,1000,2,616,552,0.8652597403,0.8550724638,0.8623188406,3237,3237,3237,0,0
71,0,margin_static,302,14.53734303,score_margin,16984,32,570,490,0.850877193,0.8448979592,0.8649951409,3044.944898,848.5,7128,0.02244897959,0.2428571429
71,0,margin_rolling,302,15.72020163,score_margin,1000,2,570,490,0.8719298246,0.8673469388,0.8833624879,3490.826531,1930,7128,0.01632653061,0.2857142857
71,0,rank_static,302,3747,rank,16984,32,570,490,0.8912280702,0.8795918367,0.8836734694,3747,3747,3747,0,0
71,0,rank_expanding,302,3721,rank,16984,32,570,490,0.8894736842,0.8775510204,0.8816326531,3721,3721,3721,0,0
71,0,rank_rolling,302,4202,rank,1000,2,570,490,0.9105263158,0.9,0.9040816327,4202,4202,4202,0,0
71,0,margin_static,303,14.53734303,score_margin,17554,33,542,485,0.8837638376,0.8783505155,0.8889347079,3202.589691,941,7128,0.01237113402,0.2639175258
71,0,margin_rolling,303,16.5525353,score_margin,1000,2,542,485,0.9095940959,0.9051546392,0.9096219931,3886.307216,5175,7128,0.01030927835,0.3257731959
71,0,rank_static,303,3747,rank,17554,33,542,485,0.8874538745,0.8762886598,0.8804123711,3747,3747,3747,0,0
71,0,rank_expanding,303,3733,rank,17554,33,542,485,0.8874538745,0.8762886598,0.8804123711,3733,3733,3733,0,0
71,0,rank_rolling,303,4229,rank,1000,2,542,485,0.9022140221,0.8907216495,0.8958762887,4229,4229,4229,0,0
71,0,margin_static,304,14.53734303,score_margin,18096,34,328,281,0.8323170732,0.8362989324,0.8629893238,3238.939502,1079,7128,0.02135231317,0.2348754448
71,0,margin_rolling,304,15.99126709,score_margin,1000,2,328,281,0.862804878,0.8683274021,0.8926453144,3727.950178,4915,7128,0.01067615658,0.2526690391
71,0,rank_static,304,3747,rank,18096,34,328,281,0.8963414634,0.8932384342,0.8932384342,3747,3747,3747,0,0
71,0,rank_expanding,304,3749,rank,18096,34,328,281,0.8963414634,0.8932384342,0.8932384342,3749,3749,3749,0,0
71,0,rank_rolling,304,4137,rank,1000,2,328,281,0.9085365854,0.9074733096,0.9074733096,4137,4137,4137,0,0
71,0,margin_static,305,14.53734303,score_margin,18424,35,328,295,0.9024390244,0.8983050847,0.9137288136,2678.138983,607,7128,0.02372881356,0.206779661
71,0,margin_rolling,305,16.62176704,score_margin,1000,3,328,295,0.9359756098,0.9322033898,0.9433898305,3641.60678,4200,7128,0.006779661017,0.2474576271
71,0,rank_static,305,3747,rank,18424,35,328,295,0.9390243902,0.9322033898,0.9347457627,3747,3747,3747,0,0
71,0,rank_expanding,305,3750,rank,18424,35,328,295,0.9390243902,0.9322033898,0.9347457627,3750,3750,3750,0,0
71,0,rank_rolling,305,3992,rank,1000,3,328,295,0.9420731707,0.9355932203,0.9355932203,3992,3992,3992,0,0
71,0,margin_static,306,14.53734303,score_margin,18752,36,582,513,0.8591065292,0.8752436647,0.8910981157,3190.74269,829,7128,0.02144249513,0.2397660819
71,0,margin_rolling,306,16.14123631,score_margin,1000,3,582,513,0.8883161512,0.9025341131,0.9167641326,3693.707602,4962,7128,0.009746588694,0.2943469786
71,0,rank_static,306,3747,rank,18752,36,582,513,0.9089347079,0.8986354776,0.9035087719,3747,3747,3747,0,0
71,0,rank_expanding,306,3726,rank,18752,36,582,513,0.9072164948,0.8966861598,0.9015594542,3726,3726,3726,0,0
71,0,rank_rolling,306,3277,rank,1000,3,582,513,0.8934707904,0.8810916179,0.88791423,3277,3277,3277,0,0
71,0,margin_static,307,14.53734303,score_margin,19334,37,588,510,0.8537414966,0.8568627451,0.8782679739,3310.233333,1226.5,7128,0.02156862745,0.2588235294
71,0,margin_rolling,307,16.18090594,score_margin,1000,3,588,510,0.8996598639,0.9019607843,0.9190196078,3901.758824,5549,7128,0.01176470588,0.3176470588
71,0,rank_static,307,3747,rank,19334,37,588,510,0.8894557823,0.8725490196,0.8806535948,3747,3747,3747,0,0
71,0,rank_expanding,307,3717,rank,19334,37,588,510,0.8894557823,0.8725490196,0.8806535948,3717,3717,3717,0,0
71,0,rank_rolling,307,3093,rank,1000,3,588,510,0.869047619,0.8490196078,0.857124183,3093,3093,3093,0,0
71,0,margin_static,308,14.53734303,score_margin,19922,38,562,497,0.8505338078,0.847082495,0.8696943566,3377.94165,1559,7128,0.02414486922,0.2857142857
71,0,margin_rolling,308,16.32189083,score_margin,1000,2,562,497,0.8790035587,0.8712273642,0.8948644246,3895.925553,6223,7128,0.01609657948,0.3501006036
71,0,rank_static,308,3747,rank,19922,38,562,497,0.8754448399,0.8651911469,0.8698189135,3747,3747,3747,0,0
71,0,rank_expanding,308,3731,rank,19922,38,562,497,0.8736654804,0.8631790744,0.867806841,3731,3731,3731,0,0
71,0,rank_rolling,308,3770,rank,1000,2,562,497,0.8772241993,0.8672032193,0.8718309859,3770,3770,3770,0,0
71,0,margin_static,309,14.53734303,score_margin,20484,39,626,535,0.8370607029,0.8411214953,0.8702492212,3384.779439,1464,7128,0.0261682243,0.2822429907
71,0,margin_rolling,309,16.59270382,score_margin,1000,2,626,535,0.8961661342,0.8971962617,0.9176635514,4088.57757,6323,7128,0.01495327103,0.3476635514
71,0,rank_static,309,3747,rank,20484,39,626,535,0.8658146965,0.8523364486,0.8604361371,3747,3747,3747,0,0
71,0,rank_expanding,309,3756,rank,20484,39,626,535,0.8658146965,0.8523364486,0.8604361371,3756,3756,3756,0,0
71,0,rank_rolling,309,4168,rank,1000,2,626,535,0.8785942492,0.8672897196,0.8728971963,4168,4168,4168,0,0
71,0,margin_static,310,14.53734303,score_margin,21110,40,620,527,0.8709677419,0.8595825427,0.8936116382,2829.045541,642,7128,0.02087286528,0.2087286528
71,0,margin_rolling,310,16.98172808,score_margin,1000,2,620,527,0.9193548387,0.9051233397,0.9344718533,3766.026565,4398,7128,0.01138519924,0.2827324478
71,0,rank_static,310,3747,rank,21110,40,620,527,0.9193548387,0.9051233397,0.9128716003,3747,3747,3747,0,0
71,0,rank_expanding,310,3782,rank,21110,40,620,527,0.9209677419,0.9070208729,0.9147691335,3782,3782,3782,0,0
71,0,rank_rolling,310,4608,rank,1000,2,620,527,0.9419354839,0.9316888046,0.9358001265,4608,4608,4608,0,0
71,0,margin_static,311,14.53734303,score_margin,21730,41,438,366,0.8630136986,0.849726776,0.8793260474,2469.07377,355.5,7128,0.0218579235,0.1803278689
71,0,margin_rolling,311,16.51687622,score_margin,1000,2,438,366,0.901826484,0.8852459016,0.914845173,3149.989071,1004,7128,0.008196721311,0.218579235
71,0,rank_static,311,3747,rank,21730,41,438,366,0.897260274,0.8797814208,0.8897996357,3747,3747,3747,0,0
71,0,rank_expanding,311,3768,rank,21730,41,438,366,0.899543379,0.8825136612,0.8925318761,3768,3768,3768,0,0
71,0,rank_rolling,311,3787,rank,1000,2,438,366,0.899543379,0.8825136612,0.8925318761,3787,3787,3787,0,0
71,0,margin_static,312,14.53734303,score_margin,22168,42,460,368,0.8413043478,0.839673913,0.8723731884,2269.701087,284.5,7128,0.01630434783,0.152173913
71,0,margin_rolling,312,16.10945988,score_margin,1000,2,460,368,0.8869565217,0.8777173913,0.9070652174,2808.76087,716,7128,0.01086956522,0.1983695652
71,0,rank_static,312,3747,rank,22168,42,460,368,0.9173913043,0.8967391304,0.9078804348,3747,3747,3747,0,0
71,0,rank_expanding,312,3769,rank,22168,42,460,368,0.9173913043,0.8967391304,0.9078804348,3769,3769,3769,0,0
71,0,rank_rolling,312,3178,rank,1000,2,460,368,0.9086956522,0.8858695652,0.8983695652,3178,3178,3178,0,0
71,0,margin_static,313,14.53734303,score_margin,22628,43,794,641,0.8463476071,0.8361934477,0.8736869475,2611.291732,345,7128,0.03120124805,0.2090483619
71,0,margin_rolling,313,16.64731503,score_margin,1000,3,794,641,0.9005037783,0.887675507,0.9177587103,3299.854914,1171,7128,0.01872074883,0.2511700468
71,0,rank_static,313,3747,rank,22628,43,794,641,0.935768262,0.9204368175,0.9219968799,3747,3747,3747,0,0
71,0,rank_expanding,313,3760,rank,22628,43,794,641,0.935768262,0.9204368175,0.9219968799,3760,3760,3760,0,0
71,0,rank_rolling,313,3092,rank,1000,3,794,641,0.9156171285,0.895475819,0.8978159126,3092,3092,3092,0,0
71,0,margin_static,314,14.53734303,score_margin,23422,44,678,585,0.8539823009,0.8461538462,0.8719332519,2697.830769,408,7128,0.02905982906,0.1948717949
71,0,margin_rolling,314,16.81615067,score_margin,1000,2,678,585,0.8967551622,0.8888888889,0.9117908018,3478.687179,1901,7128,0.01025641026,0.2581196581
71,0,rank_static,314,3747,rank,23422,44,678,585,0.918879056,0.9094017094,0.9133903134,3747,3747,3747,0,0
71,0,rank_expanding,314,3710,rank,23422,44,678,585,0.918879056,0.9094017094,0.9133903134,3710,3710,3710,0,0
71,0,rank_rolling,314,2588,rank,1000,2,678,585,0.8923303835,0.8786324786,0.8869352869,2588,2588,2588,0,0
71,0,margin_static,315,14.53734303,score_margin,24100,45,774,660,0.8475452196,0.8393939394,0.8622727273,2662.857576,482.5,7128,0.03333333333,0.1742424242
71,0,margin_rolling,315,17.04178143,score_margin,1000,2,774,660,0.8863049096,0.8787878788,0.8993939394,3591.295455,3761.5,7128,0.01363636364,0.2454545455
71,0,rank_static,315,3747,rank,24100,45,774,660,0.9315245478,0.9242424242,0.9289393939,3747,3747,3747,0,0
71,0,rank_expanding,315,3688,rank,24100,45,774,660,0.9302325581,0.9227272727,0.9274242424,3688,3688,3688,0,0
71,0,rank_rolling,315,2790,rank,1000,2,774,660,0.9043927649,0.8924242424,0.9045707071,2790,2790,2790,0,0
71,0,margin_static,316,14.53734303,score_margin,24874,46,758,622,0.8509234828,0.8424437299,0.8718113612,2966.310289,903,7128,0.02572347267,0.2218649518
71,0,margin_rolling,316,17.83991051,score_margin,1000,2,758,622,0.9155672823,0.9083601286,0.9266345123,4213.702572,6292,7128,0.01125401929,0.2958199357
71,0,rank_static,316,3747,rank,24874,46,758,622,0.9182058047,0.9003215434,0.9019292605,3747,3747,3747,0,0
71,0,rank_expanding,316,3667,rank,24874,46,758,622,0.9168865435,0.8987138264,0.9003215434,3667,3667,3667,0,0
71,0,rank_rolling,316,2767,rank,1000,2,758,622,0.8944591029,0.8713826367,0.8750803859,2767,2767,2767,0,0
71,0,margin_static,317,14.53734303,score_margin,25632,47,630,559,0.8285714286,0.8193202147,0.8450208706,2252.026834,293,7128,0.03041144902,0.1592128801
71,0,margin_rolling,317,17.15323925,score_margin,1000,2,630,559,0.8793650794,0.8711985689,0.8949314252,3219.354204,1387,7128,0.01252236136,0.2146690519
71,0,rank_static,317,3747,rank,25632,47,630,559,0.8952380952,0.8819320215,0.8888193202,3747,3747,3747,0,0
71,0,rank_expanding,317,3644,rank,25632,47,630,559,0.8936507937,0.8801431127,0.8879248658,3644,3644,3644,0,0
71,0,rank_rolling,317,3037,rank,1000,2,630,559,0.880952381,0.8658318426,0.8748062016,3037,3037,3037,0,0
71,0,margin_static,318,14.53734303,score_margin,26262,48,342,308,0.8391812865,0.8344155844,0.8555194805,2301.357143,235,7128,0.02597402597,0.1818181818
71,0,margin_rolling,318,18.17607307,score_margin,1000,2,342,308,0.918128655,0.9188311688,0.933982684,3419.337662,1439,7128,0.01298701299,0.2662337662
71,0,rank_static,318,3747,rank,26262,48,342,308,0.9239766082,0.9155844156,0.9172077922,3747,3747,3747,0,0
71,0,rank_expanding,318,3650,rank,26262,48,342,308,0.9239766082,0.9155844156,0.9172077922,3650,3650,3650,0,0
71,0,rank_rolling,318,3759,rank,1000,2,342,308,0.9239766082,0.9155844156,0.9172077922,3759,3759,3759,0,0
71,0,margin_static,319,14.53734303,score_margin,26604,49,324,290,0.8734567901,0.8586206897,0.8689655172,2349.413793,272.5,7128,0.03103448276,0.175862069
71,0,margin_rolling,319,18.02282381,score_margin,1000,3,324,290,0.9382716049,0.9310344828,0.9396551724,3414.537931,1928,7128,0.01379310345,0.2517241379
71,0,rank_static,319,3747,rank,26604,49,324,290,0.9475308642,0.9413793103,0.9413793103,3747,3747,3747,0,0
71,0,rank_expanding,319,3639,rank,26604,49,324,290,0.9475308642,0.9413793103,0.9413793103,3639,3639,3639,0,0
71,0,rank_rolling,319,3416,rank,1000,3,324,290,0.9444444444,0.9379310345,0.9379310345,3416,3416,3416,0,0
71,0,margin_static,320,14.53734303,score_margin,26928,50,736,646,0.839673913,0.8421052632,0.8612143103,3018.787926,529,7128,0.03095975232,0.2182662539
71,0,margin_rolling,320,17.53723145,score_margin,1000,3,736,646,0.8980978261,0.9024767802,0.9137254902,3862.69195,5429.5,7128,0.01393188854,0.3281733746
71,0,rank_static,320,3747,rank,26928,50,736,646,0.9252717391,0.919504644,0.9230650155,3747,3747,3747,0,0
71,0,rank_expanding,320,3615,rank,26928,50,736,646,0.9144021739,0.907120743,0.9106811146,3615,3615,3615,0,0
71,0,rank_rolling,320,2829,rank,1000,3,736,646,0.8967391304,0.886996904,0.892879257,2829,2829,2829,0,0
71,0,margin_static,321,14.53734303,score_margin,27664,51,680,603,0.8294117647,0.815920398,0.8338861249,2692.961857,454,7128,0.02819237148,0.1857379768
71,0,margin_rolling,321,17.40272367,score_margin,1000,2,680,603,0.8926470588,0.8822553897,0.9002211166,3732.290216,4827,7128,0.01160862355,0.2819237148
71,0,rank_static,321,3747,rank,27664,51,680,603,0.9235294118,0.9170812604,0.9212271973,3747,3747,3747,0,0
71,0,rank_expanding,321,3591,rank,27664,51,680,603,0.9161764706,0.9087893864,0.9129353234,3591,3591,3591,0,0
71,0,rank_rolling,321,2706,rank,1000,2,680,603,0.8970588235,0.8872305141,0.8922056385,2706,2706,2706,0,0
71,0,margin_static,322,14.53734303,score_margin,28344,52,668,595,0.8308383234,0.825210084,0.8406162465,2884.043697,442,7128,0.03529411765,0.2100840336
71,0,margin_rolling,322,18.12008715,score_margin,1000,2,668,595,0.9206586826,0.9243697479,0.9316526611,4056.114286,6132,7128,0.008403361345,0.3176470588
71,0,rank_static,322,3747,rank,28344,52,668,595,0.8922155689,0.8823529412,0.8831932773,3747,3747,3747,0,0
71,0,rank_expanding,322,3578,rank,28344,52,668,595,0.8922155689,0.8823529412,0.8831932773,3578,3578,3578,0,0
71,0,rank_rolling,322,3102,rank,1000,2,668,595,0.874251497,0.8621848739,0.8655462185,3102,3102,3102,0,0
71,0,margin_static,323,14.53734303,score_margin,29012,53,668,600,0.7964071856,0.79,0.8091666667,2646.631667,500,7128,0.02333333333,0.1866666667
71,0,margin_rolling,323,17.75425196,score_margin,1000,2,668,600,0.9071856287,0.905,0.9208333333,3857.905,4957.5,7128,0.008333333333,0.2733333333
71,0,rank_static,323,3747,rank,29012,53,668,600,0.9191616766,0.9116666667,0.9163888889,3747,3747,3747,0,0
71,0,rank_expanding,323,3582,rank,29012,53,668,600,0.9146706587,0.9066666667,0.9122222222,3582,3582,3582,0,0
71,0,rank_rolling,323,3431,rank,1000,2,668,600,0.9116766467,0.9033333333,0.9088888889,3431,3431,3431,0,0
71,0,margin_static,324,14.53734303,score_margin,29680,54,796,650,0.8002512563,0.8046153846,0.8385641026,2713.475385,385,7128,0.02769230769,0.1738461538
71,0,margin_rolling,324,17.66950357,score_margin,1000,2,796,650,0.8907035176,0.8892307692,0.9163333333,3736.08,4668.5,7128,0.01230769231,0.2876923077
71,0,rank_static,324,3747,rank,29680,54,796,650,0.9396984925,0.9261538462,0.9323076923,3747,3747,3747,0,0
71,0,rank_expanding,324,3575,rank,29680,54,796,650,0.9359296482,0.9215384615,0.9276923077,3575,3575,3575,0,0
71,0,rank_rolling,324,3321,rank,1000,2,796,650,0.9334170854,0.9184615385,0.9246153846,3321,3321,3321,0,0
71,0,margin_static,325,14.53734303,score_margin,30476,55,398,360,0.7763819095,0.7861111111,0.8032407407,2591.702778,231.5,7128,0.06388888889,0.2111111111
71,0,margin_rolling,325,17.92210668,score_margin,1000,2,398,360,0.8944723618,0.8888888889,0.9027777778,3563.366667,3465.5,7128,0.03055555556,0.2972222222
71,0,rank_static,325,3747,rank,30476,55,398,360,0.8944723618,0.8833333333,0.8847222222,3747,3747,3747,0,0
71,0,rank_expanding,325,3541,rank,30476,55,398,360,0.8743718593,0.8611111111,0.8625,3541,3541,3541,0,0
71,0,rank_rolling,325,2428,rank,1000,2,398,360,0.8417085427,0.825,0.8305555556,2428,2428,2428,0,0
71,0,margin_static,326,14.53734303,score_margin,30874,56,422,348,0.7748815166,0.7701149425,0.8023227969,2101.896552,186,7128,0.04022988506,0.1264367816
71,0,margin_rolling,326,17.7387805,score_margin,1000,2,422,348,0.8862559242,0.867816092,0.8891283525,2958.33046,652,7128,0.01149425287,0.2270114943
71,0,rank_static,326,3747,rank,30874,56,422,348,0.9573459716,0.9511494253,0.9525862069,3747,3747,3747,0,0
71,0,rank_expanding,326,3551,rank,30874,56,422,348,0.9573459716,0.9511494253,0.9525862069,3551,3551,3551,0,0
71,0,rank_rolling,326,3031,rank,1000,2,422,348,0.9502369668,0.9425287356,0.9439655172,3031,3031,3031,0,0
71,0,margin_static,327,14.53734303,score_margin,31296,57,738,621,0.7723577236,0.7874396135,0.8150563607,2694.130435,393,7128,0.04025764895,0.2045088567
71,0,margin_rolling,327,18.74226904,score_margin,1000,3,738,621,0.8956639566,0.9001610306,0.9252549651,3920.681159,5516,7128,0.01610305958,0.3301127214
71,0,rank_static,327,3747,rank,31296,57,738,621,0.9092140921,0.8969404187,0.9051529791,3747,3747,3747,0,0
71,0,rank_expanding,327,3516,rank,31296,57,738,621,0.9024390244,0.8888888889,0.8981749866,3516,3516,3516,0,0
71,0,rank_rolling,327,2651,rank,1000,3,738,621,0.8834688347,0.8663446055,0.8756307032,2651,2651,2651,0,0
71,0,margin_static,328,14.53734303,score_margin,32034,58,600,526,0.805,0.8136882129,0.8352163679,2683.250951,382.5,7128,0.03422053232,0.1787072243
71,0,margin_rolling,328,19.15486431,score_margin,1000,2,600,526,0.9233333333,0.9239543726,0.9368187579,4149.65019,6462,7128,0.007604562738,0.3346007605
71,0,rank_static,328,3747,rank,32034,58,600,526,0.9116666667,0.9030418251,0.9084283904,3747,3747,3747,0,0
71,0,rank_expanding,328,3513,rank,32034,58,600,526,0.9066666667,0.897338403,0.9027249683,3513,3513,3513,0,0
71,0,rank_rolling,328,2698,rank,1000,2,600,526,0.8866666667,0.8745247148,0.8827629911,2698,2698,2698,0,0
71,0,margin_static,329,14.53734303,score_margin,32634,59,684,599,0.7923976608,0.8046744574,0.8189760712,2644.769616,327,7128,0.03338898164,0.2136894825
71,0,margin_rolling,329,18.52877569,score_margin,1000,2,684,599,0.9137426901,0.9098497496,0.9264885921,3924.36227,5336,7128,0.01168614357,0.3171953255
71,0,rank_static,329,3747,rank,32634,59,684,599,0.8859649123,0.8714524207,0.8789649416,3747,3747,3747,0,0
71,0,rank_expanding,329,3505,rank,32634,59,684,599,0.8859649123,0.8714524207,0.8789649416,3505,3505,3505,0,0
71,0,rank_rolling,329,3411,rank,1000,2,684,599,0.8801169591,0.8647746244,0.8731218698,3411,3411,3411,0,0
71,0,margin_static,330,14.53734303,score_margin,33318,60,640,580,0.8265625,0.8293103448,0.8412356322,2546.97069,356.5,7128,0.03620689655,0.1810344828
71,0,margin_rolling,330,18.01135111,score_margin,1000,2,640,580,0.921875,0.924137931,0.9343390805,3736.213793,4722.5,7128,0.01379310345,0.2827586207
71,0,rank_static,330,3747,rank,33318,60,640,580,0.9046875,0.8948275862,0.8965517241,3747,3747,3747,0,0
71,0,rank_expanding,330,3522,rank,33318,60,640,580,0.9,0.8896551724,0.8931034483,3522,3522,3522,0,0
71,0,rank_rolling,330,3916,rank,1000,2,640,580,0.9078125,0.8982758621,0.9,3916,3916,3916,0,0
71,0,margin_static,331,14.53734303,score_margin,33958,61,506,474,0.8399209486,0.8396624473,0.848628692,2679.333333,384,7128,0.03375527426,0.1772151899
71,0,margin_rolling,331,17.18659061,score_margin,1000,2,506,474,0.8913043478,0.8924050633,0.8976793249,3496.78692,1926.5,7128,0.01265822785,0.2447257384
71,0,rank_static,331,3747,rank,33958,61,506,474,0.9229249012,0.917721519,0.9187763713,3747,3747,3747,0,0
71,0,rank_expanding,331,3522,rank,33958,61,506,474,0.9150197628,0.9092827004,0.9103375527,3522,3522,3522,0,0
71,0,rank_rolling,331,3880,rank,1000,2,506,474,0.9268774704,0.9219409283,0.9229957806,3880,3880,3880,0,0
71,0,margin_static,332,14.53734303,score_margin,34464,62,318,300,0.8364779874,0.83,0.8366666667,2467.163333,257,7128,0.05666666667,0.19
71,0,margin_rolling,332,17.11232996,score_margin,1000,2,318,300,0.8836477987,0.88,0.8838888889,3152.81,1047.5,7128,0.02333333333,0.2533333333
71,0,rank_static,332,3747,rank,34464,62,318,300,0.9182389937,0.9133333333,0.9133333333,3747,3747,3747,0,0
71,0,rank_expanding,332,3510,rank,34464,62,318,300,0.9150943396,0.91,0.91,3510,3510,3510,0,0
71,0,rank_rolling,332,3344,rank,1000,2,318,300,0.9088050314,0.9033333333,0.9033333333,3344,3344,3344,0,0
71,0,margin_static,333,14.53734303,score_margin,34782,63,342,312,0.7953216374,0.7884615385,0.8082264957,2576.288462,276.5,7128,0.04166666667,0.1858974359
71,0,margin_rolling,333,17.6307621,score_margin,1000,3,342,312,0.8771929825,0.8782051282,0.889957265,3368.644231,1656,7128,0.01602564103,0.2884615385
71,0,rank_static,333,3747,rank,34782,63,342,312,0.9210526316,0.9134615385,0.9166666667,3747,3747,3747,0,0
71,0,rank_expanding,333,3504,rank,34782,63,342,312,0.918128655,0.9102564103,0.9134615385,3504,3504,3504,0,0
71,0,rank_rolling,333,3067,rank,1000,3,342,312,0.9035087719,0.8942307692,0.8974358974,3067,3067,3067,0,0
71,0,margin_static,334,14.53734303,score_margin,35124,64,700,633,0.8385714286,0.8404423381,0.8512901527,2414.459716,280,7128,0.04739336493,0.1690363349
71,0,margin_rolling,334,18.14641809,score_margin,1000,3,700,633,0.9171428571,0.9194312796,0.929331227,3658.292259,4282,7128,0.01421800948,0.2622432859
71,0,rank_static,334,3747,rank,35124,64,700,633,0.8942857143,0.8894154818,0.8944181148,3747,3747,3747,0,0
71,0,rank_expanding,334,3498,rank,35124,64,700,633,0.8857142857,0.8799368088,0.8865192206,3498,3498,3498,0,0
71,0,rank_rolling,334,3109,rank,1000,3,700,633,0.8814285714,0.8751974724,0.8817798841,3109,3109,3109,0,0
71,0,margin_static,335,14.53734303,score_margin,35824,65,656,587,0.8048780488,0.8023850085,0.8183418512,2407.325383,248,7128,0.03747870528,0.1873935264
71,0,margin_rolling,335,17.82217789,score_margin,1000,2,656,587,0.8902439024,0.8858603066,0.9013060761,3420.521295,1635,7128,0.0136286201,0.2776831346
71,0,rank_static,335,3747,rank,35824,65,656,587,0.9024390244,0.8943781942,0.9016183986,3747,3747,3747,0,0
71,0,rank_expanding,335,3505,rank,35824,65,656,587,0.8978658537,0.8892674617,0.8987791028,3505,3505,3505,0,0
71,0,rank_rolling,335,3739,rank,1000,2,656,587,0.9024390244,0.8943781942,0.9016183986,3739,3739,3739,0,0
71,0,margin_static,336,14.53734303,score_margin,36480,66,632,551,0.7863924051,0.7876588022,0.8092256503,2489.277677,331,7128,0.04355716878,0.2050816697
71,0,margin_rolling,336,18.34403801,score_margin,1000,2,632,551,0.8844936709,0.8820326679,0.8984271022,3751.678766,4618,7128,0.01814882033,0.2940108893
71,0,rank_static,336,3747,rank,36480,66,632,551,0.8813291139,0.8693284936,0.8720508167,3747,3747,3747,0,0
71,0,rank_expanding,336,3506,rank,36480,66,632,551,0.8702531646,0.8584392015,0.8602540835,3506,3506,3506,0,0
71,0,rank_rolling,336,3635,rank,1000,2,632,551,0.878164557,0.8656987296,0.8684210526,3635,3635,3635,0,0
71,0,margin_static,337,14.53734303,score_margin,37112,67,552,492,0.8025362319,0.8191056911,0.8325880759,2426.518293,270.5,7128,0.0325203252,0.1605691057
71,0,margin_rolling,337,19.01668316,score_margin,1000,2,552,492,0.9094202899,0.912601626,0.9247289973,3774.150407,4494.5,7128,0.006097560976,0.2703252033
71,0,rank_static,337,3747,rank,37112,67,552,492,0.884057971,0.8699186992,0.8746612466,3747,3747,3747,0,0
71,0,rank_expanding,337,3529,rank,37112,67,552,492,0.8804347826,0.8658536585,0.870596206,3529,3529,3529,0,0
71,0,rank_rolling,337,3947,rank,1000,2,552,492,0.893115942,0.8800813008,0.8848238482,3947,3947,3947,0,0
71,0,margin_static,338,14.53734303,score_margin,37664,68,496,457,0.7782258065,0.7921225383,0.7986870897,2388.964989,250,7128,0.04157549234,0.1750547046
71,0,margin_rolling,338,19.14455223,score_margin,1000,2,496,457,0.8931451613,0.9080962801,0.9140773158,3903.129103,5189,7128,0.006564551422,0.2932166302
71,0,rank_static,338,3747,rank,37664,68,496,457,0.8689516129,0.8599562363,0.8650619985,3747,3747,3747,0,0
71,0,rank_expanding,338,3547,rank,37664,68,496,457,0.8669354839,0.8577680525,0.8628738147,3547,3547,3547,0,0
71,0,rank_rolling,338,4253,rank,1000,2,496,457,0.8891129032,0.8818380744,0.8847556528,4253,4253,4253,0,0
71,0,margin_static,339,14.53734303,score_margin,38160,69,328,297,0.7957317073,0.797979798,0.8134118967,1876.461279,151,7127,0.05723905724,0.09764309764
71,0,margin_rolling,339,18.89802003,score_margin,1000,2,328,297,0.887195122,0.8821548822,0.8942199776,3371.37037,1861,7128,0.0303030303,0.2053872054
71,0,rank_static,339,3747,rank,38160,69,328,297,0.881097561,0.8787878788,0.8877665544,3747,3747,3747,0,0
71,0,rank_expanding,339,3565,rank,38160,69,328,297,0.881097561,0.8787878788,0.8877665544,3565,3565,3565,0,0
71,0,rank_rolling,339,4373,rank,1000,2,328,297,0.8932926829,0.8922558923,0.8973063973,4373,4373,4373,0,0
71,0,margin_static,340,14.53734303,score_margin,38488,70,328,303,0.7957317073,0.8052805281,0.8195819582,2432.224422,192,7128,0.04290429043,0.1518151815
71,0,margin_rolling,340,19.75276096,score_margin,1000,3,328,303,0.9176829268,0.9174917492,0.9262926293,3800.679868,4443,7128,0.009900990099,0.3201320132
71,0,rank_static,340,3747,rank,38488,70,328,303,0.9146341463,0.9075907591,0.9075907591,3747,3747,3747,0,0
71,0,rank_expanding,340,3573,rank,38488,70,328,303,0.9085365854,0.900990099,0.900990099,3573,3573,3573,0,0
71,0,rank_rolling,340,4373,rank,1000,3,328,303,0.9268292683,0.9207920792,0.9207920792,4373,4373,4373,0,0
71,0,margin_static,341,14.53734303,score_margin,38816,71,576,519,0.8072916667,0.8131021195,0.8301862556,2405.928709,240,7128,0.05009633911,0.1676300578
71,0,margin_rolling,341,19.36190224,score_margin,1000,3,576,519,0.9184027778,0.9229287091,0.9348747592,3796.077071,5324,7128,0.01541425819,0.289017341
71,0,rank_static,341,3747,rank,38816,71,576,519,0.90625,0.8959537572,0.9003853565,3747,3747,3747,0,0
71,0,rank_expanding,341,3568,rank,38816,71,576,519,0.8975694444,0.8863198459,0.8907514451,3568,3568,3568,0,0
71,0,rank_rolling,341,4258,rank,1000,3,576,519,0.9201388889,0.9113680154,0.9148362235,4258,4258,4258,0,0
71,0,margin_static,342,14.53734303,score_margin,39392,72,636,565,0.8003144654,0.8053097345,0.8218289086,2602.59646,250,7128,0.04601769912,0.2053097345
71,0,margin_rolling,342,18.60012603,score_margin,1000,3,636,565,0.8962264151,0.8938053097,0.9088495575,3618.031858,3889,7128,0.01946902655,0.3079646018
71,0,rank_static,342,3747,rank,39392,72,636,565,0.9072327044,0.8955752212,0.8991150442,3747,3747,3747,0,0
71,0,rank_expanding,342,3569,rank,39392,72,636,565,0.9040880503,0.8920353982,0.8955752212,3569,3569,3569,0,0
71,0,rank_rolling,342,3582,rank,1000,3,636,565,0.9040880503,0.8920353982,0.8955752212,3582,3582,3582,0,0
71,0,margin_static,343,14.53734303,score_margin,40028,73,642,567,0.7663551402,0.7671957672,0.7828336273,2699.507937,405,7128,0.03350970018,0.2134038801
71,0,margin_rolling,343,18.81039429,score_margin,1000,2,642,567,0.8816199377,0.8835978836,0.8962962963,4061.186949,5836,7128,0.01234567901,0.2998236332
71,0,rank_static,343,3747,rank,40028,73,642,567,0.8956386293,0.8818342152,0.889271017,3747,3747,3747,0,0
71,0,rank_expanding,343,3568,rank,40028,73,642,567,0.8894080997,0.8747795414,0.8822163433,3568,3568,3568,0,0
71,0,rank_rolling,343,3538,rank,1000,2,642,567,0.8894080997,0.8747795414,0.8822163433,3538,3538,3538,0,0
71,0,margin_static,344,14.53734303,score_margin,40670,74,650,582,0.7646153846,0.7663230241,0.7823596793,2547.907216,195.5,7128,0.04467353952,0.1924398625
71,0,margin_rolling,344,20.34249592,score_margin,1000,2,650,582,0.8830769231,0.8745704467,0.8913230241,4043.682131,6365.5,7128,0.01030927835,0.3350515464
71,0,rank_static,344,3747,rank,40670,74,650,582,0.9015384615,0.8934707904,0.8951890034,3747,3747,3747,0,0
71,0,rank_expanding,344,3575,rank,40670,74,650,582,0.9,0.8917525773,0.8934707904,3575,3575,3575,0,0
71,0,rank_rolling,344,3780,rank,1000,2,650,582,0.9015384615,0.8934707904,0.8951890034,3780,3780,3780,0,0
71,0,margin_static,345,14.53734303,score_margin,41320,75,586,501,0.8259385666,0.8063872255,0.8303393214,2681.802395,268,7128,0.04590818363,0.2075848303
71,0,margin_rolling,345,21.09439564,score_margin,1000,2,586,501,0.9215017065,0.9121756487,0.9231536926,4294.662675,6861,7128,0.005988023952,0.3932135729
71,0,rank_static,345,3747,rank,41320,75,586,501,0.909556314,0.8942115768,0.9001996008,3747,3747,3747,0,0
71,0,rank_expanding,345,3575,rank,41320,75,586,501,0.9027303754,0.8862275449,0.8922155689,3575,3575,3575,0,0
71,0,rank_rolling,345,3801,rank,1000,2,586,501,0.9112627986,0.8962075848,0.9021956088,3801,3801,3801,0,0
71,0,margin_static,346,14.53734303,score_margin,41906,76,224,197,0.7857142857,0.7817258883,0.8079526227,1724.06599,96,7128,0.03045685279,0.1269035533
71,0,margin_rolling,346,20.09538245,score_margin,1000,2,224,197,0.9107142857,0.9187817259,0.9289340102,3133.324873,888,7128,0.005076142132,0.2335025381
71,0,rank_static,346,3747,rank,41906,76,224,197,0.9598214286,0.9543147208,0.9543147208,3747,3747,3747,0,0
71,0,rank_expanding,346,3574,rank,41906,76,224,197,0.9598214286,0.9543147208,0.9543147208,3574,3574,3574,0,0
71,0,rank_rolling,346,3633,rank,1000,2,224,197,0.9598214286,0.9543147208,0.9543147208,3633,3633,3633,0,0
71,0,margin_static,347,14.53734303,score_margin,42130,77,306,277,0.8039215686,0.8014440433,0.8206979543,1940.249097,99,7128,0.03971119134,0.1407942238
71,0,margin_rolling,347,19.46676224,score_margin,1000,3,306,277,0.8986928105,0.9061371841,0.9145607702,3014.844765,657,7128,0.01444043321,0.2563176895
71,0,rank_static,347,3747,rank,42130,77,306,277,0.9215686275,0.9133574007,0.9157641396,3747,3747,3747,0,0
71,0,rank_expanding,347,3559,rank,42130,77,306,277,0.9215686275,0.9133574007,0.9157641396,3559,3559,3559,0,0
71,0,rank_rolling,347,3367,rank,1000,3,306,277,0.9183006536,0.9097472924,0.9121540313,3367,3367,3367,0,0
71,0,margin_static,348,14.53734303,score_margin,42436,78,714,610,0.8011204482,0.7950819672,0.8120218579,2306.291803,172,7128,0.05901639344,0.1655737705
71,0,margin_rolling,348,19.44505072,score_margin,1000,3,714,610,0.8837535014,0.8836065574,0.8968579235,3583.016393,3611.5,7128,0.01803278689,0.2967213115
71,0,rank_static,348,3747,rank,42436,78,714,610,0.9103641457,0.8950819672,0.8978142077,3747,3747,3747,0,0
71,0,rank_expanding,348,3551,rank,42436,78,714,610,0.9075630252,0.8918032787,0.8945355191,3551,3551,3551,0,0
71,0,rank_rolling,348,3215,rank,1000,3,714,610,0.8949579832,0.8770491803,0.8806010929,3215,3215,3215,0,0
71,0,margin_static,349,14.53734303,score_margin,43150,79,600,545,0.755,0.7614678899,0.7755351682,2266.409174,148,7128,0.02568807339,0.1724770642
71,0,margin_rolling,349,20.03096533,score_margin,1000,2,600,545,0.86,0.8587155963,0.8740061162,3596.937615,3858,7128,0.001834862385,0.2990825688
71,0,rank_static,349,3747,rank,43150,79,600,545,0.9,0.8899082569,0.8951070336,3747,3747,3747,0,0
71,0,rank_expanding,349,3547,rank,43150,79,600,545,0.8966666667,0.8862385321,0.8923547401,3547,3547,3547,0,0
71,0,rank_rolling,349,3202,rank,1000,2,600,545,0.8866666667,0.8752293578,0.8834862385,3202,3202,3202,0,0
71,0,margin_static,350,14.53734303,score_margin,43750,80,656,560,0.7393292683,0.7375,0.7632738095,1920.505357,123.5,7128,0.07142857143,0.1357142857
71,0,margin_rolling,350,21.29735351,score_margin,1000,2,656,560,0.8963414634,0.8875,0.9095535714,3564.139286,2158,7128,0.007142857143,0.2910714286
71,0,rank_static,350,3747,rank,43750,80,656,560,0.9100609756,0.9,0.9063988095,3747,3747,3747,0,0
71,0,rank_expanding,350,3549,rank,43750,80,656,560,0.9085365854,0.8982142857,0.9046130952,3549,3549,3549,0,0
71,0,rank_rolling,350,3584,rank,1000,2,656,560,0.9085365854,0.8982142857,0.9046130952,3584,3584,3584,0,0
71,0,margin_static,351,14.53734303,score_margin,44406,81,522,476,0.7681992337,0.781512605,0.7969187675,1976.596639,107.5,7128,0.06302521008,0.1638655462
71,0,margin_rolling,351,21.78827095,score_margin,1000,2,522,476,0.8888888889,0.8886554622,0.9044117647,3694.991597,4605,7128,0.01260504202,0.2857142857
71,0,rank_static,351,3747,rank,44406,81,522,476,0.8927203065,0.8823529412,0.8851540616,3747,3747,3747,0,0
71,0,rank_expanding,351,3544,rank,44406,81,522,476,0.8812260536,0.8697478992,0.8735994398,3544,3544,3544,0,0
71,0,rank_rolling,351,3496,rank,1000,2,522,476,0.877394636,0.8655462185,0.8693977591,3496,3496,3496,0,0
71,0,margin_static,352,14.53734303,score_margin,44928,82,462,415,0.7056277056,0.7084337349,0.7295180723,1911.13012,134,7128,0.06987951807,0.1421686747
71,0,margin_rolling,352,22.00234985,score_margin,1000,2,462,415,0.9134199134,0.913253012,0.9291164659,3931.73494,5802,7128,0.009638554217,0.2891566265
71,0,rank_static,352,3747,rank,44928,82,462,415,0.8939393939,0.886746988,0.8907630522,3747,3747,3747,0,0
71,0,rank_expanding,352,3553,rank,44928,82,462,415,0.8917748918,0.8843373494,0.8883534137,3553,3553,3553,0,0
71,0,rank_rolling,352,3756,rank,1000,2,462,415,0.8939393939,0.886746988,0.8907630522,3756,3756,3756,0,0
71,0,margin_static,353,14.53734303,score_margin,45390,83,242,226,0.7190082645,0.7212389381,0.7345132743,1744.561947,97,7128,0.09734513274,0.1194690265
71,0,margin_rolling,353,21.91180825,score_margin,1000,3,242,226,0.8801652893,0.8805309735,0.8938053097,3649.986726,4265.5,7128,0.02212389381,0.2699115044
71,0,rank_static,353,3747,rank,45390,83,242,226,0.8719008264,0.8628318584,0.8694690265,3747,3747,3747,0,0
71,0,rank_expanding,353,3555,rank,45390,83,242,226,0.8719008264,0.8628318584,0.8694690265,3555,3555,3555,0,0
71,0,rank_rolling,353,4036,rank,1000,3,242,226,0.8801652893,0.8716814159,0.8783185841,4036,4036,4036,0,0
71,0,margin_static,354,14.53734303,score_margin,45632,84,238,227,0.7478991597,0.7444933921,0.7525697504,2012.321586,143,7128,0.05286343612,0.1453744493
71,0,margin_rolling,354,21.95915508,score_margin,1000,3,238,227,0.9075630252,0.9074889868,0.9155653451,4002.577093,5504,7128,0.004405286344,0.3039647577
71,0,rank_static,354,3747,rank,45632,84,238,227,0.8613445378,0.8546255507,0.859030837,3747,3747,3747,0,0
71,0,rank_expanding,354,3565,rank,45632,84,238,227,0.8613445378,0.8546255507,0.859030837,3565,3565,3565,0,0
71,0,rank_rolling,354,4237,rank,1000,3,238,227,0.8739495798,0.8678414097,0.872246696,4237,4237,4237,0,0
71,0,margin_static,355,14.53734303,score_margin,45870,85,578,506,0.6972318339,0.7173913043,0.7400715227,2279.073123,141.5,7128,0.07114624506,0.1758893281
71,0,margin_rolling,355,22.28039646,score_margin,1000,4,578,506,0.8892733564,0.895256917,0.9154667796,4293.660079,6772.5,7128,0.009881422925,0.3695652174
71,0,rank_static,355,3747,rank,45870,85,578,506,0.8598615917,0.8498023715,0.860695464,3747,3747,3747,0,0
71,0,rank_expanding,355,3574,rank,45870,85,578,506,0.8512110727,0.8399209486,0.8521315641,3574,3574,3574,0,0
71,0,rank_rolling,355,4618,rank,1000,4,578,506,0.8858131488,0.8754940711,0.883822699,4618,4618,4618,0,0
71,0,margin_static,356,14.53734303,score_margin,46448,86,548,483,0.7481751825,0.7412008282,0.7615596963,2216.509317,115,7128,0.06211180124,0.1573498965
71,0,margin_rolling,356,23.34067631,score_margin,1000,3,548,483,0.9087591241,0.9047619048,0.9133885438,4214.89441,6875,7128,0.008281573499,0.3664596273
71,0,rank_static,356,3747,rank,46448,86,548,483,0.8795620438,0.8819875776,0.8868184955,3747,3747,3747,0,0
71,0,rank_expanding,356,3591,rank,46448,86,548,483,0.8759124088,0.8799171843,0.8837129055,3591,3591,3591,0,0
71,0,rank_rolling,356,5132,rank,1000,3,548,483,0.9178832117,0.9109730849,0.917184265,5132,5132,5132,0,0
71,0,margin_static,357,14.53734303,score_margin,46996,87,406,363,0.7413793103,0.741046832,0.7610192837,1469.944904,96,7127,0.06887052342,0.09917355372
71,0,margin_rolling,357,22.65844393,score_margin,1000,2,406,363,0.9162561576,0.91184573,0.9276859504,3714.881543,4804,7128,0.01101928375,0.2424242424
71,0,rank_static,357,3747,rank,46996,87,406,363,0.9162561576,0.914600551,0.922405877,3747,3747,3747,0,0
71,0,rank_expanding,357,3603,rank,46996,87,406,363,0.9088669951,0.9063360882,0.9141414141,3603,3603,3603,0,0
71,0,rank_rolling,357,4796,rank,1000,2,406,363,0.9236453202,0.9228650138,0.9292929293,4796,4796,4796,0,0
71,0,margin_static,358,14.53734303,score_margin,47402,88,300,276,0.76,0.768115942,0.7832125604,1586.73913,59,7128,0.05797101449,0.1376811594
71,0,margin_rolling,358,22.42933559,score_margin,1000,3,300,276,0.8933333333,0.884057971,0.9018719807,3298.445652,1076,7128,0.01086956522,0.25
71,0,rank_static,358,3747,rank,47402,88,300,276,0.9366666667,0.9311594203,0.9311594203,3747,3747,3747,0,0
71,0,rank_expanding,358,3599,rank,47402,88,300,276,0.9333333333,0.9275362319,0.9275362319,3599,3599,3599,0,0
71,0,rank_rolling,358,4001,rank,1000,3,300,276,0.9366666667,0.9311594203,0.9311594203,4001,4001,4001,0,0
71,0,margin_static,359,14.53734303,score_margin,47702,89,330,312,0.8212121212,0.8237179487,0.8306623932,2445.573718,298.5,7128,0.04487179487,0.1987179487
71,0,margin_rolling,359,22.11205742,score_margin,1000,3,330,312,0.9515151515,0.9487179487,0.9594017094,4510.660256,7091.5,7128,0.003205128205,0.3942307692
71,0,rank_static,359,3747,rank,47702,89,330,312,0.9303030303,0.9262820513,0.9262820513,3747,3747,3747,0,0
71,0,rank_expanding,359,3590,rank,47702,89,330,312,0.9303030303,0.9262820513,0.9262820513,3590,3590,3590,0,0
71,0,rank_rolling,359,3399,rank,1000,3,330,312,0.9272727273,0.9230769231,0.9230769231,3399,3399,3399,0,0
71,0,margin_static,360,14.53734303,score_margin,48032,90,228,214,0.75,0.7523364486,0.773364486,1679.341121,61,7128,0.07009345794,0.1214953271
71,0,margin_rolling,360,19.74722052,score_margin,1000,3,228,214,0.8728070175,0.8691588785,0.8823987539,2909.957944,409,7128,0.02803738318,0.2196261682
71,0,rank_static,360,3747,rank,48032,90,228,214,0.9473684211,0.9439252336,0.9462616822,3747,3747,3747,0,0
71,0,rank_expanding,360,3584,rank,48032,90,228,214,0.9429824561,0.9392523364,0.941588785,3584,3584,3584,0,0
71,0,rank_rolling,360,2948,rank,1000,3,228,214,0.9429824561,0.9392523364,0.941588785,2948,2948,2948,0,0
71,0,margin_static,361,14.53734303,score_margin,48260,91,246,226,0.7804878049,0.7743362832,0.7979351032,1542.455752,50,7128,0.09734513274,0.1194690265
71,0,margin_rolling,361,20.83745956,score_margin,1000,4,246,226,0.8739837398,0.8716814159,0.8761061947,2909.871681,584,7128,0.05309734513,0.2123893805
71,0,rank_static,361,3747,rank,48260,91,246,226,0.9308943089,0.9247787611,0.9247787611,3747,3747,3747,0,0
71,0,rank_expanding,361,3578,rank,48260,91,246,226,0.9268292683,0.9203539823,0.9225663717,3578,3578,3578,0,0
71,0,rank_rolling,361,2165,rank,1000,4,246,226,0.8902439024,0.8805309735,0.8849557522,2165,2165,2165,0,0
71,0,margin_static,362,14.53734303,score_margin,48506,92,620,530,0.7548387097,0.779245283,0.8084636119,1691.937736,85.5,7128,0.06226415094,0.1320754717
71,0,margin_rolling,362,19.94706297,score_margin,1000,4,620,530,0.8709677419,0.8905660377,0.9094281486,2991.958491,790,7128,0.01886792453,0.2188679245
71,0,rank_static,362,3747,rank,48506,92,620,530,0.9370967742,0.9264150943,0.9283018868,3747,3747,3747,0,0
71,0,rank_expanding,362,3575,rank,48506,92,620,530,0.9370967742,0.9264150943,0.9283018868,3575,3575,3575,0,0
71,0,rank_rolling,362,2011,rank,1000,4,620,530,0.8870967742,0.8698113208,0.8783018868,2011,2011,2011,0,0
71,0,margin_static,363,14.53734303,score_margin,49126,93,386,353,0.8186528497,0.8158640227,0.8345136922,1829.929178,68,7128,0.09631728045,0.1359773371
71,0,margin_rolling,363,22.04483032,score_margin,1000,3,386,353,0.9196891192,0.9235127479,0.936496695,3352.008499,1593,7128,0.02549575071,0.2776203966
71,0,rank_static,363,3747,rank,49126,93,386,353,0.9248704663,0.9235127479,0.9268177526,3747,3747,3747,0,0
71,0,rank_expanding,363,3555,rank,49126,93,386,353,0.914507772,0.9150141643,0.917374882,3555,3555,3555,0,0
71,0,rank_rolling,363,2135,rank,1000,3,386,353,0.8730569948,0.8696883853,0.8720491029,2135,2135,2135,0,0
71,0,margin_static,364,14.53734303,score_margin,49512,94,354,329,0.7598870056,0.7568389058,0.7695035461,1592.99696,65,7128,0.1063829787,0.1367781155
71,0,margin_rolling,364,21.85021591,score_margin,1000,2,354,329,0.8983050847,0.8936170213,0.9012158055,3265.541033,1587,7128,0.03039513678,0.2401215805
71,0,rank_static,364,3747,rank,49512,94,354,329,0.9124293785,0.905775076,0.9072948328,3747,3747,3747,0,0
71,0,rank_expanding,364,3550,rank,49512,94,354,329,0.9096045198,0.9027355623,0.9042553191,3550,3550,3550,0,0
71,0,rank_rolling,364,2628,rank,1000,2,354,329,0.8983050847,0.8905775076,0.8920972644,2628,2628,2628,0,0
71,0.1,margin_static,292,14.50009081,score_margin,11270,22,730,658,0.8726027397,0.8829787234,0.8937183384,3489.787234,1905,7128,0.01063829787,0.2887537994
71,0.1,margin_rolling,292,15.20742518,score_margin,1000,3,730,658,0.8821917808,0.8890577508,0.9001013171,3733.349544,4445,7128,0.006079027356,0.3145896657
71,0.1,rank_static,292,3602,rank,11270,22,730,658,0.8876712329,0.8814589666,0.8875379939,3602,3602,3602,0,0
71,0.1,rank_expanding,292,3602,rank,11270,22,730,658,0.8876712329,0.8814589666,0.8875379939,3602,3602,3602,0,0
71,0.1,rank_rolling,292,2770,rank,1000,3,730,658,0.8602739726,0.8541033435,0.8624620061,2770,2770,2770,0,0
71,0.1,margin_static,293,14.50009081,score_margin,12000,23,658,581,0.9042553191,0.9053356282,0.9199655766,3768.025818,4787,7128,0.008605851979,0.2960413081
71,0.1,margin_rolling,293,15.51292835,score_margin,1000,2,658,581,0.9209726444,0.9242685026,0.937751004,4157.194492,6490,7128,0.006884681583,0.3321858864
71,0.1,rank_static,293,3602,rank,12000,23,658,581,0.8723404255,0.8605851979,0.8703384968,3602,3602,3602,0,0
71,0.1,rank_expanding,293,3627,rank,12000,23,658,581,0.8738601824,0.8623063683,0.871199082,3627,3627,3627,0,0
71,0.1,rank_rolling,293,3429,rank,1000,2,658,581,0.867781155,0.8554216867,0.8660355709,3429,3429,3429,0,0
71,0.1,margin_static,294,14.50009081,score_margin,12658,24,618,538,0.8495145631,0.8475836431,0.8692998761,3528.167286,2200.5,7128,0.01672862454,0.2843866171
71,0.1,margin_rolling,294,15.75157547,score_margin,1000,2,618,538,0.8786407767,0.8698884758,0.8935254027,3939.975836,5711.5,7128,0.01115241636,0.343866171
71,0.1,rank_static,294,3602,rank,12658,24,618,538,0.8754045307,0.8587360595,0.8615241636,3602,3602,3602,0,0
71,0.1,rank_expanding,294,3685,rank,12658,24,618,538,0.8754045307,0.8587360595,0.8615241636,3685,3685,3685,0,0
71,0.1,rank_rolling,294,4122,rank,1000,2,618,538,0.8883495146,0.873605948,0.876394052,4122,4122,4122,0,0
71,0.1,margin_static,295,14.50009081,score_margin,13276,25,666,578,0.8663663664,0.8650519031,0.8901960784,3608.714533,4042.5,7128,0.006920415225,0.2820069204
71,0.1,margin_rolling,295,15.913362,score_margin,1000,2,666,578,0.8978978979,0.8944636678,0.9156286044,4162.211073,6350,7128,0.003460207612,0.3339100346
71,0.1,rank_static,295,3602,rank,13276,25,666,578,0.8948948949,0.8788927336,0.8846597463,3602,3602,3602,0,0
71,0.1,rank_expanding,295,3733,rank,13276,25,666,578,0.9024024024,0.8875432526,0.8933102653,3733,3733,3733,0,0
71,0.1,rank_rolling,295,4601,rank,1000,2,666,578,0.9234234234,0.9117647059,0.9149365629,4601,4601,4601,0,0
71,0.1,margin_static,296,14.50009081,score_margin,13942,26,516,466,0.8449612403,0.8412017167,0.8582260372,3461.658798,1807.5,7128,0.004291845494,0.2875536481
71,0.1,margin_rolling,296,16.2381506,score_margin,1000,2,516,466,0.8856589147,0.8755364807,0.8925608011,4042.167382,6242.5,7128,0.004291845494,0.3497854077
71,0.1,rank_static,296,3602,rank,13942,26,516,466,0.9069767442,0.8969957082,0.8991416309,3602,3602,3602,0,0
71,0.1,rank_expanding,296,3725,rank,13942,26,516,466,0.9089147287,0.8991416309,0.9002145923,3725,3725,3725,0,0
71,0.1,rank_rolling,296,3750,rank,1000,2,516,466,0.9089147287,0.8991416309,0.9002145923,3750,3750,3750,0,0
71,0.1,margin_static,297,14.50009081,score_margin,14458,27,292,254,0.8287671233,0.842519685,0.8585301837,2895.65748,570.5,7128,0.02362204724,0.2204724409
71,0.1,margin_rolling,297,16.45882797,score_margin,1000,2,292,254,0.8801369863,0.8937007874,0.9078740157,3531.988189,1999,7128,0.003937007874,0.2874015748
71,0.1,rank_static,297,3602,rank,14458,27,292,254,0.897260274,0.8858267717,0.8910761155,3602,3602,3602,0,0
71,0.1,rank_expanding,297,3720,rank,14458,27,292,254,0.9006849315,0.8897637795,0.8950131234,3720,3720,3720,0,0
71,0.1,rank_rolling,297,3482,rank,1000,2,292,254,0.8869863014,0.8779527559,0.8818897638,3482,3482,3482,0,0
71,0.1,margin_static,298,14.50009081,score_margin,14750,28,252,224,0.8611111111,0.8616071429,0.8854166667,2971.142857,664,7128,0.008928571429,0.2901785714
71,0.1,margin_rolling,298,17.18883371,score_margin,1000,3,252,224,0.9285714286,0.9330357143,0.9412202381,4037.825893,6268.5,7128,0,0.3392857143
71,0.1,rank_static,298,3602,rank,14750,28,252,224,0.873015873,0.8571428571,0.859375,3602,3602,3602,0,0
71,0.1,rank_expanding,298,3714,rank,14750,28,252,224,0.8849206349,0.8705357143,0.8727678571,3714,3714,3714,0,0
71,0.1,rank_rolling,298,3700,rank,1000,3,252,224,0.8849206349,0.8705357143,0.8727678571,3700,3700,3700,0,0
71,0.1,margin_static,299,14.50009081,score_margin,15002,29,702,615,0.8703703704,0.8861788618,0.8989856756,3309.62439,1311,7128,0.01463414634,0.2195121951
71,0.1,margin_rolling,299,16.73077595,score_margin,1000,3,702,615,0.905982906,0.9154471545,0.9304374758,4122.749593,6482,7128,0.00325203252,0.3219512195
71,0.1,rank_static,299,3602,rank,15002,29,702,615,0.9387464387,0.9300813008,0.9300813008,3602,3602,3602,0,0
71,0.1,rank_expanding,299,3723,rank,15002,29,702,615,0.9415954416,0.9333333333,0.9333333333,3723,3723,3723,0,0
71,0.1,rank_rolling,299,3806,rank,1000,3,702,615,0.9444444444,0.9365853659,0.9365853659,3806,3806,3806,0,0
71,0.1,margin_static,300,14.50009081,score_margin,15704,30,664,573,0.8629518072,0.8621291449,0.8863680434,3485.092496,1934,7128,0.01570680628,0.2722513089
71,0.1,margin_rolling,300,16.20987986,score_margin,1000,3,664,573,0.906626506,0.9040139616,0.9234050805,4147.759162,6451,7128,0.006980802792,0.3333333333
71,0.1,rank_static,300,3602,rank,15704,30,664,573,0.8915662651,0.8778359511,0.8879193329,3602,3602,3602,0,0
71,0.1,rank_expanding,300,3657,rank,15704,30,664,573,0.8945783133,0.8813263525,0.8914097343,3657,3657,3657,0,0
71,0.1,rank_rolling,300,3028,rank,1000,3,664,573,0.8704819277,0.8551483421,0.8661043242,3028,3028,3028,0,0
71,0.1,margin_static,301,14.50009081,score_margin,16368,31,616,552,0.8782467532,0.8731884058,0.8924214976,3699.45471,4635,7128,0.01449275362,0.2862318841
71,0.1,margin_rolling,301,16.47728777,score_margin,1000,2,616,552,0.9188311688,0.9148550725,0.9294082126,4339.996377,6956.5,7128,0.005434782609,0.3731884058
71,0.1,rank_static,301,3602,rank,16368,31,616,552,0.862012987,0.8514492754,0.8562801932,3602,3602,3602,0,0
71,0.1,rank_expanding,301,3665,rank,16368,31,616,552,0.8685064935,0.8550724638,0.8611111111,3665,3665,3665,0,0
71,0.1,rank_rolling,301,3415,rank,1000,2,616,552,0.8603896104,0.8496376812,0.854468599,3415,3415,3415,0,0
71,0.1,margin_static,302,14.50009081,score_margin,16984,32,570,490,0.849122807,0.8408163265,0.8600631681,3147.793878,954.5,7128,0.02857142857,0.2693877551
71,0.1,margin_rolling,302,15.89723337,score_margin,1000,2,570,490,0.8824561404,0.8755102041,0.8922060253,3617.006122,3454,7128,0.01836734694,0.3040816327
71,0.1,rank_static,302,3602,rank,16984,32,570,490,0.8929824561,0.8795918367,0.887414966,3602,3602,3602,0,0
71,0.1,rank_expanding,302,3712,rank,16984,32,570,490,0.8964912281,0.8836734694,0.8914965986,3712,3712,3712,0,0
71,0.1,rank_rolling,302,4480,rank,1000,2,570,490,0.9087719298,0.8979591837,0.9030612245,4480,4480,4480,0,0
71,0.1,margin_static,303,14.50009081,score_margin,17554,33,542,485,0.8856088561,0.8783505155,0.886185567,3269.575258,1472,7128,0.01443298969,0.2721649485
71,0.1,margin_rolling,303,16.64603841,score_margin,1000,2,542,485,0.9188191882,0.9154639175,0.9202061856,3994.51134,6237,7128,0.00618556701,0.3463917526
71,0.1,rank_static,303,3602,rank,17554,33,542,485,0.8856088561,0.8721649485,0.8804123711,3602,3602,3602,0,0
71,0.1,rank_expanding,303,3714,rank,17554,33,542,485,0.8874538745,0.8742268041,0.8824742268,3714,3714,3714,0,0
71,0.1,rank_rolling,303,4397,rank,1000,2,542,485,0.9040590406,0.8927835052,0.8979381443,4397,4397,4397,0,0
71,0.1,margin_static,304,14.50009081,score_margin,18096,34,328,281,0.8506097561,0.846975089,0.8772241993,3140.266904,955,7128,0.01779359431,0.2455516014
71,0.1,margin_rolling,304,15.56360132,score_margin,1000,2,328,281,0.881097561,0.8825622776,0.9065836299,3534.558719,2940,7128,0.01423487544,0.2775800712
71,0.1,rank_static,304,3602,rank,18096,34,328,281,0.887195122,0.8825622776,0.8861209964,3602,3602,3602,0,0
71,0.1,rank_expanding,304,3723,rank,18096,34,328,281,0.887195122,0.8825622776,0.8861209964,3723,3723,3723,0,0
71,0.1,rank_rolling,304,4380,rank,1000,2,328,281,0.9115853659,0.9110320285,0.9110320285,4380,4380,4380,0,0
71,0.1,margin_static,305,14.50009081,score_margin,18424,35,328,295,0.8932926829,0.8915254237,0.9095480226,2720.928814,564,7128,0.01355932203,0.213559322
71,0.1,margin_rolling,305,15.96455574,score_margin,1000,3,328,295,0.9115853659,0.9118644068,0.9256497175,3381.057627,1650,7128,0.01016949153,0.2305084746
71,0.1,rank_static,305,3602,rank,18424,35,328,295,0.9390243902,0.9322033898,0.9322033898,3602,3602,3602,0,0
71,0.1,rank_expanding,305,3727,rank,18424,35,328,295,0.9451219512,0.9389830508,0.9389830508,3727,3727,3727,0,0
71,0.1,rank_rolling,305,4190,rank,1000,3,328,295,0.9481707317,0.9423728814,0.9423728814,4190,4190,4190,0,0
71,0.1,margin_static,306,14.50009081,score_margin,18752,36,582,513,0.8659793814,0.8771929825,0.894834308,3275.11501,1202,7128,0.02144249513,0.253411306
71,0.1,margin_rolling,306,15.8900497,score_margin,1000,3,582,513,0.8883161512,0.8986354776,0.9125406108,3707.282651,4543,7128,0.01364522417,0.3138401559
71,0.1,rank_static,306,3602,rank,18752,36,582,513,0.8934707904,0.8791423002,0.8846653671,3602,3602,3602,0,0
71,0.1,rank_expanding,306,3703,rank,18752,36,582,513,0.8969072165,0.8830409357,0.8885640026,3703,3703,3703,0,0
71,0.1,rank_rolling,306,3560,rank,1000,3,582,513,0.8934707904,0.8791423002,0.8846653671,3560,3560,3560,0,0
71,0.1,margin_static,307,14.50009081,score_margin,19334,37,588,510,0.8554421769,0.8607843137,0.8789215686,3357.84902,1574,7128,0.01568627451,0.2647058824
71,0.1,margin_rolling,307,16.28379154,score_margin,1000,3,588,510,0.8826530612,0.8862745098,0.8995098039,4024.65098,5979,7128,0.007843137255,0.3274509804
71,0.1,rank_static,307,3602,rank,19334,37,588,510,0.880952381,0.862745098,0.8708496732,3602,3602,3602,0,0
71,0.1,rank_expanding,307,3712,rank,19334,37,588,510,0.8826530612,0.8647058824,0.8728104575,3712,3712,3712,0,0
71,0.1,rank_rolling,307,3319,rank,1000,3,588,510,0.8741496599,0.8549019608,0.8639869281,3319,3319,3319,0,0
71,0.1,margin_static,308,14.50009081,score_margin,19922,38,562,497,0.859430605,0.8571428571,0.8794672799,3427.613682,1203,7128,0.02615694165,0.2997987928
71,0.1,margin_rolling,308,16.65937781,score_margin,1000,2,562,497,0.8950177936,0.8913480885,0.905767941,3984.295775,6212,7128,0.01609657948,0.3621730382
71,0.1,rank_static,308,3602,rank,19922,38,562,497,0.8647686833,0.8551307847,0.8561368209,3602,3602,3602,0,0
71,0.1,rank_expanding,308,3724,rank,19922,38,562,497,0.8701067616,0.8571428571,0.8601609658,3724,3724,3724,0,0
71,0.1,rank_rolling,308,4253,rank,1000,2,562,497,0.8985765125,0.8893360161,0.8923541247,4253,4253,4253,0,0
71,0.1,margin_static,309,14.50009081,score_margin,20484,39,626,535,0.8450479233,0.8504672897,0.8735825545,3462.192523,1592,7128,0.02242990654,0.2990654206
71,0.1,margin_rolling,309,16.76309919,score_margin,1000,2,626,535,0.8881789137,0.891588785,0.912834891,4234.471028,6659,7128,0.009345794393,0.3626168224
71,0.1,rank_static,309,3602,rank,20484,39,626,535,0.8530351438,0.8373831776,0.8482866044,3602,3602,3602,0,0
71,0.1,rank_expanding,309,3743,rank,20484,39,626,535,0.8610223642,0.846728972,0.8548286604,3743,3743,3743,0,0
71,0.1,rank_rolling,309,4269,rank,1000,2,626,535,0.8769968051,0.8654205607,0.8700934579,4269,4269,4269,0,0
71,0.1,margin_static,310,14.50009081,score_margin,21110,40,620,527,0.8790322581,0.8709677419,0.9042061986,2917.457306,799,7128,0.01518026565,0.2163187856
71,0.1,margin_rolling,310,17.41735202,score_margin,1000,2,620,527,0.9241935484,0.9127134725,0.9430107527,4051.641366,5783,7128,0.007590132827,0.3017077799
71,0.1,rank_static,310,3602,rank,21110,40,620,527,0.9129032258,0.8975332068,0.9029095509,3602,3602,3602,0,0
71,0.1,rank_expanding,310,3773,rank,21110,40,620,527,0.9161290323,0.9013282732,0.9067046173,3773,3773,3773,0,0
71,0.1,rank_rolling,310,4894,rank,1000,2,620,527,0.9403225806,0.9297912713,0.9351676154,4894,4894,4894,0,0
71,0.1,margin_static,311,14.50009081,score_margin,21730,41,438,366,0.8493150685,0.8306010929,0.8629326047,2555.871585,343.5,7128,0.01366120219,0.1830601093
71,0.1,margin_rolling,311,16.74395561,score_margin,1000,2,438,366,0.9155251142,0.9016393443,0.927140255,3266.904372,1033,7128,0.01092896175,0.237704918
71,0.1,rank_static,311,3602,rank,21730,41,438,366,0.9063926941,0.8907103825,0.9007285974,3602,3602,3602,0,0
71,0.1,rank_expanding,311,3765,rank,21730,41,438,366,0.9109589041,0.8961748634,0.9061930783,3765,3765,3765,0,0
71,0.1,rank_rolling,311,3914,rank,1000,2,438,366,0.9109589041,0.8961748634,0.9061930783,3914,3914,3914,0,0
71,0.1,margin_static,312,14.50009081,score_margin,22168,42,460,368,0.8456521739,0.847826087,0.8796583851,2272.652174,351,7128,0.01358695652,0.160326087
71,0.1,margin_rolling,312,15.56498671,score_margin,1000,2,460,368,0.8782608696,0.8695652174,0.9045031056,2629.008152,619.5,7128,0.01086956522,0.1793478261
71,0.1,rank_static,312,3602,rank,22168,42,460,368,0.9239130435,0.9048913043,0.9178442029,3602,3602,3602,0,0
71,0.1,rank_expanding,312,3759,rank,22168,42,460,368,0.9282608696,0.910326087,0.9214673913,3759,3759,3759,0,0
71,0.1,rank_rolling,312,3314,rank,1000,2,460,368,0.9195652174,0.8994565217,0.9124094203,3314,3314,3314,0,0
71,0.1,margin_static,313,14.50009081,score_margin,22628,43,794,641,0.8476070529,0.8439937598,0.8786271451,2682.021841,371,7128,0.02340093604,0.2168486739
71,0.1,margin_rolling,313,16.18266571,score_margin,1000,3,794,641,0.8979848866,0.8845553822,0.9120384815,3206.865835,1092,7128,0.01404056162,0.2433697348
71,0.1,rank_static,313,3602,rank,22628,43,794,641,0.9219143577,0.903276131,0.9063962559,3602,3602,3602,0,0
71,0.1,rank_expanding,313,3743,rank,22628,43,794,641,0.9282115869,0.9110764431,0.9141965679,3743,3743,3743,0,0
71,0.1,rank_rolling,313,3119,rank,1000,3,794,641,0.9055415617,0.8845553822,0.8892355694,3119,3119,3119,0,0
71,0.1,margin_static,314,14.50009081,score_margin,23422,44,678,585,0.8554572271,0.8512820513,0.8744485144,2694.25812,508,7128,0.02393162393,0.1931623932
71,0.1,margin_rolling,314,16.54599546,score_margin,1000,2,678,585,0.8967551622,0.894017094,0.9118884819,3451.497436,2124,7128,0.01196581197,0.2564102564
71,0.1,rank_static,314,3602,rank,23422,44,678,585,0.9292035398,0.9213675214,0.9236467236,3602,3602,3602,0,0
71,0.1,rank_expanding,314,3723,rank,23422,44,678,585,0.9321533923,0.9247863248,0.9270655271,3723,3723,3723,0,0
71,0.1,rank_rolling,314,2751,rank,1000,2,678,585,0.9056047198,0.894017094,0.8986161986,2751,2751,2751,0,0
71,0.1,margin_static,315,14.50009081,score_margin,24100,45,774,660,0.8397932817,0.8318181818,0.8536868687,2686.275758,545.5,7128,0.02575757576,0.1787878788
71,0.1,margin_rolling,315,16.93886757,score_margin,1000,2,774,660,0.8927648579,0.8878787879,0.9062121212,3583.913636,3583.5,7128,0.009090909091,0.2363636364
71,0.1,rank_static,315,3602,rank,24100,45,774,660,0.9263565891,0.9181818182,0.9228787879,3602,3602,3602,0,0
71,0.1,rank_expanding,315,3693,rank,24100,45,774,660,0.9289405685,0.9212121212,0.9259090909,3693,3693,3693,0,0
71,0.1,rank_rolling,315,2486,rank,1000,2,774,660,0.8940568475,0.8803030303,0.8932070707,2486,2486,2486,0,0
71,0.1,margin_static,316,14.50009081,score_margin,24874,46,758,622,0.8614775726,0.8553054662,0.8823151125,2948.667203,911,7128,0.02733118971,0.231511254
71,0.1,margin_rolling,316,17.73952484,score_margin,1000,2,758,622,0.9182058047,0.9115755627,0.9319399786,4242.482315,6268,7128,0.01125401929,0.3038585209
71,0.1,rank_static,316,3602,rank,24874,46,758,622,0.9142480211,0.8954983923,0.8963022508,3602,3602,3602,0,0
71,0.1,rank_expanding,316,3654,rank,24874,46,758,622,0.9142480211,0.8954983923,0.8963022508,3654,3654,3654,0,0
71,0.1,rank_rolling,316,2710,rank,1000,2,758,622,0.8852242744,0.8601286174,0.8625401929,2710,2710,2710,0,0
71,0.1,margin_static,317,14.50009081,score_margin,25632,47,630,559,0.8238095238,0.8103756708,0.8370900417,2274.450805,342,7128,0.02325581395,0.1663685152
71,0.1,margin_rolling,317,16.91022468,score_margin,1000,2,630,559,0.8873015873,0.8819320215,0.9041741205,3165.314848,1467,7128,0.007155635063,0.228980322
71,0.1,rank_static,317,3602,rank,25632,47,630,559,0.8920634921,0.8819320215,0.8870304114,3602,3602,3602,0,0
71,0.1,rank_expanding,317,3646,rank,25632,47,630,559,0.8920634921,0.8819320215,0.8870304114,3646,3646,3646,0,0
71,0.1,rank_rolling,317,3010,rank,1000,2,630,559,0.8841269841,0.8729874776,0.8792784735,3010,3010,3010,0,0
71,0.1,margin_static,318,14.50009081,score_margin,26262,48,342,308,0.8362573099,0.8376623377,0.8566017316,2312.126623,229,7128,0.02272727273,0.1883116883
71,0.1,margin_rolling,318,17.77242565,score_margin,1000,2,342,308,0.9093567251,0.9155844156,0.9307359307,3322.149351,1164.5,7128,0.006493506494,0.2727272727
71,0.1,rank_static,318,3602,rank,26262,48,342,308,0.918128655,0.9090909091,0.9090909091,3602,3602,3602,0,0
71,0.1,rank_expanding,318,3648,rank,26262,48,342,308,0.918128655,0.9090909091,0.9090909091,3648,3648,3648,0,0
71,0.1,rank_rolling,318,3845,rank,1000,2,342,308,0.9239766082,0.9155844156,0.9155844156,3845,3845,3845,0,0
71,0.1,margin_static,319,14.50009081,score_margin,26604,49,324,290,0.8641975309,0.8482758621,0.8603448276,2386.965517,323,7128,0.03103448276,0.1896551724
71,0.1,margin_rolling,319,17.91275692,score_margin,1000,3,324,290,0.9351851852,0.9275862069,0.9327586207,3481.462069,2132,7128,0.006896551724,0.2689655172
71,0.1,rank_static,319,3602,rank,26604,49,324,290,0.9444444444,0.9379310345,0.9379310345,3602,3602,3602,0,0
71,0.1,rank_expanding,319,3645,rank,26604,49,324,290,0.9444444444,0.9379310345,0.9379310345,3645,3645,3645,0,0
71,0.1,rank_rolling,319,3667,rank,1000,3,324,290,0.9444444444,0.9379310345,0.9379310345,3667,3667,3667,0,0
71,0.1,margin_static,320,14.50009081,score_margin,26928,50,736,646,0.8355978261,0.8405572755,0.8569831441,3020.103715,549.5,7128,0.02786377709,0.2383900929
71,0.1,margin_rolling,320,17.22625637,score_margin,1000,3,736,646,0.8899456522,0.899380805,0.9101823185,3810.289474,5193,7128,0.00773993808,0.3405572755
71,0.1,rank_static,320,3602,rank,26928,50,736,646,0.9144021739,0.9040247678,0.9068627451,3602,3602,3602,0,0
71,0.1,rank_expanding,320,3622,rank,26928,50,736,646,0.9144021739,0.9040247678,0.9068627451,3622,3622,3622,0,0
71,0.1,rank_rolling,320,2694,rank,1000,3,736,646,0.8967391304,0.8854489164,0.8893188854,2694,2694,2694,0,0
71,0.1,margin_static,321,14.50009081,score_margin,27664,51,680,603,0.8367647059,0.8225538972,0.8407960199,2726.776119,526,7128,0.02985074627,0.1990049751
71,0.1,margin_rolling,321,17.28582765,score_margin,1000,2,680,603,0.8970588235,0.8888888889,0.9029850746,3737.759536,4417,7128,0.009950248756,0.2918739635
71,0.1,rank_static,321,3602,rank,27664,51,680,603,0.9132352941,0.9071310116,0.9104477612,3602,3602,3602,0,0
71,0.1,rank_expanding,321,3604,rank,27664,51,680,603,0.9132352941,0.9071310116,0.9104477612,3604,3604,3604,0,0
71,0.1,rank_rolling,321,2789,rank,1000,2,680,603,0.8808823529,0.8706467662,0.8781094527,2789,2789,2789,0,0
71,0.1,margin_static,322,14.50009081,score_margin,28344,52,668,595,0.8428143713,0.8386554622,0.8557422969,2945.2,557,7128,0.02857142857,0.2168067227
71,0.1,margin_rolling,322,17.85019678,score_margin,1000,2,668,595,0.9206586826,0.9243697479,0.9299719888,3966.541176,5888,7128,0.003361344538,0.3193277311
71,0.1,rank_static,322,3602,rank,28344,52,668,595,0.8862275449,0.8756302521,0.8773109244,3602,3602,3602,0,0
71,0.1,rank_expanding,322,3596,rank,28344,52,668,595,0.8862275449,0.8756302521,0.8773109244,3596,3596,3596,0,0
71,0.1,rank_rolling,322,3106,rank,1000,2,668,595,0.871257485,0.8588235294,0.8613445378,3106,3106,3106,0,0
71,0.1,margin_static,323,14.50009081,score_margin,29012,53,668,600,0.8248502994,0.8183333333,0.8388888889,2733.068333,555.5,7128,0.01833333333,0.195
71,0.1,margin_rolling,323,17.06242836,score_margin,1000,2,668,600,0.8862275449,0.885,0.9002777778,3658.285,4067,7128,0.006666666667,0.26
71,0.1,rank_static,323,3602,rank,29012,53,668,600,0.9161676647,0.9083333333,0.9116666667,3602,3602,3602,0,0
71,0.1,rank_expanding,323,3604,rank,29012,53,668,600,0.9161676647,0.9083333333,0.9116666667,3604,3604,3604,0,0
71,0.1,rank_rolling,323,3695,rank,1000,2,668,600,0.9161676647,0.9083333333,0.9116666667,3695,3695,3695,0,0
71,0.1,margin_static,324,14.50009081,score_margin,29680,54,796,650,0.824120603,0.82,0.8602307692,2767.718462,589.5,7128,0.02153846154,0.1938461538
71,0.1,margin_rolling,324,17.51927519,score_margin,1000,2,796,650,0.8831658291,0.8846153846,0.9113333333,3746.550769,4583.5,7128,0.007692307692,0.2984615385
71,0.1,rank_static,324,3602,rank,29680,54,796,650,0.9346733668,0.92,0.9253846154,3602,3602,3602,0,0
71,0.1,rank_expanding,324,3593,rank,29680,54,796,650,0.9346733668,0.92,0.9253846154,3593,3593,3593,0,0
71,0.1,rank_rolling,324,3279,rank,1000,2,796,650,0.925879397,0.9092307692,0.9161538462,3279,3279,3279,0,0
71,0.1,margin_static,325,14.50009081,score_margin,30476,55,398,360,0.7964824121,0.8,0.8166666667,2635.391667,289.5,7128,0.04722222222,0.2055555556
71,0.1,margin_rolling,325,18.10657406,score_margin,1000,2,398,360,0.891959799,0.8861111111,0.8967592593,3573.058333,1765,7128,0.01666666667,0.3222222222
71,0.1,rank_static,325,3602,rank,30476,55,398,360,0.8793969849,0.8666666667,0.8680555556,3602,3602,3602,0,0
71,0.1,rank_expanding,325,3559,rank,30476,55,398,360,0.8793969849,0.8666666667,0.8680555556,3559,3559,3559,0,0
71,0.1,rank_rolling,325,2222,rank,1000,2,398,360,0.824120603,0.8055555556,0.8125,2222,2222,2222,0,0
71,0.1,margin_static,326,14.50009081,score_margin,30874,56,422,348,0.8009478673,0.7902298851,0.8200431034,2138.396552,179.5,7128,0.02873563218,0.1264367816
71,0.1,margin_rolling,326,18.10657406,score_margin,1000,2,422,348,0.8957345972,0.8764367816,0.8955938697,3087.178161,922,7128,0.01149425287,0.2413793103
71,0.1,rank_static,326,3602,rank,30874,56,422,348,0.9383886256,0.9281609195,0.9295977011,3602,3602,3602,0,0
71,0.1,rank_expanding,326,3569,rank,30874,56,422,348,0.9360189573,0.9252873563,0.9267241379,3569,3569,3569,0,0
71,0.1,rank_rolling,326,3211,rank,1000,2,422,348,0.9312796209,0.9195402299,0.9209770115,3211,3211,3211,0,0
71,0.1,margin_static,327,14.50009081,score_margin,31296,57,738,621,0.8075880759,0.8180354267,0.842431562,2718.275362,433,7128,0.03220611916,0.2077294686
71,0.1,margin_rolling,327,18.98578453,score_margin,1000,3,738,621,0.9010840108,0.9033816425,0.9296564681,4022.755233,6242,7128,0.01127214171,0.3574879227
71,0.1,rank_static,327,3602,rank,31296,57,738,621,0.9105691057,0.8985507246,0.9051529791,3602,3602,3602,0,0
71,0.1,rank_expanding,327,3547,rank,31296,57,738,621,0.9105691057,0.8985507246,0.9051529791,3547,3547,3547,0,0
71,0.1,rank_rolling,327,3183,rank,1000,3,738,621,0.8997289973,0.8872785829,0.8935587762,3183,3183,3183,0,0
71,0.1,margin_static,328,14.50009081,score_margin,32034,58,600,526,0.8183333333,0.8326996198,0.8528245519,2749.224335,478.5,7128,0.03231939163,0.1882129278
71,0.1,margin_rolling,328,18.68827438,score_margin,1000,2,600,526,0.915,0.9163498099,0.9284356328,4082.98289,6215.5,7128,0.007604562738,0.3269961977
71,0.1,rank_static,328,3602,rank,32034,58,600,526,0.9316666667,0.9258555133,0.927756654,3602,3602,3602,0,0
71,0.1,rank_expanding,328,3538,rank,32034,58,600,526,0.93,0.9239543726,0.9258555133,3538,3538,3538,0,0
71,0.1,rank_rolling,328,2608,rank,1000,2,600,526,0.9083333333,0.9011406844,0.9039923954,2608,2608,2608,0,0
71,0.1,margin_static,329,14.50009081,score_margin,32634,59,684,599,0.8070175439,0.8180300501,0.835670562,2738.781302,363,7128,0.03171953255,0.2170283806
71,0.1,margin_rolling,329,18.5428772,score_margin,1000,2,684,599,0.9122807018,0.9165275459,0.9291597106,3928.781302,5340,7128,0.01001669449,0.3305509182
71,0.1,rank_static,329,3602,rank,32634,59,684,599,0.8874269006,0.8747913189,0.8848080134,3602,3602,3602,0,0
71,0.1,rank_expanding,329,3520,rank,32634,59,684,599,0.8771929825,0.8631051753,0.8739565943,3520,3520,3520,0,0
71,0.1,rank_rolling,329,2551,rank,1000,2,684,599,0.8611111111,0.8447412354,0.8585976628,2551,2551,2551,0,0
71,0.1,margin_static,330,14.50009081,score_margin,33318,60,640,580,0.83125,0.8310344828,0.845545977,2620.92069,453.5,7128,0.03793103448,0.1879310345
71,0.1,margin_rolling,330,17.84292507,score_margin,1000,2,640,580,0.9171875,0.9189655172,0.9300287356,3758.291379,4800.5,7128,0.008620689655,0.2879310345
71,0.1,rank_static,330,3602,rank,33318,60,640,580,0.9015625,0.8913793103,0.8931034483,3602,3602,3602,0,0
71,0.1,rank_expanding,330,3536,rank,33318,60,640,580,0.9,0.8896551724,0.8913793103,3536,3536,3536,0,0
71,0.1,rank_rolling,330,3585,rank,1000,2,640,580,0.9,0.8896551724,0.8913793103,3585,3585,3585,0,0
71,0.1,margin_static,331,14.50009081,score_margin,33958,61,506,474,0.8636363636,0.864978903,0.871835443,2700.767932,340.5,7128,0.03164556962,0.1772151899
71,0.1,margin_rolling,331,17.26258707,score_margin,1000,2,506,474,0.9011857708,0.9029535865,0.9071729958,3578.06962,3800,7128,0.01054852321,0.2552742616
71,0.1,rank_static,331,3602,rank,33958,61,506,474,0.9130434783,0.9071729958,0.9092827004,3602,3602,3602,0,0
71,0.1,rank_expanding,331,3536,rank,33958,61,506,474,0.9130434783,0.9071729958,0.9092827004,3536,3536,3536,0,0
71,0.1,rank_rolling,331,3759,rank,1000,2,506,474,0.9169960474,0.9113924051,0.9135021097,3759,3759,3759,0,0
71,0.1,margin_static,332,14.50009081,score_margin,34464,62,318,300,0.8238993711,0.82,0.8294444444,2588.513333,224,7128,0.04,0.21
71,0.1,margin_rolling,332,17.14892292,score_margin,1000,2,318,300,0.8742138365,0.8733333333,0.8811111111,3239.633333,792,7128,0.01666666667,0.2866666667
71,0.1,rank_static,332,3602,rank,34464,62,318,300,0.9245283019,0.92,0.92,3602,3602,3602,0,0
71,0.1,rank_expanding,332,3530,rank,34464,62,318,300,0.9245283019,0.92,0.92,3530,3530,3530,0,0
71,0.1,rank_rolling,332,3383,rank,1000,2,318,300,0.9245283019,0.92,0.92,3383,3383,3383,0,0
71,0.1,margin_static,333,14.50009081,score_margin,34782,63,342,312,0.8157894737,0.8108974359,0.8306623932,2607.733974,262.5,7128,0.02884615385,0.1826923077
71,0.1,margin_rolling,333,17.43923187,score_margin,1000,3,342,312,0.8801169591,0.8782051282,0.8931623932,3316.929487,1473,7128,0.01282051282,0.2852564103
71,0.1,rank_static,333,3602,rank,34782,63,342,312,0.9210526316,0.9134615385,0.9150641026,3602,3602,3602,0,0
71,0.1,rank_expanding,333,3521,rank,34782,63,342,312,0.9210526316,0.9134615385,0.9150641026,3521,3521,3521,0,0
71,0.1,rank_rolling,333,3079,rank,1000,3,342,312,0.9064327485,0.8974358974,0.8990384615,3079,3079,3079,0,0
71,0.1,margin_static,334,14.50009081,score_margin,35124,64,700,633,0.8528571429,0.8530805687,0.8659031069,2523.478673,327,7128,0.03317535545,0.1753554502
71,0.1,margin_rolling,334,17.97406483,score_margin,1000,3,700,633,0.9142857143,0.9178515008,0.9269615587,3689.018957,4251,7128,0.01263823065,0.2654028436
71,0.1,rank_static,334,3602,rank,35124,64,700,633,0.9071428571,0.9036334913,0.9054765666,3602,3602,3602,0,0
71,0.1,rank_expanding,334,3515,rank,35124,64,700,633,0.9057142857,0.9020537125,0.9038967878,3515,3515,3515,0,0
71,0.1,rank_rolling,334,2990,rank,1000,3,700,633,0.8914285714,0.8862559242,0.8891521854,2990,2990,2990,0,0
71,0.1,margin_static,335,14.50009081,score_margin,35824,65,656,587,0.8231707317,0.8160136286,0.8319704713,2466.253833,266,7128,0.02385008518,0.202725724
71,0.1,margin_rolling,335,17.67304325,score_margin,1000,2,656,587,0.8963414634,0.8960817717,0.9098239637,3443.235094,1678,7128,0.01192504259,0.2896081772
71,0.1,rank_static,335,3602,rank,35824,65,656,587,0.8841463415,0.8722316865,0.8807495741,3602,3602,3602,0,0
71,0.1,rank_expanding,335,3509,rank,35824,65,656,587,0.8795731707,0.867120954,0.8756388416,3509,3509,3509,0,0
71,0.1,rank_rolling,335,3241,rank,1000,2,656,587,0.8719512195,0.8586030664,0.8691084611,3241,3241,3241,0,0
71,0.1,margin_static,336,14.50009081,score_margin,36480,66,632,551,0.7863924051,0.7876588022,0.8103145796,2529.177858,332,7128,0.02359346642,0.2014519056
71,0.1,margin_rolling,336,18.17873764,score_margin,1000,2,632,551,0.8892405063,0.891107078,0.9031457955,3723.103448,4414,7128,0.0108892922,0.3012704174
71,0.1,rank_static,336,3602,rank,36480,66,632,551,0.8908227848,0.8747731397,0.8784029038,3602,3602,3602,0,0
71,0.1,rank_expanding,336,3525,rank,36480,66,632,551,0.8876582278,0.8711433757,0.8756805808,3525,3525,3525,0,0
71,0.1,rank_rolling,336,3729,rank,1000,2,632,551,0.8955696203,0.8802177858,0.8838475499,3729,3729,3729,0,0
71,0.1,margin_static,337,14.50009081,score_margin,37112,67,552,492,0.8043478261,0.8170731707,0.8329268293,2485.030488,285,7128,0.01829268293,0.168699187
71,0.1,margin_rolling,337,18.85975261,score_margin,1000,2,552,492,0.8985507246,0.9044715447,0.9176151762,3773.428862,4420.5,7128,0.00406504065,0.2865853659
71,0.1,rank_static,337,3602,rank,37112,67,552,492,0.8786231884,0.8658536585,0.8729674797,3602,3602,3602,0,0
71,0.1,rank_expanding,337,3530,rank,37112,67,552,492,0.8768115942,0.8638211382,0.8709349593,3530,3530,3530,0,0
71,0.1,rank_rolling,337,3757,rank,1000,2,552,492,0.8894927536,0.8780487805,0.8851626016,3757,3757,3757,0,0
71,0.1,margin_static,338,14.50009081,score_margin,37664,68,496,457,0.8024193548,0.8161925602,0.8216630197,2531.043764,335,7128,0.03938730853,0.1903719912
71,0.1,margin_rolling,338,19.22324133,score_margin,1000,2,496,457,0.8830645161,0.8993435449,0.9048869438,3992.947484,6010,7128,0.00875273523,0.3085339168
71,0.1,rank_static,338,3602,rank,37664,68,496,457,0.8790322581,0.8708971554,0.8738147338,3602,3602,3602,0,0
71,0.1,rank_expanding,338,3541,rank,37664,68,496,457,0.8709677419,0.8621444201,0.8650619985,3541,3541,3541,0,0
71,0.1,rank_rolling,338,3926,rank,1000,2,496,457,0.8931451613,0.886214442,0.8891320204,3926,3926,3926,0,0
71,0.1,margin_static,339,14.50009081,score_margin,38160,69,328,297,0.7896341463,0.7946127946,0.8145342312,1945.521886,176,7128,0.05723905724,0.1144781145
71,0.1,margin_rolling,339,19.26263571,score_margin,1000,2,328,297,0.8902439024,0.8855218855,0.9009539843,3538.919192,3591,7128,0.0202020202,0.2356902357
71,0.1,rank_static,339,3602,rank,38160,69,328,297,0.8780487805,0.8754208754,0.8843995511,3602,3602,3602,0,0
71,0.1,rank_expanding,339,3555,rank,38160,69,328,297,0.8780487805,0.8754208754,0.8843995511,3555,3555,3555,0,0
71,0.1,rank_rolling,339,4285,rank,1000,2,328,297,0.8841463415,0.8821548822,0.8911335578,4285,4285,4285,0,0
71,0.1,margin_static,340,14.50009081,score_margin,38488,70,328,303,0.7896341463,0.8085808581,0.8234323432,2521.343234,230,7128,0.03300330033,0.1617161716
71,0.1,margin_rolling,340,19.89052963,score_margin,1000,3,328,303,0.9237804878,0.9240924092,0.9378437844,3965.452145,5651,7128,0.009900990099,0.3399339934
71,0.1,rank_static,340,3602,rank,38488,70,328,303,0.9207317073,0.9141914191,0.9141914191,3602,3602,3602,0,0
71,0.1,rank_expanding,340,3561,rank,38488,70,328,303,0.9176829268,0.9108910891,0.9108910891,3561,3561,3561,0,0
71,0.1,rank_rolling,340,4568,rank,1000,3,328,303,0.9329268293,0.9273927393,0.9273927393,4568,4568,4568,0,0
71,0.1,margin_static,341,14.50009081,score_margin,38816,71,576,519,0.8246527778,0.8342967245,0.8478484265,2487.568401,296,7128,0.03853564547,0.1714836224
71,0.1,margin_rolling,341,19.53958702,score_margin,1000,3,576,519,0.9184027778,0.9248554913,0.9348747592,3985.210019,5716,7128,0.009633911368,0.3044315992
71,0.1,rank_static,341,3602,rank,38816,71,576,519,0.921875,0.9132947977,0.9177263969,3602,3602,3602,0,0
71,0.1,rank_expanding,341,3557,rank,38816,71,576,519,0.9201388889,0.9113680154,0.9157996146,3557,3557,3557,0,0
71,0.1,rank_rolling,341,4345,rank,1000,3,576,519,0.9375,0.9306358382,0.9341040462,4345,4345,4345,0,0
71,0.1,margin_static,342,14.50009081,score_margin,39392,72,636,565,0.784591195,0.7911504425,0.809439528,2643.665487,289,7128,0.04247787611,0.210619469
71,0.1,margin_rolling,342,18.55060196,score_margin,1000,3,636,565,0.8805031447,0.8743362832,0.8920353982,3703.074336,4402,7128,0.01946902655,0.3185840708
71,0.1,rank_static,342,3602,rank,39392,72,636,565,0.9088050314,0.8973451327,0.9008849558,3602,3602,3602,0,0
71,0.1,rank_expanding,342,3543,rank,39392,72,636,565,0.9088050314,0.8973451327,0.9008849558,3543,3543,3543,0,0
71,0.1,rank_rolling,342,3185,rank,1000,3,636,565,0.8899371069,0.8761061947,0.8817109145,3185,3185,3185,0,0
71,0.1,margin_static,343,14.50009081,score_margin,40028,73,642,567,0.7803738318,0.7742504409,0.7922398589,2787.911817,512,7128,0.03350970018,0.2116402116
71,0.1,margin_rolling,343,19.51822521,score_margin,1000,2,642,567,0.8971962617,0.8959435626,0.9095238095,4393.62963,6774,7128,0.007054673721,0.3509700176
71,0.1,rank_static,343,3602,rank,40028,73,642,567,0.8909657321,0.8765432099,0.8883891828,3602,3602,3602,0,0
71,0.1,rank_expanding,343,3540,rank,40028,73,642,567,0.8909657321,0.8765432099,0.8883891828,3540,3540,3540,0,0
71,0.1,rank_rolling,343,3350,rank,1000,2,642,567,0.8831775701,0.8677248677,0.8795708407,3350,3350,3350,0,0
71,0.1,margin_static,344,14.50009081,score_margin,40670,74,650,582,0.7723076923,0.7680412371,0.7850801833,2617.902062,222.5,7128,0.03608247423,0.1993127148
71,0.1,margin_rolling,344,19.87989593,score_margin,1000,2,650,582,0.8723076923,0.8694158076,0.8821592211,3969.506873,5957.5,7128,0.01374570447,0.3453608247
71,0.1,rank_static,344,3602,rank,40670,74,650,582,0.9123076923,0.9020618557,0.9054982818,3602,3602,3602,0,0
71,0.1,rank_expanding,344,3543,rank,40670,74,650,582,0.9076923077,0.8969072165,0.9003436426,3543,3543,3543,0,0
71,0.1,rank_rolling,344,3689,rank,1000,2,650,582,0.9138461538,0.9037800687,0.9072164948,3689,3689,3689,0,0
71,0.1,margin_static,345,14.50009081,score_margin,41320,75,586,501,0.8259385666,0.8043912176,0.8300066534,2751.712575,293,7128,0.0499001996,0.2175648703
71,0.1,margin_rolling,345,20.8233099,score_margin,1000,2,586,501,0.9266211604,0.9181636727,0.9281437126,4251.976048,6906,7128,0.007984031936,0.4071856287
71,0.1,rank_static,345,3602,rank,41320,75,586,501,0.909556314,0.8942115768,0.9001996008,3602,3602,3602,0,0
71,0.1,rank_expanding,345,3540,rank,41320,75,586,501,0.9078498294,0.8922155689,0.8982035928,3540,3540,3540,0,0
71,0.1,rank_rolling,345,3470,rank,1000,2,586,501,0.9061433447,0.8902195609,0.8962075848,3470,3470,3470,0,0
71,0.1,margin_static,346,14.50009081,score_margin,41906,76,224,197,0.7633928571,0.7563451777,0.7800338409,1900.796954,113,7128,0.04568527919,0.1472081218
71,0.1,margin_rolling,346,19.90756035,score_margin,1000,2,224,197,0.8928571429,0.8984771574,0.9111675127,3075.467005,1222,7128,0.01015228426,0.2385786802
71,0.1,rank_static,346,3602,rank,41906,76,224,197,0.9732142857,0.9695431472,0.9695431472,3602,3602,3602,0,0
71,0.1,rank_expanding,346,3536,rank,41906,76,224,197,0.9732142857,0.9695431472,0.9695431472,3536,3536,3536,0,0
71,0.1,rank_rolling,346,3282,rank,1000,2,224,197,0.96875,0.9644670051,0.9644670051,3282,3282,3282,0,0
71,0.1,margin_static,347,14.50009081,score_margin,42130,77,306,277,0.8104575163,0.8122743682,0.8225030084,2014.303249,107,7128,0.04693140794,0.1624548736
71,0.1,margin_rolling,347,19.16760254,score_margin,1000,3,306,277,0.9117647059,0.9205776173,0.9235860409,2996.537906,734,7128,0.01083032491,0.2671480144
71,0.1,rank_static,347,3602,rank,42130,77,306,277,0.931372549,0.9241877256,0.9265944645,3602,3602,3602,0,0
71,0.1,rank_expanding,347,3526,rank,42130,77,306,277,0.9248366013,0.916967509,0.9193742479,3526,3526,3526,0,0
71,0.1,rank_rolling,347,2835,rank,1000,3,306,277,0.9183006536,0.9097472924,0.9121540313,2835,2835,2835,0,0
71,0.1,margin_static,348,14.50009081,score_margin,42436,78,714,610,0.7969187675,0.7901639344,0.8079234973,2311.868852,171,7128,0.05409836066,0.1754098361
71,0.1,margin_rolling,348,18.93990993,score_margin,1000,3,714,610,0.8893557423,0.8885245902,0.9036885246,3450.308197,1848,7128,0.0131147541,0.2770491803
71,0.1,rank_static,348,3602,rank,42436,78,714,610,0.9173669468,0.9032786885,0.9040983607,3602,3602,3602,0,0
71,0.1,rank_expanding,348,3518,rank,42436,78,714,610,0.9103641457,0.8950819672,0.8967213115,3518,3518,3518,0,0
71,0.1,rank_rolling,348,2736,rank,1000,3,714,610,0.893557423,0.8754098361,0.8770491803,2736,2736,2736,0,0
71,0.1,margin_static,349,14.50009081,score_margin,43150,79,600,545,0.7533333333,0.7596330275,0.774617737,2314.67156,170,7128,0.02568807339,0.1798165138
71,0.1,margin_rolling,349,19.32475948,score_margin,1000,2,600,545,0.86,0.8568807339,0.8706422018,3467.748624,2129,7128,0,0.2899082569
71,0.1,rank_static,349,3602,rank,43150,79,600,545,0.8966666667,0.8862385321,0.8917431193,3602,3602,3602,0,0
71,0.1,rank_expanding,349,3509,rank,43150,79,600,545,0.895,0.8844036697,0.8908256881,3509,3509,3509,0,0
71,0.1,rank_rolling,349,2827,rank,1000,2,600,545,0.875,0.8623853211,0.8697247706,2827,2827,2827,0,0
71,0.1,margin_static,350,14.50009081,score_margin,43750,80,656,560,0.7484756098,0.75,0.7752678571,2045.394643,123,7128,0.06785714286,0.1392857143
71,0.1,margin_rolling,350,21.89381313,score_margin,1000,2,656,560,0.8993902439,0.8910714286,0.9158928571,3803.746429,4570,7128,0.005357142857,0.3196428571
71,0.1,rank_static,350,3602,rank,43750,80,656,560,0.9070121951,0.8964285714,0.9005952381,3602,3602,3602,0,0
71,0.1,rank_expanding,350,3514,rank,43750,80,656,560,0.9024390244,0.8910714286,0.8976190476,3514,3514,3514,0,0
71,0.1,rank_rolling,350,3550,rank,1000,2,656,560,0.9024390244,0.8910714286,0.8976190476,3550,3550,3550,0,0
71,0.1,margin_static,351,14.50009081,score_margin,44406,81,522,476,0.7567049808,0.7647058824,0.7836134454,2026.638655,113.5,7128,0.05672268908,0.1722689076
71,0.1,margin_rolling,351,21.95542526,score_margin,1000,2,522,476,0.9042145594,0.9012605042,0.9184173669,3767.090336,4788,7128,0.008403361345,0.3256302521
71,0.1,rank_static,351,3602,rank,44406,81,522,476,0.867816092,0.8550420168,0.8588935574,3602,3602,3602,0,0
71,0.1,rank_expanding,351,3514,rank,44406,81,522,476,0.8639846743,0.8508403361,0.8546918768,3514,3514,3514,0,0
71,0.1,rank_rolling,351,3824,rank,1000,2,522,476,0.8735632184,0.8613445378,0.8651960784,3824,3824,3824,0,0
71,0.1,margin_static,352,14.50009081,score_margin,44928,82,462,415,0.7186147186,0.7277108434,0.7472891566,2052.106024,165,7128,0.06987951807,0.156626506
71,0.1,margin_rolling,352,21.69766331,score_margin,1000,2,462,415,0.9090909091,0.9156626506,0.9321285141,3938.06988,5682,7128,0.009638554217,0.2915662651
71,0.1,rank_static,352,3602,rank,44928,82,462,415,0.9025974026,0.8963855422,0.9016064257,3602,3602,3602,0,0
71,0.1,rank_expanding,352,3529,rank,44928,82,462,415,0.8982683983,0.8915662651,0.8979919679,3529,3529,3529,0,0
71,0.1,rank_rolling,352,4136,rank,1000,2,462,415,0.9155844156,0.9108433735,0.9148594378,4136,4136,4136,0,0
71,0.1,margin_static,353,14.50009081,score_margin,45390,83,242,226,0.7066115702,0.7123893805,0.7234513274,1832.946903,118,7128,0.08407079646,0.1238938053
71,0.1,margin_rolling,353,21.59512711,score_margin,1000,3,242,226,0.8801652893,0.8849557522,0.8982300885,3686.535398,4552,7128,0.01327433628,0.2831858407
71,0.1,rank_static,353,3602,rank,45390,83,242,226,0.8719008264,0.8628318584,0.8716814159,3602,3602,3602,0,0
71,0.1,rank_expanding,353,3529,rank,45390,83,242,226,0.8719008264,0.8628318584,0.8716814159,3529,3529,3529,0,0
71,0.1,rank_rolling,353,4067,rank,1000,3,242,226,0.8884297521,0.8805309735,0.8871681416,4067,4067,4067,0,0
71,0.1,margin_static,354,14.50009081,score_margin,45632,84,238,227,0.718487395,0.7224669604,0.7283406755,2187.281938,168,7128,0.04845814978,0.1629955947
71,0.1,margin_rolling,354,21.69766331,score_margin,1000,3,238,227,0.8781512605,0.8766519824,0.8847283407,3979.444934,5204,7128,0,0.3171806167
71,0.1,rank_static,354,3602,rank,45632,84,238,227,0.8823529412,0.8766519824,0.8810572687,3602,3602,3602,0,0
71,0.1,rank_expanding,354,3532,rank,45632,84,238,227,0.8781512605,0.872246696,0.8766519824,3532,3532,3532,0,0
71,0.1,rank_rolling,354,3940,rank,1000,3,238,227,0.8949579832,0.8898678414,0.8898678414,3940,3940,3940,0,0
71,0.1,margin_static,355,14.50009081,score_margin,45870,85,578,506,0.7076124567,0.7233201581,0.745953322,2375.820158,161,7128,0.06916996047,0.1758893281
71,0.1,margin_rolling,355,23.20956564,score_margin,1000,4,578,506,0.8961937716,0.9110671937,0.9269951063,4573.073123,7029,7128,0.005928853755,0.4031620553
71,0.1,rank_static,355,3602,rank,45870,85,578,506,0.8494809689,0.8418972332,0.8524609449,3602,3602,3602,0,0
71,0.1,rank_expanding,355,3536,rank,45870,85,578,506,0.8442906574,0.8359683794,0.8491671372,3536,3536,3536,0,0
71,0.1,rank_rolling,355,3827,rank,1000,4,578,506,0.8615916955,0.8557312253,0.8662949369,3827,3827,3827,0,0
71,0.1,margin_static,356,14.50009081,score_margin,46448,86,548,483,0.7408759124,0.734989648,0.7567287785,2272.024845,129,7128,0.05383022774,0.1677018634
71,0.1,margin_rolling,356,23.40524292,score_margin,1000,3,548,483,0.9124087591,0.9109730849,0.9189095928,4287.488613,6915,7128,0.002070393375,0.3788819876
71,0.1,rank_static,356,3602,rank,46448,86,548,483,0.8795620438,0.8757763975,0.88647343,3602,3602,3602,0,0
71,0.1,rank_expanding,356,3561,rank,46448,86,548,483,0.8759124088,0.8716356108,0.8823326432,3561,3561,3561,0,0
71,0.1,rank_rolling,356,4791,rank,1000,3,548,483,0.9160583942,0.9089026915,0.9151138716,4791,4791,4791,0,0
71,0.1,margin_static,357,14.50009081,score_margin,46996,87,406,363,0.7389162562,0.7493112948,0.7626262626,1546.975207,96,7127,0.06611570248,0.09917355372
71,0.1,margin_rolling,357,22.77493107,score_margin,1000,2,406,363,0.9088669951,0.9063360882,0.9217171717,3808.5427,5084,7128,0.01101928375,0.2699724518
71,0.1,rank_static,357,3602,rank,46996,87,406,363,0.9137931034,0.91184573,0.9182736455,3602,3602,3602,0,0
71,0.1,rank_expanding,357,3571,rank,46996,87,406,363,0.9113300493,0.9090909091,0.9173553719,3571,3571,3571,0,0
71,0.1,rank_rolling,357,4714,rank,1000,2,406,363,0.9310344828,0.9311294766,0.9325068871,4714,4714,4714,0,0
71,0.1,margin_static,358,14.50009081,score_margin,47402,88,300,276,0.7566666667,0.768115942,0.7783816425,1611.942029,77.5,7128,0.0615942029,0.1413043478
71,0.1,margin_rolling,358,22.04776382,score_margin,1000,3,300,276,0.9,0.8913043478,0.9064009662,3376.818841,1537,7128,0.01086956522,0.2536231884
71,0.1,rank_static,358,3602,rank,47402,88,300,276,0.91,0.902173913,0.9039855072,3602,3602,3602,0,0
71,0.1,rank_expanding,358,3570,rank,47402,88,300,276,0.9066666667,0.8985507246,0.9003623188,3570,3570,3570,0,0
71,0.1,rank_rolling,358,4027,rank,1000,3,300,276,0.93,0.9239130435,0.9239130435,4027,4027,4027,0,0
71,0.1,margin_static,359,14.50009081,score_margin,47702,89,330,312,0.8242424242,0.8269230769,0.8338675214,2566.064103,276,7128,0.04487179487,0.2115384615
71,0.1,margin_rolling,359,22.26343918,score_margin,1000,3,330,312,0.9575757576,0.9551282051,0.9599358974,4550.557692,7099,7128,0.00641025641,0.4358974359
71,0.1,rank_static,359,3602,rank,47702,89,330,312,0.9181818182,0.9134615385,0.9134615385,3602,3602,3602,0,0
71,0.1,rank_expanding,359,3569,rank,47702,89,330,312,0.9181818182,0.9134615385,0.9134615385,3569,3569,3569,0,0
71,0.1,rank_rolling,359,3620,rank,1000,3,330,312,0.9181818182,0.9134615385,0.9134615385,3620,3620,3620,0,0
71,0.1,margin_static,360,14.50009081,score_margin,48032,90,228,214,0.7543859649,0.7570093458,0.7710280374,1808.336449,76,7128,0.07009345794,0.1121495327
71,0.1,margin_rolling,360,20.54540086,score_margin,1000,3,228,214,0.8903508772,0.8925233645,0.9042056075,3148.61215,850,7128,0.009345794393,0.2570093458
71,0.1,rank_static,360,3602,rank,48032,90,228,214,0.9429824561,0.9392523364,0.9392523364,3602,3602,3602,0,0
71,0.1,rank_expanding,360,3562,rank,48032,90,228,214,0.9385964912,0.9345794393,0.9345794393,3562,3562,3562,0,0
71,0.1,rank_rolling,360,3294,rank,1000,3,228,214,0.9342105263,0.9299065421,0.9299065421,3294,3294,3294,0,0
71,0.1,margin_static,361,14.50009081,score_margin,48260,91,246,226,0.7682926829,0.7699115044,0.7912979351,1774.730088,56.5,7128,0.1061946903,0.1238938053
71,0.1,margin_rolling,361,21.0973568,score_margin,1000,4,246,226,0.8861788618,0.8849557522,0.8871681416,3050.380531,826,7128,0.04424778761,0.2477876106
71,0.1,rank_static,361,3602,rank,48260,91,246,226,0.9349593496,0.9292035398,0.9314159292,3602,3602,3602,0,0
71,0.1,rank_expanding,361,3556,rank,48260,91,246,226,0.9349593496,0.9292035398,0.9314159292,3556,3556,3556,0,0
71,0.1,rank_rolling,361,2908,rank,1000,4,246,226,0.9268292683,0.9203539823,0.9225663717,2908,2908,2908,0,0
71,0.1,margin_static,362,14.50009081,score_margin,48506,92,620,530,0.7580645161,0.7905660377,0.8160781671,1747.635849,86.5,7128,0.06981132075,0.1358490566
71,0.1,margin_rolling,362,20.55187747,score_margin,1000,4,620,530,0.8661290323,0.8867924528,0.908529676,3144.74717,1192,7128,0.01132075472,0.241509434
71,0.1,rank_static,362,3602,rank,48506,92,620,530,0.9403225806,0.9320754717,0.9330188679,3602,3602,3602,0,0
71,0.1,rank_expanding,362,3548,rank,48506,92,620,530,0.9403225806,0.9320754717,0.9330188679,3548,3548,3548,0,0
71,0.1,rank_rolling,362,2379,rank,1000,4,620,530,0.8935483871,0.8773584906,0.8839622642,2379,2379,2379,0,0
71,0.1,margin_static,363,14.50009081,score_margin,49126,93,386,353,0.7953367876,0.8016997167,0.8168083097,1897.226629,69,7128,0.1019830028,0.1473087819
71,0.1,margin_rolling,363,22.51987195,score_margin,1000,3,386,353,0.914507772,0.9178470255,0.929414542,3488.014164,1847,7128,0.01699716714,0.3031161473
71,0.1,rank_static,363,3602,rank,49126,93,386,353,0.9093264249,0.9036827195,0.9069877243,3602,3602,3602,0,0
71,0.1,rank_expanding,363,3530,rank,49126,93,386,353,0.9093264249,0.9036827195,0.9069877243,3530,3530,3530,0,0
71,0.1,rank_rolling,363,2350,rank,1000,3,386,353,0.878238342,0.8725212465,0.8748819641,2350,2350,2350,0,0
71,0.1,margin_static,364,14.50009081,score_margin,49512,94,354,329,0.7711864407,0.7720364742,0.7862208713,1662.978723,67,7128,0.103343465,0.1398176292
71,0.1,margin_rolling,364,22.08966446,score_margin,1000,2,354,329,0.9011299435,0.8996960486,0.9072948328,3369.668693,1598,7128,0.01823708207,0.2583586626
71,0.1,rank_static,364,3602,rank,49512,94,354,329,0.9124293785,0.905775076,0.9072948328,3602,3602,3602,0,0
71,0.1,rank_expanding,364,3529,rank,49512,94,354,329,0.9124293785,0.905775076,0.9072948328,3529,3529,3529,0,0
71,0.1,rank_rolling,364,2811,rank,1000,2,354,329,0.9011299435,0.8936170213,0.896656535,2811,2811,2811,0,0
71,0.2,margin_static,292,14.30264544,score_margin,11270,22,730,658,0.8698630137,0.8784194529,0.893414387,3580.550152,2992.5,7128,0.01519756839,0.2887537994
71,0.2,margin_rolling,292,15.33113217,score_margin,1000,3,730,658,0.8876712329,0.896656535,0.9093718338,3953.776596,5923,7128,0.006079027356,0.3252279635
71,0.2,rank_static,292,3844,rank,11270,22,730,658,0.902739726,0.8981762918,0.9027355623,3844,3844,3844,0,0
71,0.2,rank_expanding,292,3844,rank,11270,22,730,658,0.902739726,0.8981762918,0.9027355623,3844,3844,3844,0,0
71,0.2,rank_rolling,292,3056,rank,1000,3,730,658,0.8821917808,0.8753799392,0.8837386018,3056,3056,3056,0,0
71,0.2,margin_static,293,14.30264544,score_margin,12000,23,658,581,0.8951367781,0.9018932874,0.9165232358,3831.488812,5372,7128,0.01204819277,0.2960413081
71,0.2,margin_rolling,293,15.46912676,score_margin,1000,2,658,581,0.9255319149,0.9277108434,0.9409064831,4258.251291,6656,7128,0.01032702238,0.3493975904
71,0.2,rank_static,293,3844,rank,12000,23,658,581,0.8753799392,0.8674698795,0.8780837636,3844,3844,3844,0,0
71,0.2,rank_expanding,293,3837,rank,12000,23,658,581,0.8753799392,0.8674698795,0.8780837636,3837,3837,3837,0,0
71,0.2,rank_rolling,293,3373,rank,1000,2,658,581,0.8510638298,0.8399311532,0.8514056225,3373,3373,3373,0,0
71,0.2,margin_static,294,14.30264544,score_margin,12658,24,618,538,0.8511326861,0.8420074349,0.8683705081,3601.217472,3882.5,7128,0.02230483271,0.2899628253
71,0.2,margin_rolling,294,15.45127869,score_margin,1000,2,618,538,0.8802588997,0.8717472119,0.8935254027,3982.085502,6364,7128,0.01301115242,0.3513011152
71,0.2,rank_static,294,3844,rank,12658,24,618,538,0.8932038835,0.8791821561,0.8801115242,3844,3844,3844,0,0
71,0.2,rank_expanding,294,3889,rank,12658,24,618,538,0.8932038835,0.8791821561,0.8801115242,3889,3889,3889,0,0
71,0.2,rank_rolling,294,4135,rank,1000,2,618,538,0.8932038835,0.8791821561,0.8801115242,4135,4135,4135,0,0
71,0.2,margin_static,295,14.30264544,score_margin,13276,25,666,578,0.8588588589,0.8615916955,0.885005767,3619.975779,3663.5,7128,0.01038062284,0.2820069204
71,0.2,margin_rolling,295,15.65320969,score_margin,1000,2,666,578,0.9144144144,0.9117647059,0.9349480969,4214,6131.5,7128,0.006920415225,0.330449827
71,0.2,rank_static,295,3844,rank,13276,25,666,578,0.9084084084,0.8979238754,0.9025374856,3844,3844,3844,0,0
71,0.2,rank_expanding,295,3900,rank,13276,25,666,578,0.9099099099,0.8979238754,0.9031141869,3900,3900,3900,0,0
71,0.2,rank_rolling,295,4734,rank,1000,2,666,578,0.9159159159,0.9031141869,0.9088811995,4734,4734,4734,0,0
71,0.2,margin_static,296,14.30264544,score_margin,13942,26,516,466,0.8546511628,0.8497854077,0.8678826896,3498.150215,1998.5,7128,0.01931330472,0.2811158798
71,0.2,margin_rolling,296,15.62293172,score_margin,1000,2,516,466,0.8895348837,0.8819742489,0.899713877,3980.390558,5738,7128,0.008583690987,0.3326180258
71,0.2,rank_static,296,3844,rank,13942,26,516,466,0.9186046512,0.9098712446,0.9098712446,3844,3844,3844,0,0
71,0.2,rank_expanding,296,3872,rank,13942,26,516,466,0.9186046512,0.9098712446,0.9098712446,3872,3872,3872,0,0
71,0.2,rank_rolling,296,3591,rank,1000,2,516,466,0.9050387597,0.8948497854,0.8959227468,3591,3591,3591,0,0
71,0.2,margin_static,297,14.30264544,score_margin,14458,27,292,254,0.8424657534,0.8503937008,0.8660104987,2941.507874,710,7128,0.01968503937,0.2401574803
71,0.2,margin_rolling,297,15.6760121,score_margin,1000,2,292,254,0.8664383562,0.874015748,0.8909448819,3415.30315,1776,7128,0.007874015748,0.2874015748
71,0.2,rank_static,297,3844,rank,14458,27,292,254,0.9109589041,0.9015748031,0.9041994751,3844,3844,3844,0,0
71,0.2,rank_expanding,297,3852,rank,14458,27,292,254,0.9109589041,0.9015748031,0.9041994751,3852,3852,3852,0,0
71,0.2,rank_rolling,297,3524,rank,1000,2,292,254,0.9006849315,0.8897637795,0.8923884514,3524,3524,3524,0,0
71,0.2,margin_static,298,14.30264544,score_margin,14750,28,252,224,0.880952381,0.8794642857,0.9010416667,3058.607143,927.5,7128,0.01785714286,0.2946428571
71,0.2,margin_rolling,298,16.73724747,score_margin,1000,3,252,224,0.9246031746,0.9285714286,0.9389880952,4087.950893,6123.5,7128,0,0.3348214286
71,0.2,rank_static,298,3844,rank,14750,28,252,224,0.869047619,0.8526785714,0.8601190476,3844,3844,3844,0,0
71,0.2,rank_expanding,298,3844,rank,14750,28,252,224,0.869047619,0.8526785714,0.8601190476,3844,3844,3844,0,0
71,0.2,rank_rolling,298,3629,rank,1000,3,252,224,0.869047619,0.8526785714,0.8601190476,3629,3629,3629,0,0
71,0.2,margin_static,299,14.30264544,score_margin,15002,29,702,615,0.8746438746,0.8829268293,0.8997212544,3386.338211,1472,7128,0.02601626016,0.2227642276
71,0.2,margin_rolling,299,16.228302,score_margin,1000,3,702,615,0.9031339031,0.9089430894,0.9231358885,4092.206504,6280,7128,0.006504065041,0.3056910569
71,0.2,rank_static,299,3844,rank,15002,29,702,615,0.9259259259,0.9154471545,0.9165311653,3844,3844,3844,0,0
71,0.2,rank_expanding,299,3858,rank,15002,29,702,615,0.9259259259,0.9154471545,0.9165311653,3858,3858,3858,0,0
71,0.2,rank_rolling,299,3855,rank,1000,3,702,615,0.9259259259,0.9154471545,0.9165311653,3855,3855,3855,0,0
71,0.2,margin_static,300,14.30264544,score_margin,15704,30,664,573,0.8719879518,0.8743455497,0.8971301144,3515.954625,2171,7128,0.02268760908,0.2687609075
71,0.2,margin_rolling,300,15.66753629,score_margin,1000,3,664,573,0.8930722892,0.890052356,0.9117704092,4074.806283,6166,7128,0.01047120419,0.3246073298
71,0.2,rank_static,300,3844,rank,15704,30,664,573,0.906626506,0.8952879581,0.900814427,3844,3844,3844,0,0
71,0.2,rank_expanding,300,3816,rank,15704,30,664,573,0.9051204819,0.8935427574,0.8990692263,3816,3816,3816,0,0
71,0.2,rank_rolling,300,3424,rank,1000,3,664,573,0.8960843373,0.8830715532,0.8909249564,3424,3424,3424,0,0
71,0.2,margin_static,301,14.30264544,score_margin,16368,31,616,552,0.8766233766,0.8731884058,0.8949879227,3748.817029,5133,7128,0.02173913043,0.2826086957
71,0.2,margin_rolling,301,16.38383675,score_margin,1000,2,616,552,0.9172077922,0.9148550725,0.9276570048,4437.461957,7019.5,7128,0.009057971014,0.3695652174
71,0.2,rank_static,301,3844,rank,16368,31,616,552,0.8636363636,0.8532608696,0.8601449275,3844,3844,3844,0,0
71,0.2,rank_expanding,301,3808,rank,16368,31,616,552,0.8636363636,0.8532608696,0.8601449275,3808,3808,3808,0,0
71,0.2,rank_rolling,301,3397,rank,1000,2,616,552,0.8441558442,0.8351449275,0.8417270531,3397,3397,3397,0,0
71,0.2,margin_static,302,14.30264544,score_margin,16984,32,570,490,0.8473684211,0.8367346939,0.8631924198,3146.710204,903,7128,0.02857142857,0.2612244898
71,0.2,margin_rolling,302,15.73335397,score_margin,1000,2,570,490,0.8859649123,0.8816326531,0.9002672498,3658.816327,4098,7128,0.01836734694,0.3102040816
71,0.2,rank_static,302,3844,rank,16984,32,570,490,0.9070175439,0.8959183673,0.9,3844,3844,3844,0,0
71,0.2,rank_expanding,302,3855,rank,16984,32,570,490,0.9070175439,0.8959183673,0.9,3855,3855,3855,0,0
71,0.2,rank_rolling,302,4695,rank,1000,2,570,490,0.9228070175,0.9142857143,0.9173469388,4695,4695,4695,0,0
71,0.2,margin_static,303,14.30264544,score_margin,17554,33,542,485,0.8819188192,0.8742268041,0.8865292096,3320.224742,1448,7128,0.01443298969,0.2804123711
71,0.2,margin_rolling,303,16.44021273,score_margin,1000,2,542,485,0.9206642066,0.9175257732,0.9232989691,4006.05567,5996,7128,0.00824742268,0.3484536082
71,0.2,rank_static,303,3844,rank,17554,33,542,485,0.8966789668,0.8845360825,0.8896907216,3844,3844,3844,0,0
71,0.2,rank_expanding,303,3852,rank,17554,33,542,485,0.8966789668,0.8845360825,0.8896907216,3852,3852,3852,0,0
71,0.2,rank_rolling,303,4413,rank,1000,2,542,485,0.9095940959,0.8989690722,0.9041237113,4413,4413,4413,0,0
71,0.2,margin_static,304,14.30264544,score_margin,18096,34,328,281,0.8536585366,0.8505338078,0.8778173191,3222.451957,1189,7128,0.01423487544,0.2384341637
71,0.2,margin_rolling,304,15.10909152,score_margin,1000,2,328,281,0.875,0.8754448399,0.9009489917,3512.97153,2022,7128,0.01423487544,0.2526690391
71,0.2,rank_static,304,3844,rank,18096,34,328,281,0.9054878049,0.9039145907,0.9039145907,3844,3844,3844,0,0
71,0.2,rank_expanding,304,3852,rank,18096,34,328,281,0.9085365854,0.9074733096,0.9074733096,3852,3852,3852,0,0
71,0.2,rank_rolling,304,3899,rank,1000,2,328,281,0.9085365854,0.9074733096,0.9074733096,3899,3899,3899,0,0
71,0.2,margin_static,305,14.30264544,score_margin,18424,35,328,295,0.8932926829,0.8881355932,0.9076836158,2882.874576,578,7128,0.02033898305,0.206779661
71,0.2,margin_rolling,305,15.70790863,score_margin,1000,3,328,295,0.9207317073,0.9152542373,0.9303954802,3406.589831,1575,7128,0.01694915254,0.2440677966
71,0.2,rank_static,305,3844,rank,18424,35,328,295,0.9329268293,0.9254237288,0.9271186441,3844,3844,3844,0,0
71,0.2,rank_expanding,305,3848,rank,18424,35,328,295,0.9329268293,0.9254237288,0.9271186441,3848,3848,3848,0,0
71,0.2,rank_rolling,305,3823,rank,1000,3,328,295,0.9329268293,0.9254237288,0.9271186441,3823,3823,3823,0,0
71,0.2,margin_static,306,14.30264544,score_margin,18752,36,582,513,0.8591065292,0.865497076,0.8871994802,3340.920078,1182,7128,0.02339181287,0.2475633528
71,0.2,margin_rolling,306,15.23845124,score_margin,1000,3,582,513,0.883161512,0.8888888889,0.9070175439,3628.253411,4075,7128,0.02144249513,0.2884990253
71,0.2,rank_static,306,3844,rank,18752,36,582,513,0.910652921,0.8986354776,0.9038336582,3844,3844,3844,0,0
71,0.2,rank_expanding,306,3823,rank,18752,36,582,513,0.910652921,0.8986354776,0.9038336582,3823,3823,3823,0,0
71,0.2,rank_rolling,306,3694,rank,1000,3,582,513,0.9072164948,0.8947368421,0.8999350227,3694,3694,3694,0,0
71,0.2,margin_static,307,14.30264544,score_margin,19334,37,588,510,0.8452380952,0.8568627451,0.8756535948,3444.409804,1841.5,7128,0.01960784314,0.2764705882
71,0.2,margin_rolling,307,15.77105427,score_margin,1000,3,588,510,0.880952381,0.8882352941,0.9040849673,3976.568627,6094.5,7128,0.01176470588,0.3137254902
71,0.2,rank_static,307,3844,rank,19334,37,588,510,0.880952381,0.862745098,0.8718300654,3844,3844,3844,0,0
71,0.2,rank_expanding,307,3817,rank,19334,37,588,510,0.880952381,0.862745098,0.8718300654,3817,3817,3817,0,0
71,0.2,rank_rolling,307,3274,rank,1000,3,588,510,0.8656462585,0.8470588235,0.8567320261,3274,3274,3274,0,0
71,0.2,margin_static,308,14.30264544,score_margin,19922,38,562,497,0.8505338078,0.847082495,0.8714189901,3457.595573,1419,7128,0.03621730382,0.2957746479
71,0.2,margin_rolling,308,16.42700505,score_margin,1000,2,562,497,0.8807829181,0.8772635815,0.8981987161,4038.438632,6613,7128,0.01609657948,0.3621730382
71,0.2,rank_static,308,3844,rank,19922,38,562,497,0.8950177936,0.8853118712,0.8899396378,3844,3844,3844,0,0
71,0.2,rank_expanding,308,3837,rank,19922,38,562,497,0.8950177936,0.8853118712,0.8899396378,3837,3837,3837,0,0
71,0.2,rank_rolling,308,3905,rank,1000,2,562,497,0.8985765125,0.8893360161,0.8923541247,3905,3905,3905,0,0
71,0.2,margin_static,309,14.30264544,score_margin,20484,39,626,535,0.8322683706,0.8336448598,0.8617445483,3429.149533,1545,7128,0.02429906542,0.2953271028
71,0.2,margin_rolling,309,16.96993446,score_margin,1000,2,626,535,0.9009584665,0.9046728972,0.9231152648,4343.001869,6787,7128,0.01121495327,0.3813084112
71,0.2,rank_static,309,3844,rank,20484,39,626,535,0.8722044728,0.8560747664,0.8660436137,3844,3844,3844,0,0
71,0.2,rank_expanding,309,3846,rank,20484,39,626,535,0.8722044728,0.8560747664,0.8660436137,3846,3846,3846,0,0
71,0.2,rank_rolling,309,4235,rank,1000,2,626,535,0.8897763578,0.876635514,0.8831775701,4235,4235,4235,0,0
71,0.2,margin_static,310,14.30264544,score_margin,21110,40,620,527,0.8725806452,0.8652751423,0.8977862113,2876.71537,687,7128,0.02087286528,0.2144212524
71,0.2,margin_rolling,310,17.21975613,score_margin,1000,2,620,527,0.9258064516,0.9184060721,0.9438013915,4020.888046,5965,7128,0.009487666034,0.3055028463
71,0.2,rank_static,310,3844,rank,21110,40,620,527,0.9193548387,0.9070208729,0.9138203669,3844,3844,3844,0,0
71,0.2,rank_expanding,310,3868,rank,21110,40,620,527,0.9209677419,0.9089184061,0.9157179001,3868,3868,3868,0,0
71,0.2,rank_rolling,310,4444,rank,1000,2,620,527,0.9306451613,0.9203036053,0.9258380772,4444,4444,4444,0,0
71,0.2,margin_static,311,14.30264544,score_margin,21730,41,438,366,0.8493150685,0.8278688525,0.866575592,2535.718579,388,7128,0.01912568306,0.1803278689
71,0.2,margin_rolling,311,16.25382614,score_margin,1000,2,438,366,0.901826484,0.8852459016,0.914845173,3200.480874,1232.5,7128,0.01366120219,0.2349726776
71,0.2,rank_static,311,3844,rank,21730,41,438,366,0.9178082192,0.9016393443,0.9130236794,3844,3844,3844,0,0
71,0.2,rank_expanding,311,3852,rank,21730,41,438,366,0.9178082192,0.9016393443,0.9130236794,3852,3852,3852,0,0
71,0.2,rank_rolling,311,3917,rank,1000,2,438,366,0.9178082192,0.9016393443,0.9130236794,3917,3917,3917,0,0
71,0.2,margin_static,312,14.30264544,score_margin,22168,42,460,368,0.8326086957,0.8315217391,0.8660067288,2338.228261,357.5,7128,0.02445652174,0.1630434783
71,0.2,margin_rolling,312,16.00248057,score_margin,1000,2,460,368,0.8804347826,0.8722826087,0.9080357143,2945.736413,975,7128,0.01630434783,0.2092391304
71,0.2,rank_static,312,3844,rank,22168,42,460,368,0.9326086957,0.9157608696,0.9269021739,3844,3844,3844,0,0
71,0.2,rank_expanding,312,3838,rank,22168,42,460,368,0.9326086957,0.9157608696,0.9269021739,3838,3838,3838,0,0
71,0.2,rank_rolling,312,3006,rank,1000,2,460,368,0.9152173913,0.8967391304,0.9128623188,3006,3006,3006,0,0
71,0.2,margin_static,313,14.30264544,score_margin,22628,43,794,641,0.8362720403,0.8330733229,0.8664066563,2667.850234,433,7128,0.02964118565,0.2168486739
71,0.2,margin_rolling,313,16.60815334,score_margin,1000,3,794,641,0.8828715365,0.879875195,0.9078783151,3466.787832,1929,7128,0.01716068643,0.2527301092
71,0.2,rank_static,313,3844,rank,22628,43,794,641,0.9307304786,0.9141965679,0.9173166927,3844,3844,3844,0,0
71,0.2,rank_expanding,313,3818,rank,22628,43,794,641,0.9294710327,0.9126365055,0.9165366615,3818,3818,3818,0,0
71,0.2,rank_rolling,313,2791,rank,1000,3,794,641,0.9005037783,0.8767550702,0.8814352574,2791,2791,2791,0,0
71,0.2,margin_static,314,14.30264544,score_margin,23422,44,678,585,0.8539823009,0.8461538462,0.8737810338,2768.601709,495,7128,0.03076923077,0.211965812
71,0.2,margin_rolling,314,17.23049641,score_margin,1000,2,678,585,0.907079646,0.9025641026,0.9201098901,3816.201709,5562,7128,0.01367521368,0.2871794872
71,0.2,rank_static,314,3844,rank,23422,44,678,585,0.918879056,0.9094017094,0.9168091168,3844,3844,3844,0,0
71,0.2,rank_expanding,314,3792,rank,23422,44,678,585,0.918879056,0.9094017094,0.9168091168,3792,3792,3792,0,0
71,0.2,rank_rolling,314,2771,rank,1000,2,678,585,0.8805309735,0.864957265,0.8743589744,2771,2771,2771,0,0
71,0.2,margin_static,315,14.30264544,score_margin,24100,45,774,660,0.834625323,0.8242424242,0.8461111111,2724.374242,501.5,7128,0.03484848485,0.1893939394
71,0.2,margin_rolling,315,17.56285584,score_margin,1000,2,774,660,0.9069767442,0.903030303,0.9198484848,3936.668182,5895.5,7128,0.01515151515,0.2878787879
71,0.2,rank_static,315,3844,rank,24100,45,774,660,0.9328165375,0.9257575758,0.9284848485,3844,3844,3844,0,0
71,0.2,rank_expanding,315,3764,rank,24100,45,774,660,0.9302325581,0.9227272727,0.9266666667,3764,3764,3764,0,0
71,0.2,rank_rolling,315,3232,rank,1000,2,774,660,0.9147286822,0.9045454545,0.912020202,3232,3232,3232,0,0
71,0.2,margin_static,316,14.30264544,score_margin,24874,46,758,622,0.8390501319,0.8295819936,0.8573954984,2974.221865,928.5,7128,0.02733118971,0.2266881029
71,0.2,margin_rolling,316,17.90756035,score_margin,1000,2,758,622,0.9248021108,0.9163987138,0.9357449089,4413.85209,6682,7128,0.009646302251,0.3231511254
71,0.2,rank_static,316,3844,rank,24874,46,758,622,0.9116094987,0.8922829582,0.8938906752,3844,3844,3844,0,0
71,0.2,rank_expanding,316,3725,rank,24874,46,758,622,0.9089709763,0.8890675241,0.8906752412,3725,3725,3725,0,0
71,0.2,rank_rolling,316,2863,rank,1000,2,758,622,0.8878627968,0.8633440514,0.865755627,2863,2863,2863,0,0
71,0.2,margin_static,317,14.30264544,score_margin,25632,47,630,559,0.8206349206,0.8157423971,0.8392963626,2323.232558,297,7128,0.02683363148,0.175313059
71,0.2,margin_rolling,317,16.79247424,score_margin,1000,2,630,559,0.880952381,0.8747763864,0.8958258795,3185.992844,1415,7128,0.01252236136,0.2218246869
71,0.2,rank_static,317,3844,rank,25632,47,630,559,0.9079365079,0.8962432916,0.9031305903,3844,3844,3844,0,0
71,0.2,rank_expanding,317,3719,rank,25632,47,630,559,0.9031746032,0.8908765653,0.897763864,3719,3719,3719,0,0
71,0.2,rank_rolling,317,3144,rank,1000,2,630,559,0.8888888889,0.8747763864,0.8837507454,3144,3144,3144,0,0
71,0.2,margin_static,318,14.30264544,score_margin,26262,48,342,308,0.850877193,0.8538961039,0.8728354978,2420.107143,244.5,7128,0.03896103896,0.1915584416
71,0.2,margin_rolling,318,17.7832098,score_margin,1000,2,342,308,0.9152046784,0.9188311688,0.9329004329,3404.25,1399.5,7128,0.01298701299,0.2662337662
71,0.2,rank_static,318,3844,rank,26262,48,342,308,0.9239766082,0.9155844156,0.9177489177,3844,3844,3844,0,0
71,0.2,rank_expanding,318,3712,rank,26262,48,342,308,0.918128655,0.9090909091,0.9128787879,3712,3712,3712,0,0
71,0.2,rank_rolling,318,3659,rank,1000,2,342,308,0.918128655,0.9090909091,0.9128787879,3659,3659,3659,0,0
71,0.2,margin_static,319,14.30264544,score_margin,26604,49,324,290,0.8611111111,0.8448275862,0.8534482759,2510.544828,289,7128,0.03103448276,0.1724137931
71,0.2,margin_rolling,319,17.8725212,score_margin,1000,3,324,290,0.9475308642,0.9413793103,0.9465517241,3585.8,3741,7128,0.006896551724,0.2724137931
71,0.2,rank_static,319,3844,rank,26604,49,324,290,0.9444444444,0.9379310345,0.9379310345,3844,3844,3844,0,0
71,0.2,rank_expanding,319,3699,rank,26604,49,324,290,0.9444444444,0.9379310345,0.9379310345,3699,3699,3699,0,0
71,0.2,rank_rolling,319,3541,rank,1000,3,324,290,0.9413580247,0.9344827586,0.9344827586,3541,3541,3541,0,0
71,0.2,margin_static,320,14.30264544,score_margin,26928,50,736,646,0.8247282609,0.8343653251,0.8495528036,3100.826625,663.5,7128,0.02941176471,0.2321981424
71,0.2,margin_rolling,320,16.52912712,score_margin,1000,3,736,646,0.8858695652,0.8931888545,0.9045235638,3741.425697,4609.5,7128,0.01857585139,0.3080495356
71,0.2,rank_static,320,3844,rank,26928,50,736,646,0.90625,0.8978328173,0.9035431717,3844,3844,3844,0,0
71,0.2,rank_expanding,320,3689,rank,26928,50,736,646,0.9035326087,0.8947368421,0.9004471964,3689,3689,3689,0,0
71,0.2,rank_rolling,320,2670,rank,1000,3,736,646,0.8831521739,0.8715170279,0.8787753698,2670,2670,2670,0,0
71,0.2,margin_static,321,14.30264544,score_margin,27664,51,680,603,0.8382352941,0.824212272,0.8441127695,2767.68325,462,7128,0.03482587065,0.2023217247
71,0.2,margin_rolling,321,16.60743546,score_margin,1000,2,680,603,0.9,0.8905472637,0.9087893864,3610.12272,3729,7128,0.01990049751,0.2769485904
71,0.2,rank_static,321,3844,rank,27664,51,680,603,0.9117647059,0.903814262,0.912106136,3844,3844,3844,0,0
71,0.2,rank_expanding,321,3686,rank,27664,51,680,603,0.9058823529,0.8971807629,0.9054726368,3686,3686,3686,0,0
71,0.2,rank_rolling,321,2958,rank,1000,2,680,603,0.8867647059,0.8756218905,0.8839137645,2958,2958,2958,0,0
71,0.2,margin_static,322,14.30264544,score_margin,28344,52,668,595,0.8458083832,0.8420168067,0.8571428571,2996.942857,674,7128,0.03361344538,0.2268907563
71,0.2,margin_rolling,322,17.05329132,score_margin,1000,2,668,595,0.8982035928,0.8991596639,0.9081232493,3922.216807,5274,7128,0.01848739496,0.3025210084
71,0.2,rank_static,322,3844,rank,28344,52,668,595,0.8667664671,0.8521008403,0.8543417367,3844,3844,3844,0,0
71,0.2,rank_expanding,322,3679,rank,28344,52,668,595,0.8622754491,0.8487394958,0.8504201681,3679,3679,3679,0,0
71,0.2,rank_rolling,322,3584,rank,1000,2,668,595,0.8562874251,0.8420168067,0.843697479,3584,3584,3584,0,0
71,0.2,margin_static,323,14.30264544,score_margin,29012,53,668,600,0.8038922156,0.7966666667,0.8222222222,2716.938333,512.5,7128,0.03,0.1933333333
71,0.2,margin_rolling,323,17.02745724,score_margin,1000,2,668,600,0.8847305389,0.885,0.8975,3735.308333,4051.5,7128,0.01166666667,0.2633333333
71,0.2,rank_static,323,3844,rank,29012,53,668,600,0.9101796407,0.9016666667,0.9061111111,3844,3844,3844,0,0
71,0.2,rank_expanding,323,3701,rank,29012,53,668,600,0.9041916168,0.895,0.9002777778,3701,3701,3701,0,0
71,0.2,rank_rolling,323,4412,rank,1000,2,668,600,0.9161676647,0.9083333333,0.9127777778,4412,4412,4412,0,0
71,0.2,margin_static,324,14.30264544,score_margin,29680,54,796,650,0.8040201005,0.8061538462,0.8453589744,2827.149231,449.5,7128,0.03384615385,0.1938461538
71,0.2,margin_rolling,324,17.54497266,score_margin,1000,2,796,650,0.8844221106,0.8876923077,0.9156153846,3889.521538,5097,7128,0.01538461538,0.3
71,0.2,rank_static,324,3844,rank,29680,54,796,650,0.9472361809,0.9353846154,0.9392307692,3844,3844,3844,0,0
71,0.2,rank_expanding,324,3699,rank,29680,54,796,650,0.9396984925,0.9261538462,0.9323076923,3699,3699,3699,0,0
71,0.2,rank_rolling,324,4104,rank,1000,2,796,650,0.9510050251,0.94,0.9438461538,4104,4104,4104,0,0
71,0.2,margin_static,325,14.30264544,score_margin,30476,55,398,360,0.783919598,0.7944444444,0.8046296296,2726.047222,261.5,7128,0.06666666667,0.225
71,0.2,margin_rolling,325,18.00372529,score_margin,1000,2,398,360,0.8844221106,0.8888888889,0.8958333333,3715.272222,4407.5,7128,0.02222222222,0.3416666667
71,0.2,rank_static,325,3844,rank,30476,55,398,360,0.9070351759,0.8972222222,0.8986111111,3844,3844,3844,0,0
71,0.2,rank_expanding,325,3665,rank,30476,55,398,360,0.9020100503,0.8916666667,0.8930555556,3665,3665,3665,0,0
71,0.2,rank_rolling,325,2415,rank,1000,2,398,360,0.8492462312,0.8333333333,0.8375,2415,2415,2415,0,0
71,0.2,margin_static,326,14.30264544,score_margin,30874,56,422,348,0.7748815166,0.775862069,0.7992097701,2109.204023,168.5,7128,0.05172413793,0.132183908
71,0.2,margin_rolling,326,18.74716687,score_margin,1000,2,422,348,0.8909952607,0.8879310345,0.898467433,3379.33908,1451.5,7128,0.008620689655,0.2586206897
71,0.2,rank_static,326,3844,rank,30874,56,422,348,0.9573459716,0.9511494253,0.9525862069,3844,3844,3844,0,0
71,0.2,rank_expanding,326,3662,rank,30874,56,422,348,0.9549763033,0.9482758621,0.9497126437,3662,3662,3662,0,0
71,0.2,rank_rolling,326,3227,rank,1000,2,422,348,0.9526066351,0.9454022989,0.9468390805,3227,3227,3227,0,0
71,0.2,margin_static,327,14.30264544,score_margin,31296,57,738,621,0.7859078591,0.8019323671,0.8274020397,2761.225443,474,7128,0.04830917874,0.2190016103
71,0.2,margin_rolling,327,19.15400887,score_margin,1000,3,738,621,0.9010840108,0.9082125604,0.930085883,4242.381643,6662,7128,0.009661835749,0.3574879227
71,0.2,rank_static,327,3844,rank,31296,57,738,621,0.9241192412,0.9114331723,0.9172839506,3844,3844,3844,0,0
71,0.2,rank_expanding,327,3637,rank,31296,57,738,621,0.9146341463,0.9017713366,0.9081588835,3637,3637,3637,0,0
71,0.2,rank_rolling,327,2697,rank,1000,3,738,621,0.9024390244,0.8888888889,0.8949543747,2697,2697,2697,0,0
71,0.2,margin_static,328,14.30264544,score_margin,32034,58,600,526,0.815,0.819391635,0.8394894079,2794.703422,431.5,7128,0.03802281369,0.1920152091
71,0.2,margin_rolling,328,19.27765083,score_margin,1000,2,600,526,0.9216666667,0.9220532319,0.9325095057,4446.268061,6905.5,7128,0.007604562738,0.3631178707
71,0.2,rank_static,328,3844,rank,32034,58,600,526,0.9066666667,0.8992395437,0.9039923954,3844,3844,3844,0,0
71,0.2,rank_expanding,328,3632,rank,32034,58,600,526,0.9016666667,0.8935361217,0.8992395437,3632,3632,3632,0,0
71,0.2,rank_rolling,328,2099,rank,1000,2,600,526,0.8666666667,0.8536121673,0.8602661597,2099,2099,2099,0,0
71,0.2,margin_static,329,14.30264544,score_margin,32634,59,684,599,0.798245614,0.8096828047,0.8284362827,2795.706177,359,7128,0.0367278798,0.2220367279
71,0.2,margin_rolling,329,18.70444393,score_margin,1000,2,684,599,0.9152046784,0.9131886477,0.9264329438,4158.48581,6172,7128,0.008347245409,0.3589315526
71,0.2,rank_static,329,3844,rank,32634,59,684,599,0.8918128655,0.8797996661,0.8875904285,3844,3844,3844,0,0
71,0.2,rank_expanding,329,3631,rank,32634,59,684,599,0.8874269006,0.8747913189,0.8825820812,3631,3631,3631,0,0
71,0.2,rank_rolling,329,3351,rank,1000,2,684,599,0.8757309942,0.8614357262,0.8705620479,3351,3351,3351,0,0
71,0.2,margin_static,330,14.30264544,score_margin,33318,60,640,580,0.8328125,0.8413793103,0.8507183908,2633.87931,390.5,7128,0.03793103448,0.1896551724
71,0.2,margin_rolling,330,17.69585621,score_margin,1000,2,640,580,0.903125,0.9068965517,0.9188218391,3811.639655,4970,7128,0.01724137931,0.2862068966
71,0.2,rank_static,330,3844,rank,33318,60,640,580,0.9109375,0.9017241379,0.9043103448,3844,3844,3844,0,0
71,0.2,rank_expanding,330,3637,rank,33318,60,640,580,0.903125,0.8931034483,0.8956896552,3637,3637,3637,0,0
71,0.2,rank_rolling,330,3930,rank,1000,2,640,580,0.9125,0.9034482759,0.9060344828,3930,3930,3930,0,0
71,0.2,margin_static,331,14.30264544,score_margin,33958,61,506,474,0.847826087,0.8502109705,0.8560126582,2753.751055,415,7128,0.04008438819,0.1898734177
71,0.2,margin_rolling,331,17.60472584,score_margin,1000,2,506,474,0.8932806324,0.8966244726,0.901371308,3915.2173,5305,7128,0.01898734177,0.2805907173
71,0.2,rank_static,331,3844,rank,33958,61,506,474,0.9150197628,0.9092827004,0.9092827004,3844,3844,3844,0,0
71,0.2,rank_expanding,331,3636,rank,33958,61,506,474,0.9071146245,0.9008438819,0.9018987342,3636,3636,3636,0,0
71,0.2,rank_rolling,331,3690,rank,1000,2,506,474,0.9071146245,0.9008438819,0.9018987342,3690,3690,3690,0,0
71,0.2,margin_static,332,14.30264544,score_margin,34464,62,318,300,0.8301886792,0.83,0.8361111111,2569.483333,322.5,7128,0.06333333333,0.2033333333
71,0.2,margin_rolling,332,17.87313322,score_margin,1000,2,318,300,0.9088050314,0.9066666667,0.9133333333,3594.96,2148,7128,0.01666666667,0.3
71,0.2,rank_static,332,3844,rank,34464,62,318,300,0.9213836478,0.9166666667,0.9166666667,3844,3844,3844,0,0
71,0.2,rank_expanding,332,3634,rank,34464,62,318,300,0.9213836478,0.9166666667,0.9166666667,3634,3634,3634,0,0
71,0.2,rank_rolling,332,3573,rank,1000,2,318,300,0.9213836478,0.9166666667,0.9166666667,3573,3573,3573,0,0
71,0.2,margin_static,333,14.30264544,score_margin,34782,63,342,312,0.8040935673,0.8012820513,0.8221153846,2644.634615,290,7128,0.05448717949,0.1858974359
71,0.2,margin_rolling,333,17.80352426,score_margin,1000,3,342,312,0.8830409357,0.8846153846,0.8979700855,3595.990385,3697.5,7128,0.02243589744,0.3141025641
71,0.2,rank_static,333,3844,rank,34782,63,342,312,0.9210526316,0.9134615385,0.9166666667,3844,3844,3844,0,0
71,0.2,rank_expanding,333,3629,rank,34782,63,342,312,0.9152046784,0.9070512821,0.9102564103,3629,3629,3629,0,0
71,0.2,rank_rolling,333,3213,rank,1000,3,342,312,0.9005847953,0.891025641,0.8958333333,3213,3213,3213,0,0
71,0.2,margin_static,334,14.30264544,score_margin,35124,64,700,633,0.8314285714,0.8325434439,0.8456292786,2566.28278,305,7128,0.05213270142,0.1769352291
71,0.2,margin_rolling,334,17.853248,score_margin,1000,3,700,633,0.9142857143,0.9210110585,0.9294892048,3735.058452,4477,7128,0.01263823065,0.2748815166
71,0.2,rank_static,334,3844,rank,35124,64,700,633,0.9128571429,0.9036334913,0.9094260137,3844,3844,3844,0,0
71,0.2,rank_expanding,334,3626,rank,35124,64,700,633,0.9014285714,0.8909952607,0.896787783,3626,3626,3626,0,0
71,0.2,rank_rolling,334,3158,rank,1000,3,700,633,0.8828571429,0.8767772512,0.8815165877,3158,3158,3158,0,0
71,0.2,margin_static,335,14.30264544,score_margin,35824,65,656,587,0.8170731707,0.8109028961,0.8302668938,2497.53833,246,7128,0.03747870528,0.199318569
71,0.2,margin_rolling,335,17.55325001,score_margin,1000,2,656,587,0.8856707317,0.8858603066,0.8992617831,3510.34753,2176,7128,0.01873935264,0.2810902896
71,0.2,rank_static,335,3844,rank,35824,65,656,587,0.8841463415,0.8739352641,0.882879046,3844,3844,3844,0,0
71,0.2,rank_expanding,335,3623,rank,35824,65,656,587,0.8658536585,0.8534923339,0.8661272005,3623,3623,3623,0,0
71,0.2,rank_rolling,335,3600,rank,1000,2,656,587,0.8658536585,0.8534923339,0.8661272005,3600,3600,3600,0,0
71,0.2,margin_static,336,14.30264544,score_margin,36480,66,632,551,0.7689873418,0.7731397459,0.7986690865,2579.637024,345,7128,0.04718693285,0.2123411978
71,0.2,margin_rolling,336,18.32647282,score_margin,1000,2,632,551,0.8892405063,0.887477314,0.9049001815,3902.740472,5374,7128,0.01451905626,0.3012704174
71,0.2,rank_static,336,3844,rank,36480,66,632,551,0.8924050633,0.8802177858,0.8838475499,3844,3844,3844,0,0
71,0.2,rank_expanding,336,3637,rank,36480,66,632,551,0.875,0.8602540835,0.8669086509,3637,3637,3637,0,0
71,0.2,rank_rolling,336,3884,rank,1000,2,632,551,0.8924050633,0.8802177858,0.8838475499,3884,3884,3884,0,0
71,0.2,margin_static,337,14.30264544,score_margin,37112,67,552,492,0.7989130435,0.8130081301,0.8268292683,2542.329268,269.5,7128,0.0406504065,0.1707317073
71,0.2,margin_rolling,337,18.76257706,score_margin,1000,2,552,492,0.8949275362,0.8983739837,0.9125338753,3812.107724,4573,7128,0.01219512195,0.2926829268
71,0.2,rank_static,337,3844,rank,37112,67,552,492,0.8731884058,0.8597560976,0.8668699187,3844,3844,3844,0,0
71,0.2,rank_expanding,337,3646,rank,37112,67,552,492,0.8713768116,0.8577235772,0.8648373984,3646,3646,3646,0,0
71,0.2,rank_rolling,337,4062,rank,1000,2,552,492,0.8876811594,0.8760162602,0.8831300813,4062,4062,4062,0,0
71,0.2,margin_static,338,14.30264544,score_margin,37664,68,496,457,0.7943548387,0.8096280088,0.8140043764,2516.076586,315,7128,0.04595185996,0.1881838074
71,0.2,margin_rolling,338,19.2593708,score_margin,1000,2,496,457,0.8870967742,0.9059080963,0.9107221007,4085.378556,6266,7128,0.00875273523,0.3107221007
71,0.2,rank_static,338,3844,rank,37664,68,496,457,0.8931451613,0.8840262582,0.8880379285,3844,3844,3844,0,0
71,0.2,rank_expanding,338,3667,rank,37664,68,496,457,0.8830645161,0.8730853392,0.8770970095,3667,3667,3667,0,0
71,0.2,rank_rolling,338,4365,rank,1000,2,496,457,0.8991935484,0.8905908096,0.893508388,4365,4365,4365,0,0
71,0.2,margin_static,339,14.30264544,score_margin,38160,69,328,297,0.7804878049,0.7946127946,0.8089225589,1995.791246,165,7128,0.07744107744,0.1111111111
71,0.2,margin_rolling,339,19.21305084,score_margin,1000,2,328,297,0.8963414634,0.8922558923,0.9043209877,3671.225589,4579,7128,0.0202020202,0.2558922559
71,0.2,rank_static,339,3844,rank,38160,69,328,297,0.875,0.8720538721,0.8810325477,3844,3844,3844,0,0
71,0.2,rank_expanding,339,3678,rank,38160,69,328,297,0.8719512195,0.8686868687,0.8776655443,3678,3678,3678,0,0
71,0.2,rank_rolling,339,4657,rank,1000,2,328,297,0.8902439024,0.8888888889,0.8978675645,4657,4657,4657,0,0
71,0.2,margin_static,340,14.30264544,score_margin,38488,70,328,303,0.7774390244,0.7887788779,0.8058305831,2559.217822,240,7128,0.04290429043,0.1749174917
71,0.2,margin_rolling,340,19.75579071,score_margin,1000,3,328,303,0.9268292683,0.9273927393,0.9411441144,4091.016502,5796,7128,0.0198019802,0.3597359736
71,0.2,rank_static,340,3844,rank,38488,70,328,303,0.9176829268,0.9108910891,0.9125412541,3844,3844,3844,0,0
71,0.2,rank_expanding,340,3682,rank,38488,70,328,303,0.9176829268,0.9108910891,0.9125412541,3682,3682,3682,0,0
71,0.2,rank_rolling,340,4590,rank,1000,3,328,303,0.9329268293,0.9273927393,0.9273927393,4590,4590,4590,0,0
71,0.2,margin_static,341,14.30264544,score_margin,38816,71,576,519,0.7986111111,0.8092485549,0.8250481696,2529.576108,265,7128,0.04816955684,0.1849710983
71,0.2,margin_rolling,341,19.16477966,score_margin,1000,3,576,519,0.9097222222,0.91522158,0.9271676301,3957.942197,5630,7128,0.01348747592,0.3121387283
71,0.2,rank_static,341,3844,rank,38816,71,576,519,0.9166666667,0.9075144509,0.9119460501,3844,3844,3844,0,0
71,0.2,rank_expanding,341,3679,rank,38816,71,576,519,0.9097222222,0.8998073218,0.904238921,3679,3679,3679,0,0
71,0.2,rank_rolling,341,4133,rank,1000,3,576,519,0.9236111111,0.91522158,0.9181117534,4133,4133,4133,0,0
71,0.2,margin_static,342,14.30264544,score_margin,39392,72,636,565,0.8034591195,0.8053097345,0.8209439528,2686.315044,298,7128,0.04955752212,0.2230088496
71,0.2,margin_rolling,342,18.34105349,score_margin,1000,3,636,565,0.8852201258,0.8814159292,0.8994100295,3785.915044,4974,7128,0.01061946903,0.3168141593
71,0.2,rank_static,342,3844,rank,39392,72,636,565,0.9198113208,0.9097345133,0.910619469,3844,3844,3844,0,0
71,0.2,rank_expanding,342,3678,rank,39392,72,636,565,0.9150943396,0.9044247788,0.9053097345,3678,3678,3678,0,0
71,0.2,rank_rolling,342,3549,rank,1000,3,636,565,0.9088050314,0.8973451327,0.8982300885,3549,3549,3549,0,0
71,0.2,margin_static,343,14.30264544,score_margin,40028,73,642,567,0.792834891,0.7883597884,0.8054673721,2853.229277,620,7128,0.0405643739,0.2098765432
71,0.2,margin_rolling,343,19.45301127,score_margin,1000,2,642,567,0.8831775701,0.885361552,0.8962962963,4439.234568,6969,7128,0.01234567901,0.3615520282
71,0.2,rank_static,343,3844,rank,40028,73,642,567,0.8644859813,0.8465608466,0.8587595532,3844,3844,3844,0,0
71,0.2,rank_expanding,343,3669,rank,40028,73,642,567,0.8582554517,0.8395061728,0.8525867137,3669,3669,3669,0,0
71,0.2,rank_rolling,343,3384,rank,1000,2,642,567,0.8489096573,0.8306878307,0.8431804821,3384,3384,3384,0,0
71,0.2,margin_static,344,14.30264544,score_margin,40670,74,650,582,0.7707692308,0.7680412371,0.78465063,2635.498282,243.5,7128,0.0412371134,0.204467354
71,0.2,margin_rolling,344,20.15240097,score_margin,1000,2,650,582,0.8815384615,0.8780068729,0.8908934708,4226.393471,6635.5,7128,0.008591065292,0.3728522337
71,0.2,rank_static,344,3844,rank,40670,74,650,582,0.9123076923,0.9037800687,0.9072164948,3844,3844,3844,0,0
71,0.2,rank_expanding,344,3688,rank,40670,74,650,582,0.9076923077,0.8986254296,0.9020618557,3688,3688,3688,0,0
71,0.2,rank_rolling,344,4650,rank,1000,2,650,582,0.9307692308,0.9243986254,0.9278350515,4650,4650,4650,0,0
71,0.2,margin_static,345,14.30264544,score_margin,41320,75,586,501,0.8344709898,0.8183632735,0.8406520293,2737.195609,287,7128,0.05189620758,0.2315369261
71,0.2,margin_rolling,345,20.96667707,score_margin,1000,2,586,501,0.9215017065,0.9121756487,0.9228210246,4473.914172,6955,7128,0.007984031936,0.3992015968
71,0.2,rank_static,345,3844,rank,41320,75,586,501,0.909556314,0.8942115768,0.8992015968,3844,3844,3844,0,0
71,0.2,rank_expanding,345,3682,rank,41320,75,586,501,0.9078498294,0.8922155689,0.8972055888,3682,3682,3682,0,0
71,0.2,rank_rolling,345,4065,rank,1000,2,586,501,0.9129692833,0.8982035928,0.9021956088,4065,4065,4065,0,0
71,0.2,margin_static,346,14.30264544,score_margin,41906,76,224,197,0.7767857143,0.7715736041,0.7978003384,1773.639594,99,7128,0.05583756345,0.1421319797
71,0.2,margin_rolling,346,19.75546265,score_margin,1000,2,224,197,0.8973214286,0.9035532995,0.9137055838,3109.284264,1122,7128,0.01015228426,0.2385786802
71,0.2,rank_static,346,3844,rank,41906,76,224,197,0.9732142857,0.9695431472,0.9695431472,3844,3844,3844,0,0
71,0.2,rank_expanding,346,3679,rank,41906,76,224,197,0.9732142857,0.9695431472,0.9695431472,3679,3679,3679,0,0
71,0.2,rank_rolling,346,3512,rank,1000,2,224,197,0.9732142857,0.9695431472,0.9695431472,3512,3512,3512,0,0
71,0.2,margin_static,347,14.30264544,score_margin,42130,77,306,277,0.7973856209,0.7942238267,0.8116726835,2086.779783,96,7128,0.05415162455,0.1516245487
71,0.2,margin_rolling,347,19.06993484,score_margin,1000,3,306,277,0.9052287582,0.9097472924,0.9139590854,3099.054152,816,7128,0.01083032491,0.2815884477
71,0.2,rank_static,347,3844,rank,42130,77,306,277,0.931372549,0.9241877256,0.9265944645,3844,3844,3844,0,0
71,0.2,rank_expanding,347,3669,rank,42130,77,306,277,0.9248366013,0.916967509,0.9193742479,3669,3669,3669,0,0
71,0.2,rank_rolling,347,2934,rank,1000,3,306,277,0.8986928105,0.8880866426,0.8904933815,2934,2934,2934,0,0
71,0.2,margin_static,348,14.30264544,score_margin,42436,78,714,610,0.8039215686,0.793442623,0.8120218579,2337.413115,178.5,7128,0.05901639344,0.1721311475
71,0.2,margin_rolling,348,18.98149848,score_margin,1000,3,714,610,0.880952381,0.8803278689,0.8956284153,3546.308197,2285.5,7128,0.01475409836,0.2950819672
71,0.2,rank_static,348,3844,rank,42436,78,714,610,0.9145658263,0.9,0.9008196721,3844,3844,3844,0,0
71,0.2,rank_expanding,348,3662,rank,42436,78,714,610,0.9131652661,0.8983606557,0.8991803279,3662,3662,3662,0,0
71,0.2,rank_rolling,348,2934,rank,1000,3,714,610,0.8865546218,0.8672131148,0.868852459,2934,2934,2934,0,0
71,0.2,margin_static,349,14.30264544,score_margin,43150,79,600,545,0.7633333333,0.7596330275,0.777675841,2313.508257,161,7128,0.02568807339,0.1706422018
71,0.2,margin_rolling,349,19.88598713,score_margin,1000,2,600,545,0.8683333333,0.8678899083,0.8816513761,3749.451376,4675,7128,0.007339449541,0.3082568807
71,0.2,rank_static,349,3844,rank,43150,79,600,545,0.8866666667,0.8752293578,0.8847094801,3844,3844,3844,0,0
71,0.2,rank_expanding,349,3655,rank,43150,79,600,545,0.885,0.8733944954,0.8828746177,3655,3655,3655,0,0
71,0.2,rank_rolling,349,3281,rank,1000,2,600,545,0.8683333333,0.8550458716,0.8663608563,3281,3281,3281,0,0
71,0.2,margin_static,350,14.30264544,score_margin,43750,80,656,560,0.7591463415,0.7589285714,0.7865178571,2072.180357,127,7128,0.06607142857,0.1428571429
71,0.2,margin_rolling,350,21.54145956,score_margin,1000,2,656,560,0.9100609756,0.9035714286,0.9249107143,3853.198214,5075.5,7128,0.007142857143,0.3214285714
71,0.2,rank_static,350,3844,rank,43750,80,656,560,0.9176829268,0.9089285714,0.9139880952,3844,3844,3844,0,0
71,0.2,rank_expanding,350,3661,rank,43750,80,656,560,0.9146341463,0.9053571429,0.9104166667,3661,3661,3661,0,0
71,0.2,rank_rolling,350,3943,rank,1000,2,656,560,0.9192073171,0.9107142857,0.9157738095,3943,3943,3943,0,0
71,0.2,margin_static,351,14.30264544,score_margin,44406,81,522,476,0.7528735632,0.7668067227,0.7822128852,2030.932773,114,7128,0.05672268908,0.1743697479
71,0.2,margin_rolling,351,21.3503561,score_margin,1000,2,522,476,0.8946360153,0.8991596639,0.9142156863,3746.308824,4691,7128,0.01680672269,0.3004201681
71,0.2,rank_static,351,3844,rank,44406,81,522,476,0.8831417625,0.8718487395,0.8757002801,3844,3844,3844,0,0
71,0.2,rank_expanding,351,3655,rank,44406,81,522,476,0.8812260536,0.8697478992,0.8735994398,3655,3655,3655,0,0
71,0.2,rank_rolling,351,3726,rank,1000,2,522,476,0.8831417625,0.8718487395,0.8757002801,3726,3726,3726,0,0
71,0.2,margin_static,352,14.30264544,score_margin,44928,82,462,415,0.7121212121,0.7156626506,0.7364457831,2042.836145,134,7128,0.06987951807,0.1542168675
71,0.2,margin_rolling,352,21.41287869,score_margin,1000,2,462,415,0.9090909091,0.9084337349,0.925502008,3903.544578,5423,7128,0.01445783133,0.3060240964
71,0.2,rank_static,352,3844,rank,44928,82,462,415,0.9242424242,0.9180722892,0.9220883534,3844,3844,3844,0,0
71,0.2,rank_expanding,352,3662,rank,44928,82,462,415,0.9242424242,0.9180722892,0.9220883534,3662,3662,3662,0,0
71,0.2,rank_rolling,352,3909,rank,1000,2,462,415,0.9242424242,0.9180722892,0.9220883534,3909,3909,3909,0,0
71,0.2,margin_static,353,14.30264544,score_margin,45390,83,242,226,0.7024793388,0.7079646018,0.7190265487,1753.070796,107.5,7128,0.09292035398,0.1238938053
71,0.2,margin_rolling,353,21.61617279,score_margin,1000,3,242,226,0.8925619835,0.8938053097,0.9092920354,3780.924779,4578,7128,0.02654867257,0.2699115044
71,0.2,rank_static,353,3844,rank,45390,83,242,226,0.8636363636,0.8539823009,0.8650442478,3844,3844,3844,0,0
71,0.2,rank_expanding,353,3647,rank,45390,83,242,226,0.8595041322,0.8495575221,0.860619469,3647,3647,3647,0,0
71,0.2,rank_rolling,353,3593,rank,1000,3,242,226,0.8595041322,0.8495575221,0.860619469,3593,3593,3593,0,0
71,0.2,margin_static,354,14.30264544,score_margin,45632,84,238,227,0.7352941176,0.7268722467,0.7393538913,2217.127753,158,7128,0.05286343612,0.1629955947
71,0.2,margin_rolling,354,21.27557373,score_margin,1000,3,238,227,0.8655462185,0.8634361233,0.8693098385,4008.678414,5771,7128,0.008810572687,0.3348017621
71,0.2,rank_static,354,3844,rank,45632,84,238,227,0.8949579832,0.8898678414,0.8920704846,3844,3844,3844,0,0
71,0.2,rank_expanding,354,3661,rank,45632,84,238,227,0.8907563025,0.8854625551,0.8898678414,3661,3661,3661,0,0
71,0.2,rank_rolling,354,3885,rank,1000,3,238,227,0.8949579832,0.8898678414,0.8920704846,3885,3885,3885,0,0
71,0.2,margin_static,355,14.30264544,score_margin,45870,85,578,506,0.7024221453,0.7233201581,0.7427536232,2334.270751,142,7128,0.06126482213,0.1798418972
71,0.2,margin_rolling,355,22.16626815,score_margin,1000,4,578,506,0.8875432526,0.9011857708,0.9157255788,4397.756917,6927,7128,0.009881422925,0.3913043478
71,0.2,rank_static,355,3844,rank,45870,85,578,506,0.884083045,0.8754940711,0.8866694899,3844,3844,3844,0,0
71,0.2,rank_expanding,355,3662,rank,45870,85,578,506,0.8771626298,0.8695652174,0.8804583098,3662,3662,3662,0,0
71,0.2,rank_rolling,355,3784,rank,1000,4,578,506,0.8823529412,0.8735177866,0.8846932053,3784,3784,3784,0,0
71,0.2,margin_static,356,14.30264544,score_margin,46448,86,548,483,0.7281021898,0.7329192547,0.7487922705,2291.898551,134,7128,0.05797101449,0.16563147
71,0.2,margin_rolling,356,22.67752635,score_margin,1000,3,548,483,0.897810219,0.900621118,0.9102829538,4246.372671,6768,7128,0.006211180124,0.3706004141
71,0.2,rank_static,356,3844,rank,46448,86,548,483,0.8923357664,0.8944099379,0.8964803313,3844,3844,3844,0,0
71,0.2,rank_expanding,356,3673,rank,46448,86,548,483,0.8795620438,0.8819875776,0.8830227743,3673,3673,3673,0,0
71,0.2,rank_rolling,356,4783,rank,1000,3,548,483,0.9197080292,0.9130434783,0.9192546584,4783,4783,4783,0,0
71,0.2,margin_static,357,14.30264544,score_margin,46996,87,406,363,0.7389162562,0.7465564738,0.7614784206,1572.730028,104,7128,0.05509641873,0.1157024793
71,0.2,margin_rolling,357,23.01233864,score_margin,1000,2,406,363,0.9261083744,0.9201101928,0.9361799816,4041.454545,5954,7128,0.01377410468,0.2865013774
71,0.2,rank_static,357,3844,rank,46996,87,406,363,0.9236453202,0.9256198347,0.9329660239,3844,3844,3844,0,0
71,0.2,rank_expanding,357,3679,rank,46996,87,406,363,0.9236453202,0.9256198347,0.9329660239,3679,3679,3679,0,0
71,0.2,rank_rolling,357,4319,rank,1000,2,406,363,0.9310344828,0.9338842975,0.9366391185,4319,4319,4319,0,0
71,0.2,margin_static,358,14.30264544,score_margin,47402,88,300,276,0.7766666667,0.7862318841,0.7983091787,1566.677536,71.5,7128,0.05434782609,0.1594202899
71,0.2,margin_rolling,358,22.09880733,score_margin,1000,3,300,276,0.9066666667,0.9057971014,0.9208937198,3473.471014,1811,7128,0.01449275362,0.2463768116
71,0.2,rank_static,358,3844,rank,47402,88,300,276,0.92,0.9130434783,0.9148550725,3844,3844,3844,0,0
71,0.2,rank_expanding,358,3674,rank,47402,88,300,276,0.9166666667,0.9094202899,0.9112318841,3674,3674,3674,0,0
71,0.2,rank_rolling,358,3794,rank,1000,3,300,276,0.9166666667,0.9094202899,0.9112318841,3794,3794,3794,0,0
71,0.2,margin_static,359,14.30264544,score_margin,47702,89,330,312,0.8242424242,0.8269230769,0.8338675214,2607.766026,275,7128,0.03846153846,0.2147435897
71,0.2,margin_rolling,359,21.74690629,score_margin,1000,3,330,312,0.9484848485,0.9455128205,0.9545940171,4611.849359,7110,7128,0.009615384615,0.3942307692
71,0.2,rank_static,359,3844,rank,47702,89,330,312,0.9393939394,0.9358974359,0.9358974359,3844,3844,3844,0,0
71,0.2,rank_expanding,359,3671,rank,47702,89,330,312,0.9363636364,0.9326923077,0.9326923077,3671,3671,3671,0,0
71,0.2,rank_rolling,359,3470,rank,1000,3,330,312,0.9303030303,0.9262820513,0.9262820513,3470,3470,3470,0,0
71,0.2,margin_static,360,14.30264544,score_margin,48032,90,228,214,0.7587719298,0.7523364486,0.7757009346,1744.808411,79,7128,0.06542056075,0.1308411215
71,0.2,margin_rolling,360,20.07378876,score_margin,1000,3,228,214,0.899122807,0.8971962617,0.9057632399,3160.96729,674.5,7128,0.02336448598,0.238317757
71,0.2,rank_static,360,3844,rank,48032,90,228,214,0.9473684211,0.9439252336,0.9462616822,3844,3844,3844,0,0
71,0.2,rank_expanding,360,3661,rank,48032,90,228,214,0.9473684211,0.9439252336,0.9462616822,3661,3661,3661,0,0
71,0.2,rank_rolling,360,2908,rank,1000,3,228,214,0.9342105263,0.9299065421,0.9322429907,2908,2908,2908,0,0
71,0.2,margin_static,361,14.30264544,score_margin,48260,91,246,226,0.7886178862,0.7920353982,0.8089970501,1729.19469,49,7128,0.09292035398,0.1150442478
71,0.2,margin_rolling,361,20.34263029,score_margin,1000,4,246,226,0.8861788618,0.8805309735,0.8901179941,2950.035398,644.5,7128,0.03982300885,0.2256637168
71,0.2,rank_static,361,3844,rank,48260,91,246,226,0.9349593496,0.9292035398,0.9292035398,3844,3844,3844,0,0
71,0.2,rank_expanding,361,3655,rank,48260,91,246,226,0.9349593496,0.9292035398,0.9292035398,3655,3655,3655,0,0
71,0.2,rank_rolling,361,2679,rank,1000,4,246,226,0.9105691057,0.9026548673,0.9048672566,2679,2679,2679,0,0
71,0.2,margin_static,362,14.30264544,score_margin,48506,92,620,530,0.7516129032,0.7830188679,0.8114734951,1784.703774,79,7128,0.07358490566,0.1396226415
71,0.2,margin_rolling,362,19.30045795,score_margin,1000,4,620,530,0.8435483871,0.8698113208,0.8894384546,2836.222642,633.5,7128,0.02264150943,0.2226415094
71,0.2,rank_static,362,3844,rank,48506,92,620,530,0.9451612903,0.9358490566,0.9396226415,3844,3844,3844,0,0
71,0.2,rank_expanding,362,3645,rank,48506,92,620,530,0.9419354839,0.9320754717,0.9358490566,3645,3645,3645,0,0
71,0.2,rank_rolling,362,2187,rank,1000,4,620,530,0.9,0.8830188679,0.8905660377,2187,2187,2187,0,0
71,0.2,margin_static,363,14.30264544,score_margin,49126,93,386,353,0.7953367876,0.8016997167,0.8182247403,1882.379603,79,7128,0.09065155807,0.1444759207
71,0.2,margin_rolling,363,22.40926552,score_margin,1000,3,386,353,0.9274611399,0.9291784703,0.9400377715,3642.073654,4169,7128,0.01983002833,0.3002832861
71,0.2,rank_static,363,3844,rank,49126,93,386,353,0.9222797927,0.9178470255,0.9225684608,3844,3844,3844,0,0
71,0.2,rank_expanding,363,3632,rank,49126,93,386,353,0.914507772,0.9093484419,0.9140698772,3632,3632,3632,0,0
71,0.2,rank_rolling,363,1793,rank,1000,3,386,353,0.8626943005,0.8583569405,0.8611898017,1793,1793,1793,0,0
71,0.2,margin_static,364,14.30264544,score_margin,49512,94,354,329,0.7627118644,0.7598784195,0.7755825735,1679.610942,71,7128,0.09422492401,0.1398176292
71,0.2,margin_rolling,364,21.77240562,score_margin,1000,2,354,329,0.895480226,0.8936170213,0.9024822695,3424.325228,1851,7128,0.02431610942,0.26443769
71,0.2,rank_static,364,3844,rank,49512,94,354,329,0.9152542373,0.9088145897,0.9103343465,3844,3844,3844,0,0
71,0.2,rank_expanding,364,3629,rank,49512,94,354,329,0.9152542373,0.9088145897,0.9103343465,3629,3629,3629,0,0
71,0.2,rank_rolling,364,2578,rank,1000,2,354,329,0.8926553672,0.8844984802,0.8875379939,2578,2578,2578,0,0
71,0.3,margin_static,292,14.28608608,score_margin,11270,22,730,658,0.8780821918,0.8905775076,0.9025329281,3671.618541,4250.5,7128,0.01367781155,0.3069908815
71,0.3,margin_rolling,292,14.78836346,score_margin,1000,3,730,658,0.8863013699,0.8951367781,0.907852077,3870.705167,5162,7128,0.01215805471,0.3313069909
71,0.3,rank_static,292,3688,rank,11270,22,730,658,0.8849315068,0.8814589666,0.8860182371,3688,3688,3688,0,0
71,0.3,rank_expanding,292,3688,rank,11270,22,730,658,0.8849315068,0.8814589666,0.8860182371,3688,3688,3688,0,0
71,0.3,rank_rolling,292,3674,rank,1000,3,730,658,0.8849315068,0.8814589666,0.8860182371,3674,3674,3674,0,0
71,0.3,margin_static,293,14.28608608,score_margin,12000,23,658,581,0.9072948328,0.9104991394,0.9265633964,3898.259897,5615,7128,0.01549053356,0.321858864
71,0.3,margin_rolling,293,15.04312515,score_margin,1000,2,658,581,0.9270516717,0.9294320138,0.9446356856,4176.597246,6614,7128,0.01376936317,0.3580034423
71,0.3,rank_static,293,3688,rank,12000,23,658,581,0.876899696,0.8657487091,0.876649455,3688,3688,3688,0,0
71,0.3,rank_expanding,293,3707,rank,12000,23,658,581,0.876899696,0.8657487091,0.876649455,3707,3707,3707,0,0
71,0.3,rank_rolling,293,4051,rank,1000,2,658,581,0.8981762918,0.8898450947,0.8987378084,4051,4051,4051,0,0
71,0.3,margin_static,294,14.28608608,score_margin,12658,24,618,538,0.8640776699,0.8550185874,0.8820012392,3658.920074,3775,7128,0.02602230483,0.3159851301
71,0.3,margin_rolling,294,14.7732088,score_margin,1000,2,618,538,0.8754045307,0.8680297398,0.8940830235,3854.055762,4940.5,7128,0.02230483271,0.3271375465
71,0.3,rank_static,294,3688,rank,12658,24,618,538,0.8948220065,0.8810408922,0.8847583643,3688,3688,3688,0,0
71,0.3,rank_expanding,294,3731,rank,12658,24,618,538,0.8964401294,0.8828996283,0.8856877323,3731,3731,3731,0,0
71,0.3,rank_rolling,294,4234,rank,1000,2,618,538,0.8980582524,0.8847583643,0.8875464684,4234,4234,4234,0,0
71,0.3,margin_static,295,14.28608608,score_margin,13276,25,666,578,0.8663663664,0.8633217993,0.8904844291,3767.615917,4524.5,7128,0.01384083045,0.2923875433
71,0.3,margin_rolling,295,15.52124856,score_margin,1000,2,666,578,0.9024024024,0.9031141869,0.9250865052,4265.448097,6516.5,7128,0.003460207612,0.339100346
71,0.3,rank_static,295,3688,rank,13276,25,666,578,0.8963963964,0.8823529412,0.8892733564,3688,3688,3688,0,0
71,0.3,rank_expanding,295,3736,rank,13276,25,666,578,0.8963963964,0.8823529412,0.8892733564,3736,3736,3736,0,0
71,0.3,rank_rolling,295,4385,rank,1000,2,666,578,0.9129129129,0.8996539792,0.9054209919,4385,4385,4385,0,0
71,0.3,margin_static,296,14.28608608,score_margin,13942,26,516,466,0.8604651163,0.856223176,0.8746781116,3642.922747,3925,7128,0.01502145923,0.30472103
71,0.3,margin_rolling,296,15.73587751,score_margin,1000,2,516,466,0.8798449612,0.8733905579,0.8914878398,4113.446352,6448,7128,0.00643776824,0.3454935622
71,0.3,rank_static,296,3688,rank,13942,26,516,466,0.8953488372,0.8841201717,0.885193133,3688,3688,3688,0,0
71,0.3,rank_expanding,296,3746,rank,13942,26,516,466,0.8953488372,0.8841201717,0.885193133,3746,3746,3746,0,0
71,0.3,rank_rolling,296,3583,rank,1000,2,516,466,0.8953488372,0.8841201717,0.885193133,3583,3583,3583,0,0
71,0.3,margin_static,297,14.28608608,score_margin,14458,27,292,254,0.8287671233,0.842519685,0.8585301837,3082.153543,805,7128,0.0157480315,0.2440944882
71,0.3,margin_rolling,297,16.08654952,score_margin,1000,2,292,254,0.8630136986,0.874015748,0.8896325459,3690.685039,4133.5,7128,0.007874015748,0.3228346457
71,0.3,rank_static,297,3688,rank,14458,27,292,254,0.9178082192,0.9094488189,0.9124015748,3688,3688,3688,0,0
71,0.3,rank_expanding,297,3753,rank,14458,27,292,254,0.9315068493,0.9251968504,0.9251968504,3753,3753,3753,0,0
71,0.3,rank_rolling,297,3826,rank,1000,2,292,254,0.9349315068,0.9291338583,0.9291338583,3826,3826,3826,0,0
71,0.3,margin_static,298,14.28608608,score_margin,14750,28,252,224,0.8492063492,0.8526785714,0.8764880952,3113.866071,1028.5,7128,0.01339285714,0.2991071429
71,0.3,margin_rolling,298,16.89657193,score_margin,1000,3,252,224,0.9246031746,0.9285714286,0.9445684524,4208.602679,6544,7128,0.008928571429,0.3348214286
71,0.3,rank_static,298,3688,rank,14750,28,252,224,0.869047619,0.8526785714,0.8634672619,3688,3688,3688,0,0
71,0.3,rank_expanding,298,3727,rank,14750,28,252,224,0.873015873,0.8571428571,0.8645833333,3727,3727,3727,0,0
71,0.3,rank_rolling,298,3544,rank,1000,3,252,224,0.8611111111,0.84375,0.8545386905,3544,3544,3544,0,0
71,0.3,margin_static,299,14.28608608,score_margin,15002,29,702,615,0.8675213675,0.8829268293,0.8990631049,3570.814634,3846,7128,0.0162601626,0.2227642276
71,0.3,margin_rolling,299,16.58289242,score_margin,1000,3,702,615,0.9045584046,0.9154471545,0.9272009292,4365.980488,6884,7128,0.006504065041,0.356097561
71,0.3,rank_static,299,3688,rank,15002,29,702,615,0.9131054131,0.9008130081,0.9016260163,3688,3688,3688,0,0
71,0.3,rank_expanding,299,3746,rank,15002,29,702,615,0.9131054131,0.9008130081,0.9016260163,3746,3746,3746,0,0
71,0.3,rank_rolling,299,3803,rank,1000,3,702,615,0.9145299145,0.9024390244,0.9032520325,3803,3803,3803,0,0
71,0.3,margin_static,300,14.28608608,score_margin,15704,30,664,573,0.8689759036,0.872600349,0.8990692263,3661.581152,4170,7128,0.02268760908,0.294938918
71,0.3,margin_rolling,300,16.01226616,score_margin,1000,3,664,573,0.9021084337,0.9022687609,0.9235989917,4329.776614,6836,7128,0.01047120419,0.3542757417
71,0.3,rank_static,300,3688,rank,15704,30,664,573,0.8855421687,0.8708551483,0.880744619,3688,3688,3688,0,0
71,0.3,rank_expanding,300,3726,rank,15704,30,664,573,0.8870481928,0.872600349,0.8816172193,3726,3726,3726,0,0
71,0.3,rank_rolling,300,3702,rank,1000,3,664,573,0.8870481928,0.872600349,0.8816172193,3702,3702,3702,0,0
71,0.3,margin_static,301,14.28608608,score_margin,16368,31,616,552,0.8912337662,0.8876811594,0.9089371981,3899.782609,5798.5,7128,0.01630434783,0.2898550725
71,0.3,margin_rolling,301,16.65197468,score_margin,1000,2,616,552,0.9285714286,0.9293478261,0.9373188406,4601.969203,7097,7128,0.003623188406,0.4112318841
71,0.3,rank_static,301,3688,rank,16368,31,616,552,0.887987013,0.8768115942,0.8810386473,3688,3688,3688,0,0
71,0.3,rank_expanding,301,3746,rank,16368,31,616,552,0.8896103896,0.8786231884,0.8828502415,3746,3746,3746,0,0
71,0.3,rank_rolling,301,3816,rank,1000,2,616,552,0.8896103896,0.8786231884,0.8828502415,3816,3816,3816,0,0
71,0.3,margin_static,302,14.28608608,score_margin,16984,32,570,490,0.8614035088,0.8571428571,0.8770699708,3272.991837,1179,7128,0.02857142857,0.2693877551
71,0.3,margin_rolling,302,15.65586424,score_margin,1000,2,570,490,0.8754385965,0.8734693878,0.8907434402,3775.391837,4465,7128,0.02040816327,0.306122449
71,0.3,rank_static,302,3688,rank,16984,32,570,490,0.8947368421,0.8836734694,0.8897959184,3688,3688,3688,0,0
71,0.3,rank_expanding,302,3757,rank,16984,32,570,490,0.898245614,0.887755102,0.893877551,3757,3757,3757,0,0
71,0.3,rank_rolling,302,4242,rank,1000,2,570,490,0.9052631579,0.8959183673,0.9020408163,4242,4242,4242,0,0
71,0.3,margin_static,303,14.28608608,score_margin,17554,33,542,485,0.8726937269,0.8701030928,0.8816494845,3485.018557,1941,7128,0.01855670103,0.2824742268
71,0.3,margin_rolling,303,16.51462317,score_margin,1000,2,542,485,0.9077490775,0.9030927835,0.9098969072,4158.868041,6687,7128,0.00618556701,0.3608247423
71,0.3,rank_static,303,3688,rank,17554,33,542,485,0.8856088561,0.8762886598,0.8804123711,3688,3688,3688,0,0
71,0.3,rank_expanding,303,3759,rank,17554,33,542,485,0.8874538745,0.8783505155,0.8824742268,3759,3759,3759,0,0
71,0.3,rank_rolling,303,4313,rank,1000,2,542,485,0.9022140221,0.8927835052,0.8979381443,4313,4313,4313,0,0
71,0.3,margin_static,304,14.28608608,score_margin,18096,34,328,281,0.8292682927,0.8291814947,0.8635824437,3350.348754,1560,7128,0.01423487544,0.2491103203
71,0.3,margin_rolling,304,15.88280201,score_margin,1000,2,328,281,0.8841463415,0.8861209964,0.9122182681,3882.576512,5394,7128,0.01067615658,0.3096085409
71,0.3,rank_static,304,3688,rank,18096,34,328,281,0.9146341463,0.9145907473,0.9145907473,3688,3688,3688,0,0
71,0.3,rank_expanding,304,3770,rank,18096,34,328,281,0.9146341463,0.9145907473,0.9145907473,3770,3770,3770,0,0
71,0.3,rank_rolling,304,4287,rank,1000,2,328,281,0.9237804878,0.9252669039,0.9252669039,4287,4287,4287,0,0
71,0.3,margin_static,305,14.28608608,score_margin,18424,35,328,295,0.875,0.8779661017,0.8968361582,2957.027119,860,7128,0.01694915254,0.2169491525
71,0.3,margin_rolling,305,16.67349339,score_margin,1000,3,328,295,0.9359756098,0.9355932203,0.9500564972,3884.942373,5000,7128,0.006779661017,0.2949152542
71,0.3,rank_static,305,3688,rank,18424,35,328,295,0.9451219512,0.9389830508,0.9389830508,3688,3688,3688,0,0
71,0.3,rank_expanding,305,3760,rank,18424,35,328,295,0.9481707317,0.9423728814,0.9423728814,3760,3760,3760,0,0
71,0.3,rank_rolling,305,3777,rank,1000,3,328,295,0.9481707317,0.9423728814,0.9423728814,3777,3777,3777,0,0
71,0.3,margin_static,306,14.28608608,score_margin,18752,36,582,513,0.8487972509,0.865497076,0.8846003899,3456.440546,1629,7128,0.0253411306,0.2787524366
71,0.3,margin_rolling,306,15.76959801,score_margin,1000,3,582,513,0.8848797251,0.8966861598,0.9127680312,3911.818713,6061,7128,0.01559454191,0.3391812865
71,0.3,rank_static,306,3688,rank,18752,36,582,513,0.9072164948,0.8947368421,0.8989603639,3688,3688,3688,0,0
71,0.3,rank_expanding,306,3733,rank,18752,36,582,513,0.910652921,0.8986354776,0.9028589994,3733,3733,3733,0,0
71,0.3,rank_rolling,306,3251,rank,1000,3,582,513,0.9003436426,0.8869395712,0.8921377518,3251,3251,3251,0,0
71,0.3,margin_static,307,14.28608608,score_margin,19334,37,588,510,0.8384353741,0.8529411765,0.8758496732,3496.796078,1813.5,7128,0.02352941176,0.2901960784
71,0.3,margin_rolling,307,16.06087685,score_margin,1000,3,588,510,0.8894557823,0.9019607843,0.9147712418,4182.276471,6238.5,7128,0.0137254902,0.3470588235
71,0.3,rank_static,307,3688,rank,19334,37,588,510,0.8758503401,0.8568627451,0.8679084967,3688,3688,3688,0,0
71,0.3,rank_expanding,307,3727,rank,19334,37,588,510,0.8775510204,0.8588235294,0.8688888889,3727,3727,3727,0,0
71,0.3,rank_rolling,307,2932,rank,1000,3,588,510,0.8571428571,0.837254902,0.8488888889,2932,2932,2932,0,0
71,0.3,margin_static,308,14.28608608,score_margin,19922,38,562,497,0.8434163701,0.8450704225,0.8671553128,3548.828974,2096,7128,0.02816901408,0.3138832998
71,0.3,margin_rolling,308,16.86469719,score_margin,1000,2,562,497,0.9003558719,0.8973843058,0.914889336,4273.044266,6860,7128,0.01408450704,0.4004024145
71,0.3,rank_static,308,3688,rank,19922,38,562,497,0.8790035587,0.8672032193,0.8708249497,3688,3688,3688,0,0
71,0.3,rank_expanding,308,3746,rank,19922,38,562,497,0.8807829181,0.8692152918,0.8712273642,3746,3746,3746,0,0
71,0.3,rank_rolling,308,3978,rank,1000,2,562,497,0.8879003559,0.8772635815,0.8792756539,3978,3978,3978,0,0
71,0.3,margin_static,309,14.28608608,score_margin,20484,39,626,535,0.8450479233,0.8485981308,0.8720560748,3603.04486,3428,7128,0.0261682243,0.308411215
71,0.3,margin_rolling,309,16.86469719,score_margin,1000,2,626,535,0.8961661342,0.9009345794,0.9195015576,4496.895327,6991,7128,0.01121495327,0.3925233645
71,0.3,rank_static,309,3688,rank,20484,39,626,535,0.8722044728,0.8598130841,0.8644859813,3688,3688,3688,0,0
71,0.3,rank_expanding,309,3760,rank,20484,39,626,535,0.8738019169,0.861682243,0.8663551402,3760,3760,3760,0,0
71,0.3,rank_rolling,309,4447,rank,1000,2,626,535,0.8913738019,0.8822429907,0.8841121495,4447,4447,4447,0,0
71,0.3,margin_static,310,14.28608608,score_margin,21110,40,620,527,0.8677419355,0.8576850095,0.8926628716,3053.686907,993,7128,0.01897533207,0.2258064516
71,0.3,margin_rolling,310,17.08527088,score_margin,1000,2,620,527,0.9306451613,0.9222011385,0.9486084756,4171.863378,6524,7128,0.01138519924,0.3149905123
71,0.3,rank_static,310,3688,rank,21110,40,620,527,0.9096774194,0.8937381404,0.9000632511,3688,3688,3688,0,0
71,0.3,rank_expanding,310,3785,rank,21110,40,620,527,0.9112903226,0.8956356736,0.9019607843,3785,3785,3785,0,0
71,0.3,rank_rolling,310,4656,rank,1000,2,620,527,0.935483871,0.9240986717,0.9291587603,4656,4656,4656,0,0
71,0.3,margin_static,311,14.28608608,score_margin,21730,41,438,366,0.8584474886,0.8415300546,0.8752276867,2654.221311,489,7128,0.0218579235,0.1885245902
71,0.3,margin_rolling,311,16.23939705,score_margin,1000,2,438,366,0.904109589,0.893442623,0.9203096539,3361.734973,1611,7128,0.01639344262,0.2349726776
71,0.3,rank_static,311,3688,rank,21730,41,438,366,0.9155251142,0.9016393443,0.9116575592,3688,3688,3688,0,0
71,0.3,rank_expanding,311,3774,rank,21730,41,438,366,0.9155251142,0.9016393443,0.9116575592,3774,3774,3774,0,0
71,0.3,rank_rolling,311,3925,rank,1000,2,438,366,0.9178082192,0.9043715847,0.9143897996,3925,3925,3925,0,0
71,0.3,margin_static,312,14.28608608,score_margin,22168,42,460,368,0.8413043478,0.8505434783,0.8819228778,2478.5,423.5,7128,0.01902173913,0.1684782609
71,0.3,margin_rolling,312,15.75804043,score_margin,1000,2,460,368,0.8760869565,0.8777173913,0.9073110766,3043.942935,1037,7128,0.01358695652,0.2010869565
71,0.3,rank_static,312,3688,rank,22168,42,460,368,0.9152173913,0.8940217391,0.9115036232,3688,3688,3688,0,0
71,0.3,rank_expanding,312,3765,rank,22168,42,460,368,0.9152173913,0.8940217391,0.9115036232,3765,3765,3765,0,0
71,0.3,rank_rolling,312,3533,rank,1000,2,460,368,0.9108695652,0.8913043478,0.9078804348,3533,3533,3533,0,0
71,0.3,margin_static,313,14.28608608,score_margin,22628,43,794,641,0.8324937028,0.8268330733,0.8660166407,2774.410296,502,7128,0.02340093604,0.224648986
71,0.3,margin_rolling,313,16.67599583,score_margin,1000,3,794,641,0.8942065491,0.8923556942,0.9158086323,3611.113885,4085,7128,0.01560062402,0.2730109204
71,0.3,rank_static,313,3688,rank,22628,43,794,641,0.9256926952,0.9079563183,0.9118564743,3688,3688,3688,0,0
71,0.3,rank_expanding,313,3756,rank,22628,43,794,641,0.9332493703,0.9173166927,0.9204368175,3756,3756,3756,0,0
71,0.3,rank_rolling,313,3369,rank,1000,3,794,641,0.9168765743,0.8970358814,0.9009360374,3369,3369,3369,0,0
71,0.3,margin_static,314,14.28608608,score_margin,23422,44,678,585,0.8584070796,0.8581196581,0.883024013,2923.470085,638,7128,0.02735042735,0.2324786325
71,0.3,margin_rolling,314,17.04840469,score_margin,1000,2,678,585,0.8997050147,0.8974358974,0.9180993081,3854.150427,5642,7128,0.01367521368,0.2957264957
71,0.3,rank_static,314,3688,rank,23422,44,678,585,0.9174041298,0.9076923077,0.9125356125,3688,3688,3688,0,0
71,0.3,rank_expanding,314,3724,rank,23422,44,678,585,0.9174041298,0.9076923077,0.9125356125,3724,3724,3724,0,0
71,0.3,rank_rolling,314,2983,rank,1000,2,678,585,0.8938053097,0.8803418803,0.886039886,2983,2983,2983,0,0
71,0.3,margin_static,315,14.28608608,score_margin,24100,45,774,660,0.8449612403,0.8409090909,0.862020202,2871.177273,668,7128,0.02878787879,0.196969697
71,0.3,margin_rolling,315,17.39043808,score_margin,1000,2,774,660,0.8927648579,0.8893939394,0.9057070707,3993.627273,6066.5,7128,0.01060606061,0.3045454545
71,0.3,rank_static,315,3688,rank,24100,45,774,660,0.9341085271,0.9272727273,0.9295454545,3688,3688,3688,0,0
71,0.3,rank_expanding,315,3720,rank,24100,45,774,660,0.9341085271,0.9272727273,0.9295454545,3720,3720,3720,0,0
71,0.3,rank_rolling,315,3086,rank,1000,2,774,660,0.9186046512,0.9090909091,0.9133333333,3086,3086,3086,0,0
71,0.3,margin_static,316,14.28608608,score_margin,24874,46,758,622,0.8350923483,0.8295819936,0.8567524116,3160.073955,1330,7128,0.02411575563,0.231511254
71,0.3,margin_rolling,316,17.79959202,score_margin,1000,2,758,622,0.919525066,0.9115755627,0.9344051447,4436.786174,6883.5,7128,0.004823151125,0.345659164
71,0.3,rank_static,316,3688,rank,24874,46,758,622,0.9102902375,0.8906752412,0.892550911,3688,3688,3688,0,0
71,0.3,rank_expanding,316,3685,rank,24874,46,758,622,0.9102902375,0.8906752412,0.892550911,3685,3685,3685,0,0
71,0.3,rank_rolling,316,2776,rank,1000,2,758,622,0.882585752,0.8569131833,0.8603965702,2776,2776,2776,0,0
71,0.3,margin_static,317,14.28608608,score_margin,25632,47,630,559,0.8222222222,0.8228980322,0.8443053071,2482.270125,345,7128,0.02683363148,0.1806797853
71,0.3,margin_rolling,317,17.33660293,score_margin,1000,2,630,559,0.8936507937,0.8890876565,0.9101371497,3546.309481,3497,7128,0.01073345259,0.2647584973
71,0.3,rank_static,317,3688,rank,25632,47,630,559,0.8952380952,0.8819320215,0.8888193202,3688,3688,3688,0,0
71,0.3,rank_expanding,317,3681,rank,25632,47,630,559,0.8952380952,0.8819320215,0.8888193202,3681,3681,3681,0,0
71,0.3,rank_rolling,317,3240,rank,1000,2,630,559,0.8888888889,0.8747763864,0.8825581395,3240,3240,3240,0,0
71,0.3,margin_static,318,14.28608608,score_margin,26262,48,342,308,0.8391812865,0.8409090909,0.8614718615,2448.383117,207.5,7128,0.02597402597,0.2012987013
71,0.3,margin_rolling,318,17.68000904,score_margin,1000,2,342,308,0.9064327485,0.9058441558,0.9247835498,3500.607143,1930.5,7128,0.01298701299,0.275974026
71,0.3,rank_static,318,3688,rank,26262,48,342,308,0.9093567251,0.8993506494,0.9074675325,3688,3688,3688,0,0
71,0.3,rank_expanding,318,3683,rank,26262,48,342,308,0.9064327485,0.8961038961,0.9042207792,3683,3683,3683,0,0
71,0.3,rank_rolling,318,3588,rank,1000,2,342,308,0.9064327485,0.8961038961,0.9042207792,3588,3588,3588,0,0
71,0.3,margin_static,319,14.28608608,score_margin,26604,49,324,290,0.8549382716,0.8413793103,0.8465517241,2616.493103,334,7128,0.03448275862,0.1896551724
71,0.3,margin_rolling,319,17.49568367,score_margin,1000,3,324,290,0.9320987654,0.924137931,0.9310344828,3542.651724,2199.5,7128,0.01034482759,0.2862068966
71,0.3,rank_static,319,3688,rank,26604,49,324,290,0.950617284,0.9448275862,0.9448275862,3688,3688,3688,0,0
71,0.3,rank_expanding,319,3682,rank,26604,49,324,290,0.950617284,0.9448275862,0.9448275862,3682,3682,3682,0,0
71,0.3,rank_rolling,319,3875,rank,1000,3,324,290,0.950617284,0.9448275862,0.9448275862,3875,3875,3875,0,0
71,0.3,margin_static,320,14.28608608,score_margin,26928,50,736,646,0.8301630435,0.8359133127,0.8534227726,3171.356037,718,7128,0.02941176471,0.2631578947
71,0.3,margin_rolling,320,17.12742996,score_margin,1000,3,736,646,0.8872282609,0.8916408669,0.9045235638,3921.959752,6134.5,7128,0.01702786378,0.3405572755
71,0.3,rank_static,320,3688,rank,26928,50,736,646,0.9171195652,0.9086687307,0.9111971104,3688,3688,3688,0,0
71,0.3,rank_expanding,320,3667,rank,26928,50,736,646,0.9157608696,0.907120743,0.9104231166,3667,3667,3667,0,0
71,0.3,rank_rolling,320,2905,rank,1000,3,736,646,0.8899456522,0.8777089783,0.8835913313,2905,2905,2905,0,0
71,0.3,margin_static,321,14.28608608,score_margin,27664,51,680,603,0.8352941176,0.8175787728,0.8421779989,2913.331675,612,7128,0.02653399668,0.2139303483
71,0.3,margin_rolling,321,17.23293434,score_margin,1000,2,680,603,0.9014705882,0.8922056385,0.907960199,3988.472637,5828,7128,0.01658374793,0.3184079602
71,0.3,rank_static,321,3688,rank,27664,51,680,603,0.9073529412,0.8988391376,0.9063018242,3688,3688,3688,0,0
71,0.3,rank_expanding,321,3651,rank,27664,51,680,603,0.9073529412,0.8988391376,0.9063018242,3651,3651,3651,0,0
71,0.3,rank_rolling,321,2891,rank,1000,2,680,603,0.8838235294,0.872305141,0.8797678275,2891,2891,2891,0,0
71,0.3,margin_static,322,14.28608608,score_margin,28344,52,668,595,0.8293413174,0.8235294118,0.8428011204,3113.006723,771,7128,0.0268907563,0.2369747899
71,0.3,margin_rolling,322,17.68122053,score_margin,1000,2,668,595,0.9176646707,0.9210084034,0.9291316527,4157.722689,6447,7128,0.008403361345,0.3478991597
71,0.3,rank_static,322,3688,rank,28344,52,668,595,0.8922155689,0.8823529412,0.8840336134,3688,3688,3688,0,0
71,0.3,rank_expanding,322,3643,rank,28344,52,668,595,0.8922155689,0.8823529412,0.8840336134,3643,3643,3643,0,0
71,0.3,rank_rolling,322,3184,rank,1000,2,668,595,0.8817365269,0.8705882353,0.8722689076,3184,3184,3184,0,0
71,0.3,margin_static,323,14.28608608,score_margin,29012,53,668,600,0.8068862275,0.8033333333,0.8222222222,2916.228333,721.5,7128,0.02166666667,0.2133333333
71,0.3,margin_rolling,323,16.88490295,score_margin,1000,2,668,600,0.8922155689,0.8933333333,0.9072222222,3861.198333,5220.5,7128,0.01,0.2833333333
71,0.3,rank_static,323,3688,rank,29012,53,668,600,0.8967065868,0.8866666667,0.8933333333,3688,3688,3688,0,0
71,0.3,rank_expanding,323,3651,rank,29012,53,668,600,0.8952095808,0.885,0.8925,3651,3651,3651,0,0
71,0.3,rank_rolling,323,3821,rank,1000,2,668,600,0.8997005988,0.89,0.8955555556,3821,3821,3821,0,0
71,0.3,margin_static,324,14.28608608,score_margin,29680,54,796,650,0.8090452261,0.8184615385,0.8534358974,2958.444615,735.5,7128,0.02307692308,0.2061538462
71,0.3,margin_rolling,324,17.69784641,score_margin,1000,2,796,650,0.891959799,0.8969230769,0.9240769231,4127.975385,6374.5,7128,0.01384615385,0.3307692308
71,0.3,rank_static,324,3688,rank,29680,54,796,650,0.9459798995,0.9338461538,0.9369230769,3688,3688,3688,0,0
71,0.3,rank_expanding,324,3653,rank,29680,54,796,650,0.9371859296,0.9230769231,0.9276923077,3653,3653,3653,0,0
71,0.3,rank_rolling,324,3916,rank,1000,2,796,650,0.9497487437,0.9384615385,0.9407692308,3916,3916,3916,0,0
71,0.3,margin_static,325,14.28608608,score_margin,30476,55,398,360,0.7939698492,0.7972222222,0.8148148148,2774.594444,291.5,7128,0.04166666667,0.225
71,0.3,margin_rolling,325,17.80513763,score_margin,1000,2,398,360,0.8869346734,0.8916666667,0.8986111111,3678.780556,4327.5,7128,0.01944444444,0.3527777778
71,0.3,rank_static,325,3688,rank,30476,55,398,360,0.8768844221,0.8638888889,0.8666666667,3688,3688,3688,0,0
71,0.3,rank_expanding,325,3618,rank,30476,55,398,360,0.8668341709,0.8527777778,0.8555555556,3618,3618,3618,0,0
71,0.3,rank_rolling,325,2643,rank,1000,2,398,360,0.8341708543,0.8166666667,0.825,2643,2643,2643,0,0
71,0.3,margin_static,326,14.28608608,score_margin,30874,56,422,348,0.7748815166,0.7729885057,0.8017241379,2243.137931,164.5,7128,0.04022988506,0.1408045977
71,0.3,margin_rolling,326,17.88094997,score_margin,1000,2,422,348,0.8744075829,0.8649425287,0.8830220307,3262.232759,1025,7128,0.01149425287,0.2614942529
71,0.3,rank_static,326,3688,rank,30874,56,422,348,0.9407582938,0.9310344828,0.9324712644,3688,3688,3688,0,0
71,0.3,rank_expanding,326,3633,rank,30874,56,422,348,0.9407582938,0.9310344828,0.9324712644,3633,3633,3633,0,0
71,0.3,rank_rolling,326,3330,rank,1000,2,422,348,0.9383886256,0.9281609195,0.9295977011,3330,3330,3330,0,0
71,0.3,margin_static,327,14.28608608,score_margin,31296,57,738,621,0.7886178862,0.808373591,0.8333064949,2869.405797,576,7128,0.03703703704,0.2238325282
71,0.3,margin_rolling,327,18.6080575,score_margin,1000,3,738,621,0.8848238482,0.8969404187,0.917740204,4171.597424,6377,7128,0.009661835749,0.3623188406
71,0.3,rank_static,327,3688,rank,31296,57,738,621,0.9010840108,0.885668277,0.8969404187,3688,3688,3688,0,0
71,0.3,rank_expanding,327,3614,rank,31296,57,738,621,0.8956639566,0.8792270531,0.8928609769,3614,3614,3614,0,0
71,0.3,rank_rolling,327,3095,rank,1000,3,738,621,0.891598916,0.8743961353,0.888030059,3095,3095,3095,0,0
71,0.3,margin_static,328,14.28608608,score_margin,32034,58,600,526,0.8316666667,0.8384030418,0.8576136158,2884.051331,505.5,7128,0.02851711027,0.2091254753
71,0.3,margin_rolling,328,19.37805367,score_margin,1000,2,600,526,0.9283333333,0.9296577947,0.9398424769,4490.728137,7015,7128,0.003802281369,0.3764258555
71,0.3,rank_static,328,3688,rank,32034,58,600,526,0.9116666667,0.9030418251,0.9077946768,3688,3688,3688,0,0
71,0.3,rank_expanding,328,3618,rank,32034,58,600,526,0.9116666667,0.9030418251,0.9077946768,3618,3618,3618,0,0
71,0.3,rank_rolling,328,2831,rank,1000,2,600,526,0.8966666667,0.8878326996,0.891634981,2831,2831,2831,0,0
71,0.3,margin_static,329,14.28608608,score_margin,32634,59,684,599,0.817251462,0.8263772955,0.8473567056,2897.141903,499,7128,0.03005008347,0.2337228715
71,0.3,margin_rolling,329,18.72133589,score_margin,1000,2,684,599,0.918128655,0.9148580968,0.9302726767,4265.495826,6672,7128,0.006677796327,0.3722871452
71,0.3,rank_static,329,3688,rank,32634,59,684,599,0.899122807,0.8864774624,0.898720089,3688,3688,3688,0,0
71,0.3,rank_expanding,329,3607,rank,32634,59,684,599,0.8874269006,0.8731218698,0.8861992209,3607,3607,3607,0,0
71,0.3,rank_rolling,329,3410,rank,1000,2,684,599,0.8815789474,0.8664440735,0.8795214246,3410,3410,3410,0,0
71,0.3,margin_static,330,14.28608608,score_margin,33318,60,640,580,0.8390625,0.8413793103,0.8541666667,2742.408621,443,7128,0.02931034483,0.2051724138
71,0.3,margin_rolling,330,17.45869637,score_margin,1000,2,640,580,0.9203125,0.925862069,0.9343390805,3819.148276,4847,7128,0.01379310345,0.2982758621
71,0.3,rank_static,330,3688,rank,33318,60,640,580,0.9,0.8896551724,0.8905172414,3688,3688,3688,0,0
71,0.3,rank_expanding,330,3619,rank,33318,60,640,580,0.9,0.8896551724,0.8905172414,3619,3619,3619,0,0
71,0.3,rank_rolling,330,3688,rank,1000,2,640,580,0.9,0.8896551724,0.8905172414,3688,3688,3688,0,0
71,0.3,margin_static,331,14.28608608,score_margin,33958,61,506,474,0.8557312253,0.858649789,0.8644514768,2853.008439,496.5,7128,0.0358649789,0.2046413502
71,0.3,margin_rolling,331,16.91238642,score_margin,1000,2,506,474,0.8873517787,0.8902953586,0.8950421941,3712.761603,4644,7128,0.02109704641,0.2848101266
71,0.3,rank_static,331,3688,rank,33958,61,506,474,0.9071146245,0.9008438819,0.9008438819,3688,3688,3688,0,0
71,0.3,rank_expanding,331,3619,rank,33958,61,506,474,0.9051383399,0.8987341772,0.8987341772,3619,3619,3619,0,0
71,0.3,rank_rolling,331,3688,rank,1000,2,506,474,0.9071146245,0.9008438819,0.9008438819,3688,3688,3688,0,0
71,0.3,margin_static,332,14.28608608,score_margin,34464,62,318,300,0.820754717,0.82,0.8277777778,2704.456667,373.5,7128,0.03333333333,0.2233333333
71,0.3,margin_rolling,332,16.95129919,score_margin,1000,2,318,300,0.9056603774,0.9033333333,0.91,3418.106667,1585.5,7128,0.02333333333,0.2866666667
71,0.3,rank_static,332,3688,rank,34464,62,318,300,0.9088050314,0.9033333333,0.9033333333,3688,3688,3688,0,0
71,0.3,rank_expanding,332,3618,rank,34464,62,318,300,0.9056603774,0.9,0.9,3618,3618,3618,0,0
71,0.3,rank_rolling,332,3578,rank,1000,2,318,300,0.9056603774,0.9,0.9,3578,3578,3578,0,0
71,0.3,margin_static,333,14.28608608,score_margin,34782,63,342,312,0.8274853801,0.8269230769,0.8408119658,2758.88141,402,7128,0.04166666667,0.2179487179
71,0.3,margin_rolling,333,17.08683348,score_margin,1000,3,342,312,0.8713450292,0.875,0.8888888889,3548.496795,3783,7128,0.02564102564,0.3044871795
71,0.3,rank_static,333,3688,rank,34782,63,342,312,0.9152046784,0.9070512821,0.9102564103,3688,3688,3688,0,0
71,0.3,rank_expanding,333,3617,rank,34782,63,342,312,0.9122807018,0.9038461538,0.9070512821,3617,3617,3617,0,0
71,0.3,rank_rolling,333,3494,rank,1000,3,342,312,0.9064327485,0.8974358974,0.9006410256,3494,3494,3494,0,0
71,0.3,margin_static,334,14.28608608,score_margin,35124,64,700,633,0.8414285714,0.8420221169,0.8548446551,2635.551343,350,7128,0.0458135861,0.1895734597
71,0.3,margin_rolling,334,18.02441338,score_margin,1000,3,700,633,0.9171428571,0.9241706161,0.9338335966,3916.109005,5720,7128,0.0205371248,0.3017377567
71,0.3,rank_static,334,3688,rank,35124,64,700,633,0.9028571429,0.8988941548,0.9007372301,3688,3688,3688,0,0
71,0.3,rank_expanding,334,3611,rank,35124,64,700,633,0.9028571429,0.8988941548,0.9007372301,3611,3611,3611,0,0
71,0.3,rank_rolling,334,3462,rank,1000,3,700,633,0.9,0.8957345972,0.8975776725,3462,3462,3462,0,0
71,0.3,margin_static,335,14.28608608,score_margin,35824,65,656,587,0.8292682927,0.8279386712,0.8447473027,2676.262351,350,7128,0.03236797274,0.2078364566
71,0.3,margin_rolling,335,17.71228409,score_margin,1000,2,656,587,0.8917682927,0.8926746167,0.9060760931,3712.93356,4522,7128,0.01533219761,0.3066439523
71,0.3,rank_static,335,3688,rank,35824,65,656,587,0.8932926829,0.8824531516,0.8901192504,3688,3688,3688,0,0
71,0.3,rank_expanding,335,3607,rank,35824,65,656,587,0.8887195122,0.8773424191,0.8850085179,3607,3607,3607,0,0
71,0.3,rank_rolling,335,3480,rank,1000,2,656,587,0.8887195122,0.8773424191,0.8850085179,3480,3480,3480,0,0
71,0.3,margin_static,336,14.28608608,score_margin,36480,66,632,551,0.7800632911,0.7822141561,0.8063520871,2741.936479,495,7128,0.03266787659,0.219600726
71,0.3,margin_rolling,336,18.20612526,score_margin,1000,2,632,551,0.8955696203,0.8947368421,0.9123411978,4064.475499,6036,7128,0.01451905626,0.3176043557
71,0.3,rank_static,336,3688,rank,36480,66,632,551,0.8892405063,0.8765880218,0.8805202662,3688,3688,3688,0,0
71,0.3,rank_expanding,336,3616,rank,36480,66,632,551,0.8860759494,0.8729582577,0.8768905021,3616,3616,3616,0,0
71,0.3,rank_rolling,336,3783,rank,1000,2,632,551,0.8971518987,0.8856624319,0.888384755,3783,3783,3783,0,0
71,0.3,margin_static,337,14.28608608,score_margin,37112,67,552,492,0.7898550725,0.8008130081,0.81649729,2733.156504,390.5,7128,0.03048780488,0.1829268293
71,0.3,margin_rolling,337,18.42494559,score_margin,1000,2,552,492,0.8967391304,0.9024390244,0.9145663957,3895.382114,5835.5,7128,0.01016260163,0.3048780488
71,0.3,rank_static,337,3688,rank,37112,67,552,492,0.9003623188,0.8902439024,0.8943089431,3688,3688,3688,0,0
71,0.3,rank_expanding,337,3622,rank,37112,67,552,492,0.8949275362,0.8841463415,0.8882113821,3622,3622,3622,0,0
71,0.3,rank_rolling,337,3783,rank,1000,2,552,492,0.9039855072,0.8943089431,0.8983739837,3783,3783,3783,0,0
71,0.3,margin_static,338,14.28608608,score_margin,37664,68,496,457,0.7883064516,0.8052516411,0.8107221007,2689.231947,337,7128,0.04814004376,0.1991247265
71,0.3,margin_rolling,338,19.18077946,score_margin,1000,2,496,457,0.8991935484,0.9190371991,0.9245076586,4220.501094,6615,7128,0.01312910284,0.3369803063
71,0.3,rank_static,338,3688,rank,37664,68,496,457,0.8709677419,0.8621444201,0.8650619985,3688,3688,3688,0,0
71,0.3,rank_expanding,338,3626,rank,37664,68,496,457,0.8689516129,0.8599562363,0.8628738147,3626,3626,3626,0,0
71,0.3,rank_rolling,338,3982,rank,1000,2,496,457,0.8790322581,0.8708971554,0.8738147338,3982,3982,3982,0,0
71,0.3,margin_static,339,14.28608608,score_margin,38160,69,328,297,0.7774390244,0.7845117845,0.7999438833,2107.989899,194,7128,0.06734006734,0.1245791246
71,0.3,margin_rolling,339,18.80870224,score_margin,1000,2,328,297,0.8993902439,0.8956228956,0.907687991,3696.208754,4487,7128,0.02693602694,0.2491582492
71,0.3,rank_static,339,3688,rank,38160,69,328,297,0.8719512195,0.8686868687,0.8776655443,3688,3688,3688,0,0
71,0.3,rank_expanding,339,3635,rank,38160,69,328,297,0.868902439,0.8653198653,0.874298541,3635,3635,3635,0,0
71,0.3,rank_rolling,339,4396,rank,1000,2,328,297,0.875,0.8720538721,0.8787878788,4396,4396,4396,0,0
71,0.3,margin_static,340,14.28608608,score_margin,38488,70,328,303,0.7774390244,0.7887788779,0.8074807481,2639.70297,287,7128,0.03300330033,0.198019802
71,0.3,margin_rolling,340,19.01248264,score_margin,1000,3,328,303,0.9176829268,0.9174917492,0.9312431243,3987.19802,5954,7128,0.01320132013,0.3498349835
71,0.3,rank_static,340,3688,rank,38488,70,328,303,0.9146341463,0.9075907591,0.9092409241,3688,3688,3688,0,0
71,0.3,rank_expanding,340,3645,rank,38488,70,328,303,0.9146341463,0.9075907591,0.9092409241,3645,3645,3645,0,0
71,0.3,rank_rolling,340,4592,rank,1000,3,328,303,0.9298780488,0.9240924092,0.9240924092,4592,4592,4592,0,0
71,0.3,margin_static,341,14.28608608,score_margin,38816,71,576,519,0.8090277778,0.8188824663,0.8350032113,2684.637765,357,7128,0.04046242775,0.1811175337
71,0.3,margin_rolling,341,18.7443434,score_margin,1000,3,576,519,0.8993055556,0.9075144509,0.919460501,4004.635838,6054,7128,0.01926782274,0.3159922929
71,0.3,rank_static,341,3688,rank,38816,71,576,519,0.8993055556,0.8882466281,0.8936416185,3688,3688,3688,0,0
71,0.3,rank_expanding,341,3643,rank,38816,71,576,519,0.8975694444,0.8863198459,0.8917148362,3643,3643,3643,0,0
71,0.3,rank_rolling,341,4487,rank,1000,3,576,519,0.9236111111,0.91522158,0.9196531792,4487,4487,4487,0,0
71,0.3,margin_static,342,14.28608608,score_margin,39392,72,636,565,0.8254716981,0.8300884956,0.8457227139,2747.00531,351,7128,0.04601769912,0.2265486726
71,0.3,margin_rolling,342,18.602817,score_margin,1000,3,636,565,0.8883647799,0.8867256637,0.9032448378,4010.290265,5852,7128,0.02123893805,0.3380530973
71,0.3,rank_static,342,3688,rank,39392,72,636,565,0.9213836478,0.9115044248,0.9123893805,3688,3688,3688,0,0
71,0.3,rank_expanding,342,3643,rank,39392,72,636,565,0.9213836478,0.9115044248,0.9123893805,3643,3643,3643,0,0
71,0.3,rank_rolling,342,3666,rank,1000,3,636,565,0.9213836478,0.9115044248,0.9123893805,3666,3666,3666,0,0
71,0.3,margin_static,343,14.28608608,score_margin,40028,73,642,567,0.8146417445,0.811287478,0.8275132275,2940.772487,666,7128,0.04585537919,0.2116402116
71,0.3,margin_rolling,343,19.91226673,score_margin,1000,2,642,567,0.8987538941,0.9012345679,0.9130511464,4701.61552,7084,7128,0.01410934744,0.4021164021
71,0.3,rank_static,343,3688,rank,40028,73,642,567,0.8535825545,0.8377425044,0.8450911229,3688,3688,3688,0,0
71,0.3,rank_expanding,343,3632,rank,40028,73,642,567,0.8535825545,0.8377425044,0.8450911229,3632,3632,3632,0,0
71,0.3,rank_rolling,343,3419,rank,1000,2,642,567,0.8442367601,0.8271604938,0.837595532,3419,3419,3419,0,0
71,0.3,margin_static,344,14.28608608,score_margin,40670,74,650,582,0.7584615385,0.7594501718,0.7752004582,2714.723368,320.5,7128,0.04467353952,0.206185567
71,0.3,margin_rolling,344,20.17235041,score_margin,1000,2,650,582,0.8784615385,0.8745704467,0.8883161512,4353.362543,6841.5,7128,0.01202749141,0.381443299
71,0.3,rank_static,344,3688,rank,40670,74,650,582,0.8892307692,0.8780068729,0.883161512,3688,3688,3688,0,0
71,0.3,rank_expanding,344,3656,rank,40670,74,650,582,0.8876923077,0.8762886598,0.881443299,3656,3656,3656,0,0
71,0.3,rank_rolling,344,4834,rank,1000,2,650,582,0.9153846154,0.9072164948,0.910652921,4834,4834,4834,0,0
71,0.3,margin_static,345,14.28608608,score_margin,41320,75,586,501,0.843003413,0.8203592814,0.8459747172,2811.399202,390,7128,0.04790419162,0.2275449102
71,0.3,margin_rolling,345,21.39638126,score_margin,1000,2,586,501,0.9385665529,0.9321357285,0.9417831005,4570.067864,7085,7128,0.003992015968,0.4231536926
71,0.3,rank_static,345,3688,rank,41320,75,586,501,0.8959044369,0.878243513,0.8872255489,3688,3688,3688,0,0
71,0.3,rank_expanding,345,3661,rank,41320,75,586,501,0.8959044369,0.878243513,0.8872255489,3661,3661,3661,0,0
71,0.3,rank_rolling,345,4522,rank,1000,2,586,501,0.9249146758,0.9121756487,0.9181636727,4522,4522,4522,0,0
71,0.3,margin_static,346,14.28608608,score_margin,41906,76,224,197,0.7857142857,0.7868020305,0.8104906937,1907.446701,112,7128,0.04568527919,0.1675126904
71,0.3,margin_rolling,346,19.24267912,score_margin,1000,2,224,197,0.8928571429,0.8984771574,0.9137055838,3147.401015,1037,7128,0.005076142132,0.2487309645
71,0.3,rank_static,346,3688,rank,41906,76,224,197,0.9553571429,0.9492385787,0.9517766497,3688,3688,3688,0,0
71,0.3,rank_expanding,346,3665,rank,41906,76,224,197,0.9553571429,0.9492385787,0.9517766497,3665,3665,3665,0,0
71,0.3,rank_rolling,346,3951,rank,1000,2,224,197,0.9598214286,0.9543147208,0.9543147208,3951,3951,3951,0,0
71,0.3,margin_static,347,14.28608608,score_margin,42130,77,306,277,0.8104575163,0.8086642599,0.8188929001,2076.837545,109,7128,0.04693140794,0.1588447653
71,0.3,margin_rolling,347,18.87634468,score_margin,1000,3,306,277,0.8954248366,0.9025270758,0.9073405535,3160.314079,851,7128,0.01083032491,0.2599277978
71,0.3,rank_static,347,3688,rank,42130,77,306,277,0.9248366013,0.916967509,0.9193742479,3688,3688,3688,0,0
71,0.3,rank_expanding,347,3655,rank,42130,77,306,277,0.9183006536,0.9097472924,0.9121540313,3655,3655,3655,0,0
71,0.3,rank_rolling,347,3551,rank,1000,3,306,277,0.908496732,0.8989169675,0.9013237064,3551,3551,3551,0,0
71,0.3,margin_static,348,14.28608608,score_margin,42436,78,714,610,0.8081232493,0.8016393443,0.8199453552,2410.672131,188.5,7128,0.05737704918,0.1868852459
71,0.3,margin_rolling,348,18.79221916,score_margin,1000,3,714,610,0.8879551821,0.8868852459,0.9021857923,3663.216393,4403.5,7128,0.01803278689,0.3114754098
71,0.3,rank_static,348,3688,rank,42436,78,714,610,0.9089635854,0.893442623,0.8942622951,3688,3688,3688,0,0
71,0.3,rank_expanding,348,3652,rank,42436,78,714,610,0.9089635854,0.893442623,0.8942622951,3652,3652,3652,0,0
71,0.3,rank_rolling,348,3321,rank,1000,3,714,610,0.8963585434,0.8786885246,0.8803278689,3321,3321,3321,0,0
71,0.3,margin_static,349,14.28608608,score_margin,43150,79,600,545,0.7666666667,0.7651376147,0.7819571865,2425.511927,169,7128,0.02935779817,0.1816513761
71,0.3,margin_rolling,349,19.424963,score_margin,1000,2,600,545,0.8633333333,0.8623853211,0.8779816514,3729.005505,4856,7128,0.007339449541,0.3137614679
71,0.3,rank_static,349,3688,rank,43150,79,600,545,0.9,0.8899082569,0.8963302752,3688,3688,3688,0,0
71,0.3,rank_expanding,349,3645,rank,43150,79,600,545,0.8966666667,0.8862385321,0.8926605505,3645,3645,3645,0,0
71,0.3,rank_rolling,349,3362,rank,1000,2,600,545,0.8866666667,0.8752293578,0.8828746177,3362,3362,3362,0,0
71,0.3,margin_static,350,14.28608608,score_margin,43750,80,656,560,0.7515243902,0.7553571429,0.7826488095,2095.758929,131.5,7128,0.06428571429,0.1517857143
71,0.3,margin_rolling,350,21.60650539,score_margin,1000,2,656,560,0.8963414634,0.8892857143,0.9133928571,3974.142857,6111,7128,0.008928571429,0.3232142857
71,0.3,rank_static,350,3688,rank,43750,80,656,560,0.9070121951,0.8964285714,0.9014880952,3688,3688,3688,0,0
71,0.3,rank_expanding,350,3647,rank,43750,80,656,560,0.9070121951,0.8964285714,0.9014880952,3647,3647,3647,0,0
71,0.3,rank_rolling,350,3566,rank,1000,2,656,560,0.9070121951,0.8964285714,0.9014880952,3566,3566,3566,0,0
71,0.3,margin_static,351,14.28608608,score_margin,44406,81,522,476,0.7509578544,0.7605042017,0.7783613445,2049.619748,113.5,7128,0.06092436975,0.1848739496
71,0.3,margin_rolling,351,21.78696394,score_margin,1000,2,522,476,0.9061302682,0.9096638655,0.9233193277,3924.611345,5959.5,7128,0.01260504202,0.3340336134
71,0.3,rank_static,351,3688,rank,44406,81,522,476,0.8927203065,0.8823529412,0.8851540616,3688,3688,3688,0,0
71,0.3,rank_expanding,351,3644,rank,44406,81,522,476,0.8888888889,0.8781512605,0.880952381,3644,3644,3644,0,0
71,0.3,rank_rolling,351,3678,rank,1000,2,522,476,0.8927203065,0.8823529412,0.8851540616,3678,3678,3678,0,0
71,0.3,margin_static,352,14.28608608,score_margin,44928,82,462,415,0.7272727273,0.7325301205,0.7532128514,2112.277108,146,7128,0.07469879518,0.1614457831
71,0.3,margin_rolling,352,21.47210491,score_margin,1000,2,462,415,0.8961038961,0.9012048193,0.9167670683,4054.877108,6227,7128,0.01204819277,0.3253012048
71,0.3,rank_static,352,3688,rank,44928,82,462,415,0.9025974026,0.8939759036,0.8991967871,3688,3688,3688,0,0
71,0.3,rank_expanding,352,3650,rank,44928,82,462,415,0.9025974026,0.8939759036,0.8991967871,3650,3650,3650,0,0
71,0.3,rank_rolling,352,3876,rank,1000,2,462,415,0.9025974026,0.8939759036,0.8991967871,3876,3876,3876,0,0
71,0.3,margin_static,353,14.28608608,score_margin,45390,83,242,226,0.694214876,0.6991150442,0.7123893805,1910.411504,109.5,7128,0.09292035398,0.1371681416
71,0.3,margin_rolling,353,21.64745298,score_margin,1000,3,242,226,0.8760330579,0.8761061947,0.8938053097,3789.646018,5543.5,7128,0.01327433628,0.3053097345
71,0.3,rank_static,353,3688,rank,45390,83,242,226,0.8842975207,0.8761061947,0.8849557522,3688,3688,3688,0,0
71,0.3,rank_expanding,353,3647,rank,45390,83,242,226,0.8801652893,0.8716814159,0.8805309735,3647,3647,3647,0,0
71,0.3,rank_rolling,353,3966,rank,1000,3,242,226,0.8842975207,0.8761061947,0.8849557522,3966,3966,3966,0,0
71,0.3,margin_static,354,14.28608608,score_margin,45632,84,238,227,0.7226890756,0.7224669604,0.7305433186,2309.46696,183,7128,0.04405286344,0.1718061674
71,0.3,margin_rolling,354,22.04459374,score_margin,1000,3,238,227,0.9033613445,0.8986784141,0.9052863436,4318.352423,6812,7128,0.008810572687,0.3656387665
71,0.3,rank_static,354,3688,rank,45632,84,238,227,0.8613445378,0.8546255507,0.859030837,3688,3688,3688,0,0
71,0.3,rank_expanding,354,3652,rank,45632,84,238,227,0.8613445378,0.8546255507,0.859030837,3652,3652,3652,0,0
71,0.3,rank_rolling,354,4001,rank,1000,3,238,227,0.8613445378,0.8546255507,0.859030837,4001,4001,4001,0,0
71,0.3,margin_static,355,14.28608608,score_margin,45870,85,578,506,0.7058823529,0.7292490119,0.75,2475.254941,214,7128,0.06916996047,0.1837944664
71,0.3,margin_rolling,355,22.67165422,score_margin,1000,4,578,506,0.8996539792,0.9169960474,0.9305477132,4570.841897,7090.5,7128,0.00790513834,0.4209486166
71,0.3,rank_static,355,3688,rank,45870,85,578,506,0.8667820069,0.8656126482,0.8714944476,3688,3688,3688,0,0
71,0.3,rank_expanding,355,3656,rank,45870,85,578,506,0.8667820069,0.8656126482,0.8714944476,3656,3656,3656,0,0
71,0.3,rank_rolling,355,4465,rank,1000,4,578,506,0.8910034602,0.8932806324,0.8978449087,4465,4465,4465,0,0
71,0.3,margin_static,356,14.28608608,score_margin,46448,86,548,483,0.7354014599,0.734989648,0.7529330573,2428.289855,148,7128,0.05383022774,0.1863354037
71,0.3,margin_rolling,356,22.51458168,score_margin,1000,3,548,483,0.8941605839,0.8944099379,0.9057971014,4243.480331,6950,7128,0.004140786749,0.3913043478
71,0.3,rank_static,356,3688,rank,46448,86,548,483,0.8704379562,0.8654244306,0.8706004141,3688,3688,3688,0,0
71,0.3,rank_expanding,356,3667,rank,46448,86,548,483,0.8704379562,0.8654244306,0.8706004141,3667,3667,3667,0,0
71,0.3,rank_rolling,356,5059,rank,1000,3,548,483,0.9251824818,0.9192546584,0.9213250518,5059,5059,5059,0,0
71,0.3,margin_static,357,14.28608608,score_margin,46996,87,406,363,0.7463054187,0.7548209366,0.7690541781,1680.793388,122,7128,0.06060606061,0.1184573003
71,0.3,margin_rolling,357,22.6388092,score_margin,1000,2,406,363,0.9236453202,0.9173553719,0.9348025712,4027.137741,6285,7128,0.01377410468,0.2837465565
71,0.3,rank_static,357,3688,rank,46996,87,406,363,0.8965517241,0.8953168044,0.9017447199,3688,3688,3688,0,0
71,0.3,rank_expanding,357,3674,rank,46996,87,406,363,0.8965517241,0.8953168044,0.9017447199,3674,3674,3674,0,0
71,0.3,rank_rolling,357,4494,rank,1000,2,406,363,0.9137931034,0.914600551,0.9210284665,4494,4494,4494,0,0
71,0.3,margin_static,358,14.28608608,score_margin,47402,88,300,276,0.77,0.7753623188,0.7928743961,1678.594203,82.5,7128,0.05797101449,0.1557971014
71,0.3,margin_rolling,358,21.79296637,score_margin,1000,3,300,276,0.8966666667,0.8949275362,0.9118357488,3507.271739,1826,7128,0.01811594203,0.268115942
71,0.3,rank_static,358,3688,rank,47402,88,300,276,0.91,0.902173913,0.902173913,3688,3688,3688,0,0
71,0.3,rank_expanding,358,3674,rank,47402,88,300,276,0.91,0.902173913,0.902173913,3674,3674,3674,0,0
71,0.3,rank_rolling,358,4185,rank,1000,3,300,276,0.9266666667,0.9202898551,0.9202898551,4185,4185,4185,0,0
71,0.3,margin_static,359,14.28608608,score_margin,47702,89,330,312,0.8272727273,0.8301282051,0.8370726496,2717.846154,319,7128,0.02884615385,0.2211538462
71,0.3,margin_rolling,359,21.93930817,score_margin,1000,3,330,312,0.9575757576,0.9551282051,0.9642094017,4744.224359,7122.5,7128,0.00641025641,0.4455128205
71,0.3,rank_static,359,3688,rank,47702,89,330,312,0.9363636364,0.9326923077,0.9326923077,3688,3688,3688,0,0
71,0.3,rank_expanding,359,3674,rank,47702,89,330,312,0.9363636364,0.9326923077,0.9326923077,3674,3674,3674,0,0
71,0.3,rank_rolling,359,3920,rank,1000,3,330,312,0.9363636364,0.9326923077,0.9326923077,3920,3920,3920,0,0
71,0.3,margin_static,360,14.28608608,score_margin,48032,90,228,214,0.7587719298,0.7570093458,0.7757009346,1913.373832,78,7128,0.06074766355,0.1355140187
71,0.3,margin_rolling,360,19.67154288,score_margin,1000,3,228,214,0.8947368421,0.8971962617,0.9065420561,3217.504673,838,7128,0.01869158879,0.2663551402
71,0.3,rank_static,360,3688,rank,48032,90,228,214,0.9166666667,0.9112149533,0.9135514019,3688,3688,3688,0,0
71,0.3,rank_expanding,360,3668,rank,48032,90,228,214,0.9166666667,0.9112149533,0.9135514019,3668,3668,3668,0,0
71,0.3,rank_rolling,360,3264,rank,1000,3,228,214,0.9166666667,0.9112149533,0.9135514019,3264,3264,3264,0,0
71,0.3,margin_static,361,14.28608608,score_margin,48260,91,246,226,0.7682926829,0.7654867257,0.7861356932,1801.389381,49.5,7128,0.08407079646,0.1238938053
71,0.3,margin_rolling,361,20.69750786,score_margin,1000,4,246,226,0.8821138211,0.8761061947,0.8827433628,3054.761062,930.5,7128,0.04424778761,0.2345132743
71,0.3,rank_static,361,3688,rank,48260,91,246,226,0.9349593496,0.9292035398,0.9292035398,3688,3688,3688,0,0
71,0.3,rank_expanding,361,3667,rank,48260,91,246,226,0.9349593496,0.9292035398,0.9292035398,3667,3667,3667,0,0
71,0.3,rank_rolling,361,2935,rank,1000,4,246,226,0.8943089431,0.8849557522,0.889380531,2935,2935,2935,0,0
71,0.3,margin_static,362,14.28608608,score_margin,48506,92,620,530,0.7548387097,0.7811320755,0.811361186,1841.984906,74.5,7128,0.06603773585,0.1509433962
71,0.3,margin_rolling,362,19.74899817,score_margin,1000,4,620,530,0.8580645161,0.8886792453,0.9060377358,3109.116981,974,7128,0.01886792453,0.2396226415
71,0.3,rank_static,362,3688,rank,48506,92,620,530,0.9370967742,0.9264150943,0.9301886792,3688,3688,3688,0,0
71,0.3,rank_expanding,362,3664,rank,48506,92,620,530,0.9370967742,0.9264150943,0.9301886792,3664,3664,3664,0,0
71,0.3,rank_rolling,362,2807,rank,1000,4,620,530,0.9177419355,0.9037735849,0.9103773585,2807,2807,2807,0,0
71,0.3,margin_static,363,14.28608608,score_margin,49126,93,386,353,0.792746114,0.7960339943,0.8139754485,1962.509915,72,7128,0.08498583569,0.1529745042
71,0.3,margin_rolling,363,22.55114746,score_margin,1000,3,386,353,0.9352331606,0.9376770538,0.9490084986,3812.345609,5417,7128,0.01983002833,0.3201133144
71,0.3,rank_static,363,3688,rank,49126,93,386,353,0.932642487,0.9291784703,0.9305949008,3688,3688,3688,0,0
71,0.3,rank_expanding,363,3650,rank,49126,93,386,353,0.932642487,0.9291784703,0.9305949008,3650,3650,3650,0,0
71,0.3,rank_rolling,363,2425,rank,1000,3,386,353,0.896373057,0.8895184136,0.8928234183,2425,2425,2425,0,0
71,0.3,margin_static,364,14.28608608,score_margin,49512,94,354,329,0.7457627119,0.7446808511,0.7608915907,1757.68693,66,7128,0.1003039514,0.1428571429
71,0.3,margin_rolling,364,21.86236763,score_margin,1000,2,354,329,0.895480226,0.8936170213,0.9019756839,3566.161094,2508,7128,0.03039513678,0.2705167173
71,0.3,rank_static,364,3688,rank,49512,94,354,329,0.895480226,0.8875379939,0.8890577508,3688,3688,3688,0,0
71,0.3,rank_expanding,364,3640,rank,49512,94,354,329,0.895480226,0.8875379939,0.8890577508,3640,3640,3640,0,0
71,0.3,rank_rolling,364,2321,rank,1000,2,354,329,0.8785310734,0.8693009119,0.8723404255,2321,2321,2321,0,0
