statistic,family,run,comparison,dataset_mode,model_name,negative_sampling,deletion_rate,target_coverage,block_length,seed,observed,weighting
coverage_change,deletion_effect,icews05_15_distmult_filtered,delete0.3-minus-delete0__rolling_margin,icews05_15,temporal_distmult,filtered,0.3,0.9,3,17,8.932793863e-05,query_micro
coverage_change,deletion_effect,icews05_15_distmult_filtered,delete0.3-minus-delete0__rolling_margin,icews05_15,temporal_distmult,filtered,0.3,0.9,3,29,-0.0001891650465,query_micro
coverage_change,deletion_effect,icews05_15_distmult_filtered,delete0.3-minus-delete0__rolling_margin,icews05_15,temporal_distmult,filtered,0.3,0.9,3,43,-0.0003100204929,query_micro
coverage_change,deletion_effect,icews05_15_distmult_filtered,delete0.3-minus-delete0__rolling_margin,icews05_15,temporal_distmult,filtered,0.3,0.9,3,59,0.0001418737849,query_micro
coverage_change,deletion_effect,icews05_15_distmult_filtered,delete0.3-minus-delete0__rolling_margin,icews05_15,temporal_distmult,filtered,0.3,0.9,3,71,0.0003152750775,query_micro
coverage_change,deletion_effect,icews05_15_distmult_filtered,delete0.3-minus-delete0__rolling_margin,icews05_15,temporal_distmult,filtered,0.3,0.9,7,17,8.932793863e-05,query_micro
coverage_change,deletion_effect,icews05_15_distmult_filtered,delete0.3-minus-delete0__rolling_margin,icews05_15,temporal_distmult,filtered,0.3,0.9,7,29,-0.0001891650465,query_micro
coverage_change,deletion_effect,icews05_15_distmult_filtered,delete0.3-minus-delete0__rolling_margin,icews05_15,temporal_distmult,filtered,0.3,0.9,7,43,-0.0003100204929,query_micro
coverage_change,deletion_effect,icews05_15_distmult_filtered,delete0.3-minus-delete0__rolling_margin,icews05_15,temporal_distmult,filtered,0.3,0.9,7,59,0.0001418737849,query_micro
coverage_change,deletion_effect,icews05_15_distmult_filtered,delete0.3-minus-delete0__rolling_margin,icews05_15,temporal_distmult,filtered,0.3,0.9,7,71,0.0003152750775,query_micro
coverage_change,deletion_effect,icews05_15_distmult_filtered,delete0.3-minus-delete0__rolling_margin,icews05_15,temporal_distmult,filtered,0.3,0.9,14,17,8.932793863e-05,query_micro
coverage_change,deletion_effect,icews05_15_distmult_filtered,delete0.3-minus-delete0__rolling_margin,icews05_15,temporal_distmult,filtered,0.3,0.9,14,29,-0.0001891650465,query_micro
coverage_change,deletion_effect,icews05_15_distmult_filtered,delete0.3-minus-delete0__rolling_margin,icews05_15,temporal_distmult,filtered,0.3,0.9,14,43,-0.0003100204929,query_micro
coverage_change,deletion_effect,icews05_15_distmult_filtered,delete0.3-minus-delete0__rolling_margin,icews05_15,temporal_distmult,filtered,0.3,0.9,14,59,0.0001418737849,query_micro
coverage_change,deletion_effect,icews05_15_distmult_filtered,delete0.3-minus-delete0__rolling_margin,icews05_15,temporal_distmult,filtered,0.3,0.9,14,71,0.0003152750775,query_micro
coverage_change,deletion_effect,icews05_15_distmult_filtered,delete0.3-minus-delete0__rolling_margin,icews05_15,temporal_distmult,filtered,0.3,0.9,21,17,8.932793863e-05,query_micro
coverage_change,deletion_effect,icews05_15_distmult_filtered,delete0.3-minus-delete0__rolling_margin,icews05_15,temporal_distmult,filtered,0.3,0.9,21,29,-0.0001891650465,query_micro
coverage_change,deletion_effect,icews05_15_distmult_filtered,delete0.3-minus-delete0__rolling_margin,icews05_15,temporal_distmult,filtered,0.3,0.9,21,43,-0.0003100204929,query_micro
coverage_change,deletion_effect,icews05_15_distmult_filtered,delete0.3-minus-delete0__rolling_margin,icews05_15,temporal_distmult,filtered,0.3,0.9,21,59,0.0001418737849,query_micro
coverage_change,deletion_effect,icews05_15_distmult_filtered,delete0.3-minus-delete0__rolling_margin,icews05_15,temporal_distmult,filtered,0.3,0.9,21,71,0.0003152750775,query_micro
coverage_change,deletion_effect,icews05_15_distmult_filtered,delete0.3-minus-delete0__static_margin,icews05_15,temporal_distmult,filtered,0.3,0.9,3,17,-0.004292995639,query_micro
coverage_change,deletion_effect,icews05_15_distmult_filtered,delete0.3-minus-delete0__static_margin,icews05_15,temporal_distmult,filtered,0.3,0.9,3,29,-0.006720613735,query_micro
coverage_change,deletion_effect,icews05_15_distmult_filtered,delete0.3-minus-delete0__static_margin,icews05_15,temporal_distmult,filtered,0.3,0.9,3,43,-0.001513320372,query_micro
coverage_change,deletion_effect,icews05_15_distmult_filtered,delete0.3-minus-delete0__static_margin,icews05_15,temporal_distmult,filtered,0.3,0.9,3,59,0.0008459881246,query_micro
coverage_change,deletion_effect,icews05_15_distmult_filtered,delete0.3-minus-delete0__static_margin,icews05_15,temporal_distmult,filtered,0.3,0.9,3,71,0.0002732384005,query_micro
coverage_change,deletion_effect,icews05_15_distmult_filtered,delete0.3-minus-delete0__static_margin,icews05_15,temporal_distmult,filtered,0.3,0.9,7,17,-0.004292995639,query_micro
coverage_change,deletion_effect,icews05_15_distmult_filtered,delete0.3-minus-delete0__static_margin,icews05_15,temporal_distmult,filtered,0.3,0.9,7,29,-0.006720613735,query_micro
coverage_change,deletion_effect,icews05_15_distmult_filtered,delete0.3-minus-delete0__static_margin,icews05_15,temporal_distmult,filtered,0.3,0.9,7,43,-0.001513320372,query_micro
coverage_change,deletion_effect,icews05_15_distmult_filtered,delete0.3-minus-delete0__static_margin,icews05_15,temporal_distmult,filtered,0.3,0.9,7,59,0.0008459881246,query_micro
coverage_change,deletion_effect,icews05_15_distmult_filtered,delete0.3-minus-delete0__static_margin,icews05_15,temporal_distmult,filtered,0.3,0.9,7,71,0.0002732384005,query_micro
coverage_change,deletion_effect,icews05_15_distmult_filtered,delete0.3-minus-delete0__static_margin,icews05_15,temporal_distmult,filtered,0.3,0.9,14,17,-0.004292995639,query_micro
coverage_change,deletion_effect,icews05_15_distmult_filtered,delete0.3-minus-delete0__static_margin,icews05_15,temporal_distmult,filtered,0.3,0.9,14,29,-0.006720613735,query_micro
coverage_change,deletion_effect,icews05_15_distmult_filtered,delete0.3-minus-delete0__static_margin,icews05_15,temporal_distmult,filtered,0.3,0.9,14,43,-0.001513320372,query_micro
coverage_change,deletion_effect,icews05_15_distmult_filtered,delete0.3-minus-delete0__static_margin,icews05_15,temporal_distmult,filtered,0.3,0.9,14,59,0.0008459881246,query_micro
coverage_change,deletion_effect,icews05_15_distmult_filtered,delete0.3-minus-delete0__static_margin,icews05_15,temporal_distmult,filtered,0.3,0.9,14,71,0.0002732384005,query_micro
coverage_change,deletion_effect,icews05_15_distmult_filtered,delete0.3-minus-delete0__static_margin,icews05_15,temporal_distmult,filtered,0.3,0.9,21,17,-0.004292995639,query_micro
coverage_change,deletion_effect,icews05_15_distmult_filtered,delete0.3-minus-delete0__static_margin,icews05_15,temporal_distmult,filtered,0.3,0.9,21,29,-0.006720613735,query_micro
coverage_change,deletion_effect,icews05_15_distmult_filtered,delete0.3-minus-delete0__static_margin,icews05_15,temporal_distmult,filtered,0.3,0.9,21,43,-0.001513320372,query_micro
coverage_change,deletion_effect,icews05_15_distmult_filtered,delete0.3-minus-delete0__static_margin,icews05_15,temporal_distmult,filtered,0.3,0.9,21,59,0.0008459881246,query_micro
coverage_change,deletion_effect,icews05_15_distmult_filtered,delete0.3-minus-delete0__static_margin,icews05_15,temporal_distmult,filtered,0.3,0.9,21,71,0.0002732384005,query_micro
coverage_change,deletion_effect,icews05_15_tcomplex_filtered,delete0.3-minus-delete0__rolling_margin,icews05_15,continuous_tcomplex,filtered,0.3,0.9,3,17,-0.0002627292313,query_micro
coverage_change,deletion_effect,icews05_15_tcomplex_filtered,delete0.3-minus-delete0__rolling_margin,icews05_15,continuous_tcomplex,filtered,0.3,0.9,3,29,-2.627292313e-05,query_micro
coverage_change,deletion_effect,icews05_15_tcomplex_filtered,delete0.3-minus-delete0__rolling_margin,icews05_15,continuous_tcomplex,filtered,0.3,0.9,3,43,0.0001050916925,query_micro
coverage_change,deletion_effect,icews05_15_tcomplex_filtered,delete0.3-minus-delete0__rolling_margin,icews05_15,continuous_tcomplex,filtered,0.3,0.9,3,59,0.0004308759393,query_micro
coverage_change,deletion_effect,icews05_15_tcomplex_filtered,delete0.3-minus-delete0__rolling_margin,icews05_15,continuous_tcomplex,filtered,0.3,0.9,3,71,0.0003468025853,query_micro
coverage_change,deletion_effect,icews05_15_tcomplex_filtered,delete0.3-minus-delete0__rolling_margin,icews05_15,continuous_tcomplex,filtered,0.3,0.9,7,17,-0.0002627292313,query_micro
coverage_change,deletion_effect,icews05_15_tcomplex_filtered,delete0.3-minus-delete0__rolling_margin,icews05_15,continuous_tcomplex,filtered,0.3,0.9,7,29,-2.627292313e-05,query_micro
coverage_change,deletion_effect,icews05_15_tcomplex_filtered,delete0.3-minus-delete0__rolling_margin,icews05_15,continuous_tcomplex,filtered,0.3,0.9,7,43,0.0001050916925,query_micro
coverage_change,deletion_effect,icews05_15_tcomplex_filtered,delete0.3-minus-delete0__rolling_margin,icews05_15,continuous_tcomplex,filtered,0.3,0.9,7,59,0.0004308759393,query_micro
coverage_change,deletion_effect,icews05_15_tcomplex_filtered,delete0.3-minus-delete0__rolling_margin,icews05_15,continuous_tcomplex,filtered,0.3,0.9,7,71,0.0003468025853,query_micro
coverage_change,deletion_effect,icews05_15_tcomplex_filtered,delete0.3-minus-delete0__rolling_margin,icews05_15,continuous_tcomplex,filtered,0.3,0.9,14,17,-0.0002627292313,query_micro
coverage_change,deletion_effect,icews05_15_tcomplex_filtered,delete0.3-minus-delete0__rolling_margin,icews05_15,continuous_tcomplex,filtered,0.3,0.9,14,29,-2.627292313e-05,query_micro
coverage_change,deletion_effect,icews05_15_tcomplex_filtered,delete0.3-minus-delete0__rolling_margin,icews05_15,continuous_tcomplex,filtered,0.3,0.9,14,43,0.0001050916925,query_micro
coverage_change,deletion_effect,icews05_15_tcomplex_filtered,delete0.3-minus-delete0__rolling_margin,icews05_15,continuous_tcomplex,filtered,0.3,0.9,14,59,0.0004308759393,query_micro
coverage_change,deletion_effect,icews05_15_tcomplex_filtered,delete0.3-minus-delete0__rolling_margin,icews05_15,continuous_tcomplex,filtered,0.3,0.9,14,71,0.0003468025853,query_micro
coverage_change,deletion_effect,icews05_15_tcomplex_filtered,delete0.3-minus-delete0__rolling_margin,icews05_15,continuous_tcomplex,filtered,0.3,0.9,21,17,-0.0002627292313,query_micro
coverage_change,deletion_effect,icews05_15_tcomplex_filtered,delete0.3-minus-delete0__rolling_margin,icews05_15,continuous_tcomplex,filtered,0.3,0.9,21,29,-2.627292313e-05,query_micro
coverage_change,deletion_effect,icews05_15_tcomplex_filtered,delete0.3-minus-delete0__rolling_margin,icews05_15,continuous_tcomplex,filtered,0.3,0.9,21,43,0.0001050916925,query_micro
coverage_change,deletion_effect,icews05_15_tcomplex_filtered,delete0.3-minus-delete0__rolling_margin,icews05_15,continuous_tcomplex,filtered,0.3,0.9,21,59,0.0004308759393,query_micro
coverage_change,deletion_effect,icews05_15_tcomplex_filtered,delete0.3-minus-delete0__rolling_margin,icews05_15,continuous_tcomplex,filtered,0.3,0.9,21,71,0.0003468025853,query_micro
coverage_change,deletion_effect,icews05_15_tcomplex_filtered,delete0.3-minus-delete0__static_margin,icews05_15,continuous_tcomplex,filtered,0.3,0.9,3,17,-0.002611528559,query_micro
coverage_change,deletion_effect,icews05_15_tcomplex_filtered,delete0.3-minus-delete0__static_margin,icews05_15,continuous_tcomplex,filtered,0.3,0.9,3,29,-0.0002049288004,query_micro
coverage_change,deletion_effect,icews05_15_tcomplex_filtered,delete0.3-minus-delete0__static_margin,icews05_15,continuous_tcomplex,filtered,0.3,0.9,3,43,0.0003310388314,query_micro
coverage_change,deletion_effect,icews05_15_tcomplex_filtered,delete0.3-minus-delete0__static_margin,icews05_15,continuous_tcomplex,filtered,0.3,0.9,3,59,0.001050916925,query_micro
coverage_change,deletion_effect,icews05_15_tcomplex_filtered,delete0.3-minus-delete0__static_margin,icews05_15,continuous_tcomplex,filtered,0.3,0.9,3,71,-0.0003310388314,query_micro
coverage_change,deletion_effect,icews05_15_tcomplex_filtered,delete0.3-minus-delete0__static_margin,icews05_15,continuous_tcomplex,filtered,0.3,0.9,7,17,-0.002611528559,query_micro
coverage_change,deletion_effect,icews05_15_tcomplex_filtered,delete0.3-minus-delete0__static_margin,icews05_15,continuous_tcomplex,filtered,0.3,0.9,7,29,-0.0002049288004,query_micro
coverage_change,deletion_effect,icews05_15_tcomplex_filtered,delete0.3-minus-delete0__static_margin,icews05_15,continuous_tcomplex,filtered,0.3,0.9,7,43,0.0003310388314,query_micro
coverage_change,deletion_effect,icews05_15_tcomplex_filtered,delete0.3-minus-delete0__static_margin,icews05_15,continuous_tcomplex,filtered,0.3,0.9,7,59,0.001050916925,query_micro
coverage_change,deletion_effect,icews05_15_tcomplex_filtered,delete0.3-minus-delete0__static_margin,icews05_15,continuous_tcomplex,filtered,0.3,0.9,7,71,-0.0003310388314,query_micro
coverage_change,deletion_effect,icews05_15_tcomplex_filtered,delete0.3-minus-delete0__static_margin,icews05_15,continuous_tcomplex,filtered,0.3,0.9,14,17,-0.002611528559,query_micro
coverage_change,deletion_effect,icews05_15_tcomplex_filtered,delete0.3-minus-delete0__static_margin,icews05_15,continuous_tcomplex,filtered,0.3,0.9,14,29,-0.0002049288004,query_micro
coverage_change,deletion_effect,icews05_15_tcomplex_filtered,delete0.3-minus-delete0__static_margin,icews05_15,continuous_tcomplex,filtered,0.3,0.9,14,43,0.0003310388314,query_micro
coverage_change,deletion_effect,icews05_15_tcomplex_filtered,delete0.3-minus-delete0__static_margin,icews05_15,continuous_tcomplex,filtered,0.3,0.9,14,59,0.001050916925,query_micro
coverage_change,deletion_effect,icews05_15_tcomplex_filtered,delete0.3-minus-delete0__static_margin,icews05_15,continuous_tcomplex,filtered,0.3,0.9,14,71,-0.0003310388314,query_micro
coverage_change,deletion_effect,icews05_15_tcomplex_filtered,delete0.3-minus-delete0__static_margin,icews05_15,continuous_tcomplex,filtered,0.3,0.9,21,17,-0.002611528559,query_micro
coverage_change,deletion_effect,icews05_15_tcomplex_filtered,delete0.3-minus-delete0__static_margin,icews05_15,continuous_tcomplex,filtered,0.3,0.9,21,29,-0.0002049288004,query_micro
coverage_change,deletion_effect,icews05_15_tcomplex_filtered,delete0.3-minus-delete0__static_margin,icews05_15,continuous_tcomplex,filtered,0.3,0.9,21,43,0.0003310388314,query_micro
coverage_change,deletion_effect,icews05_15_tcomplex_filtered,delete0.3-minus-delete0__static_margin,icews05_15,continuous_tcomplex,filtered,0.3,0.9,21,59,0.001050916925,query_micro
coverage_change,deletion_effect,icews05_15_tcomplex_filtered,delete0.3-minus-delete0__static_margin,icews05_15,continuous_tcomplex,filtered,0.3,0.9,21,71,-0.0003310388314,query_micro
coverage_change,deletion_effect,icews14_distmult_filtered,delete0.3-minus-delete0__rolling_margin,icews14,temporal_distmult,filtered,0.3,0.9,3,17,0.0005181884133,query_micro
coverage_change,deletion_effect,icews14_distmult_filtered,delete0.3-minus-delete0__rolling_margin,icews14,temporal_distmult,filtered,0.3,0.9,3,29,-0.000155456524,query_micro
coverage_change,deletion_effect,icews14_distmult_filtered,delete0.3-minus-delete0__rolling_margin,icews14,temporal_distmult,filtered,0.3,0.9,3,43,-0.000155456524,query_micro
coverage_change,deletion_effect,icews14_distmult_filtered,delete0.3-minus-delete0__rolling_margin,icews14,temporal_distmult,filtered,0.3,0.9,3,59,0.001373199295,query_micro
coverage_change,deletion_effect,icews14_distmult_filtered,delete0.3-minus-delete0__rolling_margin,icews14,temporal_distmult,filtered,0.3,0.9,3,71,0.001114105089,query_micro
coverage_change,deletion_effect,icews14_distmult_filtered,delete0.3-minus-delete0__rolling_margin,icews14,temporal_distmult,filtered,0.3,0.9,7,17,0.0005181884133,query_micro
coverage_change,deletion_effect,icews14_distmult_filtered,delete0.3-minus-delete0__rolling_margin,icews14,temporal_distmult,filtered,0.3,0.9,7,29,-0.000155456524,query_micro
coverage_change,deletion_effect,icews14_distmult_filtered,delete0.3-minus-delete0__rolling_margin,icews14,temporal_distmult,filtered,0.3,0.9,7,43,-0.000155456524,query_micro
coverage_change,deletion_effect,icews14_distmult_filtered,delete0.3-minus-delete0__rolling_margin,icews14,temporal_distmult,filtered,0.3,0.9,7,59,0.001373199295,query_micro
coverage_change,deletion_effect,icews14_distmult_filtered,delete0.3-minus-delete0__rolling_margin,icews14,temporal_distmult,filtered,0.3,0.9,7,71,0.001114105089,query_micro
coverage_change,deletion_effect,icews14_distmult_filtered,delete0.3-minus-delete0__rolling_margin,icews14,temporal_distmult,filtered,0.3,0.9,14,17,0.0005181884133,query_micro
coverage_change,deletion_effect,icews14_distmult_filtered,delete0.3-minus-delete0__rolling_margin,icews14,temporal_distmult,filtered,0.3,0.9,14,29,-0.000155456524,query_micro
coverage_change,deletion_effect,icews14_distmult_filtered,delete0.3-minus-delete0__rolling_margin,icews14,temporal_distmult,filtered,0.3,0.9,14,43,-0.000155456524,query_micro
coverage_change,deletion_effect,icews14_distmult_filtered,delete0.3-minus-delete0__rolling_margin,icews14,temporal_distmult,filtered,0.3,0.9,14,59,0.001373199295,query_micro
coverage_change,deletion_effect,icews14_distmult_filtered,delete0.3-minus-delete0__rolling_margin,icews14,temporal_distmult,filtered,0.3,0.9,14,71,0.001114105089,query_micro
coverage_change,deletion_effect,icews14_distmult_filtered,delete0.3-minus-delete0__rolling_margin,icews14,temporal_distmult,filtered,0.3,0.9,21,17,0.0005181884133,query_micro
coverage_change,deletion_effect,icews14_distmult_filtered,delete0.3-minus-delete0__rolling_margin,icews14,temporal_distmult,filtered,0.3,0.9,21,29,-0.000155456524,query_micro
coverage_change,deletion_effect,icews14_distmult_filtered,delete0.3-minus-delete0__rolling_margin,icews14,temporal_distmult,filtered,0.3,0.9,21,43,-0.000155456524,query_micro
coverage_change,deletion_effect,icews14_distmult_filtered,delete0.3-minus-delete0__rolling_margin,icews14,temporal_distmult,filtered,0.3,0.9,21,59,0.001373199295,query_micro
coverage_change,deletion_effect,icews14_distmult_filtered,delete0.3-minus-delete0__rolling_margin,icews14,temporal_distmult,filtered,0.3,0.9,21,71,0.001114105089,query_micro
coverage_change,deletion_effect,icews14_distmult_filtered,delete0.3-minus-delete0__static_margin,icews14,temporal_distmult,filtered,0.3,0.9,3,17,0.002046844233,query_micro
coverage_change,deletion_effect,icews14_distmult_filtered,delete0.3-minus-delete0__static_margin,icews14,temporal_distmult,filtered,0.3,0.9,3,29,-0.009042387812,query_micro
coverage_change,deletion_effect,icews14_distmult_filtered,delete0.3-minus-delete0__static_margin,icews14,temporal_distmult,filtered,0.3,0.9,3,43,-0.01119286973,query_micro
coverage_change,deletion_effect,icews14_distmult_filtered,delete0.3-minus-delete0__static_margin,icews14,temporal_distmult,filtered,0.3,0.9,3,59,0.005311431236,query_micro
coverage_change,deletion_effect,icews14_distmult_filtered,delete0.3-minus-delete0__static_margin,icews14,temporal_distmult,filtered,0.3,0.9,3,71,0.0009068297233,query_micro
coverage_change,deletion_effect,icews14_distmult_filtered,delete0.3-minus-delete0__static_margin,icews14,temporal_distmult,filtered,0.3,0.9,7,17,0.002046844233,query_micro
coverage_change,deletion_effect,icews14_distmult_filtered,delete0.3-minus-delete0__static_margin,icews14,temporal_distmult,filtered,0.3,0.9,7,29,-0.009042387812,query_micro
coverage_change,deletion_effect,icews14_distmult_filtered,delete0.3-minus-delete0__static_margin,icews14,temporal_distmult,filtered,0.3,0.9,7,43,-0.01119286973,query_micro
coverage_change,deletion_effect,icews14_distmult_filtered,delete0.3-minus-delete0__static_margin,icews14,temporal_distmult,filtered,0.3,0.9,7,59,0.005311431236,query_micro
coverage_change,deletion_effect,icews14_distmult_filtered,delete0.3-minus-delete0__static_margin,icews14,temporal_distmult,filtered,0.3,0.9,7,71,0.0009068297233,query_micro
coverage_change,deletion_effect,icews14_distmult_filtered,delete0.3-minus-delete0__static_margin,icews14,temporal_distmult,filtered,0.3,0.9,14,17,0.002046844233,query_micro
coverage_change,deletion_effect,icews14_distmult_filtered,delete0.3-minus-delete0__static_margin,icews14,temporal_distmult,filtered,0.3,0.9,14,29,-0.009042387812,query_micro
coverage_change,deletion_effect,icews14_distmult_filtered,delete0.3-minus-delete0__static_margin,icews14,temporal_distmult,filtered,0.3,0.9,14,43,-0.01119286973,query_micro
coverage_change,deletion_effect,icews14_distmult_filtered,delete0.3-minus-delete0__static_margin,icews14,temporal_distmult,filtered,0.3,0.9,14,59,0.005311431236,query_micro
coverage_change,deletion_effect,icews14_distmult_filtered,delete0.3-minus-delete0__static_margin,icews14,temporal_distmult,filtered,0.3,0.9,14,71,0.0009068297233,query_micro
coverage_change,deletion_effect,icews14_distmult_filtered,delete0.3-minus-delete0__static_margin,icews14,temporal_distmult,filtered,0.3,0.9,21,17,0.002046844233,query_micro
coverage_change,deletion_effect,icews14_distmult_filtered,delete0.3-minus-delete0__static_margin,icews14,temporal_distmult,filtered,0.3,0.9,21,29,-0.009042387812,query_micro
coverage_change,deletion_effect,icews14_distmult_filtered,delete0.3-minus-delete0__static_margin,icews14,temporal_distmult,filtered,0.3,0.9,21,43,-0.01119286973,query_micro
coverage_change,deletion_effect,icews14_distmult_filtered,delete0.3-minus-delete0__static_margin,icews14,temporal_distmult,filtered,0.3,0.9,21,59,0.005311431236,query_micro
coverage_change,deletion_effect,icews14_distmult_filtered,delete0.3-minus-delete0__static_margin,icews14,temporal_distmult,filtered,0.3,0.9,21,71,0.0009068297233,query_micro
coverage_change,deletion_effect,icews14_tcomplex_filtered,delete0.3-minus-delete0__rolling_margin,icews14,continuous_tcomplex,filtered,0.3,0.9,3,17,-0.000155456524,query_micro
coverage_change,deletion_effect,icews14_tcomplex_filtered,delete0.3-minus-delete0__rolling_margin,icews14,continuous_tcomplex,filtered,0.3,0.9,3,29,0.0008031920406,query_micro
coverage_change,deletion_effect,icews14_tcomplex_filtered,delete0.3-minus-delete0__rolling_margin,icews14,continuous_tcomplex,filtered,0.3,0.9,3,43,-0.001347289875,query_micro
coverage_change,deletion_effect,icews14_tcomplex_filtered,delete0.3-minus-delete0__rolling_margin,icews14,continuous_tcomplex,filtered,0.3,0.9,3,59,0.0009845579853,query_micro
coverage_change,deletion_effect,icews14_tcomplex_filtered,delete0.3-minus-delete0__rolling_margin,icews14,continuous_tcomplex,filtered,0.3,0.9,3,71,0.001813659447,query_micro
coverage_change,deletion_effect,icews14_tcomplex_filtered,delete0.3-minus-delete0__rolling_margin,icews14,continuous_tcomplex,filtered,0.3,0.9,7,17,-0.000155456524,query_micro
coverage_change,deletion_effect,icews14_tcomplex_filtered,delete0.3-minus-delete0__rolling_margin,icews14,continuous_tcomplex,filtered,0.3,0.9,7,29,0.0008031920406,query_micro
coverage_change,deletion_effect,icews14_tcomplex_filtered,delete0.3-minus-delete0__rolling_margin,icews14,continuous_tcomplex,filtered,0.3,0.9,7,43,-0.001347289875,query_micro
coverage_change,deletion_effect,icews14_tcomplex_filtered,delete0.3-minus-delete0__rolling_margin,icews14,continuous_tcomplex,filtered,0.3,0.9,7,59,0.0009845579853,query_micro
coverage_change,deletion_effect,icews14_tcomplex_filtered,delete0.3-minus-delete0__rolling_margin,icews14,continuous_tcomplex,filtered,0.3,0.9,7,71,0.001813659447,query_micro
coverage_change,deletion_effect,icews14_tcomplex_filtered,delete0.3-minus-delete0__rolling_margin,icews14,continuous_tcomplex,filtered,0.3,0.9,14,17,-0.000155456524,query_micro
coverage_change,deletion_effect,icews14_tcomplex_filtered,delete0.3-minus-delete0__rolling_margin,icews14,continuous_tcomplex,filtered,0.3,0.9,14,29,0.0008031920406,query_micro
coverage_change,deletion_effect,icews14_tcomplex_filtered,delete0.3-minus-delete0__rolling_margin,icews14,continuous_tcomplex,filtered,0.3,0.9,14,43,-0.001347289875,query_micro
coverage_change,deletion_effect,icews14_tcomplex_filtered,delete0.3-minus-delete0__rolling_margin,icews14,continuous_tcomplex,filtered,0.3,0.9,14,59,0.0009845579853,query_micro
coverage_change,deletion_effect,icews14_tcomplex_filtered,delete0.3-minus-delete0__rolling_margin,icews14,continuous_tcomplex,filtered,0.3,0.9,14,71,0.001813659447,query_micro
coverage_change,deletion_effect,icews14_tcomplex_filtered,delete0.3-minus-delete0__rolling_margin,icews14,continuous_tcomplex,filtered,0.3,0.9,21,17,-0.000155456524,query_micro
coverage_change,deletion_effect,icews14_tcomplex_filtered,delete0.3-minus-delete0__rolling_margin,icews14,continuous_tcomplex,filtered,0.3,0.9,21,29,0.0008031920406,query_micro
coverage_change,deletion_effect,icews14_tcomplex_filtered,delete0.3-minus-delete0__rolling_margin,icews14,continuous_tcomplex,filtered,0.3,0.9,21,43,-0.001347289875,query_micro
coverage_change,deletion_effect,icews14_tcomplex_filtered,delete0.3-minus-delete0__rolling_margin,icews14,continuous_tcomplex,filtered,0.3,0.9,21,59,0.0009845579853,query_micro
coverage_change,deletion_effect,icews14_tcomplex_filtered,delete0.3-minus-delete0__rolling_margin,icews14,continuous_tcomplex,filtered,0.3,0.9,21,71,0.001813659447,query_micro
coverage_change,deletion_effect,icews14_tcomplex_filtered,delete0.3-minus-delete0__static_margin,icews14,continuous_tcomplex,filtered,0.3,0.9,3,17,0.001036376827,query_micro
coverage_change,deletion_effect,icews14_tcomplex_filtered,delete0.3-minus-delete0__static_margin,icews14,continuous_tcomplex,filtered,0.3,0.9,3,29,-0.0038864131,query_micro
coverage_change,deletion_effect,icews14_tcomplex_filtered,delete0.3-minus-delete0__static_margin,icews14,continuous_tcomplex,filtered,0.3,0.9,3,43,-0.002927764535,query_micro
coverage_change,deletion_effect,icews14_tcomplex_filtered,delete0.3-minus-delete0__static_margin,icews14,continuous_tcomplex,filtered,0.3,0.9,3,59,0.008420561716,query_micro
coverage_change,deletion_effect,icews14_tcomplex_filtered,delete0.3-minus-delete0__static_margin,icews14,continuous_tcomplex,filtered,0.3,0.9,3,71,-0.00585552907,query_micro
coverage_change,deletion_effect,icews14_tcomplex_filtered,delete0.3-minus-delete0__static_margin,icews14,continuous_tcomplex,filtered,0.3,0.9,7,17,0.001036376827,query_micro
coverage_change,deletion_effect,icews14_tcomplex_filtered,delete0.3-minus-delete0__static_margin,icews14,continuous_tcomplex,filtered,0.3,0.9,7,29,-0.0038864131,query_micro
coverage_change,deletion_effect,icews14_tcomplex_filtered,delete0.3-minus-delete0__static_margin,icews14,continuous_tcomplex,filtered,0.3,0.9,7,43,-0.002927764535,query_micro
coverage_change,deletion_effect,icews14_tcomplex_filtered,delete0.3-minus-delete0__static_margin,icews14,continuous_tcomplex,filtered,0.3,0.9,7,59,0.008420561716,query_micro
coverage_change,deletion_effect,icews14_tcomplex_filtered,delete0.3-minus-delete0__static_margin,icews14,continuous_tcomplex,filtered,0.3,0.9,7,71,-0.00585552907,query_micro
coverage_change,deletion_effect,icews14_tcomplex_filtered,delete0.3-minus-delete0__static_margin,icews14,continuous_tcomplex,filtered,0.3,0.9,14,17,0.001036376827,query_micro
coverage_change,deletion_effect,icews14_tcomplex_filtered,delete0.3-minus-delete0__static_margin,icews14,continuous_tcomplex,filtered,0.3,0.9,14,29,-0.0038864131,query_micro
coverage_change,deletion_effect,icews14_tcomplex_filtered,delete0.3-minus-delete0__static_margin,icews14,continuous_tcomplex,filtered,0.3,0.9,14,43,-0.002927764535,query_micro
coverage_change,deletion_effect,icews14_tcomplex_filtered,delete0.3-minus-delete0__static_margin,icews14,continuous_tcomplex,filtered,0.3,0.9,14,59,0.008420561716,query_micro
coverage_change,deletion_effect,icews14_tcomplex_filtered,delete0.3-minus-delete0__static_margin,icews14,continuous_tcomplex,filtered,0.3,0.9,14,71,-0.00585552907,query_micro
coverage_change,deletion_effect,icews14_tcomplex_filtered,delete0.3-minus-delete0__static_margin,icews14,continuous_tcomplex,filtered,0.3,0.9,21,17,0.001036376827,query_micro
coverage_change,deletion_effect,icews14_tcomplex_filtered,delete0.3-minus-delete0__static_margin,icews14,continuous_tcomplex,filtered,0.3,0.9,21,29,-0.0038864131,query_micro
coverage_change,deletion_effect,icews14_tcomplex_filtered,delete0.3-minus-delete0__static_margin,icews14,continuous_tcomplex,filtered,0.3,0.9,21,43,-0.002927764535,query_micro
coverage_change,deletion_effect,icews14_tcomplex_filtered,delete0.3-minus-delete0__static_margin,icews14,continuous_tcomplex,filtered,0.3,0.9,21,59,0.008420561716,query_micro
coverage_change,deletion_effect,icews14_tcomplex_filtered,delete0.3-minus-delete0__static_margin,icews14,continuous_tcomplex,filtered,0.3,0.9,21,71,-0.00585552907,query_micro
full_set_coverage_gap,multi_answer_degradation,icews05_15_distmult_filtered,multi-minus-single__kgcp_softmax_static,icews05_15,temporal_distmult,filtered,0.3,0.9,3,17,-0.3132475976,timestamp_macro
full_set_coverage_gap,multi_answer_degradation,icews05_15_distmult_filtered,multi-minus-single__kgcp_softmax_static,icews05_15,temporal_distmult,filtered,0.3,0.9,3,29,-0.2988933703,timestamp_macro
full_set_coverage_gap,multi_answer_degradation,icews05_15_distmult_filtered,multi-minus-single__kgcp_softmax_static,icews05_15,temporal_distmult,filtered,0.3,0.9,3,43,-0.3039083449,timestamp_macro
full_set_coverage_gap,multi_answer_degradation,icews05_15_distmult_filtered,multi-minus-single__kgcp_softmax_static,icews05_15,temporal_distmult,filtered,0.3,0.9,3,59,-0.2669196725,timestamp_macro
full_set_coverage_gap,multi_answer_degradation,icews05_15_distmult_filtered,multi-minus-single__kgcp_softmax_static,icews05_15,temporal_distmult,filtered,0.3,0.9,3,71,-0.2993592039,timestamp_macro
full_set_coverage_gap,multi_answer_degradation,icews05_15_distmult_filtered,multi-minus-single__kgcp_softmax_static,icews05_15,temporal_distmult,filtered,0.3,0.9,7,17,-0.3132475976,timestamp_macro
full_set_coverage_gap,multi_answer_degradation,icews05_15_distmult_filtered,multi-minus-single__kgcp_softmax_static,icews05_15,temporal_distmult,filtered,0.3,0.9,7,29,-0.2988933703,timestamp_macro
full_set_coverage_gap,multi_answer_degradation,icews05_15_distmult_filtered,multi-minus-single__kgcp_softmax_static,icews05_15,temporal_distmult,filtered,0.3,0.9,7,43,-0.3039083449,timestamp_macro
full_set_coverage_gap,multi_answer_degradation,icews05_15_distmult_filtered,multi-minus-single__kgcp_softmax_static,icews05_15,temporal_distmult,filtered,0.3,0.9,7,59,-0.2669196725,timestamp_macro
full_set_coverage_gap,multi_answer_degradation,icews05_15_distmult_filtered,multi-minus-single__kgcp_softmax_static,icews05_15,temporal_distmult,filtered,0.3,0.9,7,71,-0.2993592039,timestamp_macro
full_set_coverage_gap,multi_answer_degradation,icews05_15_distmult_filtered,multi-minus-single__kgcp_softmax_static,icews05_15,temporal_distmult,filtered,0.3,0.9,14,17,-0.3132475976,timestamp_macro
full_set_coverage_gap,multi_answer_degradation,icews05_15_distmult_filtered,multi-minus-single__kgcp_softmax_static,icews05_15,temporal_distmult,filtered,0.3,0.9,14,29,-0.2988933703,timestamp_macro
full_set_coverage_gap,multi_answer_degradation,icews05_15_distmult_filtered,multi-minus-single__kgcp_softmax_static,icews05_15,temporal_distmult,filtered,0.3,0.9,14,43,-0.3039083449,timestamp_macro
full_set_coverage_gap,multi_answer_degradation,icews05_15_distmult_filtered,multi-minus-single__kgcp_softmax_static,icews05_15,temporal_distmult,filtered,0.3,0.9,14,59,-0.2669196725,timestamp_macro
full_set_coverage_gap,multi_answer_degradation,icews05_15_distmult_filtered,multi-minus-single__kgcp_softmax_static,icews05_15,temporal_distmult,filtered,0.3,0.9,14,71,-0.2993592039,timestamp_macro
full_set_coverage_gap,multi_answer_degradation,icews05_15_distmult_filtered,multi-minus-single__kgcp_softmax_static,icews05_15,temporal_distmult,filtered,0.3,0.9,21,17,-0.3132475976,timestamp_macro
full_set_coverage_gap,multi_answer_degradation,icews05_15_distmult_filtered,multi-minus-single__kgcp_softmax_static,icews05_15,temporal_distmult,filtered,0.3,0.9,21,29,-0.2988933703,timestamp_macro
full_set_coverage_gap,multi_answer_degradation,icews05_15_distmult_filtered,multi-minus-single__kgcp_softmax_static,icews05_15,temporal_distmult,filtered,0.3,0.9,21,43,-0.3039083449,timestamp_macro
full_set_coverage_gap,multi_answer_degradation,icews05_15_distmult_filtered,multi-minus-single__kgcp_softmax_static,icews05_15,temporal_distmult,filtered,0.3,0.9,21,59,-0.2669196725,timestamp_macro
full_set_coverage_gap,multi_answer_degradation,icews05_15_distmult_filtered,multi-minus-single__kgcp_softmax_static,icews05_15,temporal_distmult,filtered,0.3,0.9,21,71,-0.2993592039,timestamp_macro
full_set_coverage_gap,multi_answer_degradation,icews05_15_distmult_filtered,multi-minus-single__rolling_margin,icews05_15,temporal_distmult,filtered,0.3,0.9,3,17,-0.2321862111,timestamp_macro
full_set_coverage_gap,multi_answer_degradation,icews05_15_distmult_filtered,multi-minus-single__rolling_margin,icews05_15,temporal_distmult,filtered,0.3,0.9,3,29,-0.2135206206,timestamp_macro
full_set_coverage_gap,multi_answer_degradation,icews05_15_distmult_filtered,multi-minus-single__rolling_margin,icews05_15,temporal_distmult,filtered,0.3,0.9,3,43,-0.2229535276,timestamp_macro
full_set_coverage_gap,multi_answer_degradation,icews05_15_distmult_filtered,multi-minus-single__rolling_margin,icews05_15,temporal_distmult,filtered,0.3,0.9,3,59,-0.1983763911,timestamp_macro
full_set_coverage_gap,multi_answer_degradation,icews05_15_distmult_filtered,multi-minus-single__rolling_margin,icews05_15,temporal_distmult,filtered,0.3,0.9,3,71,-0.2199166355,timestamp_macro
full_set_coverage_gap,multi_answer_degradation,icews05_15_distmult_filtered,multi-minus-single__rolling_margin,icews05_15,temporal_distmult,filtered,0.3,0.9,7,17,-0.2321862111,timestamp_macro
full_set_coverage_gap,multi_answer_degradation,icews05_15_distmult_filtered,multi-minus-single__rolling_margin,icews05_15,temporal_distmult,filtered,0.3,0.9,7,29,-0.2135206206,timestamp_macro
full_set_coverage_gap,multi_answer_degradation,icews05_15_distmult_filtered,multi-minus-single__rolling_margin,icews05_15,temporal_distmult,filtered,0.3,0.9,7,43,-0.2229535276,timestamp_macro
full_set_coverage_gap,multi_answer_degradation,icews05_15_distmult_filtered,multi-minus-single__rolling_margin,icews05_15,temporal_distmult,filtered,0.3,0.9,7,59,-0.1983763911,timestamp_macro
full_set_coverage_gap,multi_answer_degradation,icews05_15_distmult_filtered,multi-minus-single__rolling_margin,icews05_15,temporal_distmult,filtered,0.3,0.9,7,71,-0.2199166355,timestamp_macro
full_set_coverage_gap,multi_answer_degradation,icews05_15_distmult_filtered,multi-minus-single__rolling_margin,icews05_15,temporal_distmult,filtered,0.3,0.9,14,17,-0.2321862111,timestamp_macro
full_set_coverage_gap,multi_answer_degradation,icews05_15_distmult_filtered,multi-minus-single__rolling_margin,icews05_15,temporal_distmult,filtered,0.3,0.9,14,29,-0.2135206206,timestamp_macro
full_set_coverage_gap,multi_answer_degradation,icews05_15_distmult_filtered,multi-minus-single__rolling_margin,icews05_15,temporal_distmult,filtered,0.3,0.9,14,43,-0.2229535276,timestamp_macro
full_set_coverage_gap,multi_answer_degradation,icews05_15_distmult_filtered,multi-minus-single__rolling_margin,icews05_15,temporal_distmult,filtered,0.3,0.9,14,59,-0.1983763911,timestamp_macro
full_set_coverage_gap,multi_answer_degradation,icews05_15_distmult_filtered,multi-minus-single__rolling_margin,icews05_15,temporal_distmult,filtered,0.3,0.9,14,71,-0.2199166355,timestamp_macro
full_set_coverage_gap,multi_answer_degradation,icews05_15_distmult_filtered,multi-minus-single__rolling_margin,icews05_15,temporal_distmult,filtered,0.3,0.9,21,17,-0.2321862111,timestamp_macro
full_set_coverage_gap,multi_answer_degradation,icews05_15_distmult_filtered,multi-minus-single__rolling_margin,icews05_15,temporal_distmult,filtered,0.3,0.9,21,29,-0.2135206206,timestamp_macro
full_set_coverage_gap,multi_answer_degradation,icews05_15_distmult_filtered,multi-minus-single__rolling_margin,icews05_15,temporal_distmult,filtered,0.3,0.9,21,43,-0.2229535276,timestamp_macro
full_set_coverage_gap,multi_answer_degradation,icews05_15_distmult_filtered,multi-minus-single__rolling_margin,icews05_15,temporal_distmult,filtered,0.3,0.9,21,59,-0.1983763911,timestamp_macro
full_set_coverage_gap,multi_answer_degradation,icews05_15_distmult_filtered,multi-minus-single__rolling_margin,icews05_15,temporal_distmult,filtered,0.3,0.9,21,71,-0.2199166355,timestamp_macro
full_set_coverage_gap,multi_answer_degradation,icews05_15_distmult_filtered,multi-minus-single__static_margin,icews05_15,temporal_distmult,filtered,0.3,0.9,3,17,-0.3157513863,timestamp_macro
full_set_coverage_gap,multi_answer_degradation,icews05_15_distmult_filtered,multi-minus-single__static_margin,icews05_15,temporal_distmult,filtered,0.3,0.9,3,29,-0.3024456031,timestamp_macro
full_set_coverage_gap,multi_answer_degradation,icews05_15_distmult_filtered,multi-minus-single__static_margin,icews05_15,temporal_distmult,filtered,0.3,0.9,3,43,-0.3071365055,timestamp_macro
full_set_coverage_gap,multi_answer_degradation,icews05_15_distmult_filtered,multi-minus-single__static_margin,icews05_15,temporal_distmult,filtered,0.3,0.9,3,59,-0.2726055563,timestamp_macro
full_set_coverage_gap,multi_answer_degradation,icews05_15_distmult_filtered,multi-minus-single__static_margin,icews05_15,temporal_distmult,filtered,0.3,0.9,3,71,-0.3038316851,timestamp_macro
full_set_coverage_gap,multi_answer_degradation,icews05_15_distmult_filtered,multi-minus-single__static_margin,icews05_15,temporal_distmult,filtered,0.3,0.9,7,17,-0.3157513863,timestamp_macro
full_set_coverage_gap,multi_answer_degradation,icews05_15_distmult_filtered,multi-minus-single__static_margin,icews05_15,temporal_distmult,filtered,0.3,0.9,7,29,-0.3024456031,timestamp_macro
full_set_coverage_gap,multi_answer_degradation,icews05_15_distmult_filtered,multi-minus-single__static_margin,icews05_15,temporal_distmult,filtered,0.3,0.9,7,43,-0.3071365055,timestamp_macro
full_set_coverage_gap,multi_answer_degradation,icews05_15_distmult_filtered,multi-minus-single__static_margin,icews05_15,temporal_distmult,filtered,0.3,0.9,7,59,-0.2726055563,timestamp_macro
full_set_coverage_gap,multi_answer_degradation,icews05_15_distmult_filtered,multi-minus-single__static_margin,icews05_15,temporal_distmult,filtered,0.3,0.9,7,71,-0.3038316851,timestamp_macro
full_set_coverage_gap,multi_answer_degradation,icews05_15_distmult_filtered,multi-minus-single__static_margin,icews05_15,temporal_distmult,filtered,0.3,0.9,14,17,-0.3157513863,timestamp_macro
full_set_coverage_gap,multi_answer_degradation,icews05_15_distmult_filtered,multi-minus-single__static_margin,icews05_15,temporal_distmult,filtered,0.3,0.9,14,29,-0.3024456031,timestamp_macro
full_set_coverage_gap,multi_answer_degradation,icews05_15_distmult_filtered,multi-minus-single__static_margin,icews05_15,temporal_distmult,filtered,0.3,0.9,14,43,-0.3071365055,timestamp_macro
full_set_coverage_gap,multi_answer_degradation,icews05_15_distmult_filtered,multi-minus-single__static_margin,icews05_15,temporal_distmult,filtered,0.3,0.9,14,59,-0.2726055563,timestamp_macro
full_set_coverage_gap,multi_answer_degradation,icews05_15_distmult_filtered,multi-minus-single__static_margin,icews05_15,temporal_distmult,filtered,0.3,0.9,14,71,-0.3038316851,timestamp_macro
full_set_coverage_gap,multi_answer_degradation,icews05_15_distmult_filtered,multi-minus-single__static_margin,icews05_15,temporal_distmult,filtered,0.3,0.9,21,17,-0.3157513863,timestamp_macro
full_set_coverage_gap,multi_answer_degradation,icews05_15_distmult_filtered,multi-minus-single__static_margin,icews05_15,temporal_distmult,filtered,0.3,0.9,21,29,-0.3024456031,timestamp_macro
full_set_coverage_gap,multi_answer_degradation,icews05_15_distmult_filtered,multi-minus-single__static_margin,icews05_15,temporal_distmult,filtered,0.3,0.9,21,43,-0.3071365055,timestamp_macro
full_set_coverage_gap,multi_answer_degradation,icews05_15_distmult_filtered,multi-minus-single__static_margin,icews05_15,temporal_distmult,filtered,0.3,0.9,21,59,-0.2726055563,timestamp_macro
full_set_coverage_gap,multi_answer_degradation,icews05_15_distmult_filtered,multi-minus-single__static_margin,icews05_15,temporal_distmult,filtered,0.3,0.9,21,71,-0.3038316851,timestamp_macro
full_set_coverage_gap,multi_answer_degradation,icews05_15_tcomplex_filtered,multi-minus-single__kgcp_softmax_static,icews05_15,continuous_tcomplex,filtered,0.3,0.9,3,17,-0.3117615821,timestamp_macro
full_set_coverage_gap,multi_answer_degradation,icews05_15_tcomplex_filtered,multi-minus-single__kgcp_softmax_static,icews05_15,continuous_tcomplex,filtered,0.3,0.9,3,29,-0.3073098828,timestamp_macro
full_set_coverage_gap,multi_answer_degradation,icews05_15_tcomplex_filtered,multi-minus-single__kgcp_softmax_static,icews05_15,continuous_tcomplex,filtered,0.3,0.9,3,43,-0.3168267391,timestamp_macro
full_set_coverage_gap,multi_answer_degradation,icews05_15_tcomplex_filtered,multi-minus-single__kgcp_softmax_static,icews05_15,continuous_tcomplex,filtered,0.3,0.9,3,59,-0.2897453228,timestamp_macro
full_set_coverage_gap,multi_answer_degradation,icews05_15_tcomplex_filtered,multi-minus-single__kgcp_softmax_static,icews05_15,continuous_tcomplex,filtered,0.3,0.9,3,71,-0.3136961462,timestamp_macro
full_set_coverage_gap,multi_answer_degradation,icews05_15_tcomplex_filtered,multi-minus-single__kgcp_softmax_static,icews05_15,continuous_tcomplex,filtered,0.3,0.9,7,17,-0.3117615821,timestamp_macro
full_set_coverage_gap,multi_answer_degradation,icews05_15_tcomplex_filtered,multi-minus-single__kgcp_softmax_static,icews05_15,continuous_tcomplex,filtered,0.3,0.9,7,29,-0.3073098828,timestamp_macro
full_set_coverage_gap,multi_answer_degradation,icews05_15_tcomplex_filtered,multi-minus-single__kgcp_softmax_static,icews05_15,continuous_tcomplex,filtered,0.3,0.9,7,43,-0.3168267391,timestamp_macro
full_set_coverage_gap,multi_answer_degradation,icews05_15_tcomplex_filtered,multi-minus-single__kgcp_softmax_static,icews05_15,continuous_tcomplex,filtered,0.3,0.9,7,59,-0.2897453228,timestamp_macro
full_set_coverage_gap,multi_answer_degradation,icews05_15_tcomplex_filtered,multi-minus-single__kgcp_softmax_static,icews05_15,continuous_tcomplex,filtered,0.3,0.9,7,71,-0.3136961462,timestamp_macro
full_set_coverage_gap,multi_answer_degradation,icews05_15_tcomplex_filtered,multi-minus-single__kgcp_softmax_static,icews05_15,continuous_tcomplex,filtered,0.3,0.9,14,17,-0.3117615821,timestamp_macro
full_set_coverage_gap,multi_answer_degradation,icews05_15_tcomplex_filtered,multi-minus-single__kgcp_softmax_static,icews05_15,continuous_tcomplex,filtered,0.3,0.9,14,29,-0.3073098828,timestamp_macro
full_set_coverage_gap,multi_answer_degradation,icews05_15_tcomplex_filtered,multi-minus-single__kgcp_softmax_static,icews05_15,continuous_tcomplex,filtered,0.3,0.9,14,43,-0.3168267391,timestamp_macro
full_set_coverage_gap,multi_answer_degradation,icews05_15_tcomplex_filtered,multi-minus-single__kgcp_softmax_static,icews05_15,continuous_tcomplex,filtered,0.3,0.9,14,59,-0.2897453228,timestamp_macro
full_set_coverage_gap,multi_answer_degradation,icews05_15_tcomplex_filtered,multi-minus-single__kgcp_softmax_static,icews05_15,continuous_tcomplex,filtered,0.3,0.9,14,71,-0.3136961462,timestamp_macro
full_set_coverage_gap,multi_answer_degradation,icews05_15_tcomplex_filtered,multi-minus-single__kgcp_softmax_static,icews05_15,continuous_tcomplex,filtered,0.3,0.9,21,17,-0.3117615821,timestamp_macro
full_set_coverage_gap,multi_answer_degradation,icews05_15_tcomplex_filtered,multi-minus-single__kgcp_softmax_static,icews05_15,continuous_tcomplex,filtered,0.3,0.9,21,29,-0.3073098828,timestamp_macro
full_set_coverage_gap,multi_answer_degradation,icews05_15_tcomplex_filtered,multi-minus-single__kgcp_softmax_static,icews05_15,continuous_tcomplex,filtered,0.3,0.9,21,43,-0.3168267391,timestamp_macro
full_set_coverage_gap,multi_answer_degradation,icews05_15_tcomplex_filtered,multi-minus-single__kgcp_softmax_static,icews05_15,continuous_tcomplex,filtered,0.3,0.9,21,59,-0.2897453228,timestamp_macro
full_set_coverage_gap,multi_answer_degradation,icews05_15_tcomplex_filtered,multi-minus-single__kgcp_softmax_static,icews05_15,continuous_tcomplex,filtered,0.3,0.9,21,71,-0.3136961462,timestamp_macro
full_set_coverage_gap,multi_answer_degradation,icews05_15_tcomplex_filtered,multi-minus-single__rolling_margin,icews05_15,continuous_tcomplex,filtered,0.3,0.9,3,17,-0.2388767854,timestamp_macro
full_set_coverage_gap,multi_answer_degradation,icews05_15_tcomplex_filtered,multi-minus-single__rolling_margin,icews05_15,continuous_tcomplex,filtered,0.3,0.9,3,29,-0.2327343513,timestamp_macro
full_set_coverage_gap,multi_answer_degradation,icews05_15_tcomplex_filtered,multi-minus-single__rolling_margin,icews05_15,continuous_tcomplex,filtered,0.3,0.9,3,43,-0.231055184,timestamp_macro
full_set_coverage_gap,multi_answer_degradation,icews05_15_tcomplex_filtered,multi-minus-single__rolling_margin,icews05_15,continuous_tcomplex,filtered,0.3,0.9,3,59,-0.2087695494,timestamp_macro
full_set_coverage_gap,multi_answer_degradation,icews05_15_tcomplex_filtered,multi-minus-single__rolling_margin,icews05_15,continuous_tcomplex,filtered,0.3,0.9,3,71,-0.2355914873,timestamp_macro
full_set_coverage_gap,multi_answer_degradation,icews05_15_tcomplex_filtered,multi-minus-single__rolling_margin,icews05_15,continuous_tcomplex,filtered,0.3,0.9,7,17,-0.2388767854,timestamp_macro
full_set_coverage_gap,multi_answer_degradation,icews05_15_tcomplex_filtered,multi-minus-single__rolling_margin,icews05_15,continuous_tcomplex,filtered,0.3,0.9,7,29,-0.2327343513,timestamp_macro
full_set_coverage_gap,multi_answer_degradation,icews05_15_tcomplex_filtered,multi-minus-single__rolling_margin,icews05_15,continuous_tcomplex,filtered,0.3,0.9,7,43,-0.231055184,timestamp_macro
full_set_coverage_gap,multi_answer_degradation,icews05_15_tcomplex_filtered,multi-minus-single__rolling_margin,icews05_15,continuous_tcomplex,filtered,0.3,0.9,7,59,-0.2087695494,timestamp_macro
full_set_coverage_gap,multi_answer_degradation,icews05_15_tcomplex_filtered,multi-minus-single__rolling_margin,icews05_15,continuous_tcomplex,filtered,0.3,0.9,7,71,-0.2355914873,timestamp_macro
full_set_coverage_gap,multi_answer_degradation,icews05_15_tcomplex_filtered,multi-minus-single__rolling_margin,icews05_15,continuous_tcomplex,filtered,0.3,0.9,14,17,-0.2388767854,timestamp_macro
full_set_coverage_gap,multi_answer_degradation,icews05_15_tcomplex_filtered,multi-minus-single__rolling_margin,icews05_15,continuous_tcomplex,filtered,0.3,0.9,14,29,-0.2327343513,timestamp_macro
full_set_coverage_gap,multi_answer_degradation,icews05_15_tcomplex_filtered,multi-minus-single__rolling_margin,icews05_15,continuous_tcomplex,filtered,0.3,0.9,14,43,-0.231055184,timestamp_macro
full_set_coverage_gap,multi_answer_degradation,icews05_15_tcomplex_filtered,multi-minus-single__rolling_margin,icews05_15,continuous_tcomplex,filtered,0.3,0.9,14,59,-0.2087695494,timestamp_macro
full_set_coverage_gap,multi_answer_degradation,icews05_15_tcomplex_filtered,multi-minus-single__rolling_margin,icews05_15,continuous_tcomplex,filtered,0.3,0.9,14,71,-0.2355914873,timestamp_macro
full_set_coverage_gap,multi_answer_degradation,icews05_15_tcomplex_filtered,multi-minus-single__rolling_margin,icews05_15,continuous_tcomplex,filtered,0.3,0.9,21,17,-0.2388767854,timestamp_macro
full_set_coverage_gap,multi_answer_degradation,icews05_15_tcomplex_filtered,multi-minus-single__rolling_margin,icews05_15,continuous_tcomplex,filtered,0.3,0.9,21,29,-0.2327343513,timestamp_macro
full_set_coverage_gap,multi_answer_degradation,icews05_15_tcomplex_filtered,multi-minus-single__rolling_margin,icews05_15,continuous_tcomplex,filtered,0.3,0.9,21,43,-0.231055184,timestamp_macro
full_set_coverage_gap,multi_answer_degradation,icews05_15_tcomplex_filtered,multi-minus-single__rolling_margin,icews05_15,continuous_tcomplex,filtered,0.3,0.9,21,59,-0.2087695494,timestamp_macro
full_set_coverage_gap,multi_answer_degradation,icews05_15_tcomplex_filtered,multi-minus-single__rolling_margin,icews05_15,continuous_tcomplex,filtered,0.3,0.9,21,71,-0.2355914873,timestamp_macro
full_set_coverage_gap,multi_answer_degradation,icews05_15_tcomplex_filtered,multi-minus-single__static_margin,icews05_15,continuous_tcomplex,filtered,0.3,0.9,3,17,-0.3153407935,timestamp_macro
full_set_coverage_gap,multi_answer_degradation,icews05_15_tcomplex_filtered,multi-minus-single__static_margin,icews05_15,continuous_tcomplex,filtered,0.3,0.9,3,29,-0.3066035391,timestamp_macro
full_set_coverage_gap,multi_answer_degradation,icews05_15_tcomplex_filtered,multi-minus-single__static_margin,icews05_15,continuous_tcomplex,filtered,0.3,0.9,3,43,-0.3209558869,timestamp_macro
full_set_coverage_gap,multi_answer_degradation,icews05_15_tcomplex_filtered,multi-minus-single__static_margin,icews05_15,continuous_tcomplex,filtered,0.3,0.9,3,59,-0.2928189353,timestamp_macro
full_set_coverage_gap,multi_answer_degradation,icews05_15_tcomplex_filtered,multi-minus-single__static_margin,icews05_15,continuous_tcomplex,filtered,0.3,0.9,3,71,-0.3140277399,timestamp_macro
full_set_coverage_gap,multi_answer_degradation,icews05_15_tcomplex_filtered,multi-minus-single__static_margin,icews05_15,continuous_tcomplex,filtered,0.3,0.9,7,17,-0.3153407935,timestamp_macro
full_set_coverage_gap,multi_answer_degradation,icews05_15_tcomplex_filtered,multi-minus-single__static_margin,icews05_15,continuous_tcomplex,filtered,0.3,0.9,7,29,-0.3066035391,timestamp_macro
full_set_coverage_gap,multi_answer_degradation,icews05_15_tcomplex_filtered,multi-minus-single__static_margin,icews05_15,continuous_tcomplex,filtered,0.3,0.9,7,43,-0.3209558869,timestamp_macro
full_set_coverage_gap,multi_answer_degradation,icews05_15_tcomplex_filtered,multi-minus-single__static_margin,icews05_15,continuous_tcomplex,filtered,0.3,0.9,7,59,-0.2928189353,timestamp_macro
full_set_coverage_gap,multi_answer_degradation,icews05_15_tcomplex_filtered,multi-minus-single__static_margin,icews05_15,continuous_tcomplex,filtered,0.3,0.9,7,71,-0.3140277399,timestamp_macro
full_set_coverage_gap,multi_answer_degradation,icews05_15_tcomplex_filtered,multi-minus-single__static_margin,icews05_15,continuous_tcomplex,filtered,0.3,0.9,14,17,-0.3153407935,timestamp_macro
full_set_coverage_gap,multi_answer_degradation,icews05_15_tcomplex_filtered,multi-minus-single__static_margin,icews05_15,continuous_tcomplex,filtered,0.3,0.9,14,29,-0.3066035391,timestamp_macro
full_set_coverage_gap,multi_answer_degradation,icews05_15_tcomplex_filtered,multi-minus-single__static_margin,icews05_15,continuous_tcomplex,filtered,0.3,0.9,14,43,-0.3209558869,timestamp_macro
full_set_coverage_gap,multi_answer_degradation,icews05_15_tcomplex_filtered,multi-minus-single__static_margin,icews05_15,continuous_tcomplex,filtered,0.3,0.9,14,59,-0.2928189353,timestamp_macro
full_set_coverage_gap,multi_answer_degradation,icews05_15_tcomplex_filtered,multi-minus-single__static_margin,icews05_15,continuous_tcomplex,filtered,0.3,0.9,14,71,-0.3140277399,timestamp_macro
full_set_coverage_gap,multi_answer_degradation,icews05_15_tcomplex_filtered,multi-minus-single__static_margin,icews05_15,continuous_tcomplex,filtered,0.3,0.9,21,17,-0.3153407935,timestamp_macro
full_set_coverage_gap,multi_answer_degradation,icews05_15_tcomplex_filtered,multi-minus-single__static_margin,icews05_15,continuous_tcomplex,filtered,0.3,0.9,21,29,-0.3066035391,timestamp_macro
full_set_coverage_gap,multi_answer_degradation,icews05_15_tcomplex_filtered,multi-minus-single__static_margin,icews05_15,continuous_tcomplex,filtered,0.3,0.9,21,43,-0.3209558869,timestamp_macro
full_set_coverage_gap,multi_answer_degradation,icews05_15_tcomplex_filtered,multi-minus-single__static_margin,icews05_15,continuous_tcomplex,filtered,0.3,0.9,21,59,-0.2928189353,timestamp_macro
full_set_coverage_gap,multi_answer_degradation,icews05_15_tcomplex_filtered,multi-minus-single__static_margin,icews05_15,continuous_tcomplex,filtered,0.3,0.9,21,71,-0.3140277399,timestamp_macro
full_set_coverage_gap,multi_answer_degradation,icews14_distmult_filtered,multi-minus-single__kgcp_softmax_static,icews14,temporal_distmult,filtered,0.3,0.9,3,17,-0.3774881428,timestamp_macro
full_set_coverage_gap,multi_answer_degradation,icews14_distmult_filtered,multi-minus-single__kgcp_softmax_static,icews14,temporal_distmult,filtered,0.3,0.9,3,29,-0.3616269023,timestamp_macro
full_set_coverage_gap,multi_answer_degradation,icews14_distmult_filtered,multi-minus-single__kgcp_softmax_static,icews14,temporal_distmult,filtered,0.3,0.9,3,43,-0.37164913,timestamp_macro
full_set_coverage_gap,multi_answer_degradation,icews14_distmult_filtered,multi-minus-single__kgcp_softmax_static,icews14,temporal_distmult,filtered,0.3,0.9,3,59,-0.3777102044,timestamp_macro
full_set_coverage_gap,multi_answer_degradation,icews14_distmult_filtered,multi-minus-single__kgcp_softmax_static,icews14,temporal_distmult,filtered,0.3,0.9,3,71,-0.3640915387,timestamp_macro
full_set_coverage_gap,multi_answer_degradation,icews14_distmult_filtered,multi-minus-single__kgcp_softmax_static,icews14,temporal_distmult,filtered,0.3,0.9,7,17,-0.3774881428,timestamp_macro
full_set_coverage_gap,multi_answer_degradation,icews14_distmult_filtered,multi-minus-single__kgcp_softmax_static,icews14,temporal_distmult,filtered,0.3,0.9,7,29,-0.3616269023,timestamp_macro
full_set_coverage_gap,multi_answer_degradation,icews14_distmult_filtered,multi-minus-single__kgcp_softmax_static,icews14,temporal_distmult,filtered,0.3,0.9,7,43,-0.37164913,timestamp_macro
full_set_coverage_gap,multi_answer_degradation,icews14_distmult_filtered,multi-minus-single__kgcp_softmax_static,icews14,temporal_distmult,filtered,0.3,0.9,7,59,-0.3777102044,timestamp_macro
full_set_coverage_gap,multi_answer_degradation,icews14_distmult_filtered,multi-minus-single__kgcp_softmax_static,icews14,temporal_distmult,filtered,0.3,0.9,7,71,-0.3640915387,timestamp_macro
full_set_coverage_gap,multi_answer_degradation,icews14_distmult_filtered,multi-minus-single__kgcp_softmax_static,icews14,temporal_distmult,filtered,0.3,0.9,14,17,-0.3774881428,timestamp_macro
full_set_coverage_gap,multi_answer_degradation,icews14_distmult_filtered,multi-minus-single__kgcp_softmax_static,icews14,temporal_distmult,filtered,0.3,0.9,14,29,-0.3616269023,timestamp_macro
full_set_coverage_gap,multi_answer_degradation,icews14_distmult_filtered,multi-minus-single__kgcp_softmax_static,icews14,temporal_distmult,filtered,0.3,0.9,14,43,-0.37164913,timestamp_macro
full_set_coverage_gap,multi_answer_degradation,icews14_distmult_filtered,multi-minus-single__kgcp_softmax_static,icews14,temporal_distmult,filtered,0.3,0.9,14,59,-0.3777102044,timestamp_macro
full_set_coverage_gap,multi_answer_degradation,icews14_distmult_filtered,multi-minus-single__kgcp_softmax_static,icews14,temporal_distmult,filtered,0.3,0.9,14,71,-0.3640915387,timestamp_macro
full_set_coverage_gap,multi_answer_degradation,icews14_distmult_filtered,multi-minus-single__kgcp_softmax_static,icews14,temporal_distmult,filtered,0.3,0.9,21,17,-0.3774881428,timestamp_macro
full_set_coverage_gap,multi_answer_degradation,icews14_distmult_filtered,multi-minus-single__kgcp_softmax_static,icews14,temporal_distmult,filtered,0.3,0.9,21,29,-0.3616269023,timestamp_macro
full_set_coverage_gap,multi_answer_degradation,icews14_distmult_filtered,multi-minus-single__kgcp_softmax_static,icews14,temporal_distmult,filtered,0.3,0.9,21,43,-0.37164913,timestamp_macro
full_set_coverage_gap,multi_answer_degradation,icews14_distmult_filtered,multi-minus-single__kgcp_softmax_static,icews14,temporal_distmult,filtered,0.3,0.9,21,59,-0.3777102044,timestamp_macro
full_set_coverage_gap,multi_answer_degradation,icews14_distmult_filtered,multi-minus-single__kgcp_softmax_static,icews14,temporal_distmult,filtered,0.3,0.9,21,71,-0.3640915387,timestamp_macro
full_set_coverage_gap,multi_answer_degradation,icews14_distmult_filtered,multi-minus-single__rolling_margin,icews14,temporal_distmult,filtered,0.3,0.9,3,17,-0.2756735131,timestamp_macro
full_set_coverage_gap,multi_answer_degradation,icews14_distmult_filtered,multi-minus-single__rolling_margin,icews14,temporal_distmult,filtered,0.3,0.9,3,29,-0.2764104051,timestamp_macro
full_set_coverage_gap,multi_answer_degradation,icews14_distmult_filtered,multi-minus-single__rolling_margin,icews14,temporal_distmult,filtered,0.3,0.9,3,43,-0.276742566,timestamp_macro
full_set_coverage_gap,multi_answer_degradation,icews14_distmult_filtered,multi-minus-single__rolling_margin,icews14,temporal_distmult,filtered,0.3,0.9,3,59,-0.2829287253,timestamp_macro
full_set_coverage_gap,multi_answer_degradation,icews14_distmult_filtered,multi-minus-single__rolling_margin,icews14,temporal_distmult,filtered,0.3,0.9,3,71,-0.2841727545,timestamp_macro
full_set_coverage_gap,multi_answer_degradation,icews14_distmult_filtered,multi-minus-single__rolling_margin,icews14,temporal_distmult,filtered,0.3,0.9,7,17,-0.2756735131,timestamp_macro
full_set_coverage_gap,multi_answer_degradation,icews14_distmult_filtered,multi-minus-single__rolling_margin,icews14,temporal_distmult,filtered,0.3,0.9,7,29,-0.2764104051,timestamp_macro
full_set_coverage_gap,multi_answer_degradation,icews14_distmult_filtered,multi-minus-single__rolling_margin,icews14,temporal_distmult,filtered,0.3,0.9,7,43,-0.276742566,timestamp_macro
full_set_coverage_gap,multi_answer_degradation,icews14_distmult_filtered,multi-minus-single__rolling_margin,icews14,temporal_distmult,filtered,0.3,0.9,7,59,-0.2829287253,timestamp_macro
full_set_coverage_gap,multi_answer_degradation,icews14_distmult_filtered,multi-minus-single__rolling_margin,icews14,temporal_distmult,filtered,0.3,0.9,7,71,-0.2841727545,timestamp_macro
full_set_coverage_gap,multi_answer_degradation,icews14_distmult_filtered,multi-minus-single__rolling_margin,icews14,temporal_distmult,filtered,0.3,0.9,14,17,-0.2756735131,timestamp_macro
full_set_coverage_gap,multi_answer_degradation,icews14_distmult_filtered,multi-minus-single__rolling_margin,icews14,temporal_distmult,filtered,0.3,0.9,14,29,-0.2764104051,timestamp_macro
full_set_coverage_gap,multi_answer_degradation,icews14_distmult_filtered,multi-minus-single__rolling_margin,icews14,temporal_distmult,filtered,0.3,0.9,14,43,-0.276742566,timestamp_macro
full_set_coverage_gap,multi_answer_degradation,icews14_distmult_filtered,multi-minus-single__rolling_margin,icews14,temporal_distmult,filtered,0.3,0.9,14,59,-0.2829287253,timestamp_macro
full_set_coverage_gap,multi_answer_degradation,icews14_distmult_filtered,multi-minus-single__rolling_margin,icews14,temporal_distmult,filtered,0.3,0.9,14,71,-0.2841727545,timestamp_macro
full_set_coverage_gap,multi_answer_degradation,icews14_distmult_filtered,multi-minus-single__rolling_margin,icews14,temporal_distmult,filtered,0.3,0.9,21,17,-0.2756735131,timestamp_macro
full_set_coverage_gap,multi_answer_degradation,icews14_distmult_filtered,multi-minus-single__rolling_margin,icews14,temporal_distmult,filtered,0.3,0.9,21,29,-0.2764104051,timestamp_macro
full_set_coverage_gap,multi_answer_degradation,icews14_distmult_filtered,multi-minus-single__rolling_margin,icews14,temporal_distmult,filtered,0.3,0.9,21,43,-0.276742566,timestamp_macro
full_set_coverage_gap,multi_answer_degradation,icews14_distmult_filtered,multi-minus-single__rolling_margin,icews14,temporal_distmult,filtered,0.3,0.9,21,59,-0.2829287253,timestamp_macro
full_set_coverage_gap,multi_answer_degradation,icews14_distmult_filtered,multi-minus-single__rolling_margin,icews14,temporal_distmult,filtered,0.3,0.9,21,71,-0.2841727545,timestamp_macro
full_set_coverage_gap,multi_answer_degradation,icews14_distmult_filtered,multi-minus-single__static_margin,icews14,temporal_distmult,filtered,0.3,0.9,3,17,-0.3770309374,timestamp_macro
full_set_coverage_gap,multi_answer_degradation,icews14_distmult_filtered,multi-minus-single__static_margin,icews14,temporal_distmult,filtered,0.3,0.9,3,29,-0.3631585182,timestamp_macro
full_set_coverage_gap,multi_answer_degradation,icews14_distmult_filtered,multi-minus-single__static_margin,icews14,temporal_distmult,filtered,0.3,0.9,3,43,-0.3688023026,timestamp_macro
full_set_coverage_gap,multi_answer_degradation,icews14_distmult_filtered,multi-minus-single__static_margin,icews14,temporal_distmult,filtered,0.3,0.9,3,59,-0.3815386757,timestamp_macro
full_set_coverage_gap,multi_answer_degradation,icews14_distmult_filtered,multi-minus-single__static_margin,icews14,temporal_distmult,filtered,0.3,0.9,3,71,-0.3672433632,timestamp_macro
full_set_coverage_gap,multi_answer_degradation,icews14_distmult_filtered,multi-minus-single__static_margin,icews14,temporal_distmult,filtered,0.3,0.9,7,17,-0.3770309374,timestamp_macro
full_set_coverage_gap,multi_answer_degradation,icews14_distmult_filtered,multi-minus-single__static_margin,icews14,temporal_distmult,filtered,0.3,0.9,7,29,-0.3631585182,timestamp_macro
full_set_coverage_gap,multi_answer_degradation,icews14_distmult_filtered,multi-minus-single__static_margin,icews14,temporal_distmult,filtered,0.3,0.9,7,43,-0.3688023026,timestamp_macro
full_set_coverage_gap,multi_answer_degradation,icews14_distmult_filtered,multi-minus-single__static_margin,icews14,temporal_distmult,filtered,0.3,0.9,7,59,-0.3815386757,timestamp_macro
full_set_coverage_gap,multi_answer_degradation,icews14_distmult_filtered,multi-minus-single__static_margin,icews14,temporal_distmult,filtered,0.3,0.9,7,71,-0.3672433632,timestamp_macro
full_set_coverage_gap,multi_answer_degradation,icews14_distmult_filtered,multi-minus-single__static_margin,icews14,temporal_distmult,filtered,0.3,0.9,14,17,-0.3770309374,timestamp_macro
full_set_coverage_gap,multi_answer_degradation,icews14_distmult_filtered,multi-minus-single__static_margin,icews14,temporal_distmult,filtered,0.3,0.9,14,29,-0.3631585182,timestamp_macro
full_set_coverage_gap,multi_answer_degradation,icews14_distmult_filtered,multi-minus-single__static_margin,icews14,temporal_distmult,filtered,0.3,0.9,14,43,-0.3688023026,timestamp_macro
full_set_coverage_gap,multi_answer_degradation,icews14_distmult_filtered,multi-minus-single__static_margin,icews14,temporal_distmult,filtered,0.3,0.9,14,59,-0.3815386757,timestamp_macro
full_set_coverage_gap,multi_answer_degradation,icews14_distmult_filtered,multi-minus-single__static_margin,icews14,temporal_distmult,filtered,0.3,0.9,14,71,-0.3672433632,timestamp_macro
full_set_coverage_gap,multi_answer_degradation,icews14_distmult_filtered,multi-minus-single__static_margin,icews14,temporal_distmult,filtered,0.3,0.9,21,17,-0.3770309374,timestamp_macro
full_set_coverage_gap,multi_answer_degradation,icews14_distmult_filtered,multi-minus-single__static_margin,icews14,temporal_distmult,filtered,0.3,0.9,21,29,-0.3631585182,timestamp_macro
full_set_coverage_gap,multi_answer_degradation,icews14_distmult_filtered,multi-minus-single__static_margin,icews14,temporal_distmult,filtered,0.3,0.9,21,43,-0.3688023026,timestamp_macro
full_set_coverage_gap,multi_answer_degradation,icews14_distmult_filtered,multi-minus-single__static_margin,icews14,temporal_distmult,filtered,0.3,0.9,21,59,-0.3815386757,timestamp_macro
full_set_coverage_gap,multi_answer_degradation,icews14_distmult_filtered,multi-minus-single__static_margin,icews14,temporal_distmult,filtered,0.3,0.9,21,71,-0.3672433632,timestamp_macro
full_set_coverage_gap,multi_answer_degradation,icews14_tcomplex_filtered,multi-minus-single__kgcp_softmax_static,icews14,continuous_tcomplex,filtered,0.3,0.9,3,17,-0.4096942307,timestamp_macro
full_set_coverage_gap,multi_answer_degradation,icews14_tcomplex_filtered,multi-minus-single__kgcp_softmax_static,icews14,continuous_tcomplex,filtered,0.3,0.9,3,29,-0.404650825,timestamp_macro
full_set_coverage_gap,multi_answer_degradation,icews14_tcomplex_filtered,multi-minus-single__kgcp_softmax_static,icews14,continuous_tcomplex,filtered,0.3,0.9,3,43,-0.4077967047,timestamp_macro
full_set_coverage_gap,multi_answer_degradation,icews14_tcomplex_filtered,multi-minus-single__kgcp_softmax_static,icews14,continuous_tcomplex,filtered,0.3,0.9,3,59,-0.4004143284,timestamp_macro
full_set_coverage_gap,multi_answer_degradation,icews14_tcomplex_filtered,multi-minus-single__kgcp_softmax_static,icews14,continuous_tcomplex,filtered,0.3,0.9,3,71,-0.3927048707,timestamp_macro
full_set_coverage_gap,multi_answer_degradation,icews14_tcomplex_filtered,multi-minus-single__kgcp_softmax_static,icews14,continuous_tcomplex,filtered,0.3,0.9,7,17,-0.4096942307,timestamp_macro
full_set_coverage_gap,multi_answer_degradation,icews14_tcomplex_filtered,multi-minus-single__kgcp_softmax_static,icews14,continuous_tcomplex,filtered,0.3,0.9,7,29,-0.404650825,timestamp_macro
full_set_coverage_gap,multi_answer_degradation,icews14_tcomplex_filtered,multi-minus-single__kgcp_softmax_static,icews14,continuous_tcomplex,filtered,0.3,0.9,7,43,-0.4077967047,timestamp_macro
full_set_coverage_gap,multi_answer_degradation,icews14_tcomplex_filtered,multi-minus-single__kgcp_softmax_static,icews14,continuous_tcomplex,filtered,0.3,0.9,7,59,-0.4004143284,timestamp_macro
full_set_coverage_gap,multi_answer_degradation,icews14_tcomplex_filtered,multi-minus-single__kgcp_softmax_static,icews14,continuous_tcomplex,filtered,0.3,0.9,7,71,-0.3927048707,timestamp_macro
full_set_coverage_gap,multi_answer_degradation,icews14_tcomplex_filtered,multi-minus-single__kgcp_softmax_static,icews14,continuous_tcomplex,filtered,0.3,0.9,14,17,-0.4096942307,timestamp_macro
full_set_coverage_gap,multi_answer_degradation,icews14_tcomplex_filtered,multi-minus-single__kgcp_softmax_static,icews14,continuous_tcomplex,filtered,0.3,0.9,14,29,-0.404650825,timestamp_macro
full_set_coverage_gap,multi_answer_degradation,icews14_tcomplex_filtered,multi-minus-single__kgcp_softmax_static,icews14,continuous_tcomplex,filtered,0.3,0.9,14,43,-0.4077967047,timestamp_macro
full_set_coverage_gap,multi_answer_degradation,icews14_tcomplex_filtered,multi-minus-single__kgcp_softmax_static,icews14,continuous_tcomplex,filtered,0.3,0.9,14,59,-0.4004143284,timestamp_macro
full_set_coverage_gap,multi_answer_degradation,icews14_tcomplex_filtered,multi-minus-single__kgcp_softmax_static,icews14,continuous_tcomplex,filtered,0.3,0.9,14,71,-0.3927048707,timestamp_macro
full_set_coverage_gap,multi_answer_degradation,icews14_tcomplex_filtered,multi-minus-single__kgcp_softmax_static,icews14,continuous_tcomplex,filtered,0.3,0.9,21,17,-0.4096942307,timestamp_macro
full_set_coverage_gap,multi_answer_degradation,icews14_tcomplex_filtered,multi-minus-single__kgcp_softmax_static,icews14,continuous_tcomplex,filtered,0.3,0.9,21,29,-0.404650825,timestamp_macro
full_set_coverage_gap,multi_answer_degradation,icews14_tcomplex_filtered,multi-minus-single__kgcp_softmax_static,icews14,continuous_tcomplex,filtered,0.3,0.9,21,43,-0.4077967047,timestamp_macro
full_set_coverage_gap,multi_answer_degradation,icews14_tcomplex_filtered,multi-minus-single__kgcp_softmax_static,icews14,continuous_tcomplex,filtered,0.3,0.9,21,59,-0.4004143284,timestamp_macro
full_set_coverage_gap,multi_answer_degradation,icews14_tcomplex_filtered,multi-minus-single__kgcp_softmax_static,icews14,continuous_tcomplex,filtered,0.3,0.9,21,71,-0.3927048707,timestamp_macro
full_set_coverage_gap,multi_answer_degradation,icews14_tcomplex_filtered,multi-minus-single__rolling_margin,icews14,continuous_tcomplex,filtered,0.3,0.9,3,17,-0.2918330951,timestamp_macro
full_set_coverage_gap,multi_answer_degradation,icews14_tcomplex_filtered,multi-minus-single__rolling_margin,icews14,continuous_tcomplex,filtered,0.3,0.9,3,29,-0.3180598528,timestamp_macro
full_set_coverage_gap,multi_answer_degradation,icews14_tcomplex_filtered,multi-minus-single__rolling_margin,icews14,continuous_tcomplex,filtered,0.3,0.9,3,43,-0.3109781716,timestamp_macro
full_set_coverage_gap,multi_answer_degradation,icews14_tcomplex_filtered,multi-minus-single__rolling_margin,icews14,continuous_tcomplex,filtered,0.3,0.9,3,59,-0.3087674111,timestamp_macro
full_set_coverage_gap,multi_answer_degradation,icews14_tcomplex_filtered,multi-minus-single__rolling_margin,icews14,continuous_tcomplex,filtered,0.3,0.9,3,71,-0.2972827584,timestamp_macro
full_set_coverage_gap,multi_answer_degradation,icews14_tcomplex_filtered,multi-minus-single__rolling_margin,icews14,continuous_tcomplex,filtered,0.3,0.9,7,17,-0.2918330951,timestamp_macro
full_set_coverage_gap,multi_answer_degradation,icews14_tcomplex_filtered,multi-minus-single__rolling_margin,icews14,continuous_tcomplex,filtered,0.3,0.9,7,29,-0.3180598528,timestamp_macro
full_set_coverage_gap,multi_answer_degradation,icews14_tcomplex_filtered,multi-minus-single__rolling_margin,icews14,continuous_tcomplex,filtered,0.3,0.9,7,43,-0.3109781716,timestamp_macro
full_set_coverage_gap,multi_answer_degradation,icews14_tcomplex_filtered,multi-minus-single__rolling_margin,icews14,continuous_tcomplex,filtered,0.3,0.9,7,59,-0.3087674111,timestamp_macro
full_set_coverage_gap,multi_answer_degradation,icews14_tcomplex_filtered,multi-minus-single__rolling_margin,icews14,continuous_tcomplex,filtered,0.3,0.9,7,71,-0.2972827584,timestamp_macro
full_set_coverage_gap,multi_answer_degradation,icews14_tcomplex_filtered,multi-minus-single__rolling_margin,icews14,continuous_tcomplex,filtered,0.3,0.9,14,17,-0.2918330951,timestamp_macro
full_set_coverage_gap,multi_answer_degradation,icews14_tcomplex_filtered,multi-minus-single__rolling_margin,icews14,continuous_tcomplex,filtered,0.3,0.9,14,29,-0.3180598528,timestamp_macro
full_set_coverage_gap,multi_answer_degradation,icews14_tcomplex_filtered,multi-minus-single__rolling_margin,icews14,continuous_tcomplex,filtered,0.3,0.9,14,43,-0.3109781716,timestamp_macro
full_set_coverage_gap,multi_answer_degradation,icews14_tcomplex_filtered,multi-minus-single__rolling_margin,icews14,continuous_tcomplex,filtered,0.3,0.9,14,59,-0.3087674111,timestamp_macro
full_set_coverage_gap,multi_answer_degradation,icews14_tcomplex_filtered,multi-minus-single__rolling_margin,icews14,continuous_tcomplex,filtered,0.3,0.9,14,71,-0.2972827584,timestamp_macro
full_set_coverage_gap,multi_answer_degradation,icews14_tcomplex_filtered,multi-minus-single__rolling_margin,icews14,continuous_tcomplex,filtered,0.3,0.9,21,17,-0.2918330951,timestamp_macro
full_set_coverage_gap,multi_answer_degradation,icews14_tcomplex_filtered,multi-minus-single__rolling_margin,icews14,continuous_tcomplex,filtered,0.3,0.9,21,29,-0.3180598528,timestamp_macro
full_set_coverage_gap,multi_answer_degradation,icews14_tcomplex_filtered,multi-minus-single__rolling_margin,icews14,continuous_tcomplex,filtered,0.3,0.9,21,43,-0.3109781716,timestamp_macro
full_set_coverage_gap,multi_answer_degradation,icews14_tcomplex_filtered,multi-minus-single__rolling_margin,icews14,continuous_tcomplex,filtered,0.3,0.9,21,59,-0.3087674111,timestamp_macro
full_set_coverage_gap,multi_answer_degradation,icews14_tcomplex_filtered,multi-minus-single__rolling_margin,icews14,continuous_tcomplex,filtered,0.3,0.9,21,71,-0.2972827584,timestamp_macro
full_set_coverage_gap,multi_answer_degradation,icews14_tcomplex_filtered,multi-minus-single__static_margin,icews14,continuous_tcomplex,filtered,0.3,0.9,3,17,-0.4092606359,timestamp_macro
full_set_coverage_gap,multi_answer_degradation,icews14_tcomplex_filtered,multi-minus-single__static_margin,icews14,continuous_tcomplex,filtered,0.3,0.9,3,29,-0.4084124637,timestamp_macro
full_set_coverage_gap,multi_answer_degradation,icews14_tcomplex_filtered,multi-minus-single__static_margin,icews14,continuous_tcomplex,filtered,0.3,0.9,3,43,-0.4079968735,timestamp_macro
full_set_coverage_gap,multi_answer_degradation,icews14_tcomplex_filtered,multi-minus-single__static_margin,icews14,continuous_tcomplex,filtered,0.3,0.9,3,59,-0.40269013,timestamp_macro
full_set_coverage_gap,multi_answer_degradation,icews14_tcomplex_filtered,multi-minus-single__static_margin,icews14,continuous_tcomplex,filtered,0.3,0.9,3,71,-0.393689305,timestamp_macro
full_set_coverage_gap,multi_answer_degradation,icews14_tcomplex_filtered,multi-minus-single__static_margin,icews14,continuous_tcomplex,filtered,0.3,0.9,7,17,-0.4092606359,timestamp_macro
full_set_coverage_gap,multi_answer_degradation,icews14_tcomplex_filtered,multi-minus-single__static_margin,icews14,continuous_tcomplex,filtered,0.3,0.9,7,29,-0.4084124637,timestamp_macro
full_set_coverage_gap,multi_answer_degradation,icews14_tcomplex_filtered,multi-minus-single__static_margin,icews14,continuous_tcomplex,filtered,0.3,0.9,7,43,-0.4079968735,timestamp_macro
full_set_coverage_gap,multi_answer_degradation,icews14_tcomplex_filtered,multi-minus-single__static_margin,icews14,continuous_tcomplex,filtered,0.3,0.9,7,59,-0.40269013,timestamp_macro
full_set_coverage_gap,multi_answer_degradation,icews14_tcomplex_filtered,multi-minus-single__static_margin,icews14,continuous_tcomplex,filtered,0.3,0.9,7,71,-0.393689305,timestamp_macro
full_set_coverage_gap,multi_answer_degradation,icews14_tcomplex_filtered,multi-minus-single__static_margin,icews14,continuous_tcomplex,filtered,0.3,0.9,14,17,-0.4092606359,timestamp_macro
full_set_coverage_gap,multi_answer_degradation,icews14_tcomplex_filtered,multi-minus-single__static_margin,icews14,continuous_tcomplex,filtered,0.3,0.9,14,29,-0.4084124637,timestamp_macro
full_set_coverage_gap,multi_answer_degradation,icews14_tcomplex_filtered,multi-minus-single__static_margin,icews14,continuous_tcomplex,filtered,0.3,0.9,14,43,-0.4079968735,timestamp_macro
full_set_coverage_gap,multi_answer_degradation,icews14_tcomplex_filtered,multi-minus-single__static_margin,icews14,continuous_tcomplex,filtered,0.3,0.9,14,59,-0.40269013,timestamp_macro
full_set_coverage_gap,multi_answer_degradation,icews14_tcomplex_filtered,multi-minus-single__static_margin,icews14,continuous_tcomplex,filtered,0.3,0.9,14,71,-0.393689305,timestamp_macro
full_set_coverage_gap,multi_answer_degradation,icews14_tcomplex_filtered,multi-minus-single__static_margin,icews14,continuous_tcomplex,filtered,0.3,0.9,21,17,-0.4092606359,timestamp_macro
full_set_coverage_gap,multi_answer_degradation,icews14_tcomplex_filtered,multi-minus-single__static_margin,icews14,continuous_tcomplex,filtered,0.3,0.9,21,29,-0.4084124637,timestamp_macro
full_set_coverage_gap,multi_answer_degradation,icews14_tcomplex_filtered,multi-minus-single__static_margin,icews14,continuous_tcomplex,filtered,0.3,0.9,21,43,-0.4079968735,timestamp_macro
full_set_coverage_gap,multi_answer_degradation,icews14_tcomplex_filtered,multi-minus-single__static_margin,icews14,continuous_tcomplex,filtered,0.3,0.9,21,59,-0.40269013,timestamp_macro
full_set_coverage_gap,multi_answer_degradation,icews14_tcomplex_filtered,multi-minus-single__static_margin,icews14,continuous_tcomplex,filtered,0.3,0.9,21,71,-0.393689305,timestamp_macro
coverage_change,negative_sampling_sensitivity,icews05_15_distmult_filtered|icews05_15_distmult_uniform_sensitivity,filtered-minus-uniform__rolling_margin,icews05_15,temporal_distmult,filtered-minus-uniform,0,0.9,3,17,0.0003940938469,query_micro
coverage_change,negative_sampling_sensitivity,icews05_15_distmult_filtered|icews05_15_distmult_uniform_sensitivity,filtered-minus-uniform__rolling_margin,icews05_15,temporal_distmult,filtered-minus-uniform,0.3,0.9,3,17,0.0003993484315,query_micro
coverage_change,negative_sampling_sensitivity,icews05_15_distmult_filtered|icews05_15_distmult_uniform_sensitivity,filtered-minus-uniform__rolling_margin,icews05_15,temporal_distmult,filtered-minus-uniform,0,0.9,3,29,0.0004308759393,query_micro
coverage_change,negative_sampling_sensitivity,icews05_15_distmult_filtered|icews05_15_distmult_uniform_sensitivity,filtered-minus-uniform__rolling_margin,icews05_15,temporal_distmult,filtered-minus-uniform,0.3,0.9,3,29,9.458252325e-05,query_micro
coverage_change,negative_sampling_sensitivity,icews05_15_distmult_filtered|icews05_15_distmult_uniform_sensitivity,filtered-minus-uniform__rolling_margin,icews05_15,temporal_distmult,filtered-minus-uniform,0,0.9,3,43,0.0006095318165,query_micro
coverage_change,negative_sampling_sensitivity,icews05_15_distmult_filtered|icews05_15_distmult_uniform_sensitivity,filtered-minus-uniform__rolling_margin,icews05_15,temporal_distmult,filtered-minus-uniform,0.3,0.9,3,43,0.0002154379696,query_micro
coverage_change,negative_sampling_sensitivity,icews05_15_distmult_filtered|icews05_15_distmult_uniform_sensitivity,filtered-minus-uniform__rolling_margin,icews05_15,temporal_distmult,filtered-minus-uniform,0,0.9,3,59,0.0001944196311,query_micro
coverage_change,negative_sampling_sensitivity,icews05_15_distmult_filtered|icews05_15_distmult_uniform_sensitivity,filtered-minus-uniform__rolling_margin,icews05_15,temporal_distmult,filtered-minus-uniform,0.3,0.9,3,59,6.830960013e-05,query_micro
coverage_change,negative_sampling_sensitivity,icews05_15_distmult_filtered|icews05_15_distmult_uniform_sensitivity,filtered-minus-uniform__rolling_margin,icews05_15,temporal_distmult,filtered-minus-uniform,0,0.9,3,71,-2.10183385e-05,query_micro
coverage_change,negative_sampling_sensitivity,icews05_15_distmult_filtered|icews05_15_distmult_uniform_sensitivity,filtered-minus-uniform__rolling_margin,icews05_15,temporal_distmult,filtered-minus-uniform,0.3,0.9,3,71,4.2036677e-05,query_micro
coverage_change,negative_sampling_sensitivity,icews05_15_distmult_filtered|icews05_15_distmult_uniform_sensitivity,filtered-minus-uniform__rolling_margin,icews05_15,temporal_distmult,filtered-minus-uniform,0,0.9,7,17,0.0003940938469,query_micro
coverage_change,negative_sampling_sensitivity,icews05_15_distmult_filtered|icews05_15_distmult_uniform_sensitivity,filtered-minus-uniform__rolling_margin,icews05_15,temporal_distmult,filtered-minus-uniform,0.3,0.9,7,17,0.0003993484315,query_micro
coverage_change,negative_sampling_sensitivity,icews05_15_distmult_filtered|icews05_15_distmult_uniform_sensitivity,filtered-minus-uniform__rolling_margin,icews05_15,temporal_distmult,filtered-minus-uniform,0,0.9,7,29,0.0004308759393,query_micro
coverage_change,negative_sampling_sensitivity,icews05_15_distmult_filtered|icews05_15_distmult_uniform_sensitivity,filtered-minus-uniform__rolling_margin,icews05_15,temporal_distmult,filtered-minus-uniform,0.3,0.9,7,29,9.458252325e-05,query_micro
coverage_change,negative_sampling_sensitivity,icews05_15_distmult_filtered|icews05_15_distmult_uniform_sensitivity,filtered-minus-uniform__rolling_margin,icews05_15,temporal_distmult,filtered-minus-uniform,0,0.9,7,43,0.0006095318165,query_micro
coverage_change,negative_sampling_sensitivity,icews05_15_distmult_filtered|icews05_15_distmult_uniform_sensitivity,filtered-minus-uniform__rolling_margin,icews05_15,temporal_distmult,filtered-minus-uniform,0.3,0.9,7,43,0.0002154379696,query_micro
coverage_change,negative_sampling_sensitivity,icews05_15_distmult_filtered|icews05_15_distmult_uniform_sensitivity,filtered-minus-uniform__rolling_margin,icews05_15,temporal_distmult,filtered-minus-uniform,0,0.9,7,59,0.0001944196311,query_micro
coverage_change,negative_sampling_sensitivity,icews05_15_distmult_filtered|icews05_15_distmult_uniform_sensitivity,filtered-minus-uniform__rolling_margin,icews05_15,temporal_distmult,filtered-minus-uniform,0.3,0.9,7,59,6.830960013e-05,query_micro
coverage_change,negative_sampling_sensitivity,icews05_15_distmult_filtered|icews05_15_distmult_uniform_sensitivity,filtered-minus-uniform__rolling_margin,icews05_15,temporal_distmult,filtered-minus-uniform,0,0.9,7,71,-2.10183385e-05,query_micro
coverage_change,negative_sampling_sensitivity,icews05_15_distmult_filtered|icews05_15_distmult_uniform_sensitivity,filtered-minus-uniform__rolling_margin,icews05_15,temporal_distmult,filtered-minus-uniform,0.3,0.9,7,71,4.2036677e-05,query_micro
coverage_change,negative_sampling_sensitivity,icews05_15_distmult_filtered|icews05_15_distmult_uniform_sensitivity,filtered-minus-uniform__rolling_margin,icews05_15,temporal_distmult,filtered-minus-uniform,0,0.9,14,17,0.0003940938469,query_micro
coverage_change,negative_sampling_sensitivity,icews05_15_distmult_filtered|icews05_15_distmult_uniform_sensitivity,filtered-minus-uniform__rolling_margin,icews05_15,temporal_distmult,filtered-minus-uniform,0.3,0.9,14,17,0.0003993484315,query_micro
coverage_change,negative_sampling_sensitivity,icews05_15_distmult_filtered|icews05_15_distmult_uniform_sensitivity,filtered-minus-uniform__rolling_margin,icews05_15,temporal_distmult,filtered-minus-uniform,0,0.9,14,29,0.0004308759393,query_micro
coverage_change,negative_sampling_sensitivity,icews05_15_distmult_filtered|icews05_15_distmult_uniform_sensitivity,filtered-minus-uniform__rolling_margin,icews05_15,temporal_distmult,filtered-minus-uniform,0.3,0.9,14,29,9.458252325e-05,query_micro
coverage_change,negative_sampling_sensitivity,icews05_15_distmult_filtered|icews05_15_distmult_uniform_sensitivity,filtered-minus-uniform__rolling_margin,icews05_15,temporal_distmult,filtered-minus-uniform,0,0.9,14,43,0.0006095318165,query_micro
coverage_change,negative_sampling_sensitivity,icews05_15_distmult_filtered|icews05_15_distmult_uniform_sensitivity,filtered-minus-uniform__rolling_margin,icews05_15,temporal_distmult,filtered-minus-uniform,0.3,0.9,14,43,0.0002154379696,query_micro
coverage_change,negative_sampling_sensitivity,icews05_15_distmult_filtered|icews05_15_distmult_uniform_sensitivity,filtered-minus-uniform__rolling_margin,icews05_15,temporal_distmult,filtered-minus-uniform,0,0.9,14,59,0.0001944196311,query_micro
coverage_change,negative_sampling_sensitivity,icews05_15_distmult_filtered|icews05_15_distmult_uniform_sensitivity,filtered-minus-uniform__rolling_margin,icews05_15,temporal_distmult,filtered-minus-uniform,0.3,0.9,14,59,6.830960013e-05,query_micro
coverage_change,negative_sampling_sensitivity,icews05_15_distmult_filtered|icews05_15_distmult_uniform_sensitivity,filtered-minus-uniform__rolling_margin,icews05_15,temporal_distmult,filtered-minus-uniform,0,0.9,14,71,-2.10183385e-05,query_micro
coverage_change,negative_sampling_sensitivity,icews05_15_distmult_filtered|icews05_15_distmult_uniform_sensitivity,filtered-minus-uniform__rolling_margin,icews05_15,temporal_distmult,filtered-minus-uniform,0.3,0.9,14,71,4.2036677e-05,query_micro
coverage_change,negative_sampling_sensitivity,icews05_15_distmult_filtered|icews05_15_distmult_uniform_sensitivity,filtered-minus-uniform__rolling_margin,icews05_15,temporal_distmult,filtered-minus-uniform,0,0.9,21,17,0.0003940938469,query_micro
coverage_change,negative_sampling_sensitivity,icews05_15_distmult_filtered|icews05_15_distmult_uniform_sensitivity,filtered-minus-uniform__rolling_margin,icews05_15,temporal_distmult,filtered-minus-uniform,0.3,0.9,21,17,0.0003993484315,query_micro
coverage_change,negative_sampling_sensitivity,icews05_15_distmult_filtered|icews05_15_distmult_uniform_sensitivity,filtered-minus-uniform__rolling_margin,icews05_15,temporal_distmult,filtered-minus-uniform,0,0.9,21,29,0.0004308759393,query_micro
coverage_change,negative_sampling_sensitivity,icews05_15_distmult_filtered|icews05_15_distmult_uniform_sensitivity,filtered-minus-uniform__rolling_margin,icews05_15,temporal_distmult,filtered-minus-uniform,0.3,0.9,21,29,9.458252325e-05,query_micro
coverage_change,negative_sampling_sensitivity,icews05_15_distmult_filtered|icews05_15_distmult_uniform_sensitivity,filtered-minus-uniform__rolling_margin,icews05_15,temporal_distmult,filtered-minus-uniform,0,0.9,21,43,0.0006095318165,query_micro
coverage_change,negative_sampling_sensitivity,icews05_15_distmult_filtered|icews05_15_distmult_uniform_sensitivity,filtered-minus-uniform__rolling_margin,icews05_15,temporal_distmult,filtered-minus-uniform,0.3,0.9,21,43,0.0002154379696,query_micro
coverage_change,negative_sampling_sensitivity,icews05_15_distmult_filtered|icews05_15_distmult_uniform_sensitivity,filtered-minus-uniform__rolling_margin,icews05_15,temporal_distmult,filtered-minus-uniform,0,0.9,21,59,0.0001944196311,query_micro
coverage_change,negative_sampling_sensitivity,icews05_15_distmult_filtered|icews05_15_distmult_uniform_sensitivity,filtered-minus-uniform__rolling_margin,icews05_15,temporal_distmult,filtered-minus-uniform,0.3,0.9,21,59,6.830960013e-05,query_micro
coverage_change,negative_sampling_sensitivity,icews05_15_distmult_filtered|icews05_15_distmult_uniform_sensitivity,filtered-minus-uniform__rolling_margin,icews05_15,temporal_distmult,filtered-minus-uniform,0,0.9,21,71,-2.10183385e-05,query_micro
coverage_change,negative_sampling_sensitivity,icews05_15_distmult_filtered|icews05_15_distmult_uniform_sensitivity,filtered-minus-uniform__rolling_margin,icews05_15,temporal_distmult,filtered-minus-uniform,0.3,0.9,21,71,4.2036677e-05,query_micro
coverage_change,negative_sampling_sensitivity,icews05_15_distmult_filtered|icews05_15_distmult_uniform_sensitivity,filtered-minus-uniform__static_margin,icews05_15,temporal_distmult,filtered-minus-uniform,0,0.9,3,17,0.00161315748,query_micro
coverage_change,negative_sampling_sensitivity,icews05_15_distmult_filtered|icews05_15_distmult_uniform_sensitivity,filtered-minus-uniform__static_margin,icews05_15,temporal_distmult,filtered-minus-uniform,0.3,0.9,3,17,-0.000966843571,query_micro
coverage_change,negative_sampling_sensitivity,icews05_15_distmult_filtered|icews05_15_distmult_uniform_sensitivity,filtered-minus-uniform__static_margin,icews05_15,temporal_distmult,filtered-minus-uniform,0,0.9,3,29,0.001723503757,query_micro
coverage_change,negative_sampling_sensitivity,icews05_15_distmult_filtered|icews05_15_distmult_uniform_sensitivity,filtered-minus-uniform__static_margin,icews05_15,temporal_distmult,filtered-minus-uniform,0.3,0.9,3,29,0.001634175818,query_micro
coverage_change,negative_sampling_sensitivity,icews05_15_distmult_filtered|icews05_15_distmult_uniform_sensitivity,filtered-minus-uniform__static_margin,icews05_15,temporal_distmult,filtered-minus-uniform,0,0.9,3,43,0.001833850034,query_micro
coverage_change,negative_sampling_sensitivity,icews05_15_distmult_filtered|icews05_15_distmult_uniform_sensitivity,filtered-minus-uniform__static_margin,icews05_15,temporal_distmult,filtered-minus-uniform,0.3,0.9,3,43,-0.0004046030161,query_micro
coverage_change,negative_sampling_sensitivity,icews05_15_distmult_filtered|icews05_15_distmult_uniform_sensitivity,filtered-minus-uniform__static_margin,icews05_15,temporal_distmult,filtered-minus-uniform,0,0.9,3,59,0.005070674163,query_micro
coverage_change,negative_sampling_sensitivity,icews05_15_distmult_filtered|icews05_15_distmult_uniform_sensitivity,filtered-minus-uniform__static_margin,icews05_15,temporal_distmult,filtered-minus-uniform,0.3,0.9,3,59,0.003725500499,query_micro
coverage_change,negative_sampling_sensitivity,icews05_15_distmult_filtered|icews05_15_distmult_uniform_sensitivity,filtered-minus-uniform__static_margin,icews05_15,temporal_distmult,filtered-minus-uniform,0,0.9,3,71,-0.0001734012926,query_micro
coverage_change,negative_sampling_sensitivity,icews05_15_distmult_filtered|icews05_15_distmult_uniform_sensitivity,filtered-minus-uniform__static_margin,icews05_15,temporal_distmult,filtered-minus-uniform,0.3,0.9,3,71,0.001812831696,query_micro
coverage_change,negative_sampling_sensitivity,icews05_15_distmult_filtered|icews05_15_distmult_uniform_sensitivity,filtered-minus-uniform__static_margin,icews05_15,temporal_distmult,filtered-minus-uniform,0,0.9,7,17,0.00161315748,query_micro
coverage_change,negative_sampling_sensitivity,icews05_15_distmult_filtered|icews05_15_distmult_uniform_sensitivity,filtered-minus-uniform__static_margin,icews05_15,temporal_distmult,filtered-minus-uniform,0.3,0.9,7,17,-0.000966843571,query_micro
coverage_change,negative_sampling_sensitivity,icews05_15_distmult_filtered|icews05_15_distmult_uniform_sensitivity,filtered-minus-uniform__static_margin,icews05_15,temporal_distmult,filtered-minus-uniform,0,0.9,7,29,0.001723503757,query_micro
coverage_change,negative_sampling_sensitivity,icews05_15_distmult_filtered|icews05_15_distmult_uniform_sensitivity,filtered-minus-uniform__static_margin,icews05_15,temporal_distmult,filtered-minus-uniform,0.3,0.9,7,29,0.001634175818,query_micro
coverage_change,negative_sampling_sensitivity,icews05_15_distmult_filtered|icews05_15_distmult_uniform_sensitivity,filtered-minus-uniform__static_margin,icews05_15,temporal_distmult,filtered-minus-uniform,0,0.9,7,43,0.001833850034,query_micro
coverage_change,negative_sampling_sensitivity,icews05_15_distmult_filtered|icews05_15_distmult_uniform_sensitivity,filtered-minus-uniform__static_margin,icews05_15,temporal_distmult,filtered-minus-uniform,0.3,0.9,7,43,-0.0004046030161,query_micro
coverage_change,negative_sampling_sensitivity,icews05_15_distmult_filtered|icews05_15_distmult_uniform_sensitivity,filtered-minus-uniform__static_margin,icews05_15,temporal_distmult,filtered-minus-uniform,0,0.9,7,59,0.005070674163,query_micro
coverage_change,negative_sampling_sensitivity,icews05_15_distmult_filtered|icews05_15_distmult_uniform_sensitivity,filtered-minus-uniform__static_margin,icews05_15,temporal_distmult,filtered-minus-uniform,0.3,0.9,7,59,0.003725500499,query_micro
coverage_change,negative_sampling_sensitivity,icews05_15_distmult_filtered|icews05_15_distmult_uniform_sensitivity,filtered-minus-uniform__static_margin,icews05_15,temporal_distmult,filtered-minus-uniform,0,0.9,7,71,-0.0001734012926,query_micro
coverage_change,negative_sampling_sensitivity,icews05_15_distmult_filtered|icews05_15_distmult_uniform_sensitivity,filtered-minus-uniform__static_margin,icews05_15,temporal_distmult,filtered-minus-uniform,0.3,0.9,7,71,0.001812831696,query_micro
coverage_change,negative_sampling_sensitivity,icews05_15_distmult_filtered|icews05_15_distmult_uniform_sensitivity,filtered-minus-uniform__static_margin,icews05_15,temporal_distmult,filtered-minus-uniform,0,0.9,14,17,0.00161315748,query_micro
coverage_change,negative_sampling_sensitivity,icews05_15_distmult_filtered|icews05_15_distmult_uniform_sensitivity,filtered-minus-uniform__static_margin,icews05_15,temporal_distmult,filtered-minus-uniform,0.3,0.9,14,17,-0.000966843571,query_micro
coverage_change,negative_sampling_sensitivity,icews05_15_distmult_filtered|icews05_15_distmult_uniform_sensitivity,filtered-minus-uniform__static_margin,icews05_15,temporal_distmult,filtered-minus-uniform,0,0.9,14,29,0.001723503757,query_micro
coverage_change,negative_sampling_sensitivity,icews05_15_distmult_filtered|icews05_15_distmult_uniform_sensitivity,filtered-minus-uniform__static_margin,icews05_15,temporal_distmult,filtered-minus-uniform,0.3,0.9,14,29,0.001634175818,query_micro
coverage_change,negative_sampling_sensitivity,icews05_15_distmult_filtered|icews05_15_distmult_uniform_sensitivity,filtered-minus-uniform__static_margin,icews05_15,temporal_distmult,filtered-minus-uniform,0,0.9,14,43,0.001833850034,query_micro
coverage_change,negative_sampling_sensitivity,icews05_15_distmult_filtered|icews05_15_distmult_uniform_sensitivity,filtered-minus-uniform__static_margin,icews05_15,temporal_distmult,filtered-minus-uniform,0.3,0.9,14,43,-0.0004046030161,query_micro
coverage_change,negative_sampling_sensitivity,icews05_15_distmult_filtered|icews05_15_distmult_uniform_sensitivity,filtered-minus-uniform__static_margin,icews05_15,temporal_distmult,filtered-minus-uniform,0,0.9,14,59,0.005070674163,query_micro
coverage_change,negative_sampling_sensitivity,icews05_15_distmult_filtered|icews05_15_distmult_uniform_sensitivity,filtered-minus-uniform__static_margin,icews05_15,temporal_distmult,filtered-minus-uniform,0.3,0.9,14,59,0.003725500499,query_micro
coverage_change,negative_sampling_sensitivity,icews05_15_distmult_filtered|icews05_15_distmult_uniform_sensitivity,filtered-minus-uniform__static_margin,icews05_15,temporal_distmult,filtered-minus-uniform,0,0.9,14,71,-0.0001734012926,query_micro
coverage_change,negative_sampling_sensitivity,icews05_15_distmult_filtered|icews05_15_distmult_uniform_sensitivity,filtered-minus-uniform__static_margin,icews05_15,temporal_distmult,filtered-minus-uniform,0.3,0.9,14,71,0.001812831696,query_micro
coverage_change,negative_sampling_sensitivity,icews05_15_distmult_filtered|icews05_15_distmult_uniform_sensitivity,filtered-minus-uniform__static_margin,icews05_15,temporal_distmult,filtered-minus-uniform,0,0.9,21,17,0.00161315748,query_micro
coverage_change,negative_sampling_sensitivity,icews05_15_distmult_filtered|icews05_15_distmult_uniform_sensitivity,filtered-minus-uniform__static_margin,icews05_15,temporal_distmult,filtered-minus-uniform,0.3,0.9,21,17,-0.000966843571,query_micro
coverage_change,negative_sampling_sensitivity,icews05_15_distmult_filtered|icews05_15_distmult_uniform_sensitivity,filtered-minus-uniform__static_margin,icews05_15,temporal_distmult,filtered-minus-uniform,0,0.9,21,29,0.001723503757,query_micro
coverage_change,negative_sampling_sensitivity,icews05_15_distmult_filtered|icews05_15_distmult_uniform_sensitivity,filtered-minus-uniform__static_margin,icews05_15,temporal_distmult,filtered-minus-uniform,0.3,0.9,21,29,0.001634175818,query_micro
coverage_change,negative_sampling_sensitivity,icews05_15_distmult_filtered|icews05_15_distmult_uniform_sensitivity,filtered-minus-uniform__static_margin,icews05_15,temporal_distmult,filtered-minus-uniform,0,0.9,21,43,0.001833850034,query_micro
coverage_change,negative_sampling_sensitivity,icews05_15_distmult_filtered|icews05_15_distmult_uniform_sensitivity,filtered-minus-uniform__static_margin,icews05_15,temporal_distmult,filtered-minus-uniform,0.3,0.9,21,43,-0.0004046030161,query_micro
coverage_change,negative_sampling_sensitivity,icews05_15_distmult_filtered|icews05_15_distmult_uniform_sensitivity,filtered-minus-uniform__static_margin,icews05_15,temporal_distmult,filtered-minus-uniform,0,0.9,21,59,0.005070674163,query_micro
coverage_change,negative_sampling_sensitivity,icews05_15_distmult_filtered|icews05_15_distmult_uniform_sensitivity,filtered-minus-uniform__static_margin,icews05_15,temporal_distmult,filtered-minus-uniform,0.3,0.9,21,59,0.003725500499,query_micro
coverage_change,negative_sampling_sensitivity,icews05_15_distmult_filtered|icews05_15_distmult_uniform_sensitivity,filtered-minus-uniform__static_margin,icews05_15,temporal_distmult,filtered-minus-uniform,0,0.9,21,71,-0.0001734012926,query_micro
coverage_change,negative_sampling_sensitivity,icews05_15_distmult_filtered|icews05_15_distmult_uniform_sensitivity,filtered-minus-uniform__static_margin,icews05_15,temporal_distmult,filtered-minus-uniform,0.3,0.9,21,71,0.001812831696,query_micro
coverage_change,negative_sampling_sensitivity,icews14_tcomplex_filtered|icews14_tcomplex_uniform_sensitivity,filtered-minus-uniform__rolling_margin,icews14,continuous_tcomplex,filtered-minus-uniform,0,0.9,3,17,0.0008291014613,query_micro
coverage_change,negative_sampling_sensitivity,icews14_tcomplex_filtered|icews14_tcomplex_uniform_sensitivity,filtered-minus-uniform__rolling_margin,icews14,continuous_tcomplex,filtered-minus-uniform,0.3,0.9,3,17,0.000466369572,query_micro
coverage_change,negative_sampling_sensitivity,icews14_tcomplex_filtered|icews14_tcomplex_uniform_sensitivity,filtered-minus-uniform__rolling_margin,icews14,continuous_tcomplex,filtered-minus-uniform,0,0.9,3,29,-0.0003368224686,query_micro
coverage_change,negative_sampling_sensitivity,icews14_tcomplex_filtered|icews14_tcomplex_uniform_sensitivity,filtered-minus-uniform__rolling_margin,icews14,continuous_tcomplex,filtered-minus-uniform,0.3,0.9,3,29,-2.590942067e-05,query_micro
coverage_change,negative_sampling_sensitivity,icews14_tcomplex_filtered|icews14_tcomplex_uniform_sensitivity,filtered-minus-uniform__rolling_margin,icews14,continuous_tcomplex,filtered-minus-uniform,0,0.9,3,43,0.0005181884133,query_micro
coverage_change,negative_sampling_sensitivity,icews14_tcomplex_filtered|icews14_tcomplex_uniform_sensitivity,filtered-minus-uniform__rolling_margin,icews14,continuous_tcomplex,filtered-minus-uniform,0.3,0.9,3,43,-0.0006477355166,query_micro
coverage_change,negative_sampling_sensitivity,icews14_tcomplex_filtered|icews14_tcomplex_uniform_sensitivity,filtered-minus-uniform__rolling_margin,icews14,continuous_tcomplex,filtered-minus-uniform,0,0.9,3,59,-0.000855010882,query_micro
coverage_change,negative_sampling_sensitivity,icews14_tcomplex_filtered|icews14_tcomplex_uniform_sensitivity,filtered-minus-uniform__rolling_margin,icews14,continuous_tcomplex,filtered-minus-uniform,0.3,0.9,3,59,-0.000155456524,query_micro
coverage_change,negative_sampling_sensitivity,icews14_tcomplex_filtered|icews14_tcomplex_uniform_sensitivity,filtered-minus-uniform__rolling_margin,icews14,continuous_tcomplex,filtered-minus-uniform,0,0.9,3,71,-0.0007513731993,query_micro
coverage_change,negative_sampling_sensitivity,icews14_tcomplex_filtered|icews14_tcomplex_uniform_sensitivity,filtered-minus-uniform__rolling_margin,icews14,continuous_tcomplex,filtered-minus-uniform,0.3,0.9,3,71,0.001036376827,query_micro
coverage_change,negative_sampling_sensitivity,icews14_tcomplex_filtered|icews14_tcomplex_uniform_sensitivity,filtered-minus-uniform__rolling_margin,icews14,continuous_tcomplex,filtered-minus-uniform,0,0.9,7,17,0.0008291014613,query_micro
coverage_change,negative_sampling_sensitivity,icews14_tcomplex_filtered|icews14_tcomplex_uniform_sensitivity,filtered-minus-uniform__rolling_margin,icews14,continuous_tcomplex,filtered-minus-uniform,0.3,0.9,7,17,0.000466369572,query_micro
coverage_change,negative_sampling_sensitivity,icews14_tcomplex_filtered|icews14_tcomplex_uniform_sensitivity,filtered-minus-uniform__rolling_margin,icews14,continuous_tcomplex,filtered-minus-uniform,0,0.9,7,29,-0.0003368224686,query_micro
coverage_change,negative_sampling_sensitivity,icews14_tcomplex_filtered|icews14_tcomplex_uniform_sensitivity,filtered-minus-uniform__rolling_margin,icews14,continuous_tcomplex,filtered-minus-uniform,0.3,0.9,7,29,-2.590942067e-05,query_micro
coverage_change,negative_sampling_sensitivity,icews14_tcomplex_filtered|icews14_tcomplex_uniform_sensitivity,filtered-minus-uniform__rolling_margin,icews14,continuous_tcomplex,filtered-minus-uniform,0,0.9,7,43,0.0005181884133,query_micro
coverage_change,negative_sampling_sensitivity,icews14_tcomplex_filtered|icews14_tcomplex_uniform_sensitivity,filtered-minus-uniform__rolling_margin,icews14,continuous_tcomplex,filtered-minus-uniform,0.3,0.9,7,43,-0.0006477355166,query_micro
coverage_change,negative_sampling_sensitivity,icews14_tcomplex_filtered|icews14_tcomplex_uniform_sensitivity,filtered-minus-uniform__rolling_margin,icews14,continuous_tcomplex,filtered-minus-uniform,0,0.9,7,59,-0.000855010882,query_micro
coverage_change,negative_sampling_sensitivity,icews14_tcomplex_filtered|icews14_tcomplex_uniform_sensitivity,filtered-minus-uniform__rolling_margin,icews14,continuous_tcomplex,filtered-minus-uniform,0.3,0.9,7,59,-0.000155456524,query_micro
coverage_change,negative_sampling_sensitivity,icews14_tcomplex_filtered|icews14_tcomplex_uniform_sensitivity,filtered-minus-uniform__rolling_margin,icews14,continuous_tcomplex,filtered-minus-uniform,0,0.9,7,71,-0.0007513731993,query_micro
coverage_change,negative_sampling_sensitivity,icews14_tcomplex_filtered|icews14_tcomplex_uniform_sensitivity,filtered-minus-uniform__rolling_margin,icews14,continuous_tcomplex,filtered-minus-uniform,0.3,0.9,7,71,0.001036376827,query_micro
coverage_change,negative_sampling_sensitivity,icews14_tcomplex_filtered|icews14_tcomplex_uniform_sensitivity,filtered-minus-uniform__rolling_margin,icews14,continuous_tcomplex,filtered-minus-uniform,0,0.9,14,17,0.0008291014613,query_micro
coverage_change,negative_sampling_sensitivity,icews14_tcomplex_filtered|icews14_tcomplex_uniform_sensitivity,filtered-minus-uniform__rolling_margin,icews14,continuous_tcomplex,filtered-minus-uniform,0.3,0.9,14,17,0.000466369572,query_micro
coverage_change,negative_sampling_sensitivity,icews14_tcomplex_filtered|icews14_tcomplex_uniform_sensitivity,filtered-minus-uniform__rolling_margin,icews14,continuous_tcomplex,filtered-minus-uniform,0,0.9,14,29,-0.0003368224686,query_micro
coverage_change,negative_sampling_sensitivity,icews14_tcomplex_filtered|icews14_tcomplex_uniform_sensitivity,filtered-minus-uniform__rolling_margin,icews14,continuous_tcomplex,filtered-minus-uniform,0.3,0.9,14,29,-2.590942067e-05,query_micro
coverage_change,negative_sampling_sensitivity,icews14_tcomplex_filtered|icews14_tcomplex_uniform_sensitivity,filtered-minus-uniform__rolling_margin,icews14,continuous_tcomplex,filtered-minus-uniform,0,0.9,14,43,0.0005181884133,query_micro
coverage_change,negative_sampling_sensitivity,icews14_tcomplex_filtered|icews14_tcomplex_uniform_sensitivity,filtered-minus-uniform__rolling_margin,icews14,continuous_tcomplex,filtered-minus-uniform,0.3,0.9,14,43,-0.0006477355166,query_micro
coverage_change,negative_sampling_sensitivity,icews14_tcomplex_filtered|icews14_tcomplex_uniform_sensitivity,filtered-minus-uniform__rolling_margin,icews14,continuous_tcomplex,filtered-minus-uniform,0,0.9,14,59,-0.000855010882,query_micro
coverage_change,negative_sampling_sensitivity,icews14_tcomplex_filtered|icews14_tcomplex_uniform_sensitivity,filtered-minus-uniform__rolling_margin,icews14,continuous_tcomplex,filtered-minus-uniform,0.3,0.9,14,59,-0.000155456524,query_micro
coverage_change,negative_sampling_sensitivity,icews14_tcomplex_filtered|icews14_tcomplex_uniform_sensitivity,filtered-minus-uniform__rolling_margin,icews14,continuous_tcomplex,filtered-minus-uniform,0,0.9,14,71,-0.0007513731993,query_micro
coverage_change,negative_sampling_sensitivity,icews14_tcomplex_filtered|icews14_tcomplex_uniform_sensitivity,filtered-minus-uniform__rolling_margin,icews14,continuous_tcomplex,filtered-minus-uniform,0.3,0.9,14,71,0.001036376827,query_micro
coverage_change,negative_sampling_sensitivity,icews14_tcomplex_filtered|icews14_tcomplex_uniform_sensitivity,filtered-minus-uniform__rolling_margin,icews14,continuous_tcomplex,filtered-minus-uniform,0,0.9,21,17,0.0008291014613,query_micro
coverage_change,negative_sampling_sensitivity,icews14_tcomplex_filtered|icews14_tcomplex_uniform_sensitivity,filtered-minus-uniform__rolling_margin,icews14,continuous_tcomplex,filtered-minus-uniform,0.3,0.9,21,17,0.000466369572,query_micro
coverage_change,negative_sampling_sensitivity,icews14_tcomplex_filtered|icews14_tcomplex_uniform_sensitivity,filtered-minus-uniform__rolling_margin,icews14,continuous_tcomplex,filtered-minus-uniform,0,0.9,21,29,-0.0003368224686,query_micro
coverage_change,negative_sampling_sensitivity,icews14_tcomplex_filtered|icews14_tcomplex_uniform_sensitivity,filtered-minus-uniform__rolling_margin,icews14,continuous_tcomplex,filtered-minus-uniform,0.3,0.9,21,29,-2.590942067e-05,query_micro
coverage_change,negative_sampling_sensitivity,icews14_tcomplex_filtered|icews14_tcomplex_uniform_sensitivity,filtered-minus-uniform__rolling_margin,icews14,continuous_tcomplex,filtered-minus-uniform,0,0.9,21,43,0.0005181884133,query_micro
coverage_change,negative_sampling_sensitivity,icews14_tcomplex_filtered|icews14_tcomplex_uniform_sensitivity,filtered-minus-uniform__rolling_margin,icews14,continuous_tcomplex,filtered-minus-uniform,0.3,0.9,21,43,-0.0006477355166,query_micro
coverage_change,negative_sampling_sensitivity,icews14_tcomplex_filtered|icews14_tcomplex_uniform_sensitivity,filtered-minus-uniform__rolling_margin,icews14,continuous_tcomplex,filtered-minus-uniform,0,0.9,21,59,-0.000855010882,query_micro
coverage_change,negative_sampling_sensitivity,icews14_tcomplex_filtered|icews14_tcomplex_uniform_sensitivity,filtered-minus-uniform__rolling_margin,icews14,continuous_tcomplex,filtered-minus-uniform,0.3,0.9,21,59,-0.000155456524,query_micro
coverage_change,negative_sampling_sensitivity,icews14_tcomplex_filtered|icews14_tcomplex_uniform_sensitivity,filtered-minus-uniform__rolling_margin,icews14,continuous_tcomplex,filtered-minus-uniform,0,0.9,21,71,-0.0007513731993,query_micro
coverage_change,negative_sampling_sensitivity,icews14_tcomplex_filtered|icews14_tcomplex_uniform_sensitivity,filtered-minus-uniform__rolling_margin,icews14,continuous_tcomplex,filtered-minus-uniform,0.3,0.9,21,71,0.001036376827,query_micro
coverage_change,negative_sampling_sensitivity,icews14_tcomplex_filtered|icews14_tcomplex_uniform_sensitivity,filtered-minus-uniform__static_margin,icews14,continuous_tcomplex,filtered-minus-uniform,0,0.9,3,17,0.0077728262,query_micro
coverage_change,negative_sampling_sensitivity,icews14_tcomplex_filtered|icews14_tcomplex_uniform_sensitivity,filtered-minus-uniform__static_margin,icews14,continuous_tcomplex,filtered-minus-uniform,0.3,0.9,3,17,-0.004508239196,query_micro
coverage_change,negative_sampling_sensitivity,icews14_tcomplex_filtered|icews14_tcomplex_uniform_sensitivity,filtered-minus-uniform__static_margin,icews14,continuous_tcomplex,filtered-minus-uniform,0,0.9,3,29,-0.0001036376827,query_micro
coverage_change,negative_sampling_sensitivity,icews14_tcomplex_filtered|icews14_tcomplex_uniform_sensitivity,filtered-minus-uniform__static_margin,icews14,continuous_tcomplex,filtered-minus-uniform,0.3,0.9,3,29,0.002202300757,query_micro
coverage_change,negative_sampling_sensitivity,icews14_tcomplex_filtered|icews14_tcomplex_uniform_sensitivity,filtered-minus-uniform__static_margin,icews14,continuous_tcomplex,filtered-minus-uniform,0,0.9,3,43,-0.003290496424,query_micro
coverage_change,negative_sampling_sensitivity,icews14_tcomplex_filtered|icews14_tcomplex_uniform_sensitivity,filtered-minus-uniform__static_margin,icews14,continuous_tcomplex,filtered-minus-uniform,0.3,0.9,3,43,-0.0001813659447,query_micro
coverage_change,negative_sampling_sensitivity,icews14_tcomplex_filtered|icews14_tcomplex_uniform_sensitivity,filtered-minus-uniform__static_margin,icews14,continuous_tcomplex,filtered-minus-uniform,0,0.9,3,59,-0.0002072753653,query_micro
coverage_change,negative_sampling_sensitivity,icews14_tcomplex_filtered|icews14_tcomplex_uniform_sensitivity,filtered-minus-uniform__static_margin,icews14,continuous_tcomplex,filtered-minus-uniform,0.3,0.9,3,59,0.001243652192,query_micro
coverage_change,negative_sampling_sensitivity,icews14_tcomplex_filtered|icews14_tcomplex_uniform_sensitivity,filtered-minus-uniform__static_margin,icews14,continuous_tcomplex,filtered-minus-uniform,0,0.9,3,71,-0.0004145507306,query_micro
coverage_change,negative_sampling_sensitivity,icews14_tcomplex_filtered|icews14_tcomplex_uniform_sensitivity,filtered-minus-uniform__static_margin,icews14,continuous_tcomplex,filtered-minus-uniform,0.3,0.9,3,71,-0.002850036273,query_micro
coverage_change,negative_sampling_sensitivity,icews14_tcomplex_filtered|icews14_tcomplex_uniform_sensitivity,filtered-minus-uniform__static_margin,icews14,continuous_tcomplex,filtered-minus-uniform,0,0.9,7,17,0.0077728262,query_micro
coverage_change,negative_sampling_sensitivity,icews14_tcomplex_filtered|icews14_tcomplex_uniform_sensitivity,filtered-minus-uniform__static_margin,icews14,continuous_tcomplex,filtered-minus-uniform,0.3,0.9,7,17,-0.004508239196,query_micro
coverage_change,negative_sampling_sensitivity,icews14_tcomplex_filtered|icews14_tcomplex_uniform_sensitivity,filtered-minus-uniform__static_margin,icews14,continuous_tcomplex,filtered-minus-uniform,0,0.9,7,29,-0.0001036376827,query_micro
coverage_change,negative_sampling_sensitivity,icews14_tcomplex_filtered|icews14_tcomplex_uniform_sensitivity,filtered-minus-uniform__static_margin,icews14,continuous_tcomplex,filtered-minus-uniform,0.3,0.9,7,29,0.002202300757,query_micro
coverage_change,negative_sampling_sensitivity,icews14_tcomplex_filtered|icews14_tcomplex_uniform_sensitivity,filtered-minus-uniform__static_margin,icews14,continuous_tcomplex,filtered-minus-uniform,0,0.9,7,43,-0.003290496424,query_micro
coverage_change,negative_sampling_sensitivity,icews14_tcomplex_filtered|icews14_tcomplex_uniform_sensitivity,filtered-minus-uniform__static_margin,icews14,continuous_tcomplex,filtered-minus-uniform,0.3,0.9,7,43,-0.0001813659447,query_micro
coverage_change,negative_sampling_sensitivity,icews14_tcomplex_filtered|icews14_tcomplex_uniform_sensitivity,filtered-minus-uniform__static_margin,icews14,continuous_tcomplex,filtered-minus-uniform,0,0.9,7,59,-0.0002072753653,query_micro
coverage_change,negative_sampling_sensitivity,icews14_tcomplex_filtered|icews14_tcomplex_uniform_sensitivity,filtered-minus-uniform__static_margin,icews14,continuous_tcomplex,filtered-minus-uniform,0.3,0.9,7,59,0.001243652192,query_micro
coverage_change,negative_sampling_sensitivity,icews14_tcomplex_filtered|icews14_tcomplex_uniform_sensitivity,filtered-minus-uniform__static_margin,icews14,continuous_tcomplex,filtered-minus-uniform,0,0.9,7,71,-0.0004145507306,query_micro
coverage_change,negative_sampling_sensitivity,icews14_tcomplex_filtered|icews14_tcomplex_uniform_sensitivity,filtered-minus-uniform__static_margin,icews14,continuous_tcomplex,filtered-minus-uniform,0.3,0.9,7,71,-0.002850036273,query_micro
coverage_change,negative_sampling_sensitivity,icews14_tcomplex_filtered|icews14_tcomplex_uniform_sensitivity,filtered-minus-uniform__static_margin,icews14,continuous_tcomplex,filtered-minus-uniform,0,0.9,14,17,0.0077728262,query_micro
coverage_change,negative_sampling_sensitivity,icews14_tcomplex_filtered|icews14_tcomplex_uniform_sensitivity,filtered-minus-uniform__static_margin,icews14,continuous_tcomplex,filtered-minus-uniform,0.3,0.9,14,17,-0.004508239196,query_micro
coverage_change,negative_sampling_sensitivity,icews14_tcomplex_filtered|icews14_tcomplex_uniform_sensitivity,filtered-minus-uniform__static_margin,icews14,continuous_tcomplex,filtered-minus-uniform,0,0.9,14,29,-0.0001036376827,query_micro
coverage_change,negative_sampling_sensitivity,icews14_tcomplex_filtered|icews14_tcomplex_uniform_sensitivity,filtered-minus-uniform__static_margin,icews14,continuous_tcomplex,filtered-minus-uniform,0.3,0.9,14,29,0.002202300757,query_micro
coverage_change,negative_sampling_sensitivity,icews14_tcomplex_filtered|icews14_tcomplex_uniform_sensitivity,filtered-minus-uniform__static_margin,icews14,continuous_tcomplex,filtered-minus-uniform,0,0.9,14,43,-0.003290496424,query_micro
coverage_change,negative_sampling_sensitivity,icews14_tcomplex_filtered|icews14_tcomplex_uniform_sensitivity,filtered-minus-uniform__static_margin,icews14,continuous_tcomplex,filtered-minus-uniform,0.3,0.9,14,43,-0.0001813659447,query_micro
coverage_change,negative_sampling_sensitivity,icews14_tcomplex_filtered|icews14_tcomplex_uniform_sensitivity,filtered-minus-uniform__static_margin,icews14,continuous_tcomplex,filtered-minus-uniform,0,0.9,14,59,-0.0002072753653,query_micro
coverage_change,negative_sampling_sensitivity,icews14_tcomplex_filtered|icews14_tcomplex_uniform_sensitivity,filtered-minus-uniform__static_margin,icews14,continuous_tcomplex,filtered-minus-uniform,0.3,0.9,14,59,0.001243652192,query_micro
coverage_change,negative_sampling_sensitivity,icews14_tcomplex_filtered|icews14_tcomplex_uniform_sensitivity,filtered-minus-uniform__static_margin,icews14,continuous_tcomplex,filtered-minus-uniform,0,0.9,14,71,-0.0004145507306,query_micro
coverage_change,negative_sampling_sensitivity,icews14_tcomplex_filtered|icews14_tcomplex_uniform_sensitivity,filtered-minus-uniform__static_margin,icews14,continuous_tcomplex,filtered-minus-uniform,0.3,0.9,14,71,-0.002850036273,query_micro
coverage_change,negative_sampling_sensitivity,icews14_tcomplex_filtered|icews14_tcomplex_uniform_sensitivity,filtered-minus-uniform__static_margin,icews14,continuous_tcomplex,filtered-minus-uniform,0,0.9,21,17,0.0077728262,query_micro
coverage_change,negative_sampling_sensitivity,icews14_tcomplex_filtered|icews14_tcomplex_uniform_sensitivity,filtered-minus-uniform__static_margin,icews14,continuous_tcomplex,filtered-minus-uniform,0.3,0.9,21,17,-0.004508239196,query_micro
coverage_change,negative_sampling_sensitivity,icews14_tcomplex_filtered|icews14_tcomplex_uniform_sensitivity,filtered-minus-uniform__static_margin,icews14,continuous_tcomplex,filtered-minus-uniform,0,0.9,21,29,-0.0001036376827,query_micro
coverage_change,negative_sampling_sensitivity,icews14_tcomplex_filtered|icews14_tcomplex_uniform_sensitivity,filtered-minus-uniform__static_margin,icews14,continuous_tcomplex,filtered-minus-uniform,0.3,0.9,21,29,0.002202300757,query_micro
coverage_change,negative_sampling_sensitivity,icews14_tcomplex_filtered|icews14_tcomplex_uniform_sensitivity,filtered-minus-uniform__static_margin,icews14,continuous_tcomplex,filtered-minus-uniform,0,0.9,21,43,-0.003290496424,query_micro
coverage_change,negative_sampling_sensitivity,icews14_tcomplex_filtered|icews14_tcomplex_uniform_sensitivity,filtered-minus-uniform__static_margin,icews14,continuous_tcomplex,filtered-minus-uniform,0.3,0.9,21,43,-0.0001813659447,query_micro
coverage_change,negative_sampling_sensitivity,icews14_tcomplex_filtered|icews14_tcomplex_uniform_sensitivity,filtered-minus-uniform__static_margin,icews14,continuous_tcomplex,filtered-minus-uniform,0,0.9,21,59,-0.0002072753653,query_micro
coverage_change,negative_sampling_sensitivity,icews14_tcomplex_filtered|icews14_tcomplex_uniform_sensitivity,filtered-minus-uniform__static_margin,icews14,continuous_tcomplex,filtered-minus-uniform,0.3,0.9,21,59,0.001243652192,query_micro
coverage_change,negative_sampling_sensitivity,icews14_tcomplex_filtered|icews14_tcomplex_uniform_sensitivity,filtered-minus-uniform__static_margin,icews14,continuous_tcomplex,filtered-minus-uniform,0,0.9,21,71,-0.0004145507306,query_micro
coverage_change,negative_sampling_sensitivity,icews14_tcomplex_filtered|icews14_tcomplex_uniform_sensitivity,filtered-minus-uniform__static_margin,icews14,continuous_tcomplex,filtered-minus-uniform,0.3,0.9,21,71,-0.002850036273,query_micro
coverage_gain,rolling_vs_static_baseline,icews05_15_distmult_filtered,rolling_margin-minus-kgcp_minmax_static,icews05_15,temporal_distmult,filtered,0.3,0.9,3,17,0.04506857233,query_micro
coverage_gain,rolling_vs_static_baseline,icews05_15_distmult_filtered,rolling_margin-minus-kgcp_minmax_static,icews05_15,temporal_distmult,filtered,0.3,0.9,3,29,0.04397561873,query_micro
coverage_gain,rolling_vs_static_baseline,icews05_15_distmult_filtered,rolling_margin-minus-kgcp_minmax_static,icews05_15,temporal_distmult,filtered,0.3,0.9,3,43,0.04227838789,query_micro
coverage_gain,rolling_vs_static_baseline,icews05_15_distmult_filtered,rolling_margin-minus-kgcp_minmax_static,icews05_15,temporal_distmult,filtered,0.3,0.9,3,59,0.04288791971,query_micro
coverage_gain,rolling_vs_static_baseline,icews05_15_distmult_filtered,rolling_margin-minus-kgcp_minmax_static,icews05_15,temporal_distmult,filtered,0.3,0.9,3,71,0.04384425411,query_micro
coverage_gain,rolling_vs_static_baseline,icews05_15_distmult_filtered,rolling_margin-minus-kgcp_minmax_static,icews05_15,temporal_distmult,filtered,0.3,0.9,7,17,0.04506857233,query_micro
coverage_gain,rolling_vs_static_baseline,icews05_15_distmult_filtered,rolling_margin-minus-kgcp_minmax_static,icews05_15,temporal_distmult,filtered,0.3,0.9,7,29,0.04397561873,query_micro
coverage_gain,rolling_vs_static_baseline,icews05_15_distmult_filtered,rolling_margin-minus-kgcp_minmax_static,icews05_15,temporal_distmult,filtered,0.3,0.9,7,43,0.04227838789,query_micro
coverage_gain,rolling_vs_static_baseline,icews05_15_distmult_filtered,rolling_margin-minus-kgcp_minmax_static,icews05_15,temporal_distmult,filtered,0.3,0.9,7,59,0.04288791971,query_micro
coverage_gain,rolling_vs_static_baseline,icews05_15_distmult_filtered,rolling_margin-minus-kgcp_minmax_static,icews05_15,temporal_distmult,filtered,0.3,0.9,7,71,0.04384425411,query_micro
coverage_gain,rolling_vs_static_baseline,icews05_15_distmult_filtered,rolling_margin-minus-kgcp_minmax_static,icews05_15,temporal_distmult,filtered,0.3,0.9,14,17,0.04506857233,query_micro
coverage_gain,rolling_vs_static_baseline,icews05_15_distmult_filtered,rolling_margin-minus-kgcp_minmax_static,icews05_15,temporal_distmult,filtered,0.3,0.9,14,29,0.04397561873,query_micro
coverage_gain,rolling_vs_static_baseline,icews05_15_distmult_filtered,rolling_margin-minus-kgcp_minmax_static,icews05_15,temporal_distmult,filtered,0.3,0.9,14,43,0.04227838789,query_micro
coverage_gain,rolling_vs_static_baseline,icews05_15_distmult_filtered,rolling_margin-minus-kgcp_minmax_static,icews05_15,temporal_distmult,filtered,0.3,0.9,14,59,0.04288791971,query_micro
coverage_gain,rolling_vs_static_baseline,icews05_15_distmult_filtered,rolling_margin-minus-kgcp_minmax_static,icews05_15,temporal_distmult,filtered,0.3,0.9,14,71,0.04384425411,query_micro
coverage_gain,rolling_vs_static_baseline,icews05_15_distmult_filtered,rolling_margin-minus-kgcp_minmax_static,icews05_15,temporal_distmult,filtered,0.3,0.9,21,17,0.04506857233,query_micro
coverage_gain,rolling_vs_static_baseline,icews05_15_distmult_filtered,rolling_margin-minus-kgcp_minmax_static,icews05_15,temporal_distmult,filtered,0.3,0.9,21,29,0.04397561873,query_micro
coverage_gain,rolling_vs_static_baseline,icews05_15_distmult_filtered,rolling_margin-minus-kgcp_minmax_static,icews05_15,temporal_distmult,filtered,0.3,0.9,21,43,0.04227838789,query_micro
coverage_gain,rolling_vs_static_baseline,icews05_15_distmult_filtered,rolling_margin-minus-kgcp_minmax_static,icews05_15,temporal_distmult,filtered,0.3,0.9,21,59,0.04288791971,query_micro
coverage_gain,rolling_vs_static_baseline,icews05_15_distmult_filtered,rolling_margin-minus-kgcp_minmax_static,icews05_15,temporal_distmult,filtered,0.3,0.9,21,71,0.04384425411,query_micro
undercoverage_reduction,rolling_vs_static_baseline,icews05_15_distmult_filtered,rolling_margin-minus-kgcp_minmax_static,icews05_15,temporal_distmult,filtered,0.3,0.9,3,17,0.03631135912,timestamp_macro
undercoverage_reduction,rolling_vs_static_baseline,icews05_15_distmult_filtered,rolling_margin-minus-kgcp_minmax_static,icews05_15,temporal_distmult,filtered,0.3,0.9,3,29,0.03543145607,timestamp_macro
undercoverage_reduction,rolling_vs_static_baseline,icews05_15_distmult_filtered,rolling_margin-minus-kgcp_minmax_static,icews05_15,temporal_distmult,filtered,0.3,0.9,3,43,0.03412690542,timestamp_macro
undercoverage_reduction,rolling_vs_static_baseline,icews05_15_distmult_filtered,rolling_margin-minus-kgcp_minmax_static,icews05_15,temporal_distmult,filtered,0.3,0.9,3,59,0.03399990725,timestamp_macro
undercoverage_reduction,rolling_vs_static_baseline,icews05_15_distmult_filtered,rolling_margin-minus-kgcp_minmax_static,icews05_15,temporal_distmult,filtered,0.3,0.9,3,71,0.03558180499,timestamp_macro
undercoverage_reduction,rolling_vs_static_baseline,icews05_15_distmult_filtered,rolling_margin-minus-kgcp_minmax_static,icews05_15,temporal_distmult,filtered,0.3,0.9,7,17,0.03631135912,timestamp_macro
undercoverage_reduction,rolling_vs_static_baseline,icews05_15_distmult_filtered,rolling_margin-minus-kgcp_minmax_static,icews05_15,temporal_distmult,filtered,0.3,0.9,7,29,0.03543145607,timestamp_macro
undercoverage_reduction,rolling_vs_static_baseline,icews05_15_distmult_filtered,rolling_margin-minus-kgcp_minmax_static,icews05_15,temporal_distmult,filtered,0.3,0.9,7,43,0.03412690542,timestamp_macro
undercoverage_reduction,rolling_vs_static_baseline,icews05_15_distmult_filtered,rolling_margin-minus-kgcp_minmax_static,icews05_15,temporal_distmult,filtered,0.3,0.9,7,59,0.03399990725,timestamp_macro
undercoverage_reduction,rolling_vs_static_baseline,icews05_15_distmult_filtered,rolling_margin-minus-kgcp_minmax_static,icews05_15,temporal_distmult,filtered,0.3,0.9,7,71,0.03558180499,timestamp_macro
undercoverage_reduction,rolling_vs_static_baseline,icews05_15_distmult_filtered,rolling_margin-minus-kgcp_minmax_static,icews05_15,temporal_distmult,filtered,0.3,0.9,14,17,0.03631135912,timestamp_macro
undercoverage_reduction,rolling_vs_static_baseline,icews05_15_distmult_filtered,rolling_margin-minus-kgcp_minmax_static,icews05_15,temporal_distmult,filtered,0.3,0.9,14,29,0.03543145607,timestamp_macro
undercoverage_reduction,rolling_vs_static_baseline,icews05_15_distmult_filtered,rolling_margin-minus-kgcp_minmax_static,icews05_15,temporal_distmult,filtered,0.3,0.9,14,43,0.03412690542,timestamp_macro
undercoverage_reduction,rolling_vs_static_baseline,icews05_15_distmult_filtered,rolling_margin-minus-kgcp_minmax_static,icews05_15,temporal_distmult,filtered,0.3,0.9,14,59,0.03399990725,timestamp_macro
undercoverage_reduction,rolling_vs_static_baseline,icews05_15_distmult_filtered,rolling_margin-minus-kgcp_minmax_static,icews05_15,temporal_distmult,filtered,0.3,0.9,14,71,0.03558180499,timestamp_macro
undercoverage_reduction,rolling_vs_static_baseline,icews05_15_distmult_filtered,rolling_margin-minus-kgcp_minmax_static,icews05_15,temporal_distmult,filtered,0.3,0.9,21,17,0.03631135912,timestamp_macro
undercoverage_reduction,rolling_vs_static_baseline,icews05_15_distmult_filtered,rolling_margin-minus-kgcp_minmax_static,icews05_15,temporal_distmult,filtered,0.3,0.9,21,29,0.03543145607,timestamp_macro
undercoverage_reduction,rolling_vs_static_baseline,icews05_15_distmult_filtered,rolling_margin-minus-kgcp_minmax_static,icews05_15,temporal_distmult,filtered,0.3,0.9,21,43,0.03412690542,timestamp_macro
undercoverage_reduction,rolling_vs_static_baseline,icews05_15_distmult_filtered,rolling_margin-minus-kgcp_minmax_static,icews05_15,temporal_distmult,filtered,0.3,0.9,21,59,0.03399990725,timestamp_macro
undercoverage_reduction,rolling_vs_static_baseline,icews05_15_distmult_filtered,rolling_margin-minus-kgcp_minmax_static,icews05_15,temporal_distmult,filtered,0.3,0.9,21,71,0.03558180499,timestamp_macro
coverage_gain,rolling_vs_static_baseline,icews05_15_distmult_filtered,rolling_margin-minus-kgcp_negscore_static,icews05_15,temporal_distmult,filtered,0.3,0.9,3,17,0.06750564868,query_micro
coverage_gain,rolling_vs_static_baseline,icews05_15_distmult_filtered,rolling_margin-minus-kgcp_negscore_static,icews05_15,temporal_distmult,filtered,0.3,0.9,3,29,0.06606589249,query_micro
coverage_gain,rolling_vs_static_baseline,icews05_15_distmult_filtered,rolling_margin-minus-kgcp_negscore_static,icews05_15,temporal_distmult,filtered,0.3,0.9,3,43,0.06694340812,query_micro
coverage_gain,rolling_vs_static_baseline,icews05_15_distmult_filtered,rolling_margin-minus-kgcp_negscore_static,icews05_15,temporal_distmult,filtered,0.3,0.9,3,59,0.06744784825,query_micro
coverage_gain,rolling_vs_static_baseline,icews05_15_distmult_filtered,rolling_margin-minus-kgcp_negscore_static,icews05_15,temporal_distmult,filtered,0.3,0.9,3,71,0.06868793022,query_micro
coverage_gain,rolling_vs_static_baseline,icews05_15_distmult_filtered,rolling_margin-minus-kgcp_negscore_static,icews05_15,temporal_distmult,filtered,0.3,0.9,7,17,0.06750564868,query_micro
coverage_gain,rolling_vs_static_baseline,icews05_15_distmult_filtered,rolling_margin-minus-kgcp_negscore_static,icews05_15,temporal_distmult,filtered,0.3,0.9,7,29,0.06606589249,query_micro
coverage_gain,rolling_vs_static_baseline,icews05_15_distmult_filtered,rolling_margin-minus-kgcp_negscore_static,icews05_15,temporal_distmult,filtered,0.3,0.9,7,43,0.06694340812,query_micro
coverage_gain,rolling_vs_static_baseline,icews05_15_distmult_filtered,rolling_margin-minus-kgcp_negscore_static,icews05_15,temporal_distmult,filtered,0.3,0.9,7,59,0.06744784825,query_micro
coverage_gain,rolling_vs_static_baseline,icews05_15_distmult_filtered,rolling_margin-minus-kgcp_negscore_static,icews05_15,temporal_distmult,filtered,0.3,0.9,7,71,0.06868793022,query_micro
coverage_gain,rolling_vs_static_baseline,icews05_15_distmult_filtered,rolling_margin-minus-kgcp_negscore_static,icews05_15,temporal_distmult,filtered,0.3,0.9,14,17,0.06750564868,query_micro
coverage_gain,rolling_vs_static_baseline,icews05_15_distmult_filtered,rolling_margin-minus-kgcp_negscore_static,icews05_15,temporal_distmult,filtered,0.3,0.9,14,29,0.06606589249,query_micro
coverage_gain,rolling_vs_static_baseline,icews05_15_distmult_filtered,rolling_margin-minus-kgcp_negscore_static,icews05_15,temporal_distmult,filtered,0.3,0.9,14,43,0.06694340812,query_micro
coverage_gain,rolling_vs_static_baseline,icews05_15_distmult_filtered,rolling_margin-minus-kgcp_negscore_static,icews05_15,temporal_distmult,filtered,0.3,0.9,14,59,0.06744784825,query_micro
coverage_gain,rolling_vs_static_baseline,icews05_15_distmult_filtered,rolling_margin-minus-kgcp_negscore_static,icews05_15,temporal_distmult,filtered,0.3,0.9,14,71,0.06868793022,query_micro
coverage_gain,rolling_vs_static_baseline,icews05_15_distmult_filtered,rolling_margin-minus-kgcp_negscore_static,icews05_15,temporal_distmult,filtered,0.3,0.9,21,17,0.06750564868,query_micro
coverage_gain,rolling_vs_static_baseline,icews05_15_distmult_filtered,rolling_margin-minus-kgcp_negscore_static,icews05_15,temporal_distmult,filtered,0.3,0.9,21,29,0.06606589249,query_micro
coverage_gain,rolling_vs_static_baseline,icews05_15_distmult_filtered,rolling_margin-minus-kgcp_negscore_static,icews05_15,temporal_distmult,filtered,0.3,0.9,21,43,0.06694340812,query_micro
coverage_gain,rolling_vs_static_baseline,icews05_15_distmult_filtered,rolling_margin-minus-kgcp_negscore_static,icews05_15,temporal_distmult,filtered,0.3,0.9,21,59,0.06744784825,query_micro
coverage_gain,rolling_vs_static_baseline,icews05_15_distmult_filtered,rolling_margin-minus-kgcp_negscore_static,icews05_15,temporal_distmult,filtered,0.3,0.9,21,71,0.06868793022,query_micro
undercoverage_reduction,rolling_vs_static_baseline,icews05_15_distmult_filtered,rolling_margin-minus-kgcp_negscore_static,icews05_15,temporal_distmult,filtered,0.3,0.9,3,17,0.05840133063,timestamp_macro
undercoverage_reduction,rolling_vs_static_baseline,icews05_15_distmult_filtered,rolling_margin-minus-kgcp_negscore_static,icews05_15,temporal_distmult,filtered,0.3,0.9,3,29,0.05722803553,timestamp_macro
undercoverage_reduction,rolling_vs_static_baseline,icews05_15_distmult_filtered,rolling_margin-minus-kgcp_negscore_static,icews05_15,temporal_distmult,filtered,0.3,0.9,3,43,0.05819468751,timestamp_macro
undercoverage_reduction,rolling_vs_static_baseline,icews05_15_distmult_filtered,rolling_margin-minus-kgcp_negscore_static,icews05_15,temporal_distmult,filtered,0.3,0.9,3,59,0.05736568402,timestamp_macro
undercoverage_reduction,rolling_vs_static_baseline,icews05_15_distmult_filtered,rolling_margin-minus-kgcp_negscore_static,icews05_15,temporal_distmult,filtered,0.3,0.9,3,71,0.05955509495,timestamp_macro
undercoverage_reduction,rolling_vs_static_baseline,icews05_15_distmult_filtered,rolling_margin-minus-kgcp_negscore_static,icews05_15,temporal_distmult,filtered,0.3,0.9,7,17,0.05840133063,timestamp_macro
undercoverage_reduction,rolling_vs_static_baseline,icews05_15_distmult_filtered,rolling_margin-minus-kgcp_negscore_static,icews05_15,temporal_distmult,filtered,0.3,0.9,7,29,0.05722803553,timestamp_macro
undercoverage_reduction,rolling_vs_static_baseline,icews05_15_distmult_filtered,rolling_margin-minus-kgcp_negscore_static,icews05_15,temporal_distmult,filtered,0.3,0.9,7,43,0.05819468751,timestamp_macro
undercoverage_reduction,rolling_vs_static_baseline,icews05_15_distmult_filtered,rolling_margin-minus-kgcp_negscore_static,icews05_15,temporal_distmult,filtered,0.3,0.9,7,59,0.05736568402,timestamp_macro
undercoverage_reduction,rolling_vs_static_baseline,icews05_15_distmult_filtered,rolling_margin-minus-kgcp_negscore_static,icews05_15,temporal_distmult,filtered,0.3,0.9,7,71,0.05955509495,timestamp_macro
undercoverage_reduction,rolling_vs_static_baseline,icews05_15_distmult_filtered,rolling_margin-minus-kgcp_negscore_static,icews05_15,temporal_distmult,filtered,0.3,0.9,14,17,0.05840133063,timestamp_macro
undercoverage_reduction,rolling_vs_static_baseline,icews05_15_distmult_filtered,rolling_margin-minus-kgcp_negscore_static,icews05_15,temporal_distmult,filtered,0.3,0.9,14,29,0.05722803553,timestamp_macro
undercoverage_reduction,rolling_vs_static_baseline,icews05_15_distmult_filtered,rolling_margin-minus-kgcp_negscore_static,icews05_15,temporal_distmult,filtered,0.3,0.9,14,43,0.05819468751,timestamp_macro
undercoverage_reduction,rolling_vs_static_baseline,icews05_15_distmult_filtered,rolling_margin-minus-kgcp_negscore_static,icews05_15,temporal_distmult,filtered,0.3,0.9,14,59,0.05736568402,timestamp_macro
undercoverage_reduction,rolling_vs_static_baseline,icews05_15_distmult_filtered,rolling_margin-minus-kgcp_negscore_static,icews05_15,temporal_distmult,filtered,0.3,0.9,14,71,0.05955509495,timestamp_macro
undercoverage_reduction,rolling_vs_static_baseline,icews05_15_distmult_filtered,rolling_margin-minus-kgcp_negscore_static,icews05_15,temporal_distmult,filtered,0.3,0.9,21,17,0.05840133063,timestamp_macro
undercoverage_reduction,rolling_vs_static_baseline,icews05_15_distmult_filtered,rolling_margin-minus-kgcp_negscore_static,icews05_15,temporal_distmult,filtered,0.3,0.9,21,29,0.05722803553,timestamp_macro
undercoverage_reduction,rolling_vs_static_baseline,icews05_15_distmult_filtered,rolling_margin-minus-kgcp_negscore_static,icews05_15,temporal_distmult,filtered,0.3,0.9,21,43,0.05819468751,timestamp_macro
undercoverage_reduction,rolling_vs_static_baseline,icews05_15_distmult_filtered,rolling_margin-minus-kgcp_negscore_static,icews05_15,temporal_distmult,filtered,0.3,0.9,21,59,0.05736568402,timestamp_macro
undercoverage_reduction,rolling_vs_static_baseline,icews05_15_distmult_filtered,rolling_margin-minus-kgcp_negscore_static,icews05_15,temporal_distmult,filtered,0.3,0.9,21,71,0.05955509495,timestamp_macro
coverage_gain,rolling_vs_static_baseline,icews05_15_distmult_filtered,rolling_margin-minus-kgcp_softmax_static,icews05_15,temporal_distmult,filtered,0.3,0.9,3,17,0.1031790237,query_micro
coverage_gain,rolling_vs_static_baseline,icews05_15_distmult_filtered,rolling_margin-minus-kgcp_softmax_static,icews05_15,temporal_distmult,filtered,0.3,0.9,3,29,0.102049288,query_micro
coverage_gain,rolling_vs_static_baseline,icews05_15_distmult_filtered,rolling_margin-minus-kgcp_softmax_static,icews05_15,temporal_distmult,filtered,0.3,0.9,3,43,0.09637433661,query_micro
coverage_gain,rolling_vs_static_baseline,icews05_15_distmult_filtered,rolling_margin-minus-kgcp_softmax_static,icews05_15,temporal_distmult,filtered,0.3,0.9,3,59,0.09457726867,query_micro
coverage_gain,rolling_vs_static_baseline,icews05_15_distmult_filtered,rolling_margin-minus-kgcp_softmax_static,icews05_15,temporal_distmult,filtered,0.3,0.9,3,71,0.09831853292,query_micro
coverage_gain,rolling_vs_static_baseline,icews05_15_distmult_filtered,rolling_margin-minus-kgcp_softmax_static,icews05_15,temporal_distmult,filtered,0.3,0.9,7,17,0.1031790237,query_micro
coverage_gain,rolling_vs_static_baseline,icews05_15_distmult_filtered,rolling_margin-minus-kgcp_softmax_static,icews05_15,temporal_distmult,filtered,0.3,0.9,7,29,0.102049288,query_micro
coverage_gain,rolling_vs_static_baseline,icews05_15_distmult_filtered,rolling_margin-minus-kgcp_softmax_static,icews05_15,temporal_distmult,filtered,0.3,0.9,7,43,0.09637433661,query_micro
coverage_gain,rolling_vs_static_baseline,icews05_15_distmult_filtered,rolling_margin-minus-kgcp_softmax_static,icews05_15,temporal_distmult,filtered,0.3,0.9,7,59,0.09457726867,query_micro
coverage_gain,rolling_vs_static_baseline,icews05_15_distmult_filtered,rolling_margin-minus-kgcp_softmax_static,icews05_15,temporal_distmult,filtered,0.3,0.9,7,71,0.09831853292,query_micro
coverage_gain,rolling_vs_static_baseline,icews05_15_distmult_filtered,rolling_margin-minus-kgcp_softmax_static,icews05_15,temporal_distmult,filtered,0.3,0.9,14,17,0.1031790237,query_micro
coverage_gain,rolling_vs_static_baseline,icews05_15_distmult_filtered,rolling_margin-minus-kgcp_softmax_static,icews05_15,temporal_distmult,filtered,0.3,0.9,14,29,0.102049288,query_micro
coverage_gain,rolling_vs_static_baseline,icews05_15_distmult_filtered,rolling_margin-minus-kgcp_softmax_static,icews05_15,temporal_distmult,filtered,0.3,0.9,14,43,0.09637433661,query_micro
coverage_gain,rolling_vs_static_baseline,icews05_15_distmult_filtered,rolling_margin-minus-kgcp_softmax_static,icews05_15,temporal_distmult,filtered,0.3,0.9,14,59,0.09457726867,query_micro
coverage_gain,rolling_vs_static_baseline,icews05_15_distmult_filtered,rolling_margin-minus-kgcp_softmax_static,icews05_15,temporal_distmult,filtered,0.3,0.9,14,71,0.09831853292,query_micro
coverage_gain,rolling_vs_static_baseline,icews05_15_distmult_filtered,rolling_margin-minus-kgcp_softmax_static,icews05_15,temporal_distmult,filtered,0.3,0.9,21,17,0.1031790237,query_micro
coverage_gain,rolling_vs_static_baseline,icews05_15_distmult_filtered,rolling_margin-minus-kgcp_softmax_static,icews05_15,temporal_distmult,filtered,0.3,0.9,21,29,0.102049288,query_micro
coverage_gain,rolling_vs_static_baseline,icews05_15_distmult_filtered,rolling_margin-minus-kgcp_softmax_static,icews05_15,temporal_distmult,filtered,0.3,0.9,21,43,0.09637433661,query_micro
coverage_gain,rolling_vs_static_baseline,icews05_15_distmult_filtered,rolling_margin-minus-kgcp_softmax_static,icews05_15,temporal_distmult,filtered,0.3,0.9,21,59,0.09457726867,query_micro
coverage_gain,rolling_vs_static_baseline,icews05_15_distmult_filtered,rolling_margin-minus-kgcp_softmax_static,icews05_15,temporal_distmult,filtered,0.3,0.9,21,71,0.09831853292,query_micro
undercoverage_reduction,rolling_vs_static_baseline,icews05_15_distmult_filtered,rolling_margin-minus-kgcp_softmax_static,icews05_15,temporal_distmult,filtered,0.3,0.9,3,17,0.08967671784,timestamp_macro
undercoverage_reduction,rolling_vs_static_baseline,icews05_15_distmult_filtered,rolling_margin-minus-kgcp_softmax_static,icews05_15,temporal_distmult,filtered,0.3,0.9,3,29,0.08823032452,timestamp_macro
undercoverage_reduction,rolling_vs_static_baseline,icews05_15_distmult_filtered,rolling_margin-minus-kgcp_softmax_static,icews05_15,temporal_distmult,filtered,0.3,0.9,3,43,0.08315604521,timestamp_macro
undercoverage_reduction,rolling_vs_static_baseline,icews05_15_distmult_filtered,rolling_margin-minus-kgcp_softmax_static,icews05_15,temporal_distmult,filtered,0.3,0.9,3,59,0.08105835677,timestamp_macro
undercoverage_reduction,rolling_vs_static_baseline,icews05_15_distmult_filtered,rolling_margin-minus-kgcp_softmax_static,icews05_15,temporal_distmult,filtered,0.3,0.9,3,71,0.08445775145,timestamp_macro
undercoverage_reduction,rolling_vs_static_baseline,icews05_15_distmult_filtered,rolling_margin-minus-kgcp_softmax_static,icews05_15,temporal_distmult,filtered,0.3,0.9,7,17,0.08967671784,timestamp_macro
undercoverage_reduction,rolling_vs_static_baseline,icews05_15_distmult_filtered,rolling_margin-minus-kgcp_softmax_static,icews05_15,temporal_distmult,filtered,0.3,0.9,7,29,0.08823032452,timestamp_macro
undercoverage_reduction,rolling_vs_static_baseline,icews05_15_distmult_filtered,rolling_margin-minus-kgcp_softmax_static,icews05_15,temporal_distmult,filtered,0.3,0.9,7,43,0.08315604521,timestamp_macro
undercoverage_reduction,rolling_vs_static_baseline,icews05_15_distmult_filtered,rolling_margin-minus-kgcp_softmax_static,icews05_15,temporal_distmult,filtered,0.3,0.9,7,59,0.08105835677,timestamp_macro
undercoverage_reduction,rolling_vs_static_baseline,icews05_15_distmult_filtered,rolling_margin-minus-kgcp_softmax_static,icews05_15,temporal_distmult,filtered,0.3,0.9,7,71,0.08445775145,timestamp_macro
undercoverage_reduction,rolling_vs_static_baseline,icews05_15_distmult_filtered,rolling_margin-minus-kgcp_softmax_static,icews05_15,temporal_distmult,filtered,0.3,0.9,14,17,0.08967671784,timestamp_macro
undercoverage_reduction,rolling_vs_static_baseline,icews05_15_distmult_filtered,rolling_margin-minus-kgcp_softmax_static,icews05_15,temporal_distmult,filtered,0.3,0.9,14,29,0.08823032452,timestamp_macro
undercoverage_reduction,rolling_vs_static_baseline,icews05_15_distmult_filtered,rolling_margin-minus-kgcp_softmax_static,icews05_15,temporal_distmult,filtered,0.3,0.9,14,43,0.08315604521,timestamp_macro
undercoverage_reduction,rolling_vs_static_baseline,icews05_15_distmult_filtered,rolling_margin-minus-kgcp_softmax_static,icews05_15,temporal_distmult,filtered,0.3,0.9,14,59,0.08105835677,timestamp_macro
undercoverage_reduction,rolling_vs_static_baseline,icews05_15_distmult_filtered,rolling_margin-minus-kgcp_softmax_static,icews05_15,temporal_distmult,filtered,0.3,0.9,14,71,0.08445775145,timestamp_macro
undercoverage_reduction,rolling_vs_static_baseline,icews05_15_distmult_filtered,rolling_margin-minus-kgcp_softmax_static,icews05_15,temporal_distmult,filtered,0.3,0.9,21,17,0.08967671784,timestamp_macro
undercoverage_reduction,rolling_vs_static_baseline,icews05_15_distmult_filtered,rolling_margin-minus-kgcp_softmax_static,icews05_15,temporal_distmult,filtered,0.3,0.9,21,29,0.08823032452,timestamp_macro
undercoverage_reduction,rolling_vs_static_baseline,icews05_15_distmult_filtered,rolling_margin-minus-kgcp_softmax_static,icews05_15,temporal_distmult,filtered,0.3,0.9,21,43,0.08315604521,timestamp_macro
undercoverage_reduction,rolling_vs_static_baseline,icews05_15_distmult_filtered,rolling_margin-minus-kgcp_softmax_static,icews05_15,temporal_distmult,filtered,0.3,0.9,21,59,0.08105835677,timestamp_macro
undercoverage_reduction,rolling_vs_static_baseline,icews05_15_distmult_filtered,rolling_margin-minus-kgcp_softmax_static,icews05_15,temporal_distmult,filtered,0.3,0.9,21,71,0.08445775145,timestamp_macro
coverage_gain,rolling_vs_static_baseline,icews05_15_distmult_filtered,rolling_margin-minus-static_margin,icews05_15,temporal_distmult,filtered,0.3,0.9,3,17,0.1051074563,query_micro
coverage_gain,rolling_vs_static_baseline,icews05_15_distmult_filtered,rolling_margin-minus-static_margin,icews05_15,temporal_distmult,filtered,0.3,0.9,3,29,0.1036361726,query_micro
coverage_gain,rolling_vs_static_baseline,icews05_15_distmult_filtered,rolling_margin-minus-static_margin,icews05_15,temporal_distmult,filtered,0.3,0.9,3,43,0.09850769797,query_micro
coverage_gain,rolling_vs_static_baseline,icews05_15_distmult_filtered,rolling_margin-minus-static_margin,icews05_15,temporal_distmult,filtered,0.3,0.9,3,59,0.097609164,query_micro
coverage_gain,rolling_vs_static_baseline,icews05_15_distmult_filtered,rolling_margin-minus-static_margin,icews05_15,temporal_distmult,filtered,0.3,0.9,3,71,0.1008670065,query_micro
coverage_gain,rolling_vs_static_baseline,icews05_15_distmult_filtered,rolling_margin-minus-static_margin,icews05_15,temporal_distmult,filtered,0.3,0.9,7,17,0.1051074563,query_micro
coverage_gain,rolling_vs_static_baseline,icews05_15_distmult_filtered,rolling_margin-minus-static_margin,icews05_15,temporal_distmult,filtered,0.3,0.9,7,29,0.1036361726,query_micro
coverage_gain,rolling_vs_static_baseline,icews05_15_distmult_filtered,rolling_margin-minus-static_margin,icews05_15,temporal_distmult,filtered,0.3,0.9,7,43,0.09850769797,query_micro
coverage_gain,rolling_vs_static_baseline,icews05_15_distmult_filtered,rolling_margin-minus-static_margin,icews05_15,temporal_distmult,filtered,0.3,0.9,7,59,0.097609164,query_micro
coverage_gain,rolling_vs_static_baseline,icews05_15_distmult_filtered,rolling_margin-minus-static_margin,icews05_15,temporal_distmult,filtered,0.3,0.9,7,71,0.1008670065,query_micro
coverage_gain,rolling_vs_static_baseline,icews05_15_distmult_filtered,rolling_margin-minus-static_margin,icews05_15,temporal_distmult,filtered,0.3,0.9,14,17,0.1051074563,query_micro
coverage_gain,rolling_vs_static_baseline,icews05_15_distmult_filtered,rolling_margin-minus-static_margin,icews05_15,temporal_distmult,filtered,0.3,0.9,14,29,0.1036361726,query_micro
coverage_gain,rolling_vs_static_baseline,icews05_15_distmult_filtered,rolling_margin-minus-static_margin,icews05_15,temporal_distmult,filtered,0.3,0.9,14,43,0.09850769797,query_micro
coverage_gain,rolling_vs_static_baseline,icews05_15_distmult_filtered,rolling_margin-minus-static_margin,icews05_15,temporal_distmult,filtered,0.3,0.9,14,59,0.097609164,query_micro
coverage_gain,rolling_vs_static_baseline,icews05_15_distmult_filtered,rolling_margin-minus-static_margin,icews05_15,temporal_distmult,filtered,0.3,0.9,14,71,0.1008670065,query_micro
coverage_gain,rolling_vs_static_baseline,icews05_15_distmult_filtered,rolling_margin-minus-static_margin,icews05_15,temporal_distmult,filtered,0.3,0.9,21,17,0.1051074563,query_micro
coverage_gain,rolling_vs_static_baseline,icews05_15_distmult_filtered,rolling_margin-minus-static_margin,icews05_15,temporal_distmult,filtered,0.3,0.9,21,29,0.1036361726,query_micro
coverage_gain,rolling_vs_static_baseline,icews05_15_distmult_filtered,rolling_margin-minus-static_margin,icews05_15,temporal_distmult,filtered,0.3,0.9,21,43,0.09850769797,query_micro
coverage_gain,rolling_vs_static_baseline,icews05_15_distmult_filtered,rolling_margin-minus-static_margin,icews05_15,temporal_distmult,filtered,0.3,0.9,21,59,0.097609164,query_micro
coverage_gain,rolling_vs_static_baseline,icews05_15_distmult_filtered,rolling_margin-minus-static_margin,icews05_15,temporal_distmult,filtered,0.3,0.9,21,71,0.1008670065,query_micro
undercoverage_reduction,rolling_vs_static_baseline,icews05_15_distmult_filtered,rolling_margin-minus-static_margin,icews05_15,temporal_distmult,filtered,0.3,0.9,3,17,0.09143869288,timestamp_macro
undercoverage_reduction,rolling_vs_static_baseline,icews05_15_distmult_filtered,rolling_margin-minus-static_margin,icews05_15,temporal_distmult,filtered,0.3,0.9,3,29,0.08976121095,timestamp_macro
undercoverage_reduction,rolling_vs_static_baseline,icews05_15_distmult_filtered,rolling_margin-minus-static_margin,icews05_15,temporal_distmult,filtered,0.3,0.9,3,43,0.08519518881,timestamp_macro
undercoverage_reduction,rolling_vs_static_baseline,icews05_15_distmult_filtered,rolling_margin-minus-static_margin,icews05_15,temporal_distmult,filtered,0.3,0.9,3,59,0.08402977942,timestamp_macro
undercoverage_reduction,rolling_vs_static_baseline,icews05_15_distmult_filtered,rolling_margin-minus-static_margin,icews05_15,temporal_distmult,filtered,0.3,0.9,3,71,0.0869100819,timestamp_macro
undercoverage_reduction,rolling_vs_static_baseline,icews05_15_distmult_filtered,rolling_margin-minus-static_margin,icews05_15,temporal_distmult,filtered,0.3,0.9,7,17,0.09143869288,timestamp_macro
undercoverage_reduction,rolling_vs_static_baseline,icews05_15_distmult_filtered,rolling_margin-minus-static_margin,icews05_15,temporal_distmult,filtered,0.3,0.9,7,29,0.08976121095,timestamp_macro
undercoverage_reduction,rolling_vs_static_baseline,icews05_15_distmult_filtered,rolling_margin-minus-static_margin,icews05_15,temporal_distmult,filtered,0.3,0.9,7,43,0.08519518881,timestamp_macro
undercoverage_reduction,rolling_vs_static_baseline,icews05_15_distmult_filtered,rolling_margin-minus-static_margin,icews05_15,temporal_distmult,filtered,0.3,0.9,7,59,0.08402977942,timestamp_macro
undercoverage_reduction,rolling_vs_static_baseline,icews05_15_distmult_filtered,rolling_margin-minus-static_margin,icews05_15,temporal_distmult,filtered,0.3,0.9,7,71,0.0869100819,timestamp_macro
undercoverage_reduction,rolling_vs_static_baseline,icews05_15_distmult_filtered,rolling_margin-minus-static_margin,icews05_15,temporal_distmult,filtered,0.3,0.9,14,17,0.09143869288,timestamp_macro
undercoverage_reduction,rolling_vs_static_baseline,icews05_15_distmult_filtered,rolling_margin-minus-static_margin,icews05_15,temporal_distmult,filtered,0.3,0.9,14,29,0.08976121095,timestamp_macro
undercoverage_reduction,rolling_vs_static_baseline,icews05_15_distmult_filtered,rolling_margin-minus-static_margin,icews05_15,temporal_distmult,filtered,0.3,0.9,14,43,0.08519518881,timestamp_macro
undercoverage_reduction,rolling_vs_static_baseline,icews05_15_distmult_filtered,rolling_margin-minus-static_margin,icews05_15,temporal_distmult,filtered,0.3,0.9,14,59,0.08402977942,timestamp_macro
undercoverage_reduction,rolling_vs_static_baseline,icews05_15_distmult_filtered,rolling_margin-minus-static_margin,icews05_15,temporal_distmult,filtered,0.3,0.9,14,71,0.0869100819,timestamp_macro
undercoverage_reduction,rolling_vs_static_baseline,icews05_15_distmult_filtered,rolling_margin-minus-static_margin,icews05_15,temporal_distmult,filtered,0.3,0.9,21,17,0.09143869288,timestamp_macro
undercoverage_reduction,rolling_vs_static_baseline,icews05_15_distmult_filtered,rolling_margin-minus-static_margin,icews05_15,temporal_distmult,filtered,0.3,0.9,21,29,0.08976121095,timestamp_macro
undercoverage_reduction,rolling_vs_static_baseline,icews05_15_distmult_filtered,rolling_margin-minus-static_margin,icews05_15,temporal_distmult,filtered,0.3,0.9,21,43,0.08519518881,timestamp_macro
undercoverage_reduction,rolling_vs_static_baseline,icews05_15_distmult_filtered,rolling_margin-minus-static_margin,icews05_15,temporal_distmult,filtered,0.3,0.9,21,59,0.08402977942,timestamp_macro
undercoverage_reduction,rolling_vs_static_baseline,icews05_15_distmult_filtered,rolling_margin-minus-static_margin,icews05_15,temporal_distmult,filtered,0.3,0.9,21,71,0.0869100819,timestamp_macro
coverage_gain,rolling_vs_static_baseline,icews05_15_tcomplex_filtered,rolling_margin-minus-kgcp_minmax_static,icews05_15,continuous_tcomplex,filtered,0.3,0.9,3,17,0.04869949031,query_micro
coverage_gain,rolling_vs_static_baseline,icews05_15_tcomplex_filtered,rolling_margin-minus-kgcp_minmax_static,icews05_15,continuous_tcomplex,filtered,0.3,0.9,3,29,0.04950344175,query_micro
coverage_gain,rolling_vs_static_baseline,icews05_15_tcomplex_filtered,rolling_margin-minus-kgcp_minmax_static,icews05_15,continuous_tcomplex,filtered,0.3,0.9,3,43,0.04339761442,query_micro
coverage_gain,rolling_vs_static_baseline,icews05_15_tcomplex_filtered,rolling_margin-minus-kgcp_minmax_static,icews05_15,continuous_tcomplex,filtered,0.3,0.9,3,59,0.04565708581,query_micro
coverage_gain,rolling_vs_static_baseline,icews05_15_tcomplex_filtered,rolling_margin-minus-kgcp_minmax_static,icews05_15,continuous_tcomplex,filtered,0.3,0.9,3,71,0.04807419473,query_micro
coverage_gain,rolling_vs_static_baseline,icews05_15_tcomplex_filtered,rolling_margin-minus-kgcp_minmax_static,icews05_15,continuous_tcomplex,filtered,0.3,0.9,7,17,0.04869949031,query_micro
coverage_gain,rolling_vs_static_baseline,icews05_15_tcomplex_filtered,rolling_margin-minus-kgcp_minmax_static,icews05_15,continuous_tcomplex,filtered,0.3,0.9,7,29,0.04950344175,query_micro
coverage_gain,rolling_vs_static_baseline,icews05_15_tcomplex_filtered,rolling_margin-minus-kgcp_minmax_static,icews05_15,continuous_tcomplex,filtered,0.3,0.9,7,43,0.04339761442,query_micro
coverage_gain,rolling_vs_static_baseline,icews05_15_tcomplex_filtered,rolling_margin-minus-kgcp_minmax_static,icews05_15,continuous_tcomplex,filtered,0.3,0.9,7,59,0.04565708581,query_micro
coverage_gain,rolling_vs_static_baseline,icews05_15_tcomplex_filtered,rolling_margin-minus-kgcp_minmax_static,icews05_15,continuous_tcomplex,filtered,0.3,0.9,7,71,0.04807419473,query_micro
coverage_gain,rolling_vs_static_baseline,icews05_15_tcomplex_filtered,rolling_margin-minus-kgcp_minmax_static,icews05_15,continuous_tcomplex,filtered,0.3,0.9,14,17,0.04869949031,query_micro
coverage_gain,rolling_vs_static_baseline,icews05_15_tcomplex_filtered,rolling_margin-minus-kgcp_minmax_static,icews05_15,continuous_tcomplex,filtered,0.3,0.9,14,29,0.04950344175,query_micro
coverage_gain,rolling_vs_static_baseline,icews05_15_tcomplex_filtered,rolling_margin-minus-kgcp_minmax_static,icews05_15,continuous_tcomplex,filtered,0.3,0.9,14,43,0.04339761442,query_micro
coverage_gain,rolling_vs_static_baseline,icews05_15_tcomplex_filtered,rolling_margin-minus-kgcp_minmax_static,icews05_15,continuous_tcomplex,filtered,0.3,0.9,14,59,0.04565708581,query_micro
coverage_gain,rolling_vs_static_baseline,icews05_15_tcomplex_filtered,rolling_margin-minus-kgcp_minmax_static,icews05_15,continuous_tcomplex,filtered,0.3,0.9,14,71,0.04807419473,query_micro
coverage_gain,rolling_vs_static_baseline,icews05_15_tcomplex_filtered,rolling_margin-minus-kgcp_minmax_static,icews05_15,continuous_tcomplex,filtered,0.3,0.9,21,17,0.04869949031,query_micro
coverage_gain,rolling_vs_static_baseline,icews05_15_tcomplex_filtered,rolling_margin-minus-kgcp_minmax_static,icews05_15,continuous_tcomplex,filtered,0.3,0.9,21,29,0.04950344175,query_micro
coverage_gain,rolling_vs_static_baseline,icews05_15_tcomplex_filtered,rolling_margin-minus-kgcp_minmax_static,icews05_15,continuous_tcomplex,filtered,0.3,0.9,21,43,0.04339761442,query_micro
coverage_gain,rolling_vs_static_baseline,icews05_15_tcomplex_filtered,rolling_margin-minus-kgcp_minmax_static,icews05_15,continuous_tcomplex,filtered,0.3,0.9,21,59,0.04565708581,query_micro
coverage_gain,rolling_vs_static_baseline,icews05_15_tcomplex_filtered,rolling_margin-minus-kgcp_minmax_static,icews05_15,continuous_tcomplex,filtered,0.3,0.9,21,71,0.04807419473,query_micro
undercoverage_reduction,rolling_vs_static_baseline,icews05_15_tcomplex_filtered,rolling_margin-minus-kgcp_minmax_static,icews05_15,continuous_tcomplex,filtered,0.3,0.9,3,17,0.03917127488,timestamp_macro
undercoverage_reduction,rolling_vs_static_baseline,icews05_15_tcomplex_filtered,rolling_margin-minus-kgcp_minmax_static,icews05_15,continuous_tcomplex,filtered,0.3,0.9,3,29,0.04064221329,timestamp_macro
undercoverage_reduction,rolling_vs_static_baseline,icews05_15_tcomplex_filtered,rolling_margin-minus-kgcp_minmax_static,icews05_15,continuous_tcomplex,filtered,0.3,0.9,3,43,0.03460843122,timestamp_macro
undercoverage_reduction,rolling_vs_static_baseline,icews05_15_tcomplex_filtered,rolling_margin-minus-kgcp_minmax_static,icews05_15,continuous_tcomplex,filtered,0.3,0.9,3,59,0.03636699672,timestamp_macro
undercoverage_reduction,rolling_vs_static_baseline,icews05_15_tcomplex_filtered,rolling_margin-minus-kgcp_minmax_static,icews05_15,continuous_tcomplex,filtered,0.3,0.9,3,71,0.03932936135,timestamp_macro
undercoverage_reduction,rolling_vs_static_baseline,icews05_15_tcomplex_filtered,rolling_margin-minus-kgcp_minmax_static,icews05_15,continuous_tcomplex,filtered,0.3,0.9,7,17,0.03917127488,timestamp_macro
undercoverage_reduction,rolling_vs_static_baseline,icews05_15_tcomplex_filtered,rolling_margin-minus-kgcp_minmax_static,icews05_15,continuous_tcomplex,filtered,0.3,0.9,7,29,0.04064221329,timestamp_macro
undercoverage_reduction,rolling_vs_static_baseline,icews05_15_tcomplex_filtered,rolling_margin-minus-kgcp_minmax_static,icews05_15,continuous_tcomplex,filtered,0.3,0.9,7,43,0.03460843122,timestamp_macro
undercoverage_reduction,rolling_vs_static_baseline,icews05_15_tcomplex_filtered,rolling_margin-minus-kgcp_minmax_static,icews05_15,continuous_tcomplex,filtered,0.3,0.9,7,59,0.03636699672,timestamp_macro
undercoverage_reduction,rolling_vs_static_baseline,icews05_15_tcomplex_filtered,rolling_margin-minus-kgcp_minmax_static,icews05_15,continuous_tcomplex,filtered,0.3,0.9,7,71,0.03932936135,timestamp_macro
undercoverage_reduction,rolling_vs_static_baseline,icews05_15_tcomplex_filtered,rolling_margin-minus-kgcp_minmax_static,icews05_15,continuous_tcomplex,filtered,0.3,0.9,14,17,0.03917127488,timestamp_macro
undercoverage_reduction,rolling_vs_static_baseline,icews05_15_tcomplex_filtered,rolling_margin-minus-kgcp_minmax_static,icews05_15,continuous_tcomplex,filtered,0.3,0.9,14,29,0.04064221329,timestamp_macro
undercoverage_reduction,rolling_vs_static_baseline,icews05_15_tcomplex_filtered,rolling_margin-minus-kgcp_minmax_static,icews05_15,continuous_tcomplex,filtered,0.3,0.9,14,43,0.03460843122,timestamp_macro
undercoverage_reduction,rolling_vs_static_baseline,icews05_15_tcomplex_filtered,rolling_margin-minus-kgcp_minmax_static,icews05_15,continuous_tcomplex,filtered,0.3,0.9,14,59,0.03636699672,timestamp_macro
undercoverage_reduction,rolling_vs_static_baseline,icews05_15_tcomplex_filtered,rolling_margin-minus-kgcp_minmax_static,icews05_15,continuous_tcomplex,filtered,0.3,0.9,14,71,0.03932936135,timestamp_macro
undercoverage_reduction,rolling_vs_static_baseline,icews05_15_tcomplex_filtered,rolling_margin-minus-kgcp_minmax_static,icews05_15,continuous_tcomplex,filtered,0.3,0.9,21,17,0.03917127488,timestamp_macro
undercoverage_reduction,rolling_vs_static_baseline,icews05_15_tcomplex_filtered,rolling_margin-minus-kgcp_minmax_static,icews05_15,continuous_tcomplex,filtered,0.3,0.9,21,29,0.04064221329,timestamp_macro
undercoverage_reduction,rolling_vs_static_baseline,icews05_15_tcomplex_filtered,rolling_margin-minus-kgcp_minmax_static,icews05_15,continuous_tcomplex,filtered,0.3,0.9,21,43,0.03460843122,timestamp_macro
undercoverage_reduction,rolling_vs_static_baseline,icews05_15_tcomplex_filtered,rolling_margin-minus-kgcp_minmax_static,icews05_15,continuous_tcomplex,filtered,0.3,0.9,21,59,0.03636699672,timestamp_macro
undercoverage_reduction,rolling_vs_static_baseline,icews05_15_tcomplex_filtered,rolling_margin-minus-kgcp_minmax_static,icews05_15,continuous_tcomplex,filtered,0.3,0.9,21,71,0.03932936135,timestamp_macro
coverage_gain,rolling_vs_static_baseline,icews05_15_tcomplex_filtered,rolling_margin-minus-kgcp_negscore_static,icews05_15,continuous_tcomplex,filtered,0.3,0.9,3,17,0.06682780726,query_micro
coverage_gain,rolling_vs_static_baseline,icews05_15_tcomplex_filtered,rolling_margin-minus-kgcp_negscore_static,icews05_15,continuous_tcomplex,filtered,0.3,0.9,3,29,0.06877725816,query_micro
coverage_gain,rolling_vs_static_baseline,icews05_15_tcomplex_filtered,rolling_margin-minus-kgcp_negscore_static,icews05_15,continuous_tcomplex,filtered,0.3,0.9,3,43,0.06648625926,query_micro
coverage_gain,rolling_vs_static_baseline,icews05_15_tcomplex_filtered,rolling_margin-minus-kgcp_negscore_static,icews05_15,continuous_tcomplex,filtered,0.3,0.9,3,59,0.06551941569,query_micro
coverage_gain,rolling_vs_static_baseline,icews05_15_tcomplex_filtered,rolling_margin-minus-kgcp_negscore_static,icews05_15,continuous_tcomplex,filtered,0.3,0.9,3,71,0.07117860333,query_micro
coverage_gain,rolling_vs_static_baseline,icews05_15_tcomplex_filtered,rolling_margin-minus-kgcp_negscore_static,icews05_15,continuous_tcomplex,filtered,0.3,0.9,7,17,0.06682780726,query_micro
coverage_gain,rolling_vs_static_baseline,icews05_15_tcomplex_filtered,rolling_margin-minus-kgcp_negscore_static,icews05_15,continuous_tcomplex,filtered,0.3,0.9,7,29,0.06877725816,query_micro
coverage_gain,rolling_vs_static_baseline,icews05_15_tcomplex_filtered,rolling_margin-minus-kgcp_negscore_static,icews05_15,continuous_tcomplex,filtered,0.3,0.9,7,43,0.06648625926,query_micro
coverage_gain,rolling_vs_static_baseline,icews05_15_tcomplex_filtered,rolling_margin-minus-kgcp_negscore_static,icews05_15,continuous_tcomplex,filtered,0.3,0.9,7,59,0.06551941569,query_micro
coverage_gain,rolling_vs_static_baseline,icews05_15_tcomplex_filtered,rolling_margin-minus-kgcp_negscore_static,icews05_15,continuous_tcomplex,filtered,0.3,0.9,7,71,0.07117860333,query_micro
coverage_gain,rolling_vs_static_baseline,icews05_15_tcomplex_filtered,rolling_margin-minus-kgcp_negscore_static,icews05_15,continuous_tcomplex,filtered,0.3,0.9,14,17,0.06682780726,query_micro
coverage_gain,rolling_vs_static_baseline,icews05_15_tcomplex_filtered,rolling_margin-minus-kgcp_negscore_static,icews05_15,continuous_tcomplex,filtered,0.3,0.9,14,29,0.06877725816,query_micro
coverage_gain,rolling_vs_static_baseline,icews05_15_tcomplex_filtered,rolling_margin-minus-kgcp_negscore_static,icews05_15,continuous_tcomplex,filtered,0.3,0.9,14,43,0.06648625926,query_micro
coverage_gain,rolling_vs_static_baseline,icews05_15_tcomplex_filtered,rolling_margin-minus-kgcp_negscore_static,icews05_15,continuous_tcomplex,filtered,0.3,0.9,14,59,0.06551941569,query_micro
coverage_gain,rolling_vs_static_baseline,icews05_15_tcomplex_filtered,rolling_margin-minus-kgcp_negscore_static,icews05_15,continuous_tcomplex,filtered,0.3,0.9,14,71,0.07117860333,query_micro
coverage_gain,rolling_vs_static_baseline,icews05_15_tcomplex_filtered,rolling_margin-minus-kgcp_negscore_static,icews05_15,continuous_tcomplex,filtered,0.3,0.9,21,17,0.06682780726,query_micro
coverage_gain,rolling_vs_static_baseline,icews05_15_tcomplex_filtered,rolling_margin-minus-kgcp_negscore_static,icews05_15,continuous_tcomplex,filtered,0.3,0.9,21,29,0.06877725816,query_micro
coverage_gain,rolling_vs_static_baseline,icews05_15_tcomplex_filtered,rolling_margin-minus-kgcp_negscore_static,icews05_15,continuous_tcomplex,filtered,0.3,0.9,21,43,0.06648625926,query_micro
coverage_gain,rolling_vs_static_baseline,icews05_15_tcomplex_filtered,rolling_margin-minus-kgcp_negscore_static,icews05_15,continuous_tcomplex,filtered,0.3,0.9,21,59,0.06551941569,query_micro
coverage_gain,rolling_vs_static_baseline,icews05_15_tcomplex_filtered,rolling_margin-minus-kgcp_negscore_static,icews05_15,continuous_tcomplex,filtered,0.3,0.9,21,71,0.07117860333,query_micro
undercoverage_reduction,rolling_vs_static_baseline,icews05_15_tcomplex_filtered,rolling_margin-minus-kgcp_negscore_static,icews05_15,continuous_tcomplex,filtered,0.3,0.9,3,17,0.05742497206,timestamp_macro
undercoverage_reduction,rolling_vs_static_baseline,icews05_15_tcomplex_filtered,rolling_margin-minus-kgcp_negscore_static,icews05_15,continuous_tcomplex,filtered,0.3,0.9,3,29,0.05983209099,timestamp_macro
undercoverage_reduction,rolling_vs_static_baseline,icews05_15_tcomplex_filtered,rolling_margin-minus-kgcp_negscore_static,icews05_15,continuous_tcomplex,filtered,0.3,0.9,3,43,0.05729818358,timestamp_macro
undercoverage_reduction,rolling_vs_static_baseline,icews05_15_tcomplex_filtered,rolling_margin-minus-kgcp_negscore_static,icews05_15,continuous_tcomplex,filtered,0.3,0.9,3,59,0.05615728629,timestamp_macro
undercoverage_reduction,rolling_vs_static_baseline,icews05_15_tcomplex_filtered,rolling_margin-minus-kgcp_negscore_static,icews05_15,continuous_tcomplex,filtered,0.3,0.9,3,71,0.06225209747,timestamp_macro
undercoverage_reduction,rolling_vs_static_baseline,icews05_15_tcomplex_filtered,rolling_margin-minus-kgcp_negscore_static,icews05_15,continuous_tcomplex,filtered,0.3,0.9,7,17,0.05742497206,timestamp_macro
undercoverage_reduction,rolling_vs_static_baseline,icews05_15_tcomplex_filtered,rolling_margin-minus-kgcp_negscore_static,icews05_15,continuous_tcomplex,filtered,0.3,0.9,7,29,0.05983209099,timestamp_macro
undercoverage_reduction,rolling_vs_static_baseline,icews05_15_tcomplex_filtered,rolling_margin-minus-kgcp_negscore_static,icews05_15,continuous_tcomplex,filtered,0.3,0.9,7,43,0.05729818358,timestamp_macro
undercoverage_reduction,rolling_vs_static_baseline,icews05_15_tcomplex_filtered,rolling_margin-minus-kgcp_negscore_static,icews05_15,continuous_tcomplex,filtered,0.3,0.9,7,59,0.05615728629,timestamp_macro
undercoverage_reduction,rolling_vs_static_baseline,icews05_15_tcomplex_filtered,rolling_margin-minus-kgcp_negscore_static,icews05_15,continuous_tcomplex,filtered,0.3,0.9,7,71,0.06225209747,timestamp_macro
undercoverage_reduction,rolling_vs_static_baseline,icews05_15_tcomplex_filtered,rolling_margin-minus-kgcp_negscore_static,icews05_15,continuous_tcomplex,filtered,0.3,0.9,14,17,0.05742497206,timestamp_macro
undercoverage_reduction,rolling_vs_static_baseline,icews05_15_tcomplex_filtered,rolling_margin-minus-kgcp_negscore_static,icews05_15,continuous_tcomplex,filtered,0.3,0.9,14,29,0.05983209099,timestamp_macro
undercoverage_reduction,rolling_vs_static_baseline,icews05_15_tcomplex_filtered,rolling_margin-minus-kgcp_negscore_static,icews05_15,continuous_tcomplex,filtered,0.3,0.9,14,43,0.05729818358,timestamp_macro
undercoverage_reduction,rolling_vs_static_baseline,icews05_15_tcomplex_filtered,rolling_margin-minus-kgcp_negscore_static,icews05_15,continuous_tcomplex,filtered,0.3,0.9,14,59,0.05615728629,timestamp_macro
undercoverage_reduction,rolling_vs_static_baseline,icews05_15_tcomplex_filtered,rolling_margin-minus-kgcp_negscore_static,icews05_15,continuous_tcomplex,filtered,0.3,0.9,14,71,0.06225209747,timestamp_macro
undercoverage_reduction,rolling_vs_static_baseline,icews05_15_tcomplex_filtered,rolling_margin-minus-kgcp_negscore_static,icews05_15,continuous_tcomplex,filtered,0.3,0.9,21,17,0.05742497206,timestamp_macro
undercoverage_reduction,rolling_vs_static_baseline,icews05_15_tcomplex_filtered,rolling_margin-minus-kgcp_negscore_static,icews05_15,continuous_tcomplex,filtered,0.3,0.9,21,29,0.05983209099,timestamp_macro
undercoverage_reduction,rolling_vs_static_baseline,icews05_15_tcomplex_filtered,rolling_margin-minus-kgcp_negscore_static,icews05_15,continuous_tcomplex,filtered,0.3,0.9,21,43,0.05729818358,timestamp_macro
undercoverage_reduction,rolling_vs_static_baseline,icews05_15_tcomplex_filtered,rolling_margin-minus-kgcp_negscore_static,icews05_15,continuous_tcomplex,filtered,0.3,0.9,21,59,0.05615728629,timestamp_macro
undercoverage_reduction,rolling_vs_static_baseline,icews05_15_tcomplex_filtered,rolling_margin-minus-kgcp_negscore_static,icews05_15,continuous_tcomplex,filtered,0.3,0.9,21,71,0.06225209747,timestamp_macro
coverage_gain,rolling_vs_static_baseline,icews05_15_tcomplex_filtered,rolling_margin-minus-kgcp_softmax_static,icews05_15,continuous_tcomplex,filtered,0.3,0.9,3,17,0.09841837003,query_micro
coverage_gain,rolling_vs_static_baseline,icews05_15_tcomplex_filtered,rolling_margin-minus-kgcp_softmax_static,icews05_15,continuous_tcomplex,filtered,0.3,0.9,3,29,0.101923178,query_micro
coverage_gain,rolling_vs_static_baseline,icews05_15_tcomplex_filtered,rolling_margin-minus-kgcp_softmax_static,icews05_15,continuous_tcomplex,filtered,0.3,0.9,3,43,0.1004834218,query_micro
coverage_gain,rolling_vs_static_baseline,icews05_15_tcomplex_filtered,rolling_margin-minus-kgcp_softmax_static,icews05_15,continuous_tcomplex,filtered,0.3,0.9,3,59,0.1000420367,query_micro
coverage_gain,rolling_vs_static_baseline,icews05_15_tcomplex_filtered,rolling_margin-minus-kgcp_softmax_static,icews05_15,continuous_tcomplex,filtered,0.3,0.9,3,71,0.1020440334,query_micro
coverage_gain,rolling_vs_static_baseline,icews05_15_tcomplex_filtered,rolling_margin-minus-kgcp_softmax_static,icews05_15,continuous_tcomplex,filtered,0.3,0.9,7,17,0.09841837003,query_micro
coverage_gain,rolling_vs_static_baseline,icews05_15_tcomplex_filtered,rolling_margin-minus-kgcp_softmax_static,icews05_15,continuous_tcomplex,filtered,0.3,0.9,7,29,0.101923178,query_micro
coverage_gain,rolling_vs_static_baseline,icews05_15_tcomplex_filtered,rolling_margin-minus-kgcp_softmax_static,icews05_15,continuous_tcomplex,filtered,0.3,0.9,7,43,0.1004834218,query_micro
coverage_gain,rolling_vs_static_baseline,icews05_15_tcomplex_filtered,rolling_margin-minus-kgcp_softmax_static,icews05_15,continuous_tcomplex,filtered,0.3,0.9,7,59,0.1000420367,query_micro
coverage_gain,rolling_vs_static_baseline,icews05_15_tcomplex_filtered,rolling_margin-minus-kgcp_softmax_static,icews05_15,continuous_tcomplex,filtered,0.3,0.9,7,71,0.1020440334,query_micro
coverage_gain,rolling_vs_static_baseline,icews05_15_tcomplex_filtered,rolling_margin-minus-kgcp_softmax_static,icews05_15,continuous_tcomplex,filtered,0.3,0.9,14,17,0.09841837003,query_micro
coverage_gain,rolling_vs_static_baseline,icews05_15_tcomplex_filtered,rolling_margin-minus-kgcp_softmax_static,icews05_15,continuous_tcomplex,filtered,0.3,0.9,14,29,0.101923178,query_micro
coverage_gain,rolling_vs_static_baseline,icews05_15_tcomplex_filtered,rolling_margin-minus-kgcp_softmax_static,icews05_15,continuous_tcomplex,filtered,0.3,0.9,14,43,0.1004834218,query_micro
coverage_gain,rolling_vs_static_baseline,icews05_15_tcomplex_filtered,rolling_margin-minus-kgcp_softmax_static,icews05_15,continuous_tcomplex,filtered,0.3,0.9,14,59,0.1000420367,query_micro
coverage_gain,rolling_vs_static_baseline,icews05_15_tcomplex_filtered,rolling_margin-minus-kgcp_softmax_static,icews05_15,continuous_tcomplex,filtered,0.3,0.9,14,71,0.1020440334,query_micro
coverage_gain,rolling_vs_static_baseline,icews05_15_tcomplex_filtered,rolling_margin-minus-kgcp_softmax_static,icews05_15,continuous_tcomplex,filtered,0.3,0.9,21,17,0.09841837003,query_micro
coverage_gain,rolling_vs_static_baseline,icews05_15_tcomplex_filtered,rolling_margin-minus-kgcp_softmax_static,icews05_15,continuous_tcomplex,filtered,0.3,0.9,21,29,0.101923178,query_micro
coverage_gain,rolling_vs_static_baseline,icews05_15_tcomplex_filtered,rolling_margin-minus-kgcp_softmax_static,icews05_15,continuous_tcomplex,filtered,0.3,0.9,21,43,0.1004834218,query_micro
coverage_gain,rolling_vs_static_baseline,icews05_15_tcomplex_filtered,rolling_margin-minus-kgcp_softmax_static,icews05_15,continuous_tcomplex,filtered,0.3,0.9,21,59,0.1000420367,query_micro
coverage_gain,rolling_vs_static_baseline,icews05_15_tcomplex_filtered,rolling_margin-minus-kgcp_softmax_static,icews05_15,continuous_tcomplex,filtered,0.3,0.9,21,71,0.1020440334,query_micro
undercoverage_reduction,rolling_vs_static_baseline,icews05_15_tcomplex_filtered,rolling_margin-minus-kgcp_softmax_static,icews05_15,continuous_tcomplex,filtered,0.3,0.9,3,17,0.08418880445,timestamp_macro
undercoverage_reduction,rolling_vs_static_baseline,icews05_15_tcomplex_filtered,rolling_margin-minus-kgcp_softmax_static,icews05_15,continuous_tcomplex,filtered,0.3,0.9,3,29,0.08866307886,timestamp_macro
undercoverage_reduction,rolling_vs_static_baseline,icews05_15_tcomplex_filtered,rolling_margin-minus-kgcp_softmax_static,icews05_15,continuous_tcomplex,filtered,0.3,0.9,3,43,0.08745822291,timestamp_macro
undercoverage_reduction,rolling_vs_static_baseline,icews05_15_tcomplex_filtered,rolling_margin-minus-kgcp_softmax_static,icews05_15,continuous_tcomplex,filtered,0.3,0.9,3,59,0.08615995808,timestamp_macro
undercoverage_reduction,rolling_vs_static_baseline,icews05_15_tcomplex_filtered,rolling_margin-minus-kgcp_softmax_static,icews05_15,continuous_tcomplex,filtered,0.3,0.9,3,71,0.08859562942,timestamp_macro
undercoverage_reduction,rolling_vs_static_baseline,icews05_15_tcomplex_filtered,rolling_margin-minus-kgcp_softmax_static,icews05_15,continuous_tcomplex,filtered,0.3,0.9,7,17,0.08418880445,timestamp_macro
undercoverage_reduction,rolling_vs_static_baseline,icews05_15_tcomplex_filtered,rolling_margin-minus-kgcp_softmax_static,icews05_15,continuous_tcomplex,filtered,0.3,0.9,7,29,0.08866307886,timestamp_macro
undercoverage_reduction,rolling_vs_static_baseline,icews05_15_tcomplex_filtered,rolling_margin-minus-kgcp_softmax_static,icews05_15,continuous_tcomplex,filtered,0.3,0.9,7,43,0.08745822291,timestamp_macro
undercoverage_reduction,rolling_vs_static_baseline,icews05_15_tcomplex_filtered,rolling_margin-minus-kgcp_softmax_static,icews05_15,continuous_tcomplex,filtered,0.3,0.9,7,59,0.08615995808,timestamp_macro
undercoverage_reduction,rolling_vs_static_baseline,icews05_15_tcomplex_filtered,rolling_margin-minus-kgcp_softmax_static,icews05_15,continuous_tcomplex,filtered,0.3,0.9,7,71,0.08859562942,timestamp_macro
undercoverage_reduction,rolling_vs_static_baseline,icews05_15_tcomplex_filtered,rolling_margin-minus-kgcp_softmax_static,icews05_15,continuous_tcomplex,filtered,0.3,0.9,14,17,0.08418880445,timestamp_macro
undercoverage_reduction,rolling_vs_static_baseline,icews05_15_tcomplex_filtered,rolling_margin-minus-kgcp_softmax_static,icews05_15,continuous_tcomplex,filtered,0.3,0.9,14,29,0.08866307886,timestamp_macro
undercoverage_reduction,rolling_vs_static_baseline,icews05_15_tcomplex_filtered,rolling_margin-minus-kgcp_softmax_static,icews05_15,continuous_tcomplex,filtered,0.3,0.9,14,43,0.08745822291,timestamp_macro
undercoverage_reduction,rolling_vs_static_baseline,icews05_15_tcomplex_filtered,rolling_margin-minus-kgcp_softmax_static,icews05_15,continuous_tcomplex,filtered,0.3,0.9,14,59,0.08615995808,timestamp_macro
undercoverage_reduction,rolling_vs_static_baseline,icews05_15_tcomplex_filtered,rolling_margin-minus-kgcp_softmax_static,icews05_15,continuous_tcomplex,filtered,0.3,0.9,14,71,0.08859562942,timestamp_macro
undercoverage_reduction,rolling_vs_static_baseline,icews05_15_tcomplex_filtered,rolling_margin-minus-kgcp_softmax_static,icews05_15,continuous_tcomplex,filtered,0.3,0.9,21,17,0.08418880445,timestamp_macro
undercoverage_reduction,rolling_vs_static_baseline,icews05_15_tcomplex_filtered,rolling_margin-minus-kgcp_softmax_static,icews05_15,continuous_tcomplex,filtered,0.3,0.9,21,29,0.08866307886,timestamp_macro
undercoverage_reduction,rolling_vs_static_baseline,icews05_15_tcomplex_filtered,rolling_margin-minus-kgcp_softmax_static,icews05_15,continuous_tcomplex,filtered,0.3,0.9,21,43,0.08745822291,timestamp_macro
undercoverage_reduction,rolling_vs_static_baseline,icews05_15_tcomplex_filtered,rolling_margin-minus-kgcp_softmax_static,icews05_15,continuous_tcomplex,filtered,0.3,0.9,21,59,0.08615995808,timestamp_macro
undercoverage_reduction,rolling_vs_static_baseline,icews05_15_tcomplex_filtered,rolling_margin-minus-kgcp_softmax_static,icews05_15,continuous_tcomplex,filtered,0.3,0.9,21,71,0.08859562942,timestamp_macro
coverage_gain,rolling_vs_static_baseline,icews05_15_tcomplex_filtered,rolling_margin-minus-static_margin,icews05_15,continuous_tcomplex,filtered,0.3,0.9,3,17,0.0997950712,query_micro
coverage_gain,rolling_vs_static_baseline,icews05_15_tcomplex_filtered,rolling_margin-minus-static_margin,icews05_15,continuous_tcomplex,filtered,0.3,0.9,3,29,0.1031317324,query_micro
coverage_gain,rolling_vs_static_baseline,icews05_15_tcomplex_filtered,rolling_margin-minus-static_margin,icews05_15,continuous_tcomplex,filtered,0.3,0.9,3,43,0.1035783721,query_micro
coverage_gain,rolling_vs_static_baseline,icews05_15_tcomplex_filtered,rolling_margin-minus-static_margin,icews05_15,continuous_tcomplex,filtered,0.3,0.9,3,59,0.1022489622,query_micro
coverage_gain,rolling_vs_static_baseline,icews05_15_tcomplex_filtered,rolling_margin-minus-static_margin,icews05_15,continuous_tcomplex,filtered,0.3,0.9,3,71,0.1036204088,query_micro
coverage_gain,rolling_vs_static_baseline,icews05_15_tcomplex_filtered,rolling_margin-minus-static_margin,icews05_15,continuous_tcomplex,filtered,0.3,0.9,7,17,0.0997950712,query_micro
coverage_gain,rolling_vs_static_baseline,icews05_15_tcomplex_filtered,rolling_margin-minus-static_margin,icews05_15,continuous_tcomplex,filtered,0.3,0.9,7,29,0.1031317324,query_micro
coverage_gain,rolling_vs_static_baseline,icews05_15_tcomplex_filtered,rolling_margin-minus-static_margin,icews05_15,continuous_tcomplex,filtered,0.3,0.9,7,43,0.1035783721,query_micro
coverage_gain,rolling_vs_static_baseline,icews05_15_tcomplex_filtered,rolling_margin-minus-static_margin,icews05_15,continuous_tcomplex,filtered,0.3,0.9,7,59,0.1022489622,query_micro
coverage_gain,rolling_vs_static_baseline,icews05_15_tcomplex_filtered,rolling_margin-minus-static_margin,icews05_15,continuous_tcomplex,filtered,0.3,0.9,7,71,0.1036204088,query_micro
coverage_gain,rolling_vs_static_baseline,icews05_15_tcomplex_filtered,rolling_margin-minus-static_margin,icews05_15,continuous_tcomplex,filtered,0.3,0.9,14,17,0.0997950712,query_micro
coverage_gain,rolling_vs_static_baseline,icews05_15_tcomplex_filtered,rolling_margin-minus-static_margin,icews05_15,continuous_tcomplex,filtered,0.3,0.9,14,29,0.1031317324,query_micro
coverage_gain,rolling_vs_static_baseline,icews05_15_tcomplex_filtered,rolling_margin-minus-static_margin,icews05_15,continuous_tcomplex,filtered,0.3,0.9,14,43,0.1035783721,query_micro
coverage_gain,rolling_vs_static_baseline,icews05_15_tcomplex_filtered,rolling_margin-minus-static_margin,icews05_15,continuous_tcomplex,filtered,0.3,0.9,14,59,0.1022489622,query_micro
coverage_gain,rolling_vs_static_baseline,icews05_15_tcomplex_filtered,rolling_margin-minus-static_margin,icews05_15,continuous_tcomplex,filtered,0.3,0.9,14,71,0.1036204088,query_micro
coverage_gain,rolling_vs_static_baseline,icews05_15_tcomplex_filtered,rolling_margin-minus-static_margin,icews05_15,continuous_tcomplex,filtered,0.3,0.9,21,17,0.0997950712,query_micro
coverage_gain,rolling_vs_static_baseline,icews05_15_tcomplex_filtered,rolling_margin-minus-static_margin,icews05_15,continuous_tcomplex,filtered,0.3,0.9,21,29,0.1031317324,query_micro
coverage_gain,rolling_vs_static_baseline,icews05_15_tcomplex_filtered,rolling_margin-minus-static_margin,icews05_15,continuous_tcomplex,filtered,0.3,0.9,21,43,0.1035783721,query_micro
coverage_gain,rolling_vs_static_baseline,icews05_15_tcomplex_filtered,rolling_margin-minus-static_margin,icews05_15,continuous_tcomplex,filtered,0.3,0.9,21,59,0.1022489622,query_micro
coverage_gain,rolling_vs_static_baseline,icews05_15_tcomplex_filtered,rolling_margin-minus-static_margin,icews05_15,continuous_tcomplex,filtered,0.3,0.9,21,71,0.1036204088,query_micro
undercoverage_reduction,rolling_vs_static_baseline,icews05_15_tcomplex_filtered,rolling_margin-minus-static_margin,icews05_15,continuous_tcomplex,filtered,0.3,0.9,3,17,0.08565238464,timestamp_macro
undercoverage_reduction,rolling_vs_static_baseline,icews05_15_tcomplex_filtered,rolling_margin-minus-static_margin,icews05_15,continuous_tcomplex,filtered,0.3,0.9,3,29,0.08987364034,timestamp_macro
undercoverage_reduction,rolling_vs_static_baseline,icews05_15_tcomplex_filtered,rolling_margin-minus-static_margin,icews05_15,continuous_tcomplex,filtered,0.3,0.9,3,43,0.09052762562,timestamp_macro
undercoverage_reduction,rolling_vs_static_baseline,icews05_15_tcomplex_filtered,rolling_margin-minus-static_margin,icews05_15,continuous_tcomplex,filtered,0.3,0.9,3,59,0.08823430607,timestamp_macro
undercoverage_reduction,rolling_vs_static_baseline,icews05_15_tcomplex_filtered,rolling_margin-minus-static_margin,icews05_15,continuous_tcomplex,filtered,0.3,0.9,3,71,0.09018858423,timestamp_macro
undercoverage_reduction,rolling_vs_static_baseline,icews05_15_tcomplex_filtered,rolling_margin-minus-static_margin,icews05_15,continuous_tcomplex,filtered,0.3,0.9,7,17,0.08565238464,timestamp_macro
undercoverage_reduction,rolling_vs_static_baseline,icews05_15_tcomplex_filtered,rolling_margin-minus-static_margin,icews05_15,continuous_tcomplex,filtered,0.3,0.9,7,29,0.08987364034,timestamp_macro
undercoverage_reduction,rolling_vs_static_baseline,icews05_15_tcomplex_filtered,rolling_margin-minus-static_margin,icews05_15,continuous_tcomplex,filtered,0.3,0.9,7,43,0.09052762562,timestamp_macro
undercoverage_reduction,rolling_vs_static_baseline,icews05_15_tcomplex_filtered,rolling_margin-minus-static_margin,icews05_15,continuous_tcomplex,filtered,0.3,0.9,7,59,0.08823430607,timestamp_macro
undercoverage_reduction,rolling_vs_static_baseline,icews05_15_tcomplex_filtered,rolling_margin-minus-static_margin,icews05_15,continuous_tcomplex,filtered,0.3,0.9,7,71,0.09018858423,timestamp_macro
undercoverage_reduction,rolling_vs_static_baseline,icews05_15_tcomplex_filtered,rolling_margin-minus-static_margin,icews05_15,continuous_tcomplex,filtered,0.3,0.9,14,17,0.08565238464,timestamp_macro
undercoverage_reduction,rolling_vs_static_baseline,icews05_15_tcomplex_filtered,rolling_margin-minus-static_margin,icews05_15,continuous_tcomplex,filtered,0.3,0.9,14,29,0.08987364034,timestamp_macro
undercoverage_reduction,rolling_vs_static_baseline,icews05_15_tcomplex_filtered,rolling_margin-minus-static_margin,icews05_15,continuous_tcomplex,filtered,0.3,0.9,14,43,0.09052762562,timestamp_macro
undercoverage_reduction,rolling_vs_static_baseline,icews05_15_tcomplex_filtered,rolling_margin-minus-static_margin,icews05_15,continuous_tcomplex,filtered,0.3,0.9,14,59,0.08823430607,timestamp_macro
undercoverage_reduction,rolling_vs_static_baseline,icews05_15_tcomplex_filtered,rolling_margin-minus-static_margin,icews05_15,continuous_tcomplex,filtered,0.3,0.9,14,71,0.09018858423,timestamp_macro
undercoverage_reduction,rolling_vs_static_baseline,icews05_15_tcomplex_filtered,rolling_margin-minus-static_margin,icews05_15,continuous_tcomplex,filtered,0.3,0.9,21,17,0.08565238464,timestamp_macro
undercoverage_reduction,rolling_vs_static_baseline,icews05_15_tcomplex_filtered,rolling_margin-minus-static_margin,icews05_15,continuous_tcomplex,filtered,0.3,0.9,21,29,0.08987364034,timestamp_macro
undercoverage_reduction,rolling_vs_static_baseline,icews05_15_tcomplex_filtered,rolling_margin-minus-static_margin,icews05_15,continuous_tcomplex,filtered,0.3,0.9,21,43,0.09052762562,timestamp_macro
undercoverage_reduction,rolling_vs_static_baseline,icews05_15_tcomplex_filtered,rolling_margin-minus-static_margin,icews05_15,continuous_tcomplex,filtered,0.3,0.9,21,59,0.08823430607,timestamp_macro
undercoverage_reduction,rolling_vs_static_baseline,icews05_15_tcomplex_filtered,rolling_margin-minus-static_margin,icews05_15,continuous_tcomplex,filtered,0.3,0.9,21,71,0.09018858423,timestamp_macro
coverage_gain,rolling_vs_static_baseline,icews14_distmult_filtered,rolling_margin-minus-kgcp_minmax_static,icews14,temporal_distmult,filtered,0.3,0.9,3,17,-0.002772308011,query_micro
coverage_gain,rolling_vs_static_baseline,icews14_distmult_filtered,rolling_margin-minus-kgcp_minmax_static,icews14,temporal_distmult,filtered,0.3,0.9,3,29,-0.0003368224686,query_micro
coverage_gain,rolling_vs_static_baseline,icews14_distmult_filtered,rolling_margin-minus-kgcp_minmax_static,icews14,temporal_distmult,filtered,0.3,0.9,3,43,-0.002228210177,query_micro
coverage_gain,rolling_vs_static_baseline,icews14_distmult_filtered,rolling_margin-minus-kgcp_minmax_static,icews14,temporal_distmult,filtered,0.3,0.9,3,59,-0.001658202923,query_micro
coverage_gain,rolling_vs_static_baseline,icews14_distmult_filtered,rolling_margin-minus-kgcp_minmax_static,icews14,temporal_distmult,filtered,0.3,0.9,3,71,-0.001347289875,query_micro
coverage_gain,rolling_vs_static_baseline,icews14_distmult_filtered,rolling_margin-minus-kgcp_minmax_static,icews14,temporal_distmult,filtered,0.3,0.9,7,17,-0.002772308011,query_micro
coverage_gain,rolling_vs_static_baseline,icews14_distmult_filtered,rolling_margin-minus-kgcp_minmax_static,icews14,temporal_distmult,filtered,0.3,0.9,7,29,-0.0003368224686,query_micro
coverage_gain,rolling_vs_static_baseline,icews14_distmult_filtered,rolling_margin-minus-kgcp_minmax_static,icews14,temporal_distmult,filtered,0.3,0.9,7,43,-0.002228210177,query_micro
coverage_gain,rolling_vs_static_baseline,icews14_distmult_filtered,rolling_margin-minus-kgcp_minmax_static,icews14,temporal_distmult,filtered,0.3,0.9,7,59,-0.001658202923,query_micro
coverage_gain,rolling_vs_static_baseline,icews14_distmult_filtered,rolling_margin-minus-kgcp_minmax_static,icews14,temporal_distmult,filtered,0.3,0.9,7,71,-0.001347289875,query_micro
coverage_gain,rolling_vs_static_baseline,icews14_distmult_filtered,rolling_margin-minus-kgcp_minmax_static,icews14,temporal_distmult,filtered,0.3,0.9,14,17,-0.002772308011,query_micro
coverage_gain,rolling_vs_static_baseline,icews14_distmult_filtered,rolling_margin-minus-kgcp_minmax_static,icews14,temporal_distmult,filtered,0.3,0.9,14,29,-0.0003368224686,query_micro
coverage_gain,rolling_vs_static_baseline,icews14_distmult_filtered,rolling_margin-minus-kgcp_minmax_static,icews14,temporal_distmult,filtered,0.3,0.9,14,43,-0.002228210177,query_micro
coverage_gain,rolling_vs_static_baseline,icews14_distmult_filtered,rolling_margin-minus-kgcp_minmax_static,icews14,temporal_distmult,filtered,0.3,0.9,14,59,-0.001658202923,query_micro
coverage_gain,rolling_vs_static_baseline,icews14_distmult_filtered,rolling_margin-minus-kgcp_minmax_static,icews14,temporal_distmult,filtered,0.3,0.9,14,71,-0.001347289875,query_micro
coverage_gain,rolling_vs_static_baseline,icews14_distmult_filtered,rolling_margin-minus-kgcp_minmax_static,icews14,temporal_distmult,filtered,0.3,0.9,21,17,-0.002772308011,query_micro
coverage_gain,rolling_vs_static_baseline,icews14_distmult_filtered,rolling_margin-minus-kgcp_minmax_static,icews14,temporal_distmult,filtered,0.3,0.9,21,29,-0.0003368224686,query_micro
coverage_gain,rolling_vs_static_baseline,icews14_distmult_filtered,rolling_margin-minus-kgcp_minmax_static,icews14,temporal_distmult,filtered,0.3,0.9,21,43,-0.002228210177,query_micro
coverage_gain,rolling_vs_static_baseline,icews14_distmult_filtered,rolling_margin-minus-kgcp_minmax_static,icews14,temporal_distmult,filtered,0.3,0.9,21,59,-0.001658202923,query_micro
coverage_gain,rolling_vs_static_baseline,icews14_distmult_filtered,rolling_margin-minus-kgcp_minmax_static,icews14,temporal_distmult,filtered,0.3,0.9,21,71,-0.001347289875,query_micro
undercoverage_reduction,rolling_vs_static_baseline,icews14_distmult_filtered,rolling_margin-minus-kgcp_minmax_static,icews14,temporal_distmult,filtered,0.3,0.9,3,17,-0.00285653203,timestamp_macro
undercoverage_reduction,rolling_vs_static_baseline,icews14_distmult_filtered,rolling_margin-minus-kgcp_minmax_static,icews14,temporal_distmult,filtered,0.3,0.9,3,29,0.002057839412,timestamp_macro
undercoverage_reduction,rolling_vs_static_baseline,icews14_distmult_filtered,rolling_margin-minus-kgcp_minmax_static,icews14,temporal_distmult,filtered,0.3,0.9,3,43,-0.000595351953,timestamp_macro
undercoverage_reduction,rolling_vs_static_baseline,icews14_distmult_filtered,rolling_margin-minus-kgcp_minmax_static,icews14,temporal_distmult,filtered,0.3,0.9,3,59,0.0003651303742,timestamp_macro
undercoverage_reduction,rolling_vs_static_baseline,icews14_distmult_filtered,rolling_margin-minus-kgcp_minmax_static,icews14,temporal_distmult,filtered,0.3,0.9,3,71,0.0009693478674,timestamp_macro
undercoverage_reduction,rolling_vs_static_baseline,icews14_distmult_filtered,rolling_margin-minus-kgcp_minmax_static,icews14,temporal_distmult,filtered,0.3,0.9,7,17,-0.00285653203,timestamp_macro
undercoverage_reduction,rolling_vs_static_baseline,icews14_distmult_filtered,rolling_margin-minus-kgcp_minmax_static,icews14,temporal_distmult,filtered,0.3,0.9,7,29,0.002057839412,timestamp_macro
undercoverage_reduction,rolling_vs_static_baseline,icews14_distmult_filtered,rolling_margin-minus-kgcp_minmax_static,icews14,temporal_distmult,filtered,0.3,0.9,7,43,-0.000595351953,timestamp_macro
undercoverage_reduction,rolling_vs_static_baseline,icews14_distmult_filtered,rolling_margin-minus-kgcp_minmax_static,icews14,temporal_distmult,filtered,0.3,0.9,7,59,0.0003651303742,timestamp_macro
undercoverage_reduction,rolling_vs_static_baseline,icews14_distmult_filtered,rolling_margin-minus-kgcp_minmax_static,icews14,temporal_distmult,filtered,0.3,0.9,7,71,0.0009693478674,timestamp_macro
undercoverage_reduction,rolling_vs_static_baseline,icews14_distmult_filtered,rolling_margin-minus-kgcp_minmax_static,icews14,temporal_distmult,filtered,0.3,0.9,14,17,-0.00285653203,timestamp_macro
undercoverage_reduction,rolling_vs_static_baseline,icews14_distmult_filtered,rolling_margin-minus-kgcp_minmax_static,icews14,temporal_distmult,filtered,0.3,0.9,14,29,0.002057839412,timestamp_macro
undercoverage_reduction,rolling_vs_static_baseline,icews14_distmult_filtered,rolling_margin-minus-kgcp_minmax_static,icews14,temporal_distmult,filtered,0.3,0.9,14,43,-0.000595351953,timestamp_macro
undercoverage_reduction,rolling_vs_static_baseline,icews14_distmult_filtered,rolling_margin-minus-kgcp_minmax_static,icews14,temporal_distmult,filtered,0.3,0.9,14,59,0.0003651303742,timestamp_macro
undercoverage_reduction,rolling_vs_static_baseline,icews14_distmult_filtered,rolling_margin-minus-kgcp_minmax_static,icews14,temporal_distmult,filtered,0.3,0.9,14,71,0.0009693478674,timestamp_macro
undercoverage_reduction,rolling_vs_static_baseline,icews14_distmult_filtered,rolling_margin-minus-kgcp_minmax_static,icews14,temporal_distmult,filtered,0.3,0.9,21,17,-0.00285653203,timestamp_macro
undercoverage_reduction,rolling_vs_static_baseline,icews14_distmult_filtered,rolling_margin-minus-kgcp_minmax_static,icews14,temporal_distmult,filtered,0.3,0.9,21,29,0.002057839412,timestamp_macro
undercoverage_reduction,rolling_vs_static_baseline,icews14_distmult_filtered,rolling_margin-minus-kgcp_minmax_static,icews14,temporal_distmult,filtered,0.3,0.9,21,43,-0.000595351953,timestamp_macro
undercoverage_reduction,rolling_vs_static_baseline,icews14_distmult_filtered,rolling_margin-minus-kgcp_minmax_static,icews14,temporal_distmult,filtered,0.3,0.9,21,59,0.0003651303742,timestamp_macro
undercoverage_reduction,rolling_vs_static_baseline,icews14_distmult_filtered,rolling_margin-minus-kgcp_minmax_static,icews14,temporal_distmult,filtered,0.3,0.9,21,71,0.0009693478674,timestamp_macro
coverage_gain,rolling_vs_static_baseline,icews14_distmult_filtered,rolling_margin-minus-kgcp_negscore_static,icews14,temporal_distmult,filtered,0.3,0.9,3,17,-0.003005492797,query_micro
coverage_gain,rolling_vs_static_baseline,icews14_distmult_filtered,rolling_margin-minus-kgcp_negscore_static,icews14,temporal_distmult,filtered,0.3,0.9,3,29,0.001191833351,query_micro
coverage_gain,rolling_vs_static_baseline,icews14_distmult_filtered,rolling_margin-minus-kgcp_negscore_static,icews14,temporal_distmult,filtered,0.3,0.9,3,43,-0.003445952948,query_micro
coverage_gain,rolling_vs_static_baseline,icews14_distmult_filtered,rolling_margin-minus-kgcp_negscore_static,icews14,temporal_distmult,filtered,0.3,0.9,3,59,0.003860503679,query_micro
coverage_gain,rolling_vs_static_baseline,icews14_distmult_filtered,rolling_margin-minus-kgcp_negscore_static,icews14,temporal_distmult,filtered,0.3,0.9,3,71,0.006088713856,query_micro
coverage_gain,rolling_vs_static_baseline,icews14_distmult_filtered,rolling_margin-minus-kgcp_negscore_static,icews14,temporal_distmult,filtered,0.3,0.9,7,17,-0.003005492797,query_micro
coverage_gain,rolling_vs_static_baseline,icews14_distmult_filtered,rolling_margin-minus-kgcp_negscore_static,icews14,temporal_distmult,filtered,0.3,0.9,7,29,0.001191833351,query_micro
coverage_gain,rolling_vs_static_baseline,icews14_distmult_filtered,rolling_margin-minus-kgcp_negscore_static,icews14,temporal_distmult,filtered,0.3,0.9,7,43,-0.003445952948,query_micro
coverage_gain,rolling_vs_static_baseline,icews14_distmult_filtered,rolling_margin-minus-kgcp_negscore_static,icews14,temporal_distmult,filtered,0.3,0.9,7,59,0.003860503679,query_micro
coverage_gain,rolling_vs_static_baseline,icews14_distmult_filtered,rolling_margin-minus-kgcp_negscore_static,icews14,temporal_distmult,filtered,0.3,0.9,7,71,0.006088713856,query_micro
coverage_gain,rolling_vs_static_baseline,icews14_distmult_filtered,rolling_margin-minus-kgcp_negscore_static,icews14,temporal_distmult,filtered,0.3,0.9,14,17,-0.003005492797,query_micro
coverage_gain,rolling_vs_static_baseline,icews14_distmult_filtered,rolling_margin-minus-kgcp_negscore_static,icews14,temporal_distmult,filtered,0.3,0.9,14,29,0.001191833351,query_micro
coverage_gain,rolling_vs_static_baseline,icews14_distmult_filtered,rolling_margin-minus-kgcp_negscore_static,icews14,temporal_distmult,filtered,0.3,0.9,14,43,-0.003445952948,query_micro
coverage_gain,rolling_vs_static_baseline,icews14_distmult_filtered,rolling_margin-minus-kgcp_negscore_static,icews14,temporal_distmult,filtered,0.3,0.9,14,59,0.003860503679,query_micro
coverage_gain,rolling_vs_static_baseline,icews14_distmult_filtered,rolling_margin-minus-kgcp_negscore_static,icews14,temporal_distmult,filtered,0.3,0.9,14,71,0.006088713856,query_micro
coverage_gain,rolling_vs_static_baseline,icews14_distmult_filtered,rolling_margin-minus-kgcp_negscore_static,icews14,temporal_distmult,filtered,0.3,0.9,21,17,-0.003005492797,query_micro
coverage_gain,rolling_vs_static_baseline,icews14_distmult_filtered,rolling_margin-minus-kgcp_negscore_static,icews14,temporal_distmult,filtered,0.3,0.9,21,29,0.001191833351,query_micro
coverage_gain,rolling_vs_static_baseline,icews14_distmult_filtered,rolling_margin-minus-kgcp_negscore_static,icews14,temporal_distmult,filtered,0.3,0.9,21,43,-0.003445952948,query_micro
coverage_gain,rolling_vs_static_baseline,icews14_distmult_filtered,rolling_margin-minus-kgcp_negscore_static,icews14,temporal_distmult,filtered,0.3,0.9,21,59,0.003860503679,query_micro
coverage_gain,rolling_vs_static_baseline,icews14_distmult_filtered,rolling_margin-minus-kgcp_negscore_static,icews14,temporal_distmult,filtered,0.3,0.9,21,71,0.006088713856,query_micro
undercoverage_reduction,rolling_vs_static_baseline,icews14_distmult_filtered,rolling_margin-minus-kgcp_negscore_static,icews14,temporal_distmult,filtered,0.3,0.9,3,17,-0.001715768785,timestamp_macro
undercoverage_reduction,rolling_vs_static_baseline,icews14_distmult_filtered,rolling_margin-minus-kgcp_negscore_static,icews14,temporal_distmult,filtered,0.3,0.9,3,29,0.003205534002,timestamp_macro
undercoverage_reduction,rolling_vs_static_baseline,icews14_distmult_filtered,rolling_margin-minus-kgcp_negscore_static,icews14,temporal_distmult,filtered,0.3,0.9,3,43,-0.0003051807445,timestamp_macro
undercoverage_reduction,rolling_vs_static_baseline,icews14_distmult_filtered,rolling_margin-minus-kgcp_negscore_static,icews14,temporal_distmult,filtered,0.3,0.9,3,59,0.003978695201,timestamp_macro
undercoverage_reduction,rolling_vs_static_baseline,icews14_distmult_filtered,rolling_margin-minus-kgcp_negscore_static,icews14,temporal_distmult,filtered,0.3,0.9,3,71,0.006501069429,timestamp_macro
undercoverage_reduction,rolling_vs_static_baseline,icews14_distmult_filtered,rolling_margin-minus-kgcp_negscore_static,icews14,temporal_distmult,filtered,0.3,0.9,7,17,-0.001715768785,timestamp_macro
undercoverage_reduction,rolling_vs_static_baseline,icews14_distmult_filtered,rolling_margin-minus-kgcp_negscore_static,icews14,temporal_distmult,filtered,0.3,0.9,7,29,0.003205534002,timestamp_macro
undercoverage_reduction,rolling_vs_static_baseline,icews14_distmult_filtered,rolling_margin-minus-kgcp_negscore_static,icews14,temporal_distmult,filtered,0.3,0.9,7,43,-0.0003051807445,timestamp_macro
undercoverage_reduction,rolling_vs_static_baseline,icews14_distmult_filtered,rolling_margin-minus-kgcp_negscore_static,icews14,temporal_distmult,filtered,0.3,0.9,7,59,0.003978695201,timestamp_macro
undercoverage_reduction,rolling_vs_static_baseline,icews14_distmult_filtered,rolling_margin-minus-kgcp_negscore_static,icews14,temporal_distmult,filtered,0.3,0.9,7,71,0.006501069429,timestamp_macro
undercoverage_reduction,rolling_vs_static_baseline,icews14_distmult_filtered,rolling_margin-minus-kgcp_negscore_static,icews14,temporal_distmult,filtered,0.3,0.9,14,17,-0.001715768785,timestamp_macro
undercoverage_reduction,rolling_vs_static_baseline,icews14_distmult_filtered,rolling_margin-minus-kgcp_negscore_static,icews14,temporal_distmult,filtered,0.3,0.9,14,29,0.003205534002,timestamp_macro
undercoverage_reduction,rolling_vs_static_baseline,icews14_distmult_filtered,rolling_margin-minus-kgcp_negscore_static,icews14,temporal_distmult,filtered,0.3,0.9,14,43,-0.0003051807445,timestamp_macro
undercoverage_reduction,rolling_vs_static_baseline,icews14_distmult_filtered,rolling_margin-minus-kgcp_negscore_static,icews14,temporal_distmult,filtered,0.3,0.9,14,59,0.003978695201,timestamp_macro
undercoverage_reduction,rolling_vs_static_baseline,icews14_distmult_filtered,rolling_margin-minus-kgcp_negscore_static,icews14,temporal_distmult,filtered,0.3,0.9,14,71,0.006501069429,timestamp_macro
undercoverage_reduction,rolling_vs_static_baseline,icews14_distmult_filtered,rolling_margin-minus-kgcp_negscore_static,icews14,temporal_distmult,filtered,0.3,0.9,21,17,-0.001715768785,timestamp_macro
undercoverage_reduction,rolling_vs_static_baseline,icews14_distmult_filtered,rolling_margin-minus-kgcp_negscore_static,icews14,temporal_distmult,filtered,0.3,0.9,21,29,0.003205534002,timestamp_macro
undercoverage_reduction,rolling_vs_static_baseline,icews14_distmult_filtered,rolling_margin-minus-kgcp_negscore_static,icews14,temporal_distmult,filtered,0.3,0.9,21,43,-0.0003051807445,timestamp_macro
undercoverage_reduction,rolling_vs_static_baseline,icews14_distmult_filtered,rolling_margin-minus-kgcp_negscore_static,icews14,temporal_distmult,filtered,0.3,0.9,21,59,0.003978695201,timestamp_macro
undercoverage_reduction,rolling_vs_static_baseline,icews14_distmult_filtered,rolling_margin-minus-kgcp_negscore_static,icews14,temporal_distmult,filtered,0.3,0.9,21,71,0.006501069429,timestamp_macro
coverage_gain,rolling_vs_static_baseline,icews14_distmult_filtered,rolling_margin-minus-kgcp_softmax_static,icews14,temporal_distmult,filtered,0.3,0.9,3,17,0.07425639963,query_micro
coverage_gain,rolling_vs_static_baseline,icews14_distmult_filtered,rolling_margin-minus-kgcp_softmax_static,icews14,temporal_distmult,filtered,0.3,0.9,3,29,0.08734065706,query_micro
coverage_gain,rolling_vs_static_baseline,icews14_distmult_filtered,rolling_margin-minus-kgcp_softmax_static,icews14,temporal_distmult,filtered,0.3,0.9,3,43,0.07381593948,query_micro
coverage_gain,rolling_vs_static_baseline,icews14_distmult_filtered,rolling_margin-minus-kgcp_softmax_static,icews14,temporal_distmult,filtered,0.3,0.9,3,59,0.07775417142,query_micro
coverage_gain,rolling_vs_static_baseline,icews14_distmult_filtered,rolling_margin-minus-kgcp_softmax_static,icews14,temporal_distmult,filtered,0.3,0.9,3,71,0.08148512799,query_micro
coverage_gain,rolling_vs_static_baseline,icews14_distmult_filtered,rolling_margin-minus-kgcp_softmax_static,icews14,temporal_distmult,filtered,0.3,0.9,7,17,0.07425639963,query_micro
coverage_gain,rolling_vs_static_baseline,icews14_distmult_filtered,rolling_margin-minus-kgcp_softmax_static,icews14,temporal_distmult,filtered,0.3,0.9,7,29,0.08734065706,query_micro
coverage_gain,rolling_vs_static_baseline,icews14_distmult_filtered,rolling_margin-minus-kgcp_softmax_static,icews14,temporal_distmult,filtered,0.3,0.9,7,43,0.07381593948,query_micro
coverage_gain,rolling_vs_static_baseline,icews14_distmult_filtered,rolling_margin-minus-kgcp_softmax_static,icews14,temporal_distmult,filtered,0.3,0.9,7,59,0.07775417142,query_micro
coverage_gain,rolling_vs_static_baseline,icews14_distmult_filtered,rolling_margin-minus-kgcp_softmax_static,icews14,temporal_distmult,filtered,0.3,0.9,7,71,0.08148512799,query_micro
coverage_gain,rolling_vs_static_baseline,icews14_distmult_filtered,rolling_margin-minus-kgcp_softmax_static,icews14,temporal_distmult,filtered,0.3,0.9,14,17,0.07425639963,query_micro
coverage_gain,rolling_vs_static_baseline,icews14_distmult_filtered,rolling_margin-minus-kgcp_softmax_static,icews14,temporal_distmult,filtered,0.3,0.9,14,29,0.08734065706,query_micro
coverage_gain,rolling_vs_static_baseline,icews14_distmult_filtered,rolling_margin-minus-kgcp_softmax_static,icews14,temporal_distmult,filtered,0.3,0.9,14,43,0.07381593948,query_micro
coverage_gain,rolling_vs_static_baseline,icews14_distmult_filtered,rolling_margin-minus-kgcp_softmax_static,icews14,temporal_distmult,filtered,0.3,0.9,14,59,0.07775417142,query_micro
coverage_gain,rolling_vs_static_baseline,icews14_distmult_filtered,rolling_margin-minus-kgcp_softmax_static,icews14,temporal_distmult,filtered,0.3,0.9,14,71,0.08148512799,query_micro
coverage_gain,rolling_vs_static_baseline,icews14_distmult_filtered,rolling_margin-minus-kgcp_softmax_static,icews14,temporal_distmult,filtered,0.3,0.9,21,17,0.07425639963,query_micro
coverage_gain,rolling_vs_static_baseline,icews14_distmult_filtered,rolling_margin-minus-kgcp_softmax_static,icews14,temporal_distmult,filtered,0.3,0.9,21,29,0.08734065706,query_micro
coverage_gain,rolling_vs_static_baseline,icews14_distmult_filtered,rolling_margin-minus-kgcp_softmax_static,icews14,temporal_distmult,filtered,0.3,0.9,21,43,0.07381593948,query_micro
coverage_gain,rolling_vs_static_baseline,icews14_distmult_filtered,rolling_margin-minus-kgcp_softmax_static,icews14,temporal_distmult,filtered,0.3,0.9,21,59,0.07775417142,query_micro
coverage_gain,rolling_vs_static_baseline,icews14_distmult_filtered,rolling_margin-minus-kgcp_softmax_static,icews14,temporal_distmult,filtered,0.3,0.9,21,71,0.08148512799,query_micro
undercoverage_reduction,rolling_vs_static_baseline,icews14_distmult_filtered,rolling_margin-minus-kgcp_softmax_static,icews14,temporal_distmult,filtered,0.3,0.9,3,17,0.06859254029,timestamp_macro
undercoverage_reduction,rolling_vs_static_baseline,icews14_distmult_filtered,rolling_margin-minus-kgcp_softmax_static,icews14,temporal_distmult,filtered,0.3,0.9,3,29,0.08385441199,timestamp_macro
undercoverage_reduction,rolling_vs_static_baseline,icews14_distmult_filtered,rolling_margin-minus-kgcp_softmax_static,icews14,temporal_distmult,filtered,0.3,0.9,3,43,0.06970463386,timestamp_macro
undercoverage_reduction,rolling_vs_static_baseline,icews14_distmult_filtered,rolling_margin-minus-kgcp_softmax_static,icews14,temporal_distmult,filtered,0.3,0.9,3,59,0.07561300661,timestamp_macro
undercoverage_reduction,rolling_vs_static_baseline,icews14_distmult_filtered,rolling_margin-minus-kgcp_softmax_static,icews14,temporal_distmult,filtered,0.3,0.9,3,71,0.07721333261,timestamp_macro
undercoverage_reduction,rolling_vs_static_baseline,icews14_distmult_filtered,rolling_margin-minus-kgcp_softmax_static,icews14,temporal_distmult,filtered,0.3,0.9,7,17,0.06859254029,timestamp_macro
undercoverage_reduction,rolling_vs_static_baseline,icews14_distmult_filtered,rolling_margin-minus-kgcp_softmax_static,icews14,temporal_distmult,filtered,0.3,0.9,7,29,0.08385441199,timestamp_macro
undercoverage_reduction,rolling_vs_static_baseline,icews14_distmult_filtered,rolling_margin-minus-kgcp_softmax_static,icews14,temporal_distmult,filtered,0.3,0.9,7,43,0.06970463386,timestamp_macro
undercoverage_reduction,rolling_vs_static_baseline,icews14_distmult_filtered,rolling_margin-minus-kgcp_softmax_static,icews14,temporal_distmult,filtered,0.3,0.9,7,59,0.07561300661,timestamp_macro
undercoverage_reduction,rolling_vs_static_baseline,icews14_distmult_filtered,rolling_margin-minus-kgcp_softmax_static,icews14,temporal_distmult,filtered,0.3,0.9,7,71,0.07721333261,timestamp_macro
undercoverage_reduction,rolling_vs_static_baseline,icews14_distmult_filtered,rolling_margin-minus-kgcp_softmax_static,icews14,temporal_distmult,filtered,0.3,0.9,14,17,0.06859254029,timestamp_macro
undercoverage_reduction,rolling_vs_static_baseline,icews14_distmult_filtered,rolling_margin-minus-kgcp_softmax_static,icews14,temporal_distmult,filtered,0.3,0.9,14,29,0.08385441199,timestamp_macro
undercoverage_reduction,rolling_vs_static_baseline,icews14_distmult_filtered,rolling_margin-minus-kgcp_softmax_static,icews14,temporal_distmult,filtered,0.3,0.9,14,43,0.06970463386,timestamp_macro
undercoverage_reduction,rolling_vs_static_baseline,icews14_distmult_filtered,rolling_margin-minus-kgcp_softmax_static,icews14,temporal_distmult,filtered,0.3,0.9,14,59,0.07561300661,timestamp_macro
undercoverage_reduction,rolling_vs_static_baseline,icews14_distmult_filtered,rolling_margin-minus-kgcp_softmax_static,icews14,temporal_distmult,filtered,0.3,0.9,14,71,0.07721333261,timestamp_macro
undercoverage_reduction,rolling_vs_static_baseline,icews14_distmult_filtered,rolling_margin-minus-kgcp_softmax_static,icews14,temporal_distmult,filtered,0.3,0.9,21,17,0.06859254029,timestamp_macro
undercoverage_reduction,rolling_vs_static_baseline,icews14_distmult_filtered,rolling_margin-minus-kgcp_softmax_static,icews14,temporal_distmult,filtered,0.3,0.9,21,29,0.08385441199,timestamp_macro
undercoverage_reduction,rolling_vs_static_baseline,icews14_distmult_filtered,rolling_margin-minus-kgcp_softmax_static,icews14,temporal_distmult,filtered,0.3,0.9,21,43,0.06970463386,timestamp_macro
undercoverage_reduction,rolling_vs_static_baseline,icews14_distmult_filtered,rolling_margin-minus-kgcp_softmax_static,icews14,temporal_distmult,filtered,0.3,0.9,21,59,0.07561300661,timestamp_macro
undercoverage_reduction,rolling_vs_static_baseline,icews14_distmult_filtered,rolling_margin-minus-kgcp_softmax_static,icews14,temporal_distmult,filtered,0.3,0.9,21,71,0.07721333261,timestamp_macro
coverage_gain,rolling_vs_static_baseline,icews14_distmult_filtered,rolling_margin-minus-static_margin,icews14,temporal_distmult,filtered,0.3,0.9,3,17,0.0745932221,query_micro
coverage_gain,rolling_vs_static_baseline,icews14_distmult_filtered,rolling_margin-minus-static_margin,icews14,temporal_distmult,filtered,0.3,0.9,3,29,0.0905275158,query_micro
coverage_gain,rolling_vs_static_baseline,icews14_distmult_filtered,rolling_margin-minus-static_margin,icews14,temporal_distmult,filtered,0.3,0.9,3,43,0.07503368225,query_micro
coverage_gain,rolling_vs_static_baseline,icews14_distmult_filtered,rolling_margin-minus-static_margin,icews14,temporal_distmult,filtered,0.3,0.9,3,59,0.07824645041,query_micro
coverage_gain,rolling_vs_static_baseline,icews14_distmult_filtered,rolling_margin-minus-static_margin,icews14,temporal_distmult,filtered,0.3,0.9,3,71,0.08063011711,query_micro
coverage_gain,rolling_vs_static_baseline,icews14_distmult_filtered,rolling_margin-minus-static_margin,icews14,temporal_distmult,filtered,0.3,0.9,7,17,0.0745932221,query_micro
coverage_gain,rolling_vs_static_baseline,icews14_distmult_filtered,rolling_margin-minus-static_margin,icews14,temporal_distmult,filtered,0.3,0.9,7,29,0.0905275158,query_micro
coverage_gain,rolling_vs_static_baseline,icews14_distmult_filtered,rolling_margin-minus-static_margin,icews14,temporal_distmult,filtered,0.3,0.9,7,43,0.07503368225,query_micro
coverage_gain,rolling_vs_static_baseline,icews14_distmult_filtered,rolling_margin-minus-static_margin,icews14,temporal_distmult,filtered,0.3,0.9,7,59,0.07824645041,query_micro
coverage_gain,rolling_vs_static_baseline,icews14_distmult_filtered,rolling_margin-minus-static_margin,icews14,temporal_distmult,filtered,0.3,0.9,7,71,0.08063011711,query_micro
coverage_gain,rolling_vs_static_baseline,icews14_distmult_filtered,rolling_margin-minus-static_margin,icews14,temporal_distmult,filtered,0.3,0.9,14,17,0.0745932221,query_micro
coverage_gain,rolling_vs_static_baseline,icews14_distmult_filtered,rolling_margin-minus-static_margin,icews14,temporal_distmult,filtered,0.3,0.9,14,29,0.0905275158,query_micro
coverage_gain,rolling_vs_static_baseline,icews14_distmult_filtered,rolling_margin-minus-static_margin,icews14,temporal_distmult,filtered,0.3,0.9,14,43,0.07503368225,query_micro
coverage_gain,rolling_vs_static_baseline,icews14_distmult_filtered,rolling_margin-minus-static_margin,icews14,temporal_distmult,filtered,0.3,0.9,14,59,0.07824645041,query_micro
coverage_gain,rolling_vs_static_baseline,icews14_distmult_filtered,rolling_margin-minus-static_margin,icews14,temporal_distmult,filtered,0.3,0.9,14,71,0.08063011711,query_micro
coverage_gain,rolling_vs_static_baseline,icews14_distmult_filtered,rolling_margin-minus-static_margin,icews14,temporal_distmult,filtered,0.3,0.9,21,17,0.0745932221,query_micro
coverage_gain,rolling_vs_static_baseline,icews14_distmult_filtered,rolling_margin-minus-static_margin,icews14,temporal_distmult,filtered,0.3,0.9,21,29,0.0905275158,query_micro
coverage_gain,rolling_vs_static_baseline,icews14_distmult_filtered,rolling_margin-minus-static_margin,icews14,temporal_distmult,filtered,0.3,0.9,21,43,0.07503368225,query_micro
coverage_gain,rolling_vs_static_baseline,icews14_distmult_filtered,rolling_margin-minus-static_margin,icews14,temporal_distmult,filtered,0.3,0.9,21,59,0.07824645041,query_micro
coverage_gain,rolling_vs_static_baseline,icews14_distmult_filtered,rolling_margin-minus-static_margin,icews14,temporal_distmult,filtered,0.3,0.9,21,71,0.08063011711,query_micro
undercoverage_reduction,rolling_vs_static_baseline,icews14_distmult_filtered,rolling_margin-minus-static_margin,icews14,temporal_distmult,filtered,0.3,0.9,3,17,0.06893722115,timestamp_macro
undercoverage_reduction,rolling_vs_static_baseline,icews14_distmult_filtered,rolling_margin-minus-static_margin,icews14,temporal_distmult,filtered,0.3,0.9,3,29,0.08749770753,timestamp_macro
undercoverage_reduction,rolling_vs_static_baseline,icews14_distmult_filtered,rolling_margin-minus-static_margin,icews14,temporal_distmult,filtered,0.3,0.9,3,43,0.07095808295,timestamp_macro
undercoverage_reduction,rolling_vs_static_baseline,icews14_distmult_filtered,rolling_margin-minus-static_margin,icews14,temporal_distmult,filtered,0.3,0.9,3,59,0.07631567174,timestamp_macro
undercoverage_reduction,rolling_vs_static_baseline,icews14_distmult_filtered,rolling_margin-minus-static_margin,icews14,temporal_distmult,filtered,0.3,0.9,3,71,0.07626008546,timestamp_macro
undercoverage_reduction,rolling_vs_static_baseline,icews14_distmult_filtered,rolling_margin-minus-static_margin,icews14,temporal_distmult,filtered,0.3,0.9,7,17,0.06893722115,timestamp_macro
undercoverage_reduction,rolling_vs_static_baseline,icews14_distmult_filtered,rolling_margin-minus-static_margin,icews14,temporal_distmult,filtered,0.3,0.9,7,29,0.08749770753,timestamp_macro
undercoverage_reduction,rolling_vs_static_baseline,icews14_distmult_filtered,rolling_margin-minus-static_margin,icews14,temporal_distmult,filtered,0.3,0.9,7,43,0.07095808295,timestamp_macro
undercoverage_reduction,rolling_vs_static_baseline,icews14_distmult_filtered,rolling_margin-minus-static_margin,icews14,temporal_distmult,filtered,0.3,0.9,7,59,0.07631567174,timestamp_macro
undercoverage_reduction,rolling_vs_static_baseline,icews14_distmult_filtered,rolling_margin-minus-static_margin,icews14,temporal_distmult,filtered,0.3,0.9,7,71,0.07626008546,timestamp_macro
undercoverage_reduction,rolling_vs_static_baseline,icews14_distmult_filtered,rolling_margin-minus-static_margin,icews14,temporal_distmult,filtered,0.3,0.9,14,17,0.06893722115,timestamp_macro
undercoverage_reduction,rolling_vs_static_baseline,icews14_distmult_filtered,rolling_margin-minus-static_margin,icews14,temporal_distmult,filtered,0.3,0.9,14,29,0.08749770753,timestamp_macro
undercoverage_reduction,rolling_vs_static_baseline,icews14_distmult_filtered,rolling_margin-minus-static_margin,icews14,temporal_distmult,filtered,0.3,0.9,14,43,0.07095808295,timestamp_macro
undercoverage_reduction,rolling_vs_static_baseline,icews14_distmult_filtered,rolling_margin-minus-static_margin,icews14,temporal_distmult,filtered,0.3,0.9,14,59,0.07631567174,timestamp_macro
undercoverage_reduction,rolling_vs_static_baseline,icews14_distmult_filtered,rolling_margin-minus-static_margin,icews14,temporal_distmult,filtered,0.3,0.9,14,71,0.07626008546,timestamp_macro
undercoverage_reduction,rolling_vs_static_baseline,icews14_distmult_filtered,rolling_margin-minus-static_margin,icews14,temporal_distmult,filtered,0.3,0.9,21,17,0.06893722115,timestamp_macro
undercoverage_reduction,rolling_vs_static_baseline,icews14_distmult_filtered,rolling_margin-minus-static_margin,icews14,temporal_distmult,filtered,0.3,0.9,21,29,0.08749770753,timestamp_macro
undercoverage_reduction,rolling_vs_static_baseline,icews14_distmult_filtered,rolling_margin-minus-static_margin,icews14,temporal_distmult,filtered,0.3,0.9,21,43,0.07095808295,timestamp_macro
undercoverage_reduction,rolling_vs_static_baseline,icews14_distmult_filtered,rolling_margin-minus-static_margin,icews14,temporal_distmult,filtered,0.3,0.9,21,59,0.07631567174,timestamp_macro
undercoverage_reduction,rolling_vs_static_baseline,icews14_distmult_filtered,rolling_margin-minus-static_margin,icews14,temporal_distmult,filtered,0.3,0.9,21,71,0.07626008546,timestamp_macro
coverage_gain,rolling_vs_static_baseline,icews14_tcomplex_filtered,rolling_margin-minus-kgcp_minmax_static,icews14,continuous_tcomplex,filtered,0.3,0.9,3,17,0.001865478288,query_micro
coverage_gain,rolling_vs_static_baseline,icews14_tcomplex_filtered,rolling_margin-minus-kgcp_minmax_static,icews14,continuous_tcomplex,filtered,0.3,0.9,3,29,-0.0004922789926,query_micro
coverage_gain,rolling_vs_static_baseline,icews14_tcomplex_filtered,rolling_margin-minus-kgcp_minmax_static,icews14,continuous_tcomplex,filtered,0.3,0.9,3,43,-0.002357757281,query_micro
coverage_gain,rolling_vs_static_baseline,icews14_tcomplex_filtered,rolling_margin-minus-kgcp_minmax_static,icews14,continuous_tcomplex,filtered,0.3,0.9,3,59,-0.00352368121,query_micro
coverage_gain,rolling_vs_static_baseline,icews14_tcomplex_filtered,rolling_margin-minus-kgcp_minmax_static,icews14,continuous_tcomplex,filtered,0.3,0.9,3,71,-0.000699554358,query_micro
coverage_gain,rolling_vs_static_baseline,icews14_tcomplex_filtered,rolling_margin-minus-kgcp_minmax_static,icews14,continuous_tcomplex,filtered,0.3,0.9,7,17,0.001865478288,query_micro
coverage_gain,rolling_vs_static_baseline,icews14_tcomplex_filtered,rolling_margin-minus-kgcp_minmax_static,icews14,continuous_tcomplex,filtered,0.3,0.9,7,29,-0.0004922789926,query_micro
coverage_gain,rolling_vs_static_baseline,icews14_tcomplex_filtered,rolling_margin-minus-kgcp_minmax_static,icews14,continuous_tcomplex,filtered,0.3,0.9,7,43,-0.002357757281,query_micro
coverage_gain,rolling_vs_static_baseline,icews14_tcomplex_filtered,rolling_margin-minus-kgcp_minmax_static,icews14,continuous_tcomplex,filtered,0.3,0.9,7,59,-0.00352368121,query_micro
coverage_gain,rolling_vs_static_baseline,icews14_tcomplex_filtered,rolling_margin-minus-kgcp_minmax_static,icews14,continuous_tcomplex,filtered,0.3,0.9,7,71,-0.000699554358,query_micro
coverage_gain,rolling_vs_static_baseline,icews14_tcomplex_filtered,rolling_margin-minus-kgcp_minmax_static,icews14,continuous_tcomplex,filtered,0.3,0.9,14,17,0.001865478288,query_micro
coverage_gain,rolling_vs_static_baseline,icews14_tcomplex_filtered,rolling_margin-minus-kgcp_minmax_static,icews14,continuous_tcomplex,filtered,0.3,0.9,14,29,-0.0004922789926,query_micro
coverage_gain,rolling_vs_static_baseline,icews14_tcomplex_filtered,rolling_margin-minus-kgcp_minmax_static,icews14,continuous_tcomplex,filtered,0.3,0.9,14,43,-0.002357757281,query_micro
coverage_gain,rolling_vs_static_baseline,icews14_tcomplex_filtered,rolling_margin-minus-kgcp_minmax_static,icews14,continuous_tcomplex,filtered,0.3,0.9,14,59,-0.00352368121,query_micro
coverage_gain,rolling_vs_static_baseline,icews14_tcomplex_filtered,rolling_margin-minus-kgcp_minmax_static,icews14,continuous_tcomplex,filtered,0.3,0.9,14,71,-0.000699554358,query_micro
coverage_gain,rolling_vs_static_baseline,icews14_tcomplex_filtered,rolling_margin-minus-kgcp_minmax_static,icews14,continuous_tcomplex,filtered,0.3,0.9,21,17,0.001865478288,query_micro
coverage_gain,rolling_vs_static_baseline,icews14_tcomplex_filtered,rolling_margin-minus-kgcp_minmax_static,icews14,continuous_tcomplex,filtered,0.3,0.9,21,29,-0.0004922789926,query_micro
coverage_gain,rolling_vs_static_baseline,icews14_tcomplex_filtered,rolling_margin-minus-kgcp_minmax_static,icews14,continuous_tcomplex,filtered,0.3,0.9,21,43,-0.002357757281,query_micro
coverage_gain,rolling_vs_static_baseline,icews14_tcomplex_filtered,rolling_margin-minus-kgcp_minmax_static,icews14,continuous_tcomplex,filtered,0.3,0.9,21,59,-0.00352368121,query_micro
coverage_gain,rolling_vs_static_baseline,icews14_tcomplex_filtered,rolling_margin-minus-kgcp_minmax_static,icews14,continuous_tcomplex,filtered,0.3,0.9,21,71,-0.000699554358,query_micro
undercoverage_reduction,rolling_vs_static_baseline,icews14_tcomplex_filtered,rolling_margin-minus-kgcp_minmax_static,icews14,continuous_tcomplex,filtered,0.3,0.9,3,17,0.001852340253,timestamp_macro
undercoverage_reduction,rolling_vs_static_baseline,icews14_tcomplex_filtered,rolling_margin-minus-kgcp_minmax_static,icews14,continuous_tcomplex,filtered,0.3,0.9,3,29,-0.001140231499,timestamp_macro
undercoverage_reduction,rolling_vs_static_baseline,icews14_tcomplex_filtered,rolling_margin-minus-kgcp_minmax_static,icews14,continuous_tcomplex,filtered,0.3,0.9,3,43,0.0001056601024,timestamp_macro
undercoverage_reduction,rolling_vs_static_baseline,icews14_tcomplex_filtered,rolling_margin-minus-kgcp_minmax_static,icews14,continuous_tcomplex,filtered,0.3,0.9,3,59,-0.0005809799144,timestamp_macro
undercoverage_reduction,rolling_vs_static_baseline,icews14_tcomplex_filtered,rolling_margin-minus-kgcp_minmax_static,icews14,continuous_tcomplex,filtered,0.3,0.9,3,71,0.002147028927,timestamp_macro
undercoverage_reduction,rolling_vs_static_baseline,icews14_tcomplex_filtered,rolling_margin-minus-kgcp_minmax_static,icews14,continuous_tcomplex,filtered,0.3,0.9,7,17,0.001852340253,timestamp_macro
undercoverage_reduction,rolling_vs_static_baseline,icews14_tcomplex_filtered,rolling_margin-minus-kgcp_minmax_static,icews14,continuous_tcomplex,filtered,0.3,0.9,7,29,-0.001140231499,timestamp_macro
undercoverage_reduction,rolling_vs_static_baseline,icews14_tcomplex_filtered,rolling_margin-minus-kgcp_minmax_static,icews14,continuous_tcomplex,filtered,0.3,0.9,7,43,0.0001056601024,timestamp_macro
undercoverage_reduction,rolling_vs_static_baseline,icews14_tcomplex_filtered,rolling_margin-minus-kgcp_minmax_static,icews14,continuous_tcomplex,filtered,0.3,0.9,7,59,-0.0005809799144,timestamp_macro
undercoverage_reduction,rolling_vs_static_baseline,icews14_tcomplex_filtered,rolling_margin-minus-kgcp_minmax_static,icews14,continuous_tcomplex,filtered,0.3,0.9,7,71,0.002147028927,timestamp_macro
undercoverage_reduction,rolling_vs_static_baseline,icews14_tcomplex_filtered,rolling_margin-minus-kgcp_minmax_static,icews14,continuous_tcomplex,filtered,0.3,0.9,14,17,0.001852340253,timestamp_macro
undercoverage_reduction,rolling_vs_static_baseline,icews14_tcomplex_filtered,rolling_margin-minus-kgcp_minmax_static,icews14,continuous_tcomplex,filtered,0.3,0.9,14,29,-0.001140231499,timestamp_macro
undercoverage_reduction,rolling_vs_static_baseline,icews14_tcomplex_filtered,rolling_margin-minus-kgcp_minmax_static,icews14,continuous_tcomplex,filtered,0.3,0.9,14,43,0.0001056601024,timestamp_macro
undercoverage_reduction,rolling_vs_static_baseline,icews14_tcomplex_filtered,rolling_margin-minus-kgcp_minmax_static,icews14,continuous_tcomplex,filtered,0.3,0.9,14,59,-0.0005809799144,timestamp_macro
undercoverage_reduction,rolling_vs_static_baseline,icews14_tcomplex_filtered,rolling_margin-minus-kgcp_minmax_static,icews14,continuous_tcomplex,filtered,0.3,0.9,14,71,0.002147028927,timestamp_macro
undercoverage_reduction,rolling_vs_static_baseline,icews14_tcomplex_filtered,rolling_margin-minus-kgcp_minmax_static,icews14,continuous_tcomplex,filtered,0.3,0.9,21,17,0.001852340253,timestamp_macro
undercoverage_reduction,rolling_vs_static_baseline,icews14_tcomplex_filtered,rolling_margin-minus-kgcp_minmax_static,icews14,continuous_tcomplex,filtered,0.3,0.9,21,29,-0.001140231499,timestamp_macro
undercoverage_reduction,rolling_vs_static_baseline,icews14_tcomplex_filtered,rolling_margin-minus-kgcp_minmax_static,icews14,continuous_tcomplex,filtered,0.3,0.9,21,43,0.0001056601024,timestamp_macro
undercoverage_reduction,rolling_vs_static_baseline,icews14_tcomplex_filtered,rolling_margin-minus-kgcp_minmax_static,icews14,continuous_tcomplex,filtered,0.3,0.9,21,59,-0.0005809799144,timestamp_macro
undercoverage_reduction,rolling_vs_static_baseline,icews14_tcomplex_filtered,rolling_margin-minus-kgcp_minmax_static,icews14,continuous_tcomplex,filtered,0.3,0.9,21,71,0.002147028927,timestamp_macro
coverage_gain,rolling_vs_static_baseline,icews14_tcomplex_filtered,rolling_margin-minus-kgcp_negscore_static,icews14,continuous_tcomplex,filtered,0.3,0.9,3,17,0.004482329775,query_micro
coverage_gain,rolling_vs_static_baseline,icews14_tcomplex_filtered,rolling_margin-minus-kgcp_negscore_static,icews14,continuous_tcomplex,filtered,0.3,0.9,3,29,0.003575500052,query_micro
coverage_gain,rolling_vs_static_baseline,icews14_tcomplex_filtered,rolling_margin-minus-kgcp_negscore_static,icews14,continuous_tcomplex,filtered,0.3,0.9,3,43,0.002953673956,query_micro
coverage_gain,rolling_vs_static_baseline,icews14_tcomplex_filtered,rolling_margin-minus-kgcp_negscore_static,icews14,continuous_tcomplex,filtered,0.3,0.9,3,59,0.002668670329,query_micro
coverage_gain,rolling_vs_static_baseline,icews14_tcomplex_filtered,rolling_margin-minus-kgcp_negscore_static,icews14,continuous_tcomplex,filtered,0.3,0.9,3,71,0.003627318893,query_micro
coverage_gain,rolling_vs_static_baseline,icews14_tcomplex_filtered,rolling_margin-minus-kgcp_negscore_static,icews14,continuous_tcomplex,filtered,0.3,0.9,7,17,0.004482329775,query_micro
coverage_gain,rolling_vs_static_baseline,icews14_tcomplex_filtered,rolling_margin-minus-kgcp_negscore_static,icews14,continuous_tcomplex,filtered,0.3,0.9,7,29,0.003575500052,query_micro
coverage_gain,rolling_vs_static_baseline,icews14_tcomplex_filtered,rolling_margin-minus-kgcp_negscore_static,icews14,continuous_tcomplex,filtered,0.3,0.9,7,43,0.002953673956,query_micro
coverage_gain,rolling_vs_static_baseline,icews14_tcomplex_filtered,rolling_margin-minus-kgcp_negscore_static,icews14,continuous_tcomplex,filtered,0.3,0.9,7,59,0.002668670329,query_micro
coverage_gain,rolling_vs_static_baseline,icews14_tcomplex_filtered,rolling_margin-minus-kgcp_negscore_static,icews14,continuous_tcomplex,filtered,0.3,0.9,7,71,0.003627318893,query_micro
coverage_gain,rolling_vs_static_baseline,icews14_tcomplex_filtered,rolling_margin-minus-kgcp_negscore_static,icews14,continuous_tcomplex,filtered,0.3,0.9,14,17,0.004482329775,query_micro
coverage_gain,rolling_vs_static_baseline,icews14_tcomplex_filtered,rolling_margin-minus-kgcp_negscore_static,icews14,continuous_tcomplex,filtered,0.3,0.9,14,29,0.003575500052,query_micro
coverage_gain,rolling_vs_static_baseline,icews14_tcomplex_filtered,rolling_margin-minus-kgcp_negscore_static,icews14,continuous_tcomplex,filtered,0.3,0.9,14,43,0.002953673956,query_micro
coverage_gain,rolling_vs_static_baseline,icews14_tcomplex_filtered,rolling_margin-minus-kgcp_negscore_static,icews14,continuous_tcomplex,filtered,0.3,0.9,14,59,0.002668670329,query_micro
coverage_gain,rolling_vs_static_baseline,icews14_tcomplex_filtered,rolling_margin-minus-kgcp_negscore_static,icews14,continuous_tcomplex,filtered,0.3,0.9,14,71,0.003627318893,query_micro
coverage_gain,rolling_vs_static_baseline,icews14_tcomplex_filtered,rolling_margin-minus-kgcp_negscore_static,icews14,continuous_tcomplex,filtered,0.3,0.9,21,17,0.004482329775,query_micro
coverage_gain,rolling_vs_static_baseline,icews14_tcomplex_filtered,rolling_margin-minus-kgcp_negscore_static,icews14,continuous_tcomplex,filtered,0.3,0.9,21,29,0.003575500052,query_micro
coverage_gain,rolling_vs_static_baseline,icews14_tcomplex_filtered,rolling_margin-minus-kgcp_negscore_static,icews14,continuous_tcomplex,filtered,0.3,0.9,21,43,0.002953673956,query_micro
coverage_gain,rolling_vs_static_baseline,icews14_tcomplex_filtered,rolling_margin-minus-kgcp_negscore_static,icews14,continuous_tcomplex,filtered,0.3,0.9,21,59,0.002668670329,query_micro
coverage_gain,rolling_vs_static_baseline,icews14_tcomplex_filtered,rolling_margin-minus-kgcp_negscore_static,icews14,continuous_tcomplex,filtered,0.3,0.9,21,71,0.003627318893,query_micro
undercoverage_reduction,rolling_vs_static_baseline,icews14_tcomplex_filtered,rolling_margin-minus-kgcp_negscore_static,icews14,continuous_tcomplex,filtered,0.3,0.9,3,17,0.00483114264,timestamp_macro
undercoverage_reduction,rolling_vs_static_baseline,icews14_tcomplex_filtered,rolling_margin-minus-kgcp_negscore_static,icews14,continuous_tcomplex,filtered,0.3,0.9,3,29,0.002533754608,timestamp_macro
undercoverage_reduction,rolling_vs_static_baseline,icews14_tcomplex_filtered,rolling_margin-minus-kgcp_negscore_static,icews14,continuous_tcomplex,filtered,0.3,0.9,3,43,0.003612755744,timestamp_macro
undercoverage_reduction,rolling_vs_static_baseline,icews14_tcomplex_filtered,rolling_margin-minus-kgcp_negscore_static,icews14,continuous_tcomplex,filtered,0.3,0.9,3,59,0.004211201816,timestamp_macro
undercoverage_reduction,rolling_vs_static_baseline,icews14_tcomplex_filtered,rolling_margin-minus-kgcp_negscore_static,icews14,continuous_tcomplex,filtered,0.3,0.9,3,71,0.005143238008,timestamp_macro
undercoverage_reduction,rolling_vs_static_baseline,icews14_tcomplex_filtered,rolling_margin-minus-kgcp_negscore_static,icews14,continuous_tcomplex,filtered,0.3,0.9,7,17,0.00483114264,timestamp_macro
undercoverage_reduction,rolling_vs_static_baseline,icews14_tcomplex_filtered,rolling_margin-minus-kgcp_negscore_static,icews14,continuous_tcomplex,filtered,0.3,0.9,7,29,0.002533754608,timestamp_macro
undercoverage_reduction,rolling_vs_static_baseline,icews14_tcomplex_filtered,rolling_margin-minus-kgcp_negscore_static,icews14,continuous_tcomplex,filtered,0.3,0.9,7,43,0.003612755744,timestamp_macro
undercoverage_reduction,rolling_vs_static_baseline,icews14_tcomplex_filtered,rolling_margin-minus-kgcp_negscore_static,icews14,continuous_tcomplex,filtered,0.3,0.9,7,59,0.004211201816,timestamp_macro
undercoverage_reduction,rolling_vs_static_baseline,icews14_tcomplex_filtered,rolling_margin-minus-kgcp_negscore_static,icews14,continuous_tcomplex,filtered,0.3,0.9,7,71,0.005143238008,timestamp_macro
undercoverage_reduction,rolling_vs_static_baseline,icews14_tcomplex_filtered,rolling_margin-minus-kgcp_negscore_static,icews14,continuous_tcomplex,filtered,0.3,0.9,14,17,0.00483114264,timestamp_macro
undercoverage_reduction,rolling_vs_static_baseline,icews14_tcomplex_filtered,rolling_margin-minus-kgcp_negscore_static,icews14,continuous_tcomplex,filtered,0.3,0.9,14,29,0.002533754608,timestamp_macro
undercoverage_reduction,rolling_vs_static_baseline,icews14_tcomplex_filtered,rolling_margin-minus-kgcp_negscore_static,icews14,continuous_tcomplex,filtered,0.3,0.9,14,43,0.003612755744,timestamp_macro
undercoverage_reduction,rolling_vs_static_baseline,icews14_tcomplex_filtered,rolling_margin-minus-kgcp_negscore_static,icews14,continuous_tcomplex,filtered,0.3,0.9,14,59,0.004211201816,timestamp_macro
undercoverage_reduction,rolling_vs_static_baseline,icews14_tcomplex_filtered,rolling_margin-minus-kgcp_negscore_static,icews14,continuous_tcomplex,filtered,0.3,0.9,14,71,0.005143238008,timestamp_macro
undercoverage_reduction,rolling_vs_static_baseline,icews14_tcomplex_filtered,rolling_margin-minus-kgcp_negscore_static,icews14,continuous_tcomplex,filtered,0.3,0.9,21,17,0.00483114264,timestamp_macro
undercoverage_reduction,rolling_vs_static_baseline,icews14_tcomplex_filtered,rolling_margin-minus-kgcp_negscore_static,icews14,continuous_tcomplex,filtered,0.3,0.9,21,29,0.002533754608,timestamp_macro
undercoverage_reduction,rolling_vs_static_baseline,icews14_tcomplex_filtered,rolling_margin-minus-kgcp_negscore_static,icews14,continuous_tcomplex,filtered,0.3,0.9,21,43,0.003612755744,timestamp_macro
undercoverage_reduction,rolling_vs_static_baseline,icews14_tcomplex_filtered,rolling_margin-minus-kgcp_negscore_static,icews14,continuous_tcomplex,filtered,0.3,0.9,21,59,0.004211201816,timestamp_macro
undercoverage_reduction,rolling_vs_static_baseline,icews14_tcomplex_filtered,rolling_margin-minus-kgcp_negscore_static,icews14,continuous_tcomplex,filtered,0.3,0.9,21,71,0.005143238008,timestamp_macro
coverage_gain,rolling_vs_static_baseline,icews14_tcomplex_filtered,rolling_margin-minus-kgcp_softmax_static,icews14,continuous_tcomplex,filtered,0.3,0.9,3,17,0.07695097938,query_micro
coverage_gain,rolling_vs_static_baseline,icews14_tcomplex_filtered,rolling_margin-minus-kgcp_softmax_static,icews14,continuous_tcomplex,filtered,0.3,0.9,3,29,0.07917918955,query_micro
coverage_gain,rolling_vs_static_baseline,icews14_tcomplex_filtered,rolling_margin-minus-kgcp_softmax_static,icews14,continuous_tcomplex,filtered,0.3,0.9,3,43,0.07990465333,query_micro
coverage_gain,rolling_vs_static_baseline,icews14_tcomplex_filtered,rolling_margin-minus-kgcp_softmax_static,icews14,continuous_tcomplex,filtered,0.3,0.9,3,59,0.07363457353,query_micro
coverage_gain,rolling_vs_static_baseline,icews14_tcomplex_filtered,rolling_margin-minus-kgcp_softmax_static,icews14,continuous_tcomplex,filtered,0.3,0.9,3,71,0.0910197948,query_micro
coverage_gain,rolling_vs_static_baseline,icews14_tcomplex_filtered,rolling_margin-minus-kgcp_softmax_static,icews14,continuous_tcomplex,filtered,0.3,0.9,7,17,0.07695097938,query_micro
coverage_gain,rolling_vs_static_baseline,icews14_tcomplex_filtered,rolling_margin-minus-kgcp_softmax_static,icews14,continuous_tcomplex,filtered,0.3,0.9,7,29,0.07917918955,query_micro
coverage_gain,rolling_vs_static_baseline,icews14_tcomplex_filtered,rolling_margin-minus-kgcp_softmax_static,icews14,continuous_tcomplex,filtered,0.3,0.9,7,43,0.07990465333,query_micro
coverage_gain,rolling_vs_static_baseline,icews14_tcomplex_filtered,rolling_margin-minus-kgcp_softmax_static,icews14,continuous_tcomplex,filtered,0.3,0.9,7,59,0.07363457353,query_micro
coverage_gain,rolling_vs_static_baseline,icews14_tcomplex_filtered,rolling_margin-minus-kgcp_softmax_static,icews14,continuous_tcomplex,filtered,0.3,0.9,7,71,0.0910197948,query_micro
coverage_gain,rolling_vs_static_baseline,icews14_tcomplex_filtered,rolling_margin-minus-kgcp_softmax_static,icews14,continuous_tcomplex,filtered,0.3,0.9,14,17,0.07695097938,query_micro
coverage_gain,rolling_vs_static_baseline,icews14_tcomplex_filtered,rolling_margin-minus-kgcp_softmax_static,icews14,continuous_tcomplex,filtered,0.3,0.9,14,29,0.07917918955,query_micro
coverage_gain,rolling_vs_static_baseline,icews14_tcomplex_filtered,rolling_margin-minus-kgcp_softmax_static,icews14,continuous_tcomplex,filtered,0.3,0.9,14,43,0.07990465333,query_micro
coverage_gain,rolling_vs_static_baseline,icews14_tcomplex_filtered,rolling_margin-minus-kgcp_softmax_static,icews14,continuous_tcomplex,filtered,0.3,0.9,14,59,0.07363457353,query_micro
coverage_gain,rolling_vs_static_baseline,icews14_tcomplex_filtered,rolling_margin-minus-kgcp_softmax_static,icews14,continuous_tcomplex,filtered,0.3,0.9,14,71,0.0910197948,query_micro
coverage_gain,rolling_vs_static_baseline,icews14_tcomplex_filtered,rolling_margin-minus-kgcp_softmax_static,icews14,continuous_tcomplex,filtered,0.3,0.9,21,17,0.07695097938,query_micro
coverage_gain,rolling_vs_static_baseline,icews14_tcomplex_filtered,rolling_margin-minus-kgcp_softmax_static,icews14,continuous_tcomplex,filtered,0.3,0.9,21,29,0.07917918955,query_micro
coverage_gain,rolling_vs_static_baseline,icews14_tcomplex_filtered,rolling_margin-minus-kgcp_softmax_static,icews14,continuous_tcomplex,filtered,0.3,0.9,21,43,0.07990465333,query_micro
coverage_gain,rolling_vs_static_baseline,icews14_tcomplex_filtered,rolling_margin-minus-kgcp_softmax_static,icews14,continuous_tcomplex,filtered,0.3,0.9,21,59,0.07363457353,query_micro
coverage_gain,rolling_vs_static_baseline,icews14_tcomplex_filtered,rolling_margin-minus-kgcp_softmax_static,icews14,continuous_tcomplex,filtered,0.3,0.9,21,71,0.0910197948,query_micro
undercoverage_reduction,rolling_vs_static_baseline,icews14_tcomplex_filtered,rolling_margin-minus-kgcp_softmax_static,icews14,continuous_tcomplex,filtered,0.3,0.9,3,17,0.07347592643,timestamp_macro
undercoverage_reduction,rolling_vs_static_baseline,icews14_tcomplex_filtered,rolling_margin-minus-kgcp_softmax_static,icews14,continuous_tcomplex,filtered,0.3,0.9,3,29,0.07470596053,timestamp_macro
undercoverage_reduction,rolling_vs_static_baseline,icews14_tcomplex_filtered,rolling_margin-minus-kgcp_softmax_static,icews14,continuous_tcomplex,filtered,0.3,0.9,3,43,0.07659159494,timestamp_macro
undercoverage_reduction,rolling_vs_static_baseline,icews14_tcomplex_filtered,rolling_margin-minus-kgcp_softmax_static,icews14,continuous_tcomplex,filtered,0.3,0.9,3,59,0.07240360014,timestamp_macro
undercoverage_reduction,rolling_vs_static_baseline,icews14_tcomplex_filtered,rolling_margin-minus-kgcp_softmax_static,icews14,continuous_tcomplex,filtered,0.3,0.9,3,71,0.08846759274,timestamp_macro
undercoverage_reduction,rolling_vs_static_baseline,icews14_tcomplex_filtered,rolling_margin-minus-kgcp_softmax_static,icews14,continuous_tcomplex,filtered,0.3,0.9,7,17,0.07347592643,timestamp_macro
undercoverage_reduction,rolling_vs_static_baseline,icews14_tcomplex_filtered,rolling_margin-minus-kgcp_softmax_static,icews14,continuous_tcomplex,filtered,0.3,0.9,7,29,0.07470596053,timestamp_macro
undercoverage_reduction,rolling_vs_static_baseline,icews14_tcomplex_filtered,rolling_margin-minus-kgcp_softmax_static,icews14,continuous_tcomplex,filtered,0.3,0.9,7,43,0.07659159494,timestamp_macro
undercoverage_reduction,rolling_vs_static_baseline,icews14_tcomplex_filtered,rolling_margin-minus-kgcp_softmax_static,icews14,continuous_tcomplex,filtered,0.3,0.9,7,59,0.07240360014,timestamp_macro
undercoverage_reduction,rolling_vs_static_baseline,icews14_tcomplex_filtered,rolling_margin-minus-kgcp_softmax_static,icews14,continuous_tcomplex,filtered,0.3,0.9,7,71,0.08846759274,timestamp_macro
undercoverage_reduction,rolling_vs_static_baseline,icews14_tcomplex_filtered,rolling_margin-minus-kgcp_softmax_static,icews14,continuous_tcomplex,filtered,0.3,0.9,14,17,0.07347592643,timestamp_macro
undercoverage_reduction,rolling_vs_static_baseline,icews14_tcomplex_filtered,rolling_margin-minus-kgcp_softmax_static,icews14,continuous_tcomplex,filtered,0.3,0.9,14,29,0.07470596053,timestamp_macro
undercoverage_reduction,rolling_vs_static_baseline,icews14_tcomplex_filtered,rolling_margin-minus-kgcp_softmax_static,icews14,continuous_tcomplex,filtered,0.3,0.9,14,43,0.07659159494,timestamp_macro
undercoverage_reduction,rolling_vs_static_baseline,icews14_tcomplex_filtered,rolling_margin-minus-kgcp_softmax_static,icews14,continuous_tcomplex,filtered,0.3,0.9,14,59,0.07240360014,timestamp_macro
undercoverage_reduction,rolling_vs_static_baseline,icews14_tcomplex_filtered,rolling_margin-minus-kgcp_softmax_static,icews14,continuous_tcomplex,filtered,0.3,0.9,14,71,0.08846759274,timestamp_macro
undercoverage_reduction,rolling_vs_static_baseline,icews14_tcomplex_filtered,rolling_margin-minus-kgcp_softmax_static,icews14,continuous_tcomplex,filtered,0.3,0.9,21,17,0.07347592643,timestamp_macro
undercoverage_reduction,rolling_vs_static_baseline,icews14_tcomplex_filtered,rolling_margin-minus-kgcp_softmax_static,icews14,continuous_tcomplex,filtered,0.3,0.9,21,29,0.07470596053,timestamp_macro
undercoverage_reduction,rolling_vs_static_baseline,icews14_tcomplex_filtered,rolling_margin-minus-kgcp_softmax_static,icews14,continuous_tcomplex,filtered,0.3,0.9,21,43,0.07659159494,timestamp_macro
undercoverage_reduction,rolling_vs_static_baseline,icews14_tcomplex_filtered,rolling_margin-minus-kgcp_softmax_static,icews14,continuous_tcomplex,filtered,0.3,0.9,21,59,0.07240360014,timestamp_macro
undercoverage_reduction,rolling_vs_static_baseline,icews14_tcomplex_filtered,rolling_margin-minus-kgcp_softmax_static,icews14,continuous_tcomplex,filtered,0.3,0.9,21,71,0.08846759274,timestamp_macro
coverage_gain,rolling_vs_static_baseline,icews14_tcomplex_filtered,rolling_margin-minus-static_margin,icews14,continuous_tcomplex,filtered,0.3,0.9,3,17,0.07583687429,query_micro
coverage_gain,rolling_vs_static_baseline,icews14_tcomplex_filtered,rolling_margin-minus-static_margin,icews14,continuous_tcomplex,filtered,0.3,0.9,3,29,0.08073375479,query_micro
coverage_gain,rolling_vs_static_baseline,icews14_tcomplex_filtered,rolling_margin-minus-static_margin,icews14,continuous_tcomplex,filtered,0.3,0.9,3,43,0.08094103016,query_micro
coverage_gain,rolling_vs_static_baseline,icews14_tcomplex_filtered,rolling_margin-minus-static_margin,icews14,continuous_tcomplex,filtered,0.3,0.9,3,59,0.0738418489,query_micro
coverage_gain,rolling_vs_static_baseline,icews14_tcomplex_filtered,rolling_margin-minus-static_margin,icews14,continuous_tcomplex,filtered,0.3,0.9,3,71,0.08980205203,query_micro
coverage_gain,rolling_vs_static_baseline,icews14_tcomplex_filtered,rolling_margin-minus-static_margin,icews14,continuous_tcomplex,filtered,0.3,0.9,7,17,0.07583687429,query_micro
coverage_gain,rolling_vs_static_baseline,icews14_tcomplex_filtered,rolling_margin-minus-static_margin,icews14,continuous_tcomplex,filtered,0.3,0.9,7,29,0.08073375479,query_micro
coverage_gain,rolling_vs_static_baseline,icews14_tcomplex_filtered,rolling_margin-minus-static_margin,icews14,continuous_tcomplex,filtered,0.3,0.9,7,43,0.08094103016,query_micro
coverage_gain,rolling_vs_static_baseline,icews14_tcomplex_filtered,rolling_margin-minus-static_margin,icews14,continuous_tcomplex,filtered,0.3,0.9,7,59,0.0738418489,query_micro
coverage_gain,rolling_vs_static_baseline,icews14_tcomplex_filtered,rolling_margin-minus-static_margin,icews14,continuous_tcomplex,filtered,0.3,0.9,7,71,0.08980205203,query_micro
coverage_gain,rolling_vs_static_baseline,icews14_tcomplex_filtered,rolling_margin-minus-static_margin,icews14,continuous_tcomplex,filtered,0.3,0.9,14,17,0.07583687429,query_micro
coverage_gain,rolling_vs_static_baseline,icews14_tcomplex_filtered,rolling_margin-minus-static_margin,icews14,continuous_tcomplex,filtered,0.3,0.9,14,29,0.08073375479,query_micro
coverage_gain,rolling_vs_static_baseline,icews14_tcomplex_filtered,rolling_margin-minus-static_margin,icews14,continuous_tcomplex,filtered,0.3,0.9,14,43,0.08094103016,query_micro
coverage_gain,rolling_vs_static_baseline,icews14_tcomplex_filtered,rolling_margin-minus-static_margin,icews14,continuous_tcomplex,filtered,0.3,0.9,14,59,0.0738418489,query_micro
coverage_gain,rolling_vs_static_baseline,icews14_tcomplex_filtered,rolling_margin-minus-static_margin,icews14,continuous_tcomplex,filtered,0.3,0.9,14,71,0.08980205203,query_micro
coverage_gain,rolling_vs_static_baseline,icews14_tcomplex_filtered,rolling_margin-minus-static_margin,icews14,continuous_tcomplex,filtered,0.3,0.9,21,17,0.07583687429,query_micro
coverage_gain,rolling_vs_static_baseline,icews14_tcomplex_filtered,rolling_margin-minus-static_margin,icews14,continuous_tcomplex,filtered,0.3,0.9,21,29,0.08073375479,query_micro
coverage_gain,rolling_vs_static_baseline,icews14_tcomplex_filtered,rolling_margin-minus-static_margin,icews14,continuous_tcomplex,filtered,0.3,0.9,21,43,0.08094103016,query_micro
coverage_gain,rolling_vs_static_baseline,icews14_tcomplex_filtered,rolling_margin-minus-static_margin,icews14,continuous_tcomplex,filtered,0.3,0.9,21,59,0.0738418489,query_micro
coverage_gain,rolling_vs_static_baseline,icews14_tcomplex_filtered,rolling_margin-minus-static_margin,icews14,continuous_tcomplex,filtered,0.3,0.9,21,71,0.08980205203,query_micro
undercoverage_reduction,rolling_vs_static_baseline,icews14_tcomplex_filtered,rolling_margin-minus-static_margin,icews14,continuous_tcomplex,filtered,0.3,0.9,3,17,0.0723378552,timestamp_macro
undercoverage_reduction,rolling_vs_static_baseline,icews14_tcomplex_filtered,rolling_margin-minus-static_margin,icews14,continuous_tcomplex,filtered,0.3,0.9,3,29,0.07644937241,timestamp_macro
undercoverage_reduction,rolling_vs_static_baseline,icews14_tcomplex_filtered,rolling_margin-minus-static_margin,icews14,continuous_tcomplex,filtered,0.3,0.9,3,43,0.07785897748,timestamp_macro
undercoverage_reduction,rolling_vs_static_baseline,icews14_tcomplex_filtered,rolling_margin-minus-static_margin,icews14,continuous_tcomplex,filtered,0.3,0.9,3,59,0.07257791136,timestamp_macro
undercoverage_reduction,rolling_vs_static_baseline,icews14_tcomplex_filtered,rolling_margin-minus-static_margin,icews14,continuous_tcomplex,filtered,0.3,0.9,3,71,0.0874594947,timestamp_macro
undercoverage_reduction,rolling_vs_static_baseline,icews14_tcomplex_filtered,rolling_margin-minus-static_margin,icews14,continuous_tcomplex,filtered,0.3,0.9,7,17,0.0723378552,timestamp_macro
undercoverage_reduction,rolling_vs_static_baseline,icews14_tcomplex_filtered,rolling_margin-minus-static_margin,icews14,continuous_tcomplex,filtered,0.3,0.9,7,29,0.07644937241,timestamp_macro
undercoverage_reduction,rolling_vs_static_baseline,icews14_tcomplex_filtered,rolling_margin-minus-static_margin,icews14,continuous_tcomplex,filtered,0.3,0.9,7,43,0.07785897748,timestamp_macro
undercoverage_reduction,rolling_vs_static_baseline,icews14_tcomplex_filtered,rolling_margin-minus-static_margin,icews14,continuous_tcomplex,filtered,0.3,0.9,7,59,0.07257791136,timestamp_macro
undercoverage_reduction,rolling_vs_static_baseline,icews14_tcomplex_filtered,rolling_margin-minus-static_margin,icews14,continuous_tcomplex,filtered,0.3,0.9,7,71,0.0874594947,timestamp_macro
undercoverage_reduction,rolling_vs_static_baseline,icews14_tcomplex_filtered,rolling_margin-minus-static_margin,icews14,continuous_tcomplex,filtered,0.3,0.9,14,17,0.0723378552,timestamp_macro
undercoverage_reduction,rolling_vs_static_baseline,icews14_tcomplex_filtered,rolling_margin-minus-static_margin,icews14,continuous_tcomplex,filtered,0.3,0.9,14,29,0.07644937241,timestamp_macro
undercoverage_reduction,rolling_vs_static_baseline,icews14_tcomplex_filtered,rolling_margin-minus-static_margin,icews14,continuous_tcomplex,filtered,0.3,0.9,14,43,0.07785897748,timestamp_macro
undercoverage_reduction,rolling_vs_static_baseline,icews14_tcomplex_filtered,rolling_margin-minus-static_margin,icews14,continuous_tcomplex,filtered,0.3,0.9,14,59,0.07257791136,timestamp_macro
undercoverage_reduction,rolling_vs_static_baseline,icews14_tcomplex_filtered,rolling_margin-minus-static_margin,icews14,continuous_tcomplex,filtered,0.3,0.9,14,71,0.0874594947,timestamp_macro
undercoverage_reduction,rolling_vs_static_baseline,icews14_tcomplex_filtered,rolling_margin-minus-static_margin,icews14,continuous_tcomplex,filtered,0.3,0.9,21,17,0.0723378552,timestamp_macro
undercoverage_reduction,rolling_vs_static_baseline,icews14_tcomplex_filtered,rolling_margin-minus-static_margin,icews14,continuous_tcomplex,filtered,0.3,0.9,21,29,0.07644937241,timestamp_macro
undercoverage_reduction,rolling_vs_static_baseline,icews14_tcomplex_filtered,rolling_margin-minus-static_margin,icews14,continuous_tcomplex,filtered,0.3,0.9,21,43,0.07785897748,timestamp_macro
undercoverage_reduction,rolling_vs_static_baseline,icews14_tcomplex_filtered,rolling_margin-minus-static_margin,icews14,continuous_tcomplex,filtered,0.3,0.9,21,59,0.07257791136,timestamp_macro
undercoverage_reduction,rolling_vs_static_baseline,icews14_tcomplex_filtered,rolling_margin-minus-static_margin,icews14,continuous_tcomplex,filtered,0.3,0.9,21,71,0.0874594947,timestamp_macro
