run,dataset_mode,model_name,negative_sampling,seed,deletion_rate,method,timestamp_count,query_count,timestamp_macro_coverage,coverage,mean_size,mrr,frequency_mrr
icews14_distmult_filtered,icews14,temporal_distmult,filtered,17,0,adaptive,73,38596,0.8977992772,0.8980205203,3785.939424,0.320833382,0.09260796714
icews14_distmult_filtered,icews14,temporal_distmult,filtered,17,0,kgcp_minmax_static,73,38596,0.9040732448,0.9042387812,2226.09773,0.320833382,0.09260796714
icews14_distmult_filtered,icews14,temporal_distmult,filtered,17,0,kgcp_negscore_static,73,38596,0.9026465289,0.903176495,2891.435563,0.320833382,0.09260796714
icews14_distmult_filtered,icews14,temporal_distmult,filtered,17,0,kgcp_softmax_static,73,38596,0.8192678046,0.8225722873,2583.234532,0.320833382,0.09260796714
icews14_distmult_filtered,icews14,temporal_distmult,filtered,17,0,rolling_margin,73,38596,0.8986598404,0.8988496217,3797.185278,0.320833382,0.09260796714
icews14_distmult_filtered,icews14,temporal_distmult,filtered,17,0,static_margin,73,38596,0.8195188254,0.8227277438,2629.191574,0.320833382,0.09260796714
icews14_distmult_filtered,icews14,temporal_distmult,filtered,17,0,top1,73,38596,0.2326578807,0.2300497461,1,0.320833382,0.09260796714
icews14_distmult_filtered,icews14,temporal_distmult,filtered,17,0,weighted,73,38596,0.8976811785,0.8979168826,3779.029485,0.320833382,0.09260796714
icews14_distmult_filtered,icews14,temporal_distmult,filtered,17,0.1,adaptive,73,38596,0.8982482206,0.8988496217,3757.422557,0.317805578,0.09260884375
icews14_distmult_filtered,icews14,temporal_distmult,filtered,17,0.1,kgcp_minmax_static,73,38596,0.9090521451,0.9096797596,2343.720956,0.317805578,0.09260884375
icews14_distmult_filtered,icews14,temporal_distmult,filtered,17,0.1,kgcp_negscore_static,73,38596,0.9053831696,0.9055083428,2969.004379,0.317805578,0.09260884375
icews14_distmult_filtered,icews14,temporal_distmult,filtered,17,0.1,kgcp_softmax_static,73,38596,0.8213318864,0.8251632294,2682.773785,0.317805578,0.09260884375
icews14_distmult_filtered,icews14,temporal_distmult,filtered,17,0.1,rolling_margin,73,38596,0.8994138428,0.8999637268,3773.832832,0.317805578,0.09260884375
icews14_distmult_filtered,icews14,temporal_distmult,filtered,17,0.1,static_margin,73,38596,0.8237196692,0.8273655301,2748.471318,0.317805578,0.09260884375
icews14_distmult_filtered,icews14,temporal_distmult,filtered,17,0.1,top1,73,38596,0.2306387586,0.2282879055,1,0.317805578,0.09260884375
icews14_distmult_filtered,icews14,temporal_distmult,filtered,17,0.1,weighted,73,38596,0.8979315684,0.8985127993,3753.283579,0.317805578,0.09260884375
icews14_distmult_filtered,icews14,temporal_distmult,filtered,17,0.2,adaptive,73,38596,0.8982474135,0.8986423464,3826.725127,0.3158465553,0.09264896943
icews14_distmult_filtered,icews14,temporal_distmult,filtered,17,0.2,kgcp_minmax_static,73,38596,0.9064045749,0.9070369987,2468.502928,0.3158465553,0.09264896943
icews14_distmult_filtered,icews14,temporal_distmult,filtered,17,0.2,kgcp_negscore_static,73,38596,0.9064829971,0.9062856255,3148.265831,0.3158465553,0.09264896943
icews14_distmult_filtered,icews14,temporal_distmult,filtered,17,0.2,kgcp_softmax_static,73,38596,0.8167597273,0.8203699865,2687.328506,0.3158465553,0.09264896943
icews14_distmult_filtered,icews14,temporal_distmult,filtered,17,0.2,rolling_margin,73,38596,0.8987748713,0.899238263,3843.588014,0.3158465553,0.09264896943
icews14_distmult_filtered,icews14,temporal_distmult,filtered,17,0.2,static_margin,73,38596,0.8188499612,0.8222613742,2740.68603,0.3158465553,0.09264896943
icews14_distmult_filtered,icews14,temporal_distmult,filtered,17,0.2,top1,73,38596,0.2311638241,0.2280029019,1,0.3158465553,0.09264896943
icews14_distmult_filtered,icews14,temporal_distmult,filtered,17,0.2,weighted,73,38596,0.8984065571,0.8988496217,3833.899083,0.3158465553,0.09264896943
icews14_distmult_filtered,icews14,temporal_distmult,filtered,17,0.3,adaptive,73,38596,0.8983376442,0.8986423464,3910.893279,0.3108705485,0.09275261871
icews14_distmult_filtered,icews14,temporal_distmult,filtered,17,0.3,kgcp_minmax_static,73,38596,0.9015702554,0.9021401181,2434.561924,0.3108705485,0.09275261871
icews14_distmult_filtered,icews14,temporal_distmult,filtered,17,0.3,kgcp_negscore_static,73,38596,0.9015196381,0.9023733029,3156.700772,0.3108705485,0.09275261871
icews14_distmult_filtered,icews14,temporal_distmult,filtered,17,0.3,kgcp_softmax_static,73,38596,0.8214005167,0.8251114105,2826.262074,0.3108705485,0.09275261871
icews14_distmult_filtered,icews14,temporal_distmult,filtered,17,0.3,rolling_margin,73,38596,0.8990653522,0.8993678101,3925.210229,0.3108705485,0.09275261871
icews14_distmult_filtered,icews14,temporal_distmult,filtered,17,0.3,static_margin,73,38596,0.8210766544,0.824774588,2871.289875,0.3108705485,0.09275261871
icews14_distmult_filtered,icews14,temporal_distmult,filtered,17,0.3,top1,73,38596,0.2280581285,0.2255155975,1,0.3108705485,0.09275261871
icews14_distmult_filtered,icews14,temporal_distmult,filtered,17,0.3,weighted,73,38596,0.8981823195,0.8984609804,3908.787154,0.3108705485,0.09275261871
icews14_distmult_filtered,icews14,temporal_distmult,filtered,29,0,adaptive,73,38596,0.898295575,0.8985905275,3702.361177,0.3191567103,0.09260796714
icews14_distmult_filtered,icews14,temporal_distmult,filtered,29,0,kgcp_minmax_static,73,38596,0.9007578141,0.9011037413,2076.089077,0.3191567103,0.09260796714
icews14_distmult_filtered,icews14,temporal_distmult,filtered,29,0,kgcp_negscore_static,73,38596,0.8983992858,0.8986164369,2781.508498,0.3191567103,0.09260796714
icews14_distmult_filtered,icews14,temporal_distmult,filtered,29,0,kgcp_softmax_static,73,38596,0.8161853966,0.8195149756,2515.31296,0.3191567103,0.09260796714
icews14_distmult_filtered,icews14,temporal_distmult,filtered,29,0,rolling_margin,73,38596,0.8988211204,0.8991605348,3716.74772,0.3191567103,0.09260796714
icews14_distmult_filtered,icews14,temporal_distmult,filtered,29,0,static_margin,73,38596,0.8139331374,0.8175199503,2541.264561,0.3191567103,0.09260796714
icews14_distmult_filtered,icews14,temporal_distmult,filtered,29,0,top1,73,38596,0.2320523155,0.2289615504,1,0.3191567103,0.09260796714
icews14_distmult_filtered,icews14,temporal_distmult,filtered,29,0,weighted,73,38596,0.8977167211,0.8981500674,3695.89771,0.3191567103,0.09260796714
icews14_distmult_filtered,icews14,temporal_distmult,filtered,29,0.1,adaptive,73,38596,0.8976532029,0.8975541507,3720.659965,0.3172108884,0.09277009956
icews14_distmult_filtered,icews14,temporal_distmult,filtered,29,0.1,kgcp_minmax_static,73,38596,0.9015064312,0.9016219297,2061.924992,0.3172108884,0.09277009956
icews14_distmult_filtered,icews14,temporal_distmult,filtered,29,0.1,kgcp_negscore_static,73,38596,0.9003907524,0.9000932739,2894.370427,0.3172108884,0.09277009956
icews14_distmult_filtered,icews14,temporal_distmult,filtered,29,0.1,kgcp_softmax_static,73,38596,0.8204139218,0.8239973054,2630.01666,0.3172108884,0.09277009956
icews14_distmult_filtered,icews14,temporal_distmult,filtered,29,0.1,rolling_margin,73,38596,0.898854187,0.89892735,3740.546456,0.3172108884,0.09277009956
icews14_distmult_filtered,icews14,temporal_distmult,filtered,29,0.1,static_margin,73,38596,0.8190483029,0.8228832003,2663.582832,0.3172108884,0.09277009956
icews14_distmult_filtered,icews14,temporal_distmult,filtered,29,0.1,top1,73,38596,0.2320337484,0.2286765468,1,0.3172108884,0.09277009956
icews14_distmult_filtered,icews14,temporal_distmult,filtered,29,0.1,weighted,73,38596,0.8976532029,0.8975541507,3720.323039,0.3172108884,0.09277009956
icews14_distmult_filtered,icews14,temporal_distmult,filtered,29,0.2,adaptive,73,38596,0.8974138172,0.8974246036,3609.275858,0.3142114772,0.0927207287
icews14_distmult_filtered,icews14,temporal_distmult,filtered,29,0.2,kgcp_minmax_static,73,38596,0.8998246036,0.9000932739,2241.007773,0.3142114772,0.0927207287
icews14_distmult_filtered,icews14,temporal_distmult,filtered,29,0.2,kgcp_negscore_static,73,38596,0.8955386246,0.896155042,2999.628433,0.3142114772,0.0927207287
icews14_distmult_filtered,icews14,temporal_distmult,filtered,29,0.2,kgcp_softmax_static,73,38596,0.8084821541,0.8120271531,2436.967225,0.3142114772,0.0927207287
icews14_distmult_filtered,icews14,temporal_distmult,filtered,29,0.2,rolling_margin,73,38596,0.8983749684,0.8985387087,3630.089051,0.3142114772,0.0927207287
icews14_distmult_filtered,icews14,temporal_distmult,filtered,29,0.2,static_margin,73,38596,0.8076722756,0.811405327,2470.77464,0.3142114772,0.0927207287
icews14_distmult_filtered,icews14,temporal_distmult,filtered,29,0.2,top1,73,38596,0.227215939,0.2243237641,1,0.3142114772,0.0927207287
icews14_distmult_filtered,icews14,temporal_distmult,filtered,29,0.2,weighted,73,38596,0.8972222664,0.8973209659,3607.729169,0.3142114772,0.0927207287
icews14_distmult_filtered,icews14,temporal_distmult,filtered,29,0.3,adaptive,73,38596,0.8987967609,0.8980723391,3791.676443,0.3092405327,0.09276303979
icews14_distmult_filtered,icews14,temporal_distmult,filtered,29,0.3,kgcp_minmax_static,73,38596,0.9001724707,0.8993419007,2536.599285,0.3092405327,0.09276303979
icews14_distmult_filtered,icews14,temporal_distmult,filtered,29,0.3,kgcp_negscore_static,73,38596,0.8982482015,0.8978132449,3278.074464,0.3092405327,0.09276303979
icews14_distmult_filtered,icews14,temporal_distmult,filtered,29,0.3,kgcp_softmax_static,73,38596,0.8086357851,0.8116644212,2516.851047,0.3092405327,0.09276303979
icews14_distmult_filtered,icews14,temporal_distmult,filtered,29,0.3,rolling_margin,73,38596,0.8998363742,0.8990050782,3810.754171,0.3092405327,0.09276303979
icews14_distmult_filtered,icews14,temporal_distmult,filtered,29,0.3,static_margin,73,38596,0.8049924896,0.8084775624,2522.356669,0.3092405327,0.09276303979
icews14_distmult_filtered,icews14,temporal_distmult,filtered,29,0.3,top1,73,38596,0.2249376683,0.2217846409,1,0.3092405327,0.09276303979
icews14_distmult_filtered,icews14,temporal_distmult,filtered,29,0.3,weighted,73,38596,0.8987525718,0.8980205203,3790.434371,0.3092405327,0.09276303979
icews14_distmult_filtered,icews14,temporal_distmult,filtered,43,0,adaptive,73,38596,0.8988105534,0.898435071,3694.566743,0.3175682212,0.09260796714
icews14_distmult_filtered,icews14,temporal_distmult,filtered,43,0,kgcp_minmax_static,73,38596,0.9033577587,0.9030987667,1947.279278,0.3175682212,0.09260796714
icews14_distmult_filtered,icews14,temporal_distmult,filtered,43,0,kgcp_negscore_static,73,38596,0.8975602361,0.8973468753,2720.015157,0.3175682212,0.09260796714
icews14_distmult_filtered,icews14,temporal_distmult,filtered,43,0,kgcp_softmax_static,73,38596,0.8311780816,0.8343092548,2746.058711,0.3175682212,0.09260796714
icews14_distmult_filtered,icews14,temporal_distmult,filtered,43,0,rolling_margin,73,38596,0.8998963702,0.8993937196,3707.642165,0.3175682212,0.09260796714
icews14_distmult_filtered,icews14,temporal_distmult,filtered,43,0,static_margin,73,38596,0.8324020136,0.8353974505,2804.576407,0.3175682212,0.09260796714
icews14_distmult_filtered,icews14,temporal_distmult,filtered,43,0,top1,73,38596,0.2327461078,0.2300238367,1,0.3175682212,0.09260796714
icews14_distmult_filtered,icews14,temporal_distmult,filtered,43,0,weighted,73,38596,0.8987637382,0.8983832522,3692.271194,0.3175682212,0.09260796714
icews14_distmult_filtered,icews14,temporal_distmult,filtered,43,0.1,adaptive,73,38596,0.8986693638,0.8982796145,3740.603482,0.3172248939,0.0918321554
icews14_distmult_filtered,icews14,temporal_distmult,filtered,43,0.1,kgcp_minmax_static,73,38596,0.9013303219,0.9008446471,2053.627733,0.3172248939,0.0918321554
icews14_distmult_filtered,icews14,temporal_distmult,filtered,43,0.1,kgcp_negscore_static,73,38596,0.8972540224,0.8969841434,2737.845398,0.3172248939,0.0918321554
icews14_distmult_filtered,icews14,temporal_distmult,filtered,43,0.1,kgcp_softmax_static,73,38596,0.8226344741,0.8257073272,2608.291999,0.3172248939,0.0918321554
icews14_distmult_filtered,icews14,temporal_distmult,filtered,43,0.1,rolling_margin,73,38596,0.8993249958,0.8989532594,3751.742046,0.3172248939,0.0918321554
icews14_distmult_filtered,icews14,temporal_distmult,filtered,43,0.1,static_margin,73,38596,0.8210266408,0.8243082185,2643.452689,0.3172248939,0.0918321554
icews14_distmult_filtered,icews14,temporal_distmult,filtered,43,0.1,top1,73,38596,0.2319440419,0.2285210903,1,0.3172248939,0.0918321554
icews14_distmult_filtered,icews14,temporal_distmult,filtered,43,0.1,weighted,73,38596,0.8984956115,0.8980723391,3735.689035,0.3172248939,0.0918321554
icews14_distmult_filtered,icews14,temporal_distmult,filtered,43,0.2,adaptive,73,38596,0.8994825108,0.8989014406,3818.108172,0.3173788549,0.09191674573
icews14_distmult_filtered,icews14,temporal_distmult,filtered,43,0.2,kgcp_minmax_static,73,38596,0.9089989728,0.9079697378,2200.102316,0.3173788549,0.09191674573
icews14_distmult_filtered,icews14,temporal_distmult,filtered,43,0.2,kgcp_negscore_static,73,38596,0.9063515008,0.9059228936,2991.956861,0.3173788549,0.09191674573
icews14_distmult_filtered,icews14,temporal_distmult,filtered,43,0.2,kgcp_softmax_static,73,38596,0.8231453241,0.8265364286,2691.852705,0.3173788549,0.09191674573
icews14_distmult_filtered,icews14,temporal_distmult,filtered,43,0.2,rolling_margin,73,38596,0.9000733496,0.8995232667,3831.440797,0.3173788549,0.09191674573
icews14_distmult_filtered,icews14,temporal_distmult,filtered,43,0.2,static_margin,73,38596,0.823648598,0.8270805265,2744.955073,0.3173788549,0.09191674573
icews14_distmult_filtered,icews14,temporal_distmult,filtered,43,0.2,top1,73,38596,0.2327230265,0.2295315577,1,0.3173788549,0.09191674573
icews14_distmult_filtered,icews14,temporal_distmult,filtered,43,0.2,weighted,73,38596,0.8994249536,0.8988755311,3817.6275,0.3173788549,0.09191674573
icews14_distmult_filtered,icews14,temporal_distmult,filtered,43,0.3,adaptive,73,38596,0.8989457206,0.8982796145,3804.160535,0.310552887,0.0919106766
icews14_distmult_filtered,icews14,temporal_distmult,filtered,43,0.3,kgcp_minmax_static,73,38596,0.9015437355,0.9014664732,2074.15911,0.310552887,0.0919106766
icews14_distmult_filtered,icews14,temporal_distmult,filtered,43,0.3,kgcp_negscore_static,73,38596,0.9029350427,0.902684216,2987.729557,0.310552887,0.0919106766
icews14_distmult_filtered,icews14,temporal_distmult,filtered,43,0.3,kgcp_softmax_static,73,38596,0.821616712,0.8254223236,2732.100839,0.310552887,0.0919106766
icews14_distmult_filtered,icews14,temporal_distmult,filtered,43,0.3,rolling_margin,73,38596,0.8999104336,0.899238263,3821.718883,0.310552887,0.0919106766
icews14_distmult_filtered,icews14,temporal_distmult,filtered,43,0.3,static_margin,73,38596,0.8203840815,0.8242045808,2777.085061,0.310552887,0.0919106766
icews14_distmult_filtered,icews14,temporal_distmult,filtered,43,0.3,top1,73,38596,0.2276958302,0.2245569489,1,0.310552887,0.0919106766
icews14_distmult_filtered,icews14,temporal_distmult,filtered,43,0.3,weighted,73,38596,0.8989457206,0.8982796145,3804.160535,0.310552887,0.0919106766
icews14_distmult_filtered,icews14,temporal_distmult,filtered,59,0,adaptive,73,38596,0.8987952454,0.8979946108,3580.592782,0.3200043524,0.09260796714
icews14_distmult_filtered,icews14,temporal_distmult,filtered,59,0,kgcp_minmax_static,73,38596,0.8992518176,0.8987978029,2047.225956,0.3200043524,0.09260796714
icews14_distmult_filtered,icews14,temporal_distmult,filtered,59,0,kgcp_negscore_static,73,38596,0.8949709183,0.8948336615,2797.21725,0.3200043524,0.09260796714
icews14_distmult_filtered,icews14,temporal_distmult,filtered,59,0,kgcp_softmax_static,73,38596,0.8121765001,0.8158617473,2396.660302,0.3200043524,0.09260796714
icews14_distmult_filtered,icews14,temporal_distmult,filtered,59,0,rolling_margin,73,38596,0.8997057168,0.8989014406,3596.946523,0.3200043524,0.09260796714
icews14_distmult_filtered,icews14,temporal_distmult,filtered,59,0,static_margin,73,38596,0.8130796338,0.8167167582,2441.465437,0.3200043524,0.09260796714
icews14_distmult_filtered,icews14,temporal_distmult,filtered,59,0,top1,73,38596,0.2316502757,0.2284951808,1,0.3200043524,0.09260796714
icews14_distmult_filtered,icews14,temporal_distmult,filtered,59,0,weighted,73,38596,0.8987952454,0.8979946108,3580.592782,0.3200043524,0.09260796714
icews14_distmult_filtered,icews14,temporal_distmult,filtered,59,0.1,adaptive,73,38596,0.8977363591,0.8977873355,3623.545108,0.3179292923,0.09261747554
icews14_distmult_filtered,icews14,temporal_distmult,filtered,59,0.1,kgcp_minmax_static,73,38596,0.9000485229,0.89892735,2214.972173,0.3179292923,0.09261747554
icews14_distmult_filtered,icews14,temporal_distmult,filtered,59,0.1,kgcp_negscore_static,73,38596,0.8971789834,0.8963882268,2979.149523,0.3179292923,0.09261747554
icews14_distmult_filtered,icews14,temporal_distmult,filtered,59,0.1,kgcp_softmax_static,73,38596,0.8118898276,0.8153694683,2431.790911,0.3179292923,0.09261747554
icews14_distmult_filtered,icews14,temporal_distmult,filtered,59,0.1,rolling_margin,73,38596,0.8986447724,0.8986682558,3635.93318,0.3179292923,0.09261747554
icews14_distmult_filtered,icews14,temporal_distmult,filtered,59,0.1,static_margin,73,38596,0.8127254964,0.8164317546,2478.188621,0.3179292923,0.09261747554
icews14_distmult_filtered,icews14,temporal_distmult,filtered,59,0.1,top1,73,38596,0.229845436,0.226655612,1,0.3179292923,0.09261747554
icews14_distmult_filtered,icews14,temporal_distmult,filtered,59,0.1,weighted,73,38596,0.8980625177,0.8980723391,3626.437506,0.3179292923,0.09261747554
icews14_distmult_filtered,icews14,temporal_distmult,filtered,59,0.2,adaptive,73,38596,0.8980503068,0.8978650637,3825.528138,0.3146801049,0.09262634042
icews14_distmult_filtered,icews14,temporal_distmult,filtered,59,0.2,kgcp_minmax_static,73,38596,0.9014025433,0.9009741942,2231.508291,0.3146801049,0.09262634042
icews14_distmult_filtered,icews14,temporal_distmult,filtered,59,0.2,kgcp_negscore_static,73,38596,0.8968056825,0.8958700383,2818.81682,0.3146801049,0.09262634042
icews14_distmult_filtered,icews14,temporal_distmult,filtered,59,0.2,kgcp_softmax_static,73,38596,0.8131947946,0.8175458597,2635.769924,0.3146801049,0.09262634042
icews14_distmult_filtered,icews14,temporal_distmult,filtered,59,0.2,rolling_margin,73,38596,0.8991773198,0.8990828065,3843.944036,0.3146801049,0.09262634042
icews14_distmult_filtered,icews14,temporal_distmult,filtered,59,0.2,static_margin,73,38596,0.8140012518,0.8186340553,2687.942118,0.3146801049,0.09262634042
icews14_distmult_filtered,icews14,temporal_distmult,filtered,59,0.2,top1,73,38596,0.2282997151,0.2259301482,1,0.3146801049,0.09262634042
icews14_distmult_filtered,icews14,temporal_distmult,filtered,59,0.2,weighted,73,38596,0.8980469712,0.8978909732,3825.474764,0.3146801049,0.09262634042
icews14_distmult_filtered,icews14,temporal_distmult,filtered,59,0.3,adaptive,73,38596,0.8991206009,0.8991087159,3844.391206,0.3105396362,0.09260947417
icews14_distmult_filtered,icews14,temporal_distmult,filtered,59,0.3,kgcp_minmax_static,73,38596,0.9018619273,0.9019328428,2324.107291,0.3105396362,0.09260947417
icews14_distmult_filtered,icews14,temporal_distmult,filtered,59,0.3,kgcp_negscore_static,73,38596,0.8966417261,0.8964141362,2859.420173,0.3105396362,0.09260947417
icews14_distmult_filtered,icews14,temporal_distmult,filtered,59,0.3,kgcp_softmax_static,73,38596,0.817373587,0.8225204684,2757.580993,0.3105396362,0.09260947417
icews14_distmult_filtered,icews14,temporal_distmult,filtered,59,0.3,rolling_margin,73,38596,0.90029962,0.9002746399,3865.246969,0.3105396362,0.09260947417
icews14_distmult_filtered,icews14,temporal_distmult,filtered,59,0.3,static_margin,73,38596,0.816712559,0.8220281894,2809.167297,0.3105396362,0.09260947417
icews14_distmult_filtered,icews14,temporal_distmult,filtered,59,0.3,top1,73,38596,0.2257262312,0.223209659,1,0.3105396362,0.09260947417
icews14_distmult_filtered,icews14,temporal_distmult,filtered,59,0.3,weighted,73,38596,0.8991206009,0.8991087159,3844.387994,0.3105396362,0.09260947417
icews14_distmult_filtered,icews14,temporal_distmult,filtered,71,0,adaptive,73,38596,0.8981085445,0.8979168826,3734.594362,0.3172826269,0.09260796714
icews14_distmult_filtered,icews14,temporal_distmult,filtered,71,0,kgcp_minmax_static,73,38596,0.9056090771,0.9056637994,2201.727847,0.3172826269,0.09260796714
icews14_distmult_filtered,icews14,temporal_distmult,filtered,71,0,kgcp_negscore_static,73,38596,0.8983007743,0.8986164369,2870.792129,0.3172826269,0.09260796714
icews14_distmult_filtered,icews14,temporal_distmult,filtered,71,0,kgcp_softmax_static,73,38596,0.8151531108,0.8191004249,2497.235698,0.3172826269,0.09260796714
icews14_distmult_filtered,icews14,temporal_distmult,filtered,71,0,rolling_margin,73,38596,0.8994717971,0.8992123536,3760.710125,0.3172826269,0.09260796714
icews14_distmult_filtered,icews14,temporal_distmult,filtered,71,0,static_margin,73,38596,0.815082825,0.8187895119,2525.043839,0.3172826269,0.09260796714
icews14_distmult_filtered,icews14,temporal_distmult,filtered,71,0,top1,73,38596,0.2285308234,0.2257487823,1,0.3172826269,0.09260796714
icews14_distmult_filtered,icews14,temporal_distmult,filtered,71,0,weighted,73,38596,0.8981085445,0.8979168826,3734.594362,0.3172826269,0.09260796714
icews14_distmult_filtered,icews14,temporal_distmult,filtered,71,0.1,adaptive,73,38596,0.8998390259,0.8993419007,3829.808607,0.3179555159,0.09260795702
icews14_distmult_filtered,icews14,temporal_distmult,filtered,71,0.1,kgcp_minmax_static,73,38596,0.901535641,0.9008446471,2116.099959,0.3179555159,0.09260795702
icews14_distmult_filtered,icews14,temporal_distmult,filtered,71,0.1,kgcp_negscore_static,73,38596,0.8985328693,0.8984091616,2797.180718,0.3179555159,0.09260795702
icews14_distmult_filtered,icews14,temporal_distmult,filtered,71,0.1,kgcp_softmax_static,73,38596,0.8176910204,0.8209140844,2614.534434,0.3179555159,0.09260795702
icews14_distmult_filtered,icews14,temporal_distmult,filtered,71,0.1,rolling_margin,73,38596,0.900837981,0.9003264587,3847.419059,0.3179555159,0.09260795702
icews14_distmult_filtered,icews14,temporal_distmult,filtered,71,0.1,static_margin,73,38596,0.81661604,0.8200072546,2656.578972,0.3179555159,0.09260795702
icews14_distmult_filtered,icews14,temporal_distmult,filtered,71,0.1,top1,73,38596,0.2294862991,0.2272256192,1,0.3179555159,0.09260795702
icews14_distmult_filtered,icews14,temporal_distmult,filtered,71,0.1,weighted,73,38596,0.8998390259,0.8993419007,3829.808607,0.3179555159,0.09260795702
icews14_distmult_filtered,icews14,temporal_distmult,filtered,71,0.2,adaptive,73,38596,0.8993969491,0.8992641725,3795.78876,0.3157958645,0.09260162129
icews14_distmult_filtered,icews14,temporal_distmult,filtered,71,0.2,kgcp_minmax_static,73,38596,0.900242564,0.9008705565,2311.372888,0.3157958645,0.09260162129
icews14_distmult_filtered,icews14,temporal_distmult,filtered,71,0.2,kgcp_negscore_static,73,38596,0.8994620894,0.8996269043,3050.677946,0.3157958645,0.09260162129
icews14_distmult_filtered,icews14,temporal_distmult,filtered,71,0.2,kgcp_softmax_static,73,38596,0.8109043365,0.8147217328,2543.489714,0.3157958645,0.09260162129
icews14_distmult_filtered,icews14,temporal_distmult,filtered,71,0.2,rolling_margin,73,38596,0.8997956972,0.8996269043,3805.221733,0.3157958645,0.09260162129
icews14_distmult_filtered,icews14,temporal_distmult,filtered,71,0.2,static_margin,73,38596,0.8118698409,0.8158876568,2579.310602,0.3157958645,0.09260162129
icews14_distmult_filtered,icews14,temporal_distmult,filtered,71,0.2,top1,73,38596,0.2284505103,0.2260856047,1,0.3157958645,0.09260162129
icews14_distmult_filtered,icews14,temporal_distmult,filtered,71,0.2,weighted,73,38596,0.8990508381,0.8988755311,3788.657633,0.3157958645,0.09260162129
icews14_distmult_filtered,icews14,temporal_distmult,filtered,71,0.3,adaptive,73,38596,0.8994433178,0.8993678101,3914.8554,0.3105257166,0.09259298848
icews14_distmult_filtered,icews14,temporal_distmult,filtered,71,0.3,kgcp_minmax_static,73,38596,0.900825864,0.9016737486,2257.786455,0.3105257166,0.09259298848
icews14_distmult_filtered,icews14,temporal_distmult,filtered,71,0.3,kgcp_negscore_static,73,38596,0.8934064719,0.8942377448,2833.475412,0.3105257166,0.09259298848
icews14_distmult_filtered,icews14,temporal_distmult,filtered,71,0.3,kgcp_softmax_static,73,38596,0.8147893104,0.8188413307,2692.435771,0.3105257166,0.09259298848
icews14_distmult_filtered,icews14,temporal_distmult,filtered,71,0.3,rolling_margin,73,38596,0.9004365789,0.9003264587,3930.235879,0.3105257166,0.09259298848
icews14_distmult_filtered,icews14,temporal_distmult,filtered,71,0.3,static_margin,73,38596,0.8157633761,0.8196963416,2749.655819,0.3105257166,0.09259298848
icews14_distmult_filtered,icews14,temporal_distmult,filtered,71,0.3,top1,73,38596,0.2243537909,0.2217846409,1,0.3105257166,0.09259298848
icews14_distmult_filtered,icews14,temporal_distmult,filtered,71,0.3,weighted,73,38596,0.8995083626,0.8993937196,3914.403176,0.3105257166,0.09259298848
icews14_tcomplex_filtered,icews14,continuous_tcomplex,filtered,17,0,adaptive,73,38596,0.8975546547,0.8976577884,3560.554954,0.3257326306,0.09260796714
icews14_tcomplex_filtered,icews14,continuous_tcomplex,filtered,17,0,kgcp_minmax_static,73,38596,0.9028518778,0.9027878537,2150.049668,0.3257326306,0.09260796714
icews14_tcomplex_filtered,icews14,continuous_tcomplex,filtered,17,0,kgcp_negscore_static,73,38596,0.8992594408,0.8987978029,2808.362214,0.3257326306,0.09260796714
icews14_tcomplex_filtered,icews14,continuous_tcomplex,filtered,17,0,kgcp_softmax_static,73,38596,0.8151734799,0.8191522438,2447.255804,0.3257326306,0.09260796714
icews14_tcomplex_filtered,icews14,continuous_tcomplex,filtered,17,0,rolling_margin,73,38596,0.8981447153,0.8983055239,3572.790626,0.3257326306,0.09260796714
icews14_tcomplex_filtered,icews14,continuous_tcomplex,filtered,17,0,static_margin,73,38596,0.8172689753,0.8212768163,2505.777438,0.3257326306,0.09260796714
icews14_tcomplex_filtered,icews14,continuous_tcomplex,filtered,17,0,top1,73,38596,0.2363060275,0.2335734273,1,0.3257326306,0.09260796714
icews14_tcomplex_filtered,icews14,continuous_tcomplex,filtered,17,0,weighted,73,38596,0.8975204423,0.8976059695,3557.930537,0.3257326306,0.09260796714
icews14_tcomplex_filtered,icews14,continuous_tcomplex,filtered,17,0.1,adaptive,73,38596,0.8972743016,0.897631879,3632.972147,0.3216736545,0.09260884375
icews14_tcomplex_filtered,icews14,continuous_tcomplex,filtered,17,0.1,kgcp_minmax_static,73,38596,0.8990317432,0.8989791688,2192.401207,0.3216736545,0.09260884375
icews14_tcomplex_filtered,icews14,continuous_tcomplex,filtered,17,0.1,kgcp_negscore_static,73,38596,0.8985458575,0.8983832522,2948.381672,0.3216736545,0.09260884375
icews14_tcomplex_filtered,icews14,continuous_tcomplex,filtered,17,0.1,kgcp_softmax_static,73,38596,0.8105554179,0.8144108198,2441.380946,0.3216736545,0.09260884375
icews14_tcomplex_filtered,icews14,continuous_tcomplex,filtered,17,0.1,rolling_margin,73,38596,0.8982203928,0.8985905275,3651.596435,0.3216736545,0.09260884375
icews14_tcomplex_filtered,icews14,continuous_tcomplex,filtered,17,0.1,static_margin,73,38596,0.8086486199,0.8128303451,2472.448699,0.3216736545,0.09260884375
icews14_tcomplex_filtered,icews14,continuous_tcomplex,filtered,17,0.1,top1,73,38596,0.2345657578,0.2318634055,1,0.3216736545,0.09260884375
icews14_tcomplex_filtered,icews14,continuous_tcomplex,filtered,17,0.1,weighted,73,38596,0.8972743016,0.897631879,3632.972147,0.3216736545,0.09260884375
icews14_tcomplex_filtered,icews14,continuous_tcomplex,filtered,17,0.2,adaptive,73,38596,0.8974434894,0.8973727847,3728.474661,0.3195129397,0.09264896943
icews14_tcomplex_filtered,icews14,continuous_tcomplex,filtered,17,0.2,kgcp_minmax_static,73,38596,0.899227263,0.8996787232,2232.631516,0.3195129397,0.09264896943
icews14_tcomplex_filtered,icews14,continuous_tcomplex,filtered,17,0.2,kgcp_negscore_static,73,38596,0.8964923267,0.8966991398,3038.988859,0.3195129397,0.09264896943
icews14_tcomplex_filtered,icews14,continuous_tcomplex,filtered,17,0.2,kgcp_softmax_static,73,38596,0.8210505359,0.8255777801,2668.425692,0.3195129397,0.09264896943
icews14_tcomplex_filtered,icews14,continuous_tcomplex,filtered,17,0.2,rolling_margin,73,38596,0.8983407238,0.898253705,3742.580449,0.3195129397,0.09264896943
icews14_tcomplex_filtered,icews14,continuous_tcomplex,filtered,17,0.2,static_margin,73,38596,0.8177790978,0.822494559,2672.224272,0.3195129397,0.09264896943
icews14_tcomplex_filtered,icews14,continuous_tcomplex,filtered,17,0.2,top1,73,38596,0.2360033442,0.2326147787,1,0.3195129397,0.09264896943
icews14_tcomplex_filtered,icews14,continuous_tcomplex,filtered,17,0.2,weighted,73,38596,0.897115389,0.8970618717,3724.830578,0.3195129397,0.09264896943
icews14_tcomplex_filtered,icews14,continuous_tcomplex,filtered,17,0.3,adaptive,73,38596,0.8965308468,0.8971136905,3803.074956,0.315336903,0.09275261871
icews14_tcomplex_filtered,icews14,continuous_tcomplex,filtered,17,0.3,kgcp_minmax_static,73,38596,0.8954905787,0.8962845891,2336.545937,0.315336903,0.09275261871
icews14_tcomplex_filtered,icews14,continuous_tcomplex,filtered,17,0.3,kgcp_negscore_static,73,38596,0.8930932266,0.8936677376,3017.635377,0.315336903,0.09275261871
icews14_tcomplex_filtered,icews14,continuous_tcomplex,filtered,17,0.3,kgcp_softmax_static,73,38596,0.8165911812,0.821199088,2699.03876,0.315336903,0.09275261871
icews14_tcomplex_filtered,icews14,continuous_tcomplex,filtered,17,0.3,rolling_margin,73,38596,0.8976291478,0.8981500674,3819.261996,0.315336903,0.09275261871
icews14_tcomplex_filtered,icews14,continuous_tcomplex,filtered,17,0.3,static_margin,73,38596,0.8177292524,0.8223131931,2748.809825,0.315336903,0.09275261871
icews14_tcomplex_filtered,icews14,continuous_tcomplex,filtered,17,0.3,top1,73,38596,0.2318409855,0.2285988185,1,0.315336903,0.09275261871
icews14_tcomplex_filtered,icews14,continuous_tcomplex,filtered,17,0.3,weighted,73,38596,0.8960892682,0.8967250492,3799.161157,0.315336903,0.09275261871
icews14_tcomplex_filtered,icews14,continuous_tcomplex,filtered,29,0,adaptive,73,38596,0.8968118009,0.8975282413,3639.042958,0.3232136471,0.09260796714
icews14_tcomplex_filtered,icews14,continuous_tcomplex,filtered,29,0,kgcp_minmax_static,73,38596,0.8999456514,0.8998859985,1908.877915,0.3232136471,0.09260796714
icews14_tcomplex_filtered,icews14,continuous_tcomplex,filtered,29,0,kgcp_negscore_static,73,38596,0.8963861158,0.8957664007,2747.387657,0.3232136471,0.09260796714
icews14_tcomplex_filtered,icews14,continuous_tcomplex,filtered,29,0,kgcp_softmax_static,73,38596,0.820864061,0.8247486786,2577.836486,0.3232136471,0.09260796714
icews14_tcomplex_filtered,icews14,continuous_tcomplex,filtered,29,0,rolling_margin,73,38596,0.8975680554,0.8984091616,3655.951601,0.3232136471,0.09260796714
icews14_tcomplex_filtered,icews14,continuous_tcomplex,filtered,29,0,static_margin,73,38596,0.818247931,0.8223650119,2603.944217,0.3232136471,0.09260796714
icews14_tcomplex_filtered,icews14,continuous_tcomplex,filtered,29,0,top1,73,38596,0.2376109548,0.2340657063,1,0.3232136471,0.09260796714
icews14_tcomplex_filtered,icews14,continuous_tcomplex,filtered,29,0,weighted,73,38596,0.8967314186,0.8974246036,3637.30555,0.3232136471,0.09260796714
icews14_tcomplex_filtered,icews14,continuous_tcomplex,filtered,29,0.1,adaptive,73,38596,0.8972141446,0.8976836978,3678.203415,0.3210540253,0.09277009956
icews14_tcomplex_filtered,icews14,continuous_tcomplex,filtered,29,0.1,kgcp_minmax_static,73,38596,0.9003882084,0.9005337341,2014.39631,0.3210540253,0.09277009956
icews14_tcomplex_filtered,icews14,continuous_tcomplex,filtered,29,0.1,kgcp_negscore_static,73,38596,0.8947143727,0.8943932014,2746.135144,0.3210540253,0.09277009956
icews14_tcomplex_filtered,icews14,continuous_tcomplex,filtered,29,0.1,kgcp_softmax_static,73,38596,0.8168311943,0.8205772619,2554.212198,0.3210540253,0.09277009956
icews14_tcomplex_filtered,icews14,continuous_tcomplex,filtered,29,0.1,rolling_margin,73,38596,0.8978501109,0.8982796145,3689.73505,0.3210540253,0.09277009956
icews14_tcomplex_filtered,icews14,continuous_tcomplex,filtered,29,0.1,static_margin,73,38596,0.8165812195,0.8204218054,2590.353094,0.3210540253,0.09277009956
icews14_tcomplex_filtered,icews14,continuous_tcomplex,filtered,29,0.1,top1,73,38596,0.2359619443,0.2326147787,1,0.3210540253,0.09277009956
icews14_tcomplex_filtered,icews14,continuous_tcomplex,filtered,29,0.1,weighted,73,38596,0.8971031537,0.8975282413,3670.395248,0.3210540253,0.09277009956
icews14_tcomplex_filtered,icews14,continuous_tcomplex,filtered,29,0.2,adaptive,73,38596,0.8971704455,0.8978391543,3690.933491,0.3177801509,0.0927207287
icews14_tcomplex_filtered,icews14,continuous_tcomplex,filtered,29,0.2,kgcp_minmax_static,73,38596,0.8984122643,0.898745984,2043.566976,0.3177801509,0.0927207287
icews14_tcomplex_filtered,icews14,continuous_tcomplex,filtered,29,0.2,kgcp_negscore_static,73,38596,0.8965758824,0.8960514043,2898.270158,0.3177801509,0.0927207287
icews14_tcomplex_filtered,icews14,continuous_tcomplex,filtered,29,0.2,kgcp_softmax_static,73,38596,0.8190475634,0.8224427402,2588.154135,0.3177801509,0.0927207287
icews14_tcomplex_filtered,icews14,continuous_tcomplex,filtered,29,0.2,rolling_margin,73,38596,0.8983805375,0.8991087159,3712.685926,0.3177801509,0.0927207287
icews14_tcomplex_filtered,icews14,continuous_tcomplex,filtered,29,0.2,static_margin,73,38596,0.8152389243,0.8188931495,2603.770779,0.3177801509,0.0927207287
icews14_tcomplex_filtered,icews14,continuous_tcomplex,filtered,29,0.2,top1,73,38596,0.2332774824,0.2300497461,1,0.3177801509,0.0927207287
icews14_tcomplex_filtered,icews14,continuous_tcomplex,filtered,29,0.2,weighted,73,38596,0.8969679448,0.8977096072,3689.608897,0.3177801509,0.0927207287
icews14_tcomplex_filtered,icews14,continuous_tcomplex,filtered,29,0.3,adaptive,73,38596,0.897760304,0.8980723391,3790.276868,0.3124702923,0.09276303979
icews14_tcomplex_filtered,icews14,continuous_tcomplex,filtered,29,0.3,kgcp_minmax_static,73,38596,0.90001812,0.8997046326,2190.690823,0.3124702923,0.09276303979
icews14_tcomplex_filtered,icews14,continuous_tcomplex,filtered,29,0.3,kgcp_negscore_static,73,38596,0.8963334919,0.8956368536,2963.274122,0.3124702923,0.09276303979
icews14_tcomplex_filtered,icews14,continuous_tcomplex,filtered,29,0.3,kgcp_softmax_static,73,38596,0.8163958408,0.8200331641,2652.774044,0.3124702923,0.09276303979
icews14_tcomplex_filtered,icews14,continuous_tcomplex,filtered,29,0.3,rolling_margin,73,38596,0.8987798865,0.8992123536,3808.592238,0.3124702923,0.09276303979
icews14_tcomplex_filtered,icews14,continuous_tcomplex,filtered,29,0.3,static_margin,73,38596,0.8146524289,0.8184785988,2686.273603,0.3124702923,0.09276303979
icews14_tcomplex_filtered,icews14,continuous_tcomplex,filtered,29,0.3,top1,73,38596,0.229467835,0.2258783294,1,0.3124702923,0.09276303979
icews14_tcomplex_filtered,icews14,continuous_tcomplex,filtered,29,0.3,weighted,73,38596,0.8977161149,0.8980205203,3788.198725,0.3124702923,0.09276303979
icews14_tcomplex_filtered,icews14,continuous_tcomplex,filtered,43,0,adaptive,73,38596,0.8986383569,0.8985127993,3662.761089,0.3214347402,0.09260796714
icews14_tcomplex_filtered,icews14,continuous_tcomplex,filtered,43,0,kgcp_minmax_static,73,38596,0.9013938221,0.9005078246,2060.937714,0.3214347402,0.09260796714
icews14_tcomplex_filtered,icews14,continuous_tcomplex,filtered,43,0,kgcp_negscore_static,73,38596,0.898396541,0.8969323246,2844.526065,0.3214347402,0.09260796714
icews14_tcomplex_filtered,icews14,continuous_tcomplex,filtered,43,0,kgcp_softmax_static,73,38596,0.8177166888,0.821199088,2555.051922,0.3214347402,0.09260796714
icews14_tcomplex_filtered,icews14,continuous_tcomplex,filtered,43,0,rolling_margin,73,38596,0.8999735319,0.8997564514,3682.232433,0.3214347402,0.09260796714
icews14_tcomplex_filtered,icews14,continuous_tcomplex,filtered,43,0,static_margin,73,38596,0.8169813033,0.8203958959,2588.792284,0.3214347402,0.09260796714
icews14_tcomplex_filtered,icews14,continuous_tcomplex,filtered,43,0,top1,73,38596,0.2351781819,0.2322261374,1,0.3214347402,0.09260796714
icews14_tcomplex_filtered,icews14,continuous_tcomplex,filtered,43,0,weighted,73,38596,0.8982516924,0.8982018862,3657.632216,0.3214347402,0.09260796714
icews14_tcomplex_filtered,icews14,continuous_tcomplex,filtered,43,0.1,adaptive,73,38596,0.897048355,0.8973209659,3676.776583,0.3182609035,0.0918321554
icews14_tcomplex_filtered,icews14,continuous_tcomplex,filtered,43,0.1,kgcp_minmax_static,73,38596,0.8999169927,0.8994455384,2144.910949,0.3182609035,0.0918321554
icews14_tcomplex_filtered,icews14,continuous_tcomplex,filtered,43,0.1,kgcp_negscore_static,73,38596,0.8939260671,0.8929681832,2807.74829,0.3182609035,0.0918321554
icews14_tcomplex_filtered,icews14,continuous_tcomplex,filtered,43,0.1,kgcp_softmax_static,73,38596,0.8202191772,0.8232459322,2553.041041,0.3182609035,0.0918321554
icews14_tcomplex_filtered,icews14,continuous_tcomplex,filtered,43,0.1,rolling_margin,73,38596,0.8978596054,0.8980982485,3693.052777,0.3182609035,0.0918321554
icews14_tcomplex_filtered,icews14,continuous_tcomplex,filtered,43,0.1,static_margin,73,38596,0.8195381129,0.8229091098,2592.028682,0.3182609035,0.0918321554
icews14_tcomplex_filtered,icews14,continuous_tcomplex,filtered,43,0.1,top1,73,38596,0.231537361,0.2289874598,1,0.3182609035,0.0918321554
icews14_tcomplex_filtered,icews14,continuous_tcomplex,filtered,43,0.1,weighted,73,38596,0.8970230808,0.8972950565,3675.027309,0.3182609035,0.0918321554
icews14_tcomplex_filtered,icews14,continuous_tcomplex,filtered,43,0.2,adaptive,73,38596,0.8978133836,0.8978391543,3708.494663,0.31727492,0.09191674573
icews14_tcomplex_filtered,icews14,continuous_tcomplex,filtered,43,0.2,kgcp_minmax_static,73,38596,0.9004630524,0.9001450928,2256.949788,0.31727492,0.09191674573
icews14_tcomplex_filtered,icews14,continuous_tcomplex,filtered,43,0.2,kgcp_negscore_static,73,38596,0.8950019543,0.8940304695,2894.349337,0.31727492,0.09191674573
icews14_tcomplex_filtered,icews14,continuous_tcomplex,filtered,43,0.2,kgcp_softmax_static,73,38596,0.8127310048,0.8167167582,2564.692092,0.31727492,0.09191674573
icews14_tcomplex_filtered,icews14,continuous_tcomplex,filtered,43,0.2,rolling_margin,73,38596,0.8985096761,0.8984868898,3725.442041,0.31727492,0.09191674573
icews14_tcomplex_filtered,icews14,continuous_tcomplex,filtered,43,0.2,static_margin,73,38596,0.8118301909,0.8158358379,2599.61053,0.31727492,0.09191674573
icews14_tcomplex_filtered,icews14,continuous_tcomplex,filtered,43,0.2,top1,73,38596,0.2311965777,0.2289615504,1,0.31727492,0.09191674573
icews14_tcomplex_filtered,icews14,continuous_tcomplex,filtered,43,0.2,weighted,73,38596,0.8978133836,0.8978391543,3708.06169,0.31727492,0.09191674573
icews14_tcomplex_filtered,icews14,continuous_tcomplex,filtered,43,0.3,adaptive,73,38596,0.8974079489,0.8976059695,3774.913488,0.3137343494,0.0919106766
icews14_tcomplex_filtered,icews14,continuous_tcomplex,filtered,43,0.3,kgcp_minmax_static,73,38596,0.9005170909,0.9007669189,2288.392735,0.3137343494,0.0919106766
icews14_tcomplex_filtered,icews14,continuous_tcomplex,filtered,43,0.3,kgcp_negscore_static,73,38596,0.8957393996,0.8954554876,3032.93318,0.3137343494,0.0919106766
icews14_tcomplex_filtered,icews14,continuous_tcomplex,filtered,43,0.3,kgcp_softmax_static,73,38596,0.8147205477,0.8185045082,2654.221862,0.3137343494,0.0919106766
icews14_tcomplex_filtered,icews14,continuous_tcomplex,filtered,43,0.3,rolling_margin,73,38596,0.8981183071,0.8984091616,3791.36794,0.3137343494,0.0919106766
icews14_tcomplex_filtered,icews14,continuous_tcomplex,filtered,43,0.3,static_margin,73,38596,0.8134531652,0.8174681314,2698.442481,0.3137343494,0.0919106766
icews14_tcomplex_filtered,icews14,continuous_tcomplex,filtered,43,0.3,top1,73,38596,0.2311789665,0.2287283656,1,0.3137343494,0.0919106766
icews14_tcomplex_filtered,icews14,continuous_tcomplex,filtered,43,0.3,weighted,73,38596,0.8974079489,0.8976059695,3774.913488,0.3137343494,0.0919106766
icews14_tcomplex_filtered,icews14,continuous_tcomplex,filtered,59,0,adaptive,73,38596,0.8964095154,0.8967509586,3515.958623,0.32165773,0.09260796714
icews14_tcomplex_filtered,icews14,continuous_tcomplex,filtered,59,0,kgcp_minmax_static,73,38596,0.9018279081,0.9013887449,2376.256581,0.32165773,0.09260796714
icews14_tcomplex_filtered,icews14,continuous_tcomplex,filtered,59,0,kgcp_negscore_static,73,38596,0.898452268,0.8977614261,3093.677376,0.32165773,0.09260796714
icews14_tcomplex_filtered,icews14,continuous_tcomplex,filtered,59,0,kgcp_softmax_static,73,38596,0.8152841667,0.8187636024,2397.99873,0.32165773,0.09260796714
icews14_tcomplex_filtered,icews14,continuous_tcomplex,filtered,59,0,rolling_margin,73,38596,0.8970816043,0.8974246036,3527.941186,0.32165773,0.09260796714
icews14_tcomplex_filtered,icews14,continuous_tcomplex,filtered,59,0,static_margin,73,38596,0.8121567291,0.816146751,2407.767437,0.32165773,0.09260796714
icews14_tcomplex_filtered,icews14,continuous_tcomplex,filtered,59,0,top1,73,38596,0.2347150982,0.2315784019,1,0.32165773,0.09260796714
icews14_tcomplex_filtered,icews14,continuous_tcomplex,filtered,59,0,weighted,73,38596,0.8962108201,0.8965695927,3509.493341,0.32165773,0.09260796714
icews14_tcomplex_filtered,icews14,continuous_tcomplex,filtered,59,0.1,adaptive,73,38596,0.8978028076,0.8978391543,3593.417556,0.3210060513,0.09261747554
icews14_tcomplex_filtered,icews14,continuous_tcomplex,filtered,59,0.1,kgcp_minmax_static,73,38596,0.9041047834,0.9035133174,2438.691263,0.3210060513,0.09261747554
icews14_tcomplex_filtered,icews14,continuous_tcomplex,filtered,59,0.1,kgcp_negscore_static,73,38596,0.8990034007,0.8981241579,3069.778656,0.3210060513,0.09261747554
icews14_tcomplex_filtered,icews14,continuous_tcomplex,filtered,59,0.1,kgcp_softmax_static,73,38596,0.8118613483,0.8163022075,2466.415198,0.3210060513,0.09261747554
icews14_tcomplex_filtered,icews14,continuous_tcomplex,filtered,59,0.1,rolling_margin,73,38596,0.8983052721,0.8983314333,3604.555887,0.3210060513,0.09261747554
icews14_tcomplex_filtered,icews14,continuous_tcomplex,filtered,59,0.1,static_margin,73,38596,0.8114824945,0.8160690227,2501.628692,0.3210060513,0.09261747554
icews14_tcomplex_filtered,icews14,continuous_tcomplex,filtered,59,0.1,top1,73,38596,0.2346751317,0.2320188621,1,0.3210060513,0.09261747554
icews14_tcomplex_filtered,icews14,continuous_tcomplex,filtered,59,0.1,weighted,73,38596,0.8977249576,0.8977096072,3588.25798,0.3210060513,0.09261747554
icews14_tcomplex_filtered,icews14,continuous_tcomplex,filtered,59,0.2,adaptive,73,38596,0.8975408056,0.8976059695,3673.927868,0.3142414283,0.09262634042
icews14_tcomplex_filtered,icews14,continuous_tcomplex,filtered,59,0.2,kgcp_minmax_static,73,38596,0.9015838682,0.9011296507,2530.851384,0.3142414283,0.09262634042
icews14_tcomplex_filtered,icews14,continuous_tcomplex,filtered,59,0.2,kgcp_negscore_static,73,38596,0.8988473632,0.8978132449,3138.869779,0.3142414283,0.09262634042
icews14_tcomplex_filtered,icews14,continuous_tcomplex,filtered,59,0.2,kgcp_softmax_static,73,38596,0.8059442396,0.8106539538,2484.471551,0.3142414283,0.09262634042
icews14_tcomplex_filtered,icews14,continuous_tcomplex,filtered,59,0.2,rolling_margin,73,38596,0.898381314,0.8983314333,3688.915354,0.3142414283,0.09262634042
icews14_tcomplex_filtered,icews14,continuous_tcomplex,filtered,59,0.2,static_margin,73,38596,0.8043721862,0.8094880298,2507.306586,0.3142414283,0.09262634042
icews14_tcomplex_filtered,icews14,continuous_tcomplex,filtered,59,0.2,top1,73,38596,0.2300054036,0.2270183439,1,0.3142414283,0.09262634042
icews14_tcomplex_filtered,icews14,continuous_tcomplex,filtered,59,0.2,weighted,73,38596,0.8975053169,0.8975800601,3673.800886,0.3142414283,0.09262634042
icews14_tcomplex_filtered,icews14,continuous_tcomplex,filtered,59,0.3,adaptive,73,38596,0.8978947402,0.8975282413,3832.679604,0.3112684244,0.09260947417
icews14_tcomplex_filtered,icews14,continuous_tcomplex,filtered,59,0.3,kgcp_minmax_static,73,38596,0.901483175,0.9019328428,2400.728366,0.3112684244,0.09260947417
icews14_tcomplex_filtered,icews14,continuous_tcomplex,filtered,59,0.3,kgcp_negscore_static,73,38596,0.8966015485,0.8957404912,3079.452093,0.3112684244,0.09260947417
icews14_tcomplex_filtered,icews14,continuous_tcomplex,filtered,59,0.3,kgcp_softmax_static,73,38596,0.820063411,0.824774588,2746.507669,0.3112684244,0.09260947417
icews14_tcomplex_filtered,icews14,continuous_tcomplex,filtered,59,0.3,rolling_margin,73,38596,0.8987305241,0.8984091616,3847.780521,0.3112684244,0.09260947417
icews14_tcomplex_filtered,icews14,continuous_tcomplex,filtered,59,0.3,static_margin,73,38596,0.8198890998,0.8245673127,2781.790704,0.3112684244,0.09260947417
icews14_tcomplex_filtered,icews14,continuous_tcomplex,filtered,59,0.3,top1,73,38596,0.2272459462,0.2248160431,1,0.3112684244,0.09260947417
icews14_tcomplex_filtered,icews14,continuous_tcomplex,filtered,59,0.3,weighted,73,38596,0.8977603984,0.8973986942,3827.759509,0.3112684244,0.09260947417
icews14_tcomplex_filtered,icews14,continuous_tcomplex,filtered,71,0,adaptive,73,38596,0.897708122,0.8976836978,3667.92906,0.3209539247,0.09260796714
icews14_tcomplex_filtered,icews14,continuous_tcomplex,filtered,71,0,kgcp_minmax_static,73,38596,0.9035659022,0.9031505856,2200.326485,0.3209539247,0.09260796714
icews14_tcomplex_filtered,icews14,continuous_tcomplex,filtered,71,0,kgcp_negscore_static,73,38596,0.8978373032,0.8970877811,2816.581537,0.3209539247,0.09260796714
icews14_tcomplex_filtered,icews14,continuous_tcomplex,filtered,71,0,kgcp_softmax_static,73,38596,0.8124116275,0.8164058452,2507.857032,0.3209539247,0.09260796714
icews14_tcomplex_filtered,icews14,continuous_tcomplex,filtered,71,0,rolling_margin,73,38596,0.898231385,0.8982018862,3677.728262,0.3209539247,0.09260796714
icews14_tcomplex_filtered,icews14,continuous_tcomplex,filtered,71,0,static_margin,73,38596,0.8117741125,0.8160690227,2547.557908,0.3209539247,0.09260796714
icews14_tcomplex_filtered,icews14,continuous_tcomplex,filtered,71,0,top1,73,38596,0.2354471855,0.2321224997,1,0.3209539247,0.09260796714
icews14_tcomplex_filtered,icews14,continuous_tcomplex,filtered,71,0,weighted,73,38596,0.8974501576,0.8973986942,3663.372577,0.3209539247,0.09260796714
icews14_tcomplex_filtered,icews14,continuous_tcomplex,filtered,71,0.1,adaptive,73,38596,0.8981276794,0.8983573427,3666.882319,0.3174261616,0.09260795702
icews14_tcomplex_filtered,icews14,continuous_tcomplex,filtered,71,0.1,kgcp_minmax_static,73,38596,0.903482258,0.903668774,2280.293424,0.3174261616,0.09260795702
icews14_tcomplex_filtered,icews14,continuous_tcomplex,filtered,71,0.1,kgcp_negscore_static,73,38596,0.9003103275,0.8996787232,2956.717795,0.3174261616,0.09260795702
icews14_tcomplex_filtered,icews14,continuous_tcomplex,filtered,71,0.1,kgcp_softmax_static,73,38596,0.8073112888,0.8117421494,2466.630039,0.3174261616,0.09260795702
icews14_tcomplex_filtered,icews14,continuous_tcomplex,filtered,71,0.1,rolling_margin,73,38596,0.8991569409,0.8994714478,3687.930666,0.3174261616,0.09260795702
icews14_tcomplex_filtered,icews14,continuous_tcomplex,filtered,71,0.1,static_margin,73,38596,0.8084160212,0.8129598922,2507.469116,0.3174261616,0.09260795702
icews14_tcomplex_filtered,icews14,continuous_tcomplex,filtered,71,0.1,top1,73,38596,0.2332284144,0.2295056483,1,0.3174261616,0.09260795702
icews14_tcomplex_filtered,icews14,continuous_tcomplex,filtered,71,0.1,weighted,73,38596,0.8981276794,0.8983573427,3666.882319,0.3174261616,0.09260795702
icews14_tcomplex_filtered,icews14,continuous_tcomplex,filtered,71,0.2,adaptive,73,38596,0.8980036274,0.898435071,3778.782128,0.3166617398,0.09260162129
icews14_tcomplex_filtered,icews14,continuous_tcomplex,filtered,71,0.2,kgcp_minmax_static,73,38596,0.9045780994,0.9050678827,2325.204581,0.3166617398,0.09260162129
icews14_tcomplex_filtered,icews14,continuous_tcomplex,filtered,71,0.2,kgcp_negscore_static,73,38596,0.8964370231,0.8961809514,2942.236631,0.3166617398,0.09260162129
icews14_tcomplex_filtered,icews14,continuous_tcomplex,filtered,71,0.2,kgcp_softmax_static,73,38596,0.8164352632,0.8206808996,2639.109908,0.3166617398,0.09260162129
icews14_tcomplex_filtered,icews14,continuous_tcomplex,filtered,71,0.2,rolling_margin,73,38596,0.898855378,0.899238263,3793.773396,0.3166617398,0.09260162129
icews14_tcomplex_filtered,icews14,continuous_tcomplex,filtered,71,0.2,static_margin,73,38596,0.8159210073,0.8202663488,2685.116152,0.3166617398,0.09260162129
icews14_tcomplex_filtered,icews14,continuous_tcomplex,filtered,71,0.2,top1,73,38596,0.2342893628,0.2310083947,1,0.3166617398,0.09260162129
icews14_tcomplex_filtered,icews14,continuous_tcomplex,filtered,71,0.2,weighted,73,38596,0.8977524921,0.8982277956,3776.582988,0.3166617398,0.09260162129
icews14_tcomplex_filtered,icews14,continuous_tcomplex,filtered,71,0.3,adaptive,73,38596,0.898672965,0.8989791688,3807.931133,0.311924155,0.09259298848
icews14_tcomplex_filtered,icews14,continuous_tcomplex,filtered,71,0.3,kgcp_minmax_static,73,38596,0.9003842176,0.9007151,2494.113172,0.311924155,0.09259298848
icews14_tcomplex_filtered,icews14,continuous_tcomplex,filtered,71,0.3,kgcp_negscore_static,73,38596,0.8961060523,0.8963882268,3056.835864,0.311924155,0.09259298848
icews14_tcomplex_filtered,icews14,continuous_tcomplex,filtered,71,0.3,kgcp_softmax_static,73,38596,0.8046292365,0.8089957509,2587.876723,0.311924155,0.09259298848
icews14_tcomplex_filtered,icews14,continuous_tcomplex,filtered,71,0.3,rolling_margin,73,38596,0.8996784917,0.9000155457,3823.242668,0.311924155,0.09259298848
icews14_tcomplex_filtered,icews14,continuous_tcomplex,filtered,71,0.3,static_margin,73,38596,0.8056373345,0.8102134936,2634.341408,0.311924155,0.09259298848
icews14_tcomplex_filtered,icews14,continuous_tcomplex,filtered,71,0.3,top1,73,38596,0.2287338918,0.2258006011,1,0.311924155,0.09259298848
icews14_tcomplex_filtered,icews14,continuous_tcomplex,filtered,71,0.3,weighted,73,38596,0.8982114146,0.8986164369,3803.865116,0.311924155,0.09259298848
icews05_15_distmult_filtered,icews05_15,temporal_distmult,filtered,17,0,adaptive,804,190310,0.8988582442,0.8992643582,3748.155588,0.3288742439,0.1110260257
icews05_15_distmult_filtered,icews05_15,temporal_distmult,filtered,17,0,kgcp_minmax_static,804,190310,0.8533415775,0.8514844202,1677.494015,0.3288742439,0.1110260257
icews05_15_distmult_filtered,icews05_15,temporal_distmult,filtered,17,0,kgcp_negscore_static,804,190310,0.8314847592,0.8290998897,1967.630251,0.3288742439,0.1110260257
icews05_15_distmult_filtered,icews05_15,temporal_distmult,filtered,17,0,kgcp_softmax_static,804,190310,0.804762284,0.801896905,1927.193784,0.3288742439,0.1110260257
icews05_15_distmult_filtered,icews05_15,temporal_distmult,filtered,17,0,rolling_margin,804,190310,0.8999414047,0.9003152751,3782.360359,0.3288742439,0.1110260257
icews05_15_distmult_filtered,icews05_15,temporal_distmult,filtered,17,0,static_margin,804,190310,0.8025806458,0.7995901424,1973.302501,0.3288742439,0.1110260257
icews05_15_distmult_filtered,icews05_15,temporal_distmult,filtered,17,0,top1,804,190310,0.2287833905,0.2272082392,1,0.3288742439,0.1110260257
icews05_15_distmult_filtered,icews05_15,temporal_distmult,filtered,17,0,weighted,804,190310,0.8988582442,0.8992643582,3748.115191,0.3288742439,0.1110260257
icews05_15_distmult_filtered,icews05_15,temporal_distmult,filtered,17,0.1,adaptive,804,190310,0.8990629301,0.8992223215,3904.194929,0.328831704,0.1110275443
icews05_15_distmult_filtered,icews05_15,temporal_distmult,filtered,17,0.1,kgcp_minmax_static,804,190310,0.8538463349,0.8522883716,1742.234008,0.328831704,0.1110275443
icews05_15_distmult_filtered,icews05_15,temporal_distmult,filtered,17,0.1,kgcp_negscore_static,804,190310,0.8310202119,0.8288056329,1961.330492,0.328831704,0.1110275443
icews05_15_distmult_filtered,icews05_15,temporal_distmult,filtered,17,0.1,kgcp_softmax_static,804,190310,0.80136574,0.7985129526,1990.10475,0.328831704,0.1110275443
icews05_15_distmult_filtered,icews05_15,temporal_distmult,filtered,17,0.1,rolling_margin,804,190310,0.9001610778,0.9003152751,3935.660869,0.328831704,0.1110275443
icews05_15_distmult_filtered,icews05_15,temporal_distmult,filtered,17,0.1,static_margin,804,190310,0.7978043705,0.7951132363,2030.106316,0.328831704,0.1110275443
icews05_15_distmult_filtered,icews05_15,temporal_distmult,filtered,17,0.1,top1,804,190310,0.230547919,0.2292890547,1,0.328831704,0.1110275443
icews05_15_distmult_filtered,icews05_15,temporal_distmult,filtered,17,0.1,weighted,804,190310,0.898998094,0.8991697756,3903.561883,0.328831704,0.1110275443
icews05_15_distmult_filtered,icews05_15,temporal_distmult,filtered,17,0.2,adaptive,804,190310,0.8993798947,0.8995218328,4160.172224,0.3252309361,0.110893134
icews05_15_distmult_filtered,icews05_15,temporal_distmult,filtered,17,0.2,kgcp_minmax_static,804,190310,0.8532786507,0.8511586359,1776.410998,0.3252309361,0.110893134
icews05_15_distmult_filtered,icews05_15,temporal_distmult,filtered,17,0.2,kgcp_negscore_static,804,190310,0.8309616344,0.82865325,2040.273979,0.3252309361,0.110893134
icews05_15_distmult_filtered,icews05_15,temporal_distmult,filtered,17,0.2,kgcp_softmax_static,804,190310,0.8014853517,0.7989911198,2168.933845,0.3252309361,0.110893134
icews05_15_distmult_filtered,icews05_15,temporal_distmult,filtered,17,0.2,rolling_margin,804,190310,0.8999549,0.9000472913,4180.383327,0.3252309361,0.110893134
icews05_15_distmult_filtered,icews05_15,temporal_distmult,filtered,17,0.2,static_margin,804,190310,0.7983368707,0.7957700594,2211.86523,0.3252309361,0.110893134
icews05_15_distmult_filtered,icews05_15,temporal_distmult,filtered,17,0.2,top1,804,190310,0.2295633807,0.2281015186,1,0.3252309361,0.110893134
icews05_15_distmult_filtered,icews05_15,temporal_distmult,filtered,17,0.2,weighted,804,190310,0.8989921277,0.8990699385,4148.106983,0.3252309361,0.110893134
icews05_15_distmult_filtered,icews05_15,temporal_distmult,filtered,17,0.3,adaptive,804,190310,0.899997132,0.8998371079,4587.945773,0.3274952337,0.1109112341
icews05_15_distmult_filtered,icews05_15,temporal_distmult,filtered,17,0.3,kgcp_minmax_static,804,190310,0.8571699071,0.8553360307,1843.385282,0.3274952337,0.1109112341
icews05_15_distmult_filtered,icews05_15,temporal_distmult,filtered,17,0.3,kgcp_negscore_static,804,190310,0.8349979918,0.8328989543,2240.417235,0.3274952337,0.1109112341
icews05_15_distmult_filtered,icews05_15,temporal_distmult,filtered,17,0.3,kgcp_softmax_static,804,190310,0.8002709007,0.7972255793,2463.473191,0.3274952337,0.1109112341
icews05_15_distmult_filtered,icews05_15,temporal_distmult,filtered,17,0.3,rolling_margin,804,190310,0.9006044134,0.900404603,4605.611381,0.3274952337,0.1109112341
icews05_15_distmult_filtered,icews05_15,temporal_distmult,filtered,17,0.3,static_margin,804,190310,0.7984467934,0.7952971468,2513.981052,0.3274952337,0.1109112341
icews05_15_distmult_filtered,icews05_15,temporal_distmult,filtered,17,0.3,top1,804,190310,0.2324409537,0.2306342284,1,0.3274952337,0.1109112341
icews05_15_distmult_filtered,icews05_15,temporal_distmult,filtered,17,0.3,weighted,804,190310,0.8996894093,0.8995165782,4577.731612,0.3274952337,0.1109112341
icews05_15_distmult_filtered,icews05_15,temporal_distmult,filtered,29,0,adaptive,804,190310,0.8991355255,0.8993431769,3754.292901,0.3300421371,0.1110260257
icews05_15_distmult_filtered,icews05_15,temporal_distmult,filtered,29,0,kgcp_minmax_static,804,190310,0.8560656661,0.8539540749,1814.872103,0.3300421371,0.1110260257
icews05_15_distmult_filtered,icews05_15,temporal_distmult,filtered,29,0,kgcp_negscore_static,804,190310,0.8359230788,0.8335925595,2186.850996,0.3300421371,0.1110260257
icews05_15_distmult_filtered,icews05_15,temporal_distmult,filtered,29,0,kgcp_softmax_static,804,190310,0.8095763377,0.8068467238,1908.421549,0.3300421371,0.1110260257
icews05_15_distmult_filtered,icews05_15,temporal_distmult,filtered,29,0,rolling_margin,804,190310,0.9001545063,0.9003468026,3785.60196,0.3300421371,0.1110260257
icews05_15_distmult_filtered,icews05_15,temporal_distmult,filtered,29,0,static_margin,804,190310,0.8058995518,0.8032420787,1930.517445,0.3300421371,0.1110260257
icews05_15_distmult_filtered,icews05_15,temporal_distmult,filtered,29,0,top1,804,190310,0.2309992444,0.2297567127,1,0.3300421371,0.1110260257
icews05_15_distmult_filtered,icews05_15,temporal_distmult,filtered,29,0,weighted,804,190310,0.899128712,0.8993326678,3753.622001,0.3300421371,0.1110260257
icews05_15_distmult_filtered,icews05_15,temporal_distmult,filtered,29,0.1,adaptive,804,190310,0.8990378338,0.8990804477,3923.104587,0.3292993775,0.1109067137
icews05_15_distmult_filtered,icews05_15,temporal_distmult,filtered,29,0.1,kgcp_minmax_static,804,190310,0.8555879349,0.8531658872,1836.199422,0.3292993775,0.1109067137
icews05_15_distmult_filtered,icews05_15,temporal_distmult,filtered,29,0.1,kgcp_negscore_static,804,190310,0.8367717638,0.834585676,2300.174289,0.3292993775,0.1109067137
icews05_15_distmult_filtered,icews05_15,temporal_distmult,filtered,29,0.1,kgcp_softmax_static,804,190310,0.8049759162,0.8019547055,2055.2647,0.3292993775,0.1109067137
icews05_15_distmult_filtered,icews05_15,temporal_distmult,filtered,29,0.1,rolling_margin,804,190310,0.8999604611,0.9000893279,3955.171042,0.3292993775,0.1109067137
icews05_15_distmult_filtered,icews05_15,temporal_distmult,filtered,29,0.1,static_margin,804,190310,0.801300596,0.7982186958,2085.58689,0.3292993775,0.1109067137
icews05_15_distmult_filtered,icews05_15,temporal_distmult,filtered,29,0.1,top1,804,190310,0.2316009428,0.2307550838,1,0.3292993775,0.1109067137
icews05_15_distmult_filtered,icews05_15,temporal_distmult,filtered,29,0.1,weighted,804,190310,0.898994548,0.8990594294,3922.176134,0.3292993775,0.1109067137
icews05_15_distmult_filtered,icews05_15,temporal_distmult,filtered,29,0.2,adaptive,804,190310,0.8991765048,0.8993274132,4232.757427,0.329937033,0.1109017792
icews05_15_distmult_filtered,icews05_15,temporal_distmult,filtered,29,0.2,kgcp_minmax_static,804,190310,0.8604661456,0.8585938732,1952.216337,0.329937033,0.1109017792
icews05_15_distmult_filtered,icews05_15,temporal_distmult,filtered,29,0.2,kgcp_negscore_static,804,190310,0.8366448185,0.834774841,2267.410809,0.329937033,0.1109017792
icews05_15_distmult_filtered,icews05_15,temporal_distmult,filtered,29,0.2,kgcp_softmax_static,804,190310,0.8026836413,0.8000157638,2216.903468,0.329937033,0.1109017792
icews05_15_distmult_filtered,icews05_15,temporal_distmult,filtered,29,0.2,rolling_margin,804,190310,0.9001688506,0.9003310388,4260.525726,0.329937033,0.1109017792
icews05_15_distmult_filtered,icews05_15,temporal_distmult,filtered,29,0.2,static_margin,804,190310,0.7996547714,0.7967579213,2246.89432,0.329937033,0.1109017792
icews05_15_distmult_filtered,icews05_15,temporal_distmult,filtered,29,0.2,top1,804,190310,0.2333632642,0.2317324366,1,0.329937033,0.1109017792
icews05_15_distmult_filtered,icews05_15,temporal_distmult,filtered,29,0.2,weighted,804,190310,0.8991291521,0.8992853765,4230.81487,0.329937033,0.1109017792
icews05_15_distmult_filtered,icews05_15,temporal_distmult,filtered,29,0.3,adaptive,804,190310,0.8994907642,0.8992906311,4295.326767,0.3270020296,0.110889818
icews05_15_distmult_filtered,icews05_15,temporal_distmult,filtered,29,0.3,kgcp_minmax_static,804,190310,0.8581800274,0.8561820188,2019.90681,0.3270020296,0.110889818
icews05_15_distmult_filtered,icews05_15,temporal_distmult,filtered,29,0.3,kgcp_negscore_static,804,190310,0.836323256,0.834091745,2364.275272,0.3270020296,0.110889818
icews05_15_distmult_filtered,icews05_15,temporal_distmult,filtered,29,0.3,kgcp_softmax_static,804,190310,0.8016336606,0.7981083495,2354.549472,0.3270020296,0.110889818
icews05_15_distmult_filtered,icews05_15,temporal_distmult,filtered,29,0.3,rolling_margin,804,190310,0.9003948257,0.9001576375,4320.737765,0.3270020296,0.110889818
icews05_15_distmult_filtered,icews05_15,temporal_distmult,filtered,29,0.3,static_margin,804,190310,0.8001817191,0.796521465,2414.262382,0.3270020296,0.110889818
icews05_15_distmult_filtered,icews05_15,temporal_distmult,filtered,29,0.3,top1,804,190310,0.2312913856,0.2300141874,1,0.3270020296,0.110889818
icews05_15_distmult_filtered,icews05_15,temporal_distmult,filtered,29,0.3,weighted,804,190310,0.8994213319,0.8992118123,4292.367316,0.3270020296,0.110889818
icews05_15_distmult_filtered,icews05_15,temporal_distmult,filtered,43,0,adaptive,804,190310,0.8992825054,0.8994797961,3663.070154,0.329400962,0.1110260257
icews05_15_distmult_filtered,icews05_15,temporal_distmult,filtered,43,0,kgcp_minmax_static,804,190310,0.85372021,0.8511428722,1713.200121,0.329400962,0.1110260257
icews05_15_distmult_filtered,icews05_15,temporal_distmult,filtered,43,0,kgcp_negscore_static,804,190310,0.8365158713,0.8338237612,2096.272792,0.329400962,0.1110260257
icews05_15_distmult_filtered,icews05_15,temporal_distmult,filtered,43,0,kgcp_softmax_static,804,190310,0.8092317392,0.8067731596,1903.820845,0.329400962,0.1110260257
icews05_15_distmult_filtered,icews05_15,temporal_distmult,filtered,43,0,rolling_margin,804,190310,0.9002557976,0.9004203668,3691.481457,0.329400962,0.1110260257
icews05_15_distmult_filtered,icews05_15,temporal_distmult,filtered,43,0,static_margin,804,190310,0.8055338218,0.8031159687,1923.925747,0.329400962,0.1110260257
icews05_15_distmult_filtered,icews05_15,temporal_distmult,filtered,43,0,top1,804,190310,0.2296476413,0.2278703169,1,0.329400962,0.1110260257
icews05_15_distmult_filtered,icews05_15,temporal_distmult,filtered,43,0,weighted,804,190310,0.8992849261,0.8994745415,3662.977994,0.329400962,0.1110260257
icews05_15_distmult_filtered,icews05_15,temporal_distmult,filtered,43,0.1,adaptive,804,190310,0.8985677828,0.8993694498,3926.781572,0.3300642937,0.1110374259
icews05_15_distmult_filtered,icews05_15,temporal_distmult,filtered,43,0.1,kgcp_minmax_static,804,190310,0.8551390634,0.8534233619,1810.255378,0.3300642937,0.1110374259
icews05_15_distmult_filtered,icews05_15,temporal_distmult,filtered,43,0.1,kgcp_negscore_static,804,190310,0.835406725,0.8330986286,2191.241075,0.3300642937,0.1110374259
icews05_15_distmult_filtered,icews05_15,temporal_distmult,filtered,43,0.1,kgcp_softmax_static,804,190310,0.808846939,0.8065472124,2058.93023,0.3300642937,0.1110374259
icews05_15_distmult_filtered,icews05_15,temporal_distmult,filtered,43,0.1,rolling_margin,804,190310,0.8991942926,0.9,3946.511334,0.3300642937,0.1110374259
icews05_15_distmult_filtered,icews05_15,temporal_distmult,filtered,43,0.1,static_margin,804,190310,0.8054059688,0.8029898587,2082.814729,0.3300642937,0.1110374259
icews05_15_distmult_filtered,icews05_15,temporal_distmult,filtered,43,0.1,top1,804,190310,0.2317953515,0.2306552467,1,0.3300642937,0.1110374259
icews05_15_distmult_filtered,icews05_15,temporal_distmult,filtered,43,0.1,weighted,804,190310,0.8982336625,0.8990121381,3913.653297,0.3300642937,0.1110374259
icews05_15_distmult_filtered,icews05_15,temporal_distmult,filtered,43,0.2,adaptive,804,190310,0.8991593878,0.899127739,4068.847423,0.3300092426,0.1109336102
icews05_15_distmult_filtered,icews05_15,temporal_distmult,filtered,43,0.2,kgcp_minmax_static,804,190310,0.8529977057,0.8506962325,1759.92105,0.3300092426,0.1109336102
icews05_15_distmult_filtered,icews05_15,temporal_distmult,filtered,43,0.2,kgcp_negscore_static,804,190310,0.8352630255,0.8330355735,2059.389906,0.3300092426,0.1109336102
icews05_15_distmult_filtered,icews05_15,temporal_distmult,filtered,43,0.2,kgcp_softmax_static,804,190310,0.8016886842,0.7990016289,2127.045042,0.3300092426,0.1109336102
icews05_15_distmult_filtered,icews05_15,temporal_distmult,filtered,43,0.2,rolling_margin,804,190310,0.9000897214,0.9000367821,4098.181556,0.3300092426,0.1109336102
icews05_15_distmult_filtered,icews05_15,temporal_distmult,filtered,43,0.2,static_margin,804,190310,0.799615995,0.7968367401,2167.101729,0.3300092426,0.1109336102
icews05_15_distmult_filtered,icews05_15,temporal_distmult,filtered,43,0.2,top1,804,190310,0.2327598248,0.2311491777,1,0.3300092426,0.1109336102
icews05_15_distmult_filtered,icews05_15,temporal_distmult,filtered,43,0.2,weighted,804,190310,0.8991593878,0.899127739,4068.590132,0.3300092426,0.1109336102
icews05_15_distmult_filtered,icews05_15,temporal_distmult,filtered,43,0.3,adaptive,804,190310,0.8999805058,0.8993326678,4344.532326,0.3282655138,0.1109246615
icews05_15_distmult_filtered,icews05_15,temporal_distmult,filtered,43,0.3,kgcp_minmax_static,804,190310,0.8600454104,0.8578319584,1995.914046,0.3282655138,0.1109246615
icews05_15_distmult_filtered,icews05_15,temporal_distmult,filtered,43,0.3,kgcp_negscore_static,804,190310,0.8354516595,0.8331669382,2166.299648,0.3282655138,0.1109246615
icews05_15_distmult_filtered,icews05_15,temporal_distmult,filtered,43,0.3,kgcp_softmax_static,804,190310,0.8072085639,0.8037360097,2375.793973,0.3282655138,0.1109246615
icews05_15_distmult_filtered,icews05_15,temporal_distmult,filtered,43,0.3,rolling_margin,804,190310,0.9008440517,0.9001103463,4365.318139,0.3282655138,0.1109246615
icews05_15_distmult_filtered,icews05_15,temporal_distmult,filtered,43,0.3,static_margin,804,190310,0.8050303613,0.8016026483,2417.040045,0.3282655138,0.1109246615
icews05_15_distmult_filtered,icews05_15,temporal_distmult,filtered,43,0.3,top1,804,190310,0.2323663981,0.2307130471,1,0.3282655138,0.1109246615
icews05_15_distmult_filtered,icews05_15,temporal_distmult,filtered,43,0.3,weighted,804,190310,0.8997370194,0.8990436656,4335.556802,0.3282655138,0.1109246615
icews05_15_distmult_filtered,icews05_15,temporal_distmult,filtered,59,0,adaptive,804,190310,0.8988058878,0.8989280647,3739.800273,0.3288491854,0.1110260257
icews05_15_distmult_filtered,icews05_15,temporal_distmult,filtered,59,0,kgcp_minmax_static,804,190310,0.858182256,0.8561610005,1834.059282,0.3288491854,0.1110260257
icews05_15_distmult_filtered,icews05_15,temporal_distmult,filtered,59,0,kgcp_negscore_static,804,190310,0.8387789669,0.8366770007,2079.002464,0.3288491854,0.1110260257
icews05_15_distmult_filtered,icews05_15,temporal_distmult,filtered,59,0,kgcp_softmax_static,804,190310,0.8095419317,0.8066628133,1922.912606,0.3288491854,0.1110260257
icews05_15_distmult_filtered,icews05_15,temporal_distmult,filtered,59,0,rolling_margin,804,190310,0.8999437415,0.9000525458,3768.983632,0.3288491854,0.1110260257
icews05_15_distmult_filtered,icews05_15,temporal_distmult,filtered,59,0,static_margin,804,190310,0.8047282814,0.8017392675,1934.953418,0.3288491854,0.1110260257
icews05_15_distmult_filtered,icews05_15,temporal_distmult,filtered,59,0,top1,804,190310,0.2300913831,0.2287110504,1,0.3288491854,0.1110260257
icews05_15_distmult_filtered,icews05_15,temporal_distmult,filtered,59,0,weighted,804,190310,0.898810903,0.8989333193,3739.771021,0.3288491854,0.1110260257
icews05_15_distmult_filtered,icews05_15,temporal_distmult,filtered,59,0.1,adaptive,804,190310,0.8989395055,0.8990541748,3855.666087,0.3281032165,0.1110498586
icews05_15_distmult_filtered,icews05_15,temporal_distmult,filtered,59,0.1,kgcp_minmax_static,804,190310,0.8583477343,0.8562135463,1893.85563,0.3281032165,0.1110498586
icews05_15_distmult_filtered,icews05_15,temporal_distmult,filtered,59,0.1,kgcp_negscore_static,804,190310,0.8352030751,0.8328516631,2099.265646,0.3281032165,0.1110498586
icews05_15_distmult_filtered,icews05_15,temporal_distmult,filtered,59,0.1,kgcp_softmax_static,804,190310,0.809841526,0.8068414692,2032.811959,0.3281032165,0.1110498586
icews05_15_distmult_filtered,icews05_15,temporal_distmult,filtered,59,0.1,rolling_margin,804,190310,0.8999918307,0.9001628921,3890.744212,0.3281032165,0.1110498586
icews05_15_distmult_filtered,icews05_15,temporal_distmult,filtered,59,0.1,static_margin,804,190310,0.806495878,0.80354159,2059.368993,0.3281032165,0.1110498586
icews05_15_distmult_filtered,icews05_15,temporal_distmult,filtered,59,0.1,top1,804,190310,0.230003694,0.2280542273,1,0.3281032165,0.1110498586
icews05_15_distmult_filtered,icews05_15,temporal_distmult,filtered,59,0.1,weighted,804,190310,0.8989395055,0.8990541748,3855.663644,0.3281032165,0.1110498586
icews05_15_distmult_filtered,icews05_15,temporal_distmult,filtered,59,0.2,adaptive,804,190310,0.8998132406,0.8994114865,4214.615375,0.3293480549,0.1110582452
icews05_15_distmult_filtered,icews05_15,temporal_distmult,filtered,59,0.2,kgcp_minmax_static,804,190310,0.856865789,0.8546634439,1939.068231,0.3293480549,0.1110582452
icews05_15_distmult_filtered,icews05_15,temporal_distmult,filtered,59,0.2,kgcp_negscore_static,804,190310,0.8331330059,0.8302979349,2086.753124,0.3293480549,0.1110582452
icews05_15_distmult_filtered,icews05_15,temporal_distmult,filtered,59,0.2,kgcp_softmax_static,804,190310,0.8011191164,0.7974094898,2193.985093,0.3293480549,0.1110582452
icews05_15_distmult_filtered,icews05_15,temporal_distmult,filtered,59,0.2,rolling_margin,804,190310,0.9006070548,0.900152383,4241.803804,0.3293480549,0.1110582452
icews05_15_distmult_filtered,icews05_15,temporal_distmult,filtered,59,0.2,static_margin,804,190310,0.7989027147,0.7952708738,2241.562598,0.3293480549,0.1110582452
icews05_15_distmult_filtered,icews05_15,temporal_distmult,filtered,59,0.2,top1,804,190310,0.2326030538,0.2312910514,1,0.3293480549,0.1110582452
icews05_15_distmult_filtered,icews05_15,temporal_distmult,filtered,59,0.2,weighted,804,190310,0.8997430025,0.899316904,4212.109537,0.3293480549,0.1110582452
icews05_15_distmult_filtered,icews05_15,temporal_distmult,filtered,59,0.3,adaptive,804,190310,0.8996311692,0.8996216699,3894.371657,0.3264139066,0.1109319215
icews05_15_distmult_filtered,icews05_15,temporal_distmult,filtered,59,0.3,kgcp_minmax_static,804,190310,0.8596943773,0.8573064999,2207.923451,0.3264139066,0.1109319215
icews05_15_distmult_filtered,icews05_15,temporal_distmult,filtered,59,0.3,kgcp_negscore_static,804,190310,0.8354234116,0.8327465714,2573.884688,0.3264139066,0.1109319215
icews05_15_distmult_filtered,icews05_15,temporal_distmult,filtered,59,0.3,kgcp_softmax_static,804,190310,0.8086108477,0.805617151,2046.695376,0.3264139066,0.1109319215
icews05_15_distmult_filtered,icews05_15,temporal_distmult,filtered,59,0.3,rolling_margin,804,190310,0.9002352945,0.9001944196,3913.220545,0.3264139066,0.1109319215
icews05_15_distmult_filtered,icews05_15,temporal_distmult,filtered,59,0.3,static_margin,804,190310,0.8056514892,0.8025852556,2077.963996,0.3264139066,0.1109319215
icews05_15_distmult_filtered,icews05_15,temporal_distmult,filtered,59,0.3,top1,804,190310,0.2272548982,0.2261310493,1,0.3264139066,0.1109319215
icews05_15_distmult_filtered,icews05_15,temporal_distmult,filtered,59,0.3,weighted,804,190310,0.8992592428,0.8992118123,3881.911786,0.3264139066,0.1109319215
icews05_15_distmult_filtered,icews05_15,temporal_distmult,filtered,71,0,adaptive,804,190310,0.8988402787,0.8989806106,3720.656933,0.3246146726,0.1110260257
icews05_15_distmult_filtered,icews05_15,temporal_distmult,filtered,71,0,kgcp_minmax_static,804,190310,0.8504862952,0.8482528506,1712.88276,0.3246146726,0.1110260257
icews05_15_distmult_filtered,icews05_15,temporal_distmult,filtered,71,0,kgcp_negscore_static,804,190310,0.8334606895,0.8311964689,1940.272088,0.3246146726,0.1110260257
icews05_15_distmult_filtered,icews05_15,temporal_distmult,filtered,71,0,kgcp_softmax_static,804,190310,0.8061293392,0.8029320582,1876.375041,0.3246146726,0.1110260257
icews05_15_distmult_filtered,icews05_15,temporal_distmult,filtered,71,0,rolling_margin,804,190310,0.8997332338,0.8999211812,3754.345689,0.3246146726,0.1110260257
icews05_15_distmult_filtered,icews05_15,temporal_distmult,filtered,71,0,static_margin,804,190310,0.8022023971,0.7990962114,1894.972398,0.3246146726,0.1110260257
icews05_15_distmult_filtered,icews05_15,temporal_distmult,filtered,71,0,top1,804,190310,0.2256802849,0.2238242867,1,0.3246146726,0.1110260257
icews05_15_distmult_filtered,icews05_15,temporal_distmult,filtered,71,0,weighted,804,190310,0.8988258161,0.898975356,3720.561626,0.3246146726,0.1110260257
icews05_15_distmult_filtered,icews05_15,temporal_distmult,filtered,71,0.1,adaptive,804,190310,0.8993859564,0.8993379223,3881.517571,0.3261501128,0.1110292144
icews05_15_distmult_filtered,icews05_15,temporal_distmult,filtered,71,0.1,kgcp_minmax_static,804,190310,0.8519944643,0.8503126478,1619.966775,0.3261501128,0.1110292144
icews05_15_distmult_filtered,icews05_15,temporal_distmult,filtered,71,0.1,kgcp_negscore_static,804,190310,0.8337335729,0.8311018864,1852.180132,0.3261501128,0.1110292144
icews05_15_distmult_filtered,icews05_15,temporal_distmult,filtered,71,0.1,kgcp_softmax_static,804,190310,0.8001456157,0.7969733593,1992.342898,0.3261501128,0.1110292144
icews05_15_distmult_filtered,icews05_15,temporal_distmult,filtered,71,0.1,rolling_margin,804,190310,0.9002205874,0.9002312017,3909.380343,0.3261501128,0.1110292144
icews05_15_distmult_filtered,icews05_15,temporal_distmult,filtered,71,0.1,static_margin,804,190310,0.796358927,0.7930534391,2019.921906,0.3261501128,0.1110292144
icews05_15_distmult_filtered,icews05_15,temporal_distmult,filtered,71,0.1,top1,804,190310,0.2255243735,0.2242551626,1,0.3261501128,0.1110292144
icews05_15_distmult_filtered,icews05_15,temporal_distmult,filtered,71,0.1,weighted,804,190310,0.8993045396,0.8992643582,3879.335815,0.3261501128,0.1110292144
icews05_15_distmult_filtered,icews05_15,temporal_distmult,filtered,71,0.2,adaptive,804,190310,0.8988280617,0.8990279018,3910.273307,0.326055283,0.111026196
icews05_15_distmult_filtered,icews05_15,temporal_distmult,filtered,71,0.2,kgcp_minmax_static,804,190310,0.8565578769,0.8545163155,1734.599175,0.326055283,0.111026196
icews05_15_distmult_filtered,icews05_15,temporal_distmult,filtered,71,0.2,kgcp_negscore_static,804,190310,0.8353629071,0.8334244128,1955.363265,0.326055283,0.111026196
icews05_15_distmult_filtered,icews05_15,temporal_distmult,filtered,71,0.2,kgcp_softmax_static,804,190310,0.8078774125,0.8051442383,2125.19185,0.326055283,0.111026196
icews05_15_distmult_filtered,icews05_15,temporal_distmult,filtered,71,0.2,rolling_margin,804,190310,0.8997142936,0.899936945,3939.134044,0.326055283,0.111026196
icews05_15_distmult_filtered,icews05_15,temporal_distmult,filtered,71,0.2,static_margin,804,190310,0.8049525708,0.8021806526,2160.120635,0.326055283,0.111026196
icews05_15_distmult_filtered,icews05_15,temporal_distmult,filtered,71,0.2,top1,804,190310,0.2285364126,0.2267826178,1,0.326055283,0.111026196
icews05_15_distmult_filtered,icews05_15,temporal_distmult,filtered,71,0.2,weighted,804,190310,0.8987853317,0.898975356,3908.674253,0.326055283,0.111026196
icews05_15_distmult_filtered,icews05_15,temporal_distmult,filtered,71,0.3,adaptive,804,190310,0.8996108695,0.8995481057,4312.659929,0.3251699033,0.1109929287
icews05_15_distmult_filtered,icews05_15,temporal_distmult,filtered,71,0.3,kgcp_minmax_static,804,190310,0.858265604,0.8563922022,1843.185382,0.3251699033,0.1109929287
icews05_15_distmult_filtered,icews05_15,temporal_distmult,filtered,71,0.3,kgcp_negscore_static,804,190310,0.8336495619,0.8315485261,2001.953786,0.3251699033,0.1109929287
icews05_15_distmult_filtered,icews05_15,temporal_distmult,filtered,71,0.3,kgcp_softmax_static,804,190310,0.8054395433,0.8019179234,2348.914313,0.3251699033,0.1109929287
icews05_15_distmult_filtered,icews05_15,temporal_distmult,filtered,71,0.3,rolling_margin,804,190310,0.9003305706,0.9002364563,4331.266465,0.3251699033,0.1109929287
icews05_15_distmult_filtered,icews05_15,temporal_distmult,filtered,71,0.3,static_margin,804,190310,0.8029457161,0.7993694498,2385.092139,0.3251699033,0.1109929287
icews05_15_distmult_filtered,icews05_15,temporal_distmult,filtered,71,0.3,top1,804,190310,0.2298893674,0.2283379749,1,0.3251699033,0.1109929287
icews05_15_distmult_filtered,icews05_15,temporal_distmult,filtered,71,0.3,weighted,804,190310,0.8993393299,0.8992328306,4301.109106,0.3251699033,0.1109929287
icews05_15_tcomplex_filtered,icews05_15,continuous_tcomplex,filtered,17,0,adaptive,804,190310,0.8998888693,0.8996847249,4600.311665,0.3345945323,0.1110260257
icews05_15_tcomplex_filtered,icews05_15,continuous_tcomplex,filtered,17,0,kgcp_minmax_static,804,190310,0.8505328401,0.8486364353,1703.393658,0.3345945323,0.1110260257
icews05_15_tcomplex_filtered,icews05_15,continuous_tcomplex,filtered,17,0,kgcp_negscore_static,804,190310,0.8340222006,0.8318217645,1819.657144,0.3345945323,0.1110260257
icews05_15_tcomplex_filtered,icews05_15,continuous_tcomplex,filtered,17,0,kgcp_softmax_static,804,190310,0.8072012147,0.8041090852,2617.004156,0.3345945323,0.1110260257
icews05_15_tcomplex_filtered,icews05_15,continuous_tcomplex,filtered,17,0,rolling_margin,804,190310,0.9009688762,0.9007041143,4629.091435,0.3345945323,0.1110260257
icews05_15_tcomplex_filtered,icews05_15,continuous_tcomplex,filtered,17,0,static_margin,804,190310,0.8063368073,0.8032578425,2666.924108,0.3345945323,0.1110260257
icews05_15_tcomplex_filtered,icews05_15,continuous_tcomplex,filtered,17,0,top1,804,190310,0.2391161574,0.2373706059,1,0.3345945323,0.1110260257
icews05_15_tcomplex_filtered,icews05_15,continuous_tcomplex,filtered,17,0,weighted,804,190310,0.899879298,0.8996794703,4599.63952,0.3345945323,0.1110260257
icews05_15_tcomplex_filtered,icews05_15,continuous_tcomplex,filtered,17,0.3,adaptive,804,190310,0.8993559324,0.8994850507,4360.779103,0.3313069896,0.1109112341
icews05_15_tcomplex_filtered,icews05_15,continuous_tcomplex,filtered,17,0.3,kgcp_minmax_static,804,190310,0.8536271581,0.8517418948,1835.984131,0.3313069896,0.1109112341
icews05_15_tcomplex_filtered,icews05_15,continuous_tcomplex,filtered,17,0.3,kgcp_negscore_static,804,190310,0.8355513009,0.8336135778,2280.979339,0.3313069896,0.1109112341
icews05_15_tcomplex_filtered,icews05_15,continuous_tcomplex,filtered,17,0.3,kgcp_softmax_static,804,190310,0.8051914459,0.8020230151,2397.033971,0.3313069896,0.1109112341
icews05_15_tcomplex_filtered,icews05_15,continuous_tcomplex,filtered,17,0.3,rolling_margin,804,190310,0.9002538853,0.9004413851,4389.005596,0.3313069896,0.1109112341
icews05_15_tcomplex_filtered,icews05_15,continuous_tcomplex,filtered,17,0.3,static_margin,804,190310,0.8037346772,0.8006463139,2441.015632,0.3313069896,0.1109112341
icews05_15_tcomplex_filtered,icews05_15,continuous_tcomplex,filtered,17,0.3,top1,804,190310,0.2347674269,0.2334296674,1,0.3313069896,0.1109112341
icews05_15_tcomplex_filtered,icews05_15,continuous_tcomplex,filtered,17,0.3,weighted,804,190310,0.8993559324,0.8994850507,4360.772266,0.3313069896,0.1109112341
icews05_15_tcomplex_filtered,icews05_15,continuous_tcomplex,filtered,29,0,adaptive,804,190310,0.8989584242,0.8990594294,3786.54799,0.3285335137,0.1110260257
icews05_15_tcomplex_filtered,icews05_15,continuous_tcomplex,filtered,29,0,kgcp_minmax_static,804,190310,0.8507490791,0.8492144396,1701.885292,0.3285335137,0.1110260257
icews05_15_tcomplex_filtered,icews05_15,continuous_tcomplex,filtered,29,0,kgcp_negscore_static,804,190310,0.8356926491,0.8333245757,2081.398129,0.3285335137,0.1110260257
icews05_15_tcomplex_filtered,icews05_15,continuous_tcomplex,filtered,29,0,kgcp_softmax_static,804,190310,0.8022080306,0.7994640324,1883.582707,0.3285335137,0.1110260257
icews05_15_tcomplex_filtered,icews05_15,continuous_tcomplex,filtered,29,0,rolling_margin,804,190310,0.8998368283,0.8999632179,3813.754595,0.3285335137,0.1110260257
icews05_15_tcomplex_filtered,icews05_15,continuous_tcomplex,filtered,29,0,static_margin,804,190310,0.7998066277,0.7970101413,1924.802475,0.3285335137,0.1110260257
icews05_15_tcomplex_filtered,icews05_15,continuous_tcomplex,filtered,29,0,top1,804,190310,0.2279019712,0.2262834323,1,0.3285335137,0.1110260257
icews05_15_tcomplex_filtered,icews05_15,continuous_tcomplex,filtered,29,0,weighted,804,190310,0.8989302672,0.8990173927,3785.601119,0.3285335137,0.1110260257
icews05_15_tcomplex_filtered,icews05_15,continuous_tcomplex,filtered,29,0.3,adaptive,804,190310,0.899291313,0.8990121381,4275.904797,0.3287625027,0.110889818
icews05_15_tcomplex_filtered,icews05_15,continuous_tcomplex,filtered,29,0.3,kgcp_minmax_static,804,190310,0.8522594086,0.8504335032,1878.569255,0.3287625027,0.110889818
icews05_15_tcomplex_filtered,icews05_15,continuous_tcomplex,filtered,29,0.3,kgcp_negscore_static,804,190310,0.8333321776,0.8311596868,2103.661179,0.3287625027,0.110889818
icews05_15_tcomplex_filtered,icews05_15,continuous_tcomplex,filtered,29,0.3,kgcp_softmax_static,804,190310,0.8010455016,0.798013767,2282.170065,0.3287625027,0.110889818
icews05_15_tcomplex_filtered,icews05_15,continuous_tcomplex,filtered,29,0.3,rolling_margin,804,190310,0.9002205328,0.899936945,4306.892885,0.3287625027,0.110889818
icews05_15_tcomplex_filtered,icews05_15,continuous_tcomplex,filtered,29,0.3,static_margin,804,190310,0.7998592146,0.7968052125,2321.184184,0.3287625027,0.110889818
icews05_15_tcomplex_filtered,icews05_15,continuous_tcomplex,filtered,29,0.3,top1,804,190310,0.2323016963,0.2308864484,1,0.3287625027,0.110889818
icews05_15_tcomplex_filtered,icews05_15,continuous_tcomplex,filtered,29,0.3,weighted,804,190310,0.8992484461,0.8989595922,4275.174421,0.3287625027,0.110889818
icews05_15_tcomplex_filtered,icews05_15,continuous_tcomplex,filtered,43,0,adaptive,804,190310,0.898733236,0.8989017918,3702.386743,0.3327087256,0.1110260257
icews05_15_tcomplex_filtered,icews05_15,continuous_tcomplex,filtered,43,0,kgcp_minmax_static,804,190310,0.8519114938,0.8497556618,1747.776775,0.3327087256,0.1110260257
icews05_15_tcomplex_filtered,icews05_15,continuous_tcomplex,filtered,43,0,kgcp_negscore_static,804,190310,0.8372508518,0.834801114,2235.773527,0.3327087256,0.1110260257
icews05_15_tcomplex_filtered,icews05_15,continuous_tcomplex,filtered,43,0,kgcp_softmax_static,804,190310,0.8017935704,0.7991119752,1868.297924,0.3327087256,0.1110260257
icews05_15_tcomplex_filtered,icews05_15,continuous_tcomplex,filtered,43,0,rolling_margin,804,190310,0.8997818179,0.8999264358,3731.976533,0.3327087256,0.1110260257
icews05_15_tcomplex_filtered,icews05_15,continuous_tcomplex,filtered,43,0,static_margin,804,190310,0.7988081914,0.7961221165,1895.17059,0.3327087256,0.1110260257
icews05_15_tcomplex_filtered,icews05_15,continuous_tcomplex,filtered,43,0,top1,804,190310,0.2343203421,0.2326046976,1,0.3327087256,0.1110260257
icews05_15_tcomplex_filtered,icews05_15,continuous_tcomplex,filtered,43,0,weighted,804,190310,0.8987242682,0.8988912826,3702.197494,0.3327087256,0.1110260257
icews05_15_tcomplex_filtered,icews05_15,continuous_tcomplex,filtered,43,0.3,adaptive,804,190310,0.8993252475,0.8992958857,4295.398035,0.3302501635,0.1109246615
icews05_15_tcomplex_filtered,icews05_15,continuous_tcomplex,filtered,43,0.3,kgcp_minmax_static,804,190310,0.8586786444,0.8566339131,2046.096958,0.3302501635,0.1109246615
icews05_15_tcomplex_filtered,icews05_15,continuous_tcomplex,filtered,43,0.3,kgcp_negscore_static,804,190310,0.8360352622,0.8335452682,2429.709201,0.3302501635,0.1109246615
icews05_15_tcomplex_filtered,icews05_15,continuous_tcomplex,filtered,43,0.3,kgcp_softmax_static,804,190310,0.8024057171,0.7995481057,2335.521901,0.3302501635,0.1109246615
icews05_15_tcomplex_filtered,icews05_15,continuous_tcomplex,filtered,43,0.3,rolling_margin,804,190310,0.9000631008,0.9000315275,4322.739409,0.3302501635,0.1109246615
icews05_15_tcomplex_filtered,icews05_15,continuous_tcomplex,filtered,43,0.3,static_margin,804,190310,0.7992613647,0.7964531554,2353.580616,0.3302501635,0.1109246615
icews05_15_tcomplex_filtered,icews05_15,continuous_tcomplex,filtered,43,0.3,top1,804,190310,0.2357261194,0.2341653092,1,0.3302501635,0.1109246615
icews05_15_tcomplex_filtered,icews05_15,continuous_tcomplex,filtered,43,0.3,weighted,804,190310,0.899227228,0.8991540119,4291.860754,0.3302501635,0.1109246615
icews05_15_tcomplex_filtered,icews05_15,continuous_tcomplex,filtered,59,0,adaptive,804,190310,0.8988806298,0.8989017918,3756.967716,0.3309398133,0.1110260257
icews05_15_tcomplex_filtered,icews05_15,continuous_tcomplex,filtered,59,0,kgcp_minmax_static,804,190310,0.8510545996,0.848678472,1734.33787,0.3309398133,0.1110260257
icews05_15_tcomplex_filtered,icews05_15,continuous_tcomplex,filtered,59,0,kgcp_negscore_static,804,190310,0.8374589129,0.8348746782,2225.227366,0.3309398133,0.1110260257
icews05_15_tcomplex_filtered,icews05_15,continuous_tcomplex,filtered,59,0,kgcp_softmax_static,804,190310,0.8038567319,0.8006252956,1907.614324,0.3309398133,0.1110260257
icews05_15_tcomplex_filtered,icews05_15,continuous_tcomplex,filtered,59,0,rolling_margin,804,190310,0.8997458583,0.8997898166,3786.197515,0.3309398133,0.1110260257
icews05_15_tcomplex_filtered,icews05_15,continuous_tcomplex,filtered,59,0,static_margin,804,190310,0.8003079645,0.7969208134,1932.039446,0.3309398133,0.1110260257
icews05_15_tcomplex_filtered,icews05_15,continuous_tcomplex,filtered,59,0,top1,804,190310,0.231933266,0.2302506437,1,0.3309398133,0.1110260257
icews05_15_tcomplex_filtered,icews05_15,continuous_tcomplex,filtered,59,0,weighted,804,190310,0.8988128451,0.8988387368,3755.831911,0.3309398133,0.1110260257
icews05_15_tcomplex_filtered,icews05_15,continuous_tcomplex,filtered,59,0.3,adaptive,804,190310,0.8994186512,0.8993904682,3923.192885,0.3273260666,0.1109319215
icews05_15_tcomplex_filtered,icews05_15,continuous_tcomplex,filtered,59,0.3,kgcp_minmax_static,804,190310,0.856916064,0.8545636067,2017.570385,0.3273260666,0.1109319215
icews05_15_tcomplex_filtered,icews05_15,continuous_tcomplex,filtered,59,0.3,kgcp_negscore_static,804,190310,0.8371650248,0.8347012769,2663.228054,0.3273260666,0.1109319215
icews05_15_tcomplex_filtered,icews05_15,continuous_tcomplex,filtered,59,0.3,kgcp_softmax_static,804,190310,0.8035580607,0.8001786559,2043.50825,0.3273260666,0.1109319215
icews05_15_tcomplex_filtered,icews05_15,continuous_tcomplex,filtered,59,0.3,rolling_margin,804,190310,0.9002758371,0.9002206926,3947.609322,0.3273260666,0.1109319215
icews05_15_tcomplex_filtered,icews05_15,continuous_tcomplex,filtered,59,0.3,static_margin,804,190310,0.8014099599,0.7979717303,2078.956707,0.3273260666,0.1109319215
icews05_15_tcomplex_filtered,icews05_15,continuous_tcomplex,filtered,59,0.3,top1,804,190310,0.2297472493,0.2280016815,1,0.3273260666,0.1109319215
icews05_15_tcomplex_filtered,icews05_15,continuous_tcomplex,filtered,59,0.3,weighted,804,190310,0.8992723389,0.8992170669,3916.732568,0.3273260666,0.1109319215
icews05_15_tcomplex_filtered,icews05_15,continuous_tcomplex,filtered,71,0,adaptive,804,190310,0.8995308847,0.8994745415,3767.076769,0.3304557446,0.1110260257
icews05_15_tcomplex_filtered,icews05_15,continuous_tcomplex,filtered,71,0,kgcp_minmax_static,804,190310,0.8568684437,0.8545268247,1735.80269,0.3304557446,0.1110260257
icews05_15_tcomplex_filtered,icews05_15,continuous_tcomplex,filtered,71,0,kgcp_negscore_static,804,190310,0.8386414254,0.8358467763,2130.071883,0.3304557446,0.1110260257
icews05_15_tcomplex_filtered,icews05_15,continuous_tcomplex,filtered,71,0,kgcp_softmax_static,804,190310,0.8019242616,0.7988650097,1873.708717,0.3304557446,0.1110260257
icews05_15_tcomplex_filtered,icews05_15,continuous_tcomplex,filtered,71,0,rolling_margin,804,190310,0.9001666639,0.9000525458,3786.893957,0.3304557446,0.1110260257
icews05_15_tcomplex_filtered,icews05_15,continuous_tcomplex,filtered,71,0,static_margin,804,190310,0.8001269742,0.7971099785,1915.432463,0.3304557446,0.1110260257
icews05_15_tcomplex_filtered,icews05_15,continuous_tcomplex,filtered,71,0,top1,804,190310,0.2304568156,0.2288791971,1,0.3304557446,0.1110260257
icews05_15_tcomplex_filtered,icews05_15,continuous_tcomplex,filtered,71,0,weighted,804,190310,0.8991883303,0.8990699385,3755.656193,0.3304557446,0.1110260257
icews05_15_tcomplex_filtered,icews05_15,continuous_tcomplex,filtered,71,0.3,adaptive,804,190310,0.900058216,0.899784562,4313.862361,0.3300385707,0.1109929287
icews05_15_tcomplex_filtered,icews05_15,continuous_tcomplex,filtered,71,0.3,kgcp_minmax_static,804,190310,0.8542673071,0.8523251537,1829.019899,0.3300385707,0.1109929287
icews05_15_tcomplex_filtered,icews05_15,continuous_tcomplex,filtered,71,0.3,kgcp_negscore_static,804,190310,0.8314178028,0.8292207451,2159.348479,0.3300385707,0.1109929287
icews05_15_tcomplex_filtered,icews05_15,continuous_tcomplex,filtered,71,0.3,kgcp_softmax_static,804,190310,0.8016063955,0.798355315,2303.582513,0.3300385707,0.1109929287
icews05_15_tcomplex_filtered,icews05_15,continuous_tcomplex,filtered,71,0.3,rolling_margin,804,190310,0.9006970058,0.9003993484,4334.21548,0.3300385707,0.1109929287
icews05_15_tcomplex_filtered,icews05_15,continuous_tcomplex,filtered,71,0.3,static_margin,804,190310,0.8000515083,0.7967789396,2345.211071,0.3300385707,0.1109929287
icews05_15_tcomplex_filtered,icews05_15,continuous_tcomplex,filtered,71,0.3,top1,804,190310,0.2350020942,0.2334033945,1,0.3300385707,0.1109929287
icews05_15_tcomplex_filtered,icews05_15,continuous_tcomplex,filtered,71,0.3,weighted,804,190310,0.8997750104,0.8994587778,4302.639588,0.3300385707,0.1109929287
icews05_15_distmult_uniform_sensitivity,icews05_15,temporal_distmult,uniform,17,0,adaptive,804,190310,0.8992277792,0.899190794,3477.936919,0.3285219636,0.1110260257
icews05_15_distmult_uniform_sensitivity,icews05_15,temporal_distmult,uniform,17,0,kgcp_minmax_static,804,190310,0.8519304898,0.8500604277,1650.240098,0.3285219636,0.1110260257
icews05_15_distmult_uniform_sensitivity,icews05_15,temporal_distmult,uniform,17,0,kgcp_negscore_static,804,190310,0.8312767944,0.8290946351,1990.368835,0.3285219636,0.1110260257
icews05_15_distmult_uniform_sensitivity,icews05_15,temporal_distmult,uniform,17,0,kgcp_softmax_static,804,190310,0.8030438202,0.8000945825,1762.832494,0.3285219636,0.1110260257
icews05_15_distmult_uniform_sensitivity,icews05_15,temporal_distmult,uniform,17,0,rolling_margin,804,190310,0.8999806117,0.8999211812,3499.693957,0.3285219636,0.1110260257
icews05_15_distmult_uniform_sensitivity,icews05_15,temporal_distmult,uniform,17,0,static_margin,804,190310,0.8010565007,0.7979769849,1809.809632,0.3285219636,0.1110260257
icews05_15_distmult_uniform_sensitivity,icews05_15,temporal_distmult,uniform,17,0,top1,804,190310,0.2281011781,0.2267826178,1,0.3285219636,0.1110260257
icews05_15_distmult_uniform_sensitivity,icews05_15,temporal_distmult,uniform,17,0,weighted,804,190310,0.8989966097,0.8989017918,3469.82879,0.3285219636,0.1110260257
icews05_15_distmult_uniform_sensitivity,icews05_15,temporal_distmult,uniform,17,0.3,adaptive,804,190310,0.8992889237,0.8993641953,4401.014965,0.3267274408,0.1109112341
icews05_15_distmult_uniform_sensitivity,icews05_15,temporal_distmult,uniform,17,0.3,kgcp_minmax_static,804,190310,0.8580649522,0.8561872734,1860.834407,0.3267274408,0.1109112341
icews05_15_distmult_uniform_sensitivity,icews05_15,temporal_distmult,uniform,17,0.3,kgcp_negscore_static,804,190310,0.8342027975,0.8321895854,2189.102123,0.3267274408,0.1109112341
icews05_15_distmult_uniform_sensitivity,icews05_15,temporal_distmult,uniform,17,0.3,kgcp_softmax_static,804,190310,0.8006467279,0.7981503862,2365.70135,0.3267274408,0.1109112341
icews05_15_distmult_uniform_sensitivity,icews05_15,temporal_distmult,uniform,17,0.3,rolling_margin,804,190310,0.8999632825,0.9000052546,4421.320167,0.3267274408,0.1109112341
icews05_15_distmult_uniform_sensitivity,icews05_15,temporal_distmult,uniform,17,0.3,static_margin,804,190310,0.7987946267,0.7962639903,2409.290205,0.3267274408,0.1109112341
icews05_15_distmult_uniform_sensitivity,icews05_15,temporal_distmult,uniform,17,0.3,top1,804,190310,0.2324452831,0.2302769166,1,0.3267274408,0.1109112341
icews05_15_distmult_uniform_sensitivity,icews05_15,temporal_distmult,uniform,17,0.3,weighted,804,190310,0.8989869703,0.8989911198,4387.80629,0.3267274408,0.1109112341
icews05_15_distmult_uniform_sensitivity,icews05_15,temporal_distmult,uniform,29,0,adaptive,804,190310,0.8996572808,0.8991697756,3558.477521,0.3302162932,0.1110260257
icews05_15_distmult_uniform_sensitivity,icews05_15,temporal_distmult,uniform,29,0,kgcp_minmax_static,804,190310,0.8550698365,0.8531553781,1817.798539,0.3302162932,0.1110260257
icews05_15_distmult_uniform_sensitivity,icews05_15,temporal_distmult,uniform,29,0,kgcp_negscore_static,804,190310,0.8355726196,0.8332510115,2166.758084,0.3302162932,0.1110260257
icews05_15_distmult_uniform_sensitivity,icews05_15,temporal_distmult,uniform,29,0,kgcp_softmax_static,804,190310,0.8078036619,0.804934055,1811.953728,0.3302162932,0.1110260257
icews05_15_distmult_uniform_sensitivity,icews05_15,temporal_distmult,uniform,29,0,rolling_margin,804,190310,0.9004928547,0.8999159266,3580.762256,0.3302162932,0.1110260257
icews05_15_distmult_uniform_sensitivity,icews05_15,temporal_distmult,uniform,29,0,static_margin,804,190310,0.8045478129,0.801518575,1852.944632,0.3302162932,0.1110260257
icews05_15_distmult_uniform_sensitivity,icews05_15,temporal_distmult,uniform,29,0,top1,804,190310,0.2307935899,0.2296568756,1,0.3302162932,0.1110260257
icews05_15_distmult_uniform_sensitivity,icews05_15,temporal_distmult,uniform,29,0,weighted,804,190310,0.8994717716,0.8989648468,3552.952341,0.3302162932,0.1110260257
icews05_15_distmult_uniform_sensitivity,icews05_15,temporal_distmult,uniform,29,0.3,adaptive,804,190310,0.8992602991,0.8993431769,4264.5839,0.3262246298,0.110889818
icews05_15_distmult_uniform_sensitivity,icews05_15,temporal_distmult,uniform,29,0.3,kgcp_minmax_static,804,190310,0.8571411905,0.8549944827,2023.387216,0.3262246298,0.110889818
icews05_15_distmult_uniform_sensitivity,icews05_15,temporal_distmult,uniform,29,0.3,kgcp_negscore_static,804,190310,0.8354721001,0.832940991,2329.895287,0.3262246298,0.110889818
icews05_15_distmult_uniform_sensitivity,icews05_15,temporal_distmult,uniform,29,0.3,kgcp_softmax_static,804,190310,0.8000876903,0.7970416689,2295.26667,0.3262246298,0.110889818
icews05_15_distmult_uniform_sensitivity,icews05_15,temporal_distmult,uniform,29,0.3,rolling_margin,804,190310,0.9000879155,0.900063055,4284.587631,0.3262246298,0.110889818
icews05_15_distmult_uniform_sensitivity,icews05_15,temporal_distmult,uniform,29,0.3,static_margin,804,190310,0.798031688,0.7948872892,2340.743639,0.3262246298,0.110889818
icews05_15_distmult_uniform_sensitivity,icews05_15,temporal_distmult,uniform,29,0.3,top1,804,190310,0.2303257264,0.2292207451,1,0.3262246298,0.110889818
icews05_15_distmult_uniform_sensitivity,icews05_15,temporal_distmult,uniform,29,0.3,weighted,804,190310,0.8990028255,0.8990331564,4257.074831,0.3262246298,0.110889818
icews05_15_distmult_uniform_sensitivity,icews05_15,temporal_distmult,uniform,43,0,adaptive,804,190310,0.8993611814,0.8988702643,3368.493295,0.3282632466,0.1110260257
icews05_15_distmult_uniform_sensitivity,icews05_15,temporal_distmult,uniform,43,0,kgcp_minmax_static,804,190310,0.8546437685,0.8518574957,1726.698592,0.3282632466,0.1110260257
icews05_15_distmult_uniform_sensitivity,icews05_15,temporal_distmult,uniform,43,0,kgcp_negscore_static,804,190310,0.8359156718,0.8331879565,2075.274074,0.3282632466,0.1110260257
icews05_15_distmult_uniform_sensitivity,icews05_15,temporal_distmult,uniform,43,0,kgcp_softmax_static,804,190310,0.808762345,0.8052545846,1760.735327,0.3282632466,0.1110260257
icews05_15_distmult_uniform_sensitivity,icews05_15,temporal_distmult,uniform,43,0,rolling_margin,804,190310,0.9003366563,0.899810835,3398.924528,0.3282632466,0.1110260257
icews05_15_distmult_uniform_sensitivity,icews05_15,temporal_distmult,uniform,43,0,static_margin,804,190310,0.8047399212,0.8012821186,1785.44149,0.3282632466,0.1110260257
icews05_15_distmult_uniform_sensitivity,icews05_15,temporal_distmult,uniform,43,0,top1,804,190310,0.2289224442,0.2271924754,1,0.3282632466,0.1110260257
icews05_15_distmult_uniform_sensitivity,icews05_15,temporal_distmult,uniform,43,0,weighted,804,190310,0.8993611814,0.8988702643,3368.474105,0.3282632466,0.1110260257
icews05_15_distmult_uniform_sensitivity,icews05_15,temporal_distmult,uniform,43,0.3,adaptive,804,190310,0.8999185229,0.8993484315,4267.628007,0.3276060305,0.1109246615
icews05_15_distmult_uniform_sensitivity,icews05_15,temporal_distmult,uniform,43,0.3,kgcp_minmax_static,804,190310,0.8600095593,0.8578687405,2024.364999,0.3276060305,0.1109246615
icews05_15_distmult_uniform_sensitivity,icews05_15,temporal_distmult,uniform,43,0.3,kgcp_negscore_static,804,190310,0.8359715306,0.8335452682,2221.525238,0.3276060305,0.1109246615
icews05_15_distmult_uniform_sensitivity,icews05_15,temporal_distmult,uniform,43,0.3,kgcp_softmax_static,804,190310,0.8064842961,0.8029162945,2312.013436,0.3276060305,0.1109246615
icews05_15_distmult_uniform_sensitivity,icews05_15,temporal_distmult,uniform,43,0.3,rolling_margin,804,190310,0.9005471686,0.8998949083,4284.756571,0.3276060305,0.1109246615
icews05_15_distmult_uniform_sensitivity,icews05_15,temporal_distmult,uniform,43,0.3,static_margin,804,190310,0.8054293948,0.8020072513,2367.275971,0.3276060305,0.1109246615
icews05_15_distmult_uniform_sensitivity,icews05_15,temporal_distmult,uniform,43,0.3,top1,804,190310,0.2316227734,0.2303084441,1,0.3276060305,0.1109246615
icews05_15_distmult_uniform_sensitivity,icews05_15,temporal_distmult,uniform,43,0.3,weighted,804,190310,0.8995230668,0.8988912826,4256.132342,0.3276060305,0.1109246615
icews05_15_distmult_uniform_sensitivity,icews05_15,temporal_distmult,uniform,59,0,adaptive,804,190310,0.8996722171,0.8992433398,3484.413468,0.3283259408,0.1110260257
icews05_15_distmult_uniform_sensitivity,icews05_15,temporal_distmult,uniform,59,0,kgcp_minmax_static,804,190310,0.8562791512,0.8542325679,1803.908544,0.3283259408,0.1110260257
icews05_15_distmult_uniform_sensitivity,icews05_15,temporal_distmult,uniform,59,0,kgcp_negscore_static,804,190310,0.8381546302,0.8359361043,2093.794083,0.3283259408,0.1110260257
icews05_15_distmult_uniform_sensitivity,icews05_15,temporal_distmult,uniform,59,0,kgcp_softmax_static,804,190310,0.8043816773,0.8009931165,1742.853103,0.3283259408,0.1110260257
icews05_15_distmult_uniform_sensitivity,icews05_15,temporal_distmult,uniform,59,0,rolling_margin,804,190310,0.9003006284,0.8998581262,3502.339541,0.3283259408,0.1110260257
icews05_15_distmult_uniform_sensitivity,icews05_15,temporal_distmult,uniform,59,0,static_margin,804,190310,0.8000395513,0.7966685933,1772.61413,0.3283259408,0.1110260257
icews05_15_distmult_uniform_sensitivity,icews05_15,temporal_distmult,uniform,59,0,top1,804,190310,0.229006953,0.227413168,1,0.3283259408,0.1110260257
icews05_15_distmult_uniform_sensitivity,icews05_15,temporal_distmult,uniform,59,0,weighted,804,190310,0.8993841853,0.8989333193,3473.959608,0.3283259408,0.1110260257
icews05_15_distmult_uniform_sensitivity,icews05_15,temporal_distmult,uniform,59,0.3,adaptive,804,190310,0.9000756155,0.8995375966,4351.910131,0.3284875133,0.1109319215
icews05_15_distmult_uniform_sensitivity,icews05_15,temporal_distmult,uniform,59,0.3,kgcp_minmax_static,804,190310,0.8607701981,0.8586621828,2105.127156,0.3284875133,0.1109319215
icews05_15_distmult_uniform_sensitivity,icews05_15,temporal_distmult,uniform,59,0.3,kgcp_negscore_static,804,190310,0.8334096711,0.8310651043,2148.252535,0.3284875133,0.1109319215
icews05_15_distmult_uniform_sensitivity,icews05_15,temporal_distmult,uniform,59,0.3,kgcp_softmax_static,804,190310,0.8044520968,0.8006095318,2400.292554,0.3284875133,0.1109319215
icews05_15_distmult_uniform_sensitivity,icews05_15,temporal_distmult,uniform,59,0.3,rolling_margin,804,190310,0.9006812901,0.90012611,4368.616305,0.3284875133,0.1109319215
icews05_15_distmult_uniform_sensitivity,icews05_15,temporal_distmult,uniform,59,0.3,static_margin,804,190310,0.8026719058,0.7988597551,2437.314629,0.3284875133,0.1109319215
icews05_15_distmult_uniform_sensitivity,icews05_15,temporal_distmult,uniform,59,0.3,top1,804,190310,0.2331965256,0.2315380169,1,0.3284875133,0.1109319215
icews05_15_distmult_uniform_sensitivity,icews05_15,temporal_distmult,uniform,59,0.3,weighted,804,190310,0.8997518228,0.8991750302,4341.586469,0.3284875133,0.1109319215
icews05_15_distmult_uniform_sensitivity,icews05_15,temporal_distmult,uniform,71,0,adaptive,804,190310,0.8994158204,0.8989228102,3474.841495,0.3259600756,0.1110260257
icews05_15_distmult_uniform_sensitivity,icews05_15,temporal_distmult,uniform,71,0,kgcp_minmax_static,804,190310,0.8500902043,0.8477326467,1715.45552,0.3259600756,0.1110260257
icews05_15_distmult_uniform_sensitivity,icews05_15,temporal_distmult,uniform,71,0,kgcp_negscore_static,804,190310,0.8323250358,0.8301140245,1904.179318,0.3259600756,0.1110260257
icews05_15_distmult_uniform_sensitivity,icews05_15,temporal_distmult,uniform,71,0,kgcp_softmax_static,804,190310,0.8066524669,0.8030529137,1773.700688,0.3259600756,0.1110260257
icews05_15_distmult_uniform_sensitivity,icews05_15,temporal_distmult,uniform,71,0,rolling_margin,804,190310,0.900443973,0.8999421996,3504.156434,0.3259600756,0.1110260257
icews05_15_distmult_uniform_sensitivity,icews05_15,temporal_distmult,uniform,71,0,static_margin,804,190310,0.8028398534,0.7992696127,1803.260433,0.3259600756,0.1110260257
icews05_15_distmult_uniform_sensitivity,icews05_15,temporal_distmult,uniform,71,0,top1,804,190310,0.2260428777,0.2244600914,1,0.3259600756,0.1110260257
icews05_15_distmult_uniform_sensitivity,icews05_15,temporal_distmult,uniform,71,0,weighted,804,190310,0.8993975912,0.8989017918,3473.790037,0.3259600756,0.1110260257
icews05_15_distmult_uniform_sensitivity,icews05_15,temporal_distmult,uniform,71,0.3,adaptive,804,190310,0.899736779,0.8995901424,4215.594278,0.3241946884,0.1109929287
icews05_15_distmult_uniform_sensitivity,icews05_15,temporal_distmult,uniform,71,0.3,kgcp_minmax_static,804,190310,0.8596112517,0.8576480479,1897.393994,0.3241946884,0.1109929287
icews05_15_distmult_uniform_sensitivity,icews05_15,temporal_distmult,uniform,71,0.3,kgcp_negscore_static,804,190310,0.8325095385,0.8305186275,1965.60361,0.3241946884,0.1109929287
icews05_15_distmult_uniform_sensitivity,icews05_15,temporal_distmult,uniform,71,0.3,kgcp_softmax_static,804,190310,0.8045167165,0.8010088802,2245.407882,0.3241946884,0.1109929287
icews05_15_distmult_uniform_sensitivity,icews05_15,temporal_distmult,uniform,71,0.3,rolling_margin,804,190310,0.9003780279,0.9001944196,4233.733083,0.3241946884,0.1109929287
icews05_15_distmult_uniform_sensitivity,icews05_15,temporal_distmult,uniform,71,0.3,static_margin,804,190310,0.8012923407,0.7975566181,2261.082928,0.3241946884,0.1109929287
icews05_15_distmult_uniform_sensitivity,icews05_15,temporal_distmult,uniform,71,0.3,top1,804,190310,0.2285213612,0.2267983816,1,0.3241946884,0.1109929287
icews05_15_distmult_uniform_sensitivity,icews05_15,temporal_distmult,uniform,71,0.3,weighted,804,190310,0.8994826756,0.8992906311,4206.035064,0.3241946884,0.1109929287
icews14_tcomplex_uniform_sensitivity,icews14,continuous_tcomplex,uniform,17,0,adaptive,73,38596,0.8971466585,0.8969323246,3278.789331,0.3235235306,0.09260796714
icews14_tcomplex_uniform_sensitivity,icews14,continuous_tcomplex,uniform,17,0,kgcp_minmax_static,73,38596,0.9007986405,0.9010778319,2161.502435,0.3235235306,0.09260796714
icews14_tcomplex_uniform_sensitivity,icews14,continuous_tcomplex,uniform,17,0,kgcp_negscore_static,73,38596,0.8990096208,0.898745984,2907.89631,0.3235235306,0.09260796714
icews14_tcomplex_uniform_sensitivity,icews14,continuous_tcomplex,uniform,17,0,kgcp_softmax_static,73,38596,0.8120335662,0.8152399212,2199.712354,0.3235235306,0.09260796714
icews14_tcomplex_uniform_sensitivity,icews14,continuous_tcomplex,uniform,17,0,rolling_margin,73,38596,0.8976079549,0.8974764224,3291.383589,0.3235235306,0.09260796714
icews14_tcomplex_uniform_sensitivity,icews14,continuous_tcomplex,uniform,17,0,static_margin,73,38596,0.8100889895,0.8135039901,2221.203415,0.3235235306,0.09260796714
icews14_tcomplex_uniform_sensitivity,icews14,continuous_tcomplex,uniform,17,0,top1,73,38596,0.2336273395,0.2307493004,1,0.3235235306,0.09260796714
icews14_tcomplex_uniform_sensitivity,icews14,continuous_tcomplex,uniform,17,0,weighted,73,38596,0.8968196736,0.896647321,3276.159006,0.3235235306,0.09260796714
icews14_tcomplex_uniform_sensitivity,icews14,continuous_tcomplex,uniform,17,0.3,adaptive,73,38596,0.8966349065,0.8967250492,3776.079982,0.3155281905,0.09275261871
icews14_tcomplex_uniform_sensitivity,icews14,continuous_tcomplex,uniform,17,0.3,kgcp_minmax_static,73,38596,0.899281802,0.9000673645,2374.882838,0.3155281905,0.09275261871
icews14_tcomplex_uniform_sensitivity,icews14,continuous_tcomplex,uniform,17,0.3,kgcp_negscore_static,73,38596,0.8937126318,0.8943154731,3081.286014,0.3155281905,0.09275261871
icews14_tcomplex_uniform_sensitivity,icews14,continuous_tcomplex,uniform,17,0.3,kgcp_softmax_static,73,38596,0.8215033352,0.8265105192,2746.356203,0.3155281905,0.09275261871
icews14_tcomplex_uniform_sensitivity,icews14,continuous_tcomplex,uniform,17,0.3,rolling_margin,73,38596,0.8975116289,0.8976836978,3793.12592,0.3155281905,0.09275261871
icews14_tcomplex_uniform_sensitivity,icews14,continuous_tcomplex,uniform,17,0.3,static_margin,73,38596,0.8219377043,0.8268214323,2794.384859,0.3155281905,0.09275261871
icews14_tcomplex_uniform_sensitivity,icews14,continuous_tcomplex,uniform,17,0.3,top1,73,38596,0.2323191099,0.2291947352,1,0.3155281905,0.09275261871
icews14_tcomplex_uniform_sensitivity,icews14,continuous_tcomplex,uniform,17,0.3,weighted,73,38596,0.8965805468,0.8966991398,3775.564463,0.3155281905,0.09275261871
icews14_tcomplex_uniform_sensitivity,icews14,continuous_tcomplex,uniform,29,0,adaptive,73,38596,0.8969941995,0.8979687014,3613.717328,0.3229307863,0.09260796714
icews14_tcomplex_uniform_sensitivity,icews14,continuous_tcomplex,uniform,29,0,kgcp_minmax_static,73,38596,0.8995358965,0.8995232667,1919.984506,0.3229307863,0.09260796714
icews14_tcomplex_uniform_sensitivity,icews14,continuous_tcomplex,uniform,29,0,kgcp_negscore_static,73,38596,0.8963976265,0.8958700383,2750.532957,0.3229307863,0.09260796714
icews14_tcomplex_uniform_sensitivity,icews14,continuous_tcomplex,uniform,29,0,kgcp_softmax_static,73,38596,0.8213942589,0.8252409576,2562.792155,0.3229307863,0.09260796714
icews14_tcomplex_uniform_sensitivity,icews14,continuous_tcomplex,uniform,29,0,rolling_margin,73,38596,0.8977347602,0.898745984,3631.509457,0.3229307863,0.09260796714
icews14_tcomplex_uniform_sensitivity,icews14,continuous_tcomplex,uniform,29,0,static_margin,73,38596,0.8182415756,0.8224686496,2584.977847,0.3229307863,0.09260796714
icews14_tcomplex_uniform_sensitivity,icews14,continuous_tcomplex,uniform,29,0,top1,73,38596,0.2372165263,0.233677065,1,0.3229307863,0.09260796714
icews14_tcomplex_uniform_sensitivity,icews14,continuous_tcomplex,uniform,29,0,weighted,73,38596,0.8969941995,0.8979687014,3613.676702,0.3229307863,0.09260796714
icews14_tcomplex_uniform_sensitivity,icews14,continuous_tcomplex,uniform,29,0.3,adaptive,73,38596,0.8982078905,0.8985387087,3755.788087,0.3131680843,0.09276303979
icews14_tcomplex_uniform_sensitivity,icews14,continuous_tcomplex,uniform,29,0.3,kgcp_minmax_static,73,38596,0.898727061,0.8985127993,2192.268733,0.3131680843,0.09276303979
icews14_tcomplex_uniform_sensitivity,icews14,continuous_tcomplex,uniform,29,0.3,kgcp_negscore_static,73,38596,0.8980241193,0.8971655094,2986.733366,0.3131680843,0.09276303979
icews14_tcomplex_uniform_sensitivity,icews14,continuous_tcomplex,uniform,29,0.3,kgcp_softmax_static,73,38596,0.8131641949,0.8168981242,2571.187196,0.3131680843,0.09276303979
icews14_tcomplex_uniform_sensitivity,icews14,continuous_tcomplex,uniform,29,0.3,rolling_margin,73,38596,0.8989472914,0.899238263,3768.217872,0.3131680843,0.09276303979
icews14_tcomplex_uniform_sensitivity,icews14,continuous_tcomplex,uniform,29,0.3,static_margin,73,38596,0.8122293147,0.8162762981,2621.288424,0.3131680843,0.09276303979
icews14_tcomplex_uniform_sensitivity,icews14,continuous_tcomplex,uniform,29,0.3,top1,73,38596,0.2293277925,0.2262928801,1,0.3131680843,0.09276303979
icews14_tcomplex_uniform_sensitivity,icews14,continuous_tcomplex,uniform,29,0.3,weighted,73,38596,0.8978587836,0.8982277956,3750.085993,0.3131680843,0.09276303979
icews14_tcomplex_uniform_sensitivity,icews14,continuous_tcomplex,uniform,43,0,adaptive,73,38596,0.8981001329,0.8982796145,3639.438258,0.3201278772,0.09260796714
icews14_tcomplex_uniform_sensitivity,icews14,continuous_tcomplex,uniform,43,0,kgcp_minmax_static,73,38596,0.902781832,0.9019328428,2022.623484,0.3201278772,0.09260796714
icews14_tcomplex_uniform_sensitivity,icews14,continuous_tcomplex,uniform,43,0,kgcp_negscore_static,73,38596,0.8985856728,0.8972173282,2955.892087,0.3201278772,0.09260796714
icews14_tcomplex_uniform_sensitivity,icews14,continuous_tcomplex,uniform,43,0,kgcp_softmax_static,73,38596,0.8222443169,0.8258886931,2614.146777,0.3201278772,0.09260796714
icews14_tcomplex_uniform_sensitivity,icews14,continuous_tcomplex,uniform,43,0,rolling_margin,73,38596,0.8990815948,0.899238263,3652.601928,0.3201278772,0.09260796714
icews14_tcomplex_uniform_sensitivity,icews14,continuous_tcomplex,uniform,43,0,static_margin,73,38596,0.8195999605,0.8236863924,2646.08063,0.3201278772,0.09260796714
icews14_tcomplex_uniform_sensitivity,icews14,continuous_tcomplex,uniform,43,0,top1,73,38596,0.2350574192,0.231889315,1,0.3201278772,0.09260796714
icews14_tcomplex_uniform_sensitivity,icews14,continuous_tcomplex,uniform,43,0,weighted,73,38596,0.8981903046,0.8983055239,3638.686574,0.3201278772,0.09260796714
icews14_tcomplex_uniform_sensitivity,icews14,continuous_tcomplex,uniform,43,0.3,adaptive,73,38596,0.8978110528,0.8981241579,3749.529692,0.3137556314,0.0919106766
icews14_tcomplex_uniform_sensitivity,icews14,continuous_tcomplex,uniform,43,0.3,kgcp_minmax_static,73,38596,0.899177561,0.8996009949,2276.779692,0.3137556314,0.0919106766
icews14_tcomplex_uniform_sensitivity,icews14,continuous_tcomplex,uniform,43,0.3,kgcp_negscore_static,73,38596,0.8966521785,0.8964400456,3058.734377,0.3137556314,0.0919106766
icews14_tcomplex_uniform_sensitivity,icews14,continuous_tcomplex,uniform,43,0.3,kgcp_softmax_static,73,38596,0.8138518921,0.8172867655,2618.49772,0.3137556314,0.0919106766
icews14_tcomplex_uniform_sensitivity,icews14,continuous_tcomplex,uniform,43,0.3,rolling_margin,73,38596,0.8987663633,0.8990568971,3763.914033,0.3137556314,0.0919106766
icews14_tcomplex_uniform_sensitivity,icews14,continuous_tcomplex,uniform,43,0.3,static_margin,73,38596,0.8141140224,0.8176494974,2675.824878,0.3137556314,0.0919106766
icews14_tcomplex_uniform_sensitivity,icews14,continuous_tcomplex,uniform,43,0.3,top1,73,38596,0.2310346307,0.228443362,1,0.3137556314,0.0919106766
icews14_tcomplex_uniform_sensitivity,icews14,continuous_tcomplex,uniform,43,0.3,weighted,73,38596,0.8974375612,0.8978391543,3746.217043,0.3137556314,0.0919106766
icews14_tcomplex_uniform_sensitivity,icews14,continuous_tcomplex,uniform,59,0,adaptive,73,38596,0.8967712338,0.897450513,3411.059281,0.3217736166,0.09260796714
icews14_tcomplex_uniform_sensitivity,icews14,continuous_tcomplex,uniform,59,0,kgcp_minmax_static,73,38596,0.9010917592,0.9004300964,2261.998756,0.3217736166,0.09260796714
icews14_tcomplex_uniform_sensitivity,icews14,continuous_tcomplex,uniform,59,0,kgcp_negscore_static,73,38596,0.8983237991,0.8975023318,2972.249067,0.3217736166,0.09260796714
icews14_tcomplex_uniform_sensitivity,icews14,continuous_tcomplex,uniform,59,0,kgcp_softmax_static,73,38596,0.8132942089,0.8173904032,2347.406027,0.3217736166,0.09260796714
icews14_tcomplex_uniform_sensitivity,icews14,continuous_tcomplex,uniform,59,0,rolling_margin,73,38596,0.8976423156,0.8982796145,3426.555602,0.3217736166,0.09260796714
icews14_tcomplex_uniform_sensitivity,icews14,continuous_tcomplex,uniform,59,0,static_margin,73,38596,0.8119835977,0.8163540263,2382.053607,0.3217736166,0.09260796714
icews14_tcomplex_uniform_sensitivity,icews14,continuous_tcomplex,uniform,59,0,top1,73,38596,0.2349427623,0.2317338584,1,0.3217736166,0.09260796714
icews14_tcomplex_uniform_sensitivity,icews14,continuous_tcomplex,uniform,59,0,weighted,73,38596,0.8967712338,0.897450513,3410.328402,0.3217736166,0.09260796714
icews14_tcomplex_uniform_sensitivity,icews14,continuous_tcomplex,uniform,59,0.3,adaptive,73,38596,0.8979063715,0.897942792,3819.523137,0.3104784318,0.09260947417
icews14_tcomplex_uniform_sensitivity,icews14,continuous_tcomplex,uniform,59,0.3,kgcp_minmax_static,73,38596,0.9030271672,0.9032024044,2424.992564,0.3104784318,0.09260947417
icews14_tcomplex_uniform_sensitivity,icews14,continuous_tcomplex,uniform,59,0.3,kgcp_negscore_static,73,38596,0.8961284111,0.8955332159,3083.088532,0.3104784318,0.09260947417
icews14_tcomplex_uniform_sensitivity,icews14,continuous_tcomplex,uniform,59,0.3,kgcp_softmax_static,73,38596,0.8185509376,0.823168204,2719.00456,0.3104784318,0.09260947417
icews14_tcomplex_uniform_sensitivity,icews14,continuous_tcomplex,uniform,59,0.3,rolling_margin,73,38596,0.8985693034,0.8985646181,3832.057933,0.3104784318,0.09260947417
icews14_tcomplex_uniform_sensitivity,icews14,continuous_tcomplex,uniform,59,0.3,static_margin,73,38596,0.8186098378,0.8233236605,2753.464115,0.3104784318,0.09260947417
icews14_tcomplex_uniform_sensitivity,icews14,continuous_tcomplex,uniform,59,0.3,top1,73,38596,0.2263472168,0.2239092134,1,0.3104784318,0.09260947417
icews14_tcomplex_uniform_sensitivity,icews14,continuous_tcomplex,uniform,59,0.3,weighted,73,38596,0.8977690299,0.8977873355,3817.63719,0.3104784318,0.09260947417
icews14_tcomplex_uniform_sensitivity,icews14,continuous_tcomplex,uniform,71,0,adaptive,73,38596,0.8979084017,0.8980205203,3573.89929,0.3198103862,0.09260796714
icews14_tcomplex_uniform_sensitivity,icews14,continuous_tcomplex,uniform,71,0,kgcp_minmax_static,73,38596,0.9065169153,0.9062338066,2242.443699,0.3198103862,0.09260796714
icews14_tcomplex_uniform_sensitivity,icews14,continuous_tcomplex,uniform,71,0,kgcp_negscore_static,73,38596,0.8976196622,0.8965177739,2794.570215,0.3198103862,0.09260796714
icews14_tcomplex_uniform_sensitivity,icews14,continuous_tcomplex,uniform,71,0,kgcp_softmax_static,73,38596,0.8110165365,0.814980827,2449.894989,0.3198103862,0.09260796714
icews14_tcomplex_uniform_sensitivity,icews14,continuous_tcomplex,uniform,71,0,rolling_margin,73,38596,0.8989370782,0.8989532594,3591.242046,0.3198103862,0.09260796714
icews14_tcomplex_uniform_sensitivity,icews14,continuous_tcomplex,uniform,71,0,static_margin,73,38596,0.8121888223,0.8164835734,2503.496787,0.3198103862,0.09260796714
icews14_tcomplex_uniform_sensitivity,icews14,continuous_tcomplex,uniform,71,0,top1,73,38596,0.23366151,0.2306974816,1,0.3198103862,0.09260796714
icews14_tcomplex_uniform_sensitivity,icews14,continuous_tcomplex,uniform,71,0,weighted,73,38596,0.8973527646,0.8975023318,3566.736683,0.3198103862,0.09260796714
icews14_tcomplex_uniform_sensitivity,icews14,continuous_tcomplex,uniform,71,0.3,adaptive,73,38596,0.8977021187,0.8980464297,3775.831226,0.3125637066,0.09259298848
icews14_tcomplex_uniform_sensitivity,icews14,continuous_tcomplex,uniform,71,0.3,kgcp_minmax_static,73,38596,0.900141184,0.9006114623,2428.136594,0.3125637066,0.09259298848
icews14_tcomplex_uniform_sensitivity,icews14,continuous_tcomplex,uniform,71,0.3,kgcp_negscore_static,73,38596,0.8970684974,0.8972173282,3068.02293,0.3125637066,0.09259298848
icews14_tcomplex_uniform_sensitivity,icews14,continuous_tcomplex,uniform,71,0.3,kgcp_softmax_static,73,38596,0.8087583899,0.8129858016,2609.345113,0.3125637066,0.09259298848
icews14_tcomplex_uniform_sensitivity,icews14,continuous_tcomplex,uniform,71,0.3,rolling_margin,73,38596,0.8985589319,0.8989791688,3790.261789,0.3125637066,0.09259298848
icews14_tcomplex_uniform_sensitivity,icews14,continuous_tcomplex,uniform,71,0.3,static_margin,73,38596,0.8088194059,0.8130635299,2646.596202,0.3125637066,0.09259298848
icews14_tcomplex_uniform_sensitivity,icews14,continuous_tcomplex,uniform,71,0.3,top1,73,38596,0.230143424,0.2270442533,1,0.3125637066,0.09259298848
icews14_tcomplex_uniform_sensitivity,icews14,continuous_tcomplex,uniform,71,0.3,weighted,73,38596,0.8974203203,0.8978132449,3771.612602,0.3125637066,0.09259298848
