case,dataset_mode,model_name,deletion_rate,family,comparison,metric,block_length,seed,observed,weighting
icews05_15_continuous_complex,icews05_15,continuous_tcomplex,0.3,history_policy,label_margin_rolling-minus-label_margin_static,absolute_target_error_reduction,3,17,0.07876622353,label_count
icews05_15_continuous_complex,icews05_15,continuous_tcomplex,0.3,history_policy,label_margin_rolling-minus-label_margin_static,absolute_target_error_reduction,3,29,0.08333666124,label_count
icews05_15_continuous_complex,icews05_15,continuous_tcomplex,0.3,history_policy,label_margin_rolling-minus-label_margin_static,absolute_target_error_reduction,3,43,0.08412800168,label_count
icews05_15_continuous_complex,icews05_15,continuous_tcomplex,0.3,history_policy,label_margin_rolling-minus-label_margin_static,absolute_target_error_reduction,3,59,0.08204403342,label_count
icews05_15_continuous_complex,icews05_15,continuous_tcomplex,0.3,history_policy,label_margin_rolling-minus-label_margin_static,absolute_target_error_reduction,3,71,0.08383164311,label_count
icews05_15_continuous_complex,icews05_15,continuous_tcomplex,0.3,history_policy,label_margin_rolling-minus-label_margin_static,absolute_target_error_reduction,7,17,0.07876622353,label_count
icews05_15_continuous_complex,icews05_15,continuous_tcomplex,0.3,history_policy,label_margin_rolling-minus-label_margin_static,absolute_target_error_reduction,7,29,0.08333666124,label_count
icews05_15_continuous_complex,icews05_15,continuous_tcomplex,0.3,history_policy,label_margin_rolling-minus-label_margin_static,absolute_target_error_reduction,7,43,0.08412800168,label_count
icews05_15_continuous_complex,icews05_15,continuous_tcomplex,0.3,history_policy,label_margin_rolling-minus-label_margin_static,absolute_target_error_reduction,7,59,0.08204403342,label_count
icews05_15_continuous_complex,icews05_15,continuous_tcomplex,0.3,history_policy,label_margin_rolling-minus-label_margin_static,absolute_target_error_reduction,7,71,0.08383164311,label_count
icews05_15_continuous_complex,icews05_15,continuous_tcomplex,0.3,history_policy,label_margin_rolling-minus-label_margin_static,absolute_target_error_reduction,14,17,0.07876622353,label_count
icews05_15_continuous_complex,icews05_15,continuous_tcomplex,0.3,history_policy,label_margin_rolling-minus-label_margin_static,absolute_target_error_reduction,14,29,0.08333666124,label_count
icews05_15_continuous_complex,icews05_15,continuous_tcomplex,0.3,history_policy,label_margin_rolling-minus-label_margin_static,absolute_target_error_reduction,14,43,0.08412800168,label_count
icews05_15_continuous_complex,icews05_15,continuous_tcomplex,0.3,history_policy,label_margin_rolling-minus-label_margin_static,absolute_target_error_reduction,14,59,0.08204403342,label_count
icews05_15_continuous_complex,icews05_15,continuous_tcomplex,0.3,history_policy,label_margin_rolling-minus-label_margin_static,absolute_target_error_reduction,14,71,0.08383164311,label_count
icews05_15_continuous_complex,icews05_15,continuous_tcomplex,0.3,history_policy,label_margin_rolling-minus-label_margin_static,absolute_target_error_reduction,21,17,0.07876622353,label_count
icews05_15_continuous_complex,icews05_15,continuous_tcomplex,0.3,history_policy,label_margin_rolling-minus-label_margin_static,absolute_target_error_reduction,21,29,0.08333666124,label_count
icews05_15_continuous_complex,icews05_15,continuous_tcomplex,0.3,history_policy,label_margin_rolling-minus-label_margin_static,absolute_target_error_reduction,21,43,0.08412800168,label_count
icews05_15_continuous_complex,icews05_15,continuous_tcomplex,0.3,history_policy,label_margin_rolling-minus-label_margin_static,absolute_target_error_reduction,21,59,0.08204403342,label_count
icews05_15_continuous_complex,icews05_15,continuous_tcomplex,0.3,history_policy,label_margin_rolling-minus-label_margin_static,absolute_target_error_reduction,21,71,0.08383164311,label_count
icews05_15_continuous_complex,icews05_15,continuous_tcomplex,0.3,history_policy,label_margin_rolling-minus-label_margin_static,full_set_coverage,3,17,0.1004501207,query_count
icews05_15_continuous_complex,icews05_15,continuous_tcomplex,0.3,history_policy,label_margin_rolling-minus-label_margin_static,full_set_coverage,3,29,0.1053547655,query_count
icews05_15_continuous_complex,icews05_15,continuous_tcomplex,0.3,history_policy,label_margin_rolling-minus-label_margin_static,full_set_coverage,3,43,0.1047207926,query_count
icews05_15_continuous_complex,icews05_15,continuous_tcomplex,0.3,history_policy,label_margin_rolling-minus-label_margin_static,full_set_coverage,3,59,0.1048475872,query_count
icews05_15_continuous_complex,icews05_15,continuous_tcomplex,0.3,history_policy,label_margin_rolling-minus-label_margin_static,full_set_coverage,3,71,0.1042424312,query_count
icews05_15_continuous_complex,icews05_15,continuous_tcomplex,0.3,history_policy,label_margin_rolling-minus-label_margin_static,full_set_coverage,7,17,0.1004501207,query_count
icews05_15_continuous_complex,icews05_15,continuous_tcomplex,0.3,history_policy,label_margin_rolling-minus-label_margin_static,full_set_coverage,7,29,0.1053547655,query_count
icews05_15_continuous_complex,icews05_15,continuous_tcomplex,0.3,history_policy,label_margin_rolling-minus-label_margin_static,full_set_coverage,7,43,0.1047207926,query_count
icews05_15_continuous_complex,icews05_15,continuous_tcomplex,0.3,history_policy,label_margin_rolling-minus-label_margin_static,full_set_coverage,7,59,0.1048475872,query_count
icews05_15_continuous_complex,icews05_15,continuous_tcomplex,0.3,history_policy,label_margin_rolling-minus-label_margin_static,full_set_coverage,7,71,0.1042424312,query_count
icews05_15_continuous_complex,icews05_15,continuous_tcomplex,0.3,history_policy,label_margin_rolling-minus-label_margin_static,full_set_coverage,14,17,0.1004501207,query_count
icews05_15_continuous_complex,icews05_15,continuous_tcomplex,0.3,history_policy,label_margin_rolling-minus-label_margin_static,full_set_coverage,14,29,0.1053547655,query_count
icews05_15_continuous_complex,icews05_15,continuous_tcomplex,0.3,history_policy,label_margin_rolling-minus-label_margin_static,full_set_coverage,14,43,0.1047207926,query_count
icews05_15_continuous_complex,icews05_15,continuous_tcomplex,0.3,history_policy,label_margin_rolling-minus-label_margin_static,full_set_coverage,14,59,0.1048475872,query_count
icews05_15_continuous_complex,icews05_15,continuous_tcomplex,0.3,history_policy,label_margin_rolling-minus-label_margin_static,full_set_coverage,14,71,0.1042424312,query_count
icews05_15_continuous_complex,icews05_15,continuous_tcomplex,0.3,history_policy,label_margin_rolling-minus-label_margin_static,full_set_coverage,21,17,0.1004501207,query_count
icews05_15_continuous_complex,icews05_15,continuous_tcomplex,0.3,history_policy,label_margin_rolling-minus-label_margin_static,full_set_coverage,21,29,0.1053547655,query_count
icews05_15_continuous_complex,icews05_15,continuous_tcomplex,0.3,history_policy,label_margin_rolling-minus-label_margin_static,full_set_coverage,21,43,0.1047207926,query_count
icews05_15_continuous_complex,icews05_15,continuous_tcomplex,0.3,history_policy,label_margin_rolling-minus-label_margin_static,full_set_coverage,21,59,0.1048475872,query_count
icews05_15_continuous_complex,icews05_15,continuous_tcomplex,0.3,history_policy,label_margin_rolling-minus-label_margin_static,full_set_coverage,21,71,0.1042424312,query_count
icews05_15_continuous_complex,icews05_15,continuous_tcomplex,0.3,history_policy,label_margin_rolling-minus-label_margin_static,label_coverage,3,17,0.0997950712,label_count
icews05_15_continuous_complex,icews05_15,continuous_tcomplex,0.3,history_policy,label_margin_rolling-minus-label_margin_static,label_coverage,3,29,0.1031317324,label_count
icews05_15_continuous_complex,icews05_15,continuous_tcomplex,0.3,history_policy,label_margin_rolling-minus-label_margin_static,label_coverage,3,43,0.1035783721,label_count
icews05_15_continuous_complex,icews05_15,continuous_tcomplex,0.3,history_policy,label_margin_rolling-minus-label_margin_static,label_coverage,3,59,0.1022489622,label_count
icews05_15_continuous_complex,icews05_15,continuous_tcomplex,0.3,history_policy,label_margin_rolling-minus-label_margin_static,label_coverage,3,71,0.1036204088,label_count
icews05_15_continuous_complex,icews05_15,continuous_tcomplex,0.3,history_policy,label_margin_rolling-minus-label_margin_static,label_coverage,7,17,0.0997950712,label_count
icews05_15_continuous_complex,icews05_15,continuous_tcomplex,0.3,history_policy,label_margin_rolling-minus-label_margin_static,label_coverage,7,29,0.1031317324,label_count
icews05_15_continuous_complex,icews05_15,continuous_tcomplex,0.3,history_policy,label_margin_rolling-minus-label_margin_static,label_coverage,7,43,0.1035783721,label_count
icews05_15_continuous_complex,icews05_15,continuous_tcomplex,0.3,history_policy,label_margin_rolling-minus-label_margin_static,label_coverage,7,59,0.1022489622,label_count
icews05_15_continuous_complex,icews05_15,continuous_tcomplex,0.3,history_policy,label_margin_rolling-minus-label_margin_static,label_coverage,7,71,0.1036204088,label_count
icews05_15_continuous_complex,icews05_15,continuous_tcomplex,0.3,history_policy,label_margin_rolling-minus-label_margin_static,label_coverage,14,17,0.0997950712,label_count
icews05_15_continuous_complex,icews05_15,continuous_tcomplex,0.3,history_policy,label_margin_rolling-minus-label_margin_static,label_coverage,14,29,0.1031317324,label_count
icews05_15_continuous_complex,icews05_15,continuous_tcomplex,0.3,history_policy,label_margin_rolling-minus-label_margin_static,label_coverage,14,43,0.1035783721,label_count
icews05_15_continuous_complex,icews05_15,continuous_tcomplex,0.3,history_policy,label_margin_rolling-minus-label_margin_static,label_coverage,14,59,0.1022489622,label_count
icews05_15_continuous_complex,icews05_15,continuous_tcomplex,0.3,history_policy,label_margin_rolling-minus-label_margin_static,label_coverage,14,71,0.1036204088,label_count
icews05_15_continuous_complex,icews05_15,continuous_tcomplex,0.3,history_policy,label_margin_rolling-minus-label_margin_static,label_coverage,21,17,0.0997950712,label_count
icews05_15_continuous_complex,icews05_15,continuous_tcomplex,0.3,history_policy,label_margin_rolling-minus-label_margin_static,label_coverage,21,29,0.1031317324,label_count
icews05_15_continuous_complex,icews05_15,continuous_tcomplex,0.3,history_policy,label_margin_rolling-minus-label_margin_static,label_coverage,21,43,0.1035783721,label_count
icews05_15_continuous_complex,icews05_15,continuous_tcomplex,0.3,history_policy,label_margin_rolling-minus-label_margin_static,label_coverage,21,59,0.1022489622,label_count
icews05_15_continuous_complex,icews05_15,continuous_tcomplex,0.3,history_policy,label_margin_rolling-minus-label_margin_static,label_coverage,21,71,0.1036204088,label_count
icews05_15_continuous_complex,icews05_15,continuous_tcomplex,0.3,history_policy,label_margin_rolling-minus-label_margin_static,mean_set_size,3,17,2034.732002,query_count
icews05_15_continuous_complex,icews05_15,continuous_tcomplex,0.3,history_policy,label_margin_rolling-minus-label_margin_static,mean_set_size,3,29,2072.105839,query_count
icews05_15_continuous_complex,icews05_15,continuous_tcomplex,0.3,history_policy,label_margin_rolling-minus-label_margin_static,mean_set_size,3,43,2056.029226,query_count
icews05_15_continuous_complex,icews05_15,continuous_tcomplex,0.3,history_policy,label_margin_rolling-minus-label_margin_static,mean_set_size,3,59,1953.451147,query_count
icews05_15_continuous_complex,icews05_15,continuous_tcomplex,0.3,history_policy,label_margin_rolling-minus-label_margin_static,mean_set_size,3,71,2074.299581,query_count
icews05_15_continuous_complex,icews05_15,continuous_tcomplex,0.3,history_policy,label_margin_rolling-minus-label_margin_static,mean_set_size,7,17,2034.732002,query_count
icews05_15_continuous_complex,icews05_15,continuous_tcomplex,0.3,history_policy,label_margin_rolling-minus-label_margin_static,mean_set_size,7,29,2072.105839,query_count
icews05_15_continuous_complex,icews05_15,continuous_tcomplex,0.3,history_policy,label_margin_rolling-minus-label_margin_static,mean_set_size,7,43,2056.029226,query_count
icews05_15_continuous_complex,icews05_15,continuous_tcomplex,0.3,history_policy,label_margin_rolling-minus-label_margin_static,mean_set_size,7,59,1953.451147,query_count
icews05_15_continuous_complex,icews05_15,continuous_tcomplex,0.3,history_policy,label_margin_rolling-minus-label_margin_static,mean_set_size,7,71,2074.299581,query_count
icews05_15_continuous_complex,icews05_15,continuous_tcomplex,0.3,history_policy,label_margin_rolling-minus-label_margin_static,mean_set_size,14,17,2034.732002,query_count
icews05_15_continuous_complex,icews05_15,continuous_tcomplex,0.3,history_policy,label_margin_rolling-minus-label_margin_static,mean_set_size,14,29,2072.105839,query_count
icews05_15_continuous_complex,icews05_15,continuous_tcomplex,0.3,history_policy,label_margin_rolling-minus-label_margin_static,mean_set_size,14,43,2056.029226,query_count
icews05_15_continuous_complex,icews05_15,continuous_tcomplex,0.3,history_policy,label_margin_rolling-minus-label_margin_static,mean_set_size,14,59,1953.451147,query_count
icews05_15_continuous_complex,icews05_15,continuous_tcomplex,0.3,history_policy,label_margin_rolling-minus-label_margin_static,mean_set_size,14,71,2074.299581,query_count
icews05_15_continuous_complex,icews05_15,continuous_tcomplex,0.3,history_policy,label_margin_rolling-minus-label_margin_static,mean_set_size,21,17,2034.732002,query_count
icews05_15_continuous_complex,icews05_15,continuous_tcomplex,0.3,history_policy,label_margin_rolling-minus-label_margin_static,mean_set_size,21,29,2072.105839,query_count
icews05_15_continuous_complex,icews05_15,continuous_tcomplex,0.3,history_policy,label_margin_rolling-minus-label_margin_static,mean_set_size,21,43,2056.029226,query_count
icews05_15_continuous_complex,icews05_15,continuous_tcomplex,0.3,history_policy,label_margin_rolling-minus-label_margin_static,mean_set_size,21,59,1953.451147,query_count
icews05_15_continuous_complex,icews05_15,continuous_tcomplex,0.3,history_policy,label_margin_rolling-minus-label_margin_static,mean_set_size,21,71,2074.299581,query_count
icews05_15_distmult,icews05_15,temporal_distmult,0.3,history_policy,label_margin_rolling-minus-label_margin_static,absolute_target_error_reduction,3,17,0.08480374126,label_count
icews05_15_distmult,icews05_15,temporal_distmult,0.3,history_policy,label_margin_rolling-minus-label_margin_static,absolute_target_error_reduction,3,29,0.08383269403,label_count
icews05_15_distmult,icews05_15,temporal_distmult,0.3,history_policy,label_margin_rolling-minus-label_margin_static,absolute_target_error_reduction,3,43,0.07894593032,label_count
icews05_15_distmult,icews05_15,temporal_distmult,0.3,history_policy,label_margin_rolling-minus-label_margin_static,absolute_target_error_reduction,3,59,0.07703010877,label_count
icews05_15_distmult,icews05_15,temporal_distmult,0.3,history_policy,label_margin_rolling-minus-label_margin_static,absolute_target_error_reduction,3,71,0.08084914088,label_count
icews05_15_distmult,icews05_15,temporal_distmult,0.3,history_policy,label_margin_rolling-minus-label_margin_static,absolute_target_error_reduction,7,17,0.08480374126,label_count
icews05_15_distmult,icews05_15,temporal_distmult,0.3,history_policy,label_margin_rolling-minus-label_margin_static,absolute_target_error_reduction,7,29,0.08383269403,label_count
icews05_15_distmult,icews05_15,temporal_distmult,0.3,history_policy,label_margin_rolling-minus-label_margin_static,absolute_target_error_reduction,7,43,0.07894593032,label_count
icews05_15_distmult,icews05_15,temporal_distmult,0.3,history_policy,label_margin_rolling-minus-label_margin_static,absolute_target_error_reduction,7,59,0.07703010877,label_count
icews05_15_distmult,icews05_15,temporal_distmult,0.3,history_policy,label_margin_rolling-minus-label_margin_static,absolute_target_error_reduction,7,71,0.08084914088,label_count
icews05_15_distmult,icews05_15,temporal_distmult,0.3,history_policy,label_margin_rolling-minus-label_margin_static,absolute_target_error_reduction,14,17,0.08480374126,label_count
icews05_15_distmult,icews05_15,temporal_distmult,0.3,history_policy,label_margin_rolling-minus-label_margin_static,absolute_target_error_reduction,14,29,0.08383269403,label_count
icews05_15_distmult,icews05_15,temporal_distmult,0.3,history_policy,label_margin_rolling-minus-label_margin_static,absolute_target_error_reduction,14,43,0.07894593032,label_count
icews05_15_distmult,icews05_15,temporal_distmult,0.3,history_policy,label_margin_rolling-minus-label_margin_static,absolute_target_error_reduction,14,59,0.07703010877,label_count
icews05_15_distmult,icews05_15,temporal_distmult,0.3,history_policy,label_margin_rolling-minus-label_margin_static,absolute_target_error_reduction,14,71,0.08084914088,label_count
icews05_15_distmult,icews05_15,temporal_distmult,0.3,history_policy,label_margin_rolling-minus-label_margin_static,absolute_target_error_reduction,21,17,0.08480374126,label_count
icews05_15_distmult,icews05_15,temporal_distmult,0.3,history_policy,label_margin_rolling-minus-label_margin_static,absolute_target_error_reduction,21,29,0.08383269403,label_count
icews05_15_distmult,icews05_15,temporal_distmult,0.3,history_policy,label_margin_rolling-minus-label_margin_static,absolute_target_error_reduction,21,43,0.07894593032,label_count
icews05_15_distmult,icews05_15,temporal_distmult,0.3,history_policy,label_margin_rolling-minus-label_margin_static,absolute_target_error_reduction,21,59,0.07703010877,label_count
icews05_15_distmult,icews05_15,temporal_distmult,0.3,history_policy,label_margin_rolling-minus-label_margin_static,absolute_target_error_reduction,21,71,0.08084914088,label_count
icews05_15_distmult,icews05_15,temporal_distmult,0.3,history_policy,label_margin_rolling-minus-label_margin_static,full_set_coverage,3,17,0.1061789302,query_count
icews05_15_distmult,icews05_15,temporal_distmult,0.3,history_policy,label_margin_rolling-minus-label_margin_static,full_set_coverage,3,29,0.105066596,query_count
icews05_15_distmult,icews05_15,temporal_distmult,0.3,history_policy,label_margin_rolling-minus-label_margin_static,full_set_coverage,3,43,0.09981614787,query_count
icews05_15_distmult,icews05_15,temporal_distmult,0.3,history_policy,label_margin_rolling-minus-label_margin_static,full_set_coverage,3,59,0.1005999689,query_count
icews05_15_distmult,icews05_15,temporal_distmult,0.3,history_policy,label_margin_rolling-minus-label_margin_static,full_set_coverage,3,71,0.1011820712,query_count
icews05_15_distmult,icews05_15,temporal_distmult,0.3,history_policy,label_margin_rolling-minus-label_margin_static,full_set_coverage,7,17,0.1061789302,query_count
icews05_15_distmult,icews05_15,temporal_distmult,0.3,history_policy,label_margin_rolling-minus-label_margin_static,full_set_coverage,7,29,0.105066596,query_count
icews05_15_distmult,icews05_15,temporal_distmult,0.3,history_policy,label_margin_rolling-minus-label_margin_static,full_set_coverage,7,43,0.09981614787,query_count
icews05_15_distmult,icews05_15,temporal_distmult,0.3,history_policy,label_margin_rolling-minus-label_margin_static,full_set_coverage,7,59,0.1005999689,query_count
icews05_15_distmult,icews05_15,temporal_distmult,0.3,history_policy,label_margin_rolling-minus-label_margin_static,full_set_coverage,7,71,0.1011820712,query_count
icews05_15_distmult,icews05_15,temporal_distmult,0.3,history_policy,label_margin_rolling-minus-label_margin_static,full_set_coverage,14,17,0.1061789302,query_count
icews05_15_distmult,icews05_15,temporal_distmult,0.3,history_policy,label_margin_rolling-minus-label_margin_static,full_set_coverage,14,29,0.105066596,query_count
icews05_15_distmult,icews05_15,temporal_distmult,0.3,history_policy,label_margin_rolling-minus-label_margin_static,full_set_coverage,14,43,0.09981614787,query_count
icews05_15_distmult,icews05_15,temporal_distmult,0.3,history_policy,label_margin_rolling-minus-label_margin_static,full_set_coverage,14,59,0.1005999689,query_count
icews05_15_distmult,icews05_15,temporal_distmult,0.3,history_policy,label_margin_rolling-minus-label_margin_static,full_set_coverage,14,71,0.1011820712,query_count
icews05_15_distmult,icews05_15,temporal_distmult,0.3,history_policy,label_margin_rolling-minus-label_margin_static,full_set_coverage,21,17,0.1061789302,query_count
icews05_15_distmult,icews05_15,temporal_distmult,0.3,history_policy,label_margin_rolling-minus-label_margin_static,full_set_coverage,21,29,0.105066596,query_count
icews05_15_distmult,icews05_15,temporal_distmult,0.3,history_policy,label_margin_rolling-minus-label_margin_static,full_set_coverage,21,43,0.09981614787,query_count
icews05_15_distmult,icews05_15,temporal_distmult,0.3,history_policy,label_margin_rolling-minus-label_margin_static,full_set_coverage,21,59,0.1005999689,query_count
icews05_15_distmult,icews05_15,temporal_distmult,0.3,history_policy,label_margin_rolling-minus-label_margin_static,full_set_coverage,21,71,0.1011820712,query_count
icews05_15_distmult,icews05_15,temporal_distmult,0.3,history_policy,label_margin_rolling-minus-label_margin_static,label_coverage,3,17,0.1051074563,label_count
icews05_15_distmult,icews05_15,temporal_distmult,0.3,history_policy,label_margin_rolling-minus-label_margin_static,label_coverage,3,29,0.1036361726,label_count
icews05_15_distmult,icews05_15,temporal_distmult,0.3,history_policy,label_margin_rolling-minus-label_margin_static,label_coverage,3,43,0.09850769797,label_count
icews05_15_distmult,icews05_15,temporal_distmult,0.3,history_policy,label_margin_rolling-minus-label_margin_static,label_coverage,3,59,0.097609164,label_count
icews05_15_distmult,icews05_15,temporal_distmult,0.3,history_policy,label_margin_rolling-minus-label_margin_static,label_coverage,3,71,0.1008670065,label_count
icews05_15_distmult,icews05_15,temporal_distmult,0.3,history_policy,label_margin_rolling-minus-label_margin_static,label_coverage,7,17,0.1051074563,label_count
icews05_15_distmult,icews05_15,temporal_distmult,0.3,history_policy,label_margin_rolling-minus-label_margin_static,label_coverage,7,29,0.1036361726,label_count
icews05_15_distmult,icews05_15,temporal_distmult,0.3,history_policy,label_margin_rolling-minus-label_margin_static,label_coverage,7,43,0.09850769797,label_count
icews05_15_distmult,icews05_15,temporal_distmult,0.3,history_policy,label_margin_rolling-minus-label_margin_static,label_coverage,7,59,0.097609164,label_count
icews05_15_distmult,icews05_15,temporal_distmult,0.3,history_policy,label_margin_rolling-minus-label_margin_static,label_coverage,7,71,0.1008670065,label_count
icews05_15_distmult,icews05_15,temporal_distmult,0.3,history_policy,label_margin_rolling-minus-label_margin_static,label_coverage,14,17,0.1051074563,label_count
icews05_15_distmult,icews05_15,temporal_distmult,0.3,history_policy,label_margin_rolling-minus-label_margin_static,label_coverage,14,29,0.1036361726,label_count
icews05_15_distmult,icews05_15,temporal_distmult,0.3,history_policy,label_margin_rolling-minus-label_margin_static,label_coverage,14,43,0.09850769797,label_count
icews05_15_distmult,icews05_15,temporal_distmult,0.3,history_policy,label_margin_rolling-minus-label_margin_static,label_coverage,14,59,0.097609164,label_count
icews05_15_distmult,icews05_15,temporal_distmult,0.3,history_policy,label_margin_rolling-minus-label_margin_static,label_coverage,14,71,0.1008670065,label_count
icews05_15_distmult,icews05_15,temporal_distmult,0.3,history_policy,label_margin_rolling-minus-label_margin_static,label_coverage,21,17,0.1051074563,label_count
icews05_15_distmult,icews05_15,temporal_distmult,0.3,history_policy,label_margin_rolling-minus-label_margin_static,label_coverage,21,29,0.1036361726,label_count
icews05_15_distmult,icews05_15,temporal_distmult,0.3,history_policy,label_margin_rolling-minus-label_margin_static,label_coverage,21,43,0.09850769797,label_count
icews05_15_distmult,icews05_15,temporal_distmult,0.3,history_policy,label_margin_rolling-minus-label_margin_static,label_coverage,21,59,0.097609164,label_count
icews05_15_distmult,icews05_15,temporal_distmult,0.3,history_policy,label_margin_rolling-minus-label_margin_static,label_coverage,21,71,0.1008670065,label_count
icews05_15_distmult,icews05_15,temporal_distmult,0.3,history_policy,label_margin_rolling-minus-label_margin_static,mean_set_size,3,17,2174.282792,query_count
icews05_15_distmult,icews05_15,temporal_distmult,0.3,history_policy,label_margin_rolling-minus-label_margin_static,mean_set_size,3,29,1986.315897,query_count
icews05_15_distmult,icews05_15,temporal_distmult,0.3,history_policy,label_margin_rolling-minus-label_margin_static,mean_set_size,3,43,2027.834844,query_count
icews05_15_distmult,icews05_15,temporal_distmult,0.3,history_policy,label_margin_rolling-minus-label_margin_static,mean_set_size,3,59,1917.093528,query_count
icews05_15_distmult,icews05_15,temporal_distmult,0.3,history_policy,label_margin_rolling-minus-label_margin_static,mean_set_size,3,71,2024.880358,query_count
icews05_15_distmult,icews05_15,temporal_distmult,0.3,history_policy,label_margin_rolling-minus-label_margin_static,mean_set_size,7,17,2174.282792,query_count
icews05_15_distmult,icews05_15,temporal_distmult,0.3,history_policy,label_margin_rolling-minus-label_margin_static,mean_set_size,7,29,1986.315897,query_count
icews05_15_distmult,icews05_15,temporal_distmult,0.3,history_policy,label_margin_rolling-minus-label_margin_static,mean_set_size,7,43,2027.834844,query_count
icews05_15_distmult,icews05_15,temporal_distmult,0.3,history_policy,label_margin_rolling-minus-label_margin_static,mean_set_size,7,59,1917.093528,query_count
icews05_15_distmult,icews05_15,temporal_distmult,0.3,history_policy,label_margin_rolling-minus-label_margin_static,mean_set_size,7,71,2024.880358,query_count
icews05_15_distmult,icews05_15,temporal_distmult,0.3,history_policy,label_margin_rolling-minus-label_margin_static,mean_set_size,14,17,2174.282792,query_count
icews05_15_distmult,icews05_15,temporal_distmult,0.3,history_policy,label_margin_rolling-minus-label_margin_static,mean_set_size,14,29,1986.315897,query_count
icews05_15_distmult,icews05_15,temporal_distmult,0.3,history_policy,label_margin_rolling-minus-label_margin_static,mean_set_size,14,43,2027.834844,query_count
icews05_15_distmult,icews05_15,temporal_distmult,0.3,history_policy,label_margin_rolling-minus-label_margin_static,mean_set_size,14,59,1917.093528,query_count
icews05_15_distmult,icews05_15,temporal_distmult,0.3,history_policy,label_margin_rolling-minus-label_margin_static,mean_set_size,14,71,2024.880358,query_count
icews05_15_distmult,icews05_15,temporal_distmult,0.3,history_policy,label_margin_rolling-minus-label_margin_static,mean_set_size,21,17,2174.282792,query_count
icews05_15_distmult,icews05_15,temporal_distmult,0.3,history_policy,label_margin_rolling-minus-label_margin_static,mean_set_size,21,29,1986.315897,query_count
icews05_15_distmult,icews05_15,temporal_distmult,0.3,history_policy,label_margin_rolling-minus-label_margin_static,mean_set_size,21,43,2027.834844,query_count
icews05_15_distmult,icews05_15,temporal_distmult,0.3,history_policy,label_margin_rolling-minus-label_margin_static,mean_set_size,21,59,1917.093528,query_count
icews05_15_distmult,icews05_15,temporal_distmult,0.3,history_policy,label_margin_rolling-minus-label_margin_static,mean_set_size,21,71,2024.880358,query_count
icews14_continuous_complex,icews14,continuous_tcomplex,0.3,history_policy,label_margin_rolling-minus-label_margin_static,absolute_target_error_reduction,3,17,0.06160742046,label_count
icews14_continuous_complex,icews14,continuous_tcomplex,0.3,history_policy,label_margin_rolling-minus-label_margin_static,absolute_target_error_reduction,3,29,0.06612084154,label_count
icews14_continuous_complex,icews14,continuous_tcomplex,0.3,history_policy,label_margin_rolling-minus-label_margin_static,absolute_target_error_reduction,3,43,0.06794486475,label_count
icews14_continuous_complex,icews14,continuous_tcomplex,0.3,history_policy,label_margin_rolling-minus-label_margin_static,absolute_target_error_reduction,3,59,0.06236915743,label_count
icews14_continuous_complex,icews14,continuous_tcomplex,0.3,history_policy,label_margin_rolling-minus-label_margin_static,absolute_target_error_reduction,3,71,0.07666079386,label_count
icews14_continuous_complex,icews14,continuous_tcomplex,0.3,history_policy,label_margin_rolling-minus-label_margin_static,absolute_target_error_reduction,7,17,0.06160742046,label_count
icews14_continuous_complex,icews14,continuous_tcomplex,0.3,history_policy,label_margin_rolling-minus-label_margin_static,absolute_target_error_reduction,7,29,0.06612084154,label_count
icews14_continuous_complex,icews14,continuous_tcomplex,0.3,history_policy,label_margin_rolling-minus-label_margin_static,absolute_target_error_reduction,7,43,0.06794486475,label_count
icews14_continuous_complex,icews14,continuous_tcomplex,0.3,history_policy,label_margin_rolling-minus-label_margin_static,absolute_target_error_reduction,7,59,0.06236915743,label_count
icews14_continuous_complex,icews14,continuous_tcomplex,0.3,history_policy,label_margin_rolling-minus-label_margin_static,absolute_target_error_reduction,7,71,0.07666079386,label_count
icews14_continuous_complex,icews14,continuous_tcomplex,0.3,history_policy,label_margin_rolling-minus-label_margin_static,absolute_target_error_reduction,14,17,0.06160742046,label_count
icews14_continuous_complex,icews14,continuous_tcomplex,0.3,history_policy,label_margin_rolling-minus-label_margin_static,absolute_target_error_reduction,14,29,0.06612084154,label_count
icews14_continuous_complex,icews14,continuous_tcomplex,0.3,history_policy,label_margin_rolling-minus-label_margin_static,absolute_target_error_reduction,14,43,0.06794486475,label_count
icews14_continuous_complex,icews14,continuous_tcomplex,0.3,history_policy,label_margin_rolling-minus-label_margin_static,absolute_target_error_reduction,14,59,0.06236915743,label_count
icews14_continuous_complex,icews14,continuous_tcomplex,0.3,history_policy,label_margin_rolling-minus-label_margin_static,absolute_target_error_reduction,14,71,0.07666079386,label_count
icews14_continuous_complex,icews14,continuous_tcomplex,0.3,history_policy,label_margin_rolling-minus-label_margin_static,absolute_target_error_reduction,21,17,0.06160742046,label_count
icews14_continuous_complex,icews14,continuous_tcomplex,0.3,history_policy,label_margin_rolling-minus-label_margin_static,absolute_target_error_reduction,21,29,0.06612084154,label_count
icews14_continuous_complex,icews14,continuous_tcomplex,0.3,history_policy,label_margin_rolling-minus-label_margin_static,absolute_target_error_reduction,21,43,0.06794486475,label_count
icews14_continuous_complex,icews14,continuous_tcomplex,0.3,history_policy,label_margin_rolling-minus-label_margin_static,absolute_target_error_reduction,21,59,0.06236915743,label_count
icews14_continuous_complex,icews14,continuous_tcomplex,0.3,history_policy,label_margin_rolling-minus-label_margin_static,absolute_target_error_reduction,21,71,0.07666079386,label_count
icews14_continuous_complex,icews14,continuous_tcomplex,0.3,history_policy,label_margin_rolling-minus-label_margin_static,full_set_coverage,3,17,0.07481450948,query_count
icews14_continuous_complex,icews14,continuous_tcomplex,0.3,history_policy,label_margin_rolling-minus-label_margin_static,full_set_coverage,3,29,0.07923095042,query_count
icews14_continuous_complex,icews14,continuous_tcomplex,0.3,history_policy,label_margin_rolling-minus-label_margin_static,full_set_coverage,3,43,0.08049699682,query_count
icews14_continuous_complex,icews14,continuous_tcomplex,0.3,history_policy,label_margin_rolling-minus-label_margin_static,full_set_coverage,3,59,0.07419620775,query_count
icews14_continuous_complex,icews14,continuous_tcomplex,0.3,history_policy,label_margin_rolling-minus-label_margin_static,full_set_coverage,3,71,0.08962430809,query_count
icews14_continuous_complex,icews14,continuous_tcomplex,0.3,history_policy,label_margin_rolling-minus-label_margin_static,full_set_coverage,7,17,0.07481450948,query_count
icews14_continuous_complex,icews14,continuous_tcomplex,0.3,history_policy,label_margin_rolling-minus-label_margin_static,full_set_coverage,7,29,0.07923095042,query_count
icews14_continuous_complex,icews14,continuous_tcomplex,0.3,history_policy,label_margin_rolling-minus-label_margin_static,full_set_coverage,7,43,0.08049699682,query_count
icews14_continuous_complex,icews14,continuous_tcomplex,0.3,history_policy,label_margin_rolling-minus-label_margin_static,full_set_coverage,7,59,0.07419620775,query_count
icews14_continuous_complex,icews14,continuous_tcomplex,0.3,history_policy,label_margin_rolling-minus-label_margin_static,full_set_coverage,7,71,0.08962430809,query_count
icews14_continuous_complex,icews14,continuous_tcomplex,0.3,history_policy,label_margin_rolling-minus-label_margin_static,full_set_coverage,14,17,0.07481450948,query_count
icews14_continuous_complex,icews14,continuous_tcomplex,0.3,history_policy,label_margin_rolling-minus-label_margin_static,full_set_coverage,14,29,0.07923095042,query_count
icews14_continuous_complex,icews14,continuous_tcomplex,0.3,history_policy,label_margin_rolling-minus-label_margin_static,full_set_coverage,14,43,0.08049699682,query_count
icews14_continuous_complex,icews14,continuous_tcomplex,0.3,history_policy,label_margin_rolling-minus-label_margin_static,full_set_coverage,14,59,0.07419620775,query_count
icews14_continuous_complex,icews14,continuous_tcomplex,0.3,history_policy,label_margin_rolling-minus-label_margin_static,full_set_coverage,14,71,0.08962430809,query_count
icews14_continuous_complex,icews14,continuous_tcomplex,0.3,history_policy,label_margin_rolling-minus-label_margin_static,full_set_coverage,21,17,0.07481450948,query_count
icews14_continuous_complex,icews14,continuous_tcomplex,0.3,history_policy,label_margin_rolling-minus-label_margin_static,full_set_coverage,21,29,0.07923095042,query_count
icews14_continuous_complex,icews14,continuous_tcomplex,0.3,history_policy,label_margin_rolling-minus-label_margin_static,full_set_coverage,21,43,0.08049699682,query_count
icews14_continuous_complex,icews14,continuous_tcomplex,0.3,history_policy,label_margin_rolling-minus-label_margin_static,full_set_coverage,21,59,0.07419620775,query_count
icews14_continuous_complex,icews14,continuous_tcomplex,0.3,history_policy,label_margin_rolling-minus-label_margin_static,full_set_coverage,21,71,0.08962430809,query_count
icews14_continuous_complex,icews14,continuous_tcomplex,0.3,history_policy,label_margin_rolling-minus-label_margin_static,label_coverage,3,17,0.07583687429,label_count
icews14_continuous_complex,icews14,continuous_tcomplex,0.3,history_policy,label_margin_rolling-minus-label_margin_static,label_coverage,3,29,0.08073375479,label_count
icews14_continuous_complex,icews14,continuous_tcomplex,0.3,history_policy,label_margin_rolling-minus-label_margin_static,label_coverage,3,43,0.08094103016,label_count
icews14_continuous_complex,icews14,continuous_tcomplex,0.3,history_policy,label_margin_rolling-minus-label_margin_static,label_coverage,3,59,0.0738418489,label_count
icews14_continuous_complex,icews14,continuous_tcomplex,0.3,history_policy,label_margin_rolling-minus-label_margin_static,label_coverage,3,71,0.08980205203,label_count
icews14_continuous_complex,icews14,continuous_tcomplex,0.3,history_policy,label_margin_rolling-minus-label_margin_static,label_coverage,7,17,0.07583687429,label_count
icews14_continuous_complex,icews14,continuous_tcomplex,0.3,history_policy,label_margin_rolling-minus-label_margin_static,label_coverage,7,29,0.08073375479,label_count
icews14_continuous_complex,icews14,continuous_tcomplex,0.3,history_policy,label_margin_rolling-minus-label_margin_static,label_coverage,7,43,0.08094103016,label_count
icews14_continuous_complex,icews14,continuous_tcomplex,0.3,history_policy,label_margin_rolling-minus-label_margin_static,label_coverage,7,59,0.0738418489,label_count
icews14_continuous_complex,icews14,continuous_tcomplex,0.3,history_policy,label_margin_rolling-minus-label_margin_static,label_coverage,7,71,0.08980205203,label_count
icews14_continuous_complex,icews14,continuous_tcomplex,0.3,history_policy,label_margin_rolling-minus-label_margin_static,label_coverage,14,17,0.07583687429,label_count
icews14_continuous_complex,icews14,continuous_tcomplex,0.3,history_policy,label_margin_rolling-minus-label_margin_static,label_coverage,14,29,0.08073375479,label_count
icews14_continuous_complex,icews14,continuous_tcomplex,0.3,history_policy,label_margin_rolling-minus-label_margin_static,label_coverage,14,43,0.08094103016,label_count
icews14_continuous_complex,icews14,continuous_tcomplex,0.3,history_policy,label_margin_rolling-minus-label_margin_static,label_coverage,14,59,0.0738418489,label_count
icews14_continuous_complex,icews14,continuous_tcomplex,0.3,history_policy,label_margin_rolling-minus-label_margin_static,label_coverage,14,71,0.08980205203,label_count
icews14_continuous_complex,icews14,continuous_tcomplex,0.3,history_policy,label_margin_rolling-minus-label_margin_static,label_coverage,21,17,0.07583687429,label_count
icews14_continuous_complex,icews14,continuous_tcomplex,0.3,history_policy,label_margin_rolling-minus-label_margin_static,label_coverage,21,29,0.08073375479,label_count
icews14_continuous_complex,icews14,continuous_tcomplex,0.3,history_policy,label_margin_rolling-minus-label_margin_static,label_coverage,21,43,0.08094103016,label_count
icews14_continuous_complex,icews14,continuous_tcomplex,0.3,history_policy,label_margin_rolling-minus-label_margin_static,label_coverage,21,59,0.0738418489,label_count
icews14_continuous_complex,icews14,continuous_tcomplex,0.3,history_policy,label_margin_rolling-minus-label_margin_static,label_coverage,21,71,0.08980205203,label_count
icews14_continuous_complex,icews14,continuous_tcomplex,0.3,history_policy,label_margin_rolling-minus-label_margin_static,mean_set_size,3,17,1117.716671,query_count
icews14_continuous_complex,icews14,continuous_tcomplex,0.3,history_policy,label_margin_rolling-minus-label_margin_static,mean_set_size,3,29,1176.421917,query_count
icews14_continuous_complex,icews14,continuous_tcomplex,0.3,history_policy,label_margin_rolling-minus-label_margin_static,mean_set_size,3,43,1143.652426,query_count
icews14_continuous_complex,icews14,continuous_tcomplex,0.3,history_policy,label_margin_rolling-minus-label_margin_static,mean_set_size,3,59,1112.438906,query_count
icews14_continuous_complex,icews14,continuous_tcomplex,0.3,history_policy,label_margin_rolling-minus-label_margin_static,mean_set_size,3,71,1241.29334,query_count
icews14_continuous_complex,icews14,continuous_tcomplex,0.3,history_policy,label_margin_rolling-minus-label_margin_static,mean_set_size,7,17,1117.716671,query_count
icews14_continuous_complex,icews14,continuous_tcomplex,0.3,history_policy,label_margin_rolling-minus-label_margin_static,mean_set_size,7,29,1176.421917,query_count
icews14_continuous_complex,icews14,continuous_tcomplex,0.3,history_policy,label_margin_rolling-minus-label_margin_static,mean_set_size,7,43,1143.652426,query_count
icews14_continuous_complex,icews14,continuous_tcomplex,0.3,history_policy,label_margin_rolling-minus-label_margin_static,mean_set_size,7,59,1112.438906,query_count
icews14_continuous_complex,icews14,continuous_tcomplex,0.3,history_policy,label_margin_rolling-minus-label_margin_static,mean_set_size,7,71,1241.29334,query_count
icews14_continuous_complex,icews14,continuous_tcomplex,0.3,history_policy,label_margin_rolling-minus-label_margin_static,mean_set_size,14,17,1117.716671,query_count
icews14_continuous_complex,icews14,continuous_tcomplex,0.3,history_policy,label_margin_rolling-minus-label_margin_static,mean_set_size,14,29,1176.421917,query_count
icews14_continuous_complex,icews14,continuous_tcomplex,0.3,history_policy,label_margin_rolling-minus-label_margin_static,mean_set_size,14,43,1143.652426,query_count
icews14_continuous_complex,icews14,continuous_tcomplex,0.3,history_policy,label_margin_rolling-minus-label_margin_static,mean_set_size,14,59,1112.438906,query_count
icews14_continuous_complex,icews14,continuous_tcomplex,0.3,history_policy,label_margin_rolling-minus-label_margin_static,mean_set_size,14,71,1241.29334,query_count
icews14_continuous_complex,icews14,continuous_tcomplex,0.3,history_policy,label_margin_rolling-minus-label_margin_static,mean_set_size,21,17,1117.716671,query_count
icews14_continuous_complex,icews14,continuous_tcomplex,0.3,history_policy,label_margin_rolling-minus-label_margin_static,mean_set_size,21,29,1176.421917,query_count
icews14_continuous_complex,icews14,continuous_tcomplex,0.3,history_policy,label_margin_rolling-minus-label_margin_static,mean_set_size,21,43,1143.652426,query_count
icews14_continuous_complex,icews14,continuous_tcomplex,0.3,history_policy,label_margin_rolling-minus-label_margin_static,mean_set_size,21,59,1112.438906,query_count
icews14_continuous_complex,icews14,continuous_tcomplex,0.3,history_policy,label_margin_rolling-minus-label_margin_static,mean_set_size,21,71,1241.29334,query_count
icews14_distmult,icews14,temporal_distmult,0.3,history_policy,label_margin_rolling-minus-label_margin_static,absolute_target_error_reduction,3,17,0.05687117836,label_count
icews14_distmult,icews14,temporal_distmult,0.3,history_policy,label_margin_rolling-minus-label_margin_static,absolute_target_error_reduction,3,29,0.07735516634,label_count
icews14_distmult,icews14,temporal_distmult,0.3,history_policy,label_margin_rolling-minus-label_margin_static,absolute_target_error_reduction,3,43,0.05927039071,label_count
icews14_distmult,icews14,temporal_distmult,0.3,history_policy,label_margin_rolling-minus-label_margin_static,absolute_target_error_reduction,3,59,0.06474246036,label_count
icews14_distmult,icews14,temporal_distmult,0.3,history_policy,label_margin_rolling-minus-label_margin_static,absolute_target_error_reduction,3,71,0.06485646181,label_count
icews14_distmult,icews14,temporal_distmult,0.3,history_policy,label_margin_rolling-minus-label_margin_static,absolute_target_error_reduction,7,17,0.05687117836,label_count
icews14_distmult,icews14,temporal_distmult,0.3,history_policy,label_margin_rolling-minus-label_margin_static,absolute_target_error_reduction,7,29,0.07735516634,label_count
icews14_distmult,icews14,temporal_distmult,0.3,history_policy,label_margin_rolling-minus-label_margin_static,absolute_target_error_reduction,7,43,0.05927039071,label_count
icews14_distmult,icews14,temporal_distmult,0.3,history_policy,label_margin_rolling-minus-label_margin_static,absolute_target_error_reduction,7,59,0.06474246036,label_count
icews14_distmult,icews14,temporal_distmult,0.3,history_policy,label_margin_rolling-minus-label_margin_static,absolute_target_error_reduction,7,71,0.06485646181,label_count
icews14_distmult,icews14,temporal_distmult,0.3,history_policy,label_margin_rolling-minus-label_margin_static,absolute_target_error_reduction,14,17,0.05687117836,label_count
icews14_distmult,icews14,temporal_distmult,0.3,history_policy,label_margin_rolling-minus-label_margin_static,absolute_target_error_reduction,14,29,0.07735516634,label_count
icews14_distmult,icews14,temporal_distmult,0.3,history_policy,label_margin_rolling-minus-label_margin_static,absolute_target_error_reduction,14,43,0.05927039071,label_count
icews14_distmult,icews14,temporal_distmult,0.3,history_policy,label_margin_rolling-minus-label_margin_static,absolute_target_error_reduction,14,59,0.06474246036,label_count
icews14_distmult,icews14,temporal_distmult,0.3,history_policy,label_margin_rolling-minus-label_margin_static,absolute_target_error_reduction,14,71,0.06485646181,label_count
icews14_distmult,icews14,temporal_distmult,0.3,history_policy,label_margin_rolling-minus-label_margin_static,absolute_target_error_reduction,21,17,0.05687117836,label_count
icews14_distmult,icews14,temporal_distmult,0.3,history_policy,label_margin_rolling-minus-label_margin_static,absolute_target_error_reduction,21,29,0.07735516634,label_count
icews14_distmult,icews14,temporal_distmult,0.3,history_policy,label_margin_rolling-minus-label_margin_static,absolute_target_error_reduction,21,43,0.05927039071,label_count
icews14_distmult,icews14,temporal_distmult,0.3,history_policy,label_margin_rolling-minus-label_margin_static,absolute_target_error_reduction,21,59,0.06474246036,label_count
icews14_distmult,icews14,temporal_distmult,0.3,history_policy,label_margin_rolling-minus-label_margin_static,absolute_target_error_reduction,21,71,0.06485646181,label_count
icews14_distmult,icews14,temporal_distmult,0.3,history_policy,label_margin_rolling-minus-label_margin_static,full_set_coverage,3,17,0.07254740313,query_count
icews14_distmult,icews14,temporal_distmult,0.3,history_policy,label_margin_rolling-minus-label_margin_static,full_set_coverage,3,29,0.09159698504,query_count
icews14_distmult,icews14,temporal_distmult,0.3,history_policy,label_margin_rolling-minus-label_margin_static,full_set_coverage,3,43,0.07401955011,query_count
icews14_distmult,icews14,temporal_distmult,0.3,history_policy,label_margin_rolling-minus-label_margin_static,full_set_coverage,3,59,0.07749381698,query_count
icews14_distmult,icews14,temporal_distmult,0.3,history_policy,label_margin_rolling-minus-label_margin_static,full_set_coverage,3,71,0.08058532564,query_count
icews14_distmult,icews14,temporal_distmult,0.3,history_policy,label_margin_rolling-minus-label_margin_static,full_set_coverage,7,17,0.07254740313,query_count
icews14_distmult,icews14,temporal_distmult,0.3,history_policy,label_margin_rolling-minus-label_margin_static,full_set_coverage,7,29,0.09159698504,query_count
icews14_distmult,icews14,temporal_distmult,0.3,history_policy,label_margin_rolling-minus-label_margin_static,full_set_coverage,7,43,0.07401955011,query_count
icews14_distmult,icews14,temporal_distmult,0.3,history_policy,label_margin_rolling-minus-label_margin_static,full_set_coverage,7,59,0.07749381698,query_count
icews14_distmult,icews14,temporal_distmult,0.3,history_policy,label_margin_rolling-minus-label_margin_static,full_set_coverage,7,71,0.08058532564,query_count
icews14_distmult,icews14,temporal_distmult,0.3,history_policy,label_margin_rolling-minus-label_margin_static,full_set_coverage,14,17,0.07254740313,query_count
icews14_distmult,icews14,temporal_distmult,0.3,history_policy,label_margin_rolling-minus-label_margin_static,full_set_coverage,14,29,0.09159698504,query_count
icews14_distmult,icews14,temporal_distmult,0.3,history_policy,label_margin_rolling-minus-label_margin_static,full_set_coverage,14,43,0.07401955011,query_count
icews14_distmult,icews14,temporal_distmult,0.3,history_policy,label_margin_rolling-minus-label_margin_static,full_set_coverage,14,59,0.07749381698,query_count
icews14_distmult,icews14,temporal_distmult,0.3,history_policy,label_margin_rolling-minus-label_margin_static,full_set_coverage,14,71,0.08058532564,query_count
icews14_distmult,icews14,temporal_distmult,0.3,history_policy,label_margin_rolling-minus-label_margin_static,full_set_coverage,21,17,0.07254740313,query_count
icews14_distmult,icews14,temporal_distmult,0.3,history_policy,label_margin_rolling-minus-label_margin_static,full_set_coverage,21,29,0.09159698504,query_count
icews14_distmult,icews14,temporal_distmult,0.3,history_policy,label_margin_rolling-minus-label_margin_static,full_set_coverage,21,43,0.07401955011,query_count
icews14_distmult,icews14,temporal_distmult,0.3,history_policy,label_margin_rolling-minus-label_margin_static,full_set_coverage,21,59,0.07749381698,query_count
icews14_distmult,icews14,temporal_distmult,0.3,history_policy,label_margin_rolling-minus-label_margin_static,full_set_coverage,21,71,0.08058532564,query_count
icews14_distmult,icews14,temporal_distmult,0.3,history_policy,label_margin_rolling-minus-label_margin_static,label_coverage,3,17,0.0745932221,label_count
icews14_distmult,icews14,temporal_distmult,0.3,history_policy,label_margin_rolling-minus-label_margin_static,label_coverage,3,29,0.0905275158,label_count
icews14_distmult,icews14,temporal_distmult,0.3,history_policy,label_margin_rolling-minus-label_margin_static,label_coverage,3,43,0.07503368225,label_count
icews14_distmult,icews14,temporal_distmult,0.3,history_policy,label_margin_rolling-minus-label_margin_static,label_coverage,3,59,0.07824645041,label_count
icews14_distmult,icews14,temporal_distmult,0.3,history_policy,label_margin_rolling-minus-label_margin_static,label_coverage,3,71,0.08063011711,label_count
icews14_distmult,icews14,temporal_distmult,0.3,history_policy,label_margin_rolling-minus-label_margin_static,label_coverage,7,17,0.0745932221,label_count
icews14_distmult,icews14,temporal_distmult,0.3,history_policy,label_margin_rolling-minus-label_margin_static,label_coverage,7,29,0.0905275158,label_count
icews14_distmult,icews14,temporal_distmult,0.3,history_policy,label_margin_rolling-minus-label_margin_static,label_coverage,7,43,0.07503368225,label_count
icews14_distmult,icews14,temporal_distmult,0.3,history_policy,label_margin_rolling-minus-label_margin_static,label_coverage,7,59,0.07824645041,label_count
icews14_distmult,icews14,temporal_distmult,0.3,history_policy,label_margin_rolling-minus-label_margin_static,label_coverage,7,71,0.08063011711,label_count
icews14_distmult,icews14,temporal_distmult,0.3,history_policy,label_margin_rolling-minus-label_margin_static,label_coverage,14,17,0.0745932221,label_count
icews14_distmult,icews14,temporal_distmult,0.3,history_policy,label_margin_rolling-minus-label_margin_static,label_coverage,14,29,0.0905275158,label_count
icews14_distmult,icews14,temporal_distmult,0.3,history_policy,label_margin_rolling-minus-label_margin_static,label_coverage,14,43,0.07503368225,label_count
icews14_distmult,icews14,temporal_distmult,0.3,history_policy,label_margin_rolling-minus-label_margin_static,label_coverage,14,59,0.07824645041,label_count
icews14_distmult,icews14,temporal_distmult,0.3,history_policy,label_margin_rolling-minus-label_margin_static,label_coverage,14,71,0.08063011711,label_count
icews14_distmult,icews14,temporal_distmult,0.3,history_policy,label_margin_rolling-minus-label_margin_static,label_coverage,21,17,0.0745932221,label_count
icews14_distmult,icews14,temporal_distmult,0.3,history_policy,label_margin_rolling-minus-label_margin_static,label_coverage,21,29,0.0905275158,label_count
icews14_distmult,icews14,temporal_distmult,0.3,history_policy,label_margin_rolling-minus-label_margin_static,label_coverage,21,43,0.07503368225,label_count
icews14_distmult,icews14,temporal_distmult,0.3,history_policy,label_margin_rolling-minus-label_margin_static,label_coverage,21,59,0.07824645041,label_count
icews14_distmult,icews14,temporal_distmult,0.3,history_policy,label_margin_rolling-minus-label_margin_static,label_coverage,21,71,0.08063011711,label_count
icews14_distmult,icews14,temporal_distmult,0.3,history_policy,label_margin_rolling-minus-label_margin_static,mean_set_size,3,17,1098.425568,query_count
icews14_distmult,icews14,temporal_distmult,0.3,history_policy,label_margin_rolling-minus-label_margin_static,mean_set_size,3,29,1347.063597,query_count
icews14_distmult,icews14,temporal_distmult,0.3,history_policy,label_margin_rolling-minus-label_margin_static,mean_set_size,3,43,1089.981392,query_count
icews14_distmult,icews14,temporal_distmult,0.3,history_policy,label_margin_rolling-minus-label_margin_static,mean_set_size,3,59,1105.380756,query_count
icews14_distmult,icews14,temporal_distmult,0.3,history_policy,label_margin_rolling-minus-label_margin_static,mean_set_size,3,71,1234.866035,query_count
icews14_distmult,icews14,temporal_distmult,0.3,history_policy,label_margin_rolling-minus-label_margin_static,mean_set_size,7,17,1098.425568,query_count
icews14_distmult,icews14,temporal_distmult,0.3,history_policy,label_margin_rolling-minus-label_margin_static,mean_set_size,7,29,1347.063597,query_count
icews14_distmult,icews14,temporal_distmult,0.3,history_policy,label_margin_rolling-minus-label_margin_static,mean_set_size,7,43,1089.981392,query_count
icews14_distmult,icews14,temporal_distmult,0.3,history_policy,label_margin_rolling-minus-label_margin_static,mean_set_size,7,59,1105.380756,query_count
icews14_distmult,icews14,temporal_distmult,0.3,history_policy,label_margin_rolling-minus-label_margin_static,mean_set_size,7,71,1234.866035,query_count
icews14_distmult,icews14,temporal_distmult,0.3,history_policy,label_margin_rolling-minus-label_margin_static,mean_set_size,14,17,1098.425568,query_count
icews14_distmult,icews14,temporal_distmult,0.3,history_policy,label_margin_rolling-minus-label_margin_static,mean_set_size,14,29,1347.063597,query_count
icews14_distmult,icews14,temporal_distmult,0.3,history_policy,label_margin_rolling-minus-label_margin_static,mean_set_size,14,43,1089.981392,query_count
icews14_distmult,icews14,temporal_distmult,0.3,history_policy,label_margin_rolling-minus-label_margin_static,mean_set_size,14,59,1105.380756,query_count
icews14_distmult,icews14,temporal_distmult,0.3,history_policy,label_margin_rolling-minus-label_margin_static,mean_set_size,14,71,1234.866035,query_count
icews14_distmult,icews14,temporal_distmult,0.3,history_policy,label_margin_rolling-minus-label_margin_static,mean_set_size,21,17,1098.425568,query_count
icews14_distmult,icews14,temporal_distmult,0.3,history_policy,label_margin_rolling-minus-label_margin_static,mean_set_size,21,29,1347.063597,query_count
icews14_distmult,icews14,temporal_distmult,0.3,history_policy,label_margin_rolling-minus-label_margin_static,mean_set_size,21,43,1089.981392,query_count
icews14_distmult,icews14,temporal_distmult,0.3,history_policy,label_margin_rolling-minus-label_margin_static,mean_set_size,21,59,1105.380756,query_count
icews14_distmult,icews14,temporal_distmult,0.3,history_policy,label_margin_rolling-minus-label_margin_static,mean_set_size,21,71,1234.866035,query_count
icews05_15_continuous_complex,icews05_15,continuous_tcomplex,0.3,query_objective,query_max_margin_rolling-minus-label_margin_rolling,full_set_coverage,3,17,-0.002472494222,query_count
icews05_15_continuous_complex,icews05_15,continuous_tcomplex,0.3,query_objective,query_max_margin_rolling-minus-label_margin_rolling,full_set_coverage,3,29,-0.001348633212,query_count
icews05_15_continuous_complex,icews05_15,continuous_tcomplex,0.3,query_objective,query_max_margin_rolling-minus-label_margin_rolling,full_set_coverage,3,43,-0.001458137618,query_count
icews05_15_continuous_complex,icews05_15,continuous_tcomplex,0.3,query_objective,query_max_margin_rolling-minus-label_margin_rolling,full_set_coverage,3,59,-2.881694898e-05,query_count
icews05_15_continuous_complex,icews05_15,continuous_tcomplex,0.3,query_objective,query_max_margin_rolling-minus-label_margin_rolling,full_set_coverage,3,71,-0.001510008126,query_count
icews05_15_continuous_complex,icews05_15,continuous_tcomplex,0.3,query_objective,query_max_margin_rolling-minus-label_margin_rolling,full_set_coverage,7,17,-0.002472494222,query_count
icews05_15_continuous_complex,icews05_15,continuous_tcomplex,0.3,query_objective,query_max_margin_rolling-minus-label_margin_rolling,full_set_coverage,7,29,-0.001348633212,query_count
icews05_15_continuous_complex,icews05_15,continuous_tcomplex,0.3,query_objective,query_max_margin_rolling-minus-label_margin_rolling,full_set_coverage,7,43,-0.001458137618,query_count
icews05_15_continuous_complex,icews05_15,continuous_tcomplex,0.3,query_objective,query_max_margin_rolling-minus-label_margin_rolling,full_set_coverage,7,59,-2.881694898e-05,query_count
icews05_15_continuous_complex,icews05_15,continuous_tcomplex,0.3,query_objective,query_max_margin_rolling-minus-label_margin_rolling,full_set_coverage,7,71,-0.001510008126,query_count
icews05_15_continuous_complex,icews05_15,continuous_tcomplex,0.3,query_objective,query_max_margin_rolling-minus-label_margin_rolling,full_set_coverage,14,17,-0.002472494222,query_count
icews05_15_continuous_complex,icews05_15,continuous_tcomplex,0.3,query_objective,query_max_margin_rolling-minus-label_margin_rolling,full_set_coverage,14,29,-0.001348633212,query_count
icews05_15_continuous_complex,icews05_15,continuous_tcomplex,0.3,query_objective,query_max_margin_rolling-minus-label_margin_rolling,full_set_coverage,14,43,-0.001458137618,query_count
icews05_15_continuous_complex,icews05_15,continuous_tcomplex,0.3,query_objective,query_max_margin_rolling-minus-label_margin_rolling,full_set_coverage,14,59,-2.881694898e-05,query_count
icews05_15_continuous_complex,icews05_15,continuous_tcomplex,0.3,query_objective,query_max_margin_rolling-minus-label_margin_rolling,full_set_coverage,14,71,-0.001510008126,query_count
icews05_15_continuous_complex,icews05_15,continuous_tcomplex,0.3,query_objective,query_max_margin_rolling-minus-label_margin_rolling,full_set_coverage,21,17,-0.002472494222,query_count
icews05_15_continuous_complex,icews05_15,continuous_tcomplex,0.3,query_objective,query_max_margin_rolling-minus-label_margin_rolling,full_set_coverage,21,29,-0.001348633212,query_count
icews05_15_continuous_complex,icews05_15,continuous_tcomplex,0.3,query_objective,query_max_margin_rolling-minus-label_margin_rolling,full_set_coverage,21,43,-0.001458137618,query_count
icews05_15_continuous_complex,icews05_15,continuous_tcomplex,0.3,query_objective,query_max_margin_rolling-minus-label_margin_rolling,full_set_coverage,21,59,-2.881694898e-05,query_count
icews05_15_continuous_complex,icews05_15,continuous_tcomplex,0.3,query_objective,query_max_margin_rolling-minus-label_margin_rolling,full_set_coverage,21,71,-0.001510008126,query_count
icews05_15_continuous_complex,icews05_15,continuous_tcomplex,0.3,query_objective,query_max_margin_rolling-minus-label_margin_rolling,mean_set_size,3,17,-70.58879943,query_count
icews05_15_continuous_complex,icews05_15,continuous_tcomplex,0.3,query_objective,query_max_margin_rolling-minus-label_margin_rolling,mean_set_size,3,29,-48.20931479,query_count
icews05_15_continuous_complex,icews05_15,continuous_tcomplex,0.3,query_objective,query_max_margin_rolling-minus-label_margin_rolling,mean_set_size,3,43,-50.85351768,query_count
icews05_15_continuous_complex,icews05_15,continuous_tcomplex,0.3,query_objective,query_max_margin_rolling-minus-label_margin_rolling,mean_set_size,3,59,-11.25545073,query_count
icews05_15_continuous_complex,icews05_15,continuous_tcomplex,0.3,query_objective,query_max_margin_rolling-minus-label_margin_rolling,mean_set_size,3,71,-57.00562507,query_count
icews05_15_continuous_complex,icews05_15,continuous_tcomplex,0.3,query_objective,query_max_margin_rolling-minus-label_margin_rolling,mean_set_size,7,17,-70.58879943,query_count
icews05_15_continuous_complex,icews05_15,continuous_tcomplex,0.3,query_objective,query_max_margin_rolling-minus-label_margin_rolling,mean_set_size,7,29,-48.20931479,query_count
icews05_15_continuous_complex,icews05_15,continuous_tcomplex,0.3,query_objective,query_max_margin_rolling-minus-label_margin_rolling,mean_set_size,7,43,-50.85351768,query_count
icews05_15_continuous_complex,icews05_15,continuous_tcomplex,0.3,query_objective,query_max_margin_rolling-minus-label_margin_rolling,mean_set_size,7,59,-11.25545073,query_count
icews05_15_continuous_complex,icews05_15,continuous_tcomplex,0.3,query_objective,query_max_margin_rolling-minus-label_margin_rolling,mean_set_size,7,71,-57.00562507,query_count
icews05_15_continuous_complex,icews05_15,continuous_tcomplex,0.3,query_objective,query_max_margin_rolling-minus-label_margin_rolling,mean_set_size,14,17,-70.58879943,query_count
icews05_15_continuous_complex,icews05_15,continuous_tcomplex,0.3,query_objective,query_max_margin_rolling-minus-label_margin_rolling,mean_set_size,14,29,-48.20931479,query_count
icews05_15_continuous_complex,icews05_15,continuous_tcomplex,0.3,query_objective,query_max_margin_rolling-minus-label_margin_rolling,mean_set_size,14,43,-50.85351768,query_count
icews05_15_continuous_complex,icews05_15,continuous_tcomplex,0.3,query_objective,query_max_margin_rolling-minus-label_margin_rolling,mean_set_size,14,59,-11.25545073,query_count
icews05_15_continuous_complex,icews05_15,continuous_tcomplex,0.3,query_objective,query_max_margin_rolling-minus-label_margin_rolling,mean_set_size,14,71,-57.00562507,query_count
icews05_15_continuous_complex,icews05_15,continuous_tcomplex,0.3,query_objective,query_max_margin_rolling-minus-label_margin_rolling,mean_set_size,21,17,-70.58879943,query_count
icews05_15_continuous_complex,icews05_15,continuous_tcomplex,0.3,query_objective,query_max_margin_rolling-minus-label_margin_rolling,mean_set_size,21,29,-48.20931479,query_count
icews05_15_continuous_complex,icews05_15,continuous_tcomplex,0.3,query_objective,query_max_margin_rolling-minus-label_margin_rolling,mean_set_size,21,43,-50.85351768,query_count
icews05_15_continuous_complex,icews05_15,continuous_tcomplex,0.3,query_objective,query_max_margin_rolling-minus-label_margin_rolling,mean_set_size,21,59,-11.25545073,query_count
icews05_15_continuous_complex,icews05_15,continuous_tcomplex,0.3,query_objective,query_max_margin_rolling-minus-label_margin_rolling,mean_set_size,21,71,-57.00562507,query_count
icews05_15_continuous_complex,icews05_15,continuous_tcomplex,0.3,query_objective,query_max_margin_rolling-minus-label_margin_rolling,multi_minus_single_full_set_coverage,3,17,-0.002733077826,timestamp_macro
icews05_15_continuous_complex,icews05_15,continuous_tcomplex,0.3,query_objective,query_max_margin_rolling-minus-label_margin_rolling,multi_minus_single_full_set_coverage,3,29,-0.002553174773,timestamp_macro
icews05_15_continuous_complex,icews05_15,continuous_tcomplex,0.3,query_objective,query_max_margin_rolling-minus-label_margin_rolling,multi_minus_single_full_set_coverage,3,43,-0.001989795582,timestamp_macro
icews05_15_continuous_complex,icews05_15,continuous_tcomplex,0.3,query_objective,query_max_margin_rolling-minus-label_margin_rolling,multi_minus_single_full_set_coverage,3,59,-0.001909250788,timestamp_macro
icews05_15_continuous_complex,icews05_15,continuous_tcomplex,0.3,query_objective,query_max_margin_rolling-minus-label_margin_rolling,multi_minus_single_full_set_coverage,3,71,-0.001735224996,timestamp_macro
icews05_15_continuous_complex,icews05_15,continuous_tcomplex,0.3,query_objective,query_max_margin_rolling-minus-label_margin_rolling,multi_minus_single_full_set_coverage,7,17,-0.002733077826,timestamp_macro
icews05_15_continuous_complex,icews05_15,continuous_tcomplex,0.3,query_objective,query_max_margin_rolling-minus-label_margin_rolling,multi_minus_single_full_set_coverage,7,29,-0.002553174773,timestamp_macro
icews05_15_continuous_complex,icews05_15,continuous_tcomplex,0.3,query_objective,query_max_margin_rolling-minus-label_margin_rolling,multi_minus_single_full_set_coverage,7,43,-0.001989795582,timestamp_macro
icews05_15_continuous_complex,icews05_15,continuous_tcomplex,0.3,query_objective,query_max_margin_rolling-minus-label_margin_rolling,multi_minus_single_full_set_coverage,7,59,-0.001909250788,timestamp_macro
icews05_15_continuous_complex,icews05_15,continuous_tcomplex,0.3,query_objective,query_max_margin_rolling-minus-label_margin_rolling,multi_minus_single_full_set_coverage,7,71,-0.001735224996,timestamp_macro
icews05_15_continuous_complex,icews05_15,continuous_tcomplex,0.3,query_objective,query_max_margin_rolling-minus-label_margin_rolling,multi_minus_single_full_set_coverage,14,17,-0.002733077826,timestamp_macro
icews05_15_continuous_complex,icews05_15,continuous_tcomplex,0.3,query_objective,query_max_margin_rolling-minus-label_margin_rolling,multi_minus_single_full_set_coverage,14,29,-0.002553174773,timestamp_macro
icews05_15_continuous_complex,icews05_15,continuous_tcomplex,0.3,query_objective,query_max_margin_rolling-minus-label_margin_rolling,multi_minus_single_full_set_coverage,14,43,-0.001989795582,timestamp_macro
icews05_15_continuous_complex,icews05_15,continuous_tcomplex,0.3,query_objective,query_max_margin_rolling-minus-label_margin_rolling,multi_minus_single_full_set_coverage,14,59,-0.001909250788,timestamp_macro
icews05_15_continuous_complex,icews05_15,continuous_tcomplex,0.3,query_objective,query_max_margin_rolling-minus-label_margin_rolling,multi_minus_single_full_set_coverage,14,71,-0.001735224996,timestamp_macro
icews05_15_continuous_complex,icews05_15,continuous_tcomplex,0.3,query_objective,query_max_margin_rolling-minus-label_margin_rolling,multi_minus_single_full_set_coverage,21,17,-0.002733077826,timestamp_macro
icews05_15_continuous_complex,icews05_15,continuous_tcomplex,0.3,query_objective,query_max_margin_rolling-minus-label_margin_rolling,multi_minus_single_full_set_coverage,21,29,-0.002553174773,timestamp_macro
icews05_15_continuous_complex,icews05_15,continuous_tcomplex,0.3,query_objective,query_max_margin_rolling-minus-label_margin_rolling,multi_minus_single_full_set_coverage,21,43,-0.001989795582,timestamp_macro
icews05_15_continuous_complex,icews05_15,continuous_tcomplex,0.3,query_objective,query_max_margin_rolling-minus-label_margin_rolling,multi_minus_single_full_set_coverage,21,59,-0.001909250788,timestamp_macro
icews05_15_continuous_complex,icews05_15,continuous_tcomplex,0.3,query_objective,query_max_margin_rolling-minus-label_margin_rolling,multi_minus_single_full_set_coverage,21,71,-0.001735224996,timestamp_macro
icews05_15_distmult,icews05_15,temporal_distmult,0.3,query_objective,query_max_margin_rolling-minus-label_margin_rolling,full_set_coverage,3,17,-0.002316882698,query_count
icews05_15_distmult,icews05_15,temporal_distmult,0.3,query_objective,query_max_margin_rolling-minus-label_margin_rolling,full_set_coverage,3,29,-0.001002829824,query_count
icews05_15_distmult,icews05_15,temporal_distmult,0.3,query_objective,query_max_margin_rolling-minus-label_margin_rolling,full_set_coverage,3,43,-0.001469664398,query_count
icews05_15_distmult,icews05_15,temporal_distmult,0.3,query_objective,query_max_margin_rolling-minus-label_margin_rolling,full_set_coverage,3,59,0.000478361353,query_count
icews05_15_distmult,icews05_15,temporal_distmult,0.3,query_objective,query_max_margin_rolling-minus-label_margin_rolling,full_set_coverage,3,71,-0.00113538779,query_count
icews05_15_distmult,icews05_15,temporal_distmult,0.3,query_objective,query_max_margin_rolling-minus-label_margin_rolling,full_set_coverage,7,17,-0.002316882698,query_count
icews05_15_distmult,icews05_15,temporal_distmult,0.3,query_objective,query_max_margin_rolling-minus-label_margin_rolling,full_set_coverage,7,29,-0.001002829824,query_count
icews05_15_distmult,icews05_15,temporal_distmult,0.3,query_objective,query_max_margin_rolling-minus-label_margin_rolling,full_set_coverage,7,43,-0.001469664398,query_count
icews05_15_distmult,icews05_15,temporal_distmult,0.3,query_objective,query_max_margin_rolling-minus-label_margin_rolling,full_set_coverage,7,59,0.000478361353,query_count
icews05_15_distmult,icews05_15,temporal_distmult,0.3,query_objective,query_max_margin_rolling-minus-label_margin_rolling,full_set_coverage,7,71,-0.00113538779,query_count
icews05_15_distmult,icews05_15,temporal_distmult,0.3,query_objective,query_max_margin_rolling-minus-label_margin_rolling,full_set_coverage,14,17,-0.002316882698,query_count
icews05_15_distmult,icews05_15,temporal_distmult,0.3,query_objective,query_max_margin_rolling-minus-label_margin_rolling,full_set_coverage,14,29,-0.001002829824,query_count
icews05_15_distmult,icews05_15,temporal_distmult,0.3,query_objective,query_max_margin_rolling-minus-label_margin_rolling,full_set_coverage,14,43,-0.001469664398,query_count
icews05_15_distmult,icews05_15,temporal_distmult,0.3,query_objective,query_max_margin_rolling-minus-label_margin_rolling,full_set_coverage,14,59,0.000478361353,query_count
icews05_15_distmult,icews05_15,temporal_distmult,0.3,query_objective,query_max_margin_rolling-minus-label_margin_rolling,full_set_coverage,14,71,-0.00113538779,query_count
icews05_15_distmult,icews05_15,temporal_distmult,0.3,query_objective,query_max_margin_rolling-minus-label_margin_rolling,full_set_coverage,21,17,-0.002316882698,query_count
icews05_15_distmult,icews05_15,temporal_distmult,0.3,query_objective,query_max_margin_rolling-minus-label_margin_rolling,full_set_coverage,21,29,-0.001002829824,query_count
icews05_15_distmult,icews05_15,temporal_distmult,0.3,query_objective,query_max_margin_rolling-minus-label_margin_rolling,full_set_coverage,21,43,-0.001469664398,query_count
icews05_15_distmult,icews05_15,temporal_distmult,0.3,query_objective,query_max_margin_rolling-minus-label_margin_rolling,full_set_coverage,21,59,0.000478361353,query_count
icews05_15_distmult,icews05_15,temporal_distmult,0.3,query_objective,query_max_margin_rolling-minus-label_margin_rolling,full_set_coverage,21,71,-0.00113538779,query_count
icews05_15_distmult,icews05_15,temporal_distmult,0.3,query_objective,query_max_margin_rolling-minus-label_margin_rolling,mean_set_size,3,17,-76.7152482,query_count
icews05_15_distmult,icews05_15,temporal_distmult,0.3,query_objective,query_max_margin_rolling-minus-label_margin_rolling,mean_set_size,3,29,-39.4362425,query_count
icews05_15_distmult,icews05_15,temporal_distmult,0.3,query_objective,query_max_margin_rolling-minus-label_margin_rolling,mean_set_size,3,43,-52.40887793,query_count
icews05_15_distmult,icews05_15,temporal_distmult,0.3,query_objective,query_max_margin_rolling-minus-label_margin_rolling,mean_set_size,3,59,7.184566795,query_count
icews05_15_distmult,icews05_15,temporal_distmult,0.3,query_objective,query_max_margin_rolling-minus-label_margin_rolling,mean_set_size,3,71,-35.65336668,query_count
icews05_15_distmult,icews05_15,temporal_distmult,0.3,query_objective,query_max_margin_rolling-minus-label_margin_rolling,mean_set_size,7,17,-76.7152482,query_count
icews05_15_distmult,icews05_15,temporal_distmult,0.3,query_objective,query_max_margin_rolling-minus-label_margin_rolling,mean_set_size,7,29,-39.4362425,query_count
icews05_15_distmult,icews05_15,temporal_distmult,0.3,query_objective,query_max_margin_rolling-minus-label_margin_rolling,mean_set_size,7,43,-52.40887793,query_count
icews05_15_distmult,icews05_15,temporal_distmult,0.3,query_objective,query_max_margin_rolling-minus-label_margin_rolling,mean_set_size,7,59,7.184566795,query_count
icews05_15_distmult,icews05_15,temporal_distmult,0.3,query_objective,query_max_margin_rolling-minus-label_margin_rolling,mean_set_size,7,71,-35.65336668,query_count
icews05_15_distmult,icews05_15,temporal_distmult,0.3,query_objective,query_max_margin_rolling-minus-label_margin_rolling,mean_set_size,14,17,-76.7152482,query_count
icews05_15_distmult,icews05_15,temporal_distmult,0.3,query_objective,query_max_margin_rolling-minus-label_margin_rolling,mean_set_size,14,29,-39.4362425,query_count
icews05_15_distmult,icews05_15,temporal_distmult,0.3,query_objective,query_max_margin_rolling-minus-label_margin_rolling,mean_set_size,14,43,-52.40887793,query_count
icews05_15_distmult,icews05_15,temporal_distmult,0.3,query_objective,query_max_margin_rolling-minus-label_margin_rolling,mean_set_size,14,59,7.184566795,query_count
icews05_15_distmult,icews05_15,temporal_distmult,0.3,query_objective,query_max_margin_rolling-minus-label_margin_rolling,mean_set_size,14,71,-35.65336668,query_count
icews05_15_distmult,icews05_15,temporal_distmult,0.3,query_objective,query_max_margin_rolling-minus-label_margin_rolling,mean_set_size,21,17,-76.7152482,query_count
icews05_15_distmult,icews05_15,temporal_distmult,0.3,query_objective,query_max_margin_rolling-minus-label_margin_rolling,mean_set_size,21,29,-39.4362425,query_count
icews05_15_distmult,icews05_15,temporal_distmult,0.3,query_objective,query_max_margin_rolling-minus-label_margin_rolling,mean_set_size,21,43,-52.40887793,query_count
icews05_15_distmult,icews05_15,temporal_distmult,0.3,query_objective,query_max_margin_rolling-minus-label_margin_rolling,mean_set_size,21,59,7.184566795,query_count
icews05_15_distmult,icews05_15,temporal_distmult,0.3,query_objective,query_max_margin_rolling-minus-label_margin_rolling,mean_set_size,21,71,-35.65336668,query_count
icews05_15_distmult,icews05_15,temporal_distmult,0.3,query_objective,query_max_margin_rolling-minus-label_margin_rolling,multi_minus_single_full_set_coverage,3,17,-0.004322766875,timestamp_macro
icews05_15_distmult,icews05_15,temporal_distmult,0.3,query_objective,query_max_margin_rolling-minus-label_margin_rolling,multi_minus_single_full_set_coverage,3,29,-0.00124544863,timestamp_macro
icews05_15_distmult,icews05_15,temporal_distmult,0.3,query_objective,query_max_margin_rolling-minus-label_margin_rolling,multi_minus_single_full_set_coverage,3,43,-0.0007948867349,timestamp_macro
icews05_15_distmult,icews05_15,temporal_distmult,0.3,query_objective,query_max_margin_rolling-minus-label_margin_rolling,multi_minus_single_full_set_coverage,3,59,-0.0006891695826,timestamp_macro
icews05_15_distmult,icews05_15,temporal_distmult,0.3,query_objective,query_max_margin_rolling-minus-label_margin_rolling,multi_minus_single_full_set_coverage,3,71,-0.001873367045,timestamp_macro
icews05_15_distmult,icews05_15,temporal_distmult,0.3,query_objective,query_max_margin_rolling-minus-label_margin_rolling,multi_minus_single_full_set_coverage,7,17,-0.004322766875,timestamp_macro
icews05_15_distmult,icews05_15,temporal_distmult,0.3,query_objective,query_max_margin_rolling-minus-label_margin_rolling,multi_minus_single_full_set_coverage,7,29,-0.00124544863,timestamp_macro
icews05_15_distmult,icews05_15,temporal_distmult,0.3,query_objective,query_max_margin_rolling-minus-label_margin_rolling,multi_minus_single_full_set_coverage,7,43,-0.0007948867349,timestamp_macro
icews05_15_distmult,icews05_15,temporal_distmult,0.3,query_objective,query_max_margin_rolling-minus-label_margin_rolling,multi_minus_single_full_set_coverage,7,59,-0.0006891695826,timestamp_macro
icews05_15_distmult,icews05_15,temporal_distmult,0.3,query_objective,query_max_margin_rolling-minus-label_margin_rolling,multi_minus_single_full_set_coverage,7,71,-0.001873367045,timestamp_macro
icews05_15_distmult,icews05_15,temporal_distmult,0.3,query_objective,query_max_margin_rolling-minus-label_margin_rolling,multi_minus_single_full_set_coverage,14,17,-0.004322766875,timestamp_macro
icews05_15_distmult,icews05_15,temporal_distmult,0.3,query_objective,query_max_margin_rolling-minus-label_margin_rolling,multi_minus_single_full_set_coverage,14,29,-0.00124544863,timestamp_macro
icews05_15_distmult,icews05_15,temporal_distmult,0.3,query_objective,query_max_margin_rolling-minus-label_margin_rolling,multi_minus_single_full_set_coverage,14,43,-0.0007948867349,timestamp_macro
icews05_15_distmult,icews05_15,temporal_distmult,0.3,query_objective,query_max_margin_rolling-minus-label_margin_rolling,multi_minus_single_full_set_coverage,14,59,-0.0006891695826,timestamp_macro
icews05_15_distmult,icews05_15,temporal_distmult,0.3,query_objective,query_max_margin_rolling-minus-label_margin_rolling,multi_minus_single_full_set_coverage,14,71,-0.001873367045,timestamp_macro
icews05_15_distmult,icews05_15,temporal_distmult,0.3,query_objective,query_max_margin_rolling-minus-label_margin_rolling,multi_minus_single_full_set_coverage,21,17,-0.004322766875,timestamp_macro
icews05_15_distmult,icews05_15,temporal_distmult,0.3,query_objective,query_max_margin_rolling-minus-label_margin_rolling,multi_minus_single_full_set_coverage,21,29,-0.00124544863,timestamp_macro
icews05_15_distmult,icews05_15,temporal_distmult,0.3,query_objective,query_max_margin_rolling-minus-label_margin_rolling,multi_minus_single_full_set_coverage,21,43,-0.0007948867349,timestamp_macro
icews05_15_distmult,icews05_15,temporal_distmult,0.3,query_objective,query_max_margin_rolling-minus-label_margin_rolling,multi_minus_single_full_set_coverage,21,59,-0.0006891695826,timestamp_macro
icews05_15_distmult,icews05_15,temporal_distmult,0.3,query_objective,query_max_margin_rolling-minus-label_margin_rolling,multi_minus_single_full_set_coverage,21,71,-0.001873367045,timestamp_macro
icews14_continuous_complex,icews14,continuous_tcomplex,0.3,query_objective,query_max_margin_rolling-minus-label_margin_rolling,full_set_coverage,3,17,-0.005417500883,query_count
icews14_continuous_complex,icews14,continuous_tcomplex,0.3,query_objective,query_max_margin_rolling-minus-label_margin_rolling,full_set_coverage,3,29,-0.007655164292,query_count
icews14_continuous_complex,icews14,continuous_tcomplex,0.3,query_objective,query_max_margin_rolling-minus-label_margin_rolling,full_set_coverage,3,43,-0.00709574844,query_count
icews14_continuous_complex,icews14,continuous_tcomplex,0.3,query_objective,query_max_margin_rolling-minus-label_margin_rolling,full_set_coverage,3,59,-0.007331291956,query_count
icews14_continuous_complex,icews14,continuous_tcomplex,0.3,query_objective,query_max_margin_rolling-minus-label_margin_rolling,full_set_coverage,3,71,-0.007714050171,query_count
icews14_continuous_complex,icews14,continuous_tcomplex,0.3,query_objective,query_max_margin_rolling-minus-label_margin_rolling,full_set_coverage,7,17,-0.005417500883,query_count
icews14_continuous_complex,icews14,continuous_tcomplex,0.3,query_objective,query_max_margin_rolling-minus-label_margin_rolling,full_set_coverage,7,29,-0.007655164292,query_count
icews14_continuous_complex,icews14,continuous_tcomplex,0.3,query_objective,query_max_margin_rolling-minus-label_margin_rolling,full_set_coverage,7,43,-0.00709574844,query_count
icews14_continuous_complex,icews14,continuous_tcomplex,0.3,query_objective,query_max_margin_rolling-minus-label_margin_rolling,full_set_coverage,7,59,-0.007331291956,query_count
icews14_continuous_complex,icews14,continuous_tcomplex,0.3,query_objective,query_max_margin_rolling-minus-label_margin_rolling,full_set_coverage,7,71,-0.007714050171,query_count
icews14_continuous_complex,icews14,continuous_tcomplex,0.3,query_objective,query_max_margin_rolling-minus-label_margin_rolling,full_set_coverage,14,17,-0.005417500883,query_count
icews14_continuous_complex,icews14,continuous_tcomplex,0.3,query_objective,query_max_margin_rolling-minus-label_margin_rolling,full_set_coverage,14,29,-0.007655164292,query_count
icews14_continuous_complex,icews14,continuous_tcomplex,0.3,query_objective,query_max_margin_rolling-minus-label_margin_rolling,full_set_coverage,14,43,-0.00709574844,query_count
icews14_continuous_complex,icews14,continuous_tcomplex,0.3,query_objective,query_max_margin_rolling-minus-label_margin_rolling,full_set_coverage,14,59,-0.007331291956,query_count
icews14_continuous_complex,icews14,continuous_tcomplex,0.3,query_objective,query_max_margin_rolling-minus-label_margin_rolling,full_set_coverage,14,71,-0.007714050171,query_count
icews14_continuous_complex,icews14,continuous_tcomplex,0.3,query_objective,query_max_margin_rolling-minus-label_margin_rolling,full_set_coverage,21,17,-0.005417500883,query_count
icews14_continuous_complex,icews14,continuous_tcomplex,0.3,query_objective,query_max_margin_rolling-minus-label_margin_rolling,full_set_coverage,21,29,-0.007655164292,query_count
icews14_continuous_complex,icews14,continuous_tcomplex,0.3,query_objective,query_max_margin_rolling-minus-label_margin_rolling,full_set_coverage,21,43,-0.00709574844,query_count
icews14_continuous_complex,icews14,continuous_tcomplex,0.3,query_objective,query_max_margin_rolling-minus-label_margin_rolling,full_set_coverage,21,59,-0.007331291956,query_count
icews14_continuous_complex,icews14,continuous_tcomplex,0.3,query_objective,query_max_margin_rolling-minus-label_margin_rolling,full_set_coverage,21,71,-0.007714050171,query_count
icews14_continuous_complex,icews14,continuous_tcomplex,0.3,query_objective,query_max_margin_rolling-minus-label_margin_rolling,mean_set_size,3,17,-92.65375103,query_count
icews14_continuous_complex,icews14,continuous_tcomplex,0.3,query_objective,query_max_margin_rolling-minus-label_margin_rolling,mean_set_size,3,29,-138.1327288,query_count
icews14_continuous_complex,icews14,continuous_tcomplex,0.3,query_objective,query_max_margin_rolling-minus-label_margin_rolling,mean_set_size,3,43,-136.7615416,query_count
icews14_continuous_complex,icews14,continuous_tcomplex,0.3,query_objective,query_max_margin_rolling-minus-label_margin_rolling,mean_set_size,3,59,-135.2606583,query_count
icews14_continuous_complex,icews14,continuous_tcomplex,0.3,query_objective,query_max_margin_rolling-minus-label_margin_rolling,mean_set_size,3,71,-113.4303674,query_count
icews14_continuous_complex,icews14,continuous_tcomplex,0.3,query_objective,query_max_margin_rolling-minus-label_margin_rolling,mean_set_size,7,17,-92.65375103,query_count
icews14_continuous_complex,icews14,continuous_tcomplex,0.3,query_objective,query_max_margin_rolling-minus-label_margin_rolling,mean_set_size,7,29,-138.1327288,query_count
icews14_continuous_complex,icews14,continuous_tcomplex,0.3,query_objective,query_max_margin_rolling-minus-label_margin_rolling,mean_set_size,7,43,-136.7615416,query_count
icews14_continuous_complex,icews14,continuous_tcomplex,0.3,query_objective,query_max_margin_rolling-minus-label_margin_rolling,mean_set_size,7,59,-135.2606583,query_count
icews14_continuous_complex,icews14,continuous_tcomplex,0.3,query_objective,query_max_margin_rolling-minus-label_margin_rolling,mean_set_size,7,71,-113.4303674,query_count
icews14_continuous_complex,icews14,continuous_tcomplex,0.3,query_objective,query_max_margin_rolling-minus-label_margin_rolling,mean_set_size,14,17,-92.65375103,query_count
icews14_continuous_complex,icews14,continuous_tcomplex,0.3,query_objective,query_max_margin_rolling-minus-label_margin_rolling,mean_set_size,14,29,-138.1327288,query_count
icews14_continuous_complex,icews14,continuous_tcomplex,0.3,query_objective,query_max_margin_rolling-minus-label_margin_rolling,mean_set_size,14,43,-136.7615416,query_count
icews14_continuous_complex,icews14,continuous_tcomplex,0.3,query_objective,query_max_margin_rolling-minus-label_margin_rolling,mean_set_size,14,59,-135.2606583,query_count
icews14_continuous_complex,icews14,continuous_tcomplex,0.3,query_objective,query_max_margin_rolling-minus-label_margin_rolling,mean_set_size,14,71,-113.4303674,query_count
icews14_continuous_complex,icews14,continuous_tcomplex,0.3,query_objective,query_max_margin_rolling-minus-label_margin_rolling,mean_set_size,21,17,-92.65375103,query_count
icews14_continuous_complex,icews14,continuous_tcomplex,0.3,query_objective,query_max_margin_rolling-minus-label_margin_rolling,mean_set_size,21,29,-138.1327288,query_count
icews14_continuous_complex,icews14,continuous_tcomplex,0.3,query_objective,query_max_margin_rolling-minus-label_margin_rolling,mean_set_size,21,43,-136.7615416,query_count
icews14_continuous_complex,icews14,continuous_tcomplex,0.3,query_objective,query_max_margin_rolling-minus-label_margin_rolling,mean_set_size,21,59,-135.2606583,query_count
icews14_continuous_complex,icews14,continuous_tcomplex,0.3,query_objective,query_max_margin_rolling-minus-label_margin_rolling,mean_set_size,21,71,-113.4303674,query_count
icews14_continuous_complex,icews14,continuous_tcomplex,0.3,query_objective,query_max_margin_rolling-minus-label_margin_rolling,multi_minus_single_full_set_coverage,3,17,-0.01078570274,timestamp_macro
icews14_continuous_complex,icews14,continuous_tcomplex,0.3,query_objective,query_max_margin_rolling-minus-label_margin_rolling,multi_minus_single_full_set_coverage,3,29,-0.007273617283,timestamp_macro
icews14_continuous_complex,icews14,continuous_tcomplex,0.3,query_objective,query_max_margin_rolling-minus-label_margin_rolling,multi_minus_single_full_set_coverage,3,43,-0.01500001409,timestamp_macro
icews14_continuous_complex,icews14,continuous_tcomplex,0.3,query_objective,query_max_margin_rolling-minus-label_margin_rolling,multi_minus_single_full_set_coverage,3,59,-0.01176299318,timestamp_macro
icews14_continuous_complex,icews14,continuous_tcomplex,0.3,query_objective,query_max_margin_rolling-minus-label_margin_rolling,multi_minus_single_full_set_coverage,3,71,-0.01138454165,timestamp_macro
icews14_continuous_complex,icews14,continuous_tcomplex,0.3,query_objective,query_max_margin_rolling-minus-label_margin_rolling,multi_minus_single_full_set_coverage,7,17,-0.01078570274,timestamp_macro
icews14_continuous_complex,icews14,continuous_tcomplex,0.3,query_objective,query_max_margin_rolling-minus-label_margin_rolling,multi_minus_single_full_set_coverage,7,29,-0.007273617283,timestamp_macro
icews14_continuous_complex,icews14,continuous_tcomplex,0.3,query_objective,query_max_margin_rolling-minus-label_margin_rolling,multi_minus_single_full_set_coverage,7,43,-0.01500001409,timestamp_macro
icews14_continuous_complex,icews14,continuous_tcomplex,0.3,query_objective,query_max_margin_rolling-minus-label_margin_rolling,multi_minus_single_full_set_coverage,7,59,-0.01176299318,timestamp_macro
icews14_continuous_complex,icews14,continuous_tcomplex,0.3,query_objective,query_max_margin_rolling-minus-label_margin_rolling,multi_minus_single_full_set_coverage,7,71,-0.01138454165,timestamp_macro
icews14_continuous_complex,icews14,continuous_tcomplex,0.3,query_objective,query_max_margin_rolling-minus-label_margin_rolling,multi_minus_single_full_set_coverage,14,17,-0.01078570274,timestamp_macro
icews14_continuous_complex,icews14,continuous_tcomplex,0.3,query_objective,query_max_margin_rolling-minus-label_margin_rolling,multi_minus_single_full_set_coverage,14,29,-0.007273617283,timestamp_macro
icews14_continuous_complex,icews14,continuous_tcomplex,0.3,query_objective,query_max_margin_rolling-minus-label_margin_rolling,multi_minus_single_full_set_coverage,14,43,-0.01500001409,timestamp_macro
icews14_continuous_complex,icews14,continuous_tcomplex,0.3,query_objective,query_max_margin_rolling-minus-label_margin_rolling,multi_minus_single_full_set_coverage,14,59,-0.01176299318,timestamp_macro
icews14_continuous_complex,icews14,continuous_tcomplex,0.3,query_objective,query_max_margin_rolling-minus-label_margin_rolling,multi_minus_single_full_set_coverage,14,71,-0.01138454165,timestamp_macro
icews14_continuous_complex,icews14,continuous_tcomplex,0.3,query_objective,query_max_margin_rolling-minus-label_margin_rolling,multi_minus_single_full_set_coverage,21,17,-0.01078570274,timestamp_macro
icews14_continuous_complex,icews14,continuous_tcomplex,0.3,query_objective,query_max_margin_rolling-minus-label_margin_rolling,multi_minus_single_full_set_coverage,21,29,-0.007273617283,timestamp_macro
icews14_continuous_complex,icews14,continuous_tcomplex,0.3,query_objective,query_max_margin_rolling-minus-label_margin_rolling,multi_minus_single_full_set_coverage,21,43,-0.01500001409,timestamp_macro
icews14_continuous_complex,icews14,continuous_tcomplex,0.3,query_objective,query_max_margin_rolling-minus-label_margin_rolling,multi_minus_single_full_set_coverage,21,59,-0.01176299318,timestamp_macro
icews14_continuous_complex,icews14,continuous_tcomplex,0.3,query_objective,query_max_margin_rolling-minus-label_margin_rolling,multi_minus_single_full_set_coverage,21,71,-0.01138454165,timestamp_macro
icews14_distmult,icews14,temporal_distmult,0.3,query_objective,query_max_margin_rolling-minus-label_margin_rolling,full_set_coverage,3,17,-0.007979036627,query_count
icews14_distmult,icews14,temporal_distmult,0.3,query_objective,query_max_margin_rolling-minus-label_margin_rolling,full_set_coverage,3,29,-0.005240843246,query_count
icews14_distmult,icews14,temporal_distmult,0.3,query_objective,query_max_margin_rolling-minus-label_margin_rolling,full_set_coverage,3,43,-0.008067365446,query_count
icews14_distmult,icews14,temporal_distmult,0.3,query_objective,query_max_margin_rolling-minus-label_margin_rolling,full_set_coverage,3,59,-0.008832881875,query_count
icews14_distmult,icews14,temporal_distmult,0.3,query_objective,query_max_margin_rolling-minus-label_margin_rolling,full_set_coverage,3,71,-0.01027558591,query_count
icews14_distmult,icews14,temporal_distmult,0.3,query_objective,query_max_margin_rolling-minus-label_margin_rolling,full_set_coverage,7,17,-0.007979036627,query_count
icews14_distmult,icews14,temporal_distmult,0.3,query_objective,query_max_margin_rolling-minus-label_margin_rolling,full_set_coverage,7,29,-0.005240843246,query_count
icews14_distmult,icews14,temporal_distmult,0.3,query_objective,query_max_margin_rolling-minus-label_margin_rolling,full_set_coverage,7,43,-0.008067365446,query_count
icews14_distmult,icews14,temporal_distmult,0.3,query_objective,query_max_margin_rolling-minus-label_margin_rolling,full_set_coverage,7,59,-0.008832881875,query_count
icews14_distmult,icews14,temporal_distmult,0.3,query_objective,query_max_margin_rolling-minus-label_margin_rolling,full_set_coverage,7,71,-0.01027558591,query_count
icews14_distmult,icews14,temporal_distmult,0.3,query_objective,query_max_margin_rolling-minus-label_margin_rolling,full_set_coverage,14,17,-0.007979036627,query_count
icews14_distmult,icews14,temporal_distmult,0.3,query_objective,query_max_margin_rolling-minus-label_margin_rolling,full_set_coverage,14,29,-0.005240843246,query_count
icews14_distmult,icews14,temporal_distmult,0.3,query_objective,query_max_margin_rolling-minus-label_margin_rolling,full_set_coverage,14,43,-0.008067365446,query_count
icews14_distmult,icews14,temporal_distmult,0.3,query_objective,query_max_margin_rolling-minus-label_margin_rolling,full_set_coverage,14,59,-0.008832881875,query_count
icews14_distmult,icews14,temporal_distmult,0.3,query_objective,query_max_margin_rolling-minus-label_margin_rolling,full_set_coverage,14,71,-0.01027558591,query_count
icews14_distmult,icews14,temporal_distmult,0.3,query_objective,query_max_margin_rolling-minus-label_margin_rolling,full_set_coverage,21,17,-0.007979036627,query_count
icews14_distmult,icews14,temporal_distmult,0.3,query_objective,query_max_margin_rolling-minus-label_margin_rolling,full_set_coverage,21,29,-0.005240843246,query_count
icews14_distmult,icews14,temporal_distmult,0.3,query_objective,query_max_margin_rolling-minus-label_margin_rolling,full_set_coverage,21,43,-0.008067365446,query_count
icews14_distmult,icews14,temporal_distmult,0.3,query_objective,query_max_margin_rolling-minus-label_margin_rolling,full_set_coverage,21,59,-0.008832881875,query_count
icews14_distmult,icews14,temporal_distmult,0.3,query_objective,query_max_margin_rolling-minus-label_margin_rolling,full_set_coverage,21,71,-0.01027558591,query_count
icews14_distmult,icews14,temporal_distmult,0.3,query_objective,query_max_margin_rolling-minus-label_margin_rolling,mean_set_size,3,17,-157.5019138,query_count
icews14_distmult,icews14,temporal_distmult,0.3,query_objective,query_max_margin_rolling-minus-label_margin_rolling,mean_set_size,3,29,-91.05414557,query_count
icews14_distmult,icews14,temporal_distmult,0.3,query_objective,query_max_margin_rolling-minus-label_margin_rolling,mean_set_size,3,43,-143.1327877,query_count
icews14_distmult,icews14,temporal_distmult,0.3,query_objective,query_max_margin_rolling-minus-label_margin_rolling,mean_set_size,3,59,-133.3834354,query_count
icews14_distmult,icews14,temporal_distmult,0.3,query_objective,query_max_margin_rolling-minus-label_margin_rolling,mean_set_size,3,71,-177.7263573,query_count
icews14_distmult,icews14,temporal_distmult,0.3,query_objective,query_max_margin_rolling-minus-label_margin_rolling,mean_set_size,7,17,-157.5019138,query_count
icews14_distmult,icews14,temporal_distmult,0.3,query_objective,query_max_margin_rolling-minus-label_margin_rolling,mean_set_size,7,29,-91.05414557,query_count
icews14_distmult,icews14,temporal_distmult,0.3,query_objective,query_max_margin_rolling-minus-label_margin_rolling,mean_set_size,7,43,-143.1327877,query_count
icews14_distmult,icews14,temporal_distmult,0.3,query_objective,query_max_margin_rolling-minus-label_margin_rolling,mean_set_size,7,59,-133.3834354,query_count
icews14_distmult,icews14,temporal_distmult,0.3,query_objective,query_max_margin_rolling-minus-label_margin_rolling,mean_set_size,7,71,-177.7263573,query_count
icews14_distmult,icews14,temporal_distmult,0.3,query_objective,query_max_margin_rolling-minus-label_margin_rolling,mean_set_size,14,17,-157.5019138,query_count
icews14_distmult,icews14,temporal_distmult,0.3,query_objective,query_max_margin_rolling-minus-label_margin_rolling,mean_set_size,14,29,-91.05414557,query_count
icews14_distmult,icews14,temporal_distmult,0.3,query_objective,query_max_margin_rolling-minus-label_margin_rolling,mean_set_size,14,43,-143.1327877,query_count
icews14_distmult,icews14,temporal_distmult,0.3,query_objective,query_max_margin_rolling-minus-label_margin_rolling,mean_set_size,14,59,-133.3834354,query_count
icews14_distmult,icews14,temporal_distmult,0.3,query_objective,query_max_margin_rolling-minus-label_margin_rolling,mean_set_size,14,71,-177.7263573,query_count
icews14_distmult,icews14,temporal_distmult,0.3,query_objective,query_max_margin_rolling-minus-label_margin_rolling,mean_set_size,21,17,-157.5019138,query_count
icews14_distmult,icews14,temporal_distmult,0.3,query_objective,query_max_margin_rolling-minus-label_margin_rolling,mean_set_size,21,29,-91.05414557,query_count
icews14_distmult,icews14,temporal_distmult,0.3,query_objective,query_max_margin_rolling-minus-label_margin_rolling,mean_set_size,21,43,-143.1327877,query_count
icews14_distmult,icews14,temporal_distmult,0.3,query_objective,query_max_margin_rolling-minus-label_margin_rolling,mean_set_size,21,59,-133.3834354,query_count
icews14_distmult,icews14,temporal_distmult,0.3,query_objective,query_max_margin_rolling-minus-label_margin_rolling,mean_set_size,21,71,-177.7263573,query_count
icews14_distmult,icews14,temporal_distmult,0.3,query_objective,query_max_margin_rolling-minus-label_margin_rolling,multi_minus_single_full_set_coverage,3,17,-0.01191549347,timestamp_macro
icews14_distmult,icews14,temporal_distmult,0.3,query_objective,query_max_margin_rolling-minus-label_margin_rolling,multi_minus_single_full_set_coverage,3,29,-0.008585147979,timestamp_macro
icews14_distmult,icews14,temporal_distmult,0.3,query_objective,query_max_margin_rolling-minus-label_margin_rolling,multi_minus_single_full_set_coverage,3,43,-0.01348495339,timestamp_macro
icews14_distmult,icews14,temporal_distmult,0.3,query_objective,query_max_margin_rolling-minus-label_margin_rolling,multi_minus_single_full_set_coverage,3,59,-0.01926585869,timestamp_macro
icews14_distmult,icews14,temporal_distmult,0.3,query_objective,query_max_margin_rolling-minus-label_margin_rolling,multi_minus_single_full_set_coverage,3,71,-0.01516376175,timestamp_macro
icews14_distmult,icews14,temporal_distmult,0.3,query_objective,query_max_margin_rolling-minus-label_margin_rolling,multi_minus_single_full_set_coverage,7,17,-0.01191549347,timestamp_macro
icews14_distmult,icews14,temporal_distmult,0.3,query_objective,query_max_margin_rolling-minus-label_margin_rolling,multi_minus_single_full_set_coverage,7,29,-0.008585147979,timestamp_macro
icews14_distmult,icews14,temporal_distmult,0.3,query_objective,query_max_margin_rolling-minus-label_margin_rolling,multi_minus_single_full_set_coverage,7,43,-0.01348495339,timestamp_macro
icews14_distmult,icews14,temporal_distmult,0.3,query_objective,query_max_margin_rolling-minus-label_margin_rolling,multi_minus_single_full_set_coverage,7,59,-0.01926585869,timestamp_macro
icews14_distmult,icews14,temporal_distmult,0.3,query_objective,query_max_margin_rolling-minus-label_margin_rolling,multi_minus_single_full_set_coverage,7,71,-0.01516376175,timestamp_macro
icews14_distmult,icews14,temporal_distmult,0.3,query_objective,query_max_margin_rolling-minus-label_margin_rolling,multi_minus_single_full_set_coverage,14,17,-0.01191549347,timestamp_macro
icews14_distmult,icews14,temporal_distmult,0.3,query_objective,query_max_margin_rolling-minus-label_margin_rolling,multi_minus_single_full_set_coverage,14,29,-0.008585147979,timestamp_macro
icews14_distmult,icews14,temporal_distmult,0.3,query_objective,query_max_margin_rolling-minus-label_margin_rolling,multi_minus_single_full_set_coverage,14,43,-0.01348495339,timestamp_macro
icews14_distmult,icews14,temporal_distmult,0.3,query_objective,query_max_margin_rolling-minus-label_margin_rolling,multi_minus_single_full_set_coverage,14,59,-0.01926585869,timestamp_macro
icews14_distmult,icews14,temporal_distmult,0.3,query_objective,query_max_margin_rolling-minus-label_margin_rolling,multi_minus_single_full_set_coverage,14,71,-0.01516376175,timestamp_macro
icews14_distmult,icews14,temporal_distmult,0.3,query_objective,query_max_margin_rolling-minus-label_margin_rolling,multi_minus_single_full_set_coverage,21,17,-0.01191549347,timestamp_macro
icews14_distmult,icews14,temporal_distmult,0.3,query_objective,query_max_margin_rolling-minus-label_margin_rolling,multi_minus_single_full_set_coverage,21,29,-0.008585147979,timestamp_macro
icews14_distmult,icews14,temporal_distmult,0.3,query_objective,query_max_margin_rolling-minus-label_margin_rolling,multi_minus_single_full_set_coverage,21,43,-0.01348495339,timestamp_macro
icews14_distmult,icews14,temporal_distmult,0.3,query_objective,query_max_margin_rolling-minus-label_margin_rolling,multi_minus_single_full_set_coverage,21,59,-0.01926585869,timestamp_macro
icews14_distmult,icews14,temporal_distmult,0.3,query_objective,query_max_margin_rolling-minus-label_margin_rolling,multi_minus_single_full_set_coverage,21,71,-0.01516376175,timestamp_macro
icews05_15_continuous_complex,icews05_15,continuous_tcomplex,0.3,score_function,label_minmax_rolling-minus-label_margin_rolling,label_coverage,3,17,-0.001518574957,label_count
icews05_15_continuous_complex,icews05_15,continuous_tcomplex,0.3,score_function,label_minmax_rolling-minus-label_margin_rolling,label_coverage,3,29,-0.0009037885555,label_count
icews05_15_continuous_complex,icews05_15,continuous_tcomplex,0.3,score_function,label_minmax_rolling-minus-label_margin_rolling,label_coverage,3,43,-0.0009037885555,label_count
icews05_15_continuous_complex,icews05_15,continuous_tcomplex,0.3,score_function,label_minmax_rolling-minus-label_margin_rolling,label_coverage,3,59,-0.0009353160633,label_count
icews05_15_continuous_complex,icews05_15,continuous_tcomplex,0.3,score_function,label_minmax_rolling-minus-label_margin_rolling,label_coverage,3,71,-0.0009878619095,label_count
icews05_15_continuous_complex,icews05_15,continuous_tcomplex,0.3,score_function,label_minmax_rolling-minus-label_margin_rolling,label_coverage,7,17,-0.001518574957,label_count
icews05_15_continuous_complex,icews05_15,continuous_tcomplex,0.3,score_function,label_minmax_rolling-minus-label_margin_rolling,label_coverage,7,29,-0.0009037885555,label_count
icews05_15_continuous_complex,icews05_15,continuous_tcomplex,0.3,score_function,label_minmax_rolling-minus-label_margin_rolling,label_coverage,7,43,-0.0009037885555,label_count
icews05_15_continuous_complex,icews05_15,continuous_tcomplex,0.3,score_function,label_minmax_rolling-minus-label_margin_rolling,label_coverage,7,59,-0.0009353160633,label_count
icews05_15_continuous_complex,icews05_15,continuous_tcomplex,0.3,score_function,label_minmax_rolling-minus-label_margin_rolling,label_coverage,7,71,-0.0009878619095,label_count
icews05_15_continuous_complex,icews05_15,continuous_tcomplex,0.3,score_function,label_minmax_rolling-minus-label_margin_rolling,label_coverage,14,17,-0.001518574957,label_count
icews05_15_continuous_complex,icews05_15,continuous_tcomplex,0.3,score_function,label_minmax_rolling-minus-label_margin_rolling,label_coverage,14,29,-0.0009037885555,label_count
icews05_15_continuous_complex,icews05_15,continuous_tcomplex,0.3,score_function,label_minmax_rolling-minus-label_margin_rolling,label_coverage,14,43,-0.0009037885555,label_count
icews05_15_continuous_complex,icews05_15,continuous_tcomplex,0.3,score_function,label_minmax_rolling-minus-label_margin_rolling,label_coverage,14,59,-0.0009353160633,label_count
icews05_15_continuous_complex,icews05_15,continuous_tcomplex,0.3,score_function,label_minmax_rolling-minus-label_margin_rolling,label_coverage,14,71,-0.0009878619095,label_count
icews05_15_continuous_complex,icews05_15,continuous_tcomplex,0.3,score_function,label_minmax_rolling-minus-label_margin_rolling,label_coverage,21,17,-0.001518574957,label_count
icews05_15_continuous_complex,icews05_15,continuous_tcomplex,0.3,score_function,label_minmax_rolling-minus-label_margin_rolling,label_coverage,21,29,-0.0009037885555,label_count
icews05_15_continuous_complex,icews05_15,continuous_tcomplex,0.3,score_function,label_minmax_rolling-minus-label_margin_rolling,label_coverage,21,43,-0.0009037885555,label_count
icews05_15_continuous_complex,icews05_15,continuous_tcomplex,0.3,score_function,label_minmax_rolling-minus-label_margin_rolling,label_coverage,21,59,-0.0009353160633,label_count
icews05_15_continuous_complex,icews05_15,continuous_tcomplex,0.3,score_function,label_minmax_rolling-minus-label_margin_rolling,label_coverage,21,71,-0.0009878619095,label_count
icews05_15_continuous_complex,icews05_15,continuous_tcomplex,0.3,score_function,label_minmax_rolling-minus-label_margin_rolling,mean_set_size,3,17,-1326.328185,query_count
icews05_15_continuous_complex,icews05_15,continuous_tcomplex,0.3,score_function,label_minmax_rolling-minus-label_margin_rolling,mean_set_size,3,29,-1150.392222,query_count
icews05_15_continuous_complex,icews05_15,continuous_tcomplex,0.3,score_function,label_minmax_rolling-minus-label_margin_rolling,mean_set_size,3,43,-1181.948141,query_count
icews05_15_continuous_complex,icews05_15,continuous_tcomplex,0.3,score_function,label_minmax_rolling-minus-label_margin_rolling,mean_set_size,3,59,-550.6291316,query_count
icews05_15_continuous_complex,icews05_15,continuous_tcomplex,0.3,score_function,label_minmax_rolling-minus-label_margin_rolling,mean_set_size,3,71,-1244.755356,query_count
icews05_15_continuous_complex,icews05_15,continuous_tcomplex,0.3,score_function,label_minmax_rolling-minus-label_margin_rolling,mean_set_size,7,17,-1326.328185,query_count
icews05_15_continuous_complex,icews05_15,continuous_tcomplex,0.3,score_function,label_minmax_rolling-minus-label_margin_rolling,mean_set_size,7,29,-1150.392222,query_count
icews05_15_continuous_complex,icews05_15,continuous_tcomplex,0.3,score_function,label_minmax_rolling-minus-label_margin_rolling,mean_set_size,7,43,-1181.948141,query_count
icews05_15_continuous_complex,icews05_15,continuous_tcomplex,0.3,score_function,label_minmax_rolling-minus-label_margin_rolling,mean_set_size,7,59,-550.6291316,query_count
icews05_15_continuous_complex,icews05_15,continuous_tcomplex,0.3,score_function,label_minmax_rolling-minus-label_margin_rolling,mean_set_size,7,71,-1244.755356,query_count
icews05_15_continuous_complex,icews05_15,continuous_tcomplex,0.3,score_function,label_minmax_rolling-minus-label_margin_rolling,mean_set_size,14,17,-1326.328185,query_count
icews05_15_continuous_complex,icews05_15,continuous_tcomplex,0.3,score_function,label_minmax_rolling-minus-label_margin_rolling,mean_set_size,14,29,-1150.392222,query_count
icews05_15_continuous_complex,icews05_15,continuous_tcomplex,0.3,score_function,label_minmax_rolling-minus-label_margin_rolling,mean_set_size,14,43,-1181.948141,query_count
icews05_15_continuous_complex,icews05_15,continuous_tcomplex,0.3,score_function,label_minmax_rolling-minus-label_margin_rolling,mean_set_size,14,59,-550.6291316,query_count
icews05_15_continuous_complex,icews05_15,continuous_tcomplex,0.3,score_function,label_minmax_rolling-minus-label_margin_rolling,mean_set_size,14,71,-1244.755356,query_count
icews05_15_continuous_complex,icews05_15,continuous_tcomplex,0.3,score_function,label_minmax_rolling-minus-label_margin_rolling,mean_set_size,21,17,-1326.328185,query_count
icews05_15_continuous_complex,icews05_15,continuous_tcomplex,0.3,score_function,label_minmax_rolling-minus-label_margin_rolling,mean_set_size,21,29,-1150.392222,query_count
icews05_15_continuous_complex,icews05_15,continuous_tcomplex,0.3,score_function,label_minmax_rolling-minus-label_margin_rolling,mean_set_size,21,43,-1181.948141,query_count
icews05_15_continuous_complex,icews05_15,continuous_tcomplex,0.3,score_function,label_minmax_rolling-minus-label_margin_rolling,mean_set_size,21,59,-550.6291316,query_count
icews05_15_continuous_complex,icews05_15,continuous_tcomplex,0.3,score_function,label_minmax_rolling-minus-label_margin_rolling,mean_set_size,21,71,-1244.755356,query_count
icews05_15_continuous_complex,icews05_15,continuous_tcomplex,0.3,score_function,label_negscore_rolling-minus-label_margin_rolling,label_coverage,3,17,-0.002149125112,label_count
icews05_15_continuous_complex,icews05_15,continuous_tcomplex,0.3,score_function,label_negscore_rolling-minus-label_margin_rolling,label_coverage,3,29,-0.001523829541,label_count
icews05_15_continuous_complex,icews05_15,continuous_tcomplex,0.3,score_function,label_negscore_rolling-minus-label_margin_rolling,label_coverage,3,43,-0.002243707635,label_count
icews05_15_continuous_complex,icews05_15,continuous_tcomplex,0.3,score_function,label_negscore_rolling-minus-label_margin_rolling,label_coverage,3,59,-0.001460774526,label_count
icews05_15_continuous_complex,icews05_15,continuous_tcomplex,0.3,score_function,label_negscore_rolling-minus-label_margin_rolling,label_coverage,3,71,-0.001986232988,label_count
icews05_15_continuous_complex,icews05_15,continuous_tcomplex,0.3,score_function,label_negscore_rolling-minus-label_margin_rolling,label_coverage,7,17,-0.002149125112,label_count
icews05_15_continuous_complex,icews05_15,continuous_tcomplex,0.3,score_function,label_negscore_rolling-minus-label_margin_rolling,label_coverage,7,29,-0.001523829541,label_count
icews05_15_continuous_complex,icews05_15,continuous_tcomplex,0.3,score_function,label_negscore_rolling-minus-label_margin_rolling,label_coverage,7,43,-0.002243707635,label_count
icews05_15_continuous_complex,icews05_15,continuous_tcomplex,0.3,score_function,label_negscore_rolling-minus-label_margin_rolling,label_coverage,7,59,-0.001460774526,label_count
icews05_15_continuous_complex,icews05_15,continuous_tcomplex,0.3,score_function,label_negscore_rolling-minus-label_margin_rolling,label_coverage,7,71,-0.001986232988,label_count
icews05_15_continuous_complex,icews05_15,continuous_tcomplex,0.3,score_function,label_negscore_rolling-minus-label_margin_rolling,label_coverage,14,17,-0.002149125112,label_count
icews05_15_continuous_complex,icews05_15,continuous_tcomplex,0.3,score_function,label_negscore_rolling-minus-label_margin_rolling,label_coverage,14,29,-0.001523829541,label_count
icews05_15_continuous_complex,icews05_15,continuous_tcomplex,0.3,score_function,label_negscore_rolling-minus-label_margin_rolling,label_coverage,14,43,-0.002243707635,label_count
icews05_15_continuous_complex,icews05_15,continuous_tcomplex,0.3,score_function,label_negscore_rolling-minus-label_margin_rolling,label_coverage,14,59,-0.001460774526,label_count
icews05_15_continuous_complex,icews05_15,continuous_tcomplex,0.3,score_function,label_negscore_rolling-minus-label_margin_rolling,label_coverage,14,71,-0.001986232988,label_count
icews05_15_continuous_complex,icews05_15,continuous_tcomplex,0.3,score_function,label_negscore_rolling-minus-label_margin_rolling,label_coverage,21,17,-0.002149125112,label_count
icews05_15_continuous_complex,icews05_15,continuous_tcomplex,0.3,score_function,label_negscore_rolling-minus-label_margin_rolling,label_coverage,21,29,-0.001523829541,label_count
icews05_15_continuous_complex,icews05_15,continuous_tcomplex,0.3,score_function,label_negscore_rolling-minus-label_margin_rolling,label_coverage,21,43,-0.002243707635,label_count
icews05_15_continuous_complex,icews05_15,continuous_tcomplex,0.3,score_function,label_negscore_rolling-minus-label_margin_rolling,label_coverage,21,59,-0.001460774526,label_count
icews05_15_continuous_complex,icews05_15,continuous_tcomplex,0.3,score_function,label_negscore_rolling-minus-label_margin_rolling,label_coverage,21,71,-0.001986232988,label_count
icews05_15_continuous_complex,icews05_15,continuous_tcomplex,0.3,score_function,label_negscore_rolling-minus-label_margin_rolling,mean_set_size,3,17,-26.30518302,query_count
icews05_15_continuous_complex,icews05_15,continuous_tcomplex,0.3,score_function,label_negscore_rolling-minus-label_margin_rolling,mean_set_size,3,29,127.9947207,query_count
icews05_15_continuous_complex,icews05_15,continuous_tcomplex,0.3,score_function,label_negscore_rolling-minus-label_margin_rolling,mean_set_size,3,43,71.50644635,query_count
icews05_15_continuous_complex,icews05_15,continuous_tcomplex,0.3,score_function,label_negscore_rolling-minus-label_margin_rolling,mean_set_size,3,59,999.0451216,query_count
icews05_15_continuous_complex,icews05_15,continuous_tcomplex,0.3,score_function,label_negscore_rolling-minus-label_margin_rolling,mean_set_size,3,71,128.3720038,query_count
icews05_15_continuous_complex,icews05_15,continuous_tcomplex,0.3,score_function,label_negscore_rolling-minus-label_margin_rolling,mean_set_size,7,17,-26.30518302,query_count
icews05_15_continuous_complex,icews05_15,continuous_tcomplex,0.3,score_function,label_negscore_rolling-minus-label_margin_rolling,mean_set_size,7,29,127.9947207,query_count
icews05_15_continuous_complex,icews05_15,continuous_tcomplex,0.3,score_function,label_negscore_rolling-minus-label_margin_rolling,mean_set_size,7,43,71.50644635,query_count
icews05_15_continuous_complex,icews05_15,continuous_tcomplex,0.3,score_function,label_negscore_rolling-minus-label_margin_rolling,mean_set_size,7,59,999.0451216,query_count
icews05_15_continuous_complex,icews05_15,continuous_tcomplex,0.3,score_function,label_negscore_rolling-minus-label_margin_rolling,mean_set_size,7,71,128.3720038,query_count
icews05_15_continuous_complex,icews05_15,continuous_tcomplex,0.3,score_function,label_negscore_rolling-minus-label_margin_rolling,mean_set_size,14,17,-26.30518302,query_count
icews05_15_continuous_complex,icews05_15,continuous_tcomplex,0.3,score_function,label_negscore_rolling-minus-label_margin_rolling,mean_set_size,14,29,127.9947207,query_count
icews05_15_continuous_complex,icews05_15,continuous_tcomplex,0.3,score_function,label_negscore_rolling-minus-label_margin_rolling,mean_set_size,14,43,71.50644635,query_count
icews05_15_continuous_complex,icews05_15,continuous_tcomplex,0.3,score_function,label_negscore_rolling-minus-label_margin_rolling,mean_set_size,14,59,999.0451216,query_count
icews05_15_continuous_complex,icews05_15,continuous_tcomplex,0.3,score_function,label_negscore_rolling-minus-label_margin_rolling,mean_set_size,14,71,128.3720038,query_count
icews05_15_continuous_complex,icews05_15,continuous_tcomplex,0.3,score_function,label_negscore_rolling-minus-label_margin_rolling,mean_set_size,21,17,-26.30518302,query_count
icews05_15_continuous_complex,icews05_15,continuous_tcomplex,0.3,score_function,label_negscore_rolling-minus-label_margin_rolling,mean_set_size,21,29,127.9947207,query_count
icews05_15_continuous_complex,icews05_15,continuous_tcomplex,0.3,score_function,label_negscore_rolling-minus-label_margin_rolling,mean_set_size,21,43,71.50644635,query_count
icews05_15_continuous_complex,icews05_15,continuous_tcomplex,0.3,score_function,label_negscore_rolling-minus-label_margin_rolling,mean_set_size,21,59,999.0451216,query_count
icews05_15_continuous_complex,icews05_15,continuous_tcomplex,0.3,score_function,label_negscore_rolling-minus-label_margin_rolling,mean_set_size,21,71,128.3720038,query_count
icews05_15_continuous_complex,icews05_15,continuous_tcomplex,0.3,score_function,label_softmax_rolling-minus-label_margin_rolling,label_coverage,3,17,0.08929641112,label_count
icews05_15_continuous_complex,icews05_15,continuous_tcomplex,0.3,score_function,label_softmax_rolling-minus-label_margin_rolling,label_coverage,3,29,0.0875256161,label_count
icews05_15_continuous_complex,icews05_15,continuous_tcomplex,0.3,score_function,label_softmax_rolling-minus-label_margin_rolling,label_coverage,3,43,0.08677946508,label_count
icews05_15_continuous_complex,icews05_15,continuous_tcomplex,0.3,score_function,label_softmax_rolling-minus-label_margin_rolling,label_coverage,3,59,0.07457831958,label_count
icews05_15_continuous_complex,icews05_15,continuous_tcomplex,0.3,score_function,label_softmax_rolling-minus-label_margin_rolling,label_coverage,3,71,0.08785665493,label_count
icews05_15_continuous_complex,icews05_15,continuous_tcomplex,0.3,score_function,label_softmax_rolling-minus-label_margin_rolling,label_coverage,7,17,0.08929641112,label_count
icews05_15_continuous_complex,icews05_15,continuous_tcomplex,0.3,score_function,label_softmax_rolling-minus-label_margin_rolling,label_coverage,7,29,0.0875256161,label_count
icews05_15_continuous_complex,icews05_15,continuous_tcomplex,0.3,score_function,label_softmax_rolling-minus-label_margin_rolling,label_coverage,7,43,0.08677946508,label_count
icews05_15_continuous_complex,icews05_15,continuous_tcomplex,0.3,score_function,label_softmax_rolling-minus-label_margin_rolling,label_coverage,7,59,0.07457831958,label_count
icews05_15_continuous_complex,icews05_15,continuous_tcomplex,0.3,score_function,label_softmax_rolling-minus-label_margin_rolling,label_coverage,7,71,0.08785665493,label_count
icews05_15_continuous_complex,icews05_15,continuous_tcomplex,0.3,score_function,label_softmax_rolling-minus-label_margin_rolling,label_coverage,14,17,0.08929641112,label_count
icews05_15_continuous_complex,icews05_15,continuous_tcomplex,0.3,score_function,label_softmax_rolling-minus-label_margin_rolling,label_coverage,14,29,0.0875256161,label_count
icews05_15_continuous_complex,icews05_15,continuous_tcomplex,0.3,score_function,label_softmax_rolling-minus-label_margin_rolling,label_coverage,14,43,0.08677946508,label_count
icews05_15_continuous_complex,icews05_15,continuous_tcomplex,0.3,score_function,label_softmax_rolling-minus-label_margin_rolling,label_coverage,14,59,0.07457831958,label_count
icews05_15_continuous_complex,icews05_15,continuous_tcomplex,0.3,score_function,label_softmax_rolling-minus-label_margin_rolling,label_coverage,14,71,0.08785665493,label_count
icews05_15_continuous_complex,icews05_15,continuous_tcomplex,0.3,score_function,label_softmax_rolling-minus-label_margin_rolling,label_coverage,21,17,0.08929641112,label_count
icews05_15_continuous_complex,icews05_15,continuous_tcomplex,0.3,score_function,label_softmax_rolling-minus-label_margin_rolling,label_coverage,21,29,0.0875256161,label_count
icews05_15_continuous_complex,icews05_15,continuous_tcomplex,0.3,score_function,label_softmax_rolling-minus-label_margin_rolling,label_coverage,21,43,0.08677946508,label_count
icews05_15_continuous_complex,icews05_15,continuous_tcomplex,0.3,score_function,label_softmax_rolling-minus-label_margin_rolling,label_coverage,21,59,0.07457831958,label_count
icews05_15_continuous_complex,icews05_15,continuous_tcomplex,0.3,score_function,label_softmax_rolling-minus-label_margin_rolling,label_coverage,21,71,0.08785665493,label_count
icews05_15_continuous_complex,icews05_15,continuous_tcomplex,0.3,score_function,label_softmax_rolling-minus-label_margin_rolling,mean_set_size,3,17,5167.002743,query_count
icews05_15_continuous_complex,icews05_15,continuous_tcomplex,0.3,score_function,label_softmax_rolling-minus-label_margin_rolling,mean_set_size,3,29,5097.815912,query_count
icews05_15_continuous_complex,icews05_15,continuous_tcomplex,0.3,score_function,label_softmax_rolling-minus-label_margin_rolling,mean_set_size,3,43,5033.530209,query_count
icews05_15_continuous_complex,icews05_15,continuous_tcomplex,0.3,score_function,label_softmax_rolling-minus-label_margin_rolling,mean_set_size,3,59,4540.174948,query_count
icews05_15_continuous_complex,icews05_15,continuous_tcomplex,0.3,score_function,label_softmax_rolling-minus-label_margin_rolling,mean_set_size,3,71,5114.173161,query_count
icews05_15_continuous_complex,icews05_15,continuous_tcomplex,0.3,score_function,label_softmax_rolling-minus-label_margin_rolling,mean_set_size,7,17,5167.002743,query_count
icews05_15_continuous_complex,icews05_15,continuous_tcomplex,0.3,score_function,label_softmax_rolling-minus-label_margin_rolling,mean_set_size,7,29,5097.815912,query_count
icews05_15_continuous_complex,icews05_15,continuous_tcomplex,0.3,score_function,label_softmax_rolling-minus-label_margin_rolling,mean_set_size,7,43,5033.530209,query_count
icews05_15_continuous_complex,icews05_15,continuous_tcomplex,0.3,score_function,label_softmax_rolling-minus-label_margin_rolling,mean_set_size,7,59,4540.174948,query_count
icews05_15_continuous_complex,icews05_15,continuous_tcomplex,0.3,score_function,label_softmax_rolling-minus-label_margin_rolling,mean_set_size,7,71,5114.173161,query_count
icews05_15_continuous_complex,icews05_15,continuous_tcomplex,0.3,score_function,label_softmax_rolling-minus-label_margin_rolling,mean_set_size,14,17,5167.002743,query_count
icews05_15_continuous_complex,icews05_15,continuous_tcomplex,0.3,score_function,label_softmax_rolling-minus-label_margin_rolling,mean_set_size,14,29,5097.815912,query_count
icews05_15_continuous_complex,icews05_15,continuous_tcomplex,0.3,score_function,label_softmax_rolling-minus-label_margin_rolling,mean_set_size,14,43,5033.530209,query_count
icews05_15_continuous_complex,icews05_15,continuous_tcomplex,0.3,score_function,label_softmax_rolling-minus-label_margin_rolling,mean_set_size,14,59,4540.174948,query_count
icews05_15_continuous_complex,icews05_15,continuous_tcomplex,0.3,score_function,label_softmax_rolling-minus-label_margin_rolling,mean_set_size,14,71,5114.173161,query_count
icews05_15_continuous_complex,icews05_15,continuous_tcomplex,0.3,score_function,label_softmax_rolling-minus-label_margin_rolling,mean_set_size,21,17,5167.002743,query_count
icews05_15_continuous_complex,icews05_15,continuous_tcomplex,0.3,score_function,label_softmax_rolling-minus-label_margin_rolling,mean_set_size,21,29,5097.815912,query_count
icews05_15_continuous_complex,icews05_15,continuous_tcomplex,0.3,score_function,label_softmax_rolling-minus-label_margin_rolling,mean_set_size,21,43,5033.530209,query_count
icews05_15_continuous_complex,icews05_15,continuous_tcomplex,0.3,score_function,label_softmax_rolling-minus-label_margin_rolling,mean_set_size,21,59,4540.174948,query_count
icews05_15_continuous_complex,icews05_15,continuous_tcomplex,0.3,score_function,label_softmax_rolling-minus-label_margin_rolling,mean_set_size,21,71,5114.173161,query_count
icews05_15_distmult,icews05_15,temporal_distmult,0.3,score_function,label_minmax_rolling-minus-label_margin_rolling,label_coverage,3,17,-0.001282118649,label_count
icews05_15_distmult,icews05_15,temporal_distmult,0.3,score_function,label_minmax_rolling-minus-label_margin_rolling,label_coverage,3,29,-0.00140822868,label_count
icews05_15_distmult,icews05_15,temporal_distmult,0.3,score_function,label_minmax_rolling-minus-label_margin_rolling,label_coverage,3,43,-0.001119226525,label_count
icews05_15_distmult,icews05_15,temporal_distmult,0.3,score_function,label_minmax_rolling-minus-label_margin_rolling,label_coverage,3,59,-0.00182859545,label_count
icews05_15_distmult,icews05_15,temporal_distmult,0.3,score_function,label_minmax_rolling-minus-label_margin_rolling,label_coverage,3,71,-0.00146602911,label_count
icews05_15_distmult,icews05_15,temporal_distmult,0.3,score_function,label_minmax_rolling-minus-label_margin_rolling,label_coverage,7,17,-0.001282118649,label_count
icews05_15_distmult,icews05_15,temporal_distmult,0.3,score_function,label_minmax_rolling-minus-label_margin_rolling,label_coverage,7,29,-0.00140822868,label_count
icews05_15_distmult,icews05_15,temporal_distmult,0.3,score_function,label_minmax_rolling-minus-label_margin_rolling,label_coverage,7,43,-0.001119226525,label_count
icews05_15_distmult,icews05_15,temporal_distmult,0.3,score_function,label_minmax_rolling-minus-label_margin_rolling,label_coverage,7,59,-0.00182859545,label_count
icews05_15_distmult,icews05_15,temporal_distmult,0.3,score_function,label_minmax_rolling-minus-label_margin_rolling,label_coverage,7,71,-0.00146602911,label_count
icews05_15_distmult,icews05_15,temporal_distmult,0.3,score_function,label_minmax_rolling-minus-label_margin_rolling,label_coverage,14,17,-0.001282118649,label_count
icews05_15_distmult,icews05_15,temporal_distmult,0.3,score_function,label_minmax_rolling-minus-label_margin_rolling,label_coverage,14,29,-0.00140822868,label_count
icews05_15_distmult,icews05_15,temporal_distmult,0.3,score_function,label_minmax_rolling-minus-label_margin_rolling,label_coverage,14,43,-0.001119226525,label_count
icews05_15_distmult,icews05_15,temporal_distmult,0.3,score_function,label_minmax_rolling-minus-label_margin_rolling,label_coverage,14,59,-0.00182859545,label_count
icews05_15_distmult,icews05_15,temporal_distmult,0.3,score_function,label_minmax_rolling-minus-label_margin_rolling,label_coverage,14,71,-0.00146602911,label_count
icews05_15_distmult,icews05_15,temporal_distmult,0.3,score_function,label_minmax_rolling-minus-label_margin_rolling,label_coverage,21,17,-0.001282118649,label_count
icews05_15_distmult,icews05_15,temporal_distmult,0.3,score_function,label_minmax_rolling-minus-label_margin_rolling,label_coverage,21,29,-0.00140822868,label_count
icews05_15_distmult,icews05_15,temporal_distmult,0.3,score_function,label_minmax_rolling-minus-label_margin_rolling,label_coverage,21,43,-0.001119226525,label_count
icews05_15_distmult,icews05_15,temporal_distmult,0.3,score_function,label_minmax_rolling-minus-label_margin_rolling,label_coverage,21,59,-0.00182859545,label_count
icews05_15_distmult,icews05_15,temporal_distmult,0.3,score_function,label_minmax_rolling-minus-label_margin_rolling,label_coverage,21,71,-0.00146602911,label_count
icews05_15_distmult,icews05_15,temporal_distmult,0.3,score_function,label_minmax_rolling-minus-label_margin_rolling,mean_set_size,3,17,-1556.749102,query_count
icews05_15_distmult,icews05_15,temporal_distmult,0.3,score_function,label_minmax_rolling-minus-label_margin_rolling,mean_set_size,3,29,-1216.394441,query_count
icews05_15_distmult,icews05_15,temporal_distmult,0.3,score_function,label_minmax_rolling-minus-label_margin_rolling,mean_set_size,3,43,-1303.977523,query_count
icews05_15_distmult,icews05_15,temporal_distmult,0.3,score_function,label_minmax_rolling-minus-label_margin_rolling,mean_set_size,3,59,-437.7296509,query_count
icews05_15_distmult,icews05_15,temporal_distmult,0.3,score_function,label_minmax_rolling-minus-label_margin_rolling,mean_set_size,3,71,-1421.931035,query_count
icews05_15_distmult,icews05_15,temporal_distmult,0.3,score_function,label_minmax_rolling-minus-label_margin_rolling,mean_set_size,7,17,-1556.749102,query_count
icews05_15_distmult,icews05_15,temporal_distmult,0.3,score_function,label_minmax_rolling-minus-label_margin_rolling,mean_set_size,7,29,-1216.394441,query_count
icews05_15_distmult,icews05_15,temporal_distmult,0.3,score_function,label_minmax_rolling-minus-label_margin_rolling,mean_set_size,7,43,-1303.977523,query_count
icews05_15_distmult,icews05_15,temporal_distmult,0.3,score_function,label_minmax_rolling-minus-label_margin_rolling,mean_set_size,7,59,-437.7296509,query_count
icews05_15_distmult,icews05_15,temporal_distmult,0.3,score_function,label_minmax_rolling-minus-label_margin_rolling,mean_set_size,7,71,-1421.931035,query_count
icews05_15_distmult,icews05_15,temporal_distmult,0.3,score_function,label_minmax_rolling-minus-label_margin_rolling,mean_set_size,14,17,-1556.749102,query_count
icews05_15_distmult,icews05_15,temporal_distmult,0.3,score_function,label_minmax_rolling-minus-label_margin_rolling,mean_set_size,14,29,-1216.394441,query_count
icews05_15_distmult,icews05_15,temporal_distmult,0.3,score_function,label_minmax_rolling-minus-label_margin_rolling,mean_set_size,14,43,-1303.977523,query_count
icews05_15_distmult,icews05_15,temporal_distmult,0.3,score_function,label_minmax_rolling-minus-label_margin_rolling,mean_set_size,14,59,-437.7296509,query_count
icews05_15_distmult,icews05_15,temporal_distmult,0.3,score_function,label_minmax_rolling-minus-label_margin_rolling,mean_set_size,14,71,-1421.931035,query_count
icews05_15_distmult,icews05_15,temporal_distmult,0.3,score_function,label_minmax_rolling-minus-label_margin_rolling,mean_set_size,21,17,-1556.749102,query_count
icews05_15_distmult,icews05_15,temporal_distmult,0.3,score_function,label_minmax_rolling-minus-label_margin_rolling,mean_set_size,21,29,-1216.394441,query_count
icews05_15_distmult,icews05_15,temporal_distmult,0.3,score_function,label_minmax_rolling-minus-label_margin_rolling,mean_set_size,21,43,-1303.977523,query_count
icews05_15_distmult,icews05_15,temporal_distmult,0.3,score_function,label_minmax_rolling-minus-label_margin_rolling,mean_set_size,21,59,-437.7296509,query_count
icews05_15_distmult,icews05_15,temporal_distmult,0.3,score_function,label_minmax_rolling-minus-label_margin_rolling,mean_set_size,21,71,-1421.931035,query_count
icews05_15_distmult,icews05_15,temporal_distmult,0.3,score_function,label_negscore_rolling-minus-label_margin_rolling,label_coverage,3,17,-0.001907414219,label_count
icews05_15_distmult,icews05_15,temporal_distmult,0.3,score_function,label_negscore_rolling-minus-label_margin_rolling,label_coverage,3,29,-0.002001996742,label_count
icews05_15_distmult,icews05_15,temporal_distmult,0.3,score_function,label_negscore_rolling-minus-label_margin_rolling,label_coverage,3,43,-0.002227943881,label_count
icews05_15_distmult,icews05_15,temporal_distmult,0.3,score_function,label_negscore_rolling-minus-label_margin_rolling,label_coverage,3,59,-0.002196416373,label_count
icews05_15_distmult,icews05_15,temporal_distmult,0.3,score_function,label_negscore_rolling-minus-label_margin_rolling,label_coverage,3,71,-0.001907414219,label_count
icews05_15_distmult,icews05_15,temporal_distmult,0.3,score_function,label_negscore_rolling-minus-label_margin_rolling,label_coverage,7,17,-0.001907414219,label_count
icews05_15_distmult,icews05_15,temporal_distmult,0.3,score_function,label_negscore_rolling-minus-label_margin_rolling,label_coverage,7,29,-0.002001996742,label_count
icews05_15_distmult,icews05_15,temporal_distmult,0.3,score_function,label_negscore_rolling-minus-label_margin_rolling,label_coverage,7,43,-0.002227943881,label_count
icews05_15_distmult,icews05_15,temporal_distmult,0.3,score_function,label_negscore_rolling-minus-label_margin_rolling,label_coverage,7,59,-0.002196416373,label_count
icews05_15_distmult,icews05_15,temporal_distmult,0.3,score_function,label_negscore_rolling-minus-label_margin_rolling,label_coverage,7,71,-0.001907414219,label_count
icews05_15_distmult,icews05_15,temporal_distmult,0.3,score_function,label_negscore_rolling-minus-label_margin_rolling,label_coverage,14,17,-0.001907414219,label_count
icews05_15_distmult,icews05_15,temporal_distmult,0.3,score_function,label_negscore_rolling-minus-label_margin_rolling,label_coverage,14,29,-0.002001996742,label_count
icews05_15_distmult,icews05_15,temporal_distmult,0.3,score_function,label_negscore_rolling-minus-label_margin_rolling,label_coverage,14,43,-0.002227943881,label_count
icews05_15_distmult,icews05_15,temporal_distmult,0.3,score_function,label_negscore_rolling-minus-label_margin_rolling,label_coverage,14,59,-0.002196416373,label_count
icews05_15_distmult,icews05_15,temporal_distmult,0.3,score_function,label_negscore_rolling-minus-label_margin_rolling,label_coverage,14,71,-0.001907414219,label_count
icews05_15_distmult,icews05_15,temporal_distmult,0.3,score_function,label_negscore_rolling-minus-label_margin_rolling,label_coverage,21,17,-0.001907414219,label_count
icews05_15_distmult,icews05_15,temporal_distmult,0.3,score_function,label_negscore_rolling-minus-label_margin_rolling,label_coverage,21,29,-0.002001996742,label_count
icews05_15_distmult,icews05_15,temporal_distmult,0.3,score_function,label_negscore_rolling-minus-label_margin_rolling,label_coverage,21,43,-0.002227943881,label_count
icews05_15_distmult,icews05_15,temporal_distmult,0.3,score_function,label_negscore_rolling-minus-label_margin_rolling,label_coverage,21,59,-0.002196416373,label_count
icews05_15_distmult,icews05_15,temporal_distmult,0.3,score_function,label_negscore_rolling-minus-label_margin_rolling,label_coverage,21,71,-0.001907414219,label_count
icews05_15_distmult,icews05_15,temporal_distmult,0.3,score_function,label_negscore_rolling-minus-label_margin_rolling,mean_set_size,3,17,-8.54267502,query_count
icews05_15_distmult,icews05_15,temporal_distmult,0.3,score_function,label_negscore_rolling-minus-label_margin_rolling,mean_set_size,3,29,277.5303702,query_count
icews05_15_distmult,icews05_15,temporal_distmult,0.3,score_function,label_negscore_rolling-minus-label_margin_rolling,mean_set_size,3,43,194.4944988,query_count
icews05_15_distmult,icews05_15,temporal_distmult,0.3,score_function,label_negscore_rolling-minus-label_margin_rolling,mean_set_size,3,59,1073.344386,query_count
icews05_15_distmult,icews05_15,temporal_distmult,0.3,score_function,label_negscore_rolling-minus-label_margin_rolling,mean_set_size,3,71,165.2084849,query_count
icews05_15_distmult,icews05_15,temporal_distmult,0.3,score_function,label_negscore_rolling-minus-label_margin_rolling,mean_set_size,7,17,-8.54267502,query_count
icews05_15_distmult,icews05_15,temporal_distmult,0.3,score_function,label_negscore_rolling-minus-label_margin_rolling,mean_set_size,7,29,277.5303702,query_count
icews05_15_distmult,icews05_15,temporal_distmult,0.3,score_function,label_negscore_rolling-minus-label_margin_rolling,mean_set_size,7,43,194.4944988,query_count
icews05_15_distmult,icews05_15,temporal_distmult,0.3,score_function,label_negscore_rolling-minus-label_margin_rolling,mean_set_size,7,59,1073.344386,query_count
icews05_15_distmult,icews05_15,temporal_distmult,0.3,score_function,label_negscore_rolling-minus-label_margin_rolling,mean_set_size,7,71,165.2084849,query_count
icews05_15_distmult,icews05_15,temporal_distmult,0.3,score_function,label_negscore_rolling-minus-label_margin_rolling,mean_set_size,14,17,-8.54267502,query_count
icews05_15_distmult,icews05_15,temporal_distmult,0.3,score_function,label_negscore_rolling-minus-label_margin_rolling,mean_set_size,14,29,277.5303702,query_count
icews05_15_distmult,icews05_15,temporal_distmult,0.3,score_function,label_negscore_rolling-minus-label_margin_rolling,mean_set_size,14,43,194.4944988,query_count
icews05_15_distmult,icews05_15,temporal_distmult,0.3,score_function,label_negscore_rolling-minus-label_margin_rolling,mean_set_size,14,59,1073.344386,query_count
icews05_15_distmult,icews05_15,temporal_distmult,0.3,score_function,label_negscore_rolling-minus-label_margin_rolling,mean_set_size,14,71,165.2084849,query_count
icews05_15_distmult,icews05_15,temporal_distmult,0.3,score_function,label_negscore_rolling-minus-label_margin_rolling,mean_set_size,21,17,-8.54267502,query_count
icews05_15_distmult,icews05_15,temporal_distmult,0.3,score_function,label_negscore_rolling-minus-label_margin_rolling,mean_set_size,21,29,277.5303702,query_count
icews05_15_distmult,icews05_15,temporal_distmult,0.3,score_function,label_negscore_rolling-minus-label_margin_rolling,mean_set_size,21,43,194.4944988,query_count
icews05_15_distmult,icews05_15,temporal_distmult,0.3,score_function,label_negscore_rolling-minus-label_margin_rolling,mean_set_size,21,59,1073.344386,query_count
icews05_15_distmult,icews05_15,temporal_distmult,0.3,score_function,label_negscore_rolling-minus-label_margin_rolling,mean_set_size,21,71,165.2084849,query_count
icews05_15_distmult,icews05_15,temporal_distmult,0.3,score_function,label_softmax_rolling-minus-label_margin_rolling,label_coverage,3,17,0.08972728706,label_count
icews05_15_distmult,icews05_15,temporal_distmult,0.3,score_function,label_softmax_rolling-minus-label_margin_rolling,label_coverage,3,29,0.08699490305,label_count
icews05_15_distmult,icews05_15,temporal_distmult,0.3,score_function,label_softmax_rolling-minus-label_margin_rolling,label_coverage,3,43,0.08789869161,label_count
icews05_15_distmult,icews05_15,temporal_distmult,0.3,score_function,label_softmax_rolling-minus-label_margin_rolling,label_coverage,3,59,0.07145709632,label_count
icews05_15_distmult,icews05_15,temporal_distmult,0.3,score_function,label_softmax_rolling-minus-label_margin_rolling,label_coverage,3,71,0.08655877253,label_count
icews05_15_distmult,icews05_15,temporal_distmult,0.3,score_function,label_softmax_rolling-minus-label_margin_rolling,label_coverage,7,17,0.08972728706,label_count
icews05_15_distmult,icews05_15,temporal_distmult,0.3,score_function,label_softmax_rolling-minus-label_margin_rolling,label_coverage,7,29,0.08699490305,label_count
icews05_15_distmult,icews05_15,temporal_distmult,0.3,score_function,label_softmax_rolling-minus-label_margin_rolling,label_coverage,7,43,0.08789869161,label_count
icews05_15_distmult,icews05_15,temporal_distmult,0.3,score_function,label_softmax_rolling-minus-label_margin_rolling,label_coverage,7,59,0.07145709632,label_count
icews05_15_distmult,icews05_15,temporal_distmult,0.3,score_function,label_softmax_rolling-minus-label_margin_rolling,label_coverage,7,71,0.08655877253,label_count
icews05_15_distmult,icews05_15,temporal_distmult,0.3,score_function,label_softmax_rolling-minus-label_margin_rolling,label_coverage,14,17,0.08972728706,label_count
icews05_15_distmult,icews05_15,temporal_distmult,0.3,score_function,label_softmax_rolling-minus-label_margin_rolling,label_coverage,14,29,0.08699490305,label_count
icews05_15_distmult,icews05_15,temporal_distmult,0.3,score_function,label_softmax_rolling-minus-label_margin_rolling,label_coverage,14,43,0.08789869161,label_count
icews05_15_distmult,icews05_15,temporal_distmult,0.3,score_function,label_softmax_rolling-minus-label_margin_rolling,label_coverage,14,59,0.07145709632,label_count
icews05_15_distmult,icews05_15,temporal_distmult,0.3,score_function,label_softmax_rolling-minus-label_margin_rolling,label_coverage,14,71,0.08655877253,label_count
icews05_15_distmult,icews05_15,temporal_distmult,0.3,score_function,label_softmax_rolling-minus-label_margin_rolling,label_coverage,21,17,0.08972728706,label_count
icews05_15_distmult,icews05_15,temporal_distmult,0.3,score_function,label_softmax_rolling-minus-label_margin_rolling,label_coverage,21,29,0.08699490305,label_count
icews05_15_distmult,icews05_15,temporal_distmult,0.3,score_function,label_softmax_rolling-minus-label_margin_rolling,label_coverage,21,43,0.08789869161,label_count
icews05_15_distmult,icews05_15,temporal_distmult,0.3,score_function,label_softmax_rolling-minus-label_margin_rolling,label_coverage,21,59,0.07145709632,label_count
icews05_15_distmult,icews05_15,temporal_distmult,0.3,score_function,label_softmax_rolling-minus-label_margin_rolling,label_coverage,21,71,0.08655877253,label_count
icews05_15_distmult,icews05_15,temporal_distmult,0.3,score_function,label_softmax_rolling-minus-label_margin_rolling,mean_set_size,3,17,4998.207517,query_count
icews05_15_distmult,icews05_15,temporal_distmult,0.3,score_function,label_softmax_rolling-minus-label_margin_rolling,mean_set_size,3,29,5093.450864,query_count
icews05_15_distmult,icews05_15,temporal_distmult,0.3,score_function,label_softmax_rolling-minus-label_margin_rolling,mean_set_size,3,43,5095.333193,query_count
icews05_15_distmult,icews05_15,temporal_distmult,0.3,score_function,label_softmax_rolling-minus-label_margin_rolling,mean_set_size,3,59,4411.93507,query_count
icews05_15_distmult,icews05_15,temporal_distmult,0.3,score_function,label_softmax_rolling-minus-label_margin_rolling,mean_set_size,3,71,5048.509345,query_count
icews05_15_distmult,icews05_15,temporal_distmult,0.3,score_function,label_softmax_rolling-minus-label_margin_rolling,mean_set_size,7,17,4998.207517,query_count
icews05_15_distmult,icews05_15,temporal_distmult,0.3,score_function,label_softmax_rolling-minus-label_margin_rolling,mean_set_size,7,29,5093.450864,query_count
icews05_15_distmult,icews05_15,temporal_distmult,0.3,score_function,label_softmax_rolling-minus-label_margin_rolling,mean_set_size,7,43,5095.333193,query_count
icews05_15_distmult,icews05_15,temporal_distmult,0.3,score_function,label_softmax_rolling-minus-label_margin_rolling,mean_set_size,7,59,4411.93507,query_count
icews05_15_distmult,icews05_15,temporal_distmult,0.3,score_function,label_softmax_rolling-minus-label_margin_rolling,mean_set_size,7,71,5048.509345,query_count
icews05_15_distmult,icews05_15,temporal_distmult,0.3,score_function,label_softmax_rolling-minus-label_margin_rolling,mean_set_size,14,17,4998.207517,query_count
icews05_15_distmult,icews05_15,temporal_distmult,0.3,score_function,label_softmax_rolling-minus-label_margin_rolling,mean_set_size,14,29,5093.450864,query_count
icews05_15_distmult,icews05_15,temporal_distmult,0.3,score_function,label_softmax_rolling-minus-label_margin_rolling,mean_set_size,14,43,5095.333193,query_count
icews05_15_distmult,icews05_15,temporal_distmult,0.3,score_function,label_softmax_rolling-minus-label_margin_rolling,mean_set_size,14,59,4411.93507,query_count
icews05_15_distmult,icews05_15,temporal_distmult,0.3,score_function,label_softmax_rolling-minus-label_margin_rolling,mean_set_size,14,71,5048.509345,query_count
icews05_15_distmult,icews05_15,temporal_distmult,0.3,score_function,label_softmax_rolling-minus-label_margin_rolling,mean_set_size,21,17,4998.207517,query_count
icews05_15_distmult,icews05_15,temporal_distmult,0.3,score_function,label_softmax_rolling-minus-label_margin_rolling,mean_set_size,21,29,5093.450864,query_count
icews05_15_distmult,icews05_15,temporal_distmult,0.3,score_function,label_softmax_rolling-minus-label_margin_rolling,mean_set_size,21,43,5095.333193,query_count
icews05_15_distmult,icews05_15,temporal_distmult,0.3,score_function,label_softmax_rolling-minus-label_margin_rolling,mean_set_size,21,59,4411.93507,query_count
icews05_15_distmult,icews05_15,temporal_distmult,0.3,score_function,label_softmax_rolling-minus-label_margin_rolling,mean_set_size,21,71,5048.509345,query_count
icews14_continuous_complex,icews14,continuous_tcomplex,0.3,score_function,label_minmax_rolling-minus-label_margin_rolling,label_coverage,3,17,0.0004922789926,label_count
icews14_continuous_complex,icews14,continuous_tcomplex,0.3,score_function,label_minmax_rolling-minus-label_margin_rolling,label_coverage,3,29,0.00077728262,label_count
icews14_continuous_complex,icews14,continuous_tcomplex,0.3,score_function,label_minmax_rolling-minus-label_margin_rolling,label_coverage,3,43,0.001321380454,label_count
icews14_continuous_complex,icews14,continuous_tcomplex,0.3,score_function,label_minmax_rolling-minus-label_margin_rolling,label_coverage,3,59,0.0008291014613,label_count
icews14_continuous_complex,icews14,continuous_tcomplex,0.3,score_function,label_minmax_rolling-minus-label_margin_rolling,label_coverage,3,71,-0.001010467406,label_count
icews14_continuous_complex,icews14,continuous_tcomplex,0.3,score_function,label_minmax_rolling-minus-label_margin_rolling,label_coverage,7,17,0.0004922789926,label_count
icews14_continuous_complex,icews14,continuous_tcomplex,0.3,score_function,label_minmax_rolling-minus-label_margin_rolling,label_coverage,7,29,0.00077728262,label_count
icews14_continuous_complex,icews14,continuous_tcomplex,0.3,score_function,label_minmax_rolling-minus-label_margin_rolling,label_coverage,7,43,0.001321380454,label_count
icews14_continuous_complex,icews14,continuous_tcomplex,0.3,score_function,label_minmax_rolling-minus-label_margin_rolling,label_coverage,7,59,0.0008291014613,label_count
icews14_continuous_complex,icews14,continuous_tcomplex,0.3,score_function,label_minmax_rolling-minus-label_margin_rolling,label_coverage,7,71,-0.001010467406,label_count
icews14_continuous_complex,icews14,continuous_tcomplex,0.3,score_function,label_minmax_rolling-minus-label_margin_rolling,label_coverage,14,17,0.0004922789926,label_count
icews14_continuous_complex,icews14,continuous_tcomplex,0.3,score_function,label_minmax_rolling-minus-label_margin_rolling,label_coverage,14,29,0.00077728262,label_count
icews14_continuous_complex,icews14,continuous_tcomplex,0.3,score_function,label_minmax_rolling-minus-label_margin_rolling,label_coverage,14,43,0.001321380454,label_count
icews14_continuous_complex,icews14,continuous_tcomplex,0.3,score_function,label_minmax_rolling-minus-label_margin_rolling,label_coverage,14,59,0.0008291014613,label_count
icews14_continuous_complex,icews14,continuous_tcomplex,0.3,score_function,label_minmax_rolling-minus-label_margin_rolling,label_coverage,14,71,-0.001010467406,label_count
icews14_continuous_complex,icews14,continuous_tcomplex,0.3,score_function,label_minmax_rolling-minus-label_margin_rolling,label_coverage,21,17,0.0004922789926,label_count
icews14_continuous_complex,icews14,continuous_tcomplex,0.3,score_function,label_minmax_rolling-minus-label_margin_rolling,label_coverage,21,29,0.00077728262,label_count
icews14_continuous_complex,icews14,continuous_tcomplex,0.3,score_function,label_minmax_rolling-minus-label_margin_rolling,label_coverage,21,43,0.001321380454,label_count
icews14_continuous_complex,icews14,continuous_tcomplex,0.3,score_function,label_minmax_rolling-minus-label_margin_rolling,label_coverage,21,59,0.0008291014613,label_count
icews14_continuous_complex,icews14,continuous_tcomplex,0.3,score_function,label_minmax_rolling-minus-label_margin_rolling,label_coverage,21,71,-0.001010467406,label_count
icews14_continuous_complex,icews14,continuous_tcomplex,0.3,score_function,label_minmax_rolling-minus-label_margin_rolling,mean_set_size,3,17,-1598.892209,query_count
icews14_continuous_complex,icews14,continuous_tcomplex,0.3,score_function,label_minmax_rolling-minus-label_margin_rolling,mean_set_size,3,29,-1770.895124,query_count
icews14_continuous_complex,icews14,continuous_tcomplex,0.3,score_function,label_minmax_rolling-minus-label_margin_rolling,mean_set_size,3,43,-1665.637027,query_count
icews14_continuous_complex,icews14,continuous_tcomplex,0.3,score_function,label_minmax_rolling-minus-label_margin_rolling,mean_set_size,3,59,-1673.580026,query_count
icews14_continuous_complex,icews14,continuous_tcomplex,0.3,score_function,label_minmax_rolling-minus-label_margin_rolling,mean_set_size,3,71,-1540.356318,query_count
icews14_continuous_complex,icews14,continuous_tcomplex,0.3,score_function,label_minmax_rolling-minus-label_margin_rolling,mean_set_size,7,17,-1598.892209,query_count
icews14_continuous_complex,icews14,continuous_tcomplex,0.3,score_function,label_minmax_rolling-minus-label_margin_rolling,mean_set_size,7,29,-1770.895124,query_count
icews14_continuous_complex,icews14,continuous_tcomplex,0.3,score_function,label_minmax_rolling-minus-label_margin_rolling,mean_set_size,7,43,-1665.637027,query_count
icews14_continuous_complex,icews14,continuous_tcomplex,0.3,score_function,label_minmax_rolling-minus-label_margin_rolling,mean_set_size,7,59,-1673.580026,query_count
icews14_continuous_complex,icews14,continuous_tcomplex,0.3,score_function,label_minmax_rolling-minus-label_margin_rolling,mean_set_size,7,71,-1540.356318,query_count
icews14_continuous_complex,icews14,continuous_tcomplex,0.3,score_function,label_minmax_rolling-minus-label_margin_rolling,mean_set_size,14,17,-1598.892209,query_count
icews14_continuous_complex,icews14,continuous_tcomplex,0.3,score_function,label_minmax_rolling-minus-label_margin_rolling,mean_set_size,14,29,-1770.895124,query_count
icews14_continuous_complex,icews14,continuous_tcomplex,0.3,score_function,label_minmax_rolling-minus-label_margin_rolling,mean_set_size,14,43,-1665.637027,query_count
icews14_continuous_complex,icews14,continuous_tcomplex,0.3,score_function,label_minmax_rolling-minus-label_margin_rolling,mean_set_size,14,59,-1673.580026,query_count
icews14_continuous_complex,icews14,continuous_tcomplex,0.3,score_function,label_minmax_rolling-minus-label_margin_rolling,mean_set_size,14,71,-1540.356318,query_count
icews14_continuous_complex,icews14,continuous_tcomplex,0.3,score_function,label_minmax_rolling-minus-label_margin_rolling,mean_set_size,21,17,-1598.892209,query_count
icews14_continuous_complex,icews14,continuous_tcomplex,0.3,score_function,label_minmax_rolling-minus-label_margin_rolling,mean_set_size,21,29,-1770.895124,query_count
icews14_continuous_complex,icews14,continuous_tcomplex,0.3,score_function,label_minmax_rolling-minus-label_margin_rolling,mean_set_size,21,43,-1665.637027,query_count
icews14_continuous_complex,icews14,continuous_tcomplex,0.3,score_function,label_minmax_rolling-minus-label_margin_rolling,mean_set_size,21,59,-1673.580026,query_count
icews14_continuous_complex,icews14,continuous_tcomplex,0.3,score_function,label_minmax_rolling-minus-label_margin_rolling,mean_set_size,21,71,-1540.356318,query_count
icews14_continuous_complex,icews14,continuous_tcomplex,0.3,score_function,label_negscore_rolling-minus-label_margin_rolling,label_coverage,3,17,0.000699554358,label_count
icews14_continuous_complex,icews14,continuous_tcomplex,0.3,score_function,label_negscore_rolling-minus-label_margin_rolling,label_coverage,3,29,0.0009845579853,label_count
icews14_continuous_complex,icews14,continuous_tcomplex,0.3,score_function,label_negscore_rolling-minus-label_margin_rolling,label_coverage,3,43,0.000466369572,label_count
icews14_continuous_complex,icews14,continuous_tcomplex,0.3,score_function,label_negscore_rolling-minus-label_margin_rolling,label_coverage,3,59,0.0002590942067,label_count
icews14_continuous_complex,icews14,continuous_tcomplex,0.3,score_function,label_negscore_rolling-minus-label_margin_rolling,label_coverage,3,71,-0.0008031920406,label_count
icews14_continuous_complex,icews14,continuous_tcomplex,0.3,score_function,label_negscore_rolling-minus-label_margin_rolling,label_coverage,7,17,0.000699554358,label_count
icews14_continuous_complex,icews14,continuous_tcomplex,0.3,score_function,label_negscore_rolling-minus-label_margin_rolling,label_coverage,7,29,0.0009845579853,label_count
icews14_continuous_complex,icews14,continuous_tcomplex,0.3,score_function,label_negscore_rolling-minus-label_margin_rolling,label_coverage,7,43,0.000466369572,label_count
icews14_continuous_complex,icews14,continuous_tcomplex,0.3,score_function,label_negscore_rolling-minus-label_margin_rolling,label_coverage,7,59,0.0002590942067,label_count
icews14_continuous_complex,icews14,continuous_tcomplex,0.3,score_function,label_negscore_rolling-minus-label_margin_rolling,label_coverage,7,71,-0.0008031920406,label_count
icews14_continuous_complex,icews14,continuous_tcomplex,0.3,score_function,label_negscore_rolling-minus-label_margin_rolling,label_coverage,14,17,0.000699554358,label_count
icews14_continuous_complex,icews14,continuous_tcomplex,0.3,score_function,label_negscore_rolling-minus-label_margin_rolling,label_coverage,14,29,0.0009845579853,label_count
icews14_continuous_complex,icews14,continuous_tcomplex,0.3,score_function,label_negscore_rolling-minus-label_margin_rolling,label_coverage,14,43,0.000466369572,label_count
icews14_continuous_complex,icews14,continuous_tcomplex,0.3,score_function,label_negscore_rolling-minus-label_margin_rolling,label_coverage,14,59,0.0002590942067,label_count
icews14_continuous_complex,icews14,continuous_tcomplex,0.3,score_function,label_negscore_rolling-minus-label_margin_rolling,label_coverage,14,71,-0.0008031920406,label_count
icews14_continuous_complex,icews14,continuous_tcomplex,0.3,score_function,label_negscore_rolling-minus-label_margin_rolling,label_coverage,21,17,0.000699554358,label_count
icews14_continuous_complex,icews14,continuous_tcomplex,0.3,score_function,label_negscore_rolling-minus-label_margin_rolling,label_coverage,21,29,0.0009845579853,label_count
icews14_continuous_complex,icews14,continuous_tcomplex,0.3,score_function,label_negscore_rolling-minus-label_margin_rolling,label_coverage,21,43,0.000466369572,label_count
icews14_continuous_complex,icews14,continuous_tcomplex,0.3,score_function,label_negscore_rolling-minus-label_margin_rolling,label_coverage,21,59,0.0002590942067,label_count
icews14_continuous_complex,icews14,continuous_tcomplex,0.3,score_function,label_negscore_rolling-minus-label_margin_rolling,label_coverage,21,71,-0.0008031920406,label_count
icews14_continuous_complex,icews14,continuous_tcomplex,0.3,score_function,label_negscore_rolling-minus-label_margin_rolling,mean_set_size,3,17,-829.2053939,query_count
icews14_continuous_complex,icews14,continuous_tcomplex,0.3,score_function,label_negscore_rolling-minus-label_margin_rolling,mean_set_size,3,29,-920.8119774,query_count
icews14_continuous_complex,icews14,continuous_tcomplex,0.3,score_function,label_negscore_rolling-minus-label_margin_rolling,mean_set_size,3,43,-811.7864209,query_count
icews14_continuous_complex,icews14,continuous_tcomplex,0.3,score_function,label_negscore_rolling-minus-label_margin_rolling,mean_set_size,3,59,-823.9529502,query_count
icews14_continuous_complex,icews14,continuous_tcomplex,0.3,score_function,label_negscore_rolling-minus-label_margin_rolling,mean_set_size,3,71,-884.1851372,query_count
icews14_continuous_complex,icews14,continuous_tcomplex,0.3,score_function,label_negscore_rolling-minus-label_margin_rolling,mean_set_size,7,17,-829.2053939,query_count
icews14_continuous_complex,icews14,continuous_tcomplex,0.3,score_function,label_negscore_rolling-minus-label_margin_rolling,mean_set_size,7,29,-920.8119774,query_count
icews14_continuous_complex,icews14,continuous_tcomplex,0.3,score_function,label_negscore_rolling-minus-label_margin_rolling,mean_set_size,7,43,-811.7864209,query_count
icews14_continuous_complex,icews14,continuous_tcomplex,0.3,score_function,label_negscore_rolling-minus-label_margin_rolling,mean_set_size,7,59,-823.9529502,query_count
icews14_continuous_complex,icews14,continuous_tcomplex,0.3,score_function,label_negscore_rolling-minus-label_margin_rolling,mean_set_size,7,71,-884.1851372,query_count
icews14_continuous_complex,icews14,continuous_tcomplex,0.3,score_function,label_negscore_rolling-minus-label_margin_rolling,mean_set_size,14,17,-829.2053939,query_count
icews14_continuous_complex,icews14,continuous_tcomplex,0.3,score_function,label_negscore_rolling-minus-label_margin_rolling,mean_set_size,14,29,-920.8119774,query_count
icews14_continuous_complex,icews14,continuous_tcomplex,0.3,score_function,label_negscore_rolling-minus-label_margin_rolling,mean_set_size,14,43,-811.7864209,query_count
icews14_continuous_complex,icews14,continuous_tcomplex,0.3,score_function,label_negscore_rolling-minus-label_margin_rolling,mean_set_size,14,59,-823.9529502,query_count
icews14_continuous_complex,icews14,continuous_tcomplex,0.3,score_function,label_negscore_rolling-minus-label_margin_rolling,mean_set_size,14,71,-884.1851372,query_count
icews14_continuous_complex,icews14,continuous_tcomplex,0.3,score_function,label_negscore_rolling-minus-label_margin_rolling,mean_set_size,21,17,-829.2053939,query_count
icews14_continuous_complex,icews14,continuous_tcomplex,0.3,score_function,label_negscore_rolling-minus-label_margin_rolling,mean_set_size,21,29,-920.8119774,query_count
icews14_continuous_complex,icews14,continuous_tcomplex,0.3,score_function,label_negscore_rolling-minus-label_margin_rolling,mean_set_size,21,43,-811.7864209,query_count
icews14_continuous_complex,icews14,continuous_tcomplex,0.3,score_function,label_negscore_rolling-minus-label_margin_rolling,mean_set_size,21,59,-823.9529502,query_count
icews14_continuous_complex,icews14,continuous_tcomplex,0.3,score_function,label_negscore_rolling-minus-label_margin_rolling,mean_set_size,21,71,-884.1851372,query_count
icews14_continuous_complex,icews14,continuous_tcomplex,0.3,score_function,label_softmax_rolling-minus-label_margin_rolling,label_coverage,3,17,0.06881542129,label_count
icews14_continuous_complex,icews14,continuous_tcomplex,0.3,score_function,label_softmax_rolling-minus-label_margin_rolling,label_coverage,3,29,0.06998134522,label_count
icews14_continuous_complex,icews14,continuous_tcomplex,0.3,score_function,label_softmax_rolling-minus-label_margin_rolling,label_coverage,3,43,0.06036895015,label_count
icews14_continuous_complex,icews14,continuous_tcomplex,0.3,score_function,label_softmax_rolling-minus-label_margin_rolling,label_coverage,3,59,0.07853145404,label_count
icews14_continuous_complex,icews14,continuous_tcomplex,0.3,score_function,label_softmax_rolling-minus-label_margin_rolling,label_coverage,3,71,0.06935951912,label_count
icews14_continuous_complex,icews14,continuous_tcomplex,0.3,score_function,label_softmax_rolling-minus-label_margin_rolling,label_coverage,7,17,0.06881542129,label_count
icews14_continuous_complex,icews14,continuous_tcomplex,0.3,score_function,label_softmax_rolling-minus-label_margin_rolling,label_coverage,7,29,0.06998134522,label_count
icews14_continuous_complex,icews14,continuous_tcomplex,0.3,score_function,label_softmax_rolling-minus-label_margin_rolling,label_coverage,7,43,0.06036895015,label_count
icews14_continuous_complex,icews14,continuous_tcomplex,0.3,score_function,label_softmax_rolling-minus-label_margin_rolling,label_coverage,7,59,0.07853145404,label_count
icews14_continuous_complex,icews14,continuous_tcomplex,0.3,score_function,label_softmax_rolling-minus-label_margin_rolling,label_coverage,7,71,0.06935951912,label_count
icews14_continuous_complex,icews14,continuous_tcomplex,0.3,score_function,label_softmax_rolling-minus-label_margin_rolling,label_coverage,14,17,0.06881542129,label_count
icews14_continuous_complex,icews14,continuous_tcomplex,0.3,score_function,label_softmax_rolling-minus-label_margin_rolling,label_coverage,14,29,0.06998134522,label_count
icews14_continuous_complex,icews14,continuous_tcomplex,0.3,score_function,label_softmax_rolling-minus-label_margin_rolling,label_coverage,14,43,0.06036895015,label_count
icews14_continuous_complex,icews14,continuous_tcomplex,0.3,score_function,label_softmax_rolling-minus-label_margin_rolling,label_coverage,14,59,0.07853145404,label_count
icews14_continuous_complex,icews14,continuous_tcomplex,0.3,score_function,label_softmax_rolling-minus-label_margin_rolling,label_coverage,14,71,0.06935951912,label_count
icews14_continuous_complex,icews14,continuous_tcomplex,0.3,score_function,label_softmax_rolling-minus-label_margin_rolling,label_coverage,21,17,0.06881542129,label_count
icews14_continuous_complex,icews14,continuous_tcomplex,0.3,score_function,label_softmax_rolling-minus-label_margin_rolling,label_coverage,21,29,0.06998134522,label_count
icews14_continuous_complex,icews14,continuous_tcomplex,0.3,score_function,label_softmax_rolling-minus-label_margin_rolling,label_coverage,21,43,0.06036895015,label_count
icews14_continuous_complex,icews14,continuous_tcomplex,0.3,score_function,label_softmax_rolling-minus-label_margin_rolling,label_coverage,21,59,0.07853145404,label_count
icews14_continuous_complex,icews14,continuous_tcomplex,0.3,score_function,label_softmax_rolling-minus-label_margin_rolling,label_coverage,21,71,0.06935951912,label_count
icews14_continuous_complex,icews14,continuous_tcomplex,0.3,score_function,label_softmax_rolling-minus-label_margin_rolling,mean_set_size,3,17,2068.994053,query_count
icews14_continuous_complex,icews14,continuous_tcomplex,0.3,score_function,label_softmax_rolling-minus-label_margin_rolling,mean_set_size,3,29,2109.410022,query_count
icews14_continuous_complex,icews14,continuous_tcomplex,0.3,score_function,label_softmax_rolling-minus-label_margin_rolling,mean_set_size,3,43,1806.530621,query_count
icews14_continuous_complex,icews14,continuous_tcomplex,0.3,score_function,label_softmax_rolling-minus-label_margin_rolling,mean_set_size,3,59,2334.222118,query_count
icews14_continuous_complex,icews14,continuous_tcomplex,0.3,score_function,label_softmax_rolling-minus-label_margin_rolling,mean_set_size,3,71,2083.483689,query_count
icews14_continuous_complex,icews14,continuous_tcomplex,0.3,score_function,label_softmax_rolling-minus-label_margin_rolling,mean_set_size,7,17,2068.994053,query_count
icews14_continuous_complex,icews14,continuous_tcomplex,0.3,score_function,label_softmax_rolling-minus-label_margin_rolling,mean_set_size,7,29,2109.410022,query_count
icews14_continuous_complex,icews14,continuous_tcomplex,0.3,score_function,label_softmax_rolling-minus-label_margin_rolling,mean_set_size,7,43,1806.530621,query_count
icews14_continuous_complex,icews14,continuous_tcomplex,0.3,score_function,label_softmax_rolling-minus-label_margin_rolling,mean_set_size,7,59,2334.222118,query_count
icews14_continuous_complex,icews14,continuous_tcomplex,0.3,score_function,label_softmax_rolling-minus-label_margin_rolling,mean_set_size,7,71,2083.483689,query_count
icews14_continuous_complex,icews14,continuous_tcomplex,0.3,score_function,label_softmax_rolling-minus-label_margin_rolling,mean_set_size,14,17,2068.994053,query_count
icews14_continuous_complex,icews14,continuous_tcomplex,0.3,score_function,label_softmax_rolling-minus-label_margin_rolling,mean_set_size,14,29,2109.410022,query_count
icews14_continuous_complex,icews14,continuous_tcomplex,0.3,score_function,label_softmax_rolling-minus-label_margin_rolling,mean_set_size,14,43,1806.530621,query_count
icews14_continuous_complex,icews14,continuous_tcomplex,0.3,score_function,label_softmax_rolling-minus-label_margin_rolling,mean_set_size,14,59,2334.222118,query_count
icews14_continuous_complex,icews14,continuous_tcomplex,0.3,score_function,label_softmax_rolling-minus-label_margin_rolling,mean_set_size,14,71,2083.483689,query_count
icews14_continuous_complex,icews14,continuous_tcomplex,0.3,score_function,label_softmax_rolling-minus-label_margin_rolling,mean_set_size,21,17,2068.994053,query_count
icews14_continuous_complex,icews14,continuous_tcomplex,0.3,score_function,label_softmax_rolling-minus-label_margin_rolling,mean_set_size,21,29,2109.410022,query_count
icews14_continuous_complex,icews14,continuous_tcomplex,0.3,score_function,label_softmax_rolling-minus-label_margin_rolling,mean_set_size,21,43,1806.530621,query_count
icews14_continuous_complex,icews14,continuous_tcomplex,0.3,score_function,label_softmax_rolling-minus-label_margin_rolling,mean_set_size,21,59,2334.222118,query_count
icews14_continuous_complex,icews14,continuous_tcomplex,0.3,score_function,label_softmax_rolling-minus-label_margin_rolling,mean_set_size,21,71,2083.483689,query_count
icews14_distmult,icews14,temporal_distmult,0.3,score_function,label_minmax_rolling-minus-label_margin_rolling,label_coverage,3,17,0.00038864131,label_count
icews14_distmult,icews14,temporal_distmult,0.3,score_function,label_minmax_rolling-minus-label_margin_rolling,label_coverage,3,29,3.866047635e-18,label_count
icews14_distmult,icews14,temporal_distmult,0.3,score_function,label_minmax_rolling-minus-label_margin_rolling,label_coverage,3,43,0.0003368224686,label_count
icews14_distmult,icews14,temporal_distmult,0.3,score_function,label_minmax_rolling-minus-label_margin_rolling,label_coverage,3,59,-0.000155456524,label_count
icews14_distmult,icews14,temporal_distmult,0.3,score_function,label_minmax_rolling-minus-label_margin_rolling,label_coverage,3,71,-0.0001295471033,label_count
icews14_distmult,icews14,temporal_distmult,0.3,score_function,label_minmax_rolling-minus-label_margin_rolling,label_coverage,7,17,0.00038864131,label_count
icews14_distmult,icews14,temporal_distmult,0.3,score_function,label_minmax_rolling-minus-label_margin_rolling,label_coverage,7,29,3.866047635e-18,label_count
icews14_distmult,icews14,temporal_distmult,0.3,score_function,label_minmax_rolling-minus-label_margin_rolling,label_coverage,7,43,0.0003368224686,label_count
icews14_distmult,icews14,temporal_distmult,0.3,score_function,label_minmax_rolling-minus-label_margin_rolling,label_coverage,7,59,-0.000155456524,label_count
icews14_distmult,icews14,temporal_distmult,0.3,score_function,label_minmax_rolling-minus-label_margin_rolling,label_coverage,7,71,-0.0001295471033,label_count
icews14_distmult,icews14,temporal_distmult,0.3,score_function,label_minmax_rolling-minus-label_margin_rolling,label_coverage,14,17,0.00038864131,label_count
icews14_distmult,icews14,temporal_distmult,0.3,score_function,label_minmax_rolling-minus-label_margin_rolling,label_coverage,14,29,3.866047635e-18,label_count
icews14_distmult,icews14,temporal_distmult,0.3,score_function,label_minmax_rolling-minus-label_margin_rolling,label_coverage,14,43,0.0003368224686,label_count
icews14_distmult,icews14,temporal_distmult,0.3,score_function,label_minmax_rolling-minus-label_margin_rolling,label_coverage,14,59,-0.000155456524,label_count
icews14_distmult,icews14,temporal_distmult,0.3,score_function,label_minmax_rolling-minus-label_margin_rolling,label_coverage,14,71,-0.0001295471033,label_count
icews14_distmult,icews14,temporal_distmult,0.3,score_function,label_minmax_rolling-minus-label_margin_rolling,label_coverage,21,17,0.00038864131,label_count
icews14_distmult,icews14,temporal_distmult,0.3,score_function,label_minmax_rolling-minus-label_margin_rolling,label_coverage,21,29,3.866047635e-18,label_count
icews14_distmult,icews14,temporal_distmult,0.3,score_function,label_minmax_rolling-minus-label_margin_rolling,label_coverage,21,43,0.0003368224686,label_count
icews14_distmult,icews14,temporal_distmult,0.3,score_function,label_minmax_rolling-minus-label_margin_rolling,label_coverage,21,59,-0.000155456524,label_count
icews14_distmult,icews14,temporal_distmult,0.3,score_function,label_minmax_rolling-minus-label_margin_rolling,label_coverage,21,71,-0.0001295471033,label_count
icews14_distmult,icews14,temporal_distmult,0.3,score_function,label_minmax_rolling-minus-label_margin_rolling,mean_set_size,3,17,-1770.15961,query_count
icews14_distmult,icews14,temporal_distmult,0.3,score_function,label_minmax_rolling-minus-label_margin_rolling,mean_set_size,3,29,-1496.801731,query_count
icews14_distmult,icews14,temporal_distmult,0.3,score_function,label_minmax_rolling-minus-label_margin_rolling,mean_set_size,3,43,-1940.175421,query_count
icews14_distmult,icews14,temporal_distmult,0.3,score_function,label_minmax_rolling-minus-label_margin_rolling,mean_set_size,3,59,-1779.188729,query_count
icews14_distmult,icews14,temporal_distmult,0.3,score_function,label_minmax_rolling-minus-label_margin_rolling,mean_set_size,3,71,-1877.115829,query_count
icews14_distmult,icews14,temporal_distmult,0.3,score_function,label_minmax_rolling-minus-label_margin_rolling,mean_set_size,7,17,-1770.15961,query_count
icews14_distmult,icews14,temporal_distmult,0.3,score_function,label_minmax_rolling-minus-label_margin_rolling,mean_set_size,7,29,-1496.801731,query_count
icews14_distmult,icews14,temporal_distmult,0.3,score_function,label_minmax_rolling-minus-label_margin_rolling,mean_set_size,7,43,-1940.175421,query_count
icews14_distmult,icews14,temporal_distmult,0.3,score_function,label_minmax_rolling-minus-label_margin_rolling,mean_set_size,7,59,-1779.188729,query_count
icews14_distmult,icews14,temporal_distmult,0.3,score_function,label_minmax_rolling-minus-label_margin_rolling,mean_set_size,7,71,-1877.115829,query_count
icews14_distmult,icews14,temporal_distmult,0.3,score_function,label_minmax_rolling-minus-label_margin_rolling,mean_set_size,14,17,-1770.15961,query_count
icews14_distmult,icews14,temporal_distmult,0.3,score_function,label_minmax_rolling-minus-label_margin_rolling,mean_set_size,14,29,-1496.801731,query_count
icews14_distmult,icews14,temporal_distmult,0.3,score_function,label_minmax_rolling-minus-label_margin_rolling,mean_set_size,14,43,-1940.175421,query_count
icews14_distmult,icews14,temporal_distmult,0.3,score_function,label_minmax_rolling-minus-label_margin_rolling,mean_set_size,14,59,-1779.188729,query_count
icews14_distmult,icews14,temporal_distmult,0.3,score_function,label_minmax_rolling-minus-label_margin_rolling,mean_set_size,14,71,-1877.115829,query_count
icews14_distmult,icews14,temporal_distmult,0.3,score_function,label_minmax_rolling-minus-label_margin_rolling,mean_set_size,21,17,-1770.15961,query_count
icews14_distmult,icews14,temporal_distmult,0.3,score_function,label_minmax_rolling-minus-label_margin_rolling,mean_set_size,21,29,-1496.801731,query_count
icews14_distmult,icews14,temporal_distmult,0.3,score_function,label_minmax_rolling-minus-label_margin_rolling,mean_set_size,21,43,-1940.175421,query_count
icews14_distmult,icews14,temporal_distmult,0.3,score_function,label_minmax_rolling-minus-label_margin_rolling,mean_set_size,21,59,-1779.188729,query_count
icews14_distmult,icews14,temporal_distmult,0.3,score_function,label_minmax_rolling-minus-label_margin_rolling,mean_set_size,21,71,-1877.115829,query_count
icews14_distmult,icews14,temporal_distmult,0.3,score_function,label_negscore_rolling-minus-label_margin_rolling,label_coverage,3,17,-0.0002590942067,label_count
icews14_distmult,icews14,temporal_distmult,0.3,score_function,label_negscore_rolling-minus-label_margin_rolling,label_coverage,3,29,0.0002590942067,label_count
icews14_distmult,icews14,temporal_distmult,0.3,score_function,label_negscore_rolling-minus-label_margin_rolling,label_coverage,3,43,0.000310913048,label_count
icews14_distmult,icews14,temporal_distmult,0.3,score_function,label_negscore_rolling-minus-label_margin_rolling,label_coverage,3,59,-0.001450927557,label_count
icews14_distmult,icews14,temporal_distmult,0.3,score_function,label_negscore_rolling-minus-label_margin_rolling,label_coverage,3,71,-5.181884133e-05,label_count
icews14_distmult,icews14,temporal_distmult,0.3,score_function,label_negscore_rolling-minus-label_margin_rolling,label_coverage,7,17,-0.0002590942067,label_count
icews14_distmult,icews14,temporal_distmult,0.3,score_function,label_negscore_rolling-minus-label_margin_rolling,label_coverage,7,29,0.0002590942067,label_count
icews14_distmult,icews14,temporal_distmult,0.3,score_function,label_negscore_rolling-minus-label_margin_rolling,label_coverage,7,43,0.000310913048,label_count
icews14_distmult,icews14,temporal_distmult,0.3,score_function,label_negscore_rolling-minus-label_margin_rolling,label_coverage,7,59,-0.001450927557,label_count
icews14_distmult,icews14,temporal_distmult,0.3,score_function,label_negscore_rolling-minus-label_margin_rolling,label_coverage,7,71,-5.181884133e-05,label_count
icews14_distmult,icews14,temporal_distmult,0.3,score_function,label_negscore_rolling-minus-label_margin_rolling,label_coverage,14,17,-0.0002590942067,label_count
icews14_distmult,icews14,temporal_distmult,0.3,score_function,label_negscore_rolling-minus-label_margin_rolling,label_coverage,14,29,0.0002590942067,label_count
icews14_distmult,icews14,temporal_distmult,0.3,score_function,label_negscore_rolling-minus-label_margin_rolling,label_coverage,14,43,0.000310913048,label_count
icews14_distmult,icews14,temporal_distmult,0.3,score_function,label_negscore_rolling-minus-label_margin_rolling,label_coverage,14,59,-0.001450927557,label_count
icews14_distmult,icews14,temporal_distmult,0.3,score_function,label_negscore_rolling-minus-label_margin_rolling,label_coverage,14,71,-5.181884133e-05,label_count
icews14_distmult,icews14,temporal_distmult,0.3,score_function,label_negscore_rolling-minus-label_margin_rolling,label_coverage,21,17,-0.0002590942067,label_count
icews14_distmult,icews14,temporal_distmult,0.3,score_function,label_negscore_rolling-minus-label_margin_rolling,label_coverage,21,29,0.0002590942067,label_count
icews14_distmult,icews14,temporal_distmult,0.3,score_function,label_negscore_rolling-minus-label_margin_rolling,label_coverage,21,43,0.000310913048,label_count
icews14_distmult,icews14,temporal_distmult,0.3,score_function,label_negscore_rolling-minus-label_margin_rolling,label_coverage,21,59,-0.001450927557,label_count
icews14_distmult,icews14,temporal_distmult,0.3,score_function,label_negscore_rolling-minus-label_margin_rolling,label_coverage,21,71,-5.181884133e-05,label_count
icews14_distmult,icews14,temporal_distmult,0.3,score_function,label_negscore_rolling-minus-label_margin_rolling,mean_set_size,3,17,-998.7927217,query_count
icews14_distmult,icews14,temporal_distmult,0.3,score_function,label_negscore_rolling-minus-label_margin_rolling,mean_set_size,3,29,-699.3821105,query_count
icews14_distmult,icews14,temporal_distmult,0.3,score_function,label_negscore_rolling-minus-label_margin_rolling,mean_set_size,3,43,-1108.550701,query_count
icews14_distmult,icews14,temporal_distmult,0.3,score_function,label_negscore_rolling-minus-label_margin_rolling,mean_set_size,3,59,-1092.611471,query_count
icews14_distmult,icews14,temporal_distmult,0.3,score_function,label_negscore_rolling-minus-label_margin_rolling,mean_set_size,3,71,-1179.121658,query_count
icews14_distmult,icews14,temporal_distmult,0.3,score_function,label_negscore_rolling-minus-label_margin_rolling,mean_set_size,7,17,-998.7927217,query_count
icews14_distmult,icews14,temporal_distmult,0.3,score_function,label_negscore_rolling-minus-label_margin_rolling,mean_set_size,7,29,-699.3821105,query_count
icews14_distmult,icews14,temporal_distmult,0.3,score_function,label_negscore_rolling-minus-label_margin_rolling,mean_set_size,7,43,-1108.550701,query_count
icews14_distmult,icews14,temporal_distmult,0.3,score_function,label_negscore_rolling-minus-label_margin_rolling,mean_set_size,7,59,-1092.611471,query_count
icews14_distmult,icews14,temporal_distmult,0.3,score_function,label_negscore_rolling-minus-label_margin_rolling,mean_set_size,7,71,-1179.121658,query_count
icews14_distmult,icews14,temporal_distmult,0.3,score_function,label_negscore_rolling-minus-label_margin_rolling,mean_set_size,14,17,-998.7927217,query_count
icews14_distmult,icews14,temporal_distmult,0.3,score_function,label_negscore_rolling-minus-label_margin_rolling,mean_set_size,14,29,-699.3821105,query_count
icews14_distmult,icews14,temporal_distmult,0.3,score_function,label_negscore_rolling-minus-label_margin_rolling,mean_set_size,14,43,-1108.550701,query_count
icews14_distmult,icews14,temporal_distmult,0.3,score_function,label_negscore_rolling-minus-label_margin_rolling,mean_set_size,14,59,-1092.611471,query_count
icews14_distmult,icews14,temporal_distmult,0.3,score_function,label_negscore_rolling-minus-label_margin_rolling,mean_set_size,14,71,-1179.121658,query_count
icews14_distmult,icews14,temporal_distmult,0.3,score_function,label_negscore_rolling-minus-label_margin_rolling,mean_set_size,21,17,-998.7927217,query_count
icews14_distmult,icews14,temporal_distmult,0.3,score_function,label_negscore_rolling-minus-label_margin_rolling,mean_set_size,21,29,-699.3821105,query_count
icews14_distmult,icews14,temporal_distmult,0.3,score_function,label_negscore_rolling-minus-label_margin_rolling,mean_set_size,21,43,-1108.550701,query_count
icews14_distmult,icews14,temporal_distmult,0.3,score_function,label_negscore_rolling-minus-label_margin_rolling,mean_set_size,21,59,-1092.611471,query_count
icews14_distmult,icews14,temporal_distmult,0.3,score_function,label_negscore_rolling-minus-label_margin_rolling,mean_set_size,21,71,-1179.121658,query_count
icews14_distmult,icews14,temporal_distmult,0.3,score_function,label_softmax_rolling-minus-label_margin_rolling,label_coverage,3,17,0.07985283449,label_count
icews14_distmult,icews14,temporal_distmult,0.3,score_function,label_softmax_rolling-minus-label_margin_rolling,label_coverage,3,29,0.06314125816,label_count
icews14_distmult,icews14,temporal_distmult,0.3,score_function,label_softmax_rolling-minus-label_margin_rolling,label_coverage,3,43,0.05928075448,label_count
icews14_distmult,icews14,temporal_distmult,0.3,score_function,label_softmax_rolling-minus-label_margin_rolling,label_coverage,3,59,0.07301274743,label_count
icews14_distmult,icews14,temporal_distmult,0.3,score_function,label_softmax_rolling-minus-label_margin_rolling,label_coverage,3,71,0.0855010882,label_count
icews14_distmult,icews14,temporal_distmult,0.3,score_function,label_softmax_rolling-minus-label_margin_rolling,label_coverage,7,17,0.07985283449,label_count
icews14_distmult,icews14,temporal_distmult,0.3,score_function,label_softmax_rolling-minus-label_margin_rolling,label_coverage,7,29,0.06314125816,label_count
icews14_distmult,icews14,temporal_distmult,0.3,score_function,label_softmax_rolling-minus-label_margin_rolling,label_coverage,7,43,0.05928075448,label_count
icews14_distmult,icews14,temporal_distmult,0.3,score_function,label_softmax_rolling-minus-label_margin_rolling,label_coverage,7,59,0.07301274743,label_count
icews14_distmult,icews14,temporal_distmult,0.3,score_function,label_softmax_rolling-minus-label_margin_rolling,label_coverage,7,71,0.0855010882,label_count
icews14_distmult,icews14,temporal_distmult,0.3,score_function,label_softmax_rolling-minus-label_margin_rolling,label_coverage,14,17,0.07985283449,label_count
icews14_distmult,icews14,temporal_distmult,0.3,score_function,label_softmax_rolling-minus-label_margin_rolling,label_coverage,14,29,0.06314125816,label_count
icews14_distmult,icews14,temporal_distmult,0.3,score_function,label_softmax_rolling-minus-label_margin_rolling,label_coverage,14,43,0.05928075448,label_count
icews14_distmult,icews14,temporal_distmult,0.3,score_function,label_softmax_rolling-minus-label_margin_rolling,label_coverage,14,59,0.07301274743,label_count
icews14_distmult,icews14,temporal_distmult,0.3,score_function,label_softmax_rolling-minus-label_margin_rolling,label_coverage,14,71,0.0855010882,label_count
icews14_distmult,icews14,temporal_distmult,0.3,score_function,label_softmax_rolling-minus-label_margin_rolling,label_coverage,21,17,0.07985283449,label_count
icews14_distmult,icews14,temporal_distmult,0.3,score_function,label_softmax_rolling-minus-label_margin_rolling,label_coverage,21,29,0.06314125816,label_count
icews14_distmult,icews14,temporal_distmult,0.3,score_function,label_softmax_rolling-minus-label_margin_rolling,label_coverage,21,43,0.05928075448,label_count
icews14_distmult,icews14,temporal_distmult,0.3,score_function,label_softmax_rolling-minus-label_margin_rolling,label_coverage,21,59,0.07301274743,label_count
icews14_distmult,icews14,temporal_distmult,0.3,score_function,label_softmax_rolling-minus-label_margin_rolling,label_coverage,21,71,0.0855010882,label_count
icews14_distmult,icews14,temporal_distmult,0.3,score_function,label_softmax_rolling-minus-label_margin_rolling,mean_set_size,3,17,2360.650601,query_count
icews14_distmult,icews14,temporal_distmult,0.3,score_function,label_softmax_rolling-minus-label_margin_rolling,mean_set_size,3,29,1923.788865,query_count
icews14_distmult,icews14,temporal_distmult,0.3,score_function,label_softmax_rolling-minus-label_margin_rolling,mean_set_size,3,43,1766.452891,query_count
icews14_distmult,icews14,temporal_distmult,0.3,score_function,label_softmax_rolling-minus-label_margin_rolling,mean_set_size,3,59,2209.083382,query_count
icews14_distmult,icews14,temporal_distmult,0.3,score_function,label_softmax_rolling-minus-label_margin_rolling,mean_set_size,3,71,2534.093894,query_count
icews14_distmult,icews14,temporal_distmult,0.3,score_function,label_softmax_rolling-minus-label_margin_rolling,mean_set_size,7,17,2360.650601,query_count
icews14_distmult,icews14,temporal_distmult,0.3,score_function,label_softmax_rolling-minus-label_margin_rolling,mean_set_size,7,29,1923.788865,query_count
icews14_distmult,icews14,temporal_distmult,0.3,score_function,label_softmax_rolling-minus-label_margin_rolling,mean_set_size,7,43,1766.452891,query_count
icews14_distmult,icews14,temporal_distmult,0.3,score_function,label_softmax_rolling-minus-label_margin_rolling,mean_set_size,7,59,2209.083382,query_count
icews14_distmult,icews14,temporal_distmult,0.3,score_function,label_softmax_rolling-minus-label_margin_rolling,mean_set_size,7,71,2534.093894,query_count
icews14_distmult,icews14,temporal_distmult,0.3,score_function,label_softmax_rolling-minus-label_margin_rolling,mean_set_size,14,17,2360.650601,query_count
icews14_distmult,icews14,temporal_distmult,0.3,score_function,label_softmax_rolling-minus-label_margin_rolling,mean_set_size,14,29,1923.788865,query_count
icews14_distmult,icews14,temporal_distmult,0.3,score_function,label_softmax_rolling-minus-label_margin_rolling,mean_set_size,14,43,1766.452891,query_count
icews14_distmult,icews14,temporal_distmult,0.3,score_function,label_softmax_rolling-minus-label_margin_rolling,mean_set_size,14,59,2209.083382,query_count
icews14_distmult,icews14,temporal_distmult,0.3,score_function,label_softmax_rolling-minus-label_margin_rolling,mean_set_size,14,71,2534.093894,query_count
icews14_distmult,icews14,temporal_distmult,0.3,score_function,label_softmax_rolling-minus-label_margin_rolling,mean_set_size,21,17,2360.650601,query_count
icews14_distmult,icews14,temporal_distmult,0.3,score_function,label_softmax_rolling-minus-label_margin_rolling,mean_set_size,21,29,1923.788865,query_count
icews14_distmult,icews14,temporal_distmult,0.3,score_function,label_softmax_rolling-minus-label_margin_rolling,mean_set_size,21,43,1766.452891,query_count
icews14_distmult,icews14,temporal_distmult,0.3,score_function,label_softmax_rolling-minus-label_margin_rolling,mean_set_size,21,59,2209.083382,query_count
icews14_distmult,icews14,temporal_distmult,0.3,score_function,label_softmax_rolling-minus-label_margin_rolling,mean_set_size,21,71,2534.093894,query_count
